Version 165 32
{
	Locked False
	Skinned False
	BoneCount 0
	Mask 255
	Bounds
	{
		Aabb
		{
			Min -140.52980000 -147.03860000 -5.28418000
			Max 105.87600000 147.03860000 6.37451100
		}
		Aabb
		{
			Min -98.20362000 -16.38770000 -5.28418000
			Max 65.37793000 74.85254000 6.37451100
		}
		Aabb
		{
			Min -140.52980000 -147.03860000 -4.99853500
			Max 105.87600000 147.03860000 6.37451100
		}
	}
	Geometries
	{
		Geometry
		{
			ShaderIndex 0
			Flags -
			VertexDeclaration N209731BE
			Indices 1620
			{
				0 1458 43 44 250 1325 454 659 634 656 892 455 1096 1448 1228
				1240 1295 1097 1315 1336 1356 1357 1377 1316 1395 1417 1437 1438 1459 1396
				1479 1500 1519 1520 1540 1480 1560 1581 1601 1602 4 1561 22 45 65
				66 86 23 106 128 147 148 167 107 187 208 229 230 251 188
				270 291 310 311 331 271 352 373 392 393 413 353 431 456 476
				477 497 433 516 537 558 559 578 517 598 619 638 639 660 599
				681 112 832 844 1043 682 1232 1443 13 35 235 1243 434 668 707
				708 728 446 749 770 790 791 811 750 829 851 870 872 893 830
				913 934 952 953 974 914 993 1015 1035 1036 1055 995 1075 1098 1118
				1119 1139 1076 1159 1181 1200 1201 1220 1160 1230 1238 1259 1260 1571 1231
				1326 1535 114 126 322 1338 519 910 748 761 958 531 1155 1253 1266
				1278 1280 1167 1281 1283 1284 1285 1286 1282 1290 1292 1293 1294 1296 1291
				1297 1300 1302 1303 1304 1298 1305 1307 1308 1309 1311 1306 1312 1317 1318
				1319 1320 1314 1322 1324 1327 1328 1329 1323 1330 1333 1334 1335 1337 1331
				1339 1341 1342 1344 1345 1340 1346 1348 1349 1351 1352 1347 1353 1358 1359
				1360 1361 1355 1363 1366 1367 1368 1369 1364 1370 1372 1373 1375 1378 1371
				1379 1381 1382 1383 1384 1380 1385 1389 1390 1391 1392 1388 1393 1397 1401
				1402 1403 1394 1404 1406 1407 1408 1409 1405 1411 1414 1415 1416 1418 1413
				1419 1422 1423 1425 1426 1420 1427 1429 1430 1431 1433 1428 1434 1439 1440
				1441 1442 1435 1444 1446 1447 1450 1451 1445 1452 1455 1456 1457 1460 1453
				1462 1464 1466 1467 1468 1463 1469 1471 1472 1474 1475 1470 1477 1481 1482
				1483 1484 1478 1486 1489 1490 1491 1492 1488 1493 1495 1496 1499 1501 1494
				1502 1504 1505 1506 1507 1503 1508 1513 1514 1515 1516 1512 1517 1522 1524
				1525 1526 1518 1527 1529 1530 1531 1533 1528 1534 1537 1538 1539 1541 1536
				1542 1545 1546 1548 1549 1544 1550 1552 1553 1555 1556 1551 1557 1562 1563
				1564 1566 1558 1567 1569 1570 1573 1574 1568 1575 1578 1579 1580 1582 1577
				1583 1586 1588 1589 1590 1585 1591 1593 1594 1595 1597 1592 1599 1603 1604
				1605 1606 1600 1607 1611 1612 1613 1614 1610 1615 1617 1618 1619 5 1616
				6 8 9 10 11 7 12 16 17 18 19 14 20 25 26
				28 29 21 30 32 33 34 36 31 37 40 41 42 47 38
				48 50 52 53 54 49 55 58 59 60 61 56 62 67 69
				70 71 64 72 74 77 78 80 73 81 83 84 85 87 82
				89 92 93 94 95 91 96 98 99 102 103 97 104 108 109
				110 111 105 115 117 118 119 120 116 121 123 125 127 129 122
				130 132 133 134 136 131 137 140 141 142 143 139 144 149 151
				152 153 145 154 156 158 159 160 155 161 164 165 166 169 163
				170 172 173 175 176 171 177 180 181 182 183 178 184 189 191
				192 193 185 194 196 197 200 202 195 203 205 206 207 209 204
				210 214 215 216 217 213 218 220 221 222 226 219 227 231 232
				233 234 228 236 239 240 241 242 238 243 245 247 248 252 244
				253 255 256 258 259 254 260 263 264 265 266 262 267 272 274
				275 276 269 277 280 281 282 283 278 284 287 288 289 292 286
				293 295 296 298 299 294 300 303 304 305 306 302 307 313 314
				315 316 308 317 319 320 324 325 318 326 328 329 330 332 327
				333 338 339 340 341 337 342 344 345 347 349 343 350 354 355
				356 358 351 359 362 363 364 365 361 366 369 370 371 374 367
				375 377 378 380 381 376 382 385 386 387 388 383 389 394 395
				397 398 391 399 402 403 404 405 400 406 409 410 411 414 407
				415 417 418 419 421 416 422 425 426 427 428 424 429 435 436
				437 438 430 439 441 442 443 448 440 449 451 452 453 458 450
				460 462 463 464 465 461 466 469 470 472 473 467 474 478 480
				481 482 475 484 486 487 488 489 485 491 493 494 496 498 492
				499 502 503 504 505 500 506 509 510 511 513 508 514 518 520
				521 522 515 524 526 527 528 529 525 530 533 535 536 538 532
				539 541 542 544 546 540 547 549 550 551 552 548 553 560 561
				562 563 554 564 566 567 571 572 565 573 575 576 577 580 574
				581 584 585 586 587 583 588 591 592 593 595 589 596 600 602
				603 604 597 605 608 609 610 611 607 613 615 616 617 620 614
				621 624 625 626 627 622 628 631 632 633 635 629 636 640 641
				643 644 637 646 648 649 650 651 647 652 655 657 658 661 653
				662 664 665 669 670 663 671 673 674 675 676 672 677 683 684
				685 686 678 687 689 691 954 1065 688 1176 1398 1509 1 223 1287
				334 667 699 710 721 556 733 755 766 777 799 744 810 855 866
				877 888 821 899 932 943 955 966 921 977 999 1010 1021 1054 988
				1066 1088 1099 1110 1121 1077 1132 1165 1177 1188 1199 1143 1210 1254 1265
				1288 1299 1221 1310 1332 1343 1354 1365 1321 1376 1410 1421 1432 1454 1387
				1465 1487 1498 1510 1532 1476 1543 1565 1576 1587 1598 1554 1609 46 57
				68 79 2 90 113 124 135 168 101 179 201 212 224 246 190
				257 290 301 312 323 268 335 357 368 379 390 346 412 457 468
				479 490 423 501 534 545 557 568 512 579 601 612 623 679 590
				690 693 694 695 696 692 697 701 702 703 704 700 705 709 712
				713 714 706 715 717 718 719 720 716 722 725 726 727 729 724
				730 734 735 737 738 731 739 741 742 743 745 740 746 751 752
				753 754 747 756 758 759 762 763 757 764 767 768 769 771 765
				772 775 776 778 779 774 780 782 783 784 786 781 787 792 793
				794 795 789 796 800 801 802 803 798 804 806 807 808 812 805
				813 815 816 817 818 814 819 823 824 825 826 820 827 831 833
				835 836 828 837 839 840 841 842 838 845 848 849 850 852 846
				853 856 857 858 860 854 861 863 864 865 867 862 868 873 874
				875 876 869 878 880 881 882 885 879 886 889 890 891 894 887
				895 898 900 901 902 897 903 905 906 907 909 904 911 915 916
				917 918 912 919 923 924 925 926 922 927 929 930 931 935 928
				936 938 939 940 941 937 942 946 947 948 949 944 950 956 957
				959 960 951 961 963 964 965 967 962 968 971 972 973 975 969
				976 979 980 981 983 978 984 986 987 989 990 985 991 996 997
				998 1000 992 1001 1003 1004 1005 1008 1002 1009 1012 1013 1014 1016 1011
				1017 1020 1022 1023 1024 1018 1025 1027 1028 1029 1030 1026 1033 1037 1038
				1039 1040 1034 1041 1045 1046 1047 1048 1042 1049 1051 1052 1053 1057 1050
				1058 1060 1061 1062 1063 1059 1064 1068 1070 1071 1072 1067 1073 1078 1079
				1080 1082 1074 1083 1085 1086 1087 1089 1084 1090 1092 1094 1095 1100 1091
				1101 1103 1104 1106 1107 1102 1108 1111 1112 1113 1114 1109 1115 1120 1122
				1123 1124 1116 1125 1127 1128 1131 1133 1126 1134 1136 1137 1138 1140 1135
				1141 1145 1146 1147 1148 1144 1149 1151 1152 1153 1156 1150 1157 1161 1162
				1163 1164 1158 1166 1169 1170 1171 1172 1168 1173 1175 1178 1179 1182 1174
				1183 1185 1186 1187 1189 1184 1190 1193 1194 1195 1196 1191 1197 1202 1203
				1205 1206 1198 1207 1209 1211 1212 1213 1208 1214 1217 1218 1219 1222 1215
				1223 1225 1226 1227 1229 1224 1233 1235 1236 1237 1239 1234 1241 1244 1245
				1246 1247 1242 1248 1250 1251 1255 1256 1249 1257 1261 1262 1263 1264 1258
				1267 1269 1270 1271 1272 1268 1273 1275 1277 1279 75 1274 198 444 569
				732 146 321 760 1006 1129 1252 1289 883 1301 1350 1362 1374 1386 1313
				1400 1424 1436 1449 1461 1412 1473 1497 1511 1523 1547 1485 1559 1584 1596
				1608 3 1572 15 39 51 63 76 27 88 138 150 162 174 100
				186 211 225 237 249 199 261 285 297 309 336 273 348 372 384
				396 408 360 420 447 459 471 483 432 495 543 555 570 582 507
				594 618 630 642 654 606 666 843 445 788 1032 680 1154 1399 1521
				24 157 1276 279 523 645 698 711 401 723 773 785 797 809 736
				822 847 859 871 884 834 896 920 933 945 970 908 982 1007 1019
				1031 1044 994 1056 1081 1093 1105 1117 1069 1130 1180 1192 1204 1216 1142
			}
			Vertices 1620
			{
				-17.08398000 38.26807000 0.27392580 / 0.00000000 1.00000000 0.00000000 / 182 0 171 255 / 0.87222290 0.09771730
				-16.88379000 -16.23193000 6.37451100 / 0.00000000 -1.00000000 0.00000000 / 200 0 188 255 / 0.95149230 0.00839230
				-41.50684000 30.70068000 5.17236300 / -1.00000000 0.00000000 0.00000000 / 235 0 221 255 / 0.97998060 0.09771730
				-86.71094000 56.19043000 -0.02880860 / 1.00000000 0.00000000 0.00000000 / 169 0 160 255 / 0.03160090 0.00363160
				-7.41894500 38.26807000 0.27392580 / 0.00000000 1.00000000 0.00000000 / 200 0 188 255 / 0.88890070 0.09771730
				-0.95312500 5.36523400 -3.42089900 / -1.00000000 0.00000000 0.00000000 / 61 0 60 255 / 0.97998060 0.00839230
				-0.95312500 0.62158200 -4.62353500 / -1.00000000 0.00000000 0.00000000 / 60 0 59 255 / 0.97998060 0.09771730
				-0.95312500 0.62158200 -4.62353500 / -1.00000000 0.00000000 0.00000000 / 60 0 59 255 / 0.97998060 0.09771730
				-0.95312500 0.42089840 -4.62353500 / -1.00000000 0.00000000 0.00000000 / 60 0 59 255 / 0.99665830 0.09771730
				-0.95312500 0.42089840 -3.42089900 / -1.00000000 0.00000000 0.00000000 / 60 0 59 255 / 0.99665830 0.00839230
				-0.95312500 0.42089840 -3.42089900 / -1.00000000 0.00000000 0.00000000 / 60 0 59 255 / 0.99665830 0.00839230
				-0.95312500 0.62158200 -3.42089900 / -1.00000000 0.00000000 0.00000000 / 60 0 59 255 / 0.97998060 0.00839230
				-0.95312500 8.36669900 -4.62353500 / -1.00000000 0.00000000 0.00000000 / 58 0 58 255 / 0.97998060 0.09771730
				-3.65966800 38.26807000 -3.41894500 / 0.00000000 1.00000000 0.00000000 / 195 0 183 255 / 0.99665830 0.00839230
				-0.95312500 8.36669900 -4.62353500 / -1.00000000 0.00000000 0.00000000 / 58 0 58 255 / 0.97998060 0.09771730
				-94.12451000 68.17237000 -1.29687500 / 0.00000000 1.00000000 0.00000000 / 166 0 157 255 / 0.03160090 0.14163210
				-0.95312500 8.16601600 -4.62353500 / -1.00000000 0.00000000 0.00000000 / 58 0 58 255 / 0.99665830 0.09771730
				-0.95312500 8.16601600 -3.42089900 / -1.00000000 0.00000000 0.00000000 / 58 0 58 255 / 0.99665830 0.00839230
				-0.95312500 8.16601600 -3.42089900 / -1.00000000 0.00000000 0.00000000 / 58 0 58 255 / 0.99665830 0.00839230
				-0.95312500 8.36669900 -3.42089900 / -1.00000000 0.00000000 0.00000000 / 58 0 57 255 / 0.97998060 0.00839230
				-0.95312500 -8.48876900 -4.62353500 / -1.00000000 0.00000000 0.00000000 / 53 0 53 255 / 0.97998060 0.09771730
				-0.95312500 -8.48876900 -4.62353500 / -1.00000000 0.00000000 0.00000000 / 53 0 53 255 / 0.97998060 0.09771730
				-8.60400400 38.26807000 0.27392580 / 0.00000000 1.00000000 0.00000000 / 187 0 176 255 / 0.87222290 0.09771730
				-8.60400400 38.26807000 0.27392580 / 0.00000000 1.00000000 0.00000000 / 187 0 176 255 / 0.87222290 0.09771730
				-98.18408000 50.86279000 -1.29687500 / -1.00000000 0.00000000 0.00000000 / 166 0 157 255 / 0.03646850 0.16400150
				-0.95312500 -8.68896500 -4.62353500 / -1.00000000 0.00000000 0.00000000 / 53 0 53 255 / 0.99665830 0.09771730
				-0.95312500 -8.68896500 -3.42089900 / -1.00000000 0.00000000 0.00000000 / 53 0 53 255 / 0.99665830 0.00839230
				-94.12451000 68.17237000 -1.29687500 / 0.00000000 1.00000000 0.00000000 / 166 0 157 255 / 0.03160090 0.14163210
				-0.95312500 -8.68896500 -3.42089900 / -1.00000000 0.00000000 0.00000000 / 53 0 53 255 / 0.99665830 0.00839230
				-0.95312500 -8.48876900 -3.42089900 / -1.00000000 0.00000000 0.00000000 / 53 0 53 255 / 0.97998060 0.00839230
				-0.95312500 -0.74365240 -4.62353500 / -1.00000000 0.00000000 0.00000000 / 59 0 58 255 / 0.97998060 0.09771730
				-0.95312500 -0.74365240 -4.62353500 / -1.00000000 0.00000000 0.00000000 / 59 0 58 255 / 0.97998060 0.09771730
				-0.95312500 -0.94384770 -4.62353500 / -1.00000000 0.00000000 0.00000000 / 59 0 58 255 / 0.99665830 0.09771730
				-0.95312500 -0.94384770 -3.42089900 / -1.00000000 0.00000000 0.00000000 / 59 0 58 255 / 0.99665830 0.00839230
				-0.95312500 -0.94384770 -3.42089900 / -1.00000000 0.00000000 0.00000000 / 59 0 58 255 / 0.99665830 0.00839230
				-3.65966800 38.26807000 -3.41894500 / 0.00000000 1.00000000 0.00000000 / 195 0 183 255 / 0.99665830 0.00839230
				-0.95312500 -0.74365240 -3.42089900 / -1.00000000 0.00000000 0.00000000 / 59 0 58 255 / 0.97998060 0.00839230
				-20.84326000 -9.31494200 0.27148440 / 0.00000000 1.00000000 0.00000000 / 175 0 165 255 / 0.87222290 0.09771730
				-20.84326000 -9.31494200 0.27148440 / 0.00000000 1.00000000 0.00000000 / 175 0 165 255 / 0.87222290 0.09771730
				-94.12451000 68.17237000 -0.02880860 / 0.00000000 1.00000000 0.00000000 / 166 0 157 255 / 0.03160090 0.00363160
				-20.84326000 -9.31494200 1.47363300 / 0.00000000 1.00000000 0.00000000 / 175 0 165 255 / 0.87222290 0.00839230
				-20.64307000 -9.31494200 1.47363300 / 0.00000000 1.00000000 0.00000000 / 175 0 165 255 / 0.88890070 0.00839230
				-20.64307000 -9.31494200 1.47363300 / 0.00000000 1.00000000 0.00000000 / 175 0 165 255 / 0.88890070 0.00839230
				-16.88379000 38.26807000 1.47607400 / 0.00000000 1.00000000 0.00000000 / 182 0 171 255 / 0.88890070 0.00839230
				-16.88379000 38.26807000 1.47607400 / 0.00000000 1.00000000 0.00000000 / 182 0 171 255 / 0.88890070 0.00839230
				-8.60351600 38.26807000 1.47607400 / 0.00000000 1.00000000 0.00000000 / 187 0 176 255 / 0.87222290 0.00839230
				-41.50635000 30.50000000 5.17236300 / -1.00000000 0.00000000 0.00000000 / 236 0 221 255 / 0.99665830 0.09771730
				-20.64307000 -9.31494200 0.27148440 / 0.00000000 1.00000000 0.00000000 / 176 0 166 255 / 0.88890070 0.09771730
				-21.82764000 -9.31494200 0.27148440 / 0.00000000 1.00000000 0.00000000 / 140 0 133 255 / 0.87222290 0.09771730
				-21.82764000 -9.31494200 0.27148440 / 0.00000000 1.00000000 0.00000000 / 140 0 133 255 / 0.87222290 0.09771730
				-21.82764000 -9.31494200 1.47363300 / 0.00000000 1.00000000 0.00000000 / 140 0 133 255 / 0.87222290 0.00839230
				-92.62353000 68.17237000 -0.02880860 / 0.00000000 1.00000000 0.00000000 / 166 0 157 255 / 0.08432010 0.00363160
				-21.62744000 -9.31494200 1.47363300 / 0.00000000 1.00000000 0.00000000 / 140 0 133 255 / 0.88890070 0.00839230
				-21.62744000 -9.31494200 1.47363300 / 0.00000000 1.00000000 0.00000000 / 140 0 133 255 / 0.88890070 0.00839230
				-21.62744000 -9.31494200 0.27148440 / 0.00000000 1.00000000 0.00000000 / 140 0 133 255 / 0.88890070 0.09771730
				-17.08398000 -9.31494200 0.27148440 / 0.00000000 1.00000000 0.00000000 / 176 0 166 255 / 0.87222290 0.09771730
				-17.08398000 -9.31494200 0.27148440 / 0.00000000 1.00000000 0.00000000 / 176 0 166 255 / 0.87222290 0.09771730
				-41.50684000 30.50000000 6.37451100 / -1.00000000 0.00000000 0.00000000 / 235 0 221 255 / 0.99665830 0.00839230
				-17.08398000 -9.31494200 1.47363300 / 0.00000000 1.00000000 0.00000000 / 176 0 167 255 / 0.87222290 0.00839230
				-16.88379000 -9.31494200 1.47363300 / 0.00000000 1.00000000 0.00000000 / 176 0 166 255 / 0.88890070 0.00839230
				-16.88379000 -9.31494200 1.47363300 / 0.00000000 1.00000000 0.00000000 / 176 0 166 255 / 0.88890070 0.00839230
				-16.88379000 -9.31494200 0.27148440 / 0.00000000 1.00000000 0.00000000 / 176 0 166 255 / 0.88890070 0.09771730
				-24.82910000 -9.31494200 0.27148440 / 0.00000000 1.00000000 0.00000000 / 155 0 146 255 / 0.87222290 0.09771730
				-92.62353000 68.17237000 -0.02880860 / 0.00000000 1.00000000 0.00000000 / 166 0 157 255 / 0.08432010 0.00363160
				-24.82910000 -9.31494200 0.27148440 / 0.00000000 1.00000000 0.00000000 / 155 0 146 255 / 0.87222290 0.09771730
				-8.40332000 38.26807000 1.47607400 / 0.00000000 1.00000000 0.00000000 / 187 0 176 255 / 0.88890070 0.00839230
				-8.40332000 38.26807000 1.47607400 / 0.00000000 1.00000000 0.00000000 / 187 0 176 255 / 0.88890070 0.00839230
				-24.82910000 -9.31494200 1.47363300 / 0.00000000 1.00000000 0.00000000 / 155 0 146 255 / 0.87222290 0.00839230
				-41.50684000 30.50000000 6.37451100 / -1.00000000 0.00000000 0.00000000 / 235 0 221 255 / 0.99665830 0.00839230
				-24.62891000 -9.31494200 1.47363300 / 0.00000000 1.00000000 0.00000000 / 155 0 146 255 / 0.88890070 0.00839230
				-24.62891000 -9.31494200 1.47363300 / 0.00000000 1.00000000 0.00000000 / 155 0 146 255 / 0.88890070 0.00839230
				-24.62891000 -9.31494200 0.27148440 / 0.00000000 1.00000000 0.00000000 / 154 0 146 255 / 0.88890070 0.09771730
				-20.84326000 -9.31494200 -4.62353500 / 0.00000000 1.00000000 0.00000000 / 51 0 51 255 / 0.97998060 0.09771730
				-20.84326000 -9.31494200 -4.62353500 / 0.00000000 1.00000000 0.00000000 / 51 0 51 255 / 0.97998060 0.09771730
				-20.84326000 -9.31494200 -3.42089900 / 0.00000000 1.00000000 0.00000000 / 51 0 51 255 / 0.97998060 0.00839230
				-98.18408000 59.99707000 -1.29687500 / -1.00000000 0.00000000 0.00000000 / 188 0 177 255 / 0.03463750 0.18252560
				-92.62353000 68.17237000 -1.29687500 / 0.00000000 1.00000000 0.00000000 / 166 0 157 255 / 0.08432010 0.14163210
				-20.64307000 -9.31494200 -3.42089900 / 0.00000000 1.00000000 0.00000000 / 51 0 51 255 / 0.99665830 0.00839230
				-20.64307000 -9.31494200 -3.42089900 / 0.00000000 1.00000000 0.00000000 / 51 0 51 255 / 0.99665830 0.00839230
				-41.50684000 30.70068000 6.37451100 / -1.00000000 0.00000000 0.00000000 / 235 0 221 255 / 0.97998060 0.00839230
				-20.64307000 -9.31494200 -4.62353500 / 0.00000000 1.00000000 0.00000000 / 51 0 51 255 / 0.99665830 0.09771730
				-21.82764000 -9.31494200 -4.62353500 / 0.00000000 1.00000000 0.00000000 / 52 0 51 255 / 0.97998060 0.09771730
				-21.82764000 -9.31494200 -4.62353500 / 0.00000000 1.00000000 0.00000000 / 52 0 51 255 / 0.97998060 0.09771730
				-21.82764000 -9.31494200 -3.42089900 / 0.00000000 1.00000000 0.00000000 / 52 0 51 255 / 0.97998060 0.00839230
				-21.62744000 -9.31542900 -3.42089900 / 0.00000000 1.00000000 0.00000000 / 52 0 51 255 / 0.99665830 0.00839230
				-21.62744000 -9.31542900 -3.42089900 / 0.00000000 1.00000000 0.00000000 / 52 0 51 255 / 0.99665830 0.00839230
				-8.40332000 38.26807000 0.27392580 / 0.00000000 1.00000000 0.00000000 / 187 0 176 255 / 0.88890070 0.09771730
				-21.62744000 -9.31542900 -4.62353500 / 0.00000000 1.00000000 0.00000000 / 52 0 52 255 / 0.99665830 0.09771730
				-96.08985000 68.17237000 -0.02880860 / 0.00000000 1.00000000 0.00000000 / 181 0 170 255 / 0.03160090 0.00363160
				-17.08398000 -9.31542900 -4.62353500 / 0.00000000 1.00000000 0.00000000 / 52 0 52 255 / 0.97998060 0.09771730
				-41.50684000 17.60498000 5.17236300 / -1.00000000 0.00000000 0.00000000 / 225 0 211 255 / 0.97998060 0.09771730
				-17.08398000 -9.31542900 -4.62353500 / 0.00000000 1.00000000 0.00000000 / 52 0 52 255 / 0.97998060 0.09771730
				-17.08398000 -9.31494200 -3.42089900 / 0.00000000 1.00000000 0.00000000 / 52 0 52 255 / 0.97998060 0.00839230
				-16.88379000 -9.31494200 -3.42089900 / 0.00000000 1.00000000 0.00000000 / 52 0 52 255 / 0.99665830 0.00839230
				-16.88379000 -9.31494200 -3.42089900 / 0.00000000 1.00000000 0.00000000 / 52 0 52 255 / 0.99665830 0.00839230
				-16.88379000 -9.31494200 -4.62353500 / 0.00000000 1.00000000 0.00000000 / 52 0 52 255 / 0.99665830 0.09771730
				-24.82910000 -9.31542900 -4.62353500 / 0.00000000 1.00000000 0.00000000 / 54 0 54 255 / 0.97998060 0.09771730
				-24.82910000 -9.31542900 -4.62353500 / 0.00000000 1.00000000 0.00000000 / 54 0 54 255 / 0.97998060 0.09771730
				-24.82910000 -9.31494200 -3.42089900 / 0.00000000 1.00000000 0.00000000 / 54 0 54 255 / 0.97998060 0.00839230
				-24.62891000 -9.31494200 -3.42089900 / 0.00000000 1.00000000 0.00000000 / 54 0 54 255 / 0.99665830 0.00839230
				-96.08985000 68.17237000 -0.02880860 / 0.00000000 1.00000000 0.00000000 / 181 0 170 255 / 0.03160090 0.00363160
				-41.50684000 17.60498000 5.17236300 / -1.00000000 0.00000000 0.00000000 / 225 0 211 255 / 0.97998060 0.09771730
				-24.62891000 -9.31494200 -3.42089900 / 0.00000000 1.00000000 0.00000000 / 54 0 54 255 / 0.99665830 0.00839230
				-24.62891000 -9.31542900 -4.62353500 / 0.00000000 1.00000000 0.00000000 / 54 0 54 255 / 0.99665830 0.09771730
				-7.61914100 -9.31494200 -4.62353500 / 0.00000000 1.00000000 0.00000000 / 53 0 53 255 / 0.97998060 0.09771730
				-7.61914100 -9.31494200 -4.62353500 / 0.00000000 1.00000000 0.00000000 / 53 0 53 255 / 0.97998060 0.09771730
				-3.85986300 38.26807000 0.27392580 / 0.00000000 1.00000000 0.00000000 / 203 0 191 255 / 0.87222290 0.09771730
				-3.85986300 38.26807000 0.27392580 / 0.00000000 1.00000000 0.00000000 / 203 0 191 255 / 0.87222290 0.09771730
				-7.61914100 -9.31542900 -3.42089900 / 0.00000000 1.00000000 0.00000000 / 53 0 53 255 / 0.97998060 0.00839230
				-7.41894500 -9.31494200 -3.42089900 / 0.00000000 1.00000000 0.00000000 / 53 0 53 255 / 0.99665830 0.00839230
				-7.41894500 -9.31494200 -3.42089900 / 0.00000000 1.00000000 0.00000000 / 53 0 53 255 / 0.99665830 0.00839230
				-7.41894500 -9.31494200 -4.62353500 / 0.00000000 1.00000000 0.00000000 / 53 0 53 255 / 0.99665830 0.09771730
				-8.60351600 38.26807000 -3.41894500 / 0.00000000 1.00000000 0.00000000 / 161 0 153 255 / 0.97998060 0.00839230
				-41.50635000 17.40430000 5.17236300 / -1.00000000 0.00000000 0.00000000 / 225 0 211 255 / 0.99665830 0.09771730
				-33.73877000 -16.23193000 1.47607400 / 0.00000000 -1.00000000 0.00000000 / 220 0 206 255 / 0.88890070 0.00839230
				-8.60351600 -9.31494200 -4.62353500 / 0.00000000 1.00000000 0.00000000 / 52 0 52 255 / 0.97998060 0.09771730
				-8.60351600 -9.31494200 -4.62353500 / 0.00000000 1.00000000 0.00000000 / 52 0 52 255 / 0.97998060 0.09771730
				-8.60351600 -9.31494200 -3.42089900 / 0.00000000 1.00000000 0.00000000 / 52 0 52 255 / 0.97998060 0.00839230
				-8.40332000 -9.31542900 -3.42089900 / 0.00000000 1.00000000 0.00000000 / 52 0 52 255 / 0.99665830 0.00839230
				-8.40332000 -9.31542900 -3.42089900 / 0.00000000 1.00000000 0.00000000 / 52 0 52 255 / 0.99665830 0.00839230
				-8.40332000 -9.31542900 -4.62353500 / 0.00000000 1.00000000 0.00000000 / 52 0 52 255 / 0.99665830 0.09771730
				-3.85986300 -9.31494200 -4.62353500 / 0.00000000 1.00000000 0.00000000 / 53 0 52 255 / 0.97998060 0.09771730
				-3.85986300 -9.31494200 -4.62353500 / 0.00000000 1.00000000 0.00000000 / 53 0 52 255 / 0.97998060 0.09771730
				-3.85986300 -9.31494200 -3.42089900 / 0.00000000 1.00000000 0.00000000 / 53 0 52 255 / 0.97998060 0.00839230
				-41.50684000 17.40430000 6.37451100 / -1.00000000 0.00000000 0.00000000 / 225 0 211 255 / 0.99665830 0.00839230
				-3.65966800 -9.31494200 -3.42089900 / 0.00000000 1.00000000 0.00000000 / 53 0 52 255 / 0.99665830 0.00839230
				-33.73877000 -16.23193000 1.47607400 / 0.00000000 -1.00000000 0.00000000 / 220 0 206 255 / 0.88890070 0.00839230
				-3.65966800 -9.31494200 -3.42089900 / 0.00000000 1.00000000 0.00000000 / 53 0 52 255 / 0.99665830 0.00839230
				-3.85986300 38.26807000 1.47607400 / 0.00000000 1.00000000 0.00000000 / 203 0 191 255 / 0.87222290 0.00839230
				-3.65966800 -9.31494200 -4.62353500 / 0.00000000 1.00000000 0.00000000 / 53 0 52 255 / 0.99665830 0.09771730
				-11.60498000 -9.31542900 -4.62353500 / 0.00000000 1.00000000 0.00000000 / 53 0 53 255 / 0.97998060 0.09771730
				-11.60498000 -9.31542900 -4.62353500 / 0.00000000 1.00000000 0.00000000 / 53 0 53 255 / 0.97998060 0.09771730
				-11.60498000 -9.31542900 -3.42089900 / 0.00000000 1.00000000 0.00000000 / 53 0 53 255 / 0.97998060 0.00839230
				-11.40479000 -9.31494200 -3.42089900 / 0.00000000 1.00000000 0.00000000 / 53 0 53 255 / 0.99665830 0.00839230
				-11.40479000 -9.31494200 -3.42089900 / 0.00000000 1.00000000 0.00000000 / 53 0 53 255 / 0.99665830 0.00839230
				-41.50684000 17.40430000 6.37451100 / -1.00000000 0.00000000 0.00000000 / 225 0 211 255 / 0.99665830 0.00839230
				-11.40479000 -9.31542900 -4.62353500 / 0.00000000 1.00000000 0.00000000 / 53 0 53 255 / 0.99665830 0.09771730
				-27.56006000 26.71484000 0.27148440 / 1.00000000 0.00000000 0.00000000 / 170 0 161 255 / 0.87222290 0.09771730
				-96.08985000 68.17237000 -1.29687500 / 0.00000000 1.00000000 0.00000000 / 181 0 170 255 / 0.03160090 0.14163210
				-27.56006000 26.71484000 0.27148440 / 1.00000000 0.00000000 0.00000000 / 170 0 161 255 / 0.87222290 0.09771730
				-27.56006000 26.71484000 1.47363300 / 1.00000000 0.00000000 0.00000000 / 170 0 160 255 / 0.87222290 0.00839230
				-27.56006000 26.51465000 1.47363300 / 1.00000000 0.00000000 0.00000000 / 170 0 161 255 / 0.88890070 0.00839230
				-27.56006000 26.51465000 1.47363300 / 1.00000000 0.00000000 0.00000000 / 170 0 161 255 / 0.88890070 0.00839230
				-27.56006000 26.51465000 0.27148440 / 1.00000000 0.00000000 0.00000000 / 171 0 161 255 / 0.88890070 0.09771730
				-27.56006000 27.69922000 0.27148440 / 1.00000000 0.00000000 0.00000000 / 166 0 156 255 / 0.87222290 0.09771730
				-27.56006000 27.69922000 0.27148440 / 1.00000000 0.00000000 0.00000000 / 166 0 156 255 / 0.87222290 0.09771730
				-98.19435000 54.33740000 -1.29687500 / -1.00000000 0.00000000 0.00000000 / 176 0 166 255 / 0.08677670 0.13574220
				-3.65966800 38.26807000 1.47607400 / 0.00000000 1.00000000 0.00000000 / 203 0 191 255 / 0.88890070 0.00839230
				-3.65966800 38.26807000 1.47607400 / 0.00000000 1.00000000 0.00000000 / 203 0 191 255 / 0.88890070 0.00839230
				-27.56006000 27.69922000 1.47363300 / 1.00000000 0.00000000 0.00000000 / 165 0 156 255 / 0.87222290 0.00839230
				-97.59131000 68.17237000 -1.29687500 / 0.00000000 1.00000000 0.00000000 / 181 0 170 255 / 0.08432010 0.14163210
				-27.56006000 27.49902000 1.47363300 / 1.00000000 0.00000000 0.00000000 / 166 0 156 255 / 0.88890070 0.00839230
				-27.56006000 27.49902000 1.47363300 / 1.00000000 0.00000000 0.00000000 / 166 0 156 255 / 0.88890070 0.00839230
				-27.56006000 27.49902000 0.27148440 / 1.00000000 0.00000000 0.00000000 / 166 0 157 255 / 0.88890070 0.09771730
				-27.56006000 22.95557000 0.27148440 / 1.00000000 0.00000000 0.00000000 / 176 0 166 255 / 0.87222290 0.09771730
				-27.56006000 22.95557000 0.27148440 / 1.00000000 0.00000000 0.00000000 / 176 0 166 255 / 0.87222290 0.09771730
				-27.56006000 22.95557000 1.47363300 / 1.00000000 0.00000000 0.00000000 / 176 0 166 255 / 0.87222290 0.00839230
				-98.18408000 50.86279000 -0.02880860 / -1.00000000 0.00000000 0.00000000 / 166 0 157 255 / 0.03646850 0.03778080
				-27.56006000 22.75488000 1.47363300 / 1.00000000 0.00000000 0.00000000 / 176 0 166 255 / 0.88890070 0.00839230
				-27.56006000 22.75488000 1.47363300 / 1.00000000 0.00000000 0.00000000 / 176 0 166 255 / 0.88890070 0.00839230
				-27.56006000 22.75488000 0.27148440 / 1.00000000 0.00000000 0.00000000 / 176 0 166 255 / 0.88890070 0.09771730
				-27.56006000 30.70068000 0.27148440 / 1.00000000 0.00000000 0.00000000 / 143 0 136 255 / 0.87222290 0.09771730
				-97.59131000 68.17237000 -1.29687500 / 0.00000000 1.00000000 0.00000000 / 181 0 170 255 / 0.08432010 0.14163210
				-27.56006000 30.70068000 0.27148440 / 1.00000000 0.00000000 0.00000000 / 143 0 136 255 / 0.87222290 0.09771730
				-27.56006000 30.70068000 1.47363300 / 1.00000000 0.00000000 0.00000000 / 144 0 136 255 / 0.87222290 0.00839230
				-27.56006000 30.50000000 1.47363300 / 1.00000000 0.00000000 0.00000000 / 143 0 136 255 / 0.88890070 0.00839230
				-27.56006000 30.50000000 1.47363300 / 1.00000000 0.00000000 0.00000000 / 143 0 136 255 / 0.88890070 0.00839230
				-3.65966800 38.26807000 0.27392580 / 0.00000000 1.00000000 0.00000000 / 203 0 191 255 / 0.88890070 0.09771730
				-41.50684000 17.60498000 6.37451100 / -1.00000000 0.00000000 0.00000000 / 225 0 211 255 / 0.97998060 0.00839230
				-27.56006000 30.50000000 0.27148440 / 1.00000000 0.00000000 0.00000000 / 143 0 136 255 / 0.88890070 0.09771730
				-27.56006000 21.59033000 0.27148440 / 1.00000000 0.00000000 0.00000000 / 187 0 176 255 / 0.87222290 0.09771730
				-27.56006000 21.59033000 0.27148440 / 1.00000000 0.00000000 0.00000000 / 187 0 176 255 / 0.87222290 0.09771730
				-27.56006000 21.59033000 1.47363300 / 1.00000000 0.00000000 0.00000000 / 187 0 176 255 / 0.87222290 0.00839230
				-27.56006000 21.39014000 1.47363300 / 1.00000000 0.00000000 0.00000000 / 187 0 176 255 / 0.88890070 0.00839230
				-97.59131000 68.17237000 -0.02880860 / 0.00000000 1.00000000 0.00000000 / 181 0 170 255 / 0.08432010 0.00363160
				-27.56006000 21.39014000 1.47363300 / 1.00000000 0.00000000 0.00000000 / 187 0 176 255 / 0.88890070 0.00839230
				-27.56006000 21.39014000 0.27148440 / 1.00000000 0.00000000 0.00000000 / 186 0 176 255 / 0.88890070 0.09771730
				-27.56006000 0.62158200 0.27148440 / 1.00000000 0.00000000 0.00000000 / 186 0 176 255 / 0.87222290 0.09771730
				-27.56006000 0.62158200 0.27148440 / 1.00000000 0.00000000 0.00000000 / 186 0 176 255 / 0.87222290 0.09771730
				-41.50635000 18.58936000 5.17236300 / -1.00000000 0.00000000 0.00000000 / 206 0 193 255 / 0.97998060 0.09771730
				-27.56006000 0.62158200 1.47363300 / 1.00000000 0.00000000 0.00000000 / 186 0 175 255 / 0.87222290 0.00839230
				-27.56006000 0.42089840 1.47363300 / 1.00000000 0.00000000 0.00000000 / 186 0 176 255 / 0.88890070 0.00839230
				-27.56006000 0.42089840 1.47363300 / 1.00000000 0.00000000 0.00000000 / 186 0 176 255 / 0.88890070 0.00839230
				-27.56006000 0.42089840 0.27148440 / 1.00000000 0.00000000 0.00000000 / 186 0 176 255 / 0.88890070 0.09771730
				-27.56006000 -4.72949200 0.27148440 / 1.00000000 0.00000000 0.00000000 / 200 0 188 255 / 0.87222290 0.09771730
				-27.56006000 -4.72949200 0.27148440 / 1.00000000 0.00000000 0.00000000 / 200 0 188 255 / 0.87222290 0.09771730
				-96.08985000 33.19385000 -1.29687500 / 0.00000000 -1.00000000 0.00000000 / 195 0 183 255 / 0.03160090 0.16453550
				-11.60498000 38.26807000 0.27392580 / 0.00000000 1.00000000 0.00000000 / 174 0 164 255 / 0.87222290 0.09771730
				-11.60498000 38.26807000 0.27392580 / 0.00000000 1.00000000 0.00000000 / 174 0 164 255 / 0.87222290 0.09771730
				-27.56006000 -4.72949200 1.47363300 / 1.00000000 0.00000000 0.00000000 / 200 0 188 255 / 0.87222290 0.00839230
				-41.50635000 18.58936000 5.17236300 / -1.00000000 0.00000000 0.00000000 / 206 0 193 255 / 0.97998060 0.09771730
				-27.56006000 -4.92968800 1.47363300 / 1.00000000 0.00000000 0.00000000 / 200 0 188 255 / 0.88890070 0.00839230
				-27.56006000 -4.92968800 1.47363300 / 1.00000000 0.00000000 0.00000000 / 200 0 188 255 / 0.88890070 0.00839230
				-27.56006000 -4.92968800 0.27148440 / 1.00000000 0.00000000 0.00000000 / 201 0 189 255 / 0.88890070 0.09771730
				-27.56006000 -3.74511700 0.27148440 / 1.00000000 0.00000000 0.00000000 / 201 0 189 255 / 0.87222290 0.09771730
				-27.56006000 -3.74511700 0.27148440 / 1.00000000 0.00000000 0.00000000 / 201 0 189 255 / 0.87222290 0.09771730
				-27.56006000 -3.74511700 1.47363300 / 1.00000000 0.00000000 0.00000000 / 201 0 189 255 / 0.87222290 0.00839230
				-27.56006000 -3.94531300 1.47363300 / 1.00000000 0.00000000 0.00000000 / 201 0 189 255 / 0.88890070 0.00839230
				-98.19435000 52.71582000 -1.29687500 / -1.00000000 0.00000000 0.00000000 / 176 0 166 255 / 0.02914430 0.13574220
				-96.08985000 33.19385000 -1.29687500 / 0.00000000 -1.00000000 0.00000000 / 195 0 183 255 / 0.03160090 0.16453550
				-27.56006000 -3.94531300 1.47363300 / 1.00000000 0.00000000 0.00000000 / 201 0 189 255 / 0.88890070 0.00839230
				-41.50635000 18.38916000 5.17236300 / -1.00000000 0.00000000 0.00000000 / 206 0 194 255 / 0.99665830 0.09771730
				-27.56006000 -3.94531300 0.27148440 / 1.00000000 0.00000000 0.00000000 / 200 0 189 255 / 0.88890070 0.09771730
				-27.56006000 -8.48876900 0.27148440 / 1.00000000 0.00000000 0.00000000 / 137 0 131 255 / 0.87222290 0.09771730
				-27.56006000 -8.48876900 0.27148440 / 1.00000000 0.00000000 0.00000000 / 137 0 131 255 / 0.87222290 0.09771730
				-27.56006000 -8.48876900 1.47363300 / 1.00000000 0.00000000 0.00000000 / 138 0 131 255 / 0.87222290 0.00839230
				-27.56006000 -8.68896500 1.47363300 / 1.00000000 0.00000000 0.00000000 / 137 0 131 255 / 0.88890070 0.00839230
				-27.56006000 -8.68896500 1.47363300 / 1.00000000 0.00000000 0.00000000 / 137 0 131 255 / 0.88890070 0.00839230
				-11.60498000 38.26807000 1.47607400 / 0.00000000 1.00000000 0.00000000 / 174 0 164 255 / 0.87222290 0.00839230
				-27.56006000 -8.68896500 0.27148440 / 1.00000000 0.00000000 0.00000000 / 137 0 130 255 / 0.88890070 0.09771730
				-27.56006000 -0.74365240 0.27148440 / 1.00000000 0.00000000 0.00000000 / 201 0 190 255 / 0.87222290 0.09771730
				-96.08985000 33.19385000 -0.02880860 / 0.00000000 -1.00000000 0.00000000 / 194 0 182 255 / 0.03160090 0.02653500
				-41.50635000 18.38916000 6.37451100 / -1.00000000 0.00000000 0.00000000 / 206 0 193 255 / 0.99665830 0.00839230
				-27.56006000 -0.74365240 0.27148440 / 1.00000000 0.00000000 0.00000000 / 201 0 190 255 / 0.87222290 0.09771730
				-27.56006000 -0.74365240 1.47363300 / 1.00000000 0.00000000 0.00000000 / 202 0 190 255 / 0.87222290 0.00839230
				-27.56006000 -0.94384770 1.47363300 / 1.00000000 0.00000000 0.00000000 / 201 0 190 255 / 0.88890070 0.00839230
				-27.56006000 -0.94384770 1.47363300 / 1.00000000 0.00000000 0.00000000 / 201 0 190 255 / 0.88890070 0.00839230
				-27.56006000 -0.94384770 0.27148440 / 1.00000000 0.00000000 0.00000000 / 201 0 189 255 / 0.88890070 0.09771730
				-27.56006000 4.38085900 -4.62353500 / 1.00000000 0.00000000 0.00000000 / 56 0 55 255 / 0.97998060 0.09771730
				-27.56006000 4.38085900 -4.62353500 / 1.00000000 0.00000000 0.00000000 / 56 0 55 255 / 0.97998060 0.09771730
				-27.56006000 4.38085900 -3.42089900 / 1.00000000 0.00000000 0.00000000 / 56 0 55 255 / 0.97998060 0.00839230
				-27.56006000 4.18017600 -3.42089900 / 1.00000000 0.00000000 0.00000000 / 56 0 55 255 / 0.99665830 0.00839230
				-27.56006000 4.18017600 -3.42089900 / 1.00000000 0.00000000 0.00000000 / 56 0 55 255 / 0.99665830 0.00839230
				-17.08398000 -16.23193000 6.37451100 / 0.00000000 -1.00000000 0.00000000 / 200 0 188 255 / 0.93481450 0.00839230
				-41.50635000 18.38916000 6.37451100 / -1.00000000 0.00000000 0.00000000 / 206 0 193 255 / 0.99665830 0.00839230
				-97.59131000 33.19385000 -0.02880860 / 0.00000000 -1.00000000 0.00000000 / 195 0 183 255 / 0.08432010 0.02653500
				-27.56006000 4.18017600 -4.62353500 / 1.00000000 0.00000000 0.00000000 / 56 0 55 255 / 0.99665830 0.09771730
				-27.56006000 5.36523400 -4.62353500 / 1.00000000 0.00000000 0.00000000 / 57 0 57 255 / 0.97998060 0.09771730
				-27.56006000 5.36523400 -4.62353500 / 1.00000000 0.00000000 0.00000000 / 57 0 57 255 / 0.97998060 0.09771730
				-11.40479000 38.26807000 1.47607400 / 0.00000000 1.00000000 0.00000000 / 174 0 164 255 / 0.88890070 0.00839230
				-11.40479000 38.26807000 1.47607400 / 0.00000000 1.00000000 0.00000000 / 174 0 164 255 / 0.88890070 0.00839230
				-27.56006000 5.36523400 -3.42089900 / 1.00000000 0.00000000 0.00000000 / 57 0 57 255 / 0.97998060 0.00839230
				-27.56006000 5.16503900 -3.42089900 / 1.00000000 0.00000000 0.00000000 / 57 0 57 255 / 0.99665830 0.00839230
				-27.56006000 5.16503900 -3.42089900 / 1.00000000 0.00000000 0.00000000 / 57 0 57 255 / 0.99665830 0.00839230
				-27.56006000 5.16503900 -4.62353500 / 1.00000000 0.00000000 0.00000000 / 57 0 57 255 / 0.99665830 0.09771730
				-3.65966800 38.26807000 -4.62109400 / 0.00000000 1.00000000 0.00000000 / 195 0 183 255 / 0.99665830 0.09771730
				-27.56006000 0.62158200 -4.62353500 / 1.00000000 0.00000000 0.00000000 / 55 0 55 255 / 0.97998060 0.09771730
				-97.59131000 33.19385000 -0.02880860 / 0.00000000 -1.00000000 0.00000000 / 195 0 183 255 / 0.08432010 0.02653500
				-27.56006000 0.62158200 -4.62353500 / 1.00000000 0.00000000 0.00000000 / 55 0 55 255 / 0.97998060 0.09771730
				-27.56006000 0.62158200 -3.42089900 / 1.00000000 0.00000000 0.00000000 / 55 0 55 255 / 0.97998060 0.00839230
				-27.56006000 0.42089840 -3.42089900 / 1.00000000 0.00000000 0.00000000 / 55 0 55 255 / 0.99665830 0.00839230
				-27.56006000 0.42089840 -3.42089900 / 1.00000000 0.00000000 0.00000000 / 55 0 55 255 / 0.99665830 0.00839230
				-27.56006000 0.42089840 -4.62353500 / 1.00000000 0.00000000 0.00000000 / 55 0 55 255 / 0.99665830 0.09771730
				-27.56006000 8.36669900 -4.62353500 / 1.00000000 0.00000000 0.00000000 / 54 0 54 255 / 0.97998060 0.09771730
				-27.56006000 8.36669900 -4.62353500 / 1.00000000 0.00000000 0.00000000 / 54 0 54 255 / 0.97998060 0.09771730
				-27.56006000 8.36669900 -3.42089900 / 1.00000000 0.00000000 0.00000000 / 54 0 54 255 / 0.97998060 0.00839230
				-41.50684000 18.58936000 6.37451100 / -1.00000000 0.00000000 0.00000000 / 205 0 193 255 / 0.97998060 0.00839230
				-27.56006000 8.16601600 -3.42089900 / 1.00000000 0.00000000 0.00000000 / 54 0 54 255 / 0.99665830 0.00839230
				-27.56006000 8.16601600 -3.42089900 / 1.00000000 0.00000000 0.00000000 / 54 0 54 255 / 0.99665830 0.00839230
				-97.59131000 33.19385000 -1.29687500 / 0.00000000 -1.00000000 0.00000000 / 195 0 184 255 / 0.08432010 0.16453550
				-16.88379000 38.26807000 0.27392580 / 0.00000000 1.00000000 0.00000000 / 182 0 171 255 / 0.88890070 0.09771730
				-11.40479000 38.26807000 0.27392580 / 0.00000000 1.00000000 0.00000000 / 174 0 165 255 / 0.88890070 0.09771730
				-27.56006000 8.16601600 -4.62353500 / 1.00000000 0.00000000 0.00000000 / 54 0 54 255 / 0.99665830 0.09771730
				-27.56006000 -4.72949200 -4.62353500 / 1.00000000 0.00000000 0.00000000 / 60 0 59 255 / 0.97998060 0.09771730
				-27.56006000 -4.72949200 -4.62353500 / 1.00000000 0.00000000 0.00000000 / 60 0 59 255 / 0.97998060 0.09771730
				-27.56006000 -4.72949200 -3.42089900 / 1.00000000 0.00000000 0.00000000 / 60 0 59 255 / 0.97998060 0.00839230
				-27.56006000 -4.92968800 -3.42089900 / 1.00000000 0.00000000 0.00000000 / 60 0 59 255 / 0.99665830 0.00839230
				-41.50635000 13.84570000 5.17236300 / -1.00000000 0.00000000 0.00000000 / 229 0 215 255 / 0.97998060 0.09771730
				-27.56006000 -4.92968800 -3.42089900 / 1.00000000 0.00000000 0.00000000 / 60 0 59 255 / 0.99665830 0.00839230
				-27.56006000 -4.92968800 -4.62353500 / 1.00000000 0.00000000 0.00000000 / 60 0 59 255 / 0.99665830 0.09771730
				-27.56006000 -3.74511700 -4.62353500 / 1.00000000 0.00000000 0.00000000 / 54 0 54 255 / 0.97998060 0.09771730
				-94.12451000 33.19385000 -0.02880860 / 0.00000000 -1.00000000 0.00000000 / 160 0 151 255 / 0.03160090 0.00216670
				-27.56006000 -3.74511700 -4.62353500 / 1.00000000 0.00000000 0.00000000 / 54 0 54 255 / 0.97998060 0.09771730
				-27.56006000 -3.74511700 -3.42089900 / 1.00000000 0.00000000 0.00000000 / 54 0 54 255 / 0.97998060 0.00839230
				-27.56006000 -3.94531300 -3.42089900 / 1.00000000 0.00000000 0.00000000 / 54 0 54 255 / 0.99665830 0.00839230
				-27.56006000 -3.94531300 -3.42089900 / 1.00000000 0.00000000 0.00000000 / 54 0 54 255 / 0.99665830 0.00839230
				-27.56006000 -3.94531300 -4.62353500 / 1.00000000 0.00000000 0.00000000 / 54 0 54 255 / 0.99665830 0.09771730
				-27.56006000 -8.48876900 -4.62353500 / 1.00000000 0.00000000 0.00000000 / 53 0 53 255 / 0.97998060 0.09771730
				-41.50635000 13.84570000 5.17236300 / -1.00000000 0.00000000 0.00000000 / 229 0 215 255 / 0.97998060 0.09771730
				-27.56006000 -8.48876900 -4.62353500 / 1.00000000 0.00000000 0.00000000 / 53 0 53 255 / 0.97998060 0.09771730
				1.49072300 38.26807000 0.27392580 / 0.00000000 1.00000000 0.00000000 / 221 0 207 255 / 0.87222290 0.09771730
				1.49072300 38.26807000 0.27392580 / 0.00000000 1.00000000 0.00000000 / 221 0 207 255 / 0.87222290 0.09771730
				-27.56006000 -8.48876900 -3.42089900 / 1.00000000 0.00000000 0.00000000 / 53 0 53 255 / 0.97998060 0.00839230
				-94.12451000 33.19385000 -0.02880860 / 0.00000000 -1.00000000 0.00000000 / 160 0 151 255 / 0.03160090 0.00216670
				-27.56006000 -8.68896500 -3.42089900 / 1.00000000 0.00000000 0.00000000 / 53 0 53 255 / 0.99665830 0.00839230
				-27.56006000 -8.68896500 -3.42089900 / 1.00000000 0.00000000 0.00000000 / 53 0 53 255 / 0.99665830 0.00839230
				-27.56006000 -8.68896500 -4.62353500 / 1.00000000 0.00000000 0.00000000 / 53 0 53 255 / 0.99665830 0.09771730
				-27.56006000 -0.74365240 -4.62353500 / 1.00000000 0.00000000 0.00000000 / 55 0 55 255 / 0.97998060 0.09771730
				-27.56006000 -0.74365240 -4.62353500 / 1.00000000 0.00000000 0.00000000 / 55 0 55 255 / 0.97998060 0.09771730
				-98.18408000 35.47119000 -0.02880860 / -1.00000000 0.00000000 0.00000000 / 175 0 165 255 / 0.08351140 0.01020810
				-27.56006000 -0.74365240 -3.42089900 / 1.00000000 0.00000000 0.00000000 / 55 0 55 255 / 0.97998060 0.00839230
				-27.56006000 -0.94384770 -3.42089900 / 1.00000000 0.00000000 0.00000000 / 55 0 55 255 / 0.99665830 0.00839230
				-27.56006000 -0.94384770 -3.42089900 / 1.00000000 0.00000000 0.00000000 / 55 0 55 255 / 0.99665830 0.00839230
				-27.56006000 -0.94384770 -4.62353500 / 1.00000000 0.00000000 0.00000000 / 55 0 55 255 / 0.99665830 0.09771730
				-20.84326000 31.35791000 0.27148440 / 0.00000000 -1.00000000 0.00000000 / 193 0 182 255 / 0.87222290 0.09771730
				-94.12451000 33.19385000 -1.29687500 / 0.00000000 -1.00000000 0.00000000 / 160 0 152 255 / 0.03160090 0.14016720
				-20.84326000 31.35791000 0.27148440 / 0.00000000 -1.00000000 0.00000000 / 193 0 182 255 / 0.87222290 0.09771730
				-20.64307000 31.35791000 0.27148440 / 0.00000000 -1.00000000 0.00000000 / 194 0 182 255 / 0.88890070 0.09771730
				-20.64307000 31.35791000 1.47363300 / 0.00000000 -1.00000000 0.00000000 / 193 0 182 255 / 0.88890070 0.00839230
				-20.64307000 31.35791000 1.47363300 / 0.00000000 -1.00000000 0.00000000 / 193 0 182 255 / 0.88890070 0.00839230
				-41.50684000 13.64502000 5.17236300 / -1.00000000 0.00000000 0.00000000 / 230 0 216 255 / 0.99665830 0.09771730
				1.49072300 38.26807000 1.47607400 / 0.00000000 1.00000000 0.00000000 / 221 0 207 255 / 0.87222290 0.00839230
				-20.84326000 31.35791000 1.47363300 / 0.00000000 -1.00000000 0.00000000 / 193 0 182 255 / 0.87222290 0.00839230
				-21.82764000 31.35791000 0.27148440 / 0.00000000 -1.00000000 0.00000000 / 185 0 175 255 / 0.87222290 0.09771730
				-21.82764000 31.35791000 0.27148440 / 0.00000000 -1.00000000 0.00000000 / 185 0 175 255 / 0.87222290 0.09771730
				-21.62744000 31.35791000 0.27148440 / 0.00000000 -1.00000000 0.00000000 / 185 0 174 255 / 0.88890070 0.09771730
				-21.62744000 31.35791000 1.47363300 / 0.00000000 -1.00000000 0.00000000 / 185 0 175 255 / 0.88890070 0.00839230
				-92.62353000 33.19385000 -1.29687500 / 0.00000000 -1.00000000 0.00000000 / 160 0 151 255 / 0.08432010 0.14016720
				-21.62744000 31.35791000 1.47363300 / 0.00000000 -1.00000000 0.00000000 / 185 0 175 255 / 0.88890070 0.00839230
				-21.82764000 31.35791000 1.47363300 / 0.00000000 -1.00000000 0.00000000 / 186 0 175 255 / 0.87222290 0.00839230
				-17.08398000 31.35791000 0.27148440 / 0.00000000 -1.00000000 0.00000000 / 195 0 184 255 / 0.87222290 0.09771730
				-41.50684000 13.64502000 6.37451100 / -1.00000000 0.00000000 0.00000000 / 229 0 215 255 / 0.99665830 0.00839230
				-17.08398000 31.35791000 0.27148440 / 0.00000000 -1.00000000 0.00000000 / 195 0 184 255 / 0.87222290 0.09771730
				-16.88379000 31.35791000 0.27148440 / 0.00000000 -1.00000000 0.00000000 / 196 0 184 255 / 0.88890070 0.09771730
				-16.88379000 31.35791000 1.47363300 / 0.00000000 -1.00000000 0.00000000 / 195 0 184 255 / 0.88890070 0.00839230
				-16.88379000 31.35791000 1.47363300 / 0.00000000 -1.00000000 0.00000000 / 195 0 184 255 / 0.88890070 0.00839230
				-17.08398000 31.35791000 1.47363300 / 0.00000000 -1.00000000 0.00000000 / 195 0 184 255 / 0.87222290 0.00839230
				-24.82910000 31.35791000 0.27148440 / 0.00000000 -1.00000000 0.00000000 / 161 0 153 255 / 0.87222290 0.09771730
				-24.82910000 31.35791000 0.27148440 / 0.00000000 -1.00000000 0.00000000 / 161 0 153 255 / 0.87222290 0.09771730
				-92.62353000 33.19385000 -1.29687500 / 0.00000000 -1.00000000 0.00000000 / 160 0 151 255 / 0.08432010 0.14016720
				1.69091800 38.26807000 1.47607400 / 0.00000000 1.00000000 0.00000000 / 221 0 207 255 / 0.88890070 0.00839230
				1.69091800 38.26807000 1.47607400 / 0.00000000 1.00000000 0.00000000 / 221 0 207 255 / 0.88890070 0.00839230
				-41.50684000 13.64502000 6.37451100 / -1.00000000 0.00000000 0.00000000 / 229 0 215 255 / 0.99665830 0.00839230
				-24.62891000 31.35791000 0.27148440 / 0.00000000 -1.00000000 0.00000000 / 162 0 153 255 / 0.88890070 0.09771730
				-24.62891000 31.35791000 1.47363300 / 0.00000000 -1.00000000 0.00000000 / 161 0 153 255 / 0.88890070 0.00839230
				-24.62891000 31.35791000 1.47363300 / 0.00000000 -1.00000000 0.00000000 / 161 0 153 255 / 0.88890070 0.00839230
				-24.82910000 31.35791000 1.47363300 / 0.00000000 -1.00000000 0.00000000 / 161 0 153 255 / 0.87222290 0.00839230
				-20.84326000 31.35791000 -4.62353500 / 0.00000000 -1.00000000 0.00000000 / 155 0 146 255 / 0.97998060 0.09771730
				-20.84326000 31.35791000 -4.62353500 / 0.00000000 -1.00000000 0.00000000 / 155 0 146 255 / 0.97998060 0.09771730
				-20.64307000 31.35791000 -4.62353500 / 0.00000000 -1.00000000 0.00000000 / 155 0 146 255 / 0.99665830 0.09771730
				-20.64307000 31.35791000 -3.42089900 / 0.00000000 -1.00000000 0.00000000 / 155 0 146 255 / 0.99665830 0.00839230
				-98.19435000 52.71582000 -1.29687500 / -1.00000000 0.00000000 0.00000000 / 176 0 166 255 / 0.02914430 0.13574220
				-33.93897000 -16.23193000 1.47607400 / 0.00000000 -1.00000000 0.00000000 / 219 0 206 255 / 0.87222290 0.00839230
				-41.50635000 13.84570000 6.37451100 / -1.00000000 0.00000000 0.00000000 / 229 0 215 255 / 0.97998060 0.00839230
				-20.64307000 31.35791000 -3.42089900 / 0.00000000 -1.00000000 0.00000000 / 155 0 146 255 / 0.99665830 0.00839230
				-20.84326000 31.35791000 -3.42089900 / 0.00000000 -1.00000000 0.00000000 / 155 0 147 255 / 0.97998060 0.00839230
				-21.82764000 31.35791000 -4.62353500 / 0.00000000 -1.00000000 0.00000000 / 155 0 147 255 / 0.97998060 0.09771730
				-21.82764000 31.35791000 -4.62353500 / 0.00000000 -1.00000000 0.00000000 / 155 0 147 255 / 0.97998060 0.09771730
				-21.62744000 31.35791000 -4.62353500 / 0.00000000 -1.00000000 0.00000000 / 155 0 147 255 / 0.99665830 0.09771730
				-21.62744000 31.35791000 -3.42089900 / 0.00000000 -1.00000000 0.00000000 / 155 0 147 255 / 0.99665830 0.00839230
				-21.62744000 31.35791000 -3.42089900 / 0.00000000 -1.00000000 0.00000000 / 155 0 147 255 / 0.99665830 0.00839230
				1.69091800 38.26807000 0.27392580 / 0.00000000 1.00000000 0.00000000 / 221 0 208 255 / 0.88890070 0.09771730
				-21.82764000 31.35791000 -3.42089900 / 0.00000000 -1.00000000 0.00000000 / 154 0 146 255 / 0.97998060 0.00839230
				-17.08398000 31.35791000 -4.62353500 / 0.00000000 -1.00000000 0.00000000 / 168 0 159 255 / 0.97998060 0.09771730
				-24.82910000 -16.23193000 5.17236300 / 0.00000000 -1.00000000 0.00000000 / 227 0 213 255 / 0.93481450 0.09771730
				-41.50635000 21.59033000 5.17236300 / -1.00000000 0.00000000 0.00000000 / 219 0 205 255 / 0.97998060 0.09771730
				-92.62353000 33.19385000 -0.02880860 / 0.00000000 -1.00000000 0.00000000 / 159 0 151 255 / 0.08432010 0.00216670
				-17.08398000 31.35791000 -4.62353500 / 0.00000000 -1.00000000 0.00000000 / 168 0 159 255 / 0.97998060 0.09771730
				-16.88379000 31.35791000 -4.62353500 / 0.00000000 -1.00000000 0.00000000 / 167 0 158 255 / 0.99665830 0.09771730
				-16.88379000 31.35791000 -3.42089900 / 0.00000000 -1.00000000 0.00000000 / 168 0 159 255 / 0.99665830 0.00839230
				-16.88379000 31.35791000 -3.42089900 / 0.00000000 -1.00000000 0.00000000 / 168 0 159 255 / 0.99665830 0.00839230
				-17.08398000 31.35791000 -3.42089900 / 0.00000000 -1.00000000 0.00000000 / 168 0 159 255 / 0.97998060 0.00839230
				-24.82910000 31.35791000 -4.62353500 / 0.00000000 -1.00000000 0.00000000 / 155 0 146 255 / 0.97998060 0.09771730
				-24.82910000 31.35791000 -4.62353500 / 0.00000000 -1.00000000 0.00000000 / 155 0 146 255 / 0.97998060 0.09771730
				-24.62891000 31.35791000 -4.62353500 / 0.00000000 -1.00000000 0.00000000 / 155 0 147 255 / 0.99665830 0.09771730
				-24.62891000 31.35791000 -3.42089900 / 0.00000000 -1.00000000 0.00000000 / 155 0 146 255 / 0.99665830 0.00839230
				-41.50635000 21.59033000 5.17236300 / -1.00000000 0.00000000 0.00000000 / 219 0 205 255 / 0.97998060 0.09771730
				-24.62891000 31.35791000 -3.42089900 / 0.00000000 -1.00000000 0.00000000 / 155 0 146 255 / 0.99665830 0.00839230
				-98.18408000 65.92187000 -1.29687500 / -1.00000000 0.00000000 0.00000000 / 194 0 183 255 / 0.03402710 0.12210080
				-24.82910000 31.35791000 -3.42089900 / 0.00000000 -1.00000000 0.00000000 / 154 0 146 255 / 0.97998060 0.00839230
				-7.61914100 31.35791000 0.27148440 / 0.00000000 -1.00000000 0.00000000 / 175 0 166 255 / 0.87222290 0.09771730
				-7.61914100 31.35791000 0.27148440 / 0.00000000 -1.00000000 0.00000000 / 175 0 166 255 / 0.87222290 0.09771730
				0.50634760 38.26807000 0.27392580 / 0.00000000 1.00000000 0.00000000 / 204 0 192 255 / 0.87222290 0.09771730
				0.50634760 38.26807000 0.27392580 / 0.00000000 1.00000000 0.00000000 / 204 0 192 255 / 0.87222290 0.09771730
				-7.41894500 31.35791000 0.27148440 / 0.00000000 -1.00000000 0.00000000 / 175 0 165 255 / 0.88890070 0.09771730
				-7.41894500 31.35791000 1.47363300 / 0.00000000 -1.00000000 0.00000000 / 175 0 166 255 / 0.88890070 0.00839230
				-7.41894500 31.35791000 1.47363300 / 0.00000000 -1.00000000 0.00000000 / 175 0 166 255 / 0.88890070 0.00839230
				-41.50635000 21.39014000 5.17236300 / -1.00000000 0.00000000 0.00000000 / 219 0 205 255 / 0.99665830 0.09771730
				-7.61914100 31.35791000 1.47363300 / 0.00000000 -1.00000000 0.00000000 / 176 0 166 255 / 0.87222290 0.00839230
				-8.60351600 31.35791000 0.27148440 / 0.00000000 -1.00000000 0.00000000 / 181 0 171 255 / 0.87222290 0.09771730
				-98.18408000 65.92187000 -1.29687500 / -1.00000000 0.00000000 0.00000000 / 194 0 183 255 / 0.03402710 0.12210080
				-8.60351600 31.35791000 0.27148440 / 0.00000000 -1.00000000 0.00000000 / 181 0 171 255 / 0.87222290 0.09771730
				-8.40332000 31.35791000 0.27148440 / 0.00000000 -1.00000000 0.00000000 / 181 0 171 255 / 0.88890070 0.09771730
				-8.40332000 31.35791000 1.47363300 / 0.00000000 -1.00000000 0.00000000 / 181 0 171 255 / 0.88890070 0.00839230
				-8.40332000 31.35791000 1.47363300 / 0.00000000 -1.00000000 0.00000000 / 181 0 171 255 / 0.88890070 0.00839230
				-8.60351600 31.35791000 1.47363300 / 0.00000000 -1.00000000 0.00000000 / 181 0 171 255 / 0.87222290 0.00839230
				-3.85986300 31.35791000 0.27148440 / 0.00000000 -1.00000000 0.00000000 / 149 0 141 255 / 0.87222290 0.09771730
				-3.85986300 31.35791000 0.27148440 / 0.00000000 -1.00000000 0.00000000 / 149 0 141 255 / 0.87222290 0.09771730
				-41.50635000 21.39014000 6.37451100 / -1.00000000 0.00000000 0.00000000 / 219 0 205 255 / 0.99665830 0.00839230
				-3.65966800 31.35791000 0.27148440 / 0.00000000 -1.00000000 0.00000000 / 149 0 142 255 / 0.88890070 0.09771730
				-3.65966800 31.35791000 1.47363300 / 0.00000000 -1.00000000 0.00000000 / 149 0 141 255 / 0.88890070 0.00839230
				-3.65966800 31.35791000 1.47363300 / 0.00000000 -1.00000000 0.00000000 / 149 0 141 255 / 0.88890070 0.00839230
				-98.18408000 65.92187000 -0.02880860 / -1.00000000 0.00000000 0.00000000 / 194 0 183 255 / 0.03402710 0.00270080
				0.50634760 38.26807000 1.47607400 / 0.00000000 1.00000000 0.00000000 / 204 0 192 255 / 0.87222290 0.00839230
				-3.85986300 31.35791000 1.47363300 / 0.00000000 -1.00000000 0.00000000 / 149 0 141 255 / 0.87222290 0.00839230
				-11.60498000 31.35791000 0.27148440 / 0.00000000 -1.00000000 0.00000000 / 176 0 166 255 / 0.87222290 0.09771730
				-11.60498000 31.35791000 0.27148440 / 0.00000000 -1.00000000 0.00000000 / 176 0 166 255 / 0.87222290 0.09771730
				-11.40479000 31.35791000 0.27148440 / 0.00000000 -1.00000000 0.00000000 / 176 0 166 255 / 0.88890070 0.09771730
				-11.40479000 31.35791000 1.47363300 / 0.00000000 -1.00000000 0.00000000 / 176 0 166 255 / 0.88890070 0.00839230
				-41.50635000 21.39014000 6.37451100 / -1.00000000 0.00000000 0.00000000 / 219 0 205 255 / 0.99665830 0.00839230
				-11.40479000 31.35791000 1.47363300 / 0.00000000 -1.00000000 0.00000000 / 176 0 166 255 / 0.88890070 0.00839230
				-11.60498000 31.35791000 1.47363300 / 0.00000000 -1.00000000 0.00000000 / 175 0 166 255 / 0.87222290 0.00839230
				-7.61914100 31.35791000 -4.62353500 / 0.00000000 -1.00000000 0.00000000 / 183 0 173 255 / 0.97998060 0.09771730
				-7.61914100 31.35791000 -4.62353500 / 0.00000000 -1.00000000 0.00000000 / 183 0 173 255 / 0.97998060 0.09771730
				-98.18408000 67.56006000 -0.02880860 / -1.00000000 0.00000000 0.00000000 / 194 0 183 255 / 0.08189390 0.00270080
				-7.41894500 31.35791000 -4.62353500 / 0.00000000 -1.00000000 0.00000000 / 183 0 173 255 / 0.99665830 0.09771730
				-7.41894500 31.35791000 -3.42089900 / 0.00000000 -1.00000000 0.00000000 / 183 0 173 255 / 0.99665830 0.00839230
				-7.41894500 31.35791000 -3.42089900 / 0.00000000 -1.00000000 0.00000000 / 183 0 173 255 / 0.99665830 0.00839230
				-7.61914100 31.35791000 -3.42089900 / 0.00000000 -1.00000000 0.00000000 / 183 0 173 255 / 0.97998060 0.00839230
				-8.60351600 31.35791000 -4.62353500 / 0.00000000 -1.00000000 0.00000000 / 160 0 152 255 / 0.97998060 0.09771730
				-41.50635000 21.59033000 6.37451100 / -1.00000000 0.00000000 0.00000000 / 219 0 205 255 / 0.97998060 0.00839230
				-8.60351600 31.35791000 -4.62353500 / 0.00000000 -1.00000000 0.00000000 / 160 0 152 255 / 0.97998060 0.09771730
				0.70654290 38.26807000 1.47607400 / 0.00000000 1.00000000 0.00000000 / 204 0 192 255 / 0.88890070 0.00839230
				0.70654290 38.26807000 1.47607400 / 0.00000000 1.00000000 0.00000000 / 204 0 192 255 / 0.88890070 0.00839230
				-8.40332000 31.35791000 -4.62353500 / 0.00000000 -1.00000000 0.00000000 / 160 0 151 255 / 0.99665830 0.09771730
				-8.40332000 31.35791000 -3.42089900 / 0.00000000 -1.00000000 0.00000000 / 160 0 152 255 / 0.99665830 0.00839230
				-98.18408000 67.56006000 -0.02880860 / -1.00000000 0.00000000 0.00000000 / 194 0 183 255 / 0.08189390 0.00270080
				-8.40332000 31.35791000 -3.42089900 / 0.00000000 -1.00000000 0.00000000 / 160 0 152 255 / 0.99665830 0.00839230
				-8.60351600 31.35791000 -3.42089900 / 0.00000000 -1.00000000 0.00000000 / 161 0 152 255 / 0.97998060 0.00839230
				-3.85986300 31.35791000 -4.62353500 / 0.00000000 -1.00000000 0.00000000 / 159 0 151 255 / 0.97998060 0.09771730
				-3.85986300 31.35791000 -4.62353500 / 0.00000000 -1.00000000 0.00000000 / 159 0 151 255 / 0.97998060 0.09771730
				-98.18408000 35.47119000 -0.02880860 / -1.00000000 0.00000000 0.00000000 / 175 0 165 255 / 0.08351140 0.01020810
				-3.65966800 31.35791000 -4.62353500 / 0.00000000 -1.00000000 0.00000000 / 159 0 151 255 / 0.99665830 0.09771730
				-3.65966800 31.35791000 -3.42089900 / 0.00000000 -1.00000000 0.00000000 / 159 0 151 255 / 0.99665830 0.00839230
				-3.65966800 31.35791000 -3.42089900 / 0.00000000 -1.00000000 0.00000000 / 159 0 151 255 / 0.99665830 0.00839230
				-3.85986300 31.35791000 -3.42089900 / 0.00000000 -1.00000000 0.00000000 / 159 0 151 255 / 0.97998060 0.00839230
				-11.60498000 31.35791000 -4.62353500 / 0.00000000 -1.00000000 0.00000000 / 170 0 160 255 / 0.97998060 0.09771730
				-11.60498000 31.35791000 -4.62353500 / 0.00000000 -1.00000000 0.00000000 / 170 0 160 255 / 0.97998060 0.09771730
				-98.18408000 67.56006000 -1.29687500 / -1.00000000 0.00000000 0.00000000 / 194 0 183 255 / 0.08189390 0.12210080
				-11.40479000 31.35791000 -4.62353500 / 0.00000000 -1.00000000 0.00000000 / 169 0 160 255 / 0.99665830 0.09771730
				-11.40479000 31.35791000 -3.42089900 / 0.00000000 -1.00000000 0.00000000 / 170 0 160 255 / 0.99665830 0.00839230
				-11.40479000 31.35791000 -3.42089900 / 0.00000000 -1.00000000 0.00000000 / 170 0 160 255 / 0.99665830 0.00839230
				-41.50684000 4.38085900 5.17236300 / -1.00000000 0.00000000 0.00000000 / 223 0 210 255 / 0.97998060 0.09771730
				0.70654290 38.26807000 0.27392580 / 0.00000000 1.00000000 0.00000000 / 205 0 193 255 / 0.88890070 0.09771730
				-11.60498000 31.35791000 -3.42089900 / 0.00000000 -1.00000000 0.00000000 / 171 0 161 255 / 0.97998060 0.00839230
				12.99365000 17.60498000 0.27392580 / 1.00000000 0.00000000 0.00000000 / 161 0 153 255 / 0.97998060 0.09771730
				12.99365000 17.60498000 0.27392580 / 1.00000000 0.00000000 0.00000000 / 161 0 153 255 / 0.97998060 0.09771730
				12.99365000 17.60498000 1.47607400 / 1.00000000 0.00000000 0.00000000 / 162 0 153 255 / 0.97998060 0.00839230
				12.99365000 17.40430000 1.47607400 / 1.00000000 0.00000000 0.00000000 / 161 0 153 255 / 0.99665830 0.00839230
				12.99365000 17.40430000 1.47607400 / 1.00000000 0.00000000 0.00000000 / 161 0 153 255 / 0.99665830 0.00839230
				-98.18408000 63.82031000 -0.02880860 / -1.00000000 0.00000000 0.00000000 / 178 0 168 255 / 0.00167850 0.00952150
				12.99365000 17.40430000 0.27392580 / 1.00000000 0.00000000 0.00000000 / 161 0 152 255 / 0.99665830 0.09771730
				12.99365000 18.58936000 0.27392580 / 1.00000000 0.00000000 0.00000000 / 189 0 178 255 / 0.97998060 0.09771730
				-41.50684000 4.38085900 5.17236300 / -1.00000000 0.00000000 0.00000000 / 223 0 210 255 / 0.97998060 0.09771730
				12.99365000 18.58936000 0.27392580 / 1.00000000 0.00000000 0.00000000 / 189 0 178 255 / 0.97998060 0.09771730
				12.99365000 18.58936000 1.47607400 / 1.00000000 0.00000000 0.00000000 / 189 0 178 255 / 0.97998060 0.00839230
				12.99365000 18.38916000 1.47607400 / 1.00000000 0.00000000 0.00000000 / 189 0 178 255 / 0.99665830 0.00839230
				12.99365000 18.38916000 1.47607400 / 1.00000000 0.00000000 0.00000000 / 189 0 178 255 / 0.99665830 0.00839230
				12.99365000 18.38916000 0.27392580 / 1.00000000 0.00000000 0.00000000 / 189 0 178 255 / 0.99665830 0.09771730
				12.99365000 13.84570000 0.27392580 / 1.00000000 0.00000000 0.00000000 / 171 0 161 255 / 0.97998060 0.09771730
				12.99365000 13.84570000 0.27392580 / 1.00000000 0.00000000 0.00000000 / 171 0 161 255 / 0.97998060 0.09771730
				5.25000000 38.26807000 0.27392580 / 0.00000000 1.00000000 0.00000000 / 199 0 187 255 / 0.87222290 0.09771730
				-98.18408000 63.82031000 -0.02880860 / -1.00000000 0.00000000 0.00000000 / 178 0 168 255 / 0.00167850 0.00952150
				5.25000000 38.26807000 0.27392580 / 0.00000000 1.00000000 0.00000000 / 199 0 187 255 / 0.87222290 0.09771730
				-11.60498000 38.26807000 -4.62109400 / 0.00000000 1.00000000 0.00000000 / 155 0 147 255 / 0.97998060 0.09771730
				12.99365000 13.84570000 1.47607400 / 1.00000000 0.00000000 0.00000000 / 171 0 162 255 / 0.97998060 0.00839230
				12.99365000 13.64502000 1.47607400 / 1.00000000 0.00000000 0.00000000 / 171 0 161 255 / 0.99665830 0.00839230
				12.99365000 13.64502000 1.47607400 / 1.00000000 0.00000000 0.00000000 / 171 0 161 255 / 0.99665830 0.00839230
				12.99365000 13.64502000 0.27392580 / 1.00000000 0.00000000 0.00000000 / 170 0 161 255 / 0.99665830 0.09771730
				12.99365000 4.38085900 0.27392580 / 1.00000000 0.00000000 0.00000000 / 56 0 55 255 / 0.97998060 0.09771730
				12.99365000 4.38085900 0.27392580 / 1.00000000 0.00000000 0.00000000 / 56 0 55 255 / 0.97998060 0.09771730
				12.99365000 4.38085900 1.47607400 / 1.00000000 0.00000000 0.00000000 / 56 0 55 255 / 0.97998060 0.00839230
				12.99365000 4.18017600 1.47607400 / 1.00000000 0.00000000 0.00000000 / 56 0 55 255 / 0.99665830 0.00839230
				12.99365000 4.18017600 1.47607400 / 1.00000000 0.00000000 0.00000000 / 56 0 55 255 / 0.99665830 0.00839230
				-98.19435000 52.71582000 -0.02880860 / -1.00000000 0.00000000 0.00000000 / 177 0 167 255 / 0.02914430 0.00952150
				-98.18408000 56.19043000 -0.02880860 / -1.00000000 0.00000000 0.00000000 / 210 0 197 255 / 0.08677670 -0.00184630
				-11.60498000 38.26807000 -4.62109400 / 0.00000000 1.00000000 0.00000000 / 155 0 147 255 / 0.97998060 0.09771730
				-98.18408000 63.82031000 -1.29687500 / -1.00000000 0.00000000 0.00000000 / 178 0 168 255 / 0.00167850 0.13574220
				12.99365000 4.18017600 0.27392580 / 1.00000000 0.00000000 0.00000000 / 56 0 55 255 / 0.99665830 0.09771730
				12.99365000 5.36523400 0.27392580 / 1.00000000 0.00000000 0.00000000 / 67 0 66 255 / 0.97998060 0.09771730
				12.99365000 5.36523400 0.27392580 / 1.00000000 0.00000000 0.00000000 / 67 0 66 255 / 0.97998060 0.09771730
				12.99365000 5.36523400 1.47607400 / 1.00000000 0.00000000 0.00000000 / 67 0 66 255 / 0.97998060 0.00839230
				12.99365000 5.16503900 1.47607400 / 1.00000000 0.00000000 0.00000000 / 67 0 66 255 / 0.99665830 0.00839230
				12.99365000 5.16503900 1.47607400 / 1.00000000 0.00000000 0.00000000 / 67 0 66 255 / 0.99665830 0.00839230
				-26.19385000 38.26807000 -4.62109400 / 0.00000000 1.00000000 0.00000000 / 215 0 202 255 / 0.97998060 0.09771730
				-26.19385000 38.26807000 -4.62109400 / 0.00000000 1.00000000 0.00000000 / 215 0 202 255 / 0.97998060 0.09771730
				5.25000000 38.26807000 1.47607400 / 0.00000000 1.00000000 0.00000000 / 199 0 187 255 / 0.87222290 0.00839230
				-41.50635000 4.18017600 5.17236300 / -1.00000000 0.00000000 0.00000000 / 223 0 209 255 / 0.99665830 0.09771730
				12.99365000 5.16503900 0.27392580 / 1.00000000 0.00000000 0.00000000 / 67 0 66 255 / 0.99665830 0.09771730
				-98.18408000 62.18213000 -1.29687500 / -1.00000000 0.00000000 0.00000000 / 178 0 168 255 / 0.02999880 0.13574220
				12.99365000 0.62158200 0.27392580 / 1.00000000 0.00000000 0.00000000 / 56 0 55 255 / 0.97998060 0.09771730
				12.99365000 0.62158200 0.27392580 / 1.00000000 0.00000000 0.00000000 / 56 0 55 255 / 0.97998060 0.09771730
				12.99365000 0.62158200 1.47607400 / 1.00000000 0.00000000 0.00000000 / 56 0 55 255 / 0.97998060 0.00839230
				12.99365000 0.42089840 1.47607400 / 1.00000000 0.00000000 0.00000000 / 56 0 55 255 / 0.99665830 0.00839230
				12.99365000 0.42089840 1.47607400 / 1.00000000 0.00000000 0.00000000 / 56 0 55 255 / 0.99665830 0.00839230
				12.99365000 0.42089840 0.27392580 / 1.00000000 0.00000000 0.00000000 / 56 0 55 255 / 0.99665830 0.09771730
				12.99365000 8.36669900 0.27392580 / 1.00000000 0.00000000 0.00000000 / 120 0 114 255 / 0.97998060 0.09771730
				12.99365000 8.36669900 0.27392580 / 1.00000000 0.00000000 0.00000000 / 120 0 114 255 / 0.97998060 0.09771730
				-41.50684000 4.18017600 6.37451100 / -1.00000000 0.00000000 0.00000000 / 223 0 210 255 / 0.99665830 0.00839230
				12.99365000 8.36669900 1.47607400 / 1.00000000 0.00000000 0.00000000 / 120 0 114 255 / 0.97998060 0.00839230
				12.99365000 8.16601600 1.47607400 / 1.00000000 0.00000000 0.00000000 / 120 0 114 255 / 0.99665830 0.00839230
				-98.18408000 62.18213000 -1.29687500 / -1.00000000 0.00000000 0.00000000 / 178 0 168 255 / 0.02999880 0.13574220
				12.99365000 8.16601600 1.47607400 / 1.00000000 0.00000000 0.00000000 / 120 0 114 255 / 0.99665830 0.00839230
				12.99365000 8.16601600 0.27392580 / 1.00000000 0.00000000 0.00000000 / 120 0 114 255 / 0.99665830 0.09771730
				12.99365000 -4.72949200 0.27392580 / 1.00000000 0.00000000 0.00000000 / 56 0 56 255 / 0.97998060 0.09771730
				12.99365000 -4.72949200 0.27392580 / 1.00000000 0.00000000 0.00000000 / 56 0 56 255 / 0.97998060 0.09771730
				5.45019500 38.26807000 1.47607400 / 0.00000000 1.00000000 0.00000000 / 199 0 187 255 / 0.88890070 0.00839230
				5.45019500 38.26807000 1.47607400 / 0.00000000 1.00000000 0.00000000 / 199 0 187 255 / 0.88890070 0.00839230
				12.99365000 -4.72949200 1.47607400 / 1.00000000 0.00000000 0.00000000 / 56 0 56 255 / 0.97998060 0.00839230
				-41.50684000 4.18017600 6.37451100 / -1.00000000 0.00000000 0.00000000 / 223 0 210 255 / 0.99665830 0.00839230
				12.99365000 -4.92968800 1.47607400 / 1.00000000 0.00000000 0.00000000 / 56 0 56 255 / 0.99665830 0.00839230
				12.99365000 -4.92968800 1.47607400 / 1.00000000 0.00000000 0.00000000 / 56 0 56 255 / 0.99665830 0.00839230
				12.99365000 -4.92968800 0.27392580 / 1.00000000 0.00000000 0.00000000 / 56 0 56 255 / 0.99665830 0.09771730
				-98.18408000 62.18213000 -0.02880860 / -1.00000000 0.00000000 0.00000000 / 177 0 167 255 / 0.02999880 0.00952150
				12.99365000 -3.74511700 0.27392580 / 1.00000000 0.00000000 0.00000000 / 56 0 55 255 / 0.97998060 0.09771730
				12.99365000 -3.74511700 0.27392580 / 1.00000000 0.00000000 0.00000000 / 56 0 55 255 / 0.97998060 0.09771730
				12.99365000 -3.74511700 1.47607400 / 1.00000000 0.00000000 0.00000000 / 56 0 55 255 / 0.97998060 0.00839230
				12.99365000 -3.94531300 1.47607400 / 1.00000000 0.00000000 0.00000000 / 56 0 55 255 / 0.99665830 0.00839230
				12.99365000 -3.94531300 1.47607400 / 1.00000000 0.00000000 0.00000000 / 56 0 55 255 / 0.99665830 0.00839230
				12.99365000 -3.94531300 0.27392580 / 1.00000000 0.00000000 0.00000000 / 56 0 55 255 / 0.99665830 0.09771730
				-41.50684000 4.38085900 6.37451100 / -1.00000000 0.00000000 0.00000000 / 224 0 210 255 / 0.97998060 0.00839230
				12.99365000 -8.48876900 0.27392580 / 1.00000000 0.00000000 0.00000000 / 56 0 56 255 / 0.97998060 0.09771730
				12.99365000 -8.48876900 0.27392580 / 1.00000000 0.00000000 0.00000000 / 56 0 56 255 / 0.97998060 0.09771730
				12.99365000 -8.48876900 1.47607400 / 1.00000000 0.00000000 0.00000000 / 56 0 56 255 / 0.97998060 0.00839230
				12.99365000 -8.68896500 1.47607400 / 1.00000000 0.00000000 0.00000000 / 56 0 56 255 / 0.99665830 0.00839230
				-98.18408000 60.22901000 -1.29687500 / -1.00000000 0.00000000 0.00000000 / 202 0 190 255 / 0.08189390 0.18106080
				12.99365000 -8.68896500 1.47607400 / 1.00000000 0.00000000 0.00000000 / 56 0 56 255 / 0.99665830 0.00839230
				5.45019500 38.26807000 0.27392580 / 0.00000000 1.00000000 0.00000000 / 199 0 187 255 / 0.88890070 0.09771730
				12.99365000 -8.68896500 0.27392580 / 1.00000000 0.00000000 0.00000000 / 56 0 56 255 / 0.99665830 0.09771730
				12.99365000 -0.74365240 0.27392580 / 1.00000000 0.00000000 0.00000000 / 56 0 55 255 / 0.97998060 0.09771730
				12.99365000 -0.74365240 0.27392580 / 1.00000000 0.00000000 0.00000000 / 56 0 55 255 / 0.97998060 0.09771730
				-41.50635000 5.36523400 5.17236300 / -1.00000000 0.00000000 0.00000000 / 212 0 200 255 / 0.97998060 0.09771730
				12.99365000 -0.74365240 1.47607400 / 1.00000000 0.00000000 0.00000000 / 56 0 55 255 / 0.97998060 0.00839230
				12.99365000 -0.94384770 1.47607400 / 1.00000000 0.00000000 0.00000000 / 56 0 55 255 / 0.99665830 0.00839230
				12.99365000 -0.94384770 1.47607400 / 1.00000000 0.00000000 0.00000000 / 56 0 55 255 / 0.99665830 0.00839230
				12.99365000 -0.94384770 0.27392580 / 1.00000000 0.00000000 0.00000000 / 56 0 55 255 / 0.99665830 0.09771730
				12.99365000 4.38085900 -4.62109400 / 1.00000000 0.00000000 0.00000000 / 51 0 51 255 / 0.97998060 0.09771730
				-98.18408000 60.22901000 -1.29687500 / -1.00000000 0.00000000 0.00000000 / 202 0 190 255 / 0.08189390 0.18106080
				12.99365000 4.38085900 -4.62109400 / 1.00000000 0.00000000 0.00000000 / 51 0 51 255 / 0.97998060 0.09771730
				12.99365000 4.38085900 -3.41894500 / 1.00000000 0.00000000 0.00000000 / 51 0 51 255 / 0.97998060 0.00839230
				12.99365000 4.18017600 -3.41894500 / 1.00000000 0.00000000 0.00000000 / 51 0 51 255 / 0.99665830 0.00839230
				12.99365000 4.18017600 -3.41894500 / 1.00000000 0.00000000 0.00000000 / 51 0 51 255 / 0.99665830 0.00839230
				-41.50635000 5.36523400 5.17236300 / -1.00000000 0.00000000 0.00000000 / 212 0 200 255 / 0.97998060 0.09771730
				12.99365000 4.18017600 -4.62109400 / 1.00000000 0.00000000 0.00000000 / 51 0 51 255 / 0.99665830 0.09771730
				12.99365000 5.36523400 -4.62109400 / 1.00000000 0.00000000 0.00000000 / 56 0 56 255 / 0.97998060 0.09771730
				12.99365000 5.36523400 -4.62109400 / 1.00000000 0.00000000 0.00000000 / 56 0 56 255 / 0.97998060 0.09771730
				-2.49511700 38.26807000 0.27392580 / 0.00000000 1.00000000 0.00000000 / 207 0 195 255 / 0.87222290 0.09771730
				-2.49511700 38.26807000 0.27392580 / 0.00000000 1.00000000 0.00000000 / 207 0 195 255 / 0.87222290 0.09771730
				12.99365000 5.36523400 -3.41894500 / 1.00000000 0.00000000 0.00000000 / 57 0 56 255 / 0.97998060 0.00839230
				-20.84326000 -16.23193000 0.27392580 / 0.00000000 -1.00000000 0.00000000 / 216 0 203 255 / 0.87222290 0.09771730
				12.99365000 5.16503900 -3.41894500 / 1.00000000 0.00000000 0.00000000 / 56 0 56 255 / 0.99665830 0.00839230
				12.99365000 5.16503900 -3.41894500 / 1.00000000 0.00000000 0.00000000 / 56 0 56 255 / 0.99665830 0.00839230
				12.99365000 5.16503900 -4.62109400 / 1.00000000 0.00000000 0.00000000 / 56 0 56 255 / 0.99665830 0.09771730
				-98.18408000 35.47119000 -1.29687500 / -1.00000000 0.00000000 0.00000000 / 174 0 164 255 / 0.08351140 0.13642880
				12.99365000 8.36669900 -4.62109400 / 1.00000000 0.00000000 0.00000000 / 101 0 97 255 / 0.97998060 0.09771730
				12.99365000 8.36669900 -4.62109400 / 1.00000000 0.00000000 0.00000000 / 101 0 97 255 / 0.97998060 0.09771730
				12.99365000 8.36669900 -3.41894500 / 1.00000000 0.00000000 0.00000000 / 101 0 97 255 / 0.97998060 0.00839230
				12.99365000 8.16601600 -3.41894500 / 1.00000000 0.00000000 0.00000000 / 101 0 97 255 / 0.99665830 0.00839230
				12.99365000 8.16601600 -3.41894500 / 1.00000000 0.00000000 0.00000000 / 101 0 97 255 / 0.99665830 0.00839230
				12.99365000 8.16601600 -4.62109400 / 1.00000000 0.00000000 0.00000000 / 102 0 98 255 / 0.99665830 0.09771730
				12.99365000 -8.48876900 -4.62109400 / 1.00000000 0.00000000 0.00000000 / 55 0 55 255 / 0.97998060 0.09771730
				-20.84326000 -16.23193000 0.27392580 / 0.00000000 -1.00000000 0.00000000 / 216 0 203 255 / 0.87222290 0.09771730
				12.99365000 -8.48876900 -4.62109400 / 1.00000000 0.00000000 0.00000000 / 55 0 55 255 / 0.97998060 0.09771730
				12.99365000 -8.48876900 -3.41894500 / 1.00000000 0.00000000 0.00000000 / 55 0 55 255 / 0.97998060 0.00839230
				-41.50635000 5.16503900 5.17236300 / -1.00000000 0.00000000 0.00000000 / 212 0 199 255 / 0.99665830 0.09771730
				12.99365000 -8.68896500 -3.41894500 / 1.00000000 0.00000000 0.00000000 / 55 0 55 255 / 0.99665830 0.00839230
				12.99365000 -8.68896500 -3.41894500 / 1.00000000 0.00000000 0.00000000 / 55 0 55 255 / 0.99665830 0.00839230
				-2.49511700 38.26807000 1.47607400 / 0.00000000 1.00000000 0.00000000 / 208 0 195 255 / 0.87222290 0.00839230
				12.99365000 -8.68896500 -4.62109400 / 1.00000000 0.00000000 0.00000000 / 55 0 55 255 / 0.99665830 0.09771730
				-26.19385000 38.26807000 5.17236300 / 0.00000000 1.00000000 0.00000000 / 211 0 199 255 / 0.93481450 0.09771730
				-26.19385000 38.26807000 5.17236300 / 0.00000000 1.00000000 0.00000000 / 211 0 199 255 / 0.93481450 0.09771730
				-26.19385000 38.26807000 6.37451100 / 0.00000000 1.00000000 0.00000000 / 211 0 199 255 / 0.93481450 0.00839230
				-25.99365000 38.26807000 6.37451100 / 0.00000000 1.00000000 0.00000000 / 211 0 199 255 / 0.95149230 0.00839230
				-98.18408000 60.22901000 -0.02880860 / -1.00000000 0.00000000 0.00000000 / 201 0 189 255 / 0.08189390 0.05484010
				-25.99365000 38.26807000 6.37451100 / 0.00000000 1.00000000 0.00000000 / 211 0 199 255 / 0.95149230 0.00839230
				-41.50635000 5.16503900 6.37451100 / -1.00000000 0.00000000 0.00000000 / 212 0 200 255 / 0.99665830 0.00839230
				-25.99365000 38.26807000 5.17236300 / 0.00000000 1.00000000 0.00000000 / 211 0 199 255 / 0.95149230 0.09771730
				-20.84326000 38.26807000 5.17236300 / 0.00000000 1.00000000 0.00000000 / 204 0 192 255 / 0.93481450 0.09771730
				-20.84326000 38.26807000 5.17236300 / 0.00000000 1.00000000 0.00000000 / 204 0 192 255 / 0.93481450 0.09771730
				-20.84326000 38.26807000 6.37451100 / 0.00000000 1.00000000 0.00000000 / 204 0 192 255 / 0.93481450 0.00839230
				-20.64307000 38.26807000 6.37451100 / 0.00000000 1.00000000 0.00000000 / 204 0 192 255 / 0.95149230 0.00839230
				-20.64307000 38.26807000 6.37451100 / 0.00000000 1.00000000 0.00000000 / 204 0 192 255 / 0.95149230 0.00839230
				-20.64307000 38.26807000 5.17236300 / 0.00000000 1.00000000 0.00000000 / 204 0 192 255 / 0.95149230 0.09771730
				-21.82764000 38.26807000 5.17236300 / 0.00000000 1.00000000 0.00000000 / 222 0 209 255 / 0.93481450 0.09771730
				-21.82764000 38.26807000 5.17236300 / 0.00000000 1.00000000 0.00000000 / 222 0 209 255 / 0.93481450 0.09771730
				-98.18408000 61.85010000 -0.02880860 / -1.00000000 0.00000000 0.00000000 / 202 0 190 255 / 0.03402710 0.05484010
				-24.82910000 -16.23193000 5.17236300 / 0.00000000 -1.00000000 0.00000000 / 227 0 213 255 / 0.93481450 0.09771730
				-41.50635000 5.16503900 6.37451100 / -1.00000000 0.00000000 0.00000000 / 212 0 200 255 / 0.99665830 0.00839230
				-2.29492200 38.26807000 1.47607400 / 0.00000000 1.00000000 0.00000000 / 207 0 195 255 / 0.88890070 0.00839230
				-2.29492200 38.26807000 1.47607400 / 0.00000000 1.00000000 0.00000000 / 207 0 195 255 / 0.88890070 0.00839230
				-21.82764000 38.26807000 6.37451100 / 0.00000000 1.00000000 0.00000000 / 222 0 209 255 / 0.93481450 0.00839230
				-21.62744000 38.26807000 6.37451100 / 0.00000000 1.00000000 0.00000000 / 222 0 209 255 / 0.95149230 0.00839230
				-21.62744000 38.26807000 6.37451100 / 0.00000000 1.00000000 0.00000000 / 222 0 209 255 / 0.95149230 0.00839230
				-21.62744000 38.26807000 5.17236300 / 0.00000000 1.00000000 0.00000000 / 222 0 209 255 / 0.95149230 0.09771730
				-17.08398000 38.26807000 5.17236300 / 0.00000000 1.00000000 0.00000000 / 216 0 203 255 / 0.93481450 0.09771730
				-17.08398000 38.26807000 5.17236300 / 0.00000000 1.00000000 0.00000000 / 216 0 203 255 / 0.93481450 0.09771730
				-17.08398000 38.26807000 6.37451100 / 0.00000000 1.00000000 0.00000000 / 216 0 203 255 / 0.93481450 0.00839230
				-16.88379000 38.26807000 6.37451100 / 0.00000000 1.00000000 0.00000000 / 216 0 203 255 / 0.95149230 0.00839230
				-41.50635000 5.36523400 6.37451100 / -1.00000000 0.00000000 0.00000000 / 213 0 200 255 / 0.97998060 0.00839230
				-98.19435000 54.33740000 -0.02880860 / -1.00000000 0.00000000 0.00000000 / 176 0 166 255 / 0.08677670 0.00952150
				-98.18408000 61.85010000 -0.02880860 / -1.00000000 0.00000000 0.00000000 / 202 0 190 255 / 0.03402710 0.05484010
				-16.88379000 38.26807000 6.37451100 / 0.00000000 1.00000000 0.00000000 / 216 0 203 255 / 0.95149230 0.00839230
				-16.88379000 38.26807000 5.17236300 / 0.00000000 1.00000000 0.00000000 / 216 0 203 255 / 0.95149230 0.09771730
				-24.82910000 38.26807000 5.17236300 / 0.00000000 1.00000000 0.00000000 / 214 0 201 255 / 0.93481450 0.09771730
				-24.82910000 38.26807000 5.17236300 / 0.00000000 1.00000000 0.00000000 / 214 0 201 255 / 0.93481450 0.09771730
				-24.82910000 38.26807000 6.37451100 / 0.00000000 1.00000000 0.00000000 / 215 0 202 255 / 0.93481450 0.00839230
				-24.62891000 38.26807000 6.37451100 / 0.00000000 1.00000000 0.00000000 / 214 0 201 255 / 0.95149230 0.00839230
				-24.62891000 38.26807000 6.37451100 / 0.00000000 1.00000000 0.00000000 / 214 0 201 255 / 0.95149230 0.00839230
				-2.29492200 38.26807000 0.27392580 / 0.00000000 1.00000000 0.00000000 / 207 0 195 255 / 0.88890070 0.09771730
				-41.50635000 0.62158200 5.17236300 / -1.00000000 0.00000000 0.00000000 / 213 0 200 255 / 0.97998060 0.09771730
				-24.62891000 38.26807000 5.17236300 / 0.00000000 1.00000000 0.00000000 / 214 0 201 255 / 0.95149230 0.09771730
				-7.61914100 38.26807000 5.17236300 / 0.00000000 1.00000000 0.00000000 / 222 0 208 255 / 0.93481450 0.09771730
				-98.18408000 61.85010000 -1.29687500 / -1.00000000 0.00000000 0.00000000 / 202 0 190 255 / 0.03402710 0.18106080
				-7.61914100 38.26807000 5.17236300 / 0.00000000 1.00000000 0.00000000 / 222 0 208 255 / 0.93481450 0.09771730
				-7.61914100 38.26807000 6.37451100 / 0.00000000 1.00000000 0.00000000 / 221 0 208 255 / 0.93481450 0.00839230
				-7.41894500 38.26807000 6.37451100 / 0.00000000 1.00000000 0.00000000 / 222 0 208 255 / 0.95149230 0.00839230
				-7.41894500 38.26807000 6.37451100 / 0.00000000 1.00000000 0.00000000 / 222 0 208 255 / 0.95149230 0.00839230
				-7.41894500 38.26807000 5.17236300 / 0.00000000 1.00000000 0.00000000 / 222 0 209 255 / 0.95149230 0.09771730
				-8.60351600 38.26807000 5.17236300 / 0.00000000 1.00000000 0.00000000 / 231 0 216 255 / 0.93481450 0.09771730
				-8.60351600 38.26807000 5.17236300 / 0.00000000 1.00000000 0.00000000 / 231 0 216 255 / 0.93481450 0.09771730
				-41.50635000 0.62158200 5.17236300 / -1.00000000 0.00000000 0.00000000 / 213 0 200 255 / 0.97998060 0.09771730
				-8.60351600 38.26807000 6.37451100 / 0.00000000 1.00000000 0.00000000 / 231 0 216 255 / 0.93481450 0.00839230
				-8.40332000 38.26807000 6.37451100 / 0.00000000 1.00000000 0.00000000 / 231 0 216 255 / 0.95149230 0.00839230
				-8.40332000 38.26807000 6.37451100 / 0.00000000 1.00000000 0.00000000 / 231 0 216 255 / 0.95149230 0.00839230
				-98.18408000 58.14356000 -0.02880860 / -1.00000000 0.00000000 0.00000000 / 197 0 185 255 / 0.08917240 0.02462770
				-8.40332000 38.26807000 5.17236300 / 0.00000000 1.00000000 0.00000000 / 231 0 216 255 / 0.95149230 0.09771730
				-3.85986300 38.26807000 5.17236300 / 0.00000000 1.00000000 0.00000000 / 209 0 196 255 / 0.93481450 0.09771730
				-3.85986300 38.26807000 5.17236300 / 0.00000000 1.00000000 0.00000000 / 209 0 196 255 / 0.93481450 0.09771730
				-7.61914100 38.26807000 -4.62109400 / 0.00000000 1.00000000 0.00000000 / 183 0 173 255 / 0.97998060 0.09771730
				-7.61914100 38.26807000 -4.62109400 / 0.00000000 1.00000000 0.00000000 / 183 0 173 255 / 0.97998060 0.09771730
				-3.85986300 38.26807000 6.37451100 / 0.00000000 1.00000000 0.00000000 / 209 0 196 255 / 0.93481450 0.00839230
				-41.50684000 0.42089840 5.17236300 / -1.00000000 0.00000000 0.00000000 / 213 0 200 255 / 0.99665830 0.09771730
				-3.65966800 38.26807000 6.37451100 / 0.00000000 1.00000000 0.00000000 / 209 0 196 255 / 0.95149230 0.00839230
				-3.65966800 38.26807000 6.37451100 / 0.00000000 1.00000000 0.00000000 / 209 0 196 255 / 0.95149230 0.00839230
				-3.65966800 38.26807000 5.17236300 / 0.00000000 1.00000000 0.00000000 / 209 0 196 255 / 0.95149230 0.09771730
				-11.60498000 38.26807000 5.17236300 / 0.00000000 1.00000000 0.00000000 / 236 0 222 255 / 0.93481450 0.09771730
				-98.18408000 58.14356000 -0.02880860 / -1.00000000 0.00000000 0.00000000 / 197 0 185 255 / 0.08917240 0.02462770
				-11.60498000 38.26807000 5.17236300 / 0.00000000 1.00000000 0.00000000 / 236 0 222 255 / 0.93481450 0.09771730
				-11.60498000 38.26807000 6.37451100 / 0.00000000 1.00000000 0.00000000 / 236 0 222 255 / 0.93481450 0.00839230
				-11.40479000 38.26807000 6.37451100 / 0.00000000 1.00000000 0.00000000 / 236 0 222 255 / 0.95149230 0.00839230
				-11.40479000 38.26807000 6.37451100 / 0.00000000 1.00000000 0.00000000 / 236 0 222 255 / 0.95149230 0.00839230
				-11.40479000 38.26807000 5.17236300 / 0.00000000 1.00000000 0.00000000 / 236 0 221 255 / 0.95149230 0.09771730
				-41.50684000 0.42089840 6.37451100 / -1.00000000 0.00000000 0.00000000 / 213 0 200 255 / 0.99665830 0.00839230
				1.49072300 38.26807000 5.17236300 / 0.00000000 1.00000000 0.00000000 / 210 0 197 255 / 0.93481450 0.09771730
				1.49072300 38.26807000 5.17236300 / 0.00000000 1.00000000 0.00000000 / 210 0 197 255 / 0.93481450 0.09771730
				1.49072300 38.26807000 6.37451100 / 0.00000000 1.00000000 0.00000000 / 210 0 197 255 / 0.93481450 0.00839230
				1.69091800 38.26807000 6.37451100 / 0.00000000 1.00000000 0.00000000 / 210 0 197 255 / 0.95149230 0.00839230
				1.69091800 38.26807000 6.37451100 / 0.00000000 1.00000000 0.00000000 / 210 0 197 255 / 0.95149230 0.00839230
				-98.18408000 58.14356000 -1.29687500 / -1.00000000 0.00000000 0.00000000 / 196 0 185 255 / 0.08917240 0.12454220
				-7.61914100 38.26807000 -3.41894500 / 0.00000000 1.00000000 0.00000000 / 184 0 173 255 / 0.97998060 0.00839230
				1.69091800 38.26807000 5.17236300 / 0.00000000 1.00000000 0.00000000 / 210 0 197 255 / 0.95149230 0.09771730
				0.50634760 38.26807000 5.17236300 / 0.00000000 1.00000000 0.00000000 / 210 0 198 255 / 0.93481450 0.09771730
				0.50634760 38.26807000 5.17236300 / 0.00000000 1.00000000 0.00000000 / 210 0 198 255 / 0.93481450 0.09771730
				-41.50684000 0.42089840 6.37451100 / -1.00000000 0.00000000 0.00000000 / 213 0 200 255 / 0.99665830 0.00839230
				0.50634760 38.26807000 6.37451100 / 0.00000000 1.00000000 0.00000000 / 210 0 197 255 / 0.93481450 0.00839230
				0.70654290 38.26807000 6.37451100 / 0.00000000 1.00000000 0.00000000 / 210 0 198 255 / 0.95149230 0.00839230
				0.70654290 38.26807000 6.37451100 / 0.00000000 1.00000000 0.00000000 / 210 0 198 255 / 0.95149230 0.00839230
				0.70654290 38.26807000 5.17236300 / 0.00000000 1.00000000 0.00000000 / 211 0 198 255 / 0.95149230 0.09771730
				5.25000000 38.26807000 5.17236300 / 0.00000000 1.00000000 0.00000000 / 214 0 201 255 / 0.93481450 0.09771730
				5.25000000 38.26807000 5.17236300 / 0.00000000 1.00000000 0.00000000 / 214 0 201 255 / 0.93481450 0.09771730
				-98.18408000 56.52246000 -1.29687500 / -1.00000000 0.00000000 0.00000000 / 197 0 185 255 / 0.11260990 0.12454220
				5.25000000 38.26807000 6.37451100 / 0.00000000 1.00000000 0.00000000 / 214 0 201 255 / 0.93481450 0.00839230
				5.45019500 38.26807000 6.37451100 / 0.00000000 1.00000000 0.00000000 / 214 0 201 255 / 0.95149230 0.00839230
				5.45019500 38.26807000 6.37451100 / 0.00000000 1.00000000 0.00000000 / 214 0 201 255 / 0.95149230 0.00839230
				-25.99365000 38.26807000 -3.41894500 / 0.00000000 1.00000000 0.00000000 / 215 0 202 255 / 0.99665830 0.00839230
				5.45019500 38.26807000 5.17236300 / 0.00000000 1.00000000 0.00000000 / 214 0 201 255 / 0.95149230 0.09771730
				-2.49511700 38.26807000 5.17236300 / 0.00000000 1.00000000 0.00000000 / 221 0 207 255 / 0.93481450 0.09771730
				-2.49511700 38.26807000 5.17236300 / 0.00000000 1.00000000 0.00000000 / 221 0 207 255 / 0.93481450 0.09771730
				-7.41894500 38.26807000 -3.41894500 / 0.00000000 1.00000000 0.00000000 / 183 0 173 255 / 0.99665830 0.00839230
				-7.41894500 38.26807000 -3.41894500 / 0.00000000 1.00000000 0.00000000 / 183 0 173 255 / 0.99665830 0.00839230
				-2.49511700 38.26807000 6.37451100 / 0.00000000 1.00000000 0.00000000 / 221 0 207 255 / 0.93481450 0.00839230
				-2.29492200 38.26807000 6.37451100 / 0.00000000 1.00000000 0.00000000 / 221 0 207 255 / 0.95149230 0.00839230
				-98.18408000 56.52246000 -1.29687500 / -1.00000000 0.00000000 0.00000000 / 197 0 185 255 / 0.11260990 0.12454220
				-2.29492200 38.26807000 6.37451100 / 0.00000000 1.00000000 0.00000000 / 221 0 207 255 / 0.95149230 0.00839230
				-2.29492200 38.26807000 5.17236300 / 0.00000000 1.00000000 0.00000000 / 221 0 207 255 / 0.95149230 0.09771730
				-98.18408000 33.83349000 -1.29687500 / -1.00000000 0.00000000 0.00000000 / 175 0 165 255 / 0.03239440 0.13642880
				-29.95313000 -16.23193000 5.17236300 / 0.00000000 -1.00000000 0.00000000 / 219 0 206 255 / 0.93481450 0.09771730
				-29.95313000 -16.23193000 5.17236300 / 0.00000000 -1.00000000 0.00000000 / 219 0 206 255 / 0.93481450 0.09771730
				-29.75293000 -16.23193000 5.17236300 / 0.00000000 -1.00000000 0.00000000 / 219 0 206 255 / 0.95149230 0.09771730
				-29.75293000 -16.23193000 6.37451100 / 0.00000000 -1.00000000 0.00000000 / 219 0 206 255 / 0.95149230 0.00839230
				-29.75293000 -16.23193000 6.37451100 / 0.00000000 -1.00000000 0.00000000 / 219 0 206 255 / 0.95149230 0.00839230
				-29.95313000 -16.23193000 6.37451100 / 0.00000000 -1.00000000 0.00000000 / 220 0 206 255 / 0.93481450 0.00839230
				-30.93799000 -16.23193000 5.17236300 / 0.00000000 -1.00000000 0.00000000 / 218 0 204 255 / 0.93481450 0.09771730
				-30.93799000 -16.23193000 5.17236300 / 0.00000000 -1.00000000 0.00000000 / 218 0 204 255 / 0.93481450 0.09771730
				-98.18408000 56.52246000 -0.02880860 / -1.00000000 0.00000000 0.00000000 / 197 0 186 255 / 0.11260990 0.02462770
				-30.73730000 -16.23193000 5.17236300 / 0.00000000 -1.00000000 0.00000000 / 217 0 204 255 / 0.95149230 0.09771730
				-25.99365000 38.26807000 -3.41894500 / 0.00000000 1.00000000 0.00000000 / 215 0 202 255 / 0.99665830 0.00839230
				-30.73730000 -16.23193000 6.37451100 / 0.00000000 -1.00000000 0.00000000 / 218 0 204 255 / 0.95149230 0.00839230
				-30.73730000 -16.23193000 6.37451100 / 0.00000000 -1.00000000 0.00000000 / 218 0 204 255 / 0.95149230 0.00839230
				-26.19385000 38.26807000 -3.41894500 / 0.00000000 1.00000000 0.00000000 / 215 0 202 255 / 0.97998060 0.00839230
				-7.41894500 38.26807000 -4.62109400 / 0.00000000 1.00000000 0.00000000 / 183 0 173 255 / 0.99665830 0.09771730
				-30.93799000 -16.23193000 6.37451100 / 0.00000000 -1.00000000 0.00000000 / 218 0 205 255 / 0.93481450 0.00839230
				-26.19385000 -16.23193000 5.17236300 / 0.00000000 -1.00000000 0.00000000 / 215 0 202 255 / 0.93481450 0.09771730
				-26.19385000 -16.23193000 5.17236300 / 0.00000000 -1.00000000 0.00000000 / 215 0 202 255 / 0.93481450 0.09771730
				-25.99365000 -16.23193000 5.17236300 / 0.00000000 -1.00000000 0.00000000 / 215 0 202 255 / 0.95149230 0.09771730
				-25.99365000 -16.23193000 6.37451100 / 0.00000000 -1.00000000 0.00000000 / 215 0 202 255 / 0.95149230 0.00839230
				-98.18408000 54.56934000 -1.29687500 / -1.00000000 0.00000000 0.00000000 / 210 0 197 255 / 0.02914430 0.10699460
				-24.62891000 -16.23193000 5.17236300 / 0.00000000 -1.00000000 0.00000000 / 227 0 213 255 / 0.95149230 0.09771730
				-11.60498000 38.26807000 -3.41894500 / 0.00000000 1.00000000 0.00000000 / 155 0 147 255 / 0.97998060 0.00839230
				-25.99365000 -16.23193000 6.37451100 / 0.00000000 -1.00000000 0.00000000 / 215 0 202 255 / 0.95149230 0.00839230
				-26.19385000 -16.23193000 6.37451100 / 0.00000000 -1.00000000 0.00000000 / 215 0 202 255 / 0.93481450 0.00839230
				-33.93897000 -16.23193000 5.17236300 / 0.00000000 -1.00000000 0.00000000 / 226 0 212 255 / 0.93481450 0.09771730
				-33.93897000 -16.23193000 5.17236300 / 0.00000000 -1.00000000 0.00000000 / 226 0 212 255 / 0.93481450 0.09771730
				-33.73877000 -16.23193000 5.17236300 / 0.00000000 -1.00000000 0.00000000 / 225 0 212 255 / 0.95149230 0.09771730
				-33.73877000 -16.23193000 6.37451100 / 0.00000000 -1.00000000 0.00000000 / 226 0 212 255 / 0.95149230 0.00839230
				-33.73877000 -16.23193000 6.37451100 / 0.00000000 -1.00000000 0.00000000 / 226 0 212 255 / 0.95149230 0.00839230
				-33.93897000 -16.23193000 6.37451100 / 0.00000000 -1.00000000 0.00000000 / 226 0 212 255 / 0.93481450 0.00839230
				-20.84326000 -16.23193000 5.17236300 / 0.00000000 -1.00000000 0.00000000 / 215 0 202 255 / 0.93481450 0.09771730
				-20.84326000 -16.23193000 5.17236300 / 0.00000000 -1.00000000 0.00000000 / 215 0 202 255 / 0.93481450 0.09771730
				-41.50684000 0.62158200 6.37451100 / -1.00000000 0.00000000 0.00000000 / 213 0 200 255 / 0.97998060 0.00839230
				-98.18408000 54.56934000 -1.29687500 / -1.00000000 0.00000000 0.00000000 / 210 0 197 255 / 0.02914430 0.10699460
				-8.60400400 38.26807000 -4.62109400 / 0.00000000 1.00000000 0.00000000 / 161 0 153 255 / 0.97998060 0.09771730
				-8.60400400 38.26807000 -4.62109400 / 0.00000000 1.00000000 0.00000000 / 161 0 153 255 / 0.97998060 0.09771730
				-20.64307000 -16.23193000 5.17236300 / 0.00000000 -1.00000000 0.00000000 / 216 0 203 255 / 0.95149230 0.09771730
				-20.64307000 -16.23193000 6.37451100 / 0.00000000 -1.00000000 0.00000000 / 215 0 202 255 / 0.95149230 0.00839230
				-20.64307000 -16.23193000 6.37451100 / 0.00000000 -1.00000000 0.00000000 / 215 0 202 255 / 0.95149230 0.00839230
				-20.84326000 -16.23193000 6.37451100 / 0.00000000 -1.00000000 0.00000000 / 215 0 202 255 / 0.93481450 0.00839230
				-21.82764000 -16.23193000 5.17236300 / 0.00000000 -1.00000000 0.00000000 / 229 0 215 255 / 0.93481450 0.09771730
				-21.82764000 -16.23193000 5.17236300 / 0.00000000 -1.00000000 0.00000000 / 229 0 215 255 / 0.93481450 0.09771730
				-21.62744000 -16.23193000 5.17236300 / 0.00000000 -1.00000000 0.00000000 / 229 0 215 255 / 0.95149230 0.09771730
				-41.50635000 8.36669900 5.17236300 / -1.00000000 0.00000000 0.00000000 / 220 0 207 255 / 0.97998060 0.09771730
				-21.62744000 -16.23193000 6.37451100 / 0.00000000 -1.00000000 0.00000000 / 229 0 215 255 / 0.95149230 0.00839230
				-41.50635000 8.36669900 5.17236300 / -1.00000000 0.00000000 0.00000000 / 220 0 207 255 / 0.97998060 0.09771730
				-41.50635000 8.16601600 5.17236300 / -1.00000000 0.00000000 0.00000000 / 220 0 207 255 / 0.99665830 0.09771730
				-41.50635000 8.16601600 6.37451100 / -1.00000000 0.00000000 0.00000000 / 220 0 207 255 / 0.99665830 0.00839230
				-41.50635000 8.16601600 6.37451100 / -1.00000000 0.00000000 0.00000000 / 220 0 207 255 / 0.99665830 0.00839230
				-41.50635000 8.36669900 6.37451100 / -1.00000000 0.00000000 0.00000000 / 220 0 207 255 / 0.97998060 0.00839230
				-41.50635000 -4.72949200 5.17236300 / -1.00000000 0.00000000 0.00000000 / 223 0 209 255 / 0.97998060 0.09771730
				-98.18408000 33.83349000 -1.29687500 / -1.00000000 0.00000000 0.00000000 / 175 0 165 255 / 0.03239440 0.13642880
				-24.62891000 -16.23193000 6.37451100 / 0.00000000 -1.00000000 0.00000000 / 227 0 213 255 / 0.95149230 0.00839230
				-41.50635000 -4.72949200 5.17236300 / -1.00000000 0.00000000 0.00000000 / 223 0 209 255 / 0.97998060 0.09771730
				-41.50635000 -4.92968800 5.17236300 / -1.00000000 0.00000000 0.00000000 / 222 0 209 255 / 0.99665830 0.09771730
				-41.50684000 -4.92968800 6.37451100 / -1.00000000 0.00000000 0.00000000 / 223 0 209 255 / 0.99665830 0.00839230
				-41.50684000 -4.92968800 6.37451100 / -1.00000000 0.00000000 0.00000000 / 223 0 209 255 / 0.99665830 0.00839230
				-41.50635000 -4.72949200 6.37451100 / -1.00000000 0.00000000 0.00000000 / 223 0 210 255 / 0.97998060 0.00839230
				-41.50635000 -3.74511700 5.17236300 / -1.00000000 0.00000000 0.00000000 / 228 0 214 255 / 0.97998060 0.09771730
				-41.50635000 -3.74511700 5.17236300 / -1.00000000 0.00000000 0.00000000 / 228 0 214 255 / 0.97998060 0.09771730
				-11.40479000 38.26807000 -3.41894500 / 0.00000000 1.00000000 0.00000000 / 155 0 147 255 / 0.99665830 0.00839230
				-11.40479000 38.26807000 -3.41894500 / 0.00000000 1.00000000 0.00000000 / 155 0 147 255 / 0.99665830 0.00839230
				-41.50635000 -3.94531300 5.17236300 / -1.00000000 0.00000000 0.00000000 / 228 0 214 255 / 0.99665830 0.09771730
				-24.62891000 -16.23193000 6.37451100 / 0.00000000 -1.00000000 0.00000000 / 227 0 213 255 / 0.95149230 0.00839230
				-98.18408000 33.83349000 -0.02880860 / -1.00000000 0.00000000 0.00000000 / 175 0 166 255 / 0.03239440 0.01020810
				-41.50635000 -3.94531300 6.37451100 / -1.00000000 0.00000000 0.00000000 / 228 0 214 255 / 0.99665830 0.00839230
				-41.50635000 -3.94531300 6.37451100 / -1.00000000 0.00000000 0.00000000 / 228 0 214 255 / 0.99665830 0.00839230
				-41.50635000 -3.74511700 6.37451100 / -1.00000000 0.00000000 0.00000000 / 228 0 214 255 / 0.97998060 0.00839230
				-41.50635000 -8.48876900 5.17236300 / -1.00000000 0.00000000 0.00000000 / 213 0 200 255 / 0.97998060 0.09771730
				-41.50635000 -8.48876900 5.17236300 / -1.00000000 0.00000000 0.00000000 / 213 0 200 255 / 0.97998060 0.09771730
				-41.50635000 -8.68896500 5.17236300 / -1.00000000 0.00000000 0.00000000 / 213 0 200 255 / 0.99665830 0.09771730
				-41.50635000 -8.68896500 6.37451100 / -1.00000000 0.00000000 0.00000000 / 213 0 200 255 / 0.99665830 0.00839230
				-41.50635000 -8.68896500 6.37451100 / -1.00000000 0.00000000 0.00000000 / 213 0 200 255 / 0.99665830 0.00839230
				-41.50635000 -8.48876900 6.37451100 / -1.00000000 0.00000000 0.00000000 / 213 0 200 255 / 0.97998060 0.00839230
				-24.82910000 -16.23193000 6.37451100 / 0.00000000 -1.00000000 0.00000000 / 227 0 213 255 / 0.93481450 0.00839230
				-41.50635000 -0.74365240 5.17236300 / -1.00000000 0.00000000 0.00000000 / 216 0 203 255 / 0.97998060 0.09771730
				-98.18408000 37.57324000 -1.29687500 / -1.00000000 0.00000000 0.00000000 / 181 0 171 255 / 0.02990720 0.13574220
				-41.50635000 -0.74365240 5.17236300 / -1.00000000 0.00000000 0.00000000 / 216 0 203 255 / 0.97998060 0.09771730
				-41.50635000 -0.94384770 5.17236300 / -1.00000000 0.00000000 0.00000000 / 216 0 203 255 / 0.99665830 0.09771730
				-41.50635000 -0.94384770 6.37451100 / -1.00000000 0.00000000 0.00000000 / 216 0 203 255 / 0.99665830 0.00839230
				-41.50635000 -0.94384770 6.37451100 / -1.00000000 0.00000000 0.00000000 / 216 0 203 255 / 0.99665830 0.00839230
				-11.40479000 38.26807000 -4.62109400 / 0.00000000 1.00000000 0.00000000 / 155 0 147 255 / 0.99665830 0.09771730
				-41.50635000 -0.74365240 6.37451100 / -1.00000000 0.00000000 0.00000000 / 216 0 203 255 / 0.97998060 0.00839230
				-0.95312500 26.71484000 5.16992200 / -1.00000000 0.00000000 0.00000000 / 190 0 179 255 / 0.93481450 0.09771730
				-0.95312500 26.71484000 5.16992200 / -1.00000000 0.00000000 0.00000000 / 190 0 179 255 / 0.93481450 0.09771730
				-98.19435000 54.33740000 -0.02880860 / -1.00000000 0.00000000 0.00000000 / 176 0 166 255 / 0.08677670 0.00952150
				-7.61914100 -16.23193000 5.17236300 / 0.00000000 -1.00000000 0.00000000 / 224 0 210 255 / 0.93481450 0.09771730
				-0.95312500 26.51465000 5.16992200 / -1.00000000 0.00000000 0.00000000 / 190 0 179 255 / 0.95149230 0.09771730
				-0.95312500 26.51465000 6.37255800 / -1.00000000 0.00000000 0.00000000 / 190 0 179 255 / 0.95149230 0.00839230
				-98.18408000 37.57324000 -1.29687500 / -1.00000000 0.00000000 0.00000000 / 181 0 171 255 / 0.02990720 0.13574220
				-0.95312500 26.51465000 6.37255800 / -1.00000000 0.00000000 0.00000000 / 190 0 179 255 / 0.95149230 0.00839230
				-0.95312500 26.71484000 6.37255800 / -1.00000000 0.00000000 0.00000000 / 189 0 179 255 / 0.93481450 0.00839230
				-0.95312500 27.69922000 5.16992200 / -1.00000000 0.00000000 0.00000000 / 199 0 188 255 / 0.93481450 0.09771730
				-0.95312500 27.69922000 5.16992200 / -1.00000000 0.00000000 0.00000000 / 199 0 188 255 / 0.93481450 0.09771730
				-0.95312500 27.49902000 5.16992200 / -1.00000000 0.00000000 0.00000000 / 199 0 187 255 / 0.95149230 0.09771730
				-0.95312500 27.49902000 6.37255800 / -1.00000000 0.00000000 0.00000000 / 199 0 188 255 / 0.95149230 0.00839230
				-0.95312500 27.49902000 6.37255800 / -1.00000000 0.00000000 0.00000000 / 199 0 188 255 / 0.95149230 0.00839230
				-7.61914100 -16.23193000 5.17236300 / 0.00000000 -1.00000000 0.00000000 / 224 0 210 255 / 0.93481450 0.09771730
				-0.95312500 27.69922000 6.37255800 / -1.00000000 0.00000000 0.00000000 / 200 0 188 255 / 0.93481450 0.00839230
				-0.95312500 22.95557000 5.16992200 / -1.00000000 0.00000000 0.00000000 / 188 0 177 255 / 0.93481450 0.09771730
				-0.95312500 22.95557000 5.16992200 / -1.00000000 0.00000000 0.00000000 / 188 0 177 255 / 0.93481450 0.09771730
				-20.64307000 -16.23193000 1.47607400 / 0.00000000 -1.00000000 0.00000000 / 216 0 203 255 / 0.88890070 0.00839230
				1.49072300 38.26807000 -4.62109400 / 0.00000000 1.00000000 0.00000000 / 195 0 184 255 / 0.97998060 0.09771730
				1.49072300 38.26807000 -4.62109400 / 0.00000000 1.00000000 0.00000000 / 195 0 184 255 / 0.97998060 0.09771730
				-0.95312500 22.75488000 5.17041000 / -1.00000000 0.00000000 0.00000000 / 188 0 177 255 / 0.95149230 0.09771730
				-0.95312500 22.75488000 6.37255800 / -1.00000000 0.00000000 0.00000000 / 188 0 177 255 / 0.95149230 0.00839230
				-0.95312500 22.75488000 6.37255800 / -1.00000000 0.00000000 0.00000000 / 188 0 177 255 / 0.95149230 0.00839230
				-0.95312500 22.95557000 6.37255800 / -1.00000000 0.00000000 0.00000000 / 188 0 177 255 / 0.93481450 0.00839230
				-7.41894500 -16.23193000 5.17236300 / 0.00000000 -1.00000000 0.00000000 / 224 0 210 255 / 0.95149230 0.09771730
				-0.95312500 30.70068000 5.17041000 / -1.00000000 0.00000000 0.00000000 / 161 0 152 255 / 0.93481450 0.09771730
				-0.95312500 30.70068000 5.17041000 / -1.00000000 0.00000000 0.00000000 / 161 0 152 255 / 0.93481450 0.09771730
				-0.95312500 30.50000000 5.16992200 / -1.00000000 0.00000000 0.00000000 / 161 0 152 255 / 0.95149230 0.09771730
				-0.95312500 30.50000000 6.37255800 / -1.00000000 0.00000000 0.00000000 / 161 0 152 255 / 0.95149230 0.00839230
				-98.18408000 37.34131000 -0.02880860 / -1.00000000 0.00000000 0.00000000 / 180 0 170 255 / 0.08351140 0.01020810
				-20.64307000 -16.23193000 1.47607400 / 0.00000000 -1.00000000 0.00000000 / 216 0 203 255 / 0.88890070 0.00839230
				-0.95312500 30.50000000 6.37255800 / -1.00000000 0.00000000 0.00000000 / 161 0 152 255 / 0.95149230 0.00839230
				-0.95312500 30.70068000 6.37255800 / -1.00000000 0.00000000 0.00000000 / 160 0 152 255 / 0.93481450 0.00839230
				-0.95312500 17.60498000 5.17041000 / -1.00000000 0.00000000 0.00000000 / 201 0 189 255 / 0.93481450 0.09771730
				-0.95312500 17.60498000 5.17041000 / -1.00000000 0.00000000 0.00000000 / 201 0 189 255 / 0.93481450 0.09771730
				-7.41894500 -16.23193000 6.37451100 / 0.00000000 -1.00000000 0.00000000 / 224 0 210 255 / 0.95149230 0.00839230
				-0.95312500 17.40430000 5.16992200 / -1.00000000 0.00000000 0.00000000 / 201 0 189 255 / 0.95149230 0.09771730
				-0.95312500 17.40430000 6.37255800 / -1.00000000 0.00000000 0.00000000 / 201 0 189 255 / 0.95149230 0.00839230
				-0.95312500 17.40430000 6.37255800 / -1.00000000 0.00000000 0.00000000 / 201 0 189 255 / 0.95149230 0.00839230
				1.49072300 38.26807000 -3.41894500 / 0.00000000 1.00000000 0.00000000 / 196 0 184 255 / 0.97998060 0.00839230
				-0.95312500 17.60498000 6.37255800 / -1.00000000 0.00000000 0.00000000 / 201 0 189 255 / 0.93481450 0.00839230
				-0.95312500 18.58936000 5.17041000 / -1.00000000 0.00000000 0.00000000 / 187 0 177 255 / 0.93481450 0.09771730
				-98.18408000 37.57324000 -0.02880860 / -1.00000000 0.00000000 0.00000000 / 180 0 169 255 / 0.02990720 0.00952150
				-0.95312500 18.58936000 5.17041000 / -1.00000000 0.00000000 0.00000000 / 187 0 177 255 / 0.93481450 0.09771730
				-0.95312500 18.38916000 5.17041000 / -1.00000000 0.00000000 0.00000000 / 188 0 177 255 / 0.95149230 0.09771730
				-0.95312500 18.38867000 6.37255800 / -1.00000000 0.00000000 0.00000000 / 187 0 177 255 / 0.95149230 0.00839230
				-7.41894500 -16.23193000 6.37451100 / 0.00000000 -1.00000000 0.00000000 / 224 0 210 255 / 0.95149230 0.00839230
				-0.95312500 18.38867000 6.37255800 / -1.00000000 0.00000000 0.00000000 / 187 0 177 255 / 0.95149230 0.00839230
				-0.95312500 18.58936000 6.37255800 / -1.00000000 0.00000000 0.00000000 / 187 0 176 255 / 0.93481450 0.00839230
				-0.95312500 13.84570000 5.16992200 / -1.00000000 0.00000000 0.00000000 / 204 0 192 255 / 0.93481450 0.09771730
				-0.95312500 13.84570000 5.16992200 / -1.00000000 0.00000000 0.00000000 / 204 0 192 255 / 0.93481450 0.09771730
				-0.95312500 13.64502000 5.16992200 / -1.00000000 0.00000000 0.00000000 / 204 0 192 255 / 0.95149230 0.09771730
				-0.95312500 13.64502000 6.37255800 / -1.00000000 0.00000000 0.00000000 / 204 0 192 255 / 0.95149230 0.00839230
				-0.95312500 13.64502000 6.37255800 / -1.00000000 0.00000000 0.00000000 / 204 0 192 255 / 0.95149230 0.00839230
				-98.18408000 39.21143000 -0.02880860 / -1.00000000 0.00000000 0.00000000 / 181 0 171 255 / 0.00189210 0.00952150
				-0.95312500 13.84570000 6.37255800 / -1.00000000 0.00000000 0.00000000 / 204 0 192 255 / 0.93481450 0.00839230
				-0.95312500 21.59033000 5.16992200 / -1.00000000 0.00000000 0.00000000 / 204 0 192 255 / 0.93481450 0.09771730
				-98.18408000 56.19043000 -0.02880860 / -1.00000000 0.00000000 0.00000000 / 210 0 197 255 / 0.08677670 -0.00184630
				-0.95312500 21.59033000 5.16992200 / -1.00000000 0.00000000 0.00000000 / 204 0 192 255 / 0.93481450 0.09771730
				1.69091800 38.26807000 -3.41894500 / 0.00000000 1.00000000 0.00000000 / 195 0 184 255 / 0.99665830 0.00839230
				1.69091800 38.26807000 -3.41894500 / 0.00000000 1.00000000 0.00000000 / 195 0 184 255 / 0.99665830 0.00839230
				-0.95312500 21.39014000 5.16992200 / -1.00000000 0.00000000 0.00000000 / 204 0 192 255 / 0.95149230 0.09771730
				-0.95312500 21.39014000 6.37255800 / -1.00000000 0.00000000 0.00000000 / 204 0 192 255 / 0.95149230 0.00839230
				-0.95312500 21.39014000 6.37255800 / -1.00000000 0.00000000 0.00000000 / 204 0 192 255 / 0.95149230 0.00839230
				-0.95312500 21.59033000 6.37255800 / -1.00000000 0.00000000 0.00000000 / 203 0 191 255 / 0.93481450 0.00839230
				-0.95312500 4.38085900 5.17041000 / -1.00000000 0.00000000 0.00000000 / 220 0 207 255 / 0.93481450 0.09771730
				-98.18408000 39.21143000 -0.02880860 / -1.00000000 0.00000000 0.00000000 / 181 0 171 255 / 0.00189210 0.00952150
				-0.95312500 4.38085900 5.17041000 / -1.00000000 0.00000000 0.00000000 / 220 0 207 255 / 0.93481450 0.09771730
				-7.61914100 -16.23193000 6.37451100 / 0.00000000 -1.00000000 0.00000000 / 224 0 210 255 / 0.93481450 0.00839230
				-0.95312500 4.18017600 5.16992200 / -1.00000000 0.00000000 0.00000000 / 219 0 206 255 / 0.95149230 0.09771730
				-0.95312500 4.18017600 6.37255800 / -1.00000000 0.00000000 0.00000000 / 220 0 207 255 / 0.95149230 0.00839230
				-0.95312500 4.18017600 6.37255800 / -1.00000000 0.00000000 0.00000000 / 220 0 207 255 / 0.95149230 0.00839230
				-0.95312500 4.38085900 6.37255800 / -1.00000000 0.00000000 0.00000000 / 220 0 207 255 / 0.93481450 0.00839230
				-0.95312500 5.36523400 5.17041000 / -1.00000000 0.00000000 0.00000000 / 208 0 195 255 / 0.93481450 0.09771730
				-0.95312500 5.36523400 5.17041000 / -1.00000000 0.00000000 0.00000000 / 208 0 195 255 / 0.93481450 0.09771730
				-0.95312500 5.16503900 5.17041000 / -1.00000000 0.00000000 0.00000000 / 208 0 195 255 / 0.95149230 0.09771730
				-0.95312500 5.16503900 6.37255800 / -1.00000000 0.00000000 0.00000000 / 208 0 195 255 / 0.95149230 0.00839230
				-0.95312500 5.16503900 6.37255800 / -1.00000000 0.00000000 0.00000000 / 208 0 195 255 / 0.95149230 0.00839230
				-98.18408000 39.21143000 -1.29687500 / -1.00000000 0.00000000 0.00000000 / 182 0 172 255 / 0.00189210 0.13574220
				-8.60351600 -16.23193000 5.17236300 / 0.00000000 -1.00000000 0.00000000 / 214 0 201 255 / 0.93481450 0.09771730
				1.69091800 38.26807000 -4.62109400 / 0.00000000 1.00000000 0.00000000 / 195 0 184 255 / 0.99665830 0.09771730
				-0.95312500 5.36523400 6.37255800 / -1.00000000 0.00000000 0.00000000 / 207 0 195 255 / 0.93481450 0.00839230
				-0.95312500 8.36669900 5.17041000 / -1.00000000 0.00000000 0.00000000 / 201 0 189 255 / 0.93481450 0.09771730
				-0.95312500 8.36669900 5.17041000 / -1.00000000 0.00000000 0.00000000 / 201 0 189 255 / 0.93481450 0.09771730
				-0.95312500 8.16601600 5.16992200 / -1.00000000 0.00000000 0.00000000 / 201 0 189 255 / 0.95149230 0.09771730
				-0.95312500 8.16601600 6.37255800 / -1.00000000 0.00000000 0.00000000 / 201 0 189 255 / 0.95149230 0.00839230
				-0.95312500 8.16601600 6.37255800 / -1.00000000 0.00000000 0.00000000 / 201 0 189 255 / 0.95149230 0.00839230
				-0.95312500 8.36621100 6.37255800 / -1.00000000 0.00000000 0.00000000 / 201 0 189 255 / 0.93481450 0.00839230
				-0.95312500 -4.72949200 5.17041000 / -1.00000000 0.00000000 0.00000000 / 198 0 186 255 / 0.93481450 0.09771730
				-0.95312500 -4.72949200 5.17041000 / -1.00000000 0.00000000 0.00000000 / 198 0 186 255 / 0.93481450 0.09771730
				-8.60351600 -16.23193000 5.17236300 / 0.00000000 -1.00000000 0.00000000 / 214 0 201 255 / 0.93481450 0.09771730
				-98.20362000 41.16455000 -0.02880860 / -1.00000000 0.00000000 0.00000000 / 204 0 192 255 / 0.02990720 0.00952150
				-0.95312500 -4.92968800 5.16992200 / -1.00000000 0.00000000 0.00000000 / 198 0 186 255 / 0.95149230 0.09771730
				-0.95312500 -4.92968800 6.37255800 / -1.00000000 0.00000000 0.00000000 / 198 0 186 255 / 0.95149230 0.00839230
				-0.95312500 -4.92968800 6.37255800 / -1.00000000 0.00000000 0.00000000 / 198 0 186 255 / 0.95149230 0.00839230
				-0.95312500 -4.72949200 6.37255800 / -1.00000000 0.00000000 0.00000000 / 198 0 187 255 / 0.93481450 0.00839230
				-0.95312500 -3.74511700 5.17041000 / -1.00000000 0.00000000 0.00000000 / 201 0 189 255 / 0.93481450 0.09771730
				-0.95312500 -3.74511700 5.17041000 / -1.00000000 0.00000000 0.00000000 / 201 0 189 255 / 0.93481450 0.09771730
				0.50634760 38.26807000 -4.62109400 / 0.00000000 1.00000000 0.00000000 / 203 0 191 255 / 0.97998060 0.09771730
				0.50634760 38.26807000 -4.62109400 / 0.00000000 1.00000000 0.00000000 / 203 0 191 255 / 0.97998060 0.09771730
				-0.95312500 -3.94531300 5.16992200 / -1.00000000 0.00000000 0.00000000 / 201 0 189 255 / 0.95149230 0.09771730
				-8.40332000 38.26807000 -3.41894500 / 0.00000000 1.00000000 0.00000000 / 161 0 153 255 / 0.99665830 0.00839230
				-0.95312500 -3.94531300 6.37255800 / -1.00000000 0.00000000 0.00000000 / 201 0 189 255 / 0.95149230 0.00839230
				-98.20362000 41.16455000 -0.02880860 / -1.00000000 0.00000000 0.00000000 / 204 0 192 255 / 0.02990720 0.00952150
				-0.95312500 -3.94531300 6.37255800 / -1.00000000 0.00000000 0.00000000 / 201 0 189 255 / 0.95149230 0.00839230
				-0.95312500 -3.74511700 6.37255800 / -1.00000000 0.00000000 0.00000000 / 200 0 189 255 / 0.93481450 0.00839230
				-0.95312500 -8.48876900 5.16992200 / -1.00000000 0.00000000 0.00000000 / 159 0 151 255 / 0.93481450 0.09771730
				-0.95312500 -8.48876900 5.16992200 / -1.00000000 0.00000000 0.00000000 / 159 0 151 255 / 0.93481450 0.09771730
				-0.95312500 -8.68896500 5.16992200 / -1.00000000 0.00000000 0.00000000 / 159 0 151 255 / 0.95149230 0.09771730
				-0.95312500 -8.68896500 6.37255800 / -1.00000000 0.00000000 0.00000000 / 159 0 151 255 / 0.95149230 0.00839230
				-0.95312500 -8.68896500 6.37255800 / -1.00000000 0.00000000 0.00000000 / 159 0 151 255 / 0.95149230 0.00839230
				-0.95312500 -8.48876900 6.37255800 / -1.00000000 0.00000000 0.00000000 / 159 0 151 255 / 0.93481450 0.00839230
				-98.18408000 54.56934000 -0.02880860 / -1.00000000 0.00000000 0.00000000 / 209 0 197 255 / 0.02914430 -0.00184630
				-8.40332000 38.26807000 -3.41894500 / 0.00000000 1.00000000 0.00000000 / 161 0 153 255 / 0.99665830 0.00839230
				-20.84326000 -9.31494200 5.17041000 / 0.00000000 1.00000000 0.00000000 / 202 0 190 255 / 0.93481450 0.09771730
				-20.84326000 -9.31494200 5.17041000 / 0.00000000 1.00000000 0.00000000 / 202 0 190 255 / 0.93481450 0.09771730
				-98.20362000 41.16455000 -1.29687500 / -1.00000000 0.00000000 0.00000000 / 204 0 192 255 / 0.02990720 0.13574220
				-20.84326000 -9.31494200 6.37255800 / 0.00000000 1.00000000 0.00000000 / 202 0 190 255 / 0.93481450 0.00839230
				-20.64307000 -9.31494200 6.37255800 / 0.00000000 1.00000000 0.00000000 / 202 0 190 255 / 0.95149230 0.00839230
				-20.64307000 -9.31494200 6.37255800 / 0.00000000 1.00000000 0.00000000 / 202 0 190 255 / 0.95149230 0.00839230
				0.50634760 38.26807000 -3.41894500 / 0.00000000 1.00000000 0.00000000 / 204 0 191 255 / 0.97998060 0.00839230
				-20.64307000 -9.31494200 5.16992200 / 0.00000000 1.00000000 0.00000000 / 202 0 190 255 / 0.95149230 0.09771730
				-21.82764000 -9.31494200 5.16992200 / 0.00000000 1.00000000 0.00000000 / 209 0 196 255 / 0.93481450 0.09771730
				-21.82764000 -9.31494200 5.16992200 / 0.00000000 1.00000000 0.00000000 / 209 0 196 255 / 0.93481450 0.09771730
				-8.40332000 -16.23193000 5.17236300 / 0.00000000 -1.00000000 0.00000000 / 214 0 201 255 / 0.95149230 0.09771730
				-21.82764000 -9.31494200 6.37255800 / 0.00000000 1.00000000 0.00000000 / 209 0 196 255 / 0.93481450 0.00839230
				-21.62744000 -9.31494200 6.37255800 / 0.00000000 1.00000000 0.00000000 / 209 0 196 255 / 0.95149230 0.00839230
				-21.62744000 -9.31494200 6.37255800 / 0.00000000 1.00000000 0.00000000 / 209 0 196 255 / 0.95149230 0.00839230
				-98.20362000 39.54346000 -1.29687500 / -1.00000000 0.00000000 0.00000000 / 204 0 192 255 / 0.00189210 0.13574220
				-21.62744000 -9.31494200 5.16992200 / 0.00000000 1.00000000 0.00000000 / 209 0 197 255 / 0.95149230 0.09771730
				-17.08398000 -9.31494200 5.16992200 / 0.00000000 1.00000000 0.00000000 / 207 0 195 255 / 0.93481450 0.09771730
				-17.08398000 -9.31494200 5.16992200 / 0.00000000 1.00000000 0.00000000 / 207 0 195 255 / 0.93481450 0.09771730
				-17.08398000 -9.31494200 6.37255800 / 0.00000000 1.00000000 0.00000000 / 208 0 195 255 / 0.93481450 0.00839230
				-16.88379000 -9.31494200 6.37255800 / 0.00000000 1.00000000 0.00000000 / 207 0 195 255 / 0.95149230 0.00839230
				-16.88379000 -9.31494200 6.37255800 / 0.00000000 1.00000000 0.00000000 / 207 0 195 255 / 0.95149230 0.00839230
				-8.40332000 -16.23193000 6.37451100 / 0.00000000 -1.00000000 0.00000000 / 214 0 201 255 / 0.95149230 0.00839230
				-16.88379000 -9.31494200 5.16992200 / 0.00000000 1.00000000 0.00000000 / 207 0 195 255 / 0.95149230 0.09771730
				-24.82910000 -9.31494200 5.16992200 / 0.00000000 1.00000000 0.00000000 / 209 0 196 255 / 0.93481450 0.09771730
				-24.82910000 -9.31494200 5.16992200 / 0.00000000 1.00000000 0.00000000 / 209 0 196 255 / 0.93481450 0.09771730
				0.70654290 38.26807000 -3.41894500 / 0.00000000 1.00000000 0.00000000 / 203 0 191 255 / 0.99665830 0.00839230
				-98.20362000 39.54346000 -1.29687500 / -1.00000000 0.00000000 0.00000000 / 204 0 192 255 / 0.00189210 0.13574220
				0.70654290 38.26807000 -3.41894500 / 0.00000000 1.00000000 0.00000000 / 203 0 191 255 / 0.99665830 0.00839230
				-24.82910000 -9.31494200 6.37255800 / 0.00000000 1.00000000 0.00000000 / 209 0 196 255 / 0.93481450 0.00839230
				-24.62891000 -9.31494200 6.37255800 / 0.00000000 1.00000000 0.00000000 / 209 0 196 255 / 0.95149230 0.00839230
				-24.62891000 -9.31494200 6.37255800 / 0.00000000 1.00000000 0.00000000 / 209 0 196 255 / 0.95149230 0.00839230
				-24.62891000 -9.31494200 5.16992200 / 0.00000000 1.00000000 0.00000000 / 209 0 196 255 / 0.95149230 0.09771730
				-8.40332000 -16.23193000 6.37451100 / 0.00000000 -1.00000000 0.00000000 / 214 0 201 255 / 0.95149230 0.00839230
				-7.61914100 -9.31494200 5.17041000 / 0.00000000 1.00000000 0.00000000 / 209 0 197 255 / 0.93481450 0.09771730
				-7.61914100 -9.31494200 5.17041000 / 0.00000000 1.00000000 0.00000000 / 209 0 197 255 / 0.93481450 0.09771730
				-7.61914100 -9.31494200 6.37255800 / 0.00000000 1.00000000 0.00000000 / 209 0 197 255 / 0.93481450 0.00839230
				-7.41894500 -9.31494200 6.37255800 / 0.00000000 1.00000000 0.00000000 / 209 0 197 255 / 0.95149230 0.00839230
				-7.41894500 -9.31494200 6.37255800 / 0.00000000 1.00000000 0.00000000 / 209 0 197 255 / 0.95149230 0.00839230
				-98.18408000 37.34131000 -0.02880860 / -1.00000000 0.00000000 0.00000000 / 180 0 170 255 / 0.08351140 0.01020810
				-98.20362000 39.54346000 -0.02880860 / -1.00000000 0.00000000 0.00000000 / 204 0 192 255 / 0.00189210 0.00952150
				-7.41894500 -9.31494200 5.16992200 / 0.00000000 1.00000000 0.00000000 / 209 0 197 255 / 0.95149230 0.09771730
				-8.60351600 -9.31494200 5.17041000 / 0.00000000 1.00000000 0.00000000 / 217 0 204 255 / 0.93481450 0.09771730
				-8.60351600 -9.31494200 5.17041000 / 0.00000000 1.00000000 0.00000000 / 217 0 204 255 / 0.93481450 0.09771730
				-8.60351600 -16.23193000 6.37451100 / 0.00000000 -1.00000000 0.00000000 / 214 0 201 255 / 0.93481450 0.00839230
				-8.60351600 -9.31494200 6.37255800 / 0.00000000 1.00000000 0.00000000 / 217 0 204 255 / 0.93481450 0.00839230
				-8.40332000 -9.31494200 6.37255800 / 0.00000000 1.00000000 0.00000000 / 217 0 204 255 / 0.95149230 0.00839230
				-8.40332000 -9.31494200 6.37255800 / 0.00000000 1.00000000 0.00000000 / 217 0 204 255 / 0.95149230 0.00839230
				-25.99365000 38.26807000 -4.62109400 / 0.00000000 1.00000000 0.00000000 / 215 0 202 255 / 0.99665830 0.09771730
				0.70654290 38.26807000 -4.62109400 / 0.00000000 1.00000000 0.00000000 / 203 0 191 255 / 0.99665830 0.09771730
				-8.40332000 -9.31494200 5.16992200 / 0.00000000 1.00000000 0.00000000 / 216 0 203 255 / 0.95149230 0.09771730
				-3.85986300 -9.31494200 5.16992200 / 0.00000000 1.00000000 0.00000000 / 202 0 190 255 / 0.93481450 0.09771730
				-86.71094000 46.82422000 -1.29687500 / 1.00000000 0.00000000 0.00000000 / 204 0 192 255 / 0.03160090 0.16697690
				-3.85986300 -9.31494200 5.16992200 / 0.00000000 1.00000000 0.00000000 / 202 0 190 255 / 0.93481450 0.09771730
				-3.85986300 -9.31494200 6.37255800 / 0.00000000 1.00000000 0.00000000 / 201 0 190 255 / 0.93481450 0.00839230
				-3.85986300 -16.23193000 5.17236300 / 0.00000000 -1.00000000 0.00000000 / 212 0 199 255 / 0.93481450 0.09771730
				-3.65966800 -9.31494200 6.37255800 / 0.00000000 1.00000000 0.00000000 / 202 0 190 255 / 0.95149230 0.00839230
				-3.65966800 -9.31494200 6.37255800 / 0.00000000 1.00000000 0.00000000 / 202 0 190 255 / 0.95149230 0.00839230
				-3.65966800 -9.31494200 5.16992200 / 0.00000000 1.00000000 0.00000000 / 202 0 190 255 / 0.95149230 0.09771730
				-11.60498000 -9.31494200 5.16992200 / 0.00000000 1.00000000 0.00000000 / 210 0 198 255 / 0.93481450 0.09771730
				-11.60498000 -9.31494200 5.16992200 / 0.00000000 1.00000000 0.00000000 / 210 0 198 255 / 0.93481450 0.09771730
				-11.60498000 -9.31494200 6.37255800 / 0.00000000 1.00000000 0.00000000 / 211 0 198 255 / 0.93481450 0.00839230
				-11.40479000 -9.31494200 6.37255800 / 0.00000000 1.00000000 0.00000000 / 210 0 198 255 / 0.95149230 0.00839230
				-11.40479000 -9.31494200 6.37255800 / 0.00000000 1.00000000 0.00000000 / 210 0 198 255 / 0.95149230 0.00839230
				-86.71094000 46.82422000 -1.29687500 / 1.00000000 0.00000000 0.00000000 / 204 0 192 255 / 0.03160090 0.16697690
				-11.40479000 -9.31494200 5.16992200 / 0.00000000 1.00000000 0.00000000 / 210 0 198 255 / 0.95149230 0.09771730
				-20.64307000 -16.23193000 0.27392580 / 0.00000000 -1.00000000 0.00000000 / 217 0 204 255 / 0.88890070 0.09771730
				-27.56006000 17.60498000 5.17041000 / 1.00000000 0.00000000 0.00000000 / 205 0 193 255 / 0.93481450 0.09771730
				-27.56006000 17.60498000 5.17041000 / 1.00000000 0.00000000 0.00000000 / 205 0 193 255 / 0.93481450 0.09771730
				5.25000000 38.26807000 -4.62109400 / 0.00000000 1.00000000 0.00000000 / 190 0 179 255 / 0.97998060 0.09771730
				5.25000000 38.26807000 -4.62109400 / 0.00000000 1.00000000 0.00000000 / 190 0 179 255 / 0.97998060 0.09771730
				-27.56006000 17.60498000 6.37255800 / 1.00000000 0.00000000 0.00000000 / 206 0 194 255 / 0.93481450 0.00839230
				-27.56006000 17.40430000 6.37255800 / 1.00000000 0.00000000 0.00000000 / 205 0 193 255 / 0.95149230 0.00839230
				-27.56006000 17.40430000 6.37255800 / 1.00000000 0.00000000 0.00000000 / 205 0 193 255 / 0.95149230 0.00839230
				-27.56006000 17.40430000 5.16992200 / 1.00000000 0.00000000 0.00000000 / 205 0 193 255 / 0.95149230 0.09771730
				-27.56006000 18.58936000 5.17041000 / 1.00000000 0.00000000 0.00000000 / 198 0 186 255 / 0.93481450 0.09771730
				-86.71094000 46.82422000 -0.02880860 / 1.00000000 0.00000000 0.00000000 / 204 0 192 255 / 0.03160090 0.02897640
				-3.85986300 -16.23193000 5.17236300 / 0.00000000 -1.00000000 0.00000000 / 212 0 199 255 / 0.93481450 0.09771730
				-27.56006000 18.58936000 5.17041000 / 1.00000000 0.00000000 0.00000000 / 198 0 186 255 / 0.93481450 0.09771730
				-27.56006000 18.58936000 6.37255800 / 1.00000000 0.00000000 0.00000000 / 197 0 186 255 / 0.93481450 0.00839230
				-27.56006000 18.38867000 6.37255800 / 1.00000000 0.00000000 0.00000000 / 198 0 186 255 / 0.95149230 0.00839230
				-27.56006000 18.38867000 6.37255800 / 1.00000000 0.00000000 0.00000000 / 198 0 186 255 / 0.95149230 0.00839230
				-27.56006000 18.38916000 5.17041000 / 1.00000000 0.00000000 0.00000000 / 198 0 186 255 / 0.95149230 0.09771730
				-27.56006000 13.84570000 5.16992200 / 1.00000000 0.00000000 0.00000000 / 200 0 188 255 / 0.93481450 0.09771730
				-27.56006000 13.84570000 5.16992200 / 1.00000000 0.00000000 0.00000000 / 200 0 188 255 / 0.93481450 0.09771730
				-27.56006000 13.84570000 6.37255800 / 1.00000000 0.00000000 0.00000000 / 200 0 188 255 / 0.93481450 0.00839230
				-27.56006000 13.64502000 6.37255800 / 1.00000000 0.00000000 0.00000000 / 200 0 188 255 / 0.95149230 0.00839230
				-27.56006000 13.64502000 6.37255800 / 1.00000000 0.00000000 0.00000000 / 200 0 188 255 / 0.95149230 0.00839230
				-3.65966800 -16.23193000 5.17236300 / 0.00000000 -1.00000000 0.00000000 / 212 0 199 255 / 0.95149230 0.09771730
				-86.71094000 45.20264000 -0.02880860 / 1.00000000 0.00000000 0.00000000 / 204 0 192 255 / 0.08432010 0.02897640
				5.25000000 38.26807000 -3.41894500 / 0.00000000 1.00000000 0.00000000 / 190 0 179 255 / 0.97998060 0.00839230
				-27.56006000 13.64502000 5.16992200 / 1.00000000 0.00000000 0.00000000 / 201 0 189 255 / 0.95149230 0.09771730
				-27.56006000 4.38085900 5.17041000 / 1.00000000 0.00000000 0.00000000 / 219 0 205 255 / 0.93481450 0.09771730
				-27.56006000 4.38085900 5.17041000 / 1.00000000 0.00000000 0.00000000 / 219 0 205 255 / 0.93481450 0.09771730
				-27.56006000 4.38085900 6.37255800 / 1.00000000 0.00000000 0.00000000 / 219 0 206 255 / 0.93481450 0.00839230
				-27.56006000 4.18017600 6.37255800 / 1.00000000 0.00000000 0.00000000 / 219 0 205 255 / 0.95149230 0.00839230
				-27.56006000 4.18017600 6.37255800 / 1.00000000 0.00000000 0.00000000 / 219 0 205 255 / 0.95149230 0.00839230
				-27.56006000 4.18017600 5.16992200 / 1.00000000 0.00000000 0.00000000 / 219 0 205 255 / 0.95149230 0.09771730
				-27.56006000 5.36523400 5.17041000 / 1.00000000 0.00000000 0.00000000 / 211 0 198 255 / 0.93481450 0.09771730
				-3.65966800 -16.23193000 6.37451100 / 0.00000000 -1.00000000 0.00000000 / 212 0 199 255 / 0.95149230 0.00839230
				-27.56006000 5.36523400 5.17041000 / 1.00000000 0.00000000 0.00000000 / 211 0 198 255 / 0.93481450 0.09771730
				-86.71094000 45.20264000 -0.02880860 / 1.00000000 0.00000000 0.00000000 / 204 0 192 255 / 0.08432010 0.02897640
				-27.56006000 5.36523400 6.37255800 / 1.00000000 0.00000000 0.00000000 / 211 0 198 255 / 0.93481450 0.00839230
				-27.56006000 5.16503900 6.37255800 / 1.00000000 0.00000000 0.00000000 / 211 0 198 255 / 0.95149230 0.00839230
				-27.56006000 5.16503900 6.37255800 / 1.00000000 0.00000000 0.00000000 / 211 0 198 255 / 0.95149230 0.00839230
				-27.56006000 5.16503900 5.16992200 / 1.00000000 0.00000000 0.00000000 / 211 0 198 255 / 0.95149230 0.09771730
				-27.56006000 0.62158200 5.16992200 / 1.00000000 0.00000000 0.00000000 / 203 0 191 255 / 0.93481450 0.09771730
				-27.56006000 0.62158200 5.16992200 / 1.00000000 0.00000000 0.00000000 / 203 0 191 255 / 0.93481450 0.09771730
				5.45019500 38.26807000 -3.41894500 / 0.00000000 1.00000000 0.00000000 / 190 0 179 255 / 0.99665830 0.00839230
				5.45019500 38.26807000 -3.41894500 / 0.00000000 1.00000000 0.00000000 / 190 0 179 255 / 0.99665830 0.00839230
				-21.62744000 -16.23193000 6.37451100 / 0.00000000 -1.00000000 0.00000000 / 229 0 215 255 / 0.95149230 0.00839230
				-3.65966800 -16.23193000 6.37451100 / 0.00000000 -1.00000000 0.00000000 / 212 0 199 255 / 0.95149230 0.00839230
				-27.56006000 0.62158200 6.37255800 / 1.00000000 0.00000000 0.00000000 / 202 0 191 255 / 0.93481450 0.00839230
				-27.56006000 0.42089840 6.37255800 / 1.00000000 0.00000000 0.00000000 / 203 0 191 255 / 0.95149230 0.00839230
				-20.84326000 -16.23193000 1.47607400 / 0.00000000 -1.00000000 0.00000000 / 216 0 203 255 / 0.87222290 0.00839230
				-27.56006000 0.42089840 6.37255800 / 1.00000000 0.00000000 0.00000000 / 203 0 191 255 / 0.95149230 0.00839230
				-27.56006000 0.42089840 5.16992200 / 1.00000000 0.00000000 0.00000000 / 203 0 191 255 / 0.95149230 0.09771730
				-27.56006000 8.36669900 5.16992200 / 1.00000000 0.00000000 0.00000000 / 205 0 193 255 / 0.93481450 0.09771730
				-27.56006000 8.36669900 5.16992200 / 1.00000000 0.00000000 0.00000000 / 205 0 193 255 / 0.93481450 0.09771730
				-27.56006000 8.36621100 6.37255800 / 1.00000000 0.00000000 0.00000000 / 205 0 193 255 / 0.93481450 0.00839230
				-27.56006000 8.16601600 6.37255800 / 1.00000000 0.00000000 0.00000000 / 205 0 193 255 / 0.95149230 0.00839230
				-27.56006000 8.16601600 6.37255800 / 1.00000000 0.00000000 0.00000000 / 205 0 193 255 / 0.95149230 0.00839230
				-3.85986300 -16.23193000 6.37451100 / 0.00000000 -1.00000000 0.00000000 / 212 0 199 255 / 0.93481450 0.00839230
				-27.56006000 8.16601600 5.16992200 / 1.00000000 0.00000000 0.00000000 / 204 0 192 255 / 0.95149230 0.09771730
				-27.56006000 -4.72949200 5.17041000 / 1.00000000 0.00000000 0.00000000 / 194 0 183 255 / 0.93481450 0.09771730
				-27.56006000 -4.72949200 5.17041000 / 1.00000000 0.00000000 0.00000000 / 194 0 183 255 / 0.93481450 0.09771730
				-86.71094000 45.20264000 -1.29687500 / 1.00000000 0.00000000 0.00000000 / 204 0 192 255 / 0.08432010 0.16697690
				-27.56006000 -4.72949200 6.37255800 / 1.00000000 0.00000000 0.00000000 / 194 0 183 255 / 0.93481450 0.00839230
				-27.56006000 -4.92968800 6.37255800 / 1.00000000 0.00000000 0.00000000 / 194 0 183 255 / 0.95149230 0.00839230
				-27.56006000 -4.92968800 6.37255800 / 1.00000000 0.00000000 0.00000000 / 194 0 183 255 / 0.95149230 0.00839230
				5.45019500 38.26807000 -4.62109400 / 0.00000000 1.00000000 0.00000000 / 190 0 179 255 / 0.99665830 0.09771730
				-27.56006000 -4.92968800 5.16992200 / 1.00000000 0.00000000 0.00000000 / 194 0 183 255 / 0.95149230 0.09771730
				-27.56006000 -3.74511700 5.16992200 / 1.00000000 0.00000000 0.00000000 / 209 0 197 255 / 0.93481450 0.09771730
				-11.60498000 -16.23193000 5.17236300 / 0.00000000 -1.00000000 0.00000000 / 228 0 214 255 / 0.93481450 0.09771730
				-27.56006000 -3.74511700 5.16992200 / 1.00000000 0.00000000 0.00000000 / 209 0 197 255 / 0.93481450 0.09771730
				-27.56006000 -3.74511700 6.37255800 / 1.00000000 0.00000000 0.00000000 / 209 0 197 255 / 0.93481450 0.00839230
				-27.56006000 -3.94531300 6.37255800 / 1.00000000 0.00000000 0.00000000 / 209 0 197 255 / 0.95149230 0.00839230
				-27.56006000 -3.94531300 6.37255800 / 1.00000000 0.00000000 0.00000000 / 209 0 197 255 / 0.95149230 0.00839230
				-86.71094000 48.90918000 -0.02880860 / 1.00000000 0.00000000 0.00000000 / 187 0 177 255 / 0.03160090 0.00363160
				-27.56006000 -3.94531300 5.17041000 / 1.00000000 0.00000000 0.00000000 / 209 0 196 255 / 0.95149230 0.09771730
				-27.56006000 -8.48876900 5.17041000 / 1.00000000 0.00000000 0.00000000 / 183 0 173 255 / 0.93481450 0.09771730
				-27.56006000 -8.48876900 5.17041000 / 1.00000000 0.00000000 0.00000000 / 183 0 173 255 / 0.93481450 0.09771730
				-27.56006000 -8.48876900 6.37255800 / 1.00000000 0.00000000 0.00000000 / 183 0 172 255 / 0.93481450 0.00839230
				-27.56006000 -8.68896500 6.37255800 / 1.00000000 0.00000000 0.00000000 / 183 0 173 255 / 0.95149230 0.00839230
				-11.60498000 -16.23193000 5.17236300 / 0.00000000 -1.00000000 0.00000000 / 228 0 214 255 / 0.93481450 0.09771730
				-27.56006000 -8.68896500 6.37255800 / 1.00000000 0.00000000 0.00000000 / 183 0 173 255 / 0.95149230 0.00839230
				-27.56006000 -8.68896500 5.16992200 / 1.00000000 0.00000000 0.00000000 / 184 0 173 255 / 0.95149230 0.09771730
				-27.56006000 -0.74365240 5.16992200 / 1.00000000 0.00000000 0.00000000 / 222 0 209 255 / 0.93481450 0.09771730
				-27.56006000 -0.74365240 5.16992200 / 1.00000000 0.00000000 0.00000000 / 222 0 209 255 / 0.93481450 0.09771730
				-2.49511700 38.26807000 -4.62109400 / 0.00000000 1.00000000 0.00000000 / 184 0 174 255 / 0.97998060 0.09771730
				-86.71094000 48.90918000 -0.02880860 / 1.00000000 0.00000000 0.00000000 / 187 0 177 255 / 0.03160090 0.00363160
				-2.49511700 38.26807000 -4.62109400 / 0.00000000 1.00000000 0.00000000 / 184 0 174 255 / 0.97998060 0.09771730
				-27.56006000 -0.74365240 6.37255800 / 1.00000000 0.00000000 0.00000000 / 223 0 209 255 / 0.93481450 0.00839230
				-27.56006000 -0.94384770 6.37255800 / 1.00000000 0.00000000 0.00000000 / 222 0 209 255 / 0.95149230 0.00839230
				-27.56006000 -0.94384770 6.37255800 / 1.00000000 0.00000000 0.00000000 / 222 0 209 255 / 0.95149230 0.00839230
				-11.40479000 -16.23193000 5.17236300 / 0.00000000 -1.00000000 0.00000000 / 228 0 214 255 / 0.95149230 0.09771730
				-27.56006000 -0.94384770 5.16992200 / 1.00000000 0.00000000 0.00000000 / 222 0 209 255 / 0.95149230 0.09771730
				-20.84326000 31.35791000 5.16992200 / 0.00000000 -1.00000000 0.00000000 / 205 0 193 255 / 0.93481450 0.09771730
				-20.84326000 31.35791000 5.16992200 / 0.00000000 -1.00000000 0.00000000 / 205 0 193 255 / 0.93481450 0.09771730
				-20.64307000 31.35791000 5.16992200 / 0.00000000 -1.00000000 0.00000000 / 205 0 193 255 / 0.95149230 0.09771730
				-20.64307000 31.35791000 6.37255800 / 0.00000000 -1.00000000 0.00000000 / 205 0 193 255 / 0.95149230 0.00839230
				-20.64307000 31.35791000 6.37255800 / 0.00000000 -1.00000000 0.00000000 / 205 0 193 255 / 0.95149230 0.00839230
				-98.18408000 37.34131000 -1.29687500 / -1.00000000 0.00000000 0.00000000 / 180 0 170 255 / 0.08351140 0.13642880
				-86.71094000 48.90918000 -1.29687500 / 1.00000000 0.00000000 0.00000000 / 187 0 176 255 / 0.03160090 0.14163210
				-20.84326000 31.35791000 6.37255800 / 0.00000000 -1.00000000 0.00000000 / 205 0 192 255 / 0.93481450 0.00839230
				-21.82764000 31.35791000 5.16992200 / 0.00000000 -1.00000000 0.00000000 / 187 0 177 255 / 0.93481450 0.09771730
				-11.40479000 -16.23193000 6.37451100 / 0.00000000 -1.00000000 0.00000000 / 228 0 214 255 / 0.95149230 0.00839230
				-21.82764000 31.35791000 5.16992200 / 0.00000000 -1.00000000 0.00000000 / 187 0 177 255 / 0.93481450 0.09771730
				-21.62744000 31.35791000 5.16992200 / 0.00000000 -1.00000000 0.00000000 / 187 0 176 255 / 0.95149230 0.09771730
				-21.62744000 31.35791000 6.37255800 / 0.00000000 -1.00000000 0.00000000 / 187 0 177 255 / 0.95149230 0.00839230
				-21.62744000 31.35791000 6.37255800 / 0.00000000 -1.00000000 0.00000000 / 187 0 177 255 / 0.95149230 0.00839230
				-2.49511700 38.26807000 -3.41894500 / 0.00000000 1.00000000 0.00000000 / 185 0 174 255 / 0.97998060 0.00839230
				-21.82764000 31.35791000 6.37255800 / 0.00000000 -1.00000000 0.00000000 / 188 0 177 255 / 0.93481450 0.00839230
				-17.08398000 31.35791000 5.16992200 / 0.00000000 -1.00000000 0.00000000 / 210 0 198 255 / 0.93481450 0.09771730
				-17.08398000 31.35791000 5.16992200 / 0.00000000 -1.00000000 0.00000000 / 210 0 198 255 / 0.93481450 0.09771730
				-86.71094000 50.53076000 -1.29687500 / 1.00000000 0.00000000 0.00000000 / 187 0 177 255 / 0.08432010 0.14163210
				-16.88379000 31.35791000 5.16992200 / 0.00000000 -1.00000000 0.00000000 / 210 0 197 255 / 0.95149230 0.09771730
				-11.40479000 -16.23193000 6.37451100 / 0.00000000 -1.00000000 0.00000000 / 228 0 214 255 / 0.95149230 0.00839230
				-16.88379000 31.35791000 6.37255800 / 0.00000000 -1.00000000 0.00000000 / 210 0 198 255 / 0.95149230 0.00839230
				-16.88379000 31.35791000 6.37255800 / 0.00000000 -1.00000000 0.00000000 / 210 0 198 255 / 0.95149230 0.00839230
				-17.08398000 31.35791000 6.37255800 / 0.00000000 -1.00000000 0.00000000 / 210 0 198 255 / 0.93481450 0.00839230
				-24.82910000 31.35791000 5.16992200 / 0.00000000 -1.00000000 0.00000000 / 193 0 182 255 / 0.93481450 0.09771730
				-24.82910000 31.35791000 5.16992200 / 0.00000000 -1.00000000 0.00000000 / 193 0 182 255 / 0.93481450 0.09771730
				-24.62891000 31.35791000 5.16992200 / 0.00000000 -1.00000000 0.00000000 / 193 0 182 255 / 0.95149230 0.09771730
				-24.62891000 31.35791000 6.37255800 / 0.00000000 -1.00000000 0.00000000 / 193 0 182 255 / 0.95149230 0.00839230
				-24.62891000 31.35791000 6.37255800 / 0.00000000 -1.00000000 0.00000000 / 193 0 182 255 / 0.95149230 0.00839230
				-24.82910000 31.35791000 6.37255800 / 0.00000000 -1.00000000 0.00000000 / 193 0 182 255 / 0.93481450 0.00839230
				-86.71094000 50.53076000 -1.29687500 / 1.00000000 0.00000000 0.00000000 / 187 0 177 255 / 0.08432010 0.14163210
				-98.18408000 56.19043000 -1.29687500 / -1.00000000 0.00000000 0.00000000 / 210 0 198 255 / 0.08677670 0.10699460
				-7.61914100 31.35791000 5.17041000 / 0.00000000 -1.00000000 0.00000000 / 201 0 189 255 / 0.93481450 0.09771730
				-7.61914100 31.35791000 5.17041000 / 0.00000000 -1.00000000 0.00000000 / 201 0 189 255 / 0.93481450 0.09771730
				-2.29492200 38.26807000 -3.41894500 / 0.00000000 1.00000000 0.00000000 / 184 0 174 255 / 0.99665830 0.00839230
				-2.29492200 38.26807000 -3.41894500 / 0.00000000 1.00000000 0.00000000 / 184 0 174 255 / 0.99665830 0.00839230
				-7.41894500 31.35791000 5.16992200 / 0.00000000 -1.00000000 0.00000000 / 201 0 189 255 / 0.95149230 0.09771730
				-7.41894500 31.35791000 6.37255800 / 0.00000000 -1.00000000 0.00000000 / 201 0 189 255 / 0.95149230 0.00839230
				-7.41894500 31.35791000 6.37255800 / 0.00000000 -1.00000000 0.00000000 / 201 0 189 255 / 0.95149230 0.00839230
				-7.61914100 31.35791000 6.37255800 / 0.00000000 -1.00000000 0.00000000 / 201 0 189 255 / 0.93481450 0.00839230
				-8.60351600 31.35791000 5.17041000 / 0.00000000 -1.00000000 0.00000000 / 200 0 188 255 / 0.93481450 0.09771730
				-8.60351600 31.35791000 5.17041000 / 0.00000000 -1.00000000 0.00000000 / 200 0 188 255 / 0.93481450 0.09771730
				-8.40332000 38.26807000 -4.62109400 / 0.00000000 1.00000000 0.00000000 / 161 0 153 255 / 0.99665830 0.09771730
				-86.71094000 50.53076000 -0.02880860 / 1.00000000 0.00000000 0.00000000 / 188 0 177 255 / 0.08432010 0.00363160
				-8.40332000 31.35791000 5.17041000 / 0.00000000 -1.00000000 0.00000000 / 200 0 189 255 / 0.95149230 0.09771730
				-8.40332000 31.35791000 6.37255800 / 0.00000000 -1.00000000 0.00000000 / 200 0 188 255 / 0.95149230 0.00839230
				-8.40332000 31.35791000 6.37255800 / 0.00000000 -1.00000000 0.00000000 / 200 0 188 255 / 0.95149230 0.00839230
				-8.60351600 31.35791000 6.37255800 / 0.00000000 -1.00000000 0.00000000 / 200 0 188 255 / 0.93481450 0.00839230
				-3.85986300 31.35791000 5.16992200 / 0.00000000 -1.00000000 0.00000000 / 184 0 174 255 / 0.93481450 0.09771730
				-3.85986300 31.35791000 5.16992200 / 0.00000000 -1.00000000 0.00000000 / 184 0 174 255 / 0.93481450 0.09771730
				-3.65966800 31.35791000 5.16992200 / 0.00000000 -1.00000000 0.00000000 / 184 0 174 255 / 0.95149230 0.09771730
				-3.65966800 31.35791000 6.37255800 / 0.00000000 -1.00000000 0.00000000 / 184 0 174 255 / 0.95149230 0.00839230
				-3.65966800 31.35791000 6.37255800 / 0.00000000 -1.00000000 0.00000000 / 184 0 174 255 / 0.95149230 0.00839230
				-11.60498000 -16.23193000 6.37451100 / 0.00000000 -1.00000000 0.00000000 / 228 0 214 255 / 0.93481450 0.00839230
				-2.29492200 38.26807000 -4.62109400 / 0.00000000 1.00000000 0.00000000 / 184 0 173 255 / 0.99665830 0.09771730
				-86.71094000 60.22901000 -0.02880860 / 1.00000000 0.00000000 0.00000000 / 189 0 179 255 / 0.08432010 0.02507020
				-3.85986300 31.35791000 6.37255800 / 0.00000000 -1.00000000 0.00000000 / 184 0 173 255 / 0.93481450 0.00839230
				-11.60498000 31.35791000 5.16992200 / 0.00000000 -1.00000000 0.00000000 / 193 0 182 255 / 0.93481450 0.09771730
				-11.60498000 31.35791000 5.16992200 / 0.00000000 -1.00000000 0.00000000 / 193 0 182 255 / 0.93481450 0.09771730
				-11.40479000 31.35791000 5.16992200 / 0.00000000 -1.00000000 0.00000000 / 193 0 182 255 / 0.95149230 0.09771730
				-11.40479000 31.35791000 6.37255800 / 0.00000000 -1.00000000 0.00000000 / 193 0 182 255 / 0.95149230 0.00839230
				-11.40479000 31.35791000 6.37255800 / 0.00000000 -1.00000000 0.00000000 / 193 0 182 255 / 0.95149230 0.00839230
				-11.60498000 31.35791000 6.37255800 / 0.00000000 -1.00000000 0.00000000 / 193 0 182 255 / 0.93481450 0.00839230
				12.99365000 26.71484000 5.17236300 / 1.00000000 0.00000000 0.00000000 / 201 0 190 255 / 0.97998060 0.09771730
				-21.82764000 -16.23193000 6.37451100 / 0.00000000 -1.00000000 0.00000000 / 230 0 216 255 / 0.93481450 0.00839230
				1.49072300 -16.23193000 5.17236300 / 0.00000000 -1.00000000 0.00000000 / 215 0 202 255 / 0.93481450 0.09771730
				12.99365000 26.71484000 5.17236300 / 1.00000000 0.00000000 0.00000000 / 201 0 190 255 / 0.97998060 0.09771730
				12.99365000 26.71484000 6.37451100 / 1.00000000 0.00000000 0.00000000 / 202 0 190 255 / 0.97998060 0.00839230
				-86.71094000 60.22901000 -0.02880860 / 1.00000000 0.00000000 0.00000000 / 189 0 179 255 / 0.08432010 0.02507020
				12.99365000 26.51465000 6.37451100 / 1.00000000 0.00000000 0.00000000 / 201 0 190 255 / 0.99665830 0.00839230
				12.99365000 26.51465000 6.37451100 / 1.00000000 0.00000000 0.00000000 / 201 0 190 255 / 0.99665830 0.00839230
				12.99365000 26.51465000 5.17236300 / 1.00000000 0.00000000 0.00000000 / 201 0 190 255 / 0.99665830 0.09771730
				12.99365000 27.69922000 5.17236300 / 1.00000000 0.00000000 0.00000000 / 219 0 206 255 / 0.97998060 0.09771730
				12.99365000 27.69922000 5.17236300 / 1.00000000 0.00000000 0.00000000 / 219 0 206 255 / 0.97998060 0.09771730
				-29.95313000 -16.23193000 0.27392580 / 0.00000000 -1.00000000 0.00000000 / 215 0 202 255 / 0.87222290 0.09771730
				-29.95313000 -16.23193000 0.27392580 / 0.00000000 -1.00000000 0.00000000 / 215 0 202 255 / 0.87222290 0.09771730
				1.49072300 -16.23193000 5.17236300 / 0.00000000 -1.00000000 0.00000000 / 215 0 202 255 / 0.93481450 0.09771730
				12.99365000 27.69922000 6.37451100 / 1.00000000 0.00000000 0.00000000 / 219 0 206 255 / 0.97998060 0.00839230
				12.99365000 27.49902000 6.37451100 / 1.00000000 0.00000000 0.00000000 / 219 0 206 255 / 0.99665830 0.00839230
				12.99365000 27.49902000 6.37451100 / 1.00000000 0.00000000 0.00000000 / 219 0 206 255 / 0.99665830 0.00839230
				-86.71094000 60.22901000 -1.29687500 / 1.00000000 0.00000000 0.00000000 / 189 0 178 255 / 0.08432010 0.16307070
				12.99365000 27.49902000 5.17236300 / 1.00000000 0.00000000 0.00000000 / 219 0 206 255 / 0.99665830 0.09771730
				12.99365000 22.95557000 5.17236300 / 1.00000000 0.00000000 0.00000000 / 196 0 184 255 / 0.97998060 0.09771730
				12.99365000 22.95557000 5.17236300 / 1.00000000 0.00000000 0.00000000 / 196 0 184 255 / 0.97998060 0.09771730
				12.99365000 22.95557000 6.37451100 / 1.00000000 0.00000000 0.00000000 / 196 0 185 255 / 0.97998060 0.00839230
				12.99365000 22.75488000 6.37451100 / 1.00000000 0.00000000 0.00000000 / 196 0 184 255 / 0.99665830 0.00839230
				12.99365000 22.75488000 6.37451100 / 1.00000000 0.00000000 0.00000000 / 196 0 184 255 / 0.99665830 0.00839230
				1.69091800 -16.23193000 5.17236300 / 0.00000000 -1.00000000 0.00000000 / 215 0 202 255 / 0.95149230 0.09771730
				12.99365000 22.75488000 5.17236300 / 1.00000000 0.00000000 0.00000000 / 196 0 184 255 / 0.99665830 0.09771730
				12.99365000 30.70068000 5.17236300 / 1.00000000 0.00000000 0.00000000 / 200 0 188 255 / 0.97998060 0.09771730
				12.99365000 30.70068000 5.17236300 / 1.00000000 0.00000000 0.00000000 / 200 0 188 255 / 0.97998060 0.09771730
				12.99365000 30.70068000 6.37451100 / 1.00000000 0.00000000 0.00000000 / 200 0 188 255 / 0.97998060 0.00839230
				-86.71094000 61.85010000 -1.29687500 / 1.00000000 0.00000000 0.00000000 / 189 0 179 255 / 0.03160090 0.16307070
				12.99365000 30.50000000 6.37451100 / 1.00000000 0.00000000 0.00000000 / 200 0 188 255 / 0.99665830 0.00839230
				12.99365000 30.50000000 6.37451100 / 1.00000000 0.00000000 0.00000000 / 200 0 188 255 / 0.99665830 0.00839230
				-20.84326000 38.26807000 -4.62109400 / 0.00000000 1.00000000 0.00000000 / 181 0 171 255 / 0.97998060 0.09771730
				-20.84326000 38.26807000 -4.62109400 / 0.00000000 1.00000000 0.00000000 / 181 0 171 255 / 0.97998060 0.09771730
				-29.75293000 -16.23193000 0.27392580 / 0.00000000 -1.00000000 0.00000000 / 215 0 202 255 / 0.88890070 0.09771730
				1.69091800 -16.23193000 6.37451100 / 0.00000000 -1.00000000 0.00000000 / 215 0 202 255 / 0.95149230 0.00839230
				12.99365000 30.50000000 5.17236300 / 1.00000000 0.00000000 0.00000000 / 200 0 188 255 / 0.99665830 0.09771730
				12.99365000 17.60498000 5.17236300 / 1.00000000 0.00000000 0.00000000 / 199 0 188 255 / 0.97998060 0.09771730
				12.99365000 17.60498000 5.17236300 / 1.00000000 0.00000000 0.00000000 / 199 0 188 255 / 0.97998060 0.09771730
				12.99365000 17.60498000 6.37451100 / 1.00000000 0.00000000 0.00000000 / 199 0 188 255 / 0.97998060 0.00839230
				12.99365000 17.40430000 6.37451100 / 1.00000000 0.00000000 0.00000000 / 199 0 188 255 / 0.99665830 0.00839230
				-86.71094000 61.85010000 -1.29687500 / 1.00000000 0.00000000 0.00000000 / 189 0 179 255 / 0.03160090 0.16307070
				12.99365000 17.40430000 6.37451100 / 1.00000000 0.00000000 0.00000000 / 199 0 188 255 / 0.99665830 0.00839230
				12.99365000 17.40430000 5.17236300 / 1.00000000 0.00000000 0.00000000 / 199 0 187 255 / 0.99665830 0.09771730
				12.99365000 18.58936000 5.17236300 / 1.00000000 0.00000000 0.00000000 / 201 0 189 255 / 0.97998060 0.09771730
				12.99365000 18.58936000 5.17236300 / 1.00000000 0.00000000 0.00000000 / 201 0 189 255 / 0.97998060 0.09771730
				1.69091800 -16.23193000 6.37451100 / 0.00000000 -1.00000000 0.00000000 / 215 0 202 255 / 0.95149230 0.00839230
				12.99365000 18.58936000 6.37451100 / 1.00000000 0.00000000 0.00000000 / 201 0 189 255 / 0.97998060 0.00839230
				12.99365000 18.38867000 6.37451100 / 1.00000000 0.00000000 0.00000000 / 201 0 189 255 / 0.99665830 0.00839230
				12.99365000 18.38867000 6.37451100 / 1.00000000 0.00000000 0.00000000 / 201 0 189 255 / 0.99665830 0.00839230
				12.99365000 18.38916000 5.17236300 / 1.00000000 0.00000000 0.00000000 / 201 0 190 255 / 0.99665830 0.09771730
				12.99365000 13.84570000 5.17236300 / 1.00000000 0.00000000 0.00000000 / 196 0 185 255 / 0.97998060 0.09771730
				12.99365000 13.84570000 5.17236300 / 1.00000000 0.00000000 0.00000000 / 196 0 185 255 / 0.97998060 0.09771730
				-86.71094000 61.85010000 -0.02880860 / 1.00000000 0.00000000 0.00000000 / 190 0 179 255 / 0.03160090 0.02507020
				-29.75293000 -16.23193000 1.47607400 / 0.00000000 -1.00000000 0.00000000 / 215 0 202 255 / 0.88890070 0.00839230
				-29.75293000 -16.23193000 1.47607400 / 0.00000000 -1.00000000 0.00000000 / 215 0 202 255 / 0.88890070 0.00839230
				12.99365000 13.84570000 6.37451100 / 1.00000000 0.00000000 0.00000000 / 196 0 185 255 / 0.97998060 0.00839230
				1.49072300 -16.23193000 6.37451100 / 0.00000000 -1.00000000 0.00000000 / 215 0 202 255 / 0.93481450 0.00839230
				12.99365000 13.64502000 6.37451100 / 1.00000000 0.00000000 0.00000000 / 196 0 185 255 / 0.99665830 0.00839230
				12.99365000 13.64502000 6.37451100 / 1.00000000 0.00000000 0.00000000 / 196 0 185 255 / 0.99665830 0.00839230
				12.99365000 13.64502000 5.17236300 / 1.00000000 0.00000000 0.00000000 / 196 0 185 255 / 0.99665830 0.09771730
				12.99365000 21.59033000 5.17236300 / 1.00000000 0.00000000 0.00000000 / 204 0 192 255 / 0.97998060 0.09771730
				12.99365000 21.59033000 5.17236300 / 1.00000000 0.00000000 0.00000000 / 204 0 192 255 / 0.97998060 0.09771730
				12.99365000 21.59033000 6.37451100 / 1.00000000 0.00000000 0.00000000 / 204 0 192 255 / 0.97998060 0.00839230
				12.99365000 21.39014000 6.37451100 / 1.00000000 0.00000000 0.00000000 / 204 0 192 255 / 0.99665830 0.00839230
				-98.18408000 35.70361000 -1.29687500 / -1.00000000 0.00000000 0.00000000 / 180 0 170 255 / 0.03239440 0.13642880
				-86.71094000 58.14356000 -1.29687500 / 1.00000000 0.00000000 0.00000000 / 192 0 181 255 / 0.03160090 0.14163210
				12.99365000 21.39014000 6.37451100 / 1.00000000 0.00000000 0.00000000 / 204 0 192 255 / 0.99665830 0.00839230
				0.50634760 -16.23193000 5.17236300 / 0.00000000 -1.00000000 0.00000000 / 218 0 205 255 / 0.93481450 0.09771730
				12.99365000 21.39014000 5.17236300 / 1.00000000 0.00000000 0.00000000 / 204 0 192 255 / 0.99665830 0.09771730
				12.99365000 -4.72949200 5.17236300 / 1.00000000 0.00000000 0.00000000 / 211 0 199 255 / 0.97998060 0.09771730
				12.99365000 -4.72949200 5.17236300 / 1.00000000 0.00000000 0.00000000 / 211 0 199 255 / 0.97998060 0.09771730
				12.99365000 -4.72949200 6.37451100 / 1.00000000 0.00000000 0.00000000 / 212 0 199 255 / 0.97998060 0.00839230
				12.99365000 -4.92968800 6.37451100 / 1.00000000 0.00000000 0.00000000 / 211 0 199 255 / 0.99665830 0.00839230
				12.99365000 -4.92968800 6.37451100 / 1.00000000 0.00000000 0.00000000 / 211 0 199 255 / 0.99665830 0.00839230
				-29.95313000 -16.23193000 1.47607400 / 0.00000000 -1.00000000 0.00000000 / 215 0 202 255 / 0.87222290 0.00839230
				12.99365000 -4.92968800 5.17236300 / 1.00000000 0.00000000 0.00000000 / 211 0 199 255 / 0.99665830 0.09771730
				12.99365000 -3.74511700 5.17236300 / 1.00000000 0.00000000 0.00000000 / 196 0 184 255 / 0.97998060 0.09771730
				-86.71094000 58.14356000 -1.29687500 / 1.00000000 0.00000000 0.00000000 / 192 0 181 255 / 0.03160090 0.14163210
				0.50634760 -16.23193000 5.17236300 / 0.00000000 -1.00000000 0.00000000 / 218 0 205 255 / 0.93481450 0.09771730
				12.99365000 -3.74511700 5.17236300 / 1.00000000 0.00000000 0.00000000 / 196 0 184 255 / 0.97998060 0.09771730
				12.99365000 -3.74511700 6.37451100 / 1.00000000 0.00000000 0.00000000 / 196 0 184 255 / 0.97998060 0.00839230
				12.99365000 -3.94531300 6.37451100 / 1.00000000 0.00000000 0.00000000 / 196 0 184 255 / 0.99665830 0.00839230
				12.99365000 -3.94531300 6.37451100 / 1.00000000 0.00000000 0.00000000 / 196 0 184 255 / 0.99665830 0.00839230
				12.99365000 -3.94531300 5.17236300 / 1.00000000 0.00000000 0.00000000 / 196 0 184 255 / 0.99665830 0.09771730
				12.99365000 -8.48876900 5.17236300 / 1.00000000 0.00000000 0.00000000 / 199 0 188 255 / 0.97998060 0.09771730
				12.99365000 -8.48876900 5.17236300 / 1.00000000 0.00000000 0.00000000 / 199 0 188 255 / 0.97998060 0.09771730
				12.99365000 -8.48876900 6.37451100 / 1.00000000 0.00000000 0.00000000 / 199 0 188 255 / 0.97998060 0.00839230
				12.99365000 -8.68896500 6.37451100 / 1.00000000 0.00000000 0.00000000 / 199 0 188 255 / 0.99665830 0.00839230
				12.99365000 -8.68896500 6.37451100 / 1.00000000 0.00000000 0.00000000 / 199 0 188 255 / 0.99665830 0.00839230
				-98.18408000 52.48389000 -0.02880860 / -1.00000000 0.00000000 0.00000000 / 166 0 157 255 / 0.08392330 0.03778080
				-21.82764000 -16.23193000 0.27392580 / 0.00000000 -1.00000000 0.00000000 / 215 0 202 255 / 0.87222290 0.09771730
				12.99365000 -8.68896500 5.17236300 / 1.00000000 0.00000000 0.00000000 / 199 0 188 255 / 0.99665830 0.09771730
				-13.23242000 -16.38770000 -5.24023400 / 0.00000000 -1.00000000 0.00000000 / 149 0 141 255 / 0.97315980 0.31970210
				-13.23242000 -16.38770000 -5.24023400 / 0.00000000 -1.00000000 0.00000000 / 149 0 141 255 / 0.97315980 0.31970210
				-30.93799000 -16.23193000 0.27392580 / 0.00000000 -1.00000000 0.00000000 / 222 0 209 255 / 0.87222290 0.09771730
				-30.93799000 -16.23193000 0.27392580 / 0.00000000 -1.00000000 0.00000000 / 222 0 209 255 / 0.87222290 0.09771730
				-13.23242000 -16.38770000 -4.53808600 / 0.00000000 -1.00000000 0.00000000 / 149 0 141 255 / 0.97315980 0.17675780
				-13.30225000 -16.38770000 -4.53808600 / 0.00000000 -1.00000000 0.00000000 / 149 0 141 255 / 0.96591190 0.17675780
				-13.30225000 -16.38770000 -4.53808600 / 0.00000000 -1.00000000 0.00000000 / 149 0 141 255 / 0.96591190 0.17675780
				-13.30225000 -16.38770000 -5.24023400 / 0.00000000 -1.00000000 0.00000000 / 148 0 141 255 / 0.96591190 0.31970210
				0.70654290 -16.23193000 5.17236300 / 0.00000000 -1.00000000 0.00000000 / 218 0 205 255 / 0.95149230 0.09771730
				-41.70459000 -11.69434000 5.03271500 / -1.00000000 0.00000000 0.00000000 / 227 0 213 255 / 0.97315980 0.31970210
				-21.82764000 -16.23193000 0.27392580 / 0.00000000 -1.00000000 0.00000000 / 215 0 202 255 / 0.87222290 0.09771730
				-41.70459000 -11.69434000 5.03271500 / -1.00000000 0.00000000 0.00000000 / 227 0 213 255 / 0.97315980 0.31970210
				-41.70459000 -11.69434000 5.73486300 / -1.00000000 0.00000000 0.00000000 / 226 0 213 255 / 0.97315980 0.17675780
				-41.70459000 -11.62451000 5.73486300 / -1.00000000 0.00000000 0.00000000 / 227 0 213 255 / 0.96591190 0.17675780
				-41.70459000 -11.62451000 5.73486300 / -1.00000000 0.00000000 0.00000000 / 227 0 213 255 / 0.96591190 0.17675780
				-41.70459000 -11.62451000 5.03271500 / -1.00000000 0.00000000 0.00000000 / 227 0 213 255 / 0.96591190 0.31970210
				-41.69824000 10.06494000 -5.24023400 / -1.00000000 0.00000000 0.00000000 / 216 0 203 255 / 0.97315980 0.31970210
				-41.69824000 10.06494000 -5.24023400 / -1.00000000 0.00000000 0.00000000 / 216 0 203 255 / 0.97315980 0.31970210
				-41.69824000 10.06494000 -4.53808600 / -1.00000000 0.00000000 0.00000000 / 217 0 204 255 / 0.97315980 0.17675780
				-17.08398000 -16.23193000 5.17236300 / 0.00000000 -1.00000000 0.00000000 / 200 0 188 255 / 0.93481450 0.09771730
				0.70654290 -16.23193000 6.37451100 / 0.00000000 -1.00000000 0.00000000 / 218 0 205 255 / 0.95149230 0.00839230
				-41.69824000 10.13525000 -4.53808600 / -1.00000000 0.00000000 0.00000000 / 216 0 203 255 / 0.96591190 0.17675780
				-41.69824000 10.13525000 -4.53808600 / -1.00000000 0.00000000 0.00000000 / 216 0 203 255 / 0.96591190 0.17675780
				-86.71094000 58.14356000 -0.02880860 / 1.00000000 0.00000000 0.00000000 / 192 0 180 255 / 0.03160090 0.00363160
				-30.73730000 -16.23193000 0.27392580 / 0.00000000 -1.00000000 0.00000000 / 223 0 209 255 / 0.88890070 0.09771730
				-41.69824000 10.13525000 -5.24023400 / -1.00000000 0.00000000 0.00000000 / 216 0 203 255 / 0.96591190 0.31970210
				-15.16992000 38.50342000 -5.24023400 / 0.00000000 1.00000000 0.00000000 / 160 0 152 255 / 0.97315980 0.31970210
				-15.16992000 38.50342000 -5.24023400 / 0.00000000 1.00000000 0.00000000 / 160 0 152 255 / 0.97315980 0.31970210
				-15.16992000 38.50342000 -4.53808600 / 0.00000000 1.00000000 0.00000000 / 160 0 152 255 / 0.97315980 0.17675780
				-15.10010000 38.50342000 -4.53808600 / 0.00000000 1.00000000 0.00000000 / 160 0 152 255 / 0.96591190 0.17675780
				-15.10010000 38.50342000 -4.53808600 / 0.00000000 1.00000000 0.00000000 / 160 0 152 255 / 0.96591190 0.17675780
				0.70654290 -16.23193000 6.37451100 / 0.00000000 -1.00000000 0.00000000 / 218 0 205 255 / 0.95149230 0.00839230
				-15.10010000 38.50342000 -5.24023400 / 0.00000000 1.00000000 0.00000000 / 160 0 152 255 / 0.96591190 0.31970210
				-12.30420000 74.85254000 -5.24023400 / 0.00000000 1.00000000 0.00000000 / 210 0 198 255 / 0.97315980 0.31970210
				-12.30420000 74.85254000 -5.24023400 / 0.00000000 1.00000000 0.00000000 / 210 0 198 255 / 0.97315980 0.31970210
				-86.71094000 56.52246000 -0.02880860 / 1.00000000 0.00000000 0.00000000 / 192 0 181 255 / 0.08432010 0.00363160
				-12.30420000 74.85254000 -4.53808600 / 0.00000000 1.00000000 0.00000000 / 210 0 198 255 / 0.97315980 0.17675780
				-12.23437000 74.85254000 -4.53808600 / 0.00000000 1.00000000 0.00000000 / 210 0 198 255 / 0.96591190 0.17675780
				-12.23437000 74.85254000 -4.53808600 / 0.00000000 1.00000000 0.00000000 / 210 0 198 255 / 0.96591190 0.17675780
				-12.23437000 74.85254000 -5.24023400 / 0.00000000 1.00000000 0.00000000 / 210 0 198 255 / 0.96591190 0.31970210
				7.17187500 38.50342000 -5.24023400 / 0.00000000 1.00000000 0.00000000 / 202 0 190 255 / 0.97315980 0.31970210
				7.17187500 38.50342000 -5.24023400 / 0.00000000 1.00000000 0.00000000 / 202 0 190 255 / 0.97315980 0.31970210
				0.50634760 -16.23193000 6.37451100 / 0.00000000 -1.00000000 0.00000000 / 218 0 205 255 / 0.93481450 0.00839230
				-30.73730000 -16.23193000 1.47607400 / 0.00000000 -1.00000000 0.00000000 / 222 0 209 255 / 0.88890070 0.00839230
				-30.73730000 -16.23193000 1.47607400 / 0.00000000 -1.00000000 0.00000000 / 222 0 209 255 / 0.88890070 0.00839230
				7.17187500 38.50342000 -4.53808600 / 0.00000000 1.00000000 0.00000000 / 202 0 190 255 / 0.97315980 0.17675780
				7.24169900 38.50342000 -4.53808600 / 0.00000000 1.00000000 0.00000000 / 202 0 190 255 / 0.96591190 0.17675780
				-86.71094000 56.52246000 -0.02880860 / 1.00000000 0.00000000 0.00000000 / 192 0 181 255 / 0.08432010 0.00363160
				7.24169900 38.50342000 -4.53808600 / 0.00000000 1.00000000 0.00000000 / 202 0 190 255 / 0.96591190 0.17675780
				7.24169900 38.50342000 -5.24023400 / 0.00000000 1.00000000 0.00000000 / 201 0 190 255 / 0.96591190 0.31970210
				13.21387000 33.46826000 -5.24023400 / 1.00000000 0.00000000 0.00000000 / 120 0 115 255 / 0.97315980 0.31970210
				13.21387000 33.46826000 -5.24023400 / 1.00000000 0.00000000 0.00000000 / 120 0 115 255 / 0.97315980 0.31970210
				13.21387000 33.46826000 -4.53808600 / 1.00000000 0.00000000 0.00000000 / 120 0 115 255 / 0.97315980 0.17675780
				5.25000000 -16.23193000 5.17236300 / 0.00000000 -1.00000000 0.00000000 / 225 0 211 255 / 0.93481450 0.09771730
				13.21387000 33.39844000 -4.53808600 / 1.00000000 0.00000000 0.00000000 / 120 0 115 255 / 0.96591190 0.17675780
				13.21387000 33.39844000 -4.53808600 / 1.00000000 0.00000000 0.00000000 / 120 0 115 255 / 0.96591190 0.17675780
				13.21387000 33.39844000 -5.24023400 / 1.00000000 0.00000000 0.00000000 / 120 0 114 255 / 0.96591190 0.31970210
				60.05371000 -13.32764000 -4.53808600 / 0.00000000 -1.00000000 0.00000000 / 52 0 52 255 / 0.86561580 0.00447080
				60.05371000 -13.32764000 -4.53808600 / 0.00000000 -1.00000000 0.00000000 / 52 0 52 255 / 0.86561580 0.00447080
				-86.71094000 56.52246000 -1.29687500 / 1.00000000 0.00000000 0.00000000 / 192 0 181 255 / 0.08432010 0.14163210
				60.05371000 -13.32764000 -5.24023400 / 0.00000000 -1.00000000 0.00000000 / 52 0 52 255 / 0.86561580 0.15721130
				60.12354000 -13.32764000 -5.24023400 / 0.00000000 -1.00000000 0.00000000 / 52 0 52 255 / 0.88714600 0.15721130
				60.12354000 -13.32764000 -5.24023400 / 0.00000000 -1.00000000 0.00000000 / 52 0 52 255 / 0.88714600 0.15721130
				-30.93799000 -16.23193000 1.47607400 / 0.00000000 -1.00000000 0.00000000 / 222 0 209 255 / 0.87222290 0.00839230
				5.25000000 -16.23193000 5.17236300 / 0.00000000 -1.00000000 0.00000000 / 225 0 211 255 / 0.93481450 0.09771730
				60.12354000 -13.32764000 -4.53808600 / 0.00000000 -1.00000000 0.00000000 / 52 0 52 255 / 0.88714600 0.00447080
				65.30810000 43.80566000 -4.58203100 / 0.00000000 -1.00000000 0.00000000 / 105 0 101 255 / -16.03378000 -6.622505E8
				65.30810000 43.80566000 -4.58203100 / 0.00000000 -1.00000000 0.00000000 / 105 0 101 255 / -16.03378000 -6.622505E8
				65.30810000 43.80566000 -5.28418000 / 0.00000000 -1.00000000 0.00000000 / 105 0 101 255 / -16.03378000 -6.151265E8
				65.37793000 43.80566000 -5.28418000 / 0.00000000 -1.00000000 0.00000000 / 105 0 101 255 / -16.03378000 -6.151265E8
				65.37793000 43.80566000 -5.28418000 / 0.00000000 -1.00000000 0.00000000 / 105 0 101 255 / -16.03378000 -6.151265E8
				-20.64307000 38.26807000 -3.41894500 / 0.00000000 1.00000000 0.00000000 / 181 0 171 255 / 0.99665830 0.00839230
				65.37793000 43.80566000 -4.58203100 / 0.00000000 -1.00000000 0.00000000 / 105 0 101 255 / -16.03378000 -6.622505E8
				-26.19385000 -16.23193000 0.27392580 / 0.00000000 -1.00000000 0.00000000 / 230 0 216 255 / 0.87222290 0.09771730
				-26.19385000 -16.23193000 0.27392580 / 0.00000000 -1.00000000 0.00000000 / 230 0 216 255 / 0.87222290 0.09771730
				-3.85986300 38.26807000 -4.62109400 / 0.00000000 1.00000000 0.00000000 / 195 0 183 255 / 0.97998060 0.09771730
				-14.38281000 8.07177700 -4.12890600 / 0.00000000 1.00000000 0.00000000 / 51 0 51 255 / 0.87097170 0.00984190
				-14.38281000 8.07177700 -4.12890600 / 0.00000000 1.00000000 0.00000000 / 51 0 51 255 / 0.87097170 0.00984190
				-14.38281000 8.07177700 -4.83105500 / 0.00000000 1.00000000 0.00000000 / 51 0 51 255 / 0.87097170 0.16264340
				-14.45264000 8.07177700 -4.83105500 / 0.00000000 1.00000000 0.00000000 / 51 0 51 255 / 0.88307190 0.16264340
				-14.45264000 8.07177700 -4.83105500 / 0.00000000 1.00000000 0.00000000 / 51 0 51 255 / 0.88307190 0.16264340
				-25.99365000 -16.23193000 0.27392580 / 0.00000000 -1.00000000 0.00000000 / 230 0 216 255 / 0.88890070 0.09771730
				-14.45264000 8.07177700 -4.12890600 / 0.00000000 1.00000000 0.00000000 / 51 0 51 255 / 0.88307190 0.00984190
				-20.64307000 38.26807000 -3.41894500 / 0.00000000 1.00000000 0.00000000 / 181 0 171 255 / 0.99665830 0.00839230
				-86.71094000 54.33691000 -1.29687500 / 1.00000000 0.00000000 0.00000000 / 171 0 162 255 / 0.03160090 0.15917970
				-86.71094000 54.33691000 -1.29687500 / 1.00000000 0.00000000 0.00000000 / 171 0 162 255 / 0.03160090 0.15917970
				-3.85986300 38.26807000 -4.62109400 / 0.00000000 1.00000000 0.00000000 / 195 0 183 255 / 0.97998060 0.09771730
				-86.71094000 54.33691000 -0.02880860 / 1.00000000 0.00000000 0.00000000 / 171 0 162 255 / 0.03160090 0.02117920
				-86.71094000 52.71582000 -0.02880860 / 1.00000000 0.00000000 0.00000000 / 171 0 162 255 / 0.08432010 0.02117920
				-86.71094000 52.71582000 -0.02880860 / 1.00000000 0.00000000 0.00000000 / 171 0 162 255 / 0.08432010 0.02117920
				-86.71094000 52.71582000 -1.29687500 / 1.00000000 0.00000000 0.00000000 / 171 0 162 255 / 0.08432010 0.15917970
				-95.85791000 68.17237000 -1.29687500 / 0.00000000 1.00000000 0.00000000 / 179 0 169 255 / 0.03160090 0.15478520
				-95.85791000 68.17237000 -1.29687500 / 0.00000000 1.00000000 0.00000000 / 179 0 169 255 / 0.03160090 0.15478520
				-95.85791000 68.17237000 -0.02880860 / 0.00000000 1.00000000 0.00000000 / 178 0 168 255 / 0.03160090 0.01678470
				-94.35645000 68.17237000 -0.02880860 / 0.00000000 1.00000000 0.00000000 / 179 0 169 255 / 0.08432010 0.01678470
				-98.18408000 35.70361000 -1.29687500 / -1.00000000 0.00000000 0.00000000 / 180 0 170 255 / 0.03239440 0.13642880
				-21.62744000 -16.23193000 0.27392580 / 0.00000000 -1.00000000 0.00000000 / 215 0 202 255 / 0.88890070 0.09771730
				5.45019500 -16.23193000 5.17236300 / 0.00000000 -1.00000000 0.00000000 / 224 0 211 255 / 0.95149230 0.09771730
				-94.35645000 68.17237000 -0.02880860 / 0.00000000 1.00000000 0.00000000 / 179 0 169 255 / 0.08432010 0.01678470
				-94.35645000 68.17237000 -1.29687500 / 0.00000000 1.00000000 0.00000000 / 179 0 169 255 / 0.08432010 0.15478520
				-94.35645000 33.19385000 -1.29687500 / 0.00000000 -1.00000000 0.00000000 / 144 0 137 255 / 0.03160090 0.16453550
				-94.35645000 33.19385000 -1.29687500 / 0.00000000 -1.00000000 0.00000000 / 144 0 137 255 / 0.03160090 0.16453550
				-25.99365000 -16.23193000 1.47607400 / 0.00000000 -1.00000000 0.00000000 / 230 0 216 255 / 0.88890070 0.00839230
				-25.99365000 -16.23193000 1.47607400 / 0.00000000 -1.00000000 0.00000000 / 230 0 216 255 / 0.88890070 0.00839230
				-94.35645000 33.19385000 -0.02880860 / 0.00000000 -1.00000000 0.00000000 / 145 0 137 255 / 0.03160090 0.02653500
				-95.85791000 33.19385000 -0.02880860 / 0.00000000 -1.00000000 0.00000000 / 144 0 137 255 / 0.08432010 0.02653500
				-95.85791000 33.19385000 -0.02880860 / 0.00000000 -1.00000000 0.00000000 / 144 0 137 255 / 0.08432010 0.02653500
				-95.85791000 33.19385000 -1.29687500 / 0.00000000 -1.00000000 0.00000000 / 144 0 137 255 / 0.08432010 0.16453550
				5.45019500 -16.23193000 6.37451100 / 0.00000000 -1.00000000 0.00000000 / 225 0 211 255 / 0.95149230 0.00839230
				-21.62744000 -16.23193000 1.47607400 / 0.00000000 -1.00000000 0.00000000 / 215 0 202 255 / 0.88890070 0.00839230
				-98.18408000 64.05226000 -1.29687500 / -1.00000000 0.00000000 0.00000000 / 196 0 185 255 / 0.03382870 0.13574220
				-98.18408000 64.05226000 -1.29687500 / -1.00000000 0.00000000 0.00000000 / 196 0 185 255 / 0.03382870 0.13574220
				-98.18408000 64.05226000 -0.02880860 / -1.00000000 0.00000000 0.00000000 / 196 0 185 255 / 0.03382870 0.00952150
				-98.18408000 65.68994000 -0.02880860 / -1.00000000 0.00000000 0.00000000 / 196 0 185 255 / 0.08128360 0.00952150
				-98.18408000 65.68994000 -0.02880860 / -1.00000000 0.00000000 0.00000000 / 196 0 185 255 / 0.08128360 0.00952150
				-98.18408000 65.68994000 -1.29687500 / -1.00000000 0.00000000 0.00000000 / 196 0 185 255 / 0.08128360 0.13574220
				-98.18408000 58.37549000 -1.29687500 / -1.00000000 0.00000000 0.00000000 / 188 0 177 255 / 0.08128360 0.18252560
				-98.18408000 58.37549000 -1.29687500 / -1.00000000 0.00000000 0.00000000 / 188 0 177 255 / 0.08128360 0.18252560
				-98.18408000 58.37549000 -0.02880860 / -1.00000000 0.00000000 0.00000000 / 188 0 177 255 / 0.08128360 0.05628970
				-98.18408000 52.48389000 -0.02880860 / -1.00000000 0.00000000 0.00000000 / 166 0 157 255 / 0.08392330 0.03778080
				-98.18408000 59.99707000 -0.02880860 / -1.00000000 0.00000000 0.00000000 / 188 0 177 255 / 0.03463750 0.05628970
				-21.62744000 -16.23193000 1.47607400 / 0.00000000 -1.00000000 0.00000000 / 215 0 202 255 / 0.88890070 0.00839230
				-98.18408000 59.99707000 -0.02880860 / -1.00000000 0.00000000 0.00000000 / 188 0 177 255 / 0.03463750 0.05628970
				-21.82764000 -16.23193000 1.47607400 / 0.00000000 -1.00000000 0.00000000 / 215 0 202 255 / 0.87222290 0.00839230
				-17.08398000 -16.23193000 0.27392580 / 0.00000000 -1.00000000 0.00000000 / 175 0 165 255 / 0.87222290 0.09771730
				-17.08398000 -16.23193000 0.27392580 / 0.00000000 -1.00000000 0.00000000 / 175 0 165 255 / 0.87222290 0.09771730
				-16.88379000 -16.23193000 0.27392580 / 0.00000000 -1.00000000 0.00000000 / 175 0 165 255 / 0.88890070 0.09771730
				-16.88379000 -16.23193000 1.47607400 / 0.00000000 -1.00000000 0.00000000 / 175 0 165 255 / 0.88890070 0.00839230
				-16.88379000 -16.23193000 1.47607400 / 0.00000000 -1.00000000 0.00000000 / 175 0 165 255 / 0.88890070 0.00839230
				-17.08398000 -16.23193000 1.47607400 / 0.00000000 -1.00000000 0.00000000 / 175 0 165 255 / 0.87222290 0.00839230
				-17.08398000 -16.23193000 5.17236300 / 0.00000000 -1.00000000 0.00000000 / 200 0 188 255 / 0.93481450 0.09771730
				5.45019500 -16.23193000 6.37451100 / 0.00000000 -1.00000000 0.00000000 / 225 0 211 255 / 0.95149230 0.00839230
				-98.18408000 35.70361000 -0.02880860 / -1.00000000 0.00000000 0.00000000 / 180 0 170 255 / 0.03239440 0.01020810
				-24.82910000 -16.23193000 0.27392580 / 0.00000000 -1.00000000 0.00000000 / 222 0 208 255 / 0.87222290 0.09771730
				-24.82910000 -16.23193000 0.27392580 / 0.00000000 -1.00000000 0.00000000 / 222 0 208 255 / 0.87222290 0.09771730
				-24.62891000 -16.23193000 0.27392580 / 0.00000000 -1.00000000 0.00000000 / 222 0 208 255 / 0.88890070 0.09771730
				-24.62891000 -16.23193000 1.47607400 / 0.00000000 -1.00000000 0.00000000 / 222 0 208 255 / 0.88890070 0.00839230
				-24.62891000 -16.23193000 1.47607400 / 0.00000000 -1.00000000 0.00000000 / 222 0 208 255 / 0.88890070 0.00839230
				-20.64307000 38.26807000 -4.62109400 / 0.00000000 1.00000000 0.00000000 / 181 0 171 255 / 0.99665830 0.09771730
				-24.82910000 -16.23193000 1.47607400 / 0.00000000 -1.00000000 0.00000000 / 222 0 208 255 / 0.87222290 0.00839230
				-7.61914100 -16.23193000 -4.62109400 / 0.00000000 -1.00000000 0.00000000 / 190 0 179 255 / 0.97998060 0.09771730
				-7.61914100 -16.23193000 -4.62109400 / 0.00000000 -1.00000000 0.00000000 / 190 0 179 255 / 0.97998060 0.09771730
				5.25000000 -16.23193000 6.37451100 / 0.00000000 -1.00000000 0.00000000 / 225 0 211 255 / 0.93481450 0.00839230
				-7.41894500 -16.23193000 -4.62109400 / 0.00000000 -1.00000000 0.00000000 / 190 0 179 255 / 0.99665830 0.09771730
				-86.71094000 48.67725000 -1.29687500 / 1.00000000 0.00000000 0.00000000 / 172 0 162 255 / 0.03160090 0.14163210
				-7.41894500 -16.23193000 -3.41894500 / 0.00000000 -1.00000000 0.00000000 / 190 0 179 255 / 0.99665830 0.00839230
				-7.41894500 -16.23193000 -3.41894500 / 0.00000000 -1.00000000 0.00000000 / 190 0 179 255 / 0.99665830 0.00839230
				-7.61914100 -16.23193000 -3.41894500 / 0.00000000 -1.00000000 0.00000000 / 190 0 179 255 / 0.97998060 0.00839230
				-8.60400400 -16.23193000 -4.62109400 / 0.00000000 -1.00000000 0.00000000 / 171 0 162 255 / 0.97998060 0.09771730
				-8.60400400 -16.23193000 -4.62109400 / 0.00000000 -1.00000000 0.00000000 / 171 0 162 255 / 0.97998060 0.09771730
				-8.40332000 -16.23193000 -4.62109400 / 0.00000000 -1.00000000 0.00000000 / 171 0 162 255 / 0.99665830 0.09771730
				-8.40332000 -16.23193000 -3.41894500 / 0.00000000 -1.00000000 0.00000000 / 171 0 162 255 / 0.99665830 0.00839230
				-8.40332000 -16.23193000 -3.41894500 / 0.00000000 -1.00000000 0.00000000 / 171 0 162 255 / 0.99665830 0.00839230
				-2.49511700 -16.23193000 5.17236300 / 0.00000000 -1.00000000 0.00000000 / 232 0 218 255 / 0.93481450 0.09771730
				-8.60351600 -16.23193000 -3.41894500 / 0.00000000 -1.00000000 0.00000000 / 171 0 161 255 / 0.97998060 0.00839230
				-3.85986300 -16.23193000 -4.62109400 / 0.00000000 -1.00000000 0.00000000 / 191 0 180 255 / 0.97998060 0.09771730
				-86.71094000 48.67725000 -1.29687500 / 1.00000000 0.00000000 0.00000000 / 172 0 162 255 / 0.03160090 0.14163210
				-3.85986300 -16.23193000 -4.62109400 / 0.00000000 -1.00000000 0.00000000 / 191 0 180 255 / 0.97998060 0.09771730
				-21.82764000 38.26807000 -4.62109400 / 0.00000000 1.00000000 0.00000000 / 181 0 170 255 / 0.97998060 0.09771730
				-21.82764000 38.26807000 -4.62109400 / 0.00000000 1.00000000 0.00000000 / 181 0 170 255 / 0.97998060 0.09771730
				-3.65966800 -16.23193000 -4.62109400 / 0.00000000 -1.00000000 0.00000000 / 190 0 179 255 / 0.99665830 0.09771730
				-3.65966800 -16.23193000 -3.41894500 / 0.00000000 -1.00000000 0.00000000 / 191 0 180 255 / 0.99665830 0.00839230
				-3.65966800 -16.23193000 -3.41894500 / 0.00000000 -1.00000000 0.00000000 / 191 0 180 255 / 0.99665830 0.00839230
				-3.85986300 -16.23193000 -3.41894500 / 0.00000000 -1.00000000 0.00000000 / 191 0 180 255 / 0.97998060 0.00839230
				-2.49511700 -16.23193000 5.17236300 / 0.00000000 -1.00000000 0.00000000 / 232 0 218 255 / 0.93481450 0.09771730
				-11.60498000 -16.23193000 -4.62109400 / 0.00000000 -1.00000000 0.00000000 / 180 0 170 255 / 0.97998060 0.09771730
				-11.60498000 -16.23193000 -4.62109400 / 0.00000000 -1.00000000 0.00000000 / 180 0 170 255 / 0.97998060 0.09771730
				-11.40479000 -16.23193000 -4.62109400 / 0.00000000 -1.00000000 0.00000000 / 180 0 170 255 / 0.99665830 0.09771730
				-17.08398000 38.26807000 0.27392580 / 0.00000000 1.00000000 0.00000000 / 182 0 171 255 / 0.87222290 0.09771730
				-33.93897000 -16.23193000 0.27392580 / 0.00000000 -1.00000000 0.00000000 / 220 0 206 255 / 0.87222290 0.09771730
				-11.40479000 -16.23193000 -3.41894500 / 0.00000000 -1.00000000 0.00000000 / 180 0 170 255 / 0.99665830 0.00839230
				-11.40479000 -16.23193000 -3.41894500 / 0.00000000 -1.00000000 0.00000000 / 180 0 170 255 / 0.99665830 0.00839230
				-11.60498000 -16.23193000 -3.41894500 / 0.00000000 -1.00000000 0.00000000 / 180 0 170 255 / 0.97998060 0.00839230
				1.49072300 -16.23193000 -4.62109400 / 0.00000000 -1.00000000 0.00000000 / 188 0 178 255 / 0.97998060 0.09771730
				1.49072300 -16.23193000 -4.62109400 / 0.00000000 -1.00000000 0.00000000 / 188 0 178 255 / 0.97998060 0.09771730
				-2.29492200 -16.23193000 5.17236300 / 0.00000000 -1.00000000 0.00000000 / 232 0 218 255 / 0.95149230 0.09771730
				1.69091800 -16.23193000 -4.62109400 / 0.00000000 -1.00000000 0.00000000 / 189 0 178 255 / 0.99665830 0.09771730
				1.69091800 -16.23193000 -3.41894500 / 0.00000000 -1.00000000 0.00000000 / 188 0 178 255 / 0.99665830 0.00839230
				1.69091800 -16.23193000 -3.41894500 / 0.00000000 -1.00000000 0.00000000 / 188 0 178 255 / 0.99665830 0.00839230
				-21.82764000 38.26807000 -3.41894500 / 0.00000000 1.00000000 0.00000000 / 180 0 170 255 / 0.97998060 0.00839230
				1.49072300 -16.23193000 -3.41894500 / 0.00000000 -1.00000000 0.00000000 / 188 0 177 255 / 0.97998060 0.00839230
				-33.93897000 -16.23193000 0.27392580 / 0.00000000 -1.00000000 0.00000000 / 220 0 206 255 / 0.87222290 0.09771730
				0.50634760 -16.23193000 -4.62109400 / 0.00000000 -1.00000000 0.00000000 / 204 0 192 255 / 0.97998060 0.09771730
				0.50634760 -16.23193000 -4.62109400 / 0.00000000 -1.00000000 0.00000000 / 204 0 192 255 / 0.97998060 0.09771730
				0.70654290 -16.23193000 -4.62109400 / 0.00000000 -1.00000000 0.00000000 / 204 0 192 255 / 0.99665830 0.09771730
				0.70654290 -16.23193000 -3.41894500 / 0.00000000 -1.00000000 0.00000000 / 204 0 192 255 / 0.99665830 0.00839230
				-2.29492200 -16.23193000 6.37451100 / 0.00000000 -1.00000000 0.00000000 / 232 0 218 255 / 0.95149230 0.00839230
				0.70654290 -16.23193000 -3.41894500 / 0.00000000 -1.00000000 0.00000000 / 204 0 192 255 / 0.99665830 0.00839230
				0.50634760 -16.23193000 -3.41894500 / 0.00000000 -1.00000000 0.00000000 / 204 0 192 255 / 0.97998060 0.00839230
				5.25000000 -16.23193000 -4.62109400 / 0.00000000 -1.00000000 0.00000000 / 215 0 202 255 / 0.97998060 0.09771730
				5.25000000 -16.23193000 -4.62109400 / 0.00000000 -1.00000000 0.00000000 / 215 0 202 255 / 0.97998060 0.09771730
				5.45019500 -16.23193000 -4.62109400 / 0.00000000 -1.00000000 0.00000000 / 215 0 203 255 / 0.99665830 0.09771730
				5.45019500 -16.23193000 -3.41894500 / 0.00000000 -1.00000000 0.00000000 / 215 0 202 255 / 0.99665830 0.00839230
				-86.71094000 48.67725000 -0.02880860 / 1.00000000 0.00000000 0.00000000 / 172 0 162 255 / 0.03160090 0.00363160
				5.45019500 -16.23193000 -3.41894500 / 0.00000000 -1.00000000 0.00000000 / 215 0 202 255 / 0.99665830 0.00839230
				5.25000000 -16.23193000 -3.41894500 / 0.00000000 -1.00000000 0.00000000 / 215 0 202 255 / 0.97998060 0.00839230
				-2.49511700 -16.23193000 -4.62109400 / 0.00000000 -1.00000000 0.00000000 / 197 0 186 255 / 0.97998060 0.09771730
				-2.29492200 -16.23193000 6.37451100 / 0.00000000 -1.00000000 0.00000000 / 232 0 218 255 / 0.95149230 0.00839230
				-2.49511700 -16.23193000 -4.62109400 / 0.00000000 -1.00000000 0.00000000 / 197 0 186 255 / 0.97998060 0.09771730
				-21.62744000 38.26807000 -3.41894500 / 0.00000000 1.00000000 0.00000000 / 181 0 170 255 / 0.99665830 0.00839230
				-21.62744000 38.26807000 -3.41894500 / 0.00000000 1.00000000 0.00000000 / 181 0 170 255 / 0.99665830 0.00839230
				-2.29492200 -16.23193000 -4.62109400 / 0.00000000 -1.00000000 0.00000000 / 197 0 186 255 / 0.99665830 0.09771730
				-2.29492200 -16.23193000 -3.41894500 / 0.00000000 -1.00000000 0.00000000 / 197 0 186 255 / 0.99665830 0.00839230
				-2.29492200 -16.23193000 -3.41894500 / 0.00000000 -1.00000000 0.00000000 / 197 0 186 255 / 0.99665830 0.00839230
				-2.49511700 -16.23193000 -3.41894500 / 0.00000000 -1.00000000 0.00000000 / 197 0 186 255 / 0.97998060 0.00839230
				-86.71094000 47.05615000 -0.02880860 / 1.00000000 0.00000000 0.00000000 / 172 0 162 255 / 0.08432010 0.00363160
				-41.50684000 17.60498000 0.27392580 / -1.00000000 0.00000000 0.00000000 / 222 0 208 255 / 0.97998060 0.09771730
				-41.50684000 17.60498000 0.27392580 / -1.00000000 0.00000000 0.00000000 / 222 0 208 255 / 0.97998060 0.09771730
				-2.49511700 -16.23193000 6.37451100 / 0.00000000 -1.00000000 0.00000000 / 232 0 218 255 / 0.93481450 0.00839230
				-41.50684000 17.40430000 0.27392580 / -1.00000000 0.00000000 0.00000000 / 221 0 208 255 / 0.99665830 0.09771730
				-41.50684000 17.40430000 1.47607400 / -1.00000000 0.00000000 0.00000000 / 222 0 208 255 / 0.99665830 0.00839230
				-41.50684000 17.40430000 1.47607400 / -1.00000000 0.00000000 0.00000000 / 222 0 208 255 / 0.99665830 0.00839230
				-41.50684000 17.60498000 1.47607400 / -1.00000000 0.00000000 0.00000000 / 222 0 209 255 / 0.97998060 0.00839230
				-41.50635000 18.58936000 0.27392580 / -1.00000000 0.00000000 0.00000000 / 210 0 198 255 / 0.97998060 0.09771730
				-41.50635000 18.58936000 0.27392580 / -1.00000000 0.00000000 0.00000000 / 210 0 198 255 / 0.97998060 0.09771730
				-41.50635000 18.38916000 0.27392580 / -1.00000000 0.00000000 0.00000000 / 210 0 198 255 / 0.99665830 0.09771730
				-41.50635000 18.38916000 1.47607400 / -1.00000000 0.00000000 0.00000000 / 210 0 198 255 / 0.99665830 0.00839230
				-86.71094000 47.05615000 -0.02880860 / 1.00000000 0.00000000 0.00000000 / 172 0 162 255 / 0.08432010 0.00363160
				-41.50635000 18.38916000 1.47607400 / -1.00000000 0.00000000 0.00000000 / 210 0 198 255 / 0.99665830 0.00839230
				-41.50684000 26.71484000 5.17236300 / -1.00000000 0.00000000 0.00000000 / 219 0 206 255 / 0.97998060 0.09771730
				-21.62744000 38.26807000 -4.62109400 / 0.00000000 1.00000000 0.00000000 / 181 0 170 255 / 0.99665830 0.09771730
				-41.50684000 18.58936000 1.47607400 / -1.00000000 0.00000000 0.00000000 / 210 0 198 255 / 0.97998060 0.00839230
				-41.50635000 13.84570000 0.27392580 / -1.00000000 0.00000000 0.00000000 / 239 0 225 255 / 0.97998060 0.09771730
				-41.50635000 13.84570000 0.27392580 / -1.00000000 0.00000000 0.00000000 / 239 0 225 255 / 0.97998060 0.09771730
				-41.50684000 13.64502000 0.27392580 / -1.00000000 0.00000000 0.00000000 / 239 0 225 255 / 0.99665830 0.09771730
				-41.50684000 13.64502000 1.47607400 / -1.00000000 0.00000000 0.00000000 / 239 0 225 255 / 0.99665830 0.00839230
				-41.50684000 13.64502000 1.47607400 / -1.00000000 0.00000000 0.00000000 / 239 0 225 255 / 0.99665830 0.00839230
				-41.50635000 13.84570000 1.47607400 / -1.00000000 0.00000000 0.00000000 / 239 0 224 255 / 0.97998060 0.00839230
				-41.50684000 4.38085900 0.27392580 / -1.00000000 0.00000000 0.00000000 / 206 0 193 255 / 0.97998060 0.09771730
				-86.71094000 47.05615000 -1.29687500 / 1.00000000 0.00000000 0.00000000 / 171 0 162 255 / 0.08432010 0.14163210
				-41.50684000 26.71484000 5.17236300 / -1.00000000 0.00000000 0.00000000 / 219 0 206 255 / 0.97998060 0.09771730
				-41.50684000 4.38085900 0.27392580 / -1.00000000 0.00000000 0.00000000 / 206 0 193 255 / 0.97998060 0.09771730
				-41.50635000 4.18017600 0.27392580 / -1.00000000 0.00000000 0.00000000 / 205 0 193 255 / 0.99665830 0.09771730
				-41.50684000 4.18017600 1.47607400 / -1.00000000 0.00000000 0.00000000 / 206 0 193 255 / 0.99665830 0.00839230
				-41.50684000 4.18017600 1.47607400 / -1.00000000 0.00000000 0.00000000 / 206 0 193 255 / 0.99665830 0.00839230
				-41.50684000 4.38085900 1.47607400 / -1.00000000 0.00000000 0.00000000 / 206 0 193 255 / 0.97998060 0.00839230
				-41.50635000 5.36523400 0.27392580 / -1.00000000 0.00000000 0.00000000 / 204 0 192 255 / 0.97998060 0.09771730
				-41.50635000 5.36523400 0.27392580 / -1.00000000 0.00000000 0.00000000 / 204 0 192 255 / 0.97998060 0.09771730
				-17.08398000 38.26807000 -4.62109400 / 0.00000000 1.00000000 0.00000000 / 158 0 150 255 / 0.97998060 0.09771730
				-17.08398000 38.26807000 -4.62109400 / 0.00000000 1.00000000 0.00000000 / 158 0 150 255 / 0.97998060 0.09771730
				-41.50635000 5.16503900 0.27392580 / -1.00000000 0.00000000 0.00000000 / 204 0 192 255 / 0.99665830 0.09771730
				-16.88379000 -16.23193000 5.17236300 / 0.00000000 -1.00000000 0.00000000 / 200 0 188 255 / 0.95149230 0.09771730
				-98.18408000 52.48389000 -1.29687500 / -1.00000000 0.00000000 0.00000000 / 166 0 157 255 / 0.08392330 0.16400150
				-86.71094000 58.37549000 -0.02880860 / 1.00000000 0.00000000 0.00000000 / 177 0 167 255 / 0.08432010 0.03042600
				-41.50635000 5.16503900 1.47607400 / -1.00000000 0.00000000 0.00000000 / 204 0 192 255 / 0.99665830 0.00839230
				-41.50635000 5.16503900 1.47607400 / -1.00000000 0.00000000 0.00000000 / 204 0 192 255 / 0.99665830 0.00839230
				-41.50635000 5.36523400 1.47607400 / -1.00000000 0.00000000 0.00000000 / 204 0 192 255 / 0.97998060 0.00839230
				-41.50635000 0.62158200 0.27392580 / -1.00000000 0.00000000 0.00000000 / 204 0 192 255 / 0.97998060 0.09771730
				-41.50635000 0.62158200 0.27392580 / -1.00000000 0.00000000 0.00000000 / 204 0 192 255 / 0.97998060 0.09771730
				-41.50684000 0.42089840 0.27392580 / -1.00000000 0.00000000 0.00000000 / 204 0 192 255 / 0.99665830 0.09771730
				-41.50684000 0.42089840 1.47607400 / -1.00000000 0.00000000 0.00000000 / 204 0 192 255 / 0.99665830 0.00839230
				-41.50684000 0.42089840 1.47607400 / -1.00000000 0.00000000 0.00000000 / 204 0 192 255 / 0.99665830 0.00839230
				-41.50684000 0.62158200 1.47607400 / -1.00000000 0.00000000 0.00000000 / 204 0 192 255 / 0.97998060 0.00839230
				-41.50684000 26.51465000 5.17236300 / -1.00000000 0.00000000 0.00000000 / 219 0 206 255 / 0.99665830 0.09771730
				-41.50635000 8.36669900 0.27392580 / -1.00000000 0.00000000 0.00000000 / 215 0 202 255 / 0.97998060 0.09771730
				-86.71094000 58.37549000 -0.02880860 / 1.00000000 0.00000000 0.00000000 / 177 0 167 255 / 0.08432010 0.03042600
				-41.50635000 8.36669900 0.27392580 / -1.00000000 0.00000000 0.00000000 / 215 0 202 255 / 0.97998060 0.09771730
				-41.50635000 8.16601600 0.27392580 / -1.00000000 0.00000000 0.00000000 / 215 0 202 255 / 0.99665830 0.09771730
				-41.50635000 8.16601600 1.47607400 / -1.00000000 0.00000000 0.00000000 / 215 0 202 255 / 0.99665830 0.00839230
				-41.50635000 8.16601600 1.47607400 / -1.00000000 0.00000000 0.00000000 / 215 0 202 255 / 0.99665830 0.00839230
				-17.08398000 38.26807000 -3.41894500 / 0.00000000 1.00000000 0.00000000 / 158 0 149 255 / 0.97998060 0.00839230
				-41.50635000 8.36669900 1.47607400 / -1.00000000 0.00000000 0.00000000 / 214 0 202 255 / 0.97998060 0.00839230
				-41.50635000 -4.72949200 0.27392580 / -1.00000000 0.00000000 0.00000000 / 229 0 215 255 / 0.97998060 0.09771730
				-41.50635000 -4.72949200 0.27392580 / -1.00000000 0.00000000 0.00000000 / 229 0 215 255 / 0.97998060 0.09771730
				-41.50684000 26.51465000 6.37451100 / -1.00000000 0.00000000 0.00000000 / 219 0 206 255 / 0.99665830 0.00839230
				-41.50635000 -4.92968800 0.27392580 / -1.00000000 0.00000000 0.00000000 / 229 0 215 255 / 0.99665830 0.09771730
				-41.50684000 -4.92968800 1.47607400 / -1.00000000 0.00000000 0.00000000 / 229 0 215 255 / 0.99665830 0.00839230
				-86.71094000 58.37549000 -1.29687500 / 1.00000000 0.00000000 0.00000000 / 177 0 167 255 / 0.08432010 0.16842650
				-41.50684000 -4.92968800 1.47607400 / -1.00000000 0.00000000 0.00000000 / 229 0 215 255 / 0.99665830 0.00839230
				-41.50635000 -4.72949200 1.47607400 / -1.00000000 0.00000000 0.00000000 / 229 0 215 255 / 0.97998060 0.00839230
				-41.50635000 -3.74511700 0.27392580 / -1.00000000 0.00000000 0.00000000 / 214 0 201 255 / 0.97998060 0.09771730
				-41.50635000 -3.74511700 0.27392580 / -1.00000000 0.00000000 0.00000000 / 214 0 201 255 / 0.97998060 0.09771730
				-41.50635000 -3.94531300 0.27392580 / -1.00000000 0.00000000 0.00000000 / 214 0 201 255 / 0.99665830 0.09771730
				-41.50635000 -3.94531300 1.47607400 / -1.00000000 0.00000000 0.00000000 / 214 0 201 255 / 0.99665830 0.00839230
				-41.50635000 -3.94531300 1.47607400 / -1.00000000 0.00000000 0.00000000 / 214 0 201 255 / 0.99665830 0.00839230
				-41.50684000 26.51465000 6.37451100 / -1.00000000 0.00000000 0.00000000 / 219 0 206 255 / 0.99665830 0.00839230
				-41.50635000 -3.74511700 1.47607400 / -1.00000000 0.00000000 0.00000000 / 214 0 201 255 / 0.97998060 0.00839230
				-41.50635000 -8.48876900 0.27392580 / -1.00000000 0.00000000 0.00000000 / 230 0 215 255 / 0.97998060 0.09771730
				-41.50635000 -8.48876900 0.27392580 / -1.00000000 0.00000000 0.00000000 / 230 0 215 255 / 0.97998060 0.09771730
				-86.71094000 59.99707000 -1.29687500 / 1.00000000 0.00000000 0.00000000 / 177 0 167 255 / 0.03160090 0.16842650
				-16.88379000 38.26807000 -3.41894500 / 0.00000000 1.00000000 0.00000000 / 158 0 150 255 / 0.99665830 0.00839230
				-16.88379000 38.26807000 -3.41894500 / 0.00000000 1.00000000 0.00000000 / 158 0 150 255 / 0.99665830 0.00839230
				-41.50635000 -8.68896500 0.27392580 / -1.00000000 0.00000000 0.00000000 / 230 0 216 255 / 0.99665830 0.09771730
				-41.50635000 -8.68896500 1.47607400 / -1.00000000 0.00000000 0.00000000 / 230 0 215 255 / 0.99665830 0.00839230
				-41.50635000 -8.68896500 1.47607400 / -1.00000000 0.00000000 0.00000000 / 230 0 215 255 / 0.99665830 0.00839230
				-41.50635000 -8.48876900 1.47607400 / -1.00000000 0.00000000 0.00000000 / 229 0 215 255 / 0.97998060 0.00839230
				-3.85986300 38.26807000 -3.41894500 / 0.00000000 1.00000000 0.00000000 / 194 0 183 255 / 0.97998060 0.00839230
				-41.50635000 -0.74365240 0.27392580 / -1.00000000 0.00000000 0.00000000 / 221 0 207 255 / 0.97998060 0.09771730
				-41.50635000 -0.74365240 0.27392580 / -1.00000000 0.00000000 0.00000000 / 221 0 207 255 / 0.97998060 0.09771730
				-41.50635000 -0.94384770 0.27392580 / -1.00000000 0.00000000 0.00000000 / 221 0 207 255 / 0.99665830 0.09771730
				-41.50635000 -0.94384770 1.47607400 / -1.00000000 0.00000000 0.00000000 / 221 0 207 255 / 0.99665830 0.00839230
				-20.84326000 38.26807000 -3.41894500 / 0.00000000 1.00000000 0.00000000 / 182 0 171 255 / 0.97998060 0.00839230
				-86.71094000 59.99707000 -1.29687500 / 1.00000000 0.00000000 0.00000000 / 177 0 167 255 / 0.03160090 0.16842650
				-41.50635000 -0.94384770 1.47607400 / -1.00000000 0.00000000 0.00000000 / 221 0 207 255 / 0.99665830 0.00839230
				-41.50635000 -0.74365240 1.47607400 / -1.00000000 0.00000000 0.00000000 / 220 0 207 255 / 0.97998060 0.00839230
				-41.50635000 4.38085900 -4.62109400 / -1.00000000 0.00000000 0.00000000 / 196 0 185 255 / 0.97998060 0.09771730
				-41.50635000 4.38085900 -4.62109400 / -1.00000000 0.00000000 0.00000000 / 196 0 185 255 / 0.97998060 0.09771730
				-41.50684000 26.71484000 6.37451100 / -1.00000000 0.00000000 0.00000000 / 219 0 206 255 / 0.97998060 0.00839230
				-41.50635000 4.18017600 -4.62109400 / -1.00000000 0.00000000 0.00000000 / 196 0 185 255 / 0.99665830 0.09771730
				-41.50635000 4.18017600 -3.41894500 / -1.00000000 0.00000000 0.00000000 / 196 0 185 255 / 0.99665830 0.00839230
				-41.50635000 4.18017600 -3.41894500 / -1.00000000 0.00000000 0.00000000 / 196 0 185 255 / 0.99665830 0.00839230
				-17.08398000 38.26807000 1.47607400 / 0.00000000 1.00000000 0.00000000 / 182 0 171 255 / 0.87222290 0.00839230
				-16.88379000 38.26807000 -4.62109400 / 0.00000000 1.00000000 0.00000000 / 159 0 150 255 / 0.99665830 0.09771730
				-41.50635000 4.38085900 -3.41894500 / -1.00000000 0.00000000 0.00000000 / 196 0 184 255 / 0.97998060 0.00839230
				-86.71094000 59.99707000 -0.02880860 / 1.00000000 0.00000000 0.00000000 / 177 0 167 255 / 0.03160090 0.03042600
				-41.50635000 5.36523400 -4.62109400 / -1.00000000 0.00000000 0.00000000 / 193 0 182 255 / 0.97998060 0.09771730
				-41.50635000 5.36523400 -4.62109400 / -1.00000000 0.00000000 0.00000000 / 193 0 182 255 / 0.97998060 0.09771730
				-41.50635000 5.16503900 -4.62109400 / -1.00000000 0.00000000 0.00000000 / 193 0 182 255 / 0.99665830 0.09771730
				-41.50684000 27.69922000 5.17236300 / -1.00000000 0.00000000 0.00000000 / 206 0 193 255 / 0.97998060 0.09771730
				-41.50635000 5.16503900 -3.41894500 / -1.00000000 0.00000000 0.00000000 / 193 0 182 255 / 0.99665830 0.00839230
				-41.50635000 5.16503900 -3.41894500 / -1.00000000 0.00000000 0.00000000 / 193 0 182 255 / 0.99665830 0.00839230
				-41.50635000 5.36523400 -3.41894500 / -1.00000000 0.00000000 0.00000000 / 193 0 182 255 / 0.97998060 0.00839230
				-41.50635000 0.62158200 -4.62109400 / -1.00000000 0.00000000 0.00000000 / 123 0 118 255 / 0.97998060 0.09771730
				-41.50635000 0.62158200 -4.62109400 / -1.00000000 0.00000000 0.00000000 / 123 0 118 255 / 0.97998060 0.09771730
				-41.50635000 0.42089840 -4.62109400 / -1.00000000 0.00000000 0.00000000 / 123 0 118 255 / 0.99665830 0.09771730
				-41.50684000 0.42089840 -3.41894500 / -1.00000000 0.00000000 0.00000000 / 123 0 118 255 / 0.99665830 0.00839230
				-86.71094000 52.48389000 -1.29687500 / 1.00000000 0.00000000 0.00000000 / 169 0 160 255 / 0.03160090 0.15917970
				-41.50684000 0.42089840 -3.41894500 / -1.00000000 0.00000000 0.00000000 / 123 0 118 255 / 0.99665830 0.00839230
				-41.50635000 0.62158200 -3.41894500 / -1.00000000 0.00000000 0.00000000 / 123 0 118 255 / 0.97998060 0.00839230
				-41.50684000 27.69922000 5.17236300 / -1.00000000 0.00000000 0.00000000 / 206 0 193 255 / 0.97998060 0.09771730
				-41.50635000 8.36669900 -4.62109400 / -1.00000000 0.00000000 0.00000000 / 222 0 209 255 / 0.97998060 0.09771730
				-41.50635000 8.36669900 -4.62109400 / -1.00000000 0.00000000 0.00000000 / 222 0 209 255 / 0.97998060 0.09771730
				-24.82910000 38.26807000 -4.62109400 / 0.00000000 1.00000000 0.00000000 / 188 0 178 255 / 0.97998060 0.09771730
				-24.82910000 38.26807000 -4.62109400 / 0.00000000 1.00000000 0.00000000 / 188 0 178 255 / 0.97998060 0.09771730
				-41.50635000 8.16601600 -4.62109400 / -1.00000000 0.00000000 0.00000000 / 222 0 209 255 / 0.99665830 0.09771730
				-41.50635000 8.16601600 -3.41894500 / -1.00000000 0.00000000 0.00000000 / 222 0 209 255 / 0.99665830 0.00839230
				-41.50635000 8.16601600 -3.41894500 / -1.00000000 0.00000000 0.00000000 / 222 0 209 255 / 0.99665830 0.00839230
				-41.50635000 8.36669900 -3.41894500 / -1.00000000 0.00000000 0.00000000 / 222 0 209 255 / 0.97998060 0.00839230
				-86.71094000 52.48389000 -1.29687500 / 1.00000000 0.00000000 0.00000000 / 169 0 160 255 / 0.03160090 0.15917970
				-41.50635000 -4.72949200 -4.62109400 / -1.00000000 0.00000000 0.00000000 / 51 0 51 255 / 0.97998060 0.09771730
				-41.50684000 27.49902000 5.17236300 / -1.00000000 0.00000000 0.00000000 / 206 0 193 255 / 0.99665830 0.09771730
				-41.50635000 -4.72949200 -4.62109400 / -1.00000000 0.00000000 0.00000000 / 51 0 51 255 / 0.97998060 0.09771730
				-41.50635000 -4.92968800 -4.62109400 / -1.00000000 0.00000000 0.00000000 / 51 0 51 255 / 0.99665830 0.09771730
				-41.50635000 -4.92968800 -3.41894500 / -1.00000000 0.00000000 0.00000000 / 51 0 51 255 / 0.99665830 0.00839230
				-41.50635000 -4.92968800 -3.41894500 / -1.00000000 0.00000000 0.00000000 / 51 0 51 255 / 0.99665830 0.00839230
				-41.50635000 -4.72949200 -3.41894500 / -1.00000000 0.00000000 0.00000000 / 51 0 51 255 / 0.97998060 0.00839230
				-41.50635000 -3.74511700 -4.62109400 / -1.00000000 0.00000000 0.00000000 / 51 0 51 255 / 0.97998060 0.09771730
				-41.50635000 -3.74511700 -4.62109400 / -1.00000000 0.00000000 0.00000000 / 51 0 51 255 / 0.97998060 0.09771730
				-41.50635000 -3.94531300 -4.62109400 / -1.00000000 0.00000000 0.00000000 / 51 0 51 255 / 0.99665830 0.09771730
				-41.50635000 -3.94531300 -3.41894500 / -1.00000000 0.00000000 0.00000000 / 51 0 51 255 / 0.99665830 0.00839230
				-86.71094000 52.48389000 -0.02880860 / 1.00000000 0.00000000 0.00000000 / 169 0 160 255 / 0.03160090 0.02117920
				-41.50684000 27.49902000 6.37451100 / -1.00000000 0.00000000 0.00000000 / 206 0 193 255 / 0.99665830 0.00839230
				-41.50635000 -3.94531300 -3.41894500 / -1.00000000 0.00000000 0.00000000 / 51 0 51 255 / 0.99665830 0.00839230
				-24.82910000 38.26807000 -3.41894500 / 0.00000000 1.00000000 0.00000000 / 188 0 177 255 / 0.97998060 0.00839230
				-41.50635000 -3.74511700 -3.41894500 / -1.00000000 0.00000000 0.00000000 / 51 0 51 255 / 0.97998060 0.00839230
				-41.50635000 -8.48876900 -4.62109400 / -1.00000000 0.00000000 0.00000000 / 51 0 51 255 / 0.97998060 0.09771730
				-41.50635000 -8.48876900 -4.62109400 / -1.00000000 0.00000000 0.00000000 / 51 0 51 255 / 0.97998060 0.09771730
				-41.50635000 -8.68896500 -4.62109400 / -1.00000000 0.00000000 0.00000000 / 51 0 51 255 / 0.99665830 0.09771730
				-41.50635000 -8.68896500 -3.41894500 / -1.00000000 0.00000000 0.00000000 / 51 0 51 255 / 0.99665830 0.00839230
				-41.50635000 -8.68896500 -3.41894500 / -1.00000000 0.00000000 0.00000000 / 51 0 51 255 / 0.99665830 0.00839230
				-41.50635000 -8.48876900 -3.41894500 / -1.00000000 0.00000000 0.00000000 / 51 0 51 255 / 0.97998060 0.00839230
				-41.50635000 -0.74365240 -4.62109400 / -1.00000000 0.00000000 0.00000000 / 89 0 86 255 / 0.97998060 0.09771730
				-16.88379000 -16.23193000 6.37451100 / 0.00000000 -1.00000000 0.00000000 / 200 0 188 255 / 0.95149230 0.00839230
				-41.50684000 27.49902000 6.37451100 / -1.00000000 0.00000000 0.00000000 / 206 0 193 255 / 0.99665830 0.00839230
				-86.71094000 50.86279000 -0.02880860 / 1.00000000 0.00000000 0.00000000 / 169 0 160 255 / 0.08432010 0.02117920
				-41.50635000 -0.74365240 -4.62109400 / -1.00000000 0.00000000 0.00000000 / 89 0 86 255 / 0.97998060 0.09771730
				-41.50635000 -0.94384770 -4.62109400 / -1.00000000 0.00000000 0.00000000 / 90 0 87 255 / 0.99665830 0.09771730
				-41.50635000 -0.94384770 -3.41894500 / -1.00000000 0.00000000 0.00000000 / 89 0 86 255 / 0.99665830 0.00839230
				-41.50635000 -0.94384770 -3.41894500 / -1.00000000 0.00000000 0.00000000 / 89 0 86 255 / 0.99665830 0.00839230
				-41.50635000 -0.74365240 -3.41894500 / -1.00000000 0.00000000 0.00000000 / 89 0 86 255 / 0.97998060 0.00839230
				-0.95312500 26.71484000 0.27148440 / -1.00000000 0.00000000 0.00000000 / 174 0 164 255 / 0.87222290 0.09771730
				-0.95312500 26.71484000 0.27148440 / -1.00000000 0.00000000 0.00000000 / 174 0 164 255 / 0.87222290 0.09771730
				-24.62891000 38.26807000 -3.41894500 / 0.00000000 1.00000000 0.00000000 / 188 0 178 255 / 0.99665830 0.00839230
				-24.62891000 38.26807000 -3.41894500 / 0.00000000 1.00000000 0.00000000 / 188 0 178 255 / 0.99665830 0.00839230
				-98.18408000 50.86279000 -1.29687500 / -1.00000000 0.00000000 0.00000000 / 166 0 157 255 / 0.03646850 0.16400150
				-0.95312500 26.51465000 0.27148440 / -1.00000000 0.00000000 0.00000000 / 174 0 164 255 / 0.88890070 0.09771730
				-86.71094000 50.86279000 -0.02880860 / 1.00000000 0.00000000 0.00000000 / 169 0 160 255 / 0.08432010 0.02117920
				-0.95312500 26.51465000 1.47363300 / -1.00000000 0.00000000 0.00000000 / 174 0 164 255 / 0.88890070 0.00839230
				-0.95312500 26.51465000 1.47363300 / -1.00000000 0.00000000 0.00000000 / 174 0 164 255 / 0.88890070 0.00839230
				-0.95312500 26.71484000 1.47363300 / -1.00000000 0.00000000 0.00000000 / 174 0 164 255 / 0.87222290 0.00839230
				-0.95312500 27.69922000 0.27148440 / -1.00000000 0.00000000 0.00000000 / 165 0 156 255 / 0.87222290 0.09771730
				-0.95312500 27.69922000 0.27148440 / -1.00000000 0.00000000 0.00000000 / 165 0 156 255 / 0.87222290 0.09771730
				-0.95312500 27.49902000 0.27148440 / -1.00000000 0.00000000 0.00000000 / 165 0 156 255 / 0.88890070 0.09771730
				-0.95312500 27.49902000 1.47363300 / -1.00000000 0.00000000 0.00000000 / 165 0 156 255 / 0.88890070 0.00839230
				-0.95312500 27.49902000 1.47363300 / -1.00000000 0.00000000 0.00000000 / 165 0 156 255 / 0.88890070 0.00839230
				-41.50684000 27.69922000 6.37451100 / -1.00000000 0.00000000 0.00000000 / 206 0 193 255 / 0.97998060 0.00839230
				-0.95312500 27.69922000 1.47363300 / -1.00000000 0.00000000 0.00000000 / 165 0 156 255 / 0.87222290 0.00839230
				-0.95312500 22.95557000 0.27148440 / -1.00000000 0.00000000 0.00000000 / 186 0 175 255 / 0.87222290 0.09771730
				-33.73877000 -16.23193000 0.27392580 / 0.00000000 -1.00000000 0.00000000 / 220 0 207 255 / 0.88890070 0.09771730
				-0.95312500 22.95557000 0.27148440 / -1.00000000 0.00000000 0.00000000 / 186 0 175 255 / 0.87222290 0.09771730
				-0.95312500 22.75488000 0.27148440 / -1.00000000 0.00000000 0.00000000 / 186 0 175 255 / 0.88890070 0.09771730
				-0.95312500 22.75488000 1.47363300 / -1.00000000 0.00000000 0.00000000 / 186 0 175 255 / 0.88890070 0.00839230
				-0.95312500 22.75488000 1.47363300 / -1.00000000 0.00000000 0.00000000 / 186 0 175 255 / 0.88890070 0.00839230
				-24.62891000 38.26807000 -4.62109400 / 0.00000000 1.00000000 0.00000000 / 189 0 178 255 / 0.99665830 0.09771730
				-0.95312500 22.95557000 1.47363300 / -1.00000000 0.00000000 0.00000000 / 186 0 175 255 / 0.87222290 0.00839230
				-0.95312500 30.70068000 0.27148440 / -1.00000000 0.00000000 0.00000000 / 156 0 148 255 / 0.87222290 0.09771730
				-41.50684000 22.95557000 5.17236300 / -1.00000000 0.00000000 0.00000000 / 214 0 201 255 / 0.97998060 0.09771730
				-0.95312500 30.70068000 0.27148440 / -1.00000000 0.00000000 0.00000000 / 156 0 148 255 / 0.87222290 0.09771730
				-0.95312500 30.50000000 0.27148440 / -1.00000000 0.00000000 0.00000000 / 156 0 148 255 / 0.88890070 0.09771730
				-0.95312500 30.50000000 1.47363300 / -1.00000000 0.00000000 0.00000000 / 156 0 148 255 / 0.88890070 0.00839230
				-86.71094000 50.86279000 -1.29687500 / 1.00000000 0.00000000 0.00000000 / 169 0 160 255 / 0.08432010 0.15917970
				-0.95312500 30.50000000 1.47363300 / -1.00000000 0.00000000 0.00000000 / 156 0 148 255 / 0.88890070 0.00839230
				-0.95312500 30.70068000 1.47363300 / -1.00000000 0.00000000 0.00000000 / 156 0 148 255 / 0.87222290 0.00839230
				-0.95312500 17.60498000 0.27148440 / -1.00000000 0.00000000 0.00000000 / 193 0 182 255 / 0.87222290 0.09771730
				-0.95312500 17.60498000 0.27148440 / -1.00000000 0.00000000 0.00000000 / 193 0 182 255 / 0.87222290 0.09771730
				-0.95312500 17.40430000 0.27148440 / -1.00000000 0.00000000 0.00000000 / 193 0 182 255 / 0.88890070 0.09771730
				-0.95312500 17.40430000 1.47363300 / -1.00000000 0.00000000 0.00000000 / 193 0 182 255 / 0.88890070 0.00839230
				-41.50684000 22.95557000 5.17236300 / -1.00000000 0.00000000 0.00000000 / 214 0 201 255 / 0.97998060 0.09771730
				-0.95312500 17.40430000 1.47363300 / -1.00000000 0.00000000 0.00000000 / 193 0 182 255 / 0.88890070 0.00839230
				-0.95312500 17.60498000 1.47363300 / -1.00000000 0.00000000 0.00000000 / 192 0 181 255 / 0.87222290 0.00839230
				-0.95312500 18.58936000 0.27148440 / -1.00000000 0.00000000 0.00000000 / 184 0 173 255 / 0.87222290 0.09771730
				-0.95312500 18.58936000 0.27148440 / -1.00000000 0.00000000 0.00000000 / 184 0 173 255 / 0.87222290 0.09771730
				-86.71094000 54.56934000 -0.02880860 / 1.00000000 0.00000000 0.00000000 / 169 0 160 255 / 0.08432010 0.00363160
				-7.61914100 38.26807000 0.27392580 / 0.00000000 1.00000000 0.00000000 / 200 0 189 255 / 0.87222290 0.09771730
				-7.61914100 38.26807000 0.27392580 / 0.00000000 1.00000000 0.00000000 / 200 0 189 255 / 0.87222290 0.09771730
				-0.95312500 18.38916000 0.27148440 / -1.00000000 0.00000000 0.00000000 / 183 0 173 255 / 0.88890070 0.09771730
				-0.95312500 18.38916000 1.47363300 / -1.00000000 0.00000000 0.00000000 / 184 0 173 255 / 0.88890070 0.00839230
				-0.95312500 18.38916000 1.47363300 / -1.00000000 0.00000000 0.00000000 / 184 0 173 255 / 0.88890070 0.00839230
				-41.50684000 22.75488000 5.17236300 / -1.00000000 0.00000000 0.00000000 / 214 0 201 255 / 0.99665830 0.09771730
				-0.95312500 18.58936000 1.47363300 / -1.00000000 0.00000000 0.00000000 / 184 0 174 255 / 0.87222290 0.00839230
				-0.95312500 13.84570000 0.27148440 / -1.00000000 0.00000000 0.00000000 / 178 0 168 255 / 0.87222290 0.09771730
				-0.95312500 13.84570000 0.27148440 / -1.00000000 0.00000000 0.00000000 / 178 0 168 255 / 0.87222290 0.09771730
				-0.95312500 13.64502000 0.27148440 / -1.00000000 0.00000000 0.00000000 / 178 0 168 255 / 0.88890070 0.09771730
				-0.95312500 13.64502000 1.47363300 / -1.00000000 0.00000000 0.00000000 / 178 0 168 255 / 0.88890070 0.00839230
				-26.19385000 -16.23193000 1.47607400 / 0.00000000 -1.00000000 0.00000000 / 229 0 215 255 / 0.87222290 0.00839230
				-86.71094000 54.56934000 -0.02880860 / 1.00000000 0.00000000 0.00000000 / 169 0 160 255 / 0.08432010 0.00363160
				-0.95312500 13.64502000 1.47363300 / -1.00000000 0.00000000 0.00000000 / 178 0 168 255 / 0.88890070 0.00839230
				-0.95312500 13.84570000 1.47363300 / -1.00000000 0.00000000 0.00000000 / 179 0 169 255 / 0.87222290 0.00839230
				-0.95312500 21.59033000 0.27148440 / -1.00000000 0.00000000 0.00000000 / 194 0 182 255 / 0.87222290 0.09771730
				-41.50684000 22.75488000 6.37451100 / -1.00000000 0.00000000 0.00000000 / 214 0 201 255 / 0.99665830 0.00839230
				-0.95312500 21.59033000 0.27148440 / -1.00000000 0.00000000 0.00000000 / 194 0 182 255 / 0.87222290 0.09771730
				-0.95312500 21.39014000 0.27148440 / -1.00000000 0.00000000 0.00000000 / 193 0 182 255 / 0.88890070 0.09771730
				-0.95312500 21.39014000 1.47363300 / -1.00000000 0.00000000 0.00000000 / 194 0 182 255 / 0.88890070 0.00839230
				-0.95312500 21.39014000 1.47363300 / -1.00000000 0.00000000 0.00000000 / 194 0 182 255 / 0.88890070 0.00839230
				-7.61914100 38.26807000 1.47607400 / 0.00000000 1.00000000 0.00000000 / 201 0 189 255 / 0.87222290 0.00839230
				-0.95312500 21.59033000 1.47363300 / -1.00000000 0.00000000 0.00000000 / 194 0 183 255 / 0.87222290 0.00839230
				-0.95312500 -4.72949200 0.27148440 / -1.00000000 0.00000000 0.00000000 / 176 0 166 255 / 0.87222290 0.09771730
				-86.71094000 54.56934000 -1.29687500 / 1.00000000 0.00000000 0.00000000 / 169 0 160 255 / 0.08432010 0.14163210
				-0.95312500 -4.72949200 0.27148440 / -1.00000000 0.00000000 0.00000000 / 176 0 166 255 / 0.87222290 0.09771730
				-0.95312500 -4.92968800 0.27148440 / -1.00000000 0.00000000 0.00000000 / 176 0 166 255 / 0.88890070 0.09771730
				-41.50684000 22.75488000 6.37451100 / -1.00000000 0.00000000 0.00000000 / 214 0 201 255 / 0.99665830 0.00839230
				-0.95312500 -4.92968800 1.47363300 / -1.00000000 0.00000000 0.00000000 / 176 0 166 255 / 0.88890070 0.00839230
				-0.95312500 -4.92968800 1.47363300 / -1.00000000 0.00000000 0.00000000 / 176 0 166 255 / 0.88890070 0.00839230
				-0.95312500 -4.72949200 1.47363300 / -1.00000000 0.00000000 0.00000000 / 176 0 166 255 / 0.87222290 0.00839230
				-0.95312500 -3.74511700 0.27148440 / -1.00000000 0.00000000 0.00000000 / 179 0 169 255 / 0.87222290 0.09771730
				-0.95312500 -3.74511700 0.27148440 / -1.00000000 0.00000000 0.00000000 / 179 0 169 255 / 0.87222290 0.09771730
				-0.95312500 -3.94531300 0.27148440 / -1.00000000 0.00000000 0.00000000 / 178 0 168 255 / 0.88890070 0.09771730
				-0.95312500 -3.94531300 1.47363300 / -1.00000000 0.00000000 0.00000000 / 179 0 169 255 / 0.88890070 0.00839230
				-0.95312500 -3.94531300 1.47363300 / -1.00000000 0.00000000 0.00000000 / 179 0 169 255 / 0.88890070 0.00839230
				-86.71094000 56.19043000 -1.29687500 / 1.00000000 0.00000000 0.00000000 / 169 0 160 255 / 0.03160090 0.14163210
				-0.95312500 -3.74511700 1.47363300 / -1.00000000 0.00000000 0.00000000 / 179 0 169 255 / 0.87222290 0.00839230
				-41.50684000 22.95557000 6.37451100 / -1.00000000 0.00000000 0.00000000 / 214 0 201 255 / 0.97998060 0.00839230
				-0.95312500 -8.48876900 0.27148440 / -1.00000000 0.00000000 0.00000000 / 139 0 132 255 / 0.87222290 0.09771730
				-0.95312500 -8.48876900 0.27148440 / -1.00000000 0.00000000 0.00000000 / 139 0 132 255 / 0.87222290 0.09771730
				-7.41894500 38.26807000 1.47607400 / 0.00000000 1.00000000 0.00000000 / 200 0 189 255 / 0.88890070 0.00839230
				-7.41894500 38.26807000 1.47607400 / 0.00000000 1.00000000 0.00000000 / 200 0 189 255 / 0.88890070 0.00839230
				-0.95312500 -8.68896500 0.27148440 / -1.00000000 0.00000000 0.00000000 / 140 0 133 255 / 0.88890070 0.09771730
				-0.95312500 -8.68896500 1.47363300 / -1.00000000 0.00000000 0.00000000 / 139 0 132 255 / 0.88890070 0.00839230
				-0.95312500 -8.68896500 1.47363300 / -1.00000000 0.00000000 0.00000000 / 139 0 132 255 / 0.88890070 0.00839230
				-0.95312500 -8.48876900 1.47363300 / -1.00000000 0.00000000 0.00000000 / 139 0 132 255 / 0.87222290 0.00839230
				-0.95312500 4.38085900 -4.62353500 / -1.00000000 0.00000000 0.00000000 / 59 0 59 255 / 0.97998060 0.09771730
				-86.71094000 56.19043000 -1.29687500 / 1.00000000 0.00000000 0.00000000 / 169 0 160 255 / 0.03160090 0.14163210
				-41.50684000 30.70068000 5.17236300 / -1.00000000 0.00000000 0.00000000 / 235 0 221 255 / 0.97998060 0.09771730
				-0.95312500 4.38085900 -4.62353500 / -1.00000000 0.00000000 0.00000000 / 59 0 59 255 / 0.97998060 0.09771730
				-0.95312500 4.18017600 -4.62353500 / -1.00000000 0.00000000 0.00000000 / 59 0 59 255 / 0.99665830 0.09771730
				-0.95312500 4.18017600 -3.42089900 / -1.00000000 0.00000000 0.00000000 / 59 0 59 255 / 0.99665830 0.00839230
				-0.95312500 4.18017600 -3.42089900 / -1.00000000 0.00000000 0.00000000 / 59 0 59 255 / 0.99665830 0.00839230
				-0.95312500 4.38085900 -3.42089900 / -1.00000000 0.00000000 0.00000000 / 60 0 59 255 / 0.97998060 0.00839230
				-0.95312500 5.36523400 -4.62353500 / -1.00000000 0.00000000 0.00000000 / 61 0 60 255 / 0.97998060 0.09771730
				-0.95312500 5.36523400 -4.62353500 / -1.00000000 0.00000000 0.00000000 / 61 0 60 255 / 0.97998060 0.09771730
				-0.95312500 5.16503900 -4.62353500 / -1.00000000 0.00000000 0.00000000 / 61 0 60 255 / 0.99665830 0.09771730
				-0.95312500 5.16503900 -3.42089900 / -1.00000000 0.00000000 0.00000000 / 61 0 60 255 / 0.99665830 0.00839230
				-0.95312500 5.16503900 -3.42089900 / -1.00000000 0.00000000 0.00000000 / 61 0 60 255 / 0.99665830 0.00839230
			}
		}
		Geometry
		{
			ShaderIndex 1
			Flags -
			VertexDeclaration N209731BE
			Indices 5010
			{
				0 2 3 4 5 1 6 8 9 10 11 7 12 14 15
				16 17 13 18 20 21 22 23 19 24 26 27 28 29 25
				30 32 33 34 35 31 36 38 39 40 41 37 42 44 45
				46 47 43 48 50 51 52 53 49 54 56 57 58 59 55
				60 62 63 64 65 61 66 68 69 70 71 67 72 74 75
				76 77 73 78 80 81 82 83 79 84 86 87 88 89 85
				90 92 93 94 95 91 96 98 99 100 101 97 102 104 105
				106 107 103 108 110 111 112 113 109 114 116 117 118 119 115
				120 122 123 124 125 121 126 128 129 130 131 127 132 134 135
				136 137 133 138 140 141 142 143 139 144 146 147 148 149 145
				150 152 153 154 155 151 156 158 159 160 161 157 162 164 165
				166 167 163 168 170 171 172 173 169 174 176 177 178 179 175
				180 182 183 184 185 181 186 188 189 190 191 187 192 194 195
				196 197 193 198 200 201 202 203 199 204 206 207 208 209 205
				210 212 213 214 215 211 216 218 219 220 221 217 222 224 225
				226 227 223 228 230 231 232 233 229 234 236 237 238 239 235
				240 242 243 244 245 241 246 248 249 250 251 247 252 254 255
				256 257 253 258 260 261 262 263 259 264 266 267 268 269 265
				270 272 273 274 275 271 276 278 279 280 281 277 282 284 285
				286 287 283 288 290 291 292 293 289 294 296 297 298 299 295
				300 302 303 304 305 301 306 308 309 310 311 307 312 314 315
				316 317 313 318 320 321 322 323 319 324 326 327 328 329 325
				330 332 333 334 335 331 336 338 339 340 341 337 342 344 345
				346 347 343 348 350 351 352 353 349 354 356 357 358 359 355
				360 362 363 364 365 361 366 368 369 370 371 367 372 374 375
				376 377 373 378 380 381 382 383 379 384 386 387 388 389 385
				390 392 393 394 395 391 396 398 399 400 401 397 402 404 405
				406 407 403 408 410 411 412 413 409 414 416 417 418 419 415
				420 422 423 424 425 421 426 428 429 430 431 427 432 434 435
				436 437 433 438 440 441 442 443 439 444 446 447 448 449 445
				450 452 453 454 455 451 456 458 459 460 461 457 462 464 465
				466 467 463 468 470 471 472 473 469 474 476 477 478 479 475
				480 482 483 484 485 481 486 488 489 490 491 487 492 494 495
				496 497 493 498 500 501 502 503 499 504 506 507 508 509 505
				510 512 513 514 515 511 516 518 519 520 521 517 522 524 525
				526 527 523 528 530 531 532 533 529 534 536 537 538 539 535
				540 542 543 544 545 541 546 548 549 550 551 547 552 554 555
				556 557 553 558 560 561 562 563 559 564 566 567 568 569 565
				570 572 573 574 575 571 576 578 579 580 581 577 582 584 585
				586 587 583 588 590 591 592 593 589 594 596 597 598 599 595
				600 602 603 604 605 601 606 608 609 610 611 607 612 614 615
				616 617 613 618 620 621 622 623 619 624 626 627 628 629 625
				630 632 633 634 635 631 636 638 639 640 641 637 642 644 645
				646 647 643 648 650 651 652 653 649 654 656 657 658 659 655
				660 662 663 664 665 661 666 668 669 670 671 667 672 674 675
				676 677 673 678 680 681 682 683 679 684 686 687 688 689 685
				690 692 693 694 695 691 696 698 699 700 701 697 702 704 705
				706 707 703 708 710 711 712 713 709 714 716 717 718 719 715
				720 722 723 724 725 721 726 728 729 730 731 727 732 734 735
				736 737 733 738 740 741 742 743 739 744 746 747 748 749 745
				750 752 753 754 755 751 756 758 759 760 761 757 762 764 765
				766 767 763 768 770 771 772 773 769 774 776 777 778 779 775
				780 782 783 784 785 781 786 788 789 790 791 787 792 794 795
				796 797 793 798 800 801 802 803 799 804 806 807 808 809 805
				810 812 813 814 815 811 816 818 819 820 821 817 822 824 825
				826 827 823 828 830 831 832 833 829 834 836 837 838 839 835
				840 842 843 844 845 841 846 848 849 850 851 847 852 854 855
				856 857 853 858 860 861 862 863 859 864 866 867 868 869 865
				870 872 873 874 875 871 876 878 879 880 881 877 882 884 885
				886 887 883 888 890 891 892 893 889 894 896 897 898 899 895
				900 902 903 904 905 901 906 908 909 910 911 907 912 914 915
				916 917 913 918 920 921 922 923 919 924 926 927 928 929 925
				930 932 933 934 935 931 936 938 939 940 941 937 942 944 945
				946 947 943 948 950 951 952 953 949 954 956 957 958 959 955
				960 962 963 964 965 961 966 968 969 970 971 967 972 974 975
				976 977 973 978 980 981 982 983 979 984 986 987 988 989 985
				990 992 993 994 995 991 996 998 999 1000 1001 997 1002 1004 1005
				1006 1007 1003 1008 1010 1011 1012 1013 1009 1014 1016 1017 1018 1019 1015
				1020 1022 1023 1024 1025 1021 1026 1028 1029 1030 1031 1027 1032 1034 1035
				1036 1037 1033 1038 1040 1041 1042 1043 1039 1044 1046 1047 1048 1049 1045
				1050 1052 1053 1054 1055 1051 1056 1058 1059 1060 1061 1057 1062 1064 1065
				1066 1067 1063 1068 1070 1071 1072 1073 1069 1074 1076 1077 1078 1079 1075
				1080 1082 1083 1084 1085 1081 1086 1088 1089 1090 1091 1087 1092 1094 1095
				1096 1097 1093 1098 1100 1101 1102 1103 1099 1104 1106 1107 1108 1109 1105
				1110 1112 1113 1114 1115 1111 1116 1118 1119 1120 1121 1117 1122 1124 1125
				1126 1127 1123 1128 1130 1131 1132 1133 1129 1134 1136 1137 1138 1139 1135
				1140 1142 1143 1144 1145 1141 1146 1148 1149 1150 1151 1147 1152 1154 1155
				1156 1157 1153 1158 1160 1161 1162 1163 1159 1164 1166 1167 1168 1169 1165
				1170 1172 1173 1174 1175 1171 1176 1178 1179 1180 1181 1177 1182 1184 1185
				1186 1187 1183 1188 1190 1191 1192 1193 1189 1194 1196 1197 1198 1199 1195
				1200 1202 1203 1204 1205 1201 1206 1208 1209 1210 1211 1207 1212 1214 1215
				1216 1217 1213 1218 1220 1221 1222 1223 1219 1224 1226 1227 1228 1229 1225
				1230 1232 1233 1234 1235 1231 1236 1238 1239 1240 1241 1237 1242 1244 1245
				1246 1247 1243 1248 1250 1251 1252 1253 1249 1254 1256 1257 1258 1259 1255
				1260 1262 1263 1264 1265 1261 1266 1268 1269 1270 1271 1267 1272 1274 1275
				1276 1277 1273 1278 1280 1281 1282 1283 1279 1284 1286 1287 1288 1289 1285
				1290 1292 1293 1294 1295 1291 1296 1298 1299 1300 1301 1297 1302 1304 1305
				1306 1307 1303 1308 1310 1311 1312 1313 1309 1314 1316 1317 1318 1319 1315
				1320 1322 1323 1324 1325 1321 1326 1328 1329 1330 1331 1327 1332 1334 1335
				1336 1337 1333 1338 1340 1341 1342 1343 1339 1344 1346 1347 1348 1349 1345
				1350 1352 1353 1354 1355 1351 1356 1358 1359 1360 1361 1357 1362 1364 1365
				1366 1367 1363 1368 1370 1371 1372 1373 1369 1374 1376 1377 1378 1379 1375
				1380 1382 1383 1384 1385 1381 1386 1388 1389 1390 1391 1387 1392 1394 1395
				1396 1397 1393 1398 1400 1401 1402 1403 1399 1404 1406 1407 1408 1409 1405
				1410 1412 1413 1414 1415 1411 1416 1418 1419 1420 1421 1417 1422 1424 1425
				1426 1427 1423 1428 1430 1431 1432 1433 1429 1434 1436 1437 1438 1439 1435
				1440 1442 1443 1444 1445 1441 1446 1448 1449 1450 1451 1447 1452 1454 1455
				1456 1457 1453 1458 1460 1461 1462 1463 1459 1464 1466 1467 1468 1469 1465
				1470 1472 1473 1474 1475 1471 1476 1478 1479 1480 1481 1477 1482 1484 1485
				1486 1487 1483 1488 1490 1491 1492 1493 1489 1494 1496 1497 1498 1499 1495
				1500 1502 1503 1504 1505 1501 1506 1508 1509 1510 1511 1507 1512 1514 1515
				1516 1517 1513 1518 1520 1521 1522 1523 1519 1524 1526 1527 1528 1529 1525
				1530 1532 1533 1534 1535 1531 1536 1538 1539 1540 1541 1537 1542 1544 1545
				1546 1547 1543 1548 1550 1551 1552 1553 1549 1554 1556 1557 1558 1559 1555
				1560 1562 1563 1564 1565 1561 1566 1568 1569 1570 1571 1567 1572 1574 1575
				1576 1577 1573 1578 1580 1581 1582 1583 1579 1584 1586 1587 1588 1589 1585
				1590 1592 1593 1594 1595 1591 1596 1598 1599 1600 1601 1597 1602 1604 1605
				1606 1607 1603 1608 1610 1611 1612 1613 1609 1614 1616 1617 1618 1619 1615
				1620 1622 1623 1624 1625 1621 1626 1628 1629 1630 1631 1627 1632 1634 1635
				1636 1637 1633 1638 1640 1641 1642 1643 1639 1644 1646 1647 1648 1649 1645
				1650 1652 1653 1654 1655 1651 1656 1658 1659 1660 1661 1657 1662 1664 1665
				1666 1667 1663 1668 1670 1671 1672 1673 1669 1674 1676 1677 1678 1679 1675
				1680 1682 1683 1684 1685 1681 1686 1688 1689 1690 1691 1687 1692 1694 1695
				1696 1697 1693 1698 1700 1701 1702 1703 1699 1704 1706 1707 1708 1709 1705
				1710 1712 1713 1714 1715 1711 1716 1718 1719 1720 1721 1717 1722 1724 1725
				1726 1727 1723 1728 1730 1731 1732 1733 1729 1734 1736 1737 1738 1739 1735
				1740 1742 1743 1744 1745 1741 1746 1748 1749 1750 1751 1747 1752 1754 1755
				1756 1757 1753 1758 1760 1761 1762 1763 1759 1764 1766 1767 1768 1769 1765
				1770 1772 1773 1774 1775 1771 1776 1778 1779 1780 1781 1777 1782 1784 1785
				1786 1787 1783 1788 1790 1791 1792 1793 1789 1794 1796 1797 1798 1799 1795
				1800 1802 1803 1804 1805 1801 1806 1808 1809 1810 1811 1807 1812 1814 1815
				1816 1817 1813 1818 1820 1821 1822 1823 1819 1824 1826 1827 1828 1829 1825
				1830 1832 1833 1834 1835 1831 1836 1838 1839 1840 1841 1837 1842 1844 1845
				1846 1847 1843 1848 1850 1851 1852 1853 1849 1854 1856 1857 1858 1859 1855
				1860 1862 1863 1864 1865 1861 1866 1868 1869 1870 1871 1867 1872 1874 1875
				1876 1877 1873 1878 1880 1881 1882 1883 1879 1884 1886 1887 1888 1889 1885
				1890 1892 1893 1894 1895 1891 1896 1898 1899 1900 1901 1897 1902 1904 1905
				1906 1907 1903 1908 1910 1911 1912 1913 1909 1914 1916 1917 1918 1919 1915
				1920 1922 1923 1924 1925 1921 1926 1928 1929 1930 1931 1927 1932 1934 1935
				1936 1937 1933 1938 1940 1941 1942 1943 1939 1944 1946 1947 1948 1949 1945
				1950 1952 1953 1954 1955 1951 1956 1958 1959 1960 1961 1957 1962 1964 1965
				1966 1967 1963 1968 1970 1971 1972 1973 1969 1974 1976 1977 1978 1979 1975
				1980 1982 1983 1984 1985 1981 1986 1988 1989 1990 1991 1987 1992 1994 1995
				1996 1997 1993 1998 2000 2001 2002 2003 1999 2004 2006 2007 2008 2009 2005
				2010 2012 2013 2014 2015 2011 2016 2018 2019 2020 2021 2017 2022 2024 2025
				2026 2027 2023 2028 2030 2031 2032 2033 2029 2034 2036 2037 2038 2039 2035
				2040 2042 2043 2044 2045 2041 2046 2048 2049 2050 2051 2047 2052 2054 2055
				2056 2057 2053 2058 2060 2061 2062 2063 2059 2064 2066 2067 2068 2069 2065
				2070 2072 2073 2074 2075 2071 2076 2078 2079 2080 2081 2077 2082 2084 2085
				2086 2087 2083 2088 2090 2091 2092 2093 2089 2094 2096 2097 2098 2099 2095
				2100 2102 2103 2104 2105 2101 2106 2108 2109 2110 2111 2107 2112 2114 2115
				2116 2117 2113 2118 2120 2121 2122 2123 2119 2124 2126 2127 2128 2129 2125
				2130 2132 2133 2134 2135 2131 2136 2138 2139 2140 2141 2137 2142 2144 2145
				2146 2147 2143 2148 2150 2151 2152 2153 2149 2154 2156 2157 2158 2159 2155
				2160 2162 2163 2164 2165 2161 2166 2168 2169 2170 2171 2167 2172 2174 2175
				2176 2177 2173 2178 2180 2181 2182 2183 2179 2184 2186 2187 2188 2189 2185
				2190 2192 2193 2194 2195 2191 2196 2198 2199 2200 2201 2197 2202 2204 2205
				2206 2207 2203 2208 2210 2211 2212 2213 2209 2214 2216 2217 2218 2219 2215
				2220 2222 2223 2224 2225 2221 2226 2228 2229 2230 2231 2227 2232 2234 2235
				2236 2237 2233 2238 2240 2241 2242 2243 2239 2244 2246 2247 2248 2249 2245
				2250 2252 2253 2254 2255 2251 2256 2258 2259 2260 2261 2257 2262 2264 2265
				2266 2267 2263 2268 2270 2271 2272 2273 2269 2274 2276 2277 2278 2279 2275
				2280 2282 2283 2284 2285 2281 2286 2288 2289 2290 2291 2287 2292 2294 2295
				2296 2297 2293 2298 2300 2301 2302 2303 2299 2304 2306 2307 2308 2309 2305
				2310 2312 2313 2314 2315 2311 2316 2318 2319 2320 2321 2317 2322 2324 2325
				2326 2327 2323 2328 2330 2331 2332 2333 2329 2334 2336 2337 2338 2339 2335
				2340 2342 2343 2344 2345 2341 2346 2348 2349 2350 2351 2347 2352 2354 2355
				2356 2357 2353 2358 2360 2361 2362 2363 2359 2364 2366 2367 2368 2369 2365
				2370 2372 2373 2374 2375 2371 2376 2378 2379 2380 2381 2377 2382 2384 2385
				2386 2387 2383 2388 2390 2391 2392 2393 2389 2394 2396 2397 2398 2399 2395
				2400 2402 2403 2404 2405 2401 2406 2408 2409 2410 2411 2407 2412 2414 2415
				2416 2417 2413 2418 2420 2421 2422 2423 2419 2424 2426 2427 2428 2429 2425
				2430 2432 2433 2434 2435 2431 2436 2438 2439 2440 2441 2437 2442 2444 2445
				2446 2447 2443 2448 2450 2451 2452 2453 2449 2454 2456 2457 2458 2459 2455
				2460 2462 2463 2464 2465 2461 2466 2468 2469 2470 2471 2467 2472 2474 2475
				2476 2477 2473 2478 2480 2481 2482 2483 2479 2484 2486 2487 2488 2489 2485
				2490 2492 2493 2494 2495 2491 2496 2498 2499 2500 2501 2497 2502 2504 2505
				2506 2507 2503 2508 2510 2511 2512 2513 2509 2514 2516 2517 2518 2519 2515
				2520 2522 2523 2524 2525 2521 2526 2528 2529 2530 2531 2527 2532 2534 2535
				2536 2537 2533 2538 2540 2541 2542 2543 2539 2544 2546 2547 2548 2549 2545
				2550 2552 2553 2554 2555 2551 2556 2558 2559 2560 2561 2557 2562 2564 2565
				2566 2567 2563 2568 2570 2571 2572 2573 2569 2574 2576 2577 2578 2579 2575
				2580 2582 2583 2584 2585 2581 2586 2588 2589 2590 2591 2587 2592 2594 2595
				2596 2597 2593 2598 2600 2601 2602 2603 2599 2604 2606 2607 2608 2609 2605
				2610 2612 2613 2614 2615 2611 2616 2618 2619 2620 2621 2617 2622 2624 2625
				2626 2627 2623 2628 2630 2631 2632 2633 2629 2634 2636 2637 2638 2639 2635
				2640 2642 2643 2644 2645 2641 2646 2648 2649 2650 2651 2647 2652 2654 2655
				2656 2657 2653 2658 2660 2661 2662 2663 2659 2664 2666 2667 2668 2669 2665
				2670 2672 2673 2674 2675 2671 2676 2678 2679 2680 2681 2677 2682 2684 2685
				2686 2687 2683 2688 2690 2691 2692 2693 2689 2694 2696 2697 2698 2699 2695
				2700 2702 2703 2704 2705 2701 2706 2708 2709 2710 2711 2707 2712 2714 2715
				2716 2717 2713 2718 2720 2721 2722 2723 2719 2724 2726 2727 2728 2729 2725
				2730 2732 2733 2734 2735 2731 2736 2738 2739 2740 2741 2737 2742 2744 2745
				2746 2747 2743 2748 2750 2751 2752 2753 2749 2754 2756 2757 2758 2759 2755
				2760 2762 2763 2764 2765 2761 2766 2768 2769 2770 2771 2767 2772 2774 2775
				2776 2777 2773 2778 2780 2781 2782 2783 2779 2784 2786 2787 2788 2789 2785
				2790 2792 2793 2794 2795 2791 2796 2798 2799 2800 2801 2797 2802 2804 2805
				2806 2807 2803 2808 2810 2811 2812 2813 2809 2814 2816 2817 2818 2819 2815
				2820 2822 2823 2824 2825 2821 2826 2828 2829 2830 2831 2827 2832 2834 2835
				2836 2837 2833 2838 2840 2841 2842 2843 2839 2844 2846 2847 2848 2849 2845
				2850 2852 2853 2854 2855 2851 2856 2858 2859 2860 2861 2857 2862 2864 2865
				2866 2867 2863 2868 2870 2871 2872 2873 2869 2874 2876 2877 2878 2879 2875
				2880 2882 2883 2884 2885 2881 2886 2888 2889 2890 2891 2887 2892 2894 2895
				2896 2897 2893 2898 2900 2901 2902 2903 2899 2904 2906 2907 2908 2909 2905
				2910 2912 2913 2914 2915 2911 2916 2918 2919 2920 2921 2917 2922 2924 2925
				2926 2927 2923 2928 2930 2931 2932 2933 2929 2934 2936 2937 2938 2939 2935
				2940 2942 2943 2944 2945 2941 2946 2948 2949 2950 2951 2947 2952 2954 2955
				2956 2957 2953 2958 2960 2961 2962 2963 2959 2964 2966 2967 2968 2969 2965
				2970 2972 2973 2974 2975 2971 2976 2978 2979 2980 2981 2977 2982 2984 2985
				2986 2987 2983 2988 2990 2991 2992 2993 2989 2994 2996 2997 2998 2999 2995
				3000 3002 3003 3004 3005 3001 3006 3008 3009 3010 3011 3007 3012 3014 3015
				3016 3017 3013 3018 3020 3021 3022 3023 3019 3024 3026 3027 3028 3029 3025
				3030 3032 3033 3034 3035 3031 3036 3038 3039 3040 3041 3037 3042 3044 3045
				3046 3047 3043 3048 3050 3051 3052 3053 3049 3054 3056 3057 3058 3059 3055
				3060 3062 3063 3064 3065 3061 3066 3068 3069 3070 3071 3067 3072 3074 3075
				3076 3077 3073 3078 3080 3081 3082 3083 3079 3084 3086 3087 3088 3089 3085
				3090 3092 3093 3094 3095 3091 3096 3098 3099 3100 3101 3097 3102 3104 3105
				3106 3107 3103 3108 3110 3111 3112 3113 3109 3114 3116 3117 3118 3119 3115
				3120 3122 3123 3124 3125 3121 3126 3128 3129 3130 3131 3127 3132 3134 3135
				3136 3137 3133 3138 3140 3141 3142 3143 3139 3144 3146 3147 3148 3149 3145
				3150 3152 3153 3154 3155 3151 3156 3158 3159 3160 3161 3157 3162 3164 3165
				3166 3167 3163 3168 3170 3171 3172 3173 3169 3174 3176 3177 3178 3179 3175
				3180 3182 3183 3184 3185 3181 3186 3188 3189 3190 3191 3187 3192 3194 3195
				3196 3197 3193 3198 3200 3201 3202 3203 3199 3204 3206 3207 3208 3209 3205
				3210 3212 3213 3214 3215 3211 3216 3218 3219 3220 3221 3217 3222 3224 3225
				3226 3227 3223 3228 3230 3231 3232 3233 3229 3234 3236 3237 3238 3239 3235
				3240 3242 3243 3244 3245 3241 3246 3248 3249 3250 3251 3247 3252 3254 3255
				3256 3257 3253 3258 3260 3261 3262 3263 3259 3264 3266 3267 3268 3269 3265
				3270 3272 3273 3274 3275 3271 3276 3278 3279 3280 3281 3277 3282 3284 3285
				3286 3287 3283 3288 3290 3291 3292 3293 3289 3294 3296 3297 3298 3299 3295
				3300 3302 3303 3304 3305 3301 3306 3308 3309 3310 3311 3307 3312 3314 3315
				3316 3317 3313 3318 3320 3321 3322 3323 3319 3324 3326 3327 3328 3329 3325
				3330 3332 3333 3334 3335 3331 3336 3338 3339 3340 3341 3337 3342 3344 3345
				3346 3347 3343 3348 3350 3351 3352 3353 3349 3354 3356 3357 3358 3359 3355
				3360 3362 3363 3364 3365 3361 3366 3368 3369 3370 3371 3367 3372 3374 3375
				3376 3377 3373 3378 3380 3381 3382 3383 3379 3384 3386 3387 3388 3389 3385
				3390 3392 3393 3394 3395 3391 3396 3398 3399 3400 3401 3397 3402 3404 3405
				3406 3407 3403 3408 3410 3411 3412 3413 3409 3414 3416 3417 3418 3419 3415
				3420 3422 3423 3424 3425 3421 3426 3428 3429 3430 3431 3427 3432 3434 3435
				3436 3437 3433 3438 3440 3441 3442 3443 3439 3444 3446 3447 3448 3449 3445
				3450 3452 3453 3454 3455 3451 3456 3458 3459 3460 3461 3457 3462 3464 3465
				3466 3467 3463 3468 3470 3471 3472 3473 3469 3474 3476 3477 3478 3479 3475
				3480 3482 3483 3484 3485 3481 3486 3488 3489 3490 3491 3487 3492 3494 3495
				3496 3497 3493 3498 3500 3501 3502 3503 3499 3504 3506 3507 3508 3509 3505
				3510 3512 3513 3514 3515 3511 3516 3518 3519 3520 3521 3517 3522 3524 3525
				3526 3527 3523 3528 3530 3531 3532 3533 3529 3534 3536 3537 3538 3539 3535
				3540 3542 3543 3544 3545 3541 3546 3548 3549 3550 3551 3547 3552 3554 3555
				3556 3557 3553 3558 3560 3561 3562 3563 3559 3564 3566 3567 3568 3569 3565
				3570 3572 3573 3574 3575 3571 3576 3578 3579 3580 3581 3577 3582 3584 3585
				3586 3587 3583 3588 3590 3591 3592 3593 3589 3594 3596 3597 3598 3599 3595
				3600 3602 3603 3604 3605 3601 3606 3608 3609 3610 3611 3607 3612 3614 3615
				3616 3617 3613 3618 3620 3621 3622 3623 3619 3624 3626 3627 3628 3629 3625
				3630 3632 3633 3634 3635 3631 3636 3638 3639 3640 3641 3637 3642 3644 3645
				3646 3647 3643 3648 3650 3651 3652 3653 3649 3654 3656 3657 3658 3659 3655
				3660 3662 3663 3664 3665 3661 3666 3668 3669 3670 3671 3667 3672 3674 3675
				3676 3677 3673 3678 3680 3681 3682 3683 3679 3684 3686 3687 3688 3689 3685
				3690 3692 3693 3694 3695 3691 3696 3698 3699 3700 3701 3697 3702 3704 3705
				3706 3707 3703 3708 3710 3711 3712 3713 3709 3714 3716 3717 3718 3719 3715
				3720 3722 3723 3724 3725 3721 3726 3728 3729 3730 3731 3727 3732 3734 3735
				3736 3737 3733 3738 3740 3741 3742 3743 3739 3744 3746 3747 3748 3749 3745
				3750 3752 3753 3754 3755 3751 3756 3758 3759 3760 3761 3757 3762 3764 3765
				3766 3767 3763 3768 3770 3771 3772 3773 3769 3774 3776 3777 3778 3779 3775
				3780 3782 3783 3784 3785 3781 3786 3788 3789 3790 3791 3787 3792 3794 3795
				3796 3797 3793 3798 3800 3801 3802 3803 3799 3804 3806 3807 3808 3809 3805
				3810 3812 3813 3814 3815 3811 3816 3818 3819 3820 3821 3817 3822 3824 3825
				3826 3827 3823 3828 3830 3831 3832 3833 3829 3834 3836 3837 3838 3839 3835
				3840 3842 3843 3844 3845 3841 3846 3848 3849 3850 3851 3847 3852 3854 3855
				3856 3857 3853 3858 3860 3861 3862 3863 3859 3864 3866 3867 3868 3869 3865
				3870 3872 3873 3874 3875 3871 3876 3878 3879 3880 3881 3877 3882 3884 3885
				3886 3887 3883 3888 3890 3891 3892 3893 3889 3894 3896 3897 3898 3899 3895
				3900 3902 3903 3904 3905 3901 3906 3908 3909 3910 3911 3907 3912 3914 3915
				3916 3917 3913 3918 3920 3921 3922 3923 3919 3924 3926 3927 3928 3929 3925
				3930 3932 3933 3934 3935 3931 3936 3938 3939 3940 3941 3937 3942 3944 3945
				3946 3947 3943 3948 3950 3951 3952 3953 3949 3954 3956 3957 3958 3959 3955
				3960 3962 3963 3964 3965 3961 3966 3968 3969 3970 3971 3967 3972 3974 3975
				3976 3977 3973 3978 3980 3981 3982 3983 3979 3984 3986 3987 3988 3989 3985
				3990 3992 3993 3994 3995 3991 3996 3998 3999 4000 4001 3997 4002 4004 4005
				4006 4007 4003 4008 4010 4011 4012 4013 4009 4014 4016 4017 4018 4019 4015
				4020 4022 4023 4024 4025 4021 4026 4028 4029 4030 4031 4027 4032 4034 4035
				4036 4037 4033 4038 4040 4041 4042 4043 4039 4044 4046 4047 4048 4049 4045
				4050 4052 4053 4054 4055 4051 4056 4058 4059 4060 4061 4057 4062 4064 4065
				4066 4067 4063 4068 4070 4071 4072 4073 4069 4074 4076 4077 4078 4079 4075
				4080 4082 4083 4084 4085 4081 4086 4088 4089 4090 4091 4087 4092 4094 4095
				4096 4097 4093 4098 4100 4101 4102 4103 4099 4104 4106 4107 4108 4109 4105
				4110 4112 4113 4114 4115 4111 4116 4118 4119 4120 4121 4117 4122 4124 4125
				4126 4127 4123 4128 4130 4131 4132 4133 4129 4134 4136 4137 4138 4139 4135
				4140 4142 4143 4144 4145 4141 4146 4148 4149 4150 4151 4147 4152 4154 4155
				4156 4157 4153 4158 4160 4161 4162 4163 4159 4164 4166 4167 4168 4169 4165
				4170 4172 4173 4174 4175 4171 4176 4178 4179 4180 4181 4177 4182 4184 4185
				4186 4187 4183 4188 4190 4191 4192 4193 4189 4194 4196 4197 4198 4199 4195
				4200 4202 4203 4204 4205 4201 4206 4208 4209 4210 4211 4207 4212 4214 4215
				4216 4217 4213 4218 4220 4221 4222 4223 4219 4224 4226 4227 4228 4229 4225
				4230 4232 4233 4234 4235 4231 4236 4238 4239 4240 4241 4237 4242 4244 4245
				4246 4247 4243 4248 4250 4251 4252 4253 4249 4254 4256 4257 4258 4259 4255
				4260 4262 4263 4264 4265 4261 4266 4268 4269 4270 4271 4267 4272 4274 4275
				4276 4277 4273 4278 4280 4281 4282 4283 4279 4284 4286 4287 4288 4289 4285
				4290 4292 4293 4294 4295 4291 4296 4298 4299 4300 4301 4297 4302 4304 4305
				4306 4307 4303 4308 4310 4311 4312 4313 4309 4314 4316 4317 4318 4319 4315
				4320 4322 4323 4324 4325 4321 4326 4328 4329 4330 4331 4327 4332 4334 4335
				4336 4337 4333 4338 4340 4341 4342 4343 4339 4344 4346 4347 4348 4349 4345
				4350 4352 4353 4354 4355 4351 4356 4358 4359 4360 4361 4357 4362 4364 4365
				4366 4367 4363 4368 4370 4371 4372 4373 4369 4374 4376 4377 4378 4379 4375
				4380 4382 4383 4384 4385 4381 4386 4388 4389 4390 4391 4387 4392 4394 4395
				4396 4397 4393 4398 4400 4401 4402 4403 4399 4404 4406 4407 4408 4409 4405
				4410 4412 4413 4414 4415 4411 4416 4418 4419 4420 4421 4417 4422 4424 4425
				4426 4427 4423 4428 4430 4431 4432 4433 4429 4434 4436 4437 4438 4439 4435
				4440 4442 4443 4444 4445 4441 4446 4448 4449 4450 4451 4447 4452 4454 4455
				4456 4457 4453 4458 4460 4461 4462 4463 4459 4464 4466 4467 4468 4469 4465
				4470 4472 4473 4474 4475 4471 4476 4478 4479 4480 4481 4477 4482 4484 4485
				4486 4487 4483 4488 4490 4491 4492 4493 4489 4494 4496 4497 4498 4499 4495
				4500 4502 4503 4504 4505 4501 4506 4508 4509 4510 4511 4507 4512 4514 4515
				4516 4517 4513 4518 4520 4521 4522 4523 4519 4524 4526 4527 4528 4529 4525
				4530 4532 4533 4534 4535 4531 4536 4538 4539 4540 4541 4537 4542 4544 4545
				4546 4547 4543 4548 4550 4551 4552 4553 4549 4554 4556 4557 4558 4559 4555
				4560 4562 4563 4564 4565 4561 4566 4568 4569 4570 4571 4567 4572 4574 4575
				4576 4577 4573 4578 4580 4581 4582 4583 4579 4584 4586 4587 4588 4589 4585
				4590 4592 4593 4594 4595 4591 4596 4598 4599 4600 4601 4597 4602 4604 4605
				4606 4607 4603 4608 4610 4611 4612 4613 4609 4614 4616 4617 4618 4619 4615
				4620 4622 4623 4624 4625 4621 4626 4628 4629 4630 4631 4627 4632 4634 4635
				4636 4637 4633 4638 4640 4641 4642 4643 4639 4644 4646 4647 4648 4649 4645
				4650 4652 4653 4654 4655 4651 4656 4658 4659 4660 4661 4657 4662 4664 4665
				4666 4667 4663 4668 4670 4671 4672 4673 4669 4674 4676 4677 4678 4679 4675
				4680 4682 4683 4684 4685 4681 4686 4688 4689 4690 4691 4687 4692 4694 4695
				4696 4697 4693 4698 4700 4701 4702 4703 4699 4704 4706 4707 4708 4709 4705
				4710 4712 4713 4714 4715 4711 4716 4718 4719 4720 4721 4717 4722 4724 4725
				4726 4727 4723 4728 4730 4731 4732 4733 4729 4734 4736 4737 4738 4739 4735
				4740 4742 4743 4744 4745 4741 4746 4748 4749 4750 4751 4747 4752 4754 4755
				4756 4757 4753 4758 4760 4761 4762 4763 4759 4764 4766 4767 4768 4769 4765
				4770 4772 4773 4774 4775 4771 4776 4778 4779 4780 4781 4777 4782 4784 4785
				4786 4787 4783 4788 4790 4791 4792 4793 4789 4794 4796 4797 4798 4799 4795
				4800 4802 4803 4804 4805 4801 4806 4808 4809 4810 4811 4807 4812 4814 4815
				4816 4817 4813 4818 4820 4821 4822 4823 4819 4824 4826 4827 4828 4829 4825
				4830 4832 4833 4834 4835 4831 4836 4838 4839 4840 4841 4837 4842 4844 4845
				4846 4847 4843 4848 4850 4851 4852 4853 4849 4854 4856 4857 4858 4859 4855
				4860 4862 4863 4864 4865 4861 4866 4868 4869 4870 4871 4867 4872 4874 4875
				4876 4877 4873 4878 4880 4881 4882 4883 4879 4884 4886 4887 4888 4889 4885
				4890 4892 4893 4894 4895 4891 4896 4898 4899 4900 4901 4897 4902 4904 4905
				4906 4907 4903 4908 4910 4911 4912 4913 4909 4914 4916 4917 4918 4919 4915
				4920 4922 4923 4924 4925 4921 4926 4928 4929 4930 4931 4927 4932 4934 4935
				4936 4937 4933 4938 4940 4941 4942 4943 4939 4944 4946 4947 4948 4949 4945
				4950 4952 4953 4954 4955 4951 4956 4958 4959 4960 4961 4957 4962 4964 4965
				4966 4967 4963 4968 4970 4971 4972 4973 4969 4974 4976 4977 4978 4979 4975
				4980 4982 4983 4984 4985 4981 4986 4988 4989 4990 4991 4987 4992 4994 4995
				4996 4997 4993 4998 5000 5001 5002 5003 4999 5004 5006 5007 5008 5009 5005
			}
			Vertices 5010
			{
				70.41602000 38.26855000 1.47607400 / 0.00000000 1.00000000 0.00000000 / 197 0 185 255 / 0.77433780 0.64494310
				70.41602000 38.26855000 1.47607400 / 0.00000000 1.00000000 0.00000000 / 197 0 185 255 / 0.77433780 0.64494310
				70.41602000 38.26855000 0.27392580 / 0.00000000 1.00000000 0.00000000 / 197 0 186 255 / 0.77433780 0.73878480
				70.21533000 38.26855000 0.27392580 / 0.00000000 1.00000000 0.00000000 / 197 0 185 255 / 0.75334170 0.73878480
				70.21533000 38.26855000 0.27392580 / 0.00000000 1.00000000 0.00000000 / 197 0 185 255 / 0.75334170 0.73878480
				70.21533000 38.26855000 1.47607400 / 0.00000000 1.00000000 0.00000000 / 197 0 185 255 / 0.75334170 0.64494310
				62.67090000 38.26855000 1.47607400 / 0.00000000 1.00000000 0.00000000 / 175 0 166 255 / 0.77433780 0.64494310
				62.67090000 38.26855000 1.47607400 / 0.00000000 1.00000000 0.00000000 / 175 0 166 255 / 0.77433780 0.64494310
				62.67090000 38.26855000 0.27392580 / 0.00000000 1.00000000 0.00000000 / 175 0 166 255 / 0.77433780 0.73878480
				62.47022000 38.26855000 0.27392580 / 0.00000000 1.00000000 0.00000000 / 175 0 166 255 / 0.75334170 0.73878480
				62.47022000 38.26855000 0.27392580 / 0.00000000 1.00000000 0.00000000 / 175 0 166 255 / 0.75334170 0.73878480
				62.47022000 38.26855000 1.47607400 / 0.00000000 1.00000000 0.00000000 / 175 0 166 255 / 0.75334170 0.64494310
				70.41602000 38.26855000 -3.41894500 / 0.00000000 1.00000000 0.00000000 / 124 0 118 255 / 0.77293390 0.74571230
				70.41602000 38.26855000 -3.41894500 / 0.00000000 1.00000000 0.00000000 / 124 0 118 255 / 0.77293390 0.74571230
				70.41602000 38.26855000 -4.62109400 / 0.00000000 1.00000000 0.00000000 / 124 0 118 255 / 0.77293390 0.83753970
				70.21533000 38.26855000 -4.62109400 / 0.00000000 1.00000000 0.00000000 / 124 0 118 255 / 0.75228880 0.83753970
				70.21533000 38.26855000 -4.62109400 / 0.00000000 1.00000000 0.00000000 / 124 0 118 255 / 0.75228880 0.83753970
				70.21533000 38.26855000 -3.41894500 / 0.00000000 1.00000000 0.00000000 / 124 0 118 255 / 0.75228880 0.74571230
				62.67090000 38.26855000 -3.41894500 / 0.00000000 1.00000000 0.00000000 / 114 0 109 255 / 0.77293390 0.74571230
				62.67090000 38.26855000 -3.41894500 / 0.00000000 1.00000000 0.00000000 / 114 0 109 255 / 0.77293390 0.74571230
				62.67090000 38.26855000 -4.62109400 / 0.00000000 1.00000000 0.00000000 / 114 0 109 255 / 0.77293390 0.83753970
				62.47022000 38.26855000 -4.62109400 / 0.00000000 1.00000000 0.00000000 / 114 0 109 255 / 0.75228880 0.83753970
				62.47022000 38.26855000 -4.62109400 / 0.00000000 1.00000000 0.00000000 / 114 0 109 255 / 0.75228880 0.83753970
				62.47022000 38.26855000 -3.41894500 / 0.00000000 1.00000000 0.00000000 / 114 0 109 255 / 0.75228880 0.74571230
				79.53320000 38.26807000 1.47607400 / 0.00000000 1.00000000 0.00000000 / 206 0 194 255 / 0.95951840 0.64494310
				79.53320000 38.26807000 1.47607400 / 0.00000000 1.00000000 0.00000000 / 206 0 194 255 / 0.95951840 0.64494310
				79.53320000 38.26807000 0.27392580 / 0.00000000 1.00000000 0.00000000 / 206 0 194 255 / 0.95951840 0.73878480
				79.33301000 38.26807000 0.27392580 / 0.00000000 1.00000000 0.00000000 / 206 0 194 255 / 0.94187920 0.73878480
				79.33301000 38.26807000 0.27392580 / 0.00000000 1.00000000 0.00000000 / 206 0 194 255 / 0.94187920 0.73878480
				79.33301000 38.26807000 1.47607400 / 0.00000000 1.00000000 0.00000000 / 206 0 193 255 / 0.94187920 0.64494310
				71.78856000 38.26807000 1.47607400 / 0.00000000 1.00000000 0.00000000 / 194 0 183 255 / 1.00112900 0.64494310
				71.78856000 38.26807000 1.47607400 / 0.00000000 1.00000000 0.00000000 / 194 0 183 255 / 1.00112900 0.64494310
				71.78808000 38.26807000 0.27392580 / 0.00000000 1.00000000 0.00000000 / 194 0 183 255 / 1.00112900 0.73878480
				71.58789000 38.26807000 0.27392580 / 0.00000000 1.00000000 0.00000000 / 194 0 183 255 / 0.98257440 0.73878480
				71.58789000 38.26807000 0.27392580 / 0.00000000 1.00000000 0.00000000 / 194 0 183 255 / 0.98257440 0.73878480
				71.58789000 38.26807000 1.47607400 / 0.00000000 1.00000000 0.00000000 / 194 0 183 255 / 0.98257440 0.64494310
				79.53320000 38.26807000 -3.41894500 / 0.00000000 1.00000000 0.00000000 / 184 0 173 255 / 0.77293390 0.74571230
				79.53320000 38.26807000 -3.41894500 / 0.00000000 1.00000000 0.00000000 / 184 0 173 255 / 0.77293390 0.74571230
				79.53320000 38.26807000 -4.62109400 / 0.00000000 1.00000000 0.00000000 / 183 0 173 255 / 0.77293390 0.83753970
				79.33301000 38.26807000 -4.62109400 / 0.00000000 1.00000000 0.00000000 / 184 0 173 255 / 0.75228880 0.83753970
				79.33301000 38.26807000 -4.62109400 / 0.00000000 1.00000000 0.00000000 / 184 0 173 255 / 0.75228880 0.83753970
				79.33301000 38.26807000 -3.41894500 / 0.00000000 1.00000000 0.00000000 / 184 0 173 255 / 0.75228880 0.74571230
				71.78856000 38.26807000 -3.41894500 / 0.00000000 1.00000000 0.00000000 / 137 0 130 255 / 0.77293390 0.74571230
				71.78856000 38.26807000 -3.41894500 / 0.00000000 1.00000000 0.00000000 / 137 0 130 255 / 0.77293390 0.74571230
				71.78856000 38.26807000 -4.62109400 / 0.00000000 1.00000000 0.00000000 / 137 0 130 255 / 0.77293390 0.83753970
				71.58789000 38.26807000 -4.62109400 / 0.00000000 1.00000000 0.00000000 / 137 0 130 255 / 0.75228880 0.83753970
				71.58789000 38.26807000 -4.62109400 / 0.00000000 1.00000000 0.00000000 / 137 0 130 255 / 0.75228880 0.83753970
				71.58789000 38.26807000 -3.41894500 / 0.00000000 1.00000000 0.00000000 / 136 0 130 255 / 0.75228880 0.74571230
				66.65625000 -16.23193000 1.47607400 / 0.00000000 -1.00000000 0.00000000 / 56 0 55 255 / 0.95993040 0.64494310
				66.65625000 -16.23193000 1.47607400 / 0.00000000 -1.00000000 0.00000000 / 56 0 55 255 / 0.95993040 0.64494310
				66.45606000 -16.23193000 1.47607400 / 0.00000000 -1.00000000 0.00000000 / 56 0 55 255 / 0.94229130 0.64494310
				66.45606000 -16.23193000 0.27392580 / 0.00000000 -1.00000000 0.00000000 / 56 0 55 255 / 0.94229130 0.73878480
				66.45606000 -16.23193000 0.27392580 / 0.00000000 -1.00000000 0.00000000 / 56 0 55 255 / 0.94229130 0.73878480
				66.65625000 -16.23193000 0.27392580 / 0.00000000 -1.00000000 0.00000000 / 56 0 56 255 / 0.95993040 0.73878480
				65.67188000 -16.23193000 1.47607400 / 0.00000000 -1.00000000 0.00000000 / 50 0 50 255 / 0.91745000 0.64494310
				65.67188000 -16.23193000 1.47607400 / 0.00000000 -1.00000000 0.00000000 / 50 0 50 255 / 0.91745000 0.64494310
				65.47168000 -16.23193000 1.47607400 / 0.00000000 -1.00000000 0.00000000 / 50 0 50 255 / 0.89723210 0.64494310
				65.47168000 -16.23193000 0.27392580 / 0.00000000 -1.00000000 0.00000000 / 50 0 50 255 / 0.89723210 0.73878480
				65.47168000 -16.23193000 0.27392580 / 0.00000000 -1.00000000 0.00000000 / 50 0 50 255 / 0.89723210 0.73878480
				65.67188000 -16.23193000 0.27392580 / 0.00000000 -1.00000000 0.00000000 / 50 0 50 255 / 0.91745000 0.73878480
				70.41602000 -16.23193000 1.47607400 / 0.00000000 -1.00000000 0.00000000 / 210 0 197 255 / 0.85424800 0.64494310
				70.41602000 -16.23193000 1.47607400 / 0.00000000 -1.00000000 0.00000000 / 210 0 197 255 / 0.85424800 0.64494310
				70.21533000 -16.23193000 1.47607400 / 0.00000000 -1.00000000 0.00000000 / 210 0 197 255 / 0.83358770 0.64494310
				70.21533000 -16.23193000 0.27392580 / 0.00000000 -1.00000000 0.00000000 / 210 0 197 255 / 0.83358770 0.73878480
				70.21533000 -16.23193000 0.27392580 / 0.00000000 -1.00000000 0.00000000 / 210 0 197 255 / 0.83358770 0.73878480
				70.41602000 -16.23193000 0.27392580 / 0.00000000 -1.00000000 0.00000000 / 210 0 198 255 / 0.85424800 0.73878480
				62.67090000 -16.23193000 1.47607400 / 0.00000000 -1.00000000 0.00000000 / 218 0 205 255 / 0.81384280 0.64494310
				62.67090000 -16.23193000 1.47607400 / 0.00000000 -1.00000000 0.00000000 / 218 0 205 255 / 0.81384280 0.64494310
				62.47022000 -16.23193000 1.47607400 / 0.00000000 -1.00000000 0.00000000 / 218 0 205 255 / 0.79237360 0.64494310
				62.47022000 -16.23193000 0.27392580 / 0.00000000 -1.00000000 0.00000000 / 218 0 205 255 / 0.79237360 0.73878480
				62.47022000 -16.23193000 0.27392580 / 0.00000000 -1.00000000 0.00000000 / 218 0 205 255 / 0.79237360 0.73878480
				62.67090000 -16.23193000 0.27392580 / 0.00000000 -1.00000000 0.00000000 / 218 0 205 255 / 0.81384280 0.73878480
				66.65625000 -16.23193000 -3.41894500 / 0.00000000 -1.00000000 0.00000000 / 52 0 52 255 / 0.77293390 0.74571230
				66.65625000 -16.23193000 -3.41894500 / 0.00000000 -1.00000000 0.00000000 / 52 0 52 255 / 0.77293390 0.74571230
				66.45606000 -16.23193000 -3.41894500 / 0.00000000 -1.00000000 0.00000000 / 52 0 52 255 / 0.75228880 0.74571230
				66.45606000 -16.23193000 -4.62109400 / 0.00000000 -1.00000000 0.00000000 / 52 0 52 255 / 0.75228880 0.83753970
				66.45606000 -16.23193000 -4.62109400 / 0.00000000 -1.00000000 0.00000000 / 52 0 52 255 / 0.75228880 0.83753970
				66.65625000 -16.23193000 -4.62109400 / 0.00000000 -1.00000000 0.00000000 / 52 0 52 255 / 0.77293390 0.83753970
				65.67188000 -16.23193000 -3.41894500 / 0.00000000 -1.00000000 0.00000000 / 50 0 50 255 / 0.93920900 0.74571230
				65.67188000 -16.23193000 -3.41894500 / 0.00000000 -1.00000000 0.00000000 / 50 0 50 255 / 0.93920900 0.74571230
				65.47168000 -16.23193000 -3.41894500 / 0.00000000 -1.00000000 0.00000000 / 50 0 50 255 / 0.91911320 0.74571230
				65.47168000 -16.23193000 -4.62109400 / 0.00000000 -1.00000000 0.00000000 / 50 0 50 255 / 0.91911320 0.83753970
				65.47168000 -16.23193000 -4.62109400 / 0.00000000 -1.00000000 0.00000000 / 50 0 50 255 / 0.91911320 0.83753970
				65.67188000 -16.23193000 -4.62109400 / 0.00000000 -1.00000000 0.00000000 / 50 0 50 255 / 0.93920900 0.83753970
				70.41602000 -16.23193000 -3.41894500 / 0.00000000 -1.00000000 0.00000000 / 162 0 153 255 / 0.77293390 0.74571230
				70.41602000 -16.23193000 -3.41894500 / 0.00000000 -1.00000000 0.00000000 / 162 0 153 255 / 0.77293390 0.74571230
				70.21533000 -16.23193000 -3.41894500 / 0.00000000 -1.00000000 0.00000000 / 162 0 153 255 / 0.75228880 0.74571230
				70.21533000 -16.23193000 -4.62109400 / 0.00000000 -1.00000000 0.00000000 / 162 0 153 255 / 0.75228880 0.83753970
				70.21533000 -16.23193000 -4.62109400 / 0.00000000 -1.00000000 0.00000000 / 162 0 153 255 / 0.75228880 0.83753970
				70.41602000 -16.23193000 -4.62109400 / 0.00000000 -1.00000000 0.00000000 / 162 0 153 255 / 0.77293390 0.83753970
				62.67090000 -16.23193000 -3.41894500 / 0.00000000 -1.00000000 0.00000000 / 198 0 186 255 / 0.93920900 0.74571230
				62.67090000 -16.23193000 -3.41894500 / 0.00000000 -1.00000000 0.00000000 / 198 0 186 255 / 0.93920900 0.74571230
				62.47022000 -16.23193000 -3.41894500 / 0.00000000 -1.00000000 0.00000000 / 198 0 186 255 / 0.91911320 0.74571230
				62.47022000 -16.23193000 -4.62109400 / 0.00000000 -1.00000000 0.00000000 / 198 0 186 255 / 0.91911320 0.83753970
				62.47022000 -16.23193000 -4.62109400 / 0.00000000 -1.00000000 0.00000000 / 198 0 186 255 / 0.91911320 0.83753970
				62.67090000 -16.23193000 -4.62109400 / 0.00000000 -1.00000000 0.00000000 / 198 0 186 255 / 0.93920900 0.83753970
				75.77392000 -16.23193000 1.47607400 / 0.00000000 -1.00000000 0.00000000 / 68 0 66 255 / 0.81408690 0.64494310
				75.77392000 -16.23193000 1.47607400 / 0.00000000 -1.00000000 0.00000000 / 68 0 66 255 / 0.81408690 0.64494310
				75.57373000 -16.23193000 1.47607400 / 0.00000000 -1.00000000 0.00000000 / 67 0 66 255 / 0.79261780 0.64494310
				75.57373000 -16.23193000 0.27392580 / 0.00000000 -1.00000000 0.00000000 / 68 0 66 255 / 0.79261780 0.73878480
				75.57373000 -16.23193000 0.27392580 / 0.00000000 -1.00000000 0.00000000 / 68 0 66 255 / 0.79261780 0.73878480
				75.77392000 -16.23193000 0.27392580 / 0.00000000 -1.00000000 0.00000000 / 68 0 67 255 / 0.81408690 0.73878480
				74.78955000 -16.23193000 1.47607400 / 0.00000000 -1.00000000 0.00000000 / 50 0 50 255 / 0.85377500 0.64494310
				74.78955000 -16.23193000 1.47607400 / 0.00000000 -1.00000000 0.00000000 / 50 0 50 255 / 0.85377500 0.64494310
				74.58936000 -16.23193000 1.47607400 / 0.00000000 -1.00000000 0.00000000 / 50 0 50 255 / 0.83309930 0.64494310
				74.58936000 -16.23193000 0.27392580 / 0.00000000 -1.00000000 0.00000000 / 50 0 50 255 / 0.83309930 0.73878480
				74.58936000 -16.23193000 0.27392580 / 0.00000000 -1.00000000 0.00000000 / 50 0 50 255 / 0.83309930 0.73878480
				74.78955000 -16.23193000 0.27392580 / 0.00000000 -1.00000000 0.00000000 / 50 0 50 255 / 0.85377500 0.73878480
				79.53320000 -16.23193000 1.47607400 / 0.00000000 -1.00000000 0.00000000 / 216 0 203 255 / 0.91674810 0.64494310
				79.53320000 -16.23193000 1.47607400 / 0.00000000 -1.00000000 0.00000000 / 216 0 203 255 / 0.91674810 0.64494310
				79.33301000 -16.23193000 1.47607400 / 0.00000000 -1.00000000 0.00000000 / 215 0 202 255 / 0.89653020 0.64494310
				79.33301000 -16.23193000 0.27392580 / 0.00000000 -1.00000000 0.00000000 / 216 0 203 255 / 0.89653020 0.73878480
				79.33301000 -16.23193000 0.27392580 / 0.00000000 -1.00000000 0.00000000 / 216 0 203 255 / 0.89653020 0.73878480
				79.53320000 -16.23193000 0.27392580 / 0.00000000 -1.00000000 0.00000000 / 216 0 203 255 / 0.91674810 0.73878480
				71.78856000 -16.23193000 1.47607400 / 0.00000000 -1.00000000 0.00000000 / 215 0 202 255 / 0.95993040 0.64494310
				71.78856000 -16.23193000 1.47607400 / 0.00000000 -1.00000000 0.00000000 / 215 0 202 255 / 0.95993040 0.64494310
				71.58789000 -16.23193000 1.47607400 / 0.00000000 -1.00000000 0.00000000 / 215 0 202 255 / 0.94229130 0.64494310
				71.58789000 -16.23193000 0.27392580 / 0.00000000 -1.00000000 0.00000000 / 215 0 202 255 / 0.94229130 0.73878480
				71.58789000 -16.23193000 0.27392580 / 0.00000000 -1.00000000 0.00000000 / 215 0 202 255 / 0.94229130 0.73878480
				71.78808000 -16.23193000 0.27392580 / 0.00000000 -1.00000000 0.00000000 / 215 0 202 255 / 0.95993040 0.73878480
				75.77392000 -16.23193000 -3.41894500 / 0.00000000 -1.00000000 0.00000000 / 51 0 51 255 / 0.77293390 0.74571230
				75.77392000 -16.23193000 -3.41894500 / 0.00000000 -1.00000000 0.00000000 / 51 0 51 255 / 0.77293390 0.74571230
				75.57373000 -16.23193000 -3.41894500 / 0.00000000 -1.00000000 0.00000000 / 51 0 51 255 / 0.75228880 0.74571230
				75.57373000 -16.23193000 -4.62109400 / 0.00000000 -1.00000000 0.00000000 / 51 0 51 255 / 0.75228880 0.83753970
				75.57373000 -16.23193000 -4.62109400 / 0.00000000 -1.00000000 0.00000000 / 51 0 51 255 / 0.75228880 0.83753970
				75.77392000 -16.23193000 -4.62109400 / 0.00000000 -1.00000000 0.00000000 / 51 0 51 255 / 0.77293390 0.83753970
				74.78955000 -16.23193000 -3.41894500 / 0.00000000 -1.00000000 0.00000000 / 50 0 50 255 / 0.77293390 0.74571230
				74.78955000 -16.23193000 -3.41894500 / 0.00000000 -1.00000000 0.00000000 / 50 0 50 255 / 0.77293390 0.74571230
				74.58936000 -16.23193000 -3.41894500 / 0.00000000 -1.00000000 0.00000000 / 50 0 50 255 / 0.75228880 0.74571230
				74.58936000 -16.23193000 -4.62109400 / 0.00000000 -1.00000000 0.00000000 / 50 0 50 255 / 0.75228880 0.83753970
				74.58936000 -16.23193000 -4.62109400 / 0.00000000 -1.00000000 0.00000000 / 50 0 50 255 / 0.75228880 0.83753970
				74.78955000 -16.23193000 -4.62109400 / 0.00000000 -1.00000000 0.00000000 / 50 0 50 255 / 0.77293390 0.83753970
				79.53320000 -16.23193000 -3.41894500 / 0.00000000 -1.00000000 0.00000000 / 50 0 50 255 / 0.77293390 0.74571230
				79.53320000 -16.23193000 -3.41894500 / 0.00000000 -1.00000000 0.00000000 / 50 0 50 255 / 0.77293390 0.74571230
				79.33301000 -16.23193000 -3.41894500 / 0.00000000 -1.00000000 0.00000000 / 50 0 50 255 / 0.75228880 0.74571230
				79.33301000 -16.23193000 -4.62109400 / 0.00000000 -1.00000000 0.00000000 / 50 0 50 255 / 0.75228880 0.83753970
				79.33301000 -16.23193000 -4.62109400 / 0.00000000 -1.00000000 0.00000000 / 50 0 50 255 / 0.75228880 0.83753970
				79.53320000 -16.23193000 -4.62109400 / 0.00000000 -1.00000000 0.00000000 / 50 0 50 255 / 0.77293390 0.83753970
				71.78856000 -16.23193000 -3.41894500 / 0.00000000 -1.00000000 0.00000000 / 50 0 50 255 / 0.89787290 0.74571230
				71.78856000 -16.23193000 -3.41894500 / 0.00000000 -1.00000000 0.00000000 / 50 0 50 255 / 0.89787290 0.74571230
				71.58789000 -16.23193000 -3.41894500 / 0.00000000 -1.00000000 0.00000000 / 50 0 50 255 / 0.87841810 0.74571230
				71.58789000 -16.23193000 -4.62109400 / 0.00000000 -1.00000000 0.00000000 / 50 0 50 255 / 0.87841810 0.83753970
				71.58789000 -16.23193000 -4.62109400 / 0.00000000 -1.00000000 0.00000000 / 50 0 50 255 / 0.87841810 0.83753970
				71.78808000 -16.23193000 -4.62109400 / 0.00000000 -1.00000000 0.00000000 / 50 0 50 255 / 0.89787290 0.83753970
				54.90283000 26.51465000 1.47607400 / -1.00000000 0.00000000 0.00000000 / 189 0 178 255 / 1.00112900 0.64494310
				54.90283000 26.51465000 1.47607400 / -1.00000000 0.00000000 0.00000000 / 189 0 178 255 / 1.00112900 0.64494310
				54.90283000 26.71484000 1.47607400 / -1.00000000 0.00000000 0.00000000 / 189 0 178 255 / 0.98257440 0.64494310
				54.90283000 26.71484000 0.27392580 / -1.00000000 0.00000000 0.00000000 / 189 0 178 255 / 0.98257440 0.73878480
				54.90283000 26.71484000 0.27392580 / -1.00000000 0.00000000 0.00000000 / 189 0 178 255 / 0.98257440 0.73878480
				54.90283000 26.51465000 0.27392580 / -1.00000000 0.00000000 0.00000000 / 189 0 178 255 / 1.00112900 0.73878480
				54.90283000 27.49902000 1.47607400 / -1.00000000 0.00000000 0.00000000 / 187 0 176 255 / 0.81408690 0.64494310
				54.90283000 27.49902000 1.47607400 / -1.00000000 0.00000000 0.00000000 / 187 0 176 255 / 0.81408690 0.64494310
				54.90283000 27.69922000 1.47607400 / -1.00000000 0.00000000 0.00000000 / 187 0 176 255 / 0.79261780 0.64494310
				54.90283000 27.69971000 0.27392580 / -1.00000000 0.00000000 0.00000000 / 187 0 176 255 / 0.79261780 0.73878480
				54.90283000 27.69971000 0.27392580 / -1.00000000 0.00000000 0.00000000 / 187 0 176 255 / 0.79261780 0.73878480
				54.90283000 27.49902000 0.27392580 / -1.00000000 0.00000000 0.00000000 / 187 0 176 255 / 0.81408690 0.73878480
				54.90283000 22.75537000 1.47607400 / -1.00000000 0.00000000 0.00000000 / 191 0 180 255 / 0.85424800 0.64494310
				54.90283000 22.75537000 1.47607400 / -1.00000000 0.00000000 0.00000000 / 191 0 180 255 / 0.85424800 0.64494310
				54.90283000 22.95557000 1.47607400 / -1.00000000 0.00000000 0.00000000 / 191 0 180 255 / 0.83358770 0.64494310
				54.90283000 22.95557000 0.27392580 / -1.00000000 0.00000000 0.00000000 / 191 0 180 255 / 0.83358770 0.73878480
				54.90283000 22.95557000 0.27392580 / -1.00000000 0.00000000 0.00000000 / 191 0 180 255 / 0.83358770 0.73878480
				54.90283000 22.75537000 0.27392580 / -1.00000000 0.00000000 0.00000000 / 191 0 180 255 / 0.85424800 0.73878480
				54.90283000 30.50049000 1.47607400 / -1.00000000 0.00000000 0.00000000 / 188 0 178 255 / 0.91697700 0.64494310
				54.90283000 30.50049000 1.47607400 / -1.00000000 0.00000000 0.00000000 / 188 0 178 255 / 0.91697700 0.64494310
				54.90283000 30.70068000 1.47607400 / -1.00000000 0.00000000 0.00000000 / 188 0 177 255 / 0.89675900 0.64494310
				54.90283000 30.70068000 0.27392580 / -1.00000000 0.00000000 0.00000000 / 188 0 178 255 / 0.89675900 0.73878480
				54.90283000 30.70068000 0.27392580 / -1.00000000 0.00000000 0.00000000 / 188 0 178 255 / 0.89675900 0.73878480
				54.90283000 30.50049000 0.27392580 / -1.00000000 0.00000000 0.00000000 / 189 0 178 255 / 0.91697700 0.73878480
				54.90283000 17.40478000 1.47607400 / -1.00000000 0.00000000 0.00000000 / 201 0 189 255 / 0.96075440 0.64494310
				54.90283000 17.40478000 1.47607400 / -1.00000000 0.00000000 0.00000000 / 201 0 189 255 / 0.96075440 0.64494310
				54.90283000 17.60498000 1.47607400 / -1.00000000 0.00000000 0.00000000 / 201 0 189 255 / 0.94311520 0.64494310
				54.90283000 17.60498000 0.27392580 / -1.00000000 0.00000000 0.00000000 / 201 0 189 255 / 0.94311520 0.73878480
				54.90283000 17.60498000 0.27392580 / -1.00000000 0.00000000 0.00000000 / 201 0 189 255 / 0.94311520 0.73878480
				54.90283000 17.40478000 0.27392580 / -1.00000000 0.00000000 0.00000000 / 201 0 189 255 / 0.96075440 0.73878480
				54.90283000 18.38916000 1.47607400 / -1.00000000 0.00000000 0.00000000 / 196 0 185 255 / 1.00134300 0.64494310
				54.90283000 18.38916000 1.47607400 / -1.00000000 0.00000000 0.00000000 / 196 0 185 255 / 1.00134300 0.64494310
				54.90283000 18.58936000 1.47607400 / -1.00000000 0.00000000 0.00000000 / 196 0 184 255 / 0.98278810 0.64494310
				54.90283000 18.58936000 0.27392580 / -1.00000000 0.00000000 0.00000000 / 196 0 185 255 / 0.98278810 0.73878480
				54.90283000 18.58936000 0.27392580 / -1.00000000 0.00000000 0.00000000 / 196 0 185 255 / 0.98278810 0.73878480
				54.90283000 18.38916000 0.27392580 / -1.00000000 0.00000000 0.00000000 / 196 0 185 255 / 1.00134300 0.73878480
				54.90283000 13.64551000 1.47607400 / -1.00000000 0.00000000 0.00000000 / 178 0 168 255 / 0.81384280 0.64494310
				54.90283000 13.64551000 1.47607400 / -1.00000000 0.00000000 0.00000000 / 178 0 168 255 / 0.81384280 0.64494310
				54.90283000 13.84570000 1.47607400 / -1.00000000 0.00000000 0.00000000 / 179 0 169 255 / 0.79237360 0.64494310
				54.90283000 13.84570000 0.27392580 / -1.00000000 0.00000000 0.00000000 / 178 0 168 255 / 0.79237360 0.73878480
				54.90283000 13.84570000 0.27392580 / -1.00000000 0.00000000 0.00000000 / 178 0 168 255 / 0.79237360 0.73878480
				54.90283000 13.64551000 0.27392580 / -1.00000000 0.00000000 0.00000000 / 178 0 168 255 / 0.81384280 0.73878480
				54.90283000 21.39062000 1.47607400 / -1.00000000 0.00000000 0.00000000 / 189 0 178 255 / 0.85496520 0.64567560
				54.90283000 21.39062000 1.47607400 / -1.00000000 0.00000000 0.00000000 / 189 0 178 255 / 0.85496520 0.64567560
				54.90283000 21.59082000 1.47607400 / -1.00000000 0.00000000 0.00000000 / 189 0 178 255 / 0.83430480 0.64567560
				54.90283000 21.59082000 0.27392580 / -1.00000000 0.00000000 0.00000000 / 189 0 178 255 / 0.83430480 0.73951720
				54.90283000 21.59082000 0.27392580 / -1.00000000 0.00000000 0.00000000 / 189 0 178 255 / 0.83430480 0.73951720
				54.90283000 21.39062000 0.27392580 / -1.00000000 0.00000000 0.00000000 / 189 0 178 255 / 0.85496520 0.73951720
				54.90283000 4.18066400 1.47607400 / -1.00000000 0.00000000 0.00000000 / 148 0 141 255 / 0.91745000 0.64494310
				54.90283000 4.18066400 1.47607400 / -1.00000000 0.00000000 0.00000000 / 148 0 141 255 / 0.91745000 0.64494310
				54.90283000 4.38085900 1.47607400 / -1.00000000 0.00000000 0.00000000 / 149 0 141 255 / 0.89723210 0.64494310
				54.90283000 4.38085900 0.27392580 / -1.00000000 0.00000000 0.00000000 / 148 0 141 255 / 0.89723210 0.73878480
				54.90283000 4.38085900 0.27392580 / -1.00000000 0.00000000 0.00000000 / 148 0 141 255 / 0.89723210 0.73878480
				54.90283000 4.18066400 0.27392580 / -1.00000000 0.00000000 0.00000000 / 148 0 140 255 / 0.91745000 0.73878480
				54.90283000 5.16503900 1.47607400 / -1.00000000 0.00000000 0.00000000 / 149 0 141 255 / 0.95993040 0.64494310
				54.90283000 5.16503900 1.47607400 / -1.00000000 0.00000000 0.00000000 / 149 0 141 255 / 0.95993040 0.64494310
				54.90283000 5.36523400 1.47607400 / -1.00000000 0.00000000 0.00000000 / 149 0 141 255 / 0.94229130 0.64494310
				54.90283000 5.36523400 0.27392580 / -1.00000000 0.00000000 0.00000000 / 149 0 141 255 / 0.94229130 0.73878480
				54.90283000 5.36523400 0.27392580 / -1.00000000 0.00000000 0.00000000 / 149 0 141 255 / 0.94229130 0.73878480
				54.90283000 5.16503900 0.27392580 / -1.00000000 0.00000000 0.00000000 / 149 0 141 255 / 0.95993040 0.73878480
				54.90283000 0.42138670 1.47607400 / -1.00000000 0.00000000 0.00000000 / 132 0 125 255 / 0.91722110 0.64494310
				54.90283000 0.42138670 1.47607400 / -1.00000000 0.00000000 0.00000000 / 132 0 125 255 / 0.91722110 0.64494310
				54.90283000 0.62158200 1.47607400 / -1.00000000 0.00000000 0.00000000 / 132 0 125 255 / 0.89700320 0.64494310
				54.90283000 0.62158200 0.27392580 / -1.00000000 0.00000000 0.00000000 / 132 0 125 255 / 0.89700320 0.73878480
				54.90283000 0.62158200 0.27392580 / -1.00000000 0.00000000 0.00000000 / 132 0 125 255 / 0.89700320 0.73878480
				54.90283000 0.42138670 0.27392580 / -1.00000000 0.00000000 0.00000000 / 131 0 125 255 / 0.91722110 0.73878480
				54.90283000 8.16650400 1.47607400 / -1.00000000 0.00000000 0.00000000 / 172 0 162 255 / 1.00177000 0.64567560
				54.90283000 8.16650400 1.47607400 / -1.00000000 0.00000000 0.00000000 / 172 0 162 255 / 1.00177000 0.64567560
				54.90283000 8.36669900 1.47607400 / -1.00000000 0.00000000 0.00000000 / 172 0 162 255 / 0.98321530 0.64567560
				54.90283000 8.36669900 0.27392580 / -1.00000000 0.00000000 0.00000000 / 172 0 162 255 / 0.98321530 0.73951720
				54.90283000 8.36669900 0.27392580 / -1.00000000 0.00000000 0.00000000 / 172 0 162 255 / 0.98321530 0.73951720
				54.90283000 8.16650400 0.27392580 / -1.00000000 0.00000000 0.00000000 / 172 0 162 255 / 1.00177000 0.73951720
				54.90283000 -4.92968800 1.47607400 / -1.00000000 0.00000000 0.00000000 / 103 0 99 255 / 0.95890810 0.64494310
				54.90283000 -4.92968800 1.47607400 / -1.00000000 0.00000000 0.00000000 / 103 0 99 255 / 0.95890810 0.64494310
				54.90283000 -4.72900400 1.47607400 / -1.00000000 0.00000000 0.00000000 / 104 0 100 255 / 0.94126900 0.64494310
				54.90283000 -4.72900400 0.27392580 / -1.00000000 0.00000000 0.00000000 / 103 0 99 255 / 0.94126900 0.73878480
				54.90283000 -4.72900400 0.27392580 / -1.00000000 0.00000000 0.00000000 / 103 0 99 255 / 0.94126900 0.73878480
				54.90283000 -4.92968800 0.27392580 / -1.00000000 0.00000000 0.00000000 / 103 0 99 255 / 0.95890810 0.73878480
				54.90283000 -3.94531300 1.47607400 / -1.00000000 0.00000000 0.00000000 / 51 0 51 255 / 0.81333930 0.64494310
				54.90283000 -3.94531300 1.47607400 / -1.00000000 0.00000000 0.00000000 / 51 0 51 255 / 0.81333930 0.64494310
				54.90283000 -3.74462900 1.47607400 / -1.00000000 0.00000000 0.00000000 / 51 0 51 255 / 0.79187010 0.64494310
				54.90283000 -3.74462900 0.27392580 / -1.00000000 0.00000000 0.00000000 / 51 0 51 255 / 0.79187010 0.73878480
				54.90283000 -3.74462900 0.27392580 / -1.00000000 0.00000000 0.00000000 / 51 0 51 255 / 0.79187010 0.73878480
				54.90283000 -3.94482400 0.27392580 / -1.00000000 0.00000000 0.00000000 / 51 0 51 255 / 0.81333930 0.73878480
				54.90283000 -8.68896500 1.47607400 / -1.00000000 0.00000000 0.00000000 / 139 0 132 255 / 0.91722110 0.64494310
				54.90283000 -8.68896500 1.47607400 / -1.00000000 0.00000000 0.00000000 / 139 0 132 255 / 0.91722110 0.64494310
				54.90283000 -8.48876900 1.47607400 / -1.00000000 0.00000000 0.00000000 / 139 0 132 255 / 0.89700320 0.64494310
				54.90283000 -8.48828100 0.27392580 / -1.00000000 0.00000000 0.00000000 / 139 0 132 255 / 0.89700320 0.73878480
				54.90283000 -8.48828100 0.27392580 / -1.00000000 0.00000000 0.00000000 / 139 0 132 255 / 0.89700320 0.73878480
				54.90283000 -8.68896500 0.27392580 / -1.00000000 0.00000000 0.00000000 / 138 0 131 255 / 0.91722110 0.73878480
				54.90283000 -0.94384770 1.47607400 / -1.00000000 0.00000000 0.00000000 / 152 0 144 255 / 0.95973210 0.64494310
				54.90283000 -0.94384770 1.47607400 / -1.00000000 0.00000000 0.00000000 / 152 0 144 255 / 0.95973210 0.64494310
				54.90283000 -0.74365240 1.47607400 / -1.00000000 0.00000000 0.00000000 / 153 0 145 255 / 0.94207760 0.64494310
				54.90283000 -0.74365240 0.27392580 / -1.00000000 0.00000000 0.00000000 / 152 0 144 255 / 0.94207760 0.73878480
				54.90283000 -0.74365240 0.27392580 / -1.00000000 0.00000000 0.00000000 / 152 0 144 255 / 0.94207760 0.73878480
				54.90283000 -0.94384770 0.27392580 / -1.00000000 0.00000000 0.00000000 / 152 0 144 255 / 0.95973210 0.73878480
				54.90283000 4.18066400 -3.41894500 / -1.00000000 0.00000000 0.00000000 / 56 0 56 255 / 0.89662170 0.74571230
				54.90283000 4.18066400 -3.41894500 / -1.00000000 0.00000000 0.00000000 / 56 0 56 255 / 0.89662170 0.74571230
				54.90283000 4.38085900 -3.41894500 / -1.00000000 0.00000000 0.00000000 / 56 0 56 255 / 0.87716670 0.74571230
				54.90283000 4.38085900 -4.62109400 / -1.00000000 0.00000000 0.00000000 / 56 0 56 255 / 0.87716670 0.83753970
				54.90283000 4.38085900 -4.62109400 / -1.00000000 0.00000000 0.00000000 / 56 0 56 255 / 0.87716670 0.83753970
				54.90283000 4.18066400 -4.62109400 / -1.00000000 0.00000000 0.00000000 / 56 0 56 255 / 0.89662170 0.83753970
				54.90283000 5.16503900 -3.41894500 / -1.00000000 0.00000000 0.00000000 / 54 0 54 255 / 0.89662170 0.74571230
				54.90283000 5.16503900 -3.41894500 / -1.00000000 0.00000000 0.00000000 / 54 0 54 255 / 0.89662170 0.74571230
				54.90283000 5.36523400 -3.41894500 / -1.00000000 0.00000000 0.00000000 / 54 0 54 255 / 0.87716670 0.74571230
				54.90283000 5.36523400 -4.62109400 / -1.00000000 0.00000000 0.00000000 / 54 0 54 255 / 0.87716670 0.83753970
				54.90283000 5.36523400 -4.62109400 / -1.00000000 0.00000000 0.00000000 / 54 0 54 255 / 0.87716670 0.83753970
				54.90283000 5.16503900 -4.62109400 / -1.00000000 0.00000000 0.00000000 / 54 0 54 255 / 0.89662170 0.83753970
				54.90283000 0.42138670 -3.41894500 / -1.00000000 0.00000000 0.00000000 / 54 0 54 255 / 0.89662170 0.74571230
				54.90283000 0.42138670 -3.41894500 / -1.00000000 0.00000000 0.00000000 / 54 0 54 255 / 0.89662170 0.74571230
				54.90283000 0.62158200 -3.41894500 / -1.00000000 0.00000000 0.00000000 / 54 0 54 255 / 0.87716670 0.74571230
				54.90283000 0.62158200 -4.62109400 / -1.00000000 0.00000000 0.00000000 / 54 0 54 255 / 0.87716670 0.83753970
				54.90283000 0.62158200 -4.62109400 / -1.00000000 0.00000000 0.00000000 / 54 0 54 255 / 0.87716670 0.83753970
				54.90283000 0.42138670 -4.62109400 / -1.00000000 0.00000000 0.00000000 / 54 0 54 255 / 0.89662170 0.83753970
				54.90283000 8.16650400 -3.41894500 / -1.00000000 0.00000000 0.00000000 / 125 0 119 255 / 0.77293390 0.74571230
				54.90283000 8.16650400 -3.41894500 / -1.00000000 0.00000000 0.00000000 / 125 0 119 255 / 0.77293390 0.74571230
				54.90283000 8.36669900 -3.41894500 / -1.00000000 0.00000000 0.00000000 / 125 0 119 255 / 0.75228880 0.74571230
				54.90283000 8.36669900 -4.62109400 / -1.00000000 0.00000000 0.00000000 / 125 0 119 255 / 0.75228880 0.83753970
				54.90283000 8.36669900 -4.62109400 / -1.00000000 0.00000000 0.00000000 / 125 0 119 255 / 0.75228880 0.83753970
				54.90283000 8.16650400 -4.62109400 / -1.00000000 0.00000000 0.00000000 / 125 0 119 255 / 0.77293390 0.83753970
				54.90283000 -4.92968800 -3.41894500 / -1.00000000 0.00000000 0.00000000 / 54 0 53 255 / 0.77293390 0.74571230
				54.90283000 -4.92968800 -3.41894500 / -1.00000000 0.00000000 0.00000000 / 54 0 53 255 / 0.77293390 0.74571230
				54.90283000 -4.72900400 -3.41894500 / -1.00000000 0.00000000 0.00000000 / 54 0 53 255 / 0.75228880 0.74571230
				54.90283000 -4.72900400 -4.62109400 / -1.00000000 0.00000000 0.00000000 / 54 0 53 255 / 0.75228880 0.83753970
				54.90283000 -4.72900400 -4.62109400 / -1.00000000 0.00000000 0.00000000 / 54 0 53 255 / 0.75228880 0.83753970
				54.90283000 -4.92968800 -4.62109400 / -1.00000000 0.00000000 0.00000000 / 54 0 53 255 / 0.77293390 0.83753970
				54.90283000 -3.94531300 -3.41894500 / -1.00000000 0.00000000 0.00000000 / 56 0 55 255 / 0.77293390 0.74571230
				54.90283000 -3.94531300 -3.41894500 / -1.00000000 0.00000000 0.00000000 / 56 0 55 255 / 0.77293390 0.74571230
				54.90283000 -3.74462900 -3.41894500 / -1.00000000 0.00000000 0.00000000 / 56 0 55 255 / 0.75228880 0.74571230
				54.90283000 -3.74462900 -4.62109400 / -1.00000000 0.00000000 0.00000000 / 56 0 55 255 / 0.75228880 0.83753970
				54.90283000 -3.74462900 -4.62109400 / -1.00000000 0.00000000 0.00000000 / 56 0 55 255 / 0.75228880 0.83753970
				54.90283000 -3.94531300 -4.62109400 / -1.00000000 0.00000000 0.00000000 / 56 0 55 255 / 0.77293390 0.83753970
				54.90283000 -8.68896500 -3.41894500 / -1.00000000 0.00000000 0.00000000 / 54 0 54 255 / 0.77293390 0.74571230
				54.90283000 -8.68896500 -3.41894500 / -1.00000000 0.00000000 0.00000000 / 54 0 54 255 / 0.77293390 0.74571230
				54.90283000 -8.48876900 -3.41894500 / -1.00000000 0.00000000 0.00000000 / 54 0 54 255 / 0.75228880 0.74571230
				54.90283000 -8.48828100 -4.62109400 / -1.00000000 0.00000000 0.00000000 / 54 0 54 255 / 0.75228880 0.83753970
				54.90283000 -8.48828100 -4.62109400 / -1.00000000 0.00000000 0.00000000 / 54 0 54 255 / 0.75228880 0.83753970
				54.90283000 -8.68896500 -4.62109400 / -1.00000000 0.00000000 0.00000000 / 54 0 54 255 / 0.77293390 0.83753970
				54.90283000 -0.94384770 -3.41894500 / -1.00000000 0.00000000 0.00000000 / 54 0 53 255 / 0.77293390 0.74571230
				54.90283000 -0.94384770 -3.41894500 / -1.00000000 0.00000000 0.00000000 / 54 0 53 255 / 0.77293390 0.74571230
				54.90283000 -0.74365240 -3.41894500 / -1.00000000 0.00000000 0.00000000 / 54 0 53 255 / 0.75228880 0.74571230
				54.90283000 -0.74365240 -4.62109400 / -1.00000000 0.00000000 0.00000000 / 54 0 53 255 / 0.75228880 0.83753970
				54.90283000 -0.74365240 -4.62109400 / -1.00000000 0.00000000 0.00000000 / 54 0 53 255 / 0.75228880 0.83753970
				54.90283000 -0.94384770 -4.62109400 / -1.00000000 0.00000000 0.00000000 / 54 0 53 255 / 0.77293390 0.83753970
				73.12989000 26.51465000 1.47363300 / -1.00000000 0.00000000 0.00000000 / 85 0 82 255 / 0.91604620 0.64494310
				73.12989000 26.51465000 1.47363300 / -1.00000000 0.00000000 0.00000000 / 85 0 82 255 / 0.91604620 0.64494310
				73.12989000 26.71484000 1.47363300 / -1.00000000 0.00000000 0.00000000 / 85 0 82 255 / 0.89582830 0.64494310
				73.12989000 26.71484000 0.27148440 / -1.00000000 0.00000000 0.00000000 / 85 0 82 255 / 0.89582830 0.73878480
				73.12989000 26.71484000 0.27148440 / -1.00000000 0.00000000 0.00000000 / 85 0 82 255 / 0.89582830 0.73878480
				73.12989000 26.51465000 0.27148440 / -1.00000000 0.00000000 0.00000000 / 85 0 82 255 / 0.91604620 0.73878480
				73.12989000 27.49902000 1.47363300 / -1.00000000 0.00000000 0.00000000 / 100 0 96 255 / 0.81745910 0.64494310
				73.12989000 27.49902000 1.47363300 / -1.00000000 0.00000000 0.00000000 / 100 0 96 255 / 0.81745910 0.64494310
				73.12989000 27.69922000 1.47363300 / -1.00000000 0.00000000 0.00000000 / 100 0 96 255 / 0.79646300 0.64494310
				73.12989000 27.69922000 0.27148440 / -1.00000000 0.00000000 0.00000000 / 100 0 96 255 / 0.79646300 0.73878480
				73.12989000 27.69922000 0.27148440 / -1.00000000 0.00000000 0.00000000 / 100 0 96 255 / 0.79646300 0.73878480
				73.12989000 27.49902000 0.27148440 / -1.00000000 0.00000000 0.00000000 / 101 0 97 255 / 0.81745910 0.73878480
				73.12989000 22.75488000 1.47363300 / -1.00000000 0.00000000 0.00000000 / 104 0 100 255 / 0.86865230 0.64494310
				73.12989000 22.75488000 1.47363300 / -1.00000000 0.00000000 0.00000000 / 104 0 100 255 / 0.86865230 0.64494310
				73.12989000 22.95557000 1.47363300 / -1.00000000 0.00000000 0.00000000 / 104 0 100 255 / 0.84765630 0.64494310
				73.12989000 22.95557000 0.27148440 / -1.00000000 0.00000000 0.00000000 / 104 0 100 255 / 0.84765630 0.73878480
				73.12989000 22.95557000 0.27148440 / -1.00000000 0.00000000 0.00000000 / 104 0 100 255 / 0.84765630 0.73878480
				73.12989000 22.75537000 0.27148440 / -1.00000000 0.00000000 0.00000000 / 103 0 99 255 / 0.86865230 0.73878480
				73.12989000 30.50000000 1.47363300 / -1.00000000 0.00000000 0.00000000 / 78 0 76 255 / 0.90475470 0.64494310
				73.12989000 30.50000000 1.47363300 / -1.00000000 0.00000000 0.00000000 / 78 0 76 255 / 0.90475470 0.64494310
				73.12989000 30.70068000 1.47363300 / -1.00000000 0.00000000 0.00000000 / 78 0 76 255 / 0.88375850 0.64494310
				73.12989000 30.70068000 0.27148440 / -1.00000000 0.00000000 0.00000000 / 78 0 76 255 / 0.88375850 0.73878480
				73.12989000 30.70068000 0.27148440 / -1.00000000 0.00000000 0.00000000 / 78 0 76 255 / 0.88375850 0.73878480
				73.12989000 30.50000000 0.27148440 / -1.00000000 0.00000000 0.00000000 / 78 0 76 255 / 0.90475470 0.73878480
				73.12989000 17.40430000 1.47363300 / -1.00000000 0.00000000 0.00000000 / 92 0 88 255 / 0.98188780 0.64494310
				73.12989000 17.40430000 1.47363300 / -1.00000000 0.00000000 0.00000000 / 92 0 88 255 / 0.98188780 0.64494310
				73.12989000 17.60498000 1.47363300 / -1.00000000 0.00000000 0.00000000 / 92 0 89 255 / 0.96090700 0.64494310
				73.12989000 17.60498000 0.27148440 / -1.00000000 0.00000000 0.00000000 / 92 0 88 255 / 0.96090700 0.73878480
				73.12989000 17.60498000 0.27148440 / -1.00000000 0.00000000 0.00000000 / 92 0 88 255 / 0.96090700 0.73878480
				73.12989000 17.40430000 0.27148440 / -1.00000000 0.00000000 0.00000000 / 91 0 88 255 / 0.98188780 0.73878480
				73.12989000 18.38916000 1.47363300 / -1.00000000 0.00000000 0.00000000 / 98 0 94 255 / 0.80868530 0.64494310
				73.12989000 18.38916000 1.47363300 / -1.00000000 0.00000000 0.00000000 / 98 0 94 255 / 0.80868530 0.64494310
				73.12989000 18.58936000 1.47363300 / -1.00000000 0.00000000 0.00000000 / 98 0 95 255 / 0.78770460 0.64494310
				73.12989000 18.58936000 0.27148440 / -1.00000000 0.00000000 0.00000000 / 98 0 94 255 / 0.78770460 0.73878480
				73.12989000 18.58936000 0.27148440 / -1.00000000 0.00000000 0.00000000 / 98 0 94 255 / 0.78770460 0.73878480
				73.12989000 18.38916000 0.27148440 / -1.00000000 0.00000000 0.00000000 / 98 0 94 255 / 0.80868530 0.73878480
				73.12989000 13.64502000 1.47363300 / -1.00000000 0.00000000 0.00000000 / 108 0 104 255 / 0.82131960 0.64494310
				73.12989000 13.64502000 1.47363300 / -1.00000000 0.00000000 0.00000000 / 108 0 104 255 / 0.82131960 0.64494310
				73.12989000 13.84570000 1.47363300 / -1.00000000 0.00000000 0.00000000 / 108 0 103 255 / 0.80032350 0.64494310
				73.12989000 13.84570000 0.27148440 / -1.00000000 0.00000000 0.00000000 / 108 0 104 255 / 0.80032350 0.73878480
				73.12989000 13.84570000 0.27148440 / -1.00000000 0.00000000 0.00000000 / 108 0 104 255 / 0.80032350 0.73878480
				73.12989000 13.64502000 0.27148440 / -1.00000000 0.00000000 0.00000000 / 108 0 104 255 / 0.82131960 0.73878480
				73.12989000 21.39014000 1.47363300 / -1.00000000 0.00000000 0.00000000 / 110 0 105 255 / 0.85636900 0.64494310
				73.12989000 21.39014000 1.47363300 / -1.00000000 0.00000000 0.00000000 / 110 0 105 255 / 0.85636900 0.64494310
				73.12989000 21.59033000 1.47363300 / -1.00000000 0.00000000 0.00000000 / 110 0 105 255 / 0.83537290 0.64494310
				73.12989000 21.59033000 0.27148440 / -1.00000000 0.00000000 0.00000000 / 110 0 105 255 / 0.83537290 0.73878480
				73.12989000 21.59033000 0.27148440 / -1.00000000 0.00000000 0.00000000 / 110 0 105 255 / 0.83537290 0.73878480
				73.12989000 21.39014000 0.27148440 / -1.00000000 0.00000000 0.00000000 / 110 0 105 255 / 0.85636900 0.73878480
				73.12989000 4.18017600 1.47363300 / -1.00000000 0.00000000 0.00000000 / 84 0 81 255 / 0.84234620 0.64494310
				73.12989000 4.18017600 1.47363300 / -1.00000000 0.00000000 0.00000000 / 84 0 81 255 / 0.84234620 0.64494310
				73.12989000 4.38085900 1.47363300 / -1.00000000 0.00000000 0.00000000 / 84 0 81 255 / 0.82135010 0.64494310
				73.12989000 4.38085900 0.27148440 / -1.00000000 0.00000000 0.00000000 / 84 0 81 255 / 0.82135010 0.73878480
				73.12989000 4.38085900 0.27148440 / -1.00000000 0.00000000 0.00000000 / 84 0 81 255 / 0.82135010 0.73878480
				73.12989000 4.18017600 0.27148440 / -1.00000000 0.00000000 0.00000000 / 84 0 82 255 / 0.84234620 0.73878480
				73.12989000 5.16503900 1.47363300 / -1.00000000 0.00000000 0.00000000 / 90 0 87 255 / 0.91247560 0.64494310
				73.12989000 5.16503900 1.47363300 / -1.00000000 0.00000000 0.00000000 / 90 0 87 255 / 0.91247560 0.64494310
				73.12989000 5.36523400 1.47363300 / -1.00000000 0.00000000 0.00000000 / 90 0 87 255 / 0.89147950 0.64494310
				73.12989000 5.36523400 0.27148440 / -1.00000000 0.00000000 0.00000000 / 90 0 87 255 / 0.89147950 0.73878480
				73.12989000 5.36523400 0.27148440 / -1.00000000 0.00000000 0.00000000 / 90 0 87 255 / 0.89147950 0.73878480
				73.12989000 5.16503900 0.27148440 / -1.00000000 0.00000000 0.00000000 / 90 0 87 255 / 0.91247560 0.73878480
				73.12989000 0.42089840 1.47363300 / -1.00000000 0.00000000 0.00000000 / 86 0 83 255 / 0.94017030 0.64494310
				73.12989000 0.42089840 1.47363300 / -1.00000000 0.00000000 0.00000000 / 86 0 83 255 / 0.94017030 0.64494310
				73.12989000 0.62158200 1.47363300 / -1.00000000 0.00000000 0.00000000 / 86 0 83 255 / 0.91917420 0.64494310
				73.12989000 0.62158200 0.27148440 / -1.00000000 0.00000000 0.00000000 / 86 0 83 255 / 0.91917420 0.73878480
				73.12989000 0.62158200 0.27148440 / -1.00000000 0.00000000 0.00000000 / 86 0 83 255 / 0.91917420 0.73878480
				73.12989000 0.42089840 0.27148440 / -1.00000000 0.00000000 0.00000000 / 86 0 83 255 / 0.94017030 0.73878480
				73.12989000 8.16601600 1.47363300 / -1.00000000 0.00000000 0.00000000 / 80 0 78 255 / 0.97944640 0.64494310
				73.12989000 8.16601600 1.47363300 / -1.00000000 0.00000000 0.00000000 / 80 0 78 255 / 0.97944640 0.64494310
				73.12989000 8.36669900 1.47363300 / -1.00000000 0.00000000 0.00000000 / 80 0 78 255 / 0.95845030 0.64494310
				73.12989000 8.36669900 0.27148440 / -1.00000000 0.00000000 0.00000000 / 80 0 78 255 / 0.95845030 0.73878480
				73.12989000 8.36669900 0.27148440 / -1.00000000 0.00000000 0.00000000 / 80 0 78 255 / 0.95845030 0.73878480
				73.12989000 8.16601600 0.27148440 / -1.00000000 0.00000000 0.00000000 / 80 0 78 255 / 0.97944640 0.73878480
				73.12989000 -4.92968800 1.47363300 / -1.00000000 0.00000000 0.00000000 / 81 0 79 255 / 0.92263790 0.64494310
				73.12989000 -4.92968800 1.47363300 / -1.00000000 0.00000000 0.00000000 / 81 0 79 255 / 0.92263790 0.64494310
				73.12989000 -4.72949200 1.47363300 / -1.00000000 0.00000000 0.00000000 / 81 0 79 255 / 0.90164190 0.64494310
				73.12989000 -4.72949200 0.27148440 / -1.00000000 0.00000000 0.00000000 / 81 0 79 255 / 0.90164190 0.73878480
				73.12989000 -4.72949200 0.27148440 / -1.00000000 0.00000000 0.00000000 / 81 0 79 255 / 0.90164190 0.73878480
				73.12989000 -4.92968800 0.27148440 / -1.00000000 0.00000000 0.00000000 / 81 0 78 255 / 0.92263790 0.73878480
				73.12989000 -3.94531300 1.47363300 / -1.00000000 0.00000000 0.00000000 / 77 0 74 255 / 0.91423040 0.64494310
				73.12989000 -3.94531300 1.47363300 / -1.00000000 0.00000000 0.00000000 / 77 0 74 255 / 0.91423040 0.64494310
				73.12989000 -3.74511700 1.47363300 / -1.00000000 0.00000000 0.00000000 / 77 0 75 255 / 0.89323420 0.64494310
				73.12989000 -3.74511700 0.27148440 / -1.00000000 0.00000000 0.00000000 / 77 0 74 255 / 0.89323420 0.73878480
				73.12989000 -3.74511700 0.27148440 / -1.00000000 0.00000000 0.00000000 / 77 0 74 255 / 0.89323420 0.73878480
				73.12989000 -3.94531300 0.27148440 / -1.00000000 0.00000000 0.00000000 / 76 0 74 255 / 0.91423040 0.73878480
				73.12989000 -8.68896500 1.47363300 / -1.00000000 0.00000000 0.00000000 / 97 0 94 255 / 0.86724850 0.64494310
				73.12989000 -8.68896500 1.47363300 / -1.00000000 0.00000000 0.00000000 / 97 0 94 255 / 0.86724850 0.64494310
				73.12989000 -8.48876900 1.47363300 / -1.00000000 0.00000000 0.00000000 / 97 0 94 255 / 0.84625250 0.64494310
				73.12989000 -8.48876900 0.27148440 / -1.00000000 0.00000000 0.00000000 / 97 0 94 255 / 0.84625250 0.73878480
				73.12989000 -8.48876900 0.27148440 / -1.00000000 0.00000000 0.00000000 / 97 0 94 255 / 0.84625250 0.73878480
				73.12989000 -8.68896500 0.27148440 / -1.00000000 0.00000000 0.00000000 / 97 0 94 255 / 0.86724850 0.73878480
				73.12989000 -0.94384770 1.47363300 / -1.00000000 0.00000000 0.00000000 / 89 0 86 255 / 0.80343630 0.64494310
				73.12989000 -0.94384770 1.47363300 / -1.00000000 0.00000000 0.00000000 / 89 0 86 255 / 0.80343630 0.64494310
				73.12989000 -0.74365240 1.47363300 / -1.00000000 0.00000000 0.00000000 / 89 0 86 255 / 0.78244020 0.64494310
				73.12989000 -0.74365240 0.27148440 / -1.00000000 0.00000000 0.00000000 / 89 0 86 255 / 0.78244020 0.73878480
				73.12989000 -0.74365240 0.27148440 / -1.00000000 0.00000000 0.00000000 / 89 0 86 255 / 0.78244020 0.73878480
				73.12989000 -0.94384770 0.27148440 / -1.00000000 0.00000000 0.00000000 / 89 0 86 255 / 0.80343630 0.73878480
				73.12989000 4.18066400 -3.42089900 / -1.00000000 0.00000000 0.00000000 / 52 0 52 255 / 0.77293390 0.74571230
				73.12989000 4.18066400 -3.42089900 / -1.00000000 0.00000000 0.00000000 / 52 0 52 255 / 0.77293390 0.74571230
				73.12989000 4.38085900 -3.42089900 / -1.00000000 0.00000000 0.00000000 / 52 0 52 255 / 0.75228880 0.74571230
				73.12989000 4.38085900 -4.62353500 / -1.00000000 0.00000000 0.00000000 / 52 0 52 255 / 0.75228880 0.83753970
				73.12989000 4.38085900 -4.62353500 / -1.00000000 0.00000000 0.00000000 / 52 0 52 255 / 0.75228880 0.83753970
				73.12989000 4.18017600 -4.62353500 / -1.00000000 0.00000000 0.00000000 / 52 0 52 255 / 0.77293390 0.83753970
				73.12989000 5.16503900 -3.42089900 / -1.00000000 0.00000000 0.00000000 / 53 0 53 255 / 0.77293390 0.74571230
				73.12989000 5.16503900 -3.42089900 / -1.00000000 0.00000000 0.00000000 / 53 0 53 255 / 0.77293390 0.74571230
				73.12989000 5.36523400 -3.42089900 / -1.00000000 0.00000000 0.00000000 / 53 0 53 255 / 0.75228880 0.74571230
				73.12989000 5.36523400 -4.62353500 / -1.00000000 0.00000000 0.00000000 / 53 0 53 255 / 0.75228880 0.83753970
				73.12989000 5.36523400 -4.62353500 / -1.00000000 0.00000000 0.00000000 / 53 0 53 255 / 0.75228880 0.83753970
				73.12989000 5.16503900 -4.62353500 / -1.00000000 0.00000000 0.00000000 / 53 0 53 255 / 0.77293390 0.83753970
				73.12989000 0.42089840 -3.42089900 / -1.00000000 0.00000000 0.00000000 / 53 0 53 255 / 0.77293390 0.74571230
				73.12989000 0.42089840 -3.42089900 / -1.00000000 0.00000000 0.00000000 / 53 0 53 255 / 0.77293390 0.74571230
				73.12989000 0.62158200 -3.42089900 / -1.00000000 0.00000000 0.00000000 / 53 0 53 255 / 0.75228880 0.74571230
				73.12989000 0.62158200 -4.62353500 / -1.00000000 0.00000000 0.00000000 / 53 0 53 255 / 0.75228880 0.83753970
				73.12989000 0.62158200 -4.62353500 / -1.00000000 0.00000000 0.00000000 / 53 0 53 255 / 0.75228880 0.83753970
				73.12989000 0.42089840 -4.62353500 / -1.00000000 0.00000000 0.00000000 / 53 0 53 255 / 0.77293390 0.83753970
				73.12989000 8.16601600 -3.42089900 / -1.00000000 0.00000000 0.00000000 / 66 0 64 255 / 0.77293390 0.74571230
				73.12989000 8.16601600 -3.42089900 / -1.00000000 0.00000000 0.00000000 / 66 0 64 255 / 0.77293390 0.74571230
				73.12989000 8.36669900 -3.42089900 / -1.00000000 0.00000000 0.00000000 / 66 0 64 255 / 0.75228880 0.74571230
				73.12989000 8.36669900 -4.62353500 / -1.00000000 0.00000000 0.00000000 / 66 0 64 255 / 0.75228880 0.83753970
				73.12989000 8.36669900 -4.62353500 / -1.00000000 0.00000000 0.00000000 / 66 0 64 255 / 0.75228880 0.83753970
				73.12989000 8.16601600 -4.62353500 / -1.00000000 0.00000000 0.00000000 / 66 0 64 255 / 0.77293390 0.83753970
				73.12989000 -4.92968800 -3.42089900 / -1.00000000 0.00000000 0.00000000 / 52 0 52 255 / 0.77293390 0.74571230
				73.12989000 -4.92968800 -3.42089900 / -1.00000000 0.00000000 0.00000000 / 52 0 52 255 / 0.77293390 0.74571230
				73.12989000 -4.72949200 -3.42089900 / -1.00000000 0.00000000 0.00000000 / 52 0 52 255 / 0.75228880 0.74571230
				73.12989000 -4.72949200 -4.62353500 / -1.00000000 0.00000000 0.00000000 / 52 0 52 255 / 0.75228880 0.83753970
				73.12989000 -4.72949200 -4.62353500 / -1.00000000 0.00000000 0.00000000 / 52 0 52 255 / 0.75228880 0.83753970
				73.12989000 -4.92968800 -4.62353500 / -1.00000000 0.00000000 0.00000000 / 52 0 52 255 / 0.77293390 0.83753970
				73.12989000 -3.94531300 -3.42089900 / -1.00000000 0.00000000 0.00000000 / 52 0 52 255 / 0.77293390 0.74571230
				73.12989000 -3.94531300 -3.42089900 / -1.00000000 0.00000000 0.00000000 / 52 0 52 255 / 0.77293390 0.74571230
				73.12989000 -3.74511700 -3.42089900 / -1.00000000 0.00000000 0.00000000 / 52 0 52 255 / 0.75228880 0.74571230
				73.12989000 -3.74511700 -4.62353500 / -1.00000000 0.00000000 0.00000000 / 52 0 52 255 / 0.75228880 0.83753970
				73.12989000 -3.74511700 -4.62353500 / -1.00000000 0.00000000 0.00000000 / 52 0 52 255 / 0.75228880 0.83753970
				73.12989000 -3.94531300 -4.62353500 / -1.00000000 0.00000000 0.00000000 / 52 0 52 255 / 0.77293390 0.83753970
				73.12989000 -8.68896500 -3.42089900 / -1.00000000 0.00000000 0.00000000 / 52 0 52 255 / 0.77293390 0.74571230
				73.12989000 -8.68896500 -3.42089900 / -1.00000000 0.00000000 0.00000000 / 52 0 52 255 / 0.77293390 0.74571230
				73.12989000 -8.48876900 -3.42089900 / -1.00000000 0.00000000 0.00000000 / 52 0 52 255 / 0.75228880 0.74571230
				73.12989000 -8.48876900 -4.62353500 / -1.00000000 0.00000000 0.00000000 / 52 0 52 255 / 0.75228880 0.83753970
				73.12989000 -8.48876900 -4.62353500 / -1.00000000 0.00000000 0.00000000 / 52 0 52 255 / 0.75228880 0.83753970
				73.12989000 -8.68896500 -4.62353500 / -1.00000000 0.00000000 0.00000000 / 52 0 52 255 / 0.77293390 0.83753970
				73.12989000 -0.94384770 -3.42089900 / -1.00000000 0.00000000 0.00000000 / 53 0 52 255 / 0.77293390 0.74571230
				73.12989000 -0.94384770 -3.42089900 / -1.00000000 0.00000000 0.00000000 / 53 0 52 255 / 0.77293390 0.74571230
				73.12989000 -0.74365240 -3.42089900 / -1.00000000 0.00000000 0.00000000 / 53 0 53 255 / 0.75228880 0.74571230
				73.12989000 -0.74365240 -4.62353500 / -1.00000000 0.00000000 0.00000000 / 53 0 52 255 / 0.75228880 0.83753970
				73.12989000 -0.74365240 -4.62353500 / -1.00000000 0.00000000 0.00000000 / 53 0 52 255 / 0.75228880 0.83753970
				73.12989000 -0.94384770 -4.62353500 / -1.00000000 0.00000000 0.00000000 / 53 0 52 255 / 0.77293390 0.83753970
				68.84961000 26.51465000 1.47363300 / 1.00000000 0.00000000 0.00000000 / 114 0 109 255 / 0.79501340 0.64494310
				68.84961000 26.51465000 1.47363300 / 1.00000000 0.00000000 0.00000000 / 114 0 109 255 / 0.79501340 0.64494310
				68.84961000 26.51465000 0.27148440 / 1.00000000 0.00000000 0.00000000 / 114 0 109 255 / 0.79501340 0.73878480
				68.84961000 26.71484000 0.27148440 / 1.00000000 0.00000000 0.00000000 / 114 0 109 255 / 0.77401740 0.73878480
				68.84961000 26.71484000 0.27148440 / 1.00000000 0.00000000 0.00000000 / 114 0 109 255 / 0.77401740 0.73878480
				68.84961000 26.71484000 1.47363300 / 1.00000000 0.00000000 0.00000000 / 114 0 109 255 / 0.77401740 0.64494310
				68.84961000 27.49902000 1.47363300 / 1.00000000 0.00000000 0.00000000 / 96 0 92 255 / 0.81254580 0.64494310
				68.84961000 27.49902000 1.47363300 / 1.00000000 0.00000000 0.00000000 / 96 0 92 255 / 0.81254580 0.64494310
				68.84961000 27.49902000 0.27148440 / 1.00000000 0.00000000 0.00000000 / 96 0 92 255 / 0.81254580 0.73878480
				68.84961000 27.69971000 0.27148440 / 1.00000000 0.00000000 0.00000000 / 96 0 92 255 / 0.79154970 0.73878480
				68.84961000 27.69971000 0.27148440 / 1.00000000 0.00000000 0.00000000 / 96 0 92 255 / 0.79154970 0.73878480
				68.84961000 27.69922000 1.47363300 / 1.00000000 0.00000000 0.00000000 / 96 0 92 255 / 0.79154970 0.64494310
				68.84961000 22.75537000 1.47363300 / 1.00000000 0.00000000 0.00000000 / 99 0 95 255 / 0.79887390 0.64494310
				68.84961000 22.75537000 1.47363300 / 1.00000000 0.00000000 0.00000000 / 99 0 95 255 / 0.79887390 0.64494310
				68.84961000 22.75537000 0.27148440 / 1.00000000 0.00000000 0.00000000 / 99 0 95 255 / 0.79887390 0.73878480
				68.84961000 22.95557000 0.27148440 / 1.00000000 0.00000000 0.00000000 / 99 0 95 255 / 0.77787780 0.73878480
				68.84961000 22.95557000 0.27148440 / 1.00000000 0.00000000 0.00000000 / 99 0 95 255 / 0.77787780 0.73878480
				68.84961000 22.95557000 1.47363300 / 1.00000000 0.00000000 0.00000000 / 99 0 95 255 / 0.77787780 0.64494310
				68.84961000 30.50049000 1.47363300 / 1.00000000 0.00000000 0.00000000 / 92 0 89 255 / 0.78625490 0.64494310
				68.84961000 30.50049000 1.47363300 / 1.00000000 0.00000000 0.00000000 / 92 0 89 255 / 0.78625490 0.64494310
				68.84961000 30.50049000 0.27148440 / 1.00000000 0.00000000 0.00000000 / 92 0 89 255 / 0.78625490 0.73878480
				68.84961000 30.70068000 0.27148440 / 1.00000000 0.00000000 0.00000000 / 92 0 89 255 / 0.76525880 0.73878480
				68.84961000 30.70068000 0.27148440 / 1.00000000 0.00000000 0.00000000 / 92 0 89 255 / 0.76525880 0.73878480
				68.84961000 30.70068000 1.47363300 / 1.00000000 0.00000000 0.00000000 / 92 0 89 255 / 0.76525880 0.64494310
				68.84961000 17.40478000 1.47363300 / 1.00000000 0.00000000 0.00000000 / 99 0 96 255 / 0.91387940 0.64494310
				68.84961000 17.40478000 1.47363300 / 1.00000000 0.00000000 0.00000000 / 99 0 96 255 / 0.91387940 0.64494310
				68.84961000 17.40478000 0.27148440 / 1.00000000 0.00000000 0.00000000 / 99 0 95 255 / 0.91387940 0.73878480
				68.84961000 17.60498000 0.27148440 / 1.00000000 0.00000000 0.00000000 / 99 0 96 255 / 0.89288330 0.73878480
				68.84961000 17.60498000 0.27148440 / 1.00000000 0.00000000 0.00000000 / 99 0 96 255 / 0.89288330 0.73878480
				68.84961000 17.60498000 1.47363300 / 1.00000000 0.00000000 0.00000000 / 100 0 96 255 / 0.89288330 0.64494310
				68.84961000 18.38916000 1.47363300 / 1.00000000 0.00000000 0.00000000 / 119 0 114 255 / 0.94718930 0.64494310
				68.84961000 18.38916000 1.47363300 / 1.00000000 0.00000000 0.00000000 / 119 0 114 255 / 0.94718930 0.64494310
				68.84961000 18.38916000 0.27148440 / 1.00000000 0.00000000 0.00000000 / 119 0 114 255 / 0.94718930 0.73878480
				68.84961000 18.58936000 0.27148440 / 1.00000000 0.00000000 0.00000000 / 119 0 114 255 / 0.92619320 0.73878480
				68.84961000 18.58936000 0.27148440 / 1.00000000 0.00000000 0.00000000 / 119 0 114 255 / 0.92619320 0.73878480
				68.84961000 18.58936000 1.47363300 / 1.00000000 0.00000000 0.00000000 / 119 0 114 255 / 0.92619320 0.64494310
				68.84961000 13.64551000 1.47363300 / 1.00000000 0.00000000 0.00000000 / 105 0 101 255 / 0.96401980 0.64494310
				68.84961000 13.64551000 1.47363300 / 1.00000000 0.00000000 0.00000000 / 105 0 101 255 / 0.96401980 0.64494310
				68.84961000 13.64551000 0.27148440 / 1.00000000 0.00000000 0.00000000 / 105 0 101 255 / 0.96401980 0.73878480
				68.84961000 13.84570000 0.27148440 / 1.00000000 0.00000000 0.00000000 / 105 0 101 255 / 0.94302370 0.73878480
				68.84961000 13.84570000 0.27148440 / 1.00000000 0.00000000 0.00000000 / 105 0 101 255 / 0.94302370 0.73878480
				68.84961000 13.84570000 1.47363300 / 1.00000000 0.00000000 0.00000000 / 105 0 101 255 / 0.94302370 0.64494310
				68.84961000 21.39062000 1.47363300 / 1.00000000 0.00000000 0.00000000 / 99 0 95 255 / 0.98960880 0.64494310
				68.84961000 21.39062000 1.47363300 / 1.00000000 0.00000000 0.00000000 / 99 0 95 255 / 0.98960880 0.64494310
				68.84912000 21.39062000 0.27148440 / 1.00000000 0.00000000 0.00000000 / 99 0 95 255 / 0.98960880 0.73878480
				68.84912000 21.59082000 0.27148440 / 1.00000000 0.00000000 0.00000000 / 99 0 95 255 / 0.96861260 0.73878480
				68.84912000 21.59082000 0.27148440 / 1.00000000 0.00000000 0.00000000 / 99 0 95 255 / 0.96861260 0.73878480
				68.84961000 21.59082000 1.47363300 / 1.00000000 0.00000000 0.00000000 / 100 0 96 255 / 0.96861260 0.64494310
				68.84961000 4.18066400 1.47363300 / 1.00000000 0.00000000 0.00000000 / 85 0 82 255 / 0.92579650 0.64494310
				68.84961000 4.18066400 1.47363300 / 1.00000000 0.00000000 0.00000000 / 85 0 82 255 / 0.92579650 0.64494310
				68.84961000 4.18066400 0.27148440 / 1.00000000 0.00000000 0.00000000 / 85 0 82 255 / 0.92579650 0.73878480
				68.84961000 4.38085900 0.27148440 / 1.00000000 0.00000000 0.00000000 / 85 0 82 255 / 0.90480040 0.73878480
				68.84961000 4.38085900 0.27148440 / 1.00000000 0.00000000 0.00000000 / 85 0 82 255 / 0.90480040 0.73878480
				68.84961000 4.38085900 1.47363300 / 1.00000000 0.00000000 0.00000000 / 84 0 82 255 / 0.90480040 0.64494310
				68.84961000 5.16503900 1.47363300 / 1.00000000 0.00000000 0.00000000 / 100 0 96 255 / 0.87460330 0.64494310
				68.84961000 5.16503900 1.47363300 / 1.00000000 0.00000000 0.00000000 / 100 0 96 255 / 0.87460330 0.64494310
				68.84961000 5.16503900 0.27148440 / 1.00000000 0.00000000 0.00000000 / 101 0 97 255 / 0.87460330 0.73878480
				68.84961000 5.36523400 0.27148440 / 1.00000000 0.00000000 0.00000000 / 100 0 96 255 / 0.85360720 0.73878480
				68.84961000 5.36523400 0.27148440 / 1.00000000 0.00000000 0.00000000 / 100 0 96 255 / 0.85360720 0.73878480
				68.84961000 5.36523400 1.47363300 / 1.00000000 0.00000000 0.00000000 / 100 0 96 255 / 0.85360720 0.64494310
				68.84961000 0.42138670 1.47363300 / 1.00000000 0.00000000 0.00000000 / 92 0 88 255 / 0.84585570 0.64494310
				68.84961000 0.42138670 1.47363300 / 1.00000000 0.00000000 0.00000000 / 92 0 88 255 / 0.84585570 0.64494310
				68.84961000 0.42138670 0.27148440 / 1.00000000 0.00000000 0.00000000 / 92 0 88 255 / 0.84585570 0.73878480
				68.84961000 0.62158200 0.27148440 / 1.00000000 0.00000000 0.00000000 / 92 0 88 255 / 0.82485960 0.73878480
				68.84961000 0.62158200 0.27148440 / 1.00000000 0.00000000 0.00000000 / 92 0 88 255 / 0.82485960 0.73878480
				68.84961000 0.62158200 1.47363300 / 1.00000000 0.00000000 0.00000000 / 92 0 88 255 / 0.82485960 0.64494310
				68.84961000 8.16650400 1.47363300 / 1.00000000 0.00000000 0.00000000 / 99 0 95 255 / 0.82867430 0.64494310
				68.84961000 8.16650400 1.47363300 / 1.00000000 0.00000000 0.00000000 / 99 0 95 255 / 0.82867430 0.64494310
				68.84961000 8.16650400 0.27148440 / 1.00000000 0.00000000 0.00000000 / 99 0 96 255 / 0.82867430 0.73878480
				68.84961000 8.36669900 0.27148440 / 1.00000000 0.00000000 0.00000000 / 99 0 95 255 / 0.80767820 0.73878480
				68.84961000 8.36669900 0.27148440 / 1.00000000 0.00000000 0.00000000 / 99 0 95 255 / 0.80767820 0.73878480
				68.84961000 8.36669900 1.47363300 / 1.00000000 0.00000000 0.00000000 / 99 0 95 255 / 0.80767820 0.64494310
				68.84961000 -4.92968800 1.47363300 / 1.00000000 0.00000000 0.00000000 / 92 0 88 255 / 0.84129320 0.64494310
				68.84961000 -4.92968800 1.47363300 / 1.00000000 0.00000000 0.00000000 / 92 0 88 255 / 0.84129320 0.64494310
				68.84961000 -4.92968800 0.27148440 / 1.00000000 0.00000000 0.00000000 / 91 0 88 255 / 0.84129320 0.73878480
				68.84961000 -4.72900400 0.27148440 / 1.00000000 0.00000000 0.00000000 / 92 0 88 255 / 0.82029720 0.73878480
				68.84961000 -4.72900400 0.27148440 / 1.00000000 0.00000000 0.00000000 / 92 0 88 255 / 0.82029720 0.73878480
				68.84961000 -4.72900400 1.47363300 / 1.00000000 0.00000000 0.00000000 / 92 0 89 255 / 0.82029720 0.64494310
				68.84961000 -3.94531300 1.47363300 / 1.00000000 0.00000000 0.00000000 / 52 0 52 255 / 0.85287470 0.64494310
				68.84961000 -3.94531300 1.47363300 / 1.00000000 0.00000000 0.00000000 / 52 0 52 255 / 0.85287470 0.64494310
				68.84961000 -3.94531300 0.27148440 / 1.00000000 0.00000000 0.00000000 / 52 0 52 255 / 0.85287470 0.73878480
				68.84961000 -3.74462900 0.27148440 / 1.00000000 0.00000000 0.00000000 / 52 0 52 255 / 0.83187870 0.73878480
				68.84961000 -3.74462900 0.27148440 / 1.00000000 0.00000000 0.00000000 / 52 0 52 255 / 0.83187870 0.73878480
				68.84961000 -3.74462900 1.47363300 / 1.00000000 0.00000000 0.00000000 / 52 0 52 255 / 0.83187870 0.64494310
				68.84961000 -8.68896500 1.47363300 / 1.00000000 0.00000000 0.00000000 / 85 0 82 255 / 0.88616940 0.64494310
				68.84961000 -8.68896500 1.47363300 / 1.00000000 0.00000000 0.00000000 / 85 0 82 255 / 0.88616940 0.64494310
				68.84961000 -8.68896500 0.27148440 / 1.00000000 0.00000000 0.00000000 / 85 0 82 255 / 0.88616940 0.73878480
				68.84912000 -8.48828100 0.27148440 / 1.00000000 0.00000000 0.00000000 / 85 0 82 255 / 0.86518860 0.73878480
				68.84912000 -8.48828100 0.27148440 / 1.00000000 0.00000000 0.00000000 / 85 0 82 255 / 0.86518860 0.73878480
				68.84961000 -8.48876900 1.47363300 / 1.00000000 0.00000000 0.00000000 / 85 0 82 255 / 0.86518860 0.64494310
				68.84961000 -0.94384770 1.47363300 / 1.00000000 0.00000000 0.00000000 / 107 0 103 255 / 0.94824220 0.64494310
				68.84961000 -0.94384770 1.47363300 / 1.00000000 0.00000000 0.00000000 / 107 0 103 255 / 0.94824220 0.64494310
				68.84912000 -0.94384770 0.27148440 / 1.00000000 0.00000000 0.00000000 / 107 0 103 255 / 0.94824220 0.73878480
				68.84912000 -0.74365240 0.27148440 / 1.00000000 0.00000000 0.00000000 / 107 0 103 255 / 0.92724610 0.73878480
				68.84912000 -0.74365240 0.27148440 / 1.00000000 0.00000000 0.00000000 / 107 0 103 255 / 0.92724610 0.73878480
				68.84961000 -0.74365240 1.47363300 / 1.00000000 0.00000000 0.00000000 / 107 0 103 255 / 0.92724610 0.64494310
				68.84961000 4.18066400 -3.42089900 / 1.00000000 0.00000000 0.00000000 / 54 0 54 255 / 0.77293390 0.74571230
				68.84961000 4.18066400 -3.42089900 / 1.00000000 0.00000000 0.00000000 / 54 0 54 255 / 0.77293390 0.74571230
				68.84912000 4.18066400 -4.62353500 / 1.00000000 0.00000000 0.00000000 / 54 0 54 255 / 0.77293390 0.83753970
				68.84961000 4.38085900 -4.62353500 / 1.00000000 0.00000000 0.00000000 / 54 0 54 255 / 0.75228880 0.83753970
				68.84961000 4.38085900 -4.62353500 / 1.00000000 0.00000000 0.00000000 / 54 0 54 255 / 0.75228880 0.83753970
				68.84912000 4.38085900 -3.42089900 / 1.00000000 0.00000000 0.00000000 / 54 0 54 255 / 0.75228880 0.74571230
				68.84912000 5.16503900 -3.42089900 / 1.00000000 0.00000000 0.00000000 / 52 0 52 255 / 0.77293390 0.74571230
				68.84912000 5.16503900 -3.42089900 / 1.00000000 0.00000000 0.00000000 / 52 0 52 255 / 0.77293390 0.74571230
				68.84912000 5.16503900 -4.62353500 / 1.00000000 0.00000000 0.00000000 / 52 0 52 255 / 0.77293390 0.83753970
				68.84961000 5.36523400 -4.62353500 / 1.00000000 0.00000000 0.00000000 / 52 0 52 255 / 0.75228880 0.83753970
				68.84961000 5.36523400 -4.62353500 / 1.00000000 0.00000000 0.00000000 / 52 0 52 255 / 0.75228880 0.83753970
				68.84961000 5.36523400 -3.42089900 / 1.00000000 0.00000000 0.00000000 / 52 0 52 255 / 0.75228880 0.74571230
				68.84961000 0.42138670 -3.42089900 / 1.00000000 0.00000000 0.00000000 / 54 0 54 255 / 0.77293390 0.74571230
				68.84961000 0.42138670 -3.42089900 / 1.00000000 0.00000000 0.00000000 / 54 0 54 255 / 0.77293390 0.74571230
				68.84961000 0.42138670 -4.62353500 / 1.00000000 0.00000000 0.00000000 / 54 0 54 255 / 0.77293390 0.83753970
				68.84961000 0.62158200 -4.62353500 / 1.00000000 0.00000000 0.00000000 / 54 0 54 255 / 0.75228880 0.83753970
				68.84961000 0.62158200 -4.62353500 / 1.00000000 0.00000000 0.00000000 / 54 0 54 255 / 0.75228880 0.83753970
				68.84961000 0.62158200 -3.42089900 / 1.00000000 0.00000000 0.00000000 / 54 0 54 255 / 0.75228880 0.74571230
				68.84912000 8.16650400 -3.42089900 / 1.00000000 0.00000000 0.00000000 / 65 0 64 255 / 0.77293390 0.74571230
				68.84912000 8.16650400 -3.42089900 / 1.00000000 0.00000000 0.00000000 / 65 0 64 255 / 0.77293390 0.74571230
				68.84912000 8.16650400 -4.62353500 / 1.00000000 0.00000000 0.00000000 / 65 0 64 255 / 0.77293390 0.83753970
				68.84912000 8.36669900 -4.62353500 / 1.00000000 0.00000000 0.00000000 / 65 0 64 255 / 0.75228880 0.83753970
				68.84912000 8.36669900 -4.62353500 / 1.00000000 0.00000000 0.00000000 / 65 0 64 255 / 0.75228880 0.83753970
				68.84912000 8.36669900 -3.42089900 / 1.00000000 0.00000000 0.00000000 / 65 0 64 255 / 0.75228880 0.74571230
				68.84961000 -4.92968800 -3.42089900 / 1.00000000 0.00000000 0.00000000 / 52 0 52 255 / 0.77293390 0.74571230
				68.84961000 -4.92968800 -3.42089900 / 1.00000000 0.00000000 0.00000000 / 52 0 52 255 / 0.77293390 0.74571230
				68.84961000 -4.92968800 -4.62353500 / 1.00000000 0.00000000 0.00000000 / 52 0 52 255 / 0.77293390 0.83753970
				68.84961000 -4.72900400 -4.62353500 / 1.00000000 0.00000000 0.00000000 / 52 0 52 255 / 0.75228880 0.83753970
				68.84961000 -4.72900400 -4.62353500 / 1.00000000 0.00000000 0.00000000 / 52 0 52 255 / 0.75228880 0.83753970
				68.84961000 -4.72900400 -3.42089900 / 1.00000000 0.00000000 0.00000000 / 52 0 52 255 / 0.75228880 0.74571230
				68.84912000 -3.94531300 -3.42089900 / 1.00000000 0.00000000 0.00000000 / 53 0 52 255 / 0.77293390 0.74571230
				68.84912000 -3.94531300 -3.42089900 / 1.00000000 0.00000000 0.00000000 / 53 0 52 255 / 0.77293390 0.74571230
				68.84912000 -3.94531300 -4.62353500 / 1.00000000 0.00000000 0.00000000 / 53 0 52 255 / 0.77293390 0.83753970
				68.84961000 -3.74462900 -4.62353500 / 1.00000000 0.00000000 0.00000000 / 53 0 52 255 / 0.75228880 0.83753970
				68.84961000 -3.74462900 -4.62353500 / 1.00000000 0.00000000 0.00000000 / 53 0 52 255 / 0.75228880 0.83753970
				68.84961000 -3.74462900 -3.42089900 / 1.00000000 0.00000000 0.00000000 / 53 0 52 255 / 0.75228880 0.74571230
				68.84912000 -8.68896500 -3.42089900 / 1.00000000 0.00000000 0.00000000 / 52 0 51 255 / 0.77293390 0.74571230
				68.84912000 -8.68896500 -3.42089900 / 1.00000000 0.00000000 0.00000000 / 52 0 51 255 / 0.77293390 0.74571230
				68.84912000 -8.68896500 -4.62353500 / 1.00000000 0.00000000 0.00000000 / 52 0 51 255 / 0.77293390 0.83753970
				68.84912000 -8.48828100 -4.62353500 / 1.00000000 0.00000000 0.00000000 / 52 0 51 255 / 0.75228880 0.83753970
				68.84912000 -8.48828100 -4.62353500 / 1.00000000 0.00000000 0.00000000 / 52 0 51 255 / 0.75228880 0.83753970
				68.84912000 -8.48876900 -3.42089900 / 1.00000000 0.00000000 0.00000000 / 52 0 51 255 / 0.75228880 0.74571230
				68.84912000 -0.94384770 -3.42089900 / 1.00000000 0.00000000 0.00000000 / 53 0 53 255 / 0.77293390 0.74571230
				68.84912000 -0.94384770 -3.42089900 / 1.00000000 0.00000000 0.00000000 / 53 0 53 255 / 0.77293390 0.74571230
				68.84912000 -0.94384770 -4.62353500 / 1.00000000 0.00000000 0.00000000 / 53 0 53 255 / 0.77293390 0.83753970
				68.84912000 -0.74365240 -4.62353500 / 1.00000000 0.00000000 0.00000000 / 53 0 53 255 / 0.75228880 0.83753970
				68.84912000 -0.74365240 -4.62353500 / 1.00000000 0.00000000 0.00000000 / 53 0 53 255 / 0.75228880 0.83753970
				68.84912000 -0.74365240 -3.42089900 / 1.00000000 0.00000000 0.00000000 / 53 0 53 255 / 0.75228880 0.74571230
				87.07666000 26.51465000 1.47607400 / 1.00000000 0.00000000 0.00000000 / 223 0 209 255 / 0.96226500 0.64494310
				87.07666000 26.51465000 1.47607400 / 1.00000000 0.00000000 0.00000000 / 223 0 209 255 / 0.96226500 0.64494310
				87.07666000 26.51465000 0.27392580 / 1.00000000 0.00000000 0.00000000 / 222 0 209 255 / 0.96226500 0.73878480
				87.07666000 26.71484000 0.27392580 / 1.00000000 0.00000000 0.00000000 / 223 0 209 255 / 0.94126900 0.73878480
				87.07666000 26.71484000 0.27392580 / 1.00000000 0.00000000 0.00000000 / 223 0 209 255 / 0.94126900 0.73878480
				87.07666000 26.71484000 1.47607400 / 1.00000000 0.00000000 0.00000000 / 223 0 209 255 / 0.94126900 0.64494310
				87.07666000 27.49902000 1.47607400 / 1.00000000 0.00000000 0.00000000 / 228 0 214 255 / 0.97593690 0.64494310
				87.07666000 27.49902000 1.47607400 / 1.00000000 0.00000000 0.00000000 / 228 0 214 255 / 0.97593690 0.64494310
				87.07666000 27.49902000 0.27392580 / 1.00000000 0.00000000 0.00000000 / 228 0 214 255 / 0.97593690 0.73878480
				87.07666000 27.69922000 0.27392580 / 1.00000000 0.00000000 0.00000000 / 228 0 214 255 / 0.95494080 0.73878480
				87.07666000 27.69922000 0.27392580 / 1.00000000 0.00000000 0.00000000 / 228 0 214 255 / 0.95494080 0.73878480
				87.07666000 27.69922000 1.47607400 / 1.00000000 0.00000000 0.00000000 / 228 0 214 255 / 0.95494080 0.64494310
				87.07666000 22.75537000 1.47607400 / 1.00000000 0.00000000 0.00000000 / 238 0 223 255 / 0.99871820 0.64494310
				87.07666000 22.75537000 1.47607400 / 1.00000000 0.00000000 0.00000000 / 238 0 223 255 / 0.99871820 0.64494310
				87.07666000 22.75537000 0.27392580 / 1.00000000 0.00000000 0.00000000 / 237 0 222 255 / 0.99871820 0.73878480
				87.07666000 22.95557000 0.27392580 / 1.00000000 0.00000000 0.00000000 / 238 0 223 255 / 0.97772220 0.73878480
				87.07666000 22.95557000 0.27392580 / 1.00000000 0.00000000 0.00000000 / 238 0 223 255 / 0.97772220 0.73878480
				87.07666000 22.95557000 1.47607400 / 1.00000000 0.00000000 0.00000000 / 238 0 223 255 / 0.97772220 0.64494310
				87.07666000 30.50000000 1.47607400 / 1.00000000 0.00000000 0.00000000 / 221 0 207 255 / 0.94157410 0.64494310
				87.07666000 30.50000000 1.47607400 / 1.00000000 0.00000000 0.00000000 / 221 0 207 255 / 0.94157410 0.64494310
				87.07666000 30.50000000 0.27392580 / 1.00000000 0.00000000 0.00000000 / 220 0 207 255 / 0.94157410 0.73878480
				87.07666000 30.70068000 0.27392580 / 1.00000000 0.00000000 0.00000000 / 221 0 207 255 / 0.92057800 0.73878480
				87.07666000 30.70068000 0.27392580 / 1.00000000 0.00000000 0.00000000 / 221 0 207 255 / 0.92057800 0.73878480
				87.07666000 30.70068000 1.47607400 / 1.00000000 0.00000000 0.00000000 / 221 0 208 255 / 0.92057800 0.64494310
				87.07666000 17.40430000 1.47607400 / 1.00000000 0.00000000 0.00000000 / 231 0 217 255 / 0.98785400 0.64494310
				87.07666000 17.40430000 1.47607400 / 1.00000000 0.00000000 0.00000000 / 231 0 217 255 / 0.98785400 0.64494310
				87.07666000 17.40430000 0.27392580 / 1.00000000 0.00000000 0.00000000 / 231 0 217 255 / 0.98785400 0.73878480
				87.07666000 17.60498000 0.27392580 / 1.00000000 0.00000000 0.00000000 / 231 0 217 255 / 0.96685790 0.73878480
				87.07666000 17.60498000 0.27392580 / 1.00000000 0.00000000 0.00000000 / 231 0 217 255 / 0.96685790 0.73878480
				87.07666000 17.60498000 1.47607400 / 1.00000000 0.00000000 0.00000000 / 231 0 217 255 / 0.96685790 0.64494310
				87.07666000 18.38916000 1.47607400 / 1.00000000 0.00000000 0.00000000 / 226 0 212 255 / 0.95384210 0.64494310
				87.07666000 18.38916000 1.47607400 / 1.00000000 0.00000000 0.00000000 / 226 0 212 255 / 0.95384210 0.64494310
				87.07666000 18.38916000 0.27392580 / 1.00000000 0.00000000 0.00000000 / 226 0 213 255 / 0.95384210 0.73878480
				87.07666000 18.58936000 0.27392580 / 1.00000000 0.00000000 0.00000000 / 226 0 212 255 / 0.93284610 0.73878480
				87.07666000 18.58936000 0.27392580 / 1.00000000 0.00000000 0.00000000 / 226 0 212 255 / 0.93284610 0.73878480
				87.07666000 18.58936000 1.47607400 / 1.00000000 0.00000000 0.00000000 / 226 0 212 255 / 0.93284610 0.64494310
				87.07666000 13.64502000 1.47607400 / 1.00000000 0.00000000 0.00000000 / 220 0 207 255 / 0.94122310 0.64494310
				87.07666000 13.64502000 1.47607400 / 1.00000000 0.00000000 0.00000000 / 220 0 207 255 / 0.94122310 0.64494310
				87.07666000 13.64502000 0.27392580 / 1.00000000 0.00000000 0.00000000 / 220 0 207 255 / 0.94122310 0.73878480
				87.07666000 13.84570000 0.27392580 / 1.00000000 0.00000000 0.00000000 / 220 0 207 255 / 0.92022700 0.73878480
				87.07666000 13.84570000 0.27392580 / 1.00000000 0.00000000 0.00000000 / 220 0 207 255 / 0.92022700 0.73878480
				87.07666000 13.84570000 1.47607400 / 1.00000000 0.00000000 0.00000000 / 220 0 207 255 / 0.92022700 0.64494310
				87.07666000 21.39014000 1.47607400 / 1.00000000 0.00000000 0.00000000 / 226 0 213 255 / 0.96437070 0.64494310
				87.07666000 21.39014000 1.47607400 / 1.00000000 0.00000000 0.00000000 / 226 0 213 255 / 0.96437070 0.64494310
				87.07666000 21.39014000 0.27392580 / 1.00000000 0.00000000 0.00000000 / 227 0 213 255 / 0.96435550 0.73878480
				87.07666000 21.59033000 0.27392580 / 1.00000000 0.00000000 0.00000000 / 226 0 213 255 / 0.94337470 0.73878480
				87.07666000 21.59033000 0.27392580 / 1.00000000 0.00000000 0.00000000 / 226 0 213 255 / 0.94337470 0.73878480
				87.07666000 21.59033000 1.47607400 / 1.00000000 0.00000000 0.00000000 / 226 0 213 255 / 0.94337470 0.64494310
				87.07666000 4.18017600 1.47607400 / 1.00000000 0.00000000 0.00000000 / 216 0 203 255 / 0.79711910 0.64494310
				87.07666000 4.18017600 1.47607400 / 1.00000000 0.00000000 0.00000000 / 216 0 203 255 / 0.79711910 0.64494310
				87.07666000 4.18017600 0.27392580 / 1.00000000 0.00000000 0.00000000 / 216 0 203 255 / 0.79711910 0.73878480
				87.07666000 4.38085900 0.27392580 / 1.00000000 0.00000000 0.00000000 / 216 0 203 255 / 0.77612310 0.73878480
				87.07666000 4.38085900 0.27392580 / 1.00000000 0.00000000 0.00000000 / 216 0 203 255 / 0.77612310 0.73878480
				87.07666000 4.38085900 1.47607400 / 1.00000000 0.00000000 0.00000000 / 215 0 203 255 / 0.77612310 0.64494310
				87.07666000 5.16503900 1.47607400 / 1.00000000 0.00000000 0.00000000 / 216 0 203 255 / 0.79711910 0.64494310
				87.07666000 5.16503900 1.47607400 / 1.00000000 0.00000000 0.00000000 / 216 0 203 255 / 0.79711910 0.64494310
				87.07666000 5.16503900 0.27392580 / 1.00000000 0.00000000 0.00000000 / 216 0 203 255 / 0.79711910 0.73878480
				87.07666000 5.36523400 0.27392580 / 1.00000000 0.00000000 0.00000000 / 216 0 203 255 / 0.77612310 0.73878480
				87.07666000 5.36523400 0.27392580 / 1.00000000 0.00000000 0.00000000 / 216 0 203 255 / 0.77612310 0.73878480
				87.07666000 5.36523400 1.47607400 / 1.00000000 0.00000000 0.00000000 / 216 0 203 255 / 0.77612310 0.64494310
				87.07666000 0.42089840 1.47607400 / 1.00000000 0.00000000 0.00000000 / 206 0 193 255 / 0.88581850 0.64494310
				87.07666000 0.42089840 1.47607400 / 1.00000000 0.00000000 0.00000000 / 206 0 193 255 / 0.88581850 0.64494310
				87.07666000 0.42089840 0.27392580 / 1.00000000 0.00000000 0.00000000 / 206 0 193 255 / 0.88581850 0.73878480
				87.07666000 0.62158200 0.27392580 / 1.00000000 0.00000000 0.00000000 / 206 0 193 255 / 0.86483760 0.73878480
				87.07666000 0.62158200 0.27392580 / 1.00000000 0.00000000 0.00000000 / 206 0 193 255 / 0.86483760 0.73878480
				87.07666000 0.62158200 1.47607400 / 1.00000000 0.00000000 0.00000000 / 206 0 194 255 / 0.86483760 0.64494310
				87.07666000 8.16601600 1.47607400 / 1.00000000 0.00000000 0.00000000 / 239 0 224 255 / 0.86303710 0.64494310
				87.07666000 8.16601600 1.47607400 / 1.00000000 0.00000000 0.00000000 / 239 0 224 255 / 0.86303710 0.64494310
				87.07666000 8.16601600 0.27392580 / 1.00000000 0.00000000 0.00000000 / 239 0 224 255 / 0.86303710 0.73878480
				87.07666000 8.36669900 0.27392580 / 1.00000000 0.00000000 0.00000000 / 239 0 224 255 / 0.84204100 0.73878480
				87.07666000 8.36669900 0.27392580 / 1.00000000 0.00000000 0.00000000 / 239 0 224 255 / 0.84204100 0.73878480
				87.07666000 8.36669900 1.47607400 / 1.00000000 0.00000000 0.00000000 / 238 0 224 255 / 0.84204100 0.64494310
				87.07666000 -4.92968800 1.47607400 / 1.00000000 0.00000000 0.00000000 / 223 0 209 255 / 0.92614740 0.64494310
				87.07666000 -4.92968800 1.47607400 / 1.00000000 0.00000000 0.00000000 / 223 0 209 255 / 0.92614740 0.64494310
				87.07666000 -4.92968800 0.27392580 / 1.00000000 0.00000000 0.00000000 / 222 0 209 255 / 0.92614740 0.73878480
				87.07666000 -4.72949200 0.27392580 / 1.00000000 0.00000000 0.00000000 / 223 0 209 255 / 0.90515140 0.73878480
				87.07666000 -4.72949200 0.27392580 / 1.00000000 0.00000000 0.00000000 / 223 0 209 255 / 0.90515140 0.73878480
				87.07666000 -4.72949200 1.47607400 / 1.00000000 0.00000000 0.00000000 / 223 0 209 255 / 0.90515140 0.64494310
				87.07666000 -3.94531300 1.47607400 / 1.00000000 0.00000000 0.00000000 / 225 0 211 255 / 0.94508360 0.64494310
				87.07666000 -3.94531300 1.47607400 / 1.00000000 0.00000000 0.00000000 / 225 0 211 255 / 0.94508360 0.64494310
				87.07666000 -3.94531300 0.27392580 / 1.00000000 0.00000000 0.00000000 / 224 0 211 255 / 0.94508360 0.73878480
				87.07666000 -3.74511700 0.27392580 / 1.00000000 0.00000000 0.00000000 / 225 0 211 255 / 0.92408750 0.73878480
				87.07666000 -3.74511700 0.27392580 / 1.00000000 0.00000000 0.00000000 / 225 0 211 255 / 0.92408750 0.73878480
				87.07666000 -3.74511700 1.47607400 / 1.00000000 0.00000000 0.00000000 / 225 0 211 255 / 0.92408750 0.64494310
				87.07666000 -8.68896500 1.47607400 / 1.00000000 0.00000000 0.00000000 / 218 0 205 255 / 0.96261600 0.64494310
				87.07666000 -8.68896500 1.47607400 / 1.00000000 0.00000000 0.00000000 / 218 0 205 255 / 0.96261600 0.64494310
				87.07666000 -8.68896500 0.27392580 / 1.00000000 0.00000000 0.00000000 / 219 0 205 255 / 0.96261600 0.73878480
				87.07666000 -8.48876900 0.27392580 / 1.00000000 0.00000000 0.00000000 / 218 0 205 255 / 0.94161990 0.73878480
				87.07666000 -8.48876900 0.27392580 / 1.00000000 0.00000000 0.00000000 / 218 0 205 255 / 0.94161990 0.73878480
				87.07666000 -8.48876900 1.47607400 / 1.00000000 0.00000000 0.00000000 / 218 0 205 255 / 0.94161990 0.64494310
				87.07666000 -0.94384770 1.47607400 / 1.00000000 0.00000000 0.00000000 / 207 0 195 255 / 0.90126040 0.64494310
				87.07666000 -0.94384770 1.47607400 / 1.00000000 0.00000000 0.00000000 / 207 0 195 255 / 0.90126040 0.64494310
				87.07666000 -0.94384770 0.27392580 / 1.00000000 0.00000000 0.00000000 / 207 0 195 255 / 0.90126040 0.73878480
				87.07666000 -0.74365240 0.27392580 / 1.00000000 0.00000000 0.00000000 / 207 0 195 255 / 0.88026430 0.73878480
				87.07666000 -0.74365240 0.27392580 / 1.00000000 0.00000000 0.00000000 / 207 0 195 255 / 0.88026430 0.73878480
				87.07666000 -0.74365240 1.47607400 / 1.00000000 0.00000000 0.00000000 / 207 0 194 255 / 0.88026430 0.64494310
				87.07666000 4.18066400 -3.41894500 / 1.00000000 0.00000000 0.00000000 / 189 0 178 255 / 0.83323670 0.74404910
				87.07666000 4.18066400 -3.41894500 / 1.00000000 0.00000000 0.00000000 / 189 0 178 255 / 0.83323670 0.74404910
				87.07666000 4.18017600 -4.62109400 / 1.00000000 0.00000000 0.00000000 / 189 0 178 255 / 0.83323670 0.83587640
				87.07666000 4.38085900 -4.62109400 / 1.00000000 0.00000000 0.00000000 / 189 0 178 255 / 0.81048580 0.83587640
				87.07666000 4.38085900 -4.62109400 / 1.00000000 0.00000000 0.00000000 / 189 0 178 255 / 0.81048580 0.83587640
				87.07666000 4.38085900 -3.41894500 / 1.00000000 0.00000000 0.00000000 / 189 0 178 255 / 0.81048580 0.74404910
				87.07666000 5.16503900 -3.41894500 / 1.00000000 0.00000000 0.00000000 / 200 0 188 255 / 0.83323670 0.74404910
				87.07666000 5.16503900 -3.41894500 / 1.00000000 0.00000000 0.00000000 / 200 0 188 255 / 0.83323670 0.74404910
				87.07666000 5.16503900 -4.62109400 / 1.00000000 0.00000000 0.00000000 / 200 0 188 255 / 0.83323670 0.83587640
				87.07666000 5.36523400 -4.62109400 / 1.00000000 0.00000000 0.00000000 / 200 0 188 255 / 0.81048580 0.83587640
				87.07666000 5.36523400 -4.62109400 / 1.00000000 0.00000000 0.00000000 / 200 0 188 255 / 0.81048580 0.83587640
				87.07666000 5.36523400 -3.41894500 / 1.00000000 0.00000000 0.00000000 / 200 0 189 255 / 0.81048580 0.74404910
				87.07666000 0.42089840 -3.41894500 / 1.00000000 0.00000000 0.00000000 / 209 0 196 255 / 0.83323670 0.74404910
				87.07666000 0.42089840 -3.41894500 / 1.00000000 0.00000000 0.00000000 / 209 0 196 255 / 0.83323670 0.74404910
				87.07666000 0.42089840 -4.62109400 / 1.00000000 0.00000000 0.00000000 / 209 0 196 255 / 0.83323670 0.83587640
				87.07666000 0.62158200 -4.62109400 / 1.00000000 0.00000000 0.00000000 / 209 0 196 255 / 0.81048580 0.83587640
				87.07666000 0.62158200 -4.62109400 / 1.00000000 0.00000000 0.00000000 / 209 0 196 255 / 0.81048580 0.83587640
				87.07666000 0.62158200 -3.41894500 / 1.00000000 0.00000000 0.00000000 / 208 0 196 255 / 0.81048580 0.74404910
				87.07666000 8.16601600 -3.41894500 / 1.00000000 0.00000000 0.00000000 / 198 0 187 255 / 0.83323670 0.74404910
				87.07666000 8.16601600 -3.41894500 / 1.00000000 0.00000000 0.00000000 / 198 0 187 255 / 0.83323670 0.74404910
				87.07666000 8.16601600 -4.62109400 / 1.00000000 0.00000000 0.00000000 / 198 0 187 255 / 0.83323670 0.83587640
				87.07666000 8.36669900 -4.62109400 / 1.00000000 0.00000000 0.00000000 / 198 0 187 255 / 0.81048580 0.83587640
				87.07666000 8.36669900 -4.62109400 / 1.00000000 0.00000000 0.00000000 / 198 0 187 255 / 0.81048580 0.83587640
				87.07666000 8.36669900 -3.41894500 / 1.00000000 0.00000000 0.00000000 / 198 0 187 255 / 0.81048580 0.74404910
				87.07666000 -4.92968800 -3.41894500 / 1.00000000 0.00000000 0.00000000 / 206 0 194 255 / 0.83323670 0.74404910
				87.07666000 -4.92968800 -3.41894500 / 1.00000000 0.00000000 0.00000000 / 206 0 194 255 / 0.83323670 0.74404910
				87.07666000 -4.92968800 -4.62109400 / 1.00000000 0.00000000 0.00000000 / 206 0 194 255 / 0.83323670 0.83587640
				87.07666000 -4.72949200 -4.62109400 / 1.00000000 0.00000000 0.00000000 / 206 0 194 255 / 0.81048580 0.83587640
				87.07666000 -4.72949200 -4.62109400 / 1.00000000 0.00000000 0.00000000 / 206 0 194 255 / 0.81048580 0.83587640
				87.07666000 -4.72949200 -3.41894500 / 1.00000000 0.00000000 0.00000000 / 207 0 194 255 / 0.81048580 0.74404910
				87.07666000 -3.94531300 -3.41894500 / 1.00000000 0.00000000 0.00000000 / 204 0 192 255 / 0.83323670 0.74404910
				87.07666000 -3.94531300 -3.41894500 / 1.00000000 0.00000000 0.00000000 / 204 0 192 255 / 0.83323670 0.74404910
				87.07666000 -3.94531300 -4.62109400 / 1.00000000 0.00000000 0.00000000 / 204 0 192 255 / 0.83323670 0.83587640
				87.07666000 -3.74511700 -4.62109400 / 1.00000000 0.00000000 0.00000000 / 204 0 192 255 / 0.81048580 0.83587640
				87.07666000 -3.74511700 -4.62109400 / 1.00000000 0.00000000 0.00000000 / 204 0 192 255 / 0.81048580 0.83587640
				87.07666000 -3.74511700 -3.41894500 / 1.00000000 0.00000000 0.00000000 / 204 0 192 255 / 0.81048580 0.74404910
				87.07666000 -8.68896500 -3.41894500 / 1.00000000 0.00000000 0.00000000 / 221 0 207 255 / 0.83323670 0.74404910
				87.07666000 -8.68896500 -3.41894500 / 1.00000000 0.00000000 0.00000000 / 221 0 207 255 / 0.83323670 0.74404910
				87.07666000 -8.68896500 -4.62109400 / 1.00000000 0.00000000 0.00000000 / 220 0 207 255 / 0.83323670 0.83587640
				87.07666000 -8.48876900 -4.62109400 / 1.00000000 0.00000000 0.00000000 / 221 0 207 255 / 0.81048580 0.83587640
				87.07666000 -8.48876900 -4.62109400 / 1.00000000 0.00000000 0.00000000 / 221 0 207 255 / 0.81048580 0.83587640
				87.07666000 -8.48876900 -3.41894500 / 1.00000000 0.00000000 0.00000000 / 221 0 208 255 / 0.81048580 0.74404910
				87.07666000 -0.94384770 -3.41894500 / 1.00000000 0.00000000 0.00000000 / 219 0 206 255 / 0.83323670 0.74404910
				87.07666000 -0.94384770 -3.41894500 / 1.00000000 0.00000000 0.00000000 / 219 0 206 255 / 0.83323670 0.74404910
				87.07666000 -0.94384770 -4.62109400 / 1.00000000 0.00000000 0.00000000 / 219 0 206 255 / 0.83323670 0.83587640
				87.07666000 -0.74365240 -4.62109400 / 1.00000000 0.00000000 0.00000000 / 219 0 206 255 / 0.81048580 0.83587640
				87.07666000 -0.74365240 -4.62109400 / 1.00000000 0.00000000 0.00000000 / 219 0 206 255 / 0.81048580 0.83587640
				87.07666000 -0.74365240 -3.41894500 / 1.00000000 0.00000000 0.00000000 / 220 0 206 255 / 0.81048580 0.74404910
				70.41602000 38.26855000 6.37451100 / 0.00000000 1.00000000 0.00000000 / 200 0 188 255 / 0.81570430 0.64494310
				70.41602000 38.26855000 6.37451100 / 0.00000000 1.00000000 0.00000000 / 200 0 188 255 / 0.81570430 0.64494310
				70.41602000 38.26855000 5.17236300 / 0.00000000 1.00000000 0.00000000 / 200 0 188 255 / 0.81570430 0.73878480
				70.21533000 38.26855000 5.17236300 / 0.00000000 1.00000000 0.00000000 / 200 0 188 255 / 0.79470820 0.73878480
				70.21533000 38.26855000 5.17236300 / 0.00000000 1.00000000 0.00000000 / 200 0 188 255 / 0.79470820 0.73878480
				70.21533000 38.26855000 6.37451100 / 0.00000000 1.00000000 0.00000000 / 200 0 188 255 / 0.79470820 0.64494310
				62.67090000 38.26855000 6.37451100 / 0.00000000 1.00000000 0.00000000 / 199 0 188 255 / 0.80624390 0.64494310
				62.67090000 38.26855000 6.37451100 / 0.00000000 1.00000000 0.00000000 / 199 0 188 255 / 0.80624390 0.64494310
				62.67090000 38.26855000 5.17236300 / 0.00000000 1.00000000 0.00000000 / 199 0 188 255 / 0.80624390 0.73878480
				62.47022000 38.26855000 5.17236300 / 0.00000000 1.00000000 0.00000000 / 199 0 188 255 / 0.78524780 0.73878480
				62.47022000 38.26855000 5.17236300 / 0.00000000 1.00000000 0.00000000 / 199 0 188 255 / 0.78524780 0.73878480
				62.47022000 38.26855000 6.37451100 / 0.00000000 1.00000000 0.00000000 / 199 0 188 255 / 0.78524780 0.64494310
				79.53320000 38.26807000 6.37451100 / 0.00000000 1.00000000 0.00000000 / 205 0 193 255 / 0.90055850 0.64494310
				79.53320000 38.26807000 6.37451100 / 0.00000000 1.00000000 0.00000000 / 205 0 193 255 / 0.90055850 0.64494310
				79.53320000 38.26807000 5.17236300 / 0.00000000 1.00000000 0.00000000 / 205 0 192 255 / 0.90055850 0.73878480
				79.33301000 38.26807000 5.17236300 / 0.00000000 1.00000000 0.00000000 / 205 0 193 255 / 0.87956240 0.73878480
				79.33301000 38.26807000 5.17236300 / 0.00000000 1.00000000 0.00000000 / 205 0 193 255 / 0.87956240 0.73878480
				79.33301000 38.26807000 6.37451100 / 0.00000000 1.00000000 0.00000000 / 205 0 193 255 / 0.87956240 0.64494310
				71.78856000 38.26807000 6.37451100 / 0.00000000 1.00000000 0.00000000 / 200 0 188 255 / 0.88127140 0.64494310
				71.78856000 38.26807000 6.37451100 / 0.00000000 1.00000000 0.00000000 / 200 0 188 255 / 0.88127140 0.64494310
				71.78808000 38.26807000 5.17236300 / 0.00000000 1.00000000 0.00000000 / 200 0 188 255 / 0.88127140 0.73878480
				71.58789000 38.26807000 5.17236300 / 0.00000000 1.00000000 0.00000000 / 200 0 188 255 / 0.86027540 0.73878480
				71.58789000 38.26807000 5.17236300 / 0.00000000 1.00000000 0.00000000 / 200 0 188 255 / 0.86027540 0.73878480
				71.58789000 38.26807000 6.37451100 / 0.00000000 1.00000000 0.00000000 / 200 0 188 255 / 0.86027540 0.64494310
				66.65625000 -16.23193000 6.37451100 / 0.00000000 -1.00000000 0.00000000 / 53 0 53 255 / 0.87635800 0.64494310
				66.65625000 -16.23193000 6.37451100 / 0.00000000 -1.00000000 0.00000000 / 53 0 53 255 / 0.87635800 0.64494310
				66.45606000 -16.23193000 6.37451100 / 0.00000000 -1.00000000 0.00000000 / 53 0 53 255 / 0.85536190 0.64494310
				66.45606000 -16.23193000 5.17236300 / 0.00000000 -1.00000000 0.00000000 / 53 0 53 255 / 0.85536190 0.73878480
				66.45606000 -16.23193000 5.17236300 / 0.00000000 -1.00000000 0.00000000 / 53 0 53 255 / 0.85536190 0.73878480
				66.65625000 -16.23193000 5.17236300 / 0.00000000 -1.00000000 0.00000000 / 53 0 53 255 / 0.87635800 0.73878480
				65.67188000 -16.23193000 6.37451100 / 0.00000000 -1.00000000 0.00000000 / 50 0 50 255 / 0.86935420 0.64494310
				65.67188000 -16.23193000 6.37451100 / 0.00000000 -1.00000000 0.00000000 / 50 0 50 255 / 0.86935420 0.64494310
				65.47168000 -16.23193000 6.37451100 / 0.00000000 -1.00000000 0.00000000 / 50 0 50 255 / 0.84835820 0.64494310
				65.47168000 -16.23193000 5.17236300 / 0.00000000 -1.00000000 0.00000000 / 50 0 50 255 / 0.84835820 0.73878480
				65.47168000 -16.23193000 5.17236300 / 0.00000000 -1.00000000 0.00000000 / 50 0 50 255 / 0.84835820 0.73878480
				65.67188000 -16.23193000 5.17236300 / 0.00000000 -1.00000000 0.00000000 / 50 0 50 255 / 0.86935420 0.73878480
				70.41602000 -16.23193000 6.37451100 / 0.00000000 -1.00000000 0.00000000 / 211 0 199 255 / 0.80484010 0.64494310
				70.41602000 -16.23193000 6.37451100 / 0.00000000 -1.00000000 0.00000000 / 211 0 199 255 / 0.80484010 0.64494310
				70.21533000 -16.23193000 6.37451100 / 0.00000000 -1.00000000 0.00000000 / 211 0 199 255 / 0.78384400 0.64494310
				70.21533000 -16.23193000 5.17236300 / 0.00000000 -1.00000000 0.00000000 / 211 0 199 255 / 0.78384400 0.73878480
				70.21533000 -16.23193000 5.17236300 / 0.00000000 -1.00000000 0.00000000 / 211 0 199 255 / 0.78384400 0.73878480
				70.41602000 -16.23193000 5.17236300 / 0.00000000 -1.00000000 0.00000000 / 211 0 199 255 / 0.80484010 0.73878480
				62.67090000 -16.23193000 6.37451100 / 0.00000000 -1.00000000 0.00000000 / 240 0 225 255 / 0.77433780 0.64494310
				62.67090000 -16.23193000 6.37451100 / 0.00000000 -1.00000000 0.00000000 / 240 0 225 255 / 0.77433780 0.64494310
				62.47022000 -16.23193000 6.37451100 / 0.00000000 -1.00000000 0.00000000 / 240 0 225 255 / 0.75334170 0.64494310
				62.47022000 -16.23193000 5.17236300 / 0.00000000 -1.00000000 0.00000000 / 240 0 225 255 / 0.75334170 0.73878480
				62.47022000 -16.23193000 5.17236300 / 0.00000000 -1.00000000 0.00000000 / 240 0 225 255 / 0.75334170 0.73878480
				62.67090000 -16.23193000 5.17236300 / 0.00000000 -1.00000000 0.00000000 / 240 0 225 255 / 0.77433780 0.73878480
				75.77392000 -16.23193000 6.37451100 / 0.00000000 -1.00000000 0.00000000 / 57 0 56 255 / 0.77433780 0.64494310
				75.77392000 -16.23193000 6.37451100 / 0.00000000 -1.00000000 0.00000000 / 57 0 56 255 / 0.77433780 0.64494310
				75.57373000 -16.23193000 6.37451100 / 0.00000000 -1.00000000 0.00000000 / 57 0 56 255 / 0.75334170 0.64494310
				75.57373000 -16.23193000 5.17236300 / 0.00000000 -1.00000000 0.00000000 / 57 0 56 255 / 0.75334170 0.73878480
				75.57373000 -16.23193000 5.17236300 / 0.00000000 -1.00000000 0.00000000 / 57 0 56 255 / 0.75334170 0.73878480
				75.77392000 -16.23193000 5.17236300 / 0.00000000 -1.00000000 0.00000000 / 57 0 56 255 / 0.77433780 0.73878480
				74.78955000 -16.23193000 6.37451100 / 0.00000000 -1.00000000 0.00000000 / 50 0 50 255 / 0.77433780 0.64494310
				74.78955000 -16.23193000 6.37451100 / 0.00000000 -1.00000000 0.00000000 / 50 0 50 255 / 0.77433780 0.64494310
				74.58936000 -16.23193000 6.37451100 / 0.00000000 -1.00000000 0.00000000 / 50 0 50 255 / 0.75334170 0.64494310
				74.58936000 -16.23193000 5.17236300 / 0.00000000 -1.00000000 0.00000000 / 50 0 50 255 / 0.75334170 0.73878480
				74.58936000 -16.23193000 5.17236300 / 0.00000000 -1.00000000 0.00000000 / 50 0 50 255 / 0.75334170 0.73878480
				74.78955000 -16.23193000 5.17236300 / 0.00000000 -1.00000000 0.00000000 / 50 0 50 255 / 0.77433780 0.73878480
				79.53320000 -16.23193000 6.37451100 / 0.00000000 -1.00000000 0.00000000 / 231 0 217 255 / 0.87390140 0.64494310
				79.53320000 -16.23193000 6.37451100 / 0.00000000 -1.00000000 0.00000000 / 231 0 217 255 / 0.87390140 0.64494310
				79.33301000 -16.23193000 6.37451100 / 0.00000000 -1.00000000 0.00000000 / 231 0 217 255 / 0.85290530 0.64494310
				79.33301000 -16.23193000 5.17236300 / 0.00000000 -1.00000000 0.00000000 / 231 0 217 255 / 0.85290530 0.73878480
				79.33301000 -16.23193000 5.17236300 / 0.00000000 -1.00000000 0.00000000 / 231 0 217 255 / 0.85290530 0.73878480
				79.53320000 -16.23193000 5.17236300 / 0.00000000 -1.00000000 0.00000000 / 231 0 217 255 / 0.87390140 0.73878480
				71.78856000 -16.23193000 6.37451100 / 0.00000000 -1.00000000 0.00000000 / 216 0 203 255 / 0.89564510 0.64494310
				71.78856000 -16.23193000 6.37451100 / 0.00000000 -1.00000000 0.00000000 / 216 0 203 255 / 0.89564510 0.64494310
				71.58789000 -16.23193000 6.37451100 / 0.00000000 -1.00000000 0.00000000 / 216 0 203 255 / 0.87464910 0.64494310
				71.58789000 -16.23193000 5.17236300 / 0.00000000 -1.00000000 0.00000000 / 216 0 203 255 / 0.87464910 0.73878480
				71.58789000 -16.23193000 5.17236300 / 0.00000000 -1.00000000 0.00000000 / 216 0 203 255 / 0.87464910 0.73878480
				71.78856000 -16.23193000 5.17236300 / 0.00000000 -1.00000000 0.00000000 / 216 0 203 255 / 0.89564510 0.73878480
				54.90283000 22.75537000 6.37451100 / -1.00000000 0.00000000 0.00000000 / 199 0 188 255 / 0.77433780 0.64494310
				54.90283000 22.75537000 6.37451100 / -1.00000000 0.00000000 0.00000000 / 199 0 188 255 / 0.77433780 0.64494310
				54.90283000 22.95557000 6.37451100 / -1.00000000 0.00000000 0.00000000 / 199 0 188 255 / 0.75334170 0.64494310
				54.90283000 22.95557000 5.17236300 / -1.00000000 0.00000000 0.00000000 / 199 0 188 255 / 0.75334170 0.73878480
				54.90283000 22.95557000 5.17236300 / -1.00000000 0.00000000 0.00000000 / 199 0 188 255 / 0.75334170 0.73878480
				54.90283000 22.75537000 5.17236300 / -1.00000000 0.00000000 0.00000000 / 199 0 187 255 / 0.77433780 0.73878480
				54.90283000 17.40478000 6.37451100 / -1.00000000 0.00000000 0.00000000 / 195 0 183 255 / 0.84620680 0.64494310
				54.90283000 17.40478000 6.37451100 / -1.00000000 0.00000000 0.00000000 / 195 0 183 255 / 0.84620680 0.64494310
				54.90283000 17.60498000 6.37451100 / -1.00000000 0.00000000 0.00000000 / 195 0 183 255 / 0.82521060 0.64494310
				54.90283000 17.60498000 5.17236300 / -1.00000000 0.00000000 0.00000000 / 195 0 183 255 / 0.82521060 0.73878480
				54.90283000 17.60498000 5.17236300 / -1.00000000 0.00000000 0.00000000 / 195 0 183 255 / 0.82521060 0.73878480
				54.90283000 17.40478000 5.17236300 / -1.00000000 0.00000000 0.00000000 / 195 0 183 255 / 0.84620680 0.73878480
				54.90283000 18.38916000 6.37451100 / -1.00000000 0.00000000 0.00000000 / 194 0 182 255 / 0.77433780 0.64494310
				54.90283000 18.38916000 6.37451100 / -1.00000000 0.00000000 0.00000000 / 194 0 182 255 / 0.77433780 0.64494310
				54.90283000 18.58936000 6.37451100 / -1.00000000 0.00000000 0.00000000 / 193 0 182 255 / 0.75334170 0.64494310
				54.90283000 18.58936000 5.17236300 / -1.00000000 0.00000000 0.00000000 / 194 0 182 255 / 0.75334170 0.73878480
				54.90283000 18.58936000 5.17236300 / -1.00000000 0.00000000 0.00000000 / 194 0 182 255 / 0.75334170 0.73878480
				54.90283000 18.38916000 5.17236300 / -1.00000000 0.00000000 0.00000000 / 194 0 182 255 / 0.77433780 0.73878480
				54.90283000 13.64551000 6.37451100 / -1.00000000 0.00000000 0.00000000 / 190 0 179 255 / 0.77433780 0.64494310
				54.90283000 13.64551000 6.37451100 / -1.00000000 0.00000000 0.00000000 / 190 0 179 255 / 0.77433780 0.64494310
				54.90283000 13.84570000 6.37451100 / -1.00000000 0.00000000 0.00000000 / 190 0 179 255 / 0.75334170 0.64494310
				54.90283000 13.84570000 5.17236300 / -1.00000000 0.00000000 0.00000000 / 190 0 179 255 / 0.75334170 0.73878480
				54.90283000 13.84570000 5.17236300 / -1.00000000 0.00000000 0.00000000 / 190 0 179 255 / 0.75334170 0.73878480
				54.90283000 13.64551000 5.17236300 / -1.00000000 0.00000000 0.00000000 / 190 0 179 255 / 0.77433780 0.73878480
				54.90283000 21.39062000 6.37451100 / -1.00000000 0.00000000 0.00000000 / 197 0 186 255 / 0.84620680 0.64494310
				54.90283000 21.39062000 6.37451100 / -1.00000000 0.00000000 0.00000000 / 197 0 186 255 / 0.84620680 0.64494310
				54.90283000 21.59082000 6.37451100 / -1.00000000 0.00000000 0.00000000 / 197 0 186 255 / 0.82521060 0.64494310
				54.90283000 21.59082000 5.17236300 / -1.00000000 0.00000000 0.00000000 / 197 0 186 255 / 0.82521060 0.73878480
				54.90283000 21.59082000 5.17236300 / -1.00000000 0.00000000 0.00000000 / 197 0 186 255 / 0.82521060 0.73878480
				54.90283000 21.39062000 5.17236300 / -1.00000000 0.00000000 0.00000000 / 197 0 186 255 / 0.84620680 0.73878480
				54.90283000 4.18066400 6.37451100 / -1.00000000 0.00000000 0.00000000 / 199 0 187 255 / 0.80763250 0.64494310
				54.90283000 4.18066400 6.37451100 / -1.00000000 0.00000000 0.00000000 / 199 0 187 255 / 0.80763250 0.64494310
				54.90283000 4.38085900 6.37451100 / -1.00000000 0.00000000 0.00000000 / 199 0 187 255 / 0.78665160 0.64494310
				54.90283000 4.38085900 5.17236300 / -1.00000000 0.00000000 0.00000000 / 199 0 187 255 / 0.78665160 0.73878480
				54.90283000 4.38085900 5.17236300 / -1.00000000 0.00000000 0.00000000 / 199 0 187 255 / 0.78665160 0.73878480
				54.90283000 4.18066400 5.17236300 / -1.00000000 0.00000000 0.00000000 / 198 0 187 255 / 0.80763250 0.73878480
				54.90283000 5.16503900 6.37451100 / -1.00000000 0.00000000 0.00000000 / 194 0 183 255 / 0.77433780 0.64494310
				54.90283000 5.16503900 6.37451100 / -1.00000000 0.00000000 0.00000000 / 194 0 183 255 / 0.77433780 0.64494310
				54.90283000 5.36523400 6.37451100 / -1.00000000 0.00000000 0.00000000 / 194 0 182 255 / 0.75334170 0.64494310
				54.90283000 5.36523400 5.17236300 / -1.00000000 0.00000000 0.00000000 / 194 0 183 255 / 0.75334170 0.73878480
				54.90283000 5.36523400 5.17236300 / -1.00000000 0.00000000 0.00000000 / 194 0 183 255 / 0.75334170 0.73878480
				54.90283000 5.16503900 5.17236300 / -1.00000000 0.00000000 0.00000000 / 194 0 183 255 / 0.77433780 0.73878480
				54.90283000 0.42138670 6.37451100 / -1.00000000 0.00000000 0.00000000 / 184 0 173 255 / 0.77433780 0.64494310
				54.90283000 0.42138670 6.37451100 / -1.00000000 0.00000000 0.00000000 / 184 0 173 255 / 0.77433780 0.64494310
				54.90283000 0.62158200 6.37451100 / -1.00000000 0.00000000 0.00000000 / 184 0 173 255 / 0.75334170 0.64494310
				54.90283000 0.62158200 5.17236300 / -1.00000000 0.00000000 0.00000000 / 184 0 173 255 / 0.75334170 0.73878480
				54.90283000 0.62158200 5.17236300 / -1.00000000 0.00000000 0.00000000 / 184 0 173 255 / 0.75334170 0.73878480
				54.90283000 0.42138670 5.17236300 / -1.00000000 0.00000000 0.00000000 / 184 0 173 255 / 0.77433780 0.73878480
				54.90283000 8.16650400 6.37451100 / -1.00000000 0.00000000 0.00000000 / 198 0 186 255 / 0.77433780 0.64494310
				54.90283000 8.16650400 6.37451100 / -1.00000000 0.00000000 0.00000000 / 198 0 186 255 / 0.77433780 0.64494310
				54.90283000 8.36669900 6.37451100 / -1.00000000 0.00000000 0.00000000 / 198 0 186 255 / 0.75334170 0.64494310
				54.90283000 8.36669900 5.17236300 / -1.00000000 0.00000000 0.00000000 / 198 0 186 255 / 0.75334170 0.73878480
				54.90283000 8.36669900 5.17236300 / -1.00000000 0.00000000 0.00000000 / 198 0 186 255 / 0.75334170 0.73878480
				54.90283000 8.16650400 5.17236300 / -1.00000000 0.00000000 0.00000000 / 198 0 187 255 / 0.77433780 0.73878480
				54.90283000 -4.92968800 6.37451100 / -1.00000000 0.00000000 0.00000000 / 197 0 185 255 / 0.80763250 0.64494310
				54.90283000 -4.92968800 6.37451100 / -1.00000000 0.00000000 0.00000000 / 197 0 185 255 / 0.80763250 0.64494310
				54.90283000 -4.72900400 6.37451100 / -1.00000000 0.00000000 0.00000000 / 197 0 185 255 / 0.78665160 0.64494310
				54.90283000 -4.72900400 5.17236300 / -1.00000000 0.00000000 0.00000000 / 197 0 185 255 / 0.78665160 0.73878480
				54.90283000 -4.72900400 5.17236300 / -1.00000000 0.00000000 0.00000000 / 197 0 185 255 / 0.78665160 0.73878480
				54.90283000 -4.92968800 5.17236300 / -1.00000000 0.00000000 0.00000000 / 197 0 185 255 / 0.80763250 0.73878480
				54.90283000 -3.94531300 6.37451100 / -1.00000000 0.00000000 0.00000000 / 202 0 190 255 / 0.77433780 0.64494310
				54.90283000 -3.94531300 6.37451100 / -1.00000000 0.00000000 0.00000000 / 202 0 190 255 / 0.77433780 0.64494310
				54.90283000 -3.74462900 6.37451100 / -1.00000000 0.00000000 0.00000000 / 203 0 191 255 / 0.75334170 0.64494310
				54.90283000 -3.74462900 5.17236300 / -1.00000000 0.00000000 0.00000000 / 202 0 190 255 / 0.75334170 0.73878480
				54.90283000 -3.74462900 5.17236300 / -1.00000000 0.00000000 0.00000000 / 202 0 190 255 / 0.75334170 0.73878480
				54.90283000 -3.94482400 5.17236300 / -1.00000000 0.00000000 0.00000000 / 201 0 189 255 / 0.77433780 0.73878480
				54.90283000 -8.68896500 6.37451100 / -1.00000000 0.00000000 0.00000000 / 205 0 193 255 / 0.77433780 0.64494310
				54.90283000 -8.68896500 6.37451100 / -1.00000000 0.00000000 0.00000000 / 205 0 193 255 / 0.77433780 0.64494310
				54.90283000 -8.48876900 6.37451100 / -1.00000000 0.00000000 0.00000000 / 205 0 193 255 / 0.75334170 0.64494310
				54.90283000 -8.48828100 5.17236300 / -1.00000000 0.00000000 0.00000000 / 205 0 193 255 / 0.75334170 0.73878480
				54.90283000 -8.48828100 5.17236300 / -1.00000000 0.00000000 0.00000000 / 205 0 193 255 / 0.75334170 0.73878480
				54.90283000 -8.68896500 5.17236300 / -1.00000000 0.00000000 0.00000000 / 204 0 192 255 / 0.77433780 0.73878480
				54.90283000 -0.94384770 6.37451100 / -1.00000000 0.00000000 0.00000000 / 204 0 192 255 / 0.80763250 0.64494310
				54.90283000 -0.94384770 6.37451100 / -1.00000000 0.00000000 0.00000000 / 204 0 192 255 / 0.80763250 0.64494310
				54.90283000 -0.74365240 6.37451100 / -1.00000000 0.00000000 0.00000000 / 205 0 192 255 / 0.78665160 0.64494310
				54.90283000 -0.74365240 5.17236300 / -1.00000000 0.00000000 0.00000000 / 204 0 192 255 / 0.78665160 0.73878480
				54.90283000 -0.74365240 5.17236300 / -1.00000000 0.00000000 0.00000000 / 204 0 192 255 / 0.78665160 0.73878480
				54.90283000 -0.94384770 5.17236300 / -1.00000000 0.00000000 0.00000000 / 204 0 192 255 / 0.80763250 0.73878480
				73.12989000 26.51465000 6.37255800 / -1.00000000 0.00000000 0.00000000 / 152 0 144 255 / 0.77433780 0.64494310
				73.12989000 26.51465000 6.37255800 / -1.00000000 0.00000000 0.00000000 / 152 0 144 255 / 0.77433780 0.64494310
				73.12989000 26.71484000 6.37255800 / -1.00000000 0.00000000 0.00000000 / 152 0 144 255 / 0.75334170 0.64494310
				73.12989000 26.71484000 5.16992200 / -1.00000000 0.00000000 0.00000000 / 152 0 144 255 / 0.75334170 0.73878480
				73.12989000 26.71484000 5.16992200 / -1.00000000 0.00000000 0.00000000 / 152 0 144 255 / 0.75334170 0.73878480
				73.12989000 26.51465000 5.16992200 / -1.00000000 0.00000000 0.00000000 / 152 0 144 255 / 0.77433780 0.73878480
				73.12989000 27.49902000 6.37255800 / -1.00000000 0.00000000 0.00000000 / 149 0 141 255 / 0.77433780 0.64494310
				73.12989000 27.49902000 6.37255800 / -1.00000000 0.00000000 0.00000000 / 149 0 141 255 / 0.77433780 0.64494310
				73.12989000 27.69922000 6.37255800 / -1.00000000 0.00000000 0.00000000 / 149 0 141 255 / 0.75334170 0.64494310
				73.12989000 27.69922000 5.16992200 / -1.00000000 0.00000000 0.00000000 / 149 0 141 255 / 0.75334170 0.73878480
				73.12989000 27.69922000 5.16992200 / -1.00000000 0.00000000 0.00000000 / 149 0 141 255 / 0.75334170 0.73878480
				73.12989000 27.49902000 5.16992200 / -1.00000000 0.00000000 0.00000000 / 149 0 141 255 / 0.77433780 0.73878480
				73.12989000 22.75488000 6.37255800 / -1.00000000 0.00000000 0.00000000 / 162 0 153 255 / 0.77433780 0.64494310
				73.12989000 22.75488000 6.37255800 / -1.00000000 0.00000000 0.00000000 / 162 0 153 255 / 0.77433780 0.64494310
				73.12989000 22.95557000 6.37255800 / -1.00000000 0.00000000 0.00000000 / 162 0 153 255 / 0.75334170 0.64494310
				73.12989000 22.95557000 5.16992200 / -1.00000000 0.00000000 0.00000000 / 162 0 153 255 / 0.75334170 0.73878480
				73.12989000 22.95557000 5.16992200 / -1.00000000 0.00000000 0.00000000 / 162 0 153 255 / 0.75334170 0.73878480
				73.12989000 22.75537000 5.17041000 / -1.00000000 0.00000000 0.00000000 / 162 0 153 255 / 0.77433780 0.73878480
				73.12989000 30.50000000 6.37255800 / -1.00000000 0.00000000 0.00000000 / 138 0 131 255 / 0.77433780 0.64494310
				73.12989000 30.50000000 6.37255800 / -1.00000000 0.00000000 0.00000000 / 138 0 131 255 / 0.77433780 0.64494310
				73.12989000 30.70068000 6.37255800 / -1.00000000 0.00000000 0.00000000 / 138 0 131 255 / 0.75334170 0.64494310
				73.12989000 30.70068000 5.17041000 / -1.00000000 0.00000000 0.00000000 / 138 0 131 255 / 0.75334170 0.73878480
				73.12989000 30.70068000 5.17041000 / -1.00000000 0.00000000 0.00000000 / 138 0 131 255 / 0.75334170 0.73878480
				73.12989000 30.50000000 5.16992200 / -1.00000000 0.00000000 0.00000000 / 138 0 131 255 / 0.77433780 0.73878480
				73.12989000 17.40430000 6.37255800 / -1.00000000 0.00000000 0.00000000 / 165 0 156 255 / 0.77433780 0.64494310
				73.12989000 17.40430000 6.37255800 / -1.00000000 0.00000000 0.00000000 / 165 0 156 255 / 0.77433780 0.64494310
				73.12989000 17.60498000 6.37255800 / -1.00000000 0.00000000 0.00000000 / 165 0 156 255 / 0.75334170 0.64494310
				73.12989000 17.60498000 5.17041000 / -1.00000000 0.00000000 0.00000000 / 165 0 156 255 / 0.75334170 0.73878480
				73.12989000 17.60498000 5.17041000 / -1.00000000 0.00000000 0.00000000 / 165 0 156 255 / 0.75334170 0.73878480
				73.12989000 17.40430000 5.16992200 / -1.00000000 0.00000000 0.00000000 / 165 0 156 255 / 0.77433780 0.73878480
				73.12989000 18.38916000 6.37255800 / -1.00000000 0.00000000 0.00000000 / 147 0 140 255 / 0.77433780 0.64494310
				73.12989000 18.38916000 6.37255800 / -1.00000000 0.00000000 0.00000000 / 147 0 140 255 / 0.77433780 0.64494310
				73.12989000 18.58936000 6.37255800 / -1.00000000 0.00000000 0.00000000 / 147 0 140 255 / 0.75334170 0.64494310
				73.12989000 18.58936000 5.17041000 / -1.00000000 0.00000000 0.00000000 / 147 0 140 255 / 0.75334170 0.73878480
				73.12989000 18.58936000 5.17041000 / -1.00000000 0.00000000 0.00000000 / 147 0 140 255 / 0.75334170 0.73878480
				73.12989000 18.38916000 5.17041000 / -1.00000000 0.00000000 0.00000000 / 147 0 140 255 / 0.77433780 0.73878480
				73.12989000 13.64502000 6.37255800 / -1.00000000 0.00000000 0.00000000 / 180 0 170 255 / 0.77433780 0.64494310
				73.12989000 13.64502000 6.37255800 / -1.00000000 0.00000000 0.00000000 / 180 0 170 255 / 0.77433780 0.64494310
				73.12989000 13.84570000 6.37255800 / -1.00000000 0.00000000 0.00000000 / 181 0 170 255 / 0.75334170 0.64494310
				73.12989000 13.84570000 5.16992200 / -1.00000000 0.00000000 0.00000000 / 180 0 170 255 / 0.75334170 0.73878480
				73.12989000 13.84570000 5.16992200 / -1.00000000 0.00000000 0.00000000 / 180 0 170 255 / 0.75334170 0.73878480
				73.12989000 13.64502000 5.16992200 / -1.00000000 0.00000000 0.00000000 / 180 0 170 255 / 0.77433780 0.73878480
				73.12989000 21.39014000 6.37255800 / -1.00000000 0.00000000 0.00000000 / 157 0 148 255 / 0.77433780 0.64494310
				73.12989000 21.39014000 6.37255800 / -1.00000000 0.00000000 0.00000000 / 157 0 148 255 / 0.77433780 0.64494310
				73.12989000 21.59033000 6.37255800 / -1.00000000 0.00000000 0.00000000 / 157 0 148 255 / 0.75334170 0.64494310
				73.12989000 21.59033000 5.16992200 / -1.00000000 0.00000000 0.00000000 / 157 0 148 255 / 0.75334170 0.73878480
				73.12989000 21.59033000 5.16992200 / -1.00000000 0.00000000 0.00000000 / 157 0 148 255 / 0.75334170 0.73878480
				73.12989000 21.39014000 5.16992200 / -1.00000000 0.00000000 0.00000000 / 157 0 148 255 / 0.77433780 0.73878480
				73.12989000 4.18017600 6.37255800 / -1.00000000 0.00000000 0.00000000 / 156 0 147 255 / 0.77433780 0.64494310
				73.12989000 4.18017600 6.37255800 / -1.00000000 0.00000000 0.00000000 / 156 0 147 255 / 0.77433780 0.64494310
				73.12989000 4.38085900 6.37255800 / -1.00000000 0.00000000 0.00000000 / 156 0 147 255 / 0.75334170 0.64494310
				73.12989000 4.38085900 5.17041000 / -1.00000000 0.00000000 0.00000000 / 156 0 147 255 / 0.75334170 0.73878480
				73.12989000 4.38085900 5.17041000 / -1.00000000 0.00000000 0.00000000 / 156 0 147 255 / 0.75334170 0.73878480
				73.12989000 4.18017600 5.17041000 / -1.00000000 0.00000000 0.00000000 / 156 0 147 255 / 0.77433780 0.73878480
				73.12989000 5.16503900 6.37255800 / -1.00000000 0.00000000 0.00000000 / 145 0 137 255 / 0.77433780 0.64494310
				73.12989000 5.16503900 6.37255800 / -1.00000000 0.00000000 0.00000000 / 145 0 137 255 / 0.77433780 0.64494310
				73.12989000 5.36523400 6.37255800 / -1.00000000 0.00000000 0.00000000 / 145 0 137 255 / 0.75334170 0.64494310
				73.12989000 5.36523400 5.17041000 / -1.00000000 0.00000000 0.00000000 / 145 0 137 255 / 0.75334170 0.73878480
				73.12989000 5.36523400 5.17041000 / -1.00000000 0.00000000 0.00000000 / 145 0 137 255 / 0.75334170 0.73878480
				73.12989000 5.16503900 5.17041000 / -1.00000000 0.00000000 0.00000000 / 145 0 137 255 / 0.77433780 0.73878480
				73.12989000 0.42089840 6.37255800 / -1.00000000 0.00000000 0.00000000 / 160 0 151 255 / 0.77433780 0.64494310
				73.12989000 0.42089840 6.37255800 / -1.00000000 0.00000000 0.00000000 / 160 0 151 255 / 0.77433780 0.64494310
				73.12989000 0.62158200 6.37255800 / -1.00000000 0.00000000 0.00000000 / 160 0 151 255 / 0.75334170 0.64494310
				73.12989000 0.62158200 5.17041000 / -1.00000000 0.00000000 0.00000000 / 160 0 151 255 / 0.75334170 0.73878480
				73.12989000 0.62158200 5.17041000 / -1.00000000 0.00000000 0.00000000 / 160 0 151 255 / 0.75334170 0.73878480
				73.12989000 0.42089840 5.16992200 / -1.00000000 0.00000000 0.00000000 / 159 0 151 255 / 0.77433780 0.73878480
				73.12989000 8.16601600 6.37255800 / -1.00000000 0.00000000 0.00000000 / 170 0 160 255 / 0.77433780 0.64494310
				73.12989000 8.16601600 6.37255800 / -1.00000000 0.00000000 0.00000000 / 170 0 160 255 / 0.77433780 0.64494310
				73.12989000 8.36669900 6.37255800 / -1.00000000 0.00000000 0.00000000 / 169 0 160 255 / 0.75334170 0.64494310
				73.12989000 8.36669900 5.17041000 / -1.00000000 0.00000000 0.00000000 / 170 0 160 255 / 0.75334170 0.73878480
				73.12989000 8.36669900 5.17041000 / -1.00000000 0.00000000 0.00000000 / 170 0 160 255 / 0.75334170 0.73878480
				73.12989000 8.16601600 5.16992200 / -1.00000000 0.00000000 0.00000000 / 170 0 161 255 / 0.77433780 0.73878480
				73.12989000 -4.92968800 6.37255800 / -1.00000000 0.00000000 0.00000000 / 161 0 152 255 / 0.77433780 0.64494310
				73.12989000 -4.92968800 6.37255800 / -1.00000000 0.00000000 0.00000000 / 161 0 152 255 / 0.77433780 0.64494310
				73.12989000 -4.72949200 6.37255800 / -1.00000000 0.00000000 0.00000000 / 161 0 152 255 / 0.75334170 0.64494310
				73.12989000 -4.72949200 5.17041000 / -1.00000000 0.00000000 0.00000000 / 161 0 152 255 / 0.75334170 0.73878480
				73.12989000 -4.72949200 5.17041000 / -1.00000000 0.00000000 0.00000000 / 161 0 152 255 / 0.75334170 0.73878480
				73.12989000 -4.92968800 5.17041000 / -1.00000000 0.00000000 0.00000000 / 161 0 152 255 / 0.77433780 0.73878480
				73.12989000 -3.94531300 6.37255800 / -1.00000000 0.00000000 0.00000000 / 152 0 144 255 / 0.77433780 0.64494310
				73.12989000 -3.94531300 6.37255800 / -1.00000000 0.00000000 0.00000000 / 152 0 144 255 / 0.77433780 0.64494310
				73.12989000 -3.74511700 6.37255800 / -1.00000000 0.00000000 0.00000000 / 153 0 145 255 / 0.75334170 0.64494310
				73.12989000 -3.74511700 5.17041000 / -1.00000000 0.00000000 0.00000000 / 152 0 144 255 / 0.75334170 0.73878480
				73.12989000 -3.74511700 5.17041000 / -1.00000000 0.00000000 0.00000000 / 152 0 144 255 / 0.75334170 0.73878480
				73.12989000 -3.94531300 5.16992200 / -1.00000000 0.00000000 0.00000000 / 151 0 143 255 / 0.77433780 0.73878480
				73.12989000 -8.68896500 6.37255800 / -1.00000000 0.00000000 0.00000000 / 138 0 131 255 / 0.77433780 0.64494310
				73.12989000 -8.68896500 6.37255800 / -1.00000000 0.00000000 0.00000000 / 138 0 131 255 / 0.77433780 0.64494310
				73.12989000 -8.48876900 6.37255800 / -1.00000000 0.00000000 0.00000000 / 138 0 132 255 / 0.75334170 0.64494310
				73.12989000 -8.48876900 5.16992200 / -1.00000000 0.00000000 0.00000000 / 138 0 131 255 / 0.75334170 0.73878480
				73.12989000 -8.48876900 5.16992200 / -1.00000000 0.00000000 0.00000000 / 138 0 131 255 / 0.75334170 0.73878480
				73.12989000 -8.68896500 5.16992200 / -1.00000000 0.00000000 0.00000000 / 138 0 131 255 / 0.77433780 0.73878480
				73.12989000 -0.94384770 6.37255800 / -1.00000000 0.00000000 0.00000000 / 161 0 152 255 / 0.77433780 0.64494310
				73.12989000 -0.94384770 6.37255800 / -1.00000000 0.00000000 0.00000000 / 161 0 152 255 / 0.77433780 0.64494310
				73.12989000 -0.74365240 6.37255800 / -1.00000000 0.00000000 0.00000000 / 161 0 152 255 / 0.75334170 0.64494310
				73.12989000 -0.74365240 5.16992200 / -1.00000000 0.00000000 0.00000000 / 161 0 152 255 / 0.75334170 0.73878480
				73.12989000 -0.74365240 5.16992200 / -1.00000000 0.00000000 0.00000000 / 161 0 152 255 / 0.75334170 0.73878480
				73.12989000 -0.94384770 5.16992200 / -1.00000000 0.00000000 0.00000000 / 160 0 152 255 / 0.77433780 0.73878480
				68.84961000 26.51465000 6.37255800 / 1.00000000 0.00000000 0.00000000 / 177 0 167 255 / 0.77433780 0.64494310
				68.84961000 26.51465000 6.37255800 / 1.00000000 0.00000000 0.00000000 / 177 0 167 255 / 0.77433780 0.64494310
				68.84961000 26.51465000 5.16992200 / 1.00000000 0.00000000 0.00000000 / 177 0 167 255 / 0.77433780 0.73878480
				68.84961000 26.71484000 5.16992200 / 1.00000000 0.00000000 0.00000000 / 177 0 167 255 / 0.75334170 0.73878480
				68.84961000 26.71484000 5.16992200 / 1.00000000 0.00000000 0.00000000 / 177 0 167 255 / 0.75334170 0.73878480
				68.84961000 26.71484000 6.37255800 / 1.00000000 0.00000000 0.00000000 / 177 0 167 255 / 0.75334170 0.64494310
				68.84961000 27.49902000 6.37255800 / 1.00000000 0.00000000 0.00000000 / 149 0 141 255 / 0.77433780 0.64494310
				68.84961000 27.49902000 6.37255800 / 1.00000000 0.00000000 0.00000000 / 149 0 141 255 / 0.77433780 0.64494310
				68.84961000 27.49902000 5.16992200 / 1.00000000 0.00000000 0.00000000 / 149 0 141 255 / 0.77433780 0.73878480
				68.84961000 27.69971000 5.16992200 / 1.00000000 0.00000000 0.00000000 / 149 0 141 255 / 0.75334170 0.73878480
				68.84961000 27.69971000 5.16992200 / 1.00000000 0.00000000 0.00000000 / 149 0 141 255 / 0.75334170 0.73878480
				68.84961000 27.69922000 6.37255800 / 1.00000000 0.00000000 0.00000000 / 149 0 141 255 / 0.75334170 0.64494310
				68.84961000 22.75537000 6.37255800 / 1.00000000 0.00000000 0.00000000 / 164 0 155 255 / 0.77433780 0.64494310
				68.84961000 22.75537000 6.37255800 / 1.00000000 0.00000000 0.00000000 / 164 0 155 255 / 0.77433780 0.64494310
				68.84961000 22.75537000 5.16992200 / 1.00000000 0.00000000 0.00000000 / 164 0 155 255 / 0.77433780 0.73878480
				68.84961000 22.95557000 5.16992200 / 1.00000000 0.00000000 0.00000000 / 164 0 155 255 / 0.75334170 0.73878480
				68.84961000 22.95557000 5.16992200 / 1.00000000 0.00000000 0.00000000 / 164 0 155 255 / 0.75334170 0.73878480
				68.84961000 22.95557000 6.37255800 / 1.00000000 0.00000000 0.00000000 / 163 0 155 255 / 0.75334170 0.64494310
				68.84961000 30.50049000 6.37255800 / 1.00000000 0.00000000 0.00000000 / 137 0 130 255 / 0.77433780 0.64494310
				68.84961000 30.50049000 6.37255800 / 1.00000000 0.00000000 0.00000000 / 137 0 130 255 / 0.77433780 0.64494310
				68.84961000 30.50049000 5.16992200 / 1.00000000 0.00000000 0.00000000 / 136 0 130 255 / 0.77433780 0.73878480
				68.84961000 30.70068000 5.17041000 / 1.00000000 0.00000000 0.00000000 / 137 0 130 255 / 0.75334170 0.73878480
				68.84961000 30.70068000 5.17041000 / 1.00000000 0.00000000 0.00000000 / 137 0 130 255 / 0.75334170 0.73878480
				68.84961000 30.70068000 6.37255800 / 1.00000000 0.00000000 0.00000000 / 137 0 130 255 / 0.75334170 0.64494310
				68.84961000 17.40478000 6.37255800 / 1.00000000 0.00000000 0.00000000 / 165 0 156 255 / 0.77433780 0.64494310
				68.84961000 17.40478000 6.37255800 / 1.00000000 0.00000000 0.00000000 / 165 0 156 255 / 0.77433780 0.64494310
				68.84961000 17.40478000 5.16992200 / 1.00000000 0.00000000 0.00000000 / 165 0 156 255 / 0.77433780 0.73878480
				68.84961000 17.60498000 5.17041000 / 1.00000000 0.00000000 0.00000000 / 165 0 156 255 / 0.75334170 0.73878480
				68.84961000 17.60498000 5.17041000 / 1.00000000 0.00000000 0.00000000 / 165 0 156 255 / 0.75334170 0.73878480
				68.84961000 17.60498000 6.37255800 / 1.00000000 0.00000000 0.00000000 / 165 0 156 255 / 0.75334170 0.64494310
				68.84961000 18.38916000 6.37255800 / 1.00000000 0.00000000 0.00000000 / 167 0 158 255 / 0.77433780 0.64494310
				68.84961000 18.38916000 6.37255800 / 1.00000000 0.00000000 0.00000000 / 167 0 158 255 / 0.77433780 0.64494310
				68.84961000 18.38916000 5.17041000 / 1.00000000 0.00000000 0.00000000 / 167 0 158 255 / 0.77433780 0.73878480
				68.84961000 18.58936000 5.16992200 / 1.00000000 0.00000000 0.00000000 / 167 0 158 255 / 0.75334170 0.73878480
				68.84961000 18.58936000 5.16992200 / 1.00000000 0.00000000 0.00000000 / 167 0 158 255 / 0.75334170 0.73878480
				68.84961000 18.58936000 6.37255800 / 1.00000000 0.00000000 0.00000000 / 168 0 158 255 / 0.75334170 0.64494310
				68.84961000 13.64551000 6.37255800 / 1.00000000 0.00000000 0.00000000 / 165 0 156 255 / 0.77433780 0.64494310
				68.84961000 13.64551000 6.37255800 / 1.00000000 0.00000000 0.00000000 / 165 0 156 255 / 0.77433780 0.64494310
				68.84961000 13.64551000 5.16992200 / 1.00000000 0.00000000 0.00000000 / 165 0 156 255 / 0.77433780 0.73878480
				68.84961000 13.84570000 5.16992200 / 1.00000000 0.00000000 0.00000000 / 165 0 156 255 / 0.75334170 0.73878480
				68.84961000 13.84570000 5.16992200 / 1.00000000 0.00000000 0.00000000 / 165 0 156 255 / 0.75334170 0.73878480
				68.84961000 13.84570000 6.37255800 / 1.00000000 0.00000000 0.00000000 / 165 0 156 255 / 0.75334170 0.64494310
				68.84961000 21.39062000 6.37255800 / 1.00000000 0.00000000 0.00000000 / 166 0 157 255 / 0.77433780 0.64494310
				68.84961000 21.39062000 6.37255800 / 1.00000000 0.00000000 0.00000000 / 166 0 157 255 / 0.77433780 0.64494310
				68.84912000 21.39062000 5.16992200 / 1.00000000 0.00000000 0.00000000 / 166 0 157 255 / 0.77433780 0.73878480
				68.84912000 21.59082000 5.16992200 / 1.00000000 0.00000000 0.00000000 / 166 0 157 255 / 0.75334170 0.73878480
				68.84912000 21.59082000 5.16992200 / 1.00000000 0.00000000 0.00000000 / 166 0 157 255 / 0.75334170 0.73878480
				68.84961000 21.59082000 6.37255800 / 1.00000000 0.00000000 0.00000000 / 167 0 158 255 / 0.75334170 0.64494310
				68.84961000 4.18066400 6.37255800 / 1.00000000 0.00000000 0.00000000 / 160 0 152 255 / 0.77433780 0.64494310
				68.84961000 4.18066400 6.37255800 / 1.00000000 0.00000000 0.00000000 / 160 0 152 255 / 0.77433780 0.64494310
				68.84961000 4.18066400 5.16992200 / 1.00000000 0.00000000 0.00000000 / 161 0 152 255 / 0.77433780 0.73878480
				68.84961000 4.38085900 5.17041000 / 1.00000000 0.00000000 0.00000000 / 160 0 152 255 / 0.75334170 0.73878480
				68.84961000 4.38085900 5.17041000 / 1.00000000 0.00000000 0.00000000 / 160 0 152 255 / 0.75334170 0.73878480
				68.84961000 4.38085900 6.37255800 / 1.00000000 0.00000000 0.00000000 / 160 0 152 255 / 0.75334170 0.64494310
				68.84961000 5.16503900 6.37255800 / 1.00000000 0.00000000 0.00000000 / 170 0 160 255 / 0.77433780 0.64494310
				68.84961000 5.16503900 6.37255800 / 1.00000000 0.00000000 0.00000000 / 170 0 160 255 / 0.77433780 0.64494310
				68.84961000 5.16503900 5.16992200 / 1.00000000 0.00000000 0.00000000 / 170 0 161 255 / 0.77433780 0.73878480
				68.84961000 5.36523400 5.17041000 / 1.00000000 0.00000000 0.00000000 / 170 0 160 255 / 0.75334170 0.73878480
				68.84961000 5.36523400 5.17041000 / 1.00000000 0.00000000 0.00000000 / 170 0 160 255 / 0.75334170 0.73878480
				68.84961000 5.36523400 6.37255800 / 1.00000000 0.00000000 0.00000000 / 170 0 160 255 / 0.75334170 0.64494310
				68.84961000 0.42138670 6.37255800 / 1.00000000 0.00000000 0.00000000 / 152 0 144 255 / 0.77433780 0.64494310
				68.84961000 0.42138670 6.37255800 / 1.00000000 0.00000000 0.00000000 / 152 0 144 255 / 0.77433780 0.64494310
				68.84961000 0.42138670 5.16992200 / 1.00000000 0.00000000 0.00000000 / 152 0 144 255 / 0.77433780 0.73878480
				68.84961000 0.62158200 5.16992200 / 1.00000000 0.00000000 0.00000000 / 152 0 144 255 / 0.75334170 0.73878480
				68.84961000 0.62158200 5.16992200 / 1.00000000 0.00000000 0.00000000 / 152 0 144 255 / 0.75334170 0.73878480
				68.84961000 0.62158200 6.37255800 / 1.00000000 0.00000000 0.00000000 / 152 0 144 255 / 0.75334170 0.64494310
				68.84961000 8.16650400 6.37255800 / 1.00000000 0.00000000 0.00000000 / 157 0 148 255 / 0.77433780 0.64494310
				68.84961000 8.16650400 6.37255800 / 1.00000000 0.00000000 0.00000000 / 157 0 148 255 / 0.77433780 0.64494310
				68.84961000 8.16650400 5.16992200 / 1.00000000 0.00000000 0.00000000 / 156 0 148 255 / 0.77433780 0.73878480
				68.84961000 8.36669900 5.16992200 / 1.00000000 0.00000000 0.00000000 / 157 0 148 255 / 0.75334170 0.73878480
				68.84961000 8.36669900 5.16992200 / 1.00000000 0.00000000 0.00000000 / 157 0 148 255 / 0.75334170 0.73878480
				68.84961000 8.36669900 6.37255800 / 1.00000000 0.00000000 0.00000000 / 157 0 149 255 / 0.75334170 0.64494310
				68.84961000 -4.92968800 6.37255800 / 1.00000000 0.00000000 0.00000000 / 156 0 148 255 / 0.77433780 0.64494310
				68.84961000 -4.92968800 6.37255800 / 1.00000000 0.00000000 0.00000000 / 156 0 148 255 / 0.77433780 0.64494310
				68.84961000 -4.92968800 5.16992200 / 1.00000000 0.00000000 0.00000000 / 157 0 148 255 / 0.77433780 0.73878480
				68.84961000 -4.72900400 5.17041000 / 1.00000000 0.00000000 0.00000000 / 156 0 148 255 / 0.75334170 0.73878480
				68.84961000 -4.72900400 5.17041000 / 1.00000000 0.00000000 0.00000000 / 156 0 148 255 / 0.75334170 0.73878480
				68.84961000 -4.72900400 6.37255800 / 1.00000000 0.00000000 0.00000000 / 156 0 148 255 / 0.75334170 0.64494310
				68.84961000 -3.94531300 6.37255800 / 1.00000000 0.00000000 0.00000000 / 159 0 150 255 / 0.77433780 0.64494310
				68.84961000 -3.94531300 6.37255800 / 1.00000000 0.00000000 0.00000000 / 159 0 150 255 / 0.77433780 0.64494310
				68.84961000 -3.94531300 5.16992200 / 1.00000000 0.00000000 0.00000000 / 158 0 150 255 / 0.77433780 0.73878480
				68.84961000 -3.74462900 5.16992200 / 1.00000000 0.00000000 0.00000000 / 159 0 150 255 / 0.75334170 0.73878480
				68.84961000 -3.74462900 5.16992200 / 1.00000000 0.00000000 0.00000000 / 159 0 150 255 / 0.75334170 0.73878480
				68.84961000 -3.74462900 6.37255800 / 1.00000000 0.00000000 0.00000000 / 160 0 151 255 / 0.75334170 0.64494310
				68.84961000 -8.68896500 6.37255800 / 1.00000000 0.00000000 0.00000000 / 134 0 128 255 / 0.77433780 0.64494310
				68.84961000 -8.68896500 6.37255800 / 1.00000000 0.00000000 0.00000000 / 134 0 128 255 / 0.77433780 0.64494310
				68.84961000 -8.68896500 5.16992200 / 1.00000000 0.00000000 0.00000000 / 135 0 128 255 / 0.77433780 0.73878480
				68.84912000 -8.48828100 5.16992200 / 1.00000000 0.00000000 0.00000000 / 134 0 128 255 / 0.75334170 0.73878480
				68.84912000 -8.48828100 5.16992200 / 1.00000000 0.00000000 0.00000000 / 134 0 128 255 / 0.75334170 0.73878480
				68.84961000 -8.48876900 6.37255800 / 1.00000000 0.00000000 0.00000000 / 134 0 127 255 / 0.75334170 0.64494310
				68.84961000 -0.94384770 6.37255800 / 1.00000000 0.00000000 0.00000000 / 155 0 147 255 / 0.77433780 0.64494310
				68.84961000 -0.94384770 6.37255800 / 1.00000000 0.00000000 0.00000000 / 155 0 147 255 / 0.77433780 0.64494310
				68.84912000 -0.94384770 5.16992200 / 1.00000000 0.00000000 0.00000000 / 155 0 147 255 / 0.77433780 0.73878480
				68.84912000 -0.74365240 5.16992200 / 1.00000000 0.00000000 0.00000000 / 155 0 147 255 / 0.75334170 0.73878480
				68.84912000 -0.74365240 5.16992200 / 1.00000000 0.00000000 0.00000000 / 155 0 147 255 / 0.75334170 0.73878480
				68.84961000 -0.74365240 6.37255800 / 1.00000000 0.00000000 0.00000000 / 155 0 147 255 / 0.75334170 0.64494310
				87.07666000 26.51465000 6.37451100 / 1.00000000 0.00000000 0.00000000 / 216 0 203 255 / 0.77433780 0.64494310
				87.07666000 26.51465000 6.37451100 / 1.00000000 0.00000000 0.00000000 / 216 0 203 255 / 0.77433780 0.64494310
				87.07666000 26.51465000 5.17236300 / 1.00000000 0.00000000 0.00000000 / 216 0 203 255 / 0.77433780 0.73878480
				87.07666000 26.71484000 5.17236300 / 1.00000000 0.00000000 0.00000000 / 216 0 203 255 / 0.75334170 0.73878480
				87.07666000 26.71484000 5.17236300 / 1.00000000 0.00000000 0.00000000 / 216 0 203 255 / 0.75334170 0.73878480
				87.07666000 26.71484000 6.37451100 / 1.00000000 0.00000000 0.00000000 / 216 0 203 255 / 0.75334170 0.64494310
				87.07666000 27.49902000 6.37451100 / 1.00000000 0.00000000 0.00000000 / 225 0 211 255 / 0.77433780 0.64494310
				87.07666000 27.49902000 6.37451100 / 1.00000000 0.00000000 0.00000000 / 225 0 211 255 / 0.77433780 0.64494310
				87.07666000 27.49902000 5.17236300 / 1.00000000 0.00000000 0.00000000 / 225 0 211 255 / 0.77433780 0.73878480
				87.07666000 27.69922000 5.17236300 / 1.00000000 0.00000000 0.00000000 / 225 0 211 255 / 0.75334170 0.73878480
				87.07666000 27.69922000 5.17236300 / 1.00000000 0.00000000 0.00000000 / 225 0 211 255 / 0.75334170 0.73878480
				87.07666000 27.69922000 6.37451100 / 1.00000000 0.00000000 0.00000000 / 225 0 211 255 / 0.75334170 0.64494310
				87.07666000 17.40430000 6.37451100 / 1.00000000 0.00000000 0.00000000 / 228 0 214 255 / 0.77433780 0.64494310
				87.07666000 17.40430000 6.37451100 / 1.00000000 0.00000000 0.00000000 / 228 0 214 255 / 0.77433780 0.64494310
				87.07666000 17.40430000 5.17236300 / 1.00000000 0.00000000 0.00000000 / 227 0 214 255 / 0.77433780 0.73878480
				87.07666000 17.60498000 5.17236300 / 1.00000000 0.00000000 0.00000000 / 228 0 214 255 / 0.75334170 0.73878480
				87.07666000 17.60498000 5.17236300 / 1.00000000 0.00000000 0.00000000 / 228 0 214 255 / 0.75334170 0.73878480
				87.07666000 17.60498000 6.37451100 / 1.00000000 0.00000000 0.00000000 / 228 0 214 255 / 0.75334170 0.64494310
				87.07666000 18.38916000 6.37451100 / 1.00000000 0.00000000 0.00000000 / 215 0 202 255 / 0.77433780 0.64494310
				87.07666000 18.38916000 6.37451100 / 1.00000000 0.00000000 0.00000000 / 215 0 202 255 / 0.77433780 0.64494310
				87.07666000 18.38916000 5.17236300 / 1.00000000 0.00000000 0.00000000 / 215 0 202 255 / 0.77433780 0.73878480
				87.07666000 18.58936000 5.17236300 / 1.00000000 0.00000000 0.00000000 / 215 0 202 255 / 0.75334170 0.73878480
				87.07666000 18.58936000 5.17236300 / 1.00000000 0.00000000 0.00000000 / 215 0 202 255 / 0.75334170 0.73878480
				87.07666000 18.58936000 6.37451100 / 1.00000000 0.00000000 0.00000000 / 214 0 202 255 / 0.75334170 0.64494310
				87.07666000 4.18017600 6.37451100 / 1.00000000 0.00000000 0.00000000 / 223 0 210 255 / 0.77433780 0.64494310
				87.07666000 4.18017600 6.37451100 / 1.00000000 0.00000000 0.00000000 / 223 0 210 255 / 0.77433780 0.64494310
				87.07666000 4.18017600 5.17236300 / 1.00000000 0.00000000 0.00000000 / 223 0 210 255 / 0.77433780 0.73878480
				87.07666000 4.38085900 5.17236300 / 1.00000000 0.00000000 0.00000000 / 223 0 210 255 / 0.75334170 0.73878480
				87.07666000 4.38085900 5.17236300 / 1.00000000 0.00000000 0.00000000 / 223 0 210 255 / 0.75334170 0.73878480
				87.07666000 4.38085900 6.37451100 / 1.00000000 0.00000000 0.00000000 / 223 0 209 255 / 0.75334170 0.64494310
				87.07666000 5.16503900 6.37451100 / 1.00000000 0.00000000 0.00000000 / 217 0 204 255 / 0.77433780 0.64494310
				87.07666000 5.16503900 6.37451100 / 1.00000000 0.00000000 0.00000000 / 217 0 204 255 / 0.77433780 0.64494310
				87.07666000 5.16503900 5.17236300 / 1.00000000 0.00000000 0.00000000 / 216 0 203 255 / 0.77433780 0.73878480
				87.07666000 5.36523400 5.17236300 / 1.00000000 0.00000000 0.00000000 / 217 0 204 255 / 0.75334170 0.73878480
				87.07666000 5.36523400 5.17236300 / 1.00000000 0.00000000 0.00000000 / 217 0 204 255 / 0.75334170 0.73878480
				87.07666000 5.36523400 6.37451100 / 1.00000000 0.00000000 0.00000000 / 217 0 204 255 / 0.75334170 0.64494310
				87.07666000 -4.92968800 6.37451100 / 1.00000000 0.00000000 0.00000000 / 219 0 206 255 / 0.77433780 0.64494310
				87.07666000 -4.92968800 6.37451100 / 1.00000000 0.00000000 0.00000000 / 219 0 206 255 / 0.77433780 0.64494310
				87.07666000 -4.92968800 5.17236300 / 1.00000000 0.00000000 0.00000000 / 218 0 205 255 / 0.77433780 0.73878480
				87.07666000 -4.72949200 5.17236300 / 1.00000000 0.00000000 0.00000000 / 219 0 206 255 / 0.75334170 0.73878480
				87.07666000 -4.72949200 5.17236300 / 1.00000000 0.00000000 0.00000000 / 219 0 206 255 / 0.75334170 0.73878480
				87.07666000 -4.72949200 6.37451100 / 1.00000000 0.00000000 0.00000000 / 219 0 206 255 / 0.75334170 0.64494310
				87.07666000 -3.94531300 6.37451100 / 1.00000000 0.00000000 0.00000000 / 219 0 206 255 / 0.77433780 0.64494310
				87.07666000 -3.94531300 6.37451100 / 1.00000000 0.00000000 0.00000000 / 219 0 206 255 / 0.77433780 0.64494310
				87.07666000 -3.94531300 5.17236300 / 1.00000000 0.00000000 0.00000000 / 219 0 206 255 / 0.77433780 0.73878480
				87.07666000 -3.74511700 5.17236300 / 1.00000000 0.00000000 0.00000000 / 219 0 206 255 / 0.75334170 0.73878480
				87.07666000 -3.74511700 5.17236300 / 1.00000000 0.00000000 0.00000000 / 219 0 206 255 / 0.75334170 0.73878480
				87.07666000 -3.74511700 6.37451100 / 1.00000000 0.00000000 0.00000000 / 219 0 206 255 / 0.75334170 0.64494310
				54.72412000 -11.77930000 5.73828100 / -1.00000000 0.00000000 0.00000000 / 214 0 202 255 / 0.85380560 0.73962400
				54.72412000 -11.77930000 5.73828100 / -1.00000000 0.00000000 0.00000000 / 214 0 202 255 / 0.85380560 0.73962400
				54.72412000 -11.77930000 5.03613300 / -1.00000000 0.00000000 0.00000000 / 214 0 202 255 / 0.85380560 0.83105470
				54.72412000 -11.84912000 5.03613300 / -1.00000000 0.00000000 0.00000000 / 214 0 202 255 / 0.86291500 0.83105470
				54.72412000 -11.84912000 5.03613300 / -1.00000000 0.00000000 0.00000000 / 214 0 202 255 / 0.86291500 0.83105470
				54.72412000 -11.84912000 5.73828100 / -1.00000000 0.00000000 0.00000000 / 214 0 202 255 / 0.86291500 0.73962400
				54.72412000 10.78369000 -4.29638700 / -1.00000000 0.00000000 0.00000000 / 123 0 118 255 / 0.85380560 0.73962400
				54.72412000 10.78369000 -4.29638700 / -1.00000000 0.00000000 0.00000000 / 123 0 118 255 / 0.85380560 0.73962400
				54.72412000 10.78369000 -4.99853500 / -1.00000000 0.00000000 0.00000000 / 123 0 118 255 / 0.85380560 0.83105470
				54.72412000 10.71387000 -4.99853500 / -1.00000000 0.00000000 0.00000000 / 123 0 118 255 / 0.86291500 0.83105470
				54.72412000 10.71387000 -4.99853500 / -1.00000000 0.00000000 0.00000000 / 123 0 118 255 / 0.86291500 0.83105470
				54.72412000 10.71387000 -4.29638700 / -1.00000000 0.00000000 0.00000000 / 123 0 118 255 / 0.86291500 0.73962400
				86.29931000 11.11035000 -4.12890600 / 1.00000000 0.00000000 0.00000000 / 50 0 50 255 / 0.85380560 0.73962400
				86.29931000 11.11035000 -4.12890600 / 1.00000000 0.00000000 0.00000000 / 50 0 50 255 / 0.85380560 0.73962400
				86.29931000 11.11035000 -4.83105500 / 1.00000000 0.00000000 0.00000000 / 50 0 50 255 / 0.85380560 0.83105470
				86.29931000 11.18018000 -4.83105500 / 1.00000000 0.00000000 0.00000000 / 50 0 50 255 / 0.86291500 0.83105470
				86.29931000 11.18018000 -4.83105500 / 1.00000000 0.00000000 0.00000000 / 50 0 50 255 / 0.86291500 0.83105470
				86.29931000 11.18018000 -4.12890600 / 1.00000000 0.00000000 0.00000000 / 50 0 50 255 / 0.86291500 0.73962400
				98.36474000 90.01758000 0.48144530 / 0.81916030 -0.57356480 0.00000000 / 228 0 214 255 / 0.77839660 0.20376590
				98.36474000 90.01758000 0.48144530 / 0.81916030 -0.57356480 0.00000000 / 228 0 214 255 / 0.77839660 0.20376590
				98.36474000 90.01758000 1.68408200 / 0.81916030 -0.57356480 0.00000000 / 228 0 214 255 / 0.77839660 0.00285340
				98.25000000 89.85351000 1.68408200 / 0.81916030 -0.57356480 0.00000000 / 228 0 214 255 / 0.80438230 0.00285340
				98.25000000 89.85351000 1.68408200 / 0.81916030 -0.57356480 0.00000000 / 228 0 214 255 / 0.80438230 0.00285340
				98.25000000 89.85351000 0.48144530 / 0.81916030 -0.57356480 0.00000000 / 227 0 213 255 / 0.80438230 0.20376590
				98.92920000 90.82422000 0.48144530 / 0.81916030 -0.57356480 0.00000000 / 232 0 217 255 / 0.75064080 0.20376590
				98.92920000 90.82422000 0.48144530 / 0.81916030 -0.57356480 0.00000000 / 232 0 217 255 / 0.75064080 0.20376590
				98.92920000 90.82422000 1.68408200 / 0.81916030 -0.57356480 0.00000000 / 231 0 217 255 / 0.75064080 0.00285340
				98.81445000 90.66016000 1.68408200 / 0.81916030 -0.57356480 0.00000000 / 232 0 217 255 / 0.77662660 0.00285340
				98.81445000 90.66016000 1.68408200 / 0.81916030 -0.57356480 0.00000000 / 232 0 217 255 / 0.77662660 0.00285340
				98.81445000 90.66016000 0.48144530 / 0.81916030 -0.57356480 0.00000000 / 232 0 218 255 / 0.77662660 0.20376590
				96.20850000 86.93847000 0.48144530 / 0.81916030 -0.57356480 0.00000000 / 221 0 207 255 / 0.77839660 0.20376590
				96.20850000 86.93847000 0.48144530 / 0.81916030 -0.57356480 0.00000000 / 221 0 207 255 / 0.77839660 0.20376590
				96.20850000 86.93847000 1.68408200 / 0.81916030 -0.57356480 0.00000000 / 221 0 207 255 / 0.77839660 0.00285340
				96.09375000 86.77441000 1.68408200 / 0.81916030 -0.57356480 0.00000000 / 221 0 207 255 / 0.80438230 0.00285340
				96.09375000 86.77441000 1.68408200 / 0.81916030 -0.57356480 0.00000000 / 221 0 207 255 / 0.80438230 0.00285340
				96.09375000 86.77441000 0.48144530 / 0.81916030 -0.57356480 0.00000000 / 221 0 208 255 / 0.80438230 0.20376590
				103.58980000 97.47998000 -4.41308600 / 0.81916030 -0.57356480 0.00000000 / 215 0 202 255 / 0.80705260 0.20376590
				103.58980000 97.47998000 -4.41308600 / 0.81916030 -0.57356480 0.00000000 / 215 0 202 255 / 0.80705260 0.20376590
				103.58980000 97.47998000 -3.21093700 / 0.81916030 -0.57356480 0.00000000 / 215 0 202 255 / 0.80705260 0.00285340
				103.47510000 97.31592000 -3.21093700 / 0.81916030 -0.57356480 0.00000000 / 215 0 202 255 / 0.83303830 0.00285340
				103.47510000 97.31592000 -3.21093700 / 0.81916030 -0.57356480 0.00000000 / 215 0 202 255 / 0.83303830 0.00285340
				103.47510000 97.31592000 -4.41308600 / 0.81916030 -0.57356480 0.00000000 / 214 0 201 255 / 0.83303830 0.20376590
				104.15480000 98.28662000 -4.41308600 / 0.81916030 -0.57356480 0.00000000 / 196 0 185 255 / 0.80705260 0.20376590
				104.15480000 98.28662000 -4.41308600 / 0.81916030 -0.57356480 0.00000000 / 196 0 185 255 / 0.80705260 0.20376590
				104.15480000 98.28662000 -3.21093700 / 0.81916030 -0.57356480 0.00000000 / 196 0 185 255 / 0.80705260 0.00285340
				104.03960000 98.12256000 -3.21093700 / 0.81916030 -0.57356480 0.00000000 / 196 0 185 255 / 0.83303830 0.00285340
				104.03960000 98.12256000 -3.21093700 / 0.81916030 -0.57356480 0.00000000 / 196 0 185 255 / 0.83303830 0.00285340
				104.03960000 98.12256000 -4.41308600 / 0.81916030 -0.57356480 0.00000000 / 197 0 185 255 / 0.83303830 0.20376590
				101.43360000 94.40088000 -4.41308600 / 0.81916030 -0.57356480 0.00000000 / 207 0 195 255 / 0.80705260 0.20376590
				101.43360000 94.40088000 -4.41308600 / 0.81916030 -0.57356480 0.00000000 / 207 0 195 255 / 0.80705260 0.20376590
				101.43360000 94.40088000 -3.21093700 / 0.81916030 -0.57356480 0.00000000 / 207 0 195 255 / 0.80705260 0.00285340
				101.31880000 94.23682000 -3.21093700 / 0.81916030 -0.57356480 0.00000000 / 207 0 195 255 / 0.83303830 0.00285340
				101.31880000 94.23682000 -3.21093700 / 0.81916030 -0.57356480 0.00000000 / 207 0 195 255 / 0.83303830 0.00285340
				101.31880000 94.23682000 -4.41308600 / 0.81916030 -0.57356480 0.00000000 / 207 0 195 255 / 0.83303830 0.20376590
				105.87600000 100.74510000 -4.41308600 / 0.81916030 -0.57356480 0.00000000 / 220 0 207 255 / 0.80705260 0.20376590
				105.87600000 100.74510000 -4.41308600 / 0.81916030 -0.57356480 0.00000000 / 220 0 207 255 / 0.80705260 0.20376590
				105.87600000 100.74510000 -3.21093700 / 0.81916030 -0.57356480 0.00000000 / 220 0 207 255 / 0.80705260 0.00285340
				105.76120000 100.58110000 -3.21093700 / 0.81916030 -0.57356480 0.00000000 / 220 0 207 255 / 0.83303830 0.00285340
				105.76120000 100.58110000 -3.21093700 / 0.81916030 -0.57356480 0.00000000 / 220 0 207 255 / 0.83303830 0.00285340
				105.76120000 100.58110000 -4.41308600 / 0.81916030 -0.57356480 0.00000000 / 220 0 206 255 / 0.83303830 0.20376590
				98.36474000 90.01758000 -4.41308600 / 0.81916030 -0.57356480 0.00000000 / 230 0 216 255 / 0.83435060 0.20376590
				98.36474000 90.01758000 -4.41308600 / 0.81916030 -0.57356480 0.00000000 / 230 0 216 255 / 0.83435060 0.20376590
				98.36474000 90.01758000 -3.21093700 / 0.81916030 -0.57356480 0.00000000 / 230 0 216 255 / 0.83435060 0.00285340
				98.25000000 89.85351000 -3.21093700 / 0.81916030 -0.57356480 0.00000000 / 230 0 216 255 / 0.86033630 0.00285340
				98.25000000 89.85351000 -3.21093700 / 0.81916030 -0.57356480 0.00000000 / 230 0 216 255 / 0.86033630 0.00285340
				98.25000000 89.85351000 -4.41308600 / 0.81916030 -0.57356480 0.00000000 / 230 0 216 255 / 0.86033630 0.20376590
				98.92920000 90.82422000 -4.41308600 / 0.81916030 -0.57356480 0.00000000 / 230 0 216 255 / 0.75064080 0.20376590
				98.92920000 90.82422000 -4.41308600 / 0.81916030 -0.57356480 0.00000000 / 230 0 216 255 / 0.75064080 0.20376590
				98.92920000 90.82422000 -3.21093700 / 0.81916030 -0.57356480 0.00000000 / 231 0 216 255 / 0.75064080 0.00285340
				98.81445000 90.66016000 -3.21093700 / 0.81916030 -0.57356480 0.00000000 / 230 0 216 255 / 0.77662660 0.00285340
				98.81445000 90.66016000 -3.21093700 / 0.81916030 -0.57356480 0.00000000 / 230 0 216 255 / 0.77662660 0.00285340
				98.81445000 90.66016000 -4.41308600 / 0.81916030 -0.57356480 0.00000000 / 230 0 216 255 / 0.77662660 0.20376590
				96.20850000 86.93847000 -4.41308600 / 0.81916030 -0.57356480 0.00000000 / 235 0 221 255 / 0.86619570 0.20376590
				96.20850000 86.93847000 -4.41308600 / 0.81916030 -0.57356480 0.00000000 / 235 0 221 255 / 0.86619570 0.20376590
				96.20850000 86.93847000 -3.21093700 / 0.81916030 -0.57356480 0.00000000 / 235 0 220 255 / 0.86619570 0.00285340
				96.09375000 86.77441000 -3.21093700 / 0.81916030 -0.57356480 0.00000000 / 235 0 221 255 / 0.89216610 0.00285340
				96.09375000 86.77441000 -3.21093700 / 0.81916030 -0.57356480 0.00000000 / 235 0 221 255 / 0.89216610 0.00285340
				96.09375000 86.77441000 -4.41308600 / 0.81916030 -0.57356480 0.00000000 / 235 0 221 255 / 0.89216610 0.20376590
				100.65090000 93.28272000 -4.41308600 / 0.81916030 -0.57356480 0.00000000 / 223 0 210 255 / 0.80705260 0.20376590
				100.65090000 93.28272000 -4.41308600 / 0.81916030 -0.57356480 0.00000000 / 223 0 210 255 / 0.80705260 0.20376590
				100.65090000 93.28272000 -3.21093700 / 0.81916030 -0.57356480 0.00000000 / 223 0 210 255 / 0.80705260 0.00285340
				100.53610000 93.11865000 -3.21093700 / 0.81916030 -0.57356480 0.00000000 / 223 0 210 255 / 0.83303830 0.00285340
				100.53610000 93.11865000 -3.21093700 / 0.81916030 -0.57356480 0.00000000 / 223 0 210 255 / 0.83303830 0.00285340
				100.53610000 93.11865000 -4.41308600 / 0.81916030 -0.57356480 0.00000000 / 223 0 210 255 / 0.83303830 0.20376590
				90.77978000 79.18506000 0.48144530 / 0.81916030 -0.57356480 0.00000000 / 218 0 205 255 / 0.75064080 0.20376590
				90.77978000 79.18506000 0.48144530 / 0.81916030 -0.57356480 0.00000000 / 218 0 205 255 / 0.75064080 0.20376590
				90.77978000 79.18506000 1.68408200 / 0.81916030 -0.57356480 0.00000000 / 218 0 205 255 / 0.75064080 0.00285340
				90.66504000 79.02099000 1.68408200 / 0.81916030 -0.57356480 0.00000000 / 218 0 205 255 / 0.77662660 0.00285340
				90.66504000 79.02099000 1.68408200 / 0.81916030 -0.57356480 0.00000000 / 218 0 205 255 / 0.77662660 0.00285340
				90.66504000 79.02099000 0.48144530 / 0.81916030 -0.57356480 0.00000000 / 218 0 205 255 / 0.77662660 0.20376590
				91.34424000 79.99170000 0.48144530 / 0.81916030 -0.57356480 0.00000000 / 217 0 204 255 / 0.75064080 0.20376590
				91.34424000 79.99170000 0.48144530 / 0.81916030 -0.57356480 0.00000000 / 217 0 204 255 / 0.75064080 0.20376590
				91.34424000 79.99170000 1.68408200 / 0.81916030 -0.57356480 0.00000000 / 217 0 204 255 / 0.75064080 0.00285340
				91.22949000 79.82764000 1.68408200 / 0.81916030 -0.57356480 0.00000000 / 217 0 204 255 / 0.77662660 0.00285340
				91.22949000 79.82764000 1.68408200 / 0.81916030 -0.57356480 0.00000000 / 217 0 204 255 / 0.77662660 0.00285340
				91.22949000 79.82764000 0.48144530 / 0.81916030 -0.57356480 0.00000000 / 217 0 204 255 / 0.77662660 0.20376590
				88.62354000 76.10595000 0.48144530 / 0.81916030 -0.57356480 0.00000000 / 229 0 215 255 / 0.75064080 0.20376590
				88.62354000 76.10595000 0.48144530 / 0.81916030 -0.57356480 0.00000000 / 229 0 215 255 / 0.75064080 0.20376590
				88.62354000 76.10595000 1.68408200 / 0.81916030 -0.57356480 0.00000000 / 228 0 214 255 / 0.75064080 0.00285340
				88.50879000 75.94141000 1.68408200 / 0.81916030 -0.57356480 0.00000000 / 229 0 215 255 / 0.77662660 0.00285340
				88.50879000 75.94141000 1.68408200 / 0.81916030 -0.57356480 0.00000000 / 229 0 215 255 / 0.77662660 0.00285340
				88.50879000 75.94141000 0.48144530 / 0.81916030 -0.57356480 0.00000000 / 229 0 215 255 / 0.77662660 0.20376590
				93.06591000 82.45021000 0.48144530 / 0.81916030 -0.57356480 0.00000000 / 218 0 205 255 / 0.75064080 0.20376590
				93.06591000 82.45021000 0.48144530 / 0.81916030 -0.57356480 0.00000000 / 218 0 205 255 / 0.75064080 0.20376590
				93.06591000 82.45021000 1.68408200 / 0.81916030 -0.57356480 0.00000000 / 218 0 205 255 / 0.75064080 0.00285340
				92.95117000 82.28613000 1.68408200 / 0.81916030 -0.57356480 0.00000000 / 218 0 205 255 / 0.77662660 0.00285340
				92.95117000 82.28613000 1.68408200 / 0.81916030 -0.57356480 0.00000000 / 218 0 205 255 / 0.77662660 0.00285340
				92.95117000 82.28613000 0.48144530 / 0.81916030 -0.57356480 0.00000000 / 218 0 205 255 / 0.77662660 0.20376590
				85.55469000 71.72266000 0.48144530 / 0.81916030 -0.57356480 0.00000000 / 212 0 200 255 / 0.75064080 0.20376590
				85.55469000 71.72266000 0.48144530 / 0.81916030 -0.57356480 0.00000000 / 212 0 200 255 / 0.75064080 0.20376590
				85.55469000 71.72266000 1.68408200 / 0.81916030 -0.57356480 0.00000000 / 212 0 200 255 / 0.75064080 0.00285340
				85.43945000 71.55859000 1.68408200 / 0.81916030 -0.57356480 0.00000000 / 212 0 200 255 / 0.77662660 0.00285340
				85.43945000 71.55859000 1.68408200 / 0.81916030 -0.57356480 0.00000000 / 212 0 200 255 / 0.77662660 0.00285340
				85.43945000 71.55859000 0.48144530 / 0.81916030 -0.57356480 0.00000000 / 212 0 199 255 / 0.77662660 0.20376590
				86.11914000 72.52930000 0.48144530 / 0.81916030 -0.57356480 0.00000000 / 218 0 204 255 / 0.75064080 0.20376590
				86.11914000 72.52930000 0.48144530 / 0.81916030 -0.57356480 0.00000000 / 218 0 204 255 / 0.75064080 0.20376590
				86.11914000 72.52930000 1.68408200 / 0.81916030 -0.57356480 0.00000000 / 218 0 205 255 / 0.75064080 0.00285340
				86.00440000 72.36524000 1.68408200 / 0.81916030 -0.57356480 0.00000000 / 218 0 204 255 / 0.77662660 0.00285340
				86.00440000 72.36524000 1.68408200 / 0.81916030 -0.57356480 0.00000000 / 218 0 204 255 / 0.77662660 0.00285340
				86.00440000 72.36524000 0.48144530 / 0.81916030 -0.57356480 0.00000000 / 217 0 204 255 / 0.77662660 0.20376590
				83.39844000 68.64356000 0.48144530 / 0.81916030 -0.57356480 0.00000000 / 222 0 208 255 / 0.83480830 0.20376590
				83.39844000 68.64356000 0.48144530 / 0.81916030 -0.57356480 0.00000000 / 222 0 208 255 / 0.83480830 0.20376590
				83.39844000 68.64356000 1.68408200 / 0.81916030 -0.57356480 0.00000000 / 221 0 208 255 / 0.83480830 0.00285340
				83.28320000 68.47901000 1.68408200 / 0.81916030 -0.57356480 0.00000000 / 222 0 208 255 / 0.86077880 0.00285340
				83.28320000 68.47901000 1.68408200 / 0.81916030 -0.57356480 0.00000000 / 222 0 208 255 / 0.86077880 0.00285340
				83.28320000 68.47901000 0.48144530 / 0.81916030 -0.57356480 0.00000000 / 222 0 209 255 / 0.86077880 0.20376590
				87.84082000 74.98779000 0.48144530 / 0.81916030 -0.57356480 0.00000000 / 226 0 212 255 / 0.75064080 0.20376590
				87.84082000 74.98779000 0.48144530 / 0.81916030 -0.57356480 0.00000000 / 226 0 212 255 / 0.75064080 0.20376590
				87.84082000 74.98779000 1.68408200 / 0.81916030 -0.57356480 0.00000000 / 226 0 212 255 / 0.75064080 0.00285340
				87.72559000 74.82373000 1.68408200 / 0.81916030 -0.57356480 0.00000000 / 226 0 212 255 / 0.77662660 0.00285340
				87.72559000 74.82373000 1.68408200 / 0.81916030 -0.57356480 0.00000000 / 226 0 212 255 / 0.77662660 0.00285340
				87.72559000 74.82373000 0.48144530 / 0.81916030 -0.57356480 0.00000000 / 226 0 212 255 / 0.77662660 0.20376590
				90.77978000 79.18506000 -4.41308600 / 0.81916030 -0.57356480 0.00000000 / 228 0 214 255 / 0.75064080 0.20376590
				90.77978000 79.18506000 -4.41308600 / 0.81916030 -0.57356480 0.00000000 / 228 0 214 255 / 0.75064080 0.20376590
				90.77978000 79.18506000 -3.21093700 / 0.81916030 -0.57356480 0.00000000 / 228 0 214 255 / 0.75064080 0.00285340
				90.66504000 79.02099000 -3.21093700 / 0.81916030 -0.57356480 0.00000000 / 228 0 214 255 / 0.77662660 0.00285340
				90.66504000 79.02099000 -3.21093700 / 0.81916030 -0.57356480 0.00000000 / 228 0 214 255 / 0.77662660 0.00285340
				90.66504000 79.02099000 -4.41308600 / 0.81916030 -0.57356480 0.00000000 / 228 0 214 255 / 0.77662660 0.20376590
				91.34424000 79.99170000 -4.41308600 / 0.81916030 -0.57356480 0.00000000 / 234 0 220 255 / 0.75064080 0.20376590
				91.34424000 79.99170000 -4.41308600 / 0.81916030 -0.57356480 0.00000000 / 234 0 220 255 / 0.75064080 0.20376590
				91.34424000 79.99170000 -3.21093700 / 0.81916030 -0.57356480 0.00000000 / 234 0 220 255 / 0.75064080 0.00285340
				91.22949000 79.82764000 -3.21093700 / 0.81916030 -0.57356480 0.00000000 / 234 0 220 255 / 0.77662660 0.00285340
				91.22949000 79.82764000 -3.21093700 / 0.81916030 -0.57356480 0.00000000 / 234 0 220 255 / 0.77662660 0.00285340
				91.22949000 79.82764000 -4.41308600 / 0.81916030 -0.57356480 0.00000000 / 234 0 220 255 / 0.77662660 0.20376590
				88.62354000 76.10595000 -4.41308600 / 0.81916030 -0.57356480 0.00000000 / 206 0 194 255 / 0.77975460 0.20376590
				88.62354000 76.10595000 -4.41308600 / 0.81916030 -0.57356480 0.00000000 / 206 0 194 255 / 0.77975460 0.20376590
				88.62354000 76.10595000 -3.21093700 / 0.81916030 -0.57356480 0.00000000 / 205 0 193 255 / 0.77975460 0.00285340
				88.50879000 75.94189000 -3.21093700 / 0.81916030 -0.57356480 0.00000000 / 206 0 194 255 / 0.80574030 0.00285340
				88.50879000 75.94189000 -3.21093700 / 0.81916030 -0.57356480 0.00000000 / 206 0 194 255 / 0.80574030 0.00285340
				88.50879000 75.94189000 -4.41308600 / 0.81916030 -0.57356480 0.00000000 / 206 0 194 255 / 0.80574030 0.20376590
				93.06591000 82.45021000 -4.41308600 / 0.81916030 -0.57356480 0.00000000 / 215 0 202 255 / 0.86619570 0.20376590
				93.06591000 82.45021000 -4.41308600 / 0.81916030 -0.57356480 0.00000000 / 215 0 202 255 / 0.86619570 0.20376590
				93.06591000 82.45021000 -3.21093700 / 0.81916030 -0.57356480 0.00000000 / 215 0 202 255 / 0.86619570 0.00285340
				92.95117000 82.28613000 -3.21093700 / 0.81916030 -0.57356480 0.00000000 / 215 0 202 255 / 0.89216610 0.00285340
				92.95117000 82.28613000 -3.21093700 / 0.81916030 -0.57356480 0.00000000 / 215 0 202 255 / 0.89216610 0.00285340
				92.95117000 82.28613000 -4.41308600 / 0.81916030 -0.57356480 0.00000000 / 216 0 203 255 / 0.89216610 0.20376590
				87.84082000 74.98779000 -4.41308600 / 0.81916030 -0.57356480 0.00000000 / 213 0 201 255 / 0.77975460 0.20376590
				87.84082000 74.98779000 -4.41308600 / 0.81916030 -0.57356480 0.00000000 / 213 0 201 255 / 0.77975460 0.20376590
				87.84082000 74.98779000 -3.21093700 / 0.81916030 -0.57356480 0.00000000 / 213 0 201 255 / 0.77975460 0.00285340
				87.72559000 74.82373000 -3.21093700 / 0.81916030 -0.57356480 0.00000000 / 213 0 201 255 / 0.80574030 0.00285340
				87.72559000 74.82373000 -3.21093700 / 0.81916030 -0.57356480 0.00000000 / 213 0 201 255 / 0.80574030 0.00285340
				87.72559000 74.82373000 -4.41308600 / 0.81916030 -0.57356480 0.00000000 / 213 0 201 255 / 0.80574030 0.20376590
				58.94629000 128.74020000 0.48144530 / -0.81903480 0.57374390 0.00000000 / 229 0 215 255 / 0.75064080 0.20376590
				58.94629000 128.74020000 0.48144530 / -0.81903480 0.57374390 0.00000000 / 229 0 215 255 / 0.75064080 0.20376590
				58.83154000 128.57620000 0.48144530 / -0.81903480 0.57374390 0.00000000 / 230 0 216 255 / 0.77662660 0.20376590
				58.83154000 128.57620000 1.68408200 / -0.81903480 0.57374390 0.00000000 / 229 0 215 255 / 0.77662660 0.00285340
				58.83154000 128.57620000 1.68408200 / -0.81903480 0.57374390 0.00000000 / 229 0 215 255 / 0.77662660 0.00285340
				58.94629000 128.74020000 1.68408200 / -0.81903480 0.57374390 0.00000000 / 229 0 215 255 / 0.75064080 0.00285340
				59.51074000 129.54640000 0.48144530 / -0.81903480 0.57374390 0.00000000 / 222 0 209 255 / 0.75064080 0.20376590
				59.51074000 129.54640000 0.48144530 / -0.81903480 0.57374390 0.00000000 / 222 0 209 255 / 0.75064080 0.20376590
				59.39600000 129.38230000 0.48144530 / -0.81903480 0.57374390 0.00000000 / 222 0 209 255 / 0.77662660 0.20376590
				59.39600000 129.38230000 1.68408200 / -0.81903480 0.57374390 0.00000000 / 222 0 209 255 / 0.77662660 0.00285340
				59.39600000 129.38230000 1.68408200 / -0.81903480 0.57374390 0.00000000 / 222 0 209 255 / 0.77662660 0.00285340
				59.51074000 129.54640000 1.68408200 / -0.81903480 0.57374390 0.00000000 / 222 0 209 255 / 0.75064080 0.00285340
				56.79004000 125.66060000 0.48144530 / -0.81903480 0.57374390 0.00000000 / 215 0 202 255 / 0.75064080 0.20376590
				56.79004000 125.66060000 0.48144530 / -0.81903480 0.57374390 0.00000000 / 215 0 202 255 / 0.75064080 0.20376590
				56.67529000 125.49660000 0.48144530 / -0.81903480 0.57374390 0.00000000 / 215 0 202 255 / 0.77662660 0.20376590
				56.67529000 125.49660000 1.68408200 / -0.81903480 0.57374390 0.00000000 / 215 0 202 255 / 0.77662660 0.00285340
				56.67529000 125.49660000 1.68408200 / -0.81903480 0.57374390 0.00000000 / 215 0 202 255 / 0.77662660 0.00285340
				56.79004000 125.66060000 1.68408200 / -0.81903480 0.57374390 0.00000000 / 215 0 202 255 / 0.75064080 0.00285340
				61.23242000 132.00490000 0.48144530 / -0.81903480 0.57374390 0.00000000 / 232 0 218 255 / 0.75064080 0.20376590
				61.23242000 132.00490000 0.48144530 / -0.81903480 0.57374390 0.00000000 / 232 0 218 255 / 0.75064080 0.20376590
				61.11767000 131.84080000 0.48144530 / -0.81903480 0.57374390 0.00000000 / 232 0 218 255 / 0.77662660 0.20376590
				61.11767000 131.84080000 1.68408200 / -0.81903480 0.57374390 0.00000000 / 232 0 218 255 / 0.77662660 0.00285340
				61.11767000 131.84080000 1.68408200 / -0.81903480 0.57374390 0.00000000 / 232 0 218 255 / 0.77662660 0.00285340
				61.23242000 132.00490000 1.68408200 / -0.81903480 0.57374390 0.00000000 / 233 0 218 255 / 0.75064080 0.00285340
				53.72119000 121.27780000 0.48144530 / -0.81903480 0.57374390 0.00000000 / 211 0 198 255 / 0.75064080 0.20376590
				53.72119000 121.27780000 0.48144530 / -0.81903480 0.57374390 0.00000000 / 211 0 198 255 / 0.75064080 0.20376590
				53.60596000 121.11380000 0.48144530 / -0.81903480 0.57374390 0.00000000 / 211 0 198 255 / 0.77662660 0.20376590
				53.60596000 121.11380000 1.68408200 / -0.81903480 0.57374390 0.00000000 / 211 0 198 255 / 0.77662660 0.00285340
				53.60596000 121.11380000 1.68408200 / -0.81903480 0.57374390 0.00000000 / 211 0 198 255 / 0.77662660 0.00285340
				53.72119000 121.27780000 1.68408200 / -0.81903480 0.57374390 0.00000000 / 211 0 198 255 / 0.75064080 0.00285340
				54.28564000 122.08400000 0.48144530 / -0.81903480 0.57374390 0.00000000 / 216 0 203 255 / 0.75064080 0.20376590
				54.28564000 122.08400000 0.48144530 / -0.81903480 0.57374390 0.00000000 / 216 0 203 255 / 0.75064080 0.20376590
				54.17090000 121.91990000 0.48144530 / -0.81903480 0.57374390 0.00000000 / 216 0 203 255 / 0.77662660 0.20376590
				54.17090000 121.91990000 1.68408200 / -0.81903480 0.57374390 0.00000000 / 216 0 203 255 / 0.77662660 0.00285340
				54.17090000 121.91990000 1.68408200 / -0.81903480 0.57374390 0.00000000 / 216 0 203 255 / 0.77662660 0.00285340
				54.28564000 122.08400000 1.68408200 / -0.81903480 0.57374390 0.00000000 / 216 0 203 255 / 0.75064080 0.00285340
				51.56494000 118.19820000 0.48144530 / -0.81903480 0.57374390 0.00000000 / 219 0 205 255 / 0.75064080 0.20376590
				51.56494000 118.19820000 0.48144530 / -0.81903480 0.57374390 0.00000000 / 219 0 205 255 / 0.75064080 0.20376590
				51.44971000 118.03420000 0.48144530 / -0.81903480 0.57374390 0.00000000 / 219 0 206 255 / 0.77662660 0.20376590
				51.44971000 118.03420000 1.68408200 / -0.81903480 0.57374390 0.00000000 / 219 0 205 255 / 0.77662660 0.00285340
				51.44971000 118.03420000 1.68408200 / -0.81903480 0.57374390 0.00000000 / 219 0 205 255 / 0.77662660 0.00285340
				51.56494000 118.19820000 1.68408200 / -0.81903480 0.57374390 0.00000000 / 218 0 205 255 / 0.75064080 0.00285340
				56.00733000 124.54250000 0.48144530 / -0.81903480 0.57374390 0.00000000 / 223 0 209 255 / 0.75064080 0.20376590
				56.00733000 124.54250000 0.48144530 / -0.81903480 0.57374390 0.00000000 / 223 0 209 255 / 0.75064080 0.20376590
				55.89209000 124.37840000 0.48144530 / -0.81903480 0.57374390 0.00000000 / 224 0 210 255 / 0.77662660 0.20376590
				55.89209000 124.37840000 1.68408200 / -0.81903480 0.57374390 0.00000000 / 223 0 209 255 / 0.77662660 0.00285340
				55.89209000 124.37840000 1.68408200 / -0.81903480 0.57374390 0.00000000 / 223 0 209 255 / 0.77662660 0.00285340
				56.00733000 124.54250000 1.68408200 / -0.81903480 0.57374390 0.00000000 / 222 0 209 255 / 0.75064080 0.00285340
				58.94629000 128.74020000 -4.41308600 / -0.81903480 0.57374390 0.00000000 / 206 0 194 255 / 0.75064080 0.20376590
				58.94629000 128.74020000 -4.41308600 / -0.81903480 0.57374390 0.00000000 / 206 0 194 255 / 0.75064080 0.20376590
				58.83154000 128.57620000 -4.41308600 / -0.81903480 0.57374390 0.00000000 / 207 0 194 255 / 0.77662660 0.20376590
				58.83154000 128.57620000 -3.21093700 / -0.81903480 0.57374390 0.00000000 / 206 0 194 255 / 0.77662660 0.00285340
				58.83154000 128.57620000 -3.21093700 / -0.81903480 0.57374390 0.00000000 / 206 0 194 255 / 0.77662660 0.00285340
				58.94629000 128.74020000 -3.21093700 / -0.81903480 0.57374390 0.00000000 / 206 0 194 255 / 0.75064080 0.00285340
				59.51074000 129.54640000 -4.41308600 / -0.81903480 0.57374390 0.00000000 / 223 0 210 255 / 0.75064080 0.20376590
				59.51074000 129.54640000 -4.41308600 / -0.81903480 0.57374390 0.00000000 / 223 0 210 255 / 0.75064080 0.20376590
				59.39600000 129.38230000 -4.41308600 / -0.81903480 0.57374390 0.00000000 / 223 0 210 255 / 0.77662660 0.20376590
				59.39600000 129.38230000 -3.21093700 / -0.81903480 0.57374390 0.00000000 / 223 0 210 255 / 0.77662660 0.00285340
				59.39600000 129.38230000 -3.21093700 / -0.81903480 0.57374390 0.00000000 / 223 0 210 255 / 0.77662660 0.00285340
				59.51074000 129.54640000 -3.21093700 / -0.81903480 0.57374390 0.00000000 / 224 0 210 255 / 0.75064080 0.00285340
				56.79004000 125.66060000 -4.41308600 / -0.81903480 0.57374390 0.00000000 / 206 0 194 255 / 0.75064080 0.20376590
				56.79004000 125.66060000 -4.41308600 / -0.81903480 0.57374390 0.00000000 / 206 0 194 255 / 0.75064080 0.20376590
				56.67529000 125.49660000 -4.41308600 / -0.81903480 0.57374390 0.00000000 / 206 0 194 255 / 0.77662660 0.20376590
				56.67529000 125.49660000 -3.21093700 / -0.81903480 0.57374390 0.00000000 / 206 0 194 255 / 0.77662660 0.00285340
				56.67529000 125.49660000 -3.21093700 / -0.81903480 0.57374390 0.00000000 / 206 0 194 255 / 0.77662660 0.00285340
				56.79004000 125.66060000 -3.21093700 / -0.81903480 0.57374390 0.00000000 / 206 0 194 255 / 0.75064080 0.00285340
				61.23242000 132.00490000 -4.41308600 / -0.81903480 0.57374390 0.00000000 / 218 0 204 255 / 0.75064080 0.20376590
				61.23242000 132.00490000 -4.41308600 / -0.81903480 0.57374390 0.00000000 / 218 0 204 255 / 0.75064080 0.20376590
				61.11767000 131.84080000 -4.41308600 / -0.81903480 0.57374390 0.00000000 / 218 0 205 255 / 0.77662660 0.20376590
				61.11767000 131.84080000 -3.21093700 / -0.81903480 0.57374390 0.00000000 / 218 0 204 255 / 0.77662660 0.00285340
				61.11767000 131.84080000 -3.21093700 / -0.81903480 0.57374390 0.00000000 / 218 0 204 255 / 0.77662660 0.00285340
				61.23242000 132.00490000 -3.21093700 / -0.81903480 0.57374390 0.00000000 / 217 0 204 255 / 0.75064080 0.00285340
				53.72119000 121.27780000 -4.41308600 / -0.81903480 0.57374390 0.00000000 / 191 0 180 255 / 0.75064080 0.20376590
				53.72119000 121.27780000 -4.41308600 / -0.81903480 0.57374390 0.00000000 / 191 0 180 255 / 0.75064080 0.20376590
				53.60596000 121.11380000 -4.41308600 / -0.81903480 0.57374390 0.00000000 / 191 0 180 255 / 0.77662660 0.20376590
				53.60596000 121.11380000 -3.21093700 / -0.81903480 0.57374390 0.00000000 / 191 0 180 255 / 0.77662660 0.00285340
				53.60596000 121.11380000 -3.21093700 / -0.81903480 0.57374390 0.00000000 / 191 0 180 255 / 0.77662660 0.00285340
				53.72119000 121.27780000 -3.21093700 / -0.81903480 0.57374390 0.00000000 / 191 0 180 255 / 0.75064080 0.00285340
				54.28564000 122.08400000 -4.41308600 / -0.81903480 0.57374390 0.00000000 / 196 0 184 255 / 0.75064080 0.20376590
				54.28564000 122.08400000 -4.41308600 / -0.81903480 0.57374390 0.00000000 / 196 0 184 255 / 0.75064080 0.20376590
				54.17090000 121.91990000 -4.41308600 / -0.81903480 0.57374390 0.00000000 / 196 0 184 255 / 0.77662660 0.20376590
				54.17090000 121.91990000 -3.21093700 / -0.81903480 0.57374390 0.00000000 / 196 0 184 255 / 0.77662660 0.00285340
				54.17090000 121.91990000 -3.21093700 / -0.81903480 0.57374390 0.00000000 / 196 0 184 255 / 0.77662660 0.00285340
				54.28564000 122.08400000 -3.21093700 / -0.81903480 0.57374390 0.00000000 / 196 0 184 255 / 0.75064080 0.00285340
				51.56494000 118.19820000 -4.41308600 / -0.81903480 0.57374390 0.00000000 / 204 0 192 255 / 0.75064080 0.20376590
				51.56494000 118.19820000 -4.41308600 / -0.81903480 0.57374390 0.00000000 / 204 0 192 255 / 0.75064080 0.20376590
				51.44971000 118.03420000 -4.41308600 / -0.81903480 0.57374390 0.00000000 / 204 0 192 255 / 0.77662660 0.20376590
				51.44971000 118.03420000 -3.21093700 / -0.81903480 0.57374390 0.00000000 / 204 0 192 255 / 0.77662660 0.00285340
				51.44971000 118.03420000 -3.21093700 / -0.81903480 0.57374390 0.00000000 / 204 0 192 255 / 0.77662660 0.00285340
				51.56494000 118.19820000 -3.21093700 / -0.81903480 0.57374390 0.00000000 / 203 0 191 255 / 0.75064080 0.00285340
				56.00733000 124.54250000 -4.41308600 / -0.81903480 0.57374390 0.00000000 / 208 0 196 255 / 0.75064080 0.20376590
				56.00733000 124.54250000 -4.41308600 / -0.81903480 0.57374390 0.00000000 / 208 0 196 255 / 0.75064080 0.20376590
				55.89209000 124.37840000 -4.41308600 / -0.81903480 0.57374390 0.00000000 / 208 0 196 255 / 0.77662660 0.20376590
				55.89209000 124.37840000 -3.21093700 / -0.81903480 0.57374390 0.00000000 / 208 0 196 255 / 0.77662660 0.00285340
				55.89209000 124.37840000 -3.21093700 / -0.81903480 0.57374390 0.00000000 / 208 0 196 255 / 0.77662660 0.00285340
				56.00733000 124.54250000 -3.21093700 / -0.81903480 0.57374390 0.00000000 / 208 0 196 255 / 0.75064080 0.00285340
				46.13574000 110.44530000 0.48144530 / -0.81903480 0.57374390 0.00000000 / 216 0 203 255 / 0.75064080 0.20376590
				46.13574000 110.44530000 0.48144530 / -0.81903480 0.57374390 0.00000000 / 216 0 203 255 / 0.75064080 0.20376590
				46.02100000 110.28080000 0.48144530 / -0.81903480 0.57374390 0.00000000 / 216 0 203 255 / 0.77662660 0.20376590
				46.02100000 110.28080000 1.68408200 / -0.81903480 0.57374390 0.00000000 / 216 0 203 255 / 0.77662660 0.00285340
				46.02100000 110.28080000 1.68408200 / -0.81903480 0.57374390 0.00000000 / 216 0 203 255 / 0.77662660 0.00285340
				46.13574000 110.44530000 1.68408200 / -0.81903480 0.57374390 0.00000000 / 216 0 203 255 / 0.75064080 0.00285340
				46.70068000 111.25150000 0.48144530 / -0.81903480 0.57374390 0.00000000 / 202 0 190 255 / 0.75064080 0.20376590
				46.70068000 111.25150000 0.48144530 / -0.81903480 0.57374390 0.00000000 / 202 0 190 255 / 0.75064080 0.20376590
				46.58594000 111.08740000 0.48144530 / -0.81903480 0.57374390 0.00000000 / 202 0 190 255 / 0.77662660 0.20376590
				46.58594000 111.08740000 1.68408200 / -0.81903480 0.57374390 0.00000000 / 202 0 190 255 / 0.77662660 0.00285340
				46.58594000 111.08740000 1.68408200 / -0.81903480 0.57374390 0.00000000 / 202 0 190 255 / 0.77662660 0.00285340
				46.70068000 111.25150000 1.68408200 / -0.81903480 0.57374390 0.00000000 / 202 0 190 255 / 0.75064080 0.00285340
				43.97998000 107.36570000 0.48144530 / -0.81903480 0.57374390 0.00000000 / 208 0 195 255 / 0.75064080 0.20376590
				43.97998000 107.36570000 0.48144530 / -0.81903480 0.57374390 0.00000000 / 208 0 195 255 / 0.75064080 0.20376590
				43.86474000 107.20170000 0.48144530 / -0.81903480 0.57374390 0.00000000 / 207 0 195 255 / 0.77662660 0.20376590
				43.86474000 107.20170000 1.68408200 / -0.81903480 0.57374390 0.00000000 / 208 0 195 255 / 0.77662660 0.00285340
				43.86474000 107.20170000 1.68408200 / -0.81903480 0.57374390 0.00000000 / 208 0 195 255 / 0.77662660 0.00285340
				43.97949000 107.36570000 1.68408200 / -0.81903480 0.57374390 0.00000000 / 208 0 196 255 / 0.75064080 0.00285340
				48.42236000 113.71000000 0.48144530 / -0.81903480 0.57374390 0.00000000 / 205 0 193 255 / 0.75064080 0.20376590
				48.42236000 113.71000000 0.48144530 / -0.81903480 0.57374390 0.00000000 / 205 0 193 255 / 0.75064080 0.20376590
				48.30713000 113.54590000 0.48144530 / -0.81903480 0.57374390 0.00000000 / 205 0 192 255 / 0.77662660 0.20376590
				48.30713000 113.54590000 1.68408200 / -0.81903480 0.57374390 0.00000000 / 205 0 193 255 / 0.77662660 0.00285340
				48.30713000 113.54590000 1.68408200 / -0.81903480 0.57374390 0.00000000 / 205 0 193 255 / 0.77662660 0.00285340
				48.42187000 113.71000000 1.68408200 / -0.81903480 0.57374390 0.00000000 / 205 0 193 255 / 0.75064080 0.00285340
				40.91065000 102.98240000 0.48144530 / -0.81903480 0.57374390 0.00000000 / 188 0 177 255 / 0.75064080 0.20376590
				40.91065000 102.98240000 0.48144530 / -0.81903480 0.57374390 0.00000000 / 188 0 177 255 / 0.75064080 0.20376590
				40.79590000 102.81840000 0.48144530 / -0.81903480 0.57374390 0.00000000 / 188 0 177 255 / 0.77662660 0.20376590
				40.79590000 102.81840000 1.68408200 / -0.81903480 0.57374390 0.00000000 / 188 0 177 255 / 0.77662660 0.00285340
				40.79590000 102.81840000 1.68408200 / -0.81903480 0.57374390 0.00000000 / 188 0 177 255 / 0.77662660 0.00285340
				40.91065000 102.98240000 1.68408200 / -0.81903480 0.57374390 0.00000000 / 188 0 177 255 / 0.75064080 0.00285340
				41.47559000 103.78910000 0.48144530 / -0.81903480 0.57374390 0.00000000 / 193 0 182 255 / 0.75064080 0.20376590
				41.47559000 103.78910000 0.48144530 / -0.81903480 0.57374390 0.00000000 / 193 0 182 255 / 0.75064080 0.20376590
				41.36035000 103.62500000 0.48144530 / -0.81903480 0.57374390 0.00000000 / 193 0 182 255 / 0.77662660 0.20376590
				41.36035000 103.62500000 1.68408200 / -0.81903480 0.57374390 0.00000000 / 193 0 182 255 / 0.77662660 0.00285340
				41.36035000 103.62500000 1.68408200 / -0.81903480 0.57374390 0.00000000 / 193 0 182 255 / 0.77662660 0.00285340
				41.47559000 103.78910000 1.68408200 / -0.81903480 0.57374390 0.00000000 / 193 0 182 255 / 0.75064080 0.00285340
				38.75439000 99.90332000 0.48144530 / -0.81903480 0.57374390 0.00000000 / 195 0 184 255 / 0.75064080 0.20376590
				38.75439000 99.90332000 0.48144530 / -0.81903480 0.57374390 0.00000000 / 195 0 184 255 / 0.75064080 0.20376590
				38.63965000 99.73926000 0.48144530 / -0.81903480 0.57374390 0.00000000 / 196 0 184 255 / 0.77662660 0.20376590
				38.63965000 99.73926000 1.68408200 / -0.81903480 0.57374390 0.00000000 / 195 0 184 255 / 0.77662660 0.00285340
				38.63965000 99.73926000 1.68408200 / -0.81903480 0.57374390 0.00000000 / 195 0 184 255 / 0.77662660 0.00285340
				38.75439000 99.90332000 1.68408200 / -0.81903480 0.57374390 0.00000000 / 195 0 184 255 / 0.75064080 0.00285340
				43.19678000 106.24760000 0.48144530 / -0.81903480 0.57374390 0.00000000 / 199 0 187 255 / 0.75064080 0.20376590
				43.19678000 106.24760000 0.48144530 / -0.81903480 0.57374390 0.00000000 / 199 0 187 255 / 0.75064080 0.20376590
				43.08203000 106.08350000 0.48144530 / -0.81903480 0.57374390 0.00000000 / 199 0 187 255 / 0.77662660 0.20376590
				43.08203000 106.08350000 1.68408200 / -0.81903480 0.57374390 0.00000000 / 199 0 187 255 / 0.77662660 0.00285340
				43.08203000 106.08350000 1.68408200 / -0.81903480 0.57374390 0.00000000 / 199 0 187 255 / 0.77662660 0.00285340
				43.19678000 106.24760000 1.68408200 / -0.81903480 0.57374390 0.00000000 / 199 0 187 255 / 0.75064080 0.00285340
				46.13623000 110.44530000 -4.41308600 / -0.81903480 0.57374390 0.00000000 / 184 0 174 255 / 0.75064080 0.20376590
				46.13623000 110.44530000 -4.41308600 / -0.81903480 0.57374390 0.00000000 / 184 0 174 255 / 0.75064080 0.20376590
				46.02100000 110.28080000 -4.41308600 / -0.81903480 0.57374390 0.00000000 / 184 0 174 255 / 0.77662660 0.20376590
				46.02100000 110.28080000 -3.21093700 / -0.81903480 0.57374390 0.00000000 / 184 0 174 255 / 0.77662660 0.00285340
				46.02100000 110.28080000 -3.21093700 / -0.81903480 0.57374390 0.00000000 / 184 0 174 255 / 0.77662660 0.00285340
				46.13623000 110.44530000 -3.21093700 / -0.81903480 0.57374390 0.00000000 / 184 0 174 255 / 0.75064080 0.00285340
				46.70068000 111.25150000 -4.41308600 / -0.81903480 0.57374390 0.00000000 / 180 0 170 255 / 0.75064080 0.20376590
				46.70068000 111.25150000 -4.41308600 / -0.81903480 0.57374390 0.00000000 / 180 0 170 255 / 0.75064080 0.20376590
				46.58594000 111.08740000 -4.41308600 / -0.81903480 0.57374390 0.00000000 / 180 0 170 255 / 0.77662660 0.20376590
				46.58594000 111.08740000 -3.21093700 / -0.81903480 0.57374390 0.00000000 / 180 0 170 255 / 0.77662660 0.00285340
				46.58594000 111.08740000 -3.21093700 / -0.81903480 0.57374390 0.00000000 / 180 0 170 255 / 0.77662660 0.00285340
				46.70068000 111.25150000 -3.21093700 / -0.81903480 0.57374390 0.00000000 / 180 0 170 255 / 0.75064080 0.00285340
				43.97998000 107.36570000 -4.41308600 / -0.81903480 0.57374390 0.00000000 / 184 0 174 255 / 0.75064080 0.20376590
				43.97998000 107.36570000 -4.41308600 / -0.81903480 0.57374390 0.00000000 / 184 0 174 255 / 0.75064080 0.20376590
				43.86474000 107.20170000 -4.41308600 / -0.81903480 0.57374390 0.00000000 / 184 0 174 255 / 0.77662660 0.20376590
				43.86474000 107.20170000 -3.21093700 / -0.81903480 0.57374390 0.00000000 / 184 0 174 255 / 0.77662660 0.00285340
				43.86474000 107.20170000 -3.21093700 / -0.81903480 0.57374390 0.00000000 / 184 0 174 255 / 0.77662660 0.00285340
				43.97998000 107.36570000 -3.21093700 / -0.81903480 0.57374390 0.00000000 / 184 0 173 255 / 0.75064080 0.00285340
				48.42236000 113.71000000 -4.41308600 / -0.81903480 0.57374390 0.00000000 / 186 0 176 255 / 0.75064080 0.20376590
				48.42236000 113.71000000 -4.41308600 / -0.81903480 0.57374390 0.00000000 / 186 0 176 255 / 0.75064080 0.20376590
				48.30713000 113.54590000 -4.41308600 / -0.81903480 0.57374390 0.00000000 / 186 0 176 255 / 0.77662660 0.20376590
				48.30713000 113.54590000 -3.21093700 / -0.81903480 0.57374390 0.00000000 / 186 0 176 255 / 0.77662660 0.00285340
				48.30713000 113.54590000 -3.21093700 / -0.81903480 0.57374390 0.00000000 / 186 0 176 255 / 0.77662660 0.00285340
				48.42236000 113.71000000 -3.21093700 / -0.81903480 0.57374390 0.00000000 / 187 0 176 255 / 0.75064080 0.00285340
				40.91065000 102.98240000 -4.41308600 / -0.81903480 0.57374390 0.00000000 / 148 0 141 255 / 0.75064080 0.20376590
				40.91065000 102.98240000 -4.41308600 / -0.81903480 0.57374390 0.00000000 / 148 0 141 255 / 0.75064080 0.20376590
				40.79590000 102.81840000 -4.41308600 / -0.81903480 0.57374390 0.00000000 / 148 0 140 255 / 0.77662660 0.20376590
				40.79590000 102.81840000 -3.21093700 / -0.81903480 0.57374390 0.00000000 / 148 0 141 255 / 0.77662660 0.00285340
				40.79590000 102.81840000 -3.21093700 / -0.81903480 0.57374390 0.00000000 / 148 0 141 255 / 0.77662660 0.00285340
				40.91065000 102.98240000 -3.21093700 / -0.81903480 0.57374390 0.00000000 / 148 0 141 255 / 0.75064080 0.00285340
				41.47559000 103.78910000 -4.41308600 / -0.81903480 0.57374390 0.00000000 / 167 0 158 255 / 0.75064080 0.20376590
				41.47559000 103.78910000 -4.41308600 / -0.81903480 0.57374390 0.00000000 / 167 0 158 255 / 0.75064080 0.20376590
				41.36035000 103.62500000 -4.41308600 / -0.81903480 0.57374390 0.00000000 / 167 0 158 255 / 0.77662660 0.20376590
				41.36035000 103.62500000 -3.21093700 / -0.81903480 0.57374390 0.00000000 / 167 0 158 255 / 0.77662660 0.00285340
				41.36035000 103.62500000 -3.21093700 / -0.81903480 0.57374390 0.00000000 / 167 0 158 255 / 0.77662660 0.00285340
				41.47559000 103.78910000 -3.21093700 / -0.81903480 0.57374390 0.00000000 / 167 0 158 255 / 0.75064080 0.00285340
				38.75439000 99.90332000 -4.41308600 / -0.81903480 0.57374390 0.00000000 / 131 0 125 255 / 0.75064080 0.20376590
				38.75439000 99.90332000 -4.41308600 / -0.81903480 0.57374390 0.00000000 / 131 0 125 255 / 0.75064080 0.20376590
				38.63965000 99.73926000 -4.41308600 / -0.81903480 0.57374390 0.00000000 / 132 0 125 255 / 0.77662660 0.20376590
				38.63965000 99.73926000 -3.21093700 / -0.81903480 0.57374390 0.00000000 / 131 0 125 255 / 0.77662660 0.00285340
				38.63965000 99.73926000 -3.21093700 / -0.81903480 0.57374390 0.00000000 / 131 0 125 255 / 0.77662660 0.00285340
				38.75439000 99.90332000 -3.21093700 / -0.81903480 0.57374390 0.00000000 / 131 0 125 255 / 0.75064080 0.00285340
				43.19678000 106.24760000 -4.41308600 / -0.81903480 0.57374390 0.00000000 / 176 0 166 255 / 0.75064080 0.20376590
				43.19678000 106.24760000 -4.41308600 / -0.81903480 0.57374390 0.00000000 / 176 0 166 255 / 0.75064080 0.20376590
				43.08203000 106.08350000 -4.41308600 / -0.81903480 0.57374390 0.00000000 / 176 0 166 255 / 0.77662660 0.20376590
				43.08203000 106.08350000 -3.21093700 / -0.81903480 0.57374390 0.00000000 / 176 0 166 255 / 0.77662660 0.00285340
				43.08203000 106.08350000 -3.21093700 / -0.81903480 0.57374390 0.00000000 / 176 0 166 255 / 0.77662660 0.00285340
				43.19678000 106.24760000 -3.21093700 / -0.81903480 0.57374390 0.00000000 / 176 0 167 255 / 0.75064080 0.00285340
				72.45312000 90.89599000 1.06543000 / -0.98515000 -0.17169540 0.00000000 / 207 0 195 255 / 0.75056460 0.21057130
				72.45312000 90.89599000 1.06543000 / -0.98515000 -0.17169540 0.00000000 / 207 0 195 255 / 0.75056460 0.21057130
				72.45312000 90.89599000 1.65918000 / -0.98515000 -0.17169540 0.00000000 / 207 0 195 255 / 0.75056460 0.29104620
				72.26953000 91.93604000 1.65918000 / -0.98515000 -0.17169540 0.00000000 / 207 0 195 255 / 0.82252500 0.29104620
				72.26953000 91.93604000 1.65918000 / -0.98515000 -0.17169540 0.00000000 / 207 0 195 255 / 0.82252500 0.29104620
				72.26953000 91.93604000 1.06543000 / -0.98515000 -0.17169540 0.00000000 / 207 0 195 255 / 0.82252500 0.21057130
				100.75290000 113.57080000 0.48144530 / 0.57356480 0.81916030 0.00000000 / 231 0 217 255 / 0.75064080 0.20376590
				100.75290000 113.57080000 0.48144530 / 0.57356480 0.81916030 0.00000000 / 231 0 217 255 / 0.75064080 0.20376590
				100.58890000 113.68550000 0.48144530 / 0.57356480 0.81916030 0.00000000 / 232 0 218 255 / 0.77662660 0.20376590
				100.58890000 113.68550000 1.68408200 / 0.57356480 0.81916030 0.00000000 / 231 0 217 255 / 0.77662660 0.00285340
				100.58890000 113.68550000 1.68408200 / 0.57356480 0.81916030 0.00000000 / 231 0 217 255 / 0.77662660 0.00285340
				100.75290000 113.57080000 1.68408200 / 0.57356480 0.81916030 0.00000000 / 231 0 217 255 / 0.75064080 0.00285340
				101.55910000 113.00590000 0.48144530 / 0.57356480 0.81916030 0.00000000 / 215 0 202 255 / 0.75064080 0.20376590
				101.55910000 113.00590000 0.48144530 / 0.57356480 0.81916030 0.00000000 / 215 0 202 255 / 0.75064080 0.20376590
				101.39500000 113.12110000 0.48144530 / 0.57356480 0.81916030 0.00000000 / 215 0 202 255 / 0.77662660 0.20376590
				101.39500000 113.12110000 1.68408200 / 0.57356480 0.81916030 0.00000000 / 215 0 202 255 / 0.77662660 0.00285340
				101.39500000 113.12110000 1.68408200 / 0.57356480 0.81916030 0.00000000 / 215 0 202 255 / 0.77662660 0.00285340
				101.55910000 113.00630000 1.68408200 / 0.57356480 0.81916030 0.00000000 / 215 0 202 255 / 0.75064080 0.00285340
				97.67334000 115.72710000 0.48144530 / 0.57356480 0.81916030 0.00000000 / 228 0 214 255 / 0.75064080 0.20376590
				97.67334000 115.72710000 0.48144530 / 0.57356480 0.81916030 0.00000000 / 228 0 214 255 / 0.75064080 0.20376590
				97.50927000 115.84180000 0.48144530 / 0.57356480 0.81916030 0.00000000 / 228 0 214 255 / 0.77662660 0.20376590
				97.50927000 115.84180000 1.68408200 / 0.57356480 0.81916030 0.00000000 / 228 0 214 255 / 0.77662660 0.00285340
				97.50927000 115.84180000 1.68408200 / 0.57356480 0.81916030 0.00000000 / 228 0 214 255 / 0.77662660 0.00285340
				97.67334000 115.72710000 1.68408200 / 0.57356480 0.81916030 0.00000000 / 229 0 215 255 / 0.75064080 0.00285340
				104.01760000 111.28470000 0.48144530 / 0.57356480 0.81916030 0.00000000 / 229 0 215 255 / 0.75064080 0.20376590
				104.01760000 111.28470000 0.48144530 / 0.57356480 0.81916030 0.00000000 / 229 0 215 255 / 0.75064080 0.20376590
				103.85350000 111.39940000 0.48144530 / 0.57356480 0.81916030 0.00000000 / 229 0 215 255 / 0.77662660 0.20376590
				103.85350000 111.39940000 1.68408200 / 0.57356480 0.81916030 0.00000000 / 229 0 215 255 / 0.77662660 0.00285340
				103.85350000 111.39940000 1.68408200 / 0.57356480 0.81916030 0.00000000 / 229 0 215 255 / 0.77662660 0.00285340
				104.01760000 111.28470000 1.68408200 / 0.57356480 0.81916030 0.00000000 / 228 0 214 255 / 0.75064080 0.00285340
				93.29052000 118.79590000 0.48144530 / 0.57356480 0.81916030 0.00000000 / 233 0 219 255 / 0.75064080 0.20376590
				93.29052000 118.79590000 0.48144530 / 0.57356480 0.81916030 0.00000000 / 233 0 219 255 / 0.75064080 0.20376590
				93.12646000 118.91110000 0.48144530 / 0.57356480 0.81916030 0.00000000 / 233 0 219 255 / 0.77662660 0.20376590
				93.12646000 118.91110000 1.68408200 / 0.57356480 0.81916030 0.00000000 / 233 0 219 255 / 0.77662660 0.00285340
				93.12646000 118.91110000 1.68408200 / 0.57356480 0.81916030 0.00000000 / 233 0 219 255 / 0.77662660 0.00285340
				93.29052000 118.79590000 1.68408200 / 0.57356480 0.81916030 0.00000000 / 233 0 219 255 / 0.75064080 0.00285340
				94.09668000 118.23140000 0.48144530 / 0.57356480 0.81916030 0.00000000 / 218 0 205 255 / 0.75064080 0.20376590
				94.09668000 118.23140000 0.48144530 / 0.57356480 0.81916030 0.00000000 / 218 0 205 255 / 0.75064080 0.20376590
				93.93262000 118.34620000 0.48144530 / 0.57356480 0.81916030 0.00000000 / 218 0 205 255 / 0.77662660 0.20376590
				93.93262000 118.34620000 1.68408200 / 0.57356480 0.81916030 0.00000000 / 218 0 205 255 / 0.77662660 0.00285340
				93.93262000 118.34620000 1.68408200 / 0.57356480 0.81916030 0.00000000 / 218 0 205 255 / 0.77662660 0.00285340
				94.09668000 118.23140000 1.68408200 / 0.57356480 0.81916030 0.00000000 / 218 0 205 255 / 0.75064080 0.00285340
				90.21094000 120.95210000 0.48144530 / 0.57356480 0.81916030 0.00000000 / 243 0 228 255 / 0.75064080 0.20376590
				90.21094000 120.95210000 0.48144530 / 0.57356480 0.81916030 0.00000000 / 243 0 228 255 / 0.75064080 0.20376590
				90.04688000 121.06740000 0.48144530 / 0.57356480 0.81916030 0.00000000 / 243 0 228 255 / 0.77662660 0.20376590
				90.04688000 121.06740000 1.68408200 / 0.57356480 0.81916030 0.00000000 / 243 0 228 255 / 0.77662660 0.00285340
				90.04688000 121.06740000 1.68408200 / 0.57356480 0.81916030 0.00000000 / 243 0 228 255 / 0.77662660 0.00285340
				90.21094000 120.95210000 1.68408200 / 0.57356480 0.81916030 0.00000000 / 243 0 228 255 / 0.75064080 0.00285340
				96.55517000 116.50980000 0.48144530 / 0.57356480 0.81916030 0.00000000 / 244 0 229 255 / 0.75064080 0.20376590
				96.55517000 116.50980000 0.48144530 / 0.57356480 0.81916030 0.00000000 / 244 0 229 255 / 0.75064080 0.20376590
				96.39111000 116.62450000 0.48144530 / 0.57356480 0.81916030 0.00000000 / 245 0 230 255 / 0.77662660 0.20376590
				96.39111000 116.62500000 1.68408200 / 0.57356480 0.81916030 0.00000000 / 244 0 229 255 / 0.77662660 0.00285340
				96.39111000 116.62500000 1.68408200 / 0.57356480 0.81916030 0.00000000 / 244 0 229 255 / 0.77662660 0.00285340
				96.55517000 116.50980000 1.68408200 / 0.57356480 0.81916030 0.00000000 / 244 0 229 255 / 0.75064080 0.00285340
				82.45801000 126.38090000 0.48144530 / 0.57356480 0.81916030 0.00000000 / 223 0 210 255 / 0.83427430 0.20376590
				82.45801000 126.38090000 0.48144530 / 0.57356480 0.81916030 0.00000000 / 223 0 210 255 / 0.83427430 0.20376590
				82.29394000 126.49610000 0.48144530 / 0.57356480 0.81916030 0.00000000 / 223 0 210 255 / 0.86026000 0.20376590
				82.29394000 126.49610000 1.68408200 / 0.57356480 0.81916030 0.00000000 / 223 0 210 255 / 0.86026000 0.00285340
				82.29394000 126.49610000 1.68408200 / 0.57356480 0.81916030 0.00000000 / 223 0 210 255 / 0.86026000 0.00285340
				82.45801000 126.38090000 1.68408200 / 0.57356480 0.81916030 0.00000000 / 224 0 210 255 / 0.83427430 0.00285340
				83.26416000 125.81640000 0.48144530 / 0.57356480 0.81916030 0.00000000 / 232 0 217 255 / 0.80699160 0.20376590
				83.26416000 125.81640000 0.48144530 / 0.57356480 0.81916030 0.00000000 / 232 0 217 255 / 0.80699160 0.20376590
				83.10010000 125.93110000 0.48144530 / 0.57356480 0.81916030 0.00000000 / 232 0 217 255 / 0.83296200 0.20376590
				83.10010000 125.93110000 1.68408200 / 0.57356480 0.81916030 0.00000000 / 232 0 217 255 / 0.83296200 0.00285340
				83.10010000 125.93110000 1.68408200 / 0.57356480 0.81916030 0.00000000 / 232 0 217 255 / 0.83296200 0.00285340
				83.26416000 125.81640000 1.68408200 / 0.57356480 0.81916030 0.00000000 / 232 0 217 255 / 0.80699160 0.00285340
				79.37842000 128.53710000 0.48144530 / 0.57356480 0.81916030 0.00000000 / 241 0 226 255 / 0.86682130 0.20376590
				79.37842000 128.53710000 0.48144530 / 0.57356480 0.81916030 0.00000000 / 241 0 226 255 / 0.86682130 0.20376590
				79.21436000 128.65230000 0.48144530 / 0.57356480 0.81916030 0.00000000 / 241 0 226 255 / 0.89280700 0.20376590
				79.21436000 128.65230000 1.68408200 / 0.57356480 0.81916030 0.00000000 / 241 0 226 255 / 0.89280700 0.00285340
				79.21436000 128.65230000 1.68408200 / 0.57356480 0.81916030 0.00000000 / 241 0 226 255 / 0.89280700 0.00285340
				79.37842000 128.53710000 1.68408200 / 0.57356480 0.81916030 0.00000000 / 241 0 226 255 / 0.86682130 0.00285340
				85.72265000 124.09470000 0.48144530 / 0.57356480 0.81916030 0.00000000 / 211 0 198 255 / 0.78004450 0.20376590
				85.72265000 124.09470000 0.48144530 / 0.57356480 0.81916030 0.00000000 / 211 0 198 255 / 0.78004450 0.20376590
				85.55859000 124.21000000 0.48144530 / 0.57356480 0.81916030 0.00000000 / 211 0 198 255 / 0.80601500 0.20376590
				85.55859000 124.21000000 1.68408200 / 0.57356480 0.81916030 0.00000000 / 211 0 198 255 / 0.80601500 0.00285340
				85.55859000 124.21000000 1.68408200 / 0.57356480 0.81916030 0.00000000 / 211 0 198 255 / 0.80601500 0.00285340
				85.72265000 124.09470000 1.68408200 / 0.57356480 0.81916030 0.00000000 / 211 0 198 255 / 0.78004450 0.00285340
				74.99512000 131.60640000 0.48144530 / 0.57356480 0.81916030 0.00000000 / 229 0 215 255 / 0.83462530 0.20376590
				74.99512000 131.60640000 0.48144530 / 0.57356480 0.81916030 0.00000000 / 229 0 215 255 / 0.83462530 0.20376590
				74.83106000 131.72120000 0.48144530 / 0.57356480 0.81916030 0.00000000 / 229 0 215 255 / 0.86061100 0.20376590
				74.83106000 131.72120000 1.68408200 / 0.57356480 0.81916030 0.00000000 / 229 0 215 255 / 0.86061100 0.00285340
				74.83106000 131.72120000 1.68408200 / 0.57356480 0.81916030 0.00000000 / 229 0 215 255 / 0.86061100 0.00285340
				74.99512000 131.60640000 1.68408200 / 0.57356480 0.81916030 0.00000000 / 229 0 215 255 / 0.83462530 0.00285340
				75.80176000 131.04150000 0.48144530 / 0.57356480 0.81916030 0.00000000 / 227 0 213 255 / 0.86611940 0.20376590
				75.80176000 131.04150000 0.48144530 / 0.57356480 0.81916030 0.00000000 / 227 0 213 255 / 0.86611940 0.20376590
				75.63769000 131.15670000 0.48144530 / 0.57356480 0.81916030 0.00000000 / 227 0 213 255 / 0.89210510 0.20376590
				75.63769000 131.15670000 1.68408200 / 0.57356480 0.81916030 0.00000000 / 227 0 213 255 / 0.89210510 0.00285340
				75.63769000 131.15670000 1.68408200 / 0.57356480 0.81916030 0.00000000 / 227 0 213 255 / 0.89210510 0.00285340
				75.80176000 131.04150000 1.68408200 / 0.57356480 0.81916030 0.00000000 / 227 0 213 255 / 0.86611940 0.00285340
				71.91603000 133.76270000 0.48144530 / 0.57356480 0.81916030 0.00000000 / 223 0 209 255 / 0.77864070 0.20376590
				71.91603000 133.76270000 0.48144530 / 0.57356480 0.81916030 0.00000000 / 223 0 209 255 / 0.77864070 0.20376590
				71.75195000 133.87740000 0.48144530 / 0.57356480 0.81916030 0.00000000 / 223 0 209 255 / 0.80462650 0.20376590
				71.75195000 133.87740000 1.68408200 / 0.57356480 0.81916030 0.00000000 / 223 0 209 255 / 0.80462650 0.00285340
				71.75195000 133.87740000 1.68408200 / 0.57356480 0.81916030 0.00000000 / 223 0 209 255 / 0.80462650 0.00285340
				71.91603000 133.76270000 1.68408200 / 0.57356480 0.81916030 0.00000000 / 222 0 209 255 / 0.77864070 0.00285340
				78.26026000 129.32030000 0.48144530 / 0.57356480 0.81916030 0.00000000 / 236 0 221 255 / 0.89796450 0.20376590
				78.26026000 129.32030000 0.48144530 / 0.57356480 0.81916030 0.00000000 / 236 0 221 255 / 0.89796450 0.20376590
				78.09619000 129.43510000 0.48144530 / 0.57356480 0.81916030 0.00000000 / 236 0 221 255 / 0.92395020 0.20376590
				78.09619000 129.43510000 1.68408200 / 0.57356480 0.81916030 0.00000000 / 236 0 221 255 / 0.92395020 0.00285340
				78.09619000 129.43510000 1.68408200 / 0.57356480 0.81916030 0.00000000 / 236 0 221 255 / 0.92395020 0.00285340
				78.26026000 129.32030000 1.68408200 / 0.57356480 0.81916030 0.00000000 / 236 0 221 255 / 0.89796450 0.00285340
				82.45801000 126.38090000 -4.41308600 / 0.57356480 0.81916030 0.00000000 / 220 0 207 255 / 0.96899420 0.20376590
				82.45801000 126.38090000 -4.41308600 / 0.57356480 0.81916030 0.00000000 / 220 0 207 255 / 0.96899420 0.20376590
				82.29346000 126.49610000 -4.41308600 / 0.57356480 0.81916030 0.00000000 / 220 0 207 255 / 0.99497990 0.20376590
				82.29394000 126.49610000 -3.21093700 / 0.57356480 0.81916030 0.00000000 / 220 0 207 255 / 0.99497990 0.00285340
				82.29394000 126.49610000 -3.21093700 / 0.57356480 0.81916030 0.00000000 / 220 0 207 255 / 0.99497990 0.00285340
				82.45801000 126.38090000 -3.21093700 / 0.57356480 0.81916030 0.00000000 / 220 0 207 255 / 0.96899420 0.00285340
				83.26416000 125.81640000 -4.41308600 / 0.57356480 0.81916030 0.00000000 / 210 0 197 255 / 0.77934260 0.20376590
				83.26416000 125.81640000 -4.41308600 / 0.57356480 0.81916030 0.00000000 / 210 0 197 255 / 0.77934260 0.20376590
				83.10010000 125.93110000 -4.41308600 / 0.57356480 0.81916030 0.00000000 / 210 0 197 255 / 0.80531310 0.20376590
				83.10010000 125.93110000 -3.21093700 / 0.57356480 0.81916030 0.00000000 / 210 0 197 255 / 0.80531310 0.00285340
				83.10010000 125.93110000 -3.21093700 / 0.57356480 0.81916030 0.00000000 / 210 0 197 255 / 0.80531310 0.00285340
				83.26416000 125.81640000 -3.21093700 / 0.57356480 0.81916030 0.00000000 / 210 0 197 255 / 0.77934260 0.00285340
				79.37842000 128.53710000 -4.41308600 / 0.57356480 0.81916030 0.00000000 / 230 0 216 255 / 0.93505860 0.20376590
				79.37842000 128.53710000 -4.41308600 / 0.57356480 0.81916030 0.00000000 / 230 0 216 255 / 0.93505860 0.20376590
				79.21436000 128.65230000 -4.41308600 / 0.57356480 0.81916030 0.00000000 / 230 0 216 255 / 0.96104430 0.20376590
				79.21436000 128.65230000 -3.21093700 / 0.57356480 0.81916030 0.00000000 / 230 0 216 255 / 0.96104430 0.00285340
				79.21436000 128.65230000 -3.21093700 / 0.57356480 0.81916030 0.00000000 / 230 0 216 255 / 0.96104430 0.00285340
				79.37842000 128.53710000 -3.21093700 / 0.57356480 0.81916030 0.00000000 / 230 0 216 255 / 0.93505860 0.00285340
				85.72265000 124.09470000 -4.41308600 / 0.57356480 0.81916030 0.00000000 / 218 0 205 255 / 0.80593870 0.20376590
				85.72265000 124.09470000 -4.41308600 / 0.57356480 0.81916030 0.00000000 / 218 0 205 255 / 0.80593870 0.20376590
				85.55859000 124.21000000 -4.41308600 / 0.57356480 0.81916030 0.00000000 / 217 0 204 255 / 0.83190920 0.20376590
				85.55859000 124.21000000 -3.21093700 / 0.57356480 0.81916030 0.00000000 / 218 0 205 255 / 0.83190920 0.00285340
				85.55859000 124.21000000 -3.21093700 / 0.57356480 0.81916030 0.00000000 / 218 0 205 255 / 0.83190920 0.00285340
				85.72265000 124.09470000 -3.21093700 / 0.57356480 0.81916030 0.00000000 / 218 0 205 255 / 0.80593870 0.00285340
				74.99561000 131.60640000 -4.41308600 / 0.57356480 0.81916030 0.00000000 / 227 0 213 255 / 0.75064080 0.20376590
				74.99561000 131.60640000 -4.41308600 / 0.57356480 0.81916030 0.00000000 / 227 0 213 255 / 0.75064080 0.20376590
				74.83106000 131.72120000 -4.41308600 / 0.57356480 0.81916030 0.00000000 / 227 0 213 255 / 0.77662660 0.20376590
				74.83106000 131.72120000 -3.21093700 / 0.57356480 0.81916030 0.00000000 / 227 0 213 255 / 0.77662660 0.00285340
				74.83106000 131.72120000 -3.21093700 / 0.57356480 0.81916030 0.00000000 / 227 0 213 255 / 0.77662660 0.00285340
				74.99512000 131.60640000 -3.21093700 / 0.57356480 0.81916030 0.00000000 / 227 0 213 255 / 0.75064080 0.00285340
				75.80176000 131.04150000 -4.41308600 / 0.57356480 0.81916030 0.00000000 / 232 0 217 255 / 0.80664060 0.20376590
				75.80176000 131.04150000 -4.41308600 / 0.57356480 0.81916030 0.00000000 / 232 0 217 255 / 0.80664060 0.20376590
				75.63769000 131.15670000 -4.41308600 / 0.57356480 0.81916030 0.00000000 / 232 0 217 255 / 0.83261110 0.20376590
				75.63769000 131.15670000 -3.21093700 / 0.57356480 0.81916030 0.00000000 / 232 0 217 255 / 0.83261110 0.00285340
				75.63769000 131.15670000 -3.21093700 / 0.57356480 0.81916030 0.00000000 / 232 0 217 255 / 0.83261110 0.00285340
				75.80176000 131.04150000 -3.21093700 / 0.57356480 0.81916030 0.00000000 / 232 0 217 255 / 0.80664060 0.00285340
				71.91603000 133.76270000 -4.41308600 / 0.57356480 0.81916030 0.00000000 / 221 0 207 255 / 0.83497620 0.20376590
				71.91603000 133.76270000 -4.41308600 / 0.57356480 0.81916030 0.00000000 / 221 0 207 255 / 0.83497620 0.20376590
				71.75195000 133.87740000 -4.41308600 / 0.57356480 0.81916030 0.00000000 / 220 0 207 255 / 0.86096190 0.20376590
				71.75195000 133.87740000 -3.21093700 / 0.57356480 0.81916030 0.00000000 / 221 0 207 255 / 0.86096190 0.00285340
				71.75195000 133.87740000 -3.21093700 / 0.57356480 0.81916030 0.00000000 / 221 0 207 255 / 0.86096190 0.00285340
				71.91603000 133.76270000 -3.21093700 / 0.57356480 0.81916030 0.00000000 / 221 0 207 255 / 0.83497620 0.00285340
				78.26026000 129.32030000 -4.41308600 / 0.57356480 0.81916030 0.00000000 / 221 0 207 255 / 0.89831540 0.20376590
				78.26026000 129.32030000 -4.41308600 / 0.57356480 0.81916030 0.00000000 / 221 0 207 255 / 0.89831540 0.20376590
				78.09619000 129.43510000 -4.41308600 / 0.57356480 0.81916030 0.00000000 / 221 0 208 255 / 0.92430120 0.20376590
				78.09619000 129.43510000 -3.21093700 / 0.57356480 0.81916030 0.00000000 / 221 0 207 255 / 0.92430120 0.00285340
				78.09619000 129.43510000 -3.21093700 / 0.57356480 0.81916030 0.00000000 / 221 0 207 255 / 0.92430120 0.00285340
				78.26026000 129.32030000 -3.21093700 / 0.57356480 0.81916030 0.00000000 / 220 0 207 255 / 0.89831540 0.00285340
				73.29687000 86.11280000 1.06543000 / -0.98515000 -0.17169540 0.00000000 / 194 0 183 255 / 0.75056460 0.39334110
				73.29687000 86.11280000 1.06543000 / -0.98515000 -0.17169540 0.00000000 / 194 0 183 255 / 0.75056460 0.39334110
				73.29639000 86.11280000 1.65918000 / -0.98515000 -0.17169540 0.00000000 / 194 0 183 255 / 0.75056460 0.48545840
				73.11328000 87.15283000 1.65918000 / -0.98515000 -0.17169540 0.00000000 / 194 0 183 255 / 0.82252500 0.48545840
				73.11328000 87.15283000 1.65918000 / -0.98515000 -0.17169540 0.00000000 / 194 0 183 255 / 0.82252500 0.48545840
				73.11328000 87.15283000 1.06543000 / -0.98515000 -0.17169540 0.00000000 / 194 0 183 255 / 0.82252500 0.39335630
				73.82471000 83.11719000 1.06543000 / -0.98515000 -0.17169540 0.00000000 / 197 0 186 255 / 0.75056460 0.39334110
				73.82471000 83.11719000 1.06543000 / -0.98515000 -0.17169540 0.00000000 / 197 0 186 255 / 0.75056460 0.39334110
				73.82471000 83.11719000 1.65918000 / -0.98515000 -0.17169540 0.00000000 / 197 0 186 255 / 0.75056460 0.48545840
				73.64160000 84.15722000 1.65918000 / -0.98515000 -0.17169540 0.00000000 / 197 0 186 255 / 0.82252500 0.48545840
				73.64160000 84.15722000 1.65918000 / -0.98515000 -0.17169540 0.00000000 / 197 0 186 255 / 0.82252500 0.48545840
				73.64160000 84.15722000 1.06543000 / -0.98515000 -0.17169540 0.00000000 / 197 0 186 255 / 0.82252500 0.39335630
				74.98291000 76.54834000 1.06543000 / -0.98515000 -0.17169540 0.00000000 / 208 0 196 255 / 0.75056460 0.30572510
				74.98291000 76.54834000 1.06543000 / -0.98515000 -0.17169540 0.00000000 / 208 0 196 255 / 0.75056460 0.30572510
				74.98291000 76.54834000 1.65918000 / -0.98515000 -0.17169540 0.00000000 / 209 0 196 255 / 0.75056460 0.38620000
				74.79980000 77.58838000 1.65918000 / -0.98515000 -0.17169540 0.00000000 / 208 0 196 255 / 0.82252500 0.38620000
				74.79980000 77.58838000 1.65918000 / -0.98515000 -0.17169540 0.00000000 / 208 0 196 255 / 0.82252500 0.38620000
				74.79980000 77.58838000 1.06543000 / -0.98515000 -0.17169540 0.00000000 / 207 0 195 255 / 0.82252500 0.30572510
				75.51025000 73.55810000 1.06543000 / -0.98515000 -0.17169540 0.00000000 / 221 0 207 255 / 0.75056460 0.30572510
				75.51025000 73.55810000 1.06543000 / -0.98515000 -0.17169540 0.00000000 / 221 0 207 255 / 0.75056460 0.30572510
				75.51025000 73.55810000 1.65918000 / -0.98515000 -0.17169540 0.00000000 / 221 0 208 255 / 0.75056460 0.38620000
				75.32715000 74.59815000 1.65918000 / -0.98515000 -0.17169540 0.00000000 / 221 0 207 255 / 0.82252500 0.38620000
				75.32715000 74.59815000 1.65918000 / -0.98515000 -0.17169540 0.00000000 / 221 0 207 255 / 0.82252500 0.38620000
				75.32715000 74.59815000 1.06543000 / -0.98515000 -0.17169540 0.00000000 / 220 0 207 255 / 0.82252500 0.30572510
				76.35547000 68.76513000 1.06543000 / -0.98515000 -0.17169540 0.00000000 / 186 0 175 255 / 0.75056460 0.30572510
				76.35547000 68.76513000 1.06543000 / -0.98515000 -0.17169540 0.00000000 / 186 0 175 255 / 0.75056460 0.30572510
				76.35547000 68.76513000 1.65918000 / -0.98515000 -0.17169540 0.00000000 / 186 0 175 255 / 0.75056460 0.38620000
				76.17188000 69.80566000 1.65918000 / -0.98515000 -0.17169540 0.00000000 / 186 0 175 255 / 0.82252500 0.38620000
				76.17188000 69.80566000 1.65918000 / -0.98515000 -0.17169540 0.00000000 / 186 0 175 255 / 0.82252500 0.38620000
				76.17188000 69.80566000 1.06543000 / -0.98515000 -0.17169540 0.00000000 / 186 0 175 255 / 0.82252500 0.30572510
				73.53369000 83.32422000 -4.20507800 / -0.98447470 -0.17552650 0.00000000 / 187 0 176 255 / 0.83436580 0.22241210
				73.53369000 83.32422000 -4.20507800 / -0.98447470 -0.17552650 0.00000000 / 187 0 176 255 / 0.83436580 0.22241210
				73.53369000 83.32422000 -4.90722700 / -0.98447470 -0.17552650 0.00000000 / 187 0 176 255 / 0.83436580 0.37518310
				73.54590000 83.25537000 -4.90722700 / -0.98447470 -0.17552650 0.00000000 / 187 0 176 255 / 0.86213680 0.37518310
				73.54590000 83.25537000 -4.90722700 / -0.98447470 -0.17552650 0.00000000 / 187 0 176 255 / 0.86213680 0.37518310
				73.54590000 83.25537000 -4.20507800 / -0.98447470 -0.17552650 0.00000000 / 187 0 176 255 / 0.86213680 0.22241210
				77.50781000 66.78125000 -4.26464900 / -0.57356480 -0.81916030 0.00000000 / 166 0 157 255 / 0.83436580 0.22241210
				77.50781000 66.78125000 -4.26464900 / -0.57356480 -0.81916030 0.00000000 / 166 0 157 255 / 0.83436580 0.22241210
				77.50781000 66.78125000 -4.96679700 / -0.57356480 -0.81916030 0.00000000 / 166 0 157 255 / 0.83436580 0.37518310
				77.56494000 66.74121000 -4.96679700 / -0.57356480 -0.81916030 0.00000000 / 166 0 157 255 / 0.86213680 0.37518310
				77.56494000 66.74121000 -4.96679700 / -0.57356480 -0.81916030 0.00000000 / 166 0 157 255 / 0.86213680 0.37518310
				77.56494000 66.74121000 -4.26464900 / -0.57356480 -0.81916030 0.00000000 / 166 0 157 255 / 0.86213680 0.22241210
				39.22070000 93.59033000 -4.26464900 / -0.57330880 -0.81933950 0.00000000 / 208 0 195 255 / 0.83436580 0.22241210
				39.22070000 93.59033000 -4.26464900 / -0.57330880 -0.81933950 0.00000000 / 208 0 195 255 / 0.83436580 0.22241210
				39.22070000 93.59033000 -4.96679700 / -0.57330880 -0.81933950 0.00000000 / 207 0 195 255 / 0.83436580 0.37518310
				39.27783000 93.55029000 -4.96679700 / -0.57330880 -0.81933950 0.00000000 / 208 0 195 255 / 0.86213680 0.37518310
				39.27783000 93.55029000 -4.96679700 / -0.57330880 -0.81933950 0.00000000 / 208 0 195 255 / 0.86213680 0.37518310
				39.27783000 93.55029000 -4.26464900 / -0.57330880 -0.81933950 0.00000000 / 208 0 196 255 / 0.86213680 0.22241210
				56.29199000 95.70996000 -4.20507800 / 0.17206570 -0.98508550 0.00000000 / 192 0 181 255 / 0.83436580 0.22241210
				56.29199000 95.70996000 -4.20507800 / 0.17206570 -0.98508550 0.00000000 / 192 0 181 255 / 0.83436580 0.22241210
				56.29199000 95.70996000 -4.90722700 / 0.17206570 -0.98508550 0.00000000 / 192 0 181 255 / 0.83436580 0.37518310
				56.36084000 95.72168000 -4.90722700 / 0.17206570 -0.98508550 0.00000000 / 192 0 181 255 / 0.86213680 0.37518310
				56.36084000 95.72168000 -4.90722700 / 0.17206570 -0.98508550 0.00000000 / 192 0 181 255 / 0.86213680 0.37518310
				56.36084000 95.72168000 -4.20507800 / 0.17206570 -0.98508550 0.00000000 / 192 0 181 255 / 0.86213680 0.22241210
				82.43750000 66.83008000 -4.26464900 / 0.81916030 -0.57356480 0.00000000 / 213 0 200 255 / 0.83436580 0.22241210
				82.43750000 66.83008000 -4.26464900 / 0.81916030 -0.57356480 0.00000000 / 213 0 200 255 / 0.83436580 0.22241210
				82.43750000 66.83008000 -4.96679700 / 0.81916030 -0.57356480 0.00000000 / 212 0 200 255 / 0.83436580 0.37518310
				82.47803000 66.88770000 -4.96679700 / 0.81916030 -0.57356480 0.00000000 / 213 0 200 255 / 0.86213680 0.37518310
				82.47803000 66.88770000 -4.96679700 / 0.81916030 -0.57356480 0.00000000 / 213 0 200 255 / 0.86213680 0.37518310
				82.47803000 66.88770000 -4.26464900 / 0.81916030 -0.57356480 0.00000000 / 213 0 200 255 / 0.86213680 0.22241210
				42.33154000 93.49658000 1.06543000 / 0.17206570 -0.98508550 0.00000000 / 205 0 193 255 / 0.75056460 0.30572510
				42.33154000 93.49658000 1.06543000 / 0.17206570 -0.98508550 0.00000000 / 205 0 193 255 / 0.75056460 0.30572510
				42.33154000 93.49658000 1.65918000 / 0.17206570 -0.98508550 0.00000000 / 204 0 192 255 / 0.75056460 0.38620000
				41.29150000 93.31299000 1.65918000 / 0.17206570 -0.98508550 0.00000000 / 205 0 193 255 / 0.82252500 0.38620000
				41.29150000 93.31299000 1.65918000 / 0.17206570 -0.98508550 0.00000000 / 205 0 193 255 / 0.82252500 0.38620000
				41.29150000 93.31299000 1.06543000 / 0.17206570 -0.98508550 0.00000000 / 205 0 193 255 / 0.82252500 0.30572510
				56.68506000 96.02735000 1.06543000 / 0.17206570 -0.98508550 0.00000000 / 217 0 204 255 / 0.75056460 0.30572510
				56.68506000 96.02735000 1.06543000 / 0.17206570 -0.98508550 0.00000000 / 217 0 204 255 / 0.75056460 0.30572510
				56.68506000 96.02735000 1.65918000 / 0.17206570 -0.98508550 0.00000000 / 217 0 204 255 / 0.75056460 0.38620000
				55.64502000 95.84424000 1.65918000 / 0.17206570 -0.98508550 0.00000000 / 217 0 204 255 / 0.82252500 0.38620000
				55.64502000 95.84424000 1.65918000 / 0.17206570 -0.98508550 0.00000000 / 217 0 204 255 / 0.82252500 0.38620000
				55.64502000 95.84424000 1.06543000 / 0.17206570 -0.98508550 0.00000000 / 217 0 204 255 / 0.82252500 0.30572510
				59.67041000 96.55371000 1.06543000 / 0.17206570 -0.98508550 0.00000000 / 208 0 196 255 / 0.75056460 0.39471440
				59.67041000 96.55371000 1.06543000 / 0.17206570 -0.98508550 0.00000000 / 208 0 196 255 / 0.75056460 0.39471440
				59.67041000 96.55371000 1.65918000 / 0.17206570 -0.98508550 0.00000000 / 208 0 195 255 / 0.75056460 0.48614500
				58.63037000 96.37061000 1.65918000 / 0.17206570 -0.98508550 0.00000000 / 208 0 196 255 / 0.82252500 0.48614500
				58.63037000 96.37061000 1.65918000 / 0.17206570 -0.98508550 0.00000000 / 208 0 196 255 / 0.82252500 0.48614500
				58.63037000 96.37061000 1.06543000 / 0.17206570 -0.98508550 0.00000000 / 208 0 196 255 / 0.82252500 0.39471440
				64.44922000 97.39649000 1.06543000 / 0.17169540 -0.98515000 0.00000000 / 205 0 192 255 / 0.75056460 0.39471440
				64.44922000 97.39649000 1.06543000 / 0.17169540 -0.98515000 0.00000000 / 205 0 192 255 / 0.75056460 0.39471440
				64.44922000 97.39649000 1.65918000 / 0.17169540 -0.98515000 0.00000000 / 205 0 193 255 / 0.75056460 0.48614500
				63.40918000 97.21289000 1.65918000 / 0.17206570 -0.98508550 0.00000000 / 205 0 192 255 / 0.82252500 0.48614500
				63.40918000 97.21289000 1.65918000 / 0.17206570 -0.98508550 0.00000000 / 205 0 192 255 / 0.82252500 0.48614500
				63.40918000 97.21289000 1.06543000 / 0.17206570 -0.98508550 0.00000000 / 204 0 192 255 / 0.82252500 0.39471440
				33.10498000 126.37550000 0.48144530 / 1.00000000 0.00000000 0.00000000 / 206 0 194 255 / 0.77839660 0.20376590
				33.10498000 126.37550000 0.48144530 / 1.00000000 0.00000000 0.00000000 / 206 0 194 255 / 0.77839660 0.20376590
				33.10498000 126.37550000 1.68408200 / 1.00000000 0.00000000 0.00000000 / 206 0 194 255 / 0.77839660 0.00285340
				33.10498000 126.17530000 1.68408200 / 1.00000000 0.00000000 0.00000000 / 206 0 194 255 / 0.80438230 0.00285340
				33.10498000 126.17530000 1.68408200 / 1.00000000 0.00000000 0.00000000 / 206 0 194 255 / 0.80438230 0.00285340
				33.10498000 126.17530000 0.48144530 / 1.00000000 0.00000000 0.00000000 / 206 0 194 255 / 0.80438230 0.20376590
				33.10498000 127.35990000 0.48144530 / 1.00000000 0.00000000 0.00000000 / 233 0 219 255 / 0.75064080 0.20376590
				33.10498000 127.35990000 0.48144530 / 1.00000000 0.00000000 0.00000000 / 233 0 219 255 / 0.75064080 0.20376590
				33.10498000 127.35990000 1.68408200 / 1.00000000 0.00000000 0.00000000 / 233 0 218 255 / 0.75064080 0.00285340
				33.10498000 127.15970000 1.68408200 / 1.00000000 0.00000000 0.00000000 / 233 0 219 255 / 0.77662660 0.00285340
				33.10498000 127.15970000 1.68408200 / 1.00000000 0.00000000 0.00000000 / 233 0 219 255 / 0.77662660 0.00285340
				33.10498000 127.15970000 0.48144530 / 1.00000000 0.00000000 0.00000000 / 233 0 219 255 / 0.77662660 0.20376590
				33.10498000 122.61620000 0.48144530 / 1.00000000 0.00000000 0.00000000 / 216 0 203 255 / 0.77839660 0.20376590
				33.10498000 122.61620000 0.48144530 / 1.00000000 0.00000000 0.00000000 / 216 0 203 255 / 0.77839660 0.20376590
				33.10498000 122.61620000 1.68408200 / 1.00000000 0.00000000 0.00000000 / 215 0 202 255 / 0.77839660 0.00285340
				33.10498000 122.41600000 1.68408200 / 1.00000000 0.00000000 0.00000000 / 216 0 203 255 / 0.80438230 0.00285340
				33.10498000 122.41600000 1.68408200 / 1.00000000 0.00000000 0.00000000 / 216 0 203 255 / 0.80438230 0.00285340
				33.10498000 122.41600000 0.48144530 / 1.00000000 0.00000000 0.00000000 / 216 0 203 255 / 0.80438230 0.20376590
				33.10498000 135.48540000 -4.41308600 / 1.00000000 0.00000000 0.00000000 / 216 0 203 255 / 0.80705260 0.20376590
				33.10498000 135.48540000 -4.41308600 / 1.00000000 0.00000000 0.00000000 / 216 0 203 255 / 0.80705260 0.20376590
				33.10498000 135.48540000 -3.21093700 / 1.00000000 0.00000000 0.00000000 / 217 0 204 255 / 0.80705260 0.00285340
				33.10498000 135.28520000 -3.21093700 / 1.00000000 0.00000000 0.00000000 / 216 0 203 255 / 0.83303830 0.00285340
				33.10498000 135.28520000 -3.21093700 / 1.00000000 0.00000000 0.00000000 / 216 0 203 255 / 0.83303830 0.00285340
				33.10498000 135.28520000 -4.41308600 / 1.00000000 0.00000000 0.00000000 / 216 0 203 255 / 0.83303830 0.20376590
				33.10498000 136.46970000 -4.41308600 / 1.00000000 0.00000000 0.00000000 / 231 0 217 255 / 0.80705260 0.20376590
				33.10498000 136.46970000 -4.41308600 / 1.00000000 0.00000000 0.00000000 / 231 0 217 255 / 0.80705260 0.20376590
				33.10498000 136.46970000 -3.21093700 / 1.00000000 0.00000000 0.00000000 / 231 0 217 255 / 0.80705260 0.00285340
				33.10498000 136.26950000 -3.21093700 / 1.00000000 0.00000000 0.00000000 / 231 0 217 255 / 0.83303830 0.00285340
				33.10498000 136.26950000 -3.21093700 / 1.00000000 0.00000000 0.00000000 / 231 0 217 255 / 0.83303830 0.00285340
				33.10498000 136.26950000 -4.41308600 / 1.00000000 0.00000000 0.00000000 / 231 0 217 255 / 0.83303830 0.20376590
				33.10498000 131.72610000 -4.41308600 / 1.00000000 0.00000000 0.00000000 / 209 0 196 255 / 0.80705260 0.20376590
				33.10498000 131.72610000 -4.41308600 / 1.00000000 0.00000000 0.00000000 / 209 0 196 255 / 0.80705260 0.20376590
				33.10498000 131.72610000 -3.21093700 / 1.00000000 0.00000000 0.00000000 / 209 0 196 255 / 0.80705260 0.00285340
				33.10498000 131.52590000 -3.21093700 / 1.00000000 0.00000000 0.00000000 / 209 0 196 255 / 0.83303830 0.00285340
				33.10498000 131.52590000 -3.21093700 / 1.00000000 0.00000000 0.00000000 / 209 0 196 255 / 0.83303830 0.00285340
				33.10498000 131.52590000 -4.41308600 / 1.00000000 0.00000000 0.00000000 / 209 0 196 255 / 0.83303830 0.20376590
				33.10498000 139.47120000 -4.41308600 / 1.00000000 0.00000000 0.00000000 / 220 0 207 255 / 0.80705260 0.20376590
				33.10498000 139.47120000 -4.41308600 / 1.00000000 0.00000000 0.00000000 / 220 0 207 255 / 0.80705260 0.20376590
				33.10498000 139.47120000 -3.21093700 / 1.00000000 0.00000000 0.00000000 / 220 0 207 255 / 0.80705260 0.00285340
				33.10498000 139.27100000 -3.21093700 / 1.00000000 0.00000000 0.00000000 / 220 0 207 255 / 0.83303830 0.00285340
				33.10498000 139.27100000 -3.21093700 / 1.00000000 0.00000000 0.00000000 / 220 0 207 255 / 0.83303830 0.00285340
				33.10498000 139.27100000 -4.41308600 / 1.00000000 0.00000000 0.00000000 / 220 0 207 255 / 0.83303830 0.20376590
				33.10498000 126.37550000 -4.41308600 / 1.00000000 0.00000000 0.00000000 / 212 0 200 255 / 0.83435060 0.20376590
				33.10498000 126.37550000 -4.41308600 / 1.00000000 0.00000000 0.00000000 / 212 0 200 255 / 0.83435060 0.20376590
				33.10498000 126.37550000 -3.21093700 / 1.00000000 0.00000000 0.00000000 / 212 0 200 255 / 0.83435060 0.00285340
				33.10498000 126.17530000 -3.21093700 / 1.00000000 0.00000000 0.00000000 / 212 0 200 255 / 0.86033630 0.00285340
				33.10498000 126.17530000 -3.21093700 / 1.00000000 0.00000000 0.00000000 / 212 0 200 255 / 0.86033630 0.00285340
				33.10498000 126.17530000 -4.41308600 / 1.00000000 0.00000000 0.00000000 / 212 0 199 255 / 0.86033630 0.20376590
				33.10498000 127.35990000 -4.41308600 / 1.00000000 0.00000000 0.00000000 / 200 0 189 255 / 0.75064080 0.20376590
				33.10498000 127.35990000 -4.41308600 / 1.00000000 0.00000000 0.00000000 / 200 0 189 255 / 0.75064080 0.20376590
				33.10498000 127.35990000 -3.21093700 / 1.00000000 0.00000000 0.00000000 / 200 0 188 255 / 0.75064080 0.00285340
				33.10498000 127.15970000 -3.21093700 / 1.00000000 0.00000000 0.00000000 / 200 0 189 255 / 0.77662660 0.00285340
				33.10498000 127.15970000 -3.21093700 / 1.00000000 0.00000000 0.00000000 / 200 0 189 255 / 0.77662660 0.00285340
				33.10498000 127.15970000 -4.41308600 / 1.00000000 0.00000000 0.00000000 / 201 0 189 255 / 0.77662660 0.20376590
				33.10498000 122.61620000 -4.41308600 / 1.00000000 0.00000000 0.00000000 / 197 0 185 255 / 0.86619570 0.20376590
				33.10498000 122.61620000 -4.41308600 / 1.00000000 0.00000000 0.00000000 / 197 0 185 255 / 0.86619570 0.20376590
				33.10498000 122.61620000 -3.21093700 / 1.00000000 0.00000000 0.00000000 / 197 0 186 255 / 0.86619570 0.00285340
				33.10498000 122.41600000 -3.21093700 / 1.00000000 0.00000000 0.00000000 / 197 0 185 255 / 0.89216610 0.00285340
				33.10498000 122.41600000 -3.21093700 / 1.00000000 0.00000000 0.00000000 / 197 0 185 255 / 0.89216610 0.00285340
				33.10498000 122.41600000 -4.41308600 / 1.00000000 0.00000000 0.00000000 / 197 0 185 255 / 0.89216610 0.20376590
				33.10498000 130.36130000 -4.41308600 / 1.00000000 0.00000000 0.00000000 / 213 0 201 255 / 0.80705260 0.20376590
				33.10498000 130.36130000 -4.41308600 / 1.00000000 0.00000000 0.00000000 / 213 0 201 255 / 0.80705260 0.20376590
				33.10498000 130.36130000 -3.21093700 / 1.00000000 0.00000000 0.00000000 / 213 0 200 255 / 0.80705260 0.00285340
				33.10498000 130.16110000 -3.21093700 / 1.00000000 0.00000000 0.00000000 / 213 0 201 255 / 0.83303830 0.00285340
				33.10498000 130.16110000 -3.21093700 / 1.00000000 0.00000000 0.00000000 / 213 0 201 255 / 0.83303830 0.00285340
				33.10498000 130.16110000 -4.41308600 / 1.00000000 0.00000000 0.00000000 / 214 0 201 255 / 0.83303830 0.20376590
				33.10498000 113.15140000 0.48144530 / 1.00000000 0.00000000 0.00000000 / 190 0 179 255 / 0.75064080 0.20376590
				33.10498000 113.15140000 0.48144530 / 1.00000000 0.00000000 0.00000000 / 190 0 179 255 / 0.75064080 0.20376590
				33.10498000 113.15140000 1.68408200 / 1.00000000 0.00000000 0.00000000 / 190 0 179 255 / 0.75064080 0.00285340
				33.10498000 112.95120000 1.68408200 / 1.00000000 0.00000000 0.00000000 / 190 0 179 255 / 0.77662660 0.00285340
				33.10498000 112.95120000 1.68408200 / 1.00000000 0.00000000 0.00000000 / 190 0 179 255 / 0.77662660 0.00285340
				33.10498000 112.95120000 0.48144530 / 1.00000000 0.00000000 0.00000000 / 190 0 179 255 / 0.77662660 0.20376590
				33.10498000 114.13570000 0.48144530 / 1.00000000 0.00000000 0.00000000 / 204 0 192 255 / 0.75064080 0.20376590
				33.10498000 114.13570000 0.48144530 / 1.00000000 0.00000000 0.00000000 / 204 0 192 255 / 0.75064080 0.20376590
				33.10498000 114.13570000 1.68408200 / 1.00000000 0.00000000 0.00000000 / 204 0 192 255 / 0.75064080 0.00285340
				33.10498000 113.93550000 1.68408200 / 1.00000000 0.00000000 0.00000000 / 204 0 192 255 / 0.77662660 0.00285340
				33.10498000 113.93550000 1.68408200 / 1.00000000 0.00000000 0.00000000 / 204 0 192 255 / 0.77662660 0.00285340
				33.10498000 113.93550000 0.48144530 / 1.00000000 0.00000000 0.00000000 / 204 0 192 255 / 0.77662660 0.20376590
				33.10498000 109.39210000 0.48144530 / 1.00000000 0.00000000 0.00000000 / 202 0 190 255 / 0.75064080 0.20376590
				33.10498000 109.39210000 0.48144530 / 1.00000000 0.00000000 0.00000000 / 202 0 190 255 / 0.75064080 0.20376590
				33.10498000 109.39210000 1.68408200 / 1.00000000 0.00000000 0.00000000 / 202 0 190 255 / 0.75064080 0.00285340
				33.10498000 109.19190000 1.68408200 / 1.00000000 0.00000000 0.00000000 / 202 0 190 255 / 0.77662660 0.00285340
				33.10498000 109.19190000 1.68408200 / 1.00000000 0.00000000 0.00000000 / 202 0 190 255 / 0.77662660 0.00285340
				33.10498000 109.19190000 0.48144530 / 1.00000000 0.00000000 0.00000000 / 201 0 189 255 / 0.77662660 0.20376590
				33.10498000 117.13720000 0.48144530 / 1.00000000 0.00000000 0.00000000 / 214 0 201 255 / 0.75064080 0.20376590
				33.10498000 117.13720000 0.48144530 / 1.00000000 0.00000000 0.00000000 / 214 0 201 255 / 0.75064080 0.20376590
				33.10498000 117.13720000 1.68408200 / 1.00000000 0.00000000 0.00000000 / 213 0 201 255 / 0.75064080 0.00285340
				33.10498000 116.93700000 1.68408200 / 1.00000000 0.00000000 0.00000000 / 214 0 201 255 / 0.77662660 0.00285340
				33.10498000 116.93700000 1.68408200 / 1.00000000 0.00000000 0.00000000 / 214 0 201 255 / 0.77662660 0.00285340
				33.10498000 116.93700000 0.48144530 / 1.00000000 0.00000000 0.00000000 / 214 0 201 255 / 0.77662660 0.20376590
				33.10498000 104.04150000 0.48144530 / 1.00000000 0.00000000 0.00000000 / 200 0 188 255 / 0.75064080 0.20376590
				33.10498000 104.04150000 0.48144530 / 1.00000000 0.00000000 0.00000000 / 200 0 188 255 / 0.75064080 0.20376590
				33.10498000 104.04150000 1.68408200 / 1.00000000 0.00000000 0.00000000 / 200 0 188 255 / 0.75064080 0.00285340
				33.10498000 103.84130000 1.68408200 / 1.00000000 0.00000000 0.00000000 / 200 0 188 255 / 0.77662660 0.00285340
				33.10498000 103.84130000 1.68408200 / 1.00000000 0.00000000 0.00000000 / 200 0 188 255 / 0.77662660 0.00285340
				33.10498000 103.84130000 0.48144530 / 1.00000000 0.00000000 0.00000000 / 199 0 187 255 / 0.77662660 0.20376590
				33.10498000 105.02590000 0.48144530 / 1.00000000 0.00000000 0.00000000 / 187 0 176 255 / 0.75064080 0.20376590
				33.10498000 105.02590000 0.48144530 / 1.00000000 0.00000000 0.00000000 / 187 0 176 255 / 0.75064080 0.20376590
				33.10498000 105.02590000 1.68408200 / 1.00000000 0.00000000 0.00000000 / 187 0 176 255 / 0.75064080 0.00285340
				33.10498000 104.82570000 1.68408200 / 1.00000000 0.00000000 0.00000000 / 187 0 176 255 / 0.77662660 0.00285340
				33.10498000 104.82570000 1.68408200 / 1.00000000 0.00000000 0.00000000 / 187 0 176 255 / 0.77662660 0.00285340
				33.10498000 104.82570000 0.48144530 / 1.00000000 0.00000000 0.00000000 / 186 0 176 255 / 0.77662660 0.20376590
				33.10498000 100.28220000 0.48144530 / 1.00000000 0.00000000 0.00000000 / 180 0 170 255 / 0.83480830 0.20376590
				33.10498000 100.28220000 0.48144530 / 1.00000000 0.00000000 0.00000000 / 180 0 170 255 / 0.83480830 0.20376590
				33.10498000 100.28220000 1.68408200 / 1.00000000 0.00000000 0.00000000 / 180 0 170 255 / 0.83480830 0.00285340
				33.10498000 100.08200000 1.68408200 / 1.00000000 0.00000000 0.00000000 / 180 0 170 255 / 0.86077880 0.00285340
				33.10498000 100.08200000 1.68408200 / 1.00000000 0.00000000 0.00000000 / 180 0 170 255 / 0.86077880 0.00285340
				33.10498000 100.08200000 0.48144530 / 1.00000000 0.00000000 0.00000000 / 180 0 170 255 / 0.86077880 0.20376590
				33.10498000 108.02730000 0.48144530 / 1.00000000 0.00000000 0.00000000 / 204 0 192 255 / 0.75064080 0.20376590
				33.10498000 108.02730000 0.48144530 / 1.00000000 0.00000000 0.00000000 / 204 0 192 255 / 0.75064080 0.20376590
				33.10498000 108.02730000 1.68408200 / 1.00000000 0.00000000 0.00000000 / 204 0 192 255 / 0.75064080 0.00285340
				33.10498000 107.82710000 1.68408200 / 1.00000000 0.00000000 0.00000000 / 204 0 192 255 / 0.77662660 0.00285340
				33.10498000 107.82710000 1.68408200 / 1.00000000 0.00000000 0.00000000 / 204 0 192 255 / 0.77662660 0.00285340
				33.10498000 107.82710000 0.48144530 / 1.00000000 0.00000000 0.00000000 / 204 0 192 255 / 0.77662660 0.20376590
				33.10498000 113.15140000 -4.41308600 / 1.00000000 0.00000000 0.00000000 / 184 0 174 255 / 0.75064080 0.20376590
				33.10498000 113.15140000 -4.41308600 / 1.00000000 0.00000000 0.00000000 / 184 0 174 255 / 0.75064080 0.20376590
				33.10498000 113.15140000 -3.21093700 / 1.00000000 0.00000000 0.00000000 / 184 0 173 255 / 0.75064080 0.00285340
				33.10498000 112.95120000 -3.21093700 / 1.00000000 0.00000000 0.00000000 / 184 0 174 255 / 0.77662660 0.00285340
				33.10498000 112.95120000 -3.21093700 / 1.00000000 0.00000000 0.00000000 / 184 0 174 255 / 0.77662660 0.00285340
				33.10498000 112.95120000 -4.41308600 / 1.00000000 0.00000000 0.00000000 / 185 0 174 255 / 0.77662660 0.20376590
				33.10498000 114.13570000 -4.41308600 / 1.00000000 0.00000000 0.00000000 / 183 0 173 255 / 0.75064080 0.20376590
				33.10498000 114.13570000 -4.41308600 / 1.00000000 0.00000000 0.00000000 / 183 0 173 255 / 0.75064080 0.20376590
				33.10498000 114.13570000 -3.21093700 / 1.00000000 0.00000000 0.00000000 / 183 0 173 255 / 0.75064080 0.00285340
				33.10498000 113.93550000 -3.21093700 / 1.00000000 0.00000000 0.00000000 / 183 0 173 255 / 0.77662660 0.00285340
				33.10498000 113.93550000 -3.21093700 / 1.00000000 0.00000000 0.00000000 / 183 0 173 255 / 0.77662660 0.00285340
				33.10498000 113.93550000 -4.41308600 / 1.00000000 0.00000000 0.00000000 / 183 0 173 255 / 0.77662660 0.20376590
				33.10498000 109.39210000 -4.41308600 / 1.00000000 0.00000000 0.00000000 / 201 0 189 255 / 0.77975460 0.20376590
				33.10498000 109.39210000 -4.41308600 / 1.00000000 0.00000000 0.00000000 / 201 0 189 255 / 0.77975460 0.20376590
				33.10498000 109.39210000 -3.21093700 / 1.00000000 0.00000000 0.00000000 / 201 0 189 255 / 0.77975460 0.00285340
				33.10498000 109.19190000 -3.21093700 / 1.00000000 0.00000000 0.00000000 / 201 0 189 255 / 0.80574030 0.00285340
				33.10498000 109.19190000 -3.21093700 / 1.00000000 0.00000000 0.00000000 / 201 0 189 255 / 0.80574030 0.00285340
				33.10498000 109.19190000 -4.41308600 / 1.00000000 0.00000000 0.00000000 / 201 0 189 255 / 0.80574030 0.20376590
				33.10498000 117.13720000 -4.41308600 / 1.00000000 0.00000000 0.00000000 / 190 0 179 255 / 0.86619570 0.20376590
				33.10498000 117.13720000 -4.41308600 / 1.00000000 0.00000000 0.00000000 / 190 0 179 255 / 0.86619570 0.20376590
				33.10498000 117.13720000 -3.21093700 / 1.00000000 0.00000000 0.00000000 / 190 0 179 255 / 0.86619570 0.00285340
				33.10498000 116.93700000 -3.21093700 / 1.00000000 0.00000000 0.00000000 / 190 0 179 255 / 0.89216610 0.00285340
				33.10498000 116.93700000 -3.21093700 / 1.00000000 0.00000000 0.00000000 / 190 0 179 255 / 0.89216610 0.00285340
				33.10498000 116.93700000 -4.41308600 / 1.00000000 0.00000000 0.00000000 / 190 0 179 255 / 0.89216610 0.20376590
				33.10498000 108.02730000 -4.41308600 / 1.00000000 0.00000000 0.00000000 / 157 0 149 255 / 0.77975460 0.20376590
				33.10498000 108.02730000 -4.41308600 / 1.00000000 0.00000000 0.00000000 / 157 0 149 255 / 0.77975460 0.20376590
				33.10498000 108.02730000 -3.21093700 / 1.00000000 0.00000000 0.00000000 / 158 0 149 255 / 0.77975460 0.00285340
				33.10498000 107.82710000 -3.21093700 / 1.00000000 0.00000000 0.00000000 / 157 0 149 255 / 0.80574030 0.00285340
				33.10498000 107.82710000 -3.21093700 / 1.00000000 0.00000000 0.00000000 / 157 0 149 255 / 0.80574030 0.00285340
				33.10498000 107.82710000 -4.41308600 / 1.00000000 0.00000000 0.00000000 / 157 0 149 255 / 0.80574030 0.20376590
				-21.39502000 135.48540000 0.48144530 / -1.00000000 0.00000000 0.00000000 / 239 0 224 255 / 0.75064080 0.20376590
				-21.39502000 135.48540000 0.48144530 / -1.00000000 0.00000000 0.00000000 / 239 0 224 255 / 0.75064080 0.20376590
				-21.39502000 135.28520000 0.48144530 / -1.00000000 0.00000000 0.00000000 / 239 0 224 255 / 0.77662660 0.20376590
				-21.39502000 135.28520000 1.68408200 / -1.00000000 0.00000000 0.00000000 / 239 0 224 255 / 0.77662660 0.00285340
				-21.39502000 135.28520000 1.68408200 / -1.00000000 0.00000000 0.00000000 / 239 0 224 255 / 0.77662660 0.00285340
				-21.39502000 135.48540000 1.68408200 / -1.00000000 0.00000000 0.00000000 / 239 0 224 255 / 0.75064080 0.00285340
				-21.39502000 136.46970000 0.48144530 / -1.00000000 0.00000000 0.00000000 / 218 0 205 255 / 0.75064080 0.20376590
				-21.39502000 136.46970000 0.48144530 / -1.00000000 0.00000000 0.00000000 / 218 0 205 255 / 0.75064080 0.20376590
				-21.39502000 136.26950000 0.48144530 / -1.00000000 0.00000000 0.00000000 / 218 0 205 255 / 0.77662660 0.20376590
				-21.39502000 136.26950000 1.68408200 / -1.00000000 0.00000000 0.00000000 / 218 0 205 255 / 0.77662660 0.00285340
				-21.39502000 136.26950000 1.68408200 / -1.00000000 0.00000000 0.00000000 / 218 0 205 255 / 0.77662660 0.00285340
				-21.39502000 136.46970000 1.68408200 / -1.00000000 0.00000000 0.00000000 / 218 0 205 255 / 0.75064080 0.00285340
				-21.39502000 131.72610000 0.48144530 / -1.00000000 0.00000000 0.00000000 / 215 0 202 255 / 0.75064080 0.20376590
				-21.39502000 131.72610000 0.48144530 / -1.00000000 0.00000000 0.00000000 / 215 0 202 255 / 0.75064080 0.20376590
				-21.39502000 131.52590000 0.48144530 / -1.00000000 0.00000000 0.00000000 / 215 0 202 255 / 0.77662660 0.20376590
				-21.39502000 131.52590000 1.68408200 / -1.00000000 0.00000000 0.00000000 / 215 0 202 255 / 0.77662660 0.00285340
				-21.39502000 131.52590000 1.68408200 / -1.00000000 0.00000000 0.00000000 / 215 0 202 255 / 0.77662660 0.00285340
				-21.39502000 131.72610000 1.68408200 / -1.00000000 0.00000000 0.00000000 / 215 0 202 255 / 0.75064080 0.00285340
				-21.39502000 139.47120000 0.48144530 / -1.00000000 0.00000000 0.00000000 / 223 0 210 255 / 0.75064080 0.20376590
				-21.39502000 139.47120000 0.48144530 / -1.00000000 0.00000000 0.00000000 / 223 0 210 255 / 0.75064080 0.20376590
				-21.39502000 139.27100000 0.48144530 / -1.00000000 0.00000000 0.00000000 / 223 0 210 255 / 0.77662660 0.20376590
				-21.39502000 139.27100000 1.68408200 / -1.00000000 0.00000000 0.00000000 / 223 0 210 255 / 0.77662660 0.00285340
				-21.39502000 139.27100000 1.68408200 / -1.00000000 0.00000000 0.00000000 / 223 0 210 255 / 0.77662660 0.00285340
				-21.39502000 139.47120000 1.68408200 / -1.00000000 0.00000000 0.00000000 / 223 0 210 255 / 0.75064080 0.00285340
				-21.39502000 126.37550000 0.48144530 / -1.00000000 0.00000000 0.00000000 / 201 0 189 255 / 0.75064080 0.20376590
				-21.39502000 126.37550000 0.48144530 / -1.00000000 0.00000000 0.00000000 / 201 0 189 255 / 0.75064080 0.20376590
				-21.39502000 126.17530000 0.48144530 / -1.00000000 0.00000000 0.00000000 / 201 0 189 255 / 0.77662660 0.20376590
				-21.39502000 126.17530000 1.68408200 / -1.00000000 0.00000000 0.00000000 / 201 0 189 255 / 0.77662660 0.00285340
				-21.39502000 126.17530000 1.68408200 / -1.00000000 0.00000000 0.00000000 / 201 0 189 255 / 0.77662660 0.00285340
				-21.39502000 126.37550000 1.68408200 / -1.00000000 0.00000000 0.00000000 / 201 0 189 255 / 0.75064080 0.00285340
				-21.39502000 127.35990000 0.48144530 / -1.00000000 0.00000000 0.00000000 / 218 0 205 255 / 0.75064080 0.20376590
				-21.39502000 127.35990000 0.48144530 / -1.00000000 0.00000000 0.00000000 / 218 0 205 255 / 0.75064080 0.20376590
				-21.39502000 127.15970000 0.48144530 / -1.00000000 0.00000000 0.00000000 / 218 0 205 255 / 0.77662660 0.20376590
				-21.39502000 127.15970000 1.68408200 / -1.00000000 0.00000000 0.00000000 / 218 0 205 255 / 0.77662660 0.00285340
				-21.39502000 127.15970000 1.68408200 / -1.00000000 0.00000000 0.00000000 / 218 0 205 255 / 0.77662660 0.00285340
				-21.39502000 127.35990000 1.68408200 / -1.00000000 0.00000000 0.00000000 / 218 0 205 255 / 0.75064080 0.00285340
				-21.39502000 122.61620000 0.48144530 / -1.00000000 0.00000000 0.00000000 / 199 0 187 255 / 0.75064080 0.20376590
				-21.39502000 122.61620000 0.48144530 / -1.00000000 0.00000000 0.00000000 / 199 0 187 255 / 0.75064080 0.20376590
				-21.39502000 122.41600000 0.48144530 / -1.00000000 0.00000000 0.00000000 / 199 0 187 255 / 0.77662660 0.20376590
				-21.39502000 122.41600000 1.68408200 / -1.00000000 0.00000000 0.00000000 / 199 0 187 255 / 0.77662660 0.00285340
				-21.39502000 122.41600000 1.68408200 / -1.00000000 0.00000000 0.00000000 / 199 0 187 255 / 0.77662660 0.00285340
				-21.39502000 122.61620000 1.68408200 / -1.00000000 0.00000000 0.00000000 / 199 0 187 255 / 0.75064080 0.00285340
				-21.39502000 130.36130000 0.48144530 / -1.00000000 0.00000000 0.00000000 / 221 0 207 255 / 0.75064080 0.20376590
				-21.39502000 130.36130000 0.48144530 / -1.00000000 0.00000000 0.00000000 / 221 0 207 255 / 0.75064080 0.20376590
				-21.39502000 130.16110000 0.48144530 / -1.00000000 0.00000000 0.00000000 / 221 0 207 255 / 0.77662660 0.20376590
				-21.39502000 130.16110000 1.68408200 / -1.00000000 0.00000000 0.00000000 / 221 0 207 255 / 0.77662660 0.00285340
				-21.39502000 130.16110000 1.68408200 / -1.00000000 0.00000000 0.00000000 / 221 0 207 255 / 0.77662660 0.00285340
				-21.39502000 130.36130000 1.68408200 / -1.00000000 0.00000000 0.00000000 / 221 0 208 255 / 0.75064080 0.00285340
				-21.39502000 135.48540000 -4.41308600 / -1.00000000 0.00000000 0.00000000 / 238 0 223 255 / 0.75064080 0.20376590
				-21.39502000 135.48540000 -4.41308600 / -1.00000000 0.00000000 0.00000000 / 238 0 223 255 / 0.75064080 0.20376590
				-21.39502000 135.28520000 -4.41308600 / -1.00000000 0.00000000 0.00000000 / 238 0 223 255 / 0.77662660 0.20376590
				-21.39502000 135.28520000 -3.21093700 / -1.00000000 0.00000000 0.00000000 / 238 0 223 255 / 0.77662660 0.00285340
				-21.39502000 135.28520000 -3.21093700 / -1.00000000 0.00000000 0.00000000 / 238 0 223 255 / 0.77662660 0.00285340
				-21.39502000 135.48540000 -3.21093700 / -1.00000000 0.00000000 0.00000000 / 238 0 223 255 / 0.75064080 0.00285340
				-21.39502000 136.47020000 -4.41308600 / -1.00000000 0.00000000 0.00000000 / 224 0 210 255 / 0.75064080 0.20376590
				-21.39502000 136.47020000 -4.41308600 / -1.00000000 0.00000000 0.00000000 / 224 0 210 255 / 0.75064080 0.20376590
				-21.39502000 136.26950000 -4.41308600 / -1.00000000 0.00000000 0.00000000 / 224 0 210 255 / 0.77662660 0.20376590
				-21.39502000 136.26950000 -3.21093700 / -1.00000000 0.00000000 0.00000000 / 224 0 210 255 / 0.77662660 0.00285340
				-21.39502000 136.26950000 -3.21093700 / -1.00000000 0.00000000 0.00000000 / 224 0 210 255 / 0.77662660 0.00285340
				-21.39502000 136.46970000 -3.21093700 / -1.00000000 0.00000000 0.00000000 / 224 0 210 255 / 0.75064080 0.00285340
				-21.39502000 131.72610000 -4.41308600 / -1.00000000 0.00000000 0.00000000 / 196 0 184 255 / 0.75064080 0.20376590
				-21.39502000 131.72610000 -4.41308600 / -1.00000000 0.00000000 0.00000000 / 196 0 184 255 / 0.75064080 0.20376590
				-21.39502000 131.52590000 -4.41308600 / -1.00000000 0.00000000 0.00000000 / 196 0 184 255 / 0.77662660 0.20376590
				-21.39502000 131.52590000 -3.21093700 / -1.00000000 0.00000000 0.00000000 / 196 0 184 255 / 0.77662660 0.00285340
				-21.39502000 131.52590000 -3.21093700 / -1.00000000 0.00000000 0.00000000 / 196 0 184 255 / 0.77662660 0.00285340
				-21.39502000 131.72610000 -3.21093700 / -1.00000000 0.00000000 0.00000000 / 196 0 184 255 / 0.75064080 0.00285340
				-21.39502000 139.47120000 -4.41308600 / -1.00000000 0.00000000 0.00000000 / 228 0 214 255 / 0.75064080 0.20376590
				-21.39502000 139.47120000 -4.41308600 / -1.00000000 0.00000000 0.00000000 / 228 0 214 255 / 0.75064080 0.20376590
				-21.39502000 139.27100000 -4.41308600 / -1.00000000 0.00000000 0.00000000 / 228 0 214 255 / 0.77662660 0.20376590
				-21.39502000 139.27100000 -3.21093700 / -1.00000000 0.00000000 0.00000000 / 228 0 214 255 / 0.77662660 0.00285340
				-21.39502000 139.27100000 -3.21093700 / -1.00000000 0.00000000 0.00000000 / 228 0 214 255 / 0.77662660 0.00285340
				-21.39502000 139.47120000 -3.21093700 / -1.00000000 0.00000000 0.00000000 / 228 0 214 255 / 0.75064080 0.00285340
				-21.39502000 126.37550000 -4.41308600 / -1.00000000 0.00000000 0.00000000 / 192 0 181 255 / 0.75064080 0.20376590
				-21.39502000 126.37550000 -4.41308600 / -1.00000000 0.00000000 0.00000000 / 192 0 181 255 / 0.75064080 0.20376590
				-21.39502000 126.17530000 -4.41308600 / -1.00000000 0.00000000 0.00000000 / 192 0 181 255 / 0.77662660 0.20376590
				-21.39502000 126.17530000 -3.21093700 / -1.00000000 0.00000000 0.00000000 / 192 0 181 255 / 0.77662660 0.00285340
				-21.39502000 126.17530000 -3.21093700 / -1.00000000 0.00000000 0.00000000 / 192 0 181 255 / 0.77662660 0.00285340
				-21.39502000 126.37550000 -3.21093700 / -1.00000000 0.00000000 0.00000000 / 192 0 181 255 / 0.75064080 0.00285340
				-21.39502000 127.35990000 -4.41308600 / -1.00000000 0.00000000 0.00000000 / 194 0 183 255 / 0.75064080 0.20376590
				-21.39502000 127.35990000 -4.41308600 / -1.00000000 0.00000000 0.00000000 / 194 0 183 255 / 0.75064080 0.20376590
				-21.39502000 127.15970000 -4.41308600 / -1.00000000 0.00000000 0.00000000 / 195 0 183 255 / 0.77662660 0.20376590
				-21.39502000 127.15970000 -3.21093700 / -1.00000000 0.00000000 0.00000000 / 194 0 183 255 / 0.77662660 0.00285340
				-21.39502000 127.15970000 -3.21093700 / -1.00000000 0.00000000 0.00000000 / 194 0 183 255 / 0.77662660 0.00285340
				-21.39502000 127.35990000 -3.21093700 / -1.00000000 0.00000000 0.00000000 / 194 0 183 255 / 0.75064080 0.00285340
				-21.39502000 122.61620000 -4.41308600 / -1.00000000 0.00000000 0.00000000 / 184 0 173 255 / 0.75064080 0.20376590
				-21.39502000 122.61620000 -4.41308600 / -1.00000000 0.00000000 0.00000000 / 184 0 173 255 / 0.75064080 0.20376590
				-21.39502000 122.41600000 -4.41308600 / -1.00000000 0.00000000 0.00000000 / 184 0 173 255 / 0.77662660 0.20376590
				-21.39502000 122.41600000 -3.21093700 / -1.00000000 0.00000000 0.00000000 / 184 0 173 255 / 0.77662660 0.00285340
				-21.39502000 122.41600000 -3.21093700 / -1.00000000 0.00000000 0.00000000 / 184 0 173 255 / 0.77662660 0.00285340
				-21.39502000 122.61620000 -3.21093700 / -1.00000000 0.00000000 0.00000000 / 184 0 173 255 / 0.75064080 0.00285340
				-21.39502000 130.36130000 -4.41308600 / -1.00000000 0.00000000 0.00000000 / 210 0 198 255 / 0.75064080 0.20376590
				-21.39502000 130.36130000 -4.41308600 / -1.00000000 0.00000000 0.00000000 / 210 0 198 255 / 0.75064080 0.20376590
				-21.39502000 130.16110000 -4.41308600 / -1.00000000 0.00000000 0.00000000 / 211 0 198 255 / 0.77662660 0.20376590
				-21.39502000 130.16110000 -3.21093700 / -1.00000000 0.00000000 0.00000000 / 210 0 198 255 / 0.77662660 0.00285340
				-21.39502000 130.16110000 -3.21093700 / -1.00000000 0.00000000 0.00000000 / 210 0 198 255 / 0.77662660 0.00285340
				-21.39502000 130.36130000 -3.21093700 / -1.00000000 0.00000000 0.00000000 / 210 0 198 255 / 0.75064080 0.00285340
				-21.39502000 113.15140000 0.48144530 / -1.00000000 0.00000000 0.00000000 / 208 0 196 255 / 0.75064080 0.20376590
				-21.39502000 113.15140000 0.48144530 / -1.00000000 0.00000000 0.00000000 / 208 0 196 255 / 0.75064080 0.20376590
				-21.39502000 112.95120000 0.48144530 / -1.00000000 0.00000000 0.00000000 / 208 0 196 255 / 0.77662660 0.20376590
				-21.39502000 112.95120000 1.68408200 / -1.00000000 0.00000000 0.00000000 / 208 0 196 255 / 0.77662660 0.00285340
				-21.39502000 112.95120000 1.68408200 / -1.00000000 0.00000000 0.00000000 / 208 0 196 255 / 0.77662660 0.00285340
				-21.39502000 113.15140000 1.68408200 / -1.00000000 0.00000000 0.00000000 / 209 0 196 255 / 0.75064080 0.00285340
				-21.39502000 114.13570000 0.48144530 / -1.00000000 0.00000000 0.00000000 / 189 0 178 255 / 0.75064080 0.20376590
				-21.39502000 114.13570000 0.48144530 / -1.00000000 0.00000000 0.00000000 / 189 0 178 255 / 0.75064080 0.20376590
				-21.39502000 113.93550000 0.48144530 / -1.00000000 0.00000000 0.00000000 / 189 0 178 255 / 0.77662660 0.20376590
				-21.39502000 113.93550000 1.68408200 / -1.00000000 0.00000000 0.00000000 / 189 0 178 255 / 0.77662660 0.00285340
				-21.39502000 113.93550000 1.68408200 / -1.00000000 0.00000000 0.00000000 / 189 0 178 255 / 0.77662660 0.00285340
				-21.39502000 114.13570000 1.68408200 / -1.00000000 0.00000000 0.00000000 / 189 0 179 255 / 0.75064080 0.00285340
				-21.39502000 109.39210000 0.48144530 / -1.00000000 0.00000000 0.00000000 / 202 0 190 255 / 0.75064080 0.20376590
				-21.39502000 109.39210000 0.48144530 / -1.00000000 0.00000000 0.00000000 / 202 0 190 255 / 0.75064080 0.20376590
				-21.39502000 109.19190000 0.48144530 / -1.00000000 0.00000000 0.00000000 / 202 0 190 255 / 0.77662660 0.20376590
				-21.39502000 109.19190000 1.68408200 / -1.00000000 0.00000000 0.00000000 / 202 0 190 255 / 0.77662660 0.00285340
				-21.39502000 109.19190000 1.68408200 / -1.00000000 0.00000000 0.00000000 / 202 0 190 255 / 0.77662660 0.00285340
				-21.39502000 109.39210000 1.68408200 / -1.00000000 0.00000000 0.00000000 / 201 0 189 255 / 0.75064080 0.00285340
				-21.39502000 117.13720000 0.48144530 / -1.00000000 0.00000000 0.00000000 / 207 0 195 255 / 0.75064080 0.20376590
				-21.39502000 117.13720000 0.48144530 / -1.00000000 0.00000000 0.00000000 / 207 0 195 255 / 0.75064080 0.20376590
				-21.39502000 116.93700000 0.48144530 / -1.00000000 0.00000000 0.00000000 / 207 0 195 255 / 0.77662660 0.20376590
				-21.39502000 116.93700000 1.68408200 / -1.00000000 0.00000000 0.00000000 / 207 0 195 255 / 0.77662660 0.00285340
				-21.39502000 116.93700000 1.68408200 / -1.00000000 0.00000000 0.00000000 / 207 0 195 255 / 0.77662660 0.00285340
				-21.39502000 117.13720000 1.68408200 / -1.00000000 0.00000000 0.00000000 / 207 0 194 255 / 0.75064080 0.00285340
				-21.39502000 104.04150000 0.48144530 / -1.00000000 0.00000000 0.00000000 / 185 0 175 255 / 0.75064080 0.20376590
				-21.39502000 104.04150000 0.48144530 / -1.00000000 0.00000000 0.00000000 / 185 0 175 255 / 0.75064080 0.20376590
				-21.39502000 103.84130000 0.48144530 / -1.00000000 0.00000000 0.00000000 / 185 0 174 255 / 0.77662660 0.20376590
				-21.39502000 103.84130000 1.68408200 / -1.00000000 0.00000000 0.00000000 / 185 0 175 255 / 0.77662660 0.00285340
				-21.39502000 103.84130000 1.68408200 / -1.00000000 0.00000000 0.00000000 / 185 0 175 255 / 0.77662660 0.00285340
				-21.39502000 104.04150000 1.68408200 / -1.00000000 0.00000000 0.00000000 / 186 0 175 255 / 0.75064080 0.00285340
				-21.39502000 105.02590000 0.48144530 / -1.00000000 0.00000000 0.00000000 / 186 0 175 255 / 0.75064080 0.20376590
				-21.39502000 105.02590000 0.48144530 / -1.00000000 0.00000000 0.00000000 / 186 0 175 255 / 0.75064080 0.20376590
				-21.39502000 104.82570000 0.48144530 / -1.00000000 0.00000000 0.00000000 / 186 0 175 255 / 0.77662660 0.20376590
				-21.39502000 104.82570000 1.68408200 / -1.00000000 0.00000000 0.00000000 / 186 0 175 255 / 0.77662660 0.00285340
				-21.39502000 104.82570000 1.68408200 / -1.00000000 0.00000000 0.00000000 / 186 0 175 255 / 0.77662660 0.00285340
				-21.39502000 105.02590000 1.68408200 / -1.00000000 0.00000000 0.00000000 / 186 0 175 255 / 0.75064080 0.00285340
				-21.39502000 100.28220000 0.48144530 / -1.00000000 0.00000000 0.00000000 / 183 0 172 255 / 0.75064080 0.20376590
				-21.39502000 100.28220000 0.48144530 / -1.00000000 0.00000000 0.00000000 / 183 0 172 255 / 0.75064080 0.20376590
				-21.39502000 100.08200000 0.48144530 / -1.00000000 0.00000000 0.00000000 / 182 0 172 255 / 0.77662660 0.20376590
				-21.39502000 100.08200000 1.68408200 / -1.00000000 0.00000000 0.00000000 / 183 0 172 255 / 0.77662660 0.00285340
				-21.39502000 100.08200000 1.68408200 / -1.00000000 0.00000000 0.00000000 / 183 0 172 255 / 0.77662660 0.00285340
				-21.39502000 100.28220000 1.68408200 / -1.00000000 0.00000000 0.00000000 / 183 0 173 255 / 0.75064080 0.00285340
				-21.39502000 108.02730000 0.48144530 / -1.00000000 0.00000000 0.00000000 / 192 0 181 255 / 0.75064080 0.20376590
				-21.39502000 108.02730000 0.48144530 / -1.00000000 0.00000000 0.00000000 / 192 0 181 255 / 0.75064080 0.20376590
				-21.39502000 107.82710000 0.48144530 / -1.00000000 0.00000000 0.00000000 / 192 0 181 255 / 0.77662660 0.20376590
				-21.39502000 107.82710000 1.68408200 / -1.00000000 0.00000000 0.00000000 / 192 0 181 255 / 0.77662660 0.00285340
				-21.39502000 107.82710000 1.68408200 / -1.00000000 0.00000000 0.00000000 / 192 0 181 255 / 0.77662660 0.00285340
				-21.39502000 108.02730000 1.68408200 / -1.00000000 0.00000000 0.00000000 / 192 0 181 255 / 0.75064080 0.00285340
				-21.39502000 113.15140000 -4.41308600 / -1.00000000 0.00000000 0.00000000 / 167 0 158 255 / 0.75064080 0.20376590
				-21.39502000 113.15140000 -4.41308600 / -1.00000000 0.00000000 0.00000000 / 167 0 158 255 / 0.75064080 0.20376590
				-21.39502000 112.95120000 -4.41308600 / -1.00000000 0.00000000 0.00000000 / 167 0 158 255 / 0.77662660 0.20376590
				-21.39502000 112.95120000 -3.21093700 / -1.00000000 0.00000000 0.00000000 / 167 0 158 255 / 0.77662660 0.00285340
				-21.39502000 112.95120000 -3.21093700 / -1.00000000 0.00000000 0.00000000 / 167 0 158 255 / 0.77662660 0.00285340
				-21.39502000 113.15140000 -3.21093700 / -1.00000000 0.00000000 0.00000000 / 167 0 158 255 / 0.75064080 0.00285340
				-21.39502000 114.13570000 -4.41308600 / -1.00000000 0.00000000 0.00000000 / 173 0 164 255 / 0.75064080 0.20376590
				-21.39502000 114.13570000 -4.41308600 / -1.00000000 0.00000000 0.00000000 / 173 0 164 255 / 0.75064080 0.20376590
				-21.39502000 113.93550000 -4.41308600 / -1.00000000 0.00000000 0.00000000 / 173 0 164 255 / 0.77662660 0.20376590
				-21.39502000 113.93550000 -3.21093700 / -1.00000000 0.00000000 0.00000000 / 173 0 164 255 / 0.77662660 0.00285340
				-21.39502000 113.93550000 -3.21093700 / -1.00000000 0.00000000 0.00000000 / 173 0 164 255 / 0.77662660 0.00285340
				-21.39502000 114.13570000 -3.21093700 / -1.00000000 0.00000000 0.00000000 / 173 0 164 255 / 0.75064080 0.00285340
				-21.39502000 109.39210000 -4.41308600 / -1.00000000 0.00000000 0.00000000 / 156 0 148 255 / 0.75064080 0.20376590
				-21.39502000 109.39210000 -4.41308600 / -1.00000000 0.00000000 0.00000000 / 156 0 148 255 / 0.75064080 0.20376590
				-21.39502000 109.19190000 -4.41308600 / -1.00000000 0.00000000 0.00000000 / 156 0 148 255 / 0.77662660 0.20376590
				-21.39502000 109.19190000 -3.21093700 / -1.00000000 0.00000000 0.00000000 / 156 0 148 255 / 0.77662660 0.00285340
				-21.39502000 109.19190000 -3.21093700 / -1.00000000 0.00000000 0.00000000 / 156 0 148 255 / 0.77662660 0.00285340
				-21.39502000 109.39210000 -3.21093700 / -1.00000000 0.00000000 0.00000000 / 156 0 148 255 / 0.75064080 0.00285340
				-21.39502000 117.13720000 -4.41308600 / -1.00000000 0.00000000 0.00000000 / 186 0 176 255 / 0.75064080 0.20376590
				-21.39502000 117.13720000 -4.41308600 / -1.00000000 0.00000000 0.00000000 / 186 0 176 255 / 0.75064080 0.20376590
				-21.39502000 116.93700000 -4.41308600 / -1.00000000 0.00000000 0.00000000 / 186 0 176 255 / 0.77662660 0.20376590
				-21.39502000 116.93700000 -3.21093700 / -1.00000000 0.00000000 0.00000000 / 186 0 176 255 / 0.77662660 0.00285340
				-21.39502000 116.93700000 -3.21093700 / -1.00000000 0.00000000 0.00000000 / 186 0 176 255 / 0.77662660 0.00285340
				-21.39502000 117.13720000 -3.21093700 / -1.00000000 0.00000000 0.00000000 / 186 0 176 255 / 0.75064080 0.00285340
				-21.39502000 104.04150000 -4.41308600 / -1.00000000 0.00000000 0.00000000 / 141 0 134 255 / 0.75064080 0.20376590
				-21.39502000 104.04150000 -4.41308600 / -1.00000000 0.00000000 0.00000000 / 141 0 134 255 / 0.75064080 0.20376590
				-21.39502000 103.84130000 -4.41308600 / -1.00000000 0.00000000 0.00000000 / 142 0 135 255 / 0.77662660 0.20376590
				-21.39502000 103.84130000 -3.21093700 / -1.00000000 0.00000000 0.00000000 / 141 0 134 255 / 0.77662660 0.00285340
				-21.39502000 103.84130000 -3.21093700 / -1.00000000 0.00000000 0.00000000 / 141 0 134 255 / 0.77662660 0.00285340
				-21.39502000 104.04150000 -3.21093700 / -1.00000000 0.00000000 0.00000000 / 141 0 134 255 / 0.75064080 0.00285340
				-21.39502000 105.02590000 -4.41308600 / -1.00000000 0.00000000 0.00000000 / 140 0 133 255 / 0.75064080 0.20376590
				-21.39502000 105.02590000 -4.41308600 / -1.00000000 0.00000000 0.00000000 / 140 0 133 255 / 0.75064080 0.20376590
				-21.39502000 104.82570000 -4.41308600 / -1.00000000 0.00000000 0.00000000 / 140 0 133 255 / 0.77662660 0.20376590
				-21.39502000 104.82570000 -3.21093700 / -1.00000000 0.00000000 0.00000000 / 140 0 133 255 / 0.77662660 0.00285340
				-21.39502000 104.82570000 -3.21093700 / -1.00000000 0.00000000 0.00000000 / 140 0 133 255 / 0.77662660 0.00285340
				-21.39502000 105.02590000 -3.21093700 / -1.00000000 0.00000000 0.00000000 / 140 0 133 255 / 0.75064080 0.00285340
				-21.39502000 100.28220000 -4.41308600 / -1.00000000 0.00000000 0.00000000 / 132 0 126 255 / 0.75064080 0.20376590
				-21.39502000 100.28220000 -4.41308600 / -1.00000000 0.00000000 0.00000000 / 132 0 126 255 / 0.75064080 0.20376590
				-21.39502000 100.08200000 -4.41308600 / -1.00000000 0.00000000 0.00000000 / 132 0 126 255 / 0.77662660 0.20376590
				-21.39502000 100.08200000 -3.21093700 / -1.00000000 0.00000000 0.00000000 / 132 0 126 255 / 0.77662660 0.00285340
				-21.39502000 100.08200000 -3.21093700 / -1.00000000 0.00000000 0.00000000 / 132 0 126 255 / 0.77662660 0.00285340
				-21.39502000 100.28220000 -3.21093700 / -1.00000000 0.00000000 0.00000000 / 132 0 126 255 / 0.75064080 0.00285340
				-21.39502000 108.02730000 -4.41308600 / -1.00000000 0.00000000 0.00000000 / 165 0 156 255 / 0.75064080 0.20376590
				-21.39502000 108.02730000 -4.41308600 / -1.00000000 0.00000000 0.00000000 / 165 0 156 255 / 0.75064080 0.20376590
				-21.39502000 107.82710000 -4.41308600 / -1.00000000 0.00000000 0.00000000 / 165 0 156 255 / 0.77662660 0.20376590
				-21.39502000 107.82710000 -3.21093700 / -1.00000000 0.00000000 0.00000000 / 165 0 156 255 / 0.77662660 0.00285340
				-21.39502000 107.82710000 -3.21093700 / -1.00000000 0.00000000 0.00000000 / 165 0 156 255 / 0.77662660 0.00285340
				-21.39502000 108.02730000 -3.21093700 / -1.00000000 0.00000000 0.00000000 / 165 0 156 255 / 0.75064080 0.00285340
				11.37109000 112.22800000 1.06543000 / -0.70701140 -0.70720210 0.00000000 / 215 0 202 255 / 0.75056460 0.21057130
				11.37109000 112.22800000 1.06543000 / -0.70701140 -0.70720210 0.00000000 / 215 0 202 255 / 0.75056460 0.21057130
				11.37109000 112.22800000 1.65918000 / -0.70701140 -0.70720210 0.00000000 / 215 0 202 255 / 0.75056460 0.29104620
				10.62402000 112.97510000 1.65918000 / -0.70701140 -0.70720210 0.00000000 / 215 0 202 255 / 0.82252500 0.29104620
				10.62402000 112.97510000 1.65918000 / -0.70701140 -0.70720210 0.00000000 / 215 0 202 255 / 0.82252500 0.29104620
				10.62402000 112.97510000 1.06543000 / -0.70701140 -0.70720210 0.00000000 / 214 0 202 255 / 0.82252500 0.21057130
				21.55176000 147.03860000 0.48144530 / 0.00000000 1.00000000 0.00000000 / 225 0 212 255 / 0.75064080 0.20376590
				21.55176000 147.03860000 0.48144530 / 0.00000000 1.00000000 0.00000000 / 225 0 212 255 / 0.75064080 0.20376590
				21.35156000 147.03860000 0.48144530 / 0.00000000 1.00000000 0.00000000 / 225 0 212 255 / 0.77662660 0.20376590
				21.35156000 147.03860000 1.68408200 / 0.00000000 1.00000000 0.00000000 / 225 0 212 255 / 0.77662660 0.00285340
				21.35156000 147.03860000 1.68408200 / 0.00000000 1.00000000 0.00000000 / 225 0 212 255 / 0.77662660 0.00285340
				21.55176000 147.03860000 1.68408200 / 0.00000000 1.00000000 0.00000000 / 225 0 212 255 / 0.75064080 0.00285340
				22.53613000 147.03860000 0.48144530 / 0.00000000 1.00000000 0.00000000 / 244 0 229 255 / 0.75064080 0.20376590
				22.53613000 147.03860000 0.48144530 / 0.00000000 1.00000000 0.00000000 / 244 0 229 255 / 0.75064080 0.20376590
				22.33594000 147.03860000 0.48144530 / 0.00000000 1.00000000 0.00000000 / 244 0 229 255 / 0.77662660 0.20376590
				22.33594000 147.03860000 1.68408200 / 0.00000000 1.00000000 0.00000000 / 244 0 229 255 / 0.77662660 0.00285340
				22.33594000 147.03860000 1.68408200 / 0.00000000 1.00000000 0.00000000 / 244 0 229 255 / 0.77662660 0.00285340
				22.53613000 147.03860000 1.68408200 / 0.00000000 1.00000000 0.00000000 / 244 0 229 255 / 0.75064080 0.00285340
				17.79248000 147.03860000 0.48144530 / 0.00000000 1.00000000 0.00000000 / 234 0 219 255 / 0.75064080 0.20376590
				17.79248000 147.03860000 0.48144530 / 0.00000000 1.00000000 0.00000000 / 234 0 219 255 / 0.75064080 0.20376590
				17.59229000 147.03860000 0.48144530 / 0.00000000 1.00000000 0.00000000 / 234 0 220 255 / 0.77662660 0.20376590
				17.59229000 147.03860000 1.68408200 / 0.00000000 1.00000000 0.00000000 / 234 0 219 255 / 0.77662660 0.00285340
				17.59229000 147.03860000 1.68408200 / 0.00000000 1.00000000 0.00000000 / 234 0 219 255 / 0.77662660 0.00285340
				17.79248000 147.03860000 1.68408200 / 0.00000000 1.00000000 0.00000000 / 233 0 219 255 / 0.75064080 0.00285340
				25.53760000 147.03860000 0.48144530 / 0.00000000 1.00000000 0.00000000 / 224 0 210 255 / 0.75064080 0.20376590
				25.53760000 147.03860000 0.48144530 / 0.00000000 1.00000000 0.00000000 / 224 0 210 255 / 0.75064080 0.20376590
				25.33691000 147.03860000 0.48144530 / 0.00000000 1.00000000 0.00000000 / 224 0 210 255 / 0.77662660 0.20376590
				25.33691000 147.03860000 1.68408200 / 0.00000000 1.00000000 0.00000000 / 224 0 210 255 / 0.77662660 0.00285340
				25.33691000 147.03860000 1.68408200 / 0.00000000 1.00000000 0.00000000 / 224 0 210 255 / 0.77662660 0.00285340
				25.53760000 147.03860000 1.68408200 / 0.00000000 1.00000000 0.00000000 / 224 0 210 255 / 0.75064080 0.00285340
				12.44189000 147.03860000 0.48144530 / 0.00000000 1.00000000 0.00000000 / 218 0 205 255 / 0.75064080 0.20376590
				12.44189000 147.03860000 0.48144530 / 0.00000000 1.00000000 0.00000000 / 218 0 205 255 / 0.75064080 0.20376590
				12.24121000 147.03860000 0.48144530 / 0.00000000 1.00000000 0.00000000 / 218 0 205 255 / 0.77662660 0.20376590
				12.24121000 147.03860000 1.68408200 / 0.00000000 1.00000000 0.00000000 / 218 0 205 255 / 0.77662660 0.00285340
				12.24121000 147.03860000 1.68408200 / 0.00000000 1.00000000 0.00000000 / 218 0 205 255 / 0.77662660 0.00285340
				12.44189000 147.03860000 1.68408200 / 0.00000000 1.00000000 0.00000000 / 218 0 205 255 / 0.75064080 0.00285340
				13.42627000 147.03860000 0.48144530 / 0.00000000 1.00000000 0.00000000 / 232 0 218 255 / 0.75064080 0.20376590
				13.42627000 147.03860000 0.48144530 / 0.00000000 1.00000000 0.00000000 / 232 0 218 255 / 0.75064080 0.20376590
				13.22608000 147.03860000 0.48144530 / 0.00000000 1.00000000 0.00000000 / 232 0 218 255 / 0.77662660 0.20376590
				13.22608000 147.03860000 1.68408200 / 0.00000000 1.00000000 0.00000000 / 232 0 218 255 / 0.77662660 0.00285340
				13.22608000 147.03860000 1.68408200 / 0.00000000 1.00000000 0.00000000 / 232 0 218 255 / 0.77662660 0.00285340
				13.42627000 147.03860000 1.68408200 / 0.00000000 1.00000000 0.00000000 / 233 0 218 255 / 0.75064080 0.00285340
				8.68261700 147.03860000 0.48144530 / 0.00000000 1.00000000 0.00000000 / 226 0 212 255 / 0.75064080 0.20376590
				8.68261700 147.03860000 0.48144530 / 0.00000000 1.00000000 0.00000000 / 226 0 212 255 / 0.75064080 0.20376590
				8.48193400 147.03860000 0.48144530 / 0.00000000 1.00000000 0.00000000 / 226 0 212 255 / 0.77662660 0.20376590
				8.48193400 147.03860000 1.68408200 / 0.00000000 1.00000000 0.00000000 / 226 0 212 255 / 0.77662660 0.00285340
				8.48193400 147.03860000 1.68408200 / 0.00000000 1.00000000 0.00000000 / 226 0 212 255 / 0.77662660 0.00285340
				8.68261700 147.03860000 1.68408200 / 0.00000000 1.00000000 0.00000000 / 225 0 211 255 / 0.75064080 0.00285340
				16.42773000 147.03860000 0.48144530 / 0.00000000 1.00000000 0.00000000 / 228 0 214 255 / 0.75064080 0.20376590
				16.42773000 147.03860000 0.48144530 / 0.00000000 1.00000000 0.00000000 / 228 0 214 255 / 0.75064080 0.20376590
				16.22705000 147.03860000 0.48144530 / 0.00000000 1.00000000 0.00000000 / 228 0 214 255 / 0.77662660 0.20376590
				16.22705000 147.03860000 1.68408200 / 0.00000000 1.00000000 0.00000000 / 228 0 214 255 / 0.77662660 0.00285340
				16.22705000 147.03860000 1.68408200 / 0.00000000 1.00000000 0.00000000 / 228 0 214 255 / 0.77662660 0.00285340
				16.42773000 147.03860000 1.68408200 / 0.00000000 1.00000000 0.00000000 / 228 0 214 255 / 0.75064080 0.00285340
				-0.78222660 147.03860000 0.48144530 / 0.00000000 1.00000000 0.00000000 / 233 0 219 255 / 0.83427430 0.20376590
				-0.78222660 147.03860000 0.48144530 / 0.00000000 1.00000000 0.00000000 / 233 0 219 255 / 0.83427430 0.20376590
				-0.98291010 147.03860000 0.48144530 / 0.00000000 1.00000000 0.00000000 / 233 0 219 255 / 0.86026000 0.20376590
				-0.98291010 147.03860000 1.68408200 / 0.00000000 1.00000000 0.00000000 / 233 0 219 255 / 0.86026000 0.00285340
				-0.98291010 147.03860000 1.68408200 / 0.00000000 1.00000000 0.00000000 / 233 0 219 255 / 0.86026000 0.00285340
				-0.78222660 147.03860000 1.68408200 / 0.00000000 1.00000000 0.00000000 / 234 0 219 255 / 0.83427430 0.00285340
				0.20214840 147.03860000 0.48144530 / 0.00000000 1.00000000 0.00000000 / 226 0 212 255 / 0.80699160 0.20376590
				0.20214840 147.03860000 0.48144530 / 0.00000000 1.00000000 0.00000000 / 226 0 212 255 / 0.80699160 0.20376590
				0.00195310 147.03860000 0.48144530 / 0.00000000 1.00000000 0.00000000 / 226 0 212 255 / 0.83296200 0.20376590
				0.00195310 147.03860000 1.68408200 / 0.00000000 1.00000000 0.00000000 / 226 0 212 255 / 0.83296200 0.00285340
				0.00195310 147.03860000 1.68408200 / 0.00000000 1.00000000 0.00000000 / 226 0 212 255 / 0.83296200 0.00285340
				0.20214840 147.03860000 1.68408200 / 0.00000000 1.00000000 0.00000000 / 225 0 212 255 / 0.80699160 0.00285340
				-4.54199200 147.03860000 0.48144530 / 0.00000000 1.00000000 0.00000000 / 229 0 215 255 / 0.86682130 0.20376590
				-4.54199200 147.03860000 0.48144530 / 0.00000000 1.00000000 0.00000000 / 229 0 215 255 / 0.86682130 0.20376590
				-4.74218700 147.03860000 0.48144530 / 0.00000000 1.00000000 0.00000000 / 229 0 215 255 / 0.89280700 0.20376590
				-4.74218700 147.03860000 1.68408200 / 0.00000000 1.00000000 0.00000000 / 229 0 215 255 / 0.89280700 0.00285340
				-4.74218700 147.03860000 1.68408200 / 0.00000000 1.00000000 0.00000000 / 229 0 215 255 / 0.89280700 0.00285340
				-4.54199200 147.03860000 1.68408200 / 0.00000000 1.00000000 0.00000000 / 229 0 215 255 / 0.86682130 0.00285340
				3.20361300 147.03860000 0.48144530 / 0.00000000 1.00000000 0.00000000 / 230 0 216 255 / 0.78004450 0.20376590
				3.20361300 147.03860000 0.48144530 / 0.00000000 1.00000000 0.00000000 / 230 0 216 255 / 0.78004450 0.20376590
				3.00293000 147.03860000 0.48144530 / 0.00000000 1.00000000 0.00000000 / 230 0 216 255 / 0.80601500 0.20376590
				3.00293000 147.03860000 1.68408200 / 0.00000000 1.00000000 0.00000000 / 230 0 216 255 / 0.80601500 0.00285340
				3.00293000 147.03860000 1.68408200 / 0.00000000 1.00000000 0.00000000 / 230 0 216 255 / 0.80601500 0.00285340
				3.20361300 147.03860000 1.68408200 / 0.00000000 1.00000000 0.00000000 / 231 0 216 255 / 0.78004450 0.00285340
				-9.89257800 147.03860000 0.48144530 / 0.00000000 1.00000000 0.00000000 / 233 0 218 255 / 0.83462530 0.20376590
				-9.89257800 147.03860000 0.48144530 / 0.00000000 1.00000000 0.00000000 / 233 0 218 255 / 0.83462530 0.20376590
				-10.09277000 147.03860000 0.48144530 / 0.00000000 1.00000000 0.00000000 / 233 0 219 255 / 0.86061100 0.20376590
				-10.09277000 147.03860000 1.68408200 / 0.00000000 1.00000000 0.00000000 / 233 0 218 255 / 0.86061100 0.00285340
				-10.09277000 147.03860000 1.68408200 / 0.00000000 1.00000000 0.00000000 / 233 0 218 255 / 0.86061100 0.00285340
				-9.89257800 147.03860000 1.68408200 / 0.00000000 1.00000000 0.00000000 / 232 0 218 255 / 0.83462530 0.00285340
				-8.90771500 147.03860000 0.48144530 / 0.00000000 1.00000000 0.00000000 / 221 0 208 255 / 0.86611940 0.20376590
				-8.90771500 147.03860000 0.48144530 / 0.00000000 1.00000000 0.00000000 / 221 0 208 255 / 0.86611940 0.20376590
				-9.10839800 147.03860000 0.48144530 / 0.00000000 1.00000000 0.00000000 / 221 0 208 255 / 0.89210510 0.20376590
				-9.10839800 147.03860000 1.68408200 / 0.00000000 1.00000000 0.00000000 / 221 0 208 255 / 0.89210510 0.00285340
				-9.10839800 147.03860000 1.68408200 / 0.00000000 1.00000000 0.00000000 / 221 0 208 255 / 0.89210510 0.00285340
				-8.90771500 147.03860000 1.68408200 / 0.00000000 1.00000000 0.00000000 / 222 0 208 255 / 0.86611940 0.00285340
				-13.65186000 147.03860000 0.48144530 / 0.00000000 1.00000000 0.00000000 / 238 0 224 255 / 0.77864070 0.20376590
				-13.65186000 147.03860000 0.48144530 / 0.00000000 1.00000000 0.00000000 / 238 0 224 255 / 0.77864070 0.20376590
				-13.85205000 147.03860000 0.48144530 / 0.00000000 1.00000000 0.00000000 / 239 0 224 255 / 0.80462650 0.20376590
				-13.85205000 147.03860000 1.68408200 / 0.00000000 1.00000000 0.00000000 / 238 0 224 255 / 0.80462650 0.00285340
				-13.85205000 147.03860000 1.68408200 / 0.00000000 1.00000000 0.00000000 / 238 0 224 255 / 0.80462650 0.00285340
				-13.65186000 147.03860000 1.68408200 / 0.00000000 1.00000000 0.00000000 / 238 0 223 255 / 0.77864070 0.00285340
				-5.90673800 147.03860000 0.48144530 / 0.00000000 1.00000000 0.00000000 / 228 0 214 255 / 0.89796450 0.20376590
				-5.90673800 147.03860000 0.48144530 / 0.00000000 1.00000000 0.00000000 / 228 0 214 255 / 0.89796450 0.20376590
				-6.10693400 147.03860000 0.48144530 / 0.00000000 1.00000000 0.00000000 / 228 0 214 255 / 0.92395020 0.20376590
				-6.10693400 147.03860000 1.68408200 / 0.00000000 1.00000000 0.00000000 / 228 0 214 255 / 0.92395020 0.00285340
				-6.10693400 147.03860000 1.68408200 / 0.00000000 1.00000000 0.00000000 / 228 0 214 255 / 0.92395020 0.00285340
				-5.90673800 147.03860000 1.68408200 / 0.00000000 1.00000000 0.00000000 / 228 0 214 255 / 0.89796450 0.00285340
				-0.78222660 147.03860000 -4.41308600 / 0.00000000 1.00000000 0.00000000 / 229 0 215 255 / 0.96899420 0.20376590
				-0.78222660 147.03860000 -4.41308600 / 0.00000000 1.00000000 0.00000000 / 229 0 215 255 / 0.96899420 0.20376590
				-0.98291010 147.03860000 -4.41308600 / 0.00000000 1.00000000 0.00000000 / 229 0 215 255 / 0.99497990 0.20376590
				-0.98291010 147.03860000 -3.21093700 / 0.00000000 1.00000000 0.00000000 / 229 0 215 255 / 0.99497990 0.00285340
				-0.98291010 147.03860000 -3.21093700 / 0.00000000 1.00000000 0.00000000 / 229 0 215 255 / 0.99497990 0.00285340
				-0.78222660 147.03860000 -3.21093700 / 0.00000000 1.00000000 0.00000000 / 229 0 215 255 / 0.96899420 0.00285340
				0.20214840 147.03860000 -4.41308600 / 0.00000000 1.00000000 0.00000000 / 230 0 216 255 / 0.77934260 0.20376590
				0.20214840 147.03860000 -4.41308600 / 0.00000000 1.00000000 0.00000000 / 230 0 216 255 / 0.77934260 0.20376590
				0.00195310 147.03860000 -4.41308600 / 0.00000000 1.00000000 0.00000000 / 229 0 215 255 / 0.80531310 0.20376590
				0.00195310 147.03860000 -3.21093700 / 0.00000000 1.00000000 0.00000000 / 230 0 216 255 / 0.80531310 0.00285340
				0.00195310 147.03860000 -3.21093700 / 0.00000000 1.00000000 0.00000000 / 230 0 216 255 / 0.80531310 0.00285340
				0.20214840 147.03860000 -3.21093700 / 0.00000000 1.00000000 0.00000000 / 230 0 216 255 / 0.77934260 0.00285340
				-4.54199200 147.03860000 -4.41308600 / 0.00000000 1.00000000 0.00000000 / 227 0 213 255 / 0.93505860 0.20376590
				-4.54199200 147.03860000 -4.41308600 / 0.00000000 1.00000000 0.00000000 / 227 0 213 255 / 0.93505860 0.20376590
				-4.74218700 147.03860000 -4.41308600 / 0.00000000 1.00000000 0.00000000 / 227 0 213 255 / 0.96104430 0.20376590
				-4.74218700 147.03860000 -3.21093700 / 0.00000000 1.00000000 0.00000000 / 227 0 213 255 / 0.96104430 0.00285340
				-4.74218700 147.03860000 -3.21093700 / 0.00000000 1.00000000 0.00000000 / 227 0 213 255 / 0.96104430 0.00285340
				-4.54199200 147.03860000 -3.21093700 / 0.00000000 1.00000000 0.00000000 / 228 0 214 255 / 0.93505860 0.00285340
				3.20361300 147.03860000 -4.41308600 / 0.00000000 1.00000000 0.00000000 / 232 0 218 255 / 0.80593870 0.20376590
				3.20361300 147.03860000 -4.41308600 / 0.00000000 1.00000000 0.00000000 / 232 0 218 255 / 0.80593870 0.20376590
				3.00293000 147.03860000 -4.41308600 / 0.00000000 1.00000000 0.00000000 / 233 0 218 255 / 0.83190920 0.20376590
				3.00293000 147.03860000 -3.21093700 / 0.00000000 1.00000000 0.00000000 / 232 0 218 255 / 0.83190920 0.00285340
				3.00293000 147.03860000 -3.21093700 / 0.00000000 1.00000000 0.00000000 / 232 0 218 255 / 0.83190920 0.00285340
				3.20361300 147.03860000 -3.21093700 / 0.00000000 1.00000000 0.00000000 / 232 0 218 255 / 0.80593870 0.00285340
				-9.89257800 147.03860000 -4.41308600 / 0.00000000 1.00000000 0.00000000 / 216 0 203 255 / 0.75064080 0.20376590
				-9.89257800 147.03860000 -4.41308600 / 0.00000000 1.00000000 0.00000000 / 216 0 203 255 / 0.75064080 0.20376590
				-10.09277000 147.03860000 -4.41308600 / 0.00000000 1.00000000 0.00000000 / 215 0 202 255 / 0.77662660 0.20376590
				-10.09277000 147.03860000 -3.21093700 / 0.00000000 1.00000000 0.00000000 / 216 0 203 255 / 0.77662660 0.00285340
				-10.09277000 147.03860000 -3.21093700 / 0.00000000 1.00000000 0.00000000 / 216 0 203 255 / 0.77662660 0.00285340
				-9.89257800 147.03860000 -3.21093700 / 0.00000000 1.00000000 0.00000000 / 216 0 203 255 / 0.75064080 0.00285340
				-8.90771500 147.03860000 -4.41308600 / 0.00000000 1.00000000 0.00000000 / 239 0 224 255 / 0.80664060 0.20376590
				-8.90771500 147.03860000 -4.41308600 / 0.00000000 1.00000000 0.00000000 / 239 0 224 255 / 0.80664060 0.20376590
				-9.10839800 147.03860000 -4.41308600 / 0.00000000 1.00000000 0.00000000 / 239 0 224 255 / 0.83261110 0.20376590
				-9.10839800 147.03860000 -3.21093700 / 0.00000000 1.00000000 0.00000000 / 239 0 224 255 / 0.83261110 0.00285340
				-9.10839800 147.03860000 -3.21093700 / 0.00000000 1.00000000 0.00000000 / 239 0 224 255 / 0.83261110 0.00285340
				-8.90820300 147.03860000 -3.21093700 / 0.00000000 1.00000000 0.00000000 / 239 0 224 255 / 0.80664060 0.00285340
				-13.65186000 147.03860000 -4.41308600 / 0.00000000 1.00000000 0.00000000 / 230 0 216 255 / 0.83497620 0.20376590
				-13.65186000 147.03860000 -4.41308600 / 0.00000000 1.00000000 0.00000000 / 230 0 216 255 / 0.83497620 0.20376590
				-13.85205000 147.03860000 -4.41308600 / 0.00000000 1.00000000 0.00000000 / 230 0 216 255 / 0.86096190 0.20376590
				-13.85205000 147.03860000 -3.21093700 / 0.00000000 1.00000000 0.00000000 / 230 0 216 255 / 0.86096190 0.00285340
				-13.85205000 147.03860000 -3.21093700 / 0.00000000 1.00000000 0.00000000 / 230 0 216 255 / 0.86096190 0.00285340
				-13.65186000 147.03860000 -3.21093700 / 0.00000000 1.00000000 0.00000000 / 230 0 216 255 / 0.83497620 0.00285340
				-5.90673800 147.03860000 -4.41308600 / 0.00000000 1.00000000 0.00000000 / 216 0 203 255 / 0.89831540 0.20376590
				-5.90673800 147.03860000 -4.41308600 / 0.00000000 1.00000000 0.00000000 / 216 0 203 255 / 0.89831540 0.20376590
				-6.10693400 147.03860000 -4.41308600 / 0.00000000 1.00000000 0.00000000 / 216 0 203 255 / 0.92430120 0.20376590
				-6.10693400 147.03860000 -3.21093700 / 0.00000000 1.00000000 0.00000000 / 216 0 203 255 / 0.92430120 0.00285340
				-6.10693400 147.03860000 -3.21093700 / 0.00000000 1.00000000 0.00000000 / 216 0 203 255 / 0.92430120 0.00285340
				-5.90673800 147.03860000 -3.21093700 / 0.00000000 1.00000000 0.00000000 / 216 0 203 255 / 0.89831540 0.00285340
				14.80566000 108.79350000 1.06543000 / -0.70701140 -0.70720210 0.00000000 / 207 0 195 255 / 0.75056460 0.39334110
				14.80566000 108.79350000 1.06543000 / -0.70701140 -0.70720210 0.00000000 / 207 0 195 255 / 0.75056460 0.39334110
				14.80566000 108.79350000 1.65918000 / -0.70701140 -0.70720210 0.00000000 / 207 0 195 255 / 0.75056460 0.48545840
				14.05859000 109.54000000 1.65918000 / -0.70701140 -0.70720210 0.00000000 / 207 0 195 255 / 0.82252500 0.48545840
				14.05859000 109.54000000 1.65918000 / -0.70701140 -0.70720210 0.00000000 / 207 0 195 255 / 0.82252500 0.48545840
				14.05859000 109.54000000 1.06543000 / -0.70701140 -0.70720210 0.00000000 / 208 0 196 255 / 0.82252500 0.39335630
				16.95654000 106.64260000 1.06543000 / -0.70701140 -0.70720210 0.00000000 / 214 0 201 255 / 0.75056460 0.39334110
				16.95654000 106.64260000 1.06543000 / -0.70701140 -0.70720210 0.00000000 / 214 0 201 255 / 0.75056460 0.39334110
				16.95654000 106.64260000 1.65918000 / -0.70701140 -0.70720210 0.00000000 / 214 0 202 255 / 0.75056460 0.48545840
				16.20947000 107.38920000 1.65918000 / -0.70701140 -0.70720210 0.00000000 / 214 0 201 255 / 0.82252500 0.48545840
				16.20947000 107.38920000 1.65918000 / -0.70701140 -0.70720210 0.00000000 / 214 0 201 255 / 0.82252500 0.48545840
				16.20947000 107.38920000 1.06543000 / -0.70701140 -0.70720210 0.00000000 / 213 0 200 255 / 0.82252500 0.39335630
				23.81983000 99.77881000 1.06543000 / -0.70701140 -0.70720210 0.00000000 / 215 0 202 255 / 0.75056460 0.30572510
				23.81983000 99.77881000 1.06543000 / -0.70701140 -0.70720210 0.00000000 / 215 0 202 255 / 0.75056460 0.30572510
				23.81983000 99.77881000 1.65918000 / -0.70701140 -0.70720210 0.00000000 / 214 0 201 255 / 0.75056460 0.38620000
				23.07324000 100.52590000 1.65918000 / -0.70701140 -0.70720210 0.00000000 / 215 0 202 255 / 0.82252500 0.38620000
				23.07324000 100.52590000 1.65918000 / -0.70701140 -0.70720210 0.00000000 / 215 0 202 255 / 0.82252500 0.38620000
				23.07324000 100.52590000 1.06543000 / -0.70701140 -0.70720210 0.00000000 / 215 0 202 255 / 0.82252500 0.30572510
				27.26123000 96.33789000 1.06543000 / -0.70701140 -0.70720210 0.00000000 / 233 0 218 255 / 0.75056460 0.30572510
				27.26123000 96.33789000 1.06543000 / -0.70701140 -0.70720210 0.00000000 / 233 0 218 255 / 0.75056460 0.30572510
				27.26123000 96.33789000 1.65918000 / -0.70701140 -0.70720210 0.00000000 / 233 0 218 255 / 0.75056460 0.38620000
				26.51416000 97.08447000 1.65918000 / -0.70701140 -0.70720210 0.00000000 / 233 0 218 255 / 0.82252500 0.38620000
				26.51416000 97.08447000 1.65918000 / -0.70701140 -0.70720210 0.00000000 / 233 0 218 255 / 0.82252500 0.38620000
				26.51416000 97.08447000 1.06543000 / -0.70701140 -0.70720210 0.00000000 / 232 0 218 255 / 0.82252500 0.30572510
				16.60352000 106.65040000 -4.20507800 / -0.70701140 -0.70720210 0.00000000 / 201 0 190 255 / 0.83436580 0.22241210
				16.60352000 106.65040000 -4.20507800 / -0.70701140 -0.70720210 0.00000000 / 201 0 190 255 / 0.83436580 0.22241210
				16.60352000 106.65040000 -4.90722700 / -0.70701140 -0.70720210 0.00000000 / 201 0 189 255 / 0.83436580 0.37518310
				16.65332000 106.60060000 -4.90722700 / -0.70701140 -0.70720210 0.00000000 / 201 0 190 255 / 0.86213680 0.37518310
				16.65332000 106.60060000 -4.90722700 / -0.70701140 -0.70720210 0.00000000 / 201 0 190 255 / 0.86213680 0.37518310
				16.65332000 106.60060000 -4.20507800 / -0.70701140 -0.70720210 0.00000000 / 202 0 190 255 / 0.86213680 0.22241210
				29.34766000 95.37842000 -4.26464900 / 0.00000000 -1.00000000 0.00000000 / 204 0 192 255 / 0.83436580 0.22241210
				29.34766000 95.37842000 -4.26464900 / 0.00000000 -1.00000000 0.00000000 / 204 0 192 255 / 0.83436580 0.22241210
				29.34766000 95.37842000 -4.96679700 / 0.00000000 -1.00000000 0.00000000 / 205 0 192 255 / 0.83436580 0.37518310
				29.41748000 95.37842000 -4.96679700 / 0.00000000 -1.00000000 0.00000000 / 204 0 192 255 / 0.86213680 0.37518310
				29.41748000 95.37842000 -4.96679700 / 0.00000000 -1.00000000 0.00000000 / 204 0 192 255 / 0.86213680 0.37518310
				29.41748000 95.37842000 -4.26464900 / 0.00000000 -1.00000000 0.00000000 / 204 0 192 255 / 0.86213680 0.22241210
				-17.39209000 95.37842000 -4.26464900 / 0.00000000 -1.00000000 0.00000000 / 216 0 203 255 / 0.83436580 0.22241210
				-17.39209000 95.37842000 -4.26464900 / 0.00000000 -1.00000000 0.00000000 / 216 0 203 255 / 0.83436580 0.22241210
				-17.39209000 95.37842000 -4.96679700 / 0.00000000 -1.00000000 0.00000000 / 216 0 203 255 / 0.83436580 0.37518310
				-17.32227000 95.37842000 -4.96679700 / 0.00000000 -1.00000000 0.00000000 / 216 0 203 255 / 0.86213680 0.37518310
				-17.32227000 95.37842000 -4.96679700 / 0.00000000 -1.00000000 0.00000000 / 216 0 203 255 / 0.86213680 0.37518310
				-17.32227000 95.37842000 -4.26464900 / 0.00000000 -1.00000000 0.00000000 / 216 0 203 255 / 0.86213680 0.22241210
				-4.62353500 106.90630000 -4.20507800 / 0.70698760 -0.70722590 0.00000000 / 201 0 190 255 / 0.83436580 0.22241210
				-4.62353500 106.90630000 -4.20507800 / 0.70698760 -0.70722590 0.00000000 / 201 0 190 255 / 0.83436580 0.22241210
				-4.62353500 106.90630000 -4.90722700 / 0.70698760 -0.70722590 0.00000000 / 201 0 190 255 / 0.83436580 0.37518310
				-4.57421900 106.95560000 -4.90722700 / 0.70698760 -0.70722590 0.00000000 / 201 0 190 255 / 0.86213680 0.37518310
				-4.57421900 106.95560000 -4.90722700 / 0.70698760 -0.70722590 0.00000000 / 201 0 190 255 / 0.86213680 0.37518310
				-4.57421900 106.95560000 -4.20507800 / 0.70698760 -0.70722590 0.00000000 / 201 0 190 255 / 0.86213680 0.22241210
				33.35791000 98.24609000 -4.26464900 / 1.00000000 0.00000000 0.00000000 / 154 0 146 255 / 0.83436580 0.22241210
				33.35791000 98.24609000 -4.26464900 / 1.00000000 0.00000000 0.00000000 / 154 0 146 255 / 0.83436580 0.22241210
				33.35791000 98.24609000 -4.96679700 / 1.00000000 0.00000000 0.00000000 / 154 0 146 255 / 0.83436580 0.37518310
				33.35791000 98.31592000 -4.96679700 / 1.00000000 0.00000000 0.00000000 / 154 0 146 255 / 0.86213680 0.37518310
				33.35791000 98.31592000 -4.96679700 / 1.00000000 0.00000000 0.00000000 / 154 0 146 255 / 0.86213680 0.37518310
				33.35791000 98.31592000 -4.26464900 / 1.00000000 0.00000000 0.00000000 / 154 0 146 255 / 0.86213680 0.22241210
				-14.79004000 97.08594000 1.06543000 / 0.70701140 -0.70720210 0.00000000 / 212 0 199 255 / 0.75056460 0.30572510
				-14.79004000 97.08594000 1.06543000 / 0.70701140 -0.70720210 0.00000000 / 212 0 199 255 / 0.75056460 0.30572510
				-14.79004000 97.08594000 1.65918000 / 0.70701140 -0.70720210 0.00000000 / 211 0 199 255 / 0.75056460 0.38620000
				-15.53711000 96.33887000 1.65918000 / 0.70701140 -0.70720210 0.00000000 / 212 0 199 255 / 0.82252500 0.38620000
				-15.53711000 96.33887000 1.65918000 / 0.70701140 -0.70720210 0.00000000 / 212 0 199 255 / 0.82252500 0.38620000
				-15.53711000 96.33887000 1.06543000 / 0.70701140 -0.70720210 0.00000000 / 212 0 199 255 / 0.82252500 0.30572510
				-4.48388700 107.39210000 1.06543000 / 0.70698760 -0.70722590 0.00000000 / 212 0 199 255 / 0.75056460 0.30572510
				-4.48388700 107.39210000 1.06543000 / 0.70698760 -0.70722590 0.00000000 / 212 0 199 255 / 0.75056460 0.30572510
				-4.48388700 107.39210000 1.65918000 / 0.70698760 -0.70722590 0.00000000 / 212 0 199 255 / 0.75056460 0.38620000
				-5.23095700 106.64500000 1.65918000 / 0.70698760 -0.70722590 0.00000000 / 212 0 199 255 / 0.82252500 0.38620000
				-5.23095700 106.64500000 1.65918000 / 0.70698760 -0.70722590 0.00000000 / 212 0 199 255 / 0.82252500 0.38620000
				-5.23095700 106.64500000 1.06543000 / 0.70698760 -0.70722590 0.00000000 / 211 0 199 255 / 0.82252500 0.30572510
				-2.34033200 109.53560000 1.06543000 / 0.70697560 -0.70723790 0.00000000 / 219 0 206 255 / 0.75056460 0.39471440
				-2.34033200 109.53560000 1.06543000 / 0.70697560 -0.70723790 0.00000000 / 219 0 206 255 / 0.75056460 0.39471440
				-2.34033200 109.53560000 1.65918000 / 0.70697560 -0.70723790 0.00000000 / 220 0 207 255 / 0.75056460 0.48614500
				-3.08740200 108.78910000 1.65918000 / 0.70697560 -0.70723790 0.00000000 / 219 0 206 255 / 0.82252500 0.48614500
				-3.08740200 108.78910000 1.65918000 / 0.70697560 -0.70723790 0.00000000 / 219 0 206 255 / 0.82252500 0.48614500
				-3.08740200 108.78910000 1.06543000 / 0.70697560 -0.70723790 0.00000000 / 219 0 206 255 / 0.82252500 0.39471440
				-46.90088000 115.39990000 0.48144530 / 0.64175930 0.76690610 0.00000000 / 197 0 186 255 / 0.77839660 0.20376590
				-46.90088000 115.39990000 0.48144530 / 0.64175930 0.76690610 0.00000000 / 197 0 186 255 / 0.77839660 0.20376590
				-46.90088000 115.39990000 1.68408200 / 0.64175930 0.76690610 0.00000000 / 197 0 186 255 / 0.77839660 0.00285340
				-46.74756000 115.27100000 1.68408200 / 0.64175930 0.76690610 0.00000000 / 197 0 186 255 / 0.80438230 0.00285340
				-46.74756000 115.27100000 1.68408200 / 0.64175930 0.76690610 0.00000000 / 197 0 186 255 / 0.80438230 0.00285340
				-46.74756000 115.27100000 0.48144530 / 0.64175930 0.76690610 0.00000000 / 197 0 186 255 / 0.80438230 0.20376590
				-47.65479000 116.03270000 0.48144530 / 0.64385380 0.76514850 0.00000000 / 206 0 193 255 / 0.75064080 0.20376590
				-47.65479000 116.03270000 0.48144530 / 0.64385380 0.76514850 0.00000000 / 206 0 193 255 / 0.75064080 0.20376590
				-47.65479000 116.03270000 1.68408200 / 0.64385380 0.76514850 0.00000000 / 206 0 194 255 / 0.75064080 0.00285340
				-47.50147000 115.90380000 1.68408200 / 0.64385380 0.76514850 0.00000000 / 206 0 193 255 / 0.77662660 0.00285340
				-47.50147000 115.90380000 1.68408200 / 0.64385380 0.76514850 0.00000000 / 206 0 193 255 / 0.77662660 0.00285340
				-47.50147000 115.90380000 0.48144530 / 0.64385380 0.76514850 0.00000000 / 205 0 193 255 / 0.77662660 0.20376590
				-44.02100000 112.98340000 0.48144530 / 0.64175930 0.76690610 0.00000000 / 227 0 213 255 / 0.77839660 0.20376590
				-44.02100000 112.98340000 0.48144530 / 0.64175930 0.76690610 0.00000000 / 227 0 213 255 / 0.77839660 0.20376590
				-44.02100000 112.98340000 1.68408200 / 0.64175930 0.76690610 0.00000000 / 227 0 213 255 / 0.77839660 0.00285340
				-43.86768000 112.85450000 1.68408200 / 0.64175930 0.76690610 0.00000000 / 227 0 213 255 / 0.80438230 0.00285340
				-43.86768000 112.85450000 1.68408200 / 0.64175930 0.76690610 0.00000000 / 227 0 213 255 / 0.80438230 0.00285340
				-43.86768000 112.85450000 0.48144530 / 0.64175930 0.76690610 0.00000000 / 227 0 213 255 / 0.80438230 0.20376590
				-53.87940000 121.25540000 -4.41308600 / 0.64175930 0.76690610 0.00000000 / 201 0 189 255 / 0.80705260 0.20376590
				-53.87940000 121.25540000 -4.41308600 / 0.64175930 0.76690610 0.00000000 / 201 0 189 255 / 0.80705260 0.20376590
				-53.87940000 121.25540000 -3.21093700 / 0.64175930 0.76690610 0.00000000 / 201 0 189 255 / 0.80705260 0.00285340
				-53.72608000 121.12700000 -3.21093700 / 0.64175930 0.76690610 0.00000000 / 201 0 189 255 / 0.83303830 0.00285340
				-53.72608000 121.12700000 -3.21093700 / 0.64175930 0.76690610 0.00000000 / 201 0 189 255 / 0.83303830 0.00285340
				-53.72608000 121.12700000 -4.41308600 / 0.64175930 0.76690610 0.00000000 / 201 0 189 255 / 0.83303830 0.20376590
				-54.63379000 121.88820000 -4.41308600 / 0.64175930 0.76690610 0.00000000 / 201 0 190 255 / 0.80705260 0.20376590
				-54.63379000 121.88820000 -4.41308600 / 0.64175930 0.76690610 0.00000000 / 201 0 190 255 / 0.80705260 0.20376590
				-54.63379000 121.88820000 -3.21093700 / 0.64175930 0.76690610 0.00000000 / 202 0 190 255 / 0.80705260 0.00285340
				-54.47998000 121.75980000 -3.21093700 / 0.64175930 0.76690610 0.00000000 / 201 0 190 255 / 0.83303830 0.00285340
				-54.47998000 121.75980000 -3.21093700 / 0.64175930 0.76690610 0.00000000 / 201 0 190 255 / 0.83303830 0.00285340
				-54.47998000 121.75980000 -4.41308600 / 0.64175930 0.76690610 0.00000000 / 201 0 189 255 / 0.83303830 0.20376590
				-50.99951000 118.83890000 -4.41308600 / 0.64175930 0.76690610 0.00000000 / 204 0 192 255 / 0.80705260 0.20376590
				-50.99951000 118.83890000 -4.41308600 / 0.64175930 0.76690610 0.00000000 / 204 0 192 255 / 0.80705260 0.20376590
				-50.99951000 118.83890000 -3.21093700 / 0.64175930 0.76690610 0.00000000 / 204 0 192 255 / 0.80705260 0.00285340
				-50.84619000 118.71040000 -3.21093700 / 0.64175930 0.76690610 0.00000000 / 204 0 192 255 / 0.83303830 0.00285340
				-50.84619000 118.71040000 -3.21093700 / 0.64175930 0.76690610 0.00000000 / 204 0 192 255 / 0.83303830 0.00285340
				-50.84619000 118.71040000 -4.41308600 / 0.64175930 0.76690610 0.00000000 / 204 0 192 255 / 0.83303830 0.20376590
				-56.93262000 123.81740000 -4.41308600 / 0.64175930 0.76690610 0.00000000 / 209 0 196 255 / 0.80705260 0.20376590
				-56.93262000 123.81740000 -4.41308600 / 0.64175930 0.76690610 0.00000000 / 209 0 196 255 / 0.80705260 0.20376590
				-56.93262000 123.81740000 -3.21093700 / 0.64175930 0.76690610 0.00000000 / 208 0 196 255 / 0.80705260 0.00285340
				-56.77930000 123.68900000 -3.21093700 / 0.64175930 0.76690610 0.00000000 / 209 0 196 255 / 0.83303830 0.00285340
				-56.77930000 123.68900000 -3.21093700 / 0.64175930 0.76690610 0.00000000 / 209 0 196 255 / 0.83303830 0.00285340
				-56.77930000 123.68900000 -4.41308600 / 0.64175930 0.76690610 0.00000000 / 209 0 196 255 / 0.83303830 0.20376590
				-46.90088000 115.39990000 -4.41308600 / 0.64175930 0.76690610 0.00000000 / 211 0 199 255 / 0.83435060 0.20376590
				-46.90088000 115.39990000 -4.41308600 / 0.64175930 0.76690610 0.00000000 / 211 0 199 255 / 0.83435060 0.20376590
				-46.90088000 115.39990000 -3.21093700 / 0.64175930 0.76690610 0.00000000 / 212 0 199 255 / 0.83435060 0.00285340
				-46.74756000 115.27100000 -3.21093700 / 0.64175930 0.76690610 0.00000000 / 211 0 199 255 / 0.86033630 0.00285340
				-46.74756000 115.27100000 -3.21093700 / 0.64175930 0.76690610 0.00000000 / 211 0 199 255 / 0.86033630 0.00285340
				-46.74756000 115.27100000 -4.41308600 / 0.64175930 0.76690610 0.00000000 / 211 0 198 255 / 0.86033630 0.20376590
				-47.65479000 116.03270000 -4.41308600 / 0.64385380 0.76514850 0.00000000 / 216 0 203 255 / 0.75064080 0.20376590
				-47.65479000 116.03270000 -4.41308600 / 0.64385380 0.76514850 0.00000000 / 216 0 203 255 / 0.75064080 0.20376590
				-47.65479000 116.03270000 -3.21093700 / 0.64385380 0.76514850 0.00000000 / 216 0 203 255 / 0.75064080 0.00285340
				-47.50147000 115.90380000 -3.21093700 / 0.64385380 0.76514850 0.00000000 / 216 0 203 255 / 0.77662660 0.00285340
				-47.50147000 115.90380000 -3.21093700 / 0.64385380 0.76514850 0.00000000 / 216 0 203 255 / 0.77662660 0.00285340
				-47.50147000 115.90380000 -4.41308600 / 0.64385380 0.76514850 0.00000000 / 216 0 203 255 / 0.77662660 0.20376590
				-44.02100000 112.98340000 -4.41308600 / 0.64175930 0.76690610 0.00000000 / 223 0 210 255 / 0.86619570 0.20376590
				-44.02100000 112.98340000 -4.41308600 / 0.64175930 0.76690610 0.00000000 / 223 0 210 255 / 0.86619570 0.20376590
				-44.02100000 112.98340000 -3.21093700 / 0.64175930 0.76690610 0.00000000 / 223 0 210 255 / 0.86619570 0.00285340
				-43.86768000 112.85450000 -3.21093700 / 0.64175930 0.76690610 0.00000000 / 223 0 210 255 / 0.89216610 0.00285340
				-43.86768000 112.85450000 -3.21093700 / 0.64175930 0.76690610 0.00000000 / 223 0 210 255 / 0.89216610 0.00285340
				-43.86768000 112.85450000 -4.41308600 / 0.64175930 0.76690610 0.00000000 / 223 0 209 255 / 0.89216610 0.20376590
				-49.95410000 117.96190000 -4.41308600 / 0.64385380 0.76514850 0.00000000 / 200 0 188 255 / 0.80705260 0.20376590
				-49.95410000 117.96190000 -4.41308600 / 0.64385380 0.76514850 0.00000000 / 200 0 188 255 / 0.80705260 0.20376590
				-49.95410000 117.96190000 -3.21093700 / 0.64385380 0.76514850 0.00000000 / 200 0 188 255 / 0.80705260 0.00285340
				-49.80078000 117.83300000 -3.21093700 / 0.64385380 0.76514850 0.00000000 / 200 0 188 255 / 0.83303830 0.00285340
				-49.80078000 117.83300000 -3.21093700 / 0.64385380 0.76514850 0.00000000 / 200 0 188 255 / 0.83303830 0.00285340
				-49.80078000 117.83300000 -4.41308600 / 0.64385380 0.76514850 0.00000000 / 200 0 188 255 / 0.83303830 0.20376590
				-36.77051000 106.89940000 0.48144530 / 0.64385380 0.76514850 0.00000000 / 194 0 183 255 / 0.75064080 0.20376590
				-36.77051000 106.89940000 0.48144530 / 0.64385380 0.76514850 0.00000000 / 194 0 183 255 / 0.75064080 0.20376590
				-36.77051000 106.89940000 1.68408200 / 0.64385380 0.76514850 0.00000000 / 194 0 183 255 / 0.75064080 0.00285340
				-36.61719000 106.77050000 1.68408200 / 0.64385380 0.76514850 0.00000000 / 194 0 183 255 / 0.77662660 0.00285340
				-36.61719000 106.77050000 1.68408200 / 0.64385380 0.76514850 0.00000000 / 194 0 183 255 / 0.77662660 0.00285340
				-36.61719000 106.77050000 0.48144530 / 0.64385380 0.76514850 0.00000000 / 195 0 183 255 / 0.77662660 0.20376590
				-37.52490000 107.53220000 0.48144530 / 0.64385380 0.76514850 0.00000000 / 222 0 208 255 / 0.75064080 0.20376590
				-37.52490000 107.53220000 0.48144530 / 0.64385380 0.76514850 0.00000000 / 222 0 208 255 / 0.75064080 0.20376590
				-37.52490000 107.53220000 1.68408200 / 0.64385380 0.76514850 0.00000000 / 221 0 208 255 / 0.75064080 0.00285340
				-37.37109000 107.40330000 1.68408200 / 0.64385380 0.76514850 0.00000000 / 222 0 208 255 / 0.77662660 0.00285340
				-37.37109000 107.40330000 1.68408200 / 0.64385380 0.76514850 0.00000000 / 222 0 208 255 / 0.77662660 0.00285340
				-37.37109000 107.40330000 0.48144530 / 0.64385380 0.76514850 0.00000000 / 222 0 208 255 / 0.77662660 0.20376590
				-33.89062000 104.48290000 0.48144530 / 0.64175930 0.76690610 0.00000000 / 211 0 199 255 / 0.75064080 0.20376590
				-33.89062000 104.48290000 0.48144530 / 0.64175930 0.76690610 0.00000000 / 211 0 199 255 / 0.75064080 0.20376590
				-33.89062000 104.48290000 1.68408200 / 0.64175930 0.76690610 0.00000000 / 211 0 198 255 / 0.75064080 0.00285340
				-33.73730000 104.35450000 1.68408200 / 0.64175930 0.76690610 0.00000000 / 211 0 199 255 / 0.77662660 0.00285340
				-33.73730000 104.35450000 1.68408200 / 0.64175930 0.76690610 0.00000000 / 211 0 199 255 / 0.77662660 0.00285340
				-33.73730000 104.35450000 0.48144530 / 0.64175930 0.76690610 0.00000000 / 211 0 199 255 / 0.77662660 0.20376590
				-39.82373000 109.46140000 0.48144530 / 0.64385380 0.76514850 0.00000000 / 208 0 195 255 / 0.75064080 0.20376590
				-39.82373000 109.46140000 0.48144530 / 0.64385380 0.76514850 0.00000000 / 208 0 195 255 / 0.75064080 0.20376590
				-39.82373000 109.46140000 1.68408200 / 0.64385380 0.76514850 0.00000000 / 208 0 195 255 / 0.75064080 0.00285340
				-39.67041000 109.33250000 1.68408200 / 0.64385380 0.76514850 0.00000000 / 208 0 195 255 / 0.77662660 0.00285340
				-39.67041000 109.33250000 1.68408200 / 0.64385380 0.76514850 0.00000000 / 208 0 195 255 / 0.77662660 0.00285340
				-39.67041000 109.33250000 0.48144530 / 0.64385380 0.76514850 0.00000000 / 207 0 195 255 / 0.77662660 0.20376590
				-29.79199000 101.04390000 0.48144530 / 0.64385380 0.76514850 0.00000000 / 181 0 171 255 / 0.75064080 0.20376590
				-29.79199000 101.04390000 0.48144530 / 0.64385380 0.76514850 0.00000000 / 181 0 171 255 / 0.75064080 0.20376590
				-29.79199000 101.04390000 1.68408200 / 0.64385380 0.76514850 0.00000000 / 181 0 171 255 / 0.75064080 0.00285340
				-29.63867000 100.91500000 1.68408200 / 0.64385380 0.76514850 0.00000000 / 181 0 171 255 / 0.77662660 0.00285340
				-29.63867000 100.91500000 1.68408200 / 0.64385380 0.76514850 0.00000000 / 181 0 171 255 / 0.77662660 0.00285340
				-29.63867000 100.91500000 0.48144530 / 0.64385380 0.76514850 0.00000000 / 181 0 171 255 / 0.77662660 0.20376590
				-30.54590000 101.67630000 0.48144530 / 0.64187150 0.76681230 0.00000000 / 199 0 187 255 / 0.75064080 0.20376590
				-30.54590000 101.67630000 0.48144530 / 0.64187150 0.76681230 0.00000000 / 199 0 187 255 / 0.75064080 0.20376590
				-30.54590000 101.67630000 1.68408200 / 0.64187150 0.76681230 0.00000000 / 199 0 188 255 / 0.75064080 0.00285340
				-30.39258000 101.54790000 1.68408200 / 0.64187150 0.76681230 0.00000000 / 199 0 187 255 / 0.77662660 0.00285340
				-30.39258000 101.54790000 1.68408200 / 0.64187150 0.76681230 0.00000000 / 199 0 187 255 / 0.77662660 0.00285340
				-30.39258000 101.54790000 0.48144530 / 0.64187150 0.76681230 0.00000000 / 199 0 187 255 / 0.77662660 0.20376590
				-26.91211000 98.62744000 0.48144530 / 0.64385380 0.76514850 0.00000000 / 181 0 171 255 / 0.83480830 0.20376590
				-26.91211000 98.62744000 0.48144530 / 0.64385380 0.76514850 0.00000000 / 181 0 171 255 / 0.83480830 0.20376590
				-26.91211000 98.62744000 1.68408200 / 0.64385380 0.76514850 0.00000000 / 181 0 171 255 / 0.83480830 0.00285340
				-26.75879000 98.49853000 1.68408200 / 0.64385380 0.76514850 0.00000000 / 181 0 171 255 / 0.86077880 0.00285340
				-26.75879000 98.49853000 1.68408200 / 0.64385380 0.76514850 0.00000000 / 181 0 171 255 / 0.86077880 0.00285340
				-26.75879000 98.49853000 0.48144530 / 0.64385380 0.76514850 0.00000000 / 181 0 171 255 / 0.86077880 0.20376590
				-32.84522000 103.60550000 0.48144530 / 0.64175930 0.76690610 0.00000000 / 194 0 183 255 / 0.75064080 0.20376590
				-32.84522000 103.60550000 0.48144530 / 0.64175930 0.76690610 0.00000000 / 194 0 183 255 / 0.75064080 0.20376590
				-32.84522000 103.60550000 1.68408200 / 0.64175930 0.76690610 0.00000000 / 194 0 183 255 / 0.75064080 0.00285340
				-32.69190000 103.47700000 1.68408200 / 0.64175930 0.76690610 0.00000000 / 194 0 183 255 / 0.77662660 0.00285340
				-32.69190000 103.47700000 1.68408200 / 0.64175930 0.76690610 0.00000000 / 194 0 183 255 / 0.77662660 0.00285340
				-32.69190000 103.47700000 0.48144530 / 0.64175930 0.76690610 0.00000000 / 193 0 182 255 / 0.77662660 0.20376590
				-36.77051000 106.89940000 -4.41308600 / 0.64385380 0.76514850 0.00000000 / 189 0 178 255 / 0.75064080 0.20376590
				-36.77051000 106.89940000 -4.41308600 / 0.64385380 0.76514850 0.00000000 / 189 0 178 255 / 0.75064080 0.20376590
				-36.77051000 106.89940000 -3.21093700 / 0.64385380 0.76514850 0.00000000 / 189 0 178 255 / 0.75064080 0.00285340
				-36.61719000 106.77050000 -3.21093700 / 0.64385380 0.76514850 0.00000000 / 189 0 178 255 / 0.77662660 0.00285340
				-36.61719000 106.77050000 -3.21093700 / 0.64385380 0.76514850 0.00000000 / 189 0 178 255 / 0.77662660 0.00285340
				-36.61719000 106.77050000 -4.41308600 / 0.64385380 0.76514850 0.00000000 / 189 0 178 255 / 0.77662660 0.20376590
				-37.52490000 107.53220000 -4.41308600 / 0.64385380 0.76514850 0.00000000 / 166 0 157 255 / 0.75064080 0.20376590
				-37.52490000 107.53220000 -4.41308600 / 0.64385380 0.76514850 0.00000000 / 166 0 157 255 / 0.75064080 0.20376590
				-37.52490000 107.53220000 -3.21093700 / 0.64385380 0.76514850 0.00000000 / 166 0 157 255 / 0.75064080 0.00285340
				-37.37109000 107.40330000 -3.21093700 / 0.64385380 0.76514850 0.00000000 / 166 0 157 255 / 0.77662660 0.00285340
				-37.37109000 107.40330000 -3.21093700 / 0.64385380 0.76514850 0.00000000 / 166 0 157 255 / 0.77662660 0.00285340
				-37.37109000 107.40330000 -4.41308600 / 0.64385380 0.76514850 0.00000000 / 166 0 157 255 / 0.77662660 0.20376590
				-33.89062000 104.48290000 -4.41308600 / 0.64175930 0.76690610 0.00000000 / 178 0 168 255 / 0.77975460 0.20376590
				-33.89062000 104.48290000 -4.41308600 / 0.64175930 0.76690610 0.00000000 / 178 0 168 255 / 0.77975460 0.20376590
				-33.89062000 104.48290000 -3.21093700 / 0.64175930 0.76690610 0.00000000 / 178 0 168 255 / 0.77975460 0.00285340
				-33.73730000 104.35450000 -3.21093700 / 0.64175930 0.76690610 0.00000000 / 178 0 168 255 / 0.80574030 0.00285340
				-33.73730000 104.35450000 -3.21093700 / 0.64175930 0.76690610 0.00000000 / 178 0 168 255 / 0.80574030 0.00285340
				-33.73730000 104.35450000 -4.41308600 / 0.64175930 0.76690610 0.00000000 / 178 0 168 255 / 0.80574030 0.20376590
				-39.82373000 109.46140000 -4.41308600 / 0.64385380 0.76514850 0.00000000 / 201 0 189 255 / 0.86619570 0.20376590
				-39.82373000 109.46140000 -4.41308600 / 0.64385380 0.76514850 0.00000000 / 201 0 189 255 / 0.86619570 0.20376590
				-39.82373000 109.46140000 -3.21093700 / 0.64385380 0.76514850 0.00000000 / 201 0 189 255 / 0.86619570 0.00285340
				-39.67041000 109.33250000 -3.21093700 / 0.64385380 0.76514850 0.00000000 / 201 0 189 255 / 0.89216610 0.00285340
				-39.67041000 109.33250000 -3.21093700 / 0.64385380 0.76514850 0.00000000 / 201 0 189 255 / 0.89216610 0.00285340
				-39.67041000 109.33250000 -4.41308600 / 0.64385380 0.76514850 0.00000000 / 201 0 189 255 / 0.89216610 0.20376590
				-32.84522000 103.60550000 -4.41308600 / 0.64175930 0.76690610 0.00000000 / 157 0 149 255 / 0.77975460 0.20376590
				-32.84522000 103.60550000 -4.41308600 / 0.64175930 0.76690610 0.00000000 / 157 0 149 255 / 0.77975460 0.20376590
				-32.84522000 103.60550000 -3.21093700 / 0.64175930 0.76690610 0.00000000 / 158 0 149 255 / 0.77975460 0.00285340
				-32.69190000 103.47700000 -3.21093700 / 0.64175930 0.76690610 0.00000000 / 157 0 149 255 / 0.80574030 0.00285340
				-32.69190000 103.47700000 -3.21093700 / 0.64175930 0.76690610 0.00000000 / 157 0 149 255 / 0.80574030 0.00285340
				-32.69190000 103.47700000 -4.41308600 / 0.64175930 0.76690610 0.00000000 / 156 0 148 255 / 0.80574030 0.20376590
				-88.91114000 79.50635000 0.48144530 / -0.64385380 -0.76514850 0.00000000 / 221 0 208 255 / 0.75064080 0.20376590
				-88.91114000 79.50635000 0.48144530 / -0.64385380 -0.76514850 0.00000000 / 221 0 208 255 / 0.75064080 0.20376590
				-88.75782000 79.37744000 0.48144530 / -0.64385380 -0.76514850 0.00000000 / 221 0 208 255 / 0.77662660 0.20376590
				-88.75782000 79.37744000 1.68408200 / -0.64385380 -0.76514850 0.00000000 / 221 0 208 255 / 0.77662660 0.00285340
				-88.75782000 79.37744000 1.68408200 / -0.64385380 -0.76514850 0.00000000 / 221 0 208 255 / 0.77662660 0.00285340
				-88.91114000 79.50635000 1.68408200 / -0.64385380 -0.76514850 0.00000000 / 221 0 207 255 / 0.75064080 0.00285340
				-89.66553000 80.13867000 0.48144530 / -0.64175930 -0.76690610 0.00000000 / 225 0 211 255 / 0.75064080 0.20376590
				-89.66553000 80.13867000 0.48144530 / -0.64175930 -0.76690610 0.00000000 / 225 0 211 255 / 0.75064080 0.20376590
				-89.51220000 80.01024000 0.48144530 / -0.64175930 -0.76690610 0.00000000 / 225 0 211 255 / 0.77662660 0.20376590
				-89.51220000 80.01024000 1.68408200 / -0.64175930 -0.76690610 0.00000000 / 225 0 211 255 / 0.77662660 0.00285340
				-89.51220000 80.01024000 1.68408200 / -0.64175930 -0.76690610 0.00000000 / 225 0 211 255 / 0.77662660 0.00285340
				-89.66553000 80.13867000 1.68408200 / -0.64175930 -0.76690610 0.00000000 / 225 0 211 255 / 0.75064080 0.00285340
				-86.03174000 77.08985000 0.48144530 / -0.64385380 -0.76514850 0.00000000 / 205 0 193 255 / 0.75064080 0.20376590
				-86.03174000 77.08985000 0.48144530 / -0.64385380 -0.76514850 0.00000000 / 205 0 193 255 / 0.75064080 0.20376590
				-85.87793000 76.96093000 0.48144530 / -0.64385380 -0.76514850 0.00000000 / 205 0 193 255 / 0.77662660 0.20376590
				-85.87793000 76.96093000 1.68408200 / -0.64385380 -0.76514850 0.00000000 / 205 0 193 255 / 0.77662660 0.00285340
				-85.87793000 76.96093000 1.68408200 / -0.64385380 -0.76514850 0.00000000 / 205 0 193 255 / 0.77662660 0.00285340
				-86.03174000 77.08985000 1.68408200 / -0.64385380 -0.76514850 0.00000000 / 205 0 193 255 / 0.75064080 0.00285340
				-91.96484000 82.06836000 0.48144530 / -0.64385380 -0.76514850 0.00000000 / 210 0 198 255 / 0.75064080 0.20376590
				-91.96484000 82.06836000 0.48144530 / -0.64385380 -0.76514850 0.00000000 / 210 0 198 255 / 0.75064080 0.20376590
				-91.81104000 81.93945000 0.48144530 / -0.64385380 -0.76514850 0.00000000 / 210 0 198 255 / 0.77662660 0.20376590
				-91.81104000 81.93945000 1.68408200 / -0.64385380 -0.76514850 0.00000000 / 210 0 198 255 / 0.77662660 0.00285340
				-91.81104000 81.93945000 1.68408200 / -0.64385380 -0.76514850 0.00000000 / 210 0 198 255 / 0.77662660 0.00285340
				-91.96484000 82.06836000 1.68408200 / -0.64385380 -0.76514850 0.00000000 / 210 0 198 255 / 0.75064080 0.00285340
				-81.93262000 73.65039000 0.48144530 / -0.64175930 -0.76690610 0.00000000 / 195 0 183 255 / 0.75064080 0.20376590
				-81.93262000 73.65039000 0.48144530 / -0.64175930 -0.76690610 0.00000000 / 195 0 183 255 / 0.75064080 0.20376590
				-81.77930000 73.52148000 0.48144530 / -0.64175930 -0.76690610 0.00000000 / 194 0 183 255 / 0.77662660 0.20376590
				-81.77930000 73.52148000 1.68408200 / -0.64175930 -0.76690610 0.00000000 / 195 0 183 255 / 0.77662660 0.00285340
				-81.77930000 73.52148000 1.68408200 / -0.64175930 -0.76690610 0.00000000 / 195 0 183 255 / 0.77662660 0.00285340
				-81.93262000 73.65039000 1.68408200 / -0.64175930 -0.76690610 0.00000000 / 195 0 184 255 / 0.75064080 0.00285340
				-82.68701000 74.28320000 0.48144530 / -0.64175930 -0.76690610 0.00000000 / 176 0 166 255 / 0.75064080 0.20376590
				-82.68701000 74.28320000 0.48144530 / -0.64175930 -0.76690610 0.00000000 / 176 0 166 255 / 0.75064080 0.20376590
				-82.53320000 74.15429000 0.48144530 / -0.64175930 -0.76690610 0.00000000 / 175 0 166 255 / 0.77662660 0.20376590
				-82.53320000 74.15429000 1.68408200 / -0.64175930 -0.76690610 0.00000000 / 176 0 166 255 / 0.77662660 0.00285340
				-82.53320000 74.15429000 1.68408200 / -0.64175930 -0.76690610 0.00000000 / 176 0 166 255 / 0.77662660 0.00285340
				-82.68701000 74.28320000 1.68408200 / -0.64175930 -0.76690610 0.00000000 / 176 0 166 255 / 0.75064080 0.00285340
				-79.05274000 71.23389000 0.48144530 / -0.64385380 -0.76514850 0.00000000 / 190 0 179 255 / 0.75064080 0.20376590
				-79.05274000 71.23389000 0.48144530 / -0.64385380 -0.76514850 0.00000000 / 190 0 179 255 / 0.75064080 0.20376590
				-78.89942000 71.10498000 0.48144530 / -0.64385380 -0.76514850 0.00000000 / 190 0 179 255 / 0.77662660 0.20376590
				-78.89942000 71.10498000 1.68408200 / -0.64385380 -0.76514850 0.00000000 / 190 0 179 255 / 0.77662660 0.00285340
				-78.89942000 71.10498000 1.68408200 / -0.64385380 -0.76514850 0.00000000 / 190 0 179 255 / 0.77662660 0.00285340
				-79.05274000 71.23389000 1.68408200 / -0.64385380 -0.76514850 0.00000000 / 191 0 180 255 / 0.75064080 0.00285340
				-84.98584000 76.21240000 0.48144530 / -0.64175930 -0.76690610 0.00000000 / 208 0 196 255 / 0.75064080 0.20376590
				-84.98584000 76.21240000 0.48144530 / -0.64175930 -0.76690610 0.00000000 / 208 0 196 255 / 0.75064080 0.20376590
				-84.83252000 76.08350000 0.48144530 / -0.64175930 -0.76690610 0.00000000 / 208 0 195 255 / 0.77662660 0.20376590
				-84.83252000 76.08350000 1.68408200 / -0.64175930 -0.76690610 0.00000000 / 208 0 196 255 / 0.77662660 0.00285340
				-84.83252000 76.08350000 1.68408200 / -0.64175930 -0.76690610 0.00000000 / 208 0 196 255 / 0.77662660 0.00285340
				-84.98584000 76.21240000 1.68408200 / -0.64175930 -0.76690610 0.00000000 / 208 0 196 255 / 0.75064080 0.00285340
				-88.91114000 79.50635000 -4.41308600 / -0.64385380 -0.76514850 0.00000000 / 197 0 186 255 / 0.75064080 0.20376590
				-88.91114000 79.50635000 -4.41308600 / -0.64385380 -0.76514850 0.00000000 / 197 0 186 255 / 0.75064080 0.20376590
				-88.75782000 79.37744000 -4.41308600 / -0.64385380 -0.76514850 0.00000000 / 197 0 185 255 / 0.77662660 0.20376590
				-88.75782000 79.37744000 -3.21093700 / -0.64385380 -0.76514850 0.00000000 / 197 0 186 255 / 0.77662660 0.00285340
				-88.75782000 79.37744000 -3.21093700 / -0.64385380 -0.76514850 0.00000000 / 197 0 186 255 / 0.77662660 0.00285340
				-88.91114000 79.50635000 -3.21093700 / -0.64385380 -0.76514850 0.00000000 / 197 0 186 255 / 0.75064080 0.00285340
				-89.66553000 80.13916000 -4.41308600 / -0.64385380 -0.76514850 0.00000000 / 203 0 191 255 / 0.75064080 0.20376590
				-89.66553000 80.13916000 -4.41308600 / -0.64385380 -0.76514850 0.00000000 / 203 0 191 255 / 0.75064080 0.20376590
				-89.51220000 80.01024000 -4.41308600 / -0.64385380 -0.76514850 0.00000000 / 203 0 191 255 / 0.77662660 0.20376590
				-89.51220000 80.01024000 -3.21093700 / -0.64385380 -0.76514850 0.00000000 / 203 0 191 255 / 0.77662660 0.00285340
				-89.51220000 80.01024000 -3.21093700 / -0.64385380 -0.76514850 0.00000000 / 203 0 191 255 / 0.77662660 0.00285340
				-89.66553000 80.13867000 -3.21093700 / -0.64175930 -0.76690610 0.00000000 / 204 0 192 255 / 0.75064080 0.00285340
				-86.03174000 77.08985000 -4.41308600 / -0.64385380 -0.76514850 0.00000000 / 182 0 172 255 / 0.75064080 0.20376590
				-86.03174000 77.08985000 -4.41308600 / -0.64385380 -0.76514850 0.00000000 / 182 0 172 255 / 0.75064080 0.20376590
				-85.87793000 76.96093000 -4.41308600 / -0.64175930 -0.76690610 0.00000000 / 183 0 172 255 / 0.77662660 0.20376590
				-85.87793000 76.96093000 -3.21093700 / -0.64385380 -0.76514850 0.00000000 / 182 0 172 255 / 0.77662660 0.00285340
				-85.87793000 76.96093000 -3.21093700 / -0.64385380 -0.76514850 0.00000000 / 182 0 172 255 / 0.77662660 0.00285340
				-86.03174000 77.08985000 -3.21093700 / -0.64385380 -0.76514850 0.00000000 / 182 0 172 255 / 0.75064080 0.00285340
				-91.96484000 82.06836000 -4.41308600 / -0.64385380 -0.76514850 0.00000000 / 216 0 203 255 / 0.75064080 0.20376590
				-91.96484000 82.06836000 -4.41308600 / -0.64385380 -0.76514850 0.00000000 / 216 0 203 255 / 0.75064080 0.20376590
				-91.81104000 81.93945000 -4.41308600 / -0.64385380 -0.76514850 0.00000000 / 217 0 204 255 / 0.77662660 0.20376590
				-91.81104000 81.93945000 -3.21093700 / -0.64385380 -0.76514850 0.00000000 / 216 0 203 255 / 0.77662660 0.00285340
				-91.81104000 81.93945000 -3.21093700 / -0.64385380 -0.76514850 0.00000000 / 216 0 203 255 / 0.77662660 0.00285340
				-91.96436000 82.06836000 -3.21093700 / -0.64385380 -0.76514850 0.00000000 / 216 0 203 255 / 0.75064080 0.00285340
				-81.93262000 73.65039000 -4.41308600 / -0.64385380 -0.76514850 0.00000000 / 149 0 142 255 / 0.75064080 0.20376590
				-81.93262000 73.65039000 -4.41308600 / -0.64385380 -0.76514850 0.00000000 / 149 0 142 255 / 0.75064080 0.20376590
				-81.77930000 73.52148000 -4.41308600 / -0.64385380 -0.76514850 0.00000000 / 149 0 141 255 / 0.77662660 0.20376590
				-81.77930000 73.52148000 -3.21093700 / -0.64385380 -0.76514850 0.00000000 / 149 0 142 255 / 0.77662660 0.00285340
				-81.77930000 73.52148000 -3.21093700 / -0.64385380 -0.76514850 0.00000000 / 149 0 142 255 / 0.77662660 0.00285340
				-81.93262000 73.65039000 -3.21093700 / -0.64175930 -0.76690610 0.00000000 / 150 0 142 255 / 0.75064080 0.00285340
				-82.68701000 74.28320000 -4.41308600 / -0.64175930 -0.76690610 0.00000000 / 157 0 148 255 / 0.75064080 0.20376590
				-82.68701000 74.28320000 -4.41308600 / -0.64175930 -0.76690610 0.00000000 / 157 0 148 255 / 0.75064080 0.20376590
				-82.53320000 74.15429000 -4.41308600 / -0.64175930 -0.76690610 0.00000000 / 157 0 148 255 / 0.77662660 0.20376590
				-82.53320000 74.15429000 -3.21093700 / -0.64175930 -0.76690610 0.00000000 / 157 0 148 255 / 0.77662660 0.00285340
				-82.53320000 74.15429000 -3.21093700 / -0.64175930 -0.76690610 0.00000000 / 157 0 148 255 / 0.77662660 0.00285340
				-82.68701000 74.28320000 -3.21093700 / -0.64175930 -0.76690610 0.00000000 / 157 0 148 255 / 0.75064080 0.00285340
				-79.05274000 71.23389000 -4.41308600 / -0.64385380 -0.76514850 0.00000000 / 165 0 156 255 / 0.75064080 0.20376590
				-79.05274000 71.23389000 -4.41308600 / -0.64385380 -0.76514850 0.00000000 / 165 0 156 255 / 0.75064080 0.20376590
				-78.89942000 71.10498000 -4.41308600 / -0.64385380 -0.76514850 0.00000000 / 165 0 156 255 / 0.77662660 0.20376590
				-78.89942000 71.10498000 -3.21093700 / -0.64385380 -0.76514850 0.00000000 / 165 0 156 255 / 0.77662660 0.00285340
				-78.89942000 71.10498000 -3.21093700 / -0.64385380 -0.76514850 0.00000000 / 165 0 156 255 / 0.77662660 0.00285340
				-79.05274000 71.23389000 -3.21093700 / -0.64385380 -0.76514850 0.00000000 / 165 0 156 255 / 0.75064080 0.00285340
				-84.98584000 76.21240000 -4.41308600 / -0.64385380 -0.76514850 0.00000000 / 165 0 156 255 / 0.75064080 0.20376590
				-84.98584000 76.21240000 -4.41308600 / -0.64385380 -0.76514850 0.00000000 / 165 0 156 255 / 0.75064080 0.20376590
				-84.83252000 76.08350000 -4.41308600 / -0.64385380 -0.76514850 0.00000000 / 165 0 156 255 / 0.77662660 0.20376590
				-84.83252000 76.08350000 -3.21093700 / -0.64385380 -0.76514850 0.00000000 / 165 0 156 255 / 0.77662660 0.00285340
				-84.83252000 76.08350000 -3.21093700 / -0.64385380 -0.76514850 0.00000000 / 165 0 156 255 / 0.77662660 0.00285340
				-84.98584000 76.21240000 -3.21093700 / -0.64175930 -0.76690610 0.00000000 / 165 0 156 255 / 0.75064080 0.00285340
				-71.80273000 65.14991000 0.48144530 / -0.64385380 -0.76514850 0.00000000 / 216 0 203 255 / 0.75064080 0.20376590
				-71.80273000 65.14991000 0.48144530 / -0.64385380 -0.76514850 0.00000000 / 216 0 203 255 / 0.75064080 0.20376590
				-71.64893000 65.02148000 0.48144530 / -0.64175930 -0.76690610 0.00000000 / 217 0 204 255 / 0.77662660 0.20376590
				-71.64893000 65.02148000 1.68408200 / -0.64385380 -0.76514850 0.00000000 / 216 0 203 255 / 0.77662660 0.00285340
				-71.64893000 65.02148000 1.68408200 / -0.64385380 -0.76514850 0.00000000 / 216 0 203 255 / 0.77662660 0.00285340
				-71.80225000 65.14991000 1.68408200 / -0.64385380 -0.76514850 0.00000000 / 216 0 203 255 / 0.75064080 0.00285340
				-72.55664000 65.78272000 0.48144530 / -0.64175930 -0.76690610 0.00000000 / 212 0 199 255 / 0.75064080 0.20376590
				-72.55664000 65.78272000 0.48144530 / -0.64175930 -0.76690610 0.00000000 / 212 0 199 255 / 0.75064080 0.20376590
				-72.40332000 65.65430000 0.48144530 / -0.64175930 -0.76690610 0.00000000 / 212 0 199 255 / 0.77662660 0.20376590
				-72.40332000 65.65430000 1.68408200 / -0.64175930 -0.76690610 0.00000000 / 212 0 199 255 / 0.77662660 0.00285340
				-72.40332000 65.65430000 1.68408200 / -0.64175930 -0.76690610 0.00000000 / 212 0 199 255 / 0.77662660 0.00285340
				-72.55664000 65.78272000 1.68408200 / -0.64175930 -0.76690610 0.00000000 / 212 0 199 255 / 0.75064080 0.00285340
				-68.92285000 62.73389000 0.48144530 / -0.64404180 -0.76499030 0.00000000 / 204 0 192 255 / 0.75064080 0.20376590
				-68.92285000 62.73389000 0.48144530 / -0.64404180 -0.76499030 0.00000000 / 204 0 192 255 / 0.75064080 0.20376590
				-68.76904000 62.60498000 0.48144530 / -0.64404180 -0.76499030 0.00000000 / 204 0 192 255 / 0.77662660 0.20376590
				-68.76904000 62.60498000 1.68408200 / -0.64404180 -0.76499030 0.00000000 / 204 0 192 255 / 0.77662660 0.00285340
				-68.76904000 62.60498000 1.68408200 / -0.64404180 -0.76499030 0.00000000 / 204 0 192 255 / 0.77662660 0.00285340
				-68.92285000 62.73389000 1.68408200 / -0.64404180 -0.76499030 0.00000000 / 204 0 191 255 / 0.75064080 0.00285340
				-74.85595000 67.71190000 0.48144530 / -0.64175930 -0.76690610 0.00000000 / 217 0 204 255 / 0.75064080 0.20376590
				-74.85595000 67.71190000 0.48144530 / -0.64175930 -0.76690610 0.00000000 / 217 0 204 255 / 0.75064080 0.20376590
				-74.70215000 67.58350000 0.48144530 / -0.64175930 -0.76690610 0.00000000 / 217 0 204 255 / 0.77662660 0.20376590
				-74.70215000 67.58350000 1.68408200 / -0.64175930 -0.76690610 0.00000000 / 217 0 204 255 / 0.77662660 0.00285340
				-74.70215000 67.58350000 1.68408200 / -0.64175930 -0.76690610 0.00000000 / 217 0 204 255 / 0.77662660 0.00285340
				-74.85595000 67.71190000 1.68408200 / -0.64175930 -0.76690610 0.00000000 / 217 0 204 255 / 0.75064080 0.00285340
				-64.82373000 59.29444000 0.48144530 / -0.64175930 -0.76690610 0.00000000 / 226 0 212 255 / 0.75064080 0.20376590
				-64.82373000 59.29444000 0.48144530 / -0.64175930 -0.76690610 0.00000000 / 226 0 212 255 / 0.75064080 0.20376590
				-64.67041000 59.16552000 0.48144530 / -0.64175930 -0.76690610 0.00000000 / 226 0 212 255 / 0.77662660 0.20376590
				-64.67041000 59.16552000 1.68408200 / -0.64175930 -0.76690610 0.00000000 / 226 0 212 255 / 0.77662660 0.00285340
				-64.67041000 59.16552000 1.68408200 / -0.64175930 -0.76690610 0.00000000 / 226 0 212 255 / 0.77662660 0.00285340
				-64.82373000 59.29444000 1.68408200 / -0.64175930 -0.76690610 0.00000000 / 226 0 212 255 / 0.75064080 0.00285340
				-65.57812000 59.92725000 0.48144530 / -0.64175930 -0.76690610 0.00000000 / 210 0 198 255 / 0.75064080 0.20376590
				-65.57812000 59.92725000 0.48144530 / -0.64175930 -0.76690610 0.00000000 / 210 0 198 255 / 0.75064080 0.20376590
				-65.42432000 59.79834000 0.48144530 / -0.64175930 -0.76690610 0.00000000 / 210 0 197 255 / 0.77662660 0.20376590
				-65.42432000 59.79834000 1.68408200 / -0.64175930 -0.76690610 0.00000000 / 210 0 198 255 / 0.77662660 0.00285340
				-65.42432000 59.79834000 1.68408200 / -0.64175930 -0.76690610 0.00000000 / 210 0 198 255 / 0.77662660 0.00285340
				-65.57812000 59.92725000 1.68408200 / -0.64175930 -0.76690610 0.00000000 / 211 0 198 255 / 0.75064080 0.00285340
				-61.94385000 56.87793000 0.48144530 / -0.64175930 -0.76690610 0.00000000 / 228 0 214 255 / 0.75064080 0.20376590
				-61.94385000 56.87793000 0.48144530 / -0.64175930 -0.76690610 0.00000000 / 228 0 214 255 / 0.75064080 0.20376590
				-61.79053000 56.74902000 0.48144530 / -0.64175930 -0.76690610 0.00000000 / 229 0 215 255 / 0.77662660 0.20376590
				-61.79053000 56.74902000 1.68408200 / -0.64175930 -0.76690610 0.00000000 / 228 0 214 255 / 0.77662660 0.00285340
				-61.79053000 56.74902000 1.68408200 / -0.64175930 -0.76690610 0.00000000 / 228 0 214 255 / 0.77662660 0.00285340
				-61.94385000 56.87793000 1.68408200 / -0.64175930 -0.76690610 0.00000000 / 227 0 213 255 / 0.75064080 0.00285340
				-67.87696000 61.85644000 0.48144530 / -0.64175930 -0.76690610 0.00000000 / 206 0 193 255 / 0.75064080 0.20376590
				-67.87696000 61.85644000 0.48144530 / -0.64175930 -0.76690610 0.00000000 / 206 0 193 255 / 0.75064080 0.20376590
				-67.72364000 61.72754000 0.48144530 / -0.64175930 -0.76690610 0.00000000 / 205 0 193 255 / 0.77662660 0.20376590
				-67.72364000 61.72754000 1.68408200 / -0.64175930 -0.76690610 0.00000000 / 206 0 193 255 / 0.77662660 0.00285340
				-67.72364000 61.72754000 1.68408200 / -0.64175930 -0.76690610 0.00000000 / 206 0 193 255 / 0.77662660 0.00285340
				-67.87696000 61.85644000 1.68408200 / -0.64175930 -0.76690610 0.00000000 / 206 0 194 255 / 0.75064080 0.00285340
				-71.80225000 65.14991000 -4.41308600 / -0.64385380 -0.76514850 0.00000000 / 209 0 196 255 / 0.75064080 0.20376590
				-71.80225000 65.14991000 -4.41308600 / -0.64385380 -0.76514850 0.00000000 / 209 0 196 255 / 0.75064080 0.20376590
				-71.64893000 65.02148000 -4.41308600 / -0.64175930 -0.76690610 0.00000000 / 209 0 196 255 / 0.77662660 0.20376590
				-71.64893000 65.02148000 -3.21093700 / -0.64385380 -0.76514850 0.00000000 / 209 0 196 255 / 0.77662660 0.00285340
				-71.64893000 65.02148000 -3.21093700 / -0.64385380 -0.76514850 0.00000000 / 209 0 196 255 / 0.77662660 0.00285340
				-71.80225000 65.14991000 -3.21093700 / -0.64385380 -0.76514850 0.00000000 / 209 0 196 255 / 0.75064080 0.00285340
				-72.55664000 65.78272000 -4.41308600 / -0.64175930 -0.76690610 0.00000000 / 204 0 192 255 / 0.75064080 0.20376590
				-72.55664000 65.78272000 -4.41308600 / -0.64175930 -0.76690610 0.00000000 / 204 0 192 255 / 0.75064080 0.20376590
				-72.40332000 65.65430000 -4.41308600 / -0.64175930 -0.76690610 0.00000000 / 204 0 192 255 / 0.77662660 0.20376590
				-72.40332000 65.65430000 -3.21093700 / -0.64175930 -0.76690610 0.00000000 / 204 0 192 255 / 0.77662660 0.00285340
				-72.40332000 65.65430000 -3.21093700 / -0.64175930 -0.76690610 0.00000000 / 204 0 192 255 / 0.77662660 0.00285340
				-72.55664000 65.78272000 -3.21093700 / -0.64175930 -0.76690610 0.00000000 / 204 0 192 255 / 0.75064080 0.00285340
				-68.92285000 62.73389000 -4.41308600 / -0.64404180 -0.76499030 0.00000000 / 203 0 191 255 / 0.75064080 0.20376590
				-68.92285000 62.73389000 -4.41308600 / -0.64404180 -0.76499030 0.00000000 / 203 0 191 255 / 0.75064080 0.20376590
				-68.76904000 62.60498000 -4.41308600 / -0.64404180 -0.76499030 0.00000000 / 203 0 191 255 / 0.77662660 0.20376590
				-68.76904000 62.60498000 -3.21093700 / -0.64404180 -0.76499030 0.00000000 / 203 0 191 255 / 0.77662660 0.00285340
				-68.76904000 62.60498000 -3.21093700 / -0.64404180 -0.76499030 0.00000000 / 203 0 191 255 / 0.77662660 0.00285340
				-68.92285000 62.73389000 -3.21093700 / -0.64404180 -0.76499030 0.00000000 / 203 0 191 255 / 0.75064080 0.00285340
				-74.85595000 67.71190000 -4.41308600 / -0.64175930 -0.76690610 0.00000000 / 206 0 193 255 / 0.75064080 0.20376590
				-74.85595000 67.71190000 -4.41308600 / -0.64175930 -0.76690610 0.00000000 / 206 0 193 255 / 0.75064080 0.20376590
				-74.70215000 67.58350000 -4.41308600 / -0.64175930 -0.76690610 0.00000000 / 205 0 193 255 / 0.77662660 0.20376590
				-74.70215000 67.58350000 -3.21093700 / -0.64175930 -0.76690610 0.00000000 / 206 0 193 255 / 0.77662660 0.00285340
				-74.70215000 67.58350000 -3.21093700 / -0.64175930 -0.76690610 0.00000000 / 206 0 193 255 / 0.77662660 0.00285340
				-74.85595000 67.71190000 -3.21093700 / -0.64175930 -0.76690610 0.00000000 / 206 0 194 255 / 0.75064080 0.00285340
				-64.82373000 59.29444000 -4.41308600 / -0.64175930 -0.76690610 0.00000000 / 203 0 191 255 / 0.75064080 0.20376590
				-64.82373000 59.29444000 -4.41308600 / -0.64175930 -0.76690610 0.00000000 / 203 0 191 255 / 0.75064080 0.20376590
				-64.67041000 59.16552000 -4.41308600 / -0.64175930 -0.76690610 0.00000000 / 203 0 191 255 / 0.77662660 0.20376590
				-64.67041000 59.16552000 -3.21093700 / -0.64175930 -0.76690610 0.00000000 / 203 0 191 255 / 0.77662660 0.00285340
				-64.67041000 59.16552000 -3.21093700 / -0.64175930 -0.76690610 0.00000000 / 203 0 191 255 / 0.77662660 0.00285340
				-64.82373000 59.29444000 -3.21093700 / -0.64175930 -0.76690610 0.00000000 / 203 0 191 255 / 0.75064080 0.00285340
				-65.57812000 59.92725000 -4.41308600 / -0.64175930 -0.76690610 0.00000000 / 210 0 198 255 / 0.75064080 0.20376590
				-65.57812000 59.92725000 -4.41308600 / -0.64175930 -0.76690610 0.00000000 / 210 0 198 255 / 0.75064080 0.20376590
				-65.42432000 59.79834000 -4.41308600 / -0.64175930 -0.76690610 0.00000000 / 210 0 197 255 / 0.77662660 0.20376590
				-65.42432000 59.79834000 -3.21093700 / -0.64175930 -0.76690610 0.00000000 / 210 0 198 255 / 0.77662660 0.00285340
				-65.42432000 59.79834000 -3.21093700 / -0.64175930 -0.76690610 0.00000000 / 210 0 198 255 / 0.77662660 0.00285340
				-65.57812000 59.92725000 -3.21093700 / -0.64175930 -0.76690610 0.00000000 / 210 0 198 255 / 0.75064080 0.00285340
				-61.94385000 56.87793000 -4.41308600 / -0.64404180 -0.76499030 0.00000000 / 231 0 216 255 / 0.75064080 0.20376590
				-61.94385000 56.87793000 -4.41308600 / -0.64404180 -0.76499030 0.00000000 / 231 0 216 255 / 0.75064080 0.20376590
				-61.79053000 56.74902000 -4.41308600 / -0.64404180 -0.76499030 0.00000000 / 231 0 217 255 / 0.77662660 0.20376590
				-61.79053000 56.74902000 -3.21093700 / -0.64404180 -0.76499030 0.00000000 / 231 0 216 255 / 0.77662660 0.00285340
				-61.79053000 56.74902000 -3.21093700 / -0.64404180 -0.76499030 0.00000000 / 231 0 216 255 / 0.77662660 0.00285340
				-61.94385000 56.87793000 -3.21093700 / -0.64175930 -0.76690610 0.00000000 / 230 0 216 255 / 0.75064080 0.00285340
				-67.87696000 61.85644000 -4.41308600 / -0.64175930 -0.76690610 0.00000000 / 208 0 195 255 / 0.75064080 0.20376590
				-67.87696000 61.85644000 -4.41308600 / -0.64175930 -0.76690610 0.00000000 / 208 0 195 255 / 0.75064080 0.20376590
				-67.72364000 61.72754000 -4.41308600 / -0.64175930 -0.76690610 0.00000000 / 208 0 196 255 / 0.77662660 0.20376590
				-67.72364000 61.72754000 -3.21093700 / -0.64175930 -0.76690610 0.00000000 / 208 0 195 255 / 0.77662660 0.00285340
				-67.72364000 61.72754000 -3.21093700 / -0.64175930 -0.76690610 0.00000000 / 208 0 195 255 / 0.77662660 0.00285340
				-67.87696000 61.85644000 -3.21093700 / -0.64175930 -0.76690610 0.00000000 / 207 0 195 255 / 0.75064080 0.00285340
				-50.03418000 89.66260000 1.06543000 / 0.08582309 -0.99631040 0.00000000 / 202 0 190 255 / 0.75056460 0.21057130
				-50.03418000 89.66260000 1.06543000 / 0.08582309 -0.99631040 0.00000000 / 202 0 190 255 / 0.75056460 0.21057130
				-50.03418000 89.66260000 1.65918000 / 0.08582309 -0.99631040 0.00000000 / 202 0 190 255 / 0.75056460 0.29104620
				-51.08643000 89.57080000 1.65918000 / 0.08582309 -0.99631040 0.00000000 / 202 0 190 255 / 0.82252500 0.29104620
				-51.08643000 89.57080000 1.65918000 / 0.08582309 -0.99631040 0.00000000 / 202 0 190 255 / 0.82252500 0.29104620
				-51.08643000 89.57080000 1.06543000 / 0.08582309 -0.99631040 0.00000000 / 201 0 190 255 / 0.82252500 0.21057130
				-70.15625000 119.83150000 0.48144530 / -0.76514850 0.64385380 0.00000000 / 251 0 235 255 / 0.75064080 0.20376590
				-70.15625000 119.83150000 0.48144530 / -0.76514850 0.64385380 0.00000000 / 251 0 235 255 / 0.75064080 0.20376590
				-70.28467000 119.67820000 0.48144530 / -0.76514850 0.64385380 0.00000000 / 251 0 235 255 / 0.77662660 0.20376590
				-70.28467000 119.67820000 1.68408200 / -0.76514850 0.64385380 0.00000000 / 251 0 235 255 / 0.77662660 0.00285340
				-70.28467000 119.67820000 1.68408200 / -0.76514850 0.64385380 0.00000000 / 251 0 235 255 / 0.77662660 0.00285340
				-70.15625000 119.83150000 1.68408200 / -0.76514850 0.64385380 0.00000000 / 251 0 235 255 / 0.75064080 0.00285340
				-69.52344000 120.58550000 0.48144530 / -0.76514850 0.64385380 0.00000000 / 224 0 210 255 / 0.75064080 0.20376590
				-69.52344000 120.58550000 0.48144530 / -0.76514850 0.64385380 0.00000000 / 224 0 210 255 / 0.75064080 0.20376590
				-69.65186000 120.43210000 0.48144530 / -0.76514850 0.64385380 0.00000000 / 224 0 210 255 / 0.77662660 0.20376590
				-69.65186000 120.43210000 1.68408200 / -0.76514850 0.64385380 0.00000000 / 224 0 210 255 / 0.77662660 0.00285340
				-69.65186000 120.43210000 1.68408200 / -0.76514850 0.64385380 0.00000000 / 224 0 210 255 / 0.77662660 0.00285340
				-69.52344000 120.58550000 1.68408200 / -0.76514850 0.64385380 0.00000000 / 224 0 211 255 / 0.75064080 0.00285340
				-72.57276000 116.95170000 0.48144530 / -0.76690610 0.64175930 0.00000000 / 221 0 207 255 / 0.75064080 0.20376590
				-72.57276000 116.95170000 0.48144530 / -0.76690610 0.64175930 0.00000000 / 221 0 207 255 / 0.75064080 0.20376590
				-72.70117000 116.79830000 0.48144530 / -0.76690610 0.64175930 0.00000000 / 221 0 207 255 / 0.77662660 0.20376590
				-72.70117000 116.79830000 1.68408200 / -0.76690610 0.64175930 0.00000000 / 221 0 207 255 / 0.77662660 0.00285340
				-72.70117000 116.79830000 1.68408200 / -0.76690610 0.64175930 0.00000000 / 221 0 207 255 / 0.77662660 0.00285340
				-72.57276000 116.95170000 1.68408200 / -0.76690610 0.64175930 0.00000000 / 221 0 208 255 / 0.75064080 0.00285340
				-67.59424000 122.88480000 0.48144530 / -0.76514850 0.64385380 0.00000000 / 225 0 212 255 / 0.75064080 0.20376590
				-67.59424000 122.88480000 0.48144530 / -0.76514850 0.64385380 0.00000000 / 225 0 212 255 / 0.75064080 0.20376590
				-67.72266000 122.73140000 0.48144530 / -0.76514850 0.64385380 0.00000000 / 225 0 211 255 / 0.77662660 0.20376590
				-67.72266000 122.73140000 1.68408200 / -0.76514850 0.64385380 0.00000000 / 225 0 212 255 / 0.77662660 0.00285340
				-67.72266000 122.73140000 1.68408200 / -0.76514850 0.64385380 0.00000000 / 225 0 212 255 / 0.77662660 0.00285340
				-67.59424000 122.88480000 1.68408200 / -0.76514850 0.64385380 0.00000000 / 226 0 212 255 / 0.75064080 0.00285340
				-76.01172000 112.85300000 0.48144530 / -0.76690610 0.64175930 0.00000000 / 230 0 216 255 / 0.75064080 0.20376590
				-76.01172000 112.85300000 0.48144530 / -0.76690610 0.64175930 0.00000000 / 230 0 216 255 / 0.75064080 0.20376590
				-76.14062000 112.69920000 0.48144530 / -0.76690610 0.64175930 0.00000000 / 230 0 216 255 / 0.77662660 0.20376590
				-76.14062000 112.69920000 1.68408200 / -0.76690610 0.64175930 0.00000000 / 230 0 216 255 / 0.77662660 0.00285340
				-76.14062000 112.69920000 1.68408200 / -0.76690610 0.64175930 0.00000000 / 230 0 216 255 / 0.77662660 0.00285340
				-76.01172000 112.85300000 1.68408200 / -0.76690610 0.64175930 0.00000000 / 229 0 215 255 / 0.75064080 0.00285340
				-75.37891000 113.60690000 0.48144530 / -0.76690610 0.64175930 0.00000000 / 216 0 203 255 / 0.75064080 0.20376590
				-75.37891000 113.60690000 0.48144530 / -0.76690610 0.64175930 0.00000000 / 216 0 203 255 / 0.75064080 0.20376590
				-75.50781000 113.45360000 0.48144530 / -0.76690610 0.64175930 0.00000000 / 216 0 203 255 / 0.77662660 0.20376590
				-75.50781000 113.45360000 1.68408200 / -0.76690610 0.64175930 0.00000000 / 216 0 203 255 / 0.77662660 0.00285340
				-75.50781000 113.45360000 1.68408200 / -0.76690610 0.64175930 0.00000000 / 216 0 203 255 / 0.77662660 0.00285340
				-75.37891000 113.60690000 1.68408200 / -0.76690610 0.64175930 0.00000000 / 217 0 204 255 / 0.75064080 0.00285340
				-78.42822000 109.97310000 0.48144530 / -0.76514850 0.64385380 0.00000000 / 219 0 205 255 / 0.75064080 0.20376590
				-78.42822000 109.97310000 0.48144530 / -0.76514850 0.64385380 0.00000000 / 219 0 205 255 / 0.75064080 0.20376590
				-78.55713000 109.81980000 0.48144530 / -0.76514850 0.64385380 0.00000000 / 219 0 206 255 / 0.77662660 0.20376590
				-78.55713000 109.81980000 1.68408200 / -0.76514850 0.64385380 0.00000000 / 219 0 205 255 / 0.77662660 0.00285340
				-78.55713000 109.81980000 1.68408200 / -0.76514850 0.64385380 0.00000000 / 219 0 205 255 / 0.77662660 0.00285340
				-78.42822000 109.97310000 1.68408200 / -0.76514850 0.64385380 0.00000000 / 218 0 205 255 / 0.75064080 0.00285340
				-73.44971000 115.90630000 0.48144530 / -0.76690610 0.64175930 0.00000000 / 224 0 210 255 / 0.75064080 0.20376590
				-73.44971000 115.90630000 0.48144530 / -0.76690610 0.64175930 0.00000000 / 224 0 210 255 / 0.75064080 0.20376590
				-73.57861000 115.75240000 0.48144530 / -0.76690610 0.64175930 0.00000000 / 224 0 210 255 / 0.77662660 0.20376590
				-73.57861000 115.75240000 1.68408200 / -0.76690610 0.64175930 0.00000000 / 224 0 210 255 / 0.77662660 0.00285340
				-73.57861000 115.75240000 1.68408200 / -0.76690610 0.64175930 0.00000000 / 224 0 210 255 / 0.77662660 0.00285340
				-73.44971000 115.90630000 1.68408200 / -0.76690610 0.64175930 0.00000000 / 224 0 210 255 / 0.75064080 0.00285340
				-84.51221000 102.72270000 0.48144530 / -0.76514850 0.64385380 0.00000000 / 228 0 214 255 / 0.83427430 0.20376590
				-84.51221000 102.72270000 0.48144530 / -0.76514850 0.64385380 0.00000000 / 228 0 214 255 / 0.83427430 0.20376590
				-84.64111000 102.56930000 0.48144530 / -0.76514850 0.64385380 0.00000000 / 228 0 214 255 / 0.86026000 0.20376590
				-84.64111000 102.56930000 1.68408200 / -0.76514850 0.64385380 0.00000000 / 228 0 214 255 / 0.86026000 0.00285340
				-84.64111000 102.56930000 1.68408200 / -0.76514850 0.64385380 0.00000000 / 228 0 214 255 / 0.86026000 0.00285340
				-84.51221000 102.72270000 1.68408200 / -0.76514850 0.64385380 0.00000000 / 228 0 214 255 / 0.83427430 0.00285340
				-83.87939000 103.47660000 0.48144530 / -0.76514850 0.64385380 0.00000000 / 243 0 228 255 / 0.80699160 0.20376590
				-83.87939000 103.47660000 0.48144530 / -0.76514850 0.64385380 0.00000000 / 243 0 228 255 / 0.80699160 0.20376590
				-84.00830000 103.32320000 0.48144530 / -0.76514850 0.64385380 0.00000000 / 243 0 228 255 / 0.83296200 0.20376590
				-84.00830000 103.32320000 1.68408200 / -0.76514850 0.64385380 0.00000000 / 243 0 228 255 / 0.83296200 0.00285340
				-84.00830000 103.32320000 1.68408200 / -0.76514850 0.64385380 0.00000000 / 243 0 228 255 / 0.83296200 0.00285340
				-83.87939000 103.47660000 1.68408200 / -0.76514850 0.64385380 0.00000000 / 242 0 227 255 / 0.80699160 0.00285340
				-86.92871000 99.84278000 0.48144530 / -0.76690610 0.64175930 0.00000000 / 229 0 215 255 / 0.86682130 0.20376590
				-86.92871000 99.84278000 0.48144530 / -0.76690610 0.64175930 0.00000000 / 229 0 215 255 / 0.86682130 0.20376590
				-87.05713000 99.68946000 0.48144530 / -0.76690610 0.64175930 0.00000000 / 229 0 215 255 / 0.89280700 0.20376590
				-87.05713000 99.68946000 1.68408200 / -0.76690610 0.64175930 0.00000000 / 229 0 215 255 / 0.89280700 0.00285340
				-87.05713000 99.68946000 1.68408200 / -0.76690610 0.64175930 0.00000000 / 229 0 215 255 / 0.89280700 0.00285340
				-86.92871000 99.84278000 1.68408200 / -0.76690610 0.64175930 0.00000000 / 229 0 215 255 / 0.86682130 0.00285340
				-81.95020000 105.77590000 0.48144530 / -0.76514850 0.64385380 0.00000000 / 237 0 222 255 / 0.78004450 0.20376590
				-81.95020000 105.77590000 0.48144530 / -0.76514850 0.64385380 0.00000000 / 237 0 222 255 / 0.78004450 0.20376590
				-82.07910000 105.62260000 0.48144530 / -0.76514850 0.64385380 0.00000000 / 237 0 222 255 / 0.80601500 0.20376590
				-82.07910000 105.62260000 1.68408200 / -0.76514850 0.64385380 0.00000000 / 237 0 222 255 / 0.80601500 0.00285340
				-82.07910000 105.62260000 1.68408200 / -0.76514850 0.64385380 0.00000000 / 237 0 222 255 / 0.80601500 0.00285340
				-81.95020000 105.77590000 1.68408200 / -0.76514850 0.64385380 0.00000000 / 236 0 222 255 / 0.78004450 0.00285340
				-90.36769000 95.74414000 0.48144530 / -0.76690610 0.64175930 0.00000000 / 220 0 206 255 / 0.83462530 0.20376590
				-90.36769000 95.74414000 0.48144530 / -0.76690610 0.64175930 0.00000000 / 220 0 206 255 / 0.83462530 0.20376590
				-90.49658000 95.59033000 0.48144530 / -0.76690610 0.64175930 0.00000000 / 220 0 206 255 / 0.86061100 0.20376590
				-90.49658000 95.59033000 1.68408200 / -0.76690610 0.64175930 0.00000000 / 220 0 206 255 / 0.86061100 0.00285340
				-90.49658000 95.59033000 1.68408200 / -0.76690610 0.64175930 0.00000000 / 220 0 206 255 / 0.86061100 0.00285340
				-90.36769000 95.74414000 1.68408200 / -0.76690610 0.64175930 0.00000000 / 220 0 207 255 / 0.83462530 0.00285340
				-89.73486000 96.49805000 0.48144530 / -0.76690610 0.64175930 0.00000000 / 220 0 206 255 / 0.86611940 0.20376590
				-89.73486000 96.49805000 0.48144530 / -0.76690610 0.64175930 0.00000000 / 220 0 206 255 / 0.86611940 0.20376590
				-89.86377000 96.34473000 0.48144530 / -0.76690610 0.64175930 0.00000000 / 220 0 206 255 / 0.89210510 0.20376590
				-89.86377000 96.34473000 1.68408200 / -0.76690610 0.64175930 0.00000000 / 220 0 206 255 / 0.89210510 0.00285340
				-89.86377000 96.34473000 1.68408200 / -0.76690610 0.64175930 0.00000000 / 220 0 206 255 / 0.89210510 0.00285340
				-89.73486000 96.49805000 1.68408200 / -0.76690610 0.64175930 0.00000000 / 220 0 207 255 / 0.86611940 0.00285340
				-92.78418000 92.86426000 0.48144530 / -0.76514850 0.64385380 0.00000000 / 214 0 201 255 / 0.77864070 0.20376590
				-92.78418000 92.86426000 0.48144530 / -0.76514850 0.64385380 0.00000000 / 214 0 201 255 / 0.77864070 0.20376590
				-92.91310000 92.71094000 0.48144530 / -0.76514850 0.64385380 0.00000000 / 214 0 201 255 / 0.80462650 0.20376590
				-92.91310000 92.71094000 1.68408200 / -0.76514850 0.64385380 0.00000000 / 214 0 201 255 / 0.80462650 0.00285340
				-92.91310000 92.71094000 1.68408200 / -0.76514850 0.64385380 0.00000000 / 214 0 201 255 / 0.80462650 0.00285340
				-92.78418000 92.86426000 1.68408200 / -0.76514850 0.64385380 0.00000000 / 214 0 201 255 / 0.77864070 0.00285340
				-87.80567000 98.79737000 0.48144530 / -0.76690610 0.64175930 0.00000000 / 215 0 202 255 / 0.89796450 0.20376590
				-87.80567000 98.79737000 0.48144530 / -0.76690610 0.64175930 0.00000000 / 215 0 202 255 / 0.89796450 0.20376590
				-87.93457000 98.64354000 0.48144530 / -0.76690610 0.64175930 0.00000000 / 215 0 202 255 / 0.92395020 0.20376590
				-87.93457000 98.64354000 1.68408200 / -0.76690610 0.64175930 0.00000000 / 215 0 202 255 / 0.92395020 0.00285340
				-87.93457000 98.64354000 1.68408200 / -0.76690610 0.64175930 0.00000000 / 215 0 202 255 / 0.92395020 0.00285340
				-87.80615000 98.79737000 1.68408200 / -0.76690610 0.64175930 0.00000000 / 214 0 201 255 / 0.89796450 0.00285340
				-84.51221000 102.72270000 -4.41308600 / -0.76514850 0.64385380 0.00000000 / 217 0 204 255 / 0.96899420 0.20376590
				-84.51221000 102.72270000 -4.41308600 / -0.76514850 0.64385380 0.00000000 / 217 0 204 255 / 0.96899420 0.20376590
				-84.64111000 102.56930000 -4.41308600 / -0.76514850 0.64385380 0.00000000 / 217 0 204 255 / 0.99497990 0.20376590
				-84.64063000 102.56930000 -3.21093700 / -0.76514850 0.64385380 0.00000000 / 217 0 204 255 / 0.99497990 0.00285340
				-84.64063000 102.56930000 -3.21093700 / -0.76514850 0.64385380 0.00000000 / 217 0 204 255 / 0.99497990 0.00285340
				-84.51221000 102.72270000 -3.21093700 / -0.76514850 0.64385380 0.00000000 / 216 0 203 255 / 0.96899420 0.00285340
				-83.87939000 103.47660000 -4.41308600 / -0.76514850 0.64385380 0.00000000 / 225 0 211 255 / 0.77934260 0.20376590
				-83.87939000 103.47660000 -4.41308600 / -0.76514850 0.64385380 0.00000000 / 225 0 211 255 / 0.77934260 0.20376590
				-84.00830000 103.32320000 -4.41308600 / -0.76514850 0.64385380 0.00000000 / 225 0 211 255 / 0.80531310 0.20376590
				-84.00830000 103.32320000 -3.21093700 / -0.76514850 0.64385380 0.00000000 / 225 0 211 255 / 0.80531310 0.00285340
				-84.00830000 103.32320000 -3.21093700 / -0.76514850 0.64385380 0.00000000 / 225 0 211 255 / 0.80531310 0.00285340
				-83.87939000 103.47660000 -3.21093700 / -0.76514850 0.64385380 0.00000000 / 225 0 211 255 / 0.77934260 0.00285340
				-86.92871000 99.84278000 -4.41308600 / -0.76690610 0.64175930 0.00000000 / 234 0 220 255 / 0.93505860 0.20376590
				-86.92871000 99.84278000 -4.41308600 / -0.76690610 0.64175930 0.00000000 / 234 0 220 255 / 0.93505860 0.20376590
				-87.05713000 99.68946000 -4.41308600 / -0.76690610 0.64175930 0.00000000 / 234 0 220 255 / 0.96104430 0.20376590
				-87.05713000 99.68946000 -3.21093700 / -0.76690610 0.64175930 0.00000000 / 234 0 220 255 / 0.96104430 0.00285340
				-87.05713000 99.68946000 -3.21093700 / -0.76690610 0.64175930 0.00000000 / 234 0 220 255 / 0.96104430 0.00285340
				-86.92871000 99.84278000 -3.21093700 / -0.76690610 0.64175930 0.00000000 / 234 0 220 255 / 0.93505860 0.00285340
				-81.95020000 105.77590000 -4.41308600 / -0.76514850 0.64385380 0.00000000 / 228 0 214 255 / 0.80593870 0.20376590
				-81.95020000 105.77590000 -4.41308600 / -0.76514850 0.64385380 0.00000000 / 228 0 214 255 / 0.80593870 0.20376590
				-82.07910000 105.62260000 -4.41308600 / -0.76514850 0.64385380 0.00000000 / 228 0 214 255 / 0.83190920 0.20376590
				-82.07910000 105.62260000 -3.21093700 / -0.76514850 0.64385380 0.00000000 / 228 0 214 255 / 0.83190920 0.00285340
				-82.07910000 105.62260000 -3.21093700 / -0.76514850 0.64385380 0.00000000 / 228 0 214 255 / 0.83190920 0.00285340
				-81.95020000 105.77590000 -3.21093700 / -0.76514850 0.64385380 0.00000000 / 229 0 215 255 / 0.80593870 0.00285340
				-90.36769000 95.74414000 -4.41308600 / -0.76690610 0.64175930 0.00000000 / 249 0 233 255 / 0.75064080 0.20376590
				-90.36769000 95.74414000 -4.41308600 / -0.76690610 0.64175930 0.00000000 / 249 0 233 255 / 0.75064080 0.20376590
				-90.49658000 95.59033000 -4.41308600 / -0.76690610 0.64175930 0.00000000 / 249 0 234 255 / 0.77662660 0.20376590
				-90.49658000 95.59033000 -3.21093700 / -0.76690610 0.64175930 0.00000000 / 249 0 233 255 / 0.77662660 0.00285340
				-90.49658000 95.59033000 -3.21093700 / -0.76690610 0.64175930 0.00000000 / 249 0 233 255 / 0.77662660 0.00285340
				-90.36769000 95.74414000 -3.21093700 / -0.76690610 0.64175930 0.00000000 / 248 0 233 255 / 0.75064080 0.00285340
				-89.73486000 96.49805000 -4.41308600 / -0.76690610 0.64175930 0.00000000 / 236 0 221 255 / 0.80664060 0.20376590
				-89.73486000 96.49805000 -4.41308600 / -0.76690610 0.64175930 0.00000000 / 236 0 221 255 / 0.80664060 0.20376590
				-89.86377000 96.34473000 -4.41308600 / -0.76690610 0.64175930 0.00000000 / 236 0 221 255 / 0.83261110 0.20376590
				-89.86377000 96.34473000 -3.21093700 / -0.76690610 0.64175930 0.00000000 / 236 0 221 255 / 0.83261110 0.00285340
				-89.86377000 96.34473000 -3.21093700 / -0.76690610 0.64175930 0.00000000 / 236 0 221 255 / 0.83261110 0.00285340
				-89.73535000 96.49805000 -3.21093700 / -0.76690610 0.64175930 0.00000000 / 236 0 221 255 / 0.80664060 0.00285340
				-92.78418000 92.86426000 -4.41308600 / -0.76514850 0.64385380 0.00000000 / 236 0 222 255 / 0.83497620 0.20376590
				-92.78418000 92.86426000 -4.41308600 / -0.76514850 0.64385380 0.00000000 / 236 0 222 255 / 0.83497620 0.20376590
				-92.91310000 92.71094000 -4.41308600 / -0.76514850 0.64385380 0.00000000 / 236 0 222 255 / 0.86096190 0.20376590
				-92.91310000 92.71094000 -3.21093700 / -0.76514850 0.64385380 0.00000000 / 236 0 222 255 / 0.86096190 0.00285340
				-92.91310000 92.71094000 -3.21093700 / -0.76514850 0.64385380 0.00000000 / 236 0 222 255 / 0.86096190 0.00285340
				-92.78418000 92.86426000 -3.21093700 / -0.76514850 0.64385380 0.00000000 / 236 0 222 255 / 0.83497620 0.00285340
				-87.80567000 98.79737000 -4.41308600 / -0.76690610 0.64175930 0.00000000 / 237 0 222 255 / 0.89831540 0.20376590
				-87.80567000 98.79737000 -4.41308600 / -0.76690610 0.64175930 0.00000000 / 237 0 222 255 / 0.89831540 0.20376590
				-87.93457000 98.64354000 -4.41308600 / -0.76690610 0.64175930 0.00000000 / 236 0 222 255 / 0.92430120 0.20376590
				-87.93457000 98.64354000 -3.21093700 / -0.76690610 0.64175930 0.00000000 / 237 0 222 255 / 0.92430120 0.00285340
				-87.93457000 98.64354000 -3.21093700 / -0.76690610 0.64175930 0.00000000 / 237 0 222 255 / 0.92430120 0.00285340
				-87.80567000 98.79737000 -3.21093700 / -0.76690610 0.64175930 0.00000000 / 238 0 223 255 / 0.89831540 0.00285340
				-45.19531000 90.08594000 1.06543000 / 0.08582309 -0.99631040 0.00000000 / 201 0 190 255 / 0.75056460 0.39334110
				-45.19531000 90.08594000 1.06543000 / 0.08582309 -0.99631040 0.00000000 / 201 0 190 255 / 0.75056460 0.39334110
				-45.19531000 90.08594000 1.65918000 / 0.08582309 -0.99631040 0.00000000 / 201 0 190 255 / 0.75056460 0.48545840
				-46.24756000 89.99414000 1.65918000 / 0.08582309 -0.99631040 0.00000000 / 201 0 190 255 / 0.82252500 0.48545840
				-46.24756000 89.99414000 1.65918000 / 0.08582309 -0.99631040 0.00000000 / 201 0 190 255 / 0.82252500 0.48545840
				-46.24756000 89.99414000 1.06543000 / 0.08582309 -0.99631040 0.00000000 / 201 0 189 255 / 0.82252500 0.39335630
				-42.16504000 90.35108000 1.06543000 / 0.08582309 -0.99631040 0.00000000 / 208 0 196 255 / 0.75056460 0.39334110
				-42.16504000 90.35108000 1.06543000 / 0.08582309 -0.99631040 0.00000000 / 208 0 196 255 / 0.75056460 0.39334110
				-42.16504000 90.35108000 1.65918000 / 0.08582309 -0.99631040 0.00000000 / 209 0 196 255 / 0.75056460 0.48545840
				-43.21728000 90.25928000 1.65918000 / 0.08582309 -0.99631040 0.00000000 / 208 0 196 255 / 0.82252500 0.48545840
				-43.21728000 90.25928000 1.65918000 / 0.08582309 -0.99631040 0.00000000 / 208 0 196 255 / 0.82252500 0.48545840
				-43.21728000 90.25928000 1.06543000 / 0.08582309 -0.99631040 0.00000000 / 208 0 196 255 / 0.82252500 0.39335630
				-35.52051000 90.93261000 1.06543000 / 0.08582309 -0.99631040 0.00000000 / 212 0 199 255 / 0.75056460 0.30572510
				-35.52051000 90.93261000 1.06543000 / 0.08582309 -0.99631040 0.00000000 / 212 0 199 255 / 0.75056460 0.30572510
				-35.52051000 90.93261000 1.65918000 / 0.08582309 -0.99631040 0.00000000 / 212 0 199 255 / 0.75056460 0.38620000
				-36.57227000 90.84033000 1.65918000 / 0.08582309 -0.99631040 0.00000000 / 212 0 199 255 / 0.82252500 0.38620000
				-36.57227000 90.84033000 1.65918000 / 0.08582309 -0.99631040 0.00000000 / 212 0 199 255 / 0.82252500 0.38620000
				-36.57227000 90.84033000 1.06543000 / 0.08582309 -0.99631040 0.00000000 / 212 0 199 255 / 0.82252500 0.30572510
				-32.49561000 91.19727000 1.06543000 / 0.08582309 -0.99631040 0.00000000 / 197 0 185 255 / 0.75056460 0.30572510
				-32.49561000 91.19727000 1.06543000 / 0.08582309 -0.99631040 0.00000000 / 197 0 185 255 / 0.75056460 0.30572510
				-32.49561000 91.19727000 1.65918000 / 0.08582309 -0.99631040 0.00000000 / 197 0 186 255 / 0.75056460 0.38620000
				-33.54736000 91.10498000 1.65918000 / 0.08582309 -0.99631040 0.00000000 / 197 0 185 255 / 0.82252500 0.38620000
				-33.54736000 91.10498000 1.65918000 / 0.08582309 -0.99631040 0.00000000 / 197 0 185 255 / 0.82252500 0.38620000
				-33.54736000 91.10498000 1.06543000 / 0.08582309 -0.99631040 0.00000000 / 197 0 185 255 / 0.82252500 0.30572510
				-27.64746000 91.62109000 1.06543000 / 0.08601240 -0.99629410 0.00000000 / 206 0 194 255 / 0.75056460 0.30572510
				-27.64746000 91.62109000 1.06543000 / 0.08601240 -0.99629410 0.00000000 / 206 0 194 255 / 0.75056460 0.30572510
				-27.64746000 91.62109000 1.65918000 / 0.08601240 -0.99629410 0.00000000 / 207 0 194 255 / 0.75056460 0.38620000
				-28.69971000 91.52930000 1.65918000 / 0.08601240 -0.99629410 0.00000000 / 206 0 194 255 / 0.82252500 0.38620000
				-28.69971000 91.52930000 1.65918000 / 0.08601240 -0.99629410 0.00000000 / 206 0 194 255 / 0.82252500 0.38620000
				-28.69971000 91.52930000 1.06543000 / 0.08601240 -0.99629410 0.00000000 / 206 0 194 255 / 0.82252500 0.30572510
				-42.39697000 90.07959000 -4.20507800 / 0.08582309 -0.99631040 0.00000000 / 207 0 194 255 / 0.83436580 0.22241210
				-42.39697000 90.07959000 -4.20507800 / 0.08582309 -0.99631040 0.00000000 / 207 0 194 255 / 0.83436580 0.22241210
				-42.39697000 90.07959000 -4.90722700 / 0.08582309 -0.99631040 0.00000000 / 207 0 194 255 / 0.83436580 0.37518310
				-42.32764000 90.08594000 -4.90722700 / 0.08582309 -0.99631040 0.00000000 / 207 0 194 255 / 0.86213680 0.37518310
				-42.32764000 90.08594000 -4.90722700 / 0.08582309 -0.99631040 0.00000000 / 207 0 194 255 / 0.86213680 0.37518310
				-42.32764000 90.08594000 -4.20507800 / 0.08582309 -0.99631040 0.00000000 / 207 0 194 255 / 0.86213680 0.22241210
				-25.57080000 92.59717000 -4.26464900 / 0.76506950 -0.64394780 0.00000000 / 194 0 183 255 / 0.83436580 0.22241210
				-25.57080000 92.59717000 -4.26464900 / 0.76506950 -0.64394780 0.00000000 / 194 0 183 255 / 0.83436580 0.22241210
				-25.57080000 92.59717000 -4.96679700 / 0.76506950 -0.64394780 0.00000000 / 194 0 183 255 / 0.83436580 0.37518310
				-25.52588000 92.65039000 -4.96679700 / 0.76506950 -0.64394780 0.00000000 / 194 0 183 255 / 0.86213680 0.37518310
				-25.52588000 92.65039000 -4.96679700 / 0.76506950 -0.64394780 0.00000000 / 194 0 183 255 / 0.86213680 0.37518310
				-25.52588000 92.65039000 -4.26464900 / 0.76506950 -0.64394780 0.00000000 / 194 0 183 255 / 0.86213680 0.22241210
				-55.61426000 56.79199000 -4.26464900 / 0.76690610 -0.64175930 0.00000000 / 215 0 202 255 / 0.83436580 0.22241210
				-55.61426000 56.79199000 -4.26464900 / 0.76690610 -0.64175930 0.00000000 / 215 0 202 255 / 0.83436580 0.22241210
				-55.61426000 56.79199000 -4.96679700 / 0.76690610 -0.64175930 0.00000000 / 214 0 201 255 / 0.83436580 0.37518310
				-55.56933000 56.84570000 -4.96679700 / 0.76690610 -0.64175930 0.00000000 / 215 0 202 255 / 0.86213680 0.37518310
				-55.56933000 56.84570000 -4.96679700 / 0.76690610 -0.64175930 0.00000000 / 215 0 202 255 / 0.86213680 0.37518310
				-55.56933000 56.84570000 -4.26464900 / 0.76690610 -0.64175930 0.00000000 / 215 0 202 255 / 0.86213680 0.22241210
				-56.23779000 73.98340000 -4.20507800 / 0.99627770 0.08620170 0.00000000 / 204 0 192 255 / 0.83436580 0.22241210
				-56.23779000 73.98340000 -4.20507800 / 0.99627770 0.08620170 0.00000000 / 204 0 192 255 / 0.83436580 0.22241210
				-56.23779000 73.98340000 -4.90722700 / 0.99627770 0.08620170 0.00000000 / 204 0 192 255 / 0.83436580 0.37518310
				-56.24414000 74.05322000 -4.90722700 / 0.99627770 0.08620170 0.00000000 / 204 0 192 255 / 0.86213680 0.37518310
				-56.24414000 74.05322000 -4.90722700 / 0.99627770 0.08620170 0.00000000 / 204 0 192 255 / 0.86213680 0.37518310
				-56.24414000 74.05322000 -4.20507800 / 0.99627770 0.08620170 0.00000000 / 204 0 191 255 / 0.86213680 0.22241210
				-25.18994000 97.51221000 -4.26464900 / 0.64187150 0.76681230 0.00000000 / 148 0 140 255 / 0.83436580 0.22241210
				-25.18994000 97.51221000 -4.26464900 / 0.64187150 0.76681230 0.00000000 / 148 0 140 255 / 0.83436580 0.22241210
				-25.18994000 97.51221000 -4.96679700 / 0.64187150 0.76681230 0.00000000 / 148 0 140 255 / 0.83436580 0.37518310
				-25.24316000 97.55713000 -4.96679700 / 0.64187150 0.76681230 0.00000000 / 148 0 140 255 / 0.86213680 0.37518310
				-25.24316000 97.55713000 -4.96679700 / 0.64187150 0.76681230 0.00000000 / 148 0 140 255 / 0.86213680 0.37518310
				-25.24316000 97.55713000 -4.26464900 / 0.64187150 0.76681230 0.00000000 / 148 0 140 255 / 0.86213680 0.22241210
				-55.25000000 59.88281000 1.06543000 / 0.99631040 0.08582309 0.00000000 / 229 0 215 255 / 0.75056460 0.30572510
				-55.25000000 59.88281000 1.06543000 / 0.99631040 0.08582309 0.00000000 / 229 0 215 255 / 0.75056460 0.30572510
				-55.25000000 59.88281000 1.65918000 / 0.99631040 0.08582309 0.00000000 / 230 0 216 255 / 0.75056460 0.38620000
				-55.15772000 58.83105000 1.65918000 / 0.99631040 0.08582309 0.00000000 / 229 0 215 255 / 0.82252500 0.38620000
				-55.15772000 58.83105000 1.65918000 / 0.99631040 0.08582309 0.00000000 / 229 0 215 255 / 0.82252500 0.38620000
				-55.15772000 58.83105000 1.06543000 / 0.99631040 0.08582309 0.00000000 / 229 0 215 255 / 0.82252500 0.30572510
				-56.52051000 74.40283000 1.06543000 / 0.99627770 0.08620170 0.00000000 / 215 0 202 255 / 0.75056460 0.30572510
				-56.52051000 74.40283000 1.06543000 / 0.99627770 0.08620170 0.00000000 / 215 0 202 255 / 0.75056460 0.30572510
				-56.52051000 74.40283000 1.65918000 / 0.99627770 0.08620170 0.00000000 / 215 0 202 255 / 0.75056460 0.38620000
				-56.42822000 73.35059000 1.65918000 / 0.99627770 0.08620170 0.00000000 / 215 0 202 255 / 0.82252500 0.38620000
				-56.42822000 73.35059000 1.65918000 / 0.99627770 0.08620170 0.00000000 / 215 0 202 255 / 0.82252500 0.38620000
				-56.42822000 73.35059000 1.06543000 / 0.99627770 0.08620170 0.00000000 / 214 0 201 255 / 0.82252500 0.30572510
				-56.78467000 77.42237000 1.06543000 / 0.99627770 0.08620170 0.00000000 / 218 0 205 255 / 0.75056460 0.39471440
				-56.78467000 77.42237000 1.06543000 / 0.99627770 0.08620170 0.00000000 / 218 0 205 255 / 0.75056460 0.39471440
				-56.78467000 77.42237000 1.65918000 / 0.99627770 0.08620170 0.00000000 / 217 0 204 255 / 0.75056460 0.48614500
				-56.69238000 76.37061000 1.65918000 / 0.99627770 0.08620170 0.00000000 / 218 0 205 255 / 0.82252500 0.48614500
				-56.69238000 76.37061000 1.65918000 / 0.99627770 0.08620170 0.00000000 / 218 0 205 255 / 0.82252500 0.48614500
				-56.69238000 76.37061000 1.06543000 / 0.99627770 0.08620170 0.00000000 / 218 0 205 255 / 0.82252500 0.39471440
				-57.20752000 82.25635000 1.06543000 / 0.99627770 0.08620170 0.00000000 / 207 0 195 255 / 0.75056460 0.39471440
				-57.20752000 82.25635000 1.06543000 / 0.99627770 0.08620170 0.00000000 / 207 0 195 255 / 0.75056460 0.39471440
				-57.20752000 82.25635000 1.65918000 / 0.99627770 0.08620170 0.00000000 / 208 0 195 255 / 0.75056460 0.48614500
				-57.11523000 81.20410000 1.65918000 / 0.99627770 0.08620170 0.00000000 / 207 0 195 255 / 0.82252500 0.48614500
				-57.11523000 81.20410000 1.65918000 / 0.99627770 0.08620170 0.00000000 / 207 0 195 255 / 0.82252500 0.48614500
				-57.11523000 81.20410000 1.06543000 / 0.99627770 0.08620170 0.00000000 / 207 0 195 255 / 0.82252500 0.39471440
				-119.86620000 -1.80761700 0.48144530 / 0.00000000 1.00000000 0.00000000 / 199 0 187 255 / 0.77839660 0.20376590
				-119.86620000 -1.80761700 0.48144530 / 0.00000000 1.00000000 0.00000000 / 199 0 187 255 / 0.77839660 0.20376590
				-119.86620000 -1.80761700 1.68408200 / 0.00000000 1.00000000 0.00000000 / 198 0 187 255 / 0.77839660 0.00285340
				-119.66600000 -1.80761700 1.68408200 / 0.00000000 1.00000000 0.00000000 / 199 0 187 255 / 0.80438230 0.00285340
				-119.66600000 -1.80761700 1.68408200 / 0.00000000 1.00000000 0.00000000 / 199 0 187 255 / 0.80438230 0.00285340
				-119.66600000 -1.80761700 0.48144530 / 0.00000000 1.00000000 0.00000000 / 199 0 188 255 / 0.80438230 0.20376590
				-120.85060000 -1.80810500 0.48144530 / 0.00000000 1.00000000 0.00000000 / 215 0 202 255 / 0.75064080 0.20376590
				-120.85060000 -1.80810500 0.48144530 / 0.00000000 1.00000000 0.00000000 / 215 0 202 255 / 0.75064080 0.20376590
				-120.85060000 -1.80761700 1.68408200 / 0.00000000 1.00000000 0.00000000 / 214 0 201 255 / 0.75064080 0.00285340
				-120.65040000 -1.80810500 1.68408200 / 0.00000000 1.00000000 0.00000000 / 215 0 202 255 / 0.77662660 0.00285340
				-120.65040000 -1.80810500 1.68408200 / 0.00000000 1.00000000 0.00000000 / 215 0 202 255 / 0.77662660 0.00285340
				-120.65040000 -1.80810500 0.48144530 / 0.00000000 1.00000000 0.00000000 / 215 0 202 255 / 0.77662660 0.20376590
				-116.10690000 -1.80810500 0.48144530 / 0.00000000 1.00000000 0.00000000 / 207 0 194 255 / 0.77839660 0.20376590
				-116.10690000 -1.80810500 0.48144530 / 0.00000000 1.00000000 0.00000000 / 207 0 194 255 / 0.77839660 0.20376590
				-116.10690000 -1.80761700 1.68408200 / 0.00000000 1.00000000 0.00000000 / 207 0 194 255 / 0.77839660 0.00285340
				-115.90670000 -1.80761700 1.68408200 / 0.00000000 1.00000000 0.00000000 / 207 0 194 255 / 0.80438230 0.00285340
				-115.90670000 -1.80761700 1.68408200 / 0.00000000 1.00000000 0.00000000 / 207 0 194 255 / 0.80438230 0.00285340
				-115.90670000 -1.80761700 0.48144530 / 0.00000000 1.00000000 0.00000000 / 207 0 194 255 / 0.80438230 0.20376590
				-128.97610000 -1.80810500 -4.41308600 / 0.00000000 1.00000000 0.00000000 / 220 0 207 255 / 0.80705260 0.20376590
				-128.97610000 -1.80810500 -4.41308600 / 0.00000000 1.00000000 0.00000000 / 220 0 207 255 / 0.80705260 0.20376590
				-128.97610000 -1.80810500 -3.21093700 / 0.00000000 1.00000000 0.00000000 / 220 0 206 255 / 0.80705260 0.00285340
				-128.77590000 -1.80761700 -3.21093700 / 0.00000000 1.00000000 0.00000000 / 220 0 207 255 / 0.83303830 0.00285340
				-128.77590000 -1.80761700 -3.21093700 / 0.00000000 1.00000000 0.00000000 / 220 0 207 255 / 0.83303830 0.00285340
				-128.77590000 -1.80810500 -4.41308600 / 0.00000000 1.00000000 0.00000000 / 220 0 207 255 / 0.83303830 0.20376590
				-129.96090000 -1.80810500 -4.41308600 / 0.00000000 1.00000000 0.00000000 / 210 0 197 255 / 0.80705260 0.20376590
				-129.96090000 -1.80810500 -4.41308600 / 0.00000000 1.00000000 0.00000000 / 210 0 197 255 / 0.80705260 0.20376590
				-129.96090000 -1.80761700 -3.21093700 / 0.00000000 1.00000000 0.00000000 / 210 0 197 255 / 0.80705260 0.00285340
				-129.76030000 -1.80810500 -3.21093700 / 0.00000000 1.00000000 0.00000000 / 210 0 197 255 / 0.83303830 0.00285340
				-129.76030000 -1.80810500 -3.21093700 / 0.00000000 1.00000000 0.00000000 / 210 0 197 255 / 0.83303830 0.00285340
				-129.76030000 -1.80810500 -4.41308600 / 0.00000000 1.00000000 0.00000000 / 210 0 197 255 / 0.83303830 0.20376590
				-125.21680000 -1.80810500 -4.41308600 / 0.00000000 1.00000000 0.00000000 / 204 0 192 255 / 0.80705260 0.20376590
				-125.21680000 -1.80810500 -4.41308600 / 0.00000000 1.00000000 0.00000000 / 204 0 192 255 / 0.80705260 0.20376590
				-125.21680000 -1.80810500 -3.21093700 / 0.00000000 1.00000000 0.00000000 / 205 0 192 255 / 0.80705260 0.00285340
				-125.01660000 -1.80761700 -3.21093700 / 0.00000000 1.00000000 0.00000000 / 204 0 192 255 / 0.83303830 0.00285340
				-125.01660000 -1.80761700 -3.21093700 / 0.00000000 1.00000000 0.00000000 / 204 0 192 255 / 0.83303830 0.00285340
				-125.01660000 -1.80810500 -4.41308600 / 0.00000000 1.00000000 0.00000000 / 204 0 192 255 / 0.83303830 0.20376590
				-132.96190000 -1.80810500 -4.41308600 / 0.00000000 1.00000000 0.00000000 / 223 0 210 255 / 0.80705260 0.20376590
				-132.96190000 -1.80810500 -4.41308600 / 0.00000000 1.00000000 0.00000000 / 223 0 210 255 / 0.80705260 0.20376590
				-132.96190000 -1.80810500 -3.21093700 / 0.00000000 1.00000000 0.00000000 / 223 0 210 255 / 0.80705260 0.00285340
				-132.76170000 -1.80810500 -3.21093700 / 0.00000000 1.00000000 0.00000000 / 223 0 210 255 / 0.83303830 0.00285340
				-132.76170000 -1.80810500 -3.21093700 / 0.00000000 1.00000000 0.00000000 / 223 0 210 255 / 0.83303830 0.00285340
				-132.76170000 -1.80810500 -4.41308600 / 0.00000000 1.00000000 0.00000000 / 223 0 210 255 / 0.83303830 0.20376590
				-119.86620000 -1.80810500 -4.41308600 / 0.00000000 1.00000000 0.00000000 / 205 0 193 255 / 0.83435060 0.20376590
				-119.86620000 -1.80810500 -4.41308600 / 0.00000000 1.00000000 0.00000000 / 205 0 193 255 / 0.83435060 0.20376590
				-119.86620000 -1.80761700 -3.21093700 / 0.00000000 1.00000000 0.00000000 / 205 0 193 255 / 0.83435060 0.00285340
				-119.66600000 -1.80761700 -3.21093700 / 0.00000000 1.00000000 0.00000000 / 205 0 193 255 / 0.86033630 0.00285340
				-119.66600000 -1.80761700 -3.21093700 / 0.00000000 1.00000000 0.00000000 / 205 0 193 255 / 0.86033630 0.00285340
				-119.66600000 -1.80761700 -4.41308600 / 0.00000000 1.00000000 0.00000000 / 205 0 193 255 / 0.86033630 0.20376590
				-120.85060000 -1.80761700 -4.41308600 / 0.00000000 1.00000000 0.00000000 / 198 0 187 255 / 0.75064080 0.20376590
				-120.85060000 -1.80761700 -4.41308600 / 0.00000000 1.00000000 0.00000000 / 198 0 187 255 / 0.75064080 0.20376590
				-120.85060000 -1.80761700 -3.21093700 / 0.00000000 1.00000000 0.00000000 / 198 0 186 255 / 0.75064080 0.00285340
				-120.65040000 -1.80810500 -3.21093700 / 0.00000000 1.00000000 0.00000000 / 198 0 187 255 / 0.77662660 0.00285340
				-120.65040000 -1.80810500 -3.21093700 / 0.00000000 1.00000000 0.00000000 / 198 0 187 255 / 0.77662660 0.00285340
				-120.65040000 -1.80810500 -4.41308600 / 0.00000000 1.00000000 0.00000000 / 199 0 187 255 / 0.77662660 0.20376590
				-116.10690000 -1.80810500 -4.41308600 / 0.00000000 1.00000000 0.00000000 / 197 0 186 255 / 0.86619570 0.20376590
				-116.10690000 -1.80810500 -4.41308600 / 0.00000000 1.00000000 0.00000000 / 197 0 186 255 / 0.86619570 0.20376590
				-116.10690000 -1.80810500 -3.21093700 / 0.00000000 1.00000000 0.00000000 / 198 0 186 255 / 0.86619570 0.00285340
				-115.90670000 -1.80810500 -3.21093700 / 0.00000000 1.00000000 0.00000000 / 197 0 186 255 / 0.89216610 0.00285340
				-115.90670000 -1.80810500 -3.21093700 / 0.00000000 1.00000000 0.00000000 / 197 0 186 255 / 0.89216610 0.00285340
				-115.90670000 -1.80810500 -4.41308600 / 0.00000000 1.00000000 0.00000000 / 197 0 185 255 / 0.89216610 0.20376590
				-123.85210000 -1.80810500 -4.41308600 / 0.00000000 1.00000000 0.00000000 / 223 0 209 255 / 0.80705260 0.20376590
				-123.85210000 -1.80810500 -4.41308600 / 0.00000000 1.00000000 0.00000000 / 223 0 209 255 / 0.80705260 0.20376590
				-123.85210000 -1.80810500 -3.21093700 / 0.00000000 1.00000000 0.00000000 / 223 0 210 255 / 0.80705260 0.00285340
				-123.65190000 -1.80810500 -3.21093700 / 0.00000000 1.00000000 0.00000000 / 223 0 209 255 / 0.83303830 0.00285340
				-123.65190000 -1.80810500 -3.21093700 / 0.00000000 1.00000000 0.00000000 / 223 0 209 255 / 0.83303830 0.00285340
				-123.65190000 -1.80810500 -4.41308600 / 0.00000000 1.00000000 0.00000000 / 222 0 209 255 / 0.83303830 0.20376590
				-106.64210000 -1.80761700 0.48144530 / 0.00000000 1.00000000 0.00000000 / 201 0 189 255 / 0.75064080 0.20376590
				-106.64210000 -1.80761700 0.48144530 / 0.00000000 1.00000000 0.00000000 / 201 0 189 255 / 0.75064080 0.20376590
				-106.64210000 -1.80761700 1.68408200 / 0.00000000 1.00000000 0.00000000 / 202 0 190 255 / 0.75064080 0.00285340
				-106.44190000 -1.80761700 1.68408200 / 0.00000000 1.00000000 0.00000000 / 201 0 189 255 / 0.77662660 0.00285340
				-106.44190000 -1.80761700 1.68408200 / 0.00000000 1.00000000 0.00000000 / 201 0 189 255 / 0.77662660 0.00285340
				-106.44190000 -1.80810500 0.48144530 / 0.00000000 1.00000000 0.00000000 / 201 0 189 255 / 0.77662660 0.20376590
				-107.62650000 -1.80810500 0.48144530 / 0.00000000 1.00000000 0.00000000 / 178 0 168 255 / 0.75064080 0.20376590
				-107.62650000 -1.80810500 0.48144530 / 0.00000000 1.00000000 0.00000000 / 178 0 168 255 / 0.75064080 0.20376590
				-107.62650000 -1.80810500 1.68408200 / 0.00000000 1.00000000 0.00000000 / 177 0 167 255 / 0.75064080 0.00285340
				-107.42630000 -1.80810500 1.68408200 / 0.00000000 1.00000000 0.00000000 / 178 0 168 255 / 0.77662660 0.00285340
				-107.42630000 -1.80810500 1.68408200 / 0.00000000 1.00000000 0.00000000 / 178 0 168 255 / 0.77662660 0.00285340
				-107.42630000 -1.80810500 0.48144530 / 0.00000000 1.00000000 0.00000000 / 178 0 168 255 / 0.77662660 0.20376590
				-102.88280000 -1.80810500 0.48144530 / 0.00000000 1.00000000 0.00000000 / 189 0 178 255 / 0.75064080 0.20376590
				-102.88280000 -1.80810500 0.48144530 / 0.00000000 1.00000000 0.00000000 / 189 0 178 255 / 0.75064080 0.20376590
				-102.88280000 -1.80761700 1.68408200 / 0.00000000 1.00000000 0.00000000 / 189 0 178 255 / 0.75064080 0.00285340
				-102.68260000 -1.80761700 1.68408200 / 0.00000000 1.00000000 0.00000000 / 189 0 178 255 / 0.77662660 0.00285340
				-102.68260000 -1.80761700 1.68408200 / 0.00000000 1.00000000 0.00000000 / 189 0 178 255 / 0.77662660 0.00285340
				-102.68260000 -1.80761700 0.48144530 / 0.00000000 1.00000000 0.00000000 / 188 0 177 255 / 0.77662660 0.20376590
				-110.62790000 -1.80810500 0.48144530 / 0.00000000 1.00000000 0.00000000 / 198 0 186 255 / 0.75064080 0.20376590
				-110.62790000 -1.80810500 0.48144530 / 0.00000000 1.00000000 0.00000000 / 198 0 186 255 / 0.75064080 0.20376590
				-110.62790000 -1.80761700 1.68408200 / 0.00000000 1.00000000 0.00000000 / 198 0 186 255 / 0.75064080 0.00285340
				-110.42770000 -1.80810500 1.68408200 / 0.00000000 1.00000000 0.00000000 / 198 0 186 255 / 0.77662660 0.00285340
				-110.42770000 -1.80810500 1.68408200 / 0.00000000 1.00000000 0.00000000 / 198 0 186 255 / 0.77662660 0.00285340
				-110.42770000 -1.80810500 0.48144530 / 0.00000000 1.00000000 0.00000000 / 199 0 187 255 / 0.77662660 0.20376590
				-97.53223000 -1.80810500 0.48144530 / 0.00000000 1.00000000 0.00000000 / 191 0 180 255 / 0.75064080 0.20376590
				-97.53223000 -1.80810500 0.48144530 / 0.00000000 1.00000000 0.00000000 / 191 0 180 255 / 0.75064080 0.20376590
				-97.53223000 -1.80810500 1.68408200 / 0.00000000 1.00000000 0.00000000 / 191 0 180 255 / 0.75064080 0.00285340
				-97.33203000 -1.80761700 1.68408200 / 0.00000000 1.00000000 0.00000000 / 191 0 180 255 / 0.77662660 0.00285340
				-97.33203000 -1.80761700 1.68408200 / 0.00000000 1.00000000 0.00000000 / 191 0 180 255 / 0.77662660 0.00285340
				-97.33203000 -1.80810500 0.48144530 / 0.00000000 1.00000000 0.00000000 / 191 0 180 255 / 0.77662660 0.20376590
				-98.51660000 -1.80810500 0.48144530 / 0.00000000 1.00000000 0.00000000 / 191 0 180 255 / 0.75064080 0.20376590
				-98.51660000 -1.80810500 0.48144530 / 0.00000000 1.00000000 0.00000000 / 191 0 180 255 / 0.75064080 0.20376590
				-98.51660000 -1.80810500 1.68408200 / 0.00000000 1.00000000 0.00000000 / 191 0 180 255 / 0.75064080 0.00285340
				-98.31641000 -1.80810500 1.68408200 / 0.00000000 1.00000000 0.00000000 / 191 0 180 255 / 0.77662660 0.00285340
				-98.31641000 -1.80810500 1.68408200 / 0.00000000 1.00000000 0.00000000 / 191 0 180 255 / 0.77662660 0.00285340
				-98.31641000 -1.80810500 0.48144530 / 0.00000000 1.00000000 0.00000000 / 192 0 180 255 / 0.77662660 0.20376590
				-93.77295000 -1.80810500 0.48144530 / 0.00000000 1.00000000 0.00000000 / 219 0 206 255 / 0.83480830 0.20376590
				-93.77295000 -1.80810500 0.48144530 / 0.00000000 1.00000000 0.00000000 / 219 0 206 255 / 0.83480830 0.20376590
				-93.77295000 -1.80810500 1.68408200 / 0.00000000 1.00000000 0.00000000 / 219 0 206 255 / 0.83480830 0.00285340
				-93.57276000 -1.80810500 1.68408200 / 0.00000000 1.00000000 0.00000000 / 219 0 206 255 / 0.86077880 0.00285340
				-93.57276000 -1.80810500 1.68408200 / 0.00000000 1.00000000 0.00000000 / 219 0 206 255 / 0.86077880 0.00285340
				-93.57276000 -1.80810500 0.48144530 / 0.00000000 1.00000000 0.00000000 / 219 0 206 255 / 0.86077880 0.20376590
				-101.51810000 -1.80810500 0.48144530 / 0.00000000 1.00000000 0.00000000 / 187 0 177 255 / 0.75064080 0.20376590
				-101.51810000 -1.80810500 0.48144530 / 0.00000000 1.00000000 0.00000000 / 187 0 177 255 / 0.75064080 0.20376590
				-101.51810000 -1.80810500 1.68408200 / 0.00000000 1.00000000 0.00000000 / 187 0 177 255 / 0.75064080 0.00285340
				-101.31790000 -1.80810500 1.68408200 / 0.00000000 1.00000000 0.00000000 / 187 0 177 255 / 0.77662660 0.00285340
				-101.31790000 -1.80810500 1.68408200 / 0.00000000 1.00000000 0.00000000 / 187 0 177 255 / 0.77662660 0.00285340
				-101.31790000 -1.80810500 0.48144530 / 0.00000000 1.00000000 0.00000000 / 188 0 177 255 / 0.77662660 0.20376590
				-106.64210000 -1.80810500 -4.41308600 / 0.00000000 1.00000000 0.00000000 / 206 0 194 255 / 0.75064080 0.20376590
				-106.64210000 -1.80810500 -4.41308600 / 0.00000000 1.00000000 0.00000000 / 206 0 194 255 / 0.75064080 0.20376590
				-106.64210000 -1.80810500 -3.21093700 / 0.00000000 1.00000000 0.00000000 / 206 0 194 255 / 0.75064080 0.00285340
				-106.44190000 -1.80810500 -3.21093700 / 0.00000000 1.00000000 0.00000000 / 206 0 194 255 / 0.77662660 0.00285340
				-106.44190000 -1.80810500 -3.21093700 / 0.00000000 1.00000000 0.00000000 / 206 0 194 255 / 0.77662660 0.00285340
				-106.44190000 -1.80810500 -4.41308600 / 0.00000000 1.00000000 0.00000000 / 207 0 194 255 / 0.77662660 0.20376590
				-107.62650000 -1.80810500 -4.41308600 / 0.00000000 1.00000000 0.00000000 / 197 0 186 255 / 0.75064080 0.20376590
				-107.62650000 -1.80810500 -4.41308600 / 0.00000000 1.00000000 0.00000000 / 197 0 186 255 / 0.75064080 0.20376590
				-107.62650000 -1.80810500 -3.21093700 / 0.00000000 1.00000000 0.00000000 / 197 0 186 255 / 0.75064080 0.00285340
				-107.42630000 -1.80810500 -3.21093700 / 0.00000000 1.00000000 0.00000000 / 197 0 186 255 / 0.77662660 0.00285340
				-107.42630000 -1.80810500 -3.21093700 / 0.00000000 1.00000000 0.00000000 / 197 0 186 255 / 0.77662660 0.00285340
				-107.42630000 -1.80810500 -4.41308600 / 0.00000000 1.00000000 0.00000000 / 197 0 185 255 / 0.77662660 0.20376590
				-102.88280000 -1.80810500 -4.41308600 / 0.00000000 1.00000000 0.00000000 / 178 0 168 255 / 0.77975460 0.20376590
				-102.88280000 -1.80810500 -4.41308600 / 0.00000000 1.00000000 0.00000000 / 178 0 168 255 / 0.77975460 0.20376590
				-102.88280000 -1.80810500 -3.21093700 / 0.00000000 1.00000000 0.00000000 / 178 0 168 255 / 0.77975460 0.00285340
				-102.68260000 -1.80761700 -3.21093700 / 0.00000000 1.00000000 0.00000000 / 178 0 168 255 / 0.80574030 0.00285340
				-102.68260000 -1.80761700 -3.21093700 / 0.00000000 1.00000000 0.00000000 / 178 0 168 255 / 0.80574030 0.00285340
				-102.68260000 -1.80810500 -4.41308600 / 0.00000000 1.00000000 0.00000000 / 178 0 168 255 / 0.80574030 0.20376590
				-110.62790000 -1.80810500 -4.41308600 / 0.00000000 1.00000000 0.00000000 / 188 0 177 255 / 0.86619570 0.20376590
				-110.62790000 -1.80810500 -4.41308600 / 0.00000000 1.00000000 0.00000000 / 188 0 177 255 / 0.86619570 0.20376590
				-110.62790000 -1.80810500 -3.21093700 / 0.00000000 1.00000000 0.00000000 / 188 0 177 255 / 0.86619570 0.00285340
				-110.42770000 -1.80810500 -3.21093700 / 0.00000000 1.00000000 0.00000000 / 188 0 177 255 / 0.89216610 0.00285340
				-110.42770000 -1.80810500 -3.21093700 / 0.00000000 1.00000000 0.00000000 / 188 0 177 255 / 0.89216610 0.00285340
				-110.42770000 -1.80810500 -4.41308600 / 0.00000000 1.00000000 0.00000000 / 187 0 177 255 / 0.89216610 0.20376590
				-101.51810000 -1.80810500 -4.41308600 / 0.00000000 1.00000000 0.00000000 / 185 0 175 255 / 0.77975460 0.20376590
				-101.51810000 -1.80810500 -4.41308600 / 0.00000000 1.00000000 0.00000000 / 185 0 175 255 / 0.77975460 0.20376590
				-101.51810000 -1.80810500 -3.21093700 / 0.00000000 1.00000000 0.00000000 / 186 0 175 255 / 0.77975460 0.00285340
				-101.31790000 -1.80810500 -3.21093700 / 0.00000000 1.00000000 0.00000000 / 185 0 175 255 / 0.80574030 0.00285340
				-101.31790000 -1.80810500 -3.21093700 / 0.00000000 1.00000000 0.00000000 / 185 0 175 255 / 0.80574030 0.00285340
				-101.31790000 -1.80810500 -4.41308600 / 0.00000000 1.00000000 0.00000000 / 185 0 174 255 / 0.80574030 0.20376590
				-128.97610000 -56.30762000 0.48144530 / 0.00000000 -1.00000000 0.00000000 / 234 0 219 255 / 0.75064080 0.20376590
				-128.97610000 -56.30762000 0.48144530 / 0.00000000 -1.00000000 0.00000000 / 234 0 219 255 / 0.75064080 0.20376590
				-128.77590000 -56.30762000 0.48144530 / 0.00000000 -1.00000000 0.00000000 / 234 0 219 255 / 0.77662660 0.20376590
				-128.77590000 -56.30762000 1.68408200 / 0.00000000 -1.00000000 0.00000000 / 234 0 219 255 / 0.77662660 0.00285340
				-128.77590000 -56.30762000 1.68408200 / 0.00000000 -1.00000000 0.00000000 / 234 0 219 255 / 0.77662660 0.00285340
				-128.97610000 -56.30762000 1.68408200 / 0.00000000 -1.00000000 0.00000000 / 233 0 219 255 / 0.75064080 0.00285340
				-129.96090000 -56.30762000 0.48144530 / 0.00000000 -1.00000000 0.00000000 / 221 0 207 255 / 0.75064080 0.20376590
				-129.96090000 -56.30762000 0.48144530 / 0.00000000 -1.00000000 0.00000000 / 221 0 207 255 / 0.75064080 0.20376590
				-129.76030000 -56.30762000 0.48144530 / 0.00000000 -1.00000000 0.00000000 / 220 0 207 255 / 0.77662660 0.20376590
				-129.76030000 -56.30762000 1.68408200 / 0.00000000 -1.00000000 0.00000000 / 221 0 207 255 / 0.77662660 0.00285340
				-129.76030000 -56.30762000 1.68408200 / 0.00000000 -1.00000000 0.00000000 / 221 0 207 255 / 0.77662660 0.00285340
				-129.96090000 -56.30762000 1.68408200 / 0.00000000 -1.00000000 0.00000000 / 221 0 208 255 / 0.75064080 0.00285340
				-125.21680000 -56.30762000 0.48144530 / 0.00000000 -1.00000000 0.00000000 / 209 0 197 255 / 0.75064080 0.20376590
				-125.21680000 -56.30762000 0.48144530 / 0.00000000 -1.00000000 0.00000000 / 209 0 197 255 / 0.75064080 0.20376590
				-125.01660000 -56.30762000 0.48144530 / 0.00000000 -1.00000000 0.00000000 / 209 0 197 255 / 0.77662660 0.20376590
				-125.01660000 -56.30762000 1.68408200 / 0.00000000 -1.00000000 0.00000000 / 209 0 197 255 / 0.77662660 0.00285340
				-125.01660000 -56.30762000 1.68408200 / 0.00000000 -1.00000000 0.00000000 / 209 0 197 255 / 0.77662660 0.00285340
				-125.21680000 -56.30762000 1.68408200 / 0.00000000 -1.00000000 0.00000000 / 209 0 197 255 / 0.75064080 0.00285340
				-132.96190000 -56.30762000 0.48144530 / 0.00000000 -1.00000000 0.00000000 / 218 0 205 255 / 0.75064080 0.20376590
				-132.96190000 -56.30762000 0.48144530 / 0.00000000 -1.00000000 0.00000000 / 218 0 205 255 / 0.75064080 0.20376590
				-132.76170000 -56.30762000 0.48144530 / 0.00000000 -1.00000000 0.00000000 / 218 0 205 255 / 0.77662660 0.20376590
				-132.76170000 -56.30762000 1.68408200 / 0.00000000 -1.00000000 0.00000000 / 218 0 205 255 / 0.77662660 0.00285340
				-132.76170000 -56.30762000 1.68408200 / 0.00000000 -1.00000000 0.00000000 / 218 0 205 255 / 0.77662660 0.00285340
				-132.96190000 -56.30762000 1.68408200 / 0.00000000 -1.00000000 0.00000000 / 218 0 205 255 / 0.75064080 0.00285340
				-119.86620000 -56.30762000 0.48144530 / 0.00000000 -1.00000000 0.00000000 / 209 0 197 255 / 0.75064080 0.20376590
				-119.86620000 -56.30762000 0.48144530 / 0.00000000 -1.00000000 0.00000000 / 209 0 197 255 / 0.75064080 0.20376590
				-119.66600000 -56.30762000 0.48144530 / 0.00000000 -1.00000000 0.00000000 / 209 0 197 255 / 0.77662660 0.20376590
				-119.66600000 -56.30762000 1.68408200 / 0.00000000 -1.00000000 0.00000000 / 209 0 197 255 / 0.77662660 0.00285340
				-119.66600000 -56.30762000 1.68408200 / 0.00000000 -1.00000000 0.00000000 / 209 0 197 255 / 0.77662660 0.00285340
				-119.86620000 -56.30762000 1.68408200 / 0.00000000 -1.00000000 0.00000000 / 209 0 197 255 / 0.75064080 0.00285340
				-120.85060000 -56.30762000 0.48144530 / 0.00000000 -1.00000000 0.00000000 / 219 0 206 255 / 0.75064080 0.20376590
				-120.85060000 -56.30762000 0.48144530 / 0.00000000 -1.00000000 0.00000000 / 219 0 206 255 / 0.75064080 0.20376590
				-120.65040000 -56.30762000 0.48144530 / 0.00000000 -1.00000000 0.00000000 / 219 0 206 255 / 0.77662660 0.20376590
				-120.65040000 -56.30762000 1.68408200 / 0.00000000 -1.00000000 0.00000000 / 219 0 206 255 / 0.77662660 0.00285340
				-120.65040000 -56.30762000 1.68408200 / 0.00000000 -1.00000000 0.00000000 / 219 0 206 255 / 0.77662660 0.00285340
				-120.85060000 -56.30762000 1.68408200 / 0.00000000 -1.00000000 0.00000000 / 219 0 206 255 / 0.75064080 0.00285340
				-116.10690000 -56.30762000 0.48144530 / 0.00000000 -1.00000000 0.00000000 / 205 0 193 255 / 0.75064080 0.20376590
				-116.10690000 -56.30762000 0.48144530 / 0.00000000 -1.00000000 0.00000000 / 205 0 193 255 / 0.75064080 0.20376590
				-115.90670000 -56.30762000 0.48144530 / 0.00000000 -1.00000000 0.00000000 / 205 0 193 255 / 0.77662660 0.20376590
				-115.90670000 -56.30762000 1.68408200 / 0.00000000 -1.00000000 0.00000000 / 205 0 193 255 / 0.77662660 0.00285340
				-115.90670000 -56.30762000 1.68408200 / 0.00000000 -1.00000000 0.00000000 / 205 0 193 255 / 0.77662660 0.00285340
				-116.10690000 -56.30762000 1.68408200 / 0.00000000 -1.00000000 0.00000000 / 206 0 194 255 / 0.75064080 0.00285340
				-123.85210000 -56.30762000 0.48144530 / 0.00000000 -1.00000000 0.00000000 / 225 0 211 255 / 0.75064080 0.20376590
				-123.85210000 -56.30762000 0.48144530 / 0.00000000 -1.00000000 0.00000000 / 225 0 211 255 / 0.75064080 0.20376590
				-123.65190000 -56.30762000 0.48144530 / 0.00000000 -1.00000000 0.00000000 / 226 0 212 255 / 0.77662660 0.20376590
				-123.65190000 -56.30762000 1.68408200 / 0.00000000 -1.00000000 0.00000000 / 225 0 211 255 / 0.77662660 0.00285340
				-123.65190000 -56.30762000 1.68408200 / 0.00000000 -1.00000000 0.00000000 / 225 0 211 255 / 0.77662660 0.00285340
				-123.85210000 -56.30762000 1.68408200 / 0.00000000 -1.00000000 0.00000000 / 225 0 211 255 / 0.75064080 0.00285340
				-128.97610000 -56.30762000 -4.41308600 / 0.00000000 -1.00000000 0.00000000 / 208 0 196 255 / 0.75064080 0.20376590
				-128.97610000 -56.30762000 -4.41308600 / 0.00000000 -1.00000000 0.00000000 / 208 0 196 255 / 0.75064080 0.20376590
				-128.77590000 -56.30762000 -4.41308600 / 0.00000000 -1.00000000 0.00000000 / 208 0 196 255 / 0.77662660 0.20376590
				-128.77590000 -56.30762000 -3.21093700 / 0.00000000 -1.00000000 0.00000000 / 208 0 196 255 / 0.77662660 0.00285340
				-128.77590000 -56.30762000 -3.21093700 / 0.00000000 -1.00000000 0.00000000 / 208 0 196 255 / 0.77662660 0.00285340
				-128.97610000 -56.30762000 -3.21093700 / 0.00000000 -1.00000000 0.00000000 / 208 0 196 255 / 0.75064080 0.00285340
				-129.96090000 -56.30762000 -4.41308600 / 0.00000000 -1.00000000 0.00000000 / 197 0 185 255 / 0.75064080 0.20376590
				-129.96090000 -56.30762000 -4.41308600 / 0.00000000 -1.00000000 0.00000000 / 197 0 185 255 / 0.75064080 0.20376590
				-129.76030000 -56.30762000 -4.41308600 / 0.00000000 -1.00000000 0.00000000 / 197 0 185 255 / 0.77662660 0.20376590
				-129.76030000 -56.30762000 -3.21093700 / 0.00000000 -1.00000000 0.00000000 / 197 0 185 255 / 0.77662660 0.00285340
				-129.76030000 -56.30762000 -3.21093700 / 0.00000000 -1.00000000 0.00000000 / 197 0 185 255 / 0.77662660 0.00285340
				-129.96090000 -56.30762000 -3.21093700 / 0.00000000 -1.00000000 0.00000000 / 197 0 186 255 / 0.75064080 0.00285340
				-125.21680000 -56.30762000 -4.41308600 / 0.00000000 -1.00000000 0.00000000 / 208 0 196 255 / 0.75064080 0.20376590
				-125.21680000 -56.30762000 -4.41308600 / 0.00000000 -1.00000000 0.00000000 / 208 0 196 255 / 0.75064080 0.20376590
				-125.01660000 -56.30762000 -4.41308600 / 0.00000000 -1.00000000 0.00000000 / 208 0 196 255 / 0.77662660 0.20376590
				-125.01660000 -56.30762000 -3.21093700 / 0.00000000 -1.00000000 0.00000000 / 208 0 196 255 / 0.77662660 0.00285340
				-125.01660000 -56.30762000 -3.21093700 / 0.00000000 -1.00000000 0.00000000 / 208 0 196 255 / 0.77662660 0.00285340
				-125.21680000 -56.30762000 -3.21093700 / 0.00000000 -1.00000000 0.00000000 / 209 0 196 255 / 0.75064080 0.00285340
				-132.96190000 -56.30762000 -4.41308600 / 0.00000000 -1.00000000 0.00000000 / 207 0 195 255 / 0.75064080 0.20376590
				-132.96190000 -56.30762000 -4.41308600 / 0.00000000 -1.00000000 0.00000000 / 207 0 195 255 / 0.75064080 0.20376590
				-132.76170000 -56.30762000 -4.41308600 / 0.00000000 -1.00000000 0.00000000 / 207 0 195 255 / 0.77662660 0.20376590
				-132.76170000 -56.30762000 -3.21093700 / 0.00000000 -1.00000000 0.00000000 / 207 0 195 255 / 0.77662660 0.00285340
				-132.76170000 -56.30762000 -3.21093700 / 0.00000000 -1.00000000 0.00000000 / 207 0 195 255 / 0.77662660 0.00285340
				-132.96190000 -56.30762000 -3.21093700 / 0.00000000 -1.00000000 0.00000000 / 207 0 195 255 / 0.75064080 0.00285340
				-119.86620000 -56.30762000 -4.41308600 / 0.00000000 -1.00000000 0.00000000 / 199 0 187 255 / 0.75064080 0.20376590
				-119.86620000 -56.30762000 -4.41308600 / 0.00000000 -1.00000000 0.00000000 / 199 0 187 255 / 0.75064080 0.20376590
				-119.66600000 -56.30762000 -4.41308600 / 0.00000000 -1.00000000 0.00000000 / 199 0 187 255 / 0.77662660 0.20376590
				-119.66600000 -56.30762000 -3.21093700 / 0.00000000 -1.00000000 0.00000000 / 199 0 187 255 / 0.77662660 0.00285340
				-119.66600000 -56.30762000 -3.21093700 / 0.00000000 -1.00000000 0.00000000 / 199 0 187 255 / 0.77662660 0.00285340
				-119.86620000 -56.30762000 -3.21093700 / 0.00000000 -1.00000000 0.00000000 / 199 0 187 255 / 0.75064080 0.00285340
				-120.85060000 -56.30762000 -4.41308600 / 0.00000000 -1.00000000 0.00000000 / 205 0 192 255 / 0.75064080 0.20376590
				-120.85060000 -56.30762000 -4.41308600 / 0.00000000 -1.00000000 0.00000000 / 205 0 192 255 / 0.75064080 0.20376590
				-120.65040000 -56.30762000 -4.41308600 / 0.00000000 -1.00000000 0.00000000 / 204 0 192 255 / 0.77662660 0.20376590
				-120.65040000 -56.30762000 -3.21093700 / 0.00000000 -1.00000000 0.00000000 / 205 0 192 255 / 0.77662660 0.00285340
				-120.65040000 -56.30762000 -3.21093700 / 0.00000000 -1.00000000 0.00000000 / 205 0 192 255 / 0.77662660 0.00285340
				-120.85060000 -56.30762000 -3.21093700 / 0.00000000 -1.00000000 0.00000000 / 205 0 193 255 / 0.75064080 0.00285340
				-116.10690000 -56.30762000 -4.41308600 / 0.00000000 -1.00000000 0.00000000 / 197 0 186 255 / 0.75064080 0.20376590
				-116.10690000 -56.30762000 -4.41308600 / 0.00000000 -1.00000000 0.00000000 / 197 0 186 255 / 0.75064080 0.20376590
				-115.90670000 -56.30762000 -4.41308600 / 0.00000000 -1.00000000 0.00000000 / 197 0 186 255 / 0.77662660 0.20376590
				-115.90670000 -56.30762000 -3.21093700 / 0.00000000 -1.00000000 0.00000000 / 197 0 186 255 / 0.77662660 0.00285340
				-115.90670000 -56.30762000 -3.21093700 / 0.00000000 -1.00000000 0.00000000 / 197 0 186 255 / 0.77662660 0.00285340
				-116.10690000 -56.30762000 -3.21093700 / 0.00000000 -1.00000000 0.00000000 / 197 0 186 255 / 0.75064080 0.00285340
				-123.85210000 -56.30762000 -4.41308600 / 0.00000000 -1.00000000 0.00000000 / 222 0 209 255 / 0.75064080 0.20376590
				-123.85210000 -56.30762000 -4.41308600 / 0.00000000 -1.00000000 0.00000000 / 222 0 209 255 / 0.75064080 0.20376590
				-123.65190000 -56.30762000 -4.41308600 / 0.00000000 -1.00000000 0.00000000 / 222 0 209 255 / 0.77662660 0.20376590
				-123.65190000 -56.30762000 -3.21093700 / 0.00000000 -1.00000000 0.00000000 / 222 0 209 255 / 0.77662660 0.00285340
				-123.65190000 -56.30762000 -3.21093700 / 0.00000000 -1.00000000 0.00000000 / 222 0 209 255 / 0.77662660 0.00285340
				-123.85210000 -56.30762000 -3.21093700 / 0.00000000 -1.00000000 0.00000000 / 223 0 209 255 / 0.75064080 0.00285340
				-106.64210000 -56.30762000 0.48144530 / 0.00000000 -1.00000000 0.00000000 / 194 0 183 255 / 0.75064080 0.20376590
				-106.64210000 -56.30762000 0.48144530 / 0.00000000 -1.00000000 0.00000000 / 194 0 183 255 / 0.75064080 0.20376590
				-106.44190000 -56.30762000 0.48144530 / 0.00000000 -1.00000000 0.00000000 / 195 0 183 255 / 0.77662660 0.20376590
				-106.44190000 -56.30762000 1.68408200 / 0.00000000 -1.00000000 0.00000000 / 194 0 183 255 / 0.77662660 0.00285340
				-106.44190000 -56.30762000 1.68408200 / 0.00000000 -1.00000000 0.00000000 / 194 0 183 255 / 0.77662660 0.00285340
				-106.64210000 -56.30762000 1.68408200 / 0.00000000 -1.00000000 0.00000000 / 194 0 183 255 / 0.75064080 0.00285340
				-107.62650000 -56.30762000 0.48144530 / 0.00000000 -1.00000000 0.00000000 / 199 0 187 255 / 0.75064080 0.20376590
				-107.62650000 -56.30762000 0.48144530 / 0.00000000 -1.00000000 0.00000000 / 199 0 187 255 / 0.75064080 0.20376590
				-107.42630000 -56.30762000 0.48144530 / 0.00000000 -1.00000000 0.00000000 / 198 0 187 255 / 0.77662660 0.20376590
				-107.42630000 -56.30762000 1.68408200 / 0.00000000 -1.00000000 0.00000000 / 199 0 187 255 / 0.77662660 0.00285340
				-107.42630000 -56.30762000 1.68408200 / 0.00000000 -1.00000000 0.00000000 / 199 0 187 255 / 0.77662660 0.00285340
				-107.62650000 -56.30762000 1.68408200 / 0.00000000 -1.00000000 0.00000000 / 199 0 187 255 / 0.75064080 0.00285340
				-102.88280000 -56.30762000 0.48144530 / 0.00000000 -1.00000000 0.00000000 / 201 0 189 255 / 0.75064080 0.20376590
				-102.88280000 -56.30762000 0.48144530 / 0.00000000 -1.00000000 0.00000000 / 201 0 189 255 / 0.75064080 0.20376590
				-102.68260000 -56.30762000 0.48144530 / 0.00000000 -1.00000000 0.00000000 / 201 0 189 255 / 0.77662660 0.20376590
				-102.68260000 -56.30762000 1.68408200 / 0.00000000 -1.00000000 0.00000000 / 201 0 189 255 / 0.77662660 0.00285340
				-102.68260000 -56.30762000 1.68408200 / 0.00000000 -1.00000000 0.00000000 / 201 0 189 255 / 0.77662660 0.00285340
				-102.88280000 -56.30762000 1.68408200 / 0.00000000 -1.00000000 0.00000000 / 200 0 188 255 / 0.75064080 0.00285340
				-110.62790000 -56.30762000 0.48144530 / 0.00000000 -1.00000000 0.00000000 / 199 0 188 255 / 0.75064080 0.20376590
				-110.62790000 -56.30762000 0.48144530 / 0.00000000 -1.00000000 0.00000000 / 199 0 188 255 / 0.75064080 0.20376590
				-110.42770000 -56.30762000 0.48144530 / 0.00000000 -1.00000000 0.00000000 / 199 0 188 255 / 0.77662660 0.20376590
				-110.42770000 -56.30762000 1.68408200 / 0.00000000 -1.00000000 0.00000000 / 199 0 188 255 / 0.77662660 0.00285340
				-110.42770000 -56.30762000 1.68408200 / 0.00000000 -1.00000000 0.00000000 / 199 0 188 255 / 0.77662660 0.00285340
				-110.62790000 -56.30762000 1.68408200 / 0.00000000 -1.00000000 0.00000000 / 199 0 187 255 / 0.75064080 0.00285340
				-97.53223000 -56.30762000 0.48144530 / 0.00000000 -1.00000000 0.00000000 / 196 0 184 255 / 0.75064080 0.20376590
				-97.53223000 -56.30762000 0.48144530 / 0.00000000 -1.00000000 0.00000000 / 196 0 184 255 / 0.75064080 0.20376590
				-97.33203000 -56.30762000 0.48144530 / 0.00000000 -1.00000000 0.00000000 / 196 0 184 255 / 0.77662660 0.20376590
				-97.33203000 -56.30762000 1.68408200 / 0.00000000 -1.00000000 0.00000000 / 196 0 184 255 / 0.77662660 0.00285340
				-97.33203000 -56.30762000 1.68408200 / 0.00000000 -1.00000000 0.00000000 / 196 0 184 255 / 0.77662660 0.00285340
				-97.53223000 -56.30762000 1.68408200 / 0.00000000 -1.00000000 0.00000000 / 196 0 184 255 / 0.75064080 0.00285340
				-98.51660000 -56.30762000 0.48144530 / 0.00000000 -1.00000000 0.00000000 / 198 0 186 255 / 0.75064080 0.20376590
				-98.51660000 -56.30762000 0.48144530 / 0.00000000 -1.00000000 0.00000000 / 198 0 186 255 / 0.75064080 0.20376590
				-98.31641000 -56.30762000 0.48144530 / 0.00000000 -1.00000000 0.00000000 / 197 0 186 255 / 0.77662660 0.20376590
				-98.31641000 -56.30762000 1.68408200 / 0.00000000 -1.00000000 0.00000000 / 198 0 186 255 / 0.77662660 0.00285340
				-98.31641000 -56.30762000 1.68408200 / 0.00000000 -1.00000000 0.00000000 / 198 0 186 255 / 0.77662660 0.00285340
				-98.51660000 -56.30762000 1.68408200 / 0.00000000 -1.00000000 0.00000000 / 198 0 186 255 / 0.75064080 0.00285340
				-93.77295000 -56.30762000 0.48144530 / 0.00000000 -1.00000000 0.00000000 / 193 0 181 255 / 0.75064080 0.20376590
				-93.77295000 -56.30762000 0.48144530 / 0.00000000 -1.00000000 0.00000000 / 193 0 181 255 / 0.75064080 0.20376590
				-93.57276000 -56.30762000 0.48144530 / 0.00000000 -1.00000000 0.00000000 / 193 0 181 255 / 0.77662660 0.20376590
				-93.57276000 -56.30762000 1.68408200 / 0.00000000 -1.00000000 0.00000000 / 193 0 181 255 / 0.77662660 0.00285340
				-93.57276000 -56.30762000 1.68408200 / 0.00000000 -1.00000000 0.00000000 / 193 0 181 255 / 0.77662660 0.00285340
				-93.77295000 -56.30762000 1.68408200 / 0.00000000 -1.00000000 0.00000000 / 193 0 182 255 / 0.75064080 0.00285340
				-101.51810000 -56.30762000 0.48144530 / 0.00000000 -1.00000000 0.00000000 / 204 0 192 255 / 0.75064080 0.20376590
				-101.51810000 -56.30762000 0.48144530 / 0.00000000 -1.00000000 0.00000000 / 204 0 192 255 / 0.75064080 0.20376590
				-101.31790000 -56.30762000 0.48144530 / 0.00000000 -1.00000000 0.00000000 / 204 0 192 255 / 0.77662660 0.20376590
				-101.31790000 -56.30762000 1.68408200 / 0.00000000 -1.00000000 0.00000000 / 204 0 192 255 / 0.77662660 0.00285340
				-101.31790000 -56.30762000 1.68408200 / 0.00000000 -1.00000000 0.00000000 / 204 0 192 255 / 0.77662660 0.00285340
				-101.51810000 -56.30762000 1.68408200 / 0.00000000 -1.00000000 0.00000000 / 204 0 192 255 / 0.75064080 0.00285340
				-106.64210000 -56.30762000 -4.41308600 / 0.00000000 -1.00000000 0.00000000 / 179 0 169 255 / 0.75064080 0.20376590
				-106.64210000 -56.30762000 -4.41308600 / 0.00000000 -1.00000000 0.00000000 / 179 0 169 255 / 0.75064080 0.20376590
				-106.44190000 -56.30762000 -4.41308600 / 0.00000000 -1.00000000 0.00000000 / 179 0 169 255 / 0.77662660 0.20376590
				-106.44190000 -56.30762000 -3.21093700 / 0.00000000 -1.00000000 0.00000000 / 179 0 169 255 / 0.77662660 0.00285340
				-106.44190000 -56.30762000 -3.21093700 / 0.00000000 -1.00000000 0.00000000 / 179 0 169 255 / 0.77662660 0.00285340
				-106.64210000 -56.30762000 -3.21093700 / 0.00000000 -1.00000000 0.00000000 / 179 0 169 255 / 0.75064080 0.00285340
				-107.62650000 -56.30762000 -4.41308600 / 0.00000000 -1.00000000 0.00000000 / 189 0 178 255 / 0.75064080 0.20376590
				-107.62650000 -56.30762000 -4.41308600 / 0.00000000 -1.00000000 0.00000000 / 189 0 178 255 / 0.75064080 0.20376590
				-107.42630000 -56.30762000 -4.41308600 / 0.00000000 -1.00000000 0.00000000 / 189 0 178 255 / 0.77662660 0.20376590
				-107.42630000 -56.30762000 -3.21093700 / 0.00000000 -1.00000000 0.00000000 / 189 0 178 255 / 0.77662660 0.00285340
				-107.42630000 -56.30762000 -3.21093700 / 0.00000000 -1.00000000 0.00000000 / 189 0 178 255 / 0.77662660 0.00285340
				-107.62650000 -56.30762000 -3.21093700 / 0.00000000 -1.00000000 0.00000000 / 189 0 178 255 / 0.75064080 0.00285340
				-102.88280000 -56.30762000 -4.41308600 / 0.00000000 -1.00000000 0.00000000 / 186 0 176 255 / 0.75064080 0.20376590
				-102.88280000 -56.30762000 -4.41308600 / 0.00000000 -1.00000000 0.00000000 / 186 0 176 255 / 0.75064080 0.20376590
				-102.68260000 -56.30762000 -4.41308600 / 0.00000000 -1.00000000 0.00000000 / 187 0 176 255 / 0.77662660 0.20376590
				-102.68260000 -56.30762000 -3.21093700 / 0.00000000 -1.00000000 0.00000000 / 186 0 176 255 / 0.77662660 0.00285340
				-102.68260000 -56.30762000 -3.21093700 / 0.00000000 -1.00000000 0.00000000 / 186 0 176 255 / 0.77662660 0.00285340
				-102.88280000 -56.30762000 -3.21093700 / 0.00000000 -1.00000000 0.00000000 / 186 0 176 255 / 0.75064080 0.00285340
				-110.62790000 -56.30762000 -4.41308600 / 0.00000000 -1.00000000 0.00000000 / 198 0 187 255 / 0.75064080 0.20376590
				-110.62790000 -56.30762000 -4.41308600 / 0.00000000 -1.00000000 0.00000000 / 198 0 187 255 / 0.75064080 0.20376590
				-110.42770000 -56.30762000 -4.41308600 / 0.00000000 -1.00000000 0.00000000 / 198 0 186 255 / 0.77662660 0.20376590
				-110.42770000 -56.30762000 -3.21093700 / 0.00000000 -1.00000000 0.00000000 / 198 0 187 255 / 0.77662660 0.00285340
				-110.42770000 -56.30762000 -3.21093700 / 0.00000000 -1.00000000 0.00000000 / 198 0 187 255 / 0.77662660 0.00285340
				-110.62790000 -56.30762000 -3.21093700 / 0.00000000 -1.00000000 0.00000000 / 199 0 187 255 / 0.75064080 0.00285340
				-97.53223000 -56.30762000 -4.41308600 / 0.00000000 -1.00000000 0.00000000 / 167 0 157 255 / 0.75064080 0.20376590
				-97.53223000 -56.30762000 -4.41308600 / 0.00000000 -1.00000000 0.00000000 / 167 0 157 255 / 0.75064080 0.20376590
				-97.33203000 -56.30762000 -4.41308600 / 0.00000000 -1.00000000 0.00000000 / 167 0 158 255 / 0.77662660 0.20376590
				-97.33203000 -56.30762000 -3.21093700 / 0.00000000 -1.00000000 0.00000000 / 167 0 157 255 / 0.77662660 0.00285340
				-97.33203000 -56.30762000 -3.21093700 / 0.00000000 -1.00000000 0.00000000 / 167 0 157 255 / 0.77662660 0.00285340
				-97.53223000 -56.30762000 -3.21093700 / 0.00000000 -1.00000000 0.00000000 / 167 0 157 255 / 0.75064080 0.00285340
				-98.51660000 -56.30762000 -4.41308600 / 0.00000000 -1.00000000 0.00000000 / 189 0 179 255 / 0.75064080 0.20376590
				-98.51660000 -56.30762000 -4.41308600 / 0.00000000 -1.00000000 0.00000000 / 189 0 179 255 / 0.75064080 0.20376590
				-98.31641000 -56.30762000 -4.41308600 / 0.00000000 -1.00000000 0.00000000 / 190 0 179 255 / 0.77662660 0.20376590
				-98.31641000 -56.30762000 -3.21093700 / 0.00000000 -1.00000000 0.00000000 / 189 0 179 255 / 0.77662660 0.00285340
				-98.31641000 -56.30762000 -3.21093700 / 0.00000000 -1.00000000 0.00000000 / 189 0 179 255 / 0.77662660 0.00285340
				-98.51660000 -56.30762000 -3.21093700 / 0.00000000 -1.00000000 0.00000000 / 189 0 178 255 / 0.75064080 0.00285340
				-93.77295000 -56.30762000 -4.41308600 / 0.00000000 -1.00000000 0.00000000 / 170 0 160 255 / 0.75064080 0.20376590
				-93.77295000 -56.30762000 -4.41308600 / 0.00000000 -1.00000000 0.00000000 / 170 0 160 255 / 0.75064080 0.20376590
				-93.57276000 -56.30762000 -4.41308600 / 0.00000000 -1.00000000 0.00000000 / 170 0 160 255 / 0.77662660 0.20376590
				-93.57276000 -56.30762000 -3.21093700 / 0.00000000 -1.00000000 0.00000000 / 170 0 160 255 / 0.77662660 0.00285340
				-93.57276000 -56.30762000 -3.21093700 / 0.00000000 -1.00000000 0.00000000 / 170 0 160 255 / 0.77662660 0.00285340
				-93.77295000 -56.30762000 -3.21093700 / 0.00000000 -1.00000000 0.00000000 / 170 0 161 255 / 0.75064080 0.00285340
				-101.51810000 -56.30762000 -4.41308600 / 0.00000000 -1.00000000 0.00000000 / 173 0 164 255 / 0.75064080 0.20376590
				-101.51810000 -56.30762000 -4.41308600 / 0.00000000 -1.00000000 0.00000000 / 173 0 164 255 / 0.75064080 0.20376590
				-101.31790000 -56.30762000 -4.41308600 / 0.00000000 -1.00000000 0.00000000 / 173 0 164 255 / 0.77662660 0.20376590
				-101.31790000 -56.30762000 -3.21093700 / 0.00000000 -1.00000000 0.00000000 / 173 0 164 255 / 0.77662660 0.00285340
				-101.31790000 -56.30762000 -3.21093700 / 0.00000000 -1.00000000 0.00000000 / 173 0 164 255 / 0.77662660 0.00285340
				-101.51810000 -56.30762000 -3.21093700 / 0.00000000 -1.00000000 0.00000000 / 174 0 164 255 / 0.75064080 0.00285340
				-105.65820000 -23.60254000 1.06543000 / 0.70720210 -0.70701140 0.00000000 / 210 0 197 255 / 0.75056460 0.21057130
				-105.65820000 -23.60254000 1.06543000 / 0.70720210 -0.70701140 0.00000000 / 210 0 197 255 / 0.75056460 0.21057130
				-105.65820000 -23.60254000 1.65918000 / 0.70720210 -0.70701140 0.00000000 / 210 0 197 255 / 0.75056460 0.29104620
				-106.40530000 -24.34912000 1.65918000 / 0.70720210 -0.70701140 0.00000000 / 210 0 197 255 / 0.82252500 0.29104620
				-106.40530000 -24.34912000 1.65918000 / 0.70720210 -0.70701140 0.00000000 / 210 0 197 255 / 0.82252500 0.29104620
				-106.40530000 -24.34912000 1.06543000 / 0.70720210 -0.70701140 0.00000000 / 210 0 198 255 / 0.82252500 0.21057130
				-140.52930000 -13.36133000 0.48144530 / -1.00000000 0.00000000 0.00000000 / 216 0 203 255 / 0.75064080 0.20376590
				-140.52930000 -13.36133000 0.48144530 / -1.00000000 0.00000000 0.00000000 / 216 0 203 255 / 0.75064080 0.20376590
				-140.52930000 -13.56152000 0.48144530 / -1.00000000 0.00000000 0.00000000 / 216 0 203 255 / 0.77662660 0.20376590
				-140.52980000 -13.56152000 1.68408200 / -1.00000000 0.00000000 0.00000000 / 216 0 203 255 / 0.77662660 0.00285340
				-140.52980000 -13.56152000 1.68408200 / -1.00000000 0.00000000 0.00000000 / 216 0 203 255 / 0.77662660 0.00285340
				-140.52980000 -13.36133000 1.68408200 / -1.00000000 0.00000000 0.00000000 / 216 0 203 255 / 0.75064080 0.00285340
				-140.52930000 -12.37695000 0.48144530 / -1.00000000 0.00000000 0.00000000 / 230 0 216 255 / 0.75064080 0.20376590
				-140.52930000 -12.37695000 0.48144530 / -1.00000000 0.00000000 0.00000000 / 230 0 216 255 / 0.75064080 0.20376590
				-140.52930000 -12.57715000 0.48144530 / -1.00000000 0.00000000 0.00000000 / 230 0 216 255 / 0.77662660 0.20376590
				-140.52930000 -12.57715000 1.68408200 / -1.00000000 0.00000000 0.00000000 / 230 0 216 255 / 0.77662660 0.00285340
				-140.52930000 -12.57715000 1.68408200 / -1.00000000 0.00000000 0.00000000 / 230 0 216 255 / 0.77662660 0.00285340
				-140.52980000 -12.37695000 1.68408200 / -1.00000000 0.00000000 0.00000000 / 230 0 216 255 / 0.75064080 0.00285340
				-140.52930000 -17.12061000 0.48144530 / -1.00000000 0.00000000 0.00000000 / 221 0 208 255 / 0.75064080 0.20376590
				-140.52930000 -17.12061000 0.48144530 / -1.00000000 0.00000000 0.00000000 / 221 0 208 255 / 0.75064080 0.20376590
				-140.52930000 -17.32080000 0.48144530 / -1.00000000 0.00000000 0.00000000 / 221 0 208 255 / 0.77662660 0.20376590
				-140.52930000 -17.32080000 1.68408200 / -1.00000000 0.00000000 0.00000000 / 221 0 208 255 / 0.77662660 0.00285340
				-140.52930000 -17.32080000 1.68408200 / -1.00000000 0.00000000 0.00000000 / 221 0 208 255 / 0.77662660 0.00285340
				-140.52930000 -17.12061000 1.68408200 / -1.00000000 0.00000000 0.00000000 / 221 0 208 255 / 0.75064080 0.00285340
				-140.52930000 -9.37548800 0.48144530 / -1.00000000 0.00000000 0.00000000 / 216 0 203 255 / 0.75064080 0.20376590
				-140.52930000 -9.37548800 0.48144530 / -1.00000000 0.00000000 0.00000000 / 216 0 203 255 / 0.75064080 0.20376590
				-140.52930000 -9.57568400 0.48144530 / -1.00000000 0.00000000 0.00000000 / 216 0 203 255 / 0.77662660 0.20376590
				-140.52930000 -9.57568400 1.68408200 / -1.00000000 0.00000000 0.00000000 / 216 0 203 255 / 0.77662660 0.00285340
				-140.52930000 -9.57568400 1.68408200 / -1.00000000 0.00000000 0.00000000 / 216 0 203 255 / 0.77662660 0.00285340
				-140.52930000 -9.37548800 1.68408200 / -1.00000000 0.00000000 0.00000000 / 216 0 203 255 / 0.75064080 0.00285340
				-140.52930000 -22.47119000 0.48144530 / -1.00000000 0.00000000 0.00000000 / 234 0 220 255 / 0.75064080 0.20376590
				-140.52930000 -22.47119000 0.48144530 / -1.00000000 0.00000000 0.00000000 / 234 0 220 255 / 0.75064080 0.20376590
				-140.52930000 -22.67139000 0.48144530 / -1.00000000 0.00000000 0.00000000 / 234 0 220 255 / 0.77662660 0.20376590
				-140.52980000 -22.67139000 1.68408200 / -1.00000000 0.00000000 0.00000000 / 234 0 220 255 / 0.77662660 0.00285340
				-140.52980000 -22.67139000 1.68408200 / -1.00000000 0.00000000 0.00000000 / 234 0 220 255 / 0.77662660 0.00285340
				-140.52930000 -22.47119000 1.68408200 / -1.00000000 0.00000000 0.00000000 / 235 0 220 255 / 0.75064080 0.00285340
				-140.52930000 -21.48682000 0.48144530 / -1.00000000 0.00000000 0.00000000 / 221 0 207 255 / 0.75064080 0.20376590
				-140.52930000 -21.48682000 0.48144530 / -1.00000000 0.00000000 0.00000000 / 221 0 207 255 / 0.75064080 0.20376590
				-140.52930000 -21.68701000 0.48144530 / -1.00000000 0.00000000 0.00000000 / 221 0 208 255 / 0.77662660 0.20376590
				-140.52930000 -21.68701000 1.68408200 / -1.00000000 0.00000000 0.00000000 / 221 0 207 255 / 0.77662660 0.00285340
				-140.52930000 -21.68701000 1.68408200 / -1.00000000 0.00000000 0.00000000 / 221 0 207 255 / 0.77662660 0.00285340
				-140.52930000 -21.48682000 1.68408200 / -1.00000000 0.00000000 0.00000000 / 221 0 207 255 / 0.75064080 0.00285340
				-140.52930000 -26.23047000 0.48144530 / -1.00000000 0.00000000 0.00000000 / 237 0 222 255 / 0.75064080 0.20376590
				-140.52930000 -26.23047000 0.48144530 / -1.00000000 0.00000000 0.00000000 / 237 0 222 255 / 0.75064080 0.20376590
				-140.52930000 -26.43066000 0.48144530 / -1.00000000 0.00000000 0.00000000 / 237 0 222 255 / 0.77662660 0.20376590
				-140.52980000 -26.43066000 1.68408200 / -1.00000000 0.00000000 0.00000000 / 237 0 222 255 / 0.77662660 0.00285340
				-140.52980000 -26.43066000 1.68408200 / -1.00000000 0.00000000 0.00000000 / 237 0 222 255 / 0.77662660 0.00285340
				-140.52930000 -26.23047000 1.68408200 / -1.00000000 0.00000000 0.00000000 / 237 0 222 255 / 0.75064080 0.00285340
				-140.52930000 -18.48535000 0.48144530 / -1.00000000 0.00000000 0.00000000 / 249 0 233 255 / 0.75064080 0.20376590
				-140.52930000 -18.48535000 0.48144530 / -1.00000000 0.00000000 0.00000000 / 249 0 233 255 / 0.75064080 0.20376590
				-140.52930000 -18.68555000 0.48144530 / -1.00000000 0.00000000 0.00000000 / 249 0 233 255 / 0.77662660 0.20376590
				-140.52930000 -18.68555000 1.68408200 / -1.00000000 0.00000000 0.00000000 / 249 0 233 255 / 0.77662660 0.00285340
				-140.52930000 -18.68555000 1.68408200 / -1.00000000 0.00000000 0.00000000 / 249 0 233 255 / 0.77662660 0.00285340
				-140.52930000 -18.48535000 1.68408200 / -1.00000000 0.00000000 0.00000000 / 248 0 233 255 / 0.75064080 0.00285340
				-140.52930000 -35.69531000 0.48144530 / -1.00000000 0.00000000 0.00000000 / 238 0 224 255 / 0.83427430 0.20376590
				-140.52930000 -35.69531000 0.48144530 / -1.00000000 0.00000000 0.00000000 / 238 0 224 255 / 0.83427430 0.20376590
				-140.52930000 -35.89551000 0.48144530 / -1.00000000 0.00000000 0.00000000 / 238 0 223 255 / 0.86026000 0.20376590
				-140.52930000 -35.89551000 1.68408200 / -1.00000000 0.00000000 0.00000000 / 238 0 224 255 / 0.86026000 0.00285340
				-140.52930000 -35.89551000 1.68408200 / -1.00000000 0.00000000 0.00000000 / 238 0 224 255 / 0.86026000 0.00285340
				-140.52930000 -35.69531000 1.68408200 / -1.00000000 0.00000000 0.00000000 / 239 0 224 255 / 0.83427430 0.00285340
				-140.52930000 -34.71094000 0.48144530 / -1.00000000 0.00000000 0.00000000 / 231 0 216 255 / 0.80699160 0.20376590
				-140.52930000 -34.71094000 0.48144530 / -1.00000000 0.00000000 0.00000000 / 231 0 216 255 / 0.80699160 0.20376590
				-140.52930000 -34.91113000 0.48144530 / -1.00000000 0.00000000 0.00000000 / 231 0 217 255 / 0.83296200 0.20376590
				-140.52930000 -34.91113000 1.68408200 / -1.00000000 0.00000000 0.00000000 / 231 0 216 255 / 0.83296200 0.00285340
				-140.52930000 -34.91113000 1.68408200 / -1.00000000 0.00000000 0.00000000 / 231 0 216 255 / 0.83296200 0.00285340
				-140.52930000 -34.71094000 1.68408200 / -1.00000000 0.00000000 0.00000000 / 230 0 216 255 / 0.80699160 0.00285340
				-140.52930000 -39.45459000 0.48144530 / -1.00000000 0.00000000 0.00000000 / 221 0 207 255 / 0.86682130 0.20376590
				-140.52930000 -39.45459000 0.48144530 / -1.00000000 0.00000000 0.00000000 / 221 0 207 255 / 0.86682130 0.20376590
				-140.52930000 -39.65478000 0.48144530 / -1.00000000 0.00000000 0.00000000 / 221 0 207 255 / 0.89280700 0.20376590
				-140.52930000 -39.65478000 1.68408200 / -1.00000000 0.00000000 0.00000000 / 221 0 207 255 / 0.89280700 0.00285340
				-140.52930000 -39.65478000 1.68408200 / -1.00000000 0.00000000 0.00000000 / 221 0 207 255 / 0.89280700 0.00285340
				-140.52930000 -39.45459000 1.68408200 / -1.00000000 0.00000000 0.00000000 / 221 0 207 255 / 0.86682130 0.00285340
				-140.52930000 -31.70947000 0.48144530 / -1.00000000 0.00000000 0.00000000 / 233 0 219 255 / 0.78004450 0.20376590
				-140.52930000 -31.70947000 0.48144530 / -1.00000000 0.00000000 0.00000000 / 233 0 219 255 / 0.78004450 0.20376590
				-140.52930000 -31.90967000 0.48144530 / -1.00000000 0.00000000 0.00000000 / 233 0 219 255 / 0.80601500 0.20376590
				-140.52930000 -31.90967000 1.68408200 / -1.00000000 0.00000000 0.00000000 / 233 0 219 255 / 0.80601500 0.00285340
				-140.52930000 -31.90967000 1.68408200 / -1.00000000 0.00000000 0.00000000 / 233 0 219 255 / 0.80601500 0.00285340
				-140.52930000 -31.70947000 1.68408200 / -1.00000000 0.00000000 0.00000000 / 233 0 219 255 / 0.78004450 0.00285340
				-140.52930000 -44.80517000 0.48144530 / -1.00000000 0.00000000 0.00000000 / 226 0 212 255 / 0.83462530 0.20376590
				-140.52930000 -44.80517000 0.48144530 / -1.00000000 0.00000000 0.00000000 / 226 0 212 255 / 0.83462530 0.20376590
				-140.52930000 -45.00537000 0.48144530 / -1.00000000 0.00000000 0.00000000 / 226 0 212 255 / 0.86061100 0.20376590
				-140.52930000 -45.00537000 1.68408200 / -1.00000000 0.00000000 0.00000000 / 226 0 212 255 / 0.86061100 0.00285340
				-140.52930000 -45.00537000 1.68408200 / -1.00000000 0.00000000 0.00000000 / 226 0 212 255 / 0.86061100 0.00285340
				-140.52930000 -44.80517000 1.68408200 / -1.00000000 0.00000000 0.00000000 / 226 0 212 255 / 0.83462530 0.00285340
				-140.52930000 -43.82080000 0.48144530 / -1.00000000 0.00000000 0.00000000 / 235 0 220 255 / 0.86611940 0.20376590
				-140.52930000 -43.82080000 0.48144530 / -1.00000000 0.00000000 0.00000000 / 235 0 220 255 / 0.86611940 0.20376590
				-140.52930000 -44.02100000 0.48144530 / -1.00000000 0.00000000 0.00000000 / 235 0 220 255 / 0.89210510 0.20376590
				-140.52930000 -44.02100000 1.68408200 / -1.00000000 0.00000000 0.00000000 / 235 0 220 255 / 0.89210510 0.00285340
				-140.52930000 -44.02100000 1.68408200 / -1.00000000 0.00000000 0.00000000 / 235 0 220 255 / 0.89210510 0.00285340
				-140.52930000 -43.82080000 1.68408200 / -1.00000000 0.00000000 0.00000000 / 234 0 220 255 / 0.86611940 0.00285340
				-140.52930000 -48.56445000 0.48144530 / -1.00000000 0.00000000 0.00000000 / 231 0 216 255 / 0.77864070 0.20376590
				-140.52930000 -48.56445000 0.48144530 / -1.00000000 0.00000000 0.00000000 / 231 0 216 255 / 0.77864070 0.20376590
				-140.52930000 -48.76465000 0.48144530 / -1.00000000 0.00000000 0.00000000 / 231 0 216 255 / 0.80462650 0.20376590
				-140.52930000 -48.76465000 1.68408200 / -1.00000000 0.00000000 0.00000000 / 231 0 216 255 / 0.80462650 0.00285340
				-140.52930000 -48.76465000 1.68408200 / -1.00000000 0.00000000 0.00000000 / 231 0 216 255 / 0.80462650 0.00285340
				-140.52930000 -48.56445000 1.68408200 / -1.00000000 0.00000000 0.00000000 / 231 0 216 255 / 0.77864070 0.00285340
				-140.52930000 -40.81933000 0.48144530 / -1.00000000 0.00000000 0.00000000 / 235 0 221 255 / 0.89796450 0.20376590
				-140.52930000 -40.81933000 0.48144530 / -1.00000000 0.00000000 0.00000000 / 235 0 221 255 / 0.89796450 0.20376590
				-140.52930000 -41.01953000 0.48144530 / -1.00000000 0.00000000 0.00000000 / 235 0 221 255 / 0.92395020 0.20376590
				-140.52930000 -41.01953000 1.68408200 / -1.00000000 0.00000000 0.00000000 / 235 0 221 255 / 0.92395020 0.00285340
				-140.52930000 -41.01953000 1.68408200 / -1.00000000 0.00000000 0.00000000 / 235 0 221 255 / 0.92395020 0.00285340
				-140.52930000 -40.81933000 1.68408200 / -1.00000000 0.00000000 0.00000000 / 235 0 221 255 / 0.89796450 0.00285340
				-140.52930000 -35.69531000 -4.41308600 / -1.00000000 0.00000000 0.00000000 / 221 0 208 255 / 0.96899420 0.20376590
				-140.52930000 -35.69531000 -4.41308600 / -1.00000000 0.00000000 0.00000000 / 221 0 208 255 / 0.96899420 0.20376590
				-140.52930000 -35.89551000 -4.41308600 / -1.00000000 0.00000000 0.00000000 / 220 0 207 255 / 0.99497990 0.20376590
				-140.52930000 -35.89551000 -3.21093700 / -1.00000000 0.00000000 0.00000000 / 221 0 208 255 / 0.99497990 0.00285340
				-140.52930000 -35.89551000 -3.21093700 / -1.00000000 0.00000000 0.00000000 / 221 0 208 255 / 0.99497990 0.00285340
				-140.52930000 -35.69531000 -3.21093700 / -1.00000000 0.00000000 0.00000000 / 222 0 208 255 / 0.96899420 0.00285340
				-140.52930000 -34.71094000 -4.41308600 / -1.00000000 0.00000000 0.00000000 / 216 0 203 255 / 0.77934260 0.20376590
				-140.52930000 -34.71094000 -4.41308600 / -1.00000000 0.00000000 0.00000000 / 216 0 203 255 / 0.77934260 0.20376590
				-140.52930000 -34.91113000 -4.41308600 / -1.00000000 0.00000000 0.00000000 / 216 0 203 255 / 0.80531310 0.20376590
				-140.52930000 -34.91113000 -3.21093700 / -1.00000000 0.00000000 0.00000000 / 216 0 203 255 / 0.80531310 0.00285340
				-140.52930000 -34.91113000 -3.21093700 / -1.00000000 0.00000000 0.00000000 / 216 0 203 255 / 0.80531310 0.00285340
				-140.52930000 -34.71094000 -3.21093700 / -1.00000000 0.00000000 0.00000000 / 216 0 203 255 / 0.77934260 0.00285340
				-140.52930000 -39.45459000 -4.41308600 / -1.00000000 0.00000000 0.00000000 / 212 0 199 255 / 0.93505860 0.20376590
				-140.52930000 -39.45459000 -4.41308600 / -1.00000000 0.00000000 0.00000000 / 212 0 199 255 / 0.93505860 0.20376590
				-140.52930000 -39.65478000 -4.41308600 / -1.00000000 0.00000000 0.00000000 / 212 0 199 255 / 0.96104430 0.20376590
				-140.52930000 -39.65478000 -3.21093700 / -1.00000000 0.00000000 0.00000000 / 212 0 199 255 / 0.96104430 0.00285340
				-140.52930000 -39.65478000 -3.21093700 / -1.00000000 0.00000000 0.00000000 / 212 0 199 255 / 0.96104430 0.00285340
				-140.52930000 -39.45459000 -3.21093700 / -1.00000000 0.00000000 0.00000000 / 212 0 199 255 / 0.93505860 0.00285340
				-140.52930000 -31.70947000 -4.41308600 / -1.00000000 0.00000000 0.00000000 / 231 0 217 255 / 0.80593870 0.20376590
				-140.52930000 -31.70947000 -4.41308600 / -1.00000000 0.00000000 0.00000000 / 231 0 217 255 / 0.80593870 0.20376590
				-140.52930000 -31.90967000 -4.41308600 / -1.00000000 0.00000000 0.00000000 / 231 0 217 255 / 0.83190920 0.20376590
				-140.52930000 -31.90967000 -3.21093700 / -1.00000000 0.00000000 0.00000000 / 231 0 217 255 / 0.83190920 0.00285340
				-140.52930000 -31.90967000 -3.21093700 / -1.00000000 0.00000000 0.00000000 / 231 0 217 255 / 0.83190920 0.00285340
				-140.52930000 -31.70947000 -3.21093700 / -1.00000000 0.00000000 0.00000000 / 231 0 217 255 / 0.80593870 0.00285340
				-140.52930000 -44.80517000 -4.41308600 / -1.00000000 0.00000000 0.00000000 / 238 0 223 255 / 0.75064080 0.20376590
				-140.52930000 -44.80517000 -4.41308600 / -1.00000000 0.00000000 0.00000000 / 238 0 223 255 / 0.75064080 0.20376590
				-140.52930000 -45.00537000 -4.41308600 / -1.00000000 0.00000000 0.00000000 / 238 0 223 255 / 0.77662660 0.20376590
				-140.52930000 -45.00537000 -3.21093700 / -1.00000000 0.00000000 0.00000000 / 238 0 223 255 / 0.77662660 0.00285340
				-140.52930000 -45.00537000 -3.21093700 / -1.00000000 0.00000000 0.00000000 / 238 0 223 255 / 0.77662660 0.00285340
				-140.52930000 -44.80517000 -3.21093700 / -1.00000000 0.00000000 0.00000000 / 238 0 224 255 / 0.75064080 0.00285340
				-140.52930000 -43.82080000 -4.41308600 / -1.00000000 0.00000000 0.00000000 / 243 0 228 255 / 0.80664060 0.20376590
				-140.52930000 -43.82080000 -4.41308600 / -1.00000000 0.00000000 0.00000000 / 243 0 228 255 / 0.80664060 0.20376590
				-140.52930000 -44.02100000 -4.41308600 / -1.00000000 0.00000000 0.00000000 / 243 0 228 255 / 0.83261110 0.20376590
				-140.52930000 -44.02100000 -3.21093700 / -1.00000000 0.00000000 0.00000000 / 243 0 228 255 / 0.83261110 0.00285340
				-140.52930000 -44.02100000 -3.21093700 / -1.00000000 0.00000000 0.00000000 / 243 0 228 255 / 0.83261110 0.00285340
				-140.52930000 -43.82080000 -3.21093700 / -1.00000000 0.00000000 0.00000000 / 243 0 228 255 / 0.80664060 0.00285340
				-140.52930000 -48.56445000 -4.41308600 / -1.00000000 0.00000000 0.00000000 / 216 0 203 255 / 0.83497620 0.20376590
				-140.52930000 -48.56445000 -4.41308600 / -1.00000000 0.00000000 0.00000000 / 216 0 203 255 / 0.83497620 0.20376590
				-140.52930000 -48.76465000 -4.41308600 / -1.00000000 0.00000000 0.00000000 / 215 0 202 255 / 0.86096190 0.20376590
				-140.52930000 -48.76465000 -3.21093700 / -1.00000000 0.00000000 0.00000000 / 216 0 203 255 / 0.86096190 0.00285340
				-140.52930000 -48.76465000 -3.21093700 / -1.00000000 0.00000000 0.00000000 / 216 0 203 255 / 0.86096190 0.00285340
				-140.52930000 -48.56445000 -3.21093700 / -1.00000000 0.00000000 0.00000000 / 216 0 203 255 / 0.83497620 0.00285340
				-140.52930000 -40.81933000 -4.41308600 / -1.00000000 0.00000000 0.00000000 / 237 0 222 255 / 0.89831540 0.20376590
				-140.52930000 -40.81933000 -4.41308600 / -1.00000000 0.00000000 0.00000000 / 237 0 222 255 / 0.89831540 0.20376590
				-140.52930000 -41.01953000 -4.41308600 / -1.00000000 0.00000000 0.00000000 / 237 0 223 255 / 0.92430120 0.20376590
				-140.52930000 -41.01953000 -3.21093700 / -1.00000000 0.00000000 0.00000000 / 237 0 222 255 / 0.92430120 0.00285340
				-140.52930000 -41.01953000 -3.21093700 / -1.00000000 0.00000000 0.00000000 / 237 0 222 255 / 0.92430120 0.00285340
				-140.52930000 -40.81933000 -3.21093700 / -1.00000000 0.00000000 0.00000000 / 236 0 222 255 / 0.89831540 0.00285340
				-95.35644000 -13.30029000 1.06543000 / 0.70720210 -0.70701140 0.00000000 / 205 0 193 255 / 0.75056460 0.30572510
				-95.35644000 -13.30029000 1.06543000 / 0.70720210 -0.70701140 0.00000000 / 205 0 193 255 / 0.75056460 0.30572510
				-95.35644000 -13.30029000 1.65918000 / 0.70720210 -0.70701140 0.00000000 / 205 0 193 255 / 0.75056460 0.38620000
				-96.10303000 -14.04736000 1.65918000 / 0.70720210 -0.70701140 0.00000000 / 205 0 193 255 / 0.82252500 0.38620000
				-96.10303000 -14.04736000 1.65918000 / 0.70720210 -0.70701140 0.00000000 / 205 0 193 255 / 0.82252500 0.38620000
				-96.10303000 -14.04736000 1.06543000 / 0.70720210 -0.70701140 0.00000000 / 205 0 193 255 / 0.82252500 0.30572510
				-93.20897000 -11.15332000 1.06543000 / 0.70720210 -0.70701140 0.00000000 / 223 0 210 255 / 0.75056460 0.30572510
				-93.20897000 -11.15332000 1.06543000 / 0.70720210 -0.70701140 0.00000000 / 223 0 210 255 / 0.75056460 0.30572510
				-93.20947000 -11.15332000 1.65918000 / 0.70720210 -0.70701140 0.00000000 / 223 0 210 255 / 0.75056460 0.38620000
				-93.95604000 -11.90039000 1.65918000 / 0.70720210 -0.70701140 0.00000000 / 223 0 210 255 / 0.82252500 0.38620000
				-93.95604000 -11.90039000 1.65918000 / 0.70720210 -0.70701140 0.00000000 / 223 0 210 255 / 0.82252500 0.38620000
				-93.95604000 -11.90039000 1.06543000 / 0.70720210 -0.70701140 0.00000000 / 224 0 210 255 / 0.82252500 0.30572510
				-89.76807000 -7.71240300 1.06543000 / 0.70722590 -0.70698760 0.00000000 / 215 0 202 255 / 0.75056460 0.30572510
				-89.76807000 -7.71240300 1.06543000 / 0.70722590 -0.70698760 0.00000000 / 215 0 202 255 / 0.75056460 0.30572510
				-89.76807000 -7.71240300 1.65918000 / 0.70722590 -0.70698760 0.00000000 / 215 0 202 255 / 0.75056460 0.38620000
				-90.51465000 -8.45898400 1.65918000 / 0.70720210 -0.70701140 0.00000000 / 215 0 202 255 / 0.82252500 0.38620000
				-90.51465000 -8.45898400 1.65918000 / 0.70720210 -0.70701140 0.00000000 / 215 0 202 255 / 0.82252500 0.38620000
				-90.51465000 -8.45898400 1.06543000 / 0.70720210 -0.70701140 0.00000000 / 215 0 202 255 / 0.82252500 0.30572510
				-100.14110000 -18.30908000 -4.20507800 / 0.70720210 -0.70701140 0.00000000 / 194 0 183 255 / 0.83436580 0.22241210
				-100.14110000 -18.30908000 -4.20507800 / 0.70720210 -0.70701140 0.00000000 / 194 0 183 255 / 0.83436580 0.22241210
				-100.14110000 -18.30908000 -4.90722700 / 0.70720210 -0.70701140 0.00000000 / 193 0 182 255 / 0.83436580 0.37518310
				-100.09130000 -18.25976000 -4.90722700 / 0.70720210 -0.70701140 0.00000000 / 194 0 183 255 / 0.86213680 0.37518310
				-100.09130000 -18.25976000 -4.90722700 / 0.70720210 -0.70701140 0.00000000 / 194 0 183 255 / 0.86213680 0.37518310
				-100.09130000 -18.25976000 -4.20507800 / 0.70720210 -0.70701140 0.00000000 / 194 0 183 255 / 0.86213680 0.22241210
				-88.86914000 -5.56494100 -4.26464900 / 1.00000000 0.00000000 0.00000000 / 186 0 176 255 / 0.83436580 0.22241210
				-88.86914000 -5.56494100 -4.26464900 / 1.00000000 0.00000000 0.00000000 / 186 0 176 255 / 0.83436580 0.22241210
				-88.86914000 -5.56494100 -4.96679700 / 1.00000000 0.00000000 0.00000000 / 186 0 176 255 / 0.83436580 0.37518310
				-88.86914000 -5.49511700 -4.96679700 / 1.00000000 0.00000000 0.00000000 / 186 0 176 255 / 0.86213680 0.37518310
				-88.86914000 -5.49511700 -4.96679700 / 1.00000000 0.00000000 0.00000000 / 186 0 176 255 / 0.86213680 0.37518310
				-88.86914000 -5.49511700 -4.26464900 / 1.00000000 0.00000000 0.00000000 / 186 0 175 255 / 0.86213680 0.22241210
				-88.86914000 -52.30518000 -4.26464900 / 1.00000000 0.00000000 0.00000000 / 225 0 211 255 / 0.83436580 0.22241210
				-88.86914000 -52.30518000 -4.26464900 / 1.00000000 0.00000000 0.00000000 / 225 0 211 255 / 0.83436580 0.22241210
				-88.86914000 -52.30518000 -4.96679700 / 1.00000000 0.00000000 0.00000000 / 225 0 211 255 / 0.83436580 0.37518310
				-88.86914000 -52.23486000 -4.96679700 / 1.00000000 0.00000000 0.00000000 / 225 0 211 255 / 0.86213680 0.37518310
				-88.86914000 -52.23486000 -4.96679700 / 1.00000000 0.00000000 0.00000000 / 225 0 211 255 / 0.86213680 0.37518310
				-88.86914000 -52.23486000 -4.26464900 / 1.00000000 0.00000000 0.00000000 / 224 0 211 255 / 0.86213680 0.22241210
				-100.39700000 -39.53662000 -4.20507800 / 0.70710690 0.70710690 0.00000000 / 199 0 187 255 / 0.83436580 0.22241210
				-100.39700000 -39.53662000 -4.20507800 / 0.70710690 0.70710690 0.00000000 / 199 0 187 255 / 0.83436580 0.22241210
				-100.39700000 -39.53662000 -4.90722700 / 0.70710690 0.70710690 0.00000000 / 199 0 187 255 / 0.83436580 0.37518310
				-100.44630000 -39.48730000 -4.90722700 / 0.70710690 0.70710690 0.00000000 / 199 0 187 255 / 0.86213680 0.37518310
				-100.44630000 -39.48730000 -4.90722700 / 0.70710690 0.70710690 0.00000000 / 199 0 187 255 / 0.86213680 0.37518310
				-100.44630000 -39.48730000 -4.20507800 / 0.70710690 0.70710690 0.00000000 / 199 0 188 255 / 0.86213680 0.22241210
				-91.73682000 -1.55468700 -4.26464900 / 0.00000000 1.00000000 0.00000000 / 203 0 191 255 / 0.83436580 0.22241210
				-91.73682000 -1.55468700 -4.26464900 / 0.00000000 1.00000000 0.00000000 / 203 0 191 255 / 0.83436580 0.22241210
				-91.73682000 -1.55468700 -4.96679700 / 0.00000000 1.00000000 0.00000000 / 203 0 191 255 / 0.83436580 0.37518310
				-91.80664000 -1.55468700 -4.96679700 / 0.00000000 1.00000000 0.00000000 / 203 0 191 255 / 0.86213680 0.37518310
				-91.80664000 -1.55468700 -4.96679700 / 0.00000000 1.00000000 0.00000000 / 203 0 191 255 / 0.86213680 0.37518310
				-91.80664000 -1.55468700 -4.26464900 / 0.00000000 1.00000000 0.00000000 / 203 0 191 255 / 0.86213680 0.22241210
				-100.88280000 -39.39697000 1.06543000 / 0.70710690 0.70710690 0.00000000 / 212 0 199 255 / 0.75056460 0.30572510
				-100.88280000 -39.39697000 1.06543000 / 0.70710690 0.70710690 0.00000000 / 212 0 199 255 / 0.75056460 0.30572510
				-100.88280000 -39.39697000 1.65918000 / 0.70710690 0.70710690 0.00000000 / 212 0 200 255 / 0.75056460 0.38620000
				-100.13620000 -40.14355000 1.65918000 / 0.70710690 0.70710690 0.00000000 / 212 0 199 255 / 0.82252500 0.38620000
				-100.13620000 -40.14355000 1.65918000 / 0.70710690 0.70710690 0.00000000 / 212 0 199 255 / 0.82252500 0.38620000
				-100.13620000 -40.14355000 1.06543000 / 0.70710690 0.70710690 0.00000000 / 212 0 199 255 / 0.82252500 0.30572510
				-103.02640000 -37.25342000 1.06543000 / 0.70710690 0.70710690 0.00000000 / 207 0 195 255 / 0.75056460 0.39471440
				-103.02640000 -37.25342000 1.06543000 / 0.70710690 0.70710690 0.00000000 / 207 0 195 255 / 0.75056460 0.39471440
				-103.02640000 -37.25342000 1.65918000 / 0.70710690 0.70710690 0.00000000 / 207 0 195 255 / 0.75056460 0.48614500
				-102.27980000 -38.00000000 1.65918000 / 0.70710690 0.70710690 0.00000000 / 207 0 195 255 / 0.82252500 0.48614500
				-102.27980000 -38.00000000 1.65918000 / 0.70710690 0.70710690 0.00000000 / 207 0 195 255 / 0.82252500 0.48614500
				-102.27980000 -38.00000000 1.06543000 / 0.70710690 0.70710690 0.00000000 / 207 0 195 255 / 0.82252500 0.39471440
				-106.45750000 -33.82227000 1.06543000 / 0.70710690 0.70710690 0.00000000 / 197 0 186 255 / 0.75056460 0.39471440
				-106.45750000 -33.82227000 1.06543000 / 0.70710690 0.70710690 0.00000000 / 197 0 186 255 / 0.75056460 0.39471440
				-106.45750000 -33.82227000 1.65918000 / 0.70710690 0.70710690 0.00000000 / 197 0 186 255 / 0.75056460 0.48614500
				-105.71040000 -34.56885000 1.65918000 / 0.70710690 0.70710690 0.00000000 / 197 0 186 255 / 0.82252500 0.48614500
				-105.71040000 -34.56885000 1.65918000 / 0.70710690 0.70710690 0.00000000 / 197 0 186 255 / 0.82252500 0.48614500
				-105.71040000 -34.56885000 1.06543000 / 0.70710690 0.70710690 0.00000000 / 197 0 186 255 / 0.82252500 0.39471440
				-108.63140000 -84.34131000 0.48144530 / -0.76690610 0.64175930 0.00000000 / 213 0 200 255 / 0.77839660 0.20376590
				-108.63140000 -84.34131000 0.48144530 / -0.76690610 0.64175930 0.00000000 / 213 0 200 255 / 0.77839660 0.20376590
				-108.63140000 -84.34131000 1.68408200 / -0.76690610 0.64175930 0.00000000 / 212 0 200 255 / 0.77839660 0.00285340
				-108.50240000 -84.18750000 1.68408200 / -0.76690610 0.64175930 0.00000000 / 213 0 200 255 / 0.80438230 0.00285340
				-108.50240000 -84.18750000 1.68408200 / -0.76690610 0.64175930 0.00000000 / 213 0 200 255 / 0.80438230 0.00285340
				-108.50240000 -84.18750000 0.48144530 / -0.76690610 0.64175930 0.00000000 / 213 0 200 255 / 0.80438230 0.20376590
				-109.26420000 -85.09522000 0.48144530 / -0.76690610 0.64175930 0.00000000 / 231 0 217 255 / 0.75064080 0.20376590
				-109.26420000 -85.09522000 0.48144530 / -0.76690610 0.64175930 0.00000000 / 231 0 217 255 / 0.75064080 0.20376590
				-109.26420000 -85.09522000 1.68408200 / -0.76690610 0.64175930 0.00000000 / 231 0 217 255 / 0.75064080 0.00285340
				-109.13530000 -84.94188000 1.68408200 / -0.76690610 0.64175930 0.00000000 / 231 0 217 255 / 0.77662660 0.00285340
				-109.13530000 -84.94188000 1.68408200 / -0.76690610 0.64175930 0.00000000 / 231 0 217 255 / 0.77662660 0.00285340
				-109.13530000 -84.94188000 0.48144530 / -0.76690610 0.64175930 0.00000000 / 231 0 217 255 / 0.77662660 0.20376590
				-106.21480000 -81.46144000 0.48144530 / -0.76514850 0.64385380 0.00000000 / 209 0 196 255 / 0.77839660 0.20376590
				-106.21480000 -81.46144000 0.48144530 / -0.76514850 0.64385380 0.00000000 / 209 0 196 255 / 0.77839660 0.20376590
				-106.21480000 -81.46144000 1.68408200 / -0.76514850 0.64385380 0.00000000 / 208 0 196 255 / 0.77839660 0.00285340
				-106.08590000 -81.30812000 1.68408200 / -0.76514850 0.64385380 0.00000000 / 209 0 196 255 / 0.80438230 0.00285340
				-106.08590000 -81.30812000 1.68408200 / -0.76514850 0.64385380 0.00000000 / 209 0 196 255 / 0.80438230 0.00285340
				-106.08590000 -81.30812000 0.48144530 / -0.76514850 0.64385380 0.00000000 / 209 0 196 255 / 0.80438230 0.20376590
				-114.48680000 -91.31981000 -4.41308600 / -0.76514850 0.64385380 0.00000000 / 224 0 210 255 / 0.80705260 0.20376590
				-114.48680000 -91.31981000 -4.41308600 / -0.76514850 0.64385380 0.00000000 / 224 0 210 255 / 0.80705260 0.20376590
				-114.48680000 -91.31981000 -3.21093700 / -0.76690610 0.64175930 0.00000000 / 224 0 210 255 / 0.80705260 0.00285340
				-114.35840000 -91.16649000 -3.21093700 / -0.76514850 0.64385380 0.00000000 / 224 0 210 255 / 0.83303830 0.00285340
				-114.35840000 -91.16649000 -3.21093700 / -0.76514850 0.64385380 0.00000000 / 224 0 210 255 / 0.83303830 0.00285340
				-114.35840000 -91.16649000 -4.41308600 / -0.76514850 0.64385380 0.00000000 / 224 0 210 255 / 0.83303830 0.20376590
				-115.11960000 -92.07373000 -4.41308600 / -0.76514850 0.64385380 0.00000000 / 228 0 214 255 / 0.80705260 0.20376590
				-115.11960000 -92.07373000 -4.41308600 / -0.76514850 0.64385380 0.00000000 / 228 0 214 255 / 0.80705260 0.20376590
				-115.11960000 -92.07373000 -3.21093700 / -0.76514850 0.64385380 0.00000000 / 229 0 215 255 / 0.80705260 0.00285340
				-114.99120000 -91.92041000 -3.21093700 / -0.76514850 0.64385380 0.00000000 / 228 0 214 255 / 0.83303830 0.00285340
				-114.99120000 -91.92041000 -3.21093700 / -0.76514850 0.64385380 0.00000000 / 228 0 214 255 / 0.83303830 0.00285340
				-114.99120000 -91.92041000 -4.41308600 / -0.76514850 0.64385380 0.00000000 / 228 0 214 255 / 0.83303830 0.20376590
				-112.07080000 -88.43994000 -4.41308600 / -0.76690610 0.64175930 0.00000000 / 216 0 203 255 / 0.80705260 0.20376590
				-112.07080000 -88.43994000 -4.41308600 / -0.76690610 0.64175930 0.00000000 / 216 0 203 255 / 0.80705260 0.20376590
				-112.07080000 -88.43994000 -3.21093700 / -0.76690610 0.64175930 0.00000000 / 217 0 204 255 / 0.80705260 0.00285340
				-111.94190000 -88.28662000 -3.21093700 / -0.76690610 0.64175930 0.00000000 / 216 0 203 255 / 0.83303830 0.00285340
				-111.94190000 -88.28662000 -3.21093700 / -0.76690610 0.64175930 0.00000000 / 216 0 203 255 / 0.83303830 0.00285340
				-111.94190000 -88.28662000 -4.41308600 / -0.76690610 0.64175930 0.00000000 / 216 0 203 255 / 0.83303830 0.20376590
				-117.04880000 -94.37305000 -4.41308600 / -0.76690610 0.64175930 0.00000000 / 213 0 200 255 / 0.80705260 0.20376590
				-117.04880000 -94.37305000 -4.41308600 / -0.76690610 0.64175930 0.00000000 / 213 0 200 255 / 0.80705260 0.20376590
				-117.04880000 -94.37305000 -3.21093700 / -0.76690610 0.64175930 0.00000000 / 213 0 200 255 / 0.80705260 0.00285340
				-116.92040000 -94.21973000 -3.21093700 / -0.76690610 0.64175930 0.00000000 / 213 0 200 255 / 0.83303830 0.00285340
				-116.92040000 -94.21973000 -3.21093700 / -0.76690610 0.64175930 0.00000000 / 213 0 200 255 / 0.83303830 0.00285340
				-116.92040000 -94.21973000 -4.41308600 / -0.76690610 0.64175930 0.00000000 / 213 0 200 255 / 0.83303830 0.20376590
				-108.63140000 -84.34131000 -4.41308600 / -0.76690610 0.64175930 0.00000000 / 209 0 197 255 / 0.83435060 0.20376590
				-108.63140000 -84.34131000 -4.41308600 / -0.76690610 0.64175930 0.00000000 / 209 0 197 255 / 0.83435060 0.20376590
				-108.63140000 -84.34131000 -3.21093700 / -0.76690610 0.64175930 0.00000000 / 209 0 197 255 / 0.83435060 0.00285340
				-108.50240000 -84.18750000 -3.21093700 / -0.76690610 0.64175930 0.00000000 / 209 0 197 255 / 0.86033630 0.00285340
				-108.50240000 -84.18750000 -3.21093700 / -0.76690610 0.64175930 0.00000000 / 209 0 197 255 / 0.86033630 0.00285340
				-108.50240000 -84.18750000 -4.41308600 / -0.76690610 0.64175930 0.00000000 / 209 0 197 255 / 0.86033630 0.20376590
				-109.26420000 -85.09522000 -4.41308600 / -0.76514850 0.64385380 0.00000000 / 211 0 198 255 / 0.75064080 0.20376590
				-109.26420000 -85.09522000 -4.41308600 / -0.76514850 0.64385380 0.00000000 / 211 0 198 255 / 0.75064080 0.20376590
				-109.26420000 -85.09522000 -3.21093700 / -0.76690610 0.64175930 0.00000000 / 211 0 198 255 / 0.75064080 0.00285340
				-109.13530000 -84.94188000 -3.21093700 / -0.76514850 0.64385380 0.00000000 / 211 0 198 255 / 0.77662660 0.00285340
				-109.13530000 -84.94188000 -3.21093700 / -0.76514850 0.64385380 0.00000000 / 211 0 198 255 / 0.77662660 0.00285340
				-109.13530000 -84.94188000 -4.41308600 / -0.76514850 0.64385380 0.00000000 / 211 0 198 255 / 0.77662660 0.20376590
				-106.21480000 -81.46144000 -4.41308600 / -0.76514850 0.64385380 0.00000000 / 205 0 193 255 / 0.86619570 0.20376590
				-106.21480000 -81.46144000 -4.41308600 / -0.76514850 0.64385380 0.00000000 / 205 0 193 255 / 0.86619570 0.20376590
				-106.21480000 -81.46144000 -3.21093700 / -0.76514850 0.64385380 0.00000000 / 205 0 193 255 / 0.86619570 0.00285340
				-106.08590000 -81.30812000 -3.21093700 / -0.76514850 0.64385380 0.00000000 / 205 0 193 255 / 0.89216610 0.00285340
				-106.08590000 -81.30812000 -3.21093700 / -0.76514850 0.64385380 0.00000000 / 205 0 193 255 / 0.89216610 0.00285340
				-106.08590000 -81.30812000 -4.41308600 / -0.76514850 0.64385380 0.00000000 / 205 0 193 255 / 0.89216610 0.20376590
				-111.19340000 -87.39453000 -4.41308600 / -0.76514850 0.64385380 0.00000000 / 230 0 216 255 / 0.80705260 0.20376590
				-111.19340000 -87.39453000 -4.41308600 / -0.76514850 0.64385380 0.00000000 / 230 0 216 255 / 0.80705260 0.20376590
				-111.19340000 -87.39453000 -3.21093700 / -0.76514850 0.64385380 0.00000000 / 230 0 216 255 / 0.80705260 0.00285340
				-111.06450000 -87.24121000 -3.21093700 / -0.76514850 0.64385380 0.00000000 / 230 0 216 255 / 0.83303830 0.00285340
				-111.06450000 -87.24121000 -3.21093700 / -0.76514850 0.64385380 0.00000000 / 230 0 216 255 / 0.83303830 0.00285340
				-111.06450000 -87.24121000 -4.41308600 / -0.76514850 0.64385380 0.00000000 / 229 0 215 255 / 0.83303830 0.20376590
				-100.13090000 -74.21094000 0.48144530 / -0.76690610 0.64175930 0.00000000 / 191 0 180 255 / 0.75064080 0.20376590
				-100.13090000 -74.21094000 0.48144530 / -0.76690610 0.64175930 0.00000000 / 191 0 180 255 / 0.75064080 0.20376590
				-100.13090000 -74.21094000 1.68408200 / -0.76690610 0.64175930 0.00000000 / 191 0 180 255 / 0.75064080 0.00285340
				-100.00240000 -74.05762000 1.68408200 / -0.76690610 0.64175930 0.00000000 / 191 0 180 255 / 0.77662660 0.00285340
				-100.00240000 -74.05762000 1.68408200 / -0.76690610 0.64175930 0.00000000 / 191 0 180 255 / 0.77662660 0.00285340
				-100.00240000 -74.05762000 0.48144530 / -0.76690610 0.64175930 0.00000000 / 191 0 180 255 / 0.77662660 0.20376590
				-100.76370000 -74.96534000 0.48144530 / -0.76514850 0.64385380 0.00000000 / 223 0 209 255 / 0.75064080 0.20376590
				-100.76370000 -74.96534000 0.48144530 / -0.76514850 0.64385380 0.00000000 / 223 0 209 255 / 0.75064080 0.20376590
				-100.76370000 -74.96485000 1.68408200 / -0.76514850 0.64385380 0.00000000 / 222 0 209 255 / 0.75064080 0.00285340
				-100.63480000 -74.81152000 1.68408200 / -0.76514850 0.64385380 0.00000000 / 223 0 209 255 / 0.77662660 0.00285340
				-100.63480000 -74.81152000 1.68408200 / -0.76514850 0.64385380 0.00000000 / 223 0 209 255 / 0.77662660 0.00285340
				-100.63480000 -74.81152000 0.48144530 / -0.76690610 0.64175930 0.00000000 / 223 0 209 255 / 0.77662660 0.20376590
				-97.71435000 -71.33106000 0.48144530 / -0.76690610 0.64175930 0.00000000 / 216 0 203 255 / 0.75064080 0.20376590
				-97.71435000 -71.33106000 0.48144530 / -0.76690610 0.64175930 0.00000000 / 216 0 203 255 / 0.75064080 0.20376590
				-97.71435000 -71.33106000 1.68408200 / -0.76690610 0.64175930 0.00000000 / 216 0 203 255 / 0.75064080 0.00285340
				-97.58594000 -71.17774000 1.68408200 / -0.76690610 0.64175930 0.00000000 / 216 0 203 255 / 0.77662660 0.00285340
				-97.58594000 -71.17774000 1.68408200 / -0.76690610 0.64175930 0.00000000 / 216 0 203 255 / 0.77662660 0.00285340
				-97.58594000 -71.17774000 0.48144530 / -0.76690610 0.64175930 0.00000000 / 217 0 204 255 / 0.77662660 0.20376590
				-102.69290000 -77.26416000 0.48144530 / -0.76690610 0.64175930 0.00000000 / 203 0 191 255 / 0.75064080 0.20376590
				-102.69290000 -77.26416000 0.48144530 / -0.76690610 0.64175930 0.00000000 / 203 0 191 255 / 0.75064080 0.20376590
				-102.69290000 -77.26416000 1.68408200 / -0.76690610 0.64175930 0.00000000 / 202 0 191 255 / 0.75064080 0.00285340
				-102.56400000 -77.11084000 1.68408200 / -0.76690610 0.64175930 0.00000000 / 203 0 191 255 / 0.77662660 0.00285340
				-102.56400000 -77.11084000 1.68408200 / -0.76690610 0.64175930 0.00000000 / 203 0 191 255 / 0.77662660 0.00285340
				-102.56400000 -77.11084000 0.48144530 / -0.76690610 0.64175930 0.00000000 / 203 0 191 255 / 0.77662660 0.20376590
				-94.27539000 -67.23242000 0.48144530 / -0.76514850 0.64385380 0.00000000 / 197 0 185 255 / 0.75064080 0.20376590
				-94.27539000 -67.23242000 0.48144530 / -0.76514850 0.64385380 0.00000000 / 197 0 185 255 / 0.75064080 0.20376590
				-94.27539000 -67.23242000 1.68408200 / -0.76514850 0.64385380 0.00000000 / 197 0 186 255 / 0.75064080 0.00285340
				-94.14649000 -67.07910000 1.68408200 / -0.76514850 0.64385380 0.00000000 / 197 0 185 255 / 0.77662660 0.00285340
				-94.14649000 -67.07910000 1.68408200 / -0.76514850 0.64385380 0.00000000 / 197 0 185 255 / 0.77662660 0.00285340
				-94.14649000 -67.07910000 0.48144530 / -0.76514850 0.64385380 0.00000000 / 196 0 185 255 / 0.77662660 0.20376590
				-94.90820000 -67.98633000 0.48144530 / -0.76514850 0.64385380 0.00000000 / 205 0 193 255 / 0.75064080 0.20376590
				-94.90820000 -67.98633000 0.48144530 / -0.76514850 0.64385380 0.00000000 / 205 0 193 255 / 0.75064080 0.20376590
				-94.90820000 -67.98633000 1.68408200 / -0.76514850 0.64385380 0.00000000 / 205 0 193 255 / 0.75064080 0.00285340
				-94.77930000 -67.83301000 1.68408200 / -0.76514850 0.64385380 0.00000000 / 205 0 193 255 / 0.77662660 0.00285340
				-94.77930000 -67.83301000 1.68408200 / -0.76514850 0.64385380 0.00000000 / 205 0 193 255 / 0.77662660 0.00285340
				-94.77930000 -67.83301000 0.48144530 / -0.76514850 0.64385380 0.00000000 / 205 0 193 255 / 0.77662660 0.20376590
				-91.85888000 -64.35254000 0.48144530 / -0.76690610 0.64175930 0.00000000 / 193 0 182 255 / 0.83480830 0.20376590
				-91.85888000 -64.35254000 0.48144530 / -0.76690610 0.64175930 0.00000000 / 193 0 182 255 / 0.83480830 0.20376590
				-91.85888000 -64.35254000 1.68408200 / -0.76690610 0.64175930 0.00000000 / 193 0 182 255 / 0.83480830 0.00285340
				-91.72998000 -64.19922000 1.68408200 / -0.76690610 0.64175930 0.00000000 / 193 0 182 255 / 0.86077880 0.00285340
				-91.72998000 -64.19922000 1.68408200 / -0.76690610 0.64175930 0.00000000 / 193 0 182 255 / 0.86077880 0.00285340
				-91.72998000 -64.19922000 0.48144530 / -0.76690610 0.64175930 0.00000000 / 194 0 182 255 / 0.86077880 0.20376590
				-96.83740000 -70.28563000 0.48144530 / -0.76514850 0.64385380 0.00000000 / 192 0 181 255 / 0.75064080 0.20376590
				-96.83740000 -70.28563000 0.48144530 / -0.76514850 0.64385380 0.00000000 / 192 0 181 255 / 0.75064080 0.20376590
				-96.83740000 -70.28563000 1.68408200 / -0.76514850 0.64385380 0.00000000 / 192 0 181 255 / 0.75064080 0.00285340
				-96.70849000 -70.13231000 1.68408200 / -0.76514850 0.64385380 0.00000000 / 192 0 181 255 / 0.77662660 0.00285340
				-96.70849000 -70.13231000 1.68408200 / -0.76514850 0.64385380 0.00000000 / 192 0 181 255 / 0.77662660 0.00285340
				-96.70849000 -70.13231000 0.48144530 / -0.76514850 0.64385380 0.00000000 / 192 0 181 255 / 0.77662660 0.20376590
				-100.13090000 -74.21094000 -4.41308600 / -0.76690610 0.64175930 0.00000000 / 197 0 186 255 / 0.75064080 0.20376590
				-100.13090000 -74.21094000 -4.41308600 / -0.76690610 0.64175930 0.00000000 / 197 0 186 255 / 0.75064080 0.20376590
				-100.13090000 -74.21094000 -3.21093700 / -0.76690610 0.64175930 0.00000000 / 196 0 185 255 / 0.75064080 0.00285340
				-100.00240000 -74.05762000 -3.21093700 / -0.76690610 0.64175930 0.00000000 / 197 0 186 255 / 0.77662660 0.00285340
				-100.00240000 -74.05762000 -3.21093700 / -0.76690610 0.64175930 0.00000000 / 197 0 186 255 / 0.77662660 0.00285340
				-100.00240000 -74.05762000 -4.41308600 / -0.76690610 0.64175930 0.00000000 / 198 0 186 255 / 0.77662660 0.20376590
				-100.76370000 -74.96534000 -4.41308600 / -0.76514850 0.64385380 0.00000000 / 193 0 182 255 / 0.75064080 0.20376590
				-100.76370000 -74.96534000 -4.41308600 / -0.76514850 0.64385380 0.00000000 / 193 0 182 255 / 0.75064080 0.20376590
				-100.76370000 -74.96485000 -3.21093700 / -0.76514850 0.64385380 0.00000000 / 193 0 182 255 / 0.75064080 0.00285340
				-100.63480000 -74.81152000 -3.21093700 / -0.76514850 0.64385380 0.00000000 / 193 0 182 255 / 0.77662660 0.00285340
				-100.63480000 -74.81152000 -3.21093700 / -0.76514850 0.64385380 0.00000000 / 193 0 182 255 / 0.77662660 0.00285340
				-100.63480000 -74.81152000 -4.41308600 / -0.76690610 0.64175930 0.00000000 / 193 0 182 255 / 0.77662660 0.20376590
				-97.71435000 -71.33106000 -4.41308600 / -0.76690610 0.64175930 0.00000000 / 201 0 189 255 / 0.77975460 0.20376590
				-97.71435000 -71.33106000 -4.41308600 / -0.76690610 0.64175930 0.00000000 / 201 0 189 255 / 0.77975460 0.20376590
				-97.71435000 -71.33106000 -3.21093700 / -0.76690610 0.64175930 0.00000000 / 201 0 189 255 / 0.77975460 0.00285340
				-97.58594000 -71.17774000 -3.21093700 / -0.76690610 0.64175930 0.00000000 / 201 0 189 255 / 0.80574030 0.00285340
				-97.58594000 -71.17774000 -3.21093700 / -0.76690610 0.64175930 0.00000000 / 201 0 189 255 / 0.80574030 0.00285340
				-97.58594000 -71.17774000 -4.41308600 / -0.76690610 0.64175930 0.00000000 / 201 0 189 255 / 0.80574030 0.20376590
				-102.69290000 -77.26416000 -4.41308600 / -0.76690610 0.64175930 0.00000000 / 194 0 183 255 / 0.86619570 0.20376590
				-102.69290000 -77.26416000 -4.41308600 / -0.76690610 0.64175930 0.00000000 / 194 0 183 255 / 0.86619570 0.20376590
				-102.69290000 -77.26416000 -3.21093700 / -0.76690610 0.64175930 0.00000000 / 194 0 183 255 / 0.86619570 0.00285340
				-102.56450000 -77.11084000 -3.21093700 / -0.76690610 0.64175930 0.00000000 / 194 0 183 255 / 0.89216610 0.00285340
				-102.56450000 -77.11084000 -3.21093700 / -0.76690610 0.64175930 0.00000000 / 194 0 183 255 / 0.89216610 0.00285340
				-102.56400000 -77.11084000 -4.41308600 / -0.76690610 0.64175930 0.00000000 / 195 0 183 255 / 0.89216610 0.20376590
				-96.83740000 -70.28563000 -4.41308600 / -0.76514850 0.64385380 0.00000000 / 192 0 181 255 / 0.77975460 0.20376590
				-96.83740000 -70.28563000 -4.41308600 / -0.76514850 0.64385380 0.00000000 / 192 0 181 255 / 0.77975460 0.20376590
				-96.83740000 -70.28563000 -3.21093700 / -0.76514850 0.64385380 0.00000000 / 192 0 181 255 / 0.77975460 0.00285340
				-96.70849000 -70.13231000 -3.21093700 / -0.76514850 0.64385380 0.00000000 / 192 0 181 255 / 0.80574030 0.00285340
				-96.70849000 -70.13231000 -3.21093700 / -0.76514850 0.64385380 0.00000000 / 192 0 181 255 / 0.80574030 0.00285340
				-96.70849000 -70.13231000 -4.41308600 / -0.76514850 0.64385380 0.00000000 / 192 0 181 255 / 0.80574030 0.20376590
				-72.73779000 -126.35160000 0.48144530 / 0.76514850 -0.64385380 0.00000000 / 209 0 197 255 / 0.75064080 0.20376590
				-72.73779000 -126.35160000 0.48144530 / 0.76514850 -0.64385380 0.00000000 / 209 0 197 255 / 0.75064080 0.20376590
				-72.60889000 -126.19830000 0.48144530 / 0.76514850 -0.64385380 0.00000000 / 209 0 197 255 / 0.77662660 0.20376590
				-72.60889000 -126.19830000 1.68408200 / 0.76514850 -0.64385380 0.00000000 / 209 0 197 255 / 0.77662660 0.00285340
				-72.60889000 -126.19830000 1.68408200 / 0.76514850 -0.64385380 0.00000000 / 209 0 197 255 / 0.77662660 0.00285340
				-72.73779000 -126.35160000 1.68408200 / 0.76514850 -0.64385380 0.00000000 / 209 0 197 255 / 0.75064080 0.00285340
				-73.37060000 -127.10600000 0.48144530 / 0.76514850 -0.64385380 0.00000000 / 227 0 213 255 / 0.75064080 0.20376590
				-73.37060000 -127.10600000 0.48144530 / 0.76514850 -0.64385380 0.00000000 / 227 0 213 255 / 0.75064080 0.20376590
				-73.24170000 -126.95260000 0.48144530 / 0.76514850 -0.64385380 0.00000000 / 227 0 213 255 / 0.77662660 0.20376590
				-73.24170000 -126.95260000 1.68408200 / 0.76514850 -0.64385380 0.00000000 / 227 0 213 255 / 0.77662660 0.00285340
				-73.24170000 -126.95260000 1.68408200 / 0.76514850 -0.64385380 0.00000000 / 227 0 213 255 / 0.77662660 0.00285340
				-73.37060000 -127.10600000 1.68408200 / 0.76514850 -0.64385380 0.00000000 / 227 0 213 255 / 0.75064080 0.00285340
				-70.32129000 -123.47220000 0.48144530 / 0.76514850 -0.64385380 0.00000000 / 220 0 207 255 / 0.75064080 0.20376590
				-70.32129000 -123.47220000 0.48144530 / 0.76514850 -0.64385380 0.00000000 / 220 0 207 255 / 0.75064080 0.20376590
				-70.19238000 -123.31840000 0.48144530 / 0.76690610 -0.64175930 0.00000000 / 220 0 207 255 / 0.77662660 0.20376590
				-70.19238000 -123.31840000 1.68408200 / 0.76514850 -0.64385380 0.00000000 / 220 0 207 255 / 0.77662660 0.00285340
				-70.19238000 -123.31840000 1.68408200 / 0.76514850 -0.64385380 0.00000000 / 220 0 207 255 / 0.77662660 0.00285340
				-70.32129000 -123.47170000 1.68408200 / 0.76514850 -0.64385380 0.00000000 / 220 0 207 255 / 0.75064080 0.00285340
				-75.29981000 -129.40480000 0.48144530 / 0.76514850 -0.64385380 0.00000000 / 216 0 203 255 / 0.75064080 0.20376590
				-75.29981000 -129.40480000 0.48144530 / 0.76514850 -0.64385380 0.00000000 / 216 0 203 255 / 0.75064080 0.20376590
				-75.17090000 -129.25150000 0.48144530 / 0.76514850 -0.64385380 0.00000000 / 216 0 203 255 / 0.77662660 0.20376590
				-75.17090000 -129.25150000 1.68408200 / 0.76514850 -0.64385380 0.00000000 / 216 0 203 255 / 0.77662660 0.00285340
				-75.17090000 -129.25150000 1.68408200 / 0.76514850 -0.64385380 0.00000000 / 216 0 203 255 / 0.77662660 0.00285340
				-75.29981000 -129.40480000 1.68408200 / 0.76514850 -0.64385380 0.00000000 / 216 0 203 255 / 0.75064080 0.00285340
				-66.88184000 -119.37300000 0.48144530 / 0.76690610 -0.64175930 0.00000000 / 207 0 194 255 / 0.75064080 0.20376590
				-66.88184000 -119.37300000 0.48144530 / 0.76690610 -0.64175930 0.00000000 / 207 0 194 255 / 0.75064080 0.20376590
				-66.75293000 -119.21970000 0.48144530 / 0.76690610 -0.64175930 0.00000000 / 207 0 194 255 / 0.77662660 0.20376590
				-66.75293000 -119.21970000 1.68408200 / 0.76690610 -0.64175930 0.00000000 / 207 0 194 255 / 0.77662660 0.00285340
				-66.75293000 -119.21970000 1.68408200 / 0.76690610 -0.64175930 0.00000000 / 207 0 194 255 / 0.77662660 0.00285340
				-66.88184000 -119.37300000 1.68408200 / 0.76690610 -0.64175930 0.00000000 / 207 0 195 255 / 0.75064080 0.00285340
				-67.51465000 -120.12740000 0.48144530 / 0.76690610 -0.64175930 0.00000000 / 203 0 191 255 / 0.75064080 0.20376590
				-67.51465000 -120.12740000 0.48144530 / 0.76690610 -0.64175930 0.00000000 / 203 0 191 255 / 0.75064080 0.20376590
				-67.38574000 -119.97360000 0.48144530 / 0.76690610 -0.64175930 0.00000000 / 203 0 191 255 / 0.77662660 0.20376590
				-67.38574000 -119.97360000 1.68408200 / 0.76690610 -0.64175930 0.00000000 / 203 0 191 255 / 0.77662660 0.00285340
				-67.38574000 -119.97360000 1.68408200 / 0.76690610 -0.64175930 0.00000000 / 203 0 191 255 / 0.77662660 0.00285340
				-67.51465000 -120.12740000 1.68408200 / 0.76690610 -0.64175930 0.00000000 / 203 0 191 255 / 0.75064080 0.00285340
				-64.46533000 -116.49320000 0.48144530 / 0.76514850 -0.64385380 0.00000000 / 204 0 192 255 / 0.75064080 0.20376590
				-64.46533000 -116.49320000 0.48144530 / 0.76514850 -0.64385380 0.00000000 / 204 0 192 255 / 0.75064080 0.20376590
				-64.33642000 -116.33980000 0.48144530 / 0.76514850 -0.64385380 0.00000000 / 204 0 192 255 / 0.77662660 0.20376590
				-64.33642000 -116.33980000 1.68408200 / 0.76514850 -0.64385380 0.00000000 / 204 0 192 255 / 0.77662660 0.00285340
				-64.33642000 -116.33980000 1.68408200 / 0.76514850 -0.64385380 0.00000000 / 204 0 192 255 / 0.77662660 0.00285340
				-64.46533000 -116.49320000 1.68408200 / 0.76514850 -0.64385380 0.00000000 / 204 0 192 255 / 0.75064080 0.00285340
				-69.44385000 -122.42630000 0.48144530 / 0.76690610 -0.64175930 0.00000000 / 208 0 196 255 / 0.75064080 0.20376590
				-69.44385000 -122.42630000 0.48144530 / 0.76690610 -0.64175930 0.00000000 / 208 0 196 255 / 0.75064080 0.20376590
				-69.31494000 -122.27300000 0.48144530 / 0.76690610 -0.64175930 0.00000000 / 208 0 196 255 / 0.77662660 0.20376590
				-69.31494000 -122.27300000 1.68408200 / 0.76690610 -0.64175930 0.00000000 / 208 0 196 255 / 0.77662660 0.00285340
				-69.31494000 -122.27300000 1.68408200 / 0.76690610 -0.64175930 0.00000000 / 208 0 196 255 / 0.77662660 0.00285340
				-69.44385000 -122.42630000 1.68408200 / 0.76690610 -0.64175930 0.00000000 / 208 0 196 255 / 0.75064080 0.00285340
				-72.73779000 -126.35160000 -4.41308600 / 0.76514850 -0.64385380 0.00000000 / 198 0 187 255 / 0.75064080 0.20376590
				-72.73779000 -126.35160000 -4.41308600 / 0.76514850 -0.64385380 0.00000000 / 198 0 187 255 / 0.75064080 0.20376590
				-72.60889000 -126.19830000 -4.41308600 / 0.76514850 -0.64385380 0.00000000 / 198 0 187 255 / 0.77662660 0.20376590
				-72.60889000 -126.19830000 -3.21093700 / 0.76514850 -0.64385380 0.00000000 / 198 0 187 255 / 0.77662660 0.00285340
				-72.60889000 -126.19830000 -3.21093700 / 0.76514850 -0.64385380 0.00000000 / 198 0 187 255 / 0.77662660 0.00285340
				-72.73779000 -126.35160000 -3.21093700 / 0.76514850 -0.64385380 0.00000000 / 199 0 187 255 / 0.75064080 0.00285340
				-73.37060000 -127.10600000 -4.41308600 / 0.76514850 -0.64385380 0.00000000 / 190 0 179 255 / 0.75064080 0.20376590
				-73.37060000 -127.10600000 -4.41308600 / 0.76514850 -0.64385380 0.00000000 / 190 0 179 255 / 0.75064080 0.20376590
				-73.24170000 -126.95260000 -4.41308600 / 0.76514850 -0.64385380 0.00000000 / 190 0 179 255 / 0.77662660 0.20376590
				-73.24170000 -126.95220000 -3.21093700 / 0.76514850 -0.64385380 0.00000000 / 190 0 179 255 / 0.77662660 0.00285340
				-73.24170000 -126.95220000 -3.21093700 / 0.76514850 -0.64385380 0.00000000 / 190 0 179 255 / 0.77662660 0.00285340
				-73.37060000 -127.10600000 -3.21093700 / 0.76690610 -0.64175930 0.00000000 / 190 0 179 255 / 0.75064080 0.00285340
				-70.32129000 -123.47220000 -4.41308600 / 0.76514850 -0.64385380 0.00000000 / 198 0 187 255 / 0.75064080 0.20376590
				-70.32129000 -123.47220000 -4.41308600 / 0.76514850 -0.64385380 0.00000000 / 198 0 187 255 / 0.75064080 0.20376590
				-70.19238000 -123.31840000 -4.41308600 / 0.76690610 -0.64175930 0.00000000 / 198 0 187 255 / 0.77662660 0.20376590
				-70.19238000 -123.31840000 -3.21093700 / 0.76514850 -0.64385380 0.00000000 / 198 0 187 255 / 0.77662660 0.00285340
				-70.19238000 -123.31840000 -3.21093700 / 0.76514850 -0.64385380 0.00000000 / 198 0 187 255 / 0.77662660 0.00285340
				-70.32129000 -123.47170000 -3.21093700 / 0.76514850 -0.64385380 0.00000000 / 198 0 187 255 / 0.75064080 0.00285340
				-75.29981000 -129.40480000 -4.41308600 / 0.76514850 -0.64385380 0.00000000 / 214 0 201 255 / 0.75064080 0.20376590
				-75.29981000 -129.40480000 -4.41308600 / 0.76514850 -0.64385380 0.00000000 / 214 0 201 255 / 0.75064080 0.20376590
				-75.17090000 -129.25150000 -4.41308600 / 0.76514850 -0.64385380 0.00000000 / 213 0 201 255 / 0.77662660 0.20376590
				-75.17090000 -129.25150000 -3.21093700 / 0.76514850 -0.64385380 0.00000000 / 214 0 201 255 / 0.77662660 0.00285340
				-75.17090000 -129.25150000 -3.21093700 / 0.76514850 -0.64385380 0.00000000 / 214 0 201 255 / 0.77662660 0.00285340
				-75.29981000 -129.40480000 -3.21093700 / 0.76514850 -0.64385380 0.00000000 / 214 0 201 255 / 0.75064080 0.00285340
				-66.88184000 -119.37300000 -4.41308600 / 0.76690610 -0.64175930 0.00000000 / 198 0 186 255 / 0.75064080 0.20376590
				-66.88184000 -119.37300000 -4.41308600 / 0.76690610 -0.64175930 0.00000000 / 198 0 186 255 / 0.75064080 0.20376590
				-66.75293000 -119.21970000 -4.41308600 / 0.76690610 -0.64175930 0.00000000 / 198 0 186 255 / 0.77662660 0.20376590
				-66.75293000 -119.21970000 -3.21093700 / 0.76690610 -0.64175930 0.00000000 / 198 0 186 255 / 0.77662660 0.00285340
				-66.75293000 -119.21970000 -3.21093700 / 0.76690610 -0.64175930 0.00000000 / 198 0 186 255 / 0.77662660 0.00285340
				-66.88184000 -119.37300000 -3.21093700 / 0.76690610 -0.64175930 0.00000000 / 198 0 186 255 / 0.75064080 0.00285340
				-67.51465000 -120.12740000 -4.41308600 / 0.76690610 -0.64175930 0.00000000 / 193 0 182 255 / 0.75064080 0.20376590
				-67.51465000 -120.12740000 -4.41308600 / 0.76690610 -0.64175930 0.00000000 / 193 0 182 255 / 0.75064080 0.20376590
				-67.38574000 -119.97360000 -4.41308600 / 0.76690610 -0.64175930 0.00000000 / 193 0 182 255 / 0.77662660 0.20376590
				-67.38574000 -119.97360000 -3.21093700 / 0.76690610 -0.64175930 0.00000000 / 193 0 182 255 / 0.77662660 0.00285340
				-67.38574000 -119.97360000 -3.21093700 / 0.76690610 -0.64175930 0.00000000 / 193 0 182 255 / 0.77662660 0.00285340
				-67.51465000 -120.12740000 -3.21093700 / 0.76690610 -0.64175930 0.00000000 / 193 0 182 255 / 0.75064080 0.00285340
				-64.46533000 -116.49320000 -4.41308600 / 0.76514850 -0.64385380 0.00000000 / 197 0 186 255 / 0.75064080 0.20376590
				-64.46533000 -116.49320000 -4.41308600 / 0.76514850 -0.64385380 0.00000000 / 197 0 186 255 / 0.75064080 0.20376590
				-64.33691000 -116.33980000 -4.41308600 / 0.76514850 -0.64385380 0.00000000 / 197 0 186 255 / 0.77662660 0.20376590
				-64.33691000 -116.33980000 -3.21093700 / 0.76514850 -0.64385380 0.00000000 / 197 0 186 255 / 0.77662660 0.00285340
				-64.33691000 -116.33980000 -3.21093700 / 0.76514850 -0.64385380 0.00000000 / 197 0 186 255 / 0.77662660 0.00285340
				-64.46533000 -116.49320000 -3.21093700 / 0.76514850 -0.64385380 0.00000000 / 197 0 186 255 / 0.75064080 0.00285340
				-69.44385000 -122.42630000 -4.41308600 / 0.76690610 -0.64175930 0.00000000 / 192 0 181 255 / 0.75064080 0.20376590
				-69.44385000 -122.42630000 -4.41308600 / 0.76690610 -0.64175930 0.00000000 / 192 0 181 255 / 0.75064080 0.20376590
				-69.31494000 -122.27300000 -4.41308600 / 0.76690610 -0.64175930 0.00000000 / 192 0 181 255 / 0.77662660 0.20376590
				-69.31494000 -122.27300000 -3.21093700 / 0.76690610 -0.64175930 0.00000000 / 192 0 181 255 / 0.77662660 0.00285340
				-69.31494000 -122.27300000 -3.21093700 / 0.76690610 -0.64175930 0.00000000 / 192 0 181 255 / 0.77662660 0.00285340
				-69.44385000 -122.42630000 -3.21093700 / 0.76690610 -0.64175930 0.00000000 / 192 0 181 255 / 0.75064080 0.00285340
				-58.38135000 -109.24270000 0.48144530 / 0.76499030 -0.64404180 0.00000000 / 198 0 186 255 / 0.75064080 0.20376590
				-58.38135000 -109.24270000 0.48144530 / 0.76499030 -0.64404180 0.00000000 / 198 0 186 255 / 0.75064080 0.20376590
				-58.25293000 -109.08940000 0.48144530 / 0.76499030 -0.64404180 0.00000000 / 198 0 186 255 / 0.77662660 0.20376590
				-58.25293000 -109.08940000 1.68408200 / 0.76499030 -0.64404180 0.00000000 / 198 0 186 255 / 0.77662660 0.00285340
				-58.25293000 -109.08940000 1.68408200 / 0.76499030 -0.64404180 0.00000000 / 198 0 186 255 / 0.77662660 0.00285340
				-58.38135000 -109.24270000 1.68408200 / 0.76499030 -0.64404180 0.00000000 / 198 0 186 255 / 0.75064080 0.00285340
				-59.01416000 -109.99710000 0.48144530 / 0.76499030 -0.64404180 0.00000000 / 204 0 192 255 / 0.75064080 0.20376590
				-59.01416000 -109.99710000 0.48144530 / 0.76499030 -0.64404180 0.00000000 / 204 0 192 255 / 0.75064080 0.20376590
				-58.88574000 -109.84370000 0.48144530 / 0.76499030 -0.64404180 0.00000000 / 204 0 192 255 / 0.77662660 0.20376590
				-58.88574000 -109.84370000 1.68408200 / 0.76499030 -0.64404180 0.00000000 / 204 0 192 255 / 0.77662660 0.00285340
				-58.88574000 -109.84370000 1.68408200 / 0.76499030 -0.64404180 0.00000000 / 204 0 192 255 / 0.77662660 0.00285340
				-59.01416000 -109.99710000 1.68408200 / 0.76499030 -0.64404180 0.00000000 / 204 0 192 255 / 0.75064080 0.00285340
				-55.96533000 -106.36330000 0.48144530 / 0.76690610 -0.64175930 0.00000000 / 202 0 190 255 / 0.75064080 0.20376590
				-55.96533000 -106.36330000 0.48144530 / 0.76690610 -0.64175930 0.00000000 / 202 0 190 255 / 0.75064080 0.20376590
				-55.83643000 -106.20950000 0.48144530 / 0.76690610 -0.64175930 0.00000000 / 202 0 190 255 / 0.77662660 0.20376590
				-55.83643000 -106.20950000 1.68408200 / 0.76690610 -0.64175930 0.00000000 / 202 0 190 255 / 0.77662660 0.00285340
				-55.83643000 -106.20950000 1.68408200 / 0.76690610 -0.64175930 0.00000000 / 202 0 190 255 / 0.77662660 0.00285340
				-55.96533000 -106.36330000 1.68408200 / 0.76690610 -0.64175930 0.00000000 / 202 0 190 255 / 0.75064080 0.00285340
				-60.94336000 -112.29590000 0.48144530 / 0.76499030 -0.64404180 0.00000000 / 208 0 195 255 / 0.75064080 0.20376590
				-60.94336000 -112.29590000 0.48144530 / 0.76499030 -0.64404180 0.00000000 / 208 0 195 255 / 0.75064080 0.20376590
				-60.81494000 -112.14260000 0.48144530 / 0.76499030 -0.64404180 0.00000000 / 208 0 196 255 / 0.77662660 0.20376590
				-60.81494000 -112.14260000 1.68408200 / 0.76499030 -0.64404180 0.00000000 / 208 0 195 255 / 0.77662660 0.00285340
				-60.81494000 -112.14260000 1.68408200 / 0.76499030 -0.64404180 0.00000000 / 208 0 195 255 / 0.77662660 0.00285340
				-60.94336000 -112.29590000 1.68408200 / 0.76499030 -0.64404180 0.00000000 / 208 0 195 255 / 0.75064080 0.00285340
				-52.52588000 -102.26420000 0.48144530 / 0.76690610 -0.64175930 0.00000000 / 200 0 188 255 / 0.75064080 0.20376590
				-52.52588000 -102.26420000 0.48144530 / 0.76690610 -0.64175930 0.00000000 / 200 0 188 255 / 0.75064080 0.20376590
				-52.39697000 -102.11080000 0.48144530 / 0.76690610 -0.64175930 0.00000000 / 200 0 188 255 / 0.77662660 0.20376590
				-52.39697000 -102.11080000 1.68408200 / 0.76690610 -0.64175930 0.00000000 / 200 0 188 255 / 0.77662660 0.00285340
				-52.39697000 -102.11080000 1.68408200 / 0.76690610 -0.64175930 0.00000000 / 200 0 188 255 / 0.77662660 0.00285340
				-52.52588000 -102.26420000 1.68408200 / 0.76690610 -0.64175930 0.00000000 / 200 0 188 255 / 0.75064080 0.00285340
				-53.15869000 -103.01860000 0.48144530 / 0.76690610 -0.64175930 0.00000000 / 210 0 198 255 / 0.75064080 0.20376590
				-53.15869000 -103.01860000 0.48144530 / 0.76690610 -0.64175930 0.00000000 / 210 0 198 255 / 0.75064080 0.20376590
				-53.02979000 -102.86480000 0.48144530 / 0.76690610 -0.64175930 0.00000000 / 210 0 198 255 / 0.77662660 0.20376590
				-53.02979000 -102.86480000 1.68408200 / 0.76690610 -0.64175930 0.00000000 / 210 0 198 255 / 0.77662660 0.00285340
				-53.02979000 -102.86480000 1.68408200 / 0.76690610 -0.64175930 0.00000000 / 210 0 198 255 / 0.77662660 0.00285340
				-53.15869000 -103.01860000 1.68408200 / 0.76690610 -0.64175930 0.00000000 / 210 0 198 255 / 0.75064080 0.00285340
				-50.10938000 -99.38428000 0.48144530 / 0.76499030 -0.64404180 0.00000000 / 208 0 196 255 / 0.75064080 0.20376590
				-50.10938000 -99.38428000 0.48144530 / 0.76499030 -0.64404180 0.00000000 / 208 0 196 255 / 0.75064080 0.20376590
				-49.98047000 -99.23096000 0.48144530 / 0.76499030 -0.64404180 0.00000000 / 208 0 196 255 / 0.77662660 0.20376590
				-49.98047000 -99.23096000 1.68408200 / 0.76499030 -0.64404180 0.00000000 / 208 0 196 255 / 0.77662660 0.00285340
				-49.98047000 -99.23096000 1.68408200 / 0.76499030 -0.64404180 0.00000000 / 208 0 196 255 / 0.77662660 0.00285340
				-50.10938000 -99.38428000 1.68408200 / 0.76499030 -0.64404180 0.00000000 / 209 0 196 255 / 0.75064080 0.00285340
				-55.08789000 -105.31740000 0.48144530 / 0.76690610 -0.64175930 0.00000000 / 206 0 194 255 / 0.75064080 0.20376590
				-55.08789000 -105.31740000 0.48144530 / 0.76690610 -0.64175930 0.00000000 / 206 0 194 255 / 0.75064080 0.20376590
				-54.95899000 -105.16410000 0.48144530 / 0.76690610 -0.64175930 0.00000000 / 206 0 194 255 / 0.77662660 0.20376590
				-54.95899000 -105.16410000 1.68408200 / 0.76690610 -0.64175930 0.00000000 / 206 0 194 255 / 0.77662660 0.00285340
				-54.95899000 -105.16410000 1.68408200 / 0.76690610 -0.64175930 0.00000000 / 206 0 194 255 / 0.77662660 0.00285340
				-55.08789000 -105.31740000 1.68408200 / 0.76690610 -0.64175930 0.00000000 / 206 0 194 255 / 0.75064080 0.00285340
				-58.38183000 -109.24270000 -4.41308600 / 0.76499030 -0.64404180 0.00000000 / 190 0 179 255 / 0.75064080 0.20376590
				-58.38183000 -109.24270000 -4.41308600 / 0.76499030 -0.64404180 0.00000000 / 190 0 179 255 / 0.75064080 0.20376590
				-58.25293000 -109.08940000 -4.41308600 / 0.76499030 -0.64404180 0.00000000 / 190 0 179 255 / 0.77662660 0.20376590
				-58.25293000 -109.08940000 -3.21093700 / 0.76499030 -0.64404180 0.00000000 / 190 0 179 255 / 0.77662660 0.00285340
				-58.25293000 -109.08940000 -3.21093700 / 0.76499030 -0.64404180 0.00000000 / 190 0 179 255 / 0.77662660 0.00285340
				-58.38183000 -109.24270000 -3.21093700 / 0.76499030 -0.64404180 0.00000000 / 190 0 179 255 / 0.75064080 0.00285340
				-59.01416000 -109.99710000 -4.41308600 / 0.76690610 -0.64175930 0.00000000 / 183 0 173 255 / 0.75064080 0.20376590
				-59.01416000 -109.99710000 -4.41308600 / 0.76690610 -0.64175930 0.00000000 / 183 0 173 255 / 0.75064080 0.20376590
				-58.88574000 -109.84370000 -4.41308600 / 0.76499030 -0.64404180 0.00000000 / 183 0 173 255 / 0.77662660 0.20376590
				-58.88574000 -109.84330000 -3.21093700 / 0.76690610 -0.64175930 0.00000000 / 183 0 173 255 / 0.77662660 0.00285340
				-58.88574000 -109.84330000 -3.21093700 / 0.76690610 -0.64175930 0.00000000 / 183 0 173 255 / 0.77662660 0.00285340
				-59.01416000 -109.99710000 -3.21093700 / 0.76690610 -0.64175930 0.00000000 / 183 0 173 255 / 0.75064080 0.00285340
				-55.96533000 -106.36280000 -4.41308600 / 0.76499030 -0.64404180 0.00000000 / 190 0 179 255 / 0.75064080 0.20376590
				-55.96533000 -106.36280000 -4.41308600 / 0.76499030 -0.64404180 0.00000000 / 190 0 179 255 / 0.75064080 0.20376590
				-55.83643000 -106.20950000 -4.41308600 / 0.76499030 -0.64404180 0.00000000 / 190 0 179 255 / 0.77662660 0.20376590
				-55.83643000 -106.20950000 -3.21093700 / 0.76499030 -0.64404180 0.00000000 / 190 0 179 255 / 0.77662660 0.00285340
				-55.83643000 -106.20950000 -3.21093700 / 0.76499030 -0.64404180 0.00000000 / 190 0 179 255 / 0.77662660 0.00285340
				-55.96533000 -106.36330000 -3.21093700 / 0.76690610 -0.64175930 0.00000000 / 190 0 179 255 / 0.75064080 0.00285340
				-60.94385000 -112.29590000 -4.41308600 / 0.76499030 -0.64404180 0.00000000 / 204 0 192 255 / 0.75064080 0.20376590
				-60.94385000 -112.29590000 -4.41308600 / 0.76499030 -0.64404180 0.00000000 / 204 0 192 255 / 0.75064080 0.20376590
				-60.81494000 -112.14260000 -4.41308600 / 0.76499030 -0.64404180 0.00000000 / 203 0 191 255 / 0.77662660 0.20376590
				-60.81494000 -112.14260000 -3.21093700 / 0.76499030 -0.64404180 0.00000000 / 204 0 192 255 / 0.77662660 0.00285340
				-60.81494000 -112.14260000 -3.21093700 / 0.76499030 -0.64404180 0.00000000 / 204 0 192 255 / 0.77662660 0.00285340
				-60.94385000 -112.29590000 -3.21093700 / 0.76499030 -0.64404180 0.00000000 / 204 0 192 255 / 0.75064080 0.00285340
				-52.52588000 -102.26420000 -4.41308600 / 0.76690610 -0.64175930 0.00000000 / 188 0 177 255 / 0.75064080 0.20376590
				-52.52588000 -102.26420000 -4.41308600 / 0.76690610 -0.64175930 0.00000000 / 188 0 177 255 / 0.75064080 0.20376590
				-52.39697000 -102.11080000 -4.41308600 / 0.76690610 -0.64175930 0.00000000 / 188 0 177 255 / 0.77662660 0.20376590
				-52.39697000 -102.11080000 -3.21093700 / 0.76690610 -0.64175930 0.00000000 / 188 0 177 255 / 0.77662660 0.00285340
				-52.39697000 -102.11080000 -3.21093700 / 0.76690610 -0.64175930 0.00000000 / 188 0 177 255 / 0.77662660 0.00285340
				-52.52588000 -102.26420000 -3.21093700 / 0.76690610 -0.64175930 0.00000000 / 188 0 178 255 / 0.75064080 0.00285340
				-53.15869000 -103.01860000 -4.41308600 / 0.76690610 -0.64175930 0.00000000 / 178 0 168 255 / 0.75064080 0.20376590
				-53.15869000 -103.01860000 -4.41308600 / 0.76690610 -0.64175930 0.00000000 / 178 0 168 255 / 0.75064080 0.20376590
				-53.02979000 -102.86480000 -4.41308600 / 0.76690610 -0.64175930 0.00000000 / 178 0 168 255 / 0.77662660 0.20376590
				-53.02979000 -102.86480000 -3.21093700 / 0.76690610 -0.64175930 0.00000000 / 178 0 168 255 / 0.77662660 0.00285340
				-53.02979000 -102.86480000 -3.21093700 / 0.76690610 -0.64175930 0.00000000 / 178 0 168 255 / 0.77662660 0.00285340
				-53.15869000 -103.01860000 -3.21093700 / 0.76690610 -0.64175930 0.00000000 / 177 0 167 255 / 0.75064080 0.00285340
				-50.10938000 -99.38428000 -4.41308600 / 0.76499030 -0.64404180 0.00000000 / 185 0 174 255 / 0.75064080 0.20376590
				-50.10938000 -99.38428000 -4.41308600 / 0.76499030 -0.64404180 0.00000000 / 185 0 174 255 / 0.75064080 0.20376590
				-49.98047000 -99.23096000 -4.41308600 / 0.76499030 -0.64404180 0.00000000 / 185 0 174 255 / 0.77662660 0.20376590
				-49.98047000 -99.23096000 -3.21093700 / 0.76499030 -0.64404180 0.00000000 / 185 0 174 255 / 0.77662660 0.00285340
				-49.98047000 -99.23096000 -3.21093700 / 0.76499030 -0.64404180 0.00000000 / 185 0 174 255 / 0.77662660 0.00285340
				-50.10938000 -99.38428000 -3.21093700 / 0.76499030 -0.64404180 0.00000000 / 185 0 174 255 / 0.75064080 0.00285340
				-55.08789000 -105.31740000 -4.41308600 / 0.76690610 -0.64175930 0.00000000 / 203 0 191 255 / 0.75064080 0.20376590
				-55.08789000 -105.31740000 -4.41308600 / 0.76690610 -0.64175930 0.00000000 / 203 0 191 255 / 0.75064080 0.20376590
				-54.95899000 -105.16410000 -4.41308600 / 0.76690610 -0.64175930 0.00000000 / 202 0 190 255 / 0.77662660 0.20376590
				-54.95899000 -105.16410000 -3.21093700 / 0.76690610 -0.64175930 0.00000000 / 203 0 191 255 / 0.77662660 0.00285340
				-54.95899000 -105.16410000 -3.21093700 / 0.76690610 -0.64175930 0.00000000 / 203 0 191 255 / 0.77662660 0.00285340
				-55.08789000 -105.31740000 -3.21093700 / 0.76690610 -0.64175930 0.00000000 / 203 0 191 255 / 0.75064080 0.00285340
				-113.06300000 -107.59670000 0.48144530 / -0.64175930 -0.76690610 0.00000000 / 219 0 205 255 / 0.75064080 0.20376590
				-113.06300000 -107.59670000 0.48144530 / -0.64175930 -0.76690610 0.00000000 / 219 0 205 255 / 0.75064080 0.20376590
				-112.90970000 -107.72510000 0.48144530 / -0.64175930 -0.76690610 0.00000000 / 219 0 206 255 / 0.77662660 0.20376590
				-112.90970000 -107.72510000 1.68408200 / -0.64175930 -0.76690610 0.00000000 / 219 0 205 255 / 0.77662660 0.00285340
				-112.90970000 -107.72510000 1.68408200 / -0.64175930 -0.76690610 0.00000000 / 219 0 205 255 / 0.77662660 0.00285340
				-113.06300000 -107.59670000 1.68408200 / -0.64175930 -0.76690610 0.00000000 / 218 0 205 255 / 0.75064080 0.00285340
				-113.81690000 -106.96390000 0.48144530 / -0.64175930 -0.76690610 0.00000000 / 227 0 213 255 / 0.75064080 0.20376590
				-113.81690000 -106.96390000 0.48144530 / -0.64175930 -0.76690610 0.00000000 / 227 0 213 255 / 0.75064080 0.20376590
				-113.66360000 -107.09230000 0.48144530 / -0.64175930 -0.76690610 0.00000000 / 227 0 213 255 / 0.77662660 0.20376590
				-113.66360000 -107.09230000 1.68408200 / -0.64175930 -0.76690610 0.00000000 / 227 0 213 255 / 0.77662660 0.00285340
				-113.66360000 -107.09230000 1.68408200 / -0.64175930 -0.76690610 0.00000000 / 227 0 213 255 / 0.77662660 0.00285340
				-113.81690000 -106.96390000 1.68408200 / -0.64175930 -0.76690610 0.00000000 / 227 0 213 255 / 0.75064080 0.00285340
				-110.18310000 -110.01270000 0.48144530 / -0.64385380 -0.76514850 0.00000000 / 235 0 220 255 / 0.75064080 0.20376590
				-110.18310000 -110.01270000 0.48144530 / -0.64385380 -0.76514850 0.00000000 / 235 0 220 255 / 0.75064080 0.20376590
				-110.02980000 -110.14160000 0.48144530 / -0.64385380 -0.76514850 0.00000000 / 235 0 220 255 / 0.77662660 0.20376590
				-110.02980000 -110.14160000 1.68408200 / -0.64385380 -0.76514850 0.00000000 / 235 0 220 255 / 0.77662660 0.00285340
				-110.02980000 -110.14160000 1.68408200 / -0.64385380 -0.76514850 0.00000000 / 235 0 220 255 / 0.77662660 0.00285340
				-110.18310000 -110.01270000 1.68408200 / -0.64385380 -0.76514850 0.00000000 / 234 0 220 255 / 0.75064080 0.00285340
				-116.11620000 -105.03470000 0.48144530 / -0.64175930 -0.76690610 0.00000000 / 231 0 217 255 / 0.75064080 0.20376590
				-116.11620000 -105.03470000 0.48144530 / -0.64175930 -0.76690610 0.00000000 / 231 0 217 255 / 0.75064080 0.20376590
				-115.96290000 -105.16310000 0.48144530 / -0.64175930 -0.76690610 0.00000000 / 231 0 217 255 / 0.77662660 0.20376590
				-115.96290000 -105.16310000 1.68408200 / -0.64175930 -0.76690610 0.00000000 / 231 0 217 255 / 0.77662660 0.00285340
				-115.96290000 -105.16310000 1.68408200 / -0.64175930 -0.76690610 0.00000000 / 231 0 217 255 / 0.77662660 0.00285340
				-116.11620000 -105.03470000 1.68408200 / -0.64175930 -0.76690610 0.00000000 / 231 0 217 255 / 0.75064080 0.00285340
				-106.08450000 -113.45210000 0.48144530 / -0.64175930 -0.76690610 0.00000000 / 223 0 210 255 / 0.75064080 0.20376590
				-106.08450000 -113.45210000 0.48144530 / -0.64175930 -0.76690610 0.00000000 / 223 0 210 255 / 0.75064080 0.20376590
				-105.93070000 -113.58110000 0.48144530 / -0.64175930 -0.76690610 0.00000000 / 223 0 210 255 / 0.77662660 0.20376590
				-105.93070000 -113.58110000 1.68408200 / -0.64175930 -0.76690610 0.00000000 / 223 0 210 255 / 0.77662660 0.00285340
				-105.93070000 -113.58110000 1.68408200 / -0.64175930 -0.76690610 0.00000000 / 223 0 210 255 / 0.77662660 0.00285340
				-106.08450000 -113.45210000 1.68408200 / -0.64175930 -0.76690610 0.00000000 / 224 0 210 255 / 0.75064080 0.00285340
				-106.83840000 -112.81930000 0.48144530 / -0.64175930 -0.76690610 0.00000000 / 219 0 206 255 / 0.75064080 0.20376590
				-106.83840000 -112.81930000 0.48144530 / -0.64175930 -0.76690610 0.00000000 / 219 0 206 255 / 0.75064080 0.20376590
				-106.68510000 -112.94820000 0.48144530 / -0.64175930 -0.76690610 0.00000000 / 219 0 206 255 / 0.77662660 0.20376590
				-106.68510000 -112.94820000 1.68408200 / -0.64175930 -0.76690610 0.00000000 / 219 0 206 255 / 0.77662660 0.00285340
				-106.68510000 -112.94820000 1.68408200 / -0.64175930 -0.76690610 0.00000000 / 219 0 206 255 / 0.77662660 0.00285340
				-106.83840000 -112.81930000 1.68408200 / -0.64175930 -0.76690610 0.00000000 / 219 0 206 255 / 0.75064080 0.00285340
				-103.20460000 -115.86860000 0.48144530 / -0.64175930 -0.76690610 0.00000000 / 228 0 214 255 / 0.75064080 0.20376590
				-103.20460000 -115.86860000 0.48144530 / -0.64175930 -0.76690610 0.00000000 / 228 0 214 255 / 0.75064080 0.20376590
				-103.05130000 -115.99760000 0.48144530 / -0.64175930 -0.76690610 0.00000000 / 228 0 214 255 / 0.77662660 0.20376590
				-103.05130000 -115.99760000 1.68408200 / -0.64175930 -0.76690610 0.00000000 / 228 0 214 255 / 0.77662660 0.00285340
				-103.05130000 -115.99760000 1.68408200 / -0.64175930 -0.76690610 0.00000000 / 228 0 214 255 / 0.77662660 0.00285340
				-103.20460000 -115.86860000 1.68408200 / -0.64175930 -0.76690610 0.00000000 / 228 0 214 255 / 0.75064080 0.00285340
				-109.13770000 -110.89010000 0.48144530 / -0.64175930 -0.76690610 0.00000000 / 220 0 207 255 / 0.75064080 0.20376590
				-109.13770000 -110.89010000 0.48144530 / -0.64175930 -0.76690610 0.00000000 / 220 0 207 255 / 0.75064080 0.20376590
				-108.98440000 -111.01900000 0.48144530 / -0.64175930 -0.76690610 0.00000000 / 220 0 207 255 / 0.77662660 0.20376590
				-108.98440000 -111.01900000 1.68408200 / -0.64175930 -0.76690610 0.00000000 / 220 0 207 255 / 0.77662660 0.00285340
				-108.98440000 -111.01900000 1.68408200 / -0.64175930 -0.76690610 0.00000000 / 220 0 207 255 / 0.77662660 0.00285340
				-109.13770000 -110.89010000 1.68408200 / -0.64175930 -0.76690610 0.00000000 / 220 0 207 255 / 0.75064080 0.00285340
				-95.95410000 -121.95260000 0.48144530 / -0.64385380 -0.76514850 0.00000000 / 238 0 224 255 / 0.83427430 0.20376590
				-95.95410000 -121.95260000 0.48144530 / -0.64385380 -0.76514850 0.00000000 / 238 0 224 255 / 0.83427430 0.20376590
				-95.80078000 -122.08110000 0.48144530 / -0.64175930 -0.76690610 0.00000000 / 239 0 224 255 / 0.86026000 0.20376590
				-95.80078000 -122.08110000 1.68408200 / -0.64385380 -0.76514850 0.00000000 / 238 0 224 255 / 0.86026000 0.00285340
				-95.80078000 -122.08110000 1.68408200 / -0.64385380 -0.76514850 0.00000000 / 238 0 224 255 / 0.86026000 0.00285340
				-95.95410000 -121.95260000 1.68408200 / -0.64385380 -0.76514850 0.00000000 / 238 0 223 255 / 0.83427430 0.00285340
				-96.70801000 -121.31980000 0.48144530 / -0.64175930 -0.76690610 0.00000000 / 231 0 217 255 / 0.80699160 0.20376590
				-96.70801000 -121.31980000 0.48144530 / -0.64175930 -0.76690610 0.00000000 / 231 0 217 255 / 0.80699160 0.20376590
				-96.55469000 -121.44820000 0.48144530 / -0.64175930 -0.76690610 0.00000000 / 231 0 217 255 / 0.83296200 0.20376590
				-96.55469000 -121.44820000 1.68408200 / -0.64175930 -0.76690610 0.00000000 / 231 0 217 255 / 0.83296200 0.00285340
				-96.55469000 -121.44820000 1.68408200 / -0.64175930 -0.76690610 0.00000000 / 231 0 217 255 / 0.83296200 0.00285340
				-96.70801000 -121.31980000 1.68408200 / -0.64175930 -0.76690610 0.00000000 / 231 0 217 255 / 0.80699160 0.00285340
				-93.07422000 -124.36910000 0.48144530 / -0.64175930 -0.76690610 0.00000000 / 222 0 209 255 / 0.86682130 0.20376590
				-93.07422000 -124.36910000 0.48144530 / -0.64175930 -0.76690610 0.00000000 / 222 0 209 255 / 0.86682130 0.20376590
				-92.92090000 -124.49760000 0.48144530 / -0.64175930 -0.76690610 0.00000000 / 222 0 208 255 / 0.89280700 0.20376590
				-92.92090000 -124.49760000 1.68408200 / -0.64175930 -0.76690610 0.00000000 / 222 0 209 255 / 0.89280700 0.00285340
				-92.92090000 -124.49760000 1.68408200 / -0.64175930 -0.76690610 0.00000000 / 222 0 209 255 / 0.89280700 0.00285340
				-93.07422000 -124.36910000 1.68408200 / -0.64175930 -0.76690610 0.00000000 / 222 0 209 255 / 0.86682130 0.00285340
				-99.00732000 -119.39060000 0.48144530 / -0.64175930 -0.76690610 0.00000000 / 223 0 209 255 / 0.78004450 0.20376590
				-99.00732000 -119.39060000 0.48144530 / -0.64175930 -0.76690610 0.00000000 / 223 0 209 255 / 0.78004450 0.20376590
				-98.85400000 -119.51900000 0.48144530 / -0.64175930 -0.76690610 0.00000000 / 223 0 210 255 / 0.80601500 0.20376590
				-98.85400000 -119.51900000 1.68408200 / -0.64175930 -0.76690610 0.00000000 / 223 0 209 255 / 0.80601500 0.00285340
				-98.85400000 -119.51900000 1.68408200 / -0.64175930 -0.76690610 0.00000000 / 223 0 209 255 / 0.80601500 0.00285340
				-99.00732000 -119.39060000 1.68408200 / -0.64175930 -0.76690610 0.00000000 / 223 0 209 255 / 0.78004450 0.00285340
				-88.97559000 -127.80810000 0.48144530 / -0.64385380 -0.76514850 0.00000000 / 242 0 227 255 / 0.83462530 0.20376590
				-88.97559000 -127.80810000 0.48144530 / -0.64385380 -0.76514850 0.00000000 / 242 0 227 255 / 0.83462530 0.20376590
				-88.82227000 -127.93700000 0.48144530 / -0.64385380 -0.76514850 0.00000000 / 241 0 226 255 / 0.86061100 0.20376590
				-88.82227000 -127.93700000 1.68408200 / -0.64385380 -0.76514850 0.00000000 / 242 0 227 255 / 0.86061100 0.00285340
				-88.82227000 -127.93700000 1.68408200 / -0.64385380 -0.76514850 0.00000000 / 242 0 227 255 / 0.86061100 0.00285340
				-88.97559000 -127.80810000 1.68408200 / -0.64385380 -0.76514850 0.00000000 / 242 0 227 255 / 0.83462530 0.00285340
				-89.72949000 -127.17530000 0.48144530 / -0.64385380 -0.76514850 0.00000000 / 232 0 218 255 / 0.86611940 0.20376590
				-89.72949000 -127.17530000 0.48144530 / -0.64385380 -0.76514850 0.00000000 / 232 0 218 255 / 0.86611940 0.20376590
				-89.57617000 -127.30420000 0.48144530 / -0.64385380 -0.76514850 0.00000000 / 233 0 218 255 / 0.89210510 0.20376590
				-89.57617000 -127.30420000 1.68408200 / -0.64385380 -0.76514850 0.00000000 / 232 0 218 255 / 0.89210510 0.00285340
				-89.57617000 -127.30420000 1.68408200 / -0.64385380 -0.76514850 0.00000000 / 232 0 218 255 / 0.89210510 0.00285340
				-89.72949000 -127.17530000 1.68408200 / -0.64385380 -0.76514850 0.00000000 / 232 0 218 255 / 0.86611940 0.00285340
				-86.09570000 -130.22460000 0.48144530 / -0.64138380 -0.76722010 0.00000000 / 224 0 210 255 / 0.77864070 0.20376590
				-86.09570000 -130.22460000 0.48144530 / -0.64138380 -0.76722010 0.00000000 / 224 0 210 255 / 0.77864070 0.20376590
				-85.94238000 -130.35350000 0.48144530 / -0.64138380 -0.76722010 0.00000000 / 224 0 210 255 / 0.80462650 0.20376590
				-85.94238000 -130.35350000 1.68408200 / -0.64138380 -0.76722010 0.00000000 / 224 0 210 255 / 0.80462650 0.00285340
				-85.94238000 -130.35350000 1.68408200 / -0.64138380 -0.76722010 0.00000000 / 224 0 210 255 / 0.80462650 0.00285340
				-86.09570000 -130.22460000 1.68408200 / -0.64138380 -0.76722010 0.00000000 / 224 0 210 255 / 0.77864070 0.00285340
				-92.02881000 -125.24610000 0.48144530 / -0.64385380 -0.76514850 0.00000000 / 225 0 212 255 / 0.89796450 0.20376590
				-92.02881000 -125.24610000 0.48144530 / -0.64385380 -0.76514850 0.00000000 / 225 0 212 255 / 0.89796450 0.20376590
				-91.87549000 -125.37500000 0.48144530 / -0.64385380 -0.76514850 0.00000000 / 225 0 212 255 / 0.92395020 0.20376590
				-91.87549000 -125.37500000 1.68408200 / -0.64385380 -0.76514850 0.00000000 / 225 0 212 255 / 0.92395020 0.00285340
				-91.87549000 -125.37500000 1.68408200 / -0.64385380 -0.76514850 0.00000000 / 225 0 212 255 / 0.92395020 0.00285340
				-92.02881000 -125.24610000 1.68408200 / -0.64385380 -0.76514850 0.00000000 / 225 0 212 255 / 0.89796450 0.00285340
				-95.95410000 -121.95260000 -4.41308600 / -0.64175930 -0.76690610 0.00000000 / 216 0 203 255 / 0.96899420 0.20376590
				-95.95410000 -121.95260000 -4.41308600 / -0.64175930 -0.76690610 0.00000000 / 216 0 203 255 / 0.96899420 0.20376590
				-95.80078000 -122.08110000 -4.41308600 / -0.64175930 -0.76690610 0.00000000 / 216 0 203 255 / 0.99497990 0.20376590
				-95.80078000 -122.08110000 -3.21093700 / -0.64175930 -0.76690610 0.00000000 / 216 0 203 255 / 0.99497990 0.00285340
				-95.80078000 -122.08110000 -3.21093700 / -0.64175930 -0.76690610 0.00000000 / 216 0 203 255 / 0.99497990 0.00285340
				-95.95410000 -121.95260000 -3.21093700 / -0.64385380 -0.76514850 0.00000000 / 216 0 203 255 / 0.96899420 0.00285340
				-96.70801000 -121.31980000 -4.41308600 / -0.64175930 -0.76690610 0.00000000 / 219 0 206 255 / 0.77934260 0.20376590
				-96.70801000 -121.31980000 -4.41308600 / -0.64175930 -0.76690610 0.00000000 / 219 0 206 255 / 0.77934260 0.20376590
				-96.55469000 -121.44820000 -4.41308600 / -0.64175930 -0.76690610 0.00000000 / 220 0 206 255 / 0.80531310 0.20376590
				-96.55469000 -121.44820000 -3.21093700 / -0.64175930 -0.76690610 0.00000000 / 219 0 206 255 / 0.80531310 0.00285340
				-96.55469000 -121.44820000 -3.21093700 / -0.64175930 -0.76690610 0.00000000 / 219 0 206 255 / 0.80531310 0.00285340
				-96.70801000 -121.31980000 -3.21093700 / -0.64175930 -0.76690610 0.00000000 / 219 0 206 255 / 0.77934260 0.00285340
				-93.07422000 -124.36910000 -4.41308600 / -0.64175930 -0.76690610 0.00000000 / 217 0 204 255 / 0.93505860 0.20376590
				-93.07422000 -124.36910000 -4.41308600 / -0.64175930 -0.76690610 0.00000000 / 217 0 204 255 / 0.93505860 0.20376590
				-92.92090000 -124.49760000 -4.41308600 / -0.64175930 -0.76690610 0.00000000 / 217 0 204 255 / 0.96104430 0.20376590
				-92.92090000 -124.49760000 -3.21093700 / -0.64175930 -0.76690610 0.00000000 / 217 0 204 255 / 0.96104430 0.00285340
				-92.92090000 -124.49760000 -3.21093700 / -0.64175930 -0.76690610 0.00000000 / 217 0 204 255 / 0.96104430 0.00285340
				-93.07422000 -124.36910000 -3.21093700 / -0.64175930 -0.76690610 0.00000000 / 217 0 204 255 / 0.93505860 0.00285340
				-99.00732000 -119.39060000 -4.41308600 / -0.64175930 -0.76690610 0.00000000 / 212 0 199 255 / 0.80593870 0.20376590
				-99.00732000 -119.39060000 -4.41308600 / -0.64175930 -0.76690610 0.00000000 / 212 0 199 255 / 0.80593870 0.20376590
				-98.85400000 -119.51900000 -4.41308600 / -0.64175930 -0.76690610 0.00000000 / 212 0 199 255 / 0.83190920 0.20376590
				-98.85400000 -119.51900000 -3.21093700 / -0.64175930 -0.76690610 0.00000000 / 212 0 199 255 / 0.83190920 0.00285340
				-98.85400000 -119.51900000 -3.21093700 / -0.64175930 -0.76690610 0.00000000 / 212 0 199 255 / 0.83190920 0.00285340
				-99.00732000 -119.39060000 -3.21093700 / -0.64175930 -0.76690610 0.00000000 / 212 0 199 255 / 0.80593870 0.00285340
				-88.97559000 -127.80810000 -4.41308600 / -0.64385380 -0.76514850 0.00000000 / 231 0 217 255 / 0.75064080 0.20376590
				-88.97559000 -127.80810000 -4.41308600 / -0.64385380 -0.76514850 0.00000000 / 231 0 217 255 / 0.75064080 0.20376590
				-88.82227000 -127.93700000 -4.41308600 / -0.64385380 -0.76514850 0.00000000 / 231 0 217 255 / 0.77662660 0.20376590
				-88.82178000 -127.93700000 -3.21093700 / -0.64385380 -0.76514850 0.00000000 / 231 0 217 255 / 0.77662660 0.00285340
				-88.82178000 -127.93700000 -3.21093700 / -0.64385380 -0.76514850 0.00000000 / 231 0 217 255 / 0.77662660 0.00285340
				-88.97559000 -127.80810000 -3.21093700 / -0.64385380 -0.76514850 0.00000000 / 232 0 217 255 / 0.75064080 0.00285340
				-89.72949000 -127.17530000 -4.41308600 / -0.64385380 -0.76514850 0.00000000 / 225 0 211 255 / 0.80664060 0.20376590
				-89.72949000 -127.17530000 -4.41308600 / -0.64385380 -0.76514850 0.00000000 / 225 0 211 255 / 0.80664060 0.20376590
				-89.57617000 -127.30420000 -4.41308600 / -0.64385380 -0.76514850 0.00000000 / 225 0 211 255 / 0.83261110 0.20376590
				-89.57617000 -127.30420000 -3.21093700 / -0.64385380 -0.76514850 0.00000000 / 225 0 211 255 / 0.83261110 0.00285340
				-89.57617000 -127.30420000 -3.21093700 / -0.64385380 -0.76514850 0.00000000 / 225 0 211 255 / 0.83261110 0.00285340
				-89.72949000 -127.17530000 -3.21093700 / -0.64385380 -0.76514850 0.00000000 / 225 0 212 255 / 0.80664060 0.00285340
				-86.09570000 -130.22460000 -4.41308600 / -0.64138380 -0.76722010 0.00000000 / 239 0 224 255 / 0.83497620 0.20376590
				-86.09570000 -130.22460000 -4.41308600 / -0.64138380 -0.76722010 0.00000000 / 239 0 224 255 / 0.83497620 0.20376590
				-85.94238000 -130.35350000 -4.41308600 / -0.64138380 -0.76722010 0.00000000 / 239 0 224 255 / 0.86096190 0.20376590
				-85.94238000 -130.35350000 -3.21093700 / -0.64138380 -0.76722010 0.00000000 / 239 0 224 255 / 0.86096190 0.00285340
				-85.94238000 -130.35350000 -3.21093700 / -0.64138380 -0.76722010 0.00000000 / 239 0 224 255 / 0.86096190 0.00285340
				-86.09570000 -130.22460000 -3.21093700 / -0.64138380 -0.76722010 0.00000000 / 239 0 224 255 / 0.83497620 0.00285340
				-92.02881000 -125.24610000 -4.41308600 / -0.64385380 -0.76514850 0.00000000 / 230 0 216 255 / 0.89831540 0.20376590
				-92.02881000 -125.24610000 -4.41308600 / -0.64385380 -0.76514850 0.00000000 / 230 0 216 255 / 0.89831540 0.20376590
				-91.87549000 -125.37500000 -4.41308600 / -0.64385380 -0.76514850 0.00000000 / 230 0 216 255 / 0.92430120 0.20376590
				-91.87549000 -125.37500000 -3.21093700 / -0.64385380 -0.76514850 0.00000000 / 230 0 216 255 / 0.92430120 0.00285340
				-91.87549000 -125.37500000 -3.21093700 / -0.64385380 -0.76514850 0.00000000 / 230 0 216 255 / 0.92430120 0.00285340
				-92.02881000 -125.24610000 -3.21093700 / -0.64385380 -0.76514850 0.00000000 / 231 0 216 255 / 0.89831540 0.00285340
				-84.14453000 -72.95899000 1.06543000 / 0.99627770 0.08620170 0.00000000 / 237 0 222 255 / 0.75056460 0.30572510
				-84.14453000 -72.95899000 1.06543000 / 0.99627770 0.08620170 0.00000000 / 237 0 222 255 / 0.75056460 0.30572510
				-84.14453000 -72.95899000 1.65918000 / 0.99627770 0.08620170 0.00000000 / 236 0 222 255 / 0.75056460 0.38620000
				-84.05274000 -74.01123000 1.65918000 / 0.99627770 0.08620170 0.00000000 / 237 0 222 255 / 0.82252500 0.38620000
				-84.05274000 -74.01123000 1.65918000 / 0.99627770 0.08620170 0.00000000 / 237 0 222 255 / 0.82252500 0.38620000
				-84.05274000 -74.01123000 1.06543000 / 0.99627770 0.08620170 0.00000000 / 237 0 222 255 / 0.82252500 0.30572510
				-84.40967000 -69.93408000 1.06543000 / 0.99627770 0.08620170 0.00000000 / 234 0 220 255 / 0.75056460 0.30572510
				-84.40967000 -69.93408000 1.06543000 / 0.99627770 0.08620170 0.00000000 / 234 0 220 255 / 0.75056460 0.30572510
				-84.40967000 -69.93408000 1.65918000 / 0.99627770 0.08620170 0.00000000 / 235 0 220 255 / 0.75056460 0.38620000
				-84.31738000 -70.98633000 1.65918000 / 0.99627770 0.08620170 0.00000000 / 234 0 220 255 / 0.82252500 0.38620000
				-84.31738000 -70.98633000 1.65918000 / 0.99627770 0.08620170 0.00000000 / 234 0 220 255 / 0.82252500 0.38620000
				-84.31738000 -70.98633000 1.06543000 / 0.99627770 0.08620170 0.00000000 / 234 0 219 255 / 0.82252500 0.30572510
				-84.83349000 -65.08644000 1.06543000 / 0.99627770 0.08620170 0.00000000 / 227 0 213 255 / 0.75056460 0.30572510
				-84.83349000 -65.08644000 1.06543000 / 0.99627770 0.08620170 0.00000000 / 227 0 213 255 / 0.75056460 0.30572510
				-84.83349000 -65.08644000 1.65918000 / 0.99627770 0.08620170 0.00000000 / 227 0 213 255 / 0.75056460 0.38620000
				-84.74121000 -66.13818000 1.65918000 / 0.99627770 0.08620170 0.00000000 / 227 0 213 255 / 0.82252500 0.38620000
				-84.74121000 -66.13818000 1.65918000 / 0.99627770 0.08620170 0.00000000 / 227 0 213 255 / 0.82252500 0.38620000
				-84.74121000 -66.13818000 1.06543000 / 0.99627770 0.08620170 0.00000000 / 226 0 213 255 / 0.82252500 0.30572510
				-83.31152000 -79.83740000 -4.20507800 / 0.99627770 0.08620170 0.00000000 / 200 0 188 255 / 0.83436580 0.22241210
				-83.31152000 -79.83740000 -4.20507800 / 0.99627770 0.08620170 0.00000000 / 200 0 188 255 / 0.83436580 0.22241210
				-83.31152000 -79.83740000 -4.90722700 / 0.99627770 0.08620170 0.00000000 / 200 0 189 255 / 0.83436580 0.37518310
				-83.31738000 -79.76806000 -4.90722700 / 0.99627770 0.08620170 0.00000000 / 200 0 188 255 / 0.86213680 0.37518310
				-83.31738000 -79.76806000 -4.90722700 / 0.99627770 0.08620170 0.00000000 / 200 0 188 255 / 0.86213680 0.37518310
				-83.31738000 -79.76806000 -4.20507800 / 0.99627770 0.08620170 0.00000000 / 200 0 188 255 / 0.86213680 0.22241210
				-85.82861000 -63.01123000 -4.26464900 / 0.64175930 0.76690610 0.00000000 / 216 0 203 255 / 0.83436580 0.22241210
				-85.82861000 -63.01123000 -4.26464900 / 0.64175930 0.76690610 0.00000000 / 216 0 203 255 / 0.83436580 0.22241210
				-85.82861000 -63.01123000 -4.96679700 / 0.64175930 0.76690610 0.00000000 / 215 0 202 255 / 0.83436580 0.37518310
				-85.88184000 -62.96631000 -4.96679700 / 0.64175930 0.76690610 0.00000000 / 216 0 203 255 / 0.86213680 0.37518310
				-85.88184000 -62.96631000 -4.96679700 / 0.64175930 0.76690610 0.00000000 / 216 0 203 255 / 0.86213680 0.37518310
				-85.88184000 -62.96631000 -4.26464900 / 0.64175930 0.76690610 0.00000000 / 217 0 204 255 / 0.86213680 0.22241210
				-50.02344000 -93.05469000 -4.26464900 / 0.64175930 0.76690610 0.00000000 / 205 0 193 255 / 0.83436580 0.22241210
				-50.02344000 -93.05469000 -4.26464900 / 0.64175930 0.76690610 0.00000000 / 205 0 193 255 / 0.83436580 0.22241210
				-50.02344000 -93.05469000 -4.96679700 / 0.64175930 0.76690610 0.00000000 / 205 0 193 255 / 0.83436580 0.37518310
				-50.07715000 -93.00976000 -4.96679700 / 0.64175930 0.76690610 0.00000000 / 205 0 193 255 / 0.86213680 0.37518310
				-50.07715000 -93.00976000 -4.96679700 / 0.64175930 0.76690610 0.00000000 / 205 0 193 255 / 0.86213680 0.37518310
				-50.07715000 -93.00976000 -4.26464900 / 0.64175930 0.76690610 0.00000000 / 205 0 193 255 / 0.86213680 0.22241210
				-67.21484000 -93.67823000 -4.20507800 / -0.08620170 0.99627770 0.00000000 / 217 0 204 255 / 0.83436580 0.22241210
				-67.21484000 -93.67823000 -4.20507800 / -0.08620170 0.99627770 0.00000000 / 217 0 204 255 / 0.83436580 0.22241210
				-67.21484000 -93.67823000 -4.90722700 / -0.08620170 0.99627770 0.00000000 / 217 0 204 255 / 0.83436580 0.37518310
				-67.28467000 -93.68457000 -4.90722700 / -0.08620170 0.99627770 0.00000000 / 217 0 204 255 / 0.86213680 0.37518310
				-67.28467000 -93.68457000 -4.90722700 / -0.08620170 0.99627770 0.00000000 / 217 0 204 255 / 0.86213680 0.37518310
				-67.28467000 -93.68457000 -4.20507800 / -0.08620170 0.99627770 0.00000000 / 217 0 204 255 / 0.86213680 0.22241210
				-90.74365000 -62.62988000 -4.26464900 / -0.76514850 0.64385380 0.00000000 / 162 0 153 255 / 0.83436580 0.22241210
				-90.74365000 -62.62988000 -4.26464900 / -0.76514850 0.64385380 0.00000000 / 162 0 153 255 / 0.83436580 0.22241210
				-90.74365000 -62.62988000 -4.96679700 / -0.76514850 0.64385380 0.00000000 / 162 0 153 255 / 0.83436580 0.37518310
				-90.78906000 -62.68359000 -4.96679700 / -0.76514850 0.64385380 0.00000000 / 162 0 153 255 / 0.86213680 0.37518310
				-90.78906000 -62.68359000 -4.96679700 / -0.76514850 0.64385380 0.00000000 / 162 0 153 255 / 0.86213680 0.37518310
				-90.78906000 -62.68359000 -4.26464900 / -0.76514850 0.64385380 0.00000000 / 162 0 153 255 / 0.86213680 0.22241210
				-53.11426000 -92.69043000 1.06543000 / -0.08582309 0.99631040 0.00000000 / 220 0 206 255 / 0.75056460 0.30572510
				-53.11426000 -92.69043000 1.06543000 / -0.08582309 0.99631040 0.00000000 / 220 0 206 255 / 0.75056460 0.30572510
				-53.11426000 -92.69043000 1.65918000 / -0.08582309 0.99631040 0.00000000 / 220 0 206 255 / 0.75056460 0.38620000
				-52.06250000 -92.59813000 1.65918000 / -0.08582309 0.99631040 0.00000000 / 220 0 206 255 / 0.82252500 0.38620000
				-52.06250000 -92.59813000 1.65918000 / -0.08582309 0.99631040 0.00000000 / 220 0 206 255 / 0.82252500 0.38620000
				-52.06250000 -92.59813000 1.06543000 / -0.08582309 0.99631040 0.00000000 / 220 0 207 255 / 0.82252500 0.30572510
				-39.34766000 -126.37550000 0.48144530 / -1.00000000 0.00000000 0.00000000 / 233 0 218 255 / 0.77839660 0.20376590
				-39.34766000 -126.37550000 0.48144530 / -1.00000000 0.00000000 0.00000000 / 233 0 218 255 / 0.77839660 0.20376590
				-39.34766000 -126.37550000 1.68408200 / -1.00000000 0.00000000 0.00000000 / 232 0 218 255 / 0.77839660 0.00285340
				-39.34766000 -126.17530000 1.68408200 / -1.00000000 0.00000000 0.00000000 / 233 0 218 255 / 0.80438230 0.00285340
				-39.34766000 -126.17530000 1.68408200 / -1.00000000 0.00000000 0.00000000 / 233 0 218 255 / 0.80438230 0.00285340
				-39.34766000 -126.17530000 0.48144530 / -1.00000000 0.00000000 0.00000000 / 233 0 218 255 / 0.80438230 0.20376590
				-39.34766000 -127.35990000 0.48144530 / -1.00000000 0.00000000 0.00000000 / 215 0 202 255 / 0.75064080 0.20376590
				-39.34766000 -127.35990000 0.48144530 / -1.00000000 0.00000000 0.00000000 / 215 0 202 255 / 0.75064080 0.20376590
				-39.34766000 -127.35990000 1.68408200 / -1.00000000 0.00000000 0.00000000 / 215 0 202 255 / 0.75064080 0.00285340
				-39.34766000 -127.15970000 1.68408200 / -1.00000000 0.00000000 0.00000000 / 215 0 202 255 / 0.77662660 0.00285340
				-39.34766000 -127.15970000 1.68408200 / -1.00000000 0.00000000 0.00000000 / 215 0 202 255 / 0.77662660 0.00285340
				-39.34766000 -127.15970000 0.48144530 / -1.00000000 0.00000000 0.00000000 / 215 0 202 255 / 0.77662660 0.20376590
				-39.34766000 -122.61620000 0.48144530 / -1.00000000 0.00000000 0.00000000 / 201 0 189 255 / 0.77839660 0.20376590
				-39.34766000 -122.61620000 0.48144530 / -1.00000000 0.00000000 0.00000000 / 201 0 189 255 / 0.77839660 0.20376590
				-39.34766000 -122.61620000 1.68408200 / -1.00000000 0.00000000 0.00000000 / 201 0 189 255 / 0.77839660 0.00285340
				-39.34766000 -122.41600000 1.68408200 / -1.00000000 0.00000000 0.00000000 / 201 0 189 255 / 0.80438230 0.00285340
				-39.34766000 -122.41600000 1.68408200 / -1.00000000 0.00000000 0.00000000 / 201 0 189 255 / 0.80438230 0.00285340
				-39.34766000 -122.41600000 0.48144530 / -1.00000000 0.00000000 0.00000000 / 200 0 188 255 / 0.80438230 0.20376590
				-39.34766000 -135.48540000 -4.41308600 / -1.00000000 0.00000000 0.00000000 / 192 0 180 255 / 0.80705260 0.20376590
				-39.34766000 -135.48540000 -4.41308600 / -1.00000000 0.00000000 0.00000000 / 192 0 180 255 / 0.80705260 0.20376590
				-39.34766000 -135.48540000 -3.21093700 / -1.00000000 0.00000000 0.00000000 / 191 0 180 255 / 0.80705260 0.00285340
				-39.34766000 -135.28520000 -3.21093700 / -1.00000000 0.00000000 0.00000000 / 192 0 180 255 / 0.83303830 0.00285340
				-39.34766000 -135.28520000 -3.21093700 / -1.00000000 0.00000000 0.00000000 / 192 0 180 255 / 0.83303830 0.00285340
				-39.34766000 -135.28520000 -4.41308600 / -1.00000000 0.00000000 0.00000000 / 192 0 181 255 / 0.83303830 0.20376590
				-39.34766000 -136.46970000 -4.41308600 / -1.00000000 0.00000000 0.00000000 / 188 0 178 255 / 0.80705260 0.20376590
				-39.34766000 -136.46970000 -4.41308600 / -1.00000000 0.00000000 0.00000000 / 188 0 178 255 / 0.80705260 0.20376590
				-39.34766000 -136.46970000 -3.21093700 / -1.00000000 0.00000000 0.00000000 / 188 0 178 255 / 0.80705260 0.00285340
				-39.34766000 -136.26950000 -3.21093700 / -1.00000000 0.00000000 0.00000000 / 188 0 178 255 / 0.83303830 0.00285340
				-39.34766000 -136.26950000 -3.21093700 / -1.00000000 0.00000000 0.00000000 / 188 0 178 255 / 0.83303830 0.00285340
				-39.34766000 -136.26950000 -4.41308600 / -1.00000000 0.00000000 0.00000000 / 188 0 177 255 / 0.83303830 0.20376590
				-39.34766000 -131.72610000 -4.41308600 / -1.00000000 0.00000000 0.00000000 / 171 0 161 255 / 0.80705260 0.20376590
				-39.34766000 -131.72610000 -4.41308600 / -1.00000000 0.00000000 0.00000000 / 171 0 161 255 / 0.80705260 0.20376590
				-39.34766000 -131.72610000 -3.21093700 / -1.00000000 0.00000000 0.00000000 / 171 0 161 255 / 0.80705260 0.00285340
				-39.34766000 -131.52590000 -3.21093700 / -1.00000000 0.00000000 0.00000000 / 171 0 161 255 / 0.83303830 0.00285340
				-39.34766000 -131.52590000 -3.21093700 / -1.00000000 0.00000000 0.00000000 / 171 0 161 255 / 0.83303830 0.00285340
				-39.34766000 -131.52590000 -4.41308600 / -1.00000000 0.00000000 0.00000000 / 171 0 161 255 / 0.83303830 0.20376590
				-39.34766000 -139.47120000 -4.41308600 / -1.00000000 0.00000000 0.00000000 / 213 0 200 255 / 0.80705260 0.20376590
				-39.34766000 -139.47120000 -4.41308600 / -1.00000000 0.00000000 0.00000000 / 213 0 200 255 / 0.80705260 0.20376590
				-39.34766000 -139.47120000 -3.21093700 / -1.00000000 0.00000000 0.00000000 / 213 0 200 255 / 0.80705260 0.00285340
				-39.34766000 -139.27100000 -3.21093700 / -1.00000000 0.00000000 0.00000000 / 213 0 200 255 / 0.83303830 0.00285340
				-39.34766000 -139.27100000 -3.21093700 / -1.00000000 0.00000000 0.00000000 / 213 0 200 255 / 0.83303830 0.00285340
				-39.34766000 -139.27100000 -4.41308600 / -1.00000000 0.00000000 0.00000000 / 213 0 200 255 / 0.83303830 0.20376590
				-39.34766000 -126.37550000 -4.41308600 / -1.00000000 0.00000000 0.00000000 / 182 0 172 255 / 0.83435060 0.20376590
				-39.34766000 -126.37550000 -4.41308600 / -1.00000000 0.00000000 0.00000000 / 182 0 172 255 / 0.83435060 0.20376590
				-39.34766000 -126.37550000 -3.21093700 / -1.00000000 0.00000000 0.00000000 / 182 0 172 255 / 0.83435060 0.00285340
				-39.34766000 -126.17530000 -3.21093700 / -1.00000000 0.00000000 0.00000000 / 182 0 172 255 / 0.86033630 0.00285340
				-39.34766000 -126.17530000 -3.21093700 / -1.00000000 0.00000000 0.00000000 / 182 0 172 255 / 0.86033630 0.00285340
				-39.34766000 -126.17530000 -4.41308600 / -1.00000000 0.00000000 0.00000000 / 182 0 172 255 / 0.86033630 0.20376590
				-39.34766000 -127.35990000 -4.41308600 / -1.00000000 0.00000000 0.00000000 / 195 0 184 255 / 0.75064080 0.20376590
				-39.34766000 -127.35990000 -4.41308600 / -1.00000000 0.00000000 0.00000000 / 195 0 184 255 / 0.75064080 0.20376590
				-39.34766000 -127.35990000 -3.21093700 / -1.00000000 0.00000000 0.00000000 / 196 0 184 255 / 0.75064080 0.00285340
				-39.34766000 -127.15970000 -3.21093700 / -1.00000000 0.00000000 0.00000000 / 195 0 184 255 / 0.77662660 0.00285340
				-39.34766000 -127.15970000 -3.21093700 / -1.00000000 0.00000000 0.00000000 / 195 0 184 255 / 0.77662660 0.00285340
				-39.34766000 -127.15970000 -4.41308600 / -1.00000000 0.00000000 0.00000000 / 195 0 184 255 / 0.77662660 0.20376590
				-39.34766000 -122.61620000 -4.41308600 / -1.00000000 0.00000000 0.00000000 / 200 0 188 255 / 0.86619570 0.20376590
				-39.34766000 -122.61620000 -4.41308600 / -1.00000000 0.00000000 0.00000000 / 200 0 188 255 / 0.86619570 0.20376590
				-39.34766000 -122.61620000 -3.21093700 / -1.00000000 0.00000000 0.00000000 / 199 0 188 255 / 0.86619570 0.00285340
				-39.34766000 -122.41600000 -3.21093700 / -1.00000000 0.00000000 0.00000000 / 200 0 188 255 / 0.89216610 0.00285340
				-39.34766000 -122.41600000 -3.21093700 / -1.00000000 0.00000000 0.00000000 / 200 0 188 255 / 0.89216610 0.00285340
				-39.34766000 -122.41600000 -4.41308600 / -1.00000000 0.00000000 0.00000000 / 200 0 188 255 / 0.89216610 0.20376590
				-39.34766000 -130.36130000 -4.41308600 / -1.00000000 0.00000000 0.00000000 / 168 0 159 255 / 0.80705260 0.20376590
				-39.34766000 -130.36130000 -4.41308600 / -1.00000000 0.00000000 0.00000000 / 168 0 159 255 / 0.80705260 0.20376590
				-39.34766000 -130.36130000 -3.21093700 / -1.00000000 0.00000000 0.00000000 / 169 0 159 255 / 0.80705260 0.00285340
				-39.34766000 -130.16110000 -3.21093700 / -1.00000000 0.00000000 0.00000000 / 168 0 159 255 / 0.83303830 0.00285340
				-39.34766000 -130.16110000 -3.21093700 / -1.00000000 0.00000000 0.00000000 / 168 0 159 255 / 0.83303830 0.00285340
				-39.34766000 -130.16110000 -4.41308600 / -1.00000000 0.00000000 0.00000000 / 168 0 159 255 / 0.83303830 0.20376590
				-39.34766000 -113.15140000 0.48144530 / -1.00000000 0.00000000 0.00000000 / 221 0 208 255 / 0.75064080 0.20376590
				-39.34766000 -113.15140000 0.48144530 / -1.00000000 0.00000000 0.00000000 / 221 0 208 255 / 0.75064080 0.20376590
				-39.34766000 -113.15140000 1.68408200 / -1.00000000 0.00000000 0.00000000 / 221 0 207 255 / 0.75064080 0.00285340
				-39.34766000 -112.95120000 1.68408200 / -1.00000000 0.00000000 0.00000000 / 221 0 208 255 / 0.77662660 0.00285340
				-39.34766000 -112.95120000 1.68408200 / -1.00000000 0.00000000 0.00000000 / 221 0 208 255 / 0.77662660 0.00285340
				-39.34766000 -112.95120000 0.48144530 / -1.00000000 0.00000000 0.00000000 / 221 0 208 255 / 0.77662660 0.20376590
				-39.34766000 -114.13570000 0.48144530 / -1.00000000 0.00000000 0.00000000 / 214 0 202 255 / 0.75064080 0.20376590
				-39.34766000 -114.13570000 0.48144530 / -1.00000000 0.00000000 0.00000000 / 214 0 202 255 / 0.75064080 0.20376590
				-39.34766000 -114.13570000 1.68408200 / -1.00000000 0.00000000 0.00000000 / 215 0 202 255 / 0.75064080 0.00285340
				-39.34766000 -113.93550000 1.68408200 / -1.00000000 0.00000000 0.00000000 / 214 0 202 255 / 0.77662660 0.00285340
				-39.34766000 -113.93550000 1.68408200 / -1.00000000 0.00000000 0.00000000 / 214 0 202 255 / 0.77662660 0.00285340
				-39.34766000 -113.93550000 0.48144530 / -1.00000000 0.00000000 0.00000000 / 214 0 201 255 / 0.77662660 0.20376590
				-39.34766000 -109.39210000 0.48144530 / -1.00000000 0.00000000 0.00000000 / 200 0 188 255 / 0.75064080 0.20376590
				-39.34766000 -109.39210000 0.48144530 / -1.00000000 0.00000000 0.00000000 / 200 0 188 255 / 0.75064080 0.20376590
				-39.34766000 -109.39210000 1.68408200 / -1.00000000 0.00000000 0.00000000 / 200 0 188 255 / 0.75064080 0.00285340
				-39.34766000 -109.19190000 1.68408200 / -1.00000000 0.00000000 0.00000000 / 200 0 188 255 / 0.77662660 0.00285340
				-39.34766000 -109.19190000 1.68408200 / -1.00000000 0.00000000 0.00000000 / 200 0 188 255 / 0.77662660 0.00285340
				-39.34766000 -109.19190000 0.48144530 / -1.00000000 0.00000000 0.00000000 / 200 0 188 255 / 0.77662660 0.20376590
				-39.34766000 -117.13720000 0.48144530 / -1.00000000 0.00000000 0.00000000 / 195 0 184 255 / 0.75064080 0.20376590
				-39.34766000 -117.13720000 0.48144530 / -1.00000000 0.00000000 0.00000000 / 195 0 184 255 / 0.75064080 0.20376590
				-39.34766000 -117.13720000 1.68408200 / -1.00000000 0.00000000 0.00000000 / 195 0 184 255 / 0.75064080 0.00285340
				-39.34766000 -116.93700000 1.68408200 / -1.00000000 0.00000000 0.00000000 / 195 0 184 255 / 0.77662660 0.00285340
				-39.34766000 -116.93700000 1.68408200 / -1.00000000 0.00000000 0.00000000 / 195 0 184 255 / 0.77662660 0.00285340
				-39.34766000 -116.93700000 0.48144530 / -1.00000000 0.00000000 0.00000000 / 195 0 184 255 / 0.77662660 0.20376590
				-39.34766000 -104.04150000 0.48144530 / -1.00000000 0.00000000 0.00000000 / 201 0 189 255 / 0.75064080 0.20376590
				-39.34766000 -104.04150000 0.48144530 / -1.00000000 0.00000000 0.00000000 / 201 0 189 255 / 0.75064080 0.20376590
				-39.34766000 -104.04150000 1.68408200 / -1.00000000 0.00000000 0.00000000 / 201 0 189 255 / 0.75064080 0.00285340
				-39.34766000 -103.84130000 1.68408200 / -1.00000000 0.00000000 0.00000000 / 201 0 189 255 / 0.77662660 0.00285340
				-39.34766000 -103.84130000 1.68408200 / -1.00000000 0.00000000 0.00000000 / 201 0 189 255 / 0.77662660 0.00285340
				-39.34766000 -103.84130000 0.48144530 / -1.00000000 0.00000000 0.00000000 / 201 0 189 255 / 0.77662660 0.20376590
				-39.34766000 -105.02590000 0.48144530 / -1.00000000 0.00000000 0.00000000 / 201 0 189 255 / 0.75064080 0.20376590
				-39.34766000 -105.02590000 0.48144530 / -1.00000000 0.00000000 0.00000000 / 201 0 189 255 / 0.75064080 0.20376590
				-39.34766000 -105.02590000 1.68408200 / -1.00000000 0.00000000 0.00000000 / 201 0 189 255 / 0.75064080 0.00285340
				-39.34766000 -104.82570000 1.68408200 / -1.00000000 0.00000000 0.00000000 / 201 0 189 255 / 0.77662660 0.00285340
				-39.34766000 -104.82570000 1.68408200 / -1.00000000 0.00000000 0.00000000 / 201 0 189 255 / 0.77662660 0.00285340
				-39.34766000 -104.82570000 0.48144530 / -1.00000000 0.00000000 0.00000000 / 201 0 189 255 / 0.77662660 0.20376590
				-39.34766000 -100.28220000 0.48144530 / -1.00000000 0.00000000 0.00000000 / 213 0 200 255 / 0.83480830 0.20376590
				-39.34766000 -100.28220000 0.48144530 / -1.00000000 0.00000000 0.00000000 / 213 0 200 255 / 0.83480830 0.20376590
				-39.34766000 -100.28220000 1.68408200 / -1.00000000 0.00000000 0.00000000 / 213 0 200 255 / 0.83480830 0.00285340
				-39.34766000 -100.08200000 1.68408200 / -1.00000000 0.00000000 0.00000000 / 213 0 200 255 / 0.86077880 0.00285340
				-39.34766000 -100.08200000 1.68408200 / -1.00000000 0.00000000 0.00000000 / 213 0 200 255 / 0.86077880 0.00285340
				-39.34766000 -100.08200000 0.48144530 / -1.00000000 0.00000000 0.00000000 / 212 0 200 255 / 0.86077880 0.20376590
				-39.34766000 -108.02730000 0.48144530 / -1.00000000 0.00000000 0.00000000 / 208 0 196 255 / 0.75064080 0.20376590
				-39.34766000 -108.02730000 0.48144530 / -1.00000000 0.00000000 0.00000000 / 208 0 196 255 / 0.75064080 0.20376590
				-39.34766000 -108.02730000 1.68408200 / -1.00000000 0.00000000 0.00000000 / 208 0 196 255 / 0.75064080 0.00285340
				-39.34766000 -107.82710000 1.68408200 / -1.00000000 0.00000000 0.00000000 / 208 0 196 255 / 0.77662660 0.00285340
				-39.34766000 -107.82710000 1.68408200 / -1.00000000 0.00000000 0.00000000 / 208 0 196 255 / 0.77662660 0.00285340
				-39.34766000 -107.82710000 0.48144530 / -1.00000000 0.00000000 0.00000000 / 208 0 195 255 / 0.77662660 0.20376590
				-39.34766000 -113.15140000 -4.41308600 / -1.00000000 0.00000000 0.00000000 / 193 0 182 255 / 0.75064080 0.20376590
				-39.34766000 -113.15140000 -4.41308600 / -1.00000000 0.00000000 0.00000000 / 193 0 182 255 / 0.75064080 0.20376590
				-39.34766000 -113.15140000 -3.21093700 / -1.00000000 0.00000000 0.00000000 / 193 0 182 255 / 0.75064080 0.00285340
				-39.34766000 -112.95120000 -3.21093700 / -1.00000000 0.00000000 0.00000000 / 193 0 182 255 / 0.77662660 0.00285340
				-39.34766000 -112.95120000 -3.21093700 / -1.00000000 0.00000000 0.00000000 / 193 0 182 255 / 0.77662660 0.00285340
				-39.34766000 -112.95120000 -4.41308600 / -1.00000000 0.00000000 0.00000000 / 193 0 182 255 / 0.77662660 0.20376590
				-39.34766000 -114.13570000 -4.41308600 / -1.00000000 0.00000000 0.00000000 / 204 0 192 255 / 0.75064080 0.20376590
				-39.34766000 -114.13570000 -4.41308600 / -1.00000000 0.00000000 0.00000000 / 204 0 192 255 / 0.75064080 0.20376590
				-39.34766000 -114.13570000 -3.21093700 / -1.00000000 0.00000000 0.00000000 / 204 0 192 255 / 0.75064080 0.00285340
				-39.34766000 -113.93550000 -3.21093700 / -1.00000000 0.00000000 0.00000000 / 204 0 192 255 / 0.77662660 0.00285340
				-39.34766000 -113.93550000 -3.21093700 / -1.00000000 0.00000000 0.00000000 / 204 0 192 255 / 0.77662660 0.00285340
				-39.34766000 -113.93550000 -4.41308600 / -1.00000000 0.00000000 0.00000000 / 204 0 191 255 / 0.77662660 0.20376590
				-39.34766000 -109.39210000 -4.41308600 / -1.00000000 0.00000000 0.00000000 / 194 0 183 255 / 0.77975460 0.20376590
				-39.34766000 -109.39210000 -4.41308600 / -1.00000000 0.00000000 0.00000000 / 194 0 183 255 / 0.77975460 0.20376590
				-39.34766000 -109.39210000 -3.21093700 / -1.00000000 0.00000000 0.00000000 / 194 0 183 255 / 0.77975460 0.00285340
				-39.34766000 -109.19190000 -3.21093700 / -1.00000000 0.00000000 0.00000000 / 194 0 183 255 / 0.80574030 0.00285340
				-39.34766000 -109.19190000 -3.21093700 / -1.00000000 0.00000000 0.00000000 / 194 0 183 255 / 0.80574030 0.00285340
				-39.34766000 -109.19190000 -4.41308600 / -1.00000000 0.00000000 0.00000000 / 194 0 182 255 / 0.80574030 0.20376590
				-39.34766000 -117.13720000 -4.41308600 / -1.00000000 0.00000000 0.00000000 / 198 0 186 255 / 0.86619570 0.20376590
				-39.34766000 -117.13720000 -4.41308600 / -1.00000000 0.00000000 0.00000000 / 198 0 186 255 / 0.86619570 0.20376590
				-39.34766000 -117.13720000 -3.21093700 / -1.00000000 0.00000000 0.00000000 / 198 0 186 255 / 0.86619570 0.00285340
				-39.34766000 -116.93700000 -3.21093700 / -1.00000000 0.00000000 0.00000000 / 198 0 186 255 / 0.89216610 0.00285340
				-39.34766000 -116.93700000 -3.21093700 / -1.00000000 0.00000000 0.00000000 / 198 0 186 255 / 0.89216610 0.00285340
				-39.34766000 -116.93700000 -4.41308600 / -1.00000000 0.00000000 0.00000000 / 198 0 186 255 / 0.89216610 0.20376590
				-39.34766000 -108.02730000 -4.41308600 / -1.00000000 0.00000000 0.00000000 / 189 0 178 255 / 0.77975460 0.20376590
				-39.34766000 -108.02730000 -4.41308600 / -1.00000000 0.00000000 0.00000000 / 189 0 178 255 / 0.77975460 0.20376590
				-39.34766000 -108.02730000 -3.21093700 / -1.00000000 0.00000000 0.00000000 / 189 0 178 255 / 0.77975460 0.00285340
				-39.34766000 -107.82710000 -3.21093700 / -1.00000000 0.00000000 0.00000000 / 189 0 178 255 / 0.80574030 0.00285340
				-39.34766000 -107.82710000 -3.21093700 / -1.00000000 0.00000000 0.00000000 / 189 0 178 255 / 0.80574030 0.00285340
				-39.34766000 -107.82710000 -4.41308600 / -1.00000000 0.00000000 0.00000000 / 189 0 178 255 / 0.80574030 0.20376590
				15.15234000 -135.48540000 0.48144530 / 1.00000000 0.00000000 0.00000000 / 227 0 213 255 / 0.75064080 0.20376590
				15.15234000 -135.48540000 0.48144530 / 1.00000000 0.00000000 0.00000000 / 227 0 213 255 / 0.75064080 0.20376590
				15.15234000 -135.28520000 0.48144530 / 1.00000000 0.00000000 0.00000000 / 227 0 213 255 / 0.77662660 0.20376590
				15.15234000 -135.28520000 1.68408200 / 1.00000000 0.00000000 0.00000000 / 227 0 213 255 / 0.77662660 0.00285340
				15.15234000 -135.28520000 1.68408200 / 1.00000000 0.00000000 0.00000000 / 227 0 213 255 / 0.77662660 0.00285340
				15.15234000 -135.48540000 1.68408200 / 1.00000000 0.00000000 0.00000000 / 226 0 213 255 / 0.75064080 0.00285340
				15.15234000 -136.47020000 0.48144530 / 1.00000000 0.00000000 0.00000000 / 211 0 198 255 / 0.75064080 0.20376590
				15.15234000 -136.47020000 0.48144530 / 1.00000000 0.00000000 0.00000000 / 211 0 198 255 / 0.75064080 0.20376590
				15.15234000 -136.26950000 0.48144530 / 1.00000000 0.00000000 0.00000000 / 211 0 198 255 / 0.77662660 0.20376590
				15.15234000 -136.26950000 1.68408200 / 1.00000000 0.00000000 0.00000000 / 211 0 198 255 / 0.77662660 0.00285340
				15.15234000 -136.26950000 1.68408200 / 1.00000000 0.00000000 0.00000000 / 211 0 198 255 / 0.77662660 0.00285340
				15.15234000 -136.46970000 1.68408200 / 1.00000000 0.00000000 0.00000000 / 211 0 199 255 / 0.75064080 0.00285340
				15.15234000 -131.72610000 0.48144530 / 1.00000000 0.00000000 0.00000000 / 210 0 197 255 / 0.75064080 0.20376590
				15.15234000 -131.72610000 0.48144530 / 1.00000000 0.00000000 0.00000000 / 210 0 197 255 / 0.75064080 0.20376590
				15.15234000 -131.52590000 0.48144530 / 1.00000000 0.00000000 0.00000000 / 210 0 197 255 / 0.77662660 0.20376590
				15.15234000 -131.52590000 1.68408200 / 1.00000000 0.00000000 0.00000000 / 210 0 197 255 / 0.77662660 0.00285340
				15.15234000 -131.52590000 1.68408200 / 1.00000000 0.00000000 0.00000000 / 210 0 197 255 / 0.77662660 0.00285340
				15.15234000 -131.72610000 1.68408200 / 1.00000000 0.00000000 0.00000000 / 210 0 198 255 / 0.75064080 0.00285340
				15.15234000 -139.47120000 0.48144530 / 1.00000000 0.00000000 0.00000000 / 224 0 211 255 / 0.75064080 0.20376590
				15.15234000 -139.47120000 0.48144530 / 1.00000000 0.00000000 0.00000000 / 224 0 211 255 / 0.75064080 0.20376590
				15.15234000 -139.27100000 0.48144530 / 1.00000000 0.00000000 0.00000000 / 224 0 211 255 / 0.77662660 0.20376590
				15.15234000 -139.27100000 1.68408200 / 1.00000000 0.00000000 0.00000000 / 224 0 211 255 / 0.77662660 0.00285340
				15.15234000 -139.27100000 1.68408200 / 1.00000000 0.00000000 0.00000000 / 224 0 211 255 / 0.77662660 0.00285340
				15.15234000 -139.47120000 1.68408200 / 1.00000000 0.00000000 0.00000000 / 224 0 210 255 / 0.75064080 0.00285340
				15.15234000 -126.37550000 0.48144530 / 1.00000000 0.00000000 0.00000000 / 216 0 203 255 / 0.75064080 0.20376590
				15.15234000 -126.37550000 0.48144530 / 1.00000000 0.00000000 0.00000000 / 216 0 203 255 / 0.75064080 0.20376590
				15.15234000 -126.17530000 0.48144530 / 1.00000000 0.00000000 0.00000000 / 216 0 203 255 / 0.77662660 0.20376590
				15.15234000 -126.17530000 1.68408200 / 1.00000000 0.00000000 0.00000000 / 216 0 203 255 / 0.77662660 0.00285340
				15.15234000 -126.17530000 1.68408200 / 1.00000000 0.00000000 0.00000000 / 216 0 203 255 / 0.77662660 0.00285340
				15.15234000 -126.37550000 1.68408200 / 1.00000000 0.00000000 0.00000000 / 216 0 203 255 / 0.75064080 0.00285340
				15.15234000 -127.35990000 0.48144530 / 1.00000000 0.00000000 0.00000000 / 215 0 202 255 / 0.75064080 0.20376590
				15.15234000 -127.35990000 0.48144530 / 1.00000000 0.00000000 0.00000000 / 215 0 202 255 / 0.75064080 0.20376590
				15.15234000 -127.15970000 0.48144530 / 1.00000000 0.00000000 0.00000000 / 215 0 202 255 / 0.77662660 0.20376590
				15.15234000 -127.15970000 1.68408200 / 1.00000000 0.00000000 0.00000000 / 215 0 202 255 / 0.77662660 0.00285340
				15.15234000 -127.15970000 1.68408200 / 1.00000000 0.00000000 0.00000000 / 215 0 202 255 / 0.77662660 0.00285340
				15.15234000 -127.35990000 1.68408200 / 1.00000000 0.00000000 0.00000000 / 215 0 202 255 / 0.75064080 0.00285340
				15.15234000 -122.61620000 0.48144530 / 1.00000000 0.00000000 0.00000000 / 214 0 202 255 / 0.75064080 0.20376590
				15.15234000 -122.61620000 0.48144530 / 1.00000000 0.00000000 0.00000000 / 214 0 202 255 / 0.75064080 0.20376590
				15.15234000 -122.41600000 0.48144530 / 1.00000000 0.00000000 0.00000000 / 215 0 202 255 / 0.77662660 0.20376590
				15.15234000 -122.41600000 1.68408200 / 1.00000000 0.00000000 0.00000000 / 214 0 202 255 / 0.77662660 0.00285340
				15.15234000 -122.41600000 1.68408200 / 1.00000000 0.00000000 0.00000000 / 214 0 202 255 / 0.77662660 0.00285340
				15.15234000 -122.61620000 1.68408200 / 1.00000000 0.00000000 0.00000000 / 214 0 201 255 / 0.75064080 0.00285340
				15.15234000 -130.36130000 0.48144530 / 1.00000000 0.00000000 0.00000000 / 229 0 215 255 / 0.75064080 0.20376590
				15.15234000 -130.36130000 0.48144530 / 1.00000000 0.00000000 0.00000000 / 229 0 215 255 / 0.75064080 0.20376590
				15.15234000 -130.16110000 0.48144530 / 1.00000000 0.00000000 0.00000000 / 228 0 214 255 / 0.77662660 0.20376590
				15.15234000 -130.16110000 1.68408200 / 1.00000000 0.00000000 0.00000000 / 229 0 215 255 / 0.77662660 0.00285340
				15.15234000 -130.16110000 1.68408200 / 1.00000000 0.00000000 0.00000000 / 229 0 215 255 / 0.77662660 0.00285340
				15.15234000 -130.36130000 1.68408200 / 1.00000000 0.00000000 0.00000000 / 229 0 215 255 / 0.75064080 0.00285340
				15.15234000 -135.48540000 -4.41308600 / 1.00000000 0.00000000 0.00000000 / 174 0 165 255 / 0.75064080 0.20376590
				15.15234000 -135.48540000 -4.41308600 / 1.00000000 0.00000000 0.00000000 / 174 0 165 255 / 0.75064080 0.20376590
				15.15234000 -135.28520000 -4.41308600 / 1.00000000 0.00000000 0.00000000 / 174 0 164 255 / 0.77662660 0.20376590
				15.15234000 -135.28520000 -3.21093700 / 1.00000000 0.00000000 0.00000000 / 174 0 165 255 / 0.77662660 0.00285340
				15.15234000 -135.28520000 -3.21093700 / 1.00000000 0.00000000 0.00000000 / 174 0 165 255 / 0.77662660 0.00285340
				15.15234000 -135.48540000 -3.21093700 / 1.00000000 0.00000000 0.00000000 / 174 0 165 255 / 0.75064080 0.00285340
				15.15234000 -136.47020000 -4.41308600 / 1.00000000 0.00000000 0.00000000 / 193 0 182 255 / 0.75064080 0.20376590
				15.15234000 -136.47020000 -4.41308600 / 1.00000000 0.00000000 0.00000000 / 193 0 182 255 / 0.75064080 0.20376590
				15.15234000 -136.26950000 -4.41308600 / 1.00000000 0.00000000 0.00000000 / 193 0 182 255 / 0.77662660 0.20376590
				15.15234000 -136.26950000 -3.21093700 / 1.00000000 0.00000000 0.00000000 / 193 0 182 255 / 0.77662660 0.00285340
				15.15234000 -136.26950000 -3.21093700 / 1.00000000 0.00000000 0.00000000 / 193 0 182 255 / 0.77662660 0.00285340
				15.15234000 -136.46970000 -3.21093700 / 1.00000000 0.00000000 0.00000000 / 192 0 181 255 / 0.75064080 0.00285340
				15.15234000 -131.72610000 -4.41308600 / 1.00000000 0.00000000 0.00000000 / 149 0 141 255 / 0.75064080 0.20376590
				15.15234000 -131.72610000 -4.41308600 / 1.00000000 0.00000000 0.00000000 / 149 0 141 255 / 0.75064080 0.20376590
				15.15234000 -131.52590000 -4.41308600 / 1.00000000 0.00000000 0.00000000 / 149 0 141 255 / 0.77662660 0.20376590
				15.15234000 -131.52590000 -3.21093700 / 1.00000000 0.00000000 0.00000000 / 149 0 141 255 / 0.77662660 0.00285340
				15.15234000 -131.52590000 -3.21093700 / 1.00000000 0.00000000 0.00000000 / 149 0 141 255 / 0.77662660 0.00285340
				15.15234000 -131.72610000 -3.21093700 / 1.00000000 0.00000000 0.00000000 / 149 0 141 255 / 0.75064080 0.00285340
				15.15234000 -139.47120000 -4.41308600 / 1.00000000 0.00000000 0.00000000 / 200 0 188 255 / 0.75064080 0.20376590
				15.15234000 -139.47120000 -4.41308600 / 1.00000000 0.00000000 0.00000000 / 200 0 188 255 / 0.75064080 0.20376590
				15.15234000 -139.27100000 -4.41308600 / 1.00000000 0.00000000 0.00000000 / 200 0 188 255 / 0.77662660 0.20376590
				15.15234000 -139.27100000 -3.21093700 / 1.00000000 0.00000000 0.00000000 / 200 0 188 255 / 0.77662660 0.00285340
				15.15234000 -139.27100000 -3.21093700 / 1.00000000 0.00000000 0.00000000 / 200 0 188 255 / 0.77662660 0.00285340
				15.15234000 -139.47120000 -3.21093700 / 1.00000000 0.00000000 0.00000000 / 200 0 188 255 / 0.75064080 0.00285340
				15.15234000 -126.37550000 -4.41308600 / 1.00000000 0.00000000 0.00000000 / 169 0 159 255 / 0.75064080 0.20376590
				15.15234000 -126.37550000 -4.41308600 / 1.00000000 0.00000000 0.00000000 / 169 0 159 255 / 0.75064080 0.20376590
				15.15234000 -126.17530000 -4.41308600 / 1.00000000 0.00000000 0.00000000 / 169 0 159 255 / 0.77662660 0.20376590
				15.15234000 -126.17530000 -3.21093700 / 1.00000000 0.00000000 0.00000000 / 169 0 159 255 / 0.77662660 0.00285340
				15.15234000 -126.17530000 -3.21093700 / 1.00000000 0.00000000 0.00000000 / 169 0 159 255 / 0.77662660 0.00285340
				15.15234000 -126.37550000 -3.21093700 / 1.00000000 0.00000000 0.00000000 / 169 0 160 255 / 0.75064080 0.00285340
				15.15234000 -127.35990000 -4.41308600 / 1.00000000 0.00000000 0.00000000 / 157 0 148 255 / 0.75064080 0.20376590
				15.15234000 -127.35990000 -4.41308600 / 1.00000000 0.00000000 0.00000000 / 157 0 148 255 / 0.75064080 0.20376590
				15.15234000 -127.15970000 -4.41308600 / 1.00000000 0.00000000 0.00000000 / 157 0 148 255 / 0.77662660 0.20376590
				15.15234000 -127.15970000 -3.21093700 / 1.00000000 0.00000000 0.00000000 / 157 0 148 255 / 0.77662660 0.00285340
				15.15234000 -127.15970000 -3.21093700 / 1.00000000 0.00000000 0.00000000 / 157 0 148 255 / 0.77662660 0.00285340
				15.15234000 -127.35990000 -3.21093700 / 1.00000000 0.00000000 0.00000000 / 157 0 148 255 / 0.75064080 0.00285340
				15.15234000 -122.61620000 -4.41308600 / 1.00000000 0.00000000 0.00000000 / 182 0 172 255 / 0.75064080 0.20376590
				15.15234000 -122.61620000 -4.41308600 / 1.00000000 0.00000000 0.00000000 / 182 0 172 255 / 0.75064080 0.20376590
				15.15234000 -122.41600000 -4.41308600 / 1.00000000 0.00000000 0.00000000 / 182 0 171 255 / 0.77662660 0.20376590
				15.15234000 -122.41600000 -3.21093700 / 1.00000000 0.00000000 0.00000000 / 182 0 172 255 / 0.77662660 0.00285340
				15.15234000 -122.41600000 -3.21093700 / 1.00000000 0.00000000 0.00000000 / 182 0 172 255 / 0.77662660 0.00285340
				15.15234000 -122.61620000 -3.21093700 / 1.00000000 0.00000000 0.00000000 / 182 0 172 255 / 0.75064080 0.00285340
				15.15234000 -130.36130000 -4.41308600 / 1.00000000 0.00000000 0.00000000 / 156 0 148 255 / 0.75064080 0.20376590
				15.15234000 -130.36130000 -4.41308600 / 1.00000000 0.00000000 0.00000000 / 156 0 148 255 / 0.75064080 0.20376590
				15.15234000 -130.16110000 -4.41308600 / 1.00000000 0.00000000 0.00000000 / 156 0 148 255 / 0.77662660 0.20376590
				15.15234000 -130.16110000 -3.21093700 / 1.00000000 0.00000000 0.00000000 / 156 0 148 255 / 0.77662660 0.00285340
				15.15234000 -130.16110000 -3.21093700 / 1.00000000 0.00000000 0.00000000 / 156 0 148 255 / 0.77662660 0.00285340
				15.15234000 -130.36130000 -3.21093700 / 1.00000000 0.00000000 0.00000000 / 156 0 148 255 / 0.75064080 0.00285340
				15.15234000 -113.15140000 0.48144530 / 1.00000000 0.00000000 0.00000000 / 199 0 188 255 / 0.75064080 0.20376590
				15.15234000 -113.15140000 0.48144530 / 1.00000000 0.00000000 0.00000000 / 199 0 188 255 / 0.75064080 0.20376590
				15.15234000 -112.95120000 0.48144530 / 1.00000000 0.00000000 0.00000000 / 199 0 188 255 / 0.77662660 0.20376590
				15.15234000 -112.95120000 1.68408200 / 1.00000000 0.00000000 0.00000000 / 199 0 188 255 / 0.77662660 0.00285340
				15.15234000 -112.95120000 1.68408200 / 1.00000000 0.00000000 0.00000000 / 199 0 188 255 / 0.77662660 0.00285340
				15.15234000 -113.15140000 1.68408200 / 1.00000000 0.00000000 0.00000000 / 199 0 187 255 / 0.75064080 0.00285340
				15.15234000 -114.13570000 0.48144530 / 1.00000000 0.00000000 0.00000000 / 200 0 189 255 / 0.75064080 0.20376590
				15.15234000 -114.13570000 0.48144530 / 1.00000000 0.00000000 0.00000000 / 200 0 189 255 / 0.75064080 0.20376590
				15.15234000 -113.93550000 0.48144530 / 1.00000000 0.00000000 0.00000000 / 200 0 188 255 / 0.77662660 0.20376590
				15.15234000 -113.93550000 1.68408200 / 1.00000000 0.00000000 0.00000000 / 200 0 189 255 / 0.77662660 0.00285340
				15.15234000 -113.93550000 1.68408200 / 1.00000000 0.00000000 0.00000000 / 200 0 189 255 / 0.77662660 0.00285340
				15.15234000 -114.13570000 1.68408200 / 1.00000000 0.00000000 0.00000000 / 201 0 189 255 / 0.75064080 0.00285340
				15.15234000 -109.39210000 0.48144530 / 1.00000000 0.00000000 0.00000000 / 217 0 204 255 / 0.75064080 0.20376590
				15.15234000 -109.39210000 0.48144530 / 1.00000000 0.00000000 0.00000000 / 217 0 204 255 / 0.75064080 0.20376590
				15.15234000 -109.19190000 0.48144530 / 1.00000000 0.00000000 0.00000000 / 217 0 204 255 / 0.77662660 0.20376590
				15.15234000 -109.19190000 1.68408200 / 1.00000000 0.00000000 0.00000000 / 217 0 204 255 / 0.77662660 0.00285340
				15.15234000 -109.19190000 1.68408200 / 1.00000000 0.00000000 0.00000000 / 217 0 204 255 / 0.77662660 0.00285340
				15.15234000 -109.39210000 1.68408200 / 1.00000000 0.00000000 0.00000000 / 217 0 204 255 / 0.75064080 0.00285340
				15.15234000 -117.13720000 0.48144530 / 1.00000000 0.00000000 0.00000000 / 202 0 191 255 / 0.75064080 0.20376590
				15.15234000 -117.13720000 0.48144530 / 1.00000000 0.00000000 0.00000000 / 202 0 191 255 / 0.75064080 0.20376590
				15.15234000 -116.93700000 0.48144530 / 1.00000000 0.00000000 0.00000000 / 203 0 191 255 / 0.77662660 0.20376590
				15.15234000 -116.93700000 1.68408200 / 1.00000000 0.00000000 0.00000000 / 202 0 191 255 / 0.77662660 0.00285340
				15.15234000 -116.93700000 1.68408200 / 1.00000000 0.00000000 0.00000000 / 202 0 191 255 / 0.77662660 0.00285340
				15.15234000 -117.13720000 1.68408200 / 1.00000000 0.00000000 0.00000000 / 202 0 190 255 / 0.75064080 0.00285340
				15.15234000 -104.04150000 0.48144530 / 1.00000000 0.00000000 0.00000000 / 200 0 188 255 / 0.75064080 0.20376590
				15.15234000 -104.04150000 0.48144530 / 1.00000000 0.00000000 0.00000000 / 200 0 188 255 / 0.75064080 0.20376590
				15.15234000 -103.84130000 0.48144530 / 1.00000000 0.00000000 0.00000000 / 200 0 188 255 / 0.77662660 0.20376590
				15.15234000 -103.84130000 1.68408200 / 1.00000000 0.00000000 0.00000000 / 200 0 188 255 / 0.77662660 0.00285340
				15.15234000 -103.84130000 1.68408200 / 1.00000000 0.00000000 0.00000000 / 200 0 188 255 / 0.77662660 0.00285340
				15.15234000 -104.04150000 1.68408200 / 1.00000000 0.00000000 0.00000000 / 200 0 188 255 / 0.75064080 0.00285340
				15.15234000 -105.02590000 0.48144530 / 1.00000000 0.00000000 0.00000000 / 203 0 191 255 / 0.75064080 0.20376590
				15.15234000 -105.02590000 0.48144530 / 1.00000000 0.00000000 0.00000000 / 203 0 191 255 / 0.75064080 0.20376590
				15.15234000 -104.82570000 0.48144530 / 1.00000000 0.00000000 0.00000000 / 203 0 191 255 / 0.77662660 0.20376590
				15.15234000 -104.82570000 1.68408200 / 1.00000000 0.00000000 0.00000000 / 203 0 191 255 / 0.77662660 0.00285340
				15.15234000 -104.82570000 1.68408200 / 1.00000000 0.00000000 0.00000000 / 203 0 191 255 / 0.77662660 0.00285340
				15.15234000 -105.02590000 1.68408200 / 1.00000000 0.00000000 0.00000000 / 203 0 191 255 / 0.75064080 0.00285340
				15.15234000 -100.28220000 0.48144530 / 1.00000000 0.00000000 0.00000000 / 200 0 188 255 / 0.75064080 0.20376590
				15.15234000 -100.28220000 0.48144530 / 1.00000000 0.00000000 0.00000000 / 200 0 188 255 / 0.75064080 0.20376590
				15.15234000 -100.08200000 0.48144530 / 1.00000000 0.00000000 0.00000000 / 200 0 188 255 / 0.77662660 0.20376590
				15.15234000 -100.08200000 1.68408200 / 1.00000000 0.00000000 0.00000000 / 200 0 188 255 / 0.77662660 0.00285340
				15.15234000 -100.08200000 1.68408200 / 1.00000000 0.00000000 0.00000000 / 200 0 188 255 / 0.77662660 0.00285340
				15.15234000 -100.28220000 1.68408200 / 1.00000000 0.00000000 0.00000000 / 200 0 188 255 / 0.75064080 0.00285340
				15.15234000 -108.02730000 0.48144530 / 1.00000000 0.00000000 0.00000000 / 208 0 196 255 / 0.75064080 0.20376590
				15.15234000 -108.02730000 0.48144530 / 1.00000000 0.00000000 0.00000000 / 208 0 196 255 / 0.75064080 0.20376590
				15.15234000 -107.82710000 0.48144530 / 1.00000000 0.00000000 0.00000000 / 208 0 196 255 / 0.77662660 0.20376590
				15.15234000 -107.82710000 1.68408200 / 1.00000000 0.00000000 0.00000000 / 208 0 196 255 / 0.77662660 0.00285340
				15.15234000 -107.82710000 1.68408200 / 1.00000000 0.00000000 0.00000000 / 208 0 196 255 / 0.77662660 0.00285340
				15.15234000 -108.02730000 1.68408200 / 1.00000000 0.00000000 0.00000000 / 208 0 195 255 / 0.75064080 0.00285340
				15.15234000 -113.15140000 -4.41308600 / 1.00000000 0.00000000 0.00000000 / 196 0 185 255 / 0.75064080 0.20376590
				15.15234000 -113.15140000 -4.41308600 / 1.00000000 0.00000000 0.00000000 / 196 0 185 255 / 0.75064080 0.20376590
				15.15234000 -112.95120000 -4.41308600 / 1.00000000 0.00000000 0.00000000 / 196 0 184 255 / 0.77662660 0.20376590
				15.15234000 -112.95120000 -3.21093700 / 1.00000000 0.00000000 0.00000000 / 196 0 185 255 / 0.77662660 0.00285340
				15.15234000 -112.95120000 -3.21093700 / 1.00000000 0.00000000 0.00000000 / 196 0 185 255 / 0.77662660 0.00285340
				15.15234000 -113.15140000 -3.21093700 / 1.00000000 0.00000000 0.00000000 / 197 0 185 255 / 0.75064080 0.00285340
				15.15234000 -114.13570000 -4.41308600 / 1.00000000 0.00000000 0.00000000 / 208 0 196 255 / 0.75064080 0.20376590
				15.15234000 -114.13570000 -4.41308600 / 1.00000000 0.00000000 0.00000000 / 208 0 196 255 / 0.75064080 0.20376590
				15.15234000 -113.93550000 -4.41308600 / 1.00000000 0.00000000 0.00000000 / 208 0 195 255 / 0.77662660 0.20376590
				15.15234000 -113.93550000 -3.21093700 / 1.00000000 0.00000000 0.00000000 / 208 0 196 255 / 0.77662660 0.00285340
				15.15234000 -113.93550000 -3.21093700 / 1.00000000 0.00000000 0.00000000 / 208 0 196 255 / 0.77662660 0.00285340
				15.15234000 -114.13570000 -3.21093700 / 1.00000000 0.00000000 0.00000000 / 209 0 197 255 / 0.75064080 0.00285340
				15.15234000 -109.39210000 -4.41308600 / 1.00000000 0.00000000 0.00000000 / 184 0 173 255 / 0.75064080 0.20376590
				15.15234000 -109.39210000 -4.41308600 / 1.00000000 0.00000000 0.00000000 / 184 0 173 255 / 0.75064080 0.20376590
				15.15234000 -109.19190000 -4.41308600 / 1.00000000 0.00000000 0.00000000 / 184 0 173 255 / 0.77662660 0.20376590
				15.15234000 -109.19190000 -3.21093700 / 1.00000000 0.00000000 0.00000000 / 184 0 173 255 / 0.77662660 0.00285340
				15.15234000 -109.19190000 -3.21093700 / 1.00000000 0.00000000 0.00000000 / 184 0 173 255 / 0.77662660 0.00285340
				15.15234000 -109.39210000 -3.21093700 / 1.00000000 0.00000000 0.00000000 / 184 0 173 255 / 0.75064080 0.00285340
				15.15234000 -117.13720000 -4.41308600 / 1.00000000 0.00000000 0.00000000 / 195 0 183 255 / 0.75064080 0.20376590
				15.15234000 -117.13720000 -4.41308600 / 1.00000000 0.00000000 0.00000000 / 195 0 183 255 / 0.75064080 0.20376590
				15.15234000 -116.93700000 -4.41308600 / 1.00000000 0.00000000 0.00000000 / 195 0 183 255 / 0.77662660 0.20376590
				15.15234000 -116.93700000 -3.21093700 / 1.00000000 0.00000000 0.00000000 / 195 0 183 255 / 0.77662660 0.00285340
				15.15234000 -116.93700000 -3.21093700 / 1.00000000 0.00000000 0.00000000 / 195 0 183 255 / 0.77662660 0.00285340
				15.15234000 -117.13720000 -3.21093700 / 1.00000000 0.00000000 0.00000000 / 195 0 184 255 / 0.75064080 0.00285340
				15.15234000 -104.04150000 -4.41308600 / 1.00000000 0.00000000 0.00000000 / 172 0 163 255 / 0.75064080 0.20376590
				15.15234000 -104.04150000 -4.41308600 / 1.00000000 0.00000000 0.00000000 / 172 0 163 255 / 0.75064080 0.20376590
				15.15234000 -103.84130000 -4.41308600 / 1.00000000 0.00000000 0.00000000 / 173 0 163 255 / 0.77662660 0.20376590
				15.15234000 -103.84130000 -3.21093700 / 1.00000000 0.00000000 0.00000000 / 172 0 163 255 / 0.77662660 0.00285340
				15.15234000 -103.84130000 -3.21093700 / 1.00000000 0.00000000 0.00000000 / 172 0 163 255 / 0.77662660 0.00285340
				15.15234000 -104.04150000 -3.21093700 / 1.00000000 0.00000000 0.00000000 / 172 0 163 255 / 0.75064080 0.00285340
				15.15234000 -105.02590000 -4.41308600 / 1.00000000 0.00000000 0.00000000 / 185 0 174 255 / 0.75064080 0.20376590
				15.15234000 -105.02590000 -4.41308600 / 1.00000000 0.00000000 0.00000000 / 185 0 174 255 / 0.75064080 0.20376590
				15.15234000 -104.82570000 -4.41308600 / 1.00000000 0.00000000 0.00000000 / 185 0 175 255 / 0.77662660 0.20376590
				15.15234000 -104.82570000 -3.21093700 / 1.00000000 0.00000000 0.00000000 / 185 0 174 255 / 0.77662660 0.00285340
				15.15234000 -104.82570000 -3.21093700 / 1.00000000 0.00000000 0.00000000 / 185 0 174 255 / 0.77662660 0.00285340
				15.15234000 -105.02590000 -3.21093700 / 1.00000000 0.00000000 0.00000000 / 185 0 174 255 / 0.75064080 0.00285340
				15.15234000 -100.28220000 -4.41308600 / 1.00000000 0.00000000 0.00000000 / 184 0 173 255 / 0.75064080 0.20376590
				15.15234000 -100.28220000 -4.41308600 / 1.00000000 0.00000000 0.00000000 / 184 0 173 255 / 0.75064080 0.20376590
				15.15234000 -100.08200000 -4.41308600 / 1.00000000 0.00000000 0.00000000 / 184 0 173 255 / 0.77662660 0.20376590
				15.15234000 -100.08200000 -3.21093700 / 1.00000000 0.00000000 0.00000000 / 184 0 173 255 / 0.77662660 0.00285340
				15.15234000 -100.08200000 -3.21093700 / 1.00000000 0.00000000 0.00000000 / 184 0 173 255 / 0.77662660 0.00285340
				15.15234000 -100.28220000 -3.21093700 / 1.00000000 0.00000000 0.00000000 / 184 0 173 255 / 0.75064080 0.00285340
				15.15234000 -108.02730000 -4.41308600 / 1.00000000 0.00000000 0.00000000 / 177 0 167 255 / 0.75064080 0.20376590
				15.15234000 -108.02730000 -4.41308600 / 1.00000000 0.00000000 0.00000000 / 177 0 167 255 / 0.75064080 0.20376590
				15.15234000 -107.82710000 -4.41308600 / 1.00000000 0.00000000 0.00000000 / 178 0 168 255 / 0.77662660 0.20376590
				15.15234000 -107.82710000 -3.21093700 / 1.00000000 0.00000000 0.00000000 / 177 0 167 255 / 0.77662660 0.00285340
				15.15234000 -107.82710000 -3.21093700 / 1.00000000 0.00000000 0.00000000 / 177 0 167 255 / 0.77662660 0.00285340
				15.15234000 -108.02730000 -3.21093700 / 1.00000000 0.00000000 0.00000000 / 177 0 167 255 / 0.75064080 0.00285340
				-17.61231000 -112.22660000 1.06543000 / 0.70701140 0.70720210 0.00000000 / 209 0 197 255 / 0.75056460 0.21057130
				-17.61231000 -112.22660000 1.06543000 / 0.70701140 0.70720210 0.00000000 / 209 0 197 255 / 0.75056460 0.21057130
				-17.61231000 -112.22660000 1.65918000 / 0.70701140 0.70720210 0.00000000 / 209 0 196 255 / 0.75056460 0.29104620
				-16.86572000 -112.97360000 1.65918000 / 0.70701140 0.70720210 0.00000000 / 209 0 197 255 / 0.82252500 0.29104620
				-16.86572000 -112.97360000 1.65918000 / 0.70701140 0.70720210 0.00000000 / 209 0 197 255 / 0.82252500 0.29104620
				-16.86572000 -112.97360000 1.06543000 / 0.70701140 0.70720210 0.00000000 / 209 0 197 255 / 0.82252500 0.21057130
				-27.79443000 -147.03860000 0.48144530 / 0.00000000 -1.00000000 0.00000000 / 223 0 209 255 / 0.75064080 0.20376590
				-27.79443000 -147.03860000 0.48144530 / 0.00000000 -1.00000000 0.00000000 / 223 0 209 255 / 0.75064080 0.20376590
				-27.59424000 -147.03860000 0.48144530 / 0.00000000 -1.00000000 0.00000000 / 223 0 210 255 / 0.77662660 0.20376590
				-27.59424000 -147.03860000 1.68408200 / 0.00000000 -1.00000000 0.00000000 / 223 0 209 255 / 0.77662660 0.00285340
				-27.59424000 -147.03860000 1.68408200 / 0.00000000 -1.00000000 0.00000000 / 223 0 209 255 / 0.77662660 0.00285340
				-27.79443000 -147.03860000 1.68408200 / 0.00000000 -1.00000000 0.00000000 / 222 0 209 255 / 0.75064080 0.00285340
				-28.77881000 -147.03860000 0.48144530 / 0.00000000 -1.00000000 0.00000000 / 225 0 211 255 / 0.75064080 0.20376590
				-28.77881000 -147.03860000 0.48144530 / 0.00000000 -1.00000000 0.00000000 / 225 0 211 255 / 0.75064080 0.20376590
				-28.57861000 -147.03860000 0.48144530 / 0.00000000 -1.00000000 0.00000000 / 225 0 211 255 / 0.77662660 0.20376590
				-28.57861000 -147.03860000 1.68408200 / 0.00000000 -1.00000000 0.00000000 / 225 0 211 255 / 0.77662660 0.00285340
				-28.57861000 -147.03860000 1.68408200 / 0.00000000 -1.00000000 0.00000000 / 225 0 211 255 / 0.77662660 0.00285340
				-28.77881000 -147.03860000 1.68408200 / 0.00000000 -1.00000000 0.00000000 / 225 0 211 255 / 0.75064080 0.00285340
				-24.03516000 -147.03860000 0.48144530 / 0.00000000 -1.00000000 0.00000000 / 216 0 203 255 / 0.75064080 0.20376590
				-24.03516000 -147.03860000 0.48144530 / 0.00000000 -1.00000000 0.00000000 / 216 0 203 255 / 0.75064080 0.20376590
				-23.83496000 -147.03860000 0.48144530 / 0.00000000 -1.00000000 0.00000000 / 215 0 203 255 / 0.77662660 0.20376590
				-23.83496000 -147.03860000 1.68408200 / 0.00000000 -1.00000000 0.00000000 / 216 0 203 255 / 0.77662660 0.00285340
				-23.83496000 -147.03860000 1.68408200 / 0.00000000 -1.00000000 0.00000000 / 216 0 203 255 / 0.77662660 0.00285340
				-24.03516000 -147.03860000 1.68408200 / 0.00000000 -1.00000000 0.00000000 / 216 0 203 255 / 0.75064080 0.00285340
				-31.78027000 -147.03860000 0.48144530 / 0.00000000 -1.00000000 0.00000000 / 230 0 216 255 / 0.75064080 0.20376590
				-31.78027000 -147.03860000 0.48144530 / 0.00000000 -1.00000000 0.00000000 / 230 0 216 255 / 0.75064080 0.20376590
				-31.58008000 -147.03860000 0.48144530 / 0.00000000 -1.00000000 0.00000000 / 230 0 216 255 / 0.77662660 0.20376590
				-31.58008000 -147.03860000 1.68408200 / 0.00000000 -1.00000000 0.00000000 / 230 0 216 255 / 0.77662660 0.00285340
				-31.58008000 -147.03860000 1.68408200 / 0.00000000 -1.00000000 0.00000000 / 230 0 216 255 / 0.77662660 0.00285340
				-31.78027000 -147.03860000 1.68408200 / 0.00000000 -1.00000000 0.00000000 / 229 0 215 255 / 0.75064080 0.00285340
				-18.68457000 -147.03860000 0.48144530 / 0.00000000 -1.00000000 0.00000000 / 226 0 213 255 / 0.75064080 0.20376590
				-18.68457000 -147.03860000 0.48144530 / 0.00000000 -1.00000000 0.00000000 / 226 0 213 255 / 0.75064080 0.20376590
				-18.48437000 -147.03860000 0.48144530 / 0.00000000 -1.00000000 0.00000000 / 227 0 213 255 / 0.77662660 0.20376590
				-18.48437000 -147.03860000 1.68408200 / 0.00000000 -1.00000000 0.00000000 / 226 0 213 255 / 0.77662660 0.00285340
				-18.48437000 -147.03860000 1.68408200 / 0.00000000 -1.00000000 0.00000000 / 226 0 213 255 / 0.77662660 0.00285340
				-18.68457000 -147.03860000 1.68408200 / 0.00000000 -1.00000000 0.00000000 / 226 0 213 255 / 0.75064080 0.00285340
				-19.66895000 -147.03860000 0.48144530 / 0.00000000 -1.00000000 0.00000000 / 224 0 211 255 / 0.75064080 0.20376590
				-19.66895000 -147.03860000 0.48144530 / 0.00000000 -1.00000000 0.00000000 / 224 0 211 255 / 0.75064080 0.20376590
				-19.46875000 -147.03860000 0.48144530 / 0.00000000 -1.00000000 0.00000000 / 224 0 211 255 / 0.77662660 0.20376590
				-19.46875000 -147.03860000 1.68408200 / 0.00000000 -1.00000000 0.00000000 / 224 0 211 255 / 0.77662660 0.00285340
				-19.46875000 -147.03860000 1.68408200 / 0.00000000 -1.00000000 0.00000000 / 224 0 211 255 / 0.77662660 0.00285340
				-19.66895000 -147.03860000 1.68408200 / 0.00000000 -1.00000000 0.00000000 / 224 0 211 255 / 0.75064080 0.00285340
				-14.92529000 -147.03860000 0.48144530 / 0.00000000 -1.00000000 0.00000000 / 221 0 207 255 / 0.75064080 0.20376590
				-14.92529000 -147.03860000 0.48144530 / 0.00000000 -1.00000000 0.00000000 / 221 0 207 255 / 0.75064080 0.20376590
				-14.72510000 -147.03860000 0.48144530 / 0.00000000 -1.00000000 0.00000000 / 221 0 207 255 / 0.77662660 0.20376590
				-14.72510000 -147.03860000 1.68408200 / 0.00000000 -1.00000000 0.00000000 / 221 0 207 255 / 0.77662660 0.00285340
				-14.72510000 -147.03860000 1.68408200 / 0.00000000 -1.00000000 0.00000000 / 221 0 207 255 / 0.77662660 0.00285340
				-14.92529000 -147.03860000 1.68408200 / 0.00000000 -1.00000000 0.00000000 / 221 0 207 255 / 0.75064080 0.00285340
				-22.67041000 -147.03860000 0.48144530 / 0.00000000 -1.00000000 0.00000000 / 220 0 207 255 / 0.75064080 0.20376590
				-22.67041000 -147.03860000 0.48144530 / 0.00000000 -1.00000000 0.00000000 / 220 0 207 255 / 0.75064080 0.20376590
				-22.47021000 -147.03860000 0.48144530 / 0.00000000 -1.00000000 0.00000000 / 220 0 207 255 / 0.77662660 0.20376590
				-22.47021000 -147.03860000 1.68408200 / 0.00000000 -1.00000000 0.00000000 / 220 0 207 255 / 0.77662660 0.00285340
				-22.47021000 -147.03860000 1.68408200 / 0.00000000 -1.00000000 0.00000000 / 220 0 207 255 / 0.77662660 0.00285340
				-22.67041000 -147.03860000 1.68408200 / 0.00000000 -1.00000000 0.00000000 / 220 0 207 255 / 0.75064080 0.00285340
				-5.46044900 -147.03860000 0.48144530 / 0.00000000 -1.00000000 0.00000000 / 222 0 209 255 / 0.83427430 0.20376590
				-5.46044900 -147.03860000 0.48144530 / 0.00000000 -1.00000000 0.00000000 / 222 0 209 255 / 0.83427430 0.20376590
				-5.26025400 -147.03860000 0.48144530 / 0.00000000 -1.00000000 0.00000000 / 222 0 209 255 / 0.86026000 0.20376590
				-5.26025400 -147.03860000 1.68408200 / 0.00000000 -1.00000000 0.00000000 / 222 0 209 255 / 0.86026000 0.00285340
				-5.26025400 -147.03860000 1.68408200 / 0.00000000 -1.00000000 0.00000000 / 222 0 209 255 / 0.86026000 0.00285340
				-5.46044900 -147.03860000 1.68408200 / 0.00000000 -1.00000000 0.00000000 / 223 0 209 255 / 0.83427430 0.00285340
				-6.44482500 -147.03860000 0.48144530 / 0.00000000 -1.00000000 0.00000000 / 218 0 205 255 / 0.80699160 0.20376590
				-6.44482500 -147.03860000 0.48144530 / 0.00000000 -1.00000000 0.00000000 / 218 0 205 255 / 0.80699160 0.20376590
				-6.24462900 -147.03860000 0.48144530 / 0.00000000 -1.00000000 0.00000000 / 219 0 206 255 / 0.83296200 0.20376590
				-6.24462900 -147.03860000 1.68408200 / 0.00000000 -1.00000000 0.00000000 / 218 0 205 255 / 0.83296200 0.00285340
				-6.24462900 -147.03860000 1.68408200 / 0.00000000 -1.00000000 0.00000000 / 218 0 205 255 / 0.83296200 0.00285340
				-6.44482500 -147.03860000 1.68408200 / 0.00000000 -1.00000000 0.00000000 / 218 0 205 255 / 0.80699160 0.00285340
				-1.70117200 -147.03860000 0.48144530 / 0.00000000 -1.00000000 0.00000000 / 220 0 207 255 / 0.86682130 0.20376590
				-1.70117200 -147.03860000 0.48144530 / 0.00000000 -1.00000000 0.00000000 / 220 0 207 255 / 0.86682130 0.20376590
				-1.50097600 -147.03860000 0.48144530 / 0.00000000 -1.00000000 0.00000000 / 220 0 207 255 / 0.89280700 0.20376590
				-1.50097600 -147.03860000 1.68408200 / 0.00000000 -1.00000000 0.00000000 / 220 0 207 255 / 0.89280700 0.00285340
				-1.50097600 -147.03860000 1.68408200 / 0.00000000 -1.00000000 0.00000000 / 220 0 207 255 / 0.89280700 0.00285340
				-1.70117200 -147.03860000 1.68408200 / 0.00000000 -1.00000000 0.00000000 / 220 0 207 255 / 0.86682130 0.00285340
				-9.44628900 -147.03860000 0.48144530 / 0.00000000 -1.00000000 0.00000000 / 225 0 211 255 / 0.78004450 0.20376590
				-9.44628900 -147.03860000 0.48144530 / 0.00000000 -1.00000000 0.00000000 / 225 0 211 255 / 0.78004450 0.20376590
				-9.24609400 -147.03860000 0.48144530 / 0.00000000 -1.00000000 0.00000000 / 225 0 211 255 / 0.80601500 0.20376590
				-9.24609400 -147.03860000 1.68408200 / 0.00000000 -1.00000000 0.00000000 / 225 0 211 255 / 0.80601500 0.00285340
				-9.24609400 -147.03860000 1.68408200 / 0.00000000 -1.00000000 0.00000000 / 225 0 211 255 / 0.80601500 0.00285340
				-9.44628900 -147.03860000 1.68408200 / 0.00000000 -1.00000000 0.00000000 / 225 0 211 255 / 0.78004450 0.00285340
				3.64941400 -147.03860000 0.48144530 / 0.00000000 -1.00000000 0.00000000 / 222 0 208 255 / 0.83462530 0.20376590
				3.64941400 -147.03860000 0.48144530 / 0.00000000 -1.00000000 0.00000000 / 222 0 208 255 / 0.83462530 0.20376590
				3.85009800 -147.03860000 0.48144530 / 0.00000000 -1.00000000 0.00000000 / 222 0 208 255 / 0.86061100 0.20376590
				3.85009800 -147.03860000 1.68408200 / 0.00000000 -1.00000000 0.00000000 / 222 0 208 255 / 0.86061100 0.00285340
				3.85009800 -147.03860000 1.68408200 / 0.00000000 -1.00000000 0.00000000 / 222 0 208 255 / 0.86061100 0.00285340
				3.64941400 -147.03860000 1.68408200 / 0.00000000 -1.00000000 0.00000000 / 222 0 208 255 / 0.83462530 0.00285340
				2.66503900 -147.03860000 0.48144530 / 0.00000000 -1.00000000 0.00000000 / 246 0 230 255 / 0.86611940 0.20376590
				2.66503900 -147.03860000 0.48144530 / 0.00000000 -1.00000000 0.00000000 / 246 0 230 255 / 0.86611940 0.20376590
				2.86523400 -147.03860000 0.48144530 / 0.00000000 -1.00000000 0.00000000 / 245 0 230 255 / 0.89210510 0.20376590
				2.86523400 -147.03860000 1.68408200 / 0.00000000 -1.00000000 0.00000000 / 246 0 230 255 / 0.89210510 0.00285340
				2.86523400 -147.03860000 1.68408200 / 0.00000000 -1.00000000 0.00000000 / 246 0 230 255 / 0.89210510 0.00285340
				2.66503900 -147.03860000 1.68408200 / 0.00000000 -1.00000000 0.00000000 / 246 0 231 255 / 0.86611940 0.00285340
				7.40869100 -147.03860000 0.48144530 / 0.00000000 -1.00000000 0.00000000 / 222 0 208 255 / 0.77864070 0.20376590
				7.40869100 -147.03860000 0.48144530 / 0.00000000 -1.00000000 0.00000000 / 222 0 208 255 / 0.77864070 0.20376590
				7.60937500 -147.03860000 0.48144530 / 0.00000000 -1.00000000 0.00000000 / 222 0 208 255 / 0.80462650 0.20376590
				7.60937500 -147.03860000 1.68408200 / 0.00000000 -1.00000000 0.00000000 / 222 0 208 255 / 0.80462650 0.00285340
				7.60937500 -147.03860000 1.68408200 / 0.00000000 -1.00000000 0.00000000 / 222 0 208 255 / 0.80462650 0.00285340
				7.40869100 -147.03860000 1.68408200 / 0.00000000 -1.00000000 0.00000000 / 222 0 208 255 / 0.77864070 0.00285340
				-0.33642580 -147.03860000 0.48144530 / 0.00000000 -1.00000000 0.00000000 / 232 0 217 255 / 0.89796450 0.20376590
				-0.33642580 -147.03860000 0.48144530 / 0.00000000 -1.00000000 0.00000000 / 232 0 217 255 / 0.89796450 0.20376590
				-0.13574220 -147.03860000 0.48144530 / 0.00000000 -1.00000000 0.00000000 / 232 0 217 255 / 0.92395020 0.20376590
				-0.13574220 -147.03860000 1.68408200 / 0.00000000 -1.00000000 0.00000000 / 232 0 217 255 / 0.92395020 0.00285340
				-0.13574220 -147.03860000 1.68408200 / 0.00000000 -1.00000000 0.00000000 / 232 0 217 255 / 0.92395020 0.00285340
				-0.33642580 -147.03860000 1.68408200 / 0.00000000 -1.00000000 0.00000000 / 232 0 217 255 / 0.89796450 0.00285340
				-5.46044900 -147.03860000 -4.41308600 / 0.00000000 -1.00000000 0.00000000 / 211 0 198 255 / 0.96899420 0.20376590
				-5.46044900 -147.03860000 -4.41308600 / 0.00000000 -1.00000000 0.00000000 / 211 0 198 255 / 0.96899420 0.20376590
				-5.26025400 -147.03860000 -4.41308600 / 0.00000000 -1.00000000 0.00000000 / 210 0 198 255 / 0.99497990 0.20376590
				-5.26025400 -147.03860000 -3.21093700 / 0.00000000 -1.00000000 0.00000000 / 211 0 198 255 / 0.99497990 0.00285340
				-5.26025400 -147.03860000 -3.21093700 / 0.00000000 -1.00000000 0.00000000 / 211 0 198 255 / 0.99497990 0.00285340
				-5.46044900 -147.03860000 -3.21093700 / 0.00000000 -1.00000000 0.00000000 / 211 0 198 255 / 0.96899420 0.00285340
				-6.44482500 -147.03860000 -4.41308600 / 0.00000000 -1.00000000 0.00000000 / 220 0 207 255 / 0.77934260 0.20376590
				-6.44482500 -147.03860000 -4.41308600 / 0.00000000 -1.00000000 0.00000000 / 220 0 207 255 / 0.77934260 0.20376590
				-6.24462900 -147.03860000 -4.41308600 / 0.00000000 -1.00000000 0.00000000 / 220 0 207 255 / 0.80531310 0.20376590
				-6.24462900 -147.03860000 -3.21093700 / 0.00000000 -1.00000000 0.00000000 / 220 0 207 255 / 0.80531310 0.00285340
				-6.24462900 -147.03860000 -3.21093700 / 0.00000000 -1.00000000 0.00000000 / 220 0 207 255 / 0.80531310 0.00285340
				-6.44482500 -147.03860000 -3.21093700 / 0.00000000 -1.00000000 0.00000000 / 220 0 207 255 / 0.77934260 0.00285340
				-1.70117200 -147.03860000 -4.41308600 / 0.00000000 -1.00000000 0.00000000 / 233 0 218 255 / 0.93505860 0.20376590
				-1.70117200 -147.03860000 -4.41308600 / 0.00000000 -1.00000000 0.00000000 / 233 0 218 255 / 0.93505860 0.20376590
				-1.50097600 -147.03860000 -4.41308600 / 0.00000000 -1.00000000 0.00000000 / 233 0 218 255 / 0.96104430 0.20376590
				-1.50097600 -147.03860000 -3.21093700 / 0.00000000 -1.00000000 0.00000000 / 233 0 218 255 / 0.96104430 0.00285340
				-1.50097600 -147.03860000 -3.21093700 / 0.00000000 -1.00000000 0.00000000 / 233 0 218 255 / 0.96104430 0.00285340
				-1.70117200 -147.03860000 -3.21093700 / 0.00000000 -1.00000000 0.00000000 / 233 0 218 255 / 0.93505860 0.00285340
				-9.44628900 -147.03860000 -4.41308600 / 0.00000000 -1.00000000 0.00000000 / 221 0 208 255 / 0.80593870 0.20376590
				-9.44628900 -147.03860000 -4.41308600 / 0.00000000 -1.00000000 0.00000000 / 221 0 208 255 / 0.80593870 0.20376590
				-9.24609400 -147.03860000 -4.41308600 / 0.00000000 -1.00000000 0.00000000 / 221 0 208 255 / 0.83190920 0.20376590
				-9.24609400 -147.03860000 -3.21093700 / 0.00000000 -1.00000000 0.00000000 / 221 0 208 255 / 0.83190920 0.00285340
				-9.24609400 -147.03860000 -3.21093700 / 0.00000000 -1.00000000 0.00000000 / 221 0 208 255 / 0.83190920 0.00285340
				-9.44628900 -147.03860000 -3.21093700 / 0.00000000 -1.00000000 0.00000000 / 221 0 208 255 / 0.80593870 0.00285340
				3.64941400 -147.03860000 -4.41308600 / 0.00000000 -1.00000000 0.00000000 / 209 0 196 255 / 0.75064080 0.20376590
				3.64941400 -147.03860000 -4.41308600 / 0.00000000 -1.00000000 0.00000000 / 209 0 196 255 / 0.75064080 0.20376590
				3.85009800 -147.03860000 -4.41308600 / 0.00000000 -1.00000000 0.00000000 / 209 0 196 255 / 0.77662660 0.20376590
				3.85009800 -147.03860000 -3.21093700 / 0.00000000 -1.00000000 0.00000000 / 209 0 196 255 / 0.77662660 0.00285340
				3.85009800 -147.03860000 -3.21093700 / 0.00000000 -1.00000000 0.00000000 / 209 0 196 255 / 0.77662660 0.00285340
				3.64941400 -147.03860000 -3.21093700 / 0.00000000 -1.00000000 0.00000000 / 208 0 196 255 / 0.75064080 0.00285340
				2.66503900 -147.03860000 -4.41308600 / 0.00000000 -1.00000000 0.00000000 / 220 0 207 255 / 0.80664060 0.20376590
				2.66503900 -147.03860000 -4.41308600 / 0.00000000 -1.00000000 0.00000000 / 220 0 207 255 / 0.80664060 0.20376590
				2.86523400 -147.03860000 -4.41308600 / 0.00000000 -1.00000000 0.00000000 / 220 0 207 255 / 0.83261110 0.20376590
				2.86523400 -147.03860000 -3.21093700 / 0.00000000 -1.00000000 0.00000000 / 220 0 207 255 / 0.83261110 0.00285340
				2.86523400 -147.03860000 -3.21093700 / 0.00000000 -1.00000000 0.00000000 / 220 0 207 255 / 0.83261110 0.00285340
				2.66503900 -147.03860000 -3.21093700 / 0.00000000 -1.00000000 0.00000000 / 220 0 206 255 / 0.80664060 0.00285340
				7.40869100 -147.03860000 -4.41308600 / 0.00000000 -1.00000000 0.00000000 / 218 0 205 255 / 0.83497620 0.20376590
				7.40869100 -147.03860000 -4.41308600 / 0.00000000 -1.00000000 0.00000000 / 218 0 205 255 / 0.83497620 0.20376590
				7.60937500 -147.03860000 -4.41308600 / 0.00000000 -1.00000000 0.00000000 / 218 0 205 255 / 0.86096190 0.20376590
				7.60937500 -147.03860000 -3.21093700 / 0.00000000 -1.00000000 0.00000000 / 218 0 205 255 / 0.86096190 0.00285340
				7.60937500 -147.03860000 -3.21093700 / 0.00000000 -1.00000000 0.00000000 / 218 0 205 255 / 0.86096190 0.00285340
				7.40869100 -147.03860000 -3.21093700 / 0.00000000 -1.00000000 0.00000000 / 219 0 205 255 / 0.83497620 0.00285340
				-0.33642580 -147.03860000 -4.41308600 / 0.00000000 -1.00000000 0.00000000 / 213 0 200 255 / 0.89831540 0.20376590
				-0.33642580 -147.03860000 -4.41308600 / 0.00000000 -1.00000000 0.00000000 / 213 0 200 255 / 0.89831540 0.20376590
				-0.13574220 -147.03860000 -4.41308600 / 0.00000000 -1.00000000 0.00000000 / 213 0 200 255 / 0.92430120 0.20376590
				-0.13574220 -147.03860000 -3.21093700 / 0.00000000 -1.00000000 0.00000000 / 213 0 200 255 / 0.92430120 0.00285340
				-0.13574220 -147.03860000 -3.21093700 / 0.00000000 -1.00000000 0.00000000 / 213 0 200 255 / 0.92430120 0.00285340
				-0.33642580 -147.03860000 -3.21093700 / 0.00000000 -1.00000000 0.00000000 / 213 0 200 255 / 0.89831540 0.00285340
				-21.04688000 -108.79200000 1.06543000 / 0.70701140 0.70720210 0.00000000 / 201 0 189 255 / 0.75056460 0.39334110
				-21.04688000 -108.79200000 1.06543000 / 0.70701140 0.70720210 0.00000000 / 201 0 189 255 / 0.75056460 0.39334110
				-21.04688000 -108.79200000 1.65918000 / 0.70701140 0.70720210 0.00000000 / 201 0 190 255 / 0.75056460 0.48545840
				-20.30029000 -109.53910000 1.65918000 / 0.70701140 0.70720210 0.00000000 / 201 0 189 255 / 0.82252500 0.48545840
				-20.30029000 -109.53910000 1.65918000 / 0.70701140 0.70720210 0.00000000 / 201 0 189 255 / 0.82252500 0.48545840
				-20.30029000 -109.53910000 1.06543000 / 0.70701140 0.70720210 0.00000000 / 201 0 189 255 / 0.82252500 0.39335630
				-23.19775000 -106.64110000 1.06543000 / 0.70701140 0.70720210 0.00000000 / 218 0 205 255 / 0.75056460 0.39334110
				-23.19775000 -106.64110000 1.06543000 / 0.70701140 0.70720210 0.00000000 / 218 0 205 255 / 0.75056460 0.39334110
				-23.19775000 -106.64110000 1.65918000 / 0.70701140 0.70720210 0.00000000 / 218 0 205 255 / 0.75056460 0.48545840
				-22.45117000 -107.38820000 1.65918000 / 0.70701140 0.70720210 0.00000000 / 218 0 205 255 / 0.82252500 0.48545840
				-22.45117000 -107.38820000 1.65918000 / 0.70701140 0.70720210 0.00000000 / 218 0 205 255 / 0.82252500 0.48545840
				-22.45117000 -107.38820000 1.06543000 / 0.70701140 0.70720210 0.00000000 / 218 0 204 255 / 0.82252500 0.39335630
				-27.91455000 -101.92480000 1.06543000 / 0.70701140 0.70720210 0.00000000 / 219 0 205 255 / 0.75056460 0.30572510
				-27.91455000 -101.92480000 1.06543000 / 0.70701140 0.70720210 0.00000000 / 219 0 205 255 / 0.75056460 0.30572510
				-27.91455000 -101.92480000 1.65918000 / 0.70701140 0.70720210 0.00000000 / 219 0 206 255 / 0.75056460 0.38620000
				-27.16748000 -102.67140000 1.65918000 / 0.70701140 0.70720210 0.00000000 / 219 0 205 255 / 0.82252500 0.38620000
				-27.16748000 -102.67140000 1.65918000 / 0.70701140 0.70720210 0.00000000 / 219 0 205 255 / 0.82252500 0.38620000
				-27.16748000 -102.67140000 1.06543000 / 0.70701140 0.70720210 0.00000000 / 218 0 205 255 / 0.82252500 0.30572510
				-30.06152000 -99.77784000 1.06543000 / 0.70701140 0.70720210 0.00000000 / 234 0 220 255 / 0.75056460 0.30572510
				-30.06152000 -99.77784000 1.06543000 / 0.70701140 0.70720210 0.00000000 / 234 0 220 255 / 0.75056460 0.30572510
				-30.06152000 -99.77784000 1.65918000 / 0.70701140 0.70720210 0.00000000 / 234 0 219 255 / 0.75056460 0.38620000
				-29.31494000 -100.52440000 1.65918000 / 0.70701140 0.70720210 0.00000000 / 234 0 220 255 / 0.82252500 0.38620000
				-29.31494000 -100.52440000 1.65918000 / 0.70701140 0.70720210 0.00000000 / 234 0 220 255 / 0.82252500 0.38620000
				-29.31494000 -100.52440000 1.06543000 / 0.70701140 0.70720210 0.00000000 / 235 0 220 255 / 0.82252500 0.30572510
				-33.50244000 -96.33643000 1.06543000 / 0.70710690 0.70710690 0.00000000 / 215 0 202 255 / 0.75056460 0.30572510
				-33.50244000 -96.33643000 1.06543000 / 0.70710690 0.70710690 0.00000000 / 215 0 202 255 / 0.75056460 0.30572510
				-33.50244000 -96.33643000 1.65918000 / 0.70710690 0.70710690 0.00000000 / 215 0 202 255 / 0.75056460 0.38620000
				-32.75586000 -97.08350000 1.65918000 / 0.70710690 0.70710690 0.00000000 / 215 0 202 255 / 0.82252500 0.38620000
				-32.75586000 -97.08350000 1.65918000 / 0.70710690 0.70710690 0.00000000 / 215 0 202 255 / 0.82252500 0.38620000
				-32.75586000 -97.08350000 1.06543000 / 0.70710690 0.70710690 0.00000000 / 215 0 202 255 / 0.82252500 0.30572510
				-22.84668000 -106.65040000 -4.20507800 / 0.70701140 0.70720210 0.00000000 / 206 0 194 255 / 0.83436580 0.22241210
				-22.84668000 -106.65040000 -4.20507800 / 0.70701140 0.70720210 0.00000000 / 206 0 194 255 / 0.83436580 0.22241210
				-22.84668000 -106.65040000 -4.90722700 / 0.70701140 0.70720210 0.00000000 / 206 0 194 255 / 0.83436580 0.37518310
				-22.89600000 -106.60060000 -4.90722700 / 0.70701140 0.70720210 0.00000000 / 206 0 194 255 / 0.86213680 0.37518310
				-22.89600000 -106.60060000 -4.90722700 / 0.70701140 0.70720210 0.00000000 / 206 0 194 255 / 0.86213680 0.37518310
				-22.89600000 -106.60060000 -4.20507800 / 0.70701140 0.70720210 0.00000000 / 206 0 194 255 / 0.86213680 0.22241210
				-35.59033000 -95.37842000 -4.26464900 / 0.00000000 1.00000000 0.00000000 / 219 0 206 255 / 0.83436580 0.22241210
				-35.59033000 -95.37842000 -4.26464900 / 0.00000000 1.00000000 0.00000000 / 219 0 206 255 / 0.83436580 0.22241210
				-35.59033000 -95.37842000 -4.96679700 / 0.00000000 1.00000000 0.00000000 / 219 0 206 255 / 0.83436580 0.37518310
				-35.66065000 -95.37842000 -4.96679700 / 0.00000000 1.00000000 0.00000000 / 219 0 206 255 / 0.86213680 0.37518310
				-35.66065000 -95.37842000 -4.96679700 / 0.00000000 1.00000000 0.00000000 / 219 0 206 255 / 0.86213680 0.37518310
				-35.66065000 -95.37842000 -4.26464900 / 0.00000000 1.00000000 0.00000000 / 219 0 206 255 / 0.86213680 0.22241210
				11.14941000 -95.37842000 -4.26464900 / 0.00000000 1.00000000 0.00000000 / 223 0 209 255 / 0.83436580 0.22241210
				11.14941000 -95.37842000 -4.26464900 / 0.00000000 1.00000000 0.00000000 / 223 0 209 255 / 0.83436580 0.22241210
				11.14941000 -95.37842000 -4.96679700 / 0.00000000 1.00000000 0.00000000 / 223 0 209 255 / 0.83436580 0.37518310
				11.07959000 -95.37842000 -4.96679700 / 0.00000000 1.00000000 0.00000000 / 223 0 209 255 / 0.86213680 0.37518310
				11.07959000 -95.37842000 -4.96679700 / 0.00000000 1.00000000 0.00000000 / 223 0 209 255 / 0.86213680 0.37518310
				11.07959000 -95.37842000 -4.26464900 / 0.00000000 1.00000000 0.00000000 / 223 0 210 255 / 0.86213680 0.22241210
				-1.61914100 -106.90630000 -4.20507800 / -0.70696970 0.70724390 0.00000000 / 192 0 180 255 / 0.83436580 0.22241210
				-1.61914100 -106.90630000 -4.20507800 / -0.70696970 0.70724390 0.00000000 / 192 0 180 255 / 0.83436580 0.22241210
				-1.61914100 -106.90630000 -4.90722700 / -0.70696970 0.70724390 0.00000000 / 192 0 181 255 / 0.83436580 0.37518310
				-1.66845700 -106.95560000 -4.90722700 / -0.70696970 0.70724390 0.00000000 / 192 0 180 255 / 0.86213680 0.37518310
				-1.66845700 -106.95560000 -4.90722700 / -0.70696970 0.70724390 0.00000000 / 192 0 180 255 / 0.86213680 0.37518310
				-1.66845700 -106.95560000 -4.20507800 / -0.70696970 0.70724390 0.00000000 / 191 0 180 255 / 0.86213680 0.22241210
				-39.60107000 -98.24609000 -4.26464900 / -1.00000000 0.00000000 0.00000000 / 184 0 174 255 / 0.83436580 0.22241210
				-39.60107000 -98.24609000 -4.26464900 / -1.00000000 0.00000000 0.00000000 / 184 0 174 255 / 0.83436580 0.22241210
				-39.60107000 -98.24609000 -4.96679700 / -1.00000000 0.00000000 0.00000000 / 184 0 174 255 / 0.83436580 0.37518310
				-39.60107000 -98.31592000 -4.96679700 / -1.00000000 0.00000000 0.00000000 / 184 0 174 255 / 0.86213680 0.37518310
				-39.60107000 -98.31592000 -4.96679700 / -1.00000000 0.00000000 0.00000000 / 184 0 174 255 / 0.86213680 0.37518310
				-39.60107000 -98.31592000 -4.26464900 / -1.00000000 0.00000000 0.00000000 / 184 0 174 255 / 0.86213680 0.22241210
				8.54736400 -97.08594000 1.06543000 / -0.70701140 0.70720210 0.00000000 / 227 0 213 255 / 0.75056460 0.30572510
				8.54736400 -97.08594000 1.06543000 / -0.70701140 0.70720210 0.00000000 / 227 0 213 255 / 0.75056460 0.30572510
				8.54736400 -97.08594000 1.65918000 / -0.70701140 0.70720210 0.00000000 / 227 0 213 255 / 0.75056460 0.38620000
				9.29443400 -96.33887000 1.65918000 / -0.70701140 0.70720210 0.00000000 / 227 0 213 255 / 0.82252500 0.38620000
				9.29443400 -96.33887000 1.65918000 / -0.70701140 0.70720210 0.00000000 / 227 0 213 255 / 0.82252500 0.38620000
				9.29443400 -96.33887000 1.06543000 / -0.70701140 0.70720210 0.00000000 / 227 0 213 255 / 0.82252500 0.30572510
				-1.75878900 -107.39210000 1.06543000 / -0.70696970 0.70724390 0.00000000 / 218 0 205 255 / 0.75056460 0.30572510
				-1.75878900 -107.39210000 1.06543000 / -0.70696970 0.70724390 0.00000000 / 218 0 205 255 / 0.75056460 0.30572510
				-1.75878900 -107.39210000 1.65918000 / -0.70696970 0.70724390 0.00000000 / 218 0 205 255 / 0.75056460 0.38620000
				-1.01220700 -106.64500000 1.65918000 / -0.70696970 0.70724390 0.00000000 / 218 0 205 255 / 0.82252500 0.38620000
				-1.01220700 -106.64500000 1.65918000 / -0.70696970 0.70724390 0.00000000 / 218 0 205 255 / 0.82252500 0.38620000
				-1.01220700 -106.64500000 1.06543000 / -0.70696970 0.70724390 0.00000000 / 218 0 205 255 / 0.82252500 0.30572510
				-3.90234400 -109.53560000 1.06543000 / -0.70697560 0.70723790 0.00000000 / 219 0 205 255 / 0.75056460 0.39471440
				-3.90234400 -109.53560000 1.06543000 / -0.70697560 0.70723790 0.00000000 / 219 0 205 255 / 0.75056460 0.39471440
				-3.90234400 -109.53560000 1.65918000 / -0.70697560 0.70723790 0.00000000 / 219 0 205 255 / 0.75056460 0.48614500
				-3.15576200 -108.78910000 1.65918000 / -0.70697560 0.70723790 0.00000000 / 219 0 205 255 / 0.82252500 0.48614500
				-3.15576200 -108.78910000 1.65918000 / -0.70697560 0.70723790 0.00000000 / 219 0 205 255 / 0.82252500 0.48614500
				-3.15576200 -108.78910000 1.06543000 / -0.70697560 0.70723790 0.00000000 / 219 0 205 255 / 0.82252500 0.39471440
				-7.33349600 -112.96680000 1.06543000 / -0.70698760 0.70722590 0.00000000 / 213 0 200 255 / 0.75056460 0.39471440
				-7.33349600 -112.96680000 1.06543000 / -0.70698760 0.70722590 0.00000000 / 213 0 200 255 / 0.75056460 0.39471440
				-7.33349600 -112.96680000 1.65918000 / -0.70698760 0.70722590 0.00000000 / 214 0 201 255 / 0.75056460 0.48614500
				-6.58691400 -112.21970000 1.65918000 / -0.70698760 0.70722590 0.00000000 / 213 0 200 255 / 0.82252500 0.48614500
				-6.58691400 -112.21970000 1.65918000 / -0.70698760 0.70722590 0.00000000 / 213 0 200 255 / 0.82252500 0.48614500
				-6.58691400 -112.21970000 1.06543000 / -0.70698760 0.70722590 0.00000000 / 213 0 200 255 / 0.82252500 0.39471440
				32.21777000 -105.77780000 0.48144530 / -0.86621740 -0.49966740 0.00000000 / 204 0 192 255 / 0.77839660 0.20376590
				32.21777000 -105.77780000 0.48144530 / -0.86621740 -0.49966740 0.00000000 / 204 0 192 255 / 0.77839660 0.20376590
				32.21777000 -105.77780000 1.68408200 / -0.86621740 -0.49966740 0.00000000 / 204 0 192 255 / 0.77839660 0.00285340
				32.11768000 -105.60450000 1.68408200 / -0.86621740 -0.49966740 0.00000000 / 204 0 192 255 / 0.80438230 0.00285340
				32.11768000 -105.60450000 1.68408200 / -0.86621740 -0.49966740 0.00000000 / 204 0 192 255 / 0.80438230 0.00285340
				32.11768000 -105.60450000 0.48144530 / -0.86621740 -0.49966740 0.00000000 / 204 0 192 255 / 0.80438230 0.20376590
				32.70996000 -106.63040000 0.48144530 / -0.86621740 -0.49966740 0.00000000 / 208 0 196 255 / 0.75064080 0.20376590
				32.70996000 -106.63040000 0.48144530 / -0.86621740 -0.49966740 0.00000000 / 208 0 196 255 / 0.75064080 0.20376590
				32.70996000 -106.63040000 1.68408200 / -0.86621740 -0.49966740 0.00000000 / 208 0 196 255 / 0.75064080 0.00285340
				32.60986000 -106.45700000 1.68408200 / -0.86621740 -0.49966740 0.00000000 / 208 0 196 255 / 0.77662660 0.00285340
				32.60986000 -106.45700000 1.68408200 / -0.86621740 -0.49966740 0.00000000 / 208 0 196 255 / 0.77662660 0.00285340
				32.60986000 -106.45700000 0.48144530 / -0.86621740 -0.49966740 0.00000000 / 208 0 196 255 / 0.77662660 0.20376590
				30.33789000 -102.52200000 0.48144530 / -0.86616970 -0.49975000 0.00000000 / 206 0 194 255 / 0.77839660 0.20376590
				30.33789000 -102.52200000 0.48144530 / -0.86616970 -0.49975000 0.00000000 / 206 0 194 255 / 0.77839660 0.20376590
				30.33789000 -102.52200000 1.68408200 / -0.86616970 -0.49975000 0.00000000 / 206 0 194 255 / 0.77839660 0.00285340
				30.23779000 -102.34860000 1.68408200 / -0.86616970 -0.49975000 0.00000000 / 206 0 194 255 / 0.80438230 0.00285340
				30.23779000 -102.34860000 1.68408200 / -0.86616970 -0.49975000 0.00000000 / 206 0 194 255 / 0.80438230 0.00285340
				30.23779000 -102.34860000 0.48144530 / -0.86616970 -0.49975000 0.00000000 / 206 0 194 255 / 0.80438230 0.20376590
				36.77246000 -113.66750000 -4.41308600 / -0.86621740 -0.49966740 0.00000000 / 205 0 193 255 / 0.80705260 0.20376590
				36.77246000 -113.66750000 -4.41308600 / -0.86621740 -0.49966740 0.00000000 / 205 0 193 255 / 0.80705260 0.20376590
				36.77246000 -113.66750000 -3.21093700 / -0.86621740 -0.49966740 0.00000000 / 205 0 193 255 / 0.80705260 0.00285340
				36.67236000 -113.49370000 -3.21093700 / -0.86621740 -0.49966740 0.00000000 / 205 0 193 255 / 0.83303830 0.00285340
				36.67236000 -113.49370000 -3.21093700 / -0.86621740 -0.49966740 0.00000000 / 205 0 193 255 / 0.83303830 0.00285340
				36.67236000 -113.49370000 -4.41308600 / -0.86621740 -0.49966740 0.00000000 / 205 0 193 255 / 0.83303830 0.20376590
				37.26465000 -114.52000000 -4.41308600 / -0.86621740 -0.49966740 0.00000000 / 191 0 180 255 / 0.80705260 0.20376590
				37.26465000 -114.52000000 -4.41308600 / -0.86621740 -0.49966740 0.00000000 / 191 0 180 255 / 0.80705260 0.20376590
				37.26465000 -114.52000000 -3.21093700 / -0.86621740 -0.49966740 0.00000000 / 192 0 180 255 / 0.80705260 0.00285340
				37.16455000 -114.34620000 -3.21093700 / -0.86621740 -0.49966740 0.00000000 / 191 0 180 255 / 0.83303830 0.00285340
				37.16455000 -114.34620000 -3.21093700 / -0.86621740 -0.49966740 0.00000000 / 191 0 180 255 / 0.83303830 0.00285340
				37.16455000 -114.34620000 -4.41308600 / -0.86621740 -0.49966740 0.00000000 / 191 0 180 255 / 0.83303830 0.20376590
				34.89307000 -110.41160000 -4.41308600 / -0.86621740 -0.49966740 0.00000000 / 197 0 185 255 / 0.80705260 0.20376590
				34.89307000 -110.41160000 -4.41308600 / -0.86621740 -0.49966740 0.00000000 / 197 0 185 255 / 0.80705260 0.20376590
				34.89307000 -110.41160000 -3.21093700 / -0.86621740 -0.49966740 0.00000000 / 197 0 185 255 / 0.80705260 0.00285340
				34.79297000 -110.23830000 -3.21093700 / -0.86621740 -0.49966740 0.00000000 / 197 0 185 255 / 0.83303830 0.00285340
				34.79297000 -110.23830000 -3.21093700 / -0.86621740 -0.49966740 0.00000000 / 197 0 185 255 / 0.83303830 0.00285340
				34.79297000 -110.23830000 -4.41308600 / -0.86621740 -0.49966740 0.00000000 / 196 0 185 255 / 0.83303830 0.20376590
				38.76563000 -117.11910000 -4.41308600 / -0.86621740 -0.49966740 0.00000000 / 216 0 203 255 / 0.80705260 0.20376590
				38.76563000 -117.11910000 -4.41308600 / -0.86621740 -0.49966740 0.00000000 / 216 0 203 255 / 0.80705260 0.20376590
				38.76563000 -117.11910000 -3.21093700 / -0.86621740 -0.49966740 0.00000000 / 216 0 203 255 / 0.80705260 0.00285340
				38.66553000 -116.94580000 -3.21093700 / -0.86621740 -0.49966740 0.00000000 / 216 0 203 255 / 0.83303830 0.00285340
				38.66553000 -116.94580000 -3.21093700 / -0.86621740 -0.49966740 0.00000000 / 216 0 203 255 / 0.83303830 0.00285340
				38.66553000 -116.94580000 -4.41308600 / -0.86621740 -0.49966740 0.00000000 / 216 0 203 255 / 0.83303830 0.20376590
				32.21777000 -105.77780000 -4.41308600 / -0.86621740 -0.49966740 0.00000000 / 206 0 193 255 / 0.83435060 0.20376590
				32.21777000 -105.77780000 -4.41308600 / -0.86621740 -0.49966740 0.00000000 / 206 0 193 255 / 0.83435060 0.20376590
				32.21777000 -105.77780000 -3.21093700 / -0.86621740 -0.49966740 0.00000000 / 206 0 193 255 / 0.83435060 0.00285340
				32.11768000 -105.60450000 -3.21093700 / -0.86621740 -0.49966740 0.00000000 / 206 0 193 255 / 0.86033630 0.00285340
				32.11768000 -105.60450000 -3.21093700 / -0.86621740 -0.49966740 0.00000000 / 206 0 193 255 / 0.86033630 0.00285340
				32.11768000 -105.60450000 -4.41308600 / -0.86621740 -0.49966740 0.00000000 / 206 0 193 255 / 0.86033630 0.20376590
				32.70996000 -106.63040000 -4.41308600 / -0.86621740 -0.49966740 0.00000000 / 195 0 183 255 / 0.75064080 0.20376590
				32.70996000 -106.63040000 -4.41308600 / -0.86621740 -0.49966740 0.00000000 / 195 0 183 255 / 0.75064080 0.20376590
				32.70996000 -106.63040000 -3.21093700 / -0.86621740 -0.49966740 0.00000000 / 195 0 183 255 / 0.75064080 0.00285340
				32.60986000 -106.45700000 -3.21093700 / -0.86621740 -0.49966740 0.00000000 / 195 0 183 255 / 0.77662660 0.00285340
				32.60986000 -106.45700000 -3.21093700 / -0.86621740 -0.49966740 0.00000000 / 195 0 183 255 / 0.77662660 0.00285340
				32.60986000 -106.45700000 -4.41308600 / -0.86621740 -0.49966740 0.00000000 / 195 0 183 255 / 0.77662660 0.20376590
				30.33789000 -102.52200000 -4.41308600 / -0.86616970 -0.49975000 0.00000000 / 183 0 173 255 / 0.86619570 0.20376590
				30.33789000 -102.52200000 -4.41308600 / -0.86616970 -0.49975000 0.00000000 / 183 0 173 255 / 0.86619570 0.20376590
				30.33789000 -102.52200000 -3.21093700 / -0.86616970 -0.49975000 0.00000000 / 184 0 173 255 / 0.86619570 0.00285340
				30.23779000 -102.34860000 -3.21093700 / -0.86616970 -0.49975000 0.00000000 / 183 0 173 255 / 0.89216610 0.00285340
				30.23779000 -102.34860000 -3.21093700 / -0.86616970 -0.49975000 0.00000000 / 183 0 173 255 / 0.89216610 0.00285340
				30.23779000 -102.34860000 -4.41308600 / -0.86616970 -0.49975000 0.00000000 / 183 0 173 255 / 0.89216610 0.20376590
				34.21045000 -109.22950000 -4.41308600 / -0.86621740 -0.49966740 0.00000000 / 199 0 188 255 / 0.80705260 0.20376590
				34.21045000 -109.22950000 -4.41308600 / -0.86621740 -0.49966740 0.00000000 / 199 0 188 255 / 0.80705260 0.20376590
				34.21045000 -109.22950000 -3.21093700 / -0.86621740 -0.49966740 0.00000000 / 200 0 188 255 / 0.80705260 0.00285340
				34.11035000 -109.05620000 -3.21093700 / -0.86621740 -0.49966740 0.00000000 / 199 0 188 255 / 0.83303830 0.00285340
				34.11035000 -109.05620000 -3.21093700 / -0.86621740 -0.49966740 0.00000000 / 199 0 188 255 / 0.83303830 0.00285340
				34.11035000 -109.05620000 -4.41308600 / -0.86621740 -0.49966740 0.00000000 / 199 0 187 255 / 0.83303830 0.20376590
				25.60547000 -94.32569000 0.48144530 / -0.86616970 -0.49975000 0.00000000 / 199 0 187 255 / 0.75064080 0.20376590
				25.60547000 -94.32569000 0.48144530 / -0.86616970 -0.49975000 0.00000000 / 199 0 187 255 / 0.75064080 0.20376590
				25.60547000 -94.32569000 1.68408200 / -0.86616970 -0.49975000 0.00000000 / 198 0 187 255 / 0.75064080 0.00285340
				25.50537000 -94.15185000 1.68408200 / -0.86616970 -0.49975000 0.00000000 / 199 0 187 255 / 0.77662660 0.00285340
				25.50537000 -94.15185000 1.68408200 / -0.86616970 -0.49975000 0.00000000 / 199 0 187 255 / 0.77662660 0.00285340
				25.50537000 -94.15185000 0.48144530 / -0.86616970 -0.49975000 0.00000000 / 199 0 188 255 / 0.77662660 0.20376590
				26.09766000 -95.17822000 0.48144530 / -0.86616970 -0.49975000 0.00000000 / 194 0 182 255 / 0.75064080 0.20376590
				26.09766000 -95.17822000 0.48144530 / -0.86616970 -0.49975000 0.00000000 / 194 0 182 255 / 0.75064080 0.20376590
				26.09766000 -95.17822000 1.68408200 / -0.86616970 -0.49975000 0.00000000 / 194 0 182 255 / 0.75064080 0.00285340
				25.99756000 -95.00439000 1.68408200 / -0.86616970 -0.49975000 0.00000000 / 194 0 182 255 / 0.77662660 0.00285340
				25.99756000 -95.00439000 1.68408200 / -0.86616970 -0.49975000 0.00000000 / 194 0 182 255 / 0.77662660 0.00285340
				25.99756000 -95.00439000 0.48144530 / -0.86616970 -0.49975000 0.00000000 / 193 0 182 255 / 0.77662660 0.20376590
				23.72607000 -91.06983000 0.48144530 / -0.86616970 -0.49975000 0.00000000 / 210 0 197 255 / 0.75064080 0.20376590
				23.72607000 -91.06983000 0.48144530 / -0.86616970 -0.49975000 0.00000000 / 210 0 197 255 / 0.75064080 0.20376590
				23.72607000 -91.06983000 1.68408200 / -0.86616970 -0.49975000 0.00000000 / 210 0 197 255 / 0.75064080 0.00285340
				23.62598000 -90.89648000 1.68408200 / -0.86616970 -0.49975000 0.00000000 / 210 0 197 255 / 0.77662660 0.00285340
				23.62598000 -90.89648000 1.68408200 / -0.86616970 -0.49975000 0.00000000 / 210 0 197 255 / 0.77662660 0.00285340
				23.62598000 -90.89648000 0.48144530 / -0.86616970 -0.49975000 0.00000000 / 210 0 197 255 / 0.77662660 0.20376590
				27.59863000 -97.77734000 0.48144530 / -0.86616970 -0.49975000 0.00000000 / 211 0 198 255 / 0.75064080 0.20376590
				27.59863000 -97.77734000 0.48144530 / -0.86616970 -0.49975000 0.00000000 / 211 0 198 255 / 0.75064080 0.20376590
				27.59863000 -97.77734000 1.68408200 / -0.86616970 -0.49975000 0.00000000 / 210 0 198 255 / 0.75064080 0.00285340
				27.49853000 -97.60400000 1.68408200 / -0.86616970 -0.49975000 0.00000000 / 211 0 198 255 / 0.77662660 0.00285340
				27.49853000 -97.60400000 1.68408200 / -0.86616970 -0.49975000 0.00000000 / 211 0 198 255 / 0.77662660 0.00285340
				27.49853000 -97.60400000 0.48144530 / -0.86616970 -0.49975000 0.00000000 / 211 0 198 255 / 0.77662660 0.20376590
				21.05078000 -86.43605000 0.48144530 / -0.86616970 -0.49975000 0.00000000 / 215 0 202 255 / 0.75064080 0.20376590
				21.05078000 -86.43605000 0.48144530 / -0.86616970 -0.49975000 0.00000000 / 215 0 202 255 / 0.75064080 0.20376590
				21.05078000 -86.43605000 1.68408200 / -0.86616970 -0.49975000 0.00000000 / 215 0 202 255 / 0.75064080 0.00285340
				20.95068000 -86.26269000 1.68408200 / -0.86616970 -0.49975000 0.00000000 / 215 0 202 255 / 0.77662660 0.00285340
				20.95068000 -86.26269000 1.68408200 / -0.86616970 -0.49975000 0.00000000 / 215 0 202 255 / 0.77662660 0.00285340
				20.95068000 -86.26269000 0.48144530 / -0.86616970 -0.49975000 0.00000000 / 215 0 202 255 / 0.77662660 0.20376590
				21.54297000 -87.28857000 0.48144530 / -0.86616970 -0.49975000 0.00000000 / 213 0 200 255 / 0.75064080 0.20376590
				21.54297000 -87.28857000 0.48144530 / -0.86616970 -0.49975000 0.00000000 / 213 0 200 255 / 0.75064080 0.20376590
				21.54297000 -87.28857000 1.68408200 / -0.86616970 -0.49975000 0.00000000 / 213 0 200 255 / 0.75064080 0.00285340
				21.44287000 -87.11523000 1.68408200 / -0.86616970 -0.49975000 0.00000000 / 213 0 200 255 / 0.77662660 0.00285340
				21.44287000 -87.11523000 1.68408200 / -0.86616970 -0.49975000 0.00000000 / 213 0 200 255 / 0.77662660 0.00285340
				21.44287000 -87.11523000 0.48144530 / -0.86616970 -0.49975000 0.00000000 / 213 0 200 255 / 0.77662660 0.20376590
				19.17090000 -83.18018000 0.48144530 / -0.86616970 -0.49975000 0.00000000 / 221 0 208 255 / 0.83480830 0.20376590
				19.17090000 -83.18018000 0.48144530 / -0.86616970 -0.49975000 0.00000000 / 221 0 208 255 / 0.83480830 0.20376590
				19.17090000 -83.18018000 1.68408200 / -0.86616970 -0.49975000 0.00000000 / 221 0 208 255 / 0.83480830 0.00285340
				19.07080000 -83.00683000 1.68408200 / -0.86616970 -0.49975000 0.00000000 / 221 0 208 255 / 0.86077880 0.00285340
				19.07080000 -83.00683000 1.68408200 / -0.86616970 -0.49975000 0.00000000 / 221 0 208 255 / 0.86077880 0.00285340
				19.07080000 -83.00683000 0.48144530 / -0.86616970 -0.49975000 0.00000000 / 221 0 208 255 / 0.86077880 0.20376590
				23.04346000 -89.88769000 0.48144530 / -0.86616970 -0.49975000 0.00000000 / 198 0 186 255 / 0.75064080 0.20376590
				23.04346000 -89.88769000 0.48144530 / -0.86616970 -0.49975000 0.00000000 / 198 0 186 255 / 0.75064080 0.20376590
				23.04346000 -89.88769000 1.68408200 / -0.86616970 -0.49975000 0.00000000 / 198 0 186 255 / 0.75064080 0.00285340
				22.94336000 -89.71436000 1.68408200 / -0.86616970 -0.49975000 0.00000000 / 198 0 186 255 / 0.77662660 0.00285340
				22.94336000 -89.71436000 1.68408200 / -0.86616970 -0.49975000 0.00000000 / 198 0 186 255 / 0.77662660 0.00285340
				22.94336000 -89.71436000 0.48144530 / -0.86616970 -0.49975000 0.00000000 / 198 0 186 255 / 0.77662660 0.20376590
				23.72607000 -91.06983000 -4.41308600 / -0.86616970 -0.49975000 0.00000000 / 181 0 171 255 / 0.77975460 0.20376590
				23.72607000 -91.06983000 -4.41308600 / -0.86616970 -0.49975000 0.00000000 / 181 0 171 255 / 0.77975460 0.20376590
				23.72607000 -91.06983000 -3.21093700 / -0.86616970 -0.49975000 0.00000000 / 181 0 171 255 / 0.77975460 0.00285340
				23.62598000 -90.89648000 -3.21093700 / -0.86616970 -0.49975000 0.00000000 / 181 0 171 255 / 0.80574030 0.00285340
				23.62598000 -90.89648000 -3.21093700 / -0.86616970 -0.49975000 0.00000000 / 181 0 171 255 / 0.80574030 0.00285340
				23.62598000 -90.89648000 -4.41308600 / -0.86616970 -0.49975000 0.00000000 / 181 0 171 255 / 0.80574030 0.20376590
				23.04346000 -89.88769000 -4.41308600 / -0.86616970 -0.49975000 0.00000000 / 184 0 174 255 / 0.77975460 0.20376590
				23.04346000 -89.88769000 -4.41308600 / -0.86616970 -0.49975000 0.00000000 / 184 0 174 255 / 0.77975460 0.20376590
				23.04346000 -89.88769000 -3.21093700 / -0.86616970 -0.49975000 0.00000000 / 184 0 173 255 / 0.77975460 0.00285340
				22.94336000 -89.71436000 -3.21093700 / -0.86616970 -0.49975000 0.00000000 / 184 0 174 255 / 0.80574030 0.00285340
				22.94336000 -89.71436000 -3.21093700 / -0.86616970 -0.49975000 0.00000000 / 184 0 174 255 / 0.80574030 0.00285340
				22.94336000 -89.71436000 -4.41308600 / -0.86616970 -0.49975000 0.00000000 / 184 0 174 255 / 0.80574030 0.20376590
				83.97119000 -86.41748000 0.48144530 / 0.86612210 0.49983250 0.00000000 / 228 0 214 255 / 0.75064080 0.20376590
				83.97119000 -86.41748000 0.48144530 / 0.86612210 0.49983250 0.00000000 / 228 0 214 255 / 0.75064080 0.20376590
				83.87060000 -86.24365000 0.48144530 / 0.86612210 0.49983250 0.00000000 / 229 0 215 255 / 0.77662660 0.20376590
				83.87060000 -86.24365000 1.68408200 / 0.86612210 0.49983250 0.00000000 / 228 0 214 255 / 0.77662660 0.00285340
				83.87060000 -86.24365000 1.68408200 / 0.86612210 0.49983250 0.00000000 / 228 0 214 255 / 0.77662660 0.00285340
				83.97119000 -86.41748000 1.68408200 / 0.86612210 0.49983250 0.00000000 / 228 0 214 255 / 0.75064080 0.00285340
				84.46338000 -87.27002000 0.48144530 / 0.86612210 0.49983250 0.00000000 / 215 0 202 255 / 0.75064080 0.20376590
				84.46338000 -87.27002000 0.48144530 / 0.86612210 0.49983250 0.00000000 / 215 0 202 255 / 0.75064080 0.20376590
				84.36328000 -87.09668000 0.48144530 / 0.86612210 0.49983250 0.00000000 / 215 0 202 255 / 0.77662660 0.20376590
				84.36279000 -87.09619000 1.68408200 / 0.86612210 0.49983250 0.00000000 / 215 0 202 255 / 0.77662660 0.00285340
				84.36279000 -87.09619000 1.68408200 / 0.86612210 0.49983250 0.00000000 / 215 0 202 255 / 0.77662660 0.00285340
				84.46338000 -87.27002000 1.68408200 / 0.86612210 0.49983250 0.00000000 / 216 0 203 255 / 0.75064080 0.00285340
				82.09131000 -83.16162000 0.48144530 / 0.86612210 0.49983250 0.00000000 / 231 0 217 255 / 0.75064080 0.20376590
				82.09131000 -83.16162000 0.48144530 / 0.86612210 0.49983250 0.00000000 / 231 0 217 255 / 0.75064080 0.20376590
				81.99121000 -82.98828000 0.48144530 / 0.86612210 0.49983250 0.00000000 / 231 0 217 255 / 0.77662660 0.20376590
				81.99121000 -82.98828000 1.68408200 / 0.86612210 0.49983250 0.00000000 / 231 0 217 255 / 0.77662660 0.00285340
				81.99121000 -82.98828000 1.68408200 / 0.86612210 0.49983250 0.00000000 / 231 0 217 255 / 0.77662660 0.00285340
				82.09131000 -83.16162000 1.68408200 / 0.86612210 0.49983250 0.00000000 / 231 0 217 255 / 0.75064080 0.00285340
				85.96387000 -89.86914000 0.48144530 / 0.86612210 0.49983250 0.00000000 / 232 0 218 255 / 0.75064080 0.20376590
				85.96387000 -89.86914000 0.48144530 / 0.86612210 0.49983250 0.00000000 / 232 0 218 255 / 0.75064080 0.20376590
				85.86377000 -89.69580000 0.48144530 / 0.86612210 0.49983250 0.00000000 / 232 0 218 255 / 0.77662660 0.20376590
				85.86377000 -89.69580000 1.68408200 / 0.86612210 0.49983250 0.00000000 / 232 0 218 255 / 0.77662660 0.00285340
				85.86377000 -89.69580000 1.68408200 / 0.86612210 0.49983250 0.00000000 / 232 0 218 255 / 0.77662660 0.00285340
				85.96387000 -89.86914000 1.68408200 / 0.86612210 0.49983250 0.00000000 / 232 0 217 255 / 0.75064080 0.00285340
				79.41601000 -78.52784000 0.48144530 / 0.86612210 0.49983250 0.00000000 / 228 0 214 255 / 0.75064080 0.20376590
				79.41601000 -78.52784000 0.48144530 / 0.86612210 0.49983250 0.00000000 / 228 0 214 255 / 0.75064080 0.20376590
				79.31592000 -78.35449000 0.48144530 / 0.86612210 0.49983250 0.00000000 / 228 0 214 255 / 0.77662660 0.20376590
				79.31592000 -78.35449000 1.68408200 / 0.86612210 0.49983250 0.00000000 / 228 0 214 255 / 0.77662660 0.00285340
				79.31592000 -78.35449000 1.68408200 / 0.86612210 0.49983250 0.00000000 / 228 0 214 255 / 0.77662660 0.00285340
				79.41601000 -78.52784000 1.68408200 / 0.86612210 0.49983250 0.00000000 / 228 0 214 255 / 0.75064080 0.00285340
				79.90820000 -79.38037000 0.48144530 / 0.86612210 0.49983250 0.00000000 / 229 0 215 255 / 0.75064080 0.20376590
				79.90820000 -79.38037000 0.48144530 / 0.86612210 0.49983250 0.00000000 / 229 0 215 255 / 0.75064080 0.20376590
				79.80811000 -79.20703000 0.48144530 / 0.86612210 0.49983250 0.00000000 / 229 0 215 255 / 0.77662660 0.20376590
				79.80811000 -79.20703000 1.68408200 / 0.86612210 0.49983250 0.00000000 / 229 0 215 255 / 0.77662660 0.00285340
				79.80811000 -79.20703000 1.68408200 / 0.86612210 0.49983250 0.00000000 / 229 0 215 255 / 0.77662660 0.00285340
				79.90820000 -79.38037000 1.68408200 / 0.86612210 0.49983250 0.00000000 / 229 0 215 255 / 0.75064080 0.00285340
				77.53613000 -75.27246000 0.48144530 / 0.86612210 0.49983250 0.00000000 / 235 0 221 255 / 0.75064080 0.20376590
				77.53613000 -75.27246000 0.48144530 / 0.86612210 0.49983250 0.00000000 / 235 0 221 255 / 0.75064080 0.20376590
				77.43603000 -75.09863000 0.48144530 / 0.86612210 0.49983250 0.00000000 / 236 0 221 255 / 0.77662660 0.20376590
				77.43603000 -75.09863000 1.68408200 / 0.86612210 0.49983250 0.00000000 / 235 0 221 255 / 0.77662660 0.00285340
				77.43603000 -75.09863000 1.68408200 / 0.86612210 0.49983250 0.00000000 / 235 0 221 255 / 0.77662660 0.00285340
				77.53613000 -75.27246000 1.68408200 / 0.86612210 0.49983250 0.00000000 / 235 0 220 255 / 0.75064080 0.00285340
				81.40869000 -81.97949000 0.48144530 / 0.86612210 0.49983250 0.00000000 / 235 0 221 255 / 0.75064080 0.20376590
				81.40869000 -81.97949000 0.48144530 / 0.86612210 0.49983250 0.00000000 / 235 0 221 255 / 0.75064080 0.20376590
				81.30860000 -81.80615000 0.48144530 / 0.86612210 0.49983250 0.00000000 / 235 0 220 255 / 0.77662660 0.20376590
				81.30860000 -81.80615000 1.68408200 / 0.86612210 0.49983250 0.00000000 / 235 0 221 255 / 0.77662660 0.00285340
				81.30860000 -81.80615000 1.68408200 / 0.86612210 0.49983250 0.00000000 / 235 0 221 255 / 0.77662660 0.00285340
				81.40869000 -81.97949000 1.68408200 / 0.86612210 0.49983250 0.00000000 / 236 0 221 255 / 0.75064080 0.00285340
				83.97119000 -86.41748000 -4.41308600 / 0.86612210 0.49983250 0.00000000 / 230 0 216 255 / 0.75064080 0.20376590
				83.97119000 -86.41748000 -4.41308600 / 0.86612210 0.49983250 0.00000000 / 230 0 216 255 / 0.75064080 0.20376590
				83.87060000 -86.24414000 -4.41308600 / 0.86612210 0.49983250 0.00000000 / 230 0 216 255 / 0.77662660 0.20376590
				83.87060000 -86.24414000 -3.21093700 / 0.86612210 0.49983250 0.00000000 / 230 0 216 255 / 0.77662660 0.00285340
				83.87060000 -86.24414000 -3.21093700 / 0.86612210 0.49983250 0.00000000 / 230 0 216 255 / 0.77662660 0.00285340
				83.97071000 -86.41748000 -3.21093700 / 0.86612210 0.49983250 0.00000000 / 231 0 217 255 / 0.75064080 0.00285340
				84.46338000 -87.27002000 -4.41308600 / 0.86612210 0.49983250 0.00000000 / 219 0 206 255 / 0.75064080 0.20376590
				84.46338000 -87.27002000 -4.41308600 / 0.86612210 0.49983250 0.00000000 / 219 0 206 255 / 0.75064080 0.20376590
				84.36279000 -87.09668000 -4.41308600 / 0.86612210 0.49983250 0.00000000 / 219 0 206 255 / 0.77662660 0.20376590
				84.36279000 -87.09668000 -3.21093700 / 0.86612210 0.49983250 0.00000000 / 219 0 206 255 / 0.77662660 0.00285340
				84.36279000 -87.09668000 -3.21093700 / 0.86612210 0.49983250 0.00000000 / 219 0 206 255 / 0.77662660 0.00285340
				84.46338000 -87.27002000 -3.21093700 / 0.86612210 0.49983250 0.00000000 / 219 0 205 255 / 0.75064080 0.00285340
				82.09131000 -83.16162000 -4.41308600 / 0.86612210 0.49983250 0.00000000 / 206 0 194 255 / 0.75064080 0.20376590
				82.09131000 -83.16162000 -4.41308600 / 0.86612210 0.49983250 0.00000000 / 206 0 194 255 / 0.75064080 0.20376590
				81.99121000 -82.98828000 -4.41308600 / 0.86612210 0.49983250 0.00000000 / 206 0 194 255 / 0.77662660 0.20376590
				81.99121000 -82.98828000 -3.21093700 / 0.86612210 0.49983250 0.00000000 / 206 0 194 255 / 0.77662660 0.00285340
				81.99121000 -82.98828000 -3.21093700 / 0.86612210 0.49983250 0.00000000 / 206 0 194 255 / 0.77662660 0.00285340
				82.09131000 -83.16162000 -3.21093700 / 0.86612210 0.49983250 0.00000000 / 206 0 194 255 / 0.75064080 0.00285340
				85.96387000 -89.86914000 -4.41308600 / 0.86612210 0.49983250 0.00000000 / 223 0 209 255 / 0.75064080 0.20376590
				85.96387000 -89.86914000 -4.41308600 / 0.86612210 0.49983250 0.00000000 / 223 0 209 255 / 0.75064080 0.20376590
				85.86377000 -89.69580000 -4.41308600 / 0.86612210 0.49983250 0.00000000 / 223 0 209 255 / 0.77662660 0.20376590
				85.86377000 -89.69580000 -3.21093700 / 0.86612210 0.49983250 0.00000000 / 223 0 209 255 / 0.77662660 0.00285340
				85.86377000 -89.69580000 -3.21093700 / 0.86612210 0.49983250 0.00000000 / 223 0 209 255 / 0.77662660 0.00285340
				85.96387000 -89.86914000 -3.21093700 / 0.86612210 0.49983250 0.00000000 / 223 0 209 255 / 0.75064080 0.00285340
				79.41601000 -78.52784000 -4.41308600 / 0.86612210 0.49983250 0.00000000 / 209 0 196 255 / 0.75064080 0.20376590
				79.41601000 -78.52784000 -4.41308600 / 0.86612210 0.49983250 0.00000000 / 209 0 196 255 / 0.75064080 0.20376590
				79.31592000 -78.35449000 -4.41308600 / 0.86612210 0.49983250 0.00000000 / 209 0 196 255 / 0.77662660 0.20376590
				79.31592000 -78.35449000 -3.21093700 / 0.86612210 0.49983250 0.00000000 / 209 0 196 255 / 0.77662660 0.00285340
				79.31592000 -78.35449000 -3.21093700 / 0.86612210 0.49983250 0.00000000 / 209 0 196 255 / 0.77662660 0.00285340
				79.41601000 -78.52784000 -3.21093700 / 0.86612210 0.49983250 0.00000000 / 209 0 196 255 / 0.75064080 0.00285340
				79.90820000 -79.38037000 -4.41308600 / 0.86612210 0.49983250 0.00000000 / 214 0 202 255 / 0.75064080 0.20376590
				79.90820000 -79.38037000 -4.41308600 / 0.86612210 0.49983250 0.00000000 / 214 0 202 255 / 0.75064080 0.20376590
				79.80811000 -79.20703000 -4.41308600 / 0.86612210 0.49983250 0.00000000 / 215 0 202 255 / 0.77662660 0.20376590
				79.80811000 -79.20703000 -3.21093700 / 0.86612210 0.49983250 0.00000000 / 214 0 202 255 / 0.77662660 0.00285340
				79.80811000 -79.20703000 -3.21093700 / 0.86612210 0.49983250 0.00000000 / 214 0 202 255 / 0.77662660 0.00285340
				79.90820000 -79.38037000 -3.21093700 / 0.86612210 0.49983250 0.00000000 / 214 0 201 255 / 0.75064080 0.00285340
				77.53613000 -75.27246000 -4.41308600 / 0.86612210 0.49983250 0.00000000 / 206 0 194 255 / 0.75064080 0.20376590
				77.53613000 -75.27246000 -4.41308600 / 0.86612210 0.49983250 0.00000000 / 206 0 194 255 / 0.75064080 0.20376590
				77.43603000 -75.09863000 -4.41308600 / 0.86612210 0.49983250 0.00000000 / 206 0 194 255 / 0.77662660 0.20376590
				77.43603000 -75.09863000 -3.21093700 / 0.86612210 0.49983250 0.00000000 / 206 0 194 255 / 0.77662660 0.00285340
				77.43603000 -75.09863000 -3.21093700 / 0.86612210 0.49983250 0.00000000 / 206 0 194 255 / 0.77662660 0.00285340
				77.53613000 -75.27246000 -3.21093700 / 0.86612210 0.49983250 0.00000000 / 206 0 194 255 / 0.75064080 0.00285340
				81.40869000 -81.97949000 -4.41308600 / 0.86612210 0.49983250 0.00000000 / 225 0 211 255 / 0.75064080 0.20376590
				81.40869000 -81.97949000 -4.41308600 / 0.86612210 0.49983250 0.00000000 / 225 0 211 255 / 0.75064080 0.20376590
				81.30860000 -81.80615000 -4.41308600 / 0.86612210 0.49983250 0.00000000 / 225 0 211 255 / 0.77662660 0.20376590
				81.30860000 -81.80615000 -3.21093700 / 0.86612210 0.49983250 0.00000000 / 225 0 211 255 / 0.77662660 0.00285340
				81.30860000 -81.80615000 -3.21093700 / 0.86612210 0.49983250 0.00000000 / 225 0 211 255 / 0.77662660 0.00285340
				81.40869000 -81.97949000 -3.21093700 / 0.86612210 0.49983250 0.00000000 / 225 0 211 255 / 0.75064080 0.00285340
				72.80371000 -67.07569000 0.48144530 / 0.86612210 0.49983250 0.00000000 / 225 0 212 255 / 0.75064080 0.20376590
				72.80371000 -67.07569000 0.48144530 / 0.86612210 0.49983250 0.00000000 / 225 0 212 255 / 0.75064080 0.20376590
				72.70361000 -66.90185000 0.48144530 / 0.86612210 0.49983250 0.00000000 / 225 0 212 255 / 0.77662660 0.20376590
				72.70361000 -66.90185000 1.68408200 / 0.86612210 0.49983250 0.00000000 / 225 0 212 255 / 0.77662660 0.00285340
				72.70361000 -66.90185000 1.68408200 / 0.86612210 0.49983250 0.00000000 / 225 0 212 255 / 0.77662660 0.00285340
				72.80371000 -67.07569000 1.68408200 / 0.86612210 0.49983250 0.00000000 / 225 0 212 255 / 0.75064080 0.00285340
				73.29639000 -67.92822000 0.48144530 / 0.86612210 0.49983250 0.00000000 / 215 0 202 255 / 0.75064080 0.20376590
				73.29639000 -67.92822000 0.48144530 / 0.86612210 0.49983250 0.00000000 / 215 0 202 255 / 0.75064080 0.20376590
				73.19580000 -67.75439000 0.48144530 / 0.86612210 0.49983250 0.00000000 / 215 0 202 255 / 0.77662660 0.20376590
				73.19580000 -67.75439000 1.68408200 / 0.86612210 0.49983250 0.00000000 / 215 0 202 255 / 0.77662660 0.00285340
				73.19580000 -67.75439000 1.68408200 / 0.86612210 0.49983250 0.00000000 / 215 0 202 255 / 0.77662660 0.00285340
				73.29639000 -67.92822000 1.68408200 / 0.86612210 0.49983250 0.00000000 / 215 0 202 255 / 0.75064080 0.00285340
				70.92431000 -63.81983000 0.48144530 / 0.86612210 0.49983250 0.00000000 / 228 0 214 255 / 0.75064080 0.20376590
				70.92431000 -63.81983000 0.48144530 / 0.86612210 0.49983250 0.00000000 / 228 0 214 255 / 0.75064080 0.20376590
				70.82422000 -63.64648000 0.48144530 / 0.86612210 0.49983250 0.00000000 / 227 0 214 255 / 0.77662660 0.20376590
				70.82422000 -63.64648000 1.68408200 / 0.86612210 0.49983250 0.00000000 / 228 0 214 255 / 0.77662660 0.00285340
				70.82422000 -63.64648000 1.68408200 / 0.86612210 0.49983250 0.00000000 / 228 0 214 255 / 0.77662660 0.00285340
				70.92431000 -63.81983000 1.68408200 / 0.86612210 0.49983250 0.00000000 / 228 0 214 255 / 0.75064080 0.00285340
				74.79688000 -70.52734000 0.48144530 / 0.86612210 0.49983250 0.00000000 / 238 0 223 255 / 0.75064080 0.20376590
				74.79688000 -70.52734000 0.48144530 / 0.86612210 0.49983250 0.00000000 / 238 0 223 255 / 0.75064080 0.20376590
				74.69678000 -70.35400000 0.48144530 / 0.86612210 0.49983250 0.00000000 / 238 0 223 255 / 0.77662660 0.20376590
				74.69678000 -70.35400000 1.68408200 / 0.86612210 0.49983250 0.00000000 / 238 0 223 255 / 0.77662660 0.00285340
				74.69678000 -70.35400000 1.68408200 / 0.86612210 0.49983250 0.00000000 / 238 0 223 255 / 0.77662660 0.00285340
				74.79688000 -70.52734000 1.68408200 / 0.86612210 0.49983250 0.00000000 / 238 0 224 255 / 0.75064080 0.00285340
				68.24902000 -59.18604000 0.48144530 / 0.86612210 0.49983250 0.00000000 / 217 0 204 255 / 0.75064080 0.20376590
				68.24902000 -59.18604000 0.48144530 / 0.86612210 0.49983250 0.00000000 / 217 0 204 255 / 0.75064080 0.20376590
				68.14893000 -59.01269000 0.48144530 / 0.86612210 0.49983250 0.00000000 / 217 0 204 255 / 0.77662660 0.20376590
				68.14893000 -59.01269000 1.68408200 / 0.86612210 0.49983250 0.00000000 / 217 0 204 255 / 0.77662660 0.00285340
				68.14893000 -59.01269000 1.68408200 / 0.86612210 0.49983250 0.00000000 / 217 0 204 255 / 0.77662660 0.00285340
				68.24902000 -59.18604000 1.68408200 / 0.86612210 0.49983250 0.00000000 / 217 0 204 255 / 0.75064080 0.00285340
				68.74121000 -60.03857000 0.48144530 / 0.86612210 0.49983250 0.00000000 / 218 0 205 255 / 0.75064080 0.20376590
				68.74121000 -60.03857000 0.48144530 / 0.86612210 0.49983250 0.00000000 / 218 0 205 255 / 0.75064080 0.20376590
				68.64112000 -59.86523000 0.48144530 / 0.86612210 0.49983250 0.00000000 / 218 0 205 255 / 0.77662660 0.20376590
				68.64112000 -59.86523000 1.68408200 / 0.86612210 0.49983250 0.00000000 / 218 0 205 255 / 0.77662660 0.00285340
				68.64112000 -59.86523000 1.68408200 / 0.86612210 0.49983250 0.00000000 / 218 0 205 255 / 0.77662660 0.00285340
				68.74121000 -60.03857000 1.68408200 / 0.86612210 0.49983250 0.00000000 / 218 0 205 255 / 0.75064080 0.00285340
				66.36914000 -55.93018000 0.48144530 / 0.86612210 0.49983250 0.00000000 / 220 0 207 255 / 0.75064080 0.20376590
				66.36914000 -55.93018000 0.48144530 / 0.86612210 0.49983250 0.00000000 / 220 0 207 255 / 0.75064080 0.20376590
				66.26904000 -55.75684000 0.48144530 / 0.86612210 0.49983250 0.00000000 / 220 0 206 255 / 0.77662660 0.20376590
				66.26904000 -55.75684000 1.68408200 / 0.86612210 0.49983250 0.00000000 / 220 0 207 255 / 0.77662660 0.00285340
				66.26904000 -55.75684000 1.68408200 / 0.86612210 0.49983250 0.00000000 / 220 0 207 255 / 0.77662660 0.00285340
				66.36914000 -55.93018000 1.68408200 / 0.86612210 0.49983250 0.00000000 / 220 0 207 255 / 0.75064080 0.00285340
				70.24170000 -62.63769000 0.48144530 / 0.86612210 0.49983250 0.00000000 / 210 0 198 255 / 0.75064080 0.20376590
				70.24170000 -62.63769000 0.48144530 / 0.86612210 0.49983250 0.00000000 / 210 0 198 255 / 0.75064080 0.20376590
				70.14160000 -62.46436000 0.48144530 / 0.86612210 0.49983250 0.00000000 / 210 0 198 255 / 0.77662660 0.20376590
				70.14160000 -62.46436000 1.68408200 / 0.86612210 0.49983250 0.00000000 / 210 0 198 255 / 0.77662660 0.00285340
				70.14160000 -62.46436000 1.68408200 / 0.86612210 0.49983250 0.00000000 / 210 0 198 255 / 0.77662660 0.00285340
				70.24170000 -62.63769000 1.68408200 / 0.86612210 0.49983250 0.00000000 / 211 0 198 255 / 0.75064080 0.00285340
				72.80371000 -67.07569000 -4.41308600 / 0.86612210 0.49983250 0.00000000 / 205 0 193 255 / 0.75064080 0.20376590
				72.80371000 -67.07569000 -4.41308600 / 0.86612210 0.49983250 0.00000000 / 205 0 193 255 / 0.75064080 0.20376590
				72.70361000 -66.90185000 -4.41308600 / 0.86612210 0.49983250 0.00000000 / 205 0 193 255 / 0.77662660 0.20376590
				72.70361000 -66.90185000 -3.21093700 / 0.86612210 0.49983250 0.00000000 / 205 0 193 255 / 0.77662660 0.00285340
				72.70361000 -66.90185000 -3.21093700 / 0.86612210 0.49983250 0.00000000 / 205 0 193 255 / 0.77662660 0.00285340
				72.80371000 -67.07569000 -3.21093700 / 0.86612210 0.49983250 0.00000000 / 205 0 193 255 / 0.75064080 0.00285340
				73.29639000 -67.92822000 -4.41308600 / 0.86612210 0.49983250 0.00000000 / 211 0 199 255 / 0.75064080 0.20376590
				73.29639000 -67.92822000 -4.41308600 / 0.86612210 0.49983250 0.00000000 / 211 0 199 255 / 0.75064080 0.20376590
				73.19580000 -67.75439000 -4.41308600 / 0.86612210 0.49983250 0.00000000 / 211 0 199 255 / 0.77662660 0.20376590
				73.19580000 -67.75439000 -3.21093700 / 0.86612210 0.49983250 0.00000000 / 211 0 199 255 / 0.77662660 0.00285340
				73.19580000 -67.75439000 -3.21093700 / 0.86612210 0.49983250 0.00000000 / 211 0 199 255 / 0.77662660 0.00285340
				73.29590000 -67.92822000 -3.21093700 / 0.86612210 0.49983250 0.00000000 / 212 0 199 255 / 0.75064080 0.00285340
				70.92431000 -63.81983000 -4.41308600 / 0.86612210 0.49983250 0.00000000 / 219 0 206 255 / 0.75064080 0.20376590
				70.92431000 -63.81983000 -4.41308600 / 0.86612210 0.49983250 0.00000000 / 219 0 206 255 / 0.75064080 0.20376590
				70.82422000 -63.64648000 -4.41308600 / 0.86612210 0.49983250 0.00000000 / 220 0 206 255 / 0.77662660 0.20376590
				70.82422000 -63.64648000 -3.21093700 / 0.86612210 0.49983250 0.00000000 / 219 0 206 255 / 0.77662660 0.00285340
				70.82422000 -63.64648000 -3.21093700 / 0.86612210 0.49983250 0.00000000 / 219 0 206 255 / 0.77662660 0.00285340
				70.92431000 -63.81983000 -3.21093700 / 0.86612210 0.49983250 0.00000000 / 219 0 206 255 / 0.75064080 0.00285340
				74.79688000 -70.52734000 -4.41308600 / 0.86612210 0.49983250 0.00000000 / 207 0 195 255 / 0.75064080 0.20376590
				74.79688000 -70.52734000 -4.41308600 / 0.86612210 0.49983250 0.00000000 / 207 0 195 255 / 0.75064080 0.20376590
				74.69678000 -70.35400000 -4.41308600 / 0.86612210 0.49983250 0.00000000 / 208 0 195 255 / 0.77662660 0.20376590
				74.69678000 -70.35400000 -3.21093700 / 0.86612210 0.49983250 0.00000000 / 207 0 195 255 / 0.77662660 0.00285340
				74.69678000 -70.35400000 -3.21093700 / 0.86612210 0.49983250 0.00000000 / 207 0 195 255 / 0.77662660 0.00285340
				74.79688000 -70.52734000 -3.21093700 / 0.86612210 0.49983250 0.00000000 / 207 0 195 255 / 0.75064080 0.00285340
				68.24902000 -59.18604000 -4.41308600 / 0.86612210 0.49983250 0.00000000 / 216 0 203 255 / 0.75064080 0.20376590
				68.24902000 -59.18604000 -4.41308600 / 0.86612210 0.49983250 0.00000000 / 216 0 203 255 / 0.75064080 0.20376590
				68.14893000 -59.01269000 -4.41308600 / 0.86612210 0.49983250 0.00000000 / 217 0 203 255 / 0.77662660 0.20376590
				68.14893000 -59.01269000 -3.21093700 / 0.86612210 0.49983250 0.00000000 / 216 0 203 255 / 0.77662660 0.00285340
				68.14893000 -59.01269000 -3.21093700 / 0.86612210 0.49983250 0.00000000 / 216 0 203 255 / 0.77662660 0.00285340
				68.24902000 -59.18604000 -3.21093700 / 0.86612210 0.49983250 0.00000000 / 216 0 203 255 / 0.75064080 0.00285340
				68.74121000 -60.03857000 -4.41308600 / 0.86612210 0.49983250 0.00000000 / 221 0 208 255 / 0.75064080 0.20376590
				68.74121000 -60.03857000 -4.41308600 / 0.86612210 0.49983250 0.00000000 / 221 0 208 255 / 0.75064080 0.20376590
				68.64112000 -59.86523000 -4.41308600 / 0.86612210 0.49983250 0.00000000 / 222 0 208 255 / 0.77662660 0.20376590
				68.64112000 -59.86523000 -3.21093700 / 0.86612210 0.49983250 0.00000000 / 221 0 208 255 / 0.77662660 0.00285340
				68.64112000 -59.86523000 -3.21093700 / 0.86612210 0.49983250 0.00000000 / 221 0 208 255 / 0.77662660 0.00285340
				68.74121000 -60.03857000 -3.21093700 / 0.86612210 0.49983250 0.00000000 / 221 0 208 255 / 0.75064080 0.00285340
				66.36914000 -55.93067000 -4.41308600 / 0.86612210 0.49983250 0.00000000 / 211 0 198 255 / 0.75064080 0.20376590
				66.36914000 -55.93067000 -4.41308600 / 0.86612210 0.49983250 0.00000000 / 211 0 198 255 / 0.75064080 0.20376590
				66.26904000 -55.75684000 -4.41308600 / 0.86612210 0.49983250 0.00000000 / 210 0 197 255 / 0.77662660 0.20376590
				66.26904000 -55.75684000 -3.21093700 / 0.86612210 0.49983250 0.00000000 / 211 0 198 255 / 0.77662660 0.00285340
				66.26904000 -55.75684000 -3.21093700 / 0.86612210 0.49983250 0.00000000 / 211 0 198 255 / 0.77662660 0.00285340
				66.36914000 -55.93018000 -3.21093700 / 0.86612210 0.49983250 0.00000000 / 211 0 198 255 / 0.75064080 0.00285340
				70.24170000 -62.63769000 -4.41308600 / 0.86612210 0.49983250 0.00000000 / 198 0 186 255 / 0.75064080 0.20376590
				70.24170000 -62.63769000 -4.41308600 / 0.86612210 0.49983250 0.00000000 / 198 0 186 255 / 0.75064080 0.20376590
				70.14160000 -62.46436000 -4.41308600 / 0.86612210 0.49983250 0.00000000 / 198 0 186 255 / 0.77662660 0.20376590
				70.14160000 -62.46436000 -3.21093700 / 0.86612210 0.49983250 0.00000000 / 198 0 186 255 / 0.77662660 0.00285340
				70.14160000 -62.46436000 -3.21093700 / 0.86612210 0.49983250 0.00000000 / 198 0 186 255 / 0.77662660 0.00285340
				70.24170000 -62.63769000 -3.21093700 / 0.86612210 0.49983250 0.00000000 / 198 0 186 255 / 0.75064080 0.00285340
				43.96680000 -82.65673000 1.06543000 / 0.25830380 0.96606370 0.00000000 / 196 0 184 255 / 0.75056460 0.21057130
				43.96680000 -82.65673000 1.06543000 / 0.25830380 0.96606370 0.00000000 / 196 0 184 255 / 0.75056460 0.21057130
				43.96680000 -82.65673000 1.65918000 / 0.25830380 0.96606370 0.00000000 / 196 0 184 255 / 0.75056460 0.29104620
				44.98682000 -82.93018000 1.65918000 / 0.25830380 0.96606370 0.00000000 / 196 0 184 255 / 0.82252500 0.29104620
				44.98682000 -82.93018000 1.65918000 / 0.25830380 0.96606370 0.00000000 / 196 0 184 255 / 0.82252500 0.29104620
				44.98682000 -82.93018000 1.06543000 / 0.25830380 0.96606370 0.00000000 / 195 0 184 255 / 0.82252500 0.21057130
				52.55469000 -117.89600000 0.48144530 / 0.49983250 -0.86612210 0.00000000 / 219 0 206 255 / 0.75064080 0.20376590
				52.55469000 -117.89600000 0.48144530 / 0.49983250 -0.86612210 0.00000000 / 219 0 206 255 / 0.75064080 0.20376590
				52.72803000 -117.79590000 0.48144530 / 0.49983250 -0.86612210 0.00000000 / 219 0 206 255 / 0.77662660 0.20376590
				52.72803000 -117.79590000 1.68408200 / 0.49983250 -0.86612210 0.00000000 / 219 0 206 255 / 0.77662660 0.00285340
				52.72803000 -117.79590000 1.68408200 / 0.49983250 -0.86612210 0.00000000 / 219 0 206 255 / 0.77662660 0.00285340
				52.55469000 -117.89600000 1.68408200 / 0.49983250 -0.86612210 0.00000000 / 219 0 206 255 / 0.75064080 0.00285340
				51.70215000 -118.38820000 0.48144530 / 0.49983250 -0.86612210 0.00000000 / 219 0 206 255 / 0.75064080 0.20376590
				51.70215000 -118.38820000 0.48144530 / 0.49983250 -0.86612210 0.00000000 / 219 0 206 255 / 0.75064080 0.20376590
				51.87549000 -118.28810000 0.48144530 / 0.49983250 -0.86612210 0.00000000 / 219 0 206 255 / 0.77662660 0.20376590
				51.87549000 -118.28810000 1.68408200 / 0.49983250 -0.86612210 0.00000000 / 219 0 206 255 / 0.77662660 0.00285340
				51.87549000 -118.28810000 1.68408200 / 0.49983250 -0.86612210 0.00000000 / 219 0 206 255 / 0.77662660 0.00285340
				51.70215000 -118.38820000 1.68408200 / 0.49983250 -0.86612210 0.00000000 / 218 0 205 255 / 0.75064080 0.00285340
				55.81055000 -116.01660000 0.48144530 / 0.49983250 -0.86612210 0.00000000 / 218 0 205 255 / 0.75064080 0.20376590
				55.81055000 -116.01660000 0.48144530 / 0.49983250 -0.86612210 0.00000000 / 218 0 205 255 / 0.75064080 0.20376590
				55.98389000 -115.91650000 0.48144530 / 0.49983250 -0.86612210 0.00000000 / 218 0 205 255 / 0.77662660 0.20376590
				55.98389000 -115.91650000 1.68408200 / 0.49983250 -0.86612210 0.00000000 / 218 0 205 255 / 0.77662660 0.00285340
				55.98389000 -115.91650000 1.68408200 / 0.49983250 -0.86612210 0.00000000 / 218 0 205 255 / 0.77662660 0.00285340
				55.81055000 -116.01660000 1.68408200 / 0.49983250 -0.86612210 0.00000000 / 217 0 204 255 / 0.75064080 0.00285340
				49.10303000 -119.88920000 0.48144530 / 0.49983250 -0.86612210 0.00000000 / 239 0 224 255 / 0.75064080 0.20376590
				49.10303000 -119.88920000 0.48144530 / 0.49983250 -0.86612210 0.00000000 / 239 0 224 255 / 0.75064080 0.20376590
				49.27637000 -119.78860000 0.48144530 / 0.49983250 -0.86612210 0.00000000 / 239 0 224 255 / 0.77662660 0.20376590
				49.27637000 -119.78860000 1.68408200 / 0.49983250 -0.86612210 0.00000000 / 239 0 224 255 / 0.77662660 0.00285340
				49.27637000 -119.78860000 1.68408200 / 0.49983250 -0.86612210 0.00000000 / 239 0 224 255 / 0.77662660 0.00285340
				49.10303000 -119.88920000 1.68408200 / 0.49983250 -0.86612210 0.00000000 / 239 0 225 255 / 0.75064080 0.00285340
				60.44434000 -113.34130000 0.48144530 / 0.49983250 -0.86612210 0.00000000 / 227 0 213 255 / 0.75064080 0.20376590
				60.44434000 -113.34130000 0.48144530 / 0.49983250 -0.86612210 0.00000000 / 227 0 213 255 / 0.75064080 0.20376590
				60.61768000 -113.24070000 0.48144530 / 0.49983250 -0.86612210 0.00000000 / 227 0 213 255 / 0.77662660 0.20376590
				60.61768000 -113.24070000 1.68408200 / 0.49983250 -0.86612210 0.00000000 / 227 0 213 255 / 0.77662660 0.00285340
				60.61768000 -113.24070000 1.68408200 / 0.49983250 -0.86612210 0.00000000 / 227 0 213 255 / 0.77662660 0.00285340
				60.44434000 -113.34130000 1.68408200 / 0.49983250 -0.86612210 0.00000000 / 227 0 213 255 / 0.75064080 0.00285340
				59.59180000 -113.83350000 0.48144530 / 0.49983250 -0.86612210 0.00000000 / 219 0 206 255 / 0.75064080 0.20376590
				59.59180000 -113.83350000 0.48144530 / 0.49983250 -0.86612210 0.00000000 / 219 0 206 255 / 0.75064080 0.20376590
				59.76514000 -113.73290000 0.48144530 / 0.49983250 -0.86612210 0.00000000 / 219 0 206 255 / 0.77662660 0.20376590
				59.76514000 -113.73340000 1.68408200 / 0.49983250 -0.86612210 0.00000000 / 219 0 206 255 / 0.77662660 0.00285340
				59.76514000 -113.73340000 1.68408200 / 0.49983250 -0.86612210 0.00000000 / 219 0 206 255 / 0.77662660 0.00285340
				59.59180000 -113.83350000 1.68408200 / 0.49983250 -0.86612210 0.00000000 / 219 0 206 255 / 0.75064080 0.00285340
				63.69970000 -111.46140000 0.48144530 / 0.49983250 -0.86612210 0.00000000 / 239 0 224 255 / 0.75064080 0.20376590
				63.69970000 -111.46140000 0.48144530 / 0.49983250 -0.86612210 0.00000000 / 239 0 224 255 / 0.75064080 0.20376590
				63.87305000 -111.36130000 0.48144530 / 0.49983250 -0.86612210 0.00000000 / 239 0 224 255 / 0.77662660 0.20376590
				63.87354000 -111.36130000 1.68408200 / 0.49983250 -0.86612210 0.00000000 / 239 0 224 255 / 0.77662660 0.00285340
				63.87354000 -111.36130000 1.68408200 / 0.49983250 -0.86612210 0.00000000 / 239 0 224 255 / 0.77662660 0.00285340
				63.69970000 -111.46140000 1.68408200 / 0.49983250 -0.86612210 0.00000000 / 239 0 224 255 / 0.75064080 0.00285340
				56.99219000 -115.33400000 0.48144530 / 0.49983250 -0.86612210 0.00000000 / 219 0 206 255 / 0.75064080 0.20376590
				56.99219000 -115.33400000 0.48144530 / 0.49983250 -0.86612210 0.00000000 / 219 0 206 255 / 0.75064080 0.20376590
				57.16601000 -115.23390000 0.48144530 / 0.49983250 -0.86612210 0.00000000 / 220 0 206 255 / 0.77662660 0.20376590
				57.16601000 -115.23390000 1.68408200 / 0.49983250 -0.86612210 0.00000000 / 219 0 206 255 / 0.77662660 0.00285340
				57.16601000 -115.23390000 1.68408200 / 0.49983250 -0.86612210 0.00000000 / 219 0 206 255 / 0.77662660 0.00285340
				56.99219000 -115.33400000 1.68408200 / 0.49983250 -0.86612210 0.00000000 / 219 0 206 255 / 0.75064080 0.00285340
				71.89647000 -106.72900000 0.48144530 / 0.49983250 -0.86612210 0.00000000 / 245 0 230 255 / 0.83427430 0.20376590
				71.89647000 -106.72900000 0.48144530 / 0.49983250 -0.86612210 0.00000000 / 245 0 230 255 / 0.83427430 0.20376590
				72.06983000 -106.62890000 0.48144530 / 0.49983250 -0.86612210 0.00000000 / 245 0 230 255 / 0.86026000 0.20376590
				72.06983000 -106.62890000 1.68408200 / 0.49983250 -0.86612210 0.00000000 / 245 0 230 255 / 0.86026000 0.00285340
				72.06983000 -106.62890000 1.68408200 / 0.49983250 -0.86612210 0.00000000 / 245 0 230 255 / 0.86026000 0.00285340
				71.89647000 -106.72900000 1.68408200 / 0.49983250 -0.86612210 0.00000000 / 246 0 230 255 / 0.83427430 0.00285340
				71.04395000 -107.22120000 0.48144530 / 0.49983250 -0.86612210 0.00000000 / 228 0 214 255 / 0.80699160 0.20376590
				71.04395000 -107.22120000 0.48144530 / 0.49983250 -0.86612210 0.00000000 / 228 0 214 255 / 0.80699160 0.20376590
				71.21729000 -107.12110000 0.48144530 / 0.49983250 -0.86612210 0.00000000 / 227 0 214 255 / 0.83296200 0.20376590
				71.21729000 -107.12110000 1.68408200 / 0.49983250 -0.86612210 0.00000000 / 228 0 214 255 / 0.83296200 0.00285340
				71.21729000 -107.12110000 1.68408200 / 0.49983250 -0.86612210 0.00000000 / 228 0 214 255 / 0.83296200 0.00285340
				71.04395000 -107.22120000 1.68408200 / 0.49983250 -0.86612210 0.00000000 / 228 0 214 255 / 0.80699160 0.00285340
				75.15234000 -104.84960000 0.48144530 / 0.49983250 -0.86612210 0.00000000 / 225 0 211 255 / 0.86682130 0.20376590
				75.15234000 -104.84960000 0.48144530 / 0.49983250 -0.86612210 0.00000000 / 225 0 211 255 / 0.86682130 0.20376590
				75.32569000 -104.74950000 0.48144530 / 0.49983250 -0.86612210 0.00000000 / 225 0 211 255 / 0.89280700 0.20376590
				75.32569000 -104.74950000 1.68408200 / 0.49983250 -0.86612210 0.00000000 / 225 0 211 255 / 0.89280700 0.00285340
				75.32569000 -104.74950000 1.68408200 / 0.49983250 -0.86612210 0.00000000 / 225 0 211 255 / 0.89280700 0.00285340
				75.15234000 -104.84960000 1.68408200 / 0.49983250 -0.86612210 0.00000000 / 225 0 211 255 / 0.86682130 0.00285340
				68.44483000 -108.72220000 0.48144530 / 0.49983250 -0.86612210 0.00000000 / 238 0 223 255 / 0.78004450 0.20376590
				68.44483000 -108.72220000 0.48144530 / 0.49983250 -0.86612210 0.00000000 / 238 0 223 255 / 0.78004450 0.20376590
				68.61816000 -108.62160000 0.48144530 / 0.49983250 -0.86612210 0.00000000 / 238 0 223 255 / 0.80601500 0.20376590
				68.61816000 -108.62160000 1.68408200 / 0.49983250 -0.86612210 0.00000000 / 238 0 223 255 / 0.80601500 0.00285340
				68.61816000 -108.62160000 1.68408200 / 0.49983250 -0.86612210 0.00000000 / 238 0 223 255 / 0.80601500 0.00285340
				68.44483000 -108.72220000 1.68408200 / 0.49983250 -0.86612210 0.00000000 / 237 0 223 255 / 0.78004450 0.00285340
				79.78613000 -102.17430000 0.48144530 / 0.49983250 -0.86612210 0.00000000 / 226 0 212 255 / 0.83462530 0.20376590
				79.78613000 -102.17430000 0.48144530 / 0.49983250 -0.86612210 0.00000000 / 226 0 212 255 / 0.83462530 0.20376590
				79.95947000 -102.07370000 0.48144530 / 0.49983250 -0.86612210 0.00000000 / 225 0 212 255 / 0.86061100 0.20376590
				79.95947000 -102.07370000 1.68408200 / 0.49983250 -0.86612210 0.00000000 / 226 0 212 255 / 0.86061100 0.00285340
				79.95947000 -102.07370000 1.68408200 / 0.49983250 -0.86612210 0.00000000 / 226 0 212 255 / 0.86061100 0.00285340
				79.78613000 -102.17430000 1.68408200 / 0.49983250 -0.86612210 0.00000000 / 226 0 212 255 / 0.83462530 0.00285340
				78.93360000 -102.66650000 0.48144530 / 0.49983250 -0.86612210 0.00000000 / 222 0 208 255 / 0.86611940 0.20376590
				78.93360000 -102.66650000 0.48144530 / 0.49983250 -0.86612210 0.00000000 / 222 0 208 255 / 0.86611940 0.20376590
				79.10693000 -102.56590000 0.48144530 / 0.49983250 -0.86612210 0.00000000 / 222 0 208 255 / 0.89210510 0.20376590
				79.10693000 -102.56590000 1.68408200 / 0.49983250 -0.86612210 0.00000000 / 222 0 208 255 / 0.89210510 0.00285340
				79.10693000 -102.56590000 1.68408200 / 0.49983250 -0.86612210 0.00000000 / 222 0 208 255 / 0.89210510 0.00285340
				78.93360000 -102.66650000 1.68408200 / 0.49983250 -0.86612210 0.00000000 / 222 0 208 255 / 0.86611940 0.00285340
				83.04150000 -100.29440000 0.48144530 / 0.49983250 -0.86612210 0.00000000 / 223 0 209 255 / 0.77864070 0.20376590
				83.04150000 -100.29440000 0.48144530 / 0.49983250 -0.86612210 0.00000000 / 223 0 209 255 / 0.77864070 0.20376590
				83.21533000 -100.19430000 0.48144530 / 0.49983250 -0.86612210 0.00000000 / 224 0 210 255 / 0.80462650 0.20376590
				83.21533000 -100.19430000 1.68408200 / 0.49983250 -0.86612210 0.00000000 / 223 0 209 255 / 0.80462650 0.00285340
				83.21533000 -100.19430000 1.68408200 / 0.49983250 -0.86612210 0.00000000 / 223 0 209 255 / 0.80462650 0.00285340
				83.04150000 -100.29440000 1.68408200 / 0.49983250 -0.86612210 0.00000000 / 222 0 209 255 / 0.77864070 0.00285340
				76.33399000 -104.16700000 0.48144530 / 0.49983250 -0.86612210 0.00000000 / 238 0 223 255 / 0.89796450 0.20376590
				76.33399000 -104.16700000 0.48144530 / 0.49983250 -0.86612210 0.00000000 / 238 0 223 255 / 0.89796450 0.20376590
				76.50781000 -104.06690000 0.48144530 / 0.49983250 -0.86612210 0.00000000 / 237 0 222 255 / 0.92395020 0.20376590
				76.50781000 -104.06690000 1.68408200 / 0.49983250 -0.86612210 0.00000000 / 238 0 223 255 / 0.92395020 0.00285340
				76.50781000 -104.06690000 1.68408200 / 0.49983250 -0.86612210 0.00000000 / 238 0 223 255 / 0.92395020 0.00285340
				76.33399000 -104.16700000 1.68408200 / 0.49983250 -0.86612210 0.00000000 / 238 0 223 255 / 0.89796450 0.00285340
				71.89647000 -106.72900000 -4.41308600 / 0.49983250 -0.86612210 0.00000000 / 224 0 210 255 / 0.96899420 0.20376590
				71.89647000 -106.72900000 -4.41308600 / 0.49983250 -0.86612210 0.00000000 / 224 0 210 255 / 0.96899420 0.20376590
				72.06983000 -106.62890000 -4.41308600 / 0.49983250 -0.86612210 0.00000000 / 224 0 210 255 / 0.99497990 0.20376590
				72.06983000 -106.62890000 -3.21093700 / 0.49983250 -0.86612210 0.00000000 / 224 0 210 255 / 0.99497990 0.00285340
				72.06983000 -106.62890000 -3.21093700 / 0.49983250 -0.86612210 0.00000000 / 224 0 210 255 / 0.99497990 0.00285340
				71.89647000 -106.72900000 -3.21093700 / 0.49983250 -0.86612210 0.00000000 / 224 0 210 255 / 0.96899420 0.00285340
				71.04395000 -107.22120000 -4.41308600 / 0.49983250 -0.86612210 0.00000000 / 231 0 217 255 / 0.77934260 0.20376590
				71.04395000 -107.22120000 -4.41308600 / 0.49983250 -0.86612210 0.00000000 / 231 0 217 255 / 0.77934260 0.20376590
				71.21729000 -107.12110000 -4.41308600 / 0.49983250 -0.86612210 0.00000000 / 231 0 217 255 / 0.80531310 0.20376590
				71.21729000 -107.12110000 -3.21093700 / 0.49983250 -0.86612210 0.00000000 / 231 0 217 255 / 0.80531310 0.00285340
				71.21729000 -107.12110000 -3.21093700 / 0.49983250 -0.86612210 0.00000000 / 231 0 217 255 / 0.80531310 0.00285340
				71.04395000 -107.22120000 -3.21093700 / 0.49983250 -0.86612210 0.00000000 / 231 0 217 255 / 0.77934260 0.00285340
				75.15234000 -104.84960000 -4.41308600 / 0.49983250 -0.86612210 0.00000000 / 241 0 226 255 / 0.93505860 0.20376590
				75.15234000 -104.84960000 -4.41308600 / 0.49983250 -0.86612210 0.00000000 / 241 0 226 255 / 0.93505860 0.20376590
				75.32569000 -104.74900000 -4.41308600 / 0.49983250 -0.86612210 0.00000000 / 240 0 225 255 / 0.96104430 0.20376590
				75.32569000 -104.74950000 -3.21093700 / 0.49983250 -0.86612210 0.00000000 / 241 0 226 255 / 0.96104430 0.00285340
				75.32569000 -104.74950000 -3.21093700 / 0.49983250 -0.86612210 0.00000000 / 241 0 226 255 / 0.96104430 0.00285340
				75.15234000 -104.84960000 -3.21093700 / 0.49983250 -0.86612210 0.00000000 / 241 0 226 255 / 0.93505860 0.00285340
				68.44483000 -108.72170000 -4.41308600 / 0.49983250 -0.86612210 0.00000000 / 234 0 219 255 / 0.80593870 0.20376590
				68.44483000 -108.72170000 -4.41308600 / 0.49983250 -0.86612210 0.00000000 / 234 0 219 255 / 0.80593870 0.20376590
				68.61816000 -108.62160000 -4.41308600 / 0.49983250 -0.86612210 0.00000000 / 234 0 219 255 / 0.83190920 0.20376590
				68.61816000 -108.62160000 -3.21093700 / 0.49983250 -0.86612210 0.00000000 / 234 0 219 255 / 0.83190920 0.00285340
				68.61816000 -108.62160000 -3.21093700 / 0.49983250 -0.86612210 0.00000000 / 234 0 219 255 / 0.83190920 0.00285340
				68.44483000 -108.72170000 -3.21093700 / 0.49983250 -0.86612210 0.00000000 / 234 0 220 255 / 0.80593870 0.00285340
				79.78613000 -102.17430000 -4.41308600 / 0.49983250 -0.86612210 0.00000000 / 221 0 208 255 / 0.75064080 0.20376590
				79.78613000 -102.17430000 -4.41308600 / 0.49983250 -0.86612210 0.00000000 / 221 0 208 255 / 0.75064080 0.20376590
				79.95947000 -102.07370000 -4.41308600 / 0.49983250 -0.86612210 0.00000000 / 222 0 208 255 / 0.77662660 0.20376590
				79.95947000 -102.07370000 -3.21093700 / 0.49983250 -0.86612210 0.00000000 / 221 0 208 255 / 0.77662660 0.00285340
				79.95947000 -102.07370000 -3.21093700 / 0.49983250 -0.86612210 0.00000000 / 221 0 208 255 / 0.77662660 0.00285340
				79.78613000 -102.17430000 -3.21093700 / 0.49983250 -0.86612210 0.00000000 / 221 0 207 255 / 0.75064080 0.00285340
				78.93360000 -102.66650000 -4.41308600 / 0.49983250 -0.86612210 0.00000000 / 226 0 213 255 / 0.80664060 0.20376590
				78.93360000 -102.66650000 -4.41308600 / 0.49983250 -0.86612210 0.00000000 / 226 0 213 255 / 0.80664060 0.20376590
				79.10693000 -102.56590000 -4.41308600 / 0.49983250 -0.86612210 0.00000000 / 226 0 213 255 / 0.83261110 0.20376590
				79.10693000 -102.56590000 -3.21093700 / 0.49983250 -0.86612210 0.00000000 / 226 0 213 255 / 0.83261110 0.00285340
				79.10693000 -102.56590000 -3.21093700 / 0.49983250 -0.86612210 0.00000000 / 226 0 213 255 / 0.83261110 0.00285340
				78.93360000 -102.66650000 -3.21093700 / 0.49983250 -0.86612210 0.00000000 / 227 0 213 255 / 0.80664060 0.00285340
				83.04150000 -100.29440000 -4.41308600 / 0.49983250 -0.86612210 0.00000000 / 214 0 201 255 / 0.83497620 0.20376590
				83.04150000 -100.29440000 -4.41308600 / 0.49983250 -0.86612210 0.00000000 / 214 0 201 255 / 0.83497620 0.20376590
				83.21533000 -100.19430000 -4.41308600 / 0.49983250 -0.86612210 0.00000000 / 214 0 201 255 / 0.86096190 0.20376590
				83.21533000 -100.19430000 -3.21093700 / 0.49983250 -0.86612210 0.00000000 / 214 0 201 255 / 0.86096190 0.00285340
				83.21533000 -100.19430000 -3.21093700 / 0.49983250 -0.86612210 0.00000000 / 214 0 201 255 / 0.86096190 0.00285340
				83.04150000 -100.29440000 -3.21093700 / 0.49983250 -0.86612210 0.00000000 / 214 0 201 255 / 0.83497620 0.00285340
				76.33399000 -104.16700000 -4.41308600 / 0.49983250 -0.86612210 0.00000000 / 241 0 226 255 / 0.89831540 0.20376590
				76.33399000 -104.16700000 -4.41308600 / 0.49983250 -0.86612210 0.00000000 / 241 0 226 255 / 0.89831540 0.20376590
				76.50781000 -104.06690000 -4.41308600 / 0.49983250 -0.86612210 0.00000000 / 241 0 226 255 / 0.92430120 0.20376590
				76.50781000 -104.06690000 -3.21093700 / 0.49983250 -0.86612210 0.00000000 / 241 0 226 255 / 0.92430120 0.00285340
				76.50781000 -104.06690000 -3.21093700 / 0.49983250 -0.86612210 0.00000000 / 241 0 226 255 / 0.92430120 0.00285340
				76.33399000 -104.16700000 -3.21093700 / 0.49983250 -0.86612210 0.00000000 / 240 0 226 255 / 0.89831540 0.00285340
				39.27490000 -81.39990000 1.06543000 / 0.25830380 0.96606370 0.00000000 / 203 0 191 255 / 0.75056460 0.39334110
				39.27490000 -81.39990000 1.06543000 / 0.25830380 0.96606370 0.00000000 / 203 0 191 255 / 0.75056460 0.39334110
				39.27490000 -81.39990000 1.65918000 / 0.25830380 0.96606370 0.00000000 / 203 0 191 255 / 0.75056460 0.48545840
				40.29492000 -81.67334000 1.65918000 / 0.25830380 0.96606370 0.00000000 / 203 0 191 255 / 0.82252500 0.48545840
				40.29492000 -81.67334000 1.65918000 / 0.25830380 0.96606370 0.00000000 / 203 0 191 255 / 0.82252500 0.48545840
				40.29492000 -81.67334000 1.06543000 / 0.25830380 0.96606370 0.00000000 / 203 0 191 255 / 0.82252500 0.39335630
				36.33643000 -80.61230000 1.06543000 / 0.25830380 0.96606370 0.00000000 / 208 0 196 255 / 0.75056460 0.39334110
				36.33643000 -80.61230000 1.06543000 / 0.25830380 0.96606370 0.00000000 / 208 0 196 255 / 0.75056460 0.39334110
				36.33643000 -80.61230000 1.65918000 / 0.25830380 0.96606370 0.00000000 / 208 0 196 255 / 0.75056460 0.48545840
				37.35693000 -80.88574000 1.65918000 / 0.25830380 0.96606370 0.00000000 / 208 0 196 255 / 0.82252500 0.48545840
				37.35693000 -80.88574000 1.65918000 / 0.25830380 0.96606370 0.00000000 / 208 0 196 255 / 0.82252500 0.48545840
				37.35693000 -80.88574000 1.06543000 / 0.25830380 0.96606370 0.00000000 / 208 0 195 255 / 0.82252500 0.39335630
				29.89404000 -78.88623000 1.06543000 / 0.25812570 0.96611150 0.00000000 / 221 0 207 255 / 0.75056460 0.30572510
				29.89404000 -78.88623000 1.06543000 / 0.25812570 0.96611150 0.00000000 / 221 0 207 255 / 0.75056460 0.30572510
				29.89404000 -78.88623000 1.65918000 / 0.25812570 0.96611150 0.00000000 / 221 0 208 255 / 0.75056460 0.38620000
				30.91406000 -79.15967000 1.65918000 / 0.25812570 0.96611150 0.00000000 / 221 0 207 255 / 0.82252500 0.38620000
				30.91406000 -79.15967000 1.65918000 / 0.25812570 0.96611150 0.00000000 / 221 0 207 255 / 0.82252500 0.38620000
				30.91406000 -79.15967000 1.06543000 / 0.25812570 0.96611150 0.00000000 / 220 0 207 255 / 0.82252500 0.30572510
				36.64551000 -80.44435000 -4.20507800 / 0.25830380 0.96606370 0.00000000 / 195 0 184 255 / 0.83436580 0.22241210
				36.64551000 -80.44435000 -4.20507800 / 0.25830380 0.96606370 0.00000000 / 195 0 184 255 / 0.83436580 0.22241210
				36.64551000 -80.44435000 -4.90722700 / 0.25830380 0.96606370 0.00000000 / 195 0 183 255 / 0.83436580 0.37518310
				36.57812000 -80.42627000 -4.90722700 / 0.25830380 0.96606370 0.00000000 / 195 0 184 255 / 0.86213680 0.37518310
				36.57812000 -80.42627000 -4.90722700 / 0.25830380 0.96606370 0.00000000 / 195 0 184 255 / 0.86213680 0.37518310
				36.57812000 -80.42627000 -4.20507800 / 0.25830380 0.96606370 0.00000000 / 195 0 184 255 / 0.86213680 0.22241210
				19.97314000 -77.05469000 -4.26464900 / -0.50130700 0.86526950 0.00000000 / 218 0 205 255 / 0.83436580 0.22241210
				19.97314000 -77.05469000 -4.26464900 / -0.50130700 0.86526950 0.00000000 / 218 0 205 255 / 0.83436580 0.22241210
				19.97314000 -77.05469000 -4.96679700 / -0.50130700 0.86526950 0.00000000 / 218 0 205 255 / 0.83436580 0.37518310
				19.91211000 -77.08985000 -4.96679700 / -0.50130700 0.86526950 0.00000000 / 218 0 205 255 / 0.86213680 0.37518310
				19.91211000 -77.08985000 -4.96679700 / -0.50130700 0.86526950 0.00000000 / 218 0 205 255 / 0.86213680 0.37518310
				19.91211000 -77.08985000 -4.26464900 / -0.50130700 0.86526950 0.00000000 / 218 0 205 255 / 0.86213680 0.22241210
				55.19678000 -69.90430000 -4.20507800 / -0.96618430 0.25785260 0.00000000 / 208 0 196 255 / 0.83436580 0.22241210
				55.19678000 -69.90430000 -4.20507800 / -0.96618430 0.25785260 0.00000000 / 208 0 196 255 / 0.83436580 0.22241210
				55.19678000 -69.90430000 -4.90722700 / -0.96618430 0.25785260 0.00000000 / 208 0 196 255 / 0.83436580 0.37518310
				55.17871000 -69.97168000 -4.90722700 / -0.96618430 0.25785260 0.00000000 / 208 0 196 255 / 0.86213680 0.37518310
				55.17871000 -69.97168000 -4.90722700 / -0.96618430 0.25785260 0.00000000 / 208 0 196 255 / 0.86213680 0.37518310
				55.17871000 -69.97168000 -4.20507800 / -0.96618430 0.25785260 0.00000000 / 208 0 196 255 / 0.86213680 0.22241210
				17.93359000 -81.54346000 -4.26464900 / -0.86616970 -0.49975000 0.00000000 / 200 0 188 255 / 0.83436580 0.22241210
				17.93359000 -81.54346000 -4.26464900 / -0.86616970 -0.49975000 0.00000000 / 200 0 188 255 / 0.83436580 0.22241210
				17.93359000 -81.54346000 -4.96679700 / -0.86616970 -0.49975000 0.00000000 / 200 0 188 255 / 0.83436580 0.37518310
				17.96875000 -81.60399000 -4.96679700 / -0.86616970 -0.49975000 0.00000000 / 200 0 188 255 / 0.86213680 0.37518310
				17.96875000 -81.60399000 -4.96679700 / -0.86616970 -0.49975000 0.00000000 / 200 0 188 255 / 0.86213680 0.37518310
				17.96875000 -81.60399000 -4.26464900 / -0.86616970 -0.49975000 0.00000000 / 200 0 189 255 / 0.86213680 0.22241210
				55.27881000 -70.54346000 1.06543000 / -0.96618430 0.25785260 0.00000000 / 210 0 197 255 / 0.75056460 0.30572510
				55.27881000 -70.54346000 1.06543000 / -0.96618430 0.25785260 0.00000000 / 210 0 197 255 / 0.75056460 0.30572510
				55.27881000 -70.54297000 1.65918000 / -0.96618430 0.25785260 0.00000000 / 210 0 197 255 / 0.75056460 0.38620000
				55.55225000 -69.52295000 1.65918000 / -0.96618430 0.25785260 0.00000000 / 210 0 197 255 / 0.82252500 0.38620000
				55.55225000 -69.52295000 1.65918000 / -0.96618430 0.25785260 0.00000000 / 210 0 197 255 / 0.82252500 0.38620000
				55.55225000 -69.52295000 1.06543000 / -0.96618430 0.25785260 0.00000000 / 210 0 197 255 / 0.82252500 0.30572510
				54.49414000 -73.47119000 1.06543000 / -0.96618430 0.25785260 0.00000000 / 211 0 198 255 / 0.75056460 0.39471440
				54.49414000 -73.47119000 1.06543000 / -0.96618430 0.25785260 0.00000000 / 211 0 198 255 / 0.75056460 0.39471440
				54.49414000 -73.47119000 1.65918000 / -0.96618430 0.25785260 0.00000000 / 211 0 198 255 / 0.75056460 0.48614500
				54.76758000 -72.45117000 1.65918000 / -0.96618430 0.25785260 0.00000000 / 211 0 198 255 / 0.82252500 0.48614500
				54.76758000 -72.45117000 1.65918000 / -0.96618430 0.25785260 0.00000000 / 211 0 198 255 / 0.82252500 0.48614500
				54.76758000 -72.45117000 1.06543000 / -0.96618430 0.25785260 0.00000000 / 211 0 199 255 / 0.82252500 0.39471440
				53.23828000 -78.15820000 1.06543000 / -0.96618430 0.25785260 0.00000000 / 196 0 184 255 / 0.75056460 0.39471440
				53.23828000 -78.15820000 1.06543000 / -0.96618430 0.25785260 0.00000000 / 196 0 184 255 / 0.75056460 0.39471440
				53.23828000 -78.15820000 1.65918000 / -0.96618430 0.25785260 0.00000000 / 196 0 184 255 / 0.75056460 0.48614500
				53.51172000 -77.13818000 1.65918000 / -0.96618430 0.25785260 0.00000000 / 196 0 184 255 / 0.82252500 0.48614500
				53.51172000 -77.13818000 1.65918000 / -0.96618430 0.25785260 0.00000000 / 196 0 184 255 / 0.82252500 0.48614500
				53.51172000 -77.13818000 1.06543000 / -0.96618430 0.25785260 0.00000000 / 195 0 184 255 / 0.82252500 0.39471440
			}
		}
	}
}
