Version 165 32
{
	Locked False
	Skinned False
	BoneCount 0
	Mask 255
	Bounds
	{
		Aabb
		{
			Min -3.98590900 -5.00796900 -1.70543700
			Max 3.98590900 5.00796900 1.70543700
		}
		Aabb
		{
			Min -3.81253000 -4.99081000 -1.61960700
			Max 3.97457900 4.99081000 1.50051100
		}
		Aabb
		{
			Min -3.44094800 -5.00796900 -1.70543700
			Max 0.72311430 5.00796900 1.70543700
		}
		Aabb
		{
			Min -3.81253000 -4.82235200 -1.61960700
			Max -3.81253000 4.82235200 1.50051100
		}
		Aabb
		{
			Min -3.81253000 -4.82235200 1.50051100
			Max 3.97457900 4.82235200 1.50051100
		}
		Aabb
		{
			Min -3.98590900 -4.90047800 -1.63702900
			Max 3.98590900 4.90047800 1.50051100
		}
		Aabb
		{
			Min -3.81253000 -4.99081000 -1.61960700
			Max 3.97457900 4.99081000 -1.61960700
		}
		Aabb
		{
			Min -3.81253000 -4.82495200 1.48670000
			Max 3.97457900 4.82495200 1.50281300
		}
		Aabb
		{
			Min -2.18264800 -3.98120200 1.49744200
			Max 2.52536100 3.98120200 1.49744200
		}
		Aabb
		{
			Min -1.92849200 -4.80551400 -1.62035900
			Max -1.17751500 -2.49496800 -0.61889480
		}
		Aabb
		{
			Min -3.36449100 -4.99455100 -1.69708200
			Max -2.01007200 4.95366700 0.70167930
		}
	}
	Geometries
	{
		Geometry
		{
			ShaderIndex 0
			Flags -
			VertexDeclaration N51263BB5
			Indices 180
			{
				0 46 71 72 80 3 81 73 85 86 90 1 2 77 87
				88 78 96 82 97 79 98 178 89 4 179 99 6 5 100
				7 101 83 8 84 15 9 16 17 10 18 21 11 22 27
				23 29 28 34 30 24 37 25 19 26 38 35 20 44 39
				47 36 40 41 45 49 42 51 48 50 52 43 91 92 75
				53 74 54 93 56 55 57 76 58 102 95 94 59 103 60
				105 104 61 62 63 64 106 111 110 112 107 114 115 119 113
				123 108 127 109 124 116 125 128 117 120 118 129 130 126 134
				136 131 135 138 132 137 139 121 133 140 144 122 141 146 145
				142 150 147 143 156 151 152 157 158 160 153 159 163 148 154
				155 161 164 149 165 170 172 166 162 167 174 171 168 173 176
				175 169 177 31 12 13 65 32 66 33 14 67 68 69 70
			}
			Vertices 180
			{
				-2.65823400 -0.08260580 -1.61960700 / 0.00000000 -1.00000000 0.00000000 / 255 0 255 255 / -1.94766200 2.01631200 / 0.99650710 0.00000000 -0.08350800 1.00000000
				-2.65823400 -0.08260580 -1.61960700 / 0.00000000 -1.00000000 0.00000000 / 255 0 255 255 / -1.94766200 2.01631200 / 0.99650710 0.00000000 -0.08350800 1.00000000
				-2.65823400 -0.08260580 -1.61960700 / 0.00000000 -1.00000000 0.00000000 / 255 0 255 255 / -1.94766200 2.01631200 / 0.99650710 0.00000000 -0.08350800 1.00000000
				-2.65823400 -0.08260580 -1.61960700 / 0.00000000 -1.00000000 0.00000000 / 255 0 255 255 / -1.94766200 2.01631200 / 0.99650710 0.00000000 -0.08350800 1.00000000
				-2.65823400 -0.08260580 1.50051100 / 0.00000000 -1.00000000 0.00000000 / 255 0 255 255 / -2.16769400 -0.49870300 / 0.99650030 0.00000000 -0.08358910 1.00000000
				-2.65823400 -0.08260580 1.50051100 / 0.00000000 -1.00000000 0.00000000 / 255 0 255 255 / -2.16769400 -0.49870300 / 0.99650030 0.00000000 -0.08358910 1.00000000
				0.08102450 -0.08260580 1.50051100 / 0.00000000 -1.00000000 0.00000000 / 255 0 255 255 / -0.05252070 -0.68376160 / 0.99650480 0.00000000 -0.08353590 1.00000000
				0.08102450 -0.08260580 1.50051100 / 0.00000000 -1.00000000 0.00000000 / 255 0 255 255 / -0.05252070 -0.68376160 / 0.99650480 0.00000000 -0.08353590 1.00000000
				0.08102450 -0.08260580 1.50051100 / 0.00000000 -1.00000000 0.00000000 / 255 0 255 255 / -0.05252070 -0.68376160 / 0.99650480 0.00000000 -0.08353590 1.00000000
				0.08102450 -0.08260580 1.50051100 / 0.00000000 -1.00000000 0.00000000 / 255 0 255 255 / -0.05252070 -0.68376160 / 0.99650480 0.00000000 -0.08353590 1.00000000
				0.08102450 -0.08260580 1.50051100 / 0.00000000 -1.00000000 0.00000000 / 255 0 255 255 / -0.05252070 -0.68376160 / 0.99650480 0.00000000 -0.08353590 1.00000000
				0.08102450 -0.08260580 1.50051100 / 0.00000000 -1.00000000 0.00000000 / 255 0 255 255 / -0.05252070 -0.68376160 / 0.99650480 0.00000000 -0.08353590 1.00000000
				-2.65823400 4.99081000 -1.61960700 / 0.00000000 -1.00000000 0.00000000 / 255 0 255 255 / -0.98603820 2.31416300 / 0 0 0 1.00000000
				-2.04055700 4.99081000 -1.61960700 / 0.00000000 -1.00000000 0.00000000 / 255 0 255 255 / -0.58679200 2.24787900 / 0 0 0 1.00000000
				-3.34085000 4.99081000 -1.61960700 / 0.00000000 -1.00000000 0.00000000 / 255 0 255 255 / -1.42709400 2.38739000 / 0 0 0 1.00000000
				0.08102450 -0.08260580 0.78078430 / 0.00000000 -1.00000000 0.00000000 / 255 0 255 255 / -0.00175480 -0.10351560 / 0.99650840 0.00000000 -0.08349240 1.00000000
				0.08102450 -0.08260580 0.78078430 / 0.00000000 -1.00000000 0.00000000 / 255 0 255 255 / -0.00175480 -0.10351560 / 0.99650840 0.00000000 -0.08349240 1.00000000
				0.72311430 -0.08260580 0.78078430 / 0.00000000 -1.00000000 0.00000000 / 255 0 255 255 / 0.49409490 -0.14689640 / 0.99650090 0.00000000 -0.08358180 1.00000000
				0.72311430 -0.08260580 0.78078430 / 0.00000000 -1.00000000 0.00000000 / 255 0 255 255 / 0.49409490 -0.14689640 / 0.99650090 0.00000000 -0.08358180 1.00000000
				0.72311430 -0.08260580 0.78078430 / 0.00000000 -1.00000000 0.00000000 / 255 0 255 255 / 0.49409490 -0.14689640 / 0.99650090 0.00000000 -0.08358180 1.00000000
				0.72311430 -0.08260580 0.78078430 / 0.00000000 -1.00000000 0.00000000 / 255 0 255 255 / 0.49409490 -0.14689640 / 0.99650090 0.00000000 -0.08358180 1.00000000
				2.69040000 -0.08260580 1.21584300 / 0.00000000 -1.00000000 0.00000000 / 255 0 255 255 / 1.98223900 -0.63084410 / 0.99650420 0.00000000 -0.08354269 1.00000000
				2.69040000 -0.08260580 1.21584300 / 0.00000000 -1.00000000 0.00000000 / 255 0 255 255 / 1.98223900 -0.63084410 / 0.99650420 0.00000000 -0.08354269 1.00000000
				2.69040000 -0.08260580 1.21584300 / 0.00000000 -1.00000000 0.00000000 / 255 0 255 255 / 1.98223900 -0.63084410 / 0.99650420 0.00000000 -0.08354269 1.00000000
				2.69040000 -0.08260580 1.21584300 / 0.00000000 -1.00000000 0.00000000 / 255 0 255 255 / 1.98223900 -0.63084410 / 0.99650420 0.00000000 -0.08354269 1.00000000
				2.69040000 -0.08260580 1.21584300 / 0.00000000 -1.00000000 0.00000000 / 255 0 255 255 / 1.98223900 -0.63084410 / 0.99650420 0.00000000 -0.08354269 1.00000000
				2.69040000 -0.08260580 1.21584300 / 0.00000000 -1.00000000 0.00000000 / 255 0 255 255 / 1.98223900 -0.63084410 / 0.99650420 0.00000000 -0.08354269 1.00000000
				2.69040000 -0.08260580 1.50051100 / 0.00000000 -1.00000000 0.00000000 / 255 0 255 255 / 1.96218900 -0.86003110 / 0.99649860 0.00000000 -0.08361000 1.00000000
				2.69040000 -0.08260580 1.50051100 / 0.00000000 -1.00000000 0.00000000 / 255 0 255 255 / 1.96218900 -0.86003110 / 0.99649860 0.00000000 -0.08361000 1.00000000
				3.97457900 -0.08260580 1.50051100 / 0.00000000 -1.00000000 0.00000000 / 255 0 255 255 / 2.95372000 -0.94677740 / 0.99651410 0.00000000 -0.08342640 1.00000000
				3.97457900 -0.08260580 1.50051100 / 0.00000000 -1.00000000 0.00000000 / 255 0 255 255 / 2.95372000 -0.94677740 / 0.99651410 0.00000000 -0.08342640 1.00000000
				-2.65823400 4.99081000 0.70051100 / 0.00000000 -1.00000000 0.00000000 / 255 0 255 255 / -0.98603820 2.31416300 / 0 0 0 1.00000000
				-2.04055700 4.99081000 0.70051100 / 0.00000000 -1.00000000 0.00000000 / 255 0 255 255 / -0.58679200 2.24787900 / 0 0 0 1.00000000
				-3.34085000 4.99081000 0.70051100 / 0.00000000 -1.00000000 0.00000000 / 255 0 255 255 / -1.42709400 2.38739000 / 0 0 0 1.00000000
				3.97457900 -0.08260580 -0.05954770 / 0.00000000 -1.00000000 0.00000000 / 255 0 255 255 / 3.06373600 0.31074520 / 0.99651490 0.00000000 -0.08341320 1.00000000
				3.97457900 -0.08260580 -0.05954770 / 0.00000000 -1.00000000 0.00000000 / 255 0 255 255 / 3.06373600 0.31074520 / 0.99651490 0.00000000 -0.08341320 1.00000000
				3.97457900 -0.08260580 -0.05954770 / 0.00000000 -1.00000000 0.00000000 / 255 0 255 255 / 3.06373600 0.31074520 / 0.99651490 0.00000000 -0.08341320 1.00000000
				2.69040000 -0.08260580 -0.05954770 / 0.00000000 -1.00000000 0.00000000 / 255 0 255 255 / 2.07222000 0.39749150 / 0.99650560 0.00000000 -0.08352570 1.00000000
				2.69040000 -0.08260580 -0.05954770 / 0.00000000 -1.00000000 0.00000000 / 255 0 255 255 / 2.07222000 0.39749150 / 0.99650560 0.00000000 -0.08352570 1.00000000
				2.69040000 -0.08260580 -0.05954770 / 0.00000000 -1.00000000 0.00000000 / 255 0 255 255 / 2.07222000 0.39749150 / 0.99650560 0.00000000 -0.08352570 1.00000000
				2.69040000 -0.08260580 -0.05954770 / 0.00000000 -1.00000000 0.00000000 / 255 0 255 255 / 2.07222000 0.39749150 / 0.99650560 0.00000000 -0.08352570 1.00000000
				2.69040000 -0.08260580 -0.05954770 / 0.00000000 -1.00000000 0.00000000 / 255 0 255 255 / 2.07222000 0.39749150 / 0.99650560 0.00000000 -0.08352570 1.00000000
				2.69040000 -0.08260580 -0.05954770 / 0.00000000 -1.00000000 0.00000000 / 255 0 255 255 / 2.07222000 0.39749150 / 0.99650560 0.00000000 -0.08352570 1.00000000
				2.69040000 -0.08260580 -0.05954770 / 0.00000000 -1.00000000 0.00000000 / 255 0 255 255 / 2.07222000 0.39749150 / 0.99650560 0.00000000 -0.08352570 1.00000000
				0.72311430 -0.08260580 -0.05954770 / 0.00000000 -1.00000000 0.00000000 / 255 0 255 255 / 0.55334470 0.53036500 / 0.99650740 0.00000000 -0.08350480 1.00000000
				0.72311430 -0.08260580 -0.05954770 / 0.00000000 -1.00000000 0.00000000 / 255 0 255 255 / 0.55334470 0.53036500 / 0.99650740 0.00000000 -0.08350480 1.00000000
				-0.77688570 -0.08260580 -1.61960700 / 0.00000000 -1.00000000 0.00000000 / 255 0 255 255 / -0.49482730 1.88920600 / 0.99650590 0.00000000 -0.08352310 1.00000000
				3.97457900 -0.08260580 -1.61960700 / 0.00000000 -1.00000000 0.00000000 / 255 0 255 255 / 3.17375200 1.56825300 / 0.99650700 0.00000000 -0.08350930 1.00000000
				3.97457900 -0.08260580 -1.61960700 / 0.00000000 -1.00000000 0.00000000 / 255 0 255 255 / 3.17375200 1.56825300 / 0.99650700 0.00000000 -0.08350930 1.00000000
				0.72311430 -0.08260580 -1.61960700 / 0.00000000 -1.00000000 0.00000000 / 255 0 255 255 / 0.66336060 1.78788800 / 0.99650750 0.00000000 -0.08350350 1.00000000
				0.72311430 -0.08260580 -1.61960700 / 0.00000000 -1.00000000 0.00000000 / 255 0 255 255 / 0.66336060 1.78788800 / 0.99650750 0.00000000 -0.08350350 1.00000000
				2.69040000 -0.08260580 -1.61960700 / 0.00000000 -1.00000000 0.00000000 / 255 0 255 255 / 2.18223600 1.65499900 / 0.99650700 0.00000000 -0.08350900 1.00000000
				2.69040000 -0.08260580 -1.61960700 / 0.00000000 -1.00000000 0.00000000 / 255 0 255 255 / 2.18223600 1.65499900 / 0.99650700 0.00000000 -0.08350900 1.00000000
				-2.04055700 -4.99081000 -1.61960700 / 0.00000000 1.00000000 0.00000000 / 255 0 255 255 / -0.58679200 2.24787900 / 0 0 0 1.00000000
				-2.65823400 -4.99081000 0.70051100 / 0.00000000 1.00000000 0.00000000 / 255 0 255 255 / -0.98603820 2.31416300 / 0 0 0 1.00000000
				-2.65823400 -4.99081000 -1.61960700 / 0.00000000 1.00000000 0.00000000 / 255 0 255 255 / -0.98603820 2.31416300 / 0 0 0 1.00000000
				-2.65823400 -4.99081000 0.70051100 / 0.00000000 1.00000000 0.00000000 / 255 0 255 255 / -0.98603820 2.31416300 / 0 0 0 1.00000000
				-2.65823400 -4.99081000 -1.61960700 / 0.00000000 1.00000000 0.00000000 / 255 0 255 255 / -0.98603820 2.31416300 / 0 0 0 1.00000000
				-3.34085000 -4.99081000 0.70051100 / 0.00000000 1.00000000 0.00000000 / 255 0 255 255 / -1.42709400 2.38739000 / 0 0 0 1.00000000
				-2.04055700 -4.97230800 -1.61960700 / 0.00000000 -1.00000000 0.00000000 / 255 0 255 255 / -0.58679200 2.24787900 / 0 0 0 1.00000000
				-2.65823400 -4.97230800 0.70051100 / 0.00000000 -1.00000000 0.00000000 / 255 0 255 255 / -0.98603820 2.31416300 / 0 0 0 1.00000000
				-2.65823400 -4.97230800 -1.61960700 / 0.00000000 -1.00000000 0.00000000 / 255 0 255 255 / -0.98603820 2.31416300 / 0 0 0 1.00000000
				-2.65823400 -4.97230800 -1.61960700 / 0.00000000 -1.00000000 0.00000000 / 255 0 255 255 / -0.98603820 2.31416300 / 0 0 0 1.00000000
				-2.65823400 -4.97230800 0.70051100 / 0.00000000 -1.00000000 0.00000000 / 255 0 255 255 / -0.98603820 2.31416300 / 0 0 0 1.00000000
				-3.34085000 -4.97230800 0.70051100 / 0.00000000 -1.00000000 0.00000000 / 255 0 255 255 / -1.42709400 2.38739000 / 0 0 0 1.00000000
				-2.04055700 4.99081000 -1.61960700 / 0.00000000 -1.00000000 0.00000000 / 255 0 255 255 / -0.58679200 2.24787900 / 0 0 0 1.00000000
				-2.65823400 4.99081000 0.70051100 / 0.00000000 -1.00000000 0.00000000 / 255 0 255 255 / -0.98603820 2.31416300 / 0 0 0 1.00000000
				-2.65823400 4.99081000 -1.61960700 / 0.00000000 -1.00000000 0.00000000 / 255 0 255 255 / -0.98603820 2.31416300 / 0 0 0 1.00000000
				-2.65823400 4.99081000 -1.61960700 / 0.00000000 -1.00000000 0.00000000 / 255 0 255 255 / -0.98603820 2.31416300 / 0 0 0 1.00000000
				-2.65823400 4.99081000 0.70051100 / 0.00000000 -1.00000000 0.00000000 / 255 0 255 255 / -0.98603820 2.31416300 / 0 0 0 1.00000000
				-3.34085000 4.99081000 0.70051100 / 0.00000000 -1.00000000 0.00000000 / 255 0 255 255 / -1.42709400 2.38739000 / 0 0 0 1.00000000
				-0.77688570 -0.08260580 -0.05954770 / 0.00000000 -1.00000000 0.00000000 / 255 0 255 255 / -0.60484310 0.63169860 / 0.99650560 0.00000000 -0.08352650 1.00000000
				-0.77688570 -0.08260580 -0.05954770 / 0.00000000 -1.00000000 0.00000000 / 255 0 255 255 / -0.60484310 0.63169860 / 0.99650560 0.00000000 -0.08352650 1.00000000
				-0.77688570 -0.08260580 -0.05954770 / 0.00000000 -1.00000000 0.00000000 / 255 0 255 255 / -0.60484310 0.63169860 / 0.99650560 0.00000000 -0.08352650 1.00000000
				-2.65823400 -4.99081000 -1.61960700 / 0.00000000 1.00000000 0.00000000 / 255 0 255 255 / -0.98603820 2.31416300 / 0 0 0 1.00000000
				-2.04055700 -4.99081000 -1.61960700 / 0.00000000 1.00000000 0.00000000 / 255 0 255 255 / -0.58679200 2.24787900 / 0 0 0 1.00000000
				-3.34085000 -4.99081000 -1.61960700 / 0.00000000 1.00000000 0.00000000 / 255 0 255 255 / -1.42709400 2.38739000 / 0 0 0 1.00000000
				-2.65823400 -0.08260580 -0.05954770 / 0.00000000 -1.00000000 0.00000000 / 255 0 255 255 / -2.05767800 0.75880430 / 0.99650980 0.00000000 -0.08347620 1.00000000
				-2.65823400 -0.08260580 -0.05954770 / 0.00000000 -1.00000000 0.00000000 / 255 0 255 255 / -2.05767800 0.75880430 / 0.99650980 0.00000000 -0.08347620 1.00000000
				-2.65823400 -0.08260580 -0.05954770 / 0.00000000 -1.00000000 0.00000000 / 255 0 255 255 / -2.05767800 0.75880430 / 0.99650980 0.00000000 -0.08347620 1.00000000
				-2.65823400 -0.08260580 -0.05954770 / 0.00000000 -1.00000000 0.00000000 / 255 0 255 255 / -2.05767800 0.75880430 / 0.99650980 0.00000000 -0.08347620 1.00000000
				-2.65823400 -0.08260580 -0.05954770 / 0.00000000 -1.00000000 0.00000000 / 255 0 255 255 / -2.05767800 0.75880430 / 0.99650980 0.00000000 -0.08347620 1.00000000
				-0.77688570 -0.08260580 0.78078430 / 0.00000000 -1.00000000 0.00000000 / 255 0 255 255 / -0.66409300 -0.04557800 / 0.99651340 0.00000000 -0.08343300 1.00000000
				-0.77688570 -0.08260580 0.78078430 / 0.00000000 -1.00000000 0.00000000 / 255 0 255 255 / -0.66409300 -0.04557800 / 0.99651340 0.00000000 -0.08343300 1.00000000
				-0.77688570 -0.08260580 0.78078430 / 0.00000000 -1.00000000 0.00000000 / 255 0 255 255 / -0.66409300 -0.04557800 / 0.99651340 0.00000000 -0.08343300 1.00000000
				-0.77688570 -0.08260580 0.78078430 / 0.00000000 -1.00000000 0.00000000 / 255 0 255 255 / -0.66409300 -0.04557800 / 0.99651340 0.00000000 -0.08343300 1.00000000
				-3.81253000 -0.08260580 -0.05954770 / 0.00000000 -1.00000000 0.00000000 / 255 0 255 255 / -2.94876100 0.83676150 / 0.99650370 0.00000000 -0.08354720 1.00000000
				-3.81253000 -0.08260580 -0.05954770 / 0.00000000 -1.00000000 0.00000000 / 255 0 255 255 / -2.94876100 0.83676150 / 0.99650370 0.00000000 -0.08354720 1.00000000
				-3.81253000 -0.08260580 -0.05954770 / 0.00000000 -1.00000000 0.00000000 / 255 0 255 255 / -2.94876100 0.83676150 / 0.99650370 0.00000000 -0.08354720 1.00000000
				-3.81253000 -0.08260580 -0.05954770 / 0.00000000 -1.00000000 0.00000000 / 255 0 255 255 / -2.94876100 0.83676150 / 0.99650370 0.00000000 -0.08354720 1.00000000
				-3.81253000 -0.08260580 -1.61960700 / 0.00000000 -1.00000000 0.00000000 / 255 0 255 255 / -2.83873000 2.09426900 / 0.99650840 0.00000000 -0.08349300 1.00000000
				-2.65823400 -4.99081000 0.70051100 / 0.00000000 1.00000000 0.00000000 / 255 0 255 255 / -0.98603820 2.31416300 / 0 0 0 1.00000000
				-2.04055700 -4.99081000 0.70051100 / 0.00000000 1.00000000 0.00000000 / 255 0 255 255 / -0.58679200 2.24787900 / 0 0 0 1.00000000
				-3.34085000 -4.99081000 0.70051100 / 0.00000000 1.00000000 0.00000000 / 255 0 255 255 / -1.42709400 2.38739000 / 0 0 0 1.00000000
				-2.04055700 -4.97230800 -1.61960700 / 0.00000000 -1.00000000 0.00000000 / 255 0 255 255 / -0.58679200 2.24787900 / 0 0 0 1.00000000
				-2.65823400 -4.97230800 -1.61960700 / 0.00000000 -1.00000000 0.00000000 / 255 0 255 255 / -0.98603820 2.31416300 / 0 0 0 1.00000000
				-2.65823400 -0.08260580 1.22658500 / 0.00000000 -1.00000000 0.00000000 / 255 0 255 255 / -2.14839200 -0.27812190 / 0.99650630 0.00000000 -0.08351750 1.00000000
				-2.65823400 -0.08260580 1.22658500 / 0.00000000 -1.00000000 0.00000000 / 255 0 255 255 / -2.14839200 -0.27812190 / 0.99650630 0.00000000 -0.08351750 1.00000000
				-2.65823400 -0.08260580 1.22658500 / 0.00000000 -1.00000000 0.00000000 / 255 0 255 255 / -2.14839200 -0.27812190 / 0.99650630 0.00000000 -0.08351750 1.00000000
				-2.65823400 -0.08260580 1.22658500 / 0.00000000 -1.00000000 0.00000000 / 255 0 255 255 / -2.14839200 -0.27812190 / 0.99650630 0.00000000 -0.08351750 1.00000000
				-2.65823400 -0.08260580 1.22658500 / 0.00000000 -1.00000000 0.00000000 / 255 0 255 255 / -2.14839200 -0.27812190 / 0.99650630 0.00000000 -0.08351750 1.00000000
				-2.65823400 -0.08260580 1.22658500 / 0.00000000 -1.00000000 0.00000000 / 255 0 255 255 / -2.14839200 -0.27812190 / 0.99650630 0.00000000 -0.08351750 1.00000000
				-2.65823400 -4.97230800 0.70051100 / 0.00000000 -1.00000000 0.00000000 / 255 0 255 255 / -0.98603820 2.31416300 / 0 0 0 1.00000000
				-2.04055700 -4.97230800 0.70051100 / 0.00000000 -1.00000000 0.00000000 / 255 0 255 255 / -0.58679200 2.24787900 / 0 0 0 1.00000000
				-3.34085000 -4.97230800 -1.61960700 / 0.00000000 -1.00000000 0.00000000 / 255 0 255 255 / -1.42709400 2.38739000 / 0 0 0 1.00000000
				-3.34085000 -4.97230800 0.70051100 / 0.00000000 -1.00000000 0.00000000 / 255 0 255 255 / -1.42709400 2.38739000 / 0 0 0 1.00000000
				-2.65823400 0.08260580 -1.61960700 / 0.00000000 1.00000000 0.00000000 / 255 0 255 255 / -1.94766200 2.01631200 / 0.99650710 0.00000000 -0.08350800 -1.00000000
				-2.65823400 0.08260580 -1.61960700 / 0.00000000 1.00000000 0.00000000 / 255 0 255 255 / -1.94766200 2.01631200 / 0.99650710 0.00000000 -0.08350800 -1.00000000
				-2.65823400 0.08260580 -1.61960700 / 0.00000000 1.00000000 0.00000000 / 255 0 255 255 / -1.94766200 2.01631200 / 0.99650710 0.00000000 -0.08350800 -1.00000000
				-2.65823400 0.08260580 -1.61960700 / 0.00000000 1.00000000 0.00000000 / 255 0 255 255 / -1.94766200 2.01631200 / 0.99650710 0.00000000 -0.08350800 -1.00000000
				-0.77688570 0.08260580 -1.61960700 / 0.00000000 1.00000000 0.00000000 / 255 0 255 255 / -0.49482730 1.88920600 / 0.99650590 0.00000000 -0.08352310 -1.00000000
				-0.77688570 0.08260580 -0.05954770 / 0.00000000 1.00000000 0.00000000 / 255 0 255 255 / -0.60484310 0.63169860 / 0.99650560 0.00000000 -0.08352650 -1.00000000
				-0.77688570 0.08260580 -0.05954770 / 0.00000000 1.00000000 0.00000000 / 255 0 255 255 / -0.60484310 0.63169860 / 0.99650560 0.00000000 -0.08352650 -1.00000000
				-0.77688570 0.08260580 -0.05954770 / 0.00000000 1.00000000 0.00000000 / 255 0 255 255 / -0.60484310 0.63169860 / 0.99650560 0.00000000 -0.08352650 -1.00000000
				-2.65823400 0.08260580 -0.05954770 / 0.00000000 1.00000000 0.00000000 / 255 0 255 255 / -2.05767800 0.75880430 / 0.99650980 0.00000000 -0.08347620 -1.00000000
				-2.65823400 0.08260580 -0.05954770 / 0.00000000 1.00000000 0.00000000 / 255 0 255 255 / -2.05767800 0.75880430 / 0.99650980 0.00000000 -0.08347620 -1.00000000
				-2.65823400 0.08260580 -0.05954770 / 0.00000000 1.00000000 0.00000000 / 255 0 255 255 / -2.05767800 0.75880430 / 0.99650980 0.00000000 -0.08347620 -1.00000000
				-2.65823400 0.08260580 -0.05954770 / 0.00000000 1.00000000 0.00000000 / 255 0 255 255 / -2.05767800 0.75880430 / 0.99650980 0.00000000 -0.08347620 -1.00000000
				-2.65823400 0.08260580 -0.05954770 / 0.00000000 1.00000000 0.00000000 / 255 0 255 255 / -2.05767800 0.75880430 / 0.99650980 0.00000000 -0.08347620 -1.00000000
				-0.77688570 0.08260580 0.78078430 / 0.00000000 1.00000000 0.00000000 / 255 0 255 255 / -0.66409300 -0.04557800 / 0.99651340 0.00000000 -0.08343300 -1.00000000
				-0.77688570 0.08260580 0.78078430 / 0.00000000 1.00000000 0.00000000 / 255 0 255 255 / -0.66409300 -0.04557800 / 0.99651340 0.00000000 -0.08343300 -1.00000000
				-0.77688570 0.08260580 0.78078430 / 0.00000000 1.00000000 0.00000000 / 255 0 255 255 / -0.66409300 -0.04557800 / 0.99651340 0.00000000 -0.08343300 -1.00000000
				-0.77688570 0.08260580 0.78078430 / 0.00000000 1.00000000 0.00000000 / 255 0 255 255 / -0.66409300 -0.04557800 / 0.99651340 0.00000000 -0.08343300 -1.00000000
				-3.81253000 0.08260580 -0.05954770 / 0.00000000 1.00000000 0.00000000 / 255 0 255 255 / -2.94876100 0.83676150 / 0.99650370 0.00000000 -0.08354720 -1.00000000
				-3.81253000 0.08260580 -0.05954770 / 0.00000000 1.00000000 0.00000000 / 255 0 255 255 / -2.94876100 0.83676150 / 0.99650370 0.00000000 -0.08354720 -1.00000000
				-3.81253000 0.08260580 -0.05954770 / 0.00000000 1.00000000 0.00000000 / 255 0 255 255 / -2.94876100 0.83676150 / 0.99650370 0.00000000 -0.08354720 -1.00000000
				-3.81253000 0.08260580 -0.05954770 / 0.00000000 1.00000000 0.00000000 / 255 0 255 255 / -2.94876100 0.83676150 / 0.99650370 0.00000000 -0.08354720 -1.00000000
				-3.81253000 0.08260580 -1.61960700 / 0.00000000 1.00000000 0.00000000 / 255 0 255 255 / -2.83873000 2.09426900 / 0.99650840 0.00000000 -0.08349300 -1.00000000
				-2.65823400 0.08260580 1.22658500 / 0.00000000 1.00000000 0.00000000 / 255 0 255 255 / -2.14839200 -0.27812190 / 0.99650630 0.00000000 -0.08351750 -1.00000000
				-2.65823400 0.08260580 1.22658500 / 0.00000000 1.00000000 0.00000000 / 255 0 255 255 / -2.14839200 -0.27812190 / 0.99650630 0.00000000 -0.08351750 -1.00000000
				-2.65823400 0.08260580 1.22658500 / 0.00000000 1.00000000 0.00000000 / 255 0 255 255 / -2.14839200 -0.27812190 / 0.99650630 0.00000000 -0.08351750 -1.00000000
				-2.65823400 0.08260580 1.22658500 / 0.00000000 1.00000000 0.00000000 / 255 0 255 255 / -2.14839200 -0.27812190 / 0.99650630 0.00000000 -0.08351750 -1.00000000
				-2.65823400 0.08260580 1.22658500 / 0.00000000 1.00000000 0.00000000 / 255 0 255 255 / -2.14839200 -0.27812190 / 0.99650630 0.00000000 -0.08351750 -1.00000000
				-2.65823400 0.08260580 1.22658500 / 0.00000000 1.00000000 0.00000000 / 255 0 255 255 / -2.14839200 -0.27812190 / 0.99650630 0.00000000 -0.08351750 -1.00000000
				-3.81253000 0.08260580 1.50051100 / 0.00000000 1.00000000 0.00000000 / 255 0 255 255 / -3.05877700 -0.42074590 / 0.99649520 0.00000000 -0.08365170 -1.00000000
				-3.81253000 0.08260580 1.50051100 / 0.00000000 1.00000000 0.00000000 / 255 0 255 255 / -3.05877700 -0.42074590 / 0.99649520 0.00000000 -0.08365170 -1.00000000
				-2.65823400 0.08260580 1.50051100 / 0.00000000 1.00000000 0.00000000 / 255 0 255 255 / -2.16769400 -0.49870300 / 0.99650030 0.00000000 -0.08358910 -1.00000000
				-2.65823400 0.08260580 1.50051100 / 0.00000000 1.00000000 0.00000000 / 255 0 255 255 / -2.16769400 -0.49870300 / 0.99650030 0.00000000 -0.08358910 -1.00000000
				0.08102450 0.08260580 1.50051100 / 0.00000000 1.00000000 0.00000000 / 255 0 255 255 / -0.05252070 -0.68376160 / 0.99650480 0.00000000 -0.08353590 -1.00000000
				0.08102450 0.08260580 1.50051100 / 0.00000000 1.00000000 0.00000000 / 255 0 255 255 / -0.05252070 -0.68376160 / 0.99650480 0.00000000 -0.08353590 -1.00000000
				0.08102450 0.08260580 1.50051100 / 0.00000000 1.00000000 0.00000000 / 255 0 255 255 / -0.05252070 -0.68376160 / 0.99650480 0.00000000 -0.08353590 -1.00000000
				0.08102450 0.08260580 1.50051100 / 0.00000000 1.00000000 0.00000000 / 255 0 255 255 / -0.05252070 -0.68376160 / 0.99650480 0.00000000 -0.08353590 -1.00000000
				0.08102450 0.08260580 1.50051100 / 0.00000000 1.00000000 0.00000000 / 255 0 255 255 / -0.05252070 -0.68376160 / 0.99650480 0.00000000 -0.08353590 -1.00000000
				0.08102450 0.08260580 1.50051100 / 0.00000000 1.00000000 0.00000000 / 255 0 255 255 / -0.05252070 -0.68376160 / 0.99650480 0.00000000 -0.08353590 -1.00000000
				0.08102450 0.08260580 0.78078430 / 0.00000000 1.00000000 0.00000000 / 255 0 255 255 / -0.00175480 -0.10351560 / 0.99650840 0.00000000 -0.08349240 -1.00000000
				0.08102450 0.08260580 0.78078430 / 0.00000000 1.00000000 0.00000000 / 255 0 255 255 / -0.00175480 -0.10351560 / 0.99650840 0.00000000 -0.08349240 -1.00000000
				0.72311430 0.08260580 0.78078430 / 0.00000000 1.00000000 0.00000000 / 255 0 255 255 / 0.49409490 -0.14689640 / 0.99650090 0.00000000 -0.08358180 -1.00000000
				0.72311430 0.08260580 0.78078430 / 0.00000000 1.00000000 0.00000000 / 255 0 255 255 / 0.49409490 -0.14689640 / 0.99650090 0.00000000 -0.08358180 -1.00000000
				0.72311430 0.08260580 0.78078430 / 0.00000000 1.00000000 0.00000000 / 255 0 255 255 / 0.49409490 -0.14689640 / 0.99650090 0.00000000 -0.08358180 -1.00000000
				0.72311430 0.08260580 0.78078430 / 0.00000000 1.00000000 0.00000000 / 255 0 255 255 / 0.49409490 -0.14689640 / 0.99650090 0.00000000 -0.08358180 -1.00000000
				2.69040000 0.08260580 1.21584300 / 0.00000000 1.00000000 0.00000000 / 255 0 255 255 / 1.98223900 -0.63084410 / 0.99650420 0.00000000 -0.08354269 -1.00000000
				2.69040000 0.08260580 1.21584300 / 0.00000000 1.00000000 0.00000000 / 255 0 255 255 / 1.98223900 -0.63084410 / 0.99650420 0.00000000 -0.08354269 -1.00000000
				2.69040000 0.08260580 1.21584300 / 0.00000000 1.00000000 0.00000000 / 255 0 255 255 / 1.98223900 -0.63084410 / 0.99650420 0.00000000 -0.08354269 -1.00000000
				2.69040000 0.08260580 1.21584300 / 0.00000000 1.00000000 0.00000000 / 255 0 255 255 / 1.98223900 -0.63084410 / 0.99650420 0.00000000 -0.08354269 -1.00000000
				2.69040000 0.08260580 1.21584300 / 0.00000000 1.00000000 0.00000000 / 255 0 255 255 / 1.98223900 -0.63084410 / 0.99650420 0.00000000 -0.08354269 -1.00000000
				2.69040000 0.08260580 1.21584300 / 0.00000000 1.00000000 0.00000000 / 255 0 255 255 / 1.98223900 -0.63084410 / 0.99650420 0.00000000 -0.08354269 -1.00000000
				2.69040000 0.08260580 1.50051100 / 0.00000000 1.00000000 0.00000000 / 255 0 255 255 / 1.96218900 -0.86003110 / 0.99649860 0.00000000 -0.08361000 -1.00000000
				2.69040000 0.08260580 1.50051100 / 0.00000000 1.00000000 0.00000000 / 255 0 255 255 / 1.96218900 -0.86003110 / 0.99649860 0.00000000 -0.08361000 -1.00000000
				3.97457900 0.08260580 1.50051100 / 0.00000000 1.00000000 0.00000000 / 255 0 255 255 / 2.95372000 -0.94677740 / 0.99651410 0.00000000 -0.08342640 -1.00000000
				3.97457900 0.08260580 1.50051100 / 0.00000000 1.00000000 0.00000000 / 255 0 255 255 / 2.95372000 -0.94677740 / 0.99651410 0.00000000 -0.08342640 -1.00000000
				3.97457900 0.08260580 -0.05954770 / 0.00000000 1.00000000 0.00000000 / 255 0 255 255 / 3.06373600 0.31074520 / 0.99651490 0.00000000 -0.08341320 -1.00000000
				3.97457900 0.08260580 -0.05954770 / 0.00000000 1.00000000 0.00000000 / 255 0 255 255 / 3.06373600 0.31074520 / 0.99651490 0.00000000 -0.08341320 -1.00000000
				3.97457900 0.08260580 -0.05954770 / 0.00000000 1.00000000 0.00000000 / 255 0 255 255 / 3.06373600 0.31074520 / 0.99651490 0.00000000 -0.08341320 -1.00000000
				2.69040000 0.08260580 -0.05954770 / 0.00000000 1.00000000 0.00000000 / 255 0 255 255 / 2.07222000 0.39749150 / 0.99650560 0.00000000 -0.08352570 -1.00000000
				2.69040000 0.08260580 -0.05954770 / 0.00000000 1.00000000 0.00000000 / 255 0 255 255 / 2.07222000 0.39749150 / 0.99650560 0.00000000 -0.08352570 -1.00000000
				2.69040000 0.08260580 -0.05954770 / 0.00000000 1.00000000 0.00000000 / 255 0 255 255 / 2.07222000 0.39749150 / 0.99650560 0.00000000 -0.08352570 -1.00000000
				2.69040000 0.08260580 -0.05954770 / 0.00000000 1.00000000 0.00000000 / 255 0 255 255 / 2.07222000 0.39749150 / 0.99650560 0.00000000 -0.08352570 -1.00000000
				2.69040000 0.08260580 -0.05954770 / 0.00000000 1.00000000 0.00000000 / 255 0 255 255 / 2.07222000 0.39749150 / 0.99650560 0.00000000 -0.08352570 -1.00000000
				2.69040000 0.08260580 -0.05954770 / 0.00000000 1.00000000 0.00000000 / 255 0 255 255 / 2.07222000 0.39749150 / 0.99650560 0.00000000 -0.08352570 -1.00000000
				2.69040000 0.08260580 -0.05954770 / 0.00000000 1.00000000 0.00000000 / 255 0 255 255 / 2.07222000 0.39749150 / 0.99650560 0.00000000 -0.08352570 -1.00000000
				0.72311430 0.08260580 -0.05954770 / 0.00000000 1.00000000 0.00000000 / 255 0 255 255 / 0.55334470 0.53036500 / 0.99650740 0.00000000 -0.08350480 -1.00000000
				0.72311430 0.08260580 -0.05954770 / 0.00000000 1.00000000 0.00000000 / 255 0 255 255 / 0.55334470 0.53036500 / 0.99650740 0.00000000 -0.08350480 -1.00000000
				3.97457900 0.08260580 -1.61960700 / 0.00000000 1.00000000 0.00000000 / 255 0 255 255 / 3.17375200 1.56825300 / 0.99650700 0.00000000 -0.08350930 -1.00000000
				3.97457900 0.08260580 -1.61960700 / 0.00000000 1.00000000 0.00000000 / 255 0 255 255 / 3.17375200 1.56825300 / 0.99650700 0.00000000 -0.08350930 -1.00000000
				0.72311430 0.08260580 -1.61960700 / 0.00000000 1.00000000 0.00000000 / 255 0 255 255 / 0.66336060 1.78788800 / 0.99650750 0.00000000 -0.08350350 -1.00000000
				0.72311430 0.08260580 -1.61960700 / 0.00000000 1.00000000 0.00000000 / 255 0 255 255 / 0.66336060 1.78788800 / 0.99650750 0.00000000 -0.08350350 -1.00000000
				2.69040000 0.08260580 -1.61960700 / 0.00000000 1.00000000 0.00000000 / 255 0 255 255 / 2.18223600 1.65499900 / 0.99650700 0.00000000 -0.08350900 -1.00000000
				2.69040000 0.08260580 -1.61960700 / 0.00000000 1.00000000 0.00000000 / 255 0 255 255 / 2.18223600 1.65499900 / 0.99650700 0.00000000 -0.08350900 -1.00000000
				-3.81253000 -0.08260580 1.50051100 / 0.00000000 -1.00000000 0.00000000 / 255 0 255 255 / -3.05877700 -0.42074590 / 0.99649520 0.00000000 -0.08365170 1.00000000
				-3.81253000 -0.08260580 1.50051100 / 0.00000000 -1.00000000 0.00000000 / 255 0 255 255 / -3.05877700 -0.42074590 / 0.99649520 0.00000000 -0.08365170 1.00000000
			}
		}
		Geometry
		{
			ShaderIndex 1
			Flags -
			VertexDeclaration N209731BE
			Indices 936
			{
				450 451 452 453 454 455 456 458 459 460 461 457 472 462 463
				464 465 473 466 468 469 470 475 467 476 471 478 477 479 474
				480 482 483 484 486 481 487 485 489 490 491 488 492 494 495
				496 498 493 499 497 501 502 503 500 504 506 507 508 510 505
				511 509 513 514 515 512 516 518 519 520 522 517 523 521 525
				526 527 524 528 530 531 532 534 529 535 533 537 538 539 536
				540 542 543 544 546 541 547 545 549 550 551 548 552 554 555
				556 570 553 571 557 594 595 615 572 624 626 631 632 648 625
				649 633 672 673 692 650 714 737 756 757 780 715 781 758 804
				805 825 782 846 869 889 890 912 847 913 891 0 1 22 914
				42 66 88 89 102 43 105 44 103 104 107 106 108 111 112
				113 114 109 117 110 115 116 119 118 120 123 124 125 126 121
				129 122 127 128 131 130 132 135 136 137 138 133 141 134 139
				140 143 142 144 147 148 149 150 145 153 146 151 152 155 154
				156 159 160 161 162 157 165 158 163 164 167 166 168 171 172
				173 174 169 177 170 175 176 179 178 180 183 184 185 186 181
				189 182 187 188 191 190 192 195 196 197 198 193 201 194 199
				200 203 202 204 206 207 208 211 205 213 212 209 210 215 214
				216 218 237 238 262 217 284 263 239 240 306 285 326 351 365
				366 367 327 328 368 369 370 371 329 372 376 377 378 379 373
				374 380 381 382 383 375 384 386 387 388 391 385 393 392 389
				390 395 394 396 398 399 400 403 397 405 404 401 402 407 406
				408 412 413 414 415 409 410 416 417 418 419 411 420 424 425
				426 427 421 422 428 429 430 431 423 432 435 438 433 439 436
				443 437 440 434 446 441 444 442 447 445 448 449 558 560 561
				562 564 559 565 563 567 568 569 566 573 575 576 577 579 574
				580 578 582 583 584 581 585 588 589 590 591 586 596 587 592
				593 598 597 599 602 603 604 605 600 608 601 606 607 610 609
				611 614 616 617 618 612 621 613 619 620 623 622 627 629 628
				630 635 634 636 639 638 640 637 641 642 645 644 646 643 647
				651 654 653 655 652 657 658 660 656 661 659 662 663 666 665
				667 664 669 670 674 668 675 671 676 677 680 679 681 678 683
				684 686 682 687 685 688 689 693 691 694 690 696 697 699 695
				700 698 701 702 705 704 706 703 708 709 711 707 712 710 713
				716 719 718 720 717 722 723 725 721 726 724 727 728 731 730
				732 729 734 735 738 733 739 736 740 741 744 743 745 742 747
				748 750 746 751 749 752 753 759 755 760 754 762 763 765 761
				766 764 767 768 771 770 772 769 774 775 777 773 778 776 779
				783 786 785 787 784 789 790 792 788 793 791 794 795 799 798
				800 796 801 806 802 797 803 807 808 809 813 812 814 810 815
				818 816 811 817 819 820 821 826 824 827 822 828 831 829 823
				830 832 833 834 838 837 839 835 840 843 841 836 842 844 845
				848 852 851 853 849 854 857 855 850 856 858 859 860 864 863
				865 861 866 870 867 862 868 871 872 873 877 876 878 874 879
				882 880 875 881 883 884 885 892 888 893 886 894 897 895 887
				896 898 899 900 904 903 905 901 906 909 907 902 908 910 911
				915 918 917 919 916 922 924 920 923 921 925 926 927 930 929
				931 928 934 2 932 935 933 3 4 5 10 9 11 6 12
				7 14 13 15 8 16 17 23 21 24 18 25 19 27 26
				28 20 29 30 33 32 34 31 37 39 35 38 36 40 41
				45 48 47 49 46 52 54 50 53 51 55 56 57 62 61
				63 58 64 59 67 65 68 60 69 70 75 74 76 71 77
				72 79 78 80 73 81 82 90 85 83 86 91 95 92 87
				84 93 98 96 99 94 97 101 100 219 222 221 223 220 225
				226 228 224 229 227 230 231 234 233 235 232 241 242 244 236
				245 243 246 247 251 250 252 248 253 256 254 249 255 257 258
				259 265 264 266 260 267 270 268 261 269 271 272 273 277 276
				278 274 279 282 280 275 281 283 286 287 289 290 291 293 288
				294 292 296 297 298 295 299 301 302 303 307 300 309 308 304
				305 311 310 312 316 317 318 319 313 314 320 321 322 323 315
				324 330 333 331 325 334 335 337 332 338 336 339 340 342 346
				343 341 347 349 344 348 345 350 352 353 357 359 358 354 360
				355 362 361 363 356 364
			}
			Vertices 936
			{
				-3.44094800 -4.78621900 0.78078430 / -0.78591490 0.61833190 -0.00182060 / 255 0 255 255 / 1.15477000 0.19058230
				-3.44094800 -4.78621900 0.78078430 / -0.78591490 0.61833190 -0.00182060 / 255 0 255 255 / 1.15477000 0.19058230
				-0.67678800 0.11873890 0.68068670 / 0.99999980 0.00000000 0.00000000 / 255 0 255 255 / -0.90327450 0.99926760
				-0.67678800 0.11873890 0.68068670 / 0.99999980 0.00000000 0.00000000 / 255 0 255 255 / -0.90327450 0.99926760
				-0.67678800 -0.00479600 0.68068670 / 1.00000000 0.00000000 0.00000000 / 255 0 255 255 / -0.90327450 0.68803400
				0.08102450 0.12606290 0.68556960 / 0.00000000 0.55471270 -0.83204200 / 255 0 255 255 / 1.40618900 0.98611450
				0.08102450 0.12606290 0.68556960 / 0.00000000 0.55471270 -0.83204200 / 255 0 255 255 / 1.40618900 0.98611450
				0.08102450 0.12606290 0.68556960 / 0.00000000 0.55471270 -0.83204200 / 255 0 255 255 / 1.40618900 0.98611450
				0.08102450 0.12606290 0.68556960 / 0.00000000 0.55471270 -0.83204200 / 255 0 255 255 / 1.40618900 0.98611450
				-0.68167080 0.12606290 0.68556960 / 0.00000000 0.55471270 -0.83204200 / 255 0 255 255 / 0.10307310 0.98611450
				-0.67678800 0.11873890 0.68068670 / 0.00000000 0.55471270 -0.83204190 / 255 0 255 255 / 0.09089660 0.91693110
				-0.67678800 0.11873890 0.68068670 / 0.00000000 0.55471270 -0.83204190 / 255 0 255 255 / 0.09089660 0.91693110
				0.08102450 0.11873890 0.68068670 / 0.00000000 0.55471280 -0.83204200 / 255 0 255 255 / 1.39135700 0.96264650
				0.08102450 0.11873890 0.68068670 / 0.00000000 0.55471280 -0.83204200 / 255 0 255 255 / 1.39135700 0.96264650
				0.62301670 0.11873890 0.68068670 / 0.00000000 0.55471270 -0.83204200 / 255 0 255 255 / 2.32182300 0.99536140
				0.62301670 0.11873890 0.68068670 / 0.00000000 0.55471270 -0.83204200 / 255 0 255 255 / 2.32182300 0.99536140
				0.62838780 0.12606290 0.68556960 / 0.00000000 0.55471270 -0.83204200 / 255 0 255 255 / 2.34097300 0.98611450
				0.08102450 0.11873890 0.78078430 / 0.00000000 0.59136760 0.80640210 / 255 0 255 255 / -0.37063600 1.15477000
				0.08102450 0.11873890 0.78078430 / 0.00000000 0.59136760 0.80640210 / 255 0 255 255 / -0.37063600 1.15477000
				0.08102450 0.11873890 0.78078430 / 0.00000000 0.59136760 0.80640210 / 255 0 255 255 / -0.37063600 1.15477000
				0.08102450 0.11873890 0.78078430 / 0.00000000 0.59136760 0.80640210 / 255 0 255 255 / -0.37063600 1.15477000
				-0.77688570 0.11873890 0.78078430 / 0.00000000 0.59136770 0.80640210 / 255 0 255 255 / -0.11126710 1.15477000
				-3.43557700 -4.77938400 0.77541330 / -0.78703280 0.61690830 -0.00184190 / 255 0 255 255 / 1.15148900 0.19230650
				-0.77200280 0.12606290 0.77541330 / 0.00000000 0.59136760 0.80640210 / 255 0 255 255 / -0.11277770 1.15171800
				-0.77200280 0.12606290 0.77541330 / 0.00000000 0.59136760 0.80640210 / 255 0 255 255 / -0.11277770 1.15171800
				0.08102450 0.12606290 0.77541330 / 0.00000000 0.59136760 0.80640210 / 255 0 255 255 / -0.37063600 1.15171800
				0.08102450 0.12606290 0.77541330 / 0.00000000 0.59136760 0.80640210 / 255 0 255 255 / -0.37063600 1.15171800
				0.71823160 0.12606290 0.77541330 / 0.00000000 0.59136770 0.80640210 / 255 0 255 255 / -0.56329340 1.15171800
				0.71823160 0.12606290 0.77541330 / 0.00000000 0.59136770 0.80640210 / 255 0 255 255 / -0.56329340 1.15171800
				0.72311430 0.11873890 0.78078430 / 0.00000000 0.59136770 0.80640200 / 255 0 255 255 / -0.56480410 1.15477000
				-3.34573300 4.77938400 0.68556960 / 0.00000000 -1.00000000 0.00000000 / 255 0 255 255 / 0.81059270 0.98611450
				-3.34573300 4.77938400 0.68556960 / 0.00000000 -1.00000000 0.00000000 / 255 0 255 255 / 0.81059270 0.98611450
				-3.43557700 4.77938400 0.77541330 / 0.00000000 -1.00000000 0.00000000 / 255 0 255 255 / 0.95899960 0.61714170
				-2.65823400 4.77938400 0.77541330 / 0.00000000 -1.00000000 0.00000000 / 255 0 255 255 / -0.32136540 0.61714170
				-2.65823400 4.77938400 0.77541330 / 0.00000000 -1.00000000 0.00000000 / 255 0 255 255 / -0.32136540 0.61714170
				-2.65823400 4.77938400 0.77541330 / 0.00000000 -1.00000000 0.00000000 / 255 0 255 255 / -0.32136540 0.61714170
				-2.65823400 4.77938400 0.77541330 / 0.00000000 -1.00000000 0.00000000 / 255 0 255 255 / -0.32136540 0.61714170
				-2.65823400 4.77938400 0.68556960 / 0.00000000 -1.00000000 0.00000000 / 255 0 255 255 / -0.32136540 0.98611450
				-2.65823400 4.77938400 0.68556960 / 0.00000000 -1.00000000 0.00000000 / 255 0 255 255 / -0.32136540 0.98611450
				-2.03567500 4.77938400 0.68556960 / 0.00000000 -1.00000000 0.00000000 / 255 0 255 255 / -1.34681700 0.98611450
				-2.03567500 4.77938400 0.68556960 / 0.00000000 -1.00000000 0.00000000 / 255 0 255 255 / -1.34681700 0.98611450
				-1.94583100 4.77938400 0.77541330 / 0.00000000 -1.00000000 0.00000000 / 255 0 255 255 / -1.49520900 0.61714170
				0.62301670 0.00479600 -0.05954770 / -1.00000000 0.00000000 0.00000000 / 255 0 255 255 / 1.00015300 0.68803400
				0.62301670 0.00479600 -0.05954770 / -1.00000000 0.00000000 0.00000000 / 255 0 255 255 / 1.00015300 0.68803400
				0.62301670 0.00479600 -0.05954770 / -1.00000000 0.00000000 0.00000000 / 255 0 255 255 / 1.00015300 0.68803400
				-2.04055700 4.78621900 -1.61960700 / -1.00000000 0.00000000 0.00000000 / 255 0 255 255 / -0.94998170 0.29449460
				-2.04055700 4.78621900 -1.61960700 / -1.00000000 0.00000000 0.00000000 / 255 0 255 255 / -0.94998170 0.29449460
				-2.04055700 4.99081000 -1.61960700 / -1.00000000 0.00000000 0.00000000 / 255 0 255 255 / -0.94998170 0.96000670
				-2.04055700 4.99081000 -0.05954770 / -0.99999980 0.00000000 0.00000000 / 255 0 255 255 / 1.01806600 0.96000670
				-2.04055700 4.99081000 -0.05954770 / -0.99999980 0.00000000 0.00000000 / 255 0 255 255 / 1.01806600 0.96000670
				-2.04055700 4.99081000 -0.05954770 / -0.99999980 0.00000000 0.00000000 / 255 0 255 255 / 1.01806600 0.96000670
				-2.04055700 4.99081000 -0.05954770 / -0.99999980 0.00000000 0.00000000 / 255 0 255 255 / 1.01806600 0.96000670
				-2.04055700 4.78621900 -0.05954770 / -1.00000000 0.00000000 0.00000000 / 255 0 255 255 / 1.01806600 0.29449460
				-2.04055700 4.78621900 -0.05954770 / -1.00000000 0.00000000 0.00000000 / 255 0 255 255 / 1.01806600 0.29449460
				-2.04055700 4.78621900 0.68068670 / -1.00000000 0.00000000 0.00000000 / 255 0 255 255 / 1.95185900 0.29449460
				-2.04055700 4.78621900 0.68068670 / -1.00000000 0.00000000 0.00000000 / 255 0 255 255 / 1.95185900 0.29449460
				-2.04055700 4.99081000 0.68068670 / -1.00000000 0.00000000 0.00000000 / 255 0 255 255 / 1.95185900 0.96000670
				-2.65823400 4.77938400 0.68556960 / 0.00000000 -0.58123830 -0.81373350 / 255 0 255 255 / -0.32136540 0.98611450
				-2.65823400 4.77938400 0.68556960 / 0.00000000 -0.58123830 -0.81373350 / 255 0 255 255 / -0.32136540 0.98611450
				-2.65823400 4.77938400 0.68556960 / 0.00000000 -0.58123830 -0.81373350 / 255 0 255 255 / -0.32136540 0.98611450
				-2.65823400 4.77938400 0.68556960 / 0.00000000 -0.58123830 -0.81373350 / 255 0 255 255 / -0.32136540 0.98611450
				-2.03567500 4.77938400 0.68556960 / 0.00000000 -0.58123820 -0.81373350 / 255 0 255 255 / -1.34681700 0.98611450
				-2.04055700 4.78621900 0.68068670 / 0.00000000 -0.58123810 -0.81373350 / 255 0 255 255 / -1.35565200 0.99897760
				-2.04055700 4.78621900 0.68068670 / 0.00000000 -0.58123810 -0.81373350 / 255 0 255 255 / -1.35565200 0.99897760
				-2.65823400 4.78621900 0.68068670 / 0.00000000 -0.58123820 -0.81373350 / 255 0 255 255 / -0.32160950 1.00027500
				-2.65823400 4.78621900 0.68068670 / 0.00000000 -0.58123820 -0.81373350 / 255 0 255 255 / -0.32160950 1.00027500
				0.62301670 0.00479600 -1.61960700 / -1.00000000 0.00000000 0.00000000 / 255 0 255 255 / -0.90327450 0.68803400
				-3.34085000 4.78621900 0.68068670 / 0.00000000 -0.58123820 -0.81373350 / 255 0 255 255 / 0.79364010 1.00100700
				-3.34085000 4.78621900 0.68068670 / 0.00000000 -0.58123820 -0.81373350 / 255 0 255 255 / 0.79364010 1.00100700
				-3.34573300 4.77938400 0.68556960 / 0.00000000 -0.58123820 -0.81373350 / 255 0 255 255 / 0.81059270 0.98611450
				-2.65823400 4.78621900 0.78078430 / 0.00000000 -0.61781310 0.78632490 / 255 0 255 255 / -0.21887210 0.64846800
				-2.65823400 4.78621900 0.78078430 / 0.00000000 -0.61781310 0.78632490 / 255 0 255 255 / -0.21887210 0.64846800
				-2.65823400 4.78621900 0.78078430 / 0.00000000 -0.61781310 0.78632490 / 255 0 255 255 / -0.21887210 0.64846800
				-2.65823400 4.78621900 0.78078430 / 0.00000000 -0.61781310 0.78632490 / 255 0 255 255 / -0.21887210 0.64846800
				-1.94094800 4.78621900 0.78078430 / 0.00000000 -0.61781310 0.78632490 / 255 0 255 255 / 0.95156860 0.64846800
				-1.94583100 4.77938400 0.77541330 / 0.00000000 -0.61781310 0.78632490 / 255 0 255 255 / 0.94349670 0.62030030
				-1.94583100 4.77938400 0.77541330 / 0.00000000 -0.61781310 0.78632490 / 255 0 255 255 / 0.94349670 0.62030030
				-2.65823400 4.77938400 0.77541330 / 0.00000000 -0.61781310 0.78632490 / 255 0 255 255 / -0.21887210 0.62030030
				-2.65823400 4.77938400 0.77541330 / 0.00000000 -0.61781310 0.78632490 / 255 0 255 255 / -0.21887210 0.62030030
				-3.43557700 4.77938400 0.77541330 / 0.00000000 -0.61781310 0.78632490 / 255 0 255 255 / -1.48671000 0.62030030
				-3.43557700 4.77938400 0.77541330 / 0.00000000 -0.61781310 0.78632490 / 255 0 255 255 / -1.48671000 0.62030030
				-3.44094800 4.78621900 0.78078430 / 0.00000000 -0.61781310 0.78632490 / 255 0 255 255 / -1.49478100 0.64846800
				-1.94094800 4.82235200 0.78078430 / 1.00000000 0.00000000 0.00000000 / 255 0 255 255 / -0.16528320 0.19058230
				-1.94094800 4.82235200 0.78078430 / 1.00000000 0.00000000 0.00000000 / 255 0 255 255 / -0.16528320 0.19058230
				-1.94094800 4.82235200 0.78078430 / 1.00000000 0.00000000 0.00000000 / 255 0 255 255 / -0.16528320 0.19058230
				-1.94094800 4.78621900 -0.05954770 / 1.00000000 0.00000000 0.00000000 / 255 0 255 255 / -0.15476990 0.48205570
				-1.94094800 4.78621900 -0.05954770 / 1.00000000 0.00000000 0.00000000 / 255 0 255 255 / -0.15476990 0.48205570
				-1.94094800 4.78621900 -0.05954770 / 1.00000000 0.00000000 0.00000000 / 255 0 255 255 / -0.15476990 0.48205570
				0.62301670 -0.11873890 -1.61960700 / -1.00000000 0.00000000 0.00000000 / 255 0 255 255 / -0.90327450 0.99926760
				0.62301670 -0.11873890 -1.61960700 / -1.00000000 0.00000000 0.00000000 / 255 0 255 255 / -0.90327450 0.99926760
				-1.94094800 4.78621900 0.78078430 / 1.00000000 0.00000000 0.00000000 / 255 0 255 255 / -0.15476990 0.19058230
				-1.94094800 4.80721600 -0.05954770 / 1.00000000 0.00000000 0.00000000 / 255 0 255 255 / -0.16088870 0.48205570
				-1.94094800 4.80721600 -0.05954770 / 1.00000000 0.00000000 0.00000000 / 255 0 255 255 / -0.16088870 0.48205570
				-1.94094800 4.80721600 -0.05954770 / 1.00000000 0.00000000 0.00000000 / 255 0 255 255 / -0.16088870 0.48205570
				-1.94094800 4.80721600 -0.05954770 / 1.00000000 0.00000000 0.00000000 / 255 0 255 255 / -0.16088870 0.48205570
				-1.94094800 4.78621900 -1.61960700 / 0.99999980 0.00000000 0.00000000 / 255 0 255 255 / -0.15476990 1.02322400
				-1.94094800 4.78621900 -1.61960700 / 0.99999980 0.00000000 0.00000000 / 255 0 255 255 / -0.15476990 1.02322400
				-1.94094800 4.78621900 -1.61960700 / 0.99999980 0.00000000 0.00000000 / 255 0 255 255 / -0.15476990 1.02322400
				-1.94094800 4.82235200 -0.05954770 / 1.00000000 0.00000000 0.00000000 / 255 0 255 255 / -0.16528320 0.48205570
				-1.94094800 4.82235200 -0.05954770 / 1.00000000 0.00000000 0.00000000 / 255 0 255 255 / -0.16528320 0.48205570
				-1.94094800 4.82235200 -0.05954770 / 1.00000000 0.00000000 0.00000000 / 255 0 255 255 / -0.16528320 0.48205570
				-1.94094800 4.82235200 -1.61960700 / 1.00000000 0.00000000 0.00000000 / 255 0 255 255 / -0.16528320 1.02322400
				0.62301670 -0.11873890 -0.05954770 / -1.00000000 0.00000000 0.00000000 / 255 0 255 255 / 1.00015300 0.99926760
				0.62301670 -0.11873890 -0.05954770 / -1.00000000 0.00000000 0.00000000 / 255 0 255 255 / 1.00015300 0.99926760
				0.62301670 -0.11873890 -0.05954770 / -1.00000000 0.00000000 0.00000000 / 255 0 255 255 / 1.00015300 0.99926760
				0.62301670 0.00479600 0.68068670 / -0.99999980 0.00000000 0.00000000 / 255 0 255 255 / 1.90327500 0.68803400
				0.62301670 0.00479600 0.68068670 / -0.99999980 0.00000000 0.00000000 / 255 0 255 255 / 1.90327500 0.68803400
				0.62301670 -0.11873890 0.68068670 / -1.00000000 0.00000000 0.00000000 / 255 0 255 255 / 1.90327500 0.99926760
				-0.68362390 -0.12606290 -0.05954770 / 0.00000000 -0.99999980 0.00000000 / 255 0 255 255 / 1.01544200 -0.00860600
				-0.68362390 -0.12606290 -0.05954770 / 0.00000000 -0.99999980 0.00000000 / 255 0 255 255 / 1.01544200 -0.00860600
				-0.68362390 -0.12606290 -0.05954770 / 0.00000000 -0.99999980 0.00000000 / 255 0 255 255 / 1.01544200 -0.00860600
				-0.68167080 -0.12606290 0.68556960 / 0.00000000 -1.00000000 0.00000000 / 255 0 255 255 / 1.95379600 -0.00546270
				-0.77200280 -0.12606290 0.77541330 / 0.00000000 -1.00000000 0.00000000 / 255 0 255 255 / 2.06727600 -0.14332580
				-0.77200280 -0.12606290 0.77541330 / 0.00000000 -1.00000000 0.00000000 / 255 0 255 255 / 2.06727600 -0.14332580
				-0.76956140 -0.12606290 -0.05954770 / 0.00000000 -1.00000000 0.00000000 / 255 0 255 255 / 1.01544200 -0.14018250
				-0.76956140 -0.12606290 -0.05954770 / 0.00000000 -1.00000000 0.00000000 / 255 0 255 255 / 1.01544200 -0.14018250
				-0.76956140 -0.12606290 -0.05954770 / 0.00000000 -1.00000000 0.00000000 / 255 0 255 255 / 1.01544200 -0.14018250
				-0.68362390 -0.12606290 -1.61960700 / 0.00000000 -0.99999980 0.00000000 / 255 0 255 255 / -0.94908140 -0.00860600
				-0.68362390 -0.12606290 -1.61960700 / 0.00000000 -0.99999980 0.00000000 / 255 0 255 255 / -0.94908140 -0.00860600
				-0.76956140 -0.12606290 -1.61960700 / 0.00000000 -1.00000000 0.00000000 / 255 0 255 255 / -0.94908140 -0.14018250
				-0.77688570 -0.11873890 -0.05954770 / -1.00000000 0.00000000 0.00000000 / 255 0 255 255 / -0.15476990 0.48205570
				-0.77688570 -0.11873890 -0.05954770 / -1.00000000 0.00000000 0.00000000 / 255 0 255 255 / -0.15476990 0.48205570
				-0.77688570 -0.11873890 -0.05954770 / -1.00000000 0.00000000 0.00000000 / 255 0 255 255 / -0.15476990 0.48205570
				-0.77688570 -0.11873890 0.78078430 / -1.00000000 0.00000000 0.00000000 / 255 0 255 255 / -0.15476990 0.19058230
				-0.77688570 -0.08260580 0.78078430 / -1.00000000 0.00000000 0.00000000 / 255 0 255 255 / -0.16528320 0.19058230
				-0.77688570 -0.08260580 0.78078430 / -1.00000000 0.00000000 0.00000000 / 255 0 255 255 / -0.16528320 0.19058230
				-0.77688570 -0.08260580 -0.05954770 / -1.00000000 0.00000000 0.00000000 / 255 0 255 255 / -0.16528320 0.48205570
				-0.77688570 -0.08260580 -0.05954770 / -1.00000000 0.00000000 0.00000000 / 255 0 255 255 / -0.16528320 0.48205570
				-0.77688570 -0.08260580 -0.05954770 / -1.00000000 0.00000000 0.00000000 / 255 0 255 255 / -0.16528320 0.48205570
				-0.77688570 -0.11873890 -1.61960700 / -1.00000000 0.00000000 0.00000000 / 255 0 255 255 / -0.15476990 1.02322400
				-0.77688570 -0.11873890 -1.61960700 / -1.00000000 0.00000000 0.00000000 / 255 0 255 255 / -0.15476990 1.02322400
				-0.77688570 -0.08260580 -1.61960700 / -1.00000000 0.00000000 0.00000000 / 255 0 255 255 / -0.16528320 1.02322400
				0.63034090 -0.12606290 -0.05954770 / 0.00000000 -1.00000000 0.00000000 / 255 0 255 255 / 1.04193100 0.01228330
				0.63034090 -0.12606290 -0.05954770 / 0.00000000 -1.00000000 0.00000000 / 255 0 255 255 / 1.04193100 0.01228330
				0.63034090 -0.12606290 -0.05954770 / 0.00000000 -1.00000000 0.00000000 / 255 0 255 255 / 1.04193100 0.01228330
				0.63034090 -0.12606290 -1.61960700 / 0.00000000 -1.00000000 0.00000000 / 255 0 255 255 / -1.57019000 0.01228330
				0.71627840 -0.12606290 -1.61960700 / 0.00000000 -0.99999980 0.00000000 / 255 0 255 255 / -1.57019000 0.18182370
				0.71627840 -0.12606290 -1.61960700 / 0.00000000 -0.99999980 0.00000000 / 255 0 255 255 / -1.57019000 0.18182370
				0.71627840 -0.12606290 -0.05954770 / 0.00000000 -1.00000000 0.00000000 / 255 0 255 255 / 1.04193100 0.18182370
				0.71627840 -0.12606290 -0.05954770 / 0.00000000 -1.00000000 0.00000000 / 255 0 255 255 / 1.04193100 0.18182370
				0.71627840 -0.12606290 -0.05954770 / 0.00000000 -1.00000000 0.00000000 / 255 0 255 255 / 1.04193100 0.18182370
				0.62838780 -0.12606290 0.68556960 / 0.00000000 -1.00000000 0.00000000 / 255 0 255 255 / 2.28959700 0.00823970
				0.62838780 -0.12606290 0.68556960 / 0.00000000 -1.00000000 0.00000000 / 255 0 255 255 / 2.28959700 0.00823970
				0.71823160 -0.12606290 0.77541330 / 0.00000000 -1.00000000 0.00000000 / 255 0 255 255 / 2.44047500 0.18586730
				0.72311430 -0.11873890 -0.05954770 / 1.00000000 0.00000000 0.00000000 / 255 0 255 255 / 1.15477000 0.48205570
				0.72311430 -0.11873890 -0.05954770 / 1.00000000 0.00000000 0.00000000 / 255 0 255 255 / 1.15477000 0.48205570
				0.72311430 -0.11873890 -0.05954770 / 1.00000000 0.00000000 0.00000000 / 255 0 255 255 / 1.15477000 0.48205570
				0.72311430 -0.11873890 -1.61960700 / 1.00000000 0.00000000 0.00000000 / 255 0 255 255 / 1.15477000 1.02322400
				0.72311430 -0.08260580 -1.61960700 / 1.00000000 0.00000000 0.00000000 / 255 0 255 255 / 1.16528300 1.02322400
				0.72311430 -0.08260580 -1.61960700 / 1.00000000 0.00000000 0.00000000 / 255 0 255 255 / 1.16528300 1.02322400
				0.72311430 -0.08260580 -0.05954770 / 1.00000000 0.00000000 0.00000000 / 255 0 255 255 / 1.16528300 0.48205570
				0.72311430 -0.08260580 -0.05954770 / 1.00000000 0.00000000 0.00000000 / 255 0 255 255 / 1.16528300 0.48205570
				0.72311430 -0.08260580 -0.05954770 / 1.00000000 0.00000000 0.00000000 / 255 0 255 255 / 1.16528300 0.48205570
				0.72311430 -0.11873890 0.78078430 / 1.00000000 0.00000000 0.00000000 / 255 0 255 255 / 1.15477000 0.19058230
				0.72311430 -0.11873890 0.78078430 / 1.00000000 0.00000000 0.00000000 / 255 0 255 255 / 1.15477000 0.19058230
				0.72311430 -0.08260580 0.78078430 / 1.00000000 0.00000000 0.00000000 / 255 0 255 255 / 1.16528300 0.19058230
				-3.34085000 -4.99081000 -0.05954770 / 1.00000000 0.00000000 0.00000000 / 255 0 255 255 / -0.24923710 -0.59457400
				-3.34085000 -4.99081000 -0.05954770 / 1.00000000 0.00000000 0.00000000 / 255 0 255 255 / -0.24923710 -0.59457400
				-3.34085000 -4.99081000 -0.05954770 / 1.00000000 0.00000000 0.00000000 / 255 0 255 255 / -0.24923710 -0.59457400
				-3.34085000 -4.99081000 -1.61960700 / 1.00000000 0.00000000 0.00000000 / 255 0 255 255 / 2.36216700 -0.59457400
				-3.34085000 -4.78621900 -1.61960700 / 1.00000000 0.00000000 0.00000000 / 255 0 255 255 / 2.36216700 0.00105290
				-3.34085000 -4.78621900 -1.61960700 / 1.00000000 0.00000000 0.00000000 / 255 0 255 255 / 2.36216700 0.00105290
				-3.34085000 -4.78621900 -0.05954770 / 1.00000000 0.00000000 0.00000000 / 255 0 255 255 / -0.24923710 0.00105290
				-3.34085000 -4.78621900 -0.05954770 / 1.00000000 0.00000000 0.00000000 / 255 0 255 255 / -0.24923710 0.00105290
				-3.34085000 -4.78621900 -0.05954770 / 1.00000000 0.00000000 0.00000000 / 255 0 255 255 / -0.24923710 0.00105290
				-3.34085000 -4.99081000 0.68068670 / 0.99999980 0.00000000 0.00000000 / 255 0 255 255 / -1.48829700 -0.59457400
				-3.34085000 -4.99081000 0.68068670 / 0.99999980 0.00000000 0.00000000 / 255 0 255 255 / -1.48829700 -0.59457400
				-3.34085000 -4.78621900 0.68068670 / 1.00000000 0.00000000 0.00000000 / 255 0 255 255 / -1.48829700 0.00105290
				-2.03372100 -4.77938400 -0.05954770 / 0.00000000 1.00000000 0.00000000 / 255 0 255 255 / 1.01544200 0.27627560
				-2.03372100 -4.77938400 -0.05954770 / 0.00000000 1.00000000 0.00000000 / 255 0 255 255 / 1.01544200 0.27627560
				-2.03372100 -4.77938400 -0.05954770 / 0.00000000 1.00000000 0.00000000 / 255 0 255 255 / 1.01544200 0.27627560
				-2.03567500 -4.77938400 0.68556960 / 0.00000000 1.00000000 0.00000000 / 255 0 255 255 / 1.95379600 0.28268430
				-1.94583100 -4.77938400 0.77541330 / 0.00000000 0.99999980 0.00000000 / 255 0 255 255 / 2.06727600 0.00059510
				-1.94583100 -4.77938400 0.77541330 / 0.00000000 0.99999980 0.00000000 / 255 0 255 255 / 2.06727600 0.00059510
				-1.94778500 -4.77938400 -0.05954770 / 0.00000000 1.00000000 0.00000000 / 255 0 255 255 / 1.01544200 0.00701900
				-1.94778500 -4.77938400 -0.05954770 / 0.00000000 1.00000000 0.00000000 / 255 0 255 255 / 1.01544200 0.00701900
				-1.94778500 -4.77938400 -0.05954770 / 0.00000000 1.00000000 0.00000000 / 255 0 255 255 / 1.01544200 0.00701900
				-2.03372100 -4.77938400 -1.61960700 / 0.00000000 1.00000000 0.00000000 / 255 0 255 255 / -0.94908140 0.27627560
				-2.03372100 -4.77938400 -1.61960700 / 0.00000000 1.00000000 0.00000000 / 255 0 255 255 / -0.94908140 0.27627560
				-1.94778500 -4.77938400 -1.61960700 / 0.00000000 1.00000000 0.00000000 / 255 0 255 255 / -0.94908140 0.00701900
				-3.34768600 -4.77938400 -0.05954770 / 0.00000000 1.00000000 0.00000000 / 255 0 255 255 / -0.25001530 0.04014590
				-3.34768600 -4.77938400 -0.05954770 / 0.00000000 1.00000000 0.00000000 / 255 0 255 255 / -0.25001530 0.04014590
				-3.34768600 -4.77938400 -0.05954770 / 0.00000000 1.00000000 0.00000000 / 255 0 255 255 / -0.25001530 0.04014590
				-3.34768600 -4.77938400 -1.61960700 / 0.00000000 1.00000000 0.00000000 / 255 0 255 255 / 2.36210600 0.04014590
				-3.43362300 -4.77938400 -1.61960700 / 0.00000000 1.00000000 0.00000000 / 255 0 255 255 / 2.36210600 0.35775760
				-3.43362300 -4.77938400 -1.61960700 / 0.00000000 1.00000000 0.00000000 / 255 0 255 255 / 2.36210600 0.35775760
				-3.43362300 -4.77938400 -0.05954770 / 0.00000000 1.00000000 0.00000000 / 255 0 255 255 / -0.25001530 0.35775760
				-3.43362300 -4.77938400 -0.05954770 / 0.00000000 1.00000000 0.00000000 / 255 0 255 255 / -0.25001530 0.35775760
				-3.43362300 -4.77938400 -0.05954770 / 0.00000000 1.00000000 0.00000000 / 255 0 255 255 / -0.25001530 0.35775760
				-3.34573300 -4.77938400 0.68556960 / 0.00000000 1.00000000 0.00000000 / 255 0 255 255 / -1.49768100 0.03257750
				-3.34573300 -4.77938400 0.68556960 / 0.00000000 1.00000000 0.00000000 / 255 0 255 255 / -1.49768100 0.03257750
				-3.43557700 -4.77938400 0.77541330 / 0.00000000 1.00000000 0.00000000 / 255 0 255 255 / -1.64856000 0.36532590
				-3.44094800 -4.78621900 -0.05954770 / -1.00000000 0.00000000 0.00000000 / 255 0 255 255 / 1.15477000 0.48205570
				-3.44094800 -4.78621900 -0.05954770 / -1.00000000 0.00000000 0.00000000 / 255 0 255 255 / 1.15477000 0.48205570
				-3.44094800 -4.78621900 -0.05954770 / -1.00000000 0.00000000 0.00000000 / 255 0 255 255 / 1.15477000 0.48205570
				-3.44094800 -4.78621900 -1.61960700 / -1.00000000 0.00000000 0.00000000 / 255 0 255 255 / 1.15477000 1.02322400
				-3.44094800 -4.82235200 -1.61960700 / -1.00000000 0.00000000 0.00000000 / 255 0 255 255 / 1.16528300 1.02322400
				-3.44094800 -4.82235200 -1.61960700 / -1.00000000 0.00000000 0.00000000 / 255 0 255 255 / 1.16528300 1.02322400
				-3.44094800 -4.82235200 -0.05954770 / -1.00000000 0.00000000 0.00000000 / 255 0 255 255 / 1.16528300 0.48205570
				-3.44094800 -4.82235200 -0.05954770 / -1.00000000 0.00000000 0.00000000 / 255 0 255 255 / 1.16528300 0.48205570
				-3.44094800 -4.82235200 -0.05954770 / -1.00000000 0.00000000 0.00000000 / 255 0 255 255 / 1.16528300 0.48205570
				-3.44094800 -4.78621900 0.78078430 / -0.99999980 0.00000000 0.00000000 / 255 0 255 255 / 1.15477000 0.19058230
				-3.44094800 -4.78621900 0.78078430 / -0.99999980 0.00000000 0.00000000 / 255 0 255 255 / 1.15477000 0.19058230
				-3.44094800 -4.82235200 0.78078430 / -1.00000000 0.00000000 0.00000000 / 255 0 255 255 / 1.16528300 0.19058230
				0.62838780 -0.12606290 0.68556960 / 0.00000000 -1.00000000 0.00000000 / 255 0 255 255 / 2.34097300 0.98611450
				0.62838780 -0.12606290 0.68556960 / 0.00000000 -1.00000000 0.00000000 / 255 0 255 255 / 2.34097300 0.98611450
				0.71823160 -0.12606290 0.77541330 / 0.00000000 -0.99999980 0.00000000 / 255 0 255 255 / 2.49490400 0.75698850
				0.08102450 -0.12606290 0.77541330 / 0.00000000 -1.00000000 0.00000000 / 255 0 255 255 / 1.40618900 0.75698850
				0.08102450 -0.12606290 0.77541330 / 0.00000000 -1.00000000 0.00000000 / 255 0 255 255 / 1.40618900 0.75698850
				0.08102450 -0.12606290 0.77541330 / 0.00000000 -1.00000000 0.00000000 / 255 0 255 255 / 1.40618900 0.75698850
				0.08102450 -0.12606290 0.77541330 / 0.00000000 -1.00000000 0.00000000 / 255 0 255 255 / 1.40618900 0.75698850
				0.08102450 -0.12606290 0.68556960 / 0.00000000 -1.00000000 0.00000000 / 255 0 255 255 / 1.40618900 0.98611450
				0.08102450 -0.12606290 0.68556960 / 0.00000000 -1.00000000 0.00000000 / 255 0 255 255 / 1.40618900 0.98611450
				-0.68167080 -0.12606290 0.68556960 / 0.00000000 -1.00000000 0.00000000 / 255 0 255 255 / 0.10307310 0.98611450
				-0.68167080 -0.12606290 0.68556960 / 0.00000000 -1.00000000 0.00000000 / 255 0 255 255 / 0.10307310 0.98611450
				-0.77200280 -0.12606290 0.77541330 / 0.00000000 -1.00000000 0.00000000 / 255 0 255 255 / -0.05085750 0.75698850
				-0.67678800 -0.11873890 -1.61960700 / 1.00000000 0.00000000 0.00000000 / 255 0 255 255 / 1.90327500 0.99926760
				-0.67678800 -0.11873890 -1.61960700 / 1.00000000 0.00000000 0.00000000 / 255 0 255 255 / 1.90327500 0.99926760
				-0.67678800 0.00479600 -1.61960700 / 1.00000000 0.00000000 0.00000000 / 255 0 255 255 / 1.90327500 0.68803400
				-0.82554120 4.80337900 -1.66509300 / 0.91978840 -0.39241460 0.00000000 / 255 0 255 255 / 2.36210600 0.00224300
				-0.82554120 4.80337900 -1.66509300 / 0.91978840 -0.39241460 0.00000000 / 255 0 255 255 / 2.36210600 0.00224300
				-0.82845770 4.79654300 -1.66509300 / 0.91978850 -0.39241460 0.00000000 / 255 0 255 255 / 2.36210600 0.04014590
				-0.82845770 4.79654300 0.52547730 / 0.91978840 -0.39241460 -0.00036620 / 255 0 255 255 / -0.25001530 0.04014590
				-0.82845770 4.79654300 0.52547730 / 0.91978840 -0.39241460 -0.00036620 / 255 0 255 255 / -0.25001530 0.04014590
				-0.82845770 4.79654300 0.52547730 / 0.91978840 -0.39241460 -0.00036620 / 255 0 255 255 / -0.25001530 0.04014590
				-0.82554120 4.80337900 0.52547730 / 0.91987990 -0.39219990 -0.00036460 / 255 0 255 255 / -0.25001530 0.00222780
				-0.82554120 4.80337900 0.52547730 / 0.91987990 -0.39219990 -0.00036460 / 255 0 255 255 / -0.25001530 0.00222780
				-0.82554120 4.80337900 0.52547730 / 0.91987990 -0.39219990 -0.00036460 / 255 0 255 255 / -0.25001530 0.00222780
				-0.82762450 4.79654300 1.57174000 / 0.95628830 -0.29242540 -0.00000650 / 255 0 255 255 / -1.49768100 0.03257750
				-0.82762450 4.79654300 1.57174000 / 0.95628830 -0.29242540 -0.00000650 / 255 0 255 255 / -1.49768100 0.03257750
				-0.82554120 4.80337900 1.56488400 / 0.95656470 -0.29152000 0.00000000 / 255 0 255 255 / -1.48939500 0.00224300
				-0.86512260 4.79654300 -1.66509300 / -0.90946500 -0.41578080 0.00000000 / 255 0 255 255 / 1.15097000 1.02322400
				-0.86512260 4.79654300 -1.66509300 / -0.90946500 -0.41578080 0.00000000 / 255 0 255 255 / 1.15097000 1.02322400
				-0.86824780 4.80337900 -1.66509300 / -0.90946500 -0.41578080 0.00000000 / 255 0 255 255 / 1.15477000 1.02322400
				-0.86824780 4.80337900 0.52547730 / -0.90946490 -0.41578070 0.00000000 / 255 0 255 255 / 1.15477000 0.48205570
				-0.86824780 4.80337900 0.52547730 / -0.90946490 -0.41578070 0.00000000 / 255 0 255 255 / 1.15477000 0.48205570
				-0.86824780 4.80337900 0.52547730 / -0.90946490 -0.41578070 0.00000000 / 255 0 255 255 / 1.15477000 0.48205570
				-0.67678800 0.00479600 -0.05954770 / 1.00000000 0.00000000 0.00000000 / 255 0 255 255 / -0.00015260 0.68803400
				-0.67678800 0.00479600 -0.05954770 / 1.00000000 0.00000000 0.00000000 / 255 0 255 255 / -0.00015260 0.68803400
				-0.67678800 0.00479600 -0.05954770 / 1.00000000 0.00000000 0.00000000 / 255 0 255 255 / -0.00015260 0.68803400
				-0.67678800 0.00479600 -0.05954770 / 1.00000000 0.00000000 0.00000000 / 255 0 255 255 / -0.00015260 0.68803400
				-0.86512260 4.79654300 0.52547730 / -0.90955040 -0.41559350 -0.00000130 / 255 0 255 255 / 1.15097000 0.48205570
				-0.86512260 4.79654300 0.52547730 / -0.90955040 -0.41559350 -0.00000130 / 255 0 255 255 / 1.15097000 0.48205570
				-0.86512260 4.79654300 0.52547730 / -0.90955040 -0.41559350 -0.00000130 / 255 0 255 255 / 1.15097000 0.48205570
				-0.86824780 4.80337900 1.70543700 / -0.94808730 -0.31800940 -0.00066870 / 255 0 255 255 / 1.15477000 0.19058230
				-0.86824780 4.80337900 1.70543700 / -0.94808730 -0.31800940 -0.00066870 / 255 0 255 255 / 1.15477000 0.19058230
				-0.86595620 4.79654300 1.69789500 / -0.94836830 -0.31717040 -0.00067430 / 255 0 255 255 / 1.15148900 0.19230650
				-0.82554120 5.00796900 0.52547730 / 1.00000000 0.00000000 0.00000000 / 255 0 255 255 / -0.24923710 -0.59457400
				-0.82554120 5.00796900 0.52547730 / 1.00000000 0.00000000 0.00000000 / 255 0 255 255 / -0.24923710 -0.59457400
				-0.82554120 5.00796900 0.52547730 / 1.00000000 0.00000000 0.00000000 / 255 0 255 255 / -0.24923710 -0.59457400
				-0.82554120 5.00796900 -1.66509300 / 1.00000000 0.00000000 0.00000000 / 255 0 255 255 / 2.36216700 -0.59457400
				-0.82554120 4.80337900 -1.66509300 / 1.00000000 0.00000000 0.00000000 / 255 0 255 255 / 2.36216700 0.00105290
				-0.82554120 4.80337900 -1.66509300 / 1.00000000 0.00000000 0.00000000 / 255 0 255 255 / 2.36216700 0.00105290
				-0.82554120 4.80337900 0.52547730 / 0.99999980 0.00000000 0.00000000 / 255 0 255 255 / -0.24923710 0.00105290
				-0.82554120 4.80337900 0.52547730 / 0.99999980 0.00000000 0.00000000 / 255 0 255 255 / -0.24923710 0.00105290
				-0.82554120 4.80337900 0.52547730 / 0.99999980 0.00000000 0.00000000 / 255 0 255 255 / -0.24923710 0.00105290
				-0.82554120 5.00796900 1.56488400 / 0.99999980 0.00000000 0.00000000 / 255 0 255 255 / -1.48829700 -0.59457400
				-0.82554120 5.00796900 1.56488400 / 0.99999980 0.00000000 0.00000000 / 255 0 255 255 / -1.48829700 -0.59457400
				-0.82554120 4.80337900 1.56488400 / 1.00000000 0.00000000 0.00000000 / 255 0 255 255 / -1.48829700 0.00105290
				-0.82845770 4.79654300 0.52547730 / 0.00000000 -1.00000000 0.00000000 / 255 0 255 255 / -0.25001530 0.04014590
				-0.82845770 4.79654300 0.52547730 / 0.00000000 -1.00000000 0.00000000 / 255 0 255 255 / -0.25001530 0.04014590
				-0.82845770 4.79654300 0.52547730 / 0.00000000 -1.00000000 0.00000000 / 255 0 255 255 / -0.25001530 0.04014590
				-0.67678800 -0.11873890 -0.05954770 / 1.00000000 0.00000000 0.00000000 / 255 0 255 255 / -0.00015260 0.99926760
				-0.67678800 -0.11873890 -0.05954770 / 1.00000000 0.00000000 0.00000000 / 255 0 255 255 / -0.00015260 0.99926760
				-0.82845770 4.79654300 -1.66509300 / 0.00000000 -1.00000000 0.00000000 / 255 0 255 255 / 2.36210600 0.04014590
				-0.86512260 4.79654300 -1.66509300 / 0.00000000 -1.00000000 0.00000000 / 255 0 255 255 / 2.36210600 0.35775760
				-0.86512260 4.79654300 -1.66509300 / 0.00000000 -1.00000000 0.00000000 / 255 0 255 255 / 2.36210600 0.35775760
				-0.86512260 4.79654300 0.52547730 / 0.00000000 -1.00000000 0.00000000 / 255 0 255 255 / -0.25001530 0.35775760
				-0.86512260 4.79654300 0.52547730 / 0.00000000 -1.00000000 0.00000000 / 255 0 255 255 / -0.25001530 0.35775760
				-0.86512260 4.79654300 0.52547730 / 0.00000000 -1.00000000 0.00000000 / 255 0 255 255 / -0.25001530 0.35775760
				-0.82762450 4.79654300 1.57174000 / 0.00000000 -1.00000000 0.00000000 / 255 0 255 255 / -1.49768100 0.03257750
				-0.82762450 4.79654300 1.57174000 / 0.00000000 -1.00000000 0.00000000 / 255 0 255 255 / -1.49768100 0.03257750
				-0.86595620 4.79654300 1.69789500 / 0.00000000 -1.00000000 0.00000000 / 255 0 255 255 / -1.64856000 0.36532590
				-0.86824780 4.80337900 0.52547730 / -1.00000000 0.00000000 0.00000000 / 255 0 255 255 / 1.15477000 0.48205570
				-0.86824780 4.80337900 0.52547730 / -1.00000000 0.00000000 0.00000000 / 255 0 255 255 / 1.15477000 0.48205570
				-0.86824780 4.80337900 0.52547730 / -1.00000000 0.00000000 0.00000000 / 255 0 255 255 / 1.15477000 0.48205570
				-0.86824780 4.80337900 -1.66509300 / -1.00000000 0.00000000 0.00000000 / 255 0 255 255 / 1.15477000 1.02322400
				-0.86824780 4.83951100 -1.66509300 / -1.00000000 0.00000000 0.00000000 / 255 0 255 255 / 1.16528300 1.02322400
				-0.86824780 4.83951100 -1.66509300 / -1.00000000 0.00000000 0.00000000 / 255 0 255 255 / 1.16528300 1.02322400
				-0.86824780 4.83951100 0.52547730 / -1.00000000 0.00000000 0.00000000 / 255 0 255 255 / 1.16528300 0.48205570
				-0.86824780 4.83951100 0.52547730 / -1.00000000 0.00000000 0.00000000 / 255 0 255 255 / 1.16528300 0.48205570
				-0.86824780 4.83951100 0.52547730 / -1.00000000 0.00000000 0.00000000 / 255 0 255 255 / 1.16528300 0.48205570
				-0.86824780 4.80337900 1.70543700 / -1.00000000 0.00000000 0.00000000 / 255 0 255 255 / 1.15477000 0.19058230
				-0.86824780 4.80337900 1.70543700 / -1.00000000 0.00000000 0.00000000 / 255 0 255 255 / 1.15477000 0.19058230
				-0.67678800 -0.11873890 0.68068670 / 0.99999980 0.00000000 0.00000000 / 255 0 255 255 / -0.90327450 0.99926760
				-0.67678800 -0.11873890 0.68068670 / 0.99999980 0.00000000 0.00000000 / 255 0 255 255 / -0.90327450 0.99926760
				-0.86824780 4.83951100 1.70543700 / -1.00000000 0.00000000 0.00000000 / 255 0 255 255 / 1.16528300 0.19058230
				0.62301670 -0.00479600 -1.61071000 / 0.00000000 0.00000000 0.99999980 / 255 0 255 255 / -0.26490780 0.68803400
				0.62301670 -0.00479600 -1.61071000 / 0.00000000 0.00000000 0.99999980 / 255 0 255 255 / -0.26490780 0.68803400
				0.62301670 0.11873890 -1.61071000 / 0.00000000 0.00000000 1.00000000 / 255 0 255 255 / -0.26490780 0.99926760
				0.08102450 0.11873890 -1.61071000 / 0.00000000 0.00000000 0.99999980 / 255 0 255 255 / 0.37313840 0.99926760
				0.08102450 0.11873890 -1.61071000 / 0.00000000 0.00000000 0.99999980 / 255 0 255 255 / 0.37313840 0.99926760
				0.08102450 0.11873890 -1.61071000 / 0.00000000 0.00000000 0.99999980 / 255 0 255 255 / 0.37313840 0.99926760
				0.08102450 -0.00479600 -1.61071000 / 0.00000000 0.00000000 1.00000000 / 255 0 255 255 / 0.37313840 0.68803400
				0.08102450 -0.00479600 -1.61071000 / 0.00000000 0.00000000 1.00000000 / 255 0 255 255 / 0.37313840 0.68803400
				0.08102450 -0.00479600 -1.61071000 / 0.00000000 0.00000000 1.00000000 / 255 0 255 255 / 0.37313840 0.68803400
				-0.67678800 0.11873890 -1.61071000 / 0.00000000 0.00000000 1.00000000 / 255 0 255 255 / 1.26490800 0.99926760
				-0.67678800 0.11873890 -1.61071000 / 0.00000000 0.00000000 1.00000000 / 255 0 255 255 / 1.26490800 0.99926760
				-0.67678800 -0.00479600 -1.61071000 / 0.00000000 0.00000000 1.00000000 / 255 0 255 255 / 1.26490800 0.68803400
				0.62838780 0.12606290 -1.61559300 / 0.00000000 1.00000000 0.00000000 / 255 0 255 255 / 2.34097300 0.98611450
				0.62838780 0.12606290 -1.61559300 / 0.00000000 1.00000000 0.00000000 / 255 0 255 255 / 2.34097300 0.98611450
				0.71823160 0.12606290 -1.70543700 / 0.00000000 0.99999980 0.00000000 / 255 0 255 255 / 2.49490400 0.75698850
				0.08102450 0.12606290 -1.70543700 / 0.00000000 0.99999980 0.00000000 / 255 0 255 255 / 1.40618900 0.75698850
				0.08102450 0.12606290 -1.70543700 / 0.00000000 0.99999980 0.00000000 / 255 0 255 255 / 1.40618900 0.75698850
				0.08102450 0.12606290 -1.70543700 / 0.00000000 0.99999980 0.00000000 / 255 0 255 255 / 1.40618900 0.75698850
				0.08102450 0.12606290 -1.70543700 / 0.00000000 0.99999980 0.00000000 / 255 0 255 255 / 1.40618900 0.75698850
				-0.67678800 0.00479600 0.68068670 / 1.00000000 0.00000000 0.00000000 / 255 0 255 255 / -0.90327450 0.68803400
				0.08102450 0.12606290 -1.61559300 / 0.00000000 1.00000000 0.00000000 / 255 0 255 255 / 1.40618900 0.98611450
				0.08102450 0.12606290 -1.61559300 / 0.00000000 1.00000000 0.00000000 / 255 0 255 255 / 1.40618900 0.98611450
				-0.68167080 0.12606290 -1.61559300 / 0.00000000 0.99999980 0.00000000 / 255 0 255 255 / 0.10307310 0.98611450
				-0.68167080 0.12606290 -1.61559300 / 0.00000000 0.99999980 0.00000000 / 255 0 255 255 / 0.10307310 0.98611450
				-0.77200280 0.12606290 -1.70543700 / 0.00000000 1.00000000 0.00000000 / 255 0 255 255 / -0.05085750 0.75698850
				0.08102450 0.12606290 -1.61559300 / 0.00000000 0.55471270 0.83204200 / 255 0 255 255 / 1.40618900 0.98611450
				0.08102450 0.12606290 -1.61559300 / 0.00000000 0.55471270 0.83204200 / 255 0 255 255 / 1.40618900 0.98611450
				0.08102450 0.12606290 -1.61559300 / 0.00000000 0.55471270 0.83204200 / 255 0 255 255 / 1.40618900 0.98611450
				0.08102450 0.12606290 -1.61559300 / 0.00000000 0.55471270 0.83204200 / 255 0 255 255 / 1.40618900 0.98611450
				-0.68167080 0.12606290 -1.61559300 / 0.00000000 0.55471270 0.83204200 / 255 0 255 255 / 0.10307310 0.98611450
				-0.67678800 0.11873890 -1.61071000 / 0.00000000 0.55471270 0.83204190 / 255 0 255 255 / 0.09089660 0.91693110
				-0.67678800 0.11873890 -1.61071000 / 0.00000000 0.55471270 0.83204190 / 255 0 255 255 / 0.09089660 0.91693110
				0.08102450 0.11873890 -1.61071000 / 0.00000000 0.55471280 0.83204200 / 255 0 255 255 / 1.39135700 0.96264650
				0.08102450 0.11873890 -1.61071000 / 0.00000000 0.55471280 0.83204200 / 255 0 255 255 / 1.39135700 0.96264650
				0.62301670 0.11873890 -1.61071000 / 0.00000000 0.55471270 0.83204200 / 255 0 255 255 / 2.32182300 0.99536140
				0.62301670 0.11873890 -1.61071000 / 0.00000000 0.55471270 0.83204200 / 255 0 255 255 / 2.32182300 0.99536140
				0.62838780 0.12606290 -1.61559300 / 0.00000000 0.55471270 0.83204200 / 255 0 255 255 / 2.34097300 0.98611450
				0.62301670 0.00479600 -1.61071000 / 0.00000000 0.00000000 0.99999980 / 255 0 255 255 / -0.26490780 0.68803400
				0.62301670 0.00479600 -1.61071000 / 0.00000000 0.00000000 0.99999980 / 255 0 255 255 / -0.26490780 0.68803400
				0.08102450 -0.12606290 0.68556960 / 0.00000000 -0.55471270 -0.83204200 / 255 0 255 255 / 1.40618900 0.98611450
				0.08102450 -0.12606290 0.68556960 / 0.00000000 -0.55471270 -0.83204200 / 255 0 255 255 / 1.40618900 0.98611450
				0.08102450 -0.12606290 0.68556960 / 0.00000000 -0.55471270 -0.83204200 / 255 0 255 255 / 1.40618900 0.98611450
				0.08102450 -0.12606290 0.68556960 / 0.00000000 -0.55471270 -0.83204200 / 255 0 255 255 / 1.40618900 0.98611450
				0.08102450 -0.11873890 -1.61071000 / 0.00000000 0.00000000 0.99999980 / 255 0 255 255 / 0.37313840 0.99926760
				0.08102450 -0.11873890 -1.61071000 / 0.00000000 0.00000000 0.99999980 / 255 0 255 255 / 0.37313840 0.99926760
				0.08102450 -0.11873890 -1.61071000 / 0.00000000 0.00000000 0.99999980 / 255 0 255 255 / 0.37313840 0.99926760
				0.62301670 -0.11873890 -1.61071000 / 0.00000000 0.00000000 1.00000000 / 255 0 255 255 / -0.26490780 0.99926760
				0.08102450 0.00479600 -1.61071000 / 0.00000000 0.00000000 1.00000000 / 255 0 255 255 / 0.37313840 0.68803400
				0.08102450 0.00479600 -1.61071000 / 0.00000000 0.00000000 1.00000000 / 255 0 255 255 / 0.37313840 0.68803400
				0.08102450 0.00479600 -1.61071000 / 0.00000000 0.00000000 1.00000000 / 255 0 255 255 / 0.37313840 0.68803400
				-0.67678800 -0.11873890 -1.61071000 / 0.00000000 0.00000000 1.00000000 / 255 0 255 255 / 1.26490800 0.99926760
				-0.67678800 -0.11873890 -1.61071000 / 0.00000000 0.00000000 1.00000000 / 255 0 255 255 / 1.26490800 0.99926760
				-0.67678800 0.00479600 -1.61071000 / 0.00000000 0.00000000 1.00000000 / 255 0 255 255 / 1.26490800 0.68803400
				0.62838780 -0.12606290 -1.61559300 / 0.00000000 -1.00000000 0.00000000 / 255 0 255 255 / 2.34097300 0.98611450
				0.62838780 -0.12606290 -1.61559300 / 0.00000000 -1.00000000 0.00000000 / 255 0 255 255 / 2.34097300 0.98611450
				0.08102450 -0.12606290 -1.70543700 / 0.00000000 -0.99999980 0.00000000 / 255 0 255 255 / 1.40618900 0.75698850
				0.08102450 -0.12606290 -1.70543700 / 0.00000000 -0.99999980 0.00000000 / 255 0 255 255 / 1.40618900 0.75698850
				0.08102450 -0.12606290 -1.70543700 / 0.00000000 -0.99999980 0.00000000 / 255 0 255 255 / 1.40618900 0.75698850
				0.08102450 -0.12606290 -1.70543700 / 0.00000000 -0.99999980 0.00000000 / 255 0 255 255 / 1.40618900 0.75698850
				0.71823160 -0.12606290 -1.70543700 / 0.00000000 -0.99999980 0.00000000 / 255 0 255 255 / 2.49490400 0.75698850
				0.08102450 -0.12606290 -1.61559300 / 0.00000000 -1.00000000 0.00000000 / 255 0 255 255 / 1.40618900 0.98611450
				0.08102450 -0.12606290 -1.61559300 / 0.00000000 -1.00000000 0.00000000 / 255 0 255 255 / 1.40618900 0.98611450
				-0.68167080 -0.12606290 -1.61559300 / 0.00000000 -0.99999980 0.00000000 / 255 0 255 255 / 0.10307310 0.98611450
				-0.68167080 -0.12606290 -1.61559300 / 0.00000000 -0.99999980 0.00000000 / 255 0 255 255 / 0.10307310 0.98611450
				-0.68167080 -0.12606290 0.68556960 / 0.00000000 -0.55471270 -0.83204200 / 255 0 255 255 / 0.10307310 0.98611450
				-0.77200280 -0.12606290 -1.70543700 / 0.00000000 -1.00000000 0.00000000 / 255 0 255 255 / -0.05085750 0.75698850
				0.08102450 -0.12606290 -1.61559300 / 0.00000000 -0.55471270 0.83204200 / 255 0 255 255 / 1.40618900 0.98611450
				0.08102450 -0.12606290 -1.61559300 / 0.00000000 -0.55471270 0.83204200 / 255 0 255 255 / 1.40618900 0.98611450
				0.08102450 -0.12606290 -1.61559300 / 0.00000000 -0.55471270 0.83204200 / 255 0 255 255 / 1.40618900 0.98611450
				0.08102450 -0.12606290 -1.61559300 / 0.00000000 -0.55471270 0.83204200 / 255 0 255 255 / 1.40618900 0.98611450
				-0.67678800 -0.11873890 -1.61071000 / 0.00000000 -0.55471270 0.83204190 / 255 0 255 255 / 0.09089660 0.91693110
				-0.67678800 -0.11873890 -1.61071000 / 0.00000000 -0.55471270 0.83204190 / 255 0 255 255 / 0.09089660 0.91693110
				-0.68167080 -0.12606290 -1.61559300 / 0.00000000 -0.55471270 0.83204200 / 255 0 255 255 / 0.10307310 0.98611450
				0.08102450 -0.11873890 -1.61071000 / 0.00000000 -0.55471280 0.83204200 / 255 0 255 255 / 1.39135700 0.96264650
				0.08102450 -0.11873890 -1.61071000 / 0.00000000 -0.55471280 0.83204200 / 255 0 255 255 / 1.39135700 0.96264650
				0.62301670 -0.11873890 -1.61071000 / 0.00000000 -0.55471270 0.83204200 / 255 0 255 255 / 2.32182300 0.99536140
				0.62301670 -0.11873890 -1.61071000 / 0.00000000 -0.55471270 0.83204200 / 255 0 255 255 / 2.32182300 0.99536140
				0.62838780 -0.12606290 -1.61559300 / 0.00000000 -0.55471270 0.83204200 / 255 0 255 255 / 2.34097300 0.98611450
				-0.67678800 -0.11873890 0.68068670 / 0.00000000 -0.55471270 -0.83204190 / 255 0 255 255 / 0.09089660 0.91693110
				-0.67678800 -0.11873890 0.68068670 / 0.00000000 -0.55471270 -0.83204190 / 255 0 255 255 / 0.09089660 0.91693110
				0.08102450 -0.11873890 0.68068670 / 0.00000000 -0.55471280 -0.83204200 / 255 0 255 255 / 1.39135700 0.96264650
				0.08102450 -0.11873890 0.68068670 / 0.00000000 -0.55471280 -0.83204200 / 255 0 255 255 / 1.39135700 0.96264650
				0.62301670 -0.11873890 0.68068670 / 0.00000000 -0.55471270 -0.83204200 / 255 0 255 255 / 2.32182300 0.99536140
				0.62301670 -0.11873890 0.68068670 / 0.00000000 -0.55471270 -0.83204200 / 255 0 255 255 / 2.32182300 0.99536140
				0.62838780 -0.12606290 0.68556960 / 0.00000000 -0.55471270 -0.83204200 / 255 0 255 255 / 2.34097300 0.98611450
				0.08102450 -0.11873890 0.78078430 / 0.00000000 -0.59136760 0.80640210 / 255 0 255 255 / -0.37063600 1.15477000
				0.08102450 -0.11873890 0.78078430 / 0.00000000 -0.59136760 0.80640210 / 255 0 255 255 / -0.37063600 1.15477000
				0.08102450 -0.11873890 0.78078430 / 0.00000000 -0.59136760 0.80640210 / 255 0 255 255 / -0.37063600 1.15477000
				0.08102450 -0.11873890 0.78078430 / 0.00000000 -0.59136760 0.80640210 / 255 0 255 255 / -0.37063600 1.15477000
				-0.77688570 -0.11873890 0.78078430 / 0.00000000 -0.59136770 0.80640210 / 255 0 255 255 / -0.11126710 1.15477000
				-0.77200280 -0.12606290 0.77541330 / 0.00000000 -0.59136760 0.80640210 / 255 0 255 255 / -0.11277770 1.15171800
				-0.77200280 -0.12606290 0.77541330 / 0.00000000 -0.59136760 0.80640210 / 255 0 255 255 / -0.11277770 1.15171800
				0.08102450 -0.12606290 0.77541330 / 0.00000000 -0.59136760 0.80640210 / 255 0 255 255 / -0.37063600 1.15171800
				0.08102450 -0.12606290 0.77541330 / 0.00000000 -0.59136760 0.80640210 / 255 0 255 255 / -0.37063600 1.15171800
				0.71823160 -0.12606290 0.77541330 / 0.00000000 -0.59136770 0.80640210 / 255 0 255 255 / -0.56329340 1.15171800
				0.71823160 -0.12606290 0.77541330 / 0.00000000 -0.59136770 0.80640210 / 255 0 255 255 / -0.56329340 1.15171800
				0.72311430 -0.11873890 0.78078430 / 0.00000000 -0.59136770 0.80640200 / 255 0 255 255 / -0.56480410 1.15477000
				-3.34573300 -4.77938400 0.68556960 / 0.00000000 1.00000000 0.00000000 / 255 0 255 255 / 0.81059270 0.98611450
				-3.34573300 -4.77938400 0.68556960 / 0.00000000 1.00000000 0.00000000 / 255 0 255 255 / 0.81059270 0.98611450
				-3.43557700 -4.77938400 0.77541330 / 0.00000000 1.00000000 0.00000000 / 255 0 255 255 / 0.95899960 0.61714170
				-2.65823400 -4.77938400 0.77541330 / 0.00000000 1.00000000 0.00000000 / 255 0 255 255 / -0.32136540 0.61714170
				-2.65823400 -4.77938400 0.77541330 / 0.00000000 1.00000000 0.00000000 / 255 0 255 255 / -0.32136540 0.61714170
				-2.65823400 -4.77938400 0.77541330 / 0.00000000 1.00000000 0.00000000 / 255 0 255 255 / -0.32136540 0.61714170
				-2.65823400 -4.77938400 0.77541330 / 0.00000000 1.00000000 0.00000000 / 255 0 255 255 / -0.32136540 0.61714170
				-2.65823400 -4.77938400 0.68556960 / 0.00000000 1.00000000 0.00000000 / 255 0 255 255 / -0.32136540 0.98611450
				-2.65823400 -4.77938400 0.68556960 / 0.00000000 1.00000000 0.00000000 / 255 0 255 255 / -0.32136540 0.98611450
				-2.03567500 -4.77938400 0.68556960 / 0.00000000 1.00000000 0.00000000 / 255 0 255 255 / -1.34681700 0.98611450
				-2.03567500 -4.77938400 0.68556960 / 0.00000000 1.00000000 0.00000000 / 255 0 255 255 / -1.34681700 0.98611450
				-1.94583100 -4.77938400 0.77541330 / 0.00000000 1.00000000 0.00000000 / 255 0 255 255 / -1.49520900 0.61714170
				-2.04055700 -4.78621900 -1.61960700 / -1.00000000 0.00000000 0.00000000 / 255 0 255 255 / -0.94998170 0.29449460
				-2.04055700 -4.78621900 -1.61960700 / -1.00000000 0.00000000 0.00000000 / 255 0 255 255 / -0.94998170 0.29449460
				-2.04055700 -4.99081000 -1.61960700 / -1.00000000 0.00000000 0.00000000 / 255 0 255 255 / -0.94998170 0.96000670
				-2.04055700 -4.99081000 -0.05954770 / -1.00000000 0.00000000 0.00000000 / 255 0 255 255 / 1.01806600 0.96000670
				-2.04055700 -4.99081000 -0.05954770 / -1.00000000 0.00000000 0.00000000 / 255 0 255 255 / 1.01806600 0.96000670
				-2.04055700 -4.99081000 -0.05954770 / -1.00000000 0.00000000 0.00000000 / 255 0 255 255 / 1.01806600 0.96000670
				-2.04055700 -4.99081000 -0.05954770 / -1.00000000 0.00000000 0.00000000 / 255 0 255 255 / 1.01806600 0.96000670
				-2.04055700 -4.78621900 -0.05954770 / -1.00000000 0.00000000 0.00000000 / 255 0 255 255 / 1.01806600 0.29449460
				-2.04055700 -4.78621900 -0.05954770 / -1.00000000 0.00000000 0.00000000 / 255 0 255 255 / 1.01806600 0.29449460
				-2.04055700 -4.78621900 0.68068670 / -0.99999980 0.00000000 0.00000000 / 255 0 255 255 / 1.95185900 0.29449460
				-2.04055700 -4.78621900 0.68068670 / -0.99999980 0.00000000 0.00000000 / 255 0 255 255 / 1.95185900 0.29449460
				-2.04055700 -4.99081000 0.68068670 / -1.00000000 0.00000000 0.00000000 / 255 0 255 255 / 1.95185900 0.96000670
				-2.65823400 -4.77938400 0.68556960 / 0.00000000 0.58123830 -0.81373350 / 255 0 255 255 / -0.32136540 0.98611450
				-2.65823400 -4.77938400 0.68556960 / 0.00000000 0.58123830 -0.81373350 / 255 0 255 255 / -0.32136540 0.98611450
				-2.65823400 -4.77938400 0.68556960 / 0.00000000 0.58123830 -0.81373350 / 255 0 255 255 / -0.32136540 0.98611450
				-2.65823400 -4.77938400 0.68556960 / 0.00000000 0.58123830 -0.81373350 / 255 0 255 255 / -0.32136540 0.98611450
				-2.03567500 -4.77938400 0.68556960 / 0.00000000 0.58123810 -0.81373350 / 255 0 255 255 / -1.34681700 0.98611450
				-2.04055700 -4.78621900 0.68068670 / 0.00000000 0.58123820 -0.81373350 / 255 0 255 255 / -1.35565200 0.99897760
				-2.04055700 -4.78621900 0.68068670 / 0.00000000 0.58123820 -0.81373350 / 255 0 255 255 / -1.35565200 0.99897760
				-2.65823400 -4.78621900 0.68068670 / 0.00000000 0.58123820 -0.81373350 / 255 0 255 255 / -0.32160950 1.00027500
				-2.65823400 -4.78621900 0.68068670 / 0.00000000 0.58123820 -0.81373350 / 255 0 255 255 / -0.32160950 1.00027500
				-3.34085000 -4.78621900 0.68068670 / 0.00000000 0.58123820 -0.81373350 / 255 0 255 255 / 0.79364010 1.00100700
				-3.34085000 -4.78621900 0.68068670 / 0.00000000 0.58123820 -0.81373350 / 255 0 255 255 / 0.79364010 1.00100700
				-3.34573300 -4.77938400 0.68556960 / 0.00000000 0.58123820 -0.81373350 / 255 0 255 255 / 0.81059270 0.98611450
				-2.65823400 -4.78621900 0.78078430 / 0.00000000 0.61781310 0.78632490 / 255 0 255 255 / -0.21887210 0.64846800
				-2.65823400 -4.78621900 0.78078430 / 0.00000000 0.61781310 0.78632490 / 255 0 255 255 / -0.21887210 0.64846800
				-2.65823400 -4.78621900 0.78078430 / 0.00000000 0.61781310 0.78632490 / 255 0 255 255 / -0.21887210 0.64846800
				-2.65823400 -4.78621900 0.78078430 / 0.00000000 0.61781310 0.78632490 / 255 0 255 255 / -0.21887210 0.64846800
				-1.94094800 -4.78621900 0.78078430 / 0.00000000 0.61781310 0.78632490 / 255 0 255 255 / 0.95156860 0.64846800
				-1.94583100 -4.77938400 0.77541330 / 0.00000000 0.61781310 0.78632490 / 255 0 255 255 / 0.94349670 0.62030030
				-1.94583100 -4.77938400 0.77541330 / 0.00000000 0.61781310 0.78632490 / 255 0 255 255 / 0.94349670 0.62030030
				-2.65823400 -4.77938400 0.77541330 / 0.00000000 0.61781310 0.78632490 / 255 0 255 255 / -0.21887210 0.62030030
				-2.65823400 -4.77938400 0.77541330 / 0.00000000 0.61781310 0.78632490 / 255 0 255 255 / -0.21887210 0.62030030
				-3.43557700 -4.77938400 0.77541330 / 0.00000000 0.61781310 0.78632490 / 255 0 255 255 / -1.48671000 0.62030030
				-3.43557700 -4.77938400 0.77541330 / 0.00000000 0.61781310 0.78632490 / 255 0 255 255 / -1.48671000 0.62030030
				-3.44094800 -4.78621900 0.78078430 / 0.00000000 0.61781310 0.78632490 / 255 0 255 255 / -1.49478100 0.64846800
				-1.94094800 -4.82235200 0.78078430 / 1.00000000 0.00000000 0.00000000 / 255 0 255 255 / -0.16528320 0.19058230
				-1.94094800 -4.82235200 0.78078430 / 1.00000000 0.00000000 0.00000000 / 255 0 255 255 / -0.16528320 0.19058230
				-1.94094800 -4.82235200 0.78078430 / 1.00000000 0.00000000 0.00000000 / 255 0 255 255 / -0.16528320 0.19058230
				-1.94094800 -4.78621900 -0.05954770 / 1.00000000 0.00000000 0.00000000 / 255 0 255 255 / -0.15476990 0.48205570
				-1.94094800 -4.78621900 -0.05954770 / 1.00000000 0.00000000 0.00000000 / 255 0 255 255 / -0.15476990 0.48205570
				-1.94094800 -4.78621900 -0.05954770 / 1.00000000 0.00000000 0.00000000 / 255 0 255 255 / -0.15476990 0.48205570
				-1.94094800 -4.78621900 0.78078430 / 1.00000000 0.00000000 0.00000000 / 255 0 255 255 / -0.15476990 0.19058230
				-1.94094800 -4.80721600 -0.05954770 / 1.00000000 0.00000000 0.00000000 / 255 0 255 255 / -0.16088870 0.48205570
				-1.94094800 -4.80721600 -0.05954770 / 1.00000000 0.00000000 0.00000000 / 255 0 255 255 / -0.16088870 0.48205570
				-1.94094800 -4.80721600 -0.05954770 / 1.00000000 0.00000000 0.00000000 / 255 0 255 255 / -0.16088870 0.48205570
				-1.94094800 -4.80721600 -0.05954770 / 1.00000000 0.00000000 0.00000000 / 255 0 255 255 / -0.16088870 0.48205570
				-1.94094800 -4.78621900 -1.61960700 / 0.99999980 0.00000000 0.00000000 / 255 0 255 255 / -0.15476990 1.02322400
				-1.94094800 -4.78621900 -1.61960700 / 0.99999980 0.00000000 0.00000000 / 255 0 255 255 / -0.15476990 1.02322400
				-1.94094800 -4.78621900 -1.61960700 / 0.99999980 0.00000000 0.00000000 / 255 0 255 255 / -0.15476990 1.02322400
				-1.94094800 -4.82235200 -0.05954770 / 1.00000000 0.00000000 0.00000000 / 255 0 255 255 / -0.16528320 0.48205570
				-1.94094800 -4.82235200 -0.05954770 / 1.00000000 0.00000000 0.00000000 / 255 0 255 255 / -0.16528320 0.48205570
				-1.94094800 -4.82235200 -0.05954770 / 1.00000000 0.00000000 0.00000000 / 255 0 255 255 / -0.16528320 0.48205570
				-1.94094800 -4.82235200 -1.61960700 / 1.00000000 0.00000000 0.00000000 / 255 0 255 255 / -0.16528320 1.02322400
				-0.76956140 -0.12606290 -1.61960700 / 0.00000000 0.00000000 1.00000000 / 255 0 255 255 / -0.31971740 -0.84928900
				-0.77688570 -0.11873890 -1.61960700 / 0.00000000 0.00000000 0.99999980 / 255 0 255 255 / -0.32504270 -0.85279850
				-0.77835050 -0.13289880 -1.61960700 / 0.00000000 0.00000000 1.00000000 / 255 0 255 255 / -0.32456970 -0.84422300
				-2.04055700 -4.78621900 -1.61960700 / 0.00000000 0.00000000 1.00000000 / 255 0 255 255 / -0.61009210 2.12350500
				-2.03372100 -4.77938400 -1.61960700 / 0.00000000 0.00000000 1.00000000 / 255 0 255 255 / -0.60635380 2.11850000
				-2.04788200 -4.77938400 -1.61960700 / 0.00000000 0.00000000 1.00000000 / 255 0 255 255 / -0.61540220 2.11999500
				-1.94094800 -4.78621900 -1.61960700 / 0.70709430 0.70711910 0.00000000 / 255 0 255 255 / -0.15476990 1.02322400
				-1.94094800 -4.78621900 -1.61960700 / 0.70709430 0.70711910 0.00000000 / 255 0 255 255 / -0.15476990 1.02322400
				-1.94778500 -4.77938400 -1.61960700 / 0.70709430 0.70711900 0.00000000 / 255 0 255 255 / -0.15097050 1.02323900
				-1.94778500 -4.77938400 -0.05954770 / 0.70709430 0.70711910 0.00000000 / 255 0 255 255 / -0.15078740 0.48207090
				-1.94778500 -4.77938400 -0.05954770 / 0.70709430 0.70711910 0.00000000 / 255 0 255 255 / -0.15078740 0.48207090
				-1.94094800 -4.78621900 -0.05954770 / 0.70709430 0.70711900 0.00000000 / 255 0 255 255 / -0.15476990 0.48205570
				-1.94778500 -4.77938400 -0.05954770 / 0.70709350 0.70711820 -0.00165400 / 255 0 255 255 / -0.15078740 0.48202510
				-1.94583100 -4.77938400 0.77541330 / 0.81320260 0.58198060 -0.00000900 / 255 0 255 255 / -0.15147400 0.19229130
				-1.94583100 -4.77938400 0.77541330 / 0.81320260 0.58198060 -0.00000900 / 255 0 255 255 / -0.15147400 0.19229130
				-1.94094800 -4.78621900 0.78078430 / 0.81372000 0.58125700 0.00000000 / 255 0 255 255 / -0.15476990 0.19058230
				0.62301670 0.00479600 0.68068670 / 0.00000000 0.00000000 -0.99999980 / 255 0 255 255 / -0.26490780 0.68803400
				0.62301670 0.00479600 0.68068670 / 0.00000000 0.00000000 -0.99999980 / 255 0 255 255 / -0.26490780 0.68803400
				0.62301670 -0.11873890 0.68068670 / 0.00000000 0.00000000 -1.00000000 / 255 0 255 255 / -0.26490780 0.99926760
				0.08102450 -0.11873890 0.68068670 / 0.00000000 0.00000000 -0.99999980 / 255 0 255 255 / 0.37313840 0.99926760
				0.08102450 -0.11873890 0.68068670 / 0.00000000 0.00000000 -0.99999980 / 255 0 255 255 / 0.37313840 0.99926760
				0.08102450 -0.11873890 0.68068670 / 0.00000000 0.00000000 -0.99999980 / 255 0 255 255 / 0.37313840 0.99926760
				-1.94094800 -4.78621900 -0.05954770 / 0.70783750 0.70637320 -0.00164360 / 255 0 255 255 / -0.15476990 0.48205570
				-1.94094800 -4.78621900 -0.05954770 / 0.70783750 0.70637320 -0.00164360 / 255 0 255 255 / -0.15476990 0.48205570
				0.08102450 0.00479600 0.68068670 / 0.00000000 0.00000000 -1.00000000 / 255 0 255 255 / 0.37313840 0.68803400
				0.08102450 0.00479600 0.68068670 / 0.00000000 0.00000000 -1.00000000 / 255 0 255 255 / 0.37313840 0.68803400
				0.08102450 0.00479600 0.68068670 / 0.00000000 0.00000000 -1.00000000 / 255 0 255 255 / 0.37313840 0.68803400
				-0.67678800 -0.11873890 0.68068670 / 0.00000000 0.00000000 -1.00000000 / 255 0 255 255 / 1.26490800 0.99926760
				-0.67678800 -0.11873890 0.68068670 / 0.00000000 0.00000000 -1.00000000 / 255 0 255 255 / 1.26490800 0.99926760
				-0.67678800 0.00479600 0.68068670 / 0.00000000 0.00000000 -1.00000000 / 255 0 255 255 / 1.26490800 0.68803400
				0.72311430 -0.11873890 0.78078430 / 0.00000000 0.00000000 1.00000000 / 255 0 255 255 / -0.56480410 1.15477000
				0.72311430 -0.11873890 0.78078430 / 0.00000000 0.00000000 1.00000000 / 255 0 255 255 / -0.56480410 1.15477000
				0.72311430 -0.08260580 0.78078430 / 0.00000000 0.00000000 1.00000000 / 255 0 255 255 / -0.56480410 1.16528300
				0.08102450 -0.08260580 0.78078430 / 0.00000000 0.00000000 1.00000000 / 255 0 255 255 / -0.37063600 1.16528300
				0.08102450 -0.08260580 0.78078430 / 0.00000000 0.00000000 1.00000000 / 255 0 255 255 / -0.37063600 1.16528300
				0.08102450 -0.08260580 0.78078430 / 0.00000000 0.00000000 1.00000000 / 255 0 255 255 / -0.37063600 1.16528300
				0.08102450 -0.11873890 0.78078430 / 0.00000000 0.00000000 1.00000000 / 255 0 255 255 / -0.37063600 1.15477000
				0.08102450 -0.11873890 0.78078430 / 0.00000000 0.00000000 1.00000000 / 255 0 255 255 / -0.37063600 1.15477000
				0.08102450 -0.11873890 0.78078430 / 0.00000000 0.00000000 1.00000000 / 255 0 255 255 / -0.37063600 1.15477000
				-0.77688570 -0.08260580 0.78078430 / 0.00000000 0.00000000 0.99999980 / 255 0 255 255 / -0.11126710 1.16528300
				-0.77688570 -0.08260580 0.78078430 / 0.00000000 0.00000000 0.99999980 / 255 0 255 255 / -0.11126710 1.16528300
				-0.77688570 -0.11873890 0.78078430 / 0.00000000 0.00000000 1.00000000 / 255 0 255 255 / -0.11126710 1.15477000
				0.62301670 -0.11873890 -1.61960700 / -0.70709530 -0.70711830 0.00000000 / 255 0 255 255 / -1.57019000 -0.00572210
				0.62301670 -0.11873890 -1.61960700 / -0.70709530 -0.70711830 0.00000000 / 255 0 255 255 / -1.57019000 -0.00572210
				0.63034090 -0.12606290 -1.61960700 / -0.70709530 -0.70711840 0.00000000 / 255 0 255 255 / -1.57019000 0.01228330
				0.63034090 -0.12606290 -0.05954770 / -0.70709500 -0.70711810 -0.00092620 / 255 0 255 255 / 1.04193100 0.01228330
				0.63034090 -0.12606290 -0.05954770 / -0.70709500 -0.70711810 -0.00092620 / 255 0 255 255 / 1.04193100 0.01228330
				0.63034090 -0.12606290 -0.05954770 / -0.70709500 -0.70711810 -0.00092620 / 255 0 255 255 / 1.04193100 0.01228330
				0.62301670 -0.11873890 -0.05954770 / -0.70751210 -0.70670070 -0.00091960 / 255 0 255 255 / 1.04193100 -0.00572210
				0.62301670 -0.11873890 -0.05954770 / -0.70751210 -0.70670070 -0.00091960 / 255 0 255 255 / 1.04193100 -0.00572210
				0.62301670 -0.11873890 -0.05954770 / -0.70751210 -0.70670070 -0.00091960 / 255 0 255 255 / 1.04193100 -0.00572210
				0.62838780 -0.12606290 0.68556960 / -0.80523540 -0.59295510 -0.00002390 / 255 0 255 255 / 2.28959700 0.00823970
				0.62838780 -0.12606290 0.68556960 / -0.80523540 -0.59295510 -0.00002390 / 255 0 255 255 / 2.28959700 0.00823970
				0.62301670 -0.11873890 0.68068670 / -0.80639580 -0.59137620 0.00000000 / 255 0 255 255 / 2.28131100 -0.00572210
				-0.77200280 -0.12606290 0.77541330 / -0.83140490 -0.55566710 -0.00001210 / 255 0 255 255 / -0.15148930 0.19230650
				-0.77200280 -0.12606290 0.77541330 / -0.83140490 -0.55566710 -0.00001210 / 255 0 255 255 / -0.15148930 0.19230650
				-0.77688570 -0.11873890 0.78078430 / -0.83204200 -0.55471270 0.00000000 / 255 0 255 255 / -0.15476990 0.19058230
				-0.77688570 -0.11873890 -0.05954770 / -0.70755420 -0.70665820 -0.00102700 / 255 0 255 255 / -0.15476990 0.48205570
				-0.77688570 -0.11873890 -0.05954770 / -0.70755420 -0.70665820 -0.00102700 / 255 0 255 255 / -0.15476990 0.48205570
				-0.77688570 -0.11873890 -0.05954770 / -0.70755420 -0.70665820 -0.00102700 / 255 0 255 255 / -0.15476990 0.48205570
				-0.76956140 -0.12606290 -0.05954770 / -0.70708920 -0.70712370 -0.00103310 / 255 0 255 255 / -0.15097050 0.48205570
				-0.76956140 -0.12606290 -0.05954770 / -0.70708920 -0.70712370 -0.00103310 / 255 0 255 255 / -0.15097050 0.48205570
				-0.76956140 -0.12606290 -0.05954770 / -0.70708920 -0.70712370 -0.00103310 / 255 0 255 255 / -0.15097050 0.48205570
				-0.77688570 -0.11873890 -1.61960700 / -0.70708950 -0.70712410 0.00000000 / 255 0 255 255 / -0.15476990 1.02322400
				-0.77688570 -0.11873890 -1.61960700 / -0.70708950 -0.70712410 0.00000000 / 255 0 255 255 / -0.15476990 1.02322400
				-0.76956140 -0.12606290 -1.61960700 / -0.70708950 -0.70712410 0.00000000 / 255 0 255 255 / -0.15097050 1.02322400
				-0.67678800 -0.11873890 0.68068670 / 0.83078550 -0.55658850 -0.00216510 / 255 0 255 255 / -0.90327450 0.99926760
				-0.67678800 -0.11873890 0.68068670 / 0.83078550 -0.55658850 -0.00216510 / 255 0 255 255 / -0.90327450 0.99926760
				-0.68167080 -0.12606290 0.68556960 / 0.83136880 -0.55571680 -0.00217910 / 255 0 255 255 / -0.90931700 1.01054400
				-0.68362390 -0.12606290 -0.05954770 / 0.73146340 -0.68188070 -0.00000830 / 255 0 255 255 / -0.00015260 1.00791900
				-0.68362390 -0.12606290 -0.05954770 / 0.73146340 -0.68188070 -0.00000830 / 255 0 255 255 / -0.00015260 1.00791900
				-0.68362390 -0.12606290 -0.05954770 / 0.73146340 -0.68188070 -0.00000830 / 255 0 255 255 / -0.00015260 1.00791900
				-0.67678800 -0.11873890 -0.05954770 / 0.73104720 -0.68232700 0.00000000 / 255 0 255 255 / -0.00015260 0.99926760
				-0.67678800 -0.11873890 -0.05954770 / 0.73104720 -0.68232700 0.00000000 / 255 0 255 255 / -0.00015260 0.99926760
				-0.67678800 -0.11873890 -0.05954770 / 0.73104720 -0.68232700 0.00000000 / 255 0 255 255 / -0.00015260 0.99926760
				-0.68362390 -0.12606290 -1.61960700 / 0.73104720 -0.68232700 0.00000000 / 255 0 255 255 / 1.90327500 1.00791900
				-0.68362390 -0.12606290 -1.61960700 / 0.73104720 -0.68232700 0.00000000 / 255 0 255 255 / 1.90327500 1.00791900
				-0.67678800 -0.11873890 -1.61960700 / 0.73104710 -0.68232700 0.00000000 / 255 0 255 255 / 1.90327500 0.99926760
				0.71627840 -0.12606290 -1.61960700 / 0.73104720 -0.68232700 0.00000000 / 255 0 255 255 / 1.15097000 1.02322400
				0.71627840 -0.12606290 -1.61960700 / 0.73104720 -0.68232700 0.00000000 / 255 0 255 255 / 1.15097000 1.02322400
				0.72311430 -0.11873890 -1.61960700 / 0.73104710 -0.68232700 0.00000000 / 255 0 255 255 / 1.15477000 1.02322400
				0.72311430 -0.11873890 -0.05954770 / 0.73104720 -0.68232700 0.00000000 / 255 0 255 255 / 1.15477000 0.48205570
				0.72311430 -0.11873890 -0.05954770 / 0.73104720 -0.68232700 0.00000000 / 255 0 255 255 / 1.15477000 0.48205570
				0.72311430 -0.11873890 -0.05954770 / 0.73104720 -0.68232700 0.00000000 / 255 0 255 255 / 1.15477000 0.48205570
				0.71627840 -0.12606290 -0.05954770 / 0.73141880 -0.68192850 -0.00000650 / 255 0 255 255 / 1.15097000 0.48205570
				0.71627840 -0.12606290 -0.05954770 / 0.73141880 -0.68192850 -0.00000650 / 255 0 255 255 / 1.15097000 0.48205570
				0.71627840 -0.12606290 -0.05954770 / 0.73141880 -0.68192850 -0.00000650 / 255 0 255 255 / 1.15097000 0.48205570
				0.72311430 -0.11873890 0.78078430 / 0.83164950 -0.55529740 -0.00192550 / 255 0 255 255 / 1.15477000 0.19058230
				0.72311430 -0.11873890 0.78078430 / 0.83164950 -0.55529740 -0.00192550 / 255 0 255 255 / 1.15477000 0.19058230
				0.71823160 -0.12606290 0.77541330 / 0.83270530 -0.55371300 -0.00194790 / 255 0 255 255 / 1.15148900 0.19230650
				-3.34085000 -4.99081000 0.68068670 / 0.00000000 0.00000000 -1.00000000 / 255 0 255 255 / -0.26490780 0.68803400
				-3.34085000 -4.99081000 0.68068670 / 0.00000000 0.00000000 -1.00000000 / 255 0 255 255 / -0.26490780 0.68803400
				-3.34085000 -4.78621900 0.68068670 / 0.00000000 0.00000000 -1.00000000 / 255 0 255 255 / -0.26490780 1.00598100
				-2.65823400 -4.78621900 0.68068670 / 0.00000000 0.00000000 -1.00000000 / 255 0 255 255 / 0.53805540 1.00598100
				-2.65823400 -4.78621900 0.68068670 / 0.00000000 0.00000000 -1.00000000 / 255 0 255 255 / 0.53805540 1.00598100
				-2.65823400 -4.78621900 0.68068670 / 0.00000000 0.00000000 -1.00000000 / 255 0 255 255 / 0.53805540 1.00598100
				-2.65823400 -4.99081000 0.68068670 / 0.00000000 0.00000000 -1.00000000 / 255 0 255 255 / 0.53805540 0.68803400
				-2.65823400 -4.99081000 0.68068670 / 0.00000000 0.00000000 -1.00000000 / 255 0 255 255 / 0.53805540 0.68803400
				-2.65823400 -4.99081000 0.68068670 / 0.00000000 0.00000000 -1.00000000 / 255 0 255 255 / 0.53805540 0.68803400
				-2.04055700 -4.78621900 0.68068670 / 0.00000000 0.00000000 -1.00000000 / 255 0 255 255 / 1.26490800 1.00598100
				-2.04055700 -4.78621900 0.68068670 / 0.00000000 0.00000000 -1.00000000 / 255 0 255 255 / 1.26490800 1.00598100
				-2.04055700 -4.99081000 0.68068670 / 0.00000000 0.00000000 -1.00000000 / 255 0 255 255 / 1.26490800 0.68803400
				-3.44094800 -4.78621900 0.78078430 / 0.00000000 0.00000000 1.00000000 / 255 0 255 255 / -1.49478100 0.64846800
				-3.44094800 -4.78621900 0.78078430 / 0.00000000 0.00000000 1.00000000 / 255 0 255 255 / -1.49478100 0.64846800
				-3.44094800 -4.82235200 0.78078430 / 0.00000000 0.00000000 1.00000000 / 255 0 255 255 / -1.49478100 0.74574280
				-2.65823400 -4.82235200 0.78078430 / 0.00000000 0.00000000 1.00000000 / 255 0 255 255 / -0.21887210 0.74575810
				-2.65823400 -4.82235200 0.78078430 / 0.00000000 0.00000000 1.00000000 / 255 0 255 255 / -0.21887210 0.74575810
				-2.65823400 -4.82235200 0.78078430 / 0.00000000 0.00000000 1.00000000 / 255 0 255 255 / -0.21887210 0.74575810
				-0.82554120 -4.80337900 -1.66509300 / 0.91978840 0.39241460 0.00000000 / 255 0 255 255 / 2.36210600 0.00224300
				-0.82554120 -4.80337900 -1.66509300 / 0.91978840 0.39241460 0.00000000 / 255 0 255 255 / 2.36210600 0.00224300
				-0.82845770 -4.79654300 -1.66509300 / 0.91978850 0.39241460 0.00000000 / 255 0 255 255 / 2.36210600 0.04014590
				-0.82845770 -4.79654300 0.52547730 / 0.91978840 0.39241460 -0.00036620 / 255 0 255 255 / -0.25001530 0.04014590
				-0.82845770 -4.79654300 0.52547730 / 0.91978840 0.39241460 -0.00036620 / 255 0 255 255 / -0.25001530 0.04014590
				-0.82845770 -4.79654300 0.52547730 / 0.91978840 0.39241460 -0.00036620 / 255 0 255 255 / -0.25001530 0.04014590
				-0.82554120 -4.80337900 0.52547730 / 0.91987990 0.39219990 -0.00036460 / 255 0 255 255 / -0.25001530 0.00222780
				-0.82554120 -4.80337900 0.52547730 / 0.91987990 0.39219990 -0.00036460 / 255 0 255 255 / -0.25001530 0.00222780
				-0.82554120 -4.80337900 0.52547730 / 0.91987990 0.39219990 -0.00036460 / 255 0 255 255 / -0.25001530 0.00222780
				-0.82762450 -4.79654300 1.57174000 / 0.95628830 0.29242540 -0.00000650 / 255 0 255 255 / -1.49768100 0.03257750
				-0.82762450 -4.79654300 1.57174000 / 0.95628830 0.29242540 -0.00000650 / 255 0 255 255 / -1.49768100 0.03257750
				-0.82554120 -4.80337900 1.56488400 / 0.95656470 0.29152000 0.00000000 / 255 0 255 255 / -1.48939500 0.00224300
				-2.65823400 -4.78621900 0.78078430 / 0.00000000 0.00000000 1.00000000 / 255 0 255 255 / -0.21887210 0.64846800
				-2.65823400 -4.78621900 0.78078430 / 0.00000000 0.00000000 1.00000000 / 255 0 255 255 / -0.21887210 0.64846800
				-2.65823400 -4.78621900 0.78078430 / 0.00000000 0.00000000 1.00000000 / 255 0 255 255 / -0.21887210 0.64846800
				-0.86512260 -4.79654300 -1.66509300 / -0.90946500 0.41578080 0.00000000 / 255 0 255 255 / 1.15097000 1.02322400
				-0.86512260 -4.79654300 -1.66509300 / -0.90946500 0.41578080 0.00000000 / 255 0 255 255 / 1.15097000 1.02322400
				-0.86824780 -4.80337900 -1.66509300 / -0.90946500 0.41578080 0.00000000 / 255 0 255 255 / 1.15477000 1.02322400
				-0.86824780 -4.80337900 0.52547730 / -0.90946490 0.41578070 0.00000000 / 255 0 255 255 / 1.15477000 0.48205570
				-0.86824780 -4.80337900 0.52547730 / -0.90946490 0.41578070 0.00000000 / 255 0 255 255 / 1.15477000 0.48205570
				-0.86824780 -4.80337900 0.52547730 / -0.90946490 0.41578070 0.00000000 / 255 0 255 255 / 1.15477000 0.48205570
				-0.86512260 -4.79654300 0.52547730 / -0.90955040 0.41559350 -0.00000130 / 255 0 255 255 / 1.15097000 0.48205570
				-0.86512260 -4.79654300 0.52547730 / -0.90955040 0.41559350 -0.00000130 / 255 0 255 255 / 1.15097000 0.48205570
				-0.86512260 -4.79654300 0.52547730 / -0.90955040 0.41559350 -0.00000130 / 255 0 255 255 / 1.15097000 0.48205570
				-0.86824780 -4.80337900 1.70543700 / -0.94808730 0.31800940 -0.00066870 / 255 0 255 255 / 1.15477000 0.19058230
				-0.86824780 -4.80337900 1.70543700 / -0.94808730 0.31800940 -0.00066870 / 255 0 255 255 / 1.15477000 0.19058230
				-0.86595620 -4.79654300 1.69789500 / -0.94836830 0.31717040 -0.00067430 / 255 0 255 255 / 1.15148900 0.19230650
				-0.82554120 -5.00796900 0.52547730 / 1.00000000 0.00000000 0.00000000 / 255 0 255 255 / -0.24923710 -0.59457400
				-0.82554120 -5.00796900 0.52547730 / 1.00000000 0.00000000 0.00000000 / 255 0 255 255 / -0.24923710 -0.59457400
				-0.82554120 -5.00796900 0.52547730 / 1.00000000 0.00000000 0.00000000 / 255 0 255 255 / -0.24923710 -0.59457400
				-0.82554120 -5.00796900 -1.66509300 / 1.00000000 0.00000000 0.00000000 / 255 0 255 255 / 2.36216700 -0.59457400
				-0.82554120 -4.80337900 -1.66509300 / 0.99999980 0.00000000 0.00000000 / 255 0 255 255 / 2.36216700 0.00105290
				-0.82554120 -4.80337900 -1.66509300 / 0.99999980 0.00000000 0.00000000 / 255 0 255 255 / 2.36216700 0.00105290
				-0.82554120 -4.80337900 0.52547730 / 1.00000000 0.00000000 0.00000000 / 255 0 255 255 / -0.24923710 0.00105290
				-0.82554120 -4.80337900 0.52547730 / 1.00000000 0.00000000 0.00000000 / 255 0 255 255 / -0.24923710 0.00105290
				-0.82554120 -4.80337900 0.52547730 / 1.00000000 0.00000000 0.00000000 / 255 0 255 255 / -0.24923710 0.00105290
				-1.94094800 -4.82235200 0.78078430 / 0.00000000 0.00000000 1.00000000 / 255 0 255 255 / 0.95156860 0.74575810
				-1.94094800 -4.82235200 0.78078430 / 0.00000000 0.00000000 1.00000000 / 255 0 255 255 / 0.95156860 0.74575810
				-0.82554120 -5.00796900 1.56488400 / 1.00000000 0.00000000 0.00000000 / 255 0 255 255 / -1.48829700 -0.59457400
				-0.82554120 -5.00796900 1.56488400 / 1.00000000 0.00000000 0.00000000 / 255 0 255 255 / -1.48829700 -0.59457400
				-0.82554120 -4.80337900 1.56488400 / 1.00000000 0.00000000 0.00000000 / 255 0 255 255 / -1.48829700 0.00105290
				-0.82845770 -4.79654300 0.52547730 / 0.00000000 1.00000000 0.00000000 / 255 0 255 255 / -0.25001530 0.04014590
				-0.82845770 -4.79654300 0.52547730 / 0.00000000 1.00000000 0.00000000 / 255 0 255 255 / -0.25001530 0.04014590
				-0.82845770 -4.79654300 0.52547730 / 0.00000000 1.00000000 0.00000000 / 255 0 255 255 / -0.25001530 0.04014590
				-0.82845770 -4.79654300 -1.66509300 / 0.00000000 1.00000000 0.00000000 / 255 0 255 255 / 2.36210600 0.04014590
				-0.86512260 -4.79654300 -1.66509300 / 0.00000000 1.00000000 0.00000000 / 255 0 255 255 / 2.36210600 0.35775760
				-0.86512260 -4.79654300 -1.66509300 / 0.00000000 1.00000000 0.00000000 / 255 0 255 255 / 2.36210600 0.35775760
				-0.86512260 -4.79654300 0.52547730 / 0.00000000 1.00000000 0.00000000 / 255 0 255 255 / -0.25001530 0.35775760
				-0.86512260 -4.79654300 0.52547730 / 0.00000000 1.00000000 0.00000000 / 255 0 255 255 / -0.25001530 0.35775760
				-0.86512260 -4.79654300 0.52547730 / 0.00000000 1.00000000 0.00000000 / 255 0 255 255 / -0.25001530 0.35775760
				-0.82762450 -4.79654300 1.57174000 / 0.00000000 1.00000000 0.00000000 / 255 0 255 255 / -1.49768100 0.03257750
				-0.82762450 -4.79654300 1.57174000 / 0.00000000 1.00000000 0.00000000 / 255 0 255 255 / -1.49768100 0.03257750
				-0.86595620 -4.79654300 1.69789500 / 0.00000000 1.00000000 0.00000000 / 255 0 255 255 / -1.64856000 0.36532590
				-0.86824780 -4.80337900 0.52547730 / -1.00000000 0.00000000 0.00000000 / 255 0 255 255 / 1.15477000 0.48205570
				-0.86824780 -4.80337900 0.52547730 / -1.00000000 0.00000000 0.00000000 / 255 0 255 255 / 1.15477000 0.48205570
				-0.86824780 -4.80337900 0.52547730 / -1.00000000 0.00000000 0.00000000 / 255 0 255 255 / 1.15477000 0.48205570
				-0.86824780 -4.80337900 -1.66509300 / -1.00000000 0.00000000 0.00000000 / 255 0 255 255 / 1.15477000 1.02322400
				-1.94094800 -4.78621900 0.78078430 / 0.00000000 0.00000000 1.00000000 / 255 0 255 255 / 0.95156860 0.64846800
				-0.86824780 -4.83951100 -1.66509300 / -1.00000000 0.00000000 0.00000000 / 255 0 255 255 / 1.16528300 1.02322400
				-0.86824780 -4.83951100 -1.66509300 / -1.00000000 0.00000000 0.00000000 / 255 0 255 255 / 1.16528300 1.02322400
				-0.86824780 -4.83951100 0.52547730 / -1.00000000 0.00000000 0.00000000 / 255 0 255 255 / 1.16528300 0.48205570
				-0.86824780 -4.83951100 0.52547730 / -1.00000000 0.00000000 0.00000000 / 255 0 255 255 / 1.16528300 0.48205570
				-0.86824780 -4.83951100 0.52547730 / -1.00000000 0.00000000 0.00000000 / 255 0 255 255 / 1.16528300 0.48205570
				-0.86824780 -4.80337900 1.70543700 / -1.00000000 0.00000000 0.00000000 / 255 0 255 255 / 1.15477000 0.19058230
				-0.86824780 -4.80337900 1.70543700 / -1.00000000 0.00000000 0.00000000 / 255 0 255 255 / 1.15477000 0.19058230
				-0.86824780 -4.83951100 1.70543700 / -1.00000000 0.00000000 0.00000000 / 255 0 255 255 / 1.16528300 0.19058230
				-3.34085000 -4.78621900 -1.61960700 / 0.70710690 0.70710690 0.00000000 / 255 0 255 255 / 2.36210600 0.00224300
				-3.34085000 -4.78621900 -1.61960700 / 0.70710690 0.70710690 0.00000000 / 255 0 255 255 / 2.36210600 0.00224300
				-3.34768600 -4.77938400 -1.61960700 / 0.70710690 0.70710690 0.00000000 / 255 0 255 255 / 2.36210600 0.04014590
				-0.76956140 0.12606290 -1.61960700 / 0.00000000 0.00000000 1.00000000 / 255 0 255 255 / -0.31971740 -0.84928900
				-0.77688570 0.11873890 -1.61960700 / 0.00000000 0.00000000 0.99999980 / 255 0 255 255 / -0.32504270 -0.85279850
				-0.77835050 0.13289880 -1.61960700 / 0.00000000 0.00000000 1.00000000 / 255 0 255 255 / -0.32456970 -0.84422300
				-2.04055700 4.78621900 -1.61960700 / 0.00000000 0.00000000 1.00000000 / 255 0 255 255 / -0.61009210 2.12350500
				-3.34768600 -4.77938400 -0.05954770 / 0.70710640 0.70710640 -0.00092610 / 255 0 255 255 / -0.25001530 0.04014590
				-3.34768600 -4.77938400 -0.05954770 / 0.70710640 0.70710640 -0.00092610 / 255 0 255 255 / -0.25001530 0.04014590
				-3.34768600 -4.77938400 -0.05954770 / 0.70710640 0.70710640 -0.00092610 / 255 0 255 255 / -0.25001530 0.04014590
				-2.03372100 4.77938400 -1.61960700 / 0.00000000 0.00000000 1.00000000 / 255 0 255 255 / -0.60635380 2.11850000
				-2.04788200 4.77938400 -1.61960700 / 0.00000000 0.00000000 1.00000000 / 255 0 255 255 / -0.61540220 2.11999500
				-1.94094800 4.78621900 -1.61960700 / 0.70709430 -0.70711910 0.00000000 / 255 0 255 255 / -0.15476990 1.02322400
				-1.94094800 4.78621900 -1.61960700 / 0.70709430 -0.70711910 0.00000000 / 255 0 255 255 / -0.15476990 1.02322400
				-1.94778500 4.77938400 -1.61960700 / 0.70709430 -0.70711900 0.00000000 / 255 0 255 255 / -0.15097050 1.02323900
				-1.94778500 4.77938400 -0.05954770 / 0.70709430 -0.70711910 0.00000000 / 255 0 255 255 / -0.15078740 0.48207090
				-1.94778500 4.77938400 -0.05954770 / 0.70709430 -0.70711910 0.00000000 / 255 0 255 255 / -0.15078740 0.48207090
				-1.94094800 4.78621900 -0.05954770 / 0.70709430 -0.70711900 0.00000000 / 255 0 255 255 / -0.15476990 0.48205570
				-1.94094800 4.78621900 -0.05954770 / 0.70783750 -0.70637320 -0.00164360 / 255 0 255 255 / -0.15476990 0.48205570
				-1.94094800 4.78621900 -0.05954770 / 0.70783750 -0.70637320 -0.00164360 / 255 0 255 255 / -0.15476990 0.48205570
				-1.94778500 4.77938400 -0.05954770 / 0.70709350 -0.70711820 -0.00165400 / 255 0 255 255 / -0.15078740 0.48202510
				-1.94583100 4.77938400 0.77541330 / 0.81320260 -0.58198060 -0.00000900 / 255 0 255 255 / -0.15147400 0.19229130
				-1.94583100 4.77938400 0.77541330 / 0.81320260 -0.58198060 -0.00000900 / 255 0 255 255 / -0.15147400 0.19229130
				-1.94094800 4.78621900 0.78078430 / 0.81372000 -0.58125700 0.00000000 / 255 0 255 255 / -0.15476990 0.19058230
				-3.34085000 -4.78621900 -0.05954770 / 0.70752320 0.70668940 -0.00092010 / 255 0 255 255 / -0.25001530 0.00222780
				-3.34085000 -4.78621900 -0.05954770 / 0.70752320 0.70668940 -0.00092010 / 255 0 255 255 / -0.25001530 0.00222780
				-3.34085000 -4.78621900 -0.05954770 / 0.70752320 0.70668940 -0.00092010 / 255 0 255 255 / -0.25001530 0.00222780
				0.62301670 -0.00479600 0.68068670 / 0.00000000 0.00000000 -0.99999980 / 255 0 255 255 / -0.26490780 0.68803400
				0.62301670 -0.00479600 0.68068670 / 0.00000000 0.00000000 -0.99999980 / 255 0 255 255 / -0.26490780 0.68803400
				0.62301670 0.11873890 0.68068670 / 0.00000000 0.00000000 -1.00000000 / 255 0 255 255 / -0.26490780 0.99926760
				0.08102450 0.11873890 0.68068670 / 0.00000000 0.00000000 -0.99999980 / 255 0 255 255 / 0.37313840 0.99926760
				0.08102450 0.11873890 0.68068670 / 0.00000000 0.00000000 -0.99999980 / 255 0 255 255 / 0.37313840 0.99926760
				0.08102450 0.11873890 0.68068670 / 0.00000000 0.00000000 -0.99999980 / 255 0 255 255 / 0.37313840 0.99926760
				0.08102450 -0.00479600 0.68068670 / 0.00000000 0.00000000 -1.00000000 / 255 0 255 255 / 0.37313840 0.68803400
				0.08102450 -0.00479600 0.68068670 / 0.00000000 0.00000000 -1.00000000 / 255 0 255 255 / 0.37313840 0.68803400
				0.08102450 -0.00479600 0.68068670 / 0.00000000 0.00000000 -1.00000000 / 255 0 255 255 / 0.37313840 0.68803400
				-0.67678800 0.11873890 0.68068670 / 0.00000000 0.00000000 -1.00000000 / 255 0 255 255 / 1.26490800 0.99926760
				-0.67678800 0.11873890 0.68068670 / 0.00000000 0.00000000 -1.00000000 / 255 0 255 255 / 1.26490800 0.99926760
				-0.67678800 -0.00479600 0.68068670 / 0.00000000 0.00000000 -1.00000000 / 255 0 255 255 / 1.26490800 0.68803400
				0.72311430 0.11873890 0.78078430 / 0.00000000 0.00000000 1.00000000 / 255 0 255 255 / -0.56480410 1.15477000
				0.72311430 0.11873890 0.78078430 / 0.00000000 0.00000000 1.00000000 / 255 0 255 255 / -0.56480410 1.15477000
				0.72311430 0.08260580 0.78078430 / 0.00000000 0.00000000 1.00000000 / 255 0 255 255 / -0.56480410 1.16528300
				0.08102450 0.08260580 0.78078430 / 0.00000000 0.00000000 1.00000000 / 255 0 255 255 / -0.37063600 1.16528300
				0.08102450 0.08260580 0.78078430 / 0.00000000 0.00000000 1.00000000 / 255 0 255 255 / -0.37063600 1.16528300
				0.08102450 0.08260580 0.78078430 / 0.00000000 0.00000000 1.00000000 / 255 0 255 255 / -0.37063600 1.16528300
				0.08102450 0.11873890 0.78078430 / 0.00000000 0.00000000 1.00000000 / 255 0 255 255 / -0.37063600 1.15477000
				0.08102450 0.11873890 0.78078430 / 0.00000000 0.00000000 1.00000000 / 255 0 255 255 / -0.37063600 1.15477000
				0.08102450 0.11873890 0.78078430 / 0.00000000 0.00000000 1.00000000 / 255 0 255 255 / -0.37063600 1.15477000
				-3.34573300 -4.77938400 0.68556960 / 0.81253340 0.58291450 -0.00002300 / 255 0 255 255 / -1.49768100 0.03257750
				-3.34573300 -4.77938400 0.68556960 / 0.81253340 0.58291450 -0.00002300 / 255 0 255 255 / -1.49768100 0.03257750
				-0.77688570 0.08260580 0.78078430 / 0.00000000 0.00000000 0.99999980 / 255 0 255 255 / -0.11126710 1.16528300
				-0.77688570 0.08260580 0.78078430 / 0.00000000 0.00000000 0.99999980 / 255 0 255 255 / -0.11126710 1.16528300
				-0.77688570 0.11873890 0.78078430 / 0.00000000 0.00000000 1.00000000 / 255 0 255 255 / -0.11126710 1.15477000
				0.62301670 0.11873890 -1.61960700 / -0.70709530 0.70711830 0.00000000 / 255 0 255 255 / -1.57019000 -0.00572210
				0.62301670 0.11873890 -1.61960700 / -0.70709530 0.70711830 0.00000000 / 255 0 255 255 / -1.57019000 -0.00572210
				0.63034090 0.12606290 -1.61960700 / -0.70709530 0.70711840 0.00000000 / 255 0 255 255 / -1.57019000 0.01228330
				0.63034090 0.12606290 -0.05954770 / -0.70709500 0.70711810 -0.00092620 / 255 0 255 255 / 1.04193100 0.01228330
				0.63034090 0.12606290 -0.05954770 / -0.70709500 0.70711810 -0.00092620 / 255 0 255 255 / 1.04193100 0.01228330
				0.63034090 0.12606290 -0.05954770 / -0.70709500 0.70711810 -0.00092620 / 255 0 255 255 / 1.04193100 0.01228330
				0.62301670 0.11873890 -0.05954770 / -0.70751210 0.70670070 -0.00091960 / 255 0 255 255 / 1.04193100 -0.00572210
				0.62301670 0.11873890 -0.05954770 / -0.70751210 0.70670070 -0.00091960 / 255 0 255 255 / 1.04193100 -0.00572210
				0.62301670 0.11873890 -0.05954770 / -0.70751210 0.70670070 -0.00091960 / 255 0 255 255 / 1.04193100 -0.00572210
				0.62838780 0.12606290 0.68556960 / -0.80523540 0.59295510 -0.00002390 / 255 0 255 255 / 2.28959700 0.00823970
				0.62838780 0.12606290 0.68556960 / -0.80523540 0.59295510 -0.00002390 / 255 0 255 255 / 2.28959700 0.00823970
				0.62301670 0.11873890 0.68068670 / -0.80639580 0.59137620 0.00000000 / 255 0 255 255 / 2.28131100 -0.00572210
				-0.77200280 0.12606290 0.77541330 / -0.83140490 0.55566710 -0.00001210 / 255 0 255 255 / -0.15148930 0.19230650
				-0.77200280 0.12606290 0.77541330 / -0.83140490 0.55566710 -0.00001210 / 255 0 255 255 / -0.15148930 0.19230650
				-0.77688570 0.11873890 0.78078430 / -0.83204200 0.55471270 0.00000000 / 255 0 255 255 / -0.15476990 0.19058230
				-3.34085000 -4.78621900 0.68068670 / 0.81372000 0.58125700 0.00000000 / 255 0 255 255 / -1.48939500 0.00224300
				-0.77688570 0.11873890 -0.05954770 / -0.70755420 0.70665820 -0.00102700 / 255 0 255 255 / -0.15476990 0.48205570
				-0.77688570 0.11873890 -0.05954770 / -0.70755420 0.70665820 -0.00102700 / 255 0 255 255 / -0.15476990 0.48205570
				-0.77688570 0.11873890 -0.05954770 / -0.70755420 0.70665820 -0.00102700 / 255 0 255 255 / -0.15476990 0.48205570
				-0.76956140 0.12606290 -0.05954770 / -0.70708920 0.70712370 -0.00103310 / 255 0 255 255 / -0.15097050 0.48205570
				-0.76956140 0.12606290 -0.05954770 / -0.70708920 0.70712370 -0.00103310 / 255 0 255 255 / -0.15097050 0.48205570
				-0.76956140 0.12606290 -0.05954770 / -0.70708920 0.70712370 -0.00103310 / 255 0 255 255 / -0.15097050 0.48205570
				-0.77688570 0.11873890 -1.61960700 / -0.70708950 0.70712410 0.00000000 / 255 0 255 255 / -0.15476990 1.02322400
				-0.77688570 0.11873890 -1.61960700 / -0.70708950 0.70712410 0.00000000 / 255 0 255 255 / -0.15476990 1.02322400
				-0.76956140 0.12606290 -1.61960700 / -0.70708950 0.70712410 0.00000000 / 255 0 255 255 / -0.15097050 1.02322400
				-0.67678800 0.11873890 0.68068670 / 0.83078550 0.55658860 -0.00216510 / 255 0 255 255 / -0.90327450 0.99926760
				-0.67678800 0.11873890 0.68068670 / 0.83078550 0.55658860 -0.00216510 / 255 0 255 255 / -0.90327450 0.99926760
				-0.68167080 0.12606290 0.68556960 / 0.83136880 0.55571690 -0.00217910 / 255 0 255 255 / -0.90931700 1.01054400
				-0.68362390 0.12606290 -0.05954770 / 0.73146340 0.68188070 -0.00000830 / 255 0 255 255 / -0.00015260 1.00791900
				-0.68362390 0.12606290 -0.05954770 / 0.73146340 0.68188070 -0.00000830 / 255 0 255 255 / -0.00015260 1.00791900
				-0.68362390 0.12606290 -0.05954770 / 0.73146340 0.68188070 -0.00000830 / 255 0 255 255 / -0.00015260 1.00791900
				-0.67678800 0.11873890 -0.05954770 / 0.73104720 0.68232700 0.00000000 / 255 0 255 255 / -0.00015260 0.99926760
				-0.67678800 0.11873890 -0.05954770 / 0.73104720 0.68232700 0.00000000 / 255 0 255 255 / -0.00015260 0.99926760
				-0.67678800 0.11873890 -0.05954770 / 0.73104720 0.68232700 0.00000000 / 255 0 255 255 / -0.00015260 0.99926760
				-0.68362390 0.12606290 -1.61960700 / 0.73104720 0.68232700 0.00000000 / 255 0 255 255 / 1.90327500 1.00791900
				-0.68362390 0.12606290 -1.61960700 / 0.73104720 0.68232700 0.00000000 / 255 0 255 255 / 1.90327500 1.00791900
				-0.67678800 0.11873890 -1.61960700 / 0.73104710 0.68232700 0.00000000 / 255 0 255 255 / 1.90327500 0.99926760
				-2.04055700 -4.78621900 0.68068670 / -0.81240570 0.58308880 -0.00211770 / 255 0 255 255 / 1.95185900 0.29449460
				-2.04055700 -4.78621900 0.68068670 / -0.81240570 0.58308880 -0.00211770 / 255 0 255 255 / 1.95185900 0.29449460
				0.71627840 0.12606290 -1.61960700 / 0.73104720 0.68232700 0.00000000 / 255 0 255 255 / 1.15097000 1.02322400
				0.71627840 0.12606290 -1.61960700 / 0.73104720 0.68232700 0.00000000 / 255 0 255 255 / 1.15097000 1.02322400
				0.72311430 0.11873890 -1.61960700 / 0.73104710 0.68232700 0.00000000 / 255 0 255 255 / 1.15477000 1.02322400
				0.72311430 0.11873890 -0.05954770 / 0.73104720 0.68232700 0.00000000 / 255 0 255 255 / 1.15477000 0.48205570
				0.72311430 0.11873890 -0.05954770 / 0.73104720 0.68232700 0.00000000 / 255 0 255 255 / 1.15477000 0.48205570
				0.72311430 0.11873890 -0.05954770 / 0.73104720 0.68232700 0.00000000 / 255 0 255 255 / 1.15477000 0.48205570
				0.71627840 0.12606290 -0.05954770 / 0.73141880 0.68192850 -0.00000650 / 255 0 255 255 / 1.15097000 0.48205570
				0.71627840 0.12606290 -0.05954770 / 0.73141880 0.68192850 -0.00000650 / 255 0 255 255 / 1.15097000 0.48205570
				0.71627840 0.12606290 -0.05954770 / 0.73141880 0.68192850 -0.00000650 / 255 0 255 255 / 1.15097000 0.48205570
				0.72311430 0.11873890 0.78078430 / 0.83164950 0.55529740 -0.00192550 / 255 0 255 255 / 1.15477000 0.19058230
				0.72311430 0.11873890 0.78078430 / 0.83164950 0.55529740 -0.00192550 / 255 0 255 255 / 1.15477000 0.19058230
				0.71823160 0.12606290 0.77541330 / 0.83270530 0.55371300 -0.00194790 / 255 0 255 255 / 1.15148900 0.19230650
				-3.34085000 4.99081000 0.68068670 / 0.00000000 0.00000000 -0.99999980 / 255 0 255 255 / -0.26490780 0.68803400
				-3.34085000 4.99081000 0.68068670 / 0.00000000 0.00000000 -0.99999980 / 255 0 255 255 / -0.26490780 0.68803400
				-3.34085000 4.78621900 0.68068670 / 0.00000000 0.00000000 -1.00000000 / 255 0 255 255 / -0.26490780 1.00598100
				-2.65823400 4.78621900 0.68068670 / 0.00000000 0.00000000 -0.99999980 / 255 0 255 255 / 0.53805540 1.00598100
				-2.65823400 4.78621900 0.68068670 / 0.00000000 0.00000000 -0.99999980 / 255 0 255 255 / 0.53805540 1.00598100
				-2.65823400 4.78621900 0.68068670 / 0.00000000 0.00000000 -0.99999980 / 255 0 255 255 / 0.53805540 1.00598100
				-2.65823400 4.99081000 0.68068670 / 0.00000000 0.00000000 -1.00000000 / 255 0 255 255 / 0.53805540 0.68803400
				-2.65823400 4.99081000 0.68068670 / 0.00000000 0.00000000 -1.00000000 / 255 0 255 255 / 0.53805540 0.68803400
				-2.65823400 4.99081000 0.68068670 / 0.00000000 0.00000000 -1.00000000 / 255 0 255 255 / 0.53805540 0.68803400
				-2.03567500 -4.77938400 0.68556960 / -0.81299770 0.58226300 -0.00213080 / 255 0 255 255 / 1.95811500 0.27619930
				-2.04055700 4.78621900 0.68068670 / 0.00000000 0.00000000 -1.00000000 / 255 0 255 255 / 1.26490800 1.00598100
				-2.04055700 4.78621900 0.68068670 / 0.00000000 0.00000000 -1.00000000 / 255 0 255 255 / 1.26490800 1.00598100
				-2.04055700 4.99081000 0.68068670 / 0.00000000 0.00000000 -1.00000000 / 255 0 255 255 / 1.26490800 0.68803400
				-3.44094800 4.78621900 0.78078430 / 0.00000000 0.00000000 0.99999980 / 255 0 255 255 / -1.49478100 0.64846800
				-3.44094800 4.78621900 0.78078430 / 0.00000000 0.00000000 0.99999980 / 255 0 255 255 / -1.49478100 0.64846800
				-3.44094800 4.82235200 0.78078430 / 0.00000000 0.00000000 1.00000000 / 255 0 255 255 / -1.49478100 0.74574280
				-2.65823400 4.82235200 0.78078430 / 0.00000000 0.00000000 1.00000000 / 255 0 255 255 / -0.21887210 0.74575810
				-2.65823400 4.82235200 0.78078430 / 0.00000000 0.00000000 1.00000000 / 255 0 255 255 / -0.21887210 0.74575810
				-2.65823400 4.82235200 0.78078430 / 0.00000000 0.00000000 1.00000000 / 255 0 255 255 / -0.21887210 0.74575810
				-2.65823400 4.78621900 0.78078430 / 0.00000000 0.00000000 1.00000000 / 255 0 255 255 / -0.21887210 0.64846800
				-2.65823400 4.78621900 0.78078430 / 0.00000000 0.00000000 1.00000000 / 255 0 255 255 / -0.21887210 0.64846800
				-2.65823400 4.78621900 0.78078430 / 0.00000000 0.00000000 1.00000000 / 255 0 255 255 / -0.21887210 0.64846800
				-1.94094800 4.82235200 0.78078430 / 0.00000000 0.00000000 1.00000000 / 255 0 255 255 / 0.95156860 0.74575810
				-1.94094800 4.82235200 0.78078430 / 0.00000000 0.00000000 1.00000000 / 255 0 255 255 / 0.95156860 0.74575810
				-1.94094800 4.78621900 0.78078430 / 0.00000000 0.00000000 1.00000000 / 255 0 255 255 / 0.95156860 0.64846800
				-3.34085000 4.78621900 -1.61960700 / 0.70710690 -0.70710690 0.00000000 / 255 0 255 255 / 2.36210600 0.00224300
				-3.34085000 4.78621900 -1.61960700 / 0.70710690 -0.70710690 0.00000000 / 255 0 255 255 / 2.36210600 0.00224300
				-3.34768600 4.77938400 -1.61960700 / 0.70710690 -0.70710690 0.00000000 / 255 0 255 255 / 2.36210600 0.04014590
				-2.03372100 -4.77938400 -0.05954770 / -0.70752410 0.70668910 -0.00000770 / 255 0 255 255 / 1.01806600 0.27807620
				-2.03372100 -4.77938400 -0.05954770 / -0.70752410 0.70668910 -0.00000770 / 255 0 255 255 / 1.01806600 0.27807620
				-2.03372100 -4.77938400 -0.05954770 / -0.70752410 0.70668910 -0.00000770 / 255 0 255 255 / 1.01806600 0.27807620
				-3.34768600 4.77938400 -0.05954770 / 0.70710640 -0.70710640 -0.00092610 / 255 0 255 255 / -0.25001530 0.04014590
				-3.34768600 4.77938400 -0.05954770 / 0.70710640 -0.70710640 -0.00092610 / 255 0 255 255 / -0.25001530 0.04014590
				-3.34768600 4.77938400 -0.05954770 / 0.70710640 -0.70710640 -0.00092610 / 255 0 255 255 / -0.25001530 0.04014590
				-3.34085000 4.78621900 -0.05954770 / 0.70752320 -0.70668940 -0.00092010 / 255 0 255 255 / -0.25001530 0.00222780
				-3.34085000 4.78621900 -0.05954770 / 0.70752320 -0.70668940 -0.00092010 / 255 0 255 255 / -0.25001530 0.00222780
				-3.34085000 4.78621900 -0.05954770 / 0.70752320 -0.70668940 -0.00092010 / 255 0 255 255 / -0.25001530 0.00222780
				-3.34573300 4.77938400 0.68556960 / 0.81253340 -0.58291450 -0.00002300 / 255 0 255 255 / -1.49768100 0.03257750
				-3.34573300 4.77938400 0.68556960 / 0.81253340 -0.58291450 -0.00002300 / 255 0 255 255 / -1.49768100 0.03257750
				-3.34085000 4.78621900 0.68068670 / 0.81372000 -0.58125700 0.00000000 / 255 0 255 255 / -1.48939500 0.00224300
				-2.04055700 4.78621900 0.68068670 / -0.81240570 -0.58308880 -0.00211770 / 255 0 255 255 / 1.95185900 0.29449460
				-2.04055700 4.78621900 0.68068670 / -0.81240570 -0.58308880 -0.00211770 / 255 0 255 255 / 1.95185900 0.29449460
				-2.03567500 4.77938400 0.68556960 / -0.81299770 -0.58226300 -0.00213080 / 255 0 255 255 / 1.95811500 0.27619930
				-2.03372100 4.77938400 -0.05954770 / -0.70752410 -0.70668910 -0.00000770 / 255 0 255 255 / 1.01806600 0.27807620
				-2.03372100 4.77938400 -0.05954770 / -0.70752410 -0.70668910 -0.00000770 / 255 0 255 255 / 1.01806600 0.27807620
				-2.03372100 4.77938400 -0.05954770 / -0.70752410 -0.70668910 -0.00000770 / 255 0 255 255 / 1.01806600 0.27807620
				-2.04055700 4.78621900 -0.05954770 / -0.70710690 -0.70710690 0.00000000 / 255 0 255 255 / 1.01806600 0.29449460
				-2.04055700 4.78621900 -0.05954770 / -0.70710690 -0.70710690 0.00000000 / 255 0 255 255 / 1.01806600 0.29449460
				-2.04055700 4.78621900 -0.05954770 / -0.70710690 -0.70710690 0.00000000 / 255 0 255 255 / 1.01806600 0.29449460
				-2.03372100 4.77938400 -1.61960700 / -0.70710690 -0.70710690 0.00000000 / 255 0 255 255 / -0.94998170 0.27807620
				-2.03372100 4.77938400 -1.61960700 / -0.70710690 -0.70710690 0.00000000 / 255 0 255 255 / -0.94998170 0.27807620
				-2.04055700 4.78621900 -1.61960700 / -0.70710690 -0.70710690 0.00000000 / 255 0 255 255 / -0.94998170 0.29449460
				-2.04055700 -4.78621900 -0.05954770 / -0.70710690 0.70710690 0.00000000 / 255 0 255 255 / 1.01806600 0.29449460
				-2.04055700 -4.78621900 -0.05954770 / -0.70710690 0.70710690 0.00000000 / 255 0 255 255 / 1.01806600 0.29449460
				-2.04055700 -4.78621900 -0.05954770 / -0.70710690 0.70710690 0.00000000 / 255 0 255 255 / 1.01806600 0.29449460
				-3.43362300 4.77938400 -1.61960700 / -0.68228260 -0.73108840 0.00000000 / 255 0 255 255 / 1.15097000 1.02322400
				-3.43362300 4.77938400 -1.61960700 / -0.68228260 -0.73108840 0.00000000 / 255 0 255 255 / 1.15097000 1.02322400
				-3.44094800 4.78621900 -1.61960700 / -0.68228260 -0.73108850 0.00000000 / 255 0 255 255 / 1.15477000 1.02322400
				-3.44094800 4.78621900 -0.05954770 / -0.68228270 -0.73108850 0.00000000 / 255 0 255 255 / 1.15477000 0.48205570
				-3.44094800 4.78621900 -0.05954770 / -0.68228270 -0.73108850 0.00000000 / 255 0 255 255 / 1.15477000 0.48205570
				-3.44094800 4.78621900 -0.05954770 / -0.68228270 -0.73108850 0.00000000 / 255 0 255 255 / 1.15477000 0.48205570
				-3.43362300 4.77938400 -0.05954770 / -0.68265440 -0.73074130 -0.00000610 / 255 0 255 255 / 1.15097000 0.48205570
				-3.43362300 4.77938400 -0.05954770 / -0.68265440 -0.73074130 -0.00000610 / 255 0 255 255 / 1.15097000 0.48205570
				-3.43362300 4.77938400 -0.05954770 / -0.68265440 -0.73074130 -0.00000610 / 255 0 255 255 / 1.15097000 0.48205570
				-3.44094800 4.78621900 0.78078430 / -0.78591490 -0.61833190 -0.00182060 / 255 0 255 255 / 1.15477000 0.19058230
				-3.44094800 4.78621900 0.78078430 / -0.78591490 -0.61833190 -0.00182060 / 255 0 255 255 / 1.15477000 0.19058230
				-3.43557700 4.77938400 0.77541330 / -0.78703280 -0.61690830 -0.00184190 / 255 0 255 255 / 1.15148900 0.19230650
				0.62301670 -0.00479600 -0.05954770 / -1.00000000 0.00000000 0.00000000 / 255 0 255 255 / 1.00015300 0.68803400
				0.62301670 -0.00479600 -0.05954770 / -1.00000000 0.00000000 0.00000000 / 255 0 255 255 / 1.00015300 0.68803400
				0.62301670 -0.00479600 -0.05954770 / -1.00000000 0.00000000 0.00000000 / 255 0 255 255 / 1.00015300 0.68803400
				0.62301670 -0.00479600 -1.61960700 / -1.00000000 0.00000000 0.00000000 / 255 0 255 255 / -0.90327450 0.68803400
				0.62301670 0.11873890 -1.61960700 / -1.00000000 0.00000000 0.00000000 / 255 0 255 255 / -0.90327450 0.99926760
				0.62301670 0.11873890 -1.61960700 / -1.00000000 0.00000000 0.00000000 / 255 0 255 255 / -0.90327450 0.99926760
				0.62301670 0.11873890 -0.05954770 / -1.00000000 0.00000000 0.00000000 / 255 0 255 255 / 1.00015300 0.99926760
				0.62301670 0.11873890 -0.05954770 / -1.00000000 0.00000000 0.00000000 / 255 0 255 255 / 1.00015300 0.99926760
				0.62301670 0.11873890 -0.05954770 / -1.00000000 0.00000000 0.00000000 / 255 0 255 255 / 1.00015300 0.99926760
				-2.03372100 -4.77938400 -1.61960700 / -0.70710690 0.70710690 0.00000000 / 255 0 255 255 / -0.94998170 0.27807620
				-2.03372100 -4.77938400 -1.61960700 / -0.70710690 0.70710690 0.00000000 / 255 0 255 255 / -0.94998170 0.27807620
				0.62301670 -0.00479600 0.68068670 / -0.99999980 0.00000000 0.00000000 / 255 0 255 255 / 1.90327500 0.68803400
				0.62301670 -0.00479600 0.68068670 / -0.99999980 0.00000000 0.00000000 / 255 0 255 255 / 1.90327500 0.68803400
				0.62301670 0.11873890 0.68068670 / -1.00000000 0.00000000 0.00000000 / 255 0 255 255 / 1.90327500 0.99926760
				-0.68362390 0.12606290 -0.05954770 / 0.00000000 0.99999980 0.00000000 / 255 0 255 255 / 1.01544200 -0.00860600
				-0.68362390 0.12606290 -0.05954770 / 0.00000000 0.99999980 0.00000000 / 255 0 255 255 / 1.01544200 -0.00860600
				-0.68362390 0.12606290 -0.05954770 / 0.00000000 0.99999980 0.00000000 / 255 0 255 255 / 1.01544200 -0.00860600
				-0.68167080 0.12606290 0.68556960 / 0.00000000 1.00000000 0.00000000 / 255 0 255 255 / 1.95379600 -0.00546270
				-0.77200280 0.12606290 0.77541330 / 0.00000000 1.00000000 0.00000000 / 255 0 255 255 / 2.06727600 -0.14332580
				-0.77200280 0.12606290 0.77541330 / 0.00000000 1.00000000 0.00000000 / 255 0 255 255 / 2.06727600 -0.14332580
				-0.76956140 0.12606290 -0.05954770 / 0.00000000 1.00000000 0.00000000 / 255 0 255 255 / 1.01544200 -0.14018250
				-0.76956140 0.12606290 -0.05954770 / 0.00000000 1.00000000 0.00000000 / 255 0 255 255 / 1.01544200 -0.14018250
				-0.76956140 0.12606290 -0.05954770 / 0.00000000 1.00000000 0.00000000 / 255 0 255 255 / 1.01544200 -0.14018250
				-0.68362390 0.12606290 -1.61960700 / 0.00000000 0.99999980 0.00000000 / 255 0 255 255 / -0.94908140 -0.00860600
				-0.68362390 0.12606290 -1.61960700 / 0.00000000 0.99999980 0.00000000 / 255 0 255 255 / -0.94908140 -0.00860600
				-0.76956140 0.12606290 -1.61960700 / 0.00000000 1.00000000 0.00000000 / 255 0 255 255 / -0.94908140 -0.14018250
				-0.77688570 0.11873890 -0.05954770 / -1.00000000 0.00000000 0.00000000 / 255 0 255 255 / -0.15476990 0.48205570
				-0.77688570 0.11873890 -0.05954770 / -1.00000000 0.00000000 0.00000000 / 255 0 255 255 / -0.15476990 0.48205570
				-0.77688570 0.11873890 -0.05954770 / -1.00000000 0.00000000 0.00000000 / 255 0 255 255 / -0.15476990 0.48205570
				-0.77688570 0.11873890 0.78078430 / -1.00000000 0.00000000 0.00000000 / 255 0 255 255 / -0.15476990 0.19058230
				-2.04055700 -4.78621900 -1.61960700 / -0.70710690 0.70710690 0.00000000 / 255 0 255 255 / -0.94998170 0.29449460
				-0.77688570 0.08260580 0.78078430 / -1.00000000 0.00000000 0.00000000 / 255 0 255 255 / -0.16528320 0.19058230
				-0.77688570 0.08260580 0.78078430 / -1.00000000 0.00000000 0.00000000 / 255 0 255 255 / -0.16528320 0.19058230
				-0.77688570 0.08260580 -0.05954770 / -1.00000000 0.00000000 0.00000000 / 255 0 255 255 / -0.16528320 0.48205570
				-0.77688570 0.08260580 -0.05954770 / -1.00000000 0.00000000 0.00000000 / 255 0 255 255 / -0.16528320 0.48205570
				-0.77688570 0.08260580 -0.05954770 / -1.00000000 0.00000000 0.00000000 / 255 0 255 255 / -0.16528320 0.48205570
				-0.77688570 0.11873890 -1.61960700 / -1.00000000 0.00000000 0.00000000 / 255 0 255 255 / -0.15476990 1.02322400
				-0.77688570 0.11873890 -1.61960700 / -1.00000000 0.00000000 0.00000000 / 255 0 255 255 / -0.15476990 1.02322400
				-0.77688570 0.08260580 -1.61960700 / -1.00000000 0.00000000 0.00000000 / 255 0 255 255 / -0.16528320 1.02322400
				0.63034090 0.12606290 -0.05954770 / 0.00000000 1.00000000 0.00000000 / 255 0 255 255 / 1.04193100 0.01228330
				0.63034090 0.12606290 -0.05954770 / 0.00000000 1.00000000 0.00000000 / 255 0 255 255 / 1.04193100 0.01228330
				0.63034090 0.12606290 -0.05954770 / 0.00000000 1.00000000 0.00000000 / 255 0 255 255 / 1.04193100 0.01228330
				0.63034090 0.12606290 -1.61960700 / 0.00000000 1.00000000 0.00000000 / 255 0 255 255 / -1.57019000 0.01228330
				0.71627840 0.12606290 -1.61960700 / 0.00000000 0.99999980 0.00000000 / 255 0 255 255 / -1.57019000 0.18182370
				0.71627840 0.12606290 -1.61960700 / 0.00000000 0.99999980 0.00000000 / 255 0 255 255 / -1.57019000 0.18182370
				0.71627840 0.12606290 -0.05954770 / 0.00000000 1.00000000 0.00000000 / 255 0 255 255 / 1.04193100 0.18182370
				0.71627840 0.12606290 -0.05954770 / 0.00000000 1.00000000 0.00000000 / 255 0 255 255 / 1.04193100 0.18182370
				0.71627840 0.12606290 -0.05954770 / 0.00000000 1.00000000 0.00000000 / 255 0 255 255 / 1.04193100 0.18182370
				0.62838780 0.12606290 0.68556960 / 0.00000000 1.00000000 0.00000000 / 255 0 255 255 / 2.28959700 0.00823970
				0.62838780 0.12606290 0.68556960 / 0.00000000 1.00000000 0.00000000 / 255 0 255 255 / 2.28959700 0.00823970
				0.71823160 0.12606290 0.77541330 / 0.00000000 1.00000000 0.00000000 / 255 0 255 255 / 2.44047500 0.18586730
				-3.43362300 -4.77938400 -1.61960700 / -0.68228260 0.73108840 0.00000000 / 255 0 255 255 / 1.15097000 1.02322400
				-3.43362300 -4.77938400 -1.61960700 / -0.68228260 0.73108840 0.00000000 / 255 0 255 255 / 1.15097000 1.02322400
				0.72311430 0.11873890 -0.05954770 / 1.00000000 0.00000000 0.00000000 / 255 0 255 255 / 1.15477000 0.48205570
				0.72311430 0.11873890 -0.05954770 / 1.00000000 0.00000000 0.00000000 / 255 0 255 255 / 1.15477000 0.48205570
				0.72311430 0.11873890 -0.05954770 / 1.00000000 0.00000000 0.00000000 / 255 0 255 255 / 1.15477000 0.48205570
				0.72311430 0.11873890 -1.61960700 / 1.00000000 0.00000000 0.00000000 / 255 0 255 255 / 1.15477000 1.02322400
				0.72311430 0.08260580 -1.61960700 / 1.00000000 0.00000000 0.00000000 / 255 0 255 255 / 1.16528300 1.02322400
				0.72311430 0.08260580 -1.61960700 / 1.00000000 0.00000000 0.00000000 / 255 0 255 255 / 1.16528300 1.02322400
				0.72311430 0.08260580 -0.05954770 / 1.00000000 0.00000000 0.00000000 / 255 0 255 255 / 1.16528300 0.48205570
				0.72311430 0.08260580 -0.05954770 / 1.00000000 0.00000000 0.00000000 / 255 0 255 255 / 1.16528300 0.48205570
				0.72311430 0.08260580 -0.05954770 / 1.00000000 0.00000000 0.00000000 / 255 0 255 255 / 1.16528300 0.48205570
				0.72311430 0.11873890 0.78078430 / 1.00000000 0.00000000 0.00000000 / 255 0 255 255 / 1.15477000 0.19058230
				0.72311430 0.11873890 0.78078430 / 1.00000000 0.00000000 0.00000000 / 255 0 255 255 / 1.15477000 0.19058230
				0.72311430 0.08260580 0.78078430 / 1.00000000 0.00000000 0.00000000 / 255 0 255 255 / 1.16528300 0.19058230
				-3.34085000 4.99081000 -0.05954770 / 1.00000000 0.00000000 0.00000000 / 255 0 255 255 / -0.24923710 -0.59457400
				-3.34085000 4.99081000 -0.05954770 / 1.00000000 0.00000000 0.00000000 / 255 0 255 255 / -0.24923710 -0.59457400
				-3.34085000 4.99081000 -0.05954770 / 1.00000000 0.00000000 0.00000000 / 255 0 255 255 / -0.24923710 -0.59457400
				-3.34085000 4.99081000 -1.61960700 / 1.00000000 0.00000000 0.00000000 / 255 0 255 255 / 2.36216700 -0.59457400
				-3.34085000 4.78621900 -1.61960700 / 1.00000000 0.00000000 0.00000000 / 255 0 255 255 / 2.36216700 0.00105290
				-3.34085000 4.78621900 -1.61960700 / 1.00000000 0.00000000 0.00000000 / 255 0 255 255 / 2.36216700 0.00105290
				-3.34085000 4.78621900 -0.05954770 / 1.00000000 0.00000000 0.00000000 / 255 0 255 255 / -0.24923710 0.00105290
				-3.34085000 4.78621900 -0.05954770 / 1.00000000 0.00000000 0.00000000 / 255 0 255 255 / -0.24923710 0.00105290
				-3.34085000 4.78621900 -0.05954770 / 1.00000000 0.00000000 0.00000000 / 255 0 255 255 / -0.24923710 0.00105290
				-3.44094800 -4.78621900 -1.61960700 / -0.68228260 0.73108850 0.00000000 / 255 0 255 255 / 1.15477000 1.02322400
				-3.34085000 4.99081000 0.68068670 / 1.00000000 0.00000000 0.00000000 / 255 0 255 255 / -1.48829700 -0.59457400
				-3.34085000 4.99081000 0.68068670 / 1.00000000 0.00000000 0.00000000 / 255 0 255 255 / -1.48829700 -0.59457400
				-3.34085000 4.78621900 0.68068670 / 1.00000000 0.00000000 0.00000000 / 255 0 255 255 / -1.48829700 0.00105290
				-2.03372100 4.77938400 -0.05954770 / 0.00000000 -1.00000000 0.00000000 / 255 0 255 255 / 1.01544200 0.27627560
				-2.03372100 4.77938400 -0.05954770 / 0.00000000 -1.00000000 0.00000000 / 255 0 255 255 / 1.01544200 0.27627560
				-2.03372100 4.77938400 -0.05954770 / 0.00000000 -1.00000000 0.00000000 / 255 0 255 255 / 1.01544200 0.27627560
				-2.03567500 4.77938400 0.68556960 / 0.00000000 -1.00000000 0.00000000 / 255 0 255 255 / 1.95379600 0.28268430
				-1.94583100 4.77938400 0.77541330 / 0.00000000 -0.99999980 0.00000000 / 255 0 255 255 / 2.06727600 0.00059510
				-1.94583100 4.77938400 0.77541330 / 0.00000000 -0.99999980 0.00000000 / 255 0 255 255 / 2.06727600 0.00059510
				-1.94778500 4.77938400 -0.05954770 / 0.00000000 -1.00000000 0.00000000 / 255 0 255 255 / 1.01544200 0.00701900
				-1.94778500 4.77938400 -0.05954770 / 0.00000000 -1.00000000 0.00000000 / 255 0 255 255 / 1.01544200 0.00701900
				-1.94778500 4.77938400 -0.05954770 / 0.00000000 -1.00000000 0.00000000 / 255 0 255 255 / 1.01544200 0.00701900
				-2.03372100 4.77938400 -1.61960700 / 0.00000000 -1.00000000 0.00000000 / 255 0 255 255 / -0.94908140 0.27627560
				-2.03372100 4.77938400 -1.61960700 / 0.00000000 -1.00000000 0.00000000 / 255 0 255 255 / -0.94908140 0.27627560
				-1.94778500 4.77938400 -1.61960700 / 0.00000000 -1.00000000 0.00000000 / 255 0 255 255 / -0.94908140 0.00701900
				-3.34768600 4.77938400 -0.05954770 / 0.00000000 -1.00000000 0.00000000 / 255 0 255 255 / -0.25001530 0.04014590
				-3.34768600 4.77938400 -0.05954770 / 0.00000000 -1.00000000 0.00000000 / 255 0 255 255 / -0.25001530 0.04014590
				-3.34768600 4.77938400 -0.05954770 / 0.00000000 -1.00000000 0.00000000 / 255 0 255 255 / -0.25001530 0.04014590
				-3.34768600 4.77938400 -1.61960700 / 0.00000000 -1.00000000 0.00000000 / 255 0 255 255 / 2.36210600 0.04014590
				-3.44094800 -4.78621900 -0.05954770 / -0.68228270 0.73108850 0.00000000 / 255 0 255 255 / 1.15477000 0.48205570
				-3.44094800 -4.78621900 -0.05954770 / -0.68228270 0.73108850 0.00000000 / 255 0 255 255 / 1.15477000 0.48205570
				-3.44094800 -4.78621900 -0.05954770 / -0.68228270 0.73108850 0.00000000 / 255 0 255 255 / 1.15477000 0.48205570
				-3.43362300 4.77938400 -1.61960700 / 0.00000000 -1.00000000 0.00000000 / 255 0 255 255 / 2.36210600 0.35775760
				-3.43362300 4.77938400 -1.61960700 / 0.00000000 -1.00000000 0.00000000 / 255 0 255 255 / 2.36210600 0.35775760
				-3.43362300 4.77938400 -0.05954770 / 0.00000000 -1.00000000 0.00000000 / 255 0 255 255 / -0.25001530 0.35775760
				-3.43362300 4.77938400 -0.05954770 / 0.00000000 -1.00000000 0.00000000 / 255 0 255 255 / -0.25001530 0.35775760
				-3.43362300 4.77938400 -0.05954770 / 0.00000000 -1.00000000 0.00000000 / 255 0 255 255 / -0.25001530 0.35775760
				-3.34573300 4.77938400 0.68556960 / 0.00000000 -1.00000000 0.00000000 / 255 0 255 255 / -1.49768100 0.03257750
				-3.34573300 4.77938400 0.68556960 / 0.00000000 -1.00000000 0.00000000 / 255 0 255 255 / -1.49768100 0.03257750
				-3.43557700 4.77938400 0.77541330 / 0.00000000 -1.00000000 0.00000000 / 255 0 255 255 / -1.64856000 0.36532590
				-3.44094800 4.78621900 -0.05954770 / -1.00000000 0.00000000 0.00000000 / 255 0 255 255 / 1.15477000 0.48205570
				-3.44094800 4.78621900 -0.05954770 / -1.00000000 0.00000000 0.00000000 / 255 0 255 255 / 1.15477000 0.48205570
				-3.44094800 4.78621900 -0.05954770 / -1.00000000 0.00000000 0.00000000 / 255 0 255 255 / 1.15477000 0.48205570
				-3.44094800 4.78621900 -1.61960700 / -1.00000000 0.00000000 0.00000000 / 255 0 255 255 / 1.15477000 1.02322400
				-3.44094800 4.82235200 -1.61960700 / -1.00000000 0.00000000 0.00000000 / 255 0 255 255 / 1.16528300 1.02322400
				-3.44094800 4.82235200 -1.61960700 / -1.00000000 0.00000000 0.00000000 / 255 0 255 255 / 1.16528300 1.02322400
				-3.44094800 4.82235200 -0.05954770 / -1.00000000 0.00000000 0.00000000 / 255 0 255 255 / 1.16528300 0.48205570
				-3.44094800 4.82235200 -0.05954770 / -1.00000000 0.00000000 0.00000000 / 255 0 255 255 / 1.16528300 0.48205570
				-3.44094800 4.82235200 -0.05954770 / -1.00000000 0.00000000 0.00000000 / 255 0 255 255 / 1.16528300 0.48205570
				-3.44094800 4.78621900 0.78078430 / -1.00000000 0.00000000 0.00000000 / 255 0 255 255 / 1.15477000 0.19058230
				-3.44094800 4.78621900 0.78078430 / -1.00000000 0.00000000 0.00000000 / 255 0 255 255 / 1.15477000 0.19058230
				-3.44094800 4.82235200 0.78078430 / -1.00000000 0.00000000 0.00000000 / 255 0 255 255 / 1.16528300 0.19058230
				-3.43362300 -4.77938400 -0.05954770 / -0.68265440 0.73074130 -0.00000610 / 255 0 255 255 / 1.15097000 0.48205570
				-3.43362300 -4.77938400 -0.05954770 / -0.68265440 0.73074130 -0.00000610 / 255 0 255 255 / 1.15097000 0.48205570
				-3.43362300 -4.77938400 -0.05954770 / -0.68265440 0.73074130 -0.00000610 / 255 0 255 255 / 1.15097000 0.48205570
				0.62838780 0.12606290 0.68556960 / 0.00000000 1.00000000 0.00000000 / 255 0 255 255 / 2.34097300 0.98611450
				0.62838780 0.12606290 0.68556960 / 0.00000000 1.00000000 0.00000000 / 255 0 255 255 / 2.34097300 0.98611450
				0.71823160 0.12606290 0.77541330 / 0.00000000 0.99999980 0.00000000 / 255 0 255 255 / 2.49490400 0.75698850
				0.08102450 0.12606290 0.77541330 / 0.00000000 1.00000000 0.00000000 / 255 0 255 255 / 1.40618900 0.75698850
				0.08102450 0.12606290 0.77541330 / 0.00000000 1.00000000 0.00000000 / 255 0 255 255 / 1.40618900 0.75698850
				0.08102450 0.12606290 0.77541330 / 0.00000000 1.00000000 0.00000000 / 255 0 255 255 / 1.40618900 0.75698850
				0.08102450 0.12606290 0.77541330 / 0.00000000 1.00000000 0.00000000 / 255 0 255 255 / 1.40618900 0.75698850
				0.08102450 0.12606290 0.68556960 / 0.00000000 1.00000000 0.00000000 / 255 0 255 255 / 1.40618900 0.98611450
				0.08102450 0.12606290 0.68556960 / 0.00000000 1.00000000 0.00000000 / 255 0 255 255 / 1.40618900 0.98611450
				-0.68167080 0.12606290 0.68556960 / 0.00000000 1.00000000 0.00000000 / 255 0 255 255 / 0.10307310 0.98611450
				-0.68167080 0.12606290 0.68556960 / 0.00000000 1.00000000 0.00000000 / 255 0 255 255 / 0.10307310 0.98611450
				-0.77200280 0.12606290 0.77541330 / 0.00000000 1.00000000 0.00000000 / 255 0 255 255 / -0.05085750 0.75698850
				-0.67678800 0.11873890 -1.61960700 / 1.00000000 0.00000000 0.00000000 / 255 0 255 255 / 1.90327500 0.99926760
				-0.67678800 0.11873890 -1.61960700 / 1.00000000 0.00000000 0.00000000 / 255 0 255 255 / 1.90327500 0.99926760
				-0.67678800 -0.00479600 -1.61960700 / 1.00000000 0.00000000 0.00000000 / 255 0 255 255 / 1.90327500 0.68803400
				-0.67678800 -0.00479600 -0.05954770 / 1.00000000 0.00000000 0.00000000 / 255 0 255 255 / -0.00015260 0.68803400
				-0.67678800 -0.00479600 -0.05954770 / 1.00000000 0.00000000 0.00000000 / 255 0 255 255 / -0.00015260 0.68803400
				-0.67678800 -0.00479600 -0.05954770 / 1.00000000 0.00000000 0.00000000 / 255 0 255 255 / -0.00015260 0.68803400
				-0.67678800 -0.00479600 -0.05954770 / 1.00000000 0.00000000 0.00000000 / 255 0 255 255 / -0.00015260 0.68803400
				-0.67678800 0.11873890 -0.05954770 / 1.00000000 0.00000000 0.00000000 / 255 0 255 255 / -0.00015260 0.99926760
				-0.67678800 0.11873890 -0.05954770 / 1.00000000 0.00000000 0.00000000 / 255 0 255 255 / -0.00015260 0.99926760
			}
		}
		Geometry
		{
			ShaderIndex 2
			Flags -
			VertexDeclaration N51263BB5
			Indices 48
			{
				24 27 28 29 32 25 37 26 33 34 39 38 42 35 30
				40 36 43 31 46 44 45 47 41 0 4 3 5 1 8
				13 9 2 10 14 15 18 6 11 16 19 12 7 20 22
				21 17 23
			}
			Vertices 48
			{
				-3.81253000 4.82235200 -0.05954770 / 1.00000000 0.00000000 0.00000000 / 255 0 255 255 / -1.12641900 0.50000000 / 0.00000000 -1.00000000 0.00000000 -1.00000000
				-3.81253000 4.82235200 -0.05954770 / 1.00000000 0.00000000 0.00000000 / 255 0 255 255 / -1.12641900 0.50000000 / 0.00000000 -1.00000000 0.00000000 -1.00000000
				-3.81253000 4.82235200 -0.05954770 / 1.00000000 0.00000000 0.00000000 / 255 0 255 255 / -1.12641900 0.50000000 / 0.00000000 -1.00000000 0.00000000 -1.00000000
				-3.81253000 4.82235200 -1.61960700 / 1.00000000 0.00000000 0.00000000 / 255 0 255 255 / -1.12641900 1.61210600 / 0.00000000 -1.00000000 0.00000000 -1.00000000
				-3.81253000 2.49276300 -1.61960700 / 0.99999980 0.00000000 0.00000000 / 255 0 255 255 / 0.46931460 1.61210600 / 0.00000000 -1.00000000 0.00000000 -1.00000000
				-3.81253000 2.49276300 -1.61960700 / 0.99999980 0.00000000 0.00000000 / 255 0 255 255 / 0.46931460 1.61210600 / 0.00000000 -1.00000000 0.00000000 -1.00000000
				-3.81253000 2.49276300 -1.61960700 / 0.99999980 0.00000000 0.00000000 / 255 0 255 255 / 0.46931460 1.61210600 / 0.00000000 -1.00000000 0.00000000 -1.00000000
				-3.81253000 2.49276300 -1.61960700 / 0.99999980 0.00000000 0.00000000 / 255 0 255 255 / 0.46931460 1.61210600 / 0.00000000 -1.00000000 0.00000000 -1.00000000
				-3.81253000 2.49276300 -0.05954770 / 1.00000000 0.00000000 0.00000000 / 255 0 255 255 / 0.46931460 0.50000000 / 0.00000000 -1.00000000 0.00000000 -1.00000000
				-3.81253000 2.49276300 -0.05954770 / 1.00000000 0.00000000 0.00000000 / 255 0 255 255 / 0.46931460 0.50000000 / 0.00000000 -1.00000000 0.00000000 -1.00000000
				-3.81253000 2.49276300 -0.05954770 / 1.00000000 0.00000000 0.00000000 / 255 0 255 255 / 0.46931460 0.50000000 / 0.00000000 -1.00000000 0.00000000 -1.00000000
				-3.81253000 2.49276300 -0.05954770 / 1.00000000 0.00000000 0.00000000 / 255 0 255 255 / 0.46931460 0.50000000 / 0.00000000 -1.00000000 0.00000000 -1.00000000
				-3.81253000 2.49276300 -0.05954770 / 1.00000000 0.00000000 0.00000000 / 255 0 255 255 / 0.46931460 0.50000000 / 0.00000000 -1.00000000 0.00000000 -1.00000000
				-3.81253000 4.82235200 1.50051100 / 1.00000000 0.00000000 0.00000000 / 255 0 255 255 / -1.12641900 -0.61210630 / 0.00000000 -1.00000000 0.00000000 -1.00000000
				-3.81253000 4.82235200 1.50051100 / 1.00000000 0.00000000 0.00000000 / 255 0 255 255 / -1.12641900 -0.61210630 / 0.00000000 -1.00000000 0.00000000 -1.00000000
				-3.81253000 2.49276300 1.50051100 / 0.99999980 0.00000000 0.00000000 / 255 0 255 255 / 0.46931460 -0.61210630 / 0.00000000 -1.00000000 0.00000000 -1.00000000
				-3.81253000 2.49276300 1.50051100 / 0.99999980 0.00000000 0.00000000 / 255 0 255 255 / 0.46931460 -0.61210630 / 0.00000000 -1.00000000 0.00000000 -1.00000000
				-3.81253000 2.49276300 1.50051100 / 0.99999980 0.00000000 0.00000000 / 255 0 255 255 / 0.46931460 -0.61210630 / 0.00000000 -1.00000000 0.00000000 -1.00000000
				-3.81253000 0.08260580 -0.05954770 / 1.00000000 0.00000000 0.00000000 / 255 0 255 255 / 2.12025500 0.50000000 / 0.00000000 -1.00000000 0.00000000 -1.00000000
				-3.81253000 0.08260580 -0.05954770 / 1.00000000 0.00000000 0.00000000 / 255 0 255 255 / 2.12025500 0.50000000 / 0.00000000 -1.00000000 0.00000000 -1.00000000
				-3.81253000 0.08260580 -0.05954770 / 1.00000000 0.00000000 0.00000000 / 255 0 255 255 / 2.12025500 0.50000000 / 0.00000000 -1.00000000 0.00000000 -1.00000000
				-3.81253000 0.08260580 -0.05954770 / 1.00000000 0.00000000 0.00000000 / 255 0 255 255 / 2.12025500 0.50000000 / 0.00000000 -1.00000000 0.00000000 -1.00000000
				-3.81253000 0.08260580 -1.61960700 / 1.00000000 0.00000000 0.00000000 / 255 0 255 255 / 2.12025500 1.61210600 / 0.00000000 -1.00000000 0.00000000 -1.00000000
				-3.81253000 0.08260580 1.50051100 / 1.00000000 0.00000000 0.00000000 / 255 0 255 255 / 2.12025500 -0.61210630 / 0.00000000 -1.00000000 0.00000000 -1.00000000
				-3.81253000 -4.82235200 -0.05954770 / 1.00000000 0.00000000 0.00000000 / 255 0 255 255 / -1.12641900 0.50000000 / 0.00000000 1.00000000 0.00000000 1.00000000
				-3.81253000 -4.82235200 -0.05954770 / 1.00000000 0.00000000 0.00000000 / 255 0 255 255 / -1.12641900 0.50000000 / 0.00000000 1.00000000 0.00000000 1.00000000
				-3.81253000 -4.82235200 -0.05954770 / 1.00000000 0.00000000 0.00000000 / 255 0 255 255 / -1.12641900 0.50000000 / 0.00000000 1.00000000 0.00000000 1.00000000
				-3.81253000 -4.82235200 -1.61960700 / 1.00000000 0.00000000 0.00000000 / 255 0 255 255 / -1.12641900 1.61210600 / 0.00000000 1.00000000 0.00000000 1.00000000
				-3.81253000 -2.49276300 -1.61960700 / 0.99999980 0.00000000 0.00000000 / 255 0 255 255 / 0.46931460 1.61210600 / 0.00000000 1.00000000 0.00000000 1.00000000
				-3.81253000 -2.49276300 -1.61960700 / 0.99999980 0.00000000 0.00000000 / 255 0 255 255 / 0.46931460 1.61210600 / 0.00000000 1.00000000 0.00000000 1.00000000
				-3.81253000 -2.49276300 -1.61960700 / 0.99999980 0.00000000 0.00000000 / 255 0 255 255 / 0.46931460 1.61210600 / 0.00000000 1.00000000 0.00000000 1.00000000
				-3.81253000 -2.49276300 -1.61960700 / 0.99999980 0.00000000 0.00000000 / 255 0 255 255 / 0.46931460 1.61210600 / 0.00000000 1.00000000 0.00000000 1.00000000
				-3.81253000 -2.49276300 -0.05954770 / 1.00000000 0.00000000 0.00000000 / 255 0 255 255 / 0.46931460 0.50000000 / 0.00000000 1.00000000 0.00000000 1.00000000
				-3.81253000 -2.49276300 -0.05954770 / 1.00000000 0.00000000 0.00000000 / 255 0 255 255 / 0.46931460 0.50000000 / 0.00000000 1.00000000 0.00000000 1.00000000
				-3.81253000 -2.49276300 -0.05954770 / 1.00000000 0.00000000 0.00000000 / 255 0 255 255 / 0.46931460 0.50000000 / 0.00000000 1.00000000 0.00000000 1.00000000
				-3.81253000 -2.49276300 -0.05954770 / 1.00000000 0.00000000 0.00000000 / 255 0 255 255 / 0.46931460 0.50000000 / 0.00000000 1.00000000 0.00000000 1.00000000
				-3.81253000 -2.49276300 -0.05954770 / 1.00000000 0.00000000 0.00000000 / 255 0 255 255 / 0.46931460 0.50000000 / 0.00000000 1.00000000 0.00000000 1.00000000
				-3.81253000 -4.82235200 1.50051100 / 1.00000000 0.00000000 0.00000000 / 255 0 255 255 / -1.12641900 -0.61210630 / 0.00000000 1.00000000 0.00000000 1.00000000
				-3.81253000 -4.82235200 1.50051100 / 1.00000000 0.00000000 0.00000000 / 255 0 255 255 / -1.12641900 -0.61210630 / 0.00000000 1.00000000 0.00000000 1.00000000
				-3.81253000 -2.49276300 1.50051100 / 0.99999980 0.00000000 0.00000000 / 255 0 255 255 / 0.46931460 -0.61210630 / 0.00000000 1.00000000 0.00000000 1.00000000
				-3.81253000 -2.49276300 1.50051100 / 0.99999980 0.00000000 0.00000000 / 255 0 255 255 / 0.46931460 -0.61210630 / 0.00000000 1.00000000 0.00000000 1.00000000
				-3.81253000 -2.49276300 1.50051100 / 0.99999980 0.00000000 0.00000000 / 255 0 255 255 / 0.46931460 -0.61210630 / 0.00000000 1.00000000 0.00000000 1.00000000
				-3.81253000 -0.08260580 -0.05954770 / 1.00000000 0.00000000 0.00000000 / 255 0 255 255 / 2.12025500 0.50000000 / 0.00000000 1.00000000 0.00000000 1.00000000
				-3.81253000 -0.08260580 -0.05954770 / 1.00000000 0.00000000 0.00000000 / 255 0 255 255 / 2.12025500 0.50000000 / 0.00000000 1.00000000 0.00000000 1.00000000
				-3.81253000 -0.08260580 -0.05954770 / 1.00000000 0.00000000 0.00000000 / 255 0 255 255 / 2.12025500 0.50000000 / 0.00000000 1.00000000 0.00000000 1.00000000
				-3.81253000 -0.08260580 -0.05954770 / 1.00000000 0.00000000 0.00000000 / 255 0 255 255 / 2.12025500 0.50000000 / 0.00000000 1.00000000 0.00000000 1.00000000
				-3.81253000 -0.08260580 -1.61960700 / 1.00000000 0.00000000 0.00000000 / 255 0 255 255 / 2.12025500 1.61210600 / 0.00000000 1.00000000 0.00000000 1.00000000
				-3.81253000 -0.08260580 1.50051100 / 1.00000000 0.00000000 0.00000000 / 255 0 255 255 / 2.12025500 -0.61210630 / 0.00000000 1.00000000 0.00000000 1.00000000
			}
		}
		Geometry
		{
			ShaderIndex 3
			Flags -
			VertexDeclaration N209731BE
			Indices 96
			{
				48 51 52 53 55 49 61 50 56 57 54 63 58 66 62
				64 69 59 67 60 70 71 65 75 72 78 68 76 81 73
				79 74 82 83 77 87 84 89 80 88 92 85 90 86 93
				94 95 91 0 4 3 5 1 7 13 8 2 9 15 6
				10 14 18 16 11 21 19 22 12 23 27 17 24 20 30
				28 25 33 31 34 26 35 39 29 36 32 41 40 37 44
				42 45 38 46 43 47
			}
			Vertices 96
			{
				3.97457900 2.49276300 1.50051100 / 0.00000000 0.00000000 -1.00000000 / 255 0 255 255 / 1.96592700 0.14762880
				3.97457900 2.49276300 1.50051100 / 0.00000000 0.00000000 -1.00000000 / 255 0 255 255 / 1.96592700 0.14762880
				3.97457900 2.49276300 1.50051100 / 0.00000000 0.00000000 -1.00000000 / 255 0 255 255 / 1.96592700 0.14762880
				3.97457900 4.82235200 1.50051100 / 0.00000000 0.00000000 -1.00000000 / 255 0 255 255 / 2.20028700 0.96604920
				2.69040000 4.82235200 1.50051100 / 0.00000000 0.00000000 -1.00000000 / 255 0 255 255 / 1.71814000 1.08694500
				2.69040000 4.82235200 1.50051100 / 0.00000000 0.00000000 -1.00000000 / 255 0 255 255 / 1.71814000 1.08694500
				2.69040000 4.82235200 1.50051100 / 0.00000000 0.00000000 -1.00000000 / 255 0 255 255 / 1.71814000 1.08694500
				2.69040000 2.49276300 1.50051100 / 0.00000000 0.00000000 -0.99999980 / 255 0 255 255 / 1.48378000 0.26852420
				2.69040000 2.49276300 1.50051100 / 0.00000000 0.00000000 -0.99999980 / 255 0 255 255 / 1.48378000 0.26852420
				2.69040000 2.49276300 1.50051100 / 0.00000000 0.00000000 -0.99999980 / 255 0 255 255 / 1.48378000 0.26852420
				2.69040000 2.49276300 1.50051100 / 0.00000000 0.00000000 -0.99999980 / 255 0 255 255 / 1.48378000 0.26852420
				2.69040000 2.49276300 1.50051100 / 0.00000000 0.00000000 -0.99999980 / 255 0 255 255 / 1.48378000 0.26852420
				2.69040000 2.49276300 1.50051100 / 0.00000000 0.00000000 -0.99999980 / 255 0 255 255 / 1.48378000 0.26852420
				3.97457900 0.08260580 1.50051100 / 0.00000000 0.00000000 -0.99999980 / 255 0 255 255 / 1.72346500 -0.69911200
				3.97457900 0.08260580 1.50051100 / 0.00000000 0.00000000 -0.99999980 / 255 0 255 255 / 1.72346500 -0.69911200
				0.08102450 4.82235200 1.50051100 / 0.00000000 0.00000000 -1.00000000 / 255 0 255 255 / 0.73841860 1.33258100
				0.08102450 4.82235200 1.50051100 / 0.00000000 0.00000000 -1.00000000 / 255 0 255 255 / 0.73841860 1.33258100
				0.08102450 4.82235200 1.50051100 / 0.00000000 0.00000000 -1.00000000 / 255 0 255 255 / 0.73841860 1.33258100
				2.69040000 0.08260580 1.50051100 / 0.00000000 0.00000000 -1.00000000 / 255 0 255 255 / 1.24130200 -0.57821650
				2.69040000 0.08260580 1.50051100 / 0.00000000 0.00000000 -1.00000000 / 255 0 255 255 / 1.24130200 -0.57821650
				2.69040000 0.08260580 1.50051100 / 0.00000000 0.00000000 -1.00000000 / 255 0 255 255 / 1.24130200 -0.57821650
				0.08102450 2.49276300 1.50051100 / 0.00000000 0.00000000 -1.00000000 / 255 0 255 255 / 0.50405880 0.51416020
				0.08102450 2.49276300 1.50051100 / 0.00000000 0.00000000 -1.00000000 / 255 0 255 255 / 0.50405880 0.51416020
				0.08102450 2.49276300 1.50051100 / 0.00000000 0.00000000 -1.00000000 / 255 0 255 255 / 0.50405880 0.51416020
				0.08102450 2.49276300 1.50051100 / 0.00000000 0.00000000 -1.00000000 / 255 0 255 255 / 0.50405880 0.51416020
				0.08102450 2.49276300 1.50051100 / 0.00000000 0.00000000 -1.00000000 / 255 0 255 255 / 0.50405880 0.51416020
				0.08102450 2.49276300 1.50051100 / 0.00000000 0.00000000 -1.00000000 / 255 0 255 255 / 0.50405880 0.51416020
				-2.65823400 4.82235200 1.50051100 / 0.00000000 0.00000000 -1.00000000 / 255 0 255 255 / -0.29014590 1.59046900
				-2.65823400 4.82235200 1.50051100 / 0.00000000 0.00000000 -1.00000000 / 255 0 255 255 / -0.29014590 1.59046900
				-2.65823400 4.82235200 1.50051100 / 0.00000000 0.00000000 -1.00000000 / 255 0 255 255 / -0.29014590 1.59046900
				0.08102450 0.08260580 1.50051100 / 0.00000000 0.00000000 -1.00000000 / 255 0 255 255 / 0.26158140 -0.33258060
				0.08102450 0.08260580 1.50051100 / 0.00000000 0.00000000 -1.00000000 / 255 0 255 255 / 0.26158140 -0.33258060
				0.08102450 0.08260580 1.50051100 / 0.00000000 0.00000000 -1.00000000 / 255 0 255 255 / 0.26158140 -0.33258060
				-2.65823400 2.49276300 1.50051100 / 0.00000000 0.00000000 -1.00000000 / 255 0 255 255 / -0.52450560 0.77204900
				-2.65823400 2.49276300 1.50051100 / 0.00000000 0.00000000 -1.00000000 / 255 0 255 255 / -0.52450560 0.77204900
				-2.65823400 2.49276300 1.50051100 / 0.00000000 0.00000000 -1.00000000 / 255 0 255 255 / -0.52450560 0.77204900
				-2.65823400 2.49276300 1.50051100 / 0.00000000 0.00000000 -1.00000000 / 255 0 255 255 / -0.52450560 0.77204900
				-2.65823400 2.49276300 1.50051100 / 0.00000000 0.00000000 -1.00000000 / 255 0 255 255 / -0.52450560 0.77204900
				-2.65823400 2.49276300 1.50051100 / 0.00000000 0.00000000 -1.00000000 / 255 0 255 255 / -0.52450560 0.77204900
				-3.81253000 4.82235200 1.50051100 / 0.00000000 0.00000000 -1.00000000 / 255 0 255 255 / -0.72346500 1.69911200
				-3.81253000 4.82235200 1.50051100 / 0.00000000 0.00000000 -1.00000000 / 255 0 255 255 / -0.72346500 1.69911200
				-2.65823400 0.08260580 1.50051100 / 0.00000000 0.00000000 -1.00000000 / 255 0 255 255 / -0.76698300 -0.07469180
				-2.65823400 0.08260580 1.50051100 / 0.00000000 0.00000000 -1.00000000 / 255 0 255 255 / -0.76698300 -0.07469180
				-2.65823400 0.08260580 1.50051100 / 0.00000000 0.00000000 -1.00000000 / 255 0 255 255 / -0.76698300 -0.07469180
				-3.81253000 2.49276300 1.50051100 / 0.00000000 0.00000000 -1.00000000 / 255 0 255 255 / -0.95782470 0.88069150
				-3.81253000 2.49276300 1.50051100 / 0.00000000 0.00000000 -1.00000000 / 255 0 255 255 / -0.95782470 0.88069150
				-3.81253000 2.49276300 1.50051100 / 0.00000000 0.00000000 -1.00000000 / 255 0 255 255 / -0.95782470 0.88069150
				-3.81253000 0.08260580 1.50051100 / 0.00000000 0.00000000 -1.00000000 / 255 0 255 255 / -1.20028700 0.03395080
				3.97457900 -2.49276300 1.50051100 / 0.00000000 0.00000000 -1.00000000 / 255 0 255 255 / 1.96592700 0.14762880
				3.97457900 -2.49276300 1.50051100 / 0.00000000 0.00000000 -1.00000000 / 255 0 255 255 / 1.96592700 0.14762880
				3.97457900 -2.49276300 1.50051100 / 0.00000000 0.00000000 -1.00000000 / 255 0 255 255 / 1.96592700 0.14762880
				3.97457900 -4.82235200 1.50051100 / 0.00000000 0.00000000 -1.00000000 / 255 0 255 255 / 2.20028700 0.96604920
				2.69040000 -4.82235200 1.50051100 / 0.00000000 0.00000000 -1.00000000 / 255 0 255 255 / 1.71814000 1.08694500
				2.69040000 -4.82235200 1.50051100 / 0.00000000 0.00000000 -1.00000000 / 255 0 255 255 / 1.71814000 1.08694500
				2.69040000 -4.82235200 1.50051100 / 0.00000000 0.00000000 -1.00000000 / 255 0 255 255 / 1.71814000 1.08694500
				2.69040000 -2.49276300 1.50051100 / 0.00000000 0.00000000 -0.99999980 / 255 0 255 255 / 1.48378000 0.26852420
				2.69040000 -2.49276300 1.50051100 / 0.00000000 0.00000000 -0.99999980 / 255 0 255 255 / 1.48378000 0.26852420
				2.69040000 -2.49276300 1.50051100 / 0.00000000 0.00000000 -0.99999980 / 255 0 255 255 / 1.48378000 0.26852420
				2.69040000 -2.49276300 1.50051100 / 0.00000000 0.00000000 -0.99999980 / 255 0 255 255 / 1.48378000 0.26852420
				2.69040000 -2.49276300 1.50051100 / 0.00000000 0.00000000 -0.99999980 / 255 0 255 255 / 1.48378000 0.26852420
				2.69040000 -2.49276300 1.50051100 / 0.00000000 0.00000000 -0.99999980 / 255 0 255 255 / 1.48378000 0.26852420
				3.97457900 -0.08260580 1.50051100 / 0.00000000 0.00000000 -0.99999980 / 255 0 255 255 / 1.72346500 -0.69911200
				3.97457900 -0.08260580 1.50051100 / 0.00000000 0.00000000 -0.99999980 / 255 0 255 255 / 1.72346500 -0.69911200
				0.08102450 -4.82235200 1.50051100 / 0.00000000 0.00000000 -1.00000000 / 255 0 255 255 / 0.73841860 1.33258100
				0.08102450 -4.82235200 1.50051100 / 0.00000000 0.00000000 -1.00000000 / 255 0 255 255 / 0.73841860 1.33258100
				0.08102450 -4.82235200 1.50051100 / 0.00000000 0.00000000 -1.00000000 / 255 0 255 255 / 0.73841860 1.33258100
				2.69040000 -0.08260580 1.50051100 / 0.00000000 0.00000000 -1.00000000 / 255 0 255 255 / 1.24130200 -0.57821650
				2.69040000 -0.08260580 1.50051100 / 0.00000000 0.00000000 -1.00000000 / 255 0 255 255 / 1.24130200 -0.57821650
				2.69040000 -0.08260580 1.50051100 / 0.00000000 0.00000000 -1.00000000 / 255 0 255 255 / 1.24130200 -0.57821650
				0.08102450 -2.49276300 1.50051100 / 0.00000000 0.00000000 -1.00000000 / 255 0 255 255 / 0.50405880 0.51416020
				0.08102450 -2.49276300 1.50051100 / 0.00000000 0.00000000 -1.00000000 / 255 0 255 255 / 0.50405880 0.51416020
				0.08102450 -2.49276300 1.50051100 / 0.00000000 0.00000000 -1.00000000 / 255 0 255 255 / 0.50405880 0.51416020
				0.08102450 -2.49276300 1.50051100 / 0.00000000 0.00000000 -1.00000000 / 255 0 255 255 / 0.50405880 0.51416020
				0.08102450 -2.49276300 1.50051100 / 0.00000000 0.00000000 -1.00000000 / 255 0 255 255 / 0.50405880 0.51416020
				0.08102450 -2.49276300 1.50051100 / 0.00000000 0.00000000 -1.00000000 / 255 0 255 255 / 0.50405880 0.51416020
				-2.65823400 -4.82235200 1.50051100 / 0.00000000 0.00000000 -1.00000000 / 255 0 255 255 / -0.29014590 1.59046900
				-2.65823400 -4.82235200 1.50051100 / 0.00000000 0.00000000 -1.00000000 / 255 0 255 255 / -0.29014590 1.59046900
				-2.65823400 -4.82235200 1.50051100 / 0.00000000 0.00000000 -1.00000000 / 255 0 255 255 / -0.29014590 1.59046900
				0.08102450 -0.08260580 1.50051100 / 0.00000000 0.00000000 -1.00000000 / 255 0 255 255 / 0.26158140 -0.33258060
				0.08102450 -0.08260580 1.50051100 / 0.00000000 0.00000000 -1.00000000 / 255 0 255 255 / 0.26158140 -0.33258060
				0.08102450 -0.08260580 1.50051100 / 0.00000000 0.00000000 -1.00000000 / 255 0 255 255 / 0.26158140 -0.33258060
				-2.65823400 -2.49276300 1.50051100 / 0.00000000 0.00000000 -1.00000000 / 255 0 255 255 / -0.52450560 0.77204900
				-2.65823400 -2.49276300 1.50051100 / 0.00000000 0.00000000 -1.00000000 / 255 0 255 255 / -0.52450560 0.77204900
				-2.65823400 -2.49276300 1.50051100 / 0.00000000 0.00000000 -1.00000000 / 255 0 255 255 / -0.52450560 0.77204900
				-2.65823400 -2.49276300 1.50051100 / 0.00000000 0.00000000 -1.00000000 / 255 0 255 255 / -0.52450560 0.77204900
				-2.65823400 -2.49276300 1.50051100 / 0.00000000 0.00000000 -1.00000000 / 255 0 255 255 / -0.52450560 0.77204900
				-2.65823400 -2.49276300 1.50051100 / 0.00000000 0.00000000 -1.00000000 / 255 0 255 255 / -0.52450560 0.77204900
				-3.81253000 -4.82235200 1.50051100 / 0.00000000 0.00000000 -1.00000000 / 255 0 255 255 / -0.72346500 1.69911200
				-3.81253000 -4.82235200 1.50051100 / 0.00000000 0.00000000 -1.00000000 / 255 0 255 255 / -0.72346500 1.69911200
				-2.65823400 -0.08260580 1.50051100 / 0.00000000 0.00000000 -1.00000000 / 255 0 255 255 / -0.76698300 -0.07469180
				-2.65823400 -0.08260580 1.50051100 / 0.00000000 0.00000000 -1.00000000 / 255 0 255 255 / -0.76698300 -0.07469180
				-2.65823400 -0.08260580 1.50051100 / 0.00000000 0.00000000 -1.00000000 / 255 0 255 255 / -0.76698300 -0.07469180
				-3.81253000 -2.49276300 1.50051100 / 0.00000000 0.00000000 -1.00000000 / 255 0 255 255 / -0.95782470 0.88069150
				-3.81253000 -2.49276300 1.50051100 / 0.00000000 0.00000000 -1.00000000 / 255 0 255 255 / -0.95782470 0.88069150
				-3.81253000 -2.49276300 1.50051100 / 0.00000000 0.00000000 -1.00000000 / 255 0 255 255 / -0.95782470 0.88069150
				-3.81253000 -0.08260580 1.50051100 / 0.00000000 0.00000000 -1.00000000 / 255 0 255 255 / -1.20028700 0.03395080
			}
		}
		Geometry
		{
			ShaderIndex 4
			Flags -
			VertexDeclaration N51263BB5
			Indices 624
			{
				290 292 293 294 295 291 296 298 299 300 301 297 302 304 305
				306 307 303 308 310 311 312 313 309 314 316 317 318 319 315
				320 322 323 324 326 321 327 325 329 330 331 328 332 334 335
				336 338 333 339 337 341 342 344 340 348 345 343 346 349 350
				351 352 347 353 356 358 354 359 357 355 362 360 363 369 361
				364 371 370 365 373 372 366 375 374 367 377 376 368 380 378
				381 384 379 382 386 385 383 388 387 389 392 394 390 395 393
				391 398 396 399 405 397 400 407 406 401 409 408 402 411 410
				403 413 412 404 416 414 417 420 415 418 422 421 419 424 423
				425 428 430 426 431 429 427 437 432 438 440 441 439 442 433
				443 444 434 445 446 435 447 448 436 449 452 453 450 454 456
				455 461 457 462 463 458 466 451 459 467 460 464 468 465 472
				469 473 474 470 475 476 471 477 478 479 482 483 484 487 480
				492 481 488 489 494 493 497 490 485 495 491 498 486 501 499
				500 502 496 503 506 507 508 511 504 516 505 512 513 518 517
				521 514 509 519 515 522 510 525 523 524 526 520 555 556 527
				527 530 555 560 531 566 566 577 560 549 533 570 570 574 549
				538 536 547 547 544 538 543 553 550 550 540 543 572 575 548
				548 537 572 542 539 545 545 546 542 554 534 551 558 528 557
				564 532 561 559 578 567 567 529 559 535 565 562 535 562 568
				535 568 571 576 573 541 541 552 576 569 563 579 0 3 2
				4 1 5 6 9 8 10 7 11 12 15 14 16 13 17
				18 21 20 22 19 23 24 27 26 28 25 29 30 33 32
				34 31 36 37 39 35 40 38 41 42 45 44 46 43 48
				49 51 47 52 50 54 58 53 55 56 60 59 61 57 62
				63 68 66 64 67 69 65 70 72 73 71 79 74 80 81
				75 82 83 76 84 85 77 86 87 78 88 90 91 89 94
				92 95 96 93 97 98 99 104 102 100 103 105 101 106 108
				109 107 115 110 116 117 111 118 119 112 120 121 113 122 123
				114 124 126 127 125 130 128 131 132 129 133 134 135 140 138
				136 139 141 137 142 147 148 151 150 149 143 152 153 144 154
				155 145 156 157 146 158 159 163 162 160 166 164 165 167 171
				172 168 173 176 169 161 177 174 170 178 182 175 179 184 183
				180 186 185 181 188 187 189 193 192 194 190 197 202 198 191
				199 203 204 207 195 200 205 208 201 196 209 211 210 206 212
				213 217 216 218 214 221 226 222 215 223 227 228 231 219 224
				229 232 225 220 233 235 234 230 236 241 240 237 237 242 241
				251 248 246 246 244 251 263 260 258 258 255 263 273 271 269
				269 267 273 275 278 264 264 276 275 280 268 270 270 261 280
				283 282 272 272 274 283 277 265 256 284 243 238 286 252 245
				285 239 247 247 249 285 257 259 288 257 288 253 257 253 287
				262 266 279 279 281 262 289 250 254
			}
			Vertices 580
			{
				0.08102450 4.82235200 -0.83444990 / 0.00000000 -0.54069900 0.84121610 / 255 0 255 255 / 0.50000000 1.09698500 / -0.99999980 -0.00031660 -0.00020350 -1.00000000
				0.08102450 4.82235200 -0.83444990 / 0.00000000 -0.54069900 0.84121610 / 255 0 255 255 / 0.50000000 1.09698500 / -0.99999980 -0.00031660 -0.00020350 -1.00000000
				-0.84329190 4.82235200 -0.83444990 / 0.00000000 -0.54069900 0.84121610 / 255 0 255 255 / 1.21429400 1.09672500 / -0.99999970 -0.00063310 -0.00040690 -1.00000000
				-0.83743240 4.82918900 -0.83005550 / 0.00000000 -0.54069900 0.84121610 / 255 0 255 255 / 1.20990000 1.09368900 / -0.99999980 -0.00031660 -0.00020350 -1.00000000
				-0.83743240 4.82918900 -0.83005550 / 0.00000000 -0.54069900 0.84121610 / 255 0 255 255 / 1.20990000 1.09368900 / -0.99999980 -0.00031660 -0.00020350 -1.00000000
				0.08102450 4.82918900 -0.83005550 / 0.00000000 -0.54069910 0.84121610 / 255 0 255 255 / 0.50000000 1.09368900 / -1.00000000 0.00000000 0.00000000 -1.00000000
				0.08102450 4.82918900 1.39650700 / 0.00018620 -0.07130290 -0.99745470 / 255 0 255 255 / 0.50000000 -0.56838990 / -0.99999840 -0.00179330 -0.00005850 -1.00000000
				0.08102450 4.82918900 1.39650700 / 0.00018620 -0.07130290 -0.99745470 / 255 0 255 255 / 0.50000000 -0.56838990 / -0.99999840 -0.00179330 -0.00005850 -1.00000000
				0.08102450 4.82235200 1.39699500 / 0.00018660 -0.07118520 -0.99746310 / 255 0 255 255 / 0.50000000 -0.56872560 / -0.99999360 -0.00357330 0.00006800 -1.00000000
				2.69040000 4.82235200 1.39748300 / 0.00000030 -0.14120160 -0.98998090 / 255 0 255 255 / -1.51646400 -0.56918340 / -0.99999850 -0.00175590 0.00025010 -1.00000000
				2.69040000 4.82235200 1.39748300 / 0.00000030 -0.14120160 -0.98998090 / 255 0 255 255 / -1.51646400 -0.56918340 / -0.99999850 -0.00175590 0.00025010 -1.00000000
				2.69040000 4.82918900 1.39650700 / 0.00000000 -0.14131740 -0.98996430 / 255 0 255 255 / -1.51646400 -0.56838990 / -1.00000000 0.00000000 0.00000000 -1.00000000
				0.08102450 4.82235200 -0.83444990 / 0.00000060 -0.54086930 0.84110670 / 255 0 255 255 / 0.50000000 1.09698500 / -1.00000000 -0.00016020 -0.00010220 -1.00000000
				0.08102450 4.82235200 -0.83444990 / 0.00000060 -0.54086930 0.84110670 / 255 0 255 255 / 0.50000000 1.09698500 / -1.00000000 -0.00016020 -0.00010220 -1.00000000
				0.08102450 4.82918900 -0.83005550 / 0.00000000 -0.54069910 0.84121610 / 255 0 255 255 / 0.50000000 1.09368900 / -1.00000000 0.00000000 0.00000000 -1.00000000
				2.69040000 4.82918900 -0.83005550 / 0.00029370 -0.61762030 0.78647630 / 255 0 255 255 / -1.51646400 1.09368900 / -0.99999980 -0.00032060 0.00012170 -1.00000000
				2.69040000 4.82918900 -0.83005550 / 0.00029370 -0.61762030 0.78647630 / 255 0 255 255 / -1.51646400 1.09368900 / -0.99999980 -0.00032060 0.00012170 -1.00000000
				2.69040000 4.82235200 -0.83542660 / 0.00029430 -0.61776820 0.78636010 / 255 0 255 255 / -1.51646400 1.09768700 / -0.99999980 -0.00046010 0.00001280 -1.00000000
				3.38864100 4.82918900 1.39650700 / 0.00067370 -0.20841590 -0.97804000 / 255 0 255 255 / -2.05627400 -0.56838990 / -0.99999960 -0.00071670 -0.00053610 -1.00000000
				3.38864100 4.82918900 1.39650700 / 0.00067370 -0.20841590 -0.97804000 / 255 0 255 255 / -2.05627400 -0.56838990 / -0.99999960 -0.00071670 -0.00053610 -1.00000000
				2.69040000 4.82918900 1.39650700 / 0.00000000 -0.14131740 -0.98996430 / 255 0 255 255 / -1.51646400 -0.56838990 / -1.00000000 0.00000000 0.00000000 -1.00000000
				2.69040000 4.82235200 1.39748300 / 0.00000430 -0.14174900 -0.98990260 / 255 0 255 255 / -1.51646400 -0.56918340 / -0.99999980 -0.00060520 0.00008230 -1.00000000
				2.69040000 4.82235200 1.39748300 / 0.00000430 -0.14174900 -0.98990260 / 255 0 255 255 / -1.51646400 -0.56918340 / -0.99999980 -0.00060520 0.00008230 -1.00000000
				3.39596600 4.82235200 1.39797100 / 0.00067650 -0.20869410 -0.97798080 / 255 0 255 255 / -2.06160000 -0.56930540 / -0.99999910 -0.00129310 -0.00041580 -1.00000000
				2.69040000 4.82235200 -0.83542660 / 0.00000430 -0.61804180 0.78614530 / 255 0 255 255 / -1.51646400 1.09768700 / -1.00000000 -0.00007140 -0.00005060 -1.00000000
				2.69040000 4.82235200 -0.83542660 / 0.00000430 -0.61804180 0.78614530 / 255 0 255 255 / -1.51646400 1.09768700 / -1.00000000 -0.00007140 -0.00005060 -1.00000000
				2.69040000 4.82918900 -0.83005550 / 0.00000000 -0.61776830 0.78636020 / 255 0 255 255 / -1.51646400 1.09368900 / -1.00000000 0.00000000 0.00000000 -1.00000000
				3.38864100 4.82918900 -0.83005550 / 0.00052450 -0.65034540 0.75963840 / 255 0 255 255 / -2.05627400 1.09368900 / -0.99999980 -0.00039920 0.00034880 -1.00000000
				3.38864100 4.82918900 -0.83005550 / 0.00052450 -0.65034540 0.75963840 / 255 0 255 255 / -2.05627400 1.09368900 / -0.99999980 -0.00039920 0.00034880 -1.00000000
				3.39303700 4.82235200 -0.83591490 / 0.00052780 -0.65054330 0.75946890 / 255 0 255 255 / -2.05949400 1.09788500 / -0.99999980 -0.00045930 0.00030150 -1.00000000
				3.38864100 4.82918900 1.39650700 / -0.68238100 -0.73099670 0.00000000 / 255 0 255 255 / -2.05627400 -0.56838990 / -0.73094450 0.68233220 -0.01194140 -1.00000000
				3.38864100 4.82918900 1.39650700 / -0.68238100 -0.73099670 0.00000000 / 255 0 255 255 / -2.05627400 -0.56838990 / -0.73094450 0.68233220 -0.01194140 -1.00000000
				3.39596600 4.82235200 1.39797100 / -0.68238100 -0.73099670 0.00000000 / 255 0 255 255 / -2.06160000 -0.56930540 / -0.73079170 0.68218970 -0.02367720 -1.00000000
				3.39596600 4.82235200 -0.05954770 / -0.68238030 -0.73099610 0.00128610 / 255 0 255 255 / -2.06169100 0.51847840 / -0.73098050 0.68235160 -0.00798380 -1.00000000
				3.39596600 4.82235200 -0.05954770 / -0.68238030 -0.73099610 0.00128610 / 255 0 255 255 / -2.06169100 0.51847840 / -0.73098050 0.68235160 -0.00798380 -1.00000000
				3.39596600 4.82235200 -0.05954770 / -0.68238030 -0.73099610 0.00128610 / 255 0 255 255 / -2.06169100 0.51847840 / -0.73098050 0.68235160 -0.00798380 -1.00000000
				3.38864100 4.82918900 -0.05954770 / -0.68297920 -0.73043680 0.00127890 / 255 0 255 255 / -2.05627400 0.51847840 / -0.73037250 0.68294030 0.01218660 -1.00000000
				3.38864100 4.82918900 -0.05954770 / -0.68297920 -0.73043680 0.00127890 / 255 0 255 255 / -2.05627400 0.51847840 / -0.73037250 0.68294030 0.01218660 -1.00000000
				3.38864100 4.82918900 -0.05954770 / -0.68297920 -0.73043680 0.00127890 / 255 0 255 255 / -2.05627400 0.51847840 / -0.73037250 0.68294030 0.01218660 -1.00000000
				3.39303700 4.82235200 -0.83591490 / -0.83937170 -0.54355810 0.00003500 / 255 0 255 255 / -2.05949400 1.09788500 / -0.54347750 0.83924840 0.01715800 -1.00000000
				3.39303700 4.82235200 -0.83591490 / -0.83937170 -0.54355810 0.00003500 / 255 0 255 255 / -2.05949400 1.09788500 / -0.54347750 0.83924840 0.01715800 -1.00000000
				3.38864100 4.82918900 -0.83005550 / -0.84118600 -0.54074570 0.00000000 / 255 0 255 255 / -2.05627400 1.09368900 / -0.54051270 0.84082370 0.02935270 -1.00000000
				-0.83743240 4.82918900 -0.83005550 / 0.75838010 -0.65181090 0.00142530 / 255 0 255 255 / 1.20990000 1.09368900 / -0.65167360 -0.75826190 -0.01898590 -1.00000000
				-0.83743240 4.82918900 -0.83005550 / 0.75838010 -0.65181090 0.00142530 / 255 0 255 255 / 1.20990000 1.09368900 / -0.65167360 -0.75826190 -0.01898590 -1.00000000
				-0.84329190 4.82235200 -0.83444990 / 0.75884160 -0.65127360 0.00143440 / 255 0 255 255 / 1.21429400 1.09672500 / -0.65080910 -0.75838010 -0.03615370 -1.00000000
				-0.84475670 4.82235200 -0.05954770 / 0.68266930 -0.73072730 -0.00022410 / 255 0 255 255 / 1.21533200 0.51847840 / -0.73066840 -0.68261040 -0.01290910 -1.00000000
				-0.84475670 4.82235200 -0.05954770 / 0.68266930 -0.73072730 -0.00022410 / 255 0 255 255 / 1.21533200 0.51847840 / -0.73066840 -0.68261040 -0.01290910 -1.00000000
				-0.84475670 4.82235200 -0.05954770 / 0.68266930 -0.73072730 -0.00022410 / 255 0 255 255 / 1.21533200 0.51847840 / -0.73066840 -0.68261040 -0.01290910 -1.00000000
				-0.83743240 4.82918900 -0.05954770 / 0.68252860 -0.73085870 -0.00022790 / 255 0 255 255 / 1.20991500 0.51847840 / -0.73085870 -0.68252860 -0.00015380 -1.00000000
				-0.83743240 4.82918900 -0.05954770 / 0.68252860 -0.73085870 -0.00022790 / 255 0 255 255 / 1.20991500 0.51847840 / -0.73085870 -0.68252860 -0.00015380 -1.00000000
				-0.83743240 4.82918900 -0.05954770 / 0.68252860 -0.73085870 -0.00022790 / 255 0 255 255 / 1.20991500 0.51847840 / -0.73085870 -0.68252860 -0.00015380 -1.00000000
				-0.84378020 4.82235200 1.39308900 / 0.73868130 -0.67005090 0.07336170 / 255 0 255 255 / 1.21469100 -0.56584170 / -0.67236070 -0.74015940 0.00975770 -1.00000000
				-0.84378020 4.82235200 1.39308900 / 0.73868130 -0.67005090 0.07336170 / 255 0 255 255 / 1.21469100 -0.56584170 / -0.67236070 -0.74015940 0.00975770 -1.00000000
				-0.84378020 4.82235200 1.39308900 / 0.73868130 -0.67005090 0.07336170 / 255 0 255 255 / 1.21469100 -0.56584170 / -0.67236070 -0.74015940 0.00975770 -1.00000000
				-0.83792080 4.82918900 1.39650700 / 0.42359550 -0.43453950 -0.79482210 / 255 0 255 255 / 1.20996100 -0.56838990 / -0.82025120 -0.55632700 -0.13299660 -1.00000000
				-0.83792080 4.82918900 1.39650700 / 0.42359550 -0.43453950 -0.79482210 / 255 0 255 255 / 1.20996100 -0.56838990 / -0.82025120 -0.55632700 -0.13299660 -1.00000000
				-0.83792080 4.82918900 1.39650700 / 0.42359550 -0.43453950 -0.79482210 / 255 0 255 255 / 1.20996100 -0.56838990 / -0.82025120 -0.55632700 -0.13299660 -1.00000000
				-0.83792080 4.82918900 1.39650700 / 0.42359550 -0.43453950 -0.79482210 / 255 0 255 255 / 1.20996100 -0.56838990 / -0.82025120 -0.55632700 -0.13299660 -1.00000000
				-0.84475670 4.82235200 1.39699500 / 0.64304100 -0.66948480 -0.37187140 / 255 0 255 255 / 1.21537800 -0.56857300 / -0.74339130 -0.66235610 -0.09302590 -1.00000000
				-0.84475670 4.82235200 1.39699500 / 0.64304100 -0.66948480 -0.37187140 / 255 0 255 255 / 1.21537800 -0.56857300 / -0.74339130 -0.66235610 -0.09302590 -1.00000000
				0.08102450 4.82235200 1.39699500 / 0.00000000 -0.07118530 -0.99746310 / 255 0 255 255 / 0.50000000 -0.56872560 / -0.99999530 -0.00305770 0.00021820 -1.00000000
				0.08102450 4.82235200 1.39699500 / 0.00000000 -0.07118530 -0.99746310 / 255 0 255 255 / 0.50000000 -0.56872560 / -0.99999530 -0.00305770 0.00021820 -1.00000000
				0.08102450 4.82918900 1.39650700 / 0.00000000 -0.07118530 -0.99746310 / 255 0 255 255 / 0.50000000 -0.56838990 / -1.00000000 0.00000000 0.00000000 -1.00000000
				-0.83792080 4.82918900 1.39650700 / 0.00000000 0.00000000 -1.00000000 / 255 0 255 255 / 1.20996100 0.15563970 / -1.00000000 0.00000000 0.00000000 -1.00000000
				-0.83792080 4.82918900 1.39650700 / 0.00000000 0.00000000 -1.00000000 / 255 0 255 255 / 1.20996100 0.15563970 / -1.00000000 0.00000000 0.00000000 -1.00000000
				-0.83792080 4.82918900 1.39650700 / 0.00000000 0.00000000 -1.00000000 / 255 0 255 255 / 1.20996100 0.15563970 / -1.00000000 0.00000000 0.00000000 -1.00000000
				-0.73635830 4.90047800 1.39650700 / 0.00000000 0.00000000 -1.00000000 / 255 0 255 255 / 1.13153100 0.96076970 / -1.00000000 0.00000000 0.00000000 -1.00000000
				-0.73635830 4.90047800 1.39650700 / 0.00000000 0.00000000 -1.00000000 / 255 0 255 255 / 1.13153100 0.96076970 / -1.00000000 0.00000000 0.00000000 -1.00000000
				-0.83792080 4.90047800 1.39650700 / 0.00000000 0.00000000 -1.00000000 / 255 0 255 255 / 1.20996100 0.96076970 / -1.00000000 0.00000000 0.00000000 -1.00000000
				0.08102450 4.90047800 1.39650700 / 0.00000000 0.00000000 -0.99999980 / 255 0 255 255 / 0.50000000 0.96076970 / -1.00000000 0.00000000 0.00000000 -1.00000000
				0.08102450 4.90047800 1.39650700 / 0.00000000 0.00000000 -0.99999980 / 255 0 255 255 / 0.50000000 0.96076970 / -1.00000000 0.00000000 0.00000000 -1.00000000
				0.08102450 4.90047800 1.39650700 / 0.00000000 0.00000000 -0.99999980 / 255 0 255 255 / 0.50000000 0.96076970 / -1.00000000 0.00000000 0.00000000 -1.00000000
				0.08102450 4.82918900 1.39650700 / 0.00000000 0.00000000 -0.99999980 / 255 0 255 255 / 0.50000000 0.15563970 / -1.00000000 0.00000060 0.00000000 -1.00000000
				0.08102450 4.82918900 1.39650700 / 0.00000000 0.00000000 -0.99999980 / 255 0 255 255 / 0.50000000 0.15563970 / -1.00000000 0.00000060 0.00000000 -1.00000000
				0.08102450 4.82918900 1.39650700 / 0.00000000 0.00000000 -0.99999980 / 255 0 255 255 / 0.50000000 0.15563970 / -1.00000000 0.00000060 0.00000000 -1.00000000
				0.08102450 4.82918900 1.39650700 / 0.00000000 0.00000000 -0.99999980 / 255 0 255 255 / 0.50000000 0.15563970 / -1.00000000 0.00000060 0.00000000 -1.00000000
				0.08102450 4.82918900 1.39650700 / 0.00000000 0.00000000 -0.99999980 / 255 0 255 255 / 0.50000000 0.15563970 / -1.00000000 0.00000060 0.00000000 -1.00000000
				0.08102450 4.82918900 1.39650700 / 0.00000000 0.00000000 -0.99999980 / 255 0 255 255 / 0.50000000 0.15563970 / -1.00000000 0.00000060 0.00000000 -1.00000000
				0.08102450 4.82918900 1.39650700 / 0.00000000 0.00000000 -0.99999980 / 255 0 255 255 / 0.50000000 0.15563970 / -1.00000000 0.00000060 0.00000000 -1.00000000
				0.52096590 4.90047800 1.39650700 / 0.00000000 0.00000000 -1.00000000 / 255 0 255 255 / 0.16011050 0.96076970 / -1.00000000 0.00000000 0.00000000 -1.00000000
				0.52096590 4.90047800 1.39650700 / 0.00000000 0.00000000 -1.00000000 / 255 0 255 255 / 0.16011050 0.96076970 / -1.00000000 0.00000000 0.00000000 -1.00000000
				0.62155180 4.90047800 1.39650700 / 0.00000000 0.00000000 -1.00000000 / 255 0 255 255 / 0.08210750 0.96076970 / -1.00000000 0.00000050 0.00000000 -1.00000000
				0.62155180 4.90047800 1.39650700 / 0.00000000 0.00000000 -1.00000000 / 255 0 255 255 / 0.08210750 0.96076970 / -1.00000000 0.00000050 0.00000000 -1.00000000
				1.92965800 4.90047800 1.39650700 / 0.00000000 0.00000000 -1.00000000 / 255 0 255 255 / -0.92857360 0.96078490 / -1.00000000 0.00000050 0.00000000 -1.00000000
				1.92965800 4.90047800 1.39650700 / 0.00000000 0.00000000 -1.00000000 / 255 0 255 255 / -0.92857360 0.96078490 / -1.00000000 0.00000050 0.00000000 -1.00000000
				2.03073200 4.90047800 1.39650700 / 0.00000000 0.00000000 -1.00000000 / 255 0 255 255 / -1.00657700 0.96078490 / -1.00000000 0.00000100 0.00000000 -1.00000000
				2.03073200 4.90047800 1.39650700 / 0.00000000 0.00000000 -1.00000000 / 255 0 255 255 / -1.00657700 0.96078490 / -1.00000000 0.00000100 0.00000000 -1.00000000
				2.69040000 4.90047800 1.39650700 / 0.00000000 0.00000000 -1.00000000 / 255 0 255 255 / -1.51646400 0.96080020 / -1.00000000 0.00000100 0.00000000 -1.00000000
				2.69040000 4.90047800 1.39650700 / 0.00000000 0.00000000 -1.00000000 / 255 0 255 255 / -1.51646400 0.96080020 / -1.00000000 0.00000100 0.00000000 -1.00000000
				2.69040000 4.90047800 1.39650700 / 0.00000000 0.00000000 -1.00000000 / 255 0 255 255 / -1.51646400 0.96080020 / -1.00000000 0.00000100 0.00000000 -1.00000000
				2.69040000 4.82918900 1.39650700 / 0.00000000 0.00000000 -0.99999980 / 255 0 255 255 / -1.51646400 0.15567020 / -1.00000000 0.00000030 0.00000000 -1.00000000
				2.69040000 4.82918900 1.39650700 / 0.00000000 0.00000000 -0.99999980 / 255 0 255 255 / -1.51646400 0.15567020 / -1.00000000 0.00000030 0.00000000 -1.00000000
				2.69040000 4.82918900 1.39650700 / 0.00000000 0.00000000 -0.99999980 / 255 0 255 255 / -1.51646400 0.15567020 / -1.00000000 0.00000030 0.00000000 -1.00000000
				2.69040000 4.82918900 1.39650700 / 0.00000000 0.00000000 -0.99999980 / 255 0 255 255 / -1.51646400 0.15567020 / -1.00000000 0.00000030 0.00000000 -1.00000000
				3.26852500 4.90047800 1.39650700 / 0.00000000 0.00000000 -1.00000000 / 255 0 255 255 / -1.96340900 0.96080020 / -1.00000000 0.00000000 0.00000000 -1.00000000
				3.26852500 4.90047800 1.39650700 / 0.00000000 0.00000000 -1.00000000 / 255 0 255 255 / -1.96340900 0.96080020 / -1.00000000 0.00000000 0.00000000 -1.00000000
				3.38864100 4.90047800 1.39650700 / 0.00000000 0.00000000 -1.00000000 / 255 0 255 255 / -2.05627400 0.96080020 / -1.00000000 0.00000000 0.00000000 -1.00000000
				3.38864100 4.90047800 1.39650700 / 0.00000000 0.00000000 -1.00000000 / 255 0 255 255 / -2.05627400 0.96080020 / -1.00000000 0.00000000 0.00000000 -1.00000000
				3.38864100 4.82918900 1.39650700 / 0.00000000 0.00000000 -1.00000000 / 255 0 255 255 / -2.05627400 0.15567020 / -1.00000000 0.00000000 0.00000000 -1.00000000
				3.38864100 4.82918900 -0.83005550 / 0.00000000 0.00000000 1.00000000 / 255 0 255 255 / 3.05627400 0.15567020 / 1.00000000 0.00000000 0.00000000 -1.00000000
				3.38864100 4.82918900 -0.83005550 / 0.00000000 0.00000000 1.00000000 / 255 0 255 255 / 3.05627400 0.15567020 / 1.00000000 0.00000000 0.00000000 -1.00000000
				3.38864100 4.82918900 -0.83005550 / 0.00000000 0.00000000 1.00000000 / 255 0 255 255 / 3.05627400 0.15567020 / 1.00000000 0.00000000 0.00000000 -1.00000000
				3.26852500 4.90047800 -0.83005550 / 0.00000000 0.00000000 1.00000000 / 255 0 255 255 / 2.96342500 0.96080020 / 1.00000000 0.00000000 0.00000000 -1.00000000
				3.26852500 4.90047800 -0.83005550 / 0.00000000 0.00000000 1.00000000 / 255 0 255 255 / 2.96342500 0.96080020 / 1.00000000 0.00000000 0.00000000 -1.00000000
				3.38864100 4.90047800 -0.83005550 / 0.00000000 0.00000000 1.00000000 / 255 0 255 255 / 3.05627400 0.96080020 / 1.00000000 0.00000000 0.00000000 -1.00000000
				2.69040000 4.90047800 -0.83005550 / 0.00000000 0.00000000 1.00000000 / 255 0 255 255 / 2.51646400 0.96080020 / 1.00000000 -0.00000070 0.00000000 -1.00000000
				2.69040000 4.90047800 -0.83005550 / 0.00000000 0.00000000 1.00000000 / 255 0 255 255 / 2.51646400 0.96080020 / 1.00000000 -0.00000070 0.00000000 -1.00000000
				2.69040000 4.90047800 -0.83005550 / 0.00000000 0.00000000 1.00000000 / 255 0 255 255 / 2.51646400 0.96080020 / 1.00000000 -0.00000070 0.00000000 -1.00000000
				2.69040000 4.82918900 -0.83005550 / 0.00000000 0.00000000 0.99999980 / 255 0 255 255 / 2.51646400 0.15567020 / 1.00000000 -0.00000060 0.00000000 -1.00000000
				2.69040000 4.82918900 -0.83005550 / 0.00000000 0.00000000 0.99999980 / 255 0 255 255 / 2.51646400 0.15567020 / 1.00000000 -0.00000060 0.00000000 -1.00000000
				2.69040000 4.82918900 -0.83005550 / 0.00000000 0.00000000 0.99999980 / 255 0 255 255 / 2.51646400 0.15567020 / 1.00000000 -0.00000060 0.00000000 -1.00000000
				2.69040000 4.82918900 -0.83005550 / 0.00000000 0.00000000 0.99999980 / 255 0 255 255 / 2.51646400 0.15567020 / 1.00000000 -0.00000060 0.00000000 -1.00000000
				2.69040000 4.82918900 -0.83005550 / 0.00000000 0.00000000 0.99999980 / 255 0 255 255 / 2.51646400 0.15567020 / 1.00000000 -0.00000060 0.00000000 -1.00000000
				2.69040000 4.82918900 -0.83005550 / 0.00000000 0.00000000 0.99999980 / 255 0 255 255 / 2.51646400 0.15567020 / 1.00000000 -0.00000060 0.00000000 -1.00000000
				2.69040000 4.82918900 -0.83005550 / 0.00000000 0.00000000 0.99999980 / 255 0 255 255 / 2.51646400 0.15567020 / 1.00000000 -0.00000060 0.00000000 -1.00000000
				2.03073200 4.90047800 -0.83005550 / 0.00000000 0.00000000 1.00000000 / 255 0 255 255 / 2.00659200 0.96078490 / 1.00000000 -0.00000100 0.00000000 -1.00000000
				2.03073200 4.90047800 -0.83005550 / 0.00000000 0.00000000 1.00000000 / 255 0 255 255 / 2.00659200 0.96078490 / 1.00000000 -0.00000100 0.00000000 -1.00000000
				1.92965800 4.90047800 -0.83005550 / 0.00000000 0.00000000 1.00000000 / 255 0 255 255 / 1.92860400 0.96078490 / 1.00000000 -0.00000050 0.00000000 -1.00000000
				1.92965800 4.90047800 -0.83005550 / 0.00000000 0.00000000 1.00000000 / 255 0 255 255 / 1.92860400 0.96078490 / 1.00000000 -0.00000050 0.00000000 -1.00000000
				0.62204020 4.90047800 -0.83005550 / 0.00000000 0.00000000 0.99999980 / 255 0 255 255 / 0.91792300 0.96076970 / 1.00000000 -0.00000050 0.00000000 -1.00000000
				0.62204020 4.90047800 -0.83005550 / 0.00000000 0.00000000 0.99999980 / 255 0 255 255 / 0.91792300 0.96076970 / 1.00000000 -0.00000050 0.00000000 -1.00000000
				0.52096590 4.90047800 -0.83005550 / 0.00000000 0.00000000 1.00000000 / 255 0 255 255 / 0.83992000 0.96076970 / 1.00000000 0.00000000 0.00000000 -1.00000000
				0.52096590 4.90047800 -0.83005550 / 0.00000000 0.00000000 1.00000000 / 255 0 255 255 / 0.83992000 0.96076970 / 1.00000000 0.00000000 0.00000000 -1.00000000
				0.08102450 4.90047800 -0.83005550 / 0.00000000 0.00000000 1.00000000 / 255 0 255 255 / 0.50000000 0.96076970 / 1.00000000 -0.00000030 0.00000000 -1.00000000
				0.08102450 4.90047800 -0.83005550 / 0.00000000 0.00000000 1.00000000 / 255 0 255 255 / 0.50000000 0.96076970 / 1.00000000 -0.00000030 0.00000000 -1.00000000
				0.08102450 4.90047800 -0.83005550 / 0.00000000 0.00000000 1.00000000 / 255 0 255 255 / 0.50000000 0.96076970 / 1.00000000 -0.00000030 0.00000000 -1.00000000
				0.08102450 4.82918900 -0.83005550 / 0.00000000 0.00000000 1.00000000 / 255 0 255 255 / 0.50000000 0.15563970 / 1.00000000 -0.00000030 0.00000000 -1.00000000
				0.08102450 4.82918900 -0.83005550 / 0.00000000 0.00000000 1.00000000 / 255 0 255 255 / 0.50000000 0.15563970 / 1.00000000 -0.00000030 0.00000000 -1.00000000
				0.08102450 4.82918900 -0.83005550 / 0.00000000 0.00000000 1.00000000 / 255 0 255 255 / 0.50000000 0.15563970 / 1.00000000 -0.00000030 0.00000000 -1.00000000
				0.08102450 4.82918900 -0.83005550 / 0.00000000 0.00000000 1.00000000 / 255 0 255 255 / 0.50000000 0.15563970 / 1.00000000 -0.00000030 0.00000000 -1.00000000
				-0.73586990 4.90047800 -0.83005550 / 0.00000000 0.00000000 1.00000000 / 255 0 255 255 / -0.13145450 0.96076970 / 1.00000000 0.00000000 0.00000000 -1.00000000
				-0.73586990 4.90047800 -0.83005550 / 0.00000000 0.00000000 1.00000000 / 255 0 255 255 / -0.13145450 0.96076970 / 1.00000000 0.00000000 0.00000000 -1.00000000
				-0.83743240 4.90047800 -0.83005550 / 0.00000000 0.00000000 0.99999980 / 255 0 255 255 / -0.20989990 0.96076970 / 1.00000000 0.00000000 0.00000000 -1.00000000
				-0.83743240 4.90047800 -0.83005550 / 0.00000000 0.00000000 0.99999980 / 255 0 255 255 / -0.20989990 0.96076970 / 1.00000000 0.00000000 0.00000000 -1.00000000
				-0.83743240 4.82918900 -0.83005550 / 0.00000000 0.00000000 1.00000000 / 255 0 255 255 / -0.20989990 0.15563970 / 1.00000000 0.00000000 0.00000000 -1.00000000
				-0.83743240 4.82918900 -0.83005550 / 1.00000000 0.00000000 0.00000000 / 255 0 255 255 / 0.87289430 1.09368900 / 0.00000000 -1.00000000 -0.00008020 -1.00000000
				-0.83743240 4.82918900 -0.83005550 / 1.00000000 0.00000000 0.00000000 / 255 0 255 255 / 0.87289430 1.09368900 / 0.00000000 -1.00000000 -0.00008020 -1.00000000
				-0.83743240 4.82918900 -0.83005550 / 1.00000000 0.00000000 0.00000000 / 255 0 255 255 / 0.87289430 1.09368900 / 0.00000000 -1.00000000 -0.00008020 -1.00000000
				-0.83743240 4.90047800 -0.71433280 / 1.00000000 0.00000000 0.00000000 / 255 0 255 255 / 0.04547120 1.00730900 / 0.00000000 -1.00000000 -0.00012040 -1.00000000
				-0.83743240 4.90047800 -0.71433280 / 1.00000000 0.00000000 0.00000000 / 255 0 255 255 / 0.04547120 1.00730900 / 0.00000000 -1.00000000 -0.00012040 -1.00000000
				-0.83743240 4.90047800 -0.83005550 / 1.00000000 0.00000000 0.00000000 / 255 0 255 255 / 0.04547120 1.09368900 / 0.00000000 -1.00000000 0.00000000 -1.00000000
				-0.83743240 4.90047800 -0.05954770 / 0.99999980 -0.00010990 0.00016770 / 255 0 255 255 / 0.04547120 0.51847840 / 0 0 0 1.00000000
				-0.83743240 4.90047800 -0.05954770 / 0.99999980 -0.00010990 0.00016770 / 255 0 255 255 / 0.04547120 0.51847840 / 0 0 0 1.00000000
				-0.83743240 4.90047800 -0.05954770 / 0.99999980 -0.00010990 0.00016770 / 255 0 255 255 / 0.04547120 0.51847840 / 0 0 0 1.00000000
				-0.83743240 4.90047800 -0.05954770 / 0.99999980 -0.00010990 0.00016770 / 255 0 255 255 / 0.04547120 0.51847840 / 0 0 0 1.00000000
				-0.83743240 4.90047800 -0.05954770 / 0.99999980 -0.00010990 0.00016770 / 255 0 255 255 / 0.04547120 0.51847840 / 0 0 0 1.00000000
				-0.83743240 4.90047800 -0.05954770 / 0.99999980 -0.00010990 0.00016770 / 255 0 255 255 / 0.04547120 0.51847840 / 0 0 0 1.00000000
				-0.83743240 4.82918900 -0.05954770 / 1.00000000 0.00000000 0.00016770 / 255 0 255 255 / 0.87289430 0.51847840 / 0.00000000 -1.00000000 0.00000000 -1.00000000
				-0.83743240 4.82918900 -0.05954770 / 1.00000000 0.00000000 0.00016770 / 255 0 255 255 / 0.87289430 0.51847840 / 0.00000000 -1.00000000 0.00000000 -1.00000000
				-0.83743240 4.82918900 -0.05954770 / 1.00000000 0.00000000 0.00016770 / 255 0 255 255 / 0.87289430 0.51847840 / 0.00000000 -1.00000000 0.00000000 -1.00000000
				-0.83792080 4.82918900 1.39650700 / 0.99999980 0.00000000 0.00033540 / 255 0 255 255 / 0.87289430 -0.56838990 / 0.00000000 -1.00000000 0.00000000 -1.00000000
				-0.83792080 4.90047800 1.39650700 / 1.00000000 0.00021980 0.00033540 / 255 0 255 255 / 0.04547120 -0.56838990 / 0 0 0 1.00000000
				-0.83792080 4.90047800 1.39650700 / 1.00000000 0.00021980 0.00033540 / 255 0 255 255 / 0.04547120 -0.56838990 / 0 0 0 1.00000000
				-0.83792080 4.90047800 1.39650700 / 1.00000000 0.00021980 0.00033540 / 255 0 255 255 / 0.04547120 -0.56838990 / 0 0 0 1.00000000
				-0.83792080 4.90047800 1.29103800 / 0.00000000 1.00000000 0.00000000 / 255 0 255 255 / 0.04547120 -0.48962400 / 0 0 0 1.00000000
				-0.83792080 4.90047800 1.29103800 / 0.00000000 1.00000000 0.00000000 / 255 0 255 255 / 0.04547120 -0.48962400 / 0 0 0 1.00000000
				-0.83743240 4.90047800 0.61672180 / 0.00000000 -1.00000000 0.00000000 / 255 0 255 255 / 0.04547120 0.01373290 / 0 0 0 1.00000000
				-0.83743240 4.90047800 0.61672180 / 0.00000000 -1.00000000 0.00000000 / 255 0 255 255 / 0.04547120 0.01373290 / 0 0 0 1.00000000
				-0.83743240 4.90047800 0.57180010 / 1.00000000 0.00000000 0.00000000 / 255 0 255 255 / 0.04547120 0.04725650 / 0 0 0 1.00000000
				3.38864100 4.82918900 -0.05954770 / -0.99999980 0.00000000 0.00000000 / 255 0 255 255 / 0.12713620 0.51847840 / 0.00000000 1.00000000 0.00000000 -1.00000000
				3.38864100 4.82918900 -0.05954770 / -0.99999980 0.00000000 0.00000000 / 255 0 255 255 / 0.12713620 0.51847840 / 0.00000000 1.00000000 0.00000000 -1.00000000
				3.38864100 4.82918900 -0.05954770 / -0.99999980 0.00000000 0.00000000 / 255 0 255 255 / 0.12713620 0.51847840 / 0.00000000 1.00000000 0.00000000 -1.00000000
				3.38864100 4.82918900 -0.83005550 / -1.00000000 0.00000000 0.00000000 / 255 0 255 255 / 0.12713620 1.09368900 / 0.00000000 1.00000000 0.00000000 -1.00000000
				3.38864100 4.90047800 -0.83005550 / -0.99999980 0.00000000 0.00000000 / 255 0 255 255 / 0.95455930 1.09368900 / 0.00000000 0.99999910 0.00133130 -1.00000000
				3.38864100 4.90047800 -0.83005550 / -0.99999980 0.00000000 0.00000000 / 255 0 255 255 / 0.95455930 1.09368900 / 0.00000000 0.99999910 0.00133130 -1.00000000
				3.38864100 4.90047800 -0.83005550 / -0.99999980 0.00000000 0.00000000 / 255 0 255 255 / 0.95455930 1.09368900 / 0.00000000 0.99999910 0.00133130 -1.00000000
				3.38864100 4.87606300 -0.05954770 / -1.00000000 0.00000000 0.00000000 / 255 0 255 255 / 0.67254640 0.51847840 / 0.00000000 0.99999970 0.00079790 -1.00000000
				3.38864100 4.87606300 -0.05954770 / -1.00000000 0.00000000 0.00000000 / 255 0 255 255 / 0.67254640 0.51847840 / 0.00000000 0.99999970 0.00079790 -1.00000000
				3.38864100 4.87606300 -0.05954770 / -1.00000000 0.00000000 0.00000000 / 255 0 255 255 / 0.67254640 0.51847840 / 0.00000000 0.99999970 0.00079790 -1.00000000
				3.38864100 4.87606300 -0.05954770 / -1.00000000 0.00000000 0.00000000 / 255 0 255 255 / 0.67254640 0.51847840 / 0.00000000 0.99999970 0.00079790 -1.00000000
				3.38864100 4.87606300 -0.05954770 / -1.00000000 0.00000000 0.00000000 / 255 0 255 255 / 0.67254640 0.51847840 / 0.00000000 0.99999970 0.00079790 -1.00000000
				3.38864100 4.90047800 -0.71433280 / -1.00000000 0.00000000 0.00000000 / 255 0 255 255 / 0.95455930 1.00730900 / 0.00000000 0.99999800 0.00198900 -1.00000000
				3.38864100 4.90047800 -0.71433280 / -1.00000000 0.00000000 0.00000000 / 255 0 255 255 / 0.95455930 1.00730900 / 0.00000000 0.99999800 0.00198900 -1.00000000
				3.38864100 4.90047800 -0.05954770 / -1.00000000 0.00000000 0.00000000 / 255 0 255 255 / 0.95455930 0.51847840 / 0.00000000 0.99999980 0.00066030 -1.00000000
				3.38864100 4.90047800 -0.05954770 / -1.00000000 0.00000000 0.00000000 / 255 0 255 255 / 0.95455930 0.51847840 / 0.00000000 0.99999980 0.00066030 -1.00000000
				3.38864100 4.90047800 -0.05954770 / -1.00000000 0.00000000 0.00000000 / 255 0 255 255 / 0.95455930 0.51847840 / 0.00000000 0.99999980 0.00066030 -1.00000000
				3.38864100 4.82918900 1.39650700 / -1.00000000 0.00000000 0.00000000 / 255 0 255 255 / 0.12713620 -0.56838990 / 0.00000000 0.99999950 0.00105820 -1.00000000
				3.38864100 4.82918900 1.39650700 / -1.00000000 0.00000000 0.00000000 / 255 0 255 255 / 0.12713620 -0.56838990 / 0.00000000 0.99999950 0.00105820 -1.00000000
				3.38864100 4.82918900 1.39650700 / -1.00000000 0.00000000 0.00000000 / 255 0 255 255 / 0.12713620 -0.56838990 / 0.00000000 0.99999950 0.00105820 -1.00000000
				3.38864100 4.82918900 1.39650700 / -1.00000000 0.00000000 0.00000000 / 255 0 255 255 / 0.12713620 -0.56838990 / 0.00000000 0.99999950 0.00105820 -1.00000000
				3.38864100 4.82918900 1.39650700 / -1.00000000 0.00000000 0.00000000 / 255 0 255 255 / 0.12713620 -0.56838990 / 0.00000000 0.99999950 0.00105820 -1.00000000
				3.38864100 4.82918900 1.39650700 / -1.00000000 0.00000000 0.00000000 / 255 0 255 255 / 0.12713620 -0.56838990 / 0.00000000 0.99999950 0.00105820 -1.00000000
				3.38864100 4.90047800 0.57180010 / -1.00000000 0.00000000 0.00000000 / 255 0 255 255 / 0.95455930 0.04725650 / 0.00000000 0.99999600 0.00283300 -1.00000000
				3.38864100 4.90047800 0.57180010 / -1.00000000 0.00000000 0.00000000 / 255 0 255 255 / 0.95455930 0.04725650 / 0.00000000 0.99999600 0.00283300 -1.00000000
				3.38864100 4.90047800 0.61672180 / -1.00000000 0.00000000 0.00000000 / 255 0 255 255 / 0.95455930 0.01373290 / 0.00000000 0.99999760 0.00218230 -1.00000000
				3.38864100 4.90047800 0.61672180 / -1.00000000 0.00000000 0.00000000 / 255 0 255 255 / 0.95455930 0.01373290 / 0.00000000 0.99999760 0.00218230 -1.00000000
				3.38864100 4.90047800 1.29103800 / -1.00000000 0.00000000 0.00000000 / 255 0 255 255 / 0.95455930 -0.48962400 / 0.00000000 0.99999980 0.00034290 -1.00000000
				3.38864100 4.90047800 1.29103800 / -1.00000000 0.00000000 0.00000000 / 255 0 255 255 / 0.95455930 -0.48962400 / 0.00000000 0.99999980 0.00034290 -1.00000000
				3.38864100 4.90047800 1.39650700 / -1.00000000 0.00000000 0.00000000 / 255 0 255 255 / 0.95455930 -0.56838990 / 0.00000000 1.00000000 0.00000000 -1.00000000
				3.97457900 0.08260580 -0.05954770 / -0.99999980 0.00000000 0.00000000 / 255 0 255 255 / -1.13208000 0.50000000 / 0.00000000 1.00000000 0.00000000 -1.00000000
				3.97457900 0.08260580 -0.05954770 / -0.99999980 0.00000000 0.00000000 / 255 0 255 255 / -1.13208000 0.50000000 / 0.00000000 1.00000000 0.00000000 -1.00000000
				3.97457900 0.08260580 -0.05954770 / -0.99999980 0.00000000 0.00000000 / 255 0 255 255 / -1.13208000 0.50000000 / 0.00000000 1.00000000 0.00000000 -1.00000000
				3.97457900 0.08260580 -1.61960700 / -1.00000000 0.00000000 0.00000000 / 255 0 255 255 / -1.13208000 1.61210600 / 0.00000000 1.00000000 0.00000000 -1.00000000
				3.97457900 2.49276300 -1.61960700 / -0.99999980 0.00000000 0.00000000 / 255 0 255 255 / 0.52174380 1.61210600 / 0.00000000 1.00000000 0.00000000 -1.00000000
				3.97457900 2.49276300 -1.61960700 / -0.99999980 0.00000000 0.00000000 / 255 0 255 255 / 0.52174380 1.61210600 / 0.00000000 1.00000000 0.00000000 -1.00000000
				3.97457900 2.49276300 -1.61960700 / -0.99999980 0.00000000 0.00000000 / 255 0 255 255 / 0.52174380 1.61210600 / 0.00000000 1.00000000 0.00000000 -1.00000000
				3.97457900 2.49276300 -1.61960700 / -0.99999980 0.00000000 0.00000000 / 255 0 255 255 / 0.52174380 1.61210600 / 0.00000000 1.00000000 0.00000000 -1.00000000
				3.97457900 2.49276300 -0.05954770 / -0.99999980 0.00000000 0.00000000 / 255 0 255 255 / 0.52174380 0.50000000 / 0.00000000 1.00000000 0.00000000 -1.00000000
				3.97457900 2.49276300 -0.05954770 / -0.99999980 0.00000000 0.00000000 / 255 0 255 255 / 0.52174380 0.50000000 / 0.00000000 1.00000000 0.00000000 -1.00000000
				3.97457900 2.49276300 -0.05954770 / -0.99999980 0.00000000 0.00000000 / 255 0 255 255 / 0.52174380 0.50000000 / 0.00000000 1.00000000 0.00000000 -1.00000000
				3.97457900 2.49276300 -0.05954770 / -0.99999980 0.00000000 0.00000000 / 255 0 255 255 / 0.52174380 0.50000000 / 0.00000000 1.00000000 0.00000000 -1.00000000
				3.97457900 2.49276300 -0.05954770 / -0.99999980 0.00000000 0.00000000 / 255 0 255 255 / 0.52174380 0.50000000 / 0.00000000 1.00000000 0.00000000 -1.00000000
				3.97457900 0.08260580 1.50051100 / -1.00000000 0.00000000 0.00000000 / 255 0 255 255 / -1.13208000 -0.61210630 / 0.00000000 1.00000000 0.00000000 -1.00000000
				3.97457900 0.08260580 1.50051100 / -1.00000000 0.00000000 0.00000000 / 255 0 255 255 / -1.13208000 -0.61210630 / 0.00000000 1.00000000 0.00000000 -1.00000000
				3.97457900 2.49276300 1.50051100 / -1.00000000 0.00000000 0.00000000 / 255 0 255 255 / 0.52174380 -0.61210630 / 0.00000000 1.00000000 0.00000000 -1.00000000
				3.97457900 2.49276300 1.50051100 / -1.00000000 0.00000000 0.00000000 / 255 0 255 255 / 0.52174380 -0.61210630 / 0.00000000 1.00000000 0.00000000 -1.00000000
				3.97457900 2.49276300 1.50051100 / -1.00000000 0.00000000 0.00000000 / 255 0 255 255 / 0.52174380 -0.61210630 / 0.00000000 1.00000000 0.00000000 -1.00000000
				3.97457900 4.82235200 -0.05954770 / -1.00000000 0.00000000 0.00000000 / 255 0 255 255 / 2.12025500 0.50000000 / 0.00000000 1.00000000 0.00000000 -1.00000000
				3.97457900 4.82235200 -0.05954770 / -1.00000000 0.00000000 0.00000000 / 255 0 255 255 / 2.12025500 0.50000000 / 0.00000000 1.00000000 0.00000000 -1.00000000
				3.97457900 4.82235200 -0.05954770 / -1.00000000 0.00000000 0.00000000 / 255 0 255 255 / 2.12025500 0.50000000 / 0.00000000 1.00000000 0.00000000 -1.00000000
				3.97457900 4.82235200 -0.05954770 / -1.00000000 0.00000000 0.00000000 / 255 0 255 255 / 2.12025500 0.50000000 / 0.00000000 1.00000000 0.00000000 -1.00000000
				3.97457900 4.82235200 -1.61960700 / -1.00000000 0.00000000 0.00000000 / 255 0 255 255 / 2.12025500 1.61210600 / 0.00000000 1.00000000 0.00000000 -1.00000000
				3.97457900 4.82235200 1.50051100 / -1.00000000 0.00000000 0.00000000 / 255 0 255 255 / 2.12025500 -0.61210630 / 0.00000000 1.00000000 0.00000000 -1.00000000
				3.98590900 4.81799600 -0.05954770 / 0.00000000 -1.00000000 0.00000000 / 255 0 255 255 / -1.13208000 0.50000000 / -1.00000000 0.00000000 0.00000000 -1.00000000
				3.98590900 4.81799600 -0.05954770 / 0.00000000 -1.00000000 0.00000000 / 255 0 255 255 / -1.13208000 0.50000000 / -1.00000000 0.00000000 0.00000000 -1.00000000
				3.98590900 4.81799600 -0.05954770 / 0.00000000 -1.00000000 0.00000000 / 255 0 255 255 / -1.13208000 0.50000000 / -1.00000000 0.00000000 0.00000000 -1.00000000
				3.98590900 4.81799600 -1.63702900 / 0.00000000 -1.00000000 0.00000000 / 255 0 255 255 / -1.13208000 1.61210600 / -1.00000000 0.00000000 0.00000000 -1.00000000
				1.57575300 4.81799600 -1.63702900 / 0.00000000 -1.00000000 0.00000000 / 255 0 255 255 / 0.52174380 1.61210600 / -1.00000000 0.00000000 0.00000000 -1.00000000
				1.57575300 4.81799600 -1.63702900 / 0.00000000 -1.00000000 0.00000000 / 255 0 255 255 / 0.52174380 1.61210600 / -1.00000000 0.00000000 0.00000000 -1.00000000
				1.57575300 4.81799600 -1.63702900 / 0.00000000 -1.00000000 0.00000000 / 255 0 255 255 / 0.52174380 1.61210600 / -1.00000000 0.00000000 0.00000000 -1.00000000
				1.57575300 4.81799600 -1.63702900 / 0.00000000 -1.00000000 0.00000000 / 255 0 255 255 / 0.52174380 1.61210600 / -1.00000000 0.00000000 0.00000000 -1.00000000
				1.57575300 4.81799600 -0.05954770 / 0.00000000 -1.00000000 0.00000000 / 255 0 255 255 / 0.52174380 0.50000000 / -1.00000000 0.00000000 0.00000000 -1.00000000
				1.57575300 4.81799600 -0.05954770 / 0.00000000 -1.00000000 0.00000000 / 255 0 255 255 / 0.52174380 0.50000000 / -1.00000000 0.00000000 0.00000000 -1.00000000
				1.57575300 4.81799600 -0.05954770 / 0.00000000 -1.00000000 0.00000000 / 255 0 255 255 / 0.52174380 0.50000000 / -1.00000000 0.00000000 0.00000000 -1.00000000
				1.57575300 4.81799600 -0.05954770 / 0.00000000 -1.00000000 0.00000000 / 255 0 255 255 / 0.52174380 0.50000000 / -1.00000000 0.00000000 0.00000000 -1.00000000
				1.57575300 4.81799600 -0.05954770 / 0.00000000 -1.00000000 0.00000000 / 255 0 255 255 / 0.52174380 0.50000000 / -1.00000000 0.00000000 0.00000000 -1.00000000
				3.98590900 4.81799600 1.50051100 / 0.00000000 -1.00000000 0.00000000 / 255 0 255 255 / -1.13208000 -0.61210630 / -1.00000000 0.00000000 0.00000000 -1.00000000
				3.98590900 4.81799600 1.50051100 / 0.00000000 -1.00000000 0.00000000 / 255 0 255 255 / -1.13208000 -0.61210630 / -1.00000000 0.00000000 0.00000000 -1.00000000
				1.57575300 4.81799600 1.50051100 / 0.00000000 -1.00000000 0.00000000 / 255 0 255 255 / 0.52174380 -0.61210630 / -1.00000000 0.00000000 0.00000000 -1.00000000
				1.57575300 4.81799600 1.50051100 / 0.00000000 -1.00000000 0.00000000 / 255 0 255 255 / 0.52174380 -0.61210630 / -1.00000000 0.00000000 0.00000000 -1.00000000
				1.57575300 4.81799600 1.50051100 / 0.00000000 -1.00000000 0.00000000 / 255 0 255 255 / 0.52174380 -0.61210630 / -1.00000000 0.00000000 0.00000000 -1.00000000
				-0.83632530 4.81799600 -0.05954770 / 0.00000000 -1.00000000 0.00000000 / 255 0 255 255 / 2.12025500 0.50000000 / -1.00000000 0.00000000 0.00000000 -1.00000000
				-0.83632530 4.81799600 -0.05954770 / 0.00000000 -1.00000000 0.00000000 / 255 0 255 255 / 2.12025500 0.50000000 / -1.00000000 0.00000000 0.00000000 -1.00000000
				-0.83632530 4.81799600 -0.05954770 / 0.00000000 -1.00000000 0.00000000 / 255 0 255 255 / 2.12025500 0.50000000 / -1.00000000 0.00000000 0.00000000 -1.00000000
				-0.83632530 4.81799600 -0.05954770 / 0.00000000 -1.00000000 0.00000000 / 255 0 255 255 / 2.12025500 0.50000000 / -1.00000000 0.00000000 0.00000000 -1.00000000
				-0.83632530 4.81799600 -1.63702900 / 0.00000000 -1.00000000 0.00000000 / 255 0 255 255 / 2.12025500 1.61210600 / -1.00000000 0.00000000 0.00000000 -1.00000000
				-0.83632530 4.81799600 1.50051100 / 0.00000000 -1.00000000 0.00000000 / 255 0 255 255 / 2.12025500 -0.61210630 / -1.00000000 0.00000000 0.00000000 -1.00000000
				-0.83741510 4.81799600 -0.05954770 / 0.00000000 -0.99999980 0.00000000 / 255 0 255 255 / -1.13208000 0.50000000 / -0.99999420 0.00000000 0.00340500 -1.00000000
				-0.83741510 4.81799600 -0.05954770 / 0.00000000 -0.99999980 0.00000000 / 255 0 255 255 / -1.13208000 0.50000000 / -0.99999420 0.00000000 0.00340500 -1.00000000
				-0.83741510 4.81799600 -0.05954770 / 0.00000000 -0.99999980 0.00000000 / 255 0 255 255 / -1.13208000 0.50000000 / -0.99999420 0.00000000 0.00340500 -1.00000000
				-0.83741510 4.81799600 -1.63702900 / 0.00000000 -1.00000000 0.00000000 / 255 0 255 255 / -1.13208000 1.61210600 / -1.00000000 0.00000000 0.00000000 -1.00000000
				-1.96838900 4.81799600 -1.63702900 / 0.00000000 -0.99999980 0.00000000 / 255 0 255 255 / -0.35601760 1.61210600 / -0.99997680 0.00000000 0.00680990 -1.00000000
				-1.97642500 4.81799600 -0.79681210 / 0.00000000 -0.99999980 0.00000000 / 255 0 255 255 / -0.35050350 1.02556700 / -0.99997680 0.00000000 0.00680990 -1.00000000
				-1.97642500 4.81799600 -0.79681210 / 0.00000000 -0.99999980 0.00000000 / 255 0 255 255 / -0.35050350 1.02556700 / -0.99997680 0.00000000 0.00680990 -1.00000000
				-0.83741510 4.81799600 1.50051100 / 0.00000000 -1.00000000 0.00000000 / 255 0 255 255 / -1.13208000 -0.61210630 / -1.00000000 0.00000000 0.00000000 -1.00000000
				-0.83741510 4.81799600 1.50051100 / 0.00000000 -1.00000000 0.00000000 / 255 0 255 255 / -1.13208000 -0.61210630 / -1.00000000 0.00000000 0.00000000 -1.00000000
				-0.83741510 4.81799600 0.73083870 / 0.00000000 -1.00000000 0.00000000 / 255 0 255 255 / -1.13208000 -0.06343620 / -1.00000000 0.00000000 0.00000000 -1.00000000
				-0.83741510 4.81799600 0.73083870 / 0.00000000 -1.00000000 0.00000000 / 255 0 255 255 / -1.13208000 -0.06343620 / -1.00000000 0.00000000 0.00000000 -1.00000000
				-1.99138100 4.81799600 0.73459570 / 0.00000000 -1.00000000 0.00000000 / 255 0 255 255 / -0.34024040 -0.06611430 / -1.00000000 0.00000000 -0.00000030 -1.00000000
				-1.99138100 4.81799600 0.73459570 / 0.00000000 -1.00000000 0.00000000 / 255 0 255 255 / -0.34024040 -0.06611430 / -1.00000000 0.00000000 -0.00000030 -1.00000000
				-1.99138100 4.81799600 0.73459570 / 0.00000000 -1.00000000 0.00000000 / 255 0 255 255 / -0.34024040 -0.06611430 / -1.00000000 0.00000000 -0.00000030 -1.00000000
				-1.99156600 4.81799600 0.75344650 / 0.00000000 -1.00000000 0.00000000 / 255 0 255 255 / -0.34011410 -0.07955239 / -1.00000000 0.00000000 -0.00000020 -1.00000000
				-1.99156600 4.81799600 0.75344650 / 0.00000000 -1.00000000 0.00000000 / 255 0 255 255 / -0.34011410 -0.07955239 / -1.00000000 0.00000000 -0.00000020 -1.00000000
				-1.99156600 4.81799600 0.75344650 / 0.00000000 -1.00000000 0.00000000 / 255 0 255 255 / -0.34011410 -0.07955239 / -1.00000000 0.00000000 -0.00000020 -1.00000000
				-1.99156600 4.81799600 0.75344650 / 0.00000000 -1.00000000 0.00000000 / 255 0 255 255 / -0.34011410 -0.07955239 / -1.00000000 0.00000000 -0.00000020 -1.00000000
				-3.24757100 4.81799600 1.50051100 / 0.00000000 -1.00000000 0.00000000 / 255 0 255 255 / 0.52174380 -0.61210630 / -1.00000000 0.00000000 0.00000000 -1.00000000
				-3.24757100 4.81799600 1.50051100 / 0.00000000 -1.00000000 0.00000000 / 255 0 255 255 / 0.52174380 -0.61210630 / -1.00000000 0.00000000 0.00000000 -1.00000000
				-3.24757100 4.81799600 1.50051100 / 0.00000000 -1.00000000 0.00000000 / 255 0 255 255 / 0.52174380 -0.61210630 / -1.00000000 0.00000000 0.00000000 -1.00000000
				-3.24757100 4.81799600 0.73868550 / 0.00000000 -0.99999980 0.00000000 / 255 0 255 255 / 0.52174380 -0.06902990 / -1.00000000 0.00000000 -0.00000010 -1.00000000
				-3.24757100 4.81799600 0.73868550 / 0.00000000 -0.99999980 0.00000000 / 255 0 255 255 / 0.52174380 -0.06902990 / -1.00000000 0.00000000 -0.00000010 -1.00000000
				-3.39141700 4.81799600 0.73915380 / 0.00000000 -1.00000000 0.00000000 / 255 0 255 255 / 0.61707190 -0.06936370 / -1.00000000 0.00000000 0.00000000 -1.00000000
				-3.39141700 4.81799600 0.73915380 / 0.00000000 -1.00000000 0.00000000 / 255 0 255 255 / 0.61707190 -0.06936370 / -1.00000000 0.00000000 0.00000000 -1.00000000
				-3.39141700 4.81799600 0.73915380 / 0.00000000 -1.00000000 0.00000000 / 255 0 255 255 / 0.61707190 -0.06936370 / -1.00000000 0.00000000 0.00000000 -1.00000000
				-3.38864000 4.81799600 1.40927300 / 0.00000000 -1.00000000 0.00000000 / 255 0 255 255 / 0.61523110 -0.54706590 / -1.00000000 0.00000000 0.00000000 -1.00000000
				-3.38864000 4.81799600 1.40927300 / 0.00000000 -1.00000000 0.00000000 / 255 0 255 255 / 0.61523110 -0.54706590 / -1.00000000 0.00000000 0.00000000 -1.00000000
				-3.38864000 4.81799600 1.40927300 / 0.00000000 -1.00000000 0.00000000 / 255 0 255 255 / 0.61523110 -0.54706590 / -1.00000000 0.00000000 0.00000000 -1.00000000
				-3.38864000 4.81799600 1.40927300 / 0.00000000 -1.00000000 0.00000000 / 255 0 255 255 / 0.61523110 -0.54706590 / -1.00000000 0.00000000 0.00000000 -1.00000000
				-3.96368900 4.81799600 -0.05954770 / 0.00000000 -0.99999980 0.00000000 / 255 0 255 255 / 0.99632350 0.50000000 / -1.00000000 0.00000000 0.00000000 -1.00000000
				-3.96368900 4.81799600 -0.05954770 / 0.00000000 -0.99999980 0.00000000 / 255 0 255 255 / 0.99632350 0.50000000 / -1.00000000 0.00000000 0.00000000 -1.00000000
				-3.39472800 4.81799600 -0.05954770 / 0.00000000 -1.00000000 0.00000000 / 255 0 255 255 / 0.61926600 0.50000000 / -1.00000000 0.00000000 0.00000000 -1.00000000
				-3.39472800 4.81799600 -0.05954770 / 0.00000000 -1.00000000 0.00000000 / 255 0 255 255 / 0.61926600 0.50000000 / -1.00000000 0.00000000 0.00000000 -1.00000000
				-3.40078400 4.81799600 -1.52051400 / 0.00000000 -0.99999980 0.00000000 / 255 0 255 255 / 0.62327930 1.54146600 / -0.99996910 0.00000000 -0.00786550 -1.00000000
				-3.40078400 4.81799600 -1.52051400 / 0.00000000 -0.99999980 0.00000000 / 255 0 255 255 / 0.62327930 1.54146600 / -0.99996910 0.00000000 -0.00786550 -1.00000000
				-3.97916900 4.81799600 -1.14643100 / 0.00000000 -1.00000000 0.00000000 / 255 0 255 255 / 1.00658200 1.27479700 / -0.99996910 0.00000000 -0.00786550 -1.00000000
				-3.97916900 4.81799600 -1.14643100 / 0.00000000 -1.00000000 0.00000000 / 255 0 255 255 / 1.00658200 1.27479700 / -0.99996910 0.00000000 -0.00786550 -1.00000000
				-3.94147000 4.81799600 1.50051100 / 0.00000000 -1.00000000 0.00000000 / 255 0 255 255 / 0.98159840 -0.61210630 / -1.00000000 0.00000000 0.00000000 -1.00000000
				-3.38826100 4.81799600 1.50051100 / 0.00000000 -1.00000000 0.00000000 / 255 0 255 255 / 0.61498050 -0.61210630 / -1.00000000 0.00000000 0.00000000 -1.00000000
				-3.38826100 4.81799600 1.50051100 / 0.00000000 -1.00000000 0.00000000 / 255 0 255 255 / 0.61498050 -0.61210630 / -1.00000000 0.00000000 0.00000000 -1.00000000
				-3.94792200 4.81799600 1.04754600 / 0.00000000 -1.00000000 0.00000000 / 255 0 255 255 / 0.98587390 -0.28920460 / -1.00000000 0.00000000 0.00000000 -1.00000000
				-3.94792200 4.81799600 1.04754600 / 0.00000000 -1.00000000 0.00000000 / 255 0 255 255 / 0.98587390 -0.28920460 / -1.00000000 0.00000000 0.00000000 -1.00000000
				-3.95228800 4.81799600 0.74097990 / 0.00000000 -1.00000000 0.00000000 / 255 0 255 255 / 0.98876750 -0.07066540 / -1.00000000 0.00000000 0.00000000 -1.00000000
				-3.95228800 4.81799600 0.74097990 / 0.00000000 -1.00000000 0.00000000 / 255 0 255 255 / 0.98876750 -0.07066540 / -1.00000000 0.00000000 0.00000000 -1.00000000
				-3.40119500 4.81799600 -1.63702900 / 0.00000000 -1.00000000 0.00000000 / 255 0 255 255 / 0.62355150 1.61210600 / -1.00000000 0.00000000 0.00000000 -1.00000000
				-3.98590900 4.81799600 -1.63702900 / 0.00000000 -1.00000000 0.00000000 / 255 0 255 255 / 1.01104800 1.61210600 / -0.99993040 0.00000000 -0.01179780 -1.00000000
				-1.98362500 4.81799600 -0.05954770 / 0.00000000 -1.00000000 0.00000000 / 255 0 255 255 / -0.34556250 0.50000000 / -1.00000000 0.00000000 0.00000000 -1.00000000
				-1.98362500 4.81799600 -0.05954770 / 0.00000000 -1.00000000 0.00000000 / 255 0 255 255 / -0.34556250 0.50000000 / -1.00000000 0.00000000 0.00000000 -1.00000000
				-1.99886200 4.81799600 1.50051100 / 0.00000000 -1.00000000 0.00000000 / 255 0 255 255 / -0.33510740 -0.61210630 / -1.00000000 0.00000000 0.00000000 -1.00000000
				-1.99886200 4.81799600 1.50051100 / 0.00000000 -1.00000000 0.00000000 / 255 0 255 255 / -0.33510740 -0.61210630 / -1.00000000 0.00000000 0.00000000 -1.00000000
				-2.02054200 4.81799600 0.73469060 / 0.00000000 -0.99999980 0.00000000 / 255 0 255 255 / -0.32023090 -0.06618210 / -1.00000000 0.00000000 -0.00000040 -1.00000000
				-2.02054200 4.81799600 0.73469060 / 0.00000000 -0.99999980 0.00000000 / 255 0 255 255 / -0.32023090 -0.06618210 / -1.00000000 0.00000000 -0.00000040 -1.00000000
				0.08102450 -4.82235200 -0.83444990 / 0.00000000 0.54069900 0.84121610 / 255 0 255 255 / 0.50000000 1.09698500 / -0.99999980 0.00031660 -0.00020350 1.00000000
				0.08102450 -4.82235200 -0.83444990 / 0.00000000 0.54069900 0.84121610 / 255 0 255 255 / 0.50000000 1.09698500 / -0.99999980 0.00031660 -0.00020350 1.00000000
				-0.84329190 -4.82235200 -0.83444990 / 0.00000000 0.54069900 0.84121610 / 255 0 255 255 / 1.21429400 1.09672500 / -0.99999970 0.00063310 -0.00040690 1.00000000
				-0.83743240 -4.82918900 -0.83005550 / 0.00000000 0.54069900 0.84121610 / 255 0 255 255 / 1.20990000 1.09368900 / -0.99999980 0.00031660 -0.00020350 1.00000000
				-0.83743240 -4.82918900 -0.83005550 / 0.00000000 0.54069900 0.84121610 / 255 0 255 255 / 1.20990000 1.09368900 / -0.99999980 0.00031660 -0.00020350 1.00000000
				0.08102450 -4.82918900 -0.83005550 / 0.00000000 0.54069910 0.84121610 / 255 0 255 255 / 0.50000000 1.09368900 / -1.00000000 0.00000000 0.00000000 1.00000000
				0.08102450 -4.82918900 1.39650700 / 0.00018620 0.07130290 -0.99745470 / 255 0 255 255 / 0.50000000 -0.56838990 / -0.99999840 0.00179330 -0.00005850 1.00000000
				0.08102450 -4.82918900 1.39650700 / 0.00018620 0.07130290 -0.99745470 / 255 0 255 255 / 0.50000000 -0.56838990 / -0.99999840 0.00179330 -0.00005850 1.00000000
				0.08102450 -4.82235200 1.39699500 / 0.00018660 0.07118520 -0.99746310 / 255 0 255 255 / 0.50000000 -0.56872560 / -0.99999360 0.00357330 0.00006800 1.00000000
				2.69040000 -4.82235200 1.39748300 / 0.00000030 0.14120160 -0.98998090 / 255 0 255 255 / -1.51646400 -0.56918340 / -0.99999850 0.00175590 0.00025010 1.00000000
				2.69040000 -4.82235200 1.39748300 / 0.00000030 0.14120160 -0.98998090 / 255 0 255 255 / -1.51646400 -0.56918340 / -0.99999850 0.00175590 0.00025010 1.00000000
				2.69040000 -4.82918900 1.39650700 / 0.00000000 0.14131740 -0.98996430 / 255 0 255 255 / -1.51646400 -0.56838990 / -1.00000000 0.00000000 0.00000000 1.00000000
				0.08102450 -4.82235200 -0.83444990 / 0.00000060 0.54086930 0.84110670 / 255 0 255 255 / 0.50000000 1.09698500 / -1.00000000 0.00016020 -0.00010220 1.00000000
				0.08102450 -4.82235200 -0.83444990 / 0.00000060 0.54086930 0.84110670 / 255 0 255 255 / 0.50000000 1.09698500 / -1.00000000 0.00016020 -0.00010220 1.00000000
				0.08102450 -4.82918900 -0.83005550 / 0.00000000 0.54069910 0.84121610 / 255 0 255 255 / 0.50000000 1.09368900 / -1.00000000 0.00000000 0.00000000 1.00000000
				2.69040000 -4.82918900 -0.83005550 / 0.00029370 0.61762030 0.78647630 / 255 0 255 255 / -1.51646400 1.09368900 / -0.99999980 0.00032060 0.00012170 1.00000000
				2.69040000 -4.82918900 -0.83005550 / 0.00029370 0.61762030 0.78647630 / 255 0 255 255 / -1.51646400 1.09368900 / -0.99999980 0.00032060 0.00012170 1.00000000
				2.69040000 -4.82235200 -0.83542660 / 0.00029430 0.61776820 0.78636010 / 255 0 255 255 / -1.51646400 1.09768700 / -0.99999980 0.00046010 0.00001280 1.00000000
				3.38864100 -4.82918900 1.39650700 / 0.00067370 0.20841590 -0.97804000 / 255 0 255 255 / -2.05627400 -0.56838990 / -0.99999960 0.00071670 -0.00053610 1.00000000
				3.38864100 -4.82918900 1.39650700 / 0.00067370 0.20841590 -0.97804000 / 255 0 255 255 / -2.05627400 -0.56838990 / -0.99999960 0.00071670 -0.00053610 1.00000000
				2.69040000 -4.82918900 1.39650700 / 0.00000000 0.14131740 -0.98996430 / 255 0 255 255 / -1.51646400 -0.56838990 / -1.00000000 0.00000000 0.00000000 1.00000000
				2.69040000 -4.82235200 1.39748300 / 0.00000430 0.14174900 -0.98990260 / 255 0 255 255 / -1.51646400 -0.56918340 / -0.99999980 0.00060520 0.00008230 1.00000000
				2.69040000 -4.82235200 1.39748300 / 0.00000430 0.14174900 -0.98990260 / 255 0 255 255 / -1.51646400 -0.56918340 / -0.99999980 0.00060520 0.00008230 1.00000000
				3.39596600 -4.82235200 1.39797100 / 0.00067650 0.20869410 -0.97798080 / 255 0 255 255 / -2.06160000 -0.56930540 / -0.99999910 0.00129310 -0.00041580 1.00000000
				2.69040000 -4.82235200 -0.83542660 / 0.00000430 0.61804180 0.78614530 / 255 0 255 255 / -1.51646400 1.09768700 / -1.00000000 0.00007140 -0.00005060 1.00000000
				2.69040000 -4.82235200 -0.83542660 / 0.00000430 0.61804180 0.78614530 / 255 0 255 255 / -1.51646400 1.09768700 / -1.00000000 0.00007140 -0.00005060 1.00000000
				2.69040000 -4.82918900 -0.83005550 / 0.00000000 0.61776830 0.78636020 / 255 0 255 255 / -1.51646400 1.09368900 / -1.00000000 0.00000000 0.00000000 1.00000000
				3.38864100 -4.82918900 -0.83005550 / 0.00052450 0.65034540 0.75963850 / 255 0 255 255 / -2.05627400 1.09368900 / -0.99999980 0.00039920 0.00034880 1.00000000
				3.38864100 -4.82918900 -0.83005550 / 0.00052450 0.65034540 0.75963850 / 255 0 255 255 / -2.05627400 1.09368900 / -0.99999980 0.00039920 0.00034880 1.00000000
				3.39303700 -4.82235200 -0.83591490 / 0.00052780 0.65054330 0.75946900 / 255 0 255 255 / -2.05949400 1.09788500 / -0.99999980 0.00045930 0.00030150 1.00000000
				3.38864100 -4.82918900 1.39650700 / -0.68238100 0.73099670 0.00000000 / 255 0 255 255 / -2.05627400 -0.56838990 / -0.73094450 -0.68233220 -0.01194140 1.00000000
				3.38864100 -4.82918900 1.39650700 / -0.68238100 0.73099670 0.00000000 / 255 0 255 255 / -2.05627400 -0.56838990 / -0.73094450 -0.68233220 -0.01194140 1.00000000
				3.39596600 -4.82235200 1.39797100 / -0.68238100 0.73099670 0.00000000 / 255 0 255 255 / -2.06160000 -0.56930540 / -0.73079170 -0.68218970 -0.02367720 1.00000000
				3.39596600 -4.82235200 -0.05954770 / -0.68238030 0.73099610 0.00128610 / 255 0 255 255 / -2.06169100 0.51847840 / -0.73098050 -0.68235160 -0.00798380 1.00000000
				3.39596600 -4.82235200 -0.05954770 / -0.68238030 0.73099610 0.00128610 / 255 0 255 255 / -2.06169100 0.51847840 / -0.73098050 -0.68235160 -0.00798380 1.00000000
				3.39596600 -4.82235200 -0.05954770 / -0.68238030 0.73099610 0.00128610 / 255 0 255 255 / -2.06169100 0.51847840 / -0.73098050 -0.68235160 -0.00798380 1.00000000
				3.38864100 -4.82918900 -0.05954770 / -0.68297920 0.73043680 0.00127890 / 255 0 255 255 / -2.05627400 0.51847840 / -0.73037250 -0.68294030 0.01218660 1.00000000
				3.38864100 -4.82918900 -0.05954770 / -0.68297920 0.73043680 0.00127890 / 255 0 255 255 / -2.05627400 0.51847840 / -0.73037250 -0.68294030 0.01218660 1.00000000
				3.38864100 -4.82918900 -0.05954770 / -0.68297920 0.73043680 0.00127890 / 255 0 255 255 / -2.05627400 0.51847840 / -0.73037250 -0.68294030 0.01218660 1.00000000
				3.39303700 -4.82235200 -0.83591490 / -0.83937170 0.54355810 0.00003500 / 255 0 255 255 / -2.05949400 1.09788500 / -0.54347750 -0.83924840 0.01715800 1.00000000
				3.39303700 -4.82235200 -0.83591490 / -0.83937170 0.54355810 0.00003500 / 255 0 255 255 / -2.05949400 1.09788500 / -0.54347750 -0.83924840 0.01715800 1.00000000
				3.38864100 -4.82918900 -0.83005550 / -0.84118600 0.54074570 0.00000000 / 255 0 255 255 / -2.05627400 1.09368900 / -0.54051270 -0.84082370 0.02935270 1.00000000
				-0.83743240 -4.82918900 -0.83005550 / 0.75838020 0.65181090 0.00142530 / 255 0 255 255 / 1.20990000 1.09368900 / -0.65167360 0.75826190 -0.01898590 1.00000000
				-0.83743240 -4.82918900 -0.83005550 / 0.75838020 0.65181090 0.00142530 / 255 0 255 255 / 1.20990000 1.09368900 / -0.65167360 0.75826190 -0.01898590 1.00000000
				-0.84329190 -4.82235200 -0.83444990 / 0.75884160 0.65127350 0.00143440 / 255 0 255 255 / 1.21429400 1.09672500 / -0.65080910 0.75838010 -0.03615370 1.00000000
				-0.84475670 -4.82235200 -0.05954770 / 0.68266930 0.73072730 -0.00022410 / 255 0 255 255 / 1.21533200 0.51847840 / -0.73066840 0.68261040 -0.01290910 1.00000000
				-0.84475670 -4.82235200 -0.05954770 / 0.68266930 0.73072730 -0.00022410 / 255 0 255 255 / 1.21533200 0.51847840 / -0.73066840 0.68261040 -0.01290910 1.00000000
				-0.84475670 -4.82235200 -0.05954770 / 0.68266930 0.73072730 -0.00022410 / 255 0 255 255 / 1.21533200 0.51847840 / -0.73066840 0.68261040 -0.01290910 1.00000000
				-0.83743240 -4.82918900 -0.05954770 / 0.68252860 0.73085870 -0.00022790 / 255 0 255 255 / 1.20991500 0.51847840 / -0.73085870 0.68252860 -0.00015380 1.00000000
				-0.83743240 -4.82918900 -0.05954770 / 0.68252860 0.73085870 -0.00022790 / 255 0 255 255 / 1.20991500 0.51847840 / -0.73085870 0.68252860 -0.00015380 1.00000000
				-0.83743240 -4.82918900 -0.05954770 / 0.68252860 0.73085870 -0.00022790 / 255 0 255 255 / 1.20991500 0.51847840 / -0.73085870 0.68252860 -0.00015380 1.00000000
				-0.84378020 -4.82235200 1.39308900 / 0.73868130 0.67005090 0.07336170 / 255 0 255 255 / 1.21469100 -0.56584170 / -0.67236070 0.74015940 0.00975770 1.00000000
				-0.84378020 -4.82235200 1.39308900 / 0.73868130 0.67005090 0.07336170 / 255 0 255 255 / 1.21469100 -0.56584170 / -0.67236070 0.74015940 0.00975770 1.00000000
				-0.84378020 -4.82235200 1.39308900 / 0.73868130 0.67005090 0.07336170 / 255 0 255 255 / 1.21469100 -0.56584170 / -0.67236070 0.74015940 0.00975770 1.00000000
				-0.83792080 -4.82918900 1.39650700 / 0.42359550 0.43453950 -0.79482210 / 255 0 255 255 / 1.20996100 -0.56838990 / -0.82025120 0.55632700 -0.13299660 1.00000000
				-0.83792080 -4.82918900 1.39650700 / 0.42359550 0.43453950 -0.79482210 / 255 0 255 255 / 1.20996100 -0.56838990 / -0.82025120 0.55632700 -0.13299660 1.00000000
				-0.83792080 -4.82918900 1.39650700 / 0.42359550 0.43453950 -0.79482210 / 255 0 255 255 / 1.20996100 -0.56838990 / -0.82025120 0.55632700 -0.13299660 1.00000000
				-0.83792080 -4.82918900 1.39650700 / 0.42359550 0.43453950 -0.79482210 / 255 0 255 255 / 1.20996100 -0.56838990 / -0.82025120 0.55632700 -0.13299660 1.00000000
				-0.84475670 -4.82235200 1.39699500 / 0.64304100 0.66948480 -0.37187140 / 255 0 255 255 / 1.21537800 -0.56857300 / -0.74339130 0.66235610 -0.09302590 1.00000000
				-0.84475670 -4.82235200 1.39699500 / 0.64304100 0.66948480 -0.37187140 / 255 0 255 255 / 1.21537800 -0.56857300 / -0.74339130 0.66235610 -0.09302590 1.00000000
				0.08102450 -4.82235200 1.39699500 / 0.00000000 0.07118530 -0.99746310 / 255 0 255 255 / 0.50000000 -0.56872560 / -0.99999530 0.00305770 0.00021820 1.00000000
				0.08102450 -4.82235200 1.39699500 / 0.00000000 0.07118530 -0.99746310 / 255 0 255 255 / 0.50000000 -0.56872560 / -0.99999530 0.00305770 0.00021820 1.00000000
				0.08102450 -4.82918900 1.39650700 / 0.00000000 0.07118530 -0.99746310 / 255 0 255 255 / 0.50000000 -0.56838990 / -1.00000000 0.00000000 0.00000000 1.00000000
				-0.83792080 -4.82918900 1.39650700 / 0.00000000 0.00000000 -1.00000000 / 255 0 255 255 / 1.20996100 0.15563970 / -1.00000000 0.00000000 0.00000000 1.00000000
				-0.83792080 -4.82918900 1.39650700 / 0.00000000 0.00000000 -1.00000000 / 255 0 255 255 / 1.20996100 0.15563970 / -1.00000000 0.00000000 0.00000000 1.00000000
				-0.83792080 -4.82918900 1.39650700 / 0.00000000 0.00000000 -1.00000000 / 255 0 255 255 / 1.20996100 0.15563970 / -1.00000000 0.00000000 0.00000000 1.00000000
				-0.73635830 -4.90047800 1.39650700 / 0.00000000 0.00000000 -1.00000000 / 255 0 255 255 / 1.13153100 0.96076970 / -1.00000000 0.00000000 0.00000000 1.00000000
				-0.73635830 -4.90047800 1.39650700 / 0.00000000 0.00000000 -1.00000000 / 255 0 255 255 / 1.13153100 0.96076970 / -1.00000000 0.00000000 0.00000000 1.00000000
				-0.83792080 -4.90047800 1.39650700 / 0.00000000 0.00000000 -1.00000000 / 255 0 255 255 / 1.20996100 0.96076970 / -1.00000000 0.00000000 0.00000000 1.00000000
				0.08102450 -4.90047800 1.39650700 / 0.00000000 0.00000000 -0.99999980 / 255 0 255 255 / 0.50000000 0.96076970 / -1.00000000 0.00000000 0.00000000 1.00000000
				0.08102450 -4.90047800 1.39650700 / 0.00000000 0.00000000 -0.99999980 / 255 0 255 255 / 0.50000000 0.96076970 / -1.00000000 0.00000000 0.00000000 1.00000000
				0.08102450 -4.90047800 1.39650700 / 0.00000000 0.00000000 -0.99999980 / 255 0 255 255 / 0.50000000 0.96076970 / -1.00000000 0.00000000 0.00000000 1.00000000
				0.08102450 -4.82918900 1.39650700 / 0.00000000 0.00000000 -0.99999980 / 255 0 255 255 / 0.50000000 0.15563970 / -1.00000000 -0.00000060 0.00000000 1.00000000
				0.08102450 -4.82918900 1.39650700 / 0.00000000 0.00000000 -0.99999980 / 255 0 255 255 / 0.50000000 0.15563970 / -1.00000000 -0.00000060 0.00000000 1.00000000
				0.08102450 -4.82918900 1.39650700 / 0.00000000 0.00000000 -0.99999980 / 255 0 255 255 / 0.50000000 0.15563970 / -1.00000000 -0.00000060 0.00000000 1.00000000
				0.08102450 -4.82918900 1.39650700 / 0.00000000 0.00000000 -0.99999980 / 255 0 255 255 / 0.50000000 0.15563970 / -1.00000000 -0.00000060 0.00000000 1.00000000
				0.08102450 -4.82918900 1.39650700 / 0.00000000 0.00000000 -0.99999980 / 255 0 255 255 / 0.50000000 0.15563970 / -1.00000000 -0.00000060 0.00000000 1.00000000
				0.08102450 -4.82918900 1.39650700 / 0.00000000 0.00000000 -0.99999980 / 255 0 255 255 / 0.50000000 0.15563970 / -1.00000000 -0.00000060 0.00000000 1.00000000
				0.08102450 -4.82918900 1.39650700 / 0.00000000 0.00000000 -0.99999980 / 255 0 255 255 / 0.50000000 0.15563970 / -1.00000000 -0.00000060 0.00000000 1.00000000
				0.52096590 -4.90047800 1.39650700 / 0.00000000 0.00000000 -1.00000000 / 255 0 255 255 / 0.16011050 0.96076970 / -1.00000000 0.00000000 0.00000000 1.00000000
				0.52096590 -4.90047800 1.39650700 / 0.00000000 0.00000000 -1.00000000 / 255 0 255 255 / 0.16011050 0.96076970 / -1.00000000 0.00000000 0.00000000 1.00000000
				0.62155180 -4.90047800 1.39650700 / 0.00000000 0.00000000 -1.00000000 / 255 0 255 255 / 0.08210750 0.96076970 / -1.00000000 -0.00000050 0.00000000 1.00000000
				0.62155180 -4.90047800 1.39650700 / 0.00000000 0.00000000 -1.00000000 / 255 0 255 255 / 0.08210750 0.96076970 / -1.00000000 -0.00000050 0.00000000 1.00000000
				1.92965800 -4.90047800 1.39650700 / 0.00000000 0.00000000 -1.00000000 / 255 0 255 255 / -0.92857360 0.96078490 / -1.00000000 -0.00000050 0.00000000 1.00000000
				1.92965800 -4.90047800 1.39650700 / 0.00000000 0.00000000 -1.00000000 / 255 0 255 255 / -0.92857360 0.96078490 / -1.00000000 -0.00000050 0.00000000 1.00000000
				2.03073200 -4.90047800 1.39650700 / 0.00000000 0.00000000 -1.00000000 / 255 0 255 255 / -1.00657700 0.96078490 / -1.00000000 -0.00000100 0.00000000 1.00000000
				2.03073200 -4.90047800 1.39650700 / 0.00000000 0.00000000 -1.00000000 / 255 0 255 255 / -1.00657700 0.96078490 / -1.00000000 -0.00000100 0.00000000 1.00000000
				2.69040000 -4.90047800 1.39650700 / 0.00000000 0.00000000 -1.00000000 / 255 0 255 255 / -1.51646400 0.96080020 / -1.00000000 -0.00000100 0.00000000 1.00000000
				2.69040000 -4.90047800 1.39650700 / 0.00000000 0.00000000 -1.00000000 / 255 0 255 255 / -1.51646400 0.96080020 / -1.00000000 -0.00000100 0.00000000 1.00000000
				2.69040000 -4.90047800 1.39650700 / 0.00000000 0.00000000 -1.00000000 / 255 0 255 255 / -1.51646400 0.96080020 / -1.00000000 -0.00000100 0.00000000 1.00000000
				2.69040000 -4.82918900 1.39650700 / 0.00000000 0.00000000 -0.99999980 / 255 0 255 255 / -1.51646400 0.15567020 / -1.00000000 -0.00000030 0.00000000 1.00000000
				2.69040000 -4.82918900 1.39650700 / 0.00000000 0.00000000 -0.99999980 / 255 0 255 255 / -1.51646400 0.15567020 / -1.00000000 -0.00000030 0.00000000 1.00000000
				2.69040000 -4.82918900 1.39650700 / 0.00000000 0.00000000 -0.99999980 / 255 0 255 255 / -1.51646400 0.15567020 / -1.00000000 -0.00000030 0.00000000 1.00000000
				2.69040000 -4.82918900 1.39650700 / 0.00000000 0.00000000 -0.99999980 / 255 0 255 255 / -1.51646400 0.15567020 / -1.00000000 -0.00000030 0.00000000 1.00000000
				3.26852500 -4.90047800 1.39650700 / 0.00000000 0.00000000 -1.00000000 / 255 0 255 255 / -1.96340900 0.96080020 / -1.00000000 0.00000000 0.00000000 1.00000000
				3.26852500 -4.90047800 1.39650700 / 0.00000000 0.00000000 -1.00000000 / 255 0 255 255 / -1.96340900 0.96080020 / -1.00000000 0.00000000 0.00000000 1.00000000
				3.38864100 -4.90047800 1.39650700 / 0.00000000 0.00000000 -1.00000000 / 255 0 255 255 / -2.05627400 0.96080020 / -1.00000000 0.00000000 0.00000000 1.00000000
				3.38864100 -4.90047800 1.39650700 / 0.00000000 0.00000000 -1.00000000 / 255 0 255 255 / -2.05627400 0.96080020 / -1.00000000 0.00000000 0.00000000 1.00000000
				3.38864100 -4.82918900 1.39650700 / 0.00000000 0.00000000 -1.00000000 / 255 0 255 255 / -2.05627400 0.15567020 / -1.00000000 0.00000000 0.00000000 1.00000000
				3.38864100 -4.82918900 -0.83005550 / 0.00000000 0.00000000 1.00000000 / 255 0 255 255 / 3.05627400 0.15567020 / 1.00000000 0.00000000 0.00000000 1.00000000
				3.38864100 -4.82918900 -0.83005550 / 0.00000000 0.00000000 1.00000000 / 255 0 255 255 / 3.05627400 0.15567020 / 1.00000000 0.00000000 0.00000000 1.00000000
				3.38864100 -4.82918900 -0.83005550 / 0.00000000 0.00000000 1.00000000 / 255 0 255 255 / 3.05627400 0.15567020 / 1.00000000 0.00000000 0.00000000 1.00000000
				3.26852500 -4.90047800 -0.83005550 / 0.00000000 0.00000000 1.00000000 / 255 0 255 255 / 2.96342500 0.96080020 / 1.00000000 0.00000000 0.00000000 1.00000000
				3.26852500 -4.90047800 -0.83005550 / 0.00000000 0.00000000 1.00000000 / 255 0 255 255 / 2.96342500 0.96080020 / 1.00000000 0.00000000 0.00000000 1.00000000
				3.38864100 -4.90047800 -0.83005550 / 0.00000000 0.00000000 1.00000000 / 255 0 255 255 / 3.05627400 0.96080020 / 1.00000000 0.00000000 0.00000000 1.00000000
				2.69040000 -4.90047800 -0.83005550 / 0.00000000 0.00000000 1.00000000 / 255 0 255 255 / 2.51646400 0.96080020 / 1.00000000 0.00000070 0.00000000 1.00000000
				2.69040000 -4.90047800 -0.83005550 / 0.00000000 0.00000000 1.00000000 / 255 0 255 255 / 2.51646400 0.96080020 / 1.00000000 0.00000070 0.00000000 1.00000000
				2.69040000 -4.90047800 -0.83005550 / 0.00000000 0.00000000 1.00000000 / 255 0 255 255 / 2.51646400 0.96080020 / 1.00000000 0.00000070 0.00000000 1.00000000
				2.69040000 -4.82918900 -0.83005550 / 0.00000000 0.00000000 0.99999980 / 255 0 255 255 / 2.51646400 0.15567020 / 1.00000000 0.00000060 0.00000000 1.00000000
				2.69040000 -4.82918900 -0.83005550 / 0.00000000 0.00000000 0.99999980 / 255 0 255 255 / 2.51646400 0.15567020 / 1.00000000 0.00000060 0.00000000 1.00000000
				2.69040000 -4.82918900 -0.83005550 / 0.00000000 0.00000000 0.99999980 / 255 0 255 255 / 2.51646400 0.15567020 / 1.00000000 0.00000060 0.00000000 1.00000000
				2.69040000 -4.82918900 -0.83005550 / 0.00000000 0.00000000 0.99999980 / 255 0 255 255 / 2.51646400 0.15567020 / 1.00000000 0.00000060 0.00000000 1.00000000
				2.69040000 -4.82918900 -0.83005550 / 0.00000000 0.00000000 0.99999980 / 255 0 255 255 / 2.51646400 0.15567020 / 1.00000000 0.00000060 0.00000000 1.00000000
				2.69040000 -4.82918900 -0.83005550 / 0.00000000 0.00000000 0.99999980 / 255 0 255 255 / 2.51646400 0.15567020 / 1.00000000 0.00000060 0.00000000 1.00000000
				2.69040000 -4.82918900 -0.83005550 / 0.00000000 0.00000000 0.99999980 / 255 0 255 255 / 2.51646400 0.15567020 / 1.00000000 0.00000060 0.00000000 1.00000000
				2.03073200 -4.90047800 -0.83005550 / 0.00000000 0.00000000 1.00000000 / 255 0 255 255 / 2.00659200 0.96078490 / 1.00000000 0.00000100 0.00000000 1.00000000
				2.03073200 -4.90047800 -0.83005550 / 0.00000000 0.00000000 1.00000000 / 255 0 255 255 / 2.00659200 0.96078490 / 1.00000000 0.00000100 0.00000000 1.00000000
				1.92965800 -4.90047800 -0.83005550 / 0.00000000 0.00000000 1.00000000 / 255 0 255 255 / 1.92860400 0.96078490 / 1.00000000 0.00000050 0.00000000 1.00000000
				1.92965800 -4.90047800 -0.83005550 / 0.00000000 0.00000000 1.00000000 / 255 0 255 255 / 1.92860400 0.96078490 / 1.00000000 0.00000050 0.00000000 1.00000000
				0.62204020 -4.90047800 -0.83005550 / 0.00000000 0.00000000 0.99999980 / 255 0 255 255 / 0.91792300 0.96076970 / 1.00000000 0.00000050 0.00000000 1.00000000
				0.62204020 -4.90047800 -0.83005550 / 0.00000000 0.00000000 0.99999980 / 255 0 255 255 / 0.91792300 0.96076970 / 1.00000000 0.00000050 0.00000000 1.00000000
				0.52096590 -4.90047800 -0.83005550 / 0.00000000 0.00000000 1.00000000 / 255 0 255 255 / 0.83992000 0.96076970 / 1.00000000 0.00000000 0.00000000 1.00000000
				0.52096590 -4.90047800 -0.83005550 / 0.00000000 0.00000000 1.00000000 / 255 0 255 255 / 0.83992000 0.96076970 / 1.00000000 0.00000000 0.00000000 1.00000000
				0.08102450 -4.90047800 -0.83005550 / 0.00000000 0.00000000 1.00000000 / 255 0 255 255 / 0.50000000 0.96076970 / 1.00000000 0.00000030 0.00000000 1.00000000
				0.08102450 -4.90047800 -0.83005550 / 0.00000000 0.00000000 1.00000000 / 255 0 255 255 / 0.50000000 0.96076970 / 1.00000000 0.00000030 0.00000000 1.00000000
				0.08102450 -4.90047800 -0.83005550 / 0.00000000 0.00000000 1.00000000 / 255 0 255 255 / 0.50000000 0.96076970 / 1.00000000 0.00000030 0.00000000 1.00000000
				0.08102450 -4.82918900 -0.83005550 / 0.00000000 0.00000000 1.00000000 / 255 0 255 255 / 0.50000000 0.15563970 / 1.00000000 0.00000030 0.00000000 1.00000000
				0.08102450 -4.82918900 -0.83005550 / 0.00000000 0.00000000 1.00000000 / 255 0 255 255 / 0.50000000 0.15563970 / 1.00000000 0.00000030 0.00000000 1.00000000
				0.08102450 -4.82918900 -0.83005550 / 0.00000000 0.00000000 1.00000000 / 255 0 255 255 / 0.50000000 0.15563970 / 1.00000000 0.00000030 0.00000000 1.00000000
				0.08102450 -4.82918900 -0.83005550 / 0.00000000 0.00000000 1.00000000 / 255 0 255 255 / 0.50000000 0.15563970 / 1.00000000 0.00000030 0.00000000 1.00000000
				-0.73586990 -4.90047800 -0.83005550 / 0.00000000 0.00000000 1.00000000 / 255 0 255 255 / -0.13145450 0.96076970 / 1.00000000 0.00000000 0.00000000 1.00000000
				-0.73586990 -4.90047800 -0.83005550 / 0.00000000 0.00000000 1.00000000 / 255 0 255 255 / -0.13145450 0.96076970 / 1.00000000 0.00000000 0.00000000 1.00000000
				-0.83743240 -4.90047800 -0.83005550 / 0.00000000 0.00000000 0.99999980 / 255 0 255 255 / -0.20989990 0.96076970 / 1.00000000 0.00000000 0.00000000 1.00000000
				-0.83743240 -4.90047800 -0.83005550 / 0.00000000 0.00000000 0.99999980 / 255 0 255 255 / -0.20989990 0.96076970 / 1.00000000 0.00000000 0.00000000 1.00000000
				-0.83743240 -4.82918900 -0.83005550 / 0.00000000 0.00000000 1.00000000 / 255 0 255 255 / -0.20989990 0.15563970 / 1.00000000 0.00000000 0.00000000 1.00000000
				-0.83743240 -4.82918900 -0.83005550 / 1.00000000 0.00000000 0.00000000 / 255 0 255 255 / 0.87289430 1.09368900 / 0.00000000 1.00000000 -0.00008020 1.00000000
				-0.83743240 -4.82918900 -0.83005550 / 1.00000000 0.00000000 0.00000000 / 255 0 255 255 / 0.87289430 1.09368900 / 0.00000000 1.00000000 -0.00008020 1.00000000
				-0.83743240 -4.82918900 -0.83005550 / 1.00000000 0.00000000 0.00000000 / 255 0 255 255 / 0.87289430 1.09368900 / 0.00000000 1.00000000 -0.00008020 1.00000000
				-0.83743240 -4.90047800 -0.71433280 / 1.00000000 0.00000000 0.00000000 / 255 0 255 255 / 0.04547120 1.00730900 / 0.00000000 1.00000000 -0.00012040 1.00000000
				-0.83743240 -4.90047800 -0.71433280 / 1.00000000 0.00000000 0.00000000 / 255 0 255 255 / 0.04547120 1.00730900 / 0.00000000 1.00000000 -0.00012040 1.00000000
				-0.83743240 -4.90047800 -0.83005550 / 1.00000000 0.00000000 0.00000000 / 255 0 255 255 / 0.04547120 1.09368900 / 0.00000000 1.00000000 0.00000000 1.00000000
				-0.83743240 -4.90047800 -0.05954770 / 0.99999980 0.00010990 0.00016770 / 255 0 255 255 / 0.04547120 0.51847840 / 0 0 0 1.00000000
				-0.83743240 -4.90047800 -0.05954770 / 0.99999980 0.00010990 0.00016770 / 255 0 255 255 / 0.04547120 0.51847840 / 0 0 0 1.00000000
				-0.83743240 -4.90047800 -0.05954770 / 0.99999980 0.00010990 0.00016770 / 255 0 255 255 / 0.04547120 0.51847840 / 0 0 0 1.00000000
				-0.83743240 -4.90047800 -0.05954770 / 0.99999980 0.00010990 0.00016770 / 255 0 255 255 / 0.04547120 0.51847840 / 0 0 0 1.00000000
				-0.83743240 -4.90047800 -0.05954770 / 0.99999980 0.00010990 0.00016770 / 255 0 255 255 / 0.04547120 0.51847840 / 0 0 0 1.00000000
				-0.83743240 -4.90047800 -0.05954770 / 0.99999980 0.00010990 0.00016770 / 255 0 255 255 / 0.04547120 0.51847840 / 0 0 0 1.00000000
				-0.83743240 -4.82918900 -0.05954770 / 1.00000000 0.00000000 0.00016770 / 255 0 255 255 / 0.87289430 0.51847840 / 0.00000000 1.00000000 0.00000000 1.00000000
				-0.83743240 -4.82918900 -0.05954770 / 1.00000000 0.00000000 0.00016770 / 255 0 255 255 / 0.87289430 0.51847840 / 0.00000000 1.00000000 0.00000000 1.00000000
				-0.83743240 -4.82918900 -0.05954770 / 1.00000000 0.00000000 0.00016770 / 255 0 255 255 / 0.87289430 0.51847840 / 0.00000000 1.00000000 0.00000000 1.00000000
				-0.83792080 -4.82918900 1.39650700 / 0.99999980 0.00000000 0.00033540 / 255 0 255 255 / 0.87289430 -0.56838990 / 0.00000000 1.00000000 0.00000000 1.00000000
				-0.83792080 -4.90047800 1.39650700 / 1.00000000 -0.00021980 0.00033540 / 255 0 255 255 / 0.04547120 -0.56838990 / 0 0 0 1.00000000
				-0.83792080 -4.90047800 1.39650700 / 1.00000000 -0.00021980 0.00033540 / 255 0 255 255 / 0.04547120 -0.56838990 / 0 0 0 1.00000000
				-0.83792080 -4.90047800 1.39650700 / 1.00000000 -0.00021980 0.00033540 / 255 0 255 255 / 0.04547120 -0.56838990 / 0 0 0 1.00000000
				-0.83792080 -4.90047800 1.29103800 / 0.00000000 -1.00000000 0.00000000 / 255 0 255 255 / 0.04547120 -0.48962400 / 0 0 0 1.00000000
				-0.83792080 -4.90047800 1.29103800 / 0.00000000 -1.00000000 0.00000000 / 255 0 255 255 / 0.04547120 -0.48962400 / 0 0 0 1.00000000
				-0.83743240 -4.90047800 0.61672180 / 0.00000000 1.00000000 0.00000000 / 255 0 255 255 / 0.04547120 0.01373290 / 0 0 0 1.00000000
				-0.83743240 -4.90047800 0.61672180 / 0.00000000 1.00000000 0.00000000 / 255 0 255 255 / 0.04547120 0.01373290 / 0 0 0 1.00000000
				-0.83743240 -4.90047800 0.57180010 / 1.00000000 0.00000000 0.00000000 / 255 0 255 255 / 0.04547120 0.04725650 / 0 0 0 1.00000000
				3.38864100 -4.82918900 -0.05954770 / -0.99999980 0.00000000 0.00000000 / 255 0 255 255 / 0.12713620 0.51847840 / 0.00000000 -1.00000000 0.00000000 1.00000000
				3.38864100 -4.82918900 -0.05954770 / -0.99999980 0.00000000 0.00000000 / 255 0 255 255 / 0.12713620 0.51847840 / 0.00000000 -1.00000000 0.00000000 1.00000000
				3.38864100 -4.82918900 -0.05954770 / -0.99999980 0.00000000 0.00000000 / 255 0 255 255 / 0.12713620 0.51847840 / 0.00000000 -1.00000000 0.00000000 1.00000000
				3.38864100 -4.82918900 -0.83005550 / -1.00000000 0.00000000 0.00000000 / 255 0 255 255 / 0.12713620 1.09368900 / 0.00000000 -1.00000000 0.00000000 1.00000000
				3.38864100 -4.90047800 -0.83005550 / -0.99999980 0.00000000 0.00000000 / 255 0 255 255 / 0.95455930 1.09368900 / 0.00000000 -0.99999910 0.00133130 1.00000000
				3.38864100 -4.90047800 -0.83005550 / -0.99999980 0.00000000 0.00000000 / 255 0 255 255 / 0.95455930 1.09368900 / 0.00000000 -0.99999910 0.00133130 1.00000000
				3.38864100 -4.90047800 -0.83005550 / -0.99999980 0.00000000 0.00000000 / 255 0 255 255 / 0.95455930 1.09368900 / 0.00000000 -0.99999910 0.00133130 1.00000000
				3.38864100 -4.87606300 -0.05954770 / -1.00000000 0.00000000 0.00000000 / 255 0 255 255 / 0.67254640 0.51847840 / 0.00000000 -0.99999970 0.00079790 1.00000000
				3.38864100 -4.87606300 -0.05954770 / -1.00000000 0.00000000 0.00000000 / 255 0 255 255 / 0.67254640 0.51847840 / 0.00000000 -0.99999970 0.00079790 1.00000000
				3.38864100 -4.87606300 -0.05954770 / -1.00000000 0.00000000 0.00000000 / 255 0 255 255 / 0.67254640 0.51847840 / 0.00000000 -0.99999970 0.00079790 1.00000000
				3.38864100 -4.87606300 -0.05954770 / -1.00000000 0.00000000 0.00000000 / 255 0 255 255 / 0.67254640 0.51847840 / 0.00000000 -0.99999970 0.00079790 1.00000000
				3.38864100 -4.87606300 -0.05954770 / -1.00000000 0.00000000 0.00000000 / 255 0 255 255 / 0.67254640 0.51847840 / 0.00000000 -0.99999970 0.00079790 1.00000000
				3.38864100 -4.90047800 -0.71433280 / -1.00000000 0.00000000 0.00000000 / 255 0 255 255 / 0.95455930 1.00730900 / 0.00000000 -0.99999800 0.00198900 1.00000000
				3.38864100 -4.90047800 -0.71433280 / -1.00000000 0.00000000 0.00000000 / 255 0 255 255 / 0.95455930 1.00730900 / 0.00000000 -0.99999800 0.00198900 1.00000000
				3.38864100 -4.90047800 -0.05954770 / -1.00000000 0.00000000 0.00000000 / 255 0 255 255 / 0.95455930 0.51847840 / 0.00000000 -0.99999980 0.00066030 1.00000000
				3.38864100 -4.90047800 -0.05954770 / -1.00000000 0.00000000 0.00000000 / 255 0 255 255 / 0.95455930 0.51847840 / 0.00000000 -0.99999980 0.00066030 1.00000000
				3.38864100 -4.90047800 -0.05954770 / -1.00000000 0.00000000 0.00000000 / 255 0 255 255 / 0.95455930 0.51847840 / 0.00000000 -0.99999980 0.00066030 1.00000000
				3.38864100 -4.82918900 1.39650700 / -1.00000000 0.00000000 0.00000000 / 255 0 255 255 / 0.12713620 -0.56838990 / 0.00000000 -0.99999950 0.00105820 1.00000000
				3.38864100 -4.82918900 1.39650700 / -1.00000000 0.00000000 0.00000000 / 255 0 255 255 / 0.12713620 -0.56838990 / 0.00000000 -0.99999950 0.00105820 1.00000000
				3.38864100 -4.82918900 1.39650700 / -1.00000000 0.00000000 0.00000000 / 255 0 255 255 / 0.12713620 -0.56838990 / 0.00000000 -0.99999950 0.00105820 1.00000000
				3.38864100 -4.82918900 1.39650700 / -1.00000000 0.00000000 0.00000000 / 255 0 255 255 / 0.12713620 -0.56838990 / 0.00000000 -0.99999950 0.00105820 1.00000000
				3.38864100 -4.82918900 1.39650700 / -1.00000000 0.00000000 0.00000000 / 255 0 255 255 / 0.12713620 -0.56838990 / 0.00000000 -0.99999950 0.00105820 1.00000000
				3.38864100 -4.82918900 1.39650700 / -1.00000000 0.00000000 0.00000000 / 255 0 255 255 / 0.12713620 -0.56838990 / 0.00000000 -0.99999950 0.00105820 1.00000000
				3.38864100 -4.90047800 0.57180010 / -1.00000000 0.00000000 0.00000000 / 255 0 255 255 / 0.95455930 0.04725650 / 0.00000000 -0.99999600 0.00283300 1.00000000
				3.38864100 -4.90047800 0.57180010 / -1.00000000 0.00000000 0.00000000 / 255 0 255 255 / 0.95455930 0.04725650 / 0.00000000 -0.99999600 0.00283300 1.00000000
				3.38864100 -4.90047800 0.61672180 / -1.00000000 0.00000000 0.00000000 / 255 0 255 255 / 0.95455930 0.01373290 / 0.00000000 -0.99999760 0.00218230 1.00000000
				3.38864100 -4.90047800 0.61672180 / -1.00000000 0.00000000 0.00000000 / 255 0 255 255 / 0.95455930 0.01373290 / 0.00000000 -0.99999760 0.00218230 1.00000000
				3.38864100 -4.90047800 1.29103800 / -1.00000000 0.00000000 0.00000000 / 255 0 255 255 / 0.95455930 -0.48962400 / 0.00000000 -0.99999980 0.00034290 1.00000000
				3.38864100 -4.90047800 1.29103800 / -1.00000000 0.00000000 0.00000000 / 255 0 255 255 / 0.95455930 -0.48962400 / 0.00000000 -0.99999980 0.00034290 1.00000000
				3.38864100 -4.90047800 1.39650700 / -1.00000000 0.00000000 0.00000000 / 255 0 255 255 / 0.95455930 -0.56838990 / 0.00000000 -1.00000000 0.00000000 1.00000000
				3.97457900 -0.08260580 -0.05954770 / -0.99999980 0.00000000 0.00000000 / 255 0 255 255 / -1.13208000 0.50000000 / 0.00000000 -1.00000000 0.00000000 1.00000000
				3.97457900 -0.08260580 -0.05954770 / -0.99999980 0.00000000 0.00000000 / 255 0 255 255 / -1.13208000 0.50000000 / 0.00000000 -1.00000000 0.00000000 1.00000000
				3.97457900 -0.08260580 -0.05954770 / -0.99999980 0.00000000 0.00000000 / 255 0 255 255 / -1.13208000 0.50000000 / 0.00000000 -1.00000000 0.00000000 1.00000000
				3.97457900 -0.08260580 -1.61960700 / -1.00000000 0.00000000 0.00000000 / 255 0 255 255 / -1.13208000 1.61210600 / 0.00000000 -1.00000000 0.00000000 1.00000000
				3.97457900 -2.49276300 -1.61960700 / -0.99999980 0.00000000 0.00000000 / 255 0 255 255 / 0.52174380 1.61210600 / 0.00000000 -1.00000000 0.00000000 1.00000000
				3.97457900 -2.49276300 -1.61960700 / -0.99999980 0.00000000 0.00000000 / 255 0 255 255 / 0.52174380 1.61210600 / 0.00000000 -1.00000000 0.00000000 1.00000000
				3.97457900 -2.49276300 -1.61960700 / -0.99999980 0.00000000 0.00000000 / 255 0 255 255 / 0.52174380 1.61210600 / 0.00000000 -1.00000000 0.00000000 1.00000000
				3.97457900 -2.49276300 -1.61960700 / -0.99999980 0.00000000 0.00000000 / 255 0 255 255 / 0.52174380 1.61210600 / 0.00000000 -1.00000000 0.00000000 1.00000000
				3.97457900 -2.49276300 -0.05954770 / -0.99999980 0.00000000 0.00000000 / 255 0 255 255 / 0.52174380 0.50000000 / 0.00000000 -1.00000000 0.00000000 1.00000000
				3.97457900 -2.49276300 -0.05954770 / -0.99999980 0.00000000 0.00000000 / 255 0 255 255 / 0.52174380 0.50000000 / 0.00000000 -1.00000000 0.00000000 1.00000000
				3.97457900 -2.49276300 -0.05954770 / -0.99999980 0.00000000 0.00000000 / 255 0 255 255 / 0.52174380 0.50000000 / 0.00000000 -1.00000000 0.00000000 1.00000000
				3.97457900 -2.49276300 -0.05954770 / -0.99999980 0.00000000 0.00000000 / 255 0 255 255 / 0.52174380 0.50000000 / 0.00000000 -1.00000000 0.00000000 1.00000000
				3.97457900 -2.49276300 -0.05954770 / -0.99999980 0.00000000 0.00000000 / 255 0 255 255 / 0.52174380 0.50000000 / 0.00000000 -1.00000000 0.00000000 1.00000000
				3.97457900 -0.08260580 1.50051100 / -1.00000000 0.00000000 0.00000000 / 255 0 255 255 / -1.13208000 -0.61210630 / 0.00000000 -1.00000000 0.00000000 1.00000000
				3.97457900 -0.08260580 1.50051100 / -1.00000000 0.00000000 0.00000000 / 255 0 255 255 / -1.13208000 -0.61210630 / 0.00000000 -1.00000000 0.00000000 1.00000000
				3.97457900 -2.49276300 1.50051100 / -1.00000000 0.00000000 0.00000000 / 255 0 255 255 / 0.52174380 -0.61210630 / 0.00000000 -1.00000000 0.00000000 1.00000000
				3.97457900 -2.49276300 1.50051100 / -1.00000000 0.00000000 0.00000000 / 255 0 255 255 / 0.52174380 -0.61210630 / 0.00000000 -1.00000000 0.00000000 1.00000000
				3.97457900 -2.49276300 1.50051100 / -1.00000000 0.00000000 0.00000000 / 255 0 255 255 / 0.52174380 -0.61210630 / 0.00000000 -1.00000000 0.00000000 1.00000000
				3.97457900 -4.82235200 -0.05954770 / -1.00000000 0.00000000 0.00000000 / 255 0 255 255 / 2.12025500 0.50000000 / 0.00000000 -1.00000000 0.00000000 1.00000000
				3.97457900 -4.82235200 -0.05954770 / -1.00000000 0.00000000 0.00000000 / 255 0 255 255 / 2.12025500 0.50000000 / 0.00000000 -1.00000000 0.00000000 1.00000000
				3.97457900 -4.82235200 -0.05954770 / -1.00000000 0.00000000 0.00000000 / 255 0 255 255 / 2.12025500 0.50000000 / 0.00000000 -1.00000000 0.00000000 1.00000000
				3.97457900 -4.82235200 -0.05954770 / -1.00000000 0.00000000 0.00000000 / 255 0 255 255 / 2.12025500 0.50000000 / 0.00000000 -1.00000000 0.00000000 1.00000000
				3.97457900 -4.82235200 -1.61960700 / -1.00000000 0.00000000 0.00000000 / 255 0 255 255 / 2.12025500 1.61210600 / 0.00000000 -1.00000000 0.00000000 1.00000000
				3.97457900 -4.82235200 1.50051100 / -1.00000000 0.00000000 0.00000000 / 255 0 255 255 / 2.12025500 -0.61210630 / 0.00000000 -1.00000000 0.00000000 1.00000000
				3.98590900 -4.81799600 -0.05954770 / 0.00000000 1.00000000 0.00000000 / 255 0 255 255 / -1.13208000 0.50000000 / -1.00000000 0.00000000 0.00000000 1.00000000
				3.98590900 -4.81799600 -0.05954770 / 0.00000000 1.00000000 0.00000000 / 255 0 255 255 / -1.13208000 0.50000000 / -1.00000000 0.00000000 0.00000000 1.00000000
				3.98590900 -4.81799600 -0.05954770 / 0.00000000 1.00000000 0.00000000 / 255 0 255 255 / -1.13208000 0.50000000 / -1.00000000 0.00000000 0.00000000 1.00000000
				3.98590900 -4.81799600 -1.63702900 / 0.00000000 1.00000000 0.00000000 / 255 0 255 255 / -1.13208000 1.61210600 / -1.00000000 0.00000000 0.00000000 1.00000000
				1.57575300 -4.81799600 -1.63702900 / 0.00000000 1.00000000 0.00000000 / 255 0 255 255 / 0.52174380 1.61210600 / -1.00000000 0.00000000 0.00000000 1.00000000
				1.57575300 -4.81799600 -1.63702900 / 0.00000000 1.00000000 0.00000000 / 255 0 255 255 / 0.52174380 1.61210600 / -1.00000000 0.00000000 0.00000000 1.00000000
				1.57575300 -4.81799600 -1.63702900 / 0.00000000 1.00000000 0.00000000 / 255 0 255 255 / 0.52174380 1.61210600 / -1.00000000 0.00000000 0.00000000 1.00000000
				1.57575300 -4.81799600 -1.63702900 / 0.00000000 1.00000000 0.00000000 / 255 0 255 255 / 0.52174380 1.61210600 / -1.00000000 0.00000000 0.00000000 1.00000000
				1.57575300 -4.81799600 -0.05954770 / 0.00000000 1.00000000 0.00000000 / 255 0 255 255 / 0.52174380 0.50000000 / -1.00000000 0.00000000 0.00000000 1.00000000
				1.57575300 -4.81799600 -0.05954770 / 0.00000000 1.00000000 0.00000000 / 255 0 255 255 / 0.52174380 0.50000000 / -1.00000000 0.00000000 0.00000000 1.00000000
				1.57575300 -4.81799600 -0.05954770 / 0.00000000 1.00000000 0.00000000 / 255 0 255 255 / 0.52174380 0.50000000 / -1.00000000 0.00000000 0.00000000 1.00000000
				1.57575300 -4.81799600 -0.05954770 / 0.00000000 1.00000000 0.00000000 / 255 0 255 255 / 0.52174380 0.50000000 / -1.00000000 0.00000000 0.00000000 1.00000000
				1.57575300 -4.81799600 -0.05954770 / 0.00000000 1.00000000 0.00000000 / 255 0 255 255 / 0.52174380 0.50000000 / -1.00000000 0.00000000 0.00000000 1.00000000
				3.98590900 -4.81799600 1.50051100 / 0.00000000 1.00000000 0.00000000 / 255 0 255 255 / -1.13208000 -0.61210630 / -1.00000000 0.00000000 0.00000000 1.00000000
				3.98590900 -4.81799600 1.50051100 / 0.00000000 1.00000000 0.00000000 / 255 0 255 255 / -1.13208000 -0.61210630 / -1.00000000 0.00000000 0.00000000 1.00000000
				1.57575300 -4.81799600 1.50051100 / 0.00000000 1.00000000 0.00000000 / 255 0 255 255 / 0.52174380 -0.61210630 / -1.00000000 0.00000000 0.00000000 1.00000000
				1.57575300 -4.81799600 1.50051100 / 0.00000000 1.00000000 0.00000000 / 255 0 255 255 / 0.52174380 -0.61210630 / -1.00000000 0.00000000 0.00000000 1.00000000
				1.57575300 -4.81799600 1.50051100 / 0.00000000 1.00000000 0.00000000 / 255 0 255 255 / 0.52174380 -0.61210630 / -1.00000000 0.00000000 0.00000000 1.00000000
				-0.83632530 -4.81799600 -0.05954770 / 0.00000000 1.00000000 0.00000000 / 255 0 255 255 / 2.12025500 0.50000000 / -1.00000000 0.00000000 0.00000000 1.00000000
				-0.83632530 -4.81799600 -0.05954770 / 0.00000000 1.00000000 0.00000000 / 255 0 255 255 / 2.12025500 0.50000000 / -1.00000000 0.00000000 0.00000000 1.00000000
				-0.83632530 -4.81799600 -0.05954770 / 0.00000000 1.00000000 0.00000000 / 255 0 255 255 / 2.12025500 0.50000000 / -1.00000000 0.00000000 0.00000000 1.00000000
				-0.83632530 -4.81799600 -0.05954770 / 0.00000000 1.00000000 0.00000000 / 255 0 255 255 / 2.12025500 0.50000000 / -1.00000000 0.00000000 0.00000000 1.00000000
				-0.83632530 -4.81799600 -1.63702900 / 0.00000000 1.00000000 0.00000000 / 255 0 255 255 / 2.12025500 1.61210600 / -1.00000000 0.00000000 0.00000000 1.00000000
				-0.83632530 -4.81799600 1.50051100 / 0.00000000 1.00000000 0.00000000 / 255 0 255 255 / 2.12025500 -0.61210630 / -1.00000000 0.00000000 0.00000000 1.00000000
				-0.83741510 -4.81799600 -0.05954770 / 0.00000000 0.99999980 0.00000000 / 255 0 255 255 / -1.13208000 0.50000000 / -0.99999420 0.00000000 0.00340500 1.00000000
				-0.83741510 -4.81799600 -0.05954770 / 0.00000000 0.99999980 0.00000000 / 255 0 255 255 / -1.13208000 0.50000000 / -0.99999420 0.00000000 0.00340500 1.00000000
				-0.83741510 -4.81799600 -0.05954770 / 0.00000000 0.99999980 0.00000000 / 255 0 255 255 / -1.13208000 0.50000000 / -0.99999420 0.00000000 0.00340500 1.00000000
				-0.83741510 -4.81799600 -1.63702900 / 0.00000000 1.00000000 0.00000000 / 255 0 255 255 / -1.13208000 1.61210600 / -1.00000000 0.00000000 0.00000000 1.00000000
				-0.83741510 -4.81799600 1.50051100 / 0.00000000 1.00000000 0.00000000 / 255 0 255 255 / -1.13208000 -0.61210630 / -1.00000000 0.00000000 0.00000000 1.00000000
				-0.83741510 -4.81799600 1.50051100 / 0.00000000 1.00000000 0.00000000 / 255 0 255 255 / -1.13208000 -0.61210630 / -1.00000000 0.00000000 0.00000000 1.00000000
				-3.24757100 -4.81799600 1.50051100 / 0.00000000 1.00000000 0.00000000 / 255 0 255 255 / 0.52174380 -0.61210630 / -1.00000000 0.00000000 0.00000000 1.00000000
				-3.24757100 -4.81799600 1.50051100 / 0.00000000 1.00000000 0.00000000 / 255 0 255 255 / 0.52174380 -0.61210630 / -1.00000000 0.00000000 0.00000000 1.00000000
				-3.24757100 -4.81799600 1.50051100 / 0.00000000 1.00000000 0.00000000 / 255 0 255 255 / 0.52174380 -0.61210630 / -1.00000000 0.00000000 0.00000000 1.00000000
				-3.96368900 -4.81799600 -0.05954770 / 0.00000000 0.99999980 0.00000000 / 255 0 255 255 / 0.99632350 0.50000000 / -1.00000000 0.00000000 0.00000000 1.00000000
				-3.96368900 -4.81799600 -0.05954770 / 0.00000000 0.99999980 0.00000000 / 255 0 255 255 / 0.99632350 0.50000000 / -1.00000000 0.00000000 0.00000000 1.00000000
				-3.97916900 -4.81799600 -1.14643100 / 0.00000000 1.00000000 0.00000000 / 255 0 255 255 / 1.00658200 1.27479700 / -0.99996910 0.00000000 -0.00786550 1.00000000
				-3.97916900 -4.81799600 -1.14643100 / 0.00000000 1.00000000 0.00000000 / 255 0 255 255 / 1.00658200 1.27479700 / -0.99996910 0.00000000 -0.00786550 1.00000000
				-3.94792200 -4.81799600 1.04754600 / 0.00000000 1.00000000 0.00000000 / 255 0 255 255 / 0.98587390 -0.28920460 / -1.00000000 0.00000000 0.00000000 1.00000000
				-3.94792200 -4.81799600 1.04754600 / 0.00000000 1.00000000 0.00000000 / 255 0 255 255 / 0.98587390 -0.28920460 / -1.00000000 0.00000000 0.00000000 1.00000000
				-3.98590900 -4.81799600 -1.63702900 / 0.00000000 1.00000000 0.00000000 / 255 0 255 255 / 1.01104800 1.61210600 / -0.99993040 0.00000000 -0.01179780 1.00000000
				-3.94147000 -4.81799600 1.50051100 / 0.00000000 1.00000000 0.00000000 / 255 0 255 255 / 0.98159840 -0.61210630 / -1.00000000 0.00000000 0.00000000 1.00000000
				-3.40078400 -4.81799600 -1.52051400 / 0.00000000 0.99999980 0.00000000 / 255 0 255 255 / 0.62327930 1.54146600 / -0.99996910 0.00000000 -0.00786550 1.00000000
				-3.40078400 -4.81799600 -1.52051400 / 0.00000000 0.99999980 0.00000000 / 255 0 255 255 / 0.62327930 1.54146600 / -0.99996910 0.00000000 -0.00786550 1.00000000
				-3.40119500 -4.81799600 -1.63702900 / 0.00000000 1.00000000 0.00000000 / 255 0 255 255 / 0.62355150 1.61210600 / -1.00000000 0.00000000 0.00000000 1.00000000
				-3.39472800 -4.81799600 -0.05954770 / 0.00000000 1.00000000 0.00000000 / 255 0 255 255 / 0.61926600 0.50000000 / -1.00000000 0.00000000 0.00000000 1.00000000
				-3.39472800 -4.81799600 -0.05954770 / 0.00000000 1.00000000 0.00000000 / 255 0 255 255 / 0.61926600 0.50000000 / -1.00000000 0.00000000 0.00000000 1.00000000
				-3.38864000 -4.81799600 1.40927300 / 0.00000000 1.00000000 0.00000000 / 255 0 255 255 / 0.61523110 -0.54706590 / -1.00000000 0.00000000 0.00000000 1.00000000
				-3.38864000 -4.81799600 1.40927300 / 0.00000000 1.00000000 0.00000000 / 255 0 255 255 / 0.61523110 -0.54706590 / -1.00000000 0.00000000 0.00000000 1.00000000
				-3.38864000 -4.81799600 1.40927300 / 0.00000000 1.00000000 0.00000000 / 255 0 255 255 / 0.61523110 -0.54706590 / -1.00000000 0.00000000 0.00000000 1.00000000
				-3.38864000 -4.81799600 1.40927300 / 0.00000000 1.00000000 0.00000000 / 255 0 255 255 / 0.61523110 -0.54706590 / -1.00000000 0.00000000 0.00000000 1.00000000
				-3.38826100 -4.81799600 1.50051100 / 0.00000000 1.00000000 0.00000000 / 255 0 255 255 / 0.61498050 -0.61210630 / -1.00000000 0.00000000 0.00000000 1.00000000
				-3.38826100 -4.81799600 1.50051100 / 0.00000000 1.00000000 0.00000000 / 255 0 255 255 / 0.61498050 -0.61210630 / -1.00000000 0.00000000 0.00000000 1.00000000
				-1.96838900 -4.81799600 -1.63702900 / 0.00000000 0.99999980 0.00000000 / 255 0 255 255 / -0.35601760 1.61210600 / -0.99997680 0.00000000 0.00680990 1.00000000
				-1.97642500 -4.81799600 -0.79681210 / 0.00000000 0.99999980 0.00000000 / 255 0 255 255 / -0.35050350 1.02556700 / -0.99997680 0.00000000 0.00680990 1.00000000
				-1.97642500 -4.81799600 -0.79681210 / 0.00000000 0.99999980 0.00000000 / 255 0 255 255 / -0.35050350 1.02556700 / -0.99997680 0.00000000 0.00680990 1.00000000
				-1.98362500 -4.81799600 -0.05954770 / 0.00000000 1.00000000 0.00000000 / 255 0 255 255 / -0.34556250 0.50000000 / -1.00000000 0.00000000 0.00000000 1.00000000
				-1.98362500 -4.81799600 -0.05954770 / 0.00000000 1.00000000 0.00000000 / 255 0 255 255 / -0.34556250 0.50000000 / -1.00000000 0.00000000 0.00000000 1.00000000
				-1.99156600 -4.81799600 0.75344650 / 0.00000000 1.00000000 0.00000000 / 255 0 255 255 / -0.34011410 -0.07955239 / -1.00000000 0.00000000 -0.00000020 1.00000000
				-1.99156600 -4.81799600 0.75344650 / 0.00000000 1.00000000 0.00000000 / 255 0 255 255 / -0.34011410 -0.07955239 / -1.00000000 0.00000000 -0.00000020 1.00000000
				-1.99156600 -4.81799600 0.75344650 / 0.00000000 1.00000000 0.00000000 / 255 0 255 255 / -0.34011410 -0.07955239 / -1.00000000 0.00000000 -0.00000020 1.00000000
				-1.99156600 -4.81799600 0.75344650 / 0.00000000 1.00000000 0.00000000 / 255 0 255 255 / -0.34011410 -0.07955239 / -1.00000000 0.00000000 -0.00000020 1.00000000
				-1.99886200 -4.81799600 1.50051100 / 0.00000000 1.00000000 0.00000000 / 255 0 255 255 / -0.33510740 -0.61210630 / -1.00000000 0.00000000 0.00000000 1.00000000
				-1.99886200 -4.81799600 1.50051100 / 0.00000000 1.00000000 0.00000000 / 255 0 255 255 / -0.33510740 -0.61210630 / -1.00000000 0.00000000 0.00000000 1.00000000
				-0.83741510 -4.81799600 0.73083870 / 0.00000000 1.00000000 0.00000000 / 255 0 255 255 / -1.13208000 -0.06343620 / -1.00000000 0.00000000 0.00000000 1.00000000
				-0.83741510 -4.81799600 0.73083870 / 0.00000000 1.00000000 0.00000000 / 255 0 255 255 / -1.13208000 -0.06343620 / -1.00000000 0.00000000 0.00000000 1.00000000
				-2.02054200 -4.81799600 0.73469060 / 0.00000000 0.99999980 0.00000000 / 255 0 255 255 / -0.32023090 -0.06618210 / -1.00000000 0.00000000 -0.00000040 1.00000000
				-2.02054200 -4.81799600 0.73469060 / 0.00000000 0.99999980 0.00000000 / 255 0 255 255 / -0.32023090 -0.06618210 / -1.00000000 0.00000000 -0.00000040 1.00000000
				-3.24757100 -4.81799600 0.73868550 / 0.00000000 0.99999980 0.00000000 / 255 0 255 255 / 0.52174380 -0.06902990 / -1.00000000 0.00000000 0.00000000 1.00000000
				-3.24757100 -4.81799600 0.73868550 / 0.00000000 0.99999980 0.00000000 / 255 0 255 255 / 0.52174380 -0.06902990 / -1.00000000 0.00000000 0.00000000 1.00000000
				-3.95228800 -4.81799600 0.74097990 / 0.00000000 1.00000000 0.00000000 / 255 0 255 255 / 0.98876750 -0.07066540 / -1.00000000 0.00000000 0.00000000 1.00000000
				-3.95228800 -4.81799600 0.74097990 / 0.00000000 1.00000000 0.00000000 / 255 0 255 255 / 0.98876750 -0.07066540 / -1.00000000 0.00000000 0.00000000 1.00000000
				-3.39141700 -4.81799600 0.73915380 / 0.00000000 1.00000000 0.00000000 / 255 0 255 255 / 0.61707190 -0.06936370 / -1.00000000 0.00000000 0.00000000 1.00000000
				-3.39141700 -4.81799600 0.73915380 / 0.00000000 1.00000000 0.00000000 / 255 0 255 255 / 0.61707190 -0.06936370 / -1.00000000 0.00000000 0.00000000 1.00000000
				-3.39141700 -4.81799600 0.73915380 / 0.00000000 1.00000000 0.00000000 / 255 0 255 255 / 0.61707190 -0.06936370 / -1.00000000 0.00000000 0.00000000 1.00000000
				-1.99138100 -4.81799600 0.73459570 / 0.00000000 1.00000000 0.00000000 / 255 0 255 255 / -0.34024040 -0.06611430 / -1.00000000 0.00000000 -0.00000040 1.00000000
				-1.99138100 -4.81799600 0.73459570 / 0.00000000 1.00000000 0.00000000 / 255 0 255 255 / -0.34024040 -0.06611430 / -1.00000000 0.00000000 -0.00000040 1.00000000
				-1.99138100 -4.81799600 0.73459570 / 0.00000000 1.00000000 0.00000000 / 255 0 255 255 / -0.34024040 -0.06611430 / -1.00000000 0.00000000 -0.00000040 1.00000000
			}
		}
		Geometry
		{
			ShaderIndex 5
			Flags -
			VertexDeclaration N51263BB5
			Indices 360
			{
				187 173 177 188 190 174 189 197 191 200 175 192 201 178 176
				202 206 179 207 203 208 211 209 204 212 205 193 213 220 210
				223 194 198 229 224 199 230 231 225 233 226 232 227 237 195
				238 228 234 239 214 196 247 235 251 248 240 236 215 252 221
				253 258 222 254 260 259 255 262 261 256 264 263 216 265 257
				267 266 217 218 269 268 270 219 241 273 276 271 274 272 242
				275 243 277 282 285 278 286 290 283 284 279 287 280 291 288
				281 244 292 298 289 293 299 301 305 300 294 302 306 303 295
				307 312 304 308 314 313 315 309 316 319 310 296 320 317 311
				245 321 297 249 322 246 323 328 318 324 250 331 329 334 338
				325 335 330 332 339 326 327 340 336 333 346 341 348 337 342
				347 351 343 349 344 354 355 345 352 350 356 358 353 359 357
				0 184 180 1 181 3 2 4 10 13 5 182 14 183 185
				15 186 19 20 21 16 24 17 22 25 6 18 26 23 33
				36 11 7 42 12 37 43 38 44 46 45 39 40 8 50
				51 47 41 52 9 27 60 64 48 61 49 53 28 34 65
				66 35 71 67 72 73 68 74 75 69 76 77 29 70 78
				80 30 79 31 81 82 83 54 32 86 84 89 87 55 85
				88 90 56 95 91 98 99 96 103 97 100 92 93 101 104
				94 105 57 111 106 102 112 118 114 113 115 107 119 108 116
				120 117 125 121 126 127 128 129 122 132 109 123 133 124 130
				58 110 134 62 59 135 136 131 141 137 144 63 142 151 147
				138 143 148 145 139 152 140 149 153 146 154 159 161 155 150
				160 156 164 162 167 157 168 165 158 163 171 169 166 170 172
			}
			Vertices 360
			{
				-2.04055700 4.82788700 -1.61960700 / 0.00000000 0.00000000 1.00000000 / 255 0 255 255 / -0.61009210 2.12350500 / 0.98868520 0.15000540 0.00000000 -1.00000000
				-2.04055700 4.82788700 -1.61960700 / 0.00000000 0.00000000 1.00000000 / 255 0 255 255 / -0.61009210 2.12350500 / 0.98868520 0.15000540 0.00000000 -1.00000000
				-2.04055700 4.82788700 -1.61960700 / 0.00000000 0.00000000 1.00000000 / 255 0 255 255 / -0.61009210 2.12350500 / 0.98868520 0.15000540 0.00000000 -1.00000000
				-2.65823400 4.82105100 -1.61960700 / 0.00000000 0.00000000 1.00000000 / 255 0 255 255 / -1.01013200 2.18553200 / 0.98622920 0.16538500 0.00000000 -1.00000000
				-2.65823400 4.82105100 -1.61960700 / 0.00000000 0.00000000 1.00000000 / 255 0 255 255 / -1.01013200 2.18553200 / 0.98622920 0.16538500 0.00000000 -1.00000000
				-2.65823400 4.82105100 -1.61960700 / 0.00000000 0.00000000 1.00000000 / 255 0 255 255 / -1.01013200 2.18553200 / 0.98622920 0.16538500 0.00000000 -1.00000000
				-2.65823400 4.82105100 -1.61960700 / 0.00000000 0.00000000 1.00000000 / 255 0 255 255 / -1.01013200 2.18553200 / 0.98622920 0.16538500 0.00000000 -1.00000000
				-2.65823400 4.82105100 -1.61960700 / 0.00000000 0.00000000 1.00000000 / 255 0 255 255 / -1.01013200 2.18553200 / 0.98622920 0.16538500 0.00000000 -1.00000000
				-2.65823400 4.82105100 -1.61960700 / 0.00000000 0.00000000 1.00000000 / 255 0 255 255 / -1.01013200 2.18553200 / 0.98622920 0.16538500 0.00000000 -1.00000000
				-2.65823400 4.82105100 -1.61960700 / 0.00000000 0.00000000 1.00000000 / 255 0 255 255 / -1.01013200 2.18553200 / 0.98622920 0.16538500 0.00000000 -1.00000000
				-2.04788200 4.82105100 -1.61960700 / 0.00000000 0.00000000 1.00000000 / 255 0 255 255 / -0.61540220 2.11999500 / 0.98544100 0.17001780 0.00000000 -1.00000000
				-2.04788200 4.82105100 -1.61960700 / 0.00000000 0.00000000 1.00000000 / 255 0 255 255 / -0.61540220 2.11999500 / 0.98544100 0.17001780 0.00000000 -1.00000000
				-2.04788200 4.82105100 -1.61960700 / 0.00000000 0.00000000 1.00000000 / 255 0 255 255 / -0.61540220 2.11999500 / 0.98544100 0.17001780 0.00000000 -1.00000000
				-3.33352600 4.82105100 -1.61960700 / 0.00000000 0.00000000 1.00000000 / 255 0 255 255 / -1.44665500 2.25801100 / 0.99197640 0.12642270 0.00000000 -1.00000000
				-3.33352600 4.82105100 -1.61960700 / 0.00000000 0.00000000 1.00000000 / 255 0 255 255 / -1.44665500 2.25801100 / 0.99197640 0.12642270 0.00000000 -1.00000000
				-3.33352600 4.82105100 -1.61960700 / 0.00000000 0.00000000 1.00000000 / 255 0 255 255 / -1.44665500 2.25801100 / 0.99197640 0.12642270 0.00000000 -1.00000000
				-3.33352600 4.82105100 -1.61960700 / 0.00000000 0.00000000 1.00000000 / 255 0 255 255 / -1.44665500 2.25801100 / 0.99197640 0.12642270 0.00000000 -1.00000000
				-3.33352600 4.82105100 -1.61960700 / 0.00000000 0.00000000 1.00000000 / 255 0 255 255 / -1.44665500 2.25801100 / 0.99197640 0.12642270 0.00000000 -1.00000000
				-3.33352600 4.82105100 -1.61960700 / 0.00000000 0.00000000 1.00000000 / 255 0 255 255 / -1.44665500 2.25801100 / 0.99197640 0.12642270 0.00000000 -1.00000000
				-3.34085000 4.82788700 -1.61960700 / 0.00000000 0.00000000 1.00000000 / 255 0 255 255 / -1.45037900 2.26301600 / 0.99795560 0.06390880 0.00000000 -1.00000000
				-3.34085000 4.82788700 -1.61960700 / 0.00000000 0.00000000 1.00000000 / 255 0 255 255 / -1.45037900 2.26301600 / 0.99795560 0.06390880 0.00000000 -1.00000000
				-3.34768600 4.82105100 -1.61960700 / 0.00000000 0.00000000 1.00000000 / 255 0 255 255 / -1.45570400 2.25950600 / 0.98493160 0.17294440 0.00000000 -1.00000000
				-3.34768600 4.82105100 -1.61960700 / 0.00000000 0.00000000 1.00000000 / 255 0 255 255 / -1.45570400 2.25950600 / 0.98493160 0.17294440 0.00000000 -1.00000000
				-3.34768600 4.82105100 -1.61960700 / 0.00000000 0.00000000 1.00000000 / 255 0 255 255 / -1.45570400 2.25950600 / 0.98493160 0.17294440 0.00000000 -1.00000000
				-2.65823400 2.49276300 -1.61960700 / 0.00000000 0.00000000 1.00000000 / 255 0 255 255 / -1.27072100 0.79399110 / 0.98414060 0.17738990 0.00000000 -1.00000000
				-2.65823400 2.49276300 -1.61960700 / 0.00000000 0.00000000 1.00000000 / 255 0 255 255 / -1.27072100 0.79399110 / 0.98414060 0.17738990 0.00000000 -1.00000000
				-2.65823400 2.49276300 -1.61960700 / 0.00000000 0.00000000 1.00000000 / 255 0 255 255 / -1.27072100 0.79399110 / 0.98414060 0.17738990 0.00000000 -1.00000000
				-2.65823400 2.49276300 -1.61960700 / 0.00000000 0.00000000 1.00000000 / 255 0 255 255 / -1.27072100 0.79399110 / 0.98414060 0.17738990 0.00000000 -1.00000000
				-2.65823400 2.49276300 -1.61960700 / 0.00000000 0.00000000 1.00000000 / 255 0 255 255 / -1.27072100 0.79399110 / 0.98414060 0.17738990 0.00000000 -1.00000000
				-2.65823400 2.49276300 -1.61960700 / 0.00000000 0.00000000 1.00000000 / 255 0 255 255 / -1.27072100 0.79399110 / 0.98414060 0.17738990 0.00000000 -1.00000000
				-2.65823400 2.49276300 -1.61960700 / 0.00000000 0.00000000 1.00000000 / 255 0 255 255 / -1.27072100 0.79399110 / 0.98414060 0.17738990 0.00000000 -1.00000000
				-2.65823400 2.49276300 -1.61960700 / 0.00000000 0.00000000 1.00000000 / 255 0 255 255 / -1.27072100 0.79399110 / 0.98414060 0.17738990 0.00000000 -1.00000000
				-2.65823400 2.49276300 -1.61960700 / 0.00000000 0.00000000 1.00000000 / 255 0 255 255 / -1.27072100 0.79399110 / 0.98414060 0.17738990 0.00000000 -1.00000000
				-3.43362300 4.82105100 -1.61960700 / 0.00000000 0.00000000 0.99999980 / 255 0 255 255 / -1.51129100 2.26873800 / 0.98152480 0.19133520 0.00000000 -1.00000000
				-3.43362300 4.82105100 -1.61960700 / 0.00000000 0.00000000 0.99999980 / 255 0 255 255 / -1.51129100 2.26873800 / 0.98152480 0.19133520 0.00000000 -1.00000000
				-3.43362300 4.82105100 -1.61960700 / 0.00000000 0.00000000 0.99999980 / 255 0 255 255 / -1.51129100 2.26873800 / 0.98152480 0.19133520 0.00000000 -1.00000000
				-1.93899500 4.81421500 -1.61960700 / 0.00000000 0.00000000 0.99999980 / 255 0 255 255 / -0.54591370 2.10420200 / 0.99019430 0.13969690 0.00000000 -1.00000000
				-1.93899500 4.81421500 -1.61960700 / 0.00000000 0.00000000 0.99999980 / 255 0 255 255 / -0.54591370 2.10420200 / 0.99019430 0.13969690 0.00000000 -1.00000000
				-1.93899500 4.81421500 -1.61960700 / 0.00000000 0.00000000 0.99999980 / 255 0 255 255 / -0.54591370 2.10420200 / 0.99019430 0.13969690 0.00000000 -1.00000000
				-1.93899500 4.81421500 -1.61960700 / 0.00000000 0.00000000 0.99999980 / 255 0 255 255 / -0.54591370 2.10420200 / 0.99019430 0.13969690 0.00000000 -1.00000000
				-1.93899500 4.81421500 -1.61960700 / 0.00000000 0.00000000 0.99999980 / 255 0 255 255 / -0.54591370 2.10420200 / 0.99019430 0.13969690 0.00000000 -1.00000000
				-1.93899500 4.81421500 -1.61960700 / 0.00000000 0.00000000 0.99999980 / 255 0 255 255 / -0.54591370 2.10420200 / 0.99019430 0.13969690 0.00000000 -1.00000000
				-2.03372100 4.82105100 -1.61960700 / 0.00000000 0.00000000 1.00000000 / 255 0 255 255 / -0.60635380 2.11850000 / 0.98536540 0.17045520 0.00000000 -1.00000000
				-2.03372100 4.82105100 -1.61960700 / 0.00000000 0.00000000 1.00000000 / 255 0 255 255 / -0.60635380 2.11850000 / 0.98536540 0.17045520 0.00000000 -1.00000000
				-1.94778500 4.82105100 -1.61960700 / 0.00000000 0.00000000 1.00000000 / 255 0 255 255 / -0.55076600 2.10926800 / 0.98580370 0.16790180 0.00000000 -1.00000000
				-1.94778500 4.82105100 -1.61960700 / 0.00000000 0.00000000 1.00000000 / 255 0 255 255 / -0.55076600 2.10926800 / 0.98580370 0.16790180 0.00000000 -1.00000000
				-1.94094800 4.82788700 -1.61960700 / 0.00000000 0.00000000 0.99999980 / 255 0 255 255 / -0.54544070 2.11277800 / 0.99247410 0.12245500 0.00000000 -1.00000000
				-1.94094800 4.82788700 -1.61960700 / 0.00000000 0.00000000 0.99999980 / 255 0 255 255 / -0.54544070 2.11277800 / 0.99247410 0.12245500 0.00000000 -1.00000000
				-1.94094800 4.82788700 -1.61960700 / 0.00000000 0.00000000 0.99999980 / 255 0 255 255 / -0.54544070 2.11277800 / 0.99247410 0.12245500 0.00000000 -1.00000000
				-1.94094800 4.82788700 -1.61960700 / 0.00000000 0.00000000 0.99999980 / 255 0 255 255 / -0.54544070 2.11277800 / 0.99247410 0.12245500 0.00000000 -1.00000000
				-1.36868200 2.49276300 -1.61960700 / 0.00000000 0.00000000 1.00000000 / 255 0 255 255 / -0.43716430 0.65559380 / 0.98451480 0.17530170 0.00000000 -1.00000000
				-1.36868200 2.49276300 -1.61960700 / 0.00000000 0.00000000 1.00000000 / 255 0 255 255 / -0.43716430 0.65559380 / 0.98451480 0.17530170 0.00000000 -1.00000000
				-1.36868200 2.49276300 -1.61960700 / 0.00000000 0.00000000 1.00000000 / 255 0 255 255 / -0.43716430 0.65559380 / 0.98451480 0.17530170 0.00000000 -1.00000000
				-1.36868200 2.49276300 -1.61960700 / 0.00000000 0.00000000 1.00000000 / 255 0 255 255 / -0.43716430 0.65559380 / 0.98451480 0.17530170 0.00000000 -1.00000000
				-1.36868200 2.49276300 -1.61960700 / 0.00000000 0.00000000 1.00000000 / 255 0 255 255 / -0.43716430 0.65559380 / 0.98451480 0.17530170 0.00000000 -1.00000000
				-1.36868200 2.49276300 -1.61960700 / 0.00000000 0.00000000 1.00000000 / 255 0 255 255 / -0.43716430 0.65559380 / 0.98451480 0.17530170 0.00000000 -1.00000000
				-1.36868200 2.49276300 -1.61960700 / 0.00000000 0.00000000 1.00000000 / 255 0 255 255 / -0.43716430 0.65559380 / 0.98451480 0.17530170 0.00000000 -1.00000000
				-1.36868200 2.49276300 -1.61960700 / 0.00000000 0.00000000 1.00000000 / 255 0 255 255 / -0.43716430 0.65559380 / 0.98451480 0.17530170 0.00000000 -1.00000000
				-1.36868200 2.49276300 -1.61960700 / 0.00000000 0.00000000 1.00000000 / 255 0 255 255 / -0.43716430 0.65559380 / 0.98451480 0.17530170 0.00000000 -1.00000000
				-1.36868200 2.49276300 -1.61960700 / 0.00000000 0.00000000 1.00000000 / 255 0 255 255 / -0.43716430 0.65559380 / 0.98451480 0.17530170 0.00000000 -1.00000000
				0.08102450 4.86402000 -1.61960700 / 0.00000000 0.00000000 1.00000000 / 255 0 255 255 / 0.76550290 1.91780100 / 0.98442300 0.17581640 0.00000000 -1.00000000
				0.08102450 4.86402000 -1.61960700 / 0.00000000 0.00000000 1.00000000 / 255 0 255 255 / 0.76550290 1.91780100 / 0.98442300 0.17581640 0.00000000 -1.00000000
				0.08102450 4.86402000 -1.61960700 / 0.00000000 0.00000000 1.00000000 / 255 0 255 255 / 0.76550290 1.91780100 / 0.98442300 0.17581640 0.00000000 -1.00000000
				0.08102450 4.86402000 -1.61960700 / 0.00000000 0.00000000 1.00000000 / 255 0 255 255 / 0.76550290 1.91780100 / 0.98442300 0.17581640 0.00000000 -1.00000000
				-1.94094800 4.86402000 -1.61960700 / 0.00000000 0.00000000 1.00000000 / 255 0 255 255 / -0.54132080 2.13478100 / 0.98482550 0.17354760 0.00000000 -1.00000000
				-3.44143600 4.81372800 -1.61960700 / 0.00000000 0.00000000 1.00000000 / 255 0 255 255 / -1.51696800 2.26530500 / 0.97139050 0.23748790 0.00000000 -1.00000000
				-3.44143600 4.81372800 -1.61960700 / 0.00000000 0.00000000 1.00000000 / 255 0 255 255 / -1.51696800 2.26530500 / 0.97139050 0.23748790 0.00000000 -1.00000000
				-3.44143600 4.81372800 -1.61960700 / 0.00000000 0.00000000 1.00000000 / 255 0 255 255 / -1.51696800 2.26530500 / 0.97139050 0.23748790 0.00000000 -1.00000000
				-3.44143600 4.81372800 -1.61960700 / 0.00000000 0.00000000 1.00000000 / 255 0 255 255 / -1.51696800 2.26530500 / 0.97139050 0.23748790 0.00000000 -1.00000000
				-3.44143600 4.81372800 -1.61960700 / 0.00000000 0.00000000 1.00000000 / 255 0 255 255 / -1.51696800 2.26530500 / 0.97139050 0.23748790 0.00000000 -1.00000000
				-3.44143600 4.81372800 -1.61960700 / 0.00000000 0.00000000 1.00000000 / 255 0 255 255 / -1.51696800 2.26530500 / 0.97139050 0.23748790 0.00000000 -1.00000000
				-3.44094800 4.82788700 -1.61960700 / 0.00000000 0.00000000 1.00000000 / 255 0 255 255 / -1.51503000 2.27375800 / 0.93823340 0.34600290 0.00000000 -1.00000000
				-3.44094800 4.82788700 -1.61960700 / 0.00000000 0.00000000 1.00000000 / 255 0 255 255 / -1.51503000 2.27375800 / 0.93823340 0.34600290 0.00000000 -1.00000000
				-3.44094800 4.86402000 -1.61960700 / 0.00000000 0.00000000 1.00000000 / 255 0 255 255 / -1.51091000 2.29574600 / 0.94188330 0.33594020 0.00000000 -1.00000000
				-3.44094800 4.86402000 -1.61960700 / 0.00000000 0.00000000 1.00000000 / 255 0 255 255 / -1.51091000 2.29574600 / 0.94188330 0.33594020 0.00000000 -1.00000000
				-3.81253000 4.86402000 -1.61960700 / 0.00000000 0.00000000 0.99999980 / 255 0 255 255 / -1.75117500 2.33564800 / 0.98430230 0.17649150 0.00000000 -1.00000000
				-3.81253000 4.86402000 -1.61960700 / 0.00000000 0.00000000 0.99999980 / 255 0 255 255 / -1.75117500 2.33564800 / 0.98430230 0.17649150 0.00000000 -1.00000000
				-3.81253000 2.49276300 -1.61960700 / 0.00000000 0.00000000 1.00000000 / 255 0 255 255 / -2.01667800 0.91784670 / 0.98433610 0.17630200 0.00000000 -1.00000000
				-3.81253000 2.49276300 -1.61960700 / 0.00000000 0.00000000 1.00000000 / 255 0 255 255 / -2.01667800 0.91784670 / 0.98433610 0.17630200 0.00000000 -1.00000000
				-3.81253000 2.49276300 -1.61960700 / 0.00000000 0.00000000 1.00000000 / 255 0 255 255 / -2.01667800 0.91784670 / 0.98433610 0.17630200 0.00000000 -1.00000000
				-3.81253000 0.08260580 -1.61960700 / 0.00000000 0.00000000 1.00000000 / 255 0 255 255 / -2.29136700 -0.54901120 / 0.98481210 0.17362360 0.00000000 -1.00000000
				-3.81253000 0.08260580 -1.61960700 / 0.00000000 0.00000000 1.00000000 / 255 0 255 255 / -2.29136700 -0.54901120 / 0.98481210 0.17362360 0.00000000 -1.00000000
				-2.65823400 0.08260580 -1.61960700 / 0.00000000 0.00000000 1.00000000 / 255 0 255 255 / -1.54541000 -0.67286680 / 0.98481010 0.17363470 0.00000000 -1.00000000
				-2.65823400 0.08260580 -1.61960700 / 0.00000000 0.00000000 1.00000000 / 255 0 255 255 / -1.54541000 -0.67286680 / 0.98481010 0.17363470 0.00000000 -1.00000000
				-2.65823400 0.08260580 -1.61960700 / 0.00000000 0.00000000 1.00000000 / 255 0 255 255 / -1.54541000 -0.67286680 / 0.98481010 0.17363470 0.00000000 -1.00000000
				-2.65823400 0.08260580 -1.61960700 / 0.00000000 0.00000000 1.00000000 / 255 0 255 255 / -1.54541000 -0.67286680 / 0.98481010 0.17363470 0.00000000 -1.00000000
				-0.77688570 0.11873890 -1.61960700 / 0.00000000 0.00000000 1.00000000 / 255 0 255 255 / -0.32504270 -0.85279850 / 0.97259770 0.23249400 0.00000000 -1.00000000
				-0.77688570 0.11873890 -1.61960700 / 0.00000000 0.00000000 1.00000000 / 255 0 255 255 / -0.32504270 -0.85279850 / 0.97259770 0.23249400 0.00000000 -1.00000000
				-0.77688570 0.11873890 -1.61960700 / 0.00000000 0.00000000 1.00000000 / 255 0 255 255 / -0.32504270 -0.85279850 / 0.97259770 0.23249400 0.00000000 -1.00000000
				-0.77688570 0.08260580 -1.61960700 / 0.00000000 0.00000000 1.00000000 / 255 0 255 255 / -0.32916260 -0.87480160 / 0.98481830 0.17358800 0.00000000 -1.00000000
				-0.77835050 0.13289880 -1.61960700 / 0.00000000 0.00000000 1.00000000 / 255 0 255 255 / -0.32456970 -0.84422300 / 0.97704830 0.21301780 0.00000000 -1.00000000
				-0.77835050 0.13289880 -1.61960700 / 0.00000000 0.00000000 1.00000000 / 255 0 255 255 / -0.32456970 -0.84422300 / 0.97704830 0.21301780 0.00000000 -1.00000000
				-0.77835050 0.13289880 -1.61960700 / 0.00000000 0.00000000 1.00000000 / 255 0 255 255 / -0.32456970 -0.84422300 / 0.97704830 0.21301780 0.00000000 -1.00000000
				-0.77835050 0.13289880 -1.61960700 / 0.00000000 0.00000000 1.00000000 / 255 0 255 255 / -0.32456970 -0.84422300 / 0.97704830 0.21301780 0.00000000 -1.00000000
				-0.77835050 0.13289880 -1.61960700 / 0.00000000 0.00000000 1.00000000 / 255 0 255 255 / -0.32456970 -0.84422300 / 0.97704830 0.21301780 0.00000000 -1.00000000
				-0.68362390 0.12606290 -1.61960700 / 0.00000000 0.00000000 0.99999980 / 255 0 255 255 / -0.26412960 -0.85852050 / 0.98326410 0.18218610 0.00000000 -1.00000000
				-0.68362390 0.12606290 -1.61960700 / 0.00000000 0.00000000 0.99999980 / 255 0 255 255 / -0.26412960 -0.85852050 / 0.98326410 0.18218610 0.00000000 -1.00000000
				-0.68362390 0.12606290 -1.61960700 / 0.00000000 0.00000000 0.99999980 / 255 0 255 255 / -0.26412960 -0.85852050 / 0.98326410 0.18218610 0.00000000 -1.00000000
				-0.76956140 0.12606290 -1.61960700 / 0.00000000 0.00000000 1.00000000 / 255 0 255 255 / -0.31971740 -0.84928900 / 0.98449850 0.17539290 0.00000000 -1.00000000
				-0.66995200 0.12606290 -1.61960700 / 0.00000000 0.00000000 1.00000000 / 255 0 255 255 / -0.25508120 -0.86001590 / 0.98335700 0.18168400 0.00000000 -1.00000000
				-0.66995200 0.12606290 -1.61960700 / 0.00000000 0.00000000 1.00000000 / 255 0 255 255 / -0.25508120 -0.86001590 / 0.98335700 0.18168400 0.00000000 -1.00000000
				-0.66995200 0.12606290 -1.61960700 / 0.00000000 0.00000000 1.00000000 / 255 0 255 255 / -0.25508120 -0.86001590 / 0.98335700 0.18168400 0.00000000 -1.00000000
				-0.66995200 0.12606290 -1.61960700 / 0.00000000 0.00000000 1.00000000 / 255 0 255 255 / -0.25508120 -0.86001590 / 0.98335700 0.18168400 0.00000000 -1.00000000
				-0.67678800 0.11873890 -1.61960700 / 0.00000000 0.00000000 1.00000000 / 255 0 255 255 / -0.26040650 -0.86352540 / 0.98275190 0.18492880 0.00000000 -1.00000000
				0.08102450 0.12606290 -1.61960700 / 0.00000000 0.00000000 1.00000000 / 255 0 255 255 / 0.23022460 -0.94059760 / 0.98457910 0.17494030 0.00000000 -1.00000000
				0.08102450 0.12606290 -1.61960700 / 0.00000000 0.00000000 1.00000000 / 255 0 255 255 / 0.23022460 -0.94059760 / 0.98457910 0.17494030 0.00000000 -1.00000000
				0.08102450 0.12606290 -1.61960700 / 0.00000000 0.00000000 1.00000000 / 255 0 255 255 / 0.23022460 -0.94059760 / 0.98457910 0.17494030 0.00000000 -1.00000000
				0.08102450 0.12606290 -1.61960700 / 0.00000000 0.00000000 1.00000000 / 255 0 255 255 / 0.23022460 -0.94059760 / 0.98457910 0.17494030 0.00000000 -1.00000000
				0.08102450 0.12606290 -1.61960700 / 0.00000000 0.00000000 1.00000000 / 255 0 255 255 / 0.23022460 -0.94059760 / 0.98457910 0.17494030 0.00000000 -1.00000000
				0.08102450 0.12606290 -1.61960700 / 0.00000000 0.00000000 1.00000000 / 255 0 255 255 / 0.23022460 -0.94059760 / 0.98457910 0.17494030 0.00000000 -1.00000000
				0.08102450 0.12606290 -1.61960700 / 0.00000000 0.00000000 1.00000000 / 255 0 255 255 / 0.23022460 -0.94059760 / 0.98457910 0.17494030 0.00000000 -1.00000000
				-0.67678800 0.11873890 -1.61960700 / 0.00000000 0.00000000 1.00000000 / 255 0 255 255 / -0.26040650 -0.86352540 / 0.98428970 0.17656100 0.00000000 -1.00000000
				-0.67678800 0.11873890 -1.61960700 / 0.00000000 0.00000000 1.00000000 / 255 0 255 255 / -0.26040650 -0.86352540 / 0.98428970 0.17656100 0.00000000 -1.00000000
				-0.67678800 0.11873890 -1.61960700 / 0.00000000 0.00000000 1.00000000 / 255 0 255 255 / -0.26040650 -0.86352540 / 0.98428970 0.17656100 0.00000000 -1.00000000
				0.08102450 -0.00479600 -1.61960700 / 0.00000000 0.00000000 1.00000000 / 255 0 255 255 / 0.21533200 -1.02017200 / 0.98478090 0.17380030 0.00000000 -1.00000000
				0.08102450 -0.00479600 -1.61960700 / 0.00000000 0.00000000 1.00000000 / 255 0 255 255 / 0.21533200 -1.02017200 / 0.98478090 0.17380030 0.00000000 -1.00000000
				0.08102450 -0.00479600 -1.61960700 / 0.00000000 0.00000000 1.00000000 / 255 0 255 255 / 0.21533200 -1.02017200 / 0.98478090 0.17380030 0.00000000 -1.00000000
				0.08102450 -0.00479600 -1.61960700 / 0.00000000 0.00000000 1.00000000 / 255 0 255 255 / 0.21533200 -1.02017200 / 0.98478090 0.17380030 0.00000000 -1.00000000
				-0.67678800 -0.00479600 -1.61960700 / 0.00000000 0.00000000 1.00000000 / 255 0 255 255 / -0.27450560 -0.93884270 / 0.98485820 0.17336190 0.00000000 -1.00000000
				0.61618070 0.12606290 -1.61960700 / 0.00000000 0.00000000 1.00000000 / 255 0 255 255 / 0.57617190 -0.99803160 / 0.98602540 0.16659490 0.00000000 -1.00000000
				0.61618070 0.12606290 -1.61960700 / 0.00000000 0.00000000 1.00000000 / 255 0 255 255 / 0.57617190 -0.99803160 / 0.98602540 0.16659490 0.00000000 -1.00000000
				0.61618070 0.12606290 -1.61960700 / 0.00000000 0.00000000 1.00000000 / 255 0 255 255 / 0.57617190 -0.99803160 / 0.98602540 0.16659490 0.00000000 -1.00000000
				0.61618070 0.12606290 -1.61960700 / 0.00000000 0.00000000 1.00000000 / 255 0 255 255 / 0.57617190 -0.99803160 / 0.98602540 0.16659490 0.00000000 -1.00000000
				0.61618070 0.12606290 -1.61960700 / 0.00000000 0.00000000 1.00000000 / 255 0 255 255 / 0.57617190 -0.99803160 / 0.98602540 0.16659490 0.00000000 -1.00000000
				0.61618070 0.12606290 -1.61960700 / 0.00000000 0.00000000 1.00000000 / 255 0 255 255 / 0.57617190 -0.99803160 / 0.98602540 0.16659490 0.00000000 -1.00000000
				0.62301670 -0.00479600 -1.61960700 / 0.00000000 0.00000000 1.00000000 / 255 0 255 255 / 0.56579590 -1.07836900 / 0.98846860 0.15142610 0.00000000 -1.00000000
				0.62301670 -0.00479600 -1.61960700 / 0.00000000 0.00000000 1.00000000 / 255 0 255 255 / 0.56579590 -1.07836900 / 0.98846860 0.15142610 0.00000000 -1.00000000
				0.62301670 0.11873890 -1.61960700 / 0.00000000 0.00000000 0.99999980 / 255 0 255 255 / 0.57989500 -1.00303700 / 0.98812990 0.15362090 0.00000000 -1.00000000
				0.62301670 0.11873890 -1.61960700 / 0.00000000 0.00000000 0.99999980 / 255 0 255 255 / 0.57989500 -1.00303700 / 0.98812990 0.15362090 0.00000000 -1.00000000
				0.63034090 0.12606290 -1.61960700 / 0.00000000 0.00000000 1.00000000 / 255 0 255 255 / 0.58522040 -0.99952700 / 0.98472470 0.17411870 0.00000000 -1.00000000
				0.63034090 0.12606290 -1.61960700 / 0.00000000 0.00000000 1.00000000 / 255 0 255 255 / 0.58522040 -0.99952700 / 0.98472470 0.17411870 0.00000000 -1.00000000
				0.63034090 0.12606290 -1.61960700 / 0.00000000 0.00000000 1.00000000 / 255 0 255 255 / 0.58522040 -0.99952700 / 0.98472470 0.17411870 0.00000000 -1.00000000
				0.08102450 2.49276300 -1.61960700 / 0.00000000 0.00000000 1.00000000 / 255 0 255 255 / 0.50000000 0.50000000 / 0.98444010 0.17572020 0.00000000 -1.00000000
				0.08102450 2.49276300 -1.61960700 / 0.00000000 0.00000000 1.00000000 / 255 0 255 255 / 0.50000000 0.50000000 / 0.98444010 0.17572020 0.00000000 -1.00000000
				0.08102450 2.49276300 -1.61960700 / 0.00000000 0.00000000 1.00000000 / 255 0 255 255 / 0.50000000 0.50000000 / 0.98444010 0.17572020 0.00000000 -1.00000000
				0.08102450 2.49276300 -1.61960700 / 0.00000000 0.00000000 1.00000000 / 255 0 255 255 / 0.50000000 0.50000000 / 0.98444010 0.17572020 0.00000000 -1.00000000
				0.08102450 2.49276300 -1.61960700 / 0.00000000 0.00000000 1.00000000 / 255 0 255 255 / 0.50000000 0.50000000 / 0.98444010 0.17572020 0.00000000 -1.00000000
				0.08102450 2.49276300 -1.61960700 / 0.00000000 0.00000000 1.00000000 / 255 0 255 255 / 0.50000000 0.50000000 / 0.98444010 0.17572020 0.00000000 -1.00000000
				0.08102450 2.49276300 -1.61960700 / 0.00000000 0.00000000 1.00000000 / 255 0 255 255 / 0.50000000 0.50000000 / 0.98444010 0.17572020 0.00000000 -1.00000000
				0.08102450 2.49276300 -1.61960700 / 0.00000000 0.00000000 1.00000000 / 255 0 255 255 / 0.50000000 0.50000000 / 0.98444010 0.17572020 0.00000000 -1.00000000
				0.08102450 2.49276300 -1.61960700 / 0.00000000 0.00000000 1.00000000 / 255 0 255 255 / 0.50000000 0.50000000 / 0.98444010 0.17572020 0.00000000 -1.00000000
				0.71627840 0.12606290 -1.61960700 / 0.00000000 0.00000000 1.00000000 / 255 0 255 255 / 0.64080810 -1.00875900 / 0.98395630 0.17840980 0.00000000 -1.00000000
				0.71627840 0.12606290 -1.61960700 / 0.00000000 0.00000000 1.00000000 / 255 0 255 255 / 0.64080810 -1.00875900 / 0.98395630 0.17840980 0.00000000 -1.00000000
				0.71627840 0.12606290 -1.61960700 / 0.00000000 0.00000000 1.00000000 / 255 0 255 255 / 0.64080810 -1.00875900 / 0.98395630 0.17840980 0.00000000 -1.00000000
				2.69039900 4.86402000 -1.61960700 / 0.00000000 0.00000000 1.00000000 / 255 0 255 255 / 2.45213300 1.63777200 / 0.98427110 0.17666450 0.00000000 -1.00000000
				2.69039900 4.86402000 -1.61960700 / 0.00000000 0.00000000 1.00000000 / 255 0 255 255 / 2.45213300 1.63777200 / 0.98427110 0.17666450 0.00000000 -1.00000000
				2.69039900 4.86402000 -1.61960700 / 0.00000000 0.00000000 1.00000000 / 255 0 255 255 / 2.45213300 1.63777200 / 0.98427110 0.17666450 0.00000000 -1.00000000
				0.72702060 0.13192300 -1.61960700 / 0.00000000 0.00000000 1.00000000 / 255 0 255 255 / 0.64857480 -1.00643900 / 0.98653500 0.16355020 0.00000000 -1.00000000
				0.72702060 0.13192300 -1.61960700 / 0.00000000 0.00000000 1.00000000 / 255 0 255 255 / 0.64857480 -1.00643900 / 0.98653500 0.16355020 0.00000000 -1.00000000
				0.72702060 0.13192300 -1.61960700 / 0.00000000 0.00000000 1.00000000 / 255 0 255 255 / 0.64857480 -1.00643900 / 0.98653500 0.16355020 0.00000000 -1.00000000
				0.72702060 0.13192300 -1.61960700 / 0.00000000 0.00000000 1.00000000 / 255 0 255 255 / 0.64857480 -1.00643900 / 0.98653500 0.16355020 0.00000000 -1.00000000
				0.72311430 0.11873890 -1.61960700 / 0.00000000 0.00000000 1.00000000 / 255 0 255 255 / 0.64454650 -1.01377900 / 0.98451520 0.17529920 0.00000000 -1.00000000
				2.69040000 2.49276300 -1.61960700 / 0.00000000 0.00000000 1.00000000 / 255 0 255 255 / 2.18663000 0.21997070 / 0.98591460 0.16725010 0.00000000 -1.00000000
				2.69040000 2.49276300 -1.61960700 / 0.00000000 0.00000000 1.00000000 / 255 0 255 255 / 2.18663000 0.21997070 / 0.98591460 0.16725010 0.00000000 -1.00000000
				2.69040000 2.49276300 -1.61960700 / 0.00000000 0.00000000 1.00000000 / 255 0 255 255 / 2.18663000 0.21997070 / 0.98591460 0.16725010 0.00000000 -1.00000000
				2.69040000 2.49276300 -1.61960700 / 0.00000000 0.00000000 1.00000000 / 255 0 255 255 / 2.18663000 0.21997070 / 0.98591460 0.16725010 0.00000000 -1.00000000
				2.69040000 2.49276300 -1.61960700 / 0.00000000 0.00000000 1.00000000 / 255 0 255 255 / 2.18663000 0.21997070 / 0.98591460 0.16725010 0.00000000 -1.00000000
				2.69040000 2.49276300 -1.61960700 / 0.00000000 0.00000000 1.00000000 / 255 0 255 255 / 2.18663000 0.21997070 / 0.98591460 0.16725010 0.00000000 -1.00000000
				2.69040000 2.49276300 -1.61960700 / 0.00000000 0.00000000 1.00000000 / 255 0 255 255 / 2.18663000 0.21997070 / 0.98591460 0.16725010 0.00000000 -1.00000000
				3.97457900 4.86402000 -1.61960700 / 0.00000000 0.00000000 1.00000000 / 255 0 255 255 / 3.28218100 1.49995400 / 0.98427060 0.17666760 0.00000000 -1.00000000
				3.97457900 4.86402000 -1.61960700 / 0.00000000 0.00000000 1.00000000 / 255 0 255 255 / 3.28218100 1.49995400 / 0.98427060 0.17666760 0.00000000 -1.00000000
				0.72311430 0.11873890 -1.61960700 / 0.00000000 0.00000000 1.00000000 / 255 0 255 255 / 0.64454650 -1.01377900 / 0.98781180 0.15565300 0.00000000 -1.00000000
				0.72311430 0.11873890 -1.61960700 / 0.00000000 0.00000000 1.00000000 / 255 0 255 255 / 0.64454650 -1.01377900 / 0.98781180 0.15565300 0.00000000 -1.00000000
				0.72311430 0.11873890 -1.61960700 / 0.00000000 0.00000000 1.00000000 / 255 0 255 255 / 0.64454650 -1.01377900 / 0.98781180 0.15565300 0.00000000 -1.00000000
				3.97457900 2.49276300 -1.61960700 / 0.00000000 0.00000000 0.99999980 / 255 0 255 255 / 3.01667800 0.08215330 / 0.98462890 0.17465970 0.00000000 -1.00000000
				3.97457900 2.49276300 -1.61960700 / 0.00000000 0.00000000 0.99999980 / 255 0 255 255 / 3.01667800 0.08215330 / 0.98462890 0.17465970 0.00000000 -1.00000000
				3.97457900 2.49276300 -1.61960700 / 0.00000000 0.00000000 0.99999980 / 255 0 255 255 / 3.01667800 0.08215330 / 0.98462890 0.17465970 0.00000000 -1.00000000
				2.69040000 0.08260580 -1.61960700 / 0.00000000 0.00000000 1.00000000 / 255 0 255 255 / 1.91194100 -1.24688700 / 0.98481180 0.17362550 0.00000000 -1.00000000
				2.69040000 0.08260580 -1.61960700 / 0.00000000 0.00000000 1.00000000 / 255 0 255 255 / 1.91194100 -1.24688700 / 0.98481180 0.17362550 0.00000000 -1.00000000
				2.69040000 0.08260580 -1.61960700 / 0.00000000 0.00000000 1.00000000 / 255 0 255 255 / 1.91194100 -1.24688700 / 0.98481180 0.17362550 0.00000000 -1.00000000
				2.69040000 0.08260580 -1.61960700 / 0.00000000 0.00000000 1.00000000 / 255 0 255 255 / 1.91194100 -1.24688700 / 0.98481180 0.17362550 0.00000000 -1.00000000
				0.72311430 0.08260580 -1.61960700 / 0.00000000 0.00000000 1.00000000 / 255 0 255 255 / 0.64042660 -1.03578200 / 0.98482580 0.17354600 0.00000000 -1.00000000
				3.97457900 0.08260580 -1.61960700 / 0.00000000 0.00000000 1.00000000 / 255 0 255 255 / 2.74198900 -1.38470500 / 0.98480650 0.17365540 0.00000000 -1.00000000
				-2.65823400 -4.99081000 -1.61960700 / 0.00000000 0.00000000 1.00000000 / 255 0 255 255 / -0.98603820 2.31416300 / 0.99008760 -0.14045110 0.00000000 1.00000000
				-2.65823400 -4.99081000 -1.61960700 / 0.00000000 0.00000000 1.00000000 / 255 0 255 255 / -0.98603820 2.31416300 / 0.99008760 -0.14045110 0.00000000 1.00000000
				-2.65823400 -4.99081000 -1.61960700 / 0.00000000 0.00000000 1.00000000 / 255 0 255 255 / -0.98603820 2.31416300 / 0.99008760 -0.14045110 0.00000000 1.00000000
				-2.65823400 -4.99081000 -1.61960700 / 0.00000000 0.00000000 1.00000000 / 255 0 255 255 / -0.98603820 2.31416300 / 0.99008760 -0.14045110 0.00000000 1.00000000
				-2.04055700 -4.99081000 -1.61960700 / 0.00000000 0.00000000 1.00000000 / 255 0 255 255 / -0.58679200 2.24787900 / 0.99026380 -0.13920380 0.00000000 1.00000000
				-3.34085000 -4.99081000 -1.61960700 / 0.00000000 0.00000000 1.00000000 / 255 0 255 255 / -1.42709400 2.38739000 / 0.99877040 -0.04957430 0.00000000 1.00000000
				-3.34085000 -4.99081000 -1.61960700 / 0.00000000 0.00000000 1.00000000 / 255 0 255 255 / -1.42709400 2.38739000 / 0.99877040 -0.04957430 0.00000000 1.00000000
				-2.65823400 4.99081000 -1.61960700 / 0.00000000 0.00000000 1.00000000 / 255 0 255 255 / -0.98603820 2.31416300 / 0.99008760 0.14045110 0.00000000 -1.00000000
				-2.65823400 4.99081000 -1.61960700 / 0.00000000 0.00000000 1.00000000 / 255 0 255 255 / -0.98603820 2.31416300 / 0.99008760 0.14045110 0.00000000 -1.00000000
				-2.65823400 4.99081000 -1.61960700 / 0.00000000 0.00000000 1.00000000 / 255 0 255 255 / -0.98603820 2.31416300 / 0.99008760 0.14045110 0.00000000 -1.00000000
				-2.65823400 4.99081000 -1.61960700 / 0.00000000 0.00000000 1.00000000 / 255 0 255 255 / -0.98603820 2.31416300 / 0.99008760 0.14045110 0.00000000 -1.00000000
				-2.04055700 4.99081000 -1.61960700 / 0.00000000 0.00000000 1.00000000 / 255 0 255 255 / -0.58679200 2.24787900 / 0.99026380 0.13920380 0.00000000 -1.00000000
				-3.34085000 4.99081000 -1.61960700 / 0.00000000 0.00000000 1.00000000 / 255 0 255 255 / -1.42709400 2.38739000 / 0.99877040 0.04957430 0.00000000 -1.00000000
				-3.34085000 4.99081000 -1.61960700 / 0.00000000 0.00000000 1.00000000 / 255 0 255 255 / -1.42709400 2.38739000 / 0.99877040 0.04957430 0.00000000 -1.00000000
				-2.04055700 -4.82788700 -1.61960700 / 0.00000000 0.00000000 1.00000000 / 255 0 255 255 / -0.61009210 2.12350500 / 0.98868520 -0.15000540 0.00000000 1.00000000
				-2.04055700 -4.82788700 -1.61960700 / 0.00000000 0.00000000 1.00000000 / 255 0 255 255 / -0.61009210 2.12350500 / 0.98868520 -0.15000540 0.00000000 1.00000000
				-2.04055700 -4.82788700 -1.61960700 / 0.00000000 0.00000000 1.00000000 / 255 0 255 255 / -0.61009210 2.12350500 / 0.98868520 -0.15000540 0.00000000 1.00000000
				-2.65823400 -4.82105100 -1.61960700 / 0.00000000 0.00000000 1.00000000 / 255 0 255 255 / -1.01013200 2.18553200 / 0.98622920 -0.16538500 0.00000000 1.00000000
				-2.65823400 -4.82105100 -1.61960700 / 0.00000000 0.00000000 1.00000000 / 255 0 255 255 / -1.01013200 2.18553200 / 0.98622920 -0.16538500 0.00000000 1.00000000
				-2.65823400 -4.82105100 -1.61960700 / 0.00000000 0.00000000 1.00000000 / 255 0 255 255 / -1.01013200 2.18553200 / 0.98622920 -0.16538500 0.00000000 1.00000000
				-2.65823400 -4.82105100 -1.61960700 / 0.00000000 0.00000000 1.00000000 / 255 0 255 255 / -1.01013200 2.18553200 / 0.98622920 -0.16538500 0.00000000 1.00000000
				-2.65823400 -4.82105100 -1.61960700 / 0.00000000 0.00000000 1.00000000 / 255 0 255 255 / -1.01013200 2.18553200 / 0.98622920 -0.16538500 0.00000000 1.00000000
				-2.65823400 -4.82105100 -1.61960700 / 0.00000000 0.00000000 1.00000000 / 255 0 255 255 / -1.01013200 2.18553200 / 0.98622920 -0.16538500 0.00000000 1.00000000
				-2.65823400 -4.82105100 -1.61960700 / 0.00000000 0.00000000 1.00000000 / 255 0 255 255 / -1.01013200 2.18553200 / 0.98622920 -0.16538500 0.00000000 1.00000000
				-2.04788200 -4.82105100 -1.61960700 / 0.00000000 0.00000000 1.00000000 / 255 0 255 255 / -0.61540220 2.11999500 / 0.98544100 -0.17001780 0.00000000 1.00000000
				-2.04788200 -4.82105100 -1.61960700 / 0.00000000 0.00000000 1.00000000 / 255 0 255 255 / -0.61540220 2.11999500 / 0.98544100 -0.17001780 0.00000000 1.00000000
				-2.04788200 -4.82105100 -1.61960700 / 0.00000000 0.00000000 1.00000000 / 255 0 255 255 / -0.61540220 2.11999500 / 0.98544100 -0.17001780 0.00000000 1.00000000
				-3.33352600 -4.82105100 -1.61960700 / 0.00000000 0.00000000 1.00000000 / 255 0 255 255 / -1.44665500 2.25801100 / 0.99197640 -0.12642270 0.00000000 1.00000000
				-3.33352600 -4.82105100 -1.61960700 / 0.00000000 0.00000000 1.00000000 / 255 0 255 255 / -1.44665500 2.25801100 / 0.99197640 -0.12642270 0.00000000 1.00000000
				-3.33352600 -4.82105100 -1.61960700 / 0.00000000 0.00000000 1.00000000 / 255 0 255 255 / -1.44665500 2.25801100 / 0.99197640 -0.12642270 0.00000000 1.00000000
				-3.33352600 -4.82105100 -1.61960700 / 0.00000000 0.00000000 1.00000000 / 255 0 255 255 / -1.44665500 2.25801100 / 0.99197640 -0.12642270 0.00000000 1.00000000
				-3.33352600 -4.82105100 -1.61960700 / 0.00000000 0.00000000 1.00000000 / 255 0 255 255 / -1.44665500 2.25801100 / 0.99197640 -0.12642270 0.00000000 1.00000000
				-3.33352600 -4.82105100 -1.61960700 / 0.00000000 0.00000000 1.00000000 / 255 0 255 255 / -1.44665500 2.25801100 / 0.99197640 -0.12642270 0.00000000 1.00000000
				-3.34085000 -4.82788700 -1.61960700 / 0.00000000 0.00000000 1.00000000 / 255 0 255 255 / -1.45037900 2.26301600 / 0.99795560 -0.06390880 0.00000000 1.00000000
				-3.34085000 -4.82788700 -1.61960700 / 0.00000000 0.00000000 1.00000000 / 255 0 255 255 / -1.45037900 2.26301600 / 0.99795560 -0.06390880 0.00000000 1.00000000
				-3.34768600 -4.82105100 -1.61960700 / 0.00000000 0.00000000 1.00000000 / 255 0 255 255 / -1.45570400 2.25950600 / 0.98493160 -0.17294440 0.00000000 1.00000000
				-3.34768600 -4.82105100 -1.61960700 / 0.00000000 0.00000000 1.00000000 / 255 0 255 255 / -1.45570400 2.25950600 / 0.98493160 -0.17294440 0.00000000 1.00000000
				-3.34768600 -4.82105100 -1.61960700 / 0.00000000 0.00000000 1.00000000 / 255 0 255 255 / -1.45570400 2.25950600 / 0.98493160 -0.17294440 0.00000000 1.00000000
				-2.65823400 -2.49276300 -1.61960700 / 0.00000000 0.00000000 1.00000000 / 255 0 255 255 / -1.27072100 0.79399110 / 0.98414060 -0.17738990 0.00000000 1.00000000
				-2.65823400 -2.49276300 -1.61960700 / 0.00000000 0.00000000 1.00000000 / 255 0 255 255 / -1.27072100 0.79399110 / 0.98414060 -0.17738990 0.00000000 1.00000000
				-2.65823400 -2.49276300 -1.61960700 / 0.00000000 0.00000000 1.00000000 / 255 0 255 255 / -1.27072100 0.79399110 / 0.98414060 -0.17738990 0.00000000 1.00000000
				-2.65823400 -2.49276300 -1.61960700 / 0.00000000 0.00000000 1.00000000 / 255 0 255 255 / -1.27072100 0.79399110 / 0.98414060 -0.17738990 0.00000000 1.00000000
				-2.65823400 -2.49276300 -1.61960700 / 0.00000000 0.00000000 1.00000000 / 255 0 255 255 / -1.27072100 0.79399110 / 0.98414060 -0.17738990 0.00000000 1.00000000
				-2.65823400 -2.49276300 -1.61960700 / 0.00000000 0.00000000 1.00000000 / 255 0 255 255 / -1.27072100 0.79399110 / 0.98414060 -0.17738990 0.00000000 1.00000000
				-2.65823400 -2.49276300 -1.61960700 / 0.00000000 0.00000000 1.00000000 / 255 0 255 255 / -1.27072100 0.79399110 / 0.98414060 -0.17738990 0.00000000 1.00000000
				-2.65823400 -2.49276300 -1.61960700 / 0.00000000 0.00000000 1.00000000 / 255 0 255 255 / -1.27072100 0.79399110 / 0.98414060 -0.17738990 0.00000000 1.00000000
				-2.65823400 -2.49276300 -1.61960700 / 0.00000000 0.00000000 1.00000000 / 255 0 255 255 / -1.27072100 0.79399110 / 0.98414060 -0.17738990 0.00000000 1.00000000
				-3.43362300 -4.82105100 -1.61960700 / 0.00000000 0.00000000 0.99999980 / 255 0 255 255 / -1.51129100 2.26873800 / 0.98152480 -0.19133520 0.00000000 1.00000000
				-3.43362300 -4.82105100 -1.61960700 / 0.00000000 0.00000000 0.99999980 / 255 0 255 255 / -1.51129100 2.26873800 / 0.98152480 -0.19133520 0.00000000 1.00000000
				-3.43362300 -4.82105100 -1.61960700 / 0.00000000 0.00000000 0.99999980 / 255 0 255 255 / -1.51129100 2.26873800 / 0.98152480 -0.19133520 0.00000000 1.00000000
				-1.93899500 -4.81421500 -1.61960700 / 0.00000000 0.00000000 0.99999980 / 255 0 255 255 / -0.54591370 2.10420200 / 0.99019430 -0.13969690 0.00000000 1.00000000
				-1.93899500 -4.81421500 -1.61960700 / 0.00000000 0.00000000 0.99999980 / 255 0 255 255 / -0.54591370 2.10420200 / 0.99019430 -0.13969690 0.00000000 1.00000000
				-1.93899500 -4.81421500 -1.61960700 / 0.00000000 0.00000000 0.99999980 / 255 0 255 255 / -0.54591370 2.10420200 / 0.99019430 -0.13969690 0.00000000 1.00000000
				-1.93899500 -4.81421500 -1.61960700 / 0.00000000 0.00000000 0.99999980 / 255 0 255 255 / -0.54591370 2.10420200 / 0.99019430 -0.13969690 0.00000000 1.00000000
				-1.93899500 -4.81421500 -1.61960700 / 0.00000000 0.00000000 0.99999980 / 255 0 255 255 / -0.54591370 2.10420200 / 0.99019430 -0.13969690 0.00000000 1.00000000
				-1.93899500 -4.81421500 -1.61960700 / 0.00000000 0.00000000 0.99999980 / 255 0 255 255 / -0.54591370 2.10420200 / 0.99019430 -0.13969690 0.00000000 1.00000000
				-2.03372100 -4.82105100 -1.61960700 / 0.00000000 0.00000000 1.00000000 / 255 0 255 255 / -0.60635380 2.11850000 / 0.98536540 -0.17045520 0.00000000 1.00000000
				-2.03372100 -4.82105100 -1.61960700 / 0.00000000 0.00000000 1.00000000 / 255 0 255 255 / -0.60635380 2.11850000 / 0.98536540 -0.17045520 0.00000000 1.00000000
				-1.94778500 -4.82105100 -1.61960700 / 0.00000000 0.00000000 1.00000000 / 255 0 255 255 / -0.55076600 2.10926800 / 0.98580370 -0.16790180 0.00000000 1.00000000
				-1.94778500 -4.82105100 -1.61960700 / 0.00000000 0.00000000 1.00000000 / 255 0 255 255 / -0.55076600 2.10926800 / 0.98580370 -0.16790180 0.00000000 1.00000000
				-1.94094800 -4.82788700 -1.61960700 / 0.00000000 0.00000000 0.99999980 / 255 0 255 255 / -0.54544070 2.11277800 / 0.99247410 -0.12245500 0.00000000 1.00000000
				-1.94094800 -4.82788700 -1.61960700 / 0.00000000 0.00000000 0.99999980 / 255 0 255 255 / -0.54544070 2.11277800 / 0.99247410 -0.12245500 0.00000000 1.00000000
				-1.94094800 -4.82788700 -1.61960700 / 0.00000000 0.00000000 0.99999980 / 255 0 255 255 / -0.54544070 2.11277800 / 0.99247410 -0.12245500 0.00000000 1.00000000
				-1.94094800 -4.82788700 -1.61960700 / 0.00000000 0.00000000 0.99999980 / 255 0 255 255 / -0.54544070 2.11277800 / 0.99247410 -0.12245500 0.00000000 1.00000000
				-1.36868200 -2.49276300 -1.61960700 / 0.00000000 0.00000000 1.00000000 / 255 0 255 255 / -0.43716430 0.65559380 / 0.98451480 -0.17530170 0.00000000 1.00000000
				-1.36868200 -2.49276300 -1.61960700 / 0.00000000 0.00000000 1.00000000 / 255 0 255 255 / -0.43716430 0.65559380 / 0.98451480 -0.17530170 0.00000000 1.00000000
				-1.36868200 -2.49276300 -1.61960700 / 0.00000000 0.00000000 1.00000000 / 255 0 255 255 / -0.43716430 0.65559380 / 0.98451480 -0.17530170 0.00000000 1.00000000
				-1.36868200 -2.49276300 -1.61960700 / 0.00000000 0.00000000 1.00000000 / 255 0 255 255 / -0.43716430 0.65559380 / 0.98451480 -0.17530170 0.00000000 1.00000000
				-1.36868200 -2.49276300 -1.61960700 / 0.00000000 0.00000000 1.00000000 / 255 0 255 255 / -0.43716430 0.65559380 / 0.98451480 -0.17530170 0.00000000 1.00000000
				-1.36868200 -2.49276300 -1.61960700 / 0.00000000 0.00000000 1.00000000 / 255 0 255 255 / -0.43716430 0.65559380 / 0.98451480 -0.17530170 0.00000000 1.00000000
				-1.36868200 -2.49276300 -1.61960700 / 0.00000000 0.00000000 1.00000000 / 255 0 255 255 / -0.43716430 0.65559380 / 0.98451480 -0.17530170 0.00000000 1.00000000
				-1.36868200 -2.49276300 -1.61960700 / 0.00000000 0.00000000 1.00000000 / 255 0 255 255 / -0.43716430 0.65559380 / 0.98451480 -0.17530170 0.00000000 1.00000000
				-1.36868200 -2.49276300 -1.61960700 / 0.00000000 0.00000000 1.00000000 / 255 0 255 255 / -0.43716430 0.65559380 / 0.98451480 -0.17530170 0.00000000 1.00000000
				-1.36868200 -2.49276300 -1.61960700 / 0.00000000 0.00000000 1.00000000 / 255 0 255 255 / -0.43716430 0.65559380 / 0.98451480 -0.17530170 0.00000000 1.00000000
				0.08102450 -4.86402000 -1.61960700 / 0.00000000 0.00000000 1.00000000 / 255 0 255 255 / 0.76550290 1.91780100 / 0.98442300 -0.17581640 0.00000000 1.00000000
				0.08102450 -4.86402000 -1.61960700 / 0.00000000 0.00000000 1.00000000 / 255 0 255 255 / 0.76550290 1.91780100 / 0.98442300 -0.17581640 0.00000000 1.00000000
				0.08102450 -4.86402000 -1.61960700 / 0.00000000 0.00000000 1.00000000 / 255 0 255 255 / 0.76550290 1.91780100 / 0.98442300 -0.17581640 0.00000000 1.00000000
				0.08102450 -4.86402000 -1.61960700 / 0.00000000 0.00000000 1.00000000 / 255 0 255 255 / 0.76550290 1.91780100 / 0.98442300 -0.17581640 0.00000000 1.00000000
				-1.94094800 -4.86402000 -1.61960700 / 0.00000000 0.00000000 1.00000000 / 255 0 255 255 / -0.54132080 2.13478100 / 0.98482550 -0.17354760 0.00000000 1.00000000
				-3.44143600 -4.81372800 -1.61960700 / 0.00000000 0.00000000 1.00000000 / 255 0 255 255 / -1.51696800 2.26530500 / 0.97139050 -0.23748790 0.00000000 1.00000000
				-3.44143600 -4.81372800 -1.61960700 / 0.00000000 0.00000000 1.00000000 / 255 0 255 255 / -1.51696800 2.26530500 / 0.97139050 -0.23748790 0.00000000 1.00000000
				-3.44143600 -4.81372800 -1.61960700 / 0.00000000 0.00000000 1.00000000 / 255 0 255 255 / -1.51696800 2.26530500 / 0.97139050 -0.23748790 0.00000000 1.00000000
				-3.44143600 -4.81372800 -1.61960700 / 0.00000000 0.00000000 1.00000000 / 255 0 255 255 / -1.51696800 2.26530500 / 0.97139050 -0.23748790 0.00000000 1.00000000
				-3.44143600 -4.81372800 -1.61960700 / 0.00000000 0.00000000 1.00000000 / 255 0 255 255 / -1.51696800 2.26530500 / 0.97139050 -0.23748790 0.00000000 1.00000000
				-3.44143600 -4.81372800 -1.61960700 / 0.00000000 0.00000000 1.00000000 / 255 0 255 255 / -1.51696800 2.26530500 / 0.97139050 -0.23748790 0.00000000 1.00000000
				-3.44094800 -4.82788700 -1.61960700 / 0.00000000 0.00000000 1.00000000 / 255 0 255 255 / -1.51503000 2.27375800 / 0.93823340 -0.34600290 0.00000000 1.00000000
				-3.44094800 -4.82788700 -1.61960700 / 0.00000000 0.00000000 1.00000000 / 255 0 255 255 / -1.51503000 2.27375800 / 0.93823340 -0.34600290 0.00000000 1.00000000
				-3.44094800 -4.86402000 -1.61960700 / 0.00000000 0.00000000 1.00000000 / 255 0 255 255 / -1.51091000 2.29574600 / 0.94188330 -0.33594020 0.00000000 1.00000000
				-3.44094800 -4.86402000 -1.61960700 / 0.00000000 0.00000000 1.00000000 / 255 0 255 255 / -1.51091000 2.29574600 / 0.94188330 -0.33594020 0.00000000 1.00000000
				-3.81253000 -4.86402000 -1.61960700 / 0.00000000 0.00000000 1.00000000 / 255 0 255 255 / -1.75117500 2.33564800 / 0.98430230 -0.17649150 0.00000000 1.00000000
				-3.81253000 -4.86402000 -1.61960700 / 0.00000000 0.00000000 1.00000000 / 255 0 255 255 / -1.75117500 2.33564800 / 0.98430230 -0.17649150 0.00000000 1.00000000
				-3.81253000 -2.49276300 -1.61960700 / 0.00000000 0.00000000 0.99999980 / 255 0 255 255 / -2.01667800 0.91784670 / 0.98433610 -0.17630200 0.00000000 1.00000000
				-3.81253000 -2.49276300 -1.61960700 / 0.00000000 0.00000000 0.99999980 / 255 0 255 255 / -2.01667800 0.91784670 / 0.98433610 -0.17630200 0.00000000 1.00000000
				-3.81253000 -2.49276300 -1.61960700 / 0.00000000 0.00000000 0.99999980 / 255 0 255 255 / -2.01667800 0.91784670 / 0.98433610 -0.17630200 0.00000000 1.00000000
				-3.81253000 -0.08260580 -1.61960700 / 0.00000000 0.00000000 1.00000000 / 255 0 255 255 / -2.29136700 -0.54901120 / 0.98481210 -0.17362360 0.00000000 1.00000000
				-3.81253000 -0.08260580 -1.61960700 / 0.00000000 0.00000000 1.00000000 / 255 0 255 255 / -2.29136700 -0.54901120 / 0.98481210 -0.17362360 0.00000000 1.00000000
				-2.65823400 -0.08260580 -1.61960700 / 0.00000000 0.00000000 1.00000000 / 255 0 255 255 / -1.54541000 -0.67286680 / 0.98481010 -0.17363470 0.00000000 1.00000000
				-2.65823400 -0.08260580 -1.61960700 / 0.00000000 0.00000000 1.00000000 / 255 0 255 255 / -1.54541000 -0.67286680 / 0.98481010 -0.17363470 0.00000000 1.00000000
				-2.65823400 -0.08260580 -1.61960700 / 0.00000000 0.00000000 1.00000000 / 255 0 255 255 / -1.54541000 -0.67286680 / 0.98481010 -0.17363470 0.00000000 1.00000000
				-2.65823400 -0.08260580 -1.61960700 / 0.00000000 0.00000000 1.00000000 / 255 0 255 255 / -1.54541000 -0.67286680 / 0.98481010 -0.17363470 0.00000000 1.00000000
				-0.77688570 -0.11873890 -1.61960700 / 0.00000000 0.00000000 1.00000000 / 255 0 255 255 / -0.32504270 -0.85279850 / 0.97259770 -0.23249400 0.00000000 1.00000000
				-0.77688570 -0.11873890 -1.61960700 / 0.00000000 0.00000000 1.00000000 / 255 0 255 255 / -0.32504270 -0.85279850 / 0.97259770 -0.23249400 0.00000000 1.00000000
				-0.77688570 -0.11873890 -1.61960700 / 0.00000000 0.00000000 1.00000000 / 255 0 255 255 / -0.32504270 -0.85279850 / 0.97259770 -0.23249400 0.00000000 1.00000000
				-0.77688570 -0.08260580 -1.61960700 / 0.00000000 0.00000000 1.00000000 / 255 0 255 255 / -0.32916260 -0.87480160 / 0.98481830 -0.17358800 0.00000000 1.00000000
				-0.77835050 -0.13289880 -1.61960700 / 0.00000000 0.00000000 1.00000000 / 255 0 255 255 / -0.32456970 -0.84422300 / 0.97704830 -0.21301780 0.00000000 1.00000000
				-0.77835050 -0.13289880 -1.61960700 / 0.00000000 0.00000000 1.00000000 / 255 0 255 255 / -0.32456970 -0.84422300 / 0.97704830 -0.21301780 0.00000000 1.00000000
				-0.77835050 -0.13289880 -1.61960700 / 0.00000000 0.00000000 1.00000000 / 255 0 255 255 / -0.32456970 -0.84422300 / 0.97704830 -0.21301780 0.00000000 1.00000000
				-0.77835050 -0.13289880 -1.61960700 / 0.00000000 0.00000000 1.00000000 / 255 0 255 255 / -0.32456970 -0.84422300 / 0.97704830 -0.21301780 0.00000000 1.00000000
				-0.77835050 -0.13289880 -1.61960700 / 0.00000000 0.00000000 1.00000000 / 255 0 255 255 / -0.32456970 -0.84422300 / 0.97704830 -0.21301780 0.00000000 1.00000000
				-0.68362390 -0.12606290 -1.61960700 / 0.00000000 0.00000000 0.99999980 / 255 0 255 255 / -0.26412960 -0.85852050 / 0.98326410 -0.18218610 0.00000000 1.00000000
				-0.68362390 -0.12606290 -1.61960700 / 0.00000000 0.00000000 0.99999980 / 255 0 255 255 / -0.26412960 -0.85852050 / 0.98326410 -0.18218610 0.00000000 1.00000000
				-0.68362390 -0.12606290 -1.61960700 / 0.00000000 0.00000000 0.99999980 / 255 0 255 255 / -0.26412960 -0.85852050 / 0.98326410 -0.18218610 0.00000000 1.00000000
				-0.76956140 -0.12606290 -1.61960700 / 0.00000000 0.00000000 1.00000000 / 255 0 255 255 / -0.31971740 -0.84928900 / 0.98449850 -0.17539290 0.00000000 1.00000000
				-0.66995200 -0.12606290 -1.61960700 / 0.00000000 0.00000000 1.00000000 / 255 0 255 255 / -0.25508120 -0.86001590 / 0.98335700 -0.18168400 0.00000000 1.00000000
				-0.66995200 -0.12606290 -1.61960700 / 0.00000000 0.00000000 1.00000000 / 255 0 255 255 / -0.25508120 -0.86001590 / 0.98335700 -0.18168400 0.00000000 1.00000000
				-0.66995200 -0.12606290 -1.61960700 / 0.00000000 0.00000000 1.00000000 / 255 0 255 255 / -0.25508120 -0.86001590 / 0.98335700 -0.18168400 0.00000000 1.00000000
				-0.66995200 -0.12606290 -1.61960700 / 0.00000000 0.00000000 1.00000000 / 255 0 255 255 / -0.25508120 -0.86001590 / 0.98335700 -0.18168400 0.00000000 1.00000000
				-0.67678800 -0.11873890 -1.61960700 / 0.00000000 0.00000000 1.00000000 / 255 0 255 255 / -0.26040650 -0.86352540 / 0.98275190 -0.18492880 0.00000000 1.00000000
				0.08102450 -0.12606290 -1.61960700 / 0.00000000 0.00000000 1.00000000 / 255 0 255 255 / 0.23022460 -0.94059760 / 0.98457910 -0.17494030 0.00000000 1.00000000
				0.08102450 -0.12606290 -1.61960700 / 0.00000000 0.00000000 1.00000000 / 255 0 255 255 / 0.23022460 -0.94059760 / 0.98457910 -0.17494030 0.00000000 1.00000000
				0.08102450 -0.12606290 -1.61960700 / 0.00000000 0.00000000 1.00000000 / 255 0 255 255 / 0.23022460 -0.94059760 / 0.98457910 -0.17494030 0.00000000 1.00000000
				0.08102450 -0.12606290 -1.61960700 / 0.00000000 0.00000000 1.00000000 / 255 0 255 255 / 0.23022460 -0.94059760 / 0.98457910 -0.17494030 0.00000000 1.00000000
				0.08102450 -0.12606290 -1.61960700 / 0.00000000 0.00000000 1.00000000 / 255 0 255 255 / 0.23022460 -0.94059760 / 0.98457910 -0.17494030 0.00000000 1.00000000
				0.08102450 -0.12606290 -1.61960700 / 0.00000000 0.00000000 1.00000000 / 255 0 255 255 / 0.23022460 -0.94059760 / 0.98457910 -0.17494030 0.00000000 1.00000000
				0.08102450 -0.12606290 -1.61960700 / 0.00000000 0.00000000 1.00000000 / 255 0 255 255 / 0.23022460 -0.94059760 / 0.98457910 -0.17494030 0.00000000 1.00000000
				-0.67678800 -0.11873890 -1.61960700 / 0.00000000 0.00000000 1.00000000 / 255 0 255 255 / -0.26040650 -0.86352540 / 0.98428970 -0.17656100 0.00000000 1.00000000
				-0.67678800 -0.11873890 -1.61960700 / 0.00000000 0.00000000 1.00000000 / 255 0 255 255 / -0.26040650 -0.86352540 / 0.98428970 -0.17656100 0.00000000 1.00000000
				-0.67678800 -0.11873890 -1.61960700 / 0.00000000 0.00000000 1.00000000 / 255 0 255 255 / -0.26040650 -0.86352540 / 0.98428970 -0.17656100 0.00000000 1.00000000
				0.08102450 0.00479600 -1.61960700 / 0.00000000 0.00000000 1.00000000 / 255 0 255 255 / 0.21533200 -1.02017200 / 0.98478090 -0.17380030 0.00000000 1.00000000
				0.08102450 0.00479600 -1.61960700 / 0.00000000 0.00000000 1.00000000 / 255 0 255 255 / 0.21533200 -1.02017200 / 0.98478090 -0.17380030 0.00000000 1.00000000
				0.08102450 0.00479600 -1.61960700 / 0.00000000 0.00000000 1.00000000 / 255 0 255 255 / 0.21533200 -1.02017200 / 0.98478090 -0.17380030 0.00000000 1.00000000
				0.08102450 0.00479600 -1.61960700 / 0.00000000 0.00000000 1.00000000 / 255 0 255 255 / 0.21533200 -1.02017200 / 0.98478090 -0.17380030 0.00000000 1.00000000
				-0.67678800 0.00479600 -1.61960700 / 0.00000000 0.00000000 1.00000000 / 255 0 255 255 / -0.27450560 -0.93884270 / 0.98485820 -0.17336190 0.00000000 1.00000000
				0.61618070 -0.12606290 -1.61960700 / 0.00000000 0.00000000 1.00000000 / 255 0 255 255 / 0.57617190 -0.99803160 / 0.98602540 -0.16659490 0.00000000 1.00000000
				0.61618070 -0.12606290 -1.61960700 / 0.00000000 0.00000000 1.00000000 / 255 0 255 255 / 0.57617190 -0.99803160 / 0.98602540 -0.16659490 0.00000000 1.00000000
				0.61618070 -0.12606290 -1.61960700 / 0.00000000 0.00000000 1.00000000 / 255 0 255 255 / 0.57617190 -0.99803160 / 0.98602540 -0.16659490 0.00000000 1.00000000
				0.61618070 -0.12606290 -1.61960700 / 0.00000000 0.00000000 1.00000000 / 255 0 255 255 / 0.57617190 -0.99803160 / 0.98602540 -0.16659490 0.00000000 1.00000000
				0.61618070 -0.12606290 -1.61960700 / 0.00000000 0.00000000 1.00000000 / 255 0 255 255 / 0.57617190 -0.99803160 / 0.98602540 -0.16659490 0.00000000 1.00000000
				0.61618070 -0.12606290 -1.61960700 / 0.00000000 0.00000000 1.00000000 / 255 0 255 255 / 0.57617190 -0.99803160 / 0.98602540 -0.16659490 0.00000000 1.00000000
				0.62301670 0.00479600 -1.61960700 / 0.00000000 0.00000000 1.00000000 / 255 0 255 255 / 0.56579590 -1.07836900 / 0.98846860 -0.15142610 0.00000000 1.00000000
				0.62301670 0.00479600 -1.61960700 / 0.00000000 0.00000000 1.00000000 / 255 0 255 255 / 0.56579590 -1.07836900 / 0.98846860 -0.15142610 0.00000000 1.00000000
				0.62301670 -0.11873890 -1.61960700 / 0.00000000 0.00000000 0.99999980 / 255 0 255 255 / 0.57989500 -1.00303700 / 0.98812990 -0.15362090 0.00000000 1.00000000
				0.62301670 -0.11873890 -1.61960700 / 0.00000000 0.00000000 0.99999980 / 255 0 255 255 / 0.57989500 -1.00303700 / 0.98812990 -0.15362090 0.00000000 1.00000000
				0.63034090 -0.12606290 -1.61960700 / 0.00000000 0.00000000 1.00000000 / 255 0 255 255 / 0.58522040 -0.99952700 / 0.98472470 -0.17411870 0.00000000 1.00000000
				0.63034090 -0.12606290 -1.61960700 / 0.00000000 0.00000000 1.00000000 / 255 0 255 255 / 0.58522040 -0.99952700 / 0.98472470 -0.17411870 0.00000000 1.00000000
				0.63034090 -0.12606290 -1.61960700 / 0.00000000 0.00000000 1.00000000 / 255 0 255 255 / 0.58522040 -0.99952700 / 0.98472470 -0.17411870 0.00000000 1.00000000
				0.08102450 -2.49276300 -1.61960700 / 0.00000000 0.00000000 1.00000000 / 255 0 255 255 / 0.50000000 0.50000000 / 0.98444010 -0.17572020 0.00000000 1.00000000
				0.08102450 -2.49276300 -1.61960700 / 0.00000000 0.00000000 1.00000000 / 255 0 255 255 / 0.50000000 0.50000000 / 0.98444010 -0.17572020 0.00000000 1.00000000
				0.08102450 -2.49276300 -1.61960700 / 0.00000000 0.00000000 1.00000000 / 255 0 255 255 / 0.50000000 0.50000000 / 0.98444010 -0.17572020 0.00000000 1.00000000
				0.08102450 -2.49276300 -1.61960700 / 0.00000000 0.00000000 1.00000000 / 255 0 255 255 / 0.50000000 0.50000000 / 0.98444010 -0.17572020 0.00000000 1.00000000
				0.08102450 -2.49276300 -1.61960700 / 0.00000000 0.00000000 1.00000000 / 255 0 255 255 / 0.50000000 0.50000000 / 0.98444010 -0.17572020 0.00000000 1.00000000
				0.08102450 -2.49276300 -1.61960700 / 0.00000000 0.00000000 1.00000000 / 255 0 255 255 / 0.50000000 0.50000000 / 0.98444010 -0.17572020 0.00000000 1.00000000
				0.08102450 -2.49276300 -1.61960700 / 0.00000000 0.00000000 1.00000000 / 255 0 255 255 / 0.50000000 0.50000000 / 0.98444010 -0.17572020 0.00000000 1.00000000
				0.08102450 -2.49276300 -1.61960700 / 0.00000000 0.00000000 1.00000000 / 255 0 255 255 / 0.50000000 0.50000000 / 0.98444010 -0.17572020 0.00000000 1.00000000
				0.08102450 -2.49276300 -1.61960700 / 0.00000000 0.00000000 1.00000000 / 255 0 255 255 / 0.50000000 0.50000000 / 0.98444010 -0.17572020 0.00000000 1.00000000
				0.71627840 -0.12606290 -1.61960700 / 0.00000000 0.00000000 1.00000000 / 255 0 255 255 / 0.64080810 -1.00875900 / 0.98395630 -0.17840980 0.00000000 1.00000000
				0.71627840 -0.12606290 -1.61960700 / 0.00000000 0.00000000 1.00000000 / 255 0 255 255 / 0.64080810 -1.00875900 / 0.98395630 -0.17840980 0.00000000 1.00000000
				0.71627840 -0.12606290 -1.61960700 / 0.00000000 0.00000000 1.00000000 / 255 0 255 255 / 0.64080810 -1.00875900 / 0.98395630 -0.17840980 0.00000000 1.00000000
				2.69039900 -4.86402000 -1.61960700 / 0.00000000 0.00000000 1.00000000 / 255 0 255 255 / 2.45213300 1.63777200 / 0.98427110 -0.17666450 0.00000000 1.00000000
				2.69039900 -4.86402000 -1.61960700 / 0.00000000 0.00000000 1.00000000 / 255 0 255 255 / 2.45213300 1.63777200 / 0.98427110 -0.17666450 0.00000000 1.00000000
				2.69039900 -4.86402000 -1.61960700 / 0.00000000 0.00000000 1.00000000 / 255 0 255 255 / 2.45213300 1.63777200 / 0.98427110 -0.17666450 0.00000000 1.00000000
				0.72702060 -0.13192300 -1.61960700 / 0.00000000 0.00000000 1.00000000 / 255 0 255 255 / 0.64857480 -1.00643900 / 0.98653500 -0.16355020 0.00000000 1.00000000
				0.72702060 -0.13192300 -1.61960700 / 0.00000000 0.00000000 1.00000000 / 255 0 255 255 / 0.64857480 -1.00643900 / 0.98653500 -0.16355020 0.00000000 1.00000000
				0.72702060 -0.13192300 -1.61960700 / 0.00000000 0.00000000 1.00000000 / 255 0 255 255 / 0.64857480 -1.00643900 / 0.98653500 -0.16355020 0.00000000 1.00000000
				0.72702060 -0.13192300 -1.61960700 / 0.00000000 0.00000000 1.00000000 / 255 0 255 255 / 0.64857480 -1.00643900 / 0.98653500 -0.16355020 0.00000000 1.00000000
				0.72311430 -0.11873890 -1.61960700 / 0.00000000 0.00000000 1.00000000 / 255 0 255 255 / 0.64454650 -1.01377900 / 0.98451520 -0.17529920 0.00000000 1.00000000
				2.69040000 -2.49276300 -1.61960700 / 0.00000000 0.00000000 1.00000000 / 255 0 255 255 / 2.18663000 0.21997070 / 0.98591460 -0.16725010 0.00000000 1.00000000
				2.69040000 -2.49276300 -1.61960700 / 0.00000000 0.00000000 1.00000000 / 255 0 255 255 / 2.18663000 0.21997070 / 0.98591460 -0.16725010 0.00000000 1.00000000
				2.69040000 -2.49276300 -1.61960700 / 0.00000000 0.00000000 1.00000000 / 255 0 255 255 / 2.18663000 0.21997070 / 0.98591460 -0.16725010 0.00000000 1.00000000
				2.69040000 -2.49276300 -1.61960700 / 0.00000000 0.00000000 1.00000000 / 255 0 255 255 / 2.18663000 0.21997070 / 0.98591460 -0.16725010 0.00000000 1.00000000
				2.69040000 -2.49276300 -1.61960700 / 0.00000000 0.00000000 1.00000000 / 255 0 255 255 / 2.18663000 0.21997070 / 0.98591460 -0.16725010 0.00000000 1.00000000
				2.69040000 -2.49276300 -1.61960700 / 0.00000000 0.00000000 1.00000000 / 255 0 255 255 / 2.18663000 0.21997070 / 0.98591460 -0.16725010 0.00000000 1.00000000
				2.69040000 -2.49276300 -1.61960700 / 0.00000000 0.00000000 1.00000000 / 255 0 255 255 / 2.18663000 0.21997070 / 0.98591460 -0.16725010 0.00000000 1.00000000
				3.97457900 -4.86402000 -1.61960700 / 0.00000000 0.00000000 1.00000000 / 255 0 255 255 / 3.28218100 1.49995400 / 0.98427060 -0.17666760 0.00000000 1.00000000
				3.97457900 -4.86402000 -1.61960700 / 0.00000000 0.00000000 1.00000000 / 255 0 255 255 / 3.28218100 1.49995400 / 0.98427060 -0.17666760 0.00000000 1.00000000
				0.72311430 -0.11873890 -1.61960700 / 0.00000000 0.00000000 1.00000000 / 255 0 255 255 / 0.64454650 -1.01377900 / 0.98781180 -0.15565300 0.00000000 1.00000000
				0.72311430 -0.11873890 -1.61960700 / 0.00000000 0.00000000 1.00000000 / 255 0 255 255 / 0.64454650 -1.01377900 / 0.98781180 -0.15565300 0.00000000 1.00000000
				0.72311430 -0.11873890 -1.61960700 / 0.00000000 0.00000000 1.00000000 / 255 0 255 255 / 0.64454650 -1.01377900 / 0.98781180 -0.15565300 0.00000000 1.00000000
				3.97457900 -2.49276300 -1.61960700 / 0.00000000 0.00000000 0.99999980 / 255 0 255 255 / 3.01667800 0.08215330 / 0.98462890 -0.17465970 0.00000000 1.00000000
				3.97457900 -2.49276300 -1.61960700 / 0.00000000 0.00000000 0.99999980 / 255 0 255 255 / 3.01667800 0.08215330 / 0.98462890 -0.17465970 0.00000000 1.00000000
				3.97457900 -2.49276300 -1.61960700 / 0.00000000 0.00000000 0.99999980 / 255 0 255 255 / 3.01667800 0.08215330 / 0.98462890 -0.17465970 0.00000000 1.00000000
				2.69040000 -0.08260580 -1.61960700 / 0.00000000 0.00000000 1.00000000 / 255 0 255 255 / 1.91194100 -1.24688700 / 0.98481180 -0.17362550 0.00000000 1.00000000
				2.69040000 -0.08260580 -1.61960700 / 0.00000000 0.00000000 1.00000000 / 255 0 255 255 / 1.91194100 -1.24688700 / 0.98481180 -0.17362550 0.00000000 1.00000000
				2.69040000 -0.08260580 -1.61960700 / 0.00000000 0.00000000 1.00000000 / 255 0 255 255 / 1.91194100 -1.24688700 / 0.98481180 -0.17362550 0.00000000 1.00000000
				2.69040000 -0.08260580 -1.61960700 / 0.00000000 0.00000000 1.00000000 / 255 0 255 255 / 1.91194100 -1.24688700 / 0.98481180 -0.17362550 0.00000000 1.00000000
				0.72311430 -0.08260580 -1.61960700 / 0.00000000 0.00000000 1.00000000 / 255 0 255 255 / 0.64042660 -1.03578200 / 0.98482580 -0.17354600 0.00000000 1.00000000
				3.97457900 -0.08260580 -1.61960700 / 0.00000000 0.00000000 1.00000000 / 255 0 255 255 / 2.74198900 -1.38470500 / 0.98480650 -0.17365540 0.00000000 1.00000000
			}
		}
		Geometry
		{
			ShaderIndex 6
			Flags -
			VertexDeclaration N209731BE
			Indices 2664
			{
				1332 1334 1335 1336 1337 1333 1338 1340 1341 1342 1343 1339 1344 1346 1347
				1348 1349 1345 1350 1352 1353 1354 1355 1351 1356 1359 1360 1361 1363 1357
				1369 1358 1364 1365 1362 1372 1366 1375 1370 1381 1371 1376 1377 1383 1382
				1373 1386 1367 1378 1368 1387 1388 1374 1392 1384 1379 1395 1389 1396 1380
				1397 1401 1385 1393 1404 1390 1398 1391 1405 1406 1394 1410 1411 1412 1407
				1402 1399 1416 1408 1417 1400 1418 1409 1413 1419 1423 1403 1414 1426 1420
				1421 1415 1424 1425 1427 1422 1428 1431 1432 1433 1435 1429 1441 1430 1436
				1437 1434 1444 1438 1447 1442 1453 1443 1448 1449 1455 1454 1445 1458 1439
				1450 1440 1459 1460 1446 1464 1456 1451 1467 1461 1468 1452 1469 1473 1457
				1465 1476 1462 1470 1463 1477 1478 1466 1482 1483 1484 1479 1474 1471 1487
				1480 1488 1472 1489 1481 1485 1490 1493 1475 1486 1496 1491 1494 1492 1497
				1498 1499 1495 1500 1503 1504 1505 1507 1501 1513 1502 1508 1509 1506 1516
				1510 1519 1514 1525 1515 1520 1521 1527 1526 1517 1530 1511 1522 1512 1531
				1532 1518 1536 1528 1523 1539 1533 1540 1524 1541 1545 1529 1537 1548 1534
				1542 1535 1549 1550 1538 1554 1555 1556 1551 1546 1543 1559 1552 1560 1544
				1561 1553 1557 1562 1565 1547 1558 1568 1563 1566 1564 1569 1570 1571 1567
				1572 1575 1576 1577 1579 1573 1585 1574 1580 1581 1578 1588 1582 1591 1586
				1597 1587 1592 1593 1599 1598 1589 1602 1583 1594 1584 1603 1604 1590 1608
				1600 1595 1611 1605 1612 1596 1613 1617 1601 1609 1620 1606 1614 1607 1621
				1622 1610 1626 1627 1628 1623 1618 1615 1631 1624 1632 1616 1633 1625 1629
				1634 1637 1619 1630 1640 1635 1638 1636 1641 1642 1643 1639 1644 1647 1648
				1649 1651 1645 1657 1646 1652 1653 1650 1660 1654 1663 1658 1669 1659 1664
				1665 1671 1670 1661 1674 1655 1666 1656 1675 1676 1662 1680 1672 1667 1683
				1677 1684 1668 1685 1689 1673 1681 1692 1678 1686 1679 1693 1694 1682 1698
				1690 1687 1701 1695 1702 1688 1703 1707 1691 1699 1710 1696 1704 1697 1711
				1712 1700 1716 1717 1718 1713 1708 1705 1721 1714 1722 1706 1723 1715 1719
				1724 1727 1709 1720 1730 1725 1728 1726 1731 1732 1733 1729 1734 1737 1738
				1739 1741 1735 1747 1736 1742 1743 1740 1750 1744 1753 1748 1759 1749 1754
				1755 1761 1760 1751 1764 1745 1756 1746 1765 1766 1752 1770 1762 1757 1773
				1767 1774 1758 1775 1779 1763 1771 1782 1768 1776 1769 1783 1784 1772 1788
				1780 1777 1791 1785 1792 1778 1793 1797 1781 1789 1800 1786 1794 1787 1801
				1802 1790 1806 1807 1808 1803 1798 1795 1811 1804 1812 1796 1813 1805 1809
				1814 1817 1799 1810 1820 1815 1818 1816 1821 1822 1823 1819 1824 1827 1828
				1829 1831 1825 1837 1826 1832 1833 1830 1840 1834 1843 1838 1849 1839 1844
				1845 1851 1850 1841 1854 1835 1846 1836 1855 1856 1842 1860 1852 1847 1863
				1857 1864 1848 1865 1869 1853 1861 1872 1858 1866 1859 1873 1874 1862 1878
				1870 1867 1881 1875 1882 1868 1883 1887 1871 1879 1890 1876 1884 1877 1891
				1892 1880 1896 1897 1898 1893 1888 1885 1901 1894 1902 1886 1903 1895 1899
				1904 1907 1889 1900 1910 1905 1908 1906 1911 1912 1913 1909 1914 1917 1918
				1919 1921 1915 1927 1916 1922 1923 1920 1930 1924 1933 1928 1939 1929 1934
				1935 1941 1940 1931 1944 1925 1936 1926 1945 1946 1932 1950 1942 1937 1953
				1947 1954 1938 1955 1959 1943 1951 1962 1948 1956 1949 1963 1964 1952 1968
				1960 1957 1971 1965 1972 1958 1973 1977 1961 1969 1980 1966 1974 1967 1981
				1982 1970 1986 1987 1988 1983 1978 1975 1991 1984 1992 1976 1993 1985 1989
				1994 1997 1979 1990 2000 1995 1998 1996 2001 2002 2003 1999 2004 2007 2008
				2009 2011 2005 2017 2006 2012 2013 2010 2020 2014 2023 2018 2029 2019 2024
				2025 2031 2030 2021 2034 2015 2026 2016 2035 2036 2022 2040 2032 2027 2043
				2037 2044 2028 2045 2049 2033 2041 2052 2038 2046 2039 2053 2054 2042 2058
				2050 2047 2061 2055 2062 2048 2063 2067 2051 2059 2070 2056 2064 2057 2071
				2072 2060 2076 2077 2078 2073 2068 2065 2081 2074 2082 2066 2083 2075 2079
				2084 2087 2069 2080 2090 2085 2088 2086 2091 2092 2093 2089 2094 2097 2098
				2099 2101 2095 2107 2096 2102 2103 2100 2110 2104 2113 2108 2119 2109 2114
				2115 2121 2120 2111 2124 2105 2116 2106 2125 2126 2112 2130 2122 2117 2133
				2127 2134 2118 2135 2139 2123 2131 2142 2128 2136 2129 2143 2144 2132 2148
				2140 2137 2151 2145 2152 2138 2153 2157 2141 2149 2160 2146 2154 2147 2161
				2162 2150 2166 2167 2168 2163 2158 2155 2171 2164 2172 2156 2173 2165 2169
				2174 2177 2159 2170 2180 2175 2178 2176 2181 2182 2183 2179 2184 2187 2188
				2189 2191 2185 2197 2186 2192 2193 2190 2200 2194 2203 2198 2209 2199 2204
				2205 2211 2210 2201 2214 2195 2206 2196 2215 2216 2202 2220 2212 2207 2223
				2217 2224 2208 2225 2229 2213 2221 2232 2218 2226 2219 2233 2234 2222 2238
				2239 2240 2235 2230 2227 2243 2236 2244 2228 2245 2237 2241 2246 2249 2231
				2242 2252 2247 2250 2248 2253 2254 2255 2251 2256 2259 2260 2261 2263 2257
				2269 2258 2264 2265 2262 2272 2266 2275 2270 2281 2271 2276 2277 2283 2282
				2273 2286 2267 2278 2268 2287 2288 2274 2292 2284 2279 2295 2289 2296 2280
				2297 2301 2285 2293 2304 2290 2298 2291 2305 2306 2294 2310 2311 2312 2307
				2302 2299 2315 2308 2316 2300 2317 2309 2313 2318 2321 2303 2314 2324 2319
				2322 2320 2325 2326 2327 2323 2328 2331 2332 2333 2335 2329 2341 2330 2336
				2337 2334 2344 2338 2347 2342 2353 2343 2348 2349 2355 2354 2345 2358 2339
				2350 2340 2359 2360 2346 2364 2356 2351 2367 2361 2368 2352 2369 2373 2357
				2365 2376 2362 2370 2363 2377 2378 2366 2382 2383 2384 2379 2374 2371 2387
				2380 2388 2372 2389 2381 2385 2390 2393 2375 2386 2396 2391 2394 2392 2397
				2398 2399 2395 2400 2403 2404 2405 2409 2401 2415 2402 2410 2411 2418 2416
				2424 2417 2419 2420 2426 2425 2412 2406 2430 2407 2427 2436 2437 2431 2408
				2428 2421 2442 2443 2438 2429 2422 2413 2448 2449 2444 2423 2432 2450 2414
				2439 2445 2454 2455 2457 2440 2433 2441 2458 2460 2456 2446 2447 2451 2461
				2459 2463 2434 2464 2462 2452 2453 2435 2465 2466 2469 2470 2471 2475 2467
				2481 2468 2476 2477 2484 2482 2490 2483 2485 2486 2492 2491 2478 2472 2496
				2473 2493 2502 2503 2497 2474 2494 2487 2508 2509 2504 2495 2488 2479 2514
				2515 2510 2489 2498 2516 2480 2505 2511 2520 2521 2523 2506 2499 2507 2524
				2526 2522 2512 2513 2517 2527 2525 2529 2500 2530 2528 2518 2519 2501 2531
				2532 2535 2536 2537 2541 2533 2547 2534 2542 2543 2550 2548 2556 2549 2551
				2552 2558 2557 2544 2538 2562 2539 2559 2568 2569 2563 2540 2560 2553 2574
				2575 2570 2561 2554 2545 2580 2581 2576 2555 2564 2582 2546 2571 2577 2586
				2587 2589 2572 2565 2573 2590 2592 2588 2578 2579 2583 2593 2591 2595 2566
				2596 2594 2584 2585 2567 2597 2598 2601 2602 2603 2607 2599 2613 2600 2608
				2609 2616 2614 2622 2615 2617 2618 2624 2623 2610 2604 2628 2605 2625 2634
				2635 2629 2606 2626 2619 2640 2641 2636 2627 2620 2611 2646 2647 2642 2621
				2630 2648 2612 2637 2643 2652 2653 2655 2638 2631 2639 2656 2658 2654 2644
				2645 2649 2659 2657 2661 2632 2662 2660 2650 2651 2633 2663 0 3 2
				4 1 5 6 9 8 10 7 11 12 15 14 16 13 17
				18 21 20 22 19 23 24 28 27 29 25 31 37 32 26
				33 40 30 34 38 43 49 44 39 45 50 51 41 35 54
				46 55 36 56 60 42 52 63 47 57 48 64 65 53 69
				61 58 72 66 73 59 74 78 62 79 75 80 70 83 67
				76 68 84 85 81 77 86 71 89 82 87 92 90 93 88
				94 91 95 96 100 99 101 97 103 109 104 98 105 112 102
				106 110 115 121 116 111 117 122 123 113 107 126 118 127 108
				128 132 114 124 135 119 129 120 136 137 125 141 133 130 144
				138 145 131 146 150 134 151 147 152 142 155 139 148 140 156
				157 153 149 158 143 161 154 159 164 162 165 160 166 163 167
				168 172 171 173 169 175 181 176 170 177 184 174 178 182 187
				193 188 183 189 194 195 185 179 198 190 199 180 200 204 186
				196 207 191 201 192 208 209 197 213 205 202 216 210 217 203
				218 222 206 223 219 224 214 227 211 220 212 228 229 225 221
				230 215 233 226 231 236 234 237 232 238 235 239 240 244 243
				245 241 247 253 248 242 249 256 246 250 254 259 265 260 255
				261 266 267 257 251 270 262 271 252 272 276 258 268 279 263
				273 264 280 281 269 285 277 274 288 282 289 275 290 294 278
				295 291 296 286 299 283 292 284 300 301 297 293 302 287 305
				298 303 308 306 309 304 310 307 311 312 316 315 317 313 319
				325 320 314 321 328 318 322 326 331 337 332 327 333 338 339
				329 323 342 334 343 324 344 348 330 340 351 335 345 336 352
				353 341 357 349 346 360 354 361 347 362 366 350 358 369 355
				363 356 370 371 359 375 367 364 378 372 379 365 380 384 368
				385 381 386 376 389 373 382 374 390 391 387 383 392 377 395
				388 393 398 396 399 394 400 397 401 402 406 405 407 403 409
				415 410 404 411 418 408 412 416 421 427 422 417 423 428 429
				419 413 432 424 433 414 434 438 420 430 441 425 435 426 442
				443 431 447 439 436 450 444 451 437 452 456 440 448 459 445
				453 446 460 461 449 465 457 454 468 462 469 455 470 474 458
				475 471 476 466 479 463 472 464 480 481 477 473 482 467 485
				478 483 488 486 489 484 490 487 491 492 496 495 497 493 499
				505 500 494 501 508 498 502 506 511 517 512 507 513 518 519
				509 503 522 514 523 504 524 528 510 520 531 515 525 516 532
				533 521 537 529 526 540 534 541 527 542 546 530 538 549 535
				543 536 550 551 539 555 547 544 558 552 559 545 560 564 548
				565 561 566 556 569 553 562 554 570 571 567 563 572 557 575
				568 573 578 576 579 574 580 577 581 582 586 585 587 583 589
				595 590 584 591 598 588 592 596 601 607 602 597 603 608 609
				599 593 612 604 613 594 614 618 600 610 621 605 615 606 622
				623 611 627 619 616 630 624 631 617 632 636 620 628 639 625
				633 626 640 641 629 645 637 634 648 642 649 635 650 654 638
				655 651 656 646 659 643 652 644 660 661 657 653 662 647 665
				658 663 668 666 669 664 670 667 671 672 676 675 677 673 679
				685 680 674 681 688 678 682 686 691 697 692 687 693 698 699
				689 683 702 694 703 684 704 708 690 700 711 695 705 696 712
				713 701 717 709 706 720 714 721 707 722 726 710 718 729 715
				723 716 730 731 719 735 727 724 738 732 739 725 740 744 728
				745 741 746 736 749 733 742 734 750 751 747 743 752 737 755
				748 753 758 756 759 754 760 757 761 762 766 765 767 763 769
				775 770 764 771 778 768 772 776 781 787 782 777 783 788 789
				779 773 792 784 793 774 794 798 780 790 801 785 795 786 802
				803 791 807 799 796 810 804 811 797 812 816 800 808 819 805
				813 806 820 821 809 825 817 814 828 822 829 815 830 834 818
				835 831 836 826 839 823 832 824 840 841 837 833 842 827 845
				838 843 848 846 849 844 850 847 851 852 856 855 857 853 859
				865 860 854 861 868 858 862 866 871 877 872 867 873 878 879
				869 863 882 874 883 864 884 888 870 880 891 875 885 876 892
				893 881 897 889 886 900 894 901 887 902 906 890 907 903 908
				898 911 895 904 896 912 913 909 905 914 899 917 910 915 920
				918 921 916 922 919 923 924 928 927 929 925 931 937 932 926
				933 940 930 934 938 943 949 944 939 945 950 951 941 935 954
				946 955 936 956 960 942 952 963 947 957 948 964 965 953 969
				961 958 972 966 973 959 974 978 962 979 975 980 970 983 967
				976 968 984 985 981 977 986 971 989 982 987 992 990 993 988
				994 991 995 996 1000 999 1001 997 1003 1009 1004 998 1005 1012 1002
				1006 1010 1015 1021 1016 1011 1017 1022 1023 1013 1007 1026 1018 1027 1008
				1028 1032 1014 1024 1035 1019 1029 1020 1036 1037 1025 1041 1033 1030 1044
				1038 1045 1031 1046 1050 1034 1051 1047 1052 1042 1055 1039 1048 1040 1056
				1057 1053 1049 1058 1043 1061 1054 1059 1064 1062 1065 1060 1066 1063 1067
				1068 1072 1071 1073 1069 1077 1083 1078 1070 1079 1084 1086 1092 1087 1085
				1088 1093 1094 1080 1098 1074 1075 1104 1095 1105 1076 1099 1096 1110 1089
				1111 1097 1106 1090 1116 1081 1117 1091 1112 1100 1082 1118 1107 1122 1113
				1123 1108 1125 1101 1126 1109 1128 1114 1124 1115 1129 1119 1127 1102 1131
				1132 1120 1130 1121 1133 1103 1134 1138 1137 1139 1135 1143 1149 1144 1136
				1145 1150 1152 1158 1153 1151 1154 1159 1160 1146 1164 1140 1141 1170 1161
				1171 1142 1165 1162 1176 1155 1177 1163 1172 1156 1182 1147 1183 1157 1178
				1166 1148 1184 1173 1188 1179 1189 1174 1191 1167 1192 1175 1194 1180 1190
				1181 1195 1185 1193 1168 1197 1198 1186 1196 1187 1199 1169 1200 1204 1203
				1205 1201 1209 1215 1210 1202 1211 1216 1218 1224 1219 1217 1220 1225 1226
				1212 1230 1206 1207 1236 1227 1237 1208 1231 1228 1242 1221 1243 1229 1238
				1222 1248 1213 1249 1223 1244 1232 1214 1250 1239 1254 1245 1255 1240 1257
				1233 1258 1241 1260 1246 1256 1247 1261 1251 1259 1234 1263 1264 1252 1262
				1253 1265 1235 1266 1270 1269 1271 1267 1275 1281 1276 1268 1277 1282 1284
				1290 1285 1283 1286 1291 1292 1278 1296 1272 1273 1302 1293 1303 1274 1297
				1294 1308 1287 1309 1295 1304 1288 1314 1279 1315 1289 1310 1298 1280 1316
				1305 1320 1311 1321 1306 1323 1299 1324 1307 1326 1312 1322 1313 1327 1317
				1325 1300 1329 1330 1318 1328 1319 1331 1301
			}
			Vertices 2664
			{
				-2.24905300 4.03735600 1.50281300 / -0.79709780 0.00000000 -0.60385020 / 255 0 255 255 / 0.00050350 0.99949650
				-2.24905300 4.03735600 1.50281300 / -0.79709780 0.00000000 -0.60385020 / 255 0 255 255 / 0.00050350 0.99949650
				-2.24905300 3.19897500 1.50281300 / -0.79709790 0.00000000 -0.60385020 / 255 0 255 255 / 0.00050350 0.00050350
				-2.23684600 3.21362400 1.48670000 / -0.79709780 0.00000000 -0.60385020 / 255 0 255 255 / 0.00726320 0.01472470
				-2.23684600 3.21362400 1.48670000 / -0.79709780 0.00000000 -0.60385020 / 255 0 255 255 / 0.00726320 0.01472470
				-2.23684600 4.02319400 1.48670000 / -0.79709780 0.00000000 -0.60385020 / 255 0 255 255 / 0.00726320 0.98527530
				0.92770420 4.03735600 1.50281300 / -0.78549170 0.00000000 -0.61887220 / 255 0 255 255 / 0.00050350 0.99949650
				0.92770420 4.03735600 1.50281300 / -0.78549170 0.00000000 -0.61887220 / 255 0 255 255 / 0.00050350 0.99949650
				0.92770420 3.19897500 1.50281300 / -0.78549160 0.00000000 -0.61887230 / 255 0 255 255 / 0.00050350 0.00050350
				0.94039950 3.21362400 1.48670000 / -0.78549170 0.00000000 -0.61887220 / 255 0 255 255 / 0.00726320 0.01472470
				0.94039950 3.21362400 1.48670000 / -0.78549170 0.00000000 -0.61887220 / 255 0 255 255 / 0.00726320 0.01472470
				0.94039950 4.02319400 1.48670000 / -0.78549170 0.00000000 -0.61887220 / 255 0 255 255 / 0.00726320 0.98527530
				0.92770420 1.74682700 1.50281300 / -0.78549160 0.00000000 -0.61887220 / 255 0 255 255 / 0.00050350 0.99949650
				0.92770420 1.74682700 1.50281300 / -0.78549160 0.00000000 -0.61887220 / 255 0 255 255 / 0.00050350 0.99949650
				0.92770420 0.90844820 1.50281300 / -0.78549170 0.00000000 -0.61887230 / 255 0 255 255 / 0.00050350 0.00050350
				0.94039950 0.92309700 1.48670000 / -0.78549160 0.00000000 -0.61887220 / 255 0 255 255 / 0.00726320 0.01472470
				0.94039950 0.92309700 1.48670000 / -0.78549160 0.00000000 -0.61887220 / 255 0 255 255 / 0.00726320 0.01472470
				0.94039950 1.73266700 1.48670000 / -0.78549160 0.00000000 -0.61887220 / 255 0 255 255 / 0.00726320 0.98527530
				-2.24905300 1.74682700 1.50281300 / -0.79709780 0.00000000 -0.60385020 / 255 0 255 255 / 0.00050350 0.99949650
				-2.24905300 1.74682700 1.50281300 / -0.79709780 0.00000000 -0.60385020 / 255 0 255 255 / 0.00050350 0.99949650
				-2.24905300 0.90844820 1.50281300 / -0.79709790 0.00000000 -0.60385020 / 255 0 255 255 / 0.00050350 0.00050350
				-2.23684600 0.92309700 1.48670000 / -0.79709780 0.00000000 -0.60385020 / 255 0 255 255 / 0.00726320 0.01472470
				-2.23684600 0.92309700 1.48670000 / -0.79709780 0.00000000 -0.60385020 / 255 0 255 255 / 0.00726320 0.01472470
				-2.23684600 1.73266700 1.48670000 / -0.79709790 0.00000000 -0.60385020 / 255 0 255 255 / 0.00726320 0.98527530
				3.97457900 3.24438600 1.49060600 / 0.00000000 0.27958760 -0.96012020 / 255 0 255 255 / 0.57629390 0.05448910
				3.97457900 3.24438600 1.49060600 / 0.00000000 0.27958760 -0.96012020 / 255 0 255 255 / 0.57629390 0.05448910
				3.97457900 3.24438600 1.49060600 / 0.00000000 0.27958760 -0.96012020 / 255 0 255 255 / 0.57629390 0.05448910
				3.97457900 3.25512800 1.49744200 / 0.00000000 0.53687550 -0.84366150 / 255 0 255 255 / 0.57156370 0.05125430
				3.25924700 3.25512800 1.49744200 / 0.00000000 0.53687550 -0.84366150 / 255 0 255 255 / 0.46975710 0.04150390
				3.25924700 3.25512800 1.49744200 / 0.00000000 0.53687550 -0.84366150 / 255 0 255 255 / 0.46975710 0.04150390
				3.25924700 3.25512800 1.49744200 / 0.00000000 0.53687550 -0.84366150 / 255 0 255 255 / 0.46975710 0.04150390
				3.25924700 3.24438600 1.49060600 / 0.00000000 0.27958790 -0.96012000 / 255 0 255 255 / 0.24781800 0.13432310
				3.25924700 3.24438600 1.49060600 / 0.00000000 0.27958790 -0.96012000 / 255 0 255 255 / 0.24781800 0.13432310
				3.25924700 3.24438600 1.49060600 / 0.00000000 0.27958790 -0.96012000 / 255 0 255 255 / 0.24781800 0.13432310
				3.25924700 3.24438600 1.49060600 / 0.00000000 0.27958790 -0.96012000 / 255 0 255 255 / 0.24781800 0.13432310
				3.25924700 3.24438600 1.49060600 / 0.00000000 0.27958790 -0.96012000 / 255 0 255 255 / 0.24781800 0.13432310
				3.25924700 3.24438600 1.49060600 / 0.00000000 0.27958790 -0.96012000 / 255 0 255 255 / 0.24781800 0.13432310
				3.97457900 3.21362400 1.49060600 / 0.00000000 -0.21658360 -0.97626410 / 255 0 255 255 / 0.55686950 0.01419070
				3.97457900 3.21362400 1.49060600 / 0.00000000 -0.21658360 -0.97626410 / 255 0 255 255 / 0.55686950 0.01419070
				3.97457900 3.21362400 1.49060600 / 0.00000000 -0.21658360 -0.97626410 / 255 0 255 255 / 0.55686950 0.01419070
				0.08102450 3.25512800 1.49744200 / 0.00000000 0.53687540 -0.84366150 / 255 0 255 255 / 0.01725770 -0.00183110
				0.08102450 3.25512800 1.49744200 / 0.00000000 0.53687540 -0.84366150 / 255 0 255 255 / 0.01725770 -0.00183110
				0.08102450 3.25512800 1.49744200 / 0.00000000 0.53687540 -0.84366150 / 255 0 255 255 / 0.01725770 -0.00183110
				3.25924700 3.21362400 1.49060600 / -0.00015460 -0.22965850 -0.97327130 / 255 0 255 255 / 0.18470760 0.01423650
				3.25924700 3.21362400 1.49060600 / -0.00015460 -0.22965850 -0.97327130 / 255 0 255 255 / 0.18470760 0.01423650
				3.25924700 3.21362400 1.49060600 / -0.00015460 -0.22965850 -0.97327130 / 255 0 255 255 / 0.18470760 0.01423650
				3.25924700 3.21362400 1.49060600 / -0.00015460 -0.22965850 -0.97327130 / 255 0 255 255 / 0.18470760 0.01423650
				3.25924700 3.21362400 1.49060600 / -0.00015460 -0.22965850 -0.97327130 / 255 0 255 255 / 0.18470760 0.01423650
				3.25924700 3.21362400 1.49060600 / -0.00015460 -0.22965850 -0.97327130 / 255 0 255 255 / 0.18470760 0.01423650
				3.97457900 3.19897500 1.49744200 / -0.00000890 -0.42324220 -0.90601660 / 255 0 255 255 / 0.57925410 0.00959780
				3.97457900 3.19897500 1.49744200 / -0.00000890 -0.42324220 -0.90601660 / 255 0 255 255 / 0.57925410 0.00959780
				3.25924700 3.19897500 1.49793000 / -0.00030630 -0.44740940 -0.89432920 / 255 0 255 255 / 0.12625120 0.00273130
				3.25924700 3.19897500 1.49793000 / -0.00030630 -0.44740940 -0.89432920 / 255 0 255 255 / 0.12625120 0.00273130
				3.25924700 3.19897500 1.49793000 / -0.00030630 -0.44740940 -0.89432920 / 255 0 255 255 / 0.12625120 0.00273130
				0.08102450 3.24438600 1.49060600 / 0.00000000 0.27958830 -0.96012010 / 255 0 255 255 / -1.21217300 0.48916630
				0.08102450 3.24438600 1.49060600 / 0.00000000 0.27958830 -0.96012010 / 255 0 255 255 / -1.21217300 0.48916630
				0.08102450 3.24438600 1.49060600 / 0.00000000 0.27958830 -0.96012010 / 255 0 255 255 / -1.21217300 0.48916630
				0.08102450 3.24438600 1.49060600 / 0.00000000 0.27958830 -0.96012010 / 255 0 255 255 / -1.21217300 0.48916630
				0.08102450 3.24438600 1.49060600 / 0.00000000 0.27958830 -0.96012010 / 255 0 255 255 / -1.21217300 0.48916630
				0.08102450 3.24438600 1.49060600 / 0.00000000 0.27958830 -0.96012010 / 255 0 255 255 / -1.21217300 0.48916630
				-2.94680700 3.25512800 1.49744200 / 0.00000000 0.53687550 -0.84366150 / 255 0 255 255 / -0.41383360 -0.04310610
				-2.94680700 3.25512800 1.49744200 / 0.00000000 0.53687550 -0.84366150 / 255 0 255 255 / -0.41383360 -0.04310610
				-2.94680700 3.25512800 1.49744200 / 0.00000000 0.53687550 -0.84366150 / 255 0 255 255 / -0.41383360 -0.04310610
				0.08102450 3.21362400 1.49060600 / -0.00016640 -0.28968700 -0.95712140 / 255 0 255 255 / -1.46937600 0.01446530
				0.08102450 3.21362400 1.49060600 / -0.00016640 -0.28968700 -0.95712140 / 255 0 255 255 / -1.46937600 0.01446530
				0.08102450 3.21362400 1.49060600 / -0.00016640 -0.28968700 -0.95712140 / 255 0 255 255 / -1.46937600 0.01446530
				0.08102450 3.21362400 1.49060600 / -0.00016640 -0.28968700 -0.95712140 / 255 0 255 255 / -1.46937600 0.01446530
				0.08102450 3.21362400 1.49060600 / -0.00016640 -0.28968700 -0.95712140 / 255 0 255 255 / -1.46937600 0.01446530
				0.08102450 3.21362400 1.49060600 / -0.00016640 -0.28968700 -0.95712140 / 255 0 255 255 / -1.46937600 0.01446530
				0.08102450 3.19897500 1.50037100 / -0.00032050 -0.55484210 -0.83195560 / 255 0 255 255 / -1.88719200 -0.02777100
				0.08102450 3.19897500 1.50037100 / -0.00032050 -0.55484210 -0.83195560 / 255 0 255 255 / -1.88719200 -0.02777100
				0.08102450 3.19897500 1.50037100 / -0.00032050 -0.55484210 -0.83195560 / 255 0 255 255 / -1.88719200 -0.02777100
				-2.94680700 3.24438600 1.49060600 / 0.00000000 0.27958780 -0.96012010 / 255 0 255 255 / -2.60307300 0.82722470
				-2.94680700 3.24438600 1.49060600 / 0.00000000 0.27958780 -0.96012010 / 255 0 255 255 / -2.60307300 0.82722470
				-2.94680700 3.24438600 1.49060600 / 0.00000000 0.27958780 -0.96012010 / 255 0 255 255 / -2.60307300 0.82722470
				-2.94680700 3.24438600 1.49060600 / 0.00000000 0.27958780 -0.96012010 / 255 0 255 255 / -2.60307300 0.82722470
				-2.94680700 3.24438600 1.49060600 / 0.00000000 0.27958780 -0.96012010 / 255 0 255 255 / -2.60307300 0.82722470
				-2.94680700 3.24438600 1.49060600 / 0.00000000 0.27958780 -0.96012010 / 255 0 255 255 / -2.60307300 0.82722470
				-3.81253000 3.25512800 1.49744200 / 0.00000000 0.53687550 -0.84366150 / 255 0 255 255 / -0.53704830 -0.05490110
				-3.81253000 3.25512800 1.49744200 / 0.00000000 0.53687550 -0.84366150 / 255 0 255 255 / -0.53704830 -0.05490110
				-3.81253000 3.24438600 1.49060600 / 0.00000000 0.27958770 -0.96012010 / 255 0 255 255 / -3.00064100 0.92385870
				-3.81253000 3.24438600 1.49060600 / 0.00000000 0.27958770 -0.96012010 / 255 0 255 255 / -3.00064100 0.92385870
				-3.81253000 3.24438600 1.49060600 / 0.00000000 0.27958770 -0.96012010 / 255 0 255 255 / -3.00064100 0.92385870
				-2.94680700 3.21362400 1.49060600 / -0.00013300 -0.33093110 -0.94365500 / 255 0 255 255 / -3.04521200 0.01467900
				-2.94680700 3.21362400 1.49060600 / -0.00013300 -0.33093110 -0.94365500 / 255 0 255 255 / -3.04521200 0.01467900
				-2.94680700 3.21362400 1.49060600 / -0.00013300 -0.33093110 -0.94365500 / 255 0 255 255 / -3.04521200 0.01467900
				-2.94680700 3.21362400 1.49060600 / -0.00013300 -0.33093110 -0.94365500 / 255 0 255 255 / -3.04521200 0.01467900
				-2.94680700 3.21362400 1.49060600 / -0.00013300 -0.33093110 -0.94365500 / 255 0 255 255 / -3.04521200 0.01467900
				-2.94680700 3.21362400 1.49060600 / -0.00013300 -0.33093110 -0.94365500 / 255 0 255 255 / -3.04521200 0.01467900
				-2.94680700 3.19897500 1.50232500 / -0.00025480 -0.62480450 -0.78078130 / 255 0 255 255 / -3.80535900 -0.05683900
				-2.94680700 3.19897500 1.50232500 / -0.00025480 -0.62480450 -0.78078130 / 255 0 255 255 / -3.80535900 -0.05683900
				-2.94680700 3.19897500 1.50232500 / -0.00025480 -0.62480450 -0.78078130 / 255 0 255 255 / -3.80535900 -0.05683900
				-3.81253000 3.21362400 1.49060600 / -0.00022720 -0.34029600 -0.94031830 / 255 0 255 255 / -3.49563600 0.01475520
				-3.81253000 3.21362400 1.49060600 / -0.00022720 -0.34029600 -0.94031830 / 255 0 255 255 / -3.49563600 0.01475520
				-3.81253000 3.21362400 1.49060600 / -0.00022720 -0.34029600 -0.94031830 / 255 0 255 255 / -3.49563600 0.01475520
				-3.81253000 3.19897500 1.50281300 / -0.00043330 -0.64018430 -0.76822140 / 255 0 255 255 / -4.35363800 -0.06513980
				3.97457900 4.02173000 1.49060600 / 0.00000000 0.27959730 -0.96011730 / 255 0 255 255 / 0.57629390 0.05448910
				3.97457900 4.02173000 1.49060600 / 0.00000000 0.27959730 -0.96011730 / 255 0 255 255 / 0.57629390 0.05448910
				3.97457900 4.02173000 1.49060600 / 0.00000000 0.27959730 -0.96011730 / 255 0 255 255 / 0.57629390 0.05448910
				3.97457900 4.03247200 1.49744200 / 0.00000000 0.53689250 -0.84365080 / 255 0 255 255 / 0.57156370 0.05125430
				3.25924700 4.03247200 1.49744200 / 0.00000000 0.53689240 -0.84365080 / 255 0 255 255 / 0.46975710 0.04150390
				3.25924700 4.03247200 1.49744200 / 0.00000000 0.53689240 -0.84365080 / 255 0 255 255 / 0.46975710 0.04150390
				3.25924700 4.03247200 1.49744200 / 0.00000000 0.53689240 -0.84365080 / 255 0 255 255 / 0.46975710 0.04150390
				3.25924700 4.02173000 1.49060600 / 0.00000000 0.27959760 -0.96011720 / 255 0 255 255 / 0.24781800 0.13432310
				3.25924700 4.02173000 1.49060600 / 0.00000000 0.27959760 -0.96011720 / 255 0 255 255 / 0.24781800 0.13432310
				3.25924700 4.02173000 1.49060600 / 0.00000000 0.27959760 -0.96011720 / 255 0 255 255 / 0.24781800 0.13432310
				3.25924700 4.02173000 1.49060600 / 0.00000000 0.27959760 -0.96011720 / 255 0 255 255 / 0.24781800 0.13432310
				3.25924700 4.02173000 1.49060600 / 0.00000000 0.27959760 -0.96011720 / 255 0 255 255 / 0.24781800 0.13432310
				3.25924700 4.02173000 1.49060600 / 0.00000000 0.27959760 -0.96011720 / 255 0 255 255 / 0.24781800 0.13432310
				3.97457900 3.99096800 1.49060600 / 0.00000000 -0.21657760 -0.97626550 / 255 0 255 255 / 0.55686950 0.01419070
				3.97457900 3.99096800 1.49060600 / 0.00000000 -0.21657760 -0.97626550 / 255 0 255 255 / 0.55686950 0.01419070
				3.97457900 3.99096800 1.49060600 / 0.00000000 -0.21657760 -0.97626550 / 255 0 255 255 / 0.55686950 0.01419070
				0.08102450 4.03247200 1.49744200 / 0.00000000 0.53689240 -0.84365070 / 255 0 255 255 / 0.01725770 -0.00183110
				0.08102450 4.03247200 1.49744200 / 0.00000000 0.53689240 -0.84365070 / 255 0 255 255 / 0.01725770 -0.00183110
				0.08102450 4.03247200 1.49744200 / 0.00000000 0.53689240 -0.84365070 / 255 0 255 255 / 0.01725770 -0.00183110
				3.25924700 3.99096800 1.49060600 / -0.00015460 -0.22965220 -0.97327280 / 255 0 255 255 / 0.18470760 0.01423650
				3.25924700 3.99096800 1.49060600 / -0.00015460 -0.22965220 -0.97327280 / 255 0 255 255 / 0.18470760 0.01423650
				3.25924700 3.99096800 1.49060600 / -0.00015460 -0.22965220 -0.97327280 / 255 0 255 255 / 0.18470760 0.01423650
				3.25924700 3.99096800 1.49060600 / -0.00015460 -0.22965220 -0.97327280 / 255 0 255 255 / 0.18470760 0.01423650
				3.25924700 3.99096800 1.49060600 / -0.00015460 -0.22965220 -0.97327280 / 255 0 255 255 / 0.18470760 0.01423650
				3.25924700 3.99096800 1.49060600 / -0.00015460 -0.22965220 -0.97327280 / 255 0 255 255 / 0.18470760 0.01423650
				3.97457900 3.97631900 1.49744200 / -0.00000890 -0.42323090 -0.90602200 / 255 0 255 255 / 0.57925410 0.00959780
				3.97457900 3.97631900 1.49744200 / -0.00000890 -0.42323090 -0.90602200 / 255 0 255 255 / 0.57925410 0.00959780
				3.25924700 3.97631900 1.49793000 / -0.00030630 -0.44739780 -0.89433500 / 255 0 255 255 / 0.12625120 0.00273130
				3.25924700 3.97631900 1.49793000 / -0.00030630 -0.44739780 -0.89433500 / 255 0 255 255 / 0.12625120 0.00273130
				3.25924700 3.97631900 1.49793000 / -0.00030630 -0.44739780 -0.89433500 / 255 0 255 255 / 0.12625120 0.00273130
				0.08102450 4.02173000 1.49060600 / 0.00000000 0.27959790 -0.96011720 / 255 0 255 255 / -1.21217300 0.48916630
				0.08102450 4.02173000 1.49060600 / 0.00000000 0.27959790 -0.96011720 / 255 0 255 255 / -1.21217300 0.48916630
				0.08102450 4.02173000 1.49060600 / 0.00000000 0.27959790 -0.96011720 / 255 0 255 255 / -1.21217300 0.48916630
				0.08102450 4.02173000 1.49060600 / 0.00000000 0.27959790 -0.96011720 / 255 0 255 255 / -1.21217300 0.48916630
				0.08102450 4.02173000 1.49060600 / 0.00000000 0.27959790 -0.96011720 / 255 0 255 255 / -1.21217300 0.48916630
				0.08102450 4.02173000 1.49060600 / 0.00000000 0.27959790 -0.96011720 / 255 0 255 255 / -1.21217300 0.48916630
				-2.94680700 4.03247200 1.49744200 / 0.00000000 0.53689250 -0.84365070 / 255 0 255 255 / -0.41383360 -0.04310610
				-2.94680700 4.03247200 1.49744200 / 0.00000000 0.53689250 -0.84365070 / 255 0 255 255 / -0.41383360 -0.04310610
				-2.94680700 4.03247200 1.49744200 / 0.00000000 0.53689250 -0.84365070 / 255 0 255 255 / -0.41383360 -0.04310610
				0.08102450 3.99096800 1.49060600 / -0.00016640 -0.28967990 -0.95712360 / 255 0 255 255 / -1.46937600 0.01446530
				0.08102450 3.99096800 1.49060600 / -0.00016640 -0.28967990 -0.95712360 / 255 0 255 255 / -1.46937600 0.01446530
				0.08102450 3.99096800 1.49060600 / -0.00016640 -0.28967990 -0.95712360 / 255 0 255 255 / -1.46937600 0.01446530
				0.08102450 3.99096800 1.49060600 / -0.00016640 -0.28967990 -0.95712360 / 255 0 255 255 / -1.46937600 0.01446530
				0.08102450 3.99096800 1.49060600 / -0.00016640 -0.28967990 -0.95712360 / 255 0 255 255 / -1.46937600 0.01446530
				0.08102450 3.99096800 1.49060600 / -0.00016640 -0.28967990 -0.95712360 / 255 0 255 255 / -1.46937600 0.01446530
				0.08102450 3.97631900 1.50037100 / -0.00032050 -0.55482950 -0.83196400 / 255 0 255 255 / -1.88719200 -0.02777100
				0.08102450 3.97631900 1.50037100 / -0.00032050 -0.55482950 -0.83196400 / 255 0 255 255 / -1.88719200 -0.02777100
				0.08102450 3.97631900 1.50037100 / -0.00032050 -0.55482950 -0.83196400 / 255 0 255 255 / -1.88719200 -0.02777100
				-2.94680700 4.02173000 1.49060600 / 0.00000000 0.27959750 -0.96011730 / 255 0 255 255 / -2.60307300 0.82722470
				-2.94680700 4.02173000 1.49060600 / 0.00000000 0.27959750 -0.96011730 / 255 0 255 255 / -2.60307300 0.82722470
				-2.94680700 4.02173000 1.49060600 / 0.00000000 0.27959750 -0.96011730 / 255 0 255 255 / -2.60307300 0.82722470
				-2.94680700 4.02173000 1.49060600 / 0.00000000 0.27959750 -0.96011730 / 255 0 255 255 / -2.60307300 0.82722470
				-2.94680700 4.02173000 1.49060600 / 0.00000000 0.27959750 -0.96011730 / 255 0 255 255 / -2.60307300 0.82722470
				-2.94680700 4.02173000 1.49060600 / 0.00000000 0.27959750 -0.96011730 / 255 0 255 255 / -2.60307300 0.82722470
				-3.81253000 4.03247200 1.49744200 / 0.00000000 0.53689250 -0.84365070 / 255 0 255 255 / -0.53704830 -0.05490110
				-3.81253000 4.03247200 1.49744200 / 0.00000000 0.53689250 -0.84365070 / 255 0 255 255 / -0.53704830 -0.05490110
				-3.81253000 4.02173000 1.49060600 / 0.00000000 0.27959750 -0.96011740 / 255 0 255 255 / -3.00064100 0.92385870
				-3.81253000 4.02173000 1.49060600 / 0.00000000 0.27959750 -0.96011740 / 255 0 255 255 / -3.00064100 0.92385870
				-3.81253000 4.02173000 1.49060600 / 0.00000000 0.27959750 -0.96011740 / 255 0 255 255 / -3.00064100 0.92385870
				-2.94680700 3.99096800 1.49060600 / -0.00013300 -0.33092360 -0.94365750 / 255 0 255 255 / -3.04521200 0.01467900
				-2.94680700 3.99096800 1.49060600 / -0.00013300 -0.33092360 -0.94365750 / 255 0 255 255 / -3.04521200 0.01467900
				-2.94680700 3.99096800 1.49060600 / -0.00013300 -0.33092360 -0.94365750 / 255 0 255 255 / -3.04521200 0.01467900
				-2.94680700 3.99096800 1.49060600 / -0.00013300 -0.33092360 -0.94365750 / 255 0 255 255 / -3.04521200 0.01467900
				-2.94680700 3.99096800 1.49060600 / -0.00013300 -0.33092360 -0.94365750 / 255 0 255 255 / -3.04521200 0.01467900
				-2.94680700 3.99096800 1.49060600 / -0.00013300 -0.33092360 -0.94365750 / 255 0 255 255 / -3.04521200 0.01467900
				-2.94680700 3.97631900 1.50232500 / -0.00025480 -0.62479200 -0.78079110 / 255 0 255 255 / -3.80535900 -0.05683900
				-2.94680700 3.97631900 1.50232500 / -0.00025480 -0.62479200 -0.78079110 / 255 0 255 255 / -3.80535900 -0.05683900
				-2.94680700 3.97631900 1.50232500 / -0.00025480 -0.62479200 -0.78079110 / 255 0 255 255 / -3.80535900 -0.05683900
				-3.81253000 3.99096800 1.49060600 / -0.00022720 -0.34028850 -0.94032100 / 255 0 255 255 / -3.49563600 0.01475520
				-3.81253000 3.99096800 1.49060600 / -0.00022720 -0.34028850 -0.94032100 / 255 0 255 255 / -3.49563600 0.01475520
				-3.81253000 3.99096800 1.49060600 / -0.00022720 -0.34028850 -0.94032100 / 255 0 255 255 / -3.49563600 0.01475520
				-3.81253000 3.97631900 1.50281300 / -0.00043330 -0.64017210 -0.76823150 / 255 0 255 255 / -4.35363800 -0.06513980
				3.97457900 0.95434710 1.49060600 / 0.00000000 0.27958760 -0.96012020 / 255 0 255 255 / 0.57629390 0.05448910
				3.97457900 0.95434710 1.49060600 / 0.00000000 0.27958760 -0.96012020 / 255 0 255 255 / 0.57629390 0.05448910
				3.97457900 0.95434710 1.49060600 / 0.00000000 0.27958760 -0.96012020 / 255 0 255 255 / 0.57629390 0.05448910
				3.97457900 0.96508930 1.49744200 / 0.00000000 0.53687550 -0.84366150 / 255 0 255 255 / 0.57156370 0.05125430
				3.25924700 0.96508930 1.49744200 / 0.00000000 0.53687550 -0.84366150 / 255 0 255 255 / 0.46975710 0.04150390
				3.25924700 0.96508930 1.49744200 / 0.00000000 0.53687550 -0.84366150 / 255 0 255 255 / 0.46975710 0.04150390
				3.25924700 0.96508930 1.49744200 / 0.00000000 0.53687550 -0.84366150 / 255 0 255 255 / 0.46975710 0.04150390
				3.25924700 0.95434710 1.49060600 / 0.00000000 0.27958790 -0.96012000 / 255 0 255 255 / 0.24781800 0.13432310
				3.25924700 0.95434710 1.49060600 / 0.00000000 0.27958790 -0.96012000 / 255 0 255 255 / 0.24781800 0.13432310
				3.25924700 0.95434710 1.49060600 / 0.00000000 0.27958790 -0.96012000 / 255 0 255 255 / 0.24781800 0.13432310
				3.25924700 0.95434710 1.49060600 / 0.00000000 0.27958790 -0.96012000 / 255 0 255 255 / 0.24781800 0.13432310
				3.25924700 0.95434710 1.49060600 / 0.00000000 0.27958790 -0.96012000 / 255 0 255 255 / 0.24781800 0.13432310
				3.25924700 0.95434710 1.49060600 / 0.00000000 0.27958790 -0.96012000 / 255 0 255 255 / 0.24781800 0.13432310
				3.97457900 0.92358520 1.49060600 / 0.00000000 -0.21658970 -0.97626270 / 255 0 255 255 / 0.55686950 0.01419070
				3.97457900 0.92358520 1.49060600 / 0.00000000 -0.21658970 -0.97626270 / 255 0 255 255 / 0.55686950 0.01419070
				3.97457900 0.92358520 1.49060600 / 0.00000000 -0.21658970 -0.97626270 / 255 0 255 255 / 0.55686950 0.01419070
				0.08102450 0.96508930 1.49744200 / 0.00000000 0.53687540 -0.84366150 / 255 0 255 255 / 0.01725770 -0.00183110
				0.08102450 0.96508930 1.49744200 / 0.00000000 0.53687540 -0.84366150 / 255 0 255 255 / 0.01725770 -0.00183110
				0.08102450 0.96508930 1.49744200 / 0.00000000 0.53687540 -0.84366150 / 255 0 255 255 / 0.01725770 -0.00183110
				3.25924700 0.92358520 1.49060600 / -0.00015460 -0.22966490 -0.97326980 / 255 0 255 255 / 0.18470760 0.01423650
				3.25924700 0.92358520 1.49060600 / -0.00015460 -0.22966490 -0.97326980 / 255 0 255 255 / 0.18470760 0.01423650
				3.25924700 0.92358520 1.49060600 / -0.00015460 -0.22966490 -0.97326980 / 255 0 255 255 / 0.18470760 0.01423650
				3.25924700 0.92358520 1.49060600 / -0.00015460 -0.22966490 -0.97326980 / 255 0 255 255 / 0.18470760 0.01423650
				3.25924700 0.92358520 1.49060600 / -0.00015460 -0.22966490 -0.97326980 / 255 0 255 255 / 0.18470760 0.01423650
				3.25924700 0.92358520 1.49060600 / -0.00015460 -0.22966490 -0.97326980 / 255 0 255 255 / 0.18470760 0.01423650
				3.97457900 0.90893720 1.49744200 / -0.00000890 -0.42325350 -0.90601130 / 255 0 255 255 / 0.57925410 0.00959780
				3.97457900 0.90893720 1.49744200 / -0.00000890 -0.42325350 -0.90601130 / 255 0 255 255 / 0.57925410 0.00959780
				3.25924700 0.90893720 1.49793000 / -0.00030630 -0.44742110 -0.89432340 / 255 0 255 255 / 0.12625120 0.00273130
				3.25924700 0.90893720 1.49793000 / -0.00030630 -0.44742110 -0.89432340 / 255 0 255 255 / 0.12625120 0.00273130
				3.25924700 0.90893720 1.49793000 / -0.00030630 -0.44742110 -0.89432340 / 255 0 255 255 / 0.12625120 0.00273130
				0.08102450 0.95434710 1.49060600 / 0.00000000 0.27958830 -0.96012010 / 255 0 255 255 / -1.21217300 0.48916630
				0.08102450 0.95434710 1.49060600 / 0.00000000 0.27958830 -0.96012010 / 255 0 255 255 / -1.21217300 0.48916630
				0.08102450 0.95434710 1.49060600 / 0.00000000 0.27958830 -0.96012010 / 255 0 255 255 / -1.21217300 0.48916630
				0.08102450 0.95434710 1.49060600 / 0.00000000 0.27958830 -0.96012010 / 255 0 255 255 / -1.21217300 0.48916630
				0.08102450 0.95434710 1.49060600 / 0.00000000 0.27958830 -0.96012010 / 255 0 255 255 / -1.21217300 0.48916630
				0.08102450 0.95434710 1.49060600 / 0.00000000 0.27958830 -0.96012010 / 255 0 255 255 / -1.21217300 0.48916630
				-2.94680700 0.96508930 1.49744200 / 0.00000000 0.53687550 -0.84366150 / 255 0 255 255 / -0.41383360 -0.04310610
				-2.94680700 0.96508930 1.49744200 / 0.00000000 0.53687550 -0.84366150 / 255 0 255 255 / -0.41383360 -0.04310610
				-2.94680700 0.96508930 1.49744200 / 0.00000000 0.53687550 -0.84366150 / 255 0 255 255 / -0.41383360 -0.04310610
				0.08102450 0.92358520 1.49060600 / -0.00016640 -0.28969420 -0.95711920 / 255 0 255 255 / -1.46937600 0.01446530
				0.08102450 0.92358520 1.49060600 / -0.00016640 -0.28969420 -0.95711920 / 255 0 255 255 / -1.46937600 0.01446530
				0.08102450 0.92358520 1.49060600 / -0.00016640 -0.28969420 -0.95711920 / 255 0 255 255 / -1.46937600 0.01446530
				0.08102450 0.92358520 1.49060600 / -0.00016640 -0.28969420 -0.95711920 / 255 0 255 255 / -1.46937600 0.01446530
				0.08102450 0.92358520 1.49060600 / -0.00016640 -0.28969420 -0.95711920 / 255 0 255 255 / -1.46937600 0.01446530
				0.08102450 0.92358520 1.49060600 / -0.00016640 -0.28969420 -0.95711920 / 255 0 255 255 / -1.46937600 0.01446530
				0.08102450 0.90893720 1.50037100 / -0.00032050 -0.55485460 -0.83194730 / 255 0 255 255 / -1.88719200 -0.02777100
				0.08102450 0.90893720 1.50037100 / -0.00032050 -0.55485460 -0.83194730 / 255 0 255 255 / -1.88719200 -0.02777100
				0.08102450 0.90893720 1.50037100 / -0.00032050 -0.55485460 -0.83194730 / 255 0 255 255 / -1.88719200 -0.02777100
				-2.94680700 0.95434710 1.49060600 / 0.00000000 0.27958780 -0.96012010 / 255 0 255 255 / -2.60307300 0.82722470
				-2.94680700 0.95434710 1.49060600 / 0.00000000 0.27958780 -0.96012010 / 255 0 255 255 / -2.60307300 0.82722470
				-2.94680700 0.95434710 1.49060600 / 0.00000000 0.27958780 -0.96012010 / 255 0 255 255 / -2.60307300 0.82722470
				-2.94680700 0.95434710 1.49060600 / 0.00000000 0.27958780 -0.96012010 / 255 0 255 255 / -2.60307300 0.82722470
				-2.94680700 0.95434710 1.49060600 / 0.00000000 0.27958780 -0.96012010 / 255 0 255 255 / -2.60307300 0.82722470
				-2.94680700 0.95434710 1.49060600 / 0.00000000 0.27958780 -0.96012010 / 255 0 255 255 / -2.60307300 0.82722470
				-3.81253000 0.96508930 1.49744200 / 0.00000000 0.53687550 -0.84366150 / 255 0 255 255 / -0.53704830 -0.05490110
				-3.81253000 0.96508930 1.49744200 / 0.00000000 0.53687550 -0.84366150 / 255 0 255 255 / -0.53704830 -0.05490110
				-3.81253000 0.95434710 1.49060600 / 0.00000000 0.27958770 -0.96012010 / 255 0 255 255 / -3.00064100 0.92385870
				-3.81253000 0.95434710 1.49060600 / 0.00000000 0.27958770 -0.96012010 / 255 0 255 255 / -3.00064100 0.92385870
				-3.81253000 0.95434710 1.49060600 / 0.00000000 0.27958770 -0.96012010 / 255 0 255 255 / -3.00064100 0.92385870
				-2.94680700 0.92358520 1.49060600 / -0.00013300 -0.33093860 -0.94365220 / 255 0 255 255 / -3.04521200 0.01467900
				-2.94680700 0.92358520 1.49060600 / -0.00013300 -0.33093860 -0.94365220 / 255 0 255 255 / -3.04521200 0.01467900
				-2.94680700 0.92358520 1.49060600 / -0.00013300 -0.33093860 -0.94365220 / 255 0 255 255 / -3.04521200 0.01467900
				-2.94680700 0.92358520 1.49060600 / -0.00013300 -0.33093860 -0.94365220 / 255 0 255 255 / -3.04521200 0.01467900
				-2.94680700 0.92358520 1.49060600 / -0.00013300 -0.33093860 -0.94365220 / 255 0 255 255 / -3.04521200 0.01467900
				-2.94680700 0.92358520 1.49060600 / -0.00013300 -0.33093860 -0.94365220 / 255 0 255 255 / -3.04521200 0.01467900
				-2.94680700 0.90893720 1.50232500 / -0.00025480 -0.62481690 -0.78077130 / 255 0 255 255 / -3.80535900 -0.05683900
				-2.94680700 0.90893720 1.50232500 / -0.00025480 -0.62481690 -0.78077130 / 255 0 255 255 / -3.80535900 -0.05683900
				-2.94680700 0.90893720 1.50232500 / -0.00025480 -0.62481690 -0.78077130 / 255 0 255 255 / -3.80535900 -0.05683900
				-3.81253000 0.92358520 1.49060600 / -0.00022720 -0.34030360 -0.94031560 / 255 0 255 255 / -3.49563600 0.01475520
				-3.81253000 0.92358520 1.49060600 / -0.00022720 -0.34030360 -0.94031560 / 255 0 255 255 / -3.49563600 0.01475520
				-3.81253000 0.92358520 1.49060600 / -0.00022720 -0.34030360 -0.94031560 / 255 0 255 255 / -3.49563600 0.01475520
				-3.81253000 0.90893720 1.50281300 / -0.00043330 -0.64019670 -0.76821100 / 255 0 255 255 / -4.35363800 -0.06513980
				3.97457900 1.73169000 1.49060600 / 0.00000000 0.27958760 -0.96012020 / 255 0 255 255 / 0.57629390 0.05448910
				3.97457900 1.73169000 1.49060600 / 0.00000000 0.27958760 -0.96012020 / 255 0 255 255 / 0.57629390 0.05448910
				3.97457900 1.73169000 1.49060600 / 0.00000000 0.27958760 -0.96012020 / 255 0 255 255 / 0.57629390 0.05448910
				3.97457900 1.74243300 1.49744200 / 0.00000000 0.53687550 -0.84366150 / 255 0 255 255 / 0.57156370 0.05125430
				3.25924700 1.74243300 1.49744200 / 0.00000000 0.53687550 -0.84366150 / 255 0 255 255 / 0.46975710 0.04150390
				3.25924700 1.74243300 1.49744200 / 0.00000000 0.53687550 -0.84366150 / 255 0 255 255 / 0.46975710 0.04150390
				3.25924700 1.74243300 1.49744200 / 0.00000000 0.53687550 -0.84366150 / 255 0 255 255 / 0.46975710 0.04150390
				3.25924700 1.73169000 1.49060600 / 0.00000000 0.27958790 -0.96012000 / 255 0 255 255 / 0.24781800 0.13432310
				3.25924700 1.73169000 1.49060600 / 0.00000000 0.27958790 -0.96012000 / 255 0 255 255 / 0.24781800 0.13432310
				3.25924700 1.73169000 1.49060600 / 0.00000000 0.27958790 -0.96012000 / 255 0 255 255 / 0.24781800 0.13432310
				3.25924700 1.73169000 1.49060600 / 0.00000000 0.27958790 -0.96012000 / 255 0 255 255 / 0.24781800 0.13432310
				3.25924700 1.73169000 1.49060600 / 0.00000000 0.27958790 -0.96012000 / 255 0 255 255 / 0.24781800 0.13432310
				3.25924700 1.73169000 1.49060600 / 0.00000000 0.27958790 -0.96012000 / 255 0 255 255 / 0.24781800 0.13432310
				3.97457900 1.70092900 1.49060600 / 0.00000000 -0.22298930 -0.97482090 / 255 0 255 255 / 0.55686950 0.01419070
				3.97457900 1.70092900 1.49060600 / 0.00000000 -0.22298930 -0.97482090 / 255 0 255 255 / 0.55686950 0.01419070
				3.97457900 1.70092900 1.49060600 / 0.00000000 -0.22298930 -0.97482090 / 255 0 255 255 / 0.55686950 0.01419070
				0.08102450 1.74243300 1.49744200 / 0.00000000 0.53687540 -0.84366150 / 255 0 255 255 / 0.01725770 -0.00183110
				0.08102450 1.74243300 1.49744200 / 0.00000000 0.53687540 -0.84366150 / 255 0 255 255 / 0.01725770 -0.00183110
				0.08102450 1.74243300 1.49744200 / 0.00000000 0.53687540 -0.84366150 / 255 0 255 255 / 0.01725770 -0.00183110
				3.25924700 1.70092900 1.49060600 / -0.00015380 -0.23631960 -0.97167540 / 255 0 255 255 / 0.18470760 0.01423650
				3.25924700 1.70092900 1.49060600 / -0.00015380 -0.23631960 -0.97167540 / 255 0 255 255 / 0.18470760 0.01423650
				3.25924700 1.70092900 1.49060600 / -0.00015380 -0.23631960 -0.97167540 / 255 0 255 255 / 0.18470760 0.01423650
				3.25924700 1.70092900 1.49060600 / -0.00015380 -0.23631960 -0.97167540 / 255 0 255 255 / 0.18470760 0.01423650
				3.25924700 1.70092900 1.49060600 / -0.00015380 -0.23631960 -0.97167540 / 255 0 255 255 / 0.18470760 0.01423650
				3.25924700 1.70092900 1.49060600 / -0.00015380 -0.23631960 -0.97167540 / 255 0 255 255 / 0.18470760 0.01423650
				3.97457900 1.68676900 1.49744200 / -0.00000860 -0.43510140 -0.90038150 / 255 0 255 255 / 0.57925410 0.00959780
				3.97457900 1.68676900 1.49744200 / -0.00000860 -0.43510140 -0.90038150 / 255 0 255 255 / 0.57925410 0.00959780
				3.25924700 1.68676900 1.49793000 / -0.00030420 -0.45961560 -0.88811790 / 255 0 255 255 / 0.12625120 0.00273130
				3.25924700 1.68676900 1.49793000 / -0.00030420 -0.45961560 -0.88811790 / 255 0 255 255 / 0.12625120 0.00273130
				3.25924700 1.68676900 1.49793000 / -0.00030420 -0.45961560 -0.88811790 / 255 0 255 255 / 0.12625120 0.00273130
				0.08102450 1.73169000 1.49060600 / 0.00000000 0.27958830 -0.96012010 / 255 0 255 255 / -1.21217300 0.48916630
				0.08102450 1.73169000 1.49060600 / 0.00000000 0.27958830 -0.96012010 / 255 0 255 255 / -1.21217300 0.48916630
				0.08102450 1.73169000 1.49060600 / 0.00000000 0.27958830 -0.96012010 / 255 0 255 255 / -1.21217300 0.48916630
				0.08102450 1.73169000 1.49060600 / 0.00000000 0.27958830 -0.96012010 / 255 0 255 255 / -1.21217300 0.48916630
				0.08102450 1.73169000 1.49060600 / 0.00000000 0.27958830 -0.96012010 / 255 0 255 255 / -1.21217300 0.48916630
				0.08102450 1.73169000 1.49060600 / 0.00000000 0.27958830 -0.96012010 / 255 0 255 255 / -1.21217300 0.48916630
				-2.94680700 1.74243300 1.49744200 / 0.00000000 0.53687550 -0.84366150 / 255 0 255 255 / -0.41383360 -0.04310610
				-2.94680700 1.74243300 1.49744200 / 0.00000000 0.53687550 -0.84366150 / 255 0 255 255 / -0.41383360 -0.04310610
				-2.94680700 1.74243300 1.49744200 / 0.00000000 0.53687550 -0.84366150 / 255 0 255 255 / -0.41383360 -0.04310610
				0.08102450 1.70092900 1.49060600 / -0.00016500 -0.29721440 -0.95481070 / 255 0 255 255 / -1.46937600 0.01446530
				0.08102450 1.70092900 1.49060600 / -0.00016500 -0.29721440 -0.95481070 / 255 0 255 255 / -1.46937600 0.01446530
				0.08102450 1.70092900 1.49060600 / -0.00016500 -0.29721440 -0.95481070 / 255 0 255 255 / -1.46937600 0.01446530
				0.08102450 1.70092900 1.49060600 / -0.00016500 -0.29721440 -0.95481070 / 255 0 255 255 / -1.46937600 0.01446530
				0.08102450 1.70092900 1.49060600 / -0.00016500 -0.29721440 -0.95481070 / 255 0 255 255 / -1.46937600 0.01446530
				0.08102450 1.70092900 1.49060600 / -0.00016500 -0.29721440 -0.95481070 / 255 0 255 255 / -1.46937600 0.01446530
				0.08102450 1.68676900 1.50037100 / -0.00031710 -0.56787200 -0.82311670 / 255 0 255 255 / -1.88719200 -0.02777100
				0.08102450 1.68676900 1.50037100 / -0.00031710 -0.56787200 -0.82311670 / 255 0 255 255 / -1.88719200 -0.02777100
				0.08102450 1.68676900 1.50037100 / -0.00031710 -0.56787200 -0.82311670 / 255 0 255 255 / -1.88719200 -0.02777100
				-2.94680700 1.73169000 1.49060600 / 0.00000000 0.27958780 -0.96012010 / 255 0 255 255 / -2.60307300 0.82722470
				-2.94680700 1.73169000 1.49060600 / 0.00000000 0.27958780 -0.96012010 / 255 0 255 255 / -2.60307300 0.82722470
				-2.94680700 1.73169000 1.49060600 / 0.00000000 0.27958780 -0.96012010 / 255 0 255 255 / -2.60307300 0.82722470
				-2.94680700 1.73169000 1.49060600 / 0.00000000 0.27958780 -0.96012010 / 255 0 255 255 / -2.60307300 0.82722470
				-2.94680700 1.73169000 1.49060600 / 0.00000000 0.27958780 -0.96012010 / 255 0 255 255 / -2.60307300 0.82722470
				-2.94680700 1.73169000 1.49060600 / 0.00000000 0.27958780 -0.96012010 / 255 0 255 255 / -2.60307300 0.82722470
				-3.81253000 1.74243300 1.49744200 / 0.00000000 0.53687550 -0.84366150 / 255 0 255 255 / -0.53704830 -0.05490110
				-3.81253000 1.74243300 1.49744200 / 0.00000000 0.53687550 -0.84366150 / 255 0 255 255 / -0.53704830 -0.05490110
				-3.81253000 1.73169000 1.49060600 / 0.00000000 0.27958770 -0.96012010 / 255 0 255 255 / -3.00064100 0.92385870
				-3.81253000 1.73169000 1.49060600 / 0.00000000 0.27958770 -0.96012010 / 255 0 255 255 / -3.00064100 0.92385870
				-3.81253000 1.73169000 1.49060600 / 0.00000000 0.27958770 -0.96012010 / 255 0 255 255 / -3.00064100 0.92385870
				-2.94680700 1.70092900 1.49060600 / -0.00013160 -0.33875140 -0.94087590 / 255 0 255 255 / -3.04521200 0.01467900
				-2.94680700 1.70092900 1.49060600 / -0.00013160 -0.33875140 -0.94087590 / 255 0 255 255 / -3.04521200 0.01467900
				-2.94680700 1.70092900 1.49060600 / -0.00013160 -0.33875140 -0.94087590 / 255 0 255 255 / -3.04521200 0.01467900
				-2.94680700 1.70092900 1.49060600 / -0.00013160 -0.33875140 -0.94087590 / 255 0 255 255 / -3.04521200 0.01467900
				-2.94680700 1.70092900 1.49060600 / -0.00013160 -0.33875140 -0.94087590 / 255 0 255 255 / -3.04521200 0.01467900
				-2.94680700 1.70092900 1.49060600 / -0.00013160 -0.33875140 -0.94087590 / 255 0 255 255 / -3.04521200 0.01467900
				-2.94680700 1.68676900 1.50232500 / -0.00025130 -0.63767420 -0.77030620 / 255 0 255 255 / -3.80535900 -0.05683900
				-2.94680700 1.68676900 1.50232500 / -0.00025130 -0.63767420 -0.77030620 / 255 0 255 255 / -3.80535900 -0.05683900
				-2.94680700 1.68676900 1.50232500 / -0.00025130 -0.63767420 -0.77030620 / 255 0 255 255 / -3.80535900 -0.05683900
				-3.81253000 1.70092900 1.49060600 / -0.00022480 -0.34814690 -0.93744000 / 255 0 255 255 / -3.49563600 0.01475520
				-3.81253000 1.70092900 1.49060600 / -0.00022480 -0.34814690 -0.93744000 / 255 0 255 255 / -3.49563600 0.01475520
				-3.81253000 1.70092900 1.49060600 / -0.00022480 -0.34814690 -0.93744000 / 255 0 255 255 / -3.49563600 0.01475520
				-3.81253000 1.68676900 1.50281300 / -0.00042720 -0.65293950 -0.75740990 / 255 0 255 255 / -4.35363800 -0.06513980
				-2.19973800 0.13061620 1.49060600 / 0.26999250 0.00000000 -0.96286250 / 255 0 255 255 / 0.57629390 0.05448910
				-2.19973800 0.13061620 1.49060600 / 0.26999250 0.00000000 -0.96286250 / 255 0 255 255 / 0.57629390 0.05448910
				-2.19973800 0.13061620 1.49060600 / 0.26999250 0.00000000 -0.96286250 / 255 0 255 255 / 0.57629390 0.05448910
				-2.18850700 0.13061620 1.49744200 / 0.51993090 0.00000000 -0.85420840 / 255 0 255 255 / 0.57156370 0.05125430
				-2.18850700 0.54712010 1.49744200 / 0.51993080 0.00000000 -0.85420840 / 255 0 255 255 / 0.47235110 0.04174810
				-2.18850700 0.54712010 1.49744200 / 0.51993080 0.00000000 -0.85420840 / 255 0 255 255 / 0.47235110 0.04174810
				-2.18850700 0.54712010 1.49744200 / 0.51993080 0.00000000 -0.85420840 / 255 0 255 255 / 0.47235110 0.04174810
				-2.19973800 0.54712010 1.49060600 / 0.26999210 0.00000000 -0.96286260 / 255 0 255 255 / 0.25617980 0.13229370
				-2.19973800 0.54712010 1.49060600 / 0.26999210 0.00000000 -0.96286260 / 255 0 255 255 / 0.25617980 0.13229370
				-2.19973800 0.54712010 1.49060600 / 0.26999210 0.00000000 -0.96286260 / 255 0 255 255 / 0.25617980 0.13229370
				-2.19973800 0.54712010 1.49060600 / 0.26999210 0.00000000 -0.96286260 / 255 0 255 255 / 0.25617980 0.13229370
				-2.19973800 0.54712010 1.49060600 / 0.26999210 0.00000000 -0.96286260 / 255 0 255 255 / 0.25617980 0.13229370
				-2.19973800 0.54712010 1.49060600 / 0.26999210 0.00000000 -0.96286260 / 255 0 255 255 / 0.25617980 0.13229370
				-2.23001100 0.13061620 1.49060600 / -0.21657440 0.00000000 -0.97626610 / 255 0 255 255 / 0.55686950 0.01419070
				-2.23001100 0.13061620 1.49060600 / -0.21657440 0.00000000 -0.97626610 / 255 0 255 255 / 0.55686950 0.01419070
				-2.23001100 0.13061620 1.49060600 / -0.21657440 0.00000000 -0.97626610 / 255 0 255 255 / 0.55686950 0.01419070
				-2.18850700 2.10376100 1.49744200 / 0.51993080 0.00000000 -0.85420840 / 255 0 255 255 / 0.10140990 0.00622560
				-2.18850700 2.10376100 1.49744200 / 0.51993080 0.00000000 -0.85420840 / 255 0 255 255 / 0.10140990 0.00622560
				-2.18850700 2.10376100 1.49744200 / 0.51993080 0.00000000 -0.85420840 / 255 0 255 255 / 0.10140990 0.00622560
				-2.23001100 0.54712010 1.49060600 / -0.22958110 0.00026270 -0.97328950 / 255 0 255 255 / 0.19419860 0.01423650
				-2.23001100 0.54712010 1.49060600 / -0.22958110 0.00026270 -0.97328950 / 255 0 255 255 / 0.19419860 0.01423650
				-2.23001100 0.54712010 1.49060600 / -0.22958110 0.00026270 -0.97328950 / 255 0 255 255 / 0.19419860 0.01423650
				-2.23001100 0.54712010 1.49060600 / -0.22958110 0.00026270 -0.97328950 / 255 0 255 255 / 0.19419860 0.01423650
				-2.23001100 0.54712010 1.49060600 / -0.22958110 0.00026270 -0.97328950 / 255 0 255 255 / 0.19419860 0.01423650
				-2.23001100 0.54712010 1.49060600 / -0.22958110 0.00026270 -0.97328950 / 255 0 255 255 / 0.19419860 0.01423650
				-2.24465900 0.13061620 1.49744200 / -0.42348070 0.00002620 -0.90590520 / 255 0 255 255 / 0.57925410 0.00959780
				-2.24465900 0.13061620 1.49744200 / -0.42348070 0.00002620 -0.90590520 / 255 0 255 255 / 0.57925410 0.00959780
				-2.24465900 0.54712010 1.49793000 / -0.44751570 0.00052790 -0.89427580 / 255 0 255 255 / 0.13778690 0.00289920
				-2.24465900 0.54712010 1.49793000 / -0.44751570 0.00052790 -0.89427580 / 255 0 255 255 / 0.13778690 0.00289920
				-2.24465900 0.54712010 1.49793000 / -0.44751570 0.00052790 -0.89427580 / 255 0 255 255 / 0.13778690 0.00289920
				-2.19973800 2.10376100 1.49060600 / 0.26999250 0.00000000 -0.96286260 / 255 0 255 255 / -0.94062810 0.42317200
				-2.19973800 2.10376100 1.49060600 / 0.26999250 0.00000000 -0.96286260 / 255 0 255 255 / -0.94062810 0.42317200
				-2.19973800 2.10376100 1.49060600 / 0.26999250 0.00000000 -0.96286260 / 255 0 255 255 / -0.94062810 0.42317200
				-2.19973800 2.10376100 1.49060600 / 0.26999250 0.00000000 -0.96286260 / 255 0 255 255 / -0.94062810 0.42317200
				-2.19973800 2.10376100 1.49060600 / 0.26999250 0.00000000 -0.96286260 / 255 0 255 255 / -0.94062810 0.42317200
				-2.19973800 2.10376100 1.49060600 / 0.26999250 0.00000000 -0.96286260 / 255 0 255 255 / -0.94062810 0.42317200
				-2.18850700 2.83471800 1.49744200 / 0.51993080 0.00000000 -0.85420840 / 255 0 255 255 / -0.07278440 -0.01045230
				-2.18850700 2.83471800 1.49744200 / 0.51993080 0.00000000 -0.85420840 / 255 0 255 255 / -0.07278440 -0.01045230
				-2.18850700 2.83471800 1.49744200 / 0.51993080 0.00000000 -0.85420840 / 255 0 255 255 / -0.07278440 -0.01045230
				-2.23001100 2.10376100 1.49060600 / -0.27837820 0.00027410 -0.96047150 / 255 0 255 255 / -1.16174300 0.01443480
				-2.23001100 2.10376100 1.49060600 / -0.27837820 0.00027410 -0.96047150 / 255 0 255 255 / -1.16174300 0.01443480
				-2.23001100 2.10376100 1.49060600 / -0.27837820 0.00027410 -0.96047150 / 255 0 255 255 / -1.16174300 0.01443480
				-2.23001100 2.10376100 1.49060600 / -0.27837820 0.00027410 -0.96047150 / 255 0 255 255 / -1.16174300 0.01443480
				-2.23001100 2.10376100 1.49060600 / -0.27837820 0.00027410 -0.96047150 / 255 0 255 255 / -1.16174300 0.01443480
				-2.23001100 2.10376100 1.49060600 / -0.27837820 0.00027410 -0.96047150 / 255 0 255 255 / -1.16174300 0.01443480
				-2.24465900 2.10376100 1.49988300 / -0.53533690 0.00053830 -0.84463850 / 255 0 255 255 / -1.51271100 -0.02209470
				-2.24465900 2.10376100 1.49988300 / -0.53533690 0.00053830 -0.84463850 / 255 0 255 255 / -1.51271100 -0.02209470
				-2.24465900 2.10376100 1.49988300 / -0.53533690 0.00053830 -0.84463850 / 255 0 255 255 / -1.51271100 -0.02209470
				-2.19973800 2.83471800 1.49060600 / 0.26999180 0.00000000 -0.96286260 / 255 0 255 255 / -1.50268600 0.55978390
				-2.19973800 2.83471800 1.49060600 / 0.26999180 0.00000000 -0.96286260 / 255 0 255 255 / -1.50268600 0.55978390
				-2.19973800 2.83471800 1.49060600 / 0.26999180 0.00000000 -0.96286260 / 255 0 255 255 / -1.50268600 0.55978390
				-2.19973800 2.83471800 1.49060600 / 0.26999180 0.00000000 -0.96286260 / 255 0 255 255 / -1.50268600 0.55978390
				-2.19973800 2.83471800 1.49060600 / 0.26999180 0.00000000 -0.96286260 / 255 0 255 255 / -1.50268600 0.55978390
				-2.19973800 2.83471800 1.49060600 / 0.26999180 0.00000000 -0.96286260 / 255 0 255 255 / -1.50268600 0.55978390
				-2.18850700 4.41674900 1.49744200 / 0.51993080 0.00000000 -0.85420840 / 255 0 255 255 / -0.44978330 -0.04655460
				-2.18850700 4.41674900 1.49744200 / 0.51993080 0.00000000 -0.85420840 / 255 0 255 255 / -0.44978330 -0.04655460
				-2.18850700 4.41674900 1.49744200 / 0.51993080 0.00000000 -0.85420840 / 255 0 255 255 / -0.44978330 -0.04655460
				-2.23001100 2.83471800 1.49060600 / -0.30046210 0.00028260 -0.95379380 / 255 0 255 255 / -1.79852300 0.01451110
				-2.23001100 2.83471800 1.49060600 / -0.30046210 0.00028260 -0.95379380 / 255 0 255 255 / -1.79852300 0.01451110
				-2.23001100 2.83471800 1.49060600 / -0.30046210 0.00028260 -0.95379380 / 255 0 255 255 / -1.79852300 0.01451110
				-2.23001100 2.83471800 1.49060600 / -0.30046210 0.00028260 -0.95379380 / 255 0 255 255 / -1.79852300 0.01451110
				-2.23001100 2.83471800 1.49060600 / -0.30046210 0.00028260 -0.95379380 / 255 0 255 255 / -1.79852300 0.01451110
				-2.23001100 2.83471800 1.49060600 / -0.30046210 0.00028260 -0.95379380 / 255 0 255 255 / -1.79852300 0.01451110
				-2.24465900 2.83471800 1.50086000 / -0.57364130 0.00054980 -0.81910640 / 255 0 255 255 / -2.28782700 -0.03384400
				-2.24465900 2.83471800 1.50086000 / -0.57364130 0.00054980 -0.81910640 / 255 0 255 255 / -2.28782700 -0.03384400
				-2.24465900 2.83471800 1.50086000 / -0.57364130 0.00054980 -0.81910640 / 255 0 255 255 / -2.28782700 -0.03384400
				-2.19973800 4.41674900 1.49060600 / 0.26999210 0.00000000 -0.96286250 / 255 0 255 255 / -2.71907000 0.85542300
				-2.19973800 4.41674900 1.49060600 / 0.26999210 0.00000000 -0.96286250 / 255 0 255 255 / -2.71907000 0.85542300
				-2.19973800 4.41674900 1.49060600 / 0.26999210 0.00000000 -0.96286250 / 255 0 255 255 / -2.71907000 0.85542300
				-2.19973800 4.41674900 1.49060600 / 0.26999210 0.00000000 -0.96286250 / 255 0 255 255 / -2.71907000 0.85542300
				-2.19973800 4.41674900 1.49060600 / 0.26999210 0.00000000 -0.96286250 / 255 0 255 255 / -2.71907000 0.85542300
				-2.19973800 4.41674900 1.49060600 / 0.26999210 0.00000000 -0.96286250 / 255 0 255 255 / -2.71907000 0.85542300
				-2.18850700 4.78296000 1.49744200 / 0.51993080 0.00000000 -0.85420840 / 255 0 255 255 / -0.53704830 -0.05490110
				-2.18850700 4.78296000 1.49744200 / 0.51993080 0.00000000 -0.85420840 / 255 0 255 255 / -0.53704830 -0.05490110
				-2.19973800 4.78296000 1.49060600 / 0.26999230 0.00000000 -0.96286240 / 255 0 255 255 / -3.00064100 0.92385870
				-2.19973800 4.78296000 1.49060600 / 0.26999230 0.00000000 -0.96286240 / 255 0 255 255 / -3.00064100 0.92385870
				-2.19973800 4.78296000 1.49060600 / 0.26999230 0.00000000 -0.96286240 / 255 0 255 255 / -3.00064100 0.92385870
				-2.23001100 4.41674900 1.49060600 / -0.33088720 0.00019020 -0.94367030 / 255 0 255 255 / -3.17662000 0.01470950
				-2.23001100 4.41674900 1.49060600 / -0.33088720 0.00019020 -0.94367030 / 255 0 255 255 / -3.17662000 0.01470950
				-2.23001100 4.41674900 1.49060600 / -0.33088720 0.00019020 -0.94367030 / 255 0 255 255 / -3.17662000 0.01470950
				-2.23001100 4.41674900 1.49060600 / -0.33088720 0.00019020 -0.94367030 / 255 0 255 255 / -3.17662000 0.01470950
				-2.23001100 4.41674900 1.49060600 / -0.33088720 0.00019020 -0.94367030 / 255 0 255 255 / -3.17662000 0.01470950
				-2.23001100 4.41674900 1.49060600 / -0.33088720 0.00019020 -0.94367030 / 255 0 255 255 / -3.17662000 0.01470950
				-2.24465900 4.41674900 1.50232500 / -0.62493490 0.00037830 -0.78067670 / 255 0 255 255 / -3.96531700 -0.05924990
				-2.24465900 4.41674900 1.50232500 / -0.62493490 0.00037830 -0.78067670 / 255 0 255 255 / -3.96531700 -0.05924990
				-2.24465900 4.41674900 1.50232500 / -0.62493490 0.00037830 -0.78067670 / 255 0 255 255 / -3.96531700 -0.05924990
				-2.23001100 4.78296000 1.49060600 / -0.34010760 0.00052690 -0.94038640 / 255 0 255 255 / -3.49563600 0.01475520
				-2.23001100 4.78296000 1.49060600 / -0.34010760 0.00052690 -0.94038640 / 255 0 255 255 / -3.49563600 0.01475520
				-2.23001100 4.78296000 1.49060600 / -0.34010760 0.00052690 -0.94038640 / 255 0 255 255 / -3.49563600 0.01475520
				-2.24465900 4.78296000 1.50281300 / -0.64016560 0.00102430 -0.76823620 / 255 0 255 255 / -4.35363800 -0.06513980
				-0.59915130 0.13061620 1.49060600 / 0.27000130 0.00000000 -0.96285990 / 255 0 255 255 / 0.57629390 0.05448910
				-0.59915130 0.13061620 1.49060600 / 0.27000130 0.00000000 -0.96285990 / 255 0 255 255 / 0.57629390 0.05448910
				-0.59915130 0.13061620 1.49060600 / 0.27000130 0.00000000 -0.96285990 / 255 0 255 255 / 0.57629390 0.05448910
				-0.58792080 0.13061620 1.49744200 / 0.51994690 0.00000000 -0.85419850 / 255 0 255 255 / 0.57156370 0.05125430
				-0.58792080 0.54712010 1.49744200 / 0.51994690 0.00000000 -0.85419860 / 255 0 255 255 / 0.47235110 0.04174810
				-0.58792080 0.54712010 1.49744200 / 0.51994690 0.00000000 -0.85419860 / 255 0 255 255 / 0.47235110 0.04174810
				-0.58792080 0.54712010 1.49744200 / 0.51994690 0.00000000 -0.85419860 / 255 0 255 255 / 0.47235110 0.04174810
				-0.59915130 0.54712010 1.49060600 / 0.27000120 0.00000000 -0.96286000 / 255 0 255 255 / 0.25617980 0.13229370
				-0.59915130 0.54712010 1.49060600 / 0.27000120 0.00000000 -0.96286000 / 255 0 255 255 / 0.25617980 0.13229370
				-0.59915130 0.54712010 1.49060600 / 0.27000120 0.00000000 -0.96286000 / 255 0 255 255 / 0.25617980 0.13229370
				-0.59915130 0.54712010 1.49060600 / 0.27000120 0.00000000 -0.96286000 / 255 0 255 255 / 0.25617980 0.13229370
				-0.59915130 0.54712010 1.49060600 / 0.27000120 0.00000000 -0.96286000 / 255 0 255 255 / 0.25617980 0.13229370
				-0.59915130 0.54712010 1.49060600 / 0.27000120 0.00000000 -0.96286000 / 255 0 255 255 / 0.25617980 0.13229370
				-0.62942470 0.13061620 1.49060600 / -0.21658280 0.00000000 -0.97626420 / 255 0 255 255 / 0.55686950 0.01419070
				-0.62942470 0.13061620 1.49060600 / -0.21658280 0.00000000 -0.97626420 / 255 0 255 255 / 0.55686950 0.01419070
				-0.62942470 0.13061620 1.49060600 / -0.21658280 0.00000000 -0.97626420 / 255 0 255 255 / 0.55686950 0.01419070
				-0.58792080 2.10376100 1.49744200 / 0.51994700 0.00000000 -0.85419860 / 255 0 255 255 / 0.10140990 0.00622560
				-0.58792080 2.10376100 1.49744200 / 0.51994700 0.00000000 -0.85419860 / 255 0 255 255 / 0.10140990 0.00622560
				-0.58792080 2.10376100 1.49744200 / 0.51994700 0.00000000 -0.85419860 / 255 0 255 255 / 0.10140990 0.00622560
				-0.62942470 0.54712010 1.49060600 / -0.22958990 0.00026270 -0.97328740 / 255 0 255 255 / 0.19419860 0.01423650
				-0.62942470 0.54712010 1.49060600 / -0.22958990 0.00026270 -0.97328740 / 255 0 255 255 / 0.19419860 0.01423650
				-0.62942470 0.54712010 1.49060600 / -0.22958990 0.00026270 -0.97328740 / 255 0 255 255 / 0.19419860 0.01423650
				-0.62942470 0.54712010 1.49060600 / -0.22958990 0.00026270 -0.97328740 / 255 0 255 255 / 0.19419860 0.01423650
				-0.62942470 0.54712010 1.49060600 / -0.22958990 0.00026270 -0.97328740 / 255 0 255 255 / 0.19419860 0.01423650
				-0.62942470 0.54712010 1.49060600 / -0.22958990 0.00026270 -0.97328740 / 255 0 255 255 / 0.19419860 0.01423650
				-0.64407320 0.13061620 1.49744200 / -0.42349640 0.00002620 -0.90589780 / 255 0 255 255 / 0.57925410 0.00959780
				-0.64407320 0.13061620 1.49744200 / -0.42349640 0.00002620 -0.90589780 / 255 0 255 255 / 0.57925410 0.00959780
				-0.64407320 0.54712010 1.49793000 / -0.44753180 0.00052790 -0.89426790 / 255 0 255 255 / 0.13778690 0.00289920
				-0.64407320 0.54712010 1.49793000 / -0.44753180 0.00052790 -0.89426790 / 255 0 255 255 / 0.13778690 0.00289920
				-0.64407320 0.54712010 1.49793000 / -0.44753180 0.00052790 -0.89426790 / 255 0 255 255 / 0.13778690 0.00289920
				-0.59915130 2.10376100 1.49060600 / 0.27000160 0.00000000 -0.96285980 / 255 0 255 255 / -0.94062810 0.42317200
				-0.59915130 2.10376100 1.49060600 / 0.27000160 0.00000000 -0.96285980 / 255 0 255 255 / -0.94062810 0.42317200
				-0.59915130 2.10376100 1.49060600 / 0.27000160 0.00000000 -0.96285980 / 255 0 255 255 / -0.94062810 0.42317200
				-0.59915130 2.10376100 1.49060600 / 0.27000160 0.00000000 -0.96285980 / 255 0 255 255 / -0.94062810 0.42317200
				-0.59915130 2.10376100 1.49060600 / 0.27000160 0.00000000 -0.96285980 / 255 0 255 255 / -0.94062810 0.42317200
				-0.59915130 2.10376100 1.49060600 / 0.27000160 0.00000000 -0.96285980 / 255 0 255 255 / -0.94062810 0.42317200
				-0.58792080 2.83471800 1.49744200 / 0.51994690 0.00000000 -0.85419860 / 255 0 255 255 / -0.07278440 -0.01045230
				-0.58792080 2.83471800 1.49744200 / 0.51994690 0.00000000 -0.85419860 / 255 0 255 255 / -0.07278440 -0.01045230
				-0.58792080 2.83471800 1.49744200 / 0.51994690 0.00000000 -0.85419860 / 255 0 255 255 / -0.07278440 -0.01045230
				-0.62942470 2.10376100 1.49060600 / -0.27838800 0.00027410 -0.96046870 / 255 0 255 255 / -1.16174300 0.01443480
				-0.62942470 2.10376100 1.49060600 / -0.27838800 0.00027410 -0.96046870 / 255 0 255 255 / -1.16174300 0.01443480
				-0.62942470 2.10376100 1.49060600 / -0.27838800 0.00027410 -0.96046870 / 255 0 255 255 / -1.16174300 0.01443480
				-0.62942470 2.10376100 1.49060600 / -0.27838800 0.00027410 -0.96046870 / 255 0 255 255 / -1.16174300 0.01443480
				-0.62942470 2.10376100 1.49060600 / -0.27838800 0.00027410 -0.96046870 / 255 0 255 255 / -1.16174300 0.01443480
				-0.62942470 2.10376100 1.49060600 / -0.27838800 0.00027410 -0.96046870 / 255 0 255 255 / -1.16174300 0.01443480
				-0.64407320 2.10376100 1.49988300 / -0.53535380 0.00053830 -0.84462770 / 255 0 255 255 / -1.51271100 -0.02209470
				-0.64407320 2.10376100 1.49988300 / -0.53535380 0.00053830 -0.84462770 / 255 0 255 255 / -1.51271100 -0.02209470
				-0.64407320 2.10376100 1.49988300 / -0.53535380 0.00053830 -0.84462770 / 255 0 255 255 / -1.51271100 -0.02209470
				-0.59915130 2.83471800 1.49060600 / 0.27000090 0.00000000 -0.96286000 / 255 0 255 255 / -1.50268600 0.55978390
				-0.59915130 2.83471800 1.49060600 / 0.27000090 0.00000000 -0.96286000 / 255 0 255 255 / -1.50268600 0.55978390
				-0.59915130 2.83471800 1.49060600 / 0.27000090 0.00000000 -0.96286000 / 255 0 255 255 / -1.50268600 0.55978390
				-0.59915130 2.83471800 1.49060600 / 0.27000090 0.00000000 -0.96286000 / 255 0 255 255 / -1.50268600 0.55978390
				-0.59915130 2.83471800 1.49060600 / 0.27000090 0.00000000 -0.96286000 / 255 0 255 255 / -1.50268600 0.55978390
				-0.59915130 2.83471800 1.49060600 / 0.27000090 0.00000000 -0.96286000 / 255 0 255 255 / -1.50268600 0.55978390
				-0.58792080 4.41674900 1.49744200 / 0.51994690 0.00000000 -0.85419860 / 255 0 255 255 / -0.44978330 -0.04655460
				-0.58792080 4.41674900 1.49744200 / 0.51994690 0.00000000 -0.85419860 / 255 0 255 255 / -0.44978330 -0.04655460
				-0.58792080 4.41674900 1.49744200 / 0.51994690 0.00000000 -0.85419860 / 255 0 255 255 / -0.44978330 -0.04655460
				-0.62942470 2.83471800 1.49060600 / -0.30047210 0.00028260 -0.95379050 / 255 0 255 255 / -1.79852300 0.01451110
				-0.62942470 2.83471800 1.49060600 / -0.30047210 0.00028260 -0.95379050 / 255 0 255 255 / -1.79852300 0.01451110
				-0.62942470 2.83471800 1.49060600 / -0.30047210 0.00028260 -0.95379050 / 255 0 255 255 / -1.79852300 0.01451110
				-0.62942470 2.83471800 1.49060600 / -0.30047210 0.00028260 -0.95379050 / 255 0 255 255 / -1.79852300 0.01451110
				-0.62942470 2.83471800 1.49060600 / -0.30047210 0.00028260 -0.95379050 / 255 0 255 255 / -1.79852300 0.01451110
				-0.62942470 2.83471800 1.49060600 / -0.30047210 0.00028260 -0.95379050 / 255 0 255 255 / -1.79852300 0.01451110
				-0.64407320 2.83471800 1.50086000 / -0.57365850 0.00054980 -0.81909440 / 255 0 255 255 / -2.28784200 -0.03384400
				-0.64407320 2.83471800 1.50086000 / -0.57365850 0.00054980 -0.81909440 / 255 0 255 255 / -2.28784200 -0.03384400
				-0.64407320 2.83471800 1.50086000 / -0.57365850 0.00054980 -0.81909440 / 255 0 255 255 / -2.28784200 -0.03384400
				-0.59915130 4.41674900 1.49060600 / 0.27000110 0.00000000 -0.96286000 / 255 0 255 255 / -2.71907000 0.85542300
				-0.59915130 4.41674900 1.49060600 / 0.27000110 0.00000000 -0.96286000 / 255 0 255 255 / -2.71907000 0.85542300
				-0.59915130 4.41674900 1.49060600 / 0.27000110 0.00000000 -0.96286000 / 255 0 255 255 / -2.71907000 0.85542300
				-0.59915130 4.41674900 1.49060600 / 0.27000110 0.00000000 -0.96286000 / 255 0 255 255 / -2.71907000 0.85542300
				-0.59915130 4.41674900 1.49060600 / 0.27000110 0.00000000 -0.96286000 / 255 0 255 255 / -2.71907000 0.85542300
				-0.59915130 4.41674900 1.49060600 / 0.27000110 0.00000000 -0.96286000 / 255 0 255 255 / -2.71907000 0.85542300
				-0.58792080 4.78296000 1.49744200 / 0.51994700 0.00000000 -0.85419850 / 255 0 255 255 / -0.53704830 -0.05490110
				-0.58792080 4.78296000 1.49744200 / 0.51994700 0.00000000 -0.85419850 / 255 0 255 255 / -0.53704830 -0.05490110
				-0.59915130 4.78296000 1.49060600 / 0.27000130 0.00000000 -0.96285990 / 255 0 255 255 / -3.00064100 0.92385870
				-0.59915130 4.78296000 1.49060600 / 0.27000130 0.00000000 -0.96285990 / 255 0 255 255 / -3.00064100 0.92385870
				-0.59915130 4.78296000 1.49060600 / 0.27000130 0.00000000 -0.96285990 / 255 0 255 255 / -3.00064100 0.92385870
				-0.62942470 4.41674900 1.49060600 / -0.33089750 0.00019020 -0.94366670 / 255 0 255 255 / -3.17662000 0.01470950
				-0.62942470 4.41674900 1.49060600 / -0.33089750 0.00019020 -0.94366670 / 255 0 255 255 / -3.17662000 0.01470950
				-0.62942470 4.41674900 1.49060600 / -0.33089750 0.00019020 -0.94366670 / 255 0 255 255 / -3.17662000 0.01470950
				-0.62942470 4.41674900 1.49060600 / -0.33089750 0.00019020 -0.94366670 / 255 0 255 255 / -3.17662000 0.01470950
				-0.62942470 4.41674900 1.49060600 / -0.33089750 0.00019020 -0.94366670 / 255 0 255 255 / -3.17662000 0.01470950
				-0.62942470 4.41674900 1.49060600 / -0.33089750 0.00019020 -0.94366670 / 255 0 255 255 / -3.17662000 0.01470950
				-0.64407320 4.41674900 1.50232500 / -0.62495200 0.00037830 -0.78066310 / 255 0 255 255 / -3.96531700 -0.05924990
				-0.64407320 4.41674900 1.50232500 / -0.62495200 0.00037830 -0.78066310 / 255 0 255 255 / -3.96531700 -0.05924990
				-0.64407320 4.41674900 1.50232500 / -0.62495200 0.00037830 -0.78066310 / 255 0 255 255 / -3.96531700 -0.05924990
				-0.62942470 4.78296000 1.49060600 / -0.34011780 0.00052690 -0.94038270 / 255 0 255 255 / -3.49563600 0.01475520
				-0.62942470 4.78296000 1.49060600 / -0.34011780 0.00052690 -0.94038270 / 255 0 255 255 / -3.49563600 0.01475520
				-0.62942470 4.78296000 1.49060600 / -0.34011780 0.00052690 -0.94038270 / 255 0 255 255 / -3.49563600 0.01475520
				-0.64407320 4.78296000 1.50281300 / -0.64018250 0.00102430 -0.76822220 / 255 0 255 255 / -4.35363800 -0.06513980
				0.97897370 0.13061620 1.49060600 / 0.27958760 0.00000000 -0.96012020 / 255 0 255 255 / 0.57629390 0.05448910
				0.97897370 0.13061620 1.49060600 / 0.27958760 0.00000000 -0.96012020 / 255 0 255 255 / 0.57629390 0.05448910
				0.97897370 0.13061620 1.49060600 / 0.27958760 0.00000000 -0.96012020 / 255 0 255 255 / 0.57629390 0.05448910
				0.98971590 0.13061620 1.49744200 / 0.53687550 0.00000000 -0.84366150 / 255 0 255 255 / 0.57156370 0.05125430
				0.98971590 0.54712010 1.49744200 / 0.53687550 0.00000000 -0.84366150 / 255 0 255 255 / 0.47235110 0.04174810
				0.98971590 0.54712010 1.49744200 / 0.53687550 0.00000000 -0.84366150 / 255 0 255 255 / 0.47235110 0.04174810
				0.98971590 0.54712010 1.49744200 / 0.53687550 0.00000000 -0.84366150 / 255 0 255 255 / 0.47235110 0.04174810
				0.97897370 0.54712010 1.49060600 / 0.27958800 0.00000000 -0.96012000 / 255 0 255 255 / 0.25617980 0.13229370
				0.97897370 0.54712010 1.49060600 / 0.27958800 0.00000000 -0.96012000 / 255 0 255 255 / 0.25617980 0.13229370
				0.97897370 0.54712010 1.49060600 / 0.27958800 0.00000000 -0.96012000 / 255 0 255 255 / 0.25617980 0.13229370
				0.97897370 0.54712010 1.49060600 / 0.27958800 0.00000000 -0.96012000 / 255 0 255 255 / 0.25617980 0.13229370
				0.97897370 0.54712010 1.49060600 / 0.27958800 0.00000000 -0.96012000 / 255 0 255 255 / 0.25617980 0.13229370
				0.97897370 0.54712010 1.49060600 / 0.27958800 0.00000000 -0.96012000 / 255 0 255 255 / 0.25617980 0.13229370
				0.94821200 0.13061620 1.49060600 / -0.21658440 0.00000000 -0.97626390 / 255 0 255 255 / 0.55686950 0.01419070
				0.94821200 0.13061620 1.49060600 / -0.21658440 0.00000000 -0.97626390 / 255 0 255 255 / 0.55686950 0.01419070
				0.94821200 0.13061620 1.49060600 / -0.21658440 0.00000000 -0.97626390 / 255 0 255 255 / 0.55686950 0.01419070
				0.98971590 2.10376100 1.49744200 / 0.53687550 0.00000000 -0.84366150 / 255 0 255 255 / 0.10140990 0.00622560
				0.98971590 2.10376100 1.49744200 / 0.53687550 0.00000000 -0.84366150 / 255 0 255 255 / 0.10140990 0.00622560
				0.98971590 2.10376100 1.49744200 / 0.53687550 0.00000000 -0.84366150 / 255 0 255 255 / 0.10140990 0.00622560
				0.94821200 0.54712010 1.49060600 / -0.22959150 0.00026270 -0.97328700 / 255 0 255 255 / 0.19418340 0.01423650
				0.94821200 0.54712010 1.49060600 / -0.22959150 0.00026270 -0.97328700 / 255 0 255 255 / 0.19418340 0.01423650
				0.94821200 0.54712010 1.49060600 / -0.22959150 0.00026270 -0.97328700 / 255 0 255 255 / 0.19418340 0.01423650
				0.94821200 0.54712010 1.49060600 / -0.22959150 0.00026270 -0.97328700 / 255 0 255 255 / 0.19418340 0.01423650
				0.94821200 0.54712010 1.49060600 / -0.22959150 0.00026270 -0.97328700 / 255 0 255 255 / 0.19418340 0.01423650
				0.94821200 0.54712010 1.49060600 / -0.22959150 0.00026270 -0.97328700 / 255 0 255 255 / 0.19418340 0.01423650
				0.93356360 0.13061620 1.49744200 / -0.42349930 0.00002620 -0.90589650 / 255 0 255 255 / 0.57925410 0.00959780
				0.93356360 0.13061620 1.49744200 / -0.42349930 0.00002620 -0.90589650 / 255 0 255 255 / 0.57925410 0.00959780
				0.93356360 0.54712010 1.49793000 / -0.44753470 0.00052790 -0.89426640 / 255 0 255 255 / 0.13778690 0.00289920
				0.93356360 0.54712010 1.49793000 / -0.44753470 0.00052790 -0.89426640 / 255 0 255 255 / 0.13778690 0.00289920
				0.93356360 0.54712010 1.49793000 / -0.44753470 0.00052790 -0.89426640 / 255 0 255 255 / 0.13778690 0.00289920
				0.97897370 2.10376100 1.49060600 / 0.27958760 0.00000000 -0.96012010 / 255 0 255 255 / -0.94062810 0.42317200
				0.97897370 2.10376100 1.49060600 / 0.27958760 0.00000000 -0.96012010 / 255 0 255 255 / -0.94062810 0.42317200
				0.97897370 2.10376100 1.49060600 / 0.27958760 0.00000000 -0.96012010 / 255 0 255 255 / -0.94062810 0.42317200
				0.97897370 2.10376100 1.49060600 / 0.27958760 0.00000000 -0.96012010 / 255 0 255 255 / -0.94062810 0.42317200
				0.97897370 2.10376100 1.49060600 / 0.27958760 0.00000000 -0.96012010 / 255 0 255 255 / -0.94062810 0.42317200
				0.97897370 2.10376100 1.49060600 / 0.27958760 0.00000000 -0.96012010 / 255 0 255 255 / -0.94062810 0.42317200
				0.98971590 2.83471800 1.49744200 / 0.53687550 0.00000000 -0.84366150 / 255 0 255 255 / -0.07278440 -0.01045230
				0.98971590 2.83471800 1.49744200 / 0.53687550 0.00000000 -0.84366150 / 255 0 255 255 / -0.07278440 -0.01045230
				0.98971590 2.83471800 1.49744200 / 0.53687550 0.00000000 -0.84366150 / 255 0 255 255 / -0.07278440 -0.01045230
				0.94821200 2.10376100 1.49060600 / -0.27838970 0.00027410 -0.96046810 / 255 0 255 255 / -1.16174300 0.01443480
				0.94821200 2.10376100 1.49060600 / -0.27838970 0.00027410 -0.96046810 / 255 0 255 255 / -1.16174300 0.01443480
				0.94821200 2.10376100 1.49060600 / -0.27838970 0.00027410 -0.96046810 / 255 0 255 255 / -1.16174300 0.01443480
				0.94821200 2.10376100 1.49060600 / -0.27838970 0.00027410 -0.96046810 / 255 0 255 255 / -1.16174300 0.01443480
				0.94821200 2.10376100 1.49060600 / -0.27838970 0.00027410 -0.96046810 / 255 0 255 255 / -1.16174300 0.01443480
				0.94821200 2.10376100 1.49060600 / -0.27838970 0.00027410 -0.96046810 / 255 0 255 255 / -1.16174300 0.01443480
				0.93356360 2.10376100 1.49988300 / -0.53535690 0.00053830 -0.84462570 / 255 0 255 255 / -1.51271100 -0.02209470
				0.93356360 2.10376100 1.49988300 / -0.53535690 0.00053830 -0.84462570 / 255 0 255 255 / -1.51271100 -0.02209470
				0.93356360 2.10376100 1.49988300 / -0.53535690 0.00053830 -0.84462570 / 255 0 255 255 / -1.51271100 -0.02209470
				0.97897370 2.83471800 1.49060600 / 0.27958750 0.00000000 -0.96012020 / 255 0 255 255 / -1.50268600 0.55978390
				0.97897370 2.83471800 1.49060600 / 0.27958750 0.00000000 -0.96012020 / 255 0 255 255 / -1.50268600 0.55978390
				0.97897370 2.83471800 1.49060600 / 0.27958750 0.00000000 -0.96012020 / 255 0 255 255 / -1.50268600 0.55978390
				0.97897370 2.83471800 1.49060600 / 0.27958750 0.00000000 -0.96012020 / 255 0 255 255 / -1.50268600 0.55978390
				0.97897370 2.83471800 1.49060600 / 0.27958750 0.00000000 -0.96012020 / 255 0 255 255 / -1.50268600 0.55978390
				0.97897370 2.83471800 1.49060600 / 0.27958750 0.00000000 -0.96012020 / 255 0 255 255 / -1.50268600 0.55978390
				0.98971590 4.41674900 1.49744200 / 0.53687550 0.00000000 -0.84366150 / 255 0 255 255 / -0.44978330 -0.04655460
				0.98971590 4.41674900 1.49744200 / 0.53687550 0.00000000 -0.84366150 / 255 0 255 255 / -0.44978330 -0.04655460
				0.98971590 4.41674900 1.49744200 / 0.53687550 0.00000000 -0.84366150 / 255 0 255 255 / -0.44978330 -0.04655460
				0.94821200 2.83471800 1.49060600 / -0.30047410 0.00028260 -0.95378990 / 255 0 255 255 / -1.79852300 0.01451110
				0.94821200 2.83471800 1.49060600 / -0.30047410 0.00028260 -0.95378990 / 255 0 255 255 / -1.79852300 0.01451110
				0.94821200 2.83471800 1.49060600 / -0.30047410 0.00028260 -0.95378990 / 255 0 255 255 / -1.79852300 0.01451110
				0.94821200 2.83471800 1.49060600 / -0.30047410 0.00028260 -0.95378990 / 255 0 255 255 / -1.79852300 0.01451110
				0.94821200 2.83471800 1.49060600 / -0.30047410 0.00028260 -0.95378990 / 255 0 255 255 / -1.79852300 0.01451110
				0.94821200 2.83471800 1.49060600 / -0.30047410 0.00028260 -0.95378990 / 255 0 255 255 / -1.79852300 0.01451110
				0.93356360 2.83471800 1.50086000 / -0.57366170 0.00054980 -0.81909220 / 255 0 255 255 / -2.28782700 -0.03384400
				0.93356360 2.83471800 1.50086000 / -0.57366170 0.00054980 -0.81909220 / 255 0 255 255 / -2.28782700 -0.03384400
				0.93356360 2.83471800 1.50086000 / -0.57366170 0.00054980 -0.81909220 / 255 0 255 255 / -2.28782700 -0.03384400
				0.97897370 4.41674900 1.49060600 / 0.27958760 0.00000000 -0.96012020 / 255 0 255 255 / -2.71907000 0.85542300
				0.97897370 4.41674900 1.49060600 / 0.27958760 0.00000000 -0.96012020 / 255 0 255 255 / -2.71907000 0.85542300
				0.97897370 4.41674900 1.49060600 / 0.27958760 0.00000000 -0.96012020 / 255 0 255 255 / -2.71907000 0.85542300
				0.97897370 4.41674900 1.49060600 / 0.27958760 0.00000000 -0.96012020 / 255 0 255 255 / -2.71907000 0.85542300
				0.97897370 4.41674900 1.49060600 / 0.27958760 0.00000000 -0.96012020 / 255 0 255 255 / -2.71907000 0.85542300
				0.97897370 4.41674900 1.49060600 / 0.27958760 0.00000000 -0.96012020 / 255 0 255 255 / -2.71907000 0.85542300
				0.98971590 4.78296000 1.49744200 / 0.53687550 0.00000000 -0.84366150 / 255 0 255 255 / -0.53704830 -0.05490110
				0.98971590 4.78296000 1.49744200 / 0.53687550 0.00000000 -0.84366150 / 255 0 255 255 / -0.53704830 -0.05490110
				0.97897370 4.78296000 1.49060600 / 0.27958770 0.00000000 -0.96012020 / 255 0 255 255 / -3.00064100 0.92385870
				0.97897370 4.78296000 1.49060600 / 0.27958770 0.00000000 -0.96012020 / 255 0 255 255 / -3.00064100 0.92385870
				0.97897370 4.78296000 1.49060600 / 0.27958770 0.00000000 -0.96012020 / 255 0 255 255 / -3.00064100 0.92385870
				0.94821200 4.41674900 1.49060600 / -0.33089940 0.00019020 -0.94366600 / 255 0 255 255 / -3.17662000 0.01470950
				0.94821200 4.41674900 1.49060600 / -0.33089940 0.00019020 -0.94366600 / 255 0 255 255 / -3.17662000 0.01470950
				0.94821200 4.41674900 1.49060600 / -0.33089940 0.00019020 -0.94366600 / 255 0 255 255 / -3.17662000 0.01470950
				0.94821200 4.41674900 1.49060600 / -0.33089940 0.00019020 -0.94366600 / 255 0 255 255 / -3.17662000 0.01470950
				0.94821200 4.41674900 1.49060600 / -0.33089940 0.00019020 -0.94366600 / 255 0 255 255 / -3.17662000 0.01470950
				0.94821200 4.41674900 1.49060600 / -0.33089940 0.00019020 -0.94366600 / 255 0 255 255 / -3.17662000 0.01470950
				0.93356360 4.41674900 1.50232500 / -0.62495510 0.00037830 -0.78066070 / 255 0 255 255 / -3.96531700 -0.05924990
				0.93356360 4.41674900 1.50232500 / -0.62495510 0.00037830 -0.78066070 / 255 0 255 255 / -3.96531700 -0.05924990
				0.93356360 4.41674900 1.50232500 / -0.62495510 0.00037830 -0.78066070 / 255 0 255 255 / -3.96531700 -0.05924990
				0.94821200 4.78296000 1.49060600 / -0.34011970 0.00052690 -0.94038200 / 255 0 255 255 / -3.49563600 0.01475520
				0.94821200 4.78296000 1.49060600 / -0.34011970 0.00052690 -0.94038200 / 255 0 255 255 / -3.49563600 0.01475520
				0.94821200 4.78296000 1.49060600 / -0.34011970 0.00052690 -0.94038200 / 255 0 255 255 / -3.49563600 0.01475520
				0.93356360 4.78296000 1.50281300 / -0.64018560 0.00102430 -0.76821960 / 255 0 255 255 / -4.35363800 -0.06513980
				2.57565400 0.13061620 1.49060600 / 0.27001030 0.00000000 -0.96285750 / 255 0 255 255 / 0.57629390 0.05448910
				2.57565400 0.13061620 1.49060600 / 0.27001030 0.00000000 -0.96285750 / 255 0 255 255 / 0.57629390 0.05448910
				2.57565400 0.13061620 1.49060600 / 0.27001030 0.00000000 -0.96285750 / 255 0 255 255 / 0.57629390 0.05448910
				2.58688400 0.13061620 1.49744200 / 0.51996300 0.00000000 -0.85418880 / 255 0 255 255 / 0.57156370 0.05125430
				2.58688400 0.54712010 1.49744200 / 0.51996310 0.00000000 -0.85418870 / 255 0 255 255 / 0.47235110 0.04174810
				2.58688400 0.54712010 1.49744200 / 0.51996310 0.00000000 -0.85418870 / 255 0 255 255 / 0.47235110 0.04174810
				2.58688400 0.54712010 1.49744200 / 0.51996310 0.00000000 -0.85418870 / 255 0 255 255 / 0.47235110 0.04174810
				2.57565400 0.54712010 1.49060600 / 0.27001030 0.00000000 -0.96285750 / 255 0 255 255 / 0.25617980 0.13229370
				2.57565400 0.54712010 1.49060600 / 0.27001030 0.00000000 -0.96285750 / 255 0 255 255 / 0.25617980 0.13229370
				2.57565400 0.54712010 1.49060600 / 0.27001030 0.00000000 -0.96285750 / 255 0 255 255 / 0.25617980 0.13229370
				2.57565400 0.54712010 1.49060600 / 0.27001030 0.00000000 -0.96285750 / 255 0 255 255 / 0.25617980 0.13229370
				2.57565400 0.54712010 1.49060600 / 0.27001030 0.00000000 -0.96285750 / 255 0 255 255 / 0.25617980 0.13229370
				2.57565400 0.54712010 1.49060600 / 0.27001030 0.00000000 -0.96285750 / 255 0 255 255 / 0.25617980 0.13229370
				2.54489100 0.13061620 1.49060600 / -0.22299240 0.00000000 -0.97482020 / 255 0 255 255 / 0.55686950 0.01419070
				2.54489100 0.13061620 1.49060600 / -0.22299240 0.00000000 -0.97482020 / 255 0 255 255 / 0.55686950 0.01419070
				2.54489100 0.13061620 1.49060600 / -0.22299240 0.00000000 -0.97482020 / 255 0 255 255 / 0.55686950 0.01419070
				2.58688400 2.10376100 1.49744200 / 0.51996300 0.00000000 -0.85418870 / 255 0 255 255 / 0.10140990 0.00622560
				2.58688400 2.10376100 1.49744200 / 0.51996300 0.00000000 -0.85418870 / 255 0 255 255 / 0.10140990 0.00622560
				2.58688400 2.10376100 1.49744200 / 0.51996300 0.00000000 -0.85418870 / 255 0 255 255 / 0.10140990 0.00622560
				2.54489100 0.54712010 1.49060600 / -0.23625570 0.00026150 -0.97169100 / 255 0 255 255 / 0.19418340 0.01423650
				2.54489100 0.54712010 1.49060600 / -0.23625570 0.00026150 -0.97169100 / 255 0 255 255 / 0.19418340 0.01423650
				2.54489100 0.54712010 1.49060600 / -0.23625570 0.00026150 -0.97169100 / 255 0 255 255 / 0.19418340 0.01423650
				2.54489100 0.54712010 1.49060600 / -0.23625570 0.00026150 -0.97169100 / 255 0 255 255 / 0.19418340 0.01423650
				2.54489100 0.54712010 1.49060600 / -0.23625570 0.00026150 -0.97169100 / 255 0 255 255 / 0.19418340 0.01423650
				2.54489100 0.54712010 1.49060600 / -0.23625570 0.00026150 -0.97169100 / 255 0 255 255 / 0.19418340 0.01423650
				2.53073200 0.13061620 1.49744200 / -0.43535980 0.00002540 -0.90025660 / 255 0 255 255 / 0.57925410 0.00959780
				2.53073200 0.13061620 1.49744200 / -0.43535980 0.00002540 -0.90025660 / 255 0 255 255 / 0.57925410 0.00959780
				2.53073200 0.54712010 1.49793000 / -0.45974400 0.00052410 -0.88805130 / 255 0 255 255 / 0.13778690 0.00289920
				2.53073200 0.54712010 1.49793000 / -0.45974400 0.00052410 -0.88805130 / 255 0 255 255 / 0.13778690 0.00289920
				2.53073200 0.54712010 1.49793000 / -0.45974400 0.00052410 -0.88805130 / 255 0 255 255 / 0.13778690 0.00289920
				2.57565400 2.10376100 1.49060600 / 0.27001070 0.00000000 -0.96285730 / 255 0 255 255 / -0.94062810 0.42317200
				2.57565400 2.10376100 1.49060600 / 0.27001070 0.00000000 -0.96285730 / 255 0 255 255 / -0.94062810 0.42317200
				2.57565400 2.10376100 1.49060600 / 0.27001070 0.00000000 -0.96285730 / 255 0 255 255 / -0.94062810 0.42317200
				2.57565400 2.10376100 1.49060600 / 0.27001070 0.00000000 -0.96285730 / 255 0 255 255 / -0.94062810 0.42317200
				2.57565400 2.10376100 1.49060600 / 0.27001070 0.00000000 -0.96285730 / 255 0 255 255 / -0.94062810 0.42317200
				2.57565400 2.10376100 1.49060600 / 0.27001070 0.00000000 -0.96285730 / 255 0 255 255 / -0.94062810 0.42317200
				2.58688400 2.83471800 1.49744200 / 0.51996300 0.00000000 -0.85418890 / 255 0 255 255 / -0.07278440 -0.01045230
				2.58688400 2.83471800 1.49744200 / 0.51996300 0.00000000 -0.85418890 / 255 0 255 255 / -0.07278440 -0.01045230
				2.58688400 2.83471800 1.49744200 / 0.51996300 0.00000000 -0.85418890 / 255 0 255 255 / -0.07278440 -0.01045230
				2.54489100 2.10376100 1.49060600 / -0.28579710 0.00027200 -0.95829010 / 255 0 255 255 / -1.16174300 0.01443480
				2.54489100 2.10376100 1.49060600 / -0.28579710 0.00027200 -0.95829010 / 255 0 255 255 / -1.16174300 0.01443480
				2.54489100 2.10376100 1.49060600 / -0.28579710 0.00027200 -0.95829010 / 255 0 255 255 / -1.16174300 0.01443480
				2.54489100 2.10376100 1.49060600 / -0.28579710 0.00027200 -0.95829010 / 255 0 255 255 / -1.16174300 0.01443480
				2.54489100 2.10376100 1.49060600 / -0.28579710 0.00027200 -0.95829010 / 255 0 255 255 / -1.16174300 0.01443480
				2.54489100 2.10376100 1.49060600 / -0.28579710 0.00027200 -0.95829010 / 255 0 255 255 / -1.16174300 0.01443480
				2.53073200 2.10376100 1.49988300 / -0.54833010 0.00053280 -0.83626190 / 255 0 255 255 / -1.51272600 -0.02209470
				2.53073200 2.10376100 1.49988300 / -0.54833010 0.00053280 -0.83626190 / 255 0 255 255 / -1.51272600 -0.02209470
				2.53073200 2.10376100 1.49988300 / -0.54833010 0.00053280 -0.83626190 / 255 0 255 255 / -1.51272600 -0.02209470
				2.57565400 2.83471800 1.49060600 / 0.27001000 0.00000000 -0.96285750 / 255 0 255 255 / -1.50268600 0.55978390
				2.57565400 2.83471800 1.49060600 / 0.27001000 0.00000000 -0.96285750 / 255 0 255 255 / -1.50268600 0.55978390
				2.57565400 2.83471800 1.49060600 / 0.27001000 0.00000000 -0.96285750 / 255 0 255 255 / -1.50268600 0.55978390
				2.57565400 2.83471800 1.49060600 / 0.27001000 0.00000000 -0.96285750 / 255 0 255 255 / -1.50268600 0.55978390
				2.57565400 2.83471800 1.49060600 / 0.27001000 0.00000000 -0.96285750 / 255 0 255 255 / -1.50268600 0.55978390
				2.57565400 2.83471800 1.49060600 / 0.27001000 0.00000000 -0.96285750 / 255 0 255 255 / -1.50268600 0.55978390
				2.58688400 4.41674900 1.49744200 / 0.51996310 0.00000000 -0.85418880 / 255 0 255 255 / -0.44978330 -0.04655460
				2.58688400 4.41674900 1.49744200 / 0.51996310 0.00000000 -0.85418880 / 255 0 255 255 / -0.44978330 -0.04655460
				2.58688400 4.41674900 1.49744200 / 0.51996310 0.00000000 -0.85418880 / 255 0 255 255 / -0.44978330 -0.04655460
				2.54489100 2.83471800 1.49060600 / -0.30810760 0.00028020 -0.95135150 / 255 0 255 255 / -1.79852300 0.01451110
				2.54489100 2.83471800 1.49060600 / -0.30810760 0.00028020 -0.95135150 / 255 0 255 255 / -1.79852300 0.01451110
				2.54489100 2.83471800 1.49060600 / -0.30810760 0.00028020 -0.95135150 / 255 0 255 255 / -1.79852300 0.01451110
				2.54489100 2.83471800 1.49060600 / -0.30810760 0.00028020 -0.95135150 / 255 0 255 255 / -1.79852300 0.01451110
				2.54489100 2.83471800 1.49060600 / -0.30810760 0.00028020 -0.95135150 / 255 0 255 255 / -1.79852300 0.01451110
				2.54489100 2.83471800 1.49060600 / -0.30810760 0.00028020 -0.95135150 / 255 0 255 255 / -1.79852300 0.01451110
				2.53073200 2.83471800 1.50086000 / -0.58670950 0.00054340 -0.80979730 / 255 0 255 255 / -2.28784200 -0.03384400
				2.53073200 2.83471800 1.50086000 / -0.58670950 0.00054340 -0.80979730 / 255 0 255 255 / -2.28784200 -0.03384400
				2.53073200 2.83471800 1.50086000 / -0.58670950 0.00054340 -0.80979730 / 255 0 255 255 / -2.28784200 -0.03384400
				2.57565400 4.41674900 1.49060600 / 0.27001030 0.00000000 -0.96285750 / 255 0 255 255 / -2.71905500 0.85542300
				2.57565400 4.41674900 1.49060600 / 0.27001030 0.00000000 -0.96285750 / 255 0 255 255 / -2.71905500 0.85542300
				2.57565400 4.41674900 1.49060600 / 0.27001030 0.00000000 -0.96285750 / 255 0 255 255 / -2.71905500 0.85542300
				2.57565400 4.41674900 1.49060600 / 0.27001030 0.00000000 -0.96285750 / 255 0 255 255 / -2.71905500 0.85542300
				2.57565400 4.41674900 1.49060600 / 0.27001030 0.00000000 -0.96285750 / 255 0 255 255 / -2.71905500 0.85542300
				2.57565400 4.41674900 1.49060600 / 0.27001030 0.00000000 -0.96285750 / 255 0 255 255 / -2.71905500 0.85542300
				2.58688400 4.78296000 1.49744200 / 0.51996310 0.00000000 -0.85418880 / 255 0 255 255 / -0.53704830 -0.05490110
				2.58688400 4.78296000 1.49744200 / 0.51996310 0.00000000 -0.85418880 / 255 0 255 255 / -0.53704830 -0.05490110
				2.57565400 4.78296000 1.49060600 / 0.27001040 0.00000000 -0.96285750 / 255 0 255 255 / -3.00064100 0.92385870
				2.57565400 4.78296000 1.49060600 / 0.27001040 0.00000000 -0.96285750 / 255 0 255 255 / -3.00064100 0.92385870
				2.57565400 4.78296000 1.49060600 / 0.27001040 0.00000000 -0.96285750 / 255 0 255 255 / -3.00064100 0.92385870
				2.54489100 4.41674900 1.49060600 / -0.33872260 0.00018820 -0.94088630 / 255 0 255 255 / -3.17662000 0.01470950
				2.54489100 4.41674900 1.49060600 / -0.33872260 0.00018820 -0.94088630 / 255 0 255 255 / -3.17662000 0.01470950
				2.54489100 4.41674900 1.49060600 / -0.33872260 0.00018820 -0.94088630 / 255 0 255 255 / -3.17662000 0.01470950
				2.54489100 4.41674900 1.49060600 / -0.33872260 0.00018820 -0.94088630 / 255 0 255 255 / -3.17662000 0.01470950
				2.54489100 4.41674900 1.49060600 / -0.33872260 0.00018820 -0.94088630 / 255 0 255 255 / -3.17662000 0.01470950
				2.54489100 4.41674900 1.49060600 / -0.33872260 0.00018820 -0.94088630 / 255 0 255 255 / -3.17662000 0.01470950
				2.53073200 4.41674900 1.50232500 / -0.63782570 0.00037290 -0.77018070 / 255 0 255 255 / -3.96531700 -0.05924990
				2.53073200 4.41674900 1.50232500 / -0.63782570 0.00037290 -0.77018070 / 255 0 255 255 / -3.96531700 -0.05924990
				2.53073200 4.41674900 1.50232500 / -0.63782570 0.00037290 -0.77018070 / 255 0 255 255 / -3.96531700 -0.05924990
				2.54489100 4.78296000 1.49060600 / -0.34797720 0.00052140 -0.93750290 / 255 0 255 255 / -3.49563600 0.01475520
				2.54489100 4.78296000 1.49060600 / -0.34797720 0.00052140 -0.93750290 / 255 0 255 255 / -3.49563600 0.01475520
				2.54489100 4.78296000 1.49060600 / -0.34797720 0.00052140 -0.93750290 / 255 0 255 255 / -3.49563600 0.01475520
				2.53073200 4.78296000 1.50281300 / -0.65294560 0.00100990 -0.75740410 / 255 0 255 255 / -4.35363800 -0.06513980
				-3.76126100 0.13061620 1.49060600 / 0.27001030 0.00000000 -0.96285750 / 255 0 255 255 / 0.57629390 0.05448910
				-3.76126100 0.13061620 1.49060600 / 0.27001030 0.00000000 -0.96285750 / 255 0 255 255 / 0.57629390 0.05448910
				-3.76126100 0.13061620 1.49060600 / 0.27001030 0.00000000 -0.96285750 / 255 0 255 255 / 0.57629390 0.05448910
				-3.75003000 0.13061620 1.49744200 / 0.51996300 0.00000000 -0.85418880 / 255 0 255 255 / 0.57156370 0.05125430
				-3.75003000 0.54712010 1.49744200 / 0.51996310 0.00000000 -0.85418870 / 255 0 255 255 / 0.47235110 0.04174810
				-3.75003000 0.54712010 1.49744200 / 0.51996310 0.00000000 -0.85418870 / 255 0 255 255 / 0.47235110 0.04174810
				-3.75003000 0.54712010 1.49744200 / 0.51996310 0.00000000 -0.85418870 / 255 0 255 255 / 0.47235110 0.04174810
				-3.76126100 0.54712010 1.49060600 / 0.27001030 0.00000000 -0.96285750 / 255 0 255 255 / 0.25617980 0.13229370
				-3.76126100 0.54712010 1.49060600 / 0.27001030 0.00000000 -0.96285750 / 255 0 255 255 / 0.25617980 0.13229370
				-3.76126100 0.54712010 1.49060600 / 0.27001030 0.00000000 -0.96285750 / 255 0 255 255 / 0.25617980 0.13229370
				-3.76126100 0.54712010 1.49060600 / 0.27001030 0.00000000 -0.96285750 / 255 0 255 255 / 0.25617980 0.13229370
				-3.76126100 0.54712010 1.49060600 / 0.27001030 0.00000000 -0.96285750 / 255 0 255 255 / 0.25617980 0.13229370
				-3.76126100 0.54712010 1.49060600 / 0.27001030 0.00000000 -0.96285750 / 255 0 255 255 / 0.25617980 0.13229370
				-3.79153500 0.13061620 1.49060600 / -0.21658960 0.00000000 -0.97626270 / 255 0 255 255 / 0.55686950 0.01419070
				-3.79153500 0.13061620 1.49060600 / -0.21658960 0.00000000 -0.97626270 / 255 0 255 255 / 0.55686950 0.01419070
				-3.79153500 0.13061620 1.49060600 / -0.21658960 0.00000000 -0.97626270 / 255 0 255 255 / 0.55686950 0.01419070
				-3.75003000 2.10376100 1.49744200 / 0.51996300 0.00000000 -0.85418870 / 255 0 255 255 / 0.10140990 0.00622560
				-3.75003000 2.10376100 1.49744200 / 0.51996300 0.00000000 -0.85418870 / 255 0 255 255 / 0.10140990 0.00622560
				-3.75003000 2.10376100 1.49744200 / 0.51996300 0.00000000 -0.85418870 / 255 0 255 255 / 0.10140990 0.00622560
				-3.79153500 0.54712010 1.49060600 / -0.22959700 0.00026270 -0.97328580 / 255 0 255 255 / 0.19419860 0.01423650
				-3.79153500 0.54712010 1.49060600 / -0.22959700 0.00026270 -0.97328580 / 255 0 255 255 / 0.19419860 0.01423650
				-3.79153500 0.54712010 1.49060600 / -0.22959700 0.00026270 -0.97328580 / 255 0 255 255 / 0.19419860 0.01423650
				-3.79153500 0.54712010 1.49060600 / -0.22959700 0.00026270 -0.97328580 / 255 0 255 255 / 0.19419860 0.01423650
				-3.79153500 0.54712010 1.49060600 / -0.22959700 0.00026270 -0.97328580 / 255 0 255 255 / 0.19419860 0.01423650
				-3.79153500 0.54712010 1.49060600 / -0.22959700 0.00026270 -0.97328580 / 255 0 255 255 / 0.19419860 0.01423650
				-3.80618200 0.13061620 1.49744200 / -0.42350900 0.00002620 -0.90589180 / 255 0 255 255 / 0.57925410 0.00959780
				-3.80618200 0.13061620 1.49744200 / -0.42350900 0.00002620 -0.90589180 / 255 0 255 255 / 0.57925410 0.00959780
				-3.80618200 0.54712010 1.49793000 / -0.44754480 0.00052790 -0.89426140 / 255 0 255 255 / 0.13778690 0.00289920
				-3.80618200 0.54712010 1.49793000 / -0.44754480 0.00052790 -0.89426140 / 255 0 255 255 / 0.13778690 0.00289920
				-3.80618200 0.54712010 1.49793000 / -0.44754480 0.00052790 -0.89426140 / 255 0 255 255 / 0.13778690 0.00289920
				-3.76126100 2.10376100 1.49060600 / 0.27001070 0.00000000 -0.96285730 / 255 0 255 255 / -0.94062810 0.42317200
				-3.76126100 2.10376100 1.49060600 / 0.27001070 0.00000000 -0.96285730 / 255 0 255 255 / -0.94062810 0.42317200
				-3.76126100 2.10376100 1.49060600 / 0.27001070 0.00000000 -0.96285730 / 255 0 255 255 / -0.94062810 0.42317200
				-3.76126100 2.10376100 1.49060600 / 0.27001070 0.00000000 -0.96285730 / 255 0 255 255 / -0.94062810 0.42317200
				-3.76126100 2.10376100 1.49060600 / 0.27001070 0.00000000 -0.96285730 / 255 0 255 255 / -0.94062810 0.42317200
				-3.76126100 2.10376100 1.49060600 / 0.27001070 0.00000000 -0.96285730 / 255 0 255 255 / -0.94062810 0.42317200
				-3.75003000 2.83471800 1.49744200 / 0.51996300 0.00000000 -0.85418890 / 255 0 255 255 / -0.07278440 -0.01045230
				-3.75003000 2.83471800 1.49744200 / 0.51996300 0.00000000 -0.85418890 / 255 0 255 255 / -0.07278440 -0.01045230
				-3.75003000 2.83471800 1.49744200 / 0.51996300 0.00000000 -0.85418890 / 255 0 255 255 / -0.07278440 -0.01045230
				-3.79153500 2.10376100 1.49060600 / -0.27839590 0.00027410 -0.96046640 / 255 0 255 255 / -1.16174300 0.01443480
				-3.79153500 2.10376100 1.49060600 / -0.27839590 0.00027410 -0.96046640 / 255 0 255 255 / -1.16174300 0.01443480
				-3.79153500 2.10376100 1.49060600 / -0.27839590 0.00027410 -0.96046640 / 255 0 255 255 / -1.16174300 0.01443480
				-3.79153500 2.10376100 1.49060600 / -0.27839590 0.00027410 -0.96046640 / 255 0 255 255 / -1.16174300 0.01443480
				-3.79153500 2.10376100 1.49060600 / -0.27839590 0.00027410 -0.96046640 / 255 0 255 255 / -1.16174300 0.01443480
				-3.79153500 2.10376100 1.49060600 / -0.27839590 0.00027410 -0.96046640 / 255 0 255 255 / -1.16174300 0.01443480
				-3.80618200 2.10376100 1.49988300 / -0.53536780 0.00053830 -0.84461890 / 255 0 255 255 / -1.51271100 -0.02209470
				-3.80618200 2.10376100 1.49988300 / -0.53536780 0.00053830 -0.84461890 / 255 0 255 255 / -1.51271100 -0.02209470
				-3.80618200 2.10376100 1.49988300 / -0.53536780 0.00053830 -0.84461890 / 255 0 255 255 / -1.51271100 -0.02209470
				-3.76126100 2.83471800 1.49060600 / 0.27001000 0.00000000 -0.96285750 / 255 0 255 255 / -1.50268600 0.55978390
				-3.76126100 2.83471800 1.49060600 / 0.27001000 0.00000000 -0.96285750 / 255 0 255 255 / -1.50268600 0.55978390
				-3.76126100 2.83471800 1.49060600 / 0.27001000 0.00000000 -0.96285750 / 255 0 255 255 / -1.50268600 0.55978390
				-3.76126100 2.83471800 1.49060600 / 0.27001000 0.00000000 -0.96285750 / 255 0 255 255 / -1.50268600 0.55978390
				-3.76126100 2.83471800 1.49060600 / 0.27001000 0.00000000 -0.96285750 / 255 0 255 255 / -1.50268600 0.55978390
				-3.76126100 2.83471800 1.49060600 / 0.27001000 0.00000000 -0.96285750 / 255 0 255 255 / -1.50268600 0.55978390
				-3.75003000 4.41674900 1.49744200 / 0.51996310 0.00000000 -0.85418880 / 255 0 255 255 / -0.44978330 -0.04655460
				-3.75003000 4.41674900 1.49744200 / 0.51996310 0.00000000 -0.85418880 / 255 0 255 255 / -0.44978330 -0.04655460
				-3.75003000 4.41674900 1.49744200 / 0.51996310 0.00000000 -0.85418880 / 255 0 255 255 / -0.44978330 -0.04655460
				-3.79153500 2.83471800 1.49060600 / -0.30048040 0.00028260 -0.95378800 / 255 0 255 255 / -1.79852300 0.01451110
				-3.79153500 2.83471800 1.49060600 / -0.30048040 0.00028260 -0.95378800 / 255 0 255 255 / -1.79852300 0.01451110
				-3.79153500 2.83471800 1.49060600 / -0.30048040 0.00028260 -0.95378800 / 255 0 255 255 / -1.79852300 0.01451110
				-3.79153500 2.83471800 1.49060600 / -0.30048040 0.00028260 -0.95378800 / 255 0 255 255 / -1.79852300 0.01451110
				-3.79153500 2.83471800 1.49060600 / -0.30048040 0.00028260 -0.95378800 / 255 0 255 255 / -1.79852300 0.01451110
				-3.79153500 2.83471800 1.49060600 / -0.30048040 0.00028260 -0.95378800 / 255 0 255 255 / -1.79852300 0.01451110
				-3.80618200 2.83471800 1.50086000 / -0.57367260 0.00054970 -0.81908460 / 255 0 255 255 / -2.28782700 -0.03384400
				-3.80618200 2.83471800 1.50086000 / -0.57367260 0.00054970 -0.81908460 / 255 0 255 255 / -2.28782700 -0.03384400
				-3.80618200 2.83471800 1.50086000 / -0.57367260 0.00054970 -0.81908460 / 255 0 255 255 / -2.28782700 -0.03384400
				-3.76126100 4.41674900 1.49060600 / 0.27001020 0.00000000 -0.96285750 / 255 0 255 255 / -2.71907000 0.85542300
				-3.76126100 4.41674900 1.49060600 / 0.27001020 0.00000000 -0.96285750 / 255 0 255 255 / -2.71907000 0.85542300
				-3.76126100 4.41674900 1.49060600 / 0.27001020 0.00000000 -0.96285750 / 255 0 255 255 / -2.71907000 0.85542300
				-3.76126100 4.41674900 1.49060600 / 0.27001020 0.00000000 -0.96285750 / 255 0 255 255 / -2.71907000 0.85542300
				-3.76126100 4.41674900 1.49060600 / 0.27001020 0.00000000 -0.96285750 / 255 0 255 255 / -2.71907000 0.85542300
				-3.76126100 4.41674900 1.49060600 / 0.27001020 0.00000000 -0.96285750 / 255 0 255 255 / -2.71907000 0.85542300
				-3.75003000 4.78296000 1.49744200 / 0.51996310 0.00000000 -0.85418880 / 255 0 255 255 / -0.53704830 -0.05490110
				-3.75003000 4.78296000 1.49744200 / 0.51996310 0.00000000 -0.85418880 / 255 0 255 255 / -0.53704830 -0.05490110
				-3.76126100 4.78296000 1.49060600 / 0.27001040 0.00000000 -0.96285750 / 255 0 255 255 / -3.00064100 0.92385870
				-3.76126100 4.78296000 1.49060600 / 0.27001040 0.00000000 -0.96285750 / 255 0 255 255 / -3.00064100 0.92385870
				-3.76126100 4.78296000 1.49060600 / 0.27001040 0.00000000 -0.96285750 / 255 0 255 255 / -3.00064100 0.92385870
				-3.79153500 4.41674900 1.49060600 / -0.33090590 0.00019020 -0.94366370 / 255 0 255 255 / -3.17662000 0.01470950
				-3.79153500 4.41674900 1.49060600 / -0.33090590 0.00019020 -0.94366370 / 255 0 255 255 / -3.17662000 0.01470950
				-3.79153500 4.41674900 1.49060600 / -0.33090590 0.00019020 -0.94366370 / 255 0 255 255 / -3.17662000 0.01470950
				-3.79153500 4.41674900 1.49060600 / -0.33090590 0.00019020 -0.94366370 / 255 0 255 255 / -3.17662000 0.01470950
				-3.79153500 4.41674900 1.49060600 / -0.33090590 0.00019020 -0.94366370 / 255 0 255 255 / -3.17662000 0.01470950
				-3.79153500 4.41674900 1.49060600 / -0.33090590 0.00019020 -0.94366370 / 255 0 255 255 / -3.17662000 0.01470950
				-3.80618200 4.41674900 1.50232500 / -0.62496590 0.00037830 -0.78065200 / 255 0 255 255 / -3.96531700 -0.05924990
				-3.80618200 4.41674900 1.50232500 / -0.62496590 0.00037830 -0.78065200 / 255 0 255 255 / -3.96531700 -0.05924990
				-3.80618200 4.41674900 1.50232500 / -0.62496590 0.00037830 -0.78065200 / 255 0 255 255 / -3.96531700 -0.05924990
				-3.79153500 4.78296000 1.49060600 / -0.34012640 0.00052690 -0.94037970 / 255 0 255 255 / -3.49563600 0.01475520
				-3.79153500 4.78296000 1.49060600 / -0.34012640 0.00052690 -0.94037970 / 255 0 255 255 / -3.49563600 0.01475520
				-3.79153500 4.78296000 1.49060600 / -0.34012640 0.00052690 -0.94037970 / 255 0 255 255 / -3.49563600 0.01475520
				-3.80618200 4.78296000 1.50281300 / -0.64019630 0.00102430 -0.76821060 / 255 0 255 255 / -4.35363800 -0.06513980
				3.96042000 0.13061620 1.49060600 / 0.27001030 0.00000000 -0.96285750 / 255 0 255 255 / 0.57629390 0.05448910
				3.96042000 0.13061620 1.49060600 / 0.27001030 0.00000000 -0.96285750 / 255 0 255 255 / 0.57629390 0.05448910
				3.96042000 0.13061620 1.49060600 / 0.27001030 0.00000000 -0.96285750 / 255 0 255 255 / 0.57629390 0.05448910
				3.97165000 0.13061620 1.49744200 / 0.51996300 0.00000000 -0.85418880 / 255 0 255 255 / 0.57156370 0.05125430
				3.97165000 0.54712010 1.49744200 / 0.51996310 0.00000000 -0.85418870 / 255 0 255 255 / 0.47235110 0.04174810
				3.97165000 0.54712010 1.49744200 / 0.51996310 0.00000000 -0.85418870 / 255 0 255 255 / 0.47235110 0.04174810
				3.97165000 0.54712010 1.49744200 / 0.51996310 0.00000000 -0.85418870 / 255 0 255 255 / 0.47235110 0.04174810
				3.96042000 0.54712010 1.49060600 / 0.27001030 0.00000000 -0.96285750 / 255 0 255 255 / 0.25617980 0.13229370
				3.96042000 0.54712010 1.49060600 / 0.27001030 0.00000000 -0.96285750 / 255 0 255 255 / 0.25617980 0.13229370
				3.96042000 0.54712010 1.49060600 / 0.27001030 0.00000000 -0.96285750 / 255 0 255 255 / 0.25617980 0.13229370
				3.96042000 0.54712010 1.49060600 / 0.27001030 0.00000000 -0.96285750 / 255 0 255 255 / 0.25617980 0.13229370
				3.96042000 0.54712010 1.49060600 / 0.27001030 0.00000000 -0.96285750 / 255 0 255 255 / 0.25617980 0.13229370
				3.96042000 0.54712010 1.49060600 / 0.27001030 0.00000000 -0.96285750 / 255 0 255 255 / 0.25617980 0.13229370
				3.92965700 0.13061620 1.49060600 / -0.22298920 0.00000000 -0.97482090 / 255 0 255 255 / 0.55686950 0.01419070
				3.92965700 0.13061620 1.49060600 / -0.22298920 0.00000000 -0.97482090 / 255 0 255 255 / 0.55686950 0.01419070
				3.92965700 0.13061620 1.49060600 / -0.22298920 0.00000000 -0.97482090 / 255 0 255 255 / 0.55686950 0.01419070
				3.97165000 2.10376100 1.49744200 / 0.51996300 0.00000000 -0.85418870 / 255 0 255 255 / 0.10140990 0.00622560
				3.97165000 2.10376100 1.49744200 / 0.51996300 0.00000000 -0.85418870 / 255 0 255 255 / 0.10140990 0.00622560
				3.97165000 2.10376100 1.49744200 / 0.51996300 0.00000000 -0.85418870 / 255 0 255 255 / 0.10140990 0.00622560
				3.92965700 0.54712010 1.49060600 / -0.23625230 0.00026150 -0.97169180 / 255 0 255 255 / 0.19419860 0.01423650
				3.92965700 0.54712010 1.49060600 / -0.23625230 0.00026150 -0.97169180 / 255 0 255 255 / 0.19419860 0.01423650
				3.92965700 0.54712010 1.49060600 / -0.23625230 0.00026150 -0.97169180 / 255 0 255 255 / 0.19419860 0.01423650
				3.92965700 0.54712010 1.49060600 / -0.23625230 0.00026150 -0.97169180 / 255 0 255 255 / 0.19419860 0.01423650
				3.92965700 0.54712010 1.49060600 / -0.23625230 0.00026150 -0.97169180 / 255 0 255 255 / 0.19419860 0.01423650
				3.92965700 0.54712010 1.49060600 / -0.23625230 0.00026150 -0.97169180 / 255 0 255 255 / 0.19419860 0.01423650
				3.91549700 0.13061620 1.49744200 / -0.43535380 0.00002540 -0.90025950 / 255 0 255 255 / 0.57925410 0.00959780
				3.91549700 0.13061620 1.49744200 / -0.43535380 0.00002540 -0.90025950 / 255 0 255 255 / 0.57925410 0.00959780
				3.91549700 0.54712010 1.49793000 / -0.45973790 0.00052410 -0.88805450 / 255 0 255 255 / 0.13778690 0.00289920
				3.91549700 0.54712010 1.49793000 / -0.45973790 0.00052410 -0.88805450 / 255 0 255 255 / 0.13778690 0.00289920
				3.91549700 0.54712010 1.49793000 / -0.45973790 0.00052410 -0.88805450 / 255 0 255 255 / 0.13778690 0.00289920
				3.96042000 2.10376100 1.49060600 / 0.27001070 0.00000000 -0.96285730 / 255 0 255 255 / -0.94062810 0.42317200
				3.96042000 2.10376100 1.49060600 / 0.27001070 0.00000000 -0.96285730 / 255 0 255 255 / -0.94062810 0.42317200
				3.96042000 2.10376100 1.49060600 / 0.27001070 0.00000000 -0.96285730 / 255 0 255 255 / -0.94062810 0.42317200
				3.96042000 2.10376100 1.49060600 / 0.27001070 0.00000000 -0.96285730 / 255 0 255 255 / -0.94062810 0.42317200
				3.96042000 2.10376100 1.49060600 / 0.27001070 0.00000000 -0.96285730 / 255 0 255 255 / -0.94062810 0.42317200
				3.96042000 2.10376100 1.49060600 / 0.27001070 0.00000000 -0.96285730 / 255 0 255 255 / -0.94062810 0.42317200
				3.97165000 2.83471800 1.49744200 / 0.51996300 0.00000000 -0.85418890 / 255 0 255 255 / -0.07278440 -0.01045230
				3.97165000 2.83471800 1.49744200 / 0.51996300 0.00000000 -0.85418890 / 255 0 255 255 / -0.07278440 -0.01045230
				3.97165000 2.83471800 1.49744200 / 0.51996300 0.00000000 -0.85418890 / 255 0 255 255 / -0.07278440 -0.01045230
				3.92965700 2.10376100 1.49060600 / -0.28579350 0.00027200 -0.95829120 / 255 0 255 255 / -1.16174300 0.01443480
				3.92965700 2.10376100 1.49060600 / -0.28579350 0.00027200 -0.95829120 / 255 0 255 255 / -1.16174300 0.01443480
				3.92965700 2.10376100 1.49060600 / -0.28579350 0.00027200 -0.95829120 / 255 0 255 255 / -1.16174300 0.01443480
				3.92965700 2.10376100 1.49060600 / -0.28579350 0.00027200 -0.95829120 / 255 0 255 255 / -1.16174300 0.01443480
				3.92965700 2.10376100 1.49060600 / -0.28579350 0.00027200 -0.95829120 / 255 0 255 255 / -1.16174300 0.01443480
				3.92965700 2.10376100 1.49060600 / -0.28579350 0.00027200 -0.95829120 / 255 0 255 255 / -1.16174300 0.01443480
				3.91549700 2.10376100 1.49988300 / -0.54832360 0.00053280 -0.83626610 / 255 0 255 255 / -1.51271100 -0.02209470
				3.91549700 2.10376100 1.49988300 / -0.54832360 0.00053280 -0.83626610 / 255 0 255 255 / -1.51271100 -0.02209470
				3.91549700 2.10376100 1.49988300 / -0.54832360 0.00053280 -0.83626610 / 255 0 255 255 / -1.51271100 -0.02209470
				3.96042000 2.83471800 1.49060600 / 0.27001000 0.00000000 -0.96285750 / 255 0 255 255 / -1.50268600 0.55978390
				3.96042000 2.83471800 1.49060600 / 0.27001000 0.00000000 -0.96285750 / 255 0 255 255 / -1.50268600 0.55978390
				3.96042000 2.83471800 1.49060600 / 0.27001000 0.00000000 -0.96285750 / 255 0 255 255 / -1.50268600 0.55978390
				3.96042000 2.83471800 1.49060600 / 0.27001000 0.00000000 -0.96285750 / 255 0 255 255 / -1.50268600 0.55978390
				3.96042000 2.83471800 1.49060600 / 0.27001000 0.00000000 -0.96285750 / 255 0 255 255 / -1.50268600 0.55978390
				3.96042000 2.83471800 1.49060600 / 0.27001000 0.00000000 -0.96285750 / 255 0 255 255 / -1.50268600 0.55978390
				3.97165000 4.41674900 1.49744200 / 0.51996310 0.00000000 -0.85418880 / 255 0 255 255 / -0.44978330 -0.04655460
				3.97165000 4.41674900 1.49744200 / 0.51996310 0.00000000 -0.85418880 / 255 0 255 255 / -0.44978330 -0.04655460
				3.97165000 4.41674900 1.49744200 / 0.51996310 0.00000000 -0.85418880 / 255 0 255 255 / -0.44978330 -0.04655460
				3.92965700 2.83471800 1.49060600 / -0.30810380 0.00028020 -0.95135270 / 255 0 255 255 / -1.79852300 0.01451110
				3.92965700 2.83471800 1.49060600 / -0.30810380 0.00028020 -0.95135270 / 255 0 255 255 / -1.79852300 0.01451110
				3.92965700 2.83471800 1.49060600 / -0.30810380 0.00028020 -0.95135270 / 255 0 255 255 / -1.79852300 0.01451110
				3.92965700 2.83471800 1.49060600 / -0.30810380 0.00028020 -0.95135270 / 255 0 255 255 / -1.79852300 0.01451110
				3.92965700 2.83471800 1.49060600 / -0.30810380 0.00028020 -0.95135270 / 255 0 255 255 / -1.79852300 0.01451110
				3.92965700 2.83471800 1.49060600 / -0.30810380 0.00028020 -0.95135270 / 255 0 255 255 / -1.79852300 0.01451110
				3.91549700 2.83471800 1.50086000 / -0.58670310 0.00054350 -0.80980200 / 255 0 255 255 / -2.28782700 -0.03384400
				3.91549700 2.83471800 1.50086000 / -0.58670310 0.00054350 -0.80980200 / 255 0 255 255 / -2.28782700 -0.03384400
				3.91549700 2.83471800 1.50086000 / -0.58670310 0.00054350 -0.80980200 / 255 0 255 255 / -2.28782700 -0.03384400
				3.96042000 4.41674900 1.49060600 / 0.27001030 0.00000000 -0.96285750 / 255 0 255 255 / -2.71907000 0.85542300
				3.96042000 4.41674900 1.49060600 / 0.27001030 0.00000000 -0.96285750 / 255 0 255 255 / -2.71907000 0.85542300
				3.96042000 4.41674900 1.49060600 / 0.27001030 0.00000000 -0.96285750 / 255 0 255 255 / -2.71907000 0.85542300
				3.96042000 4.41674900 1.49060600 / 0.27001030 0.00000000 -0.96285750 / 255 0 255 255 / -2.71907000 0.85542300
				3.96042000 4.41674900 1.49060600 / 0.27001030 0.00000000 -0.96285750 / 255 0 255 255 / -2.71907000 0.85542300
				3.96042000 4.41674900 1.49060600 / 0.27001030 0.00000000 -0.96285750 / 255 0 255 255 / -2.71907000 0.85542300
				3.97165000 4.78296000 1.49744200 / 0.51996310 0.00000000 -0.85418880 / 255 0 255 255 / -0.53704830 -0.05490110
				3.97165000 4.78296000 1.49744200 / 0.51996310 0.00000000 -0.85418880 / 255 0 255 255 / -0.53704830 -0.05490110
				3.96042000 4.78296000 1.49060600 / 0.27001040 0.00000000 -0.96285750 / 255 0 255 255 / -3.00064100 0.92385870
				3.96042000 4.78296000 1.49060600 / 0.27001040 0.00000000 -0.96285750 / 255 0 255 255 / -3.00064100 0.92385870
				3.96042000 4.78296000 1.49060600 / 0.27001040 0.00000000 -0.96285750 / 255 0 255 255 / -3.00064100 0.92385870
				3.92965700 4.41674900 1.49060600 / -0.33871870 0.00018820 -0.94088760 / 255 0 255 255 / -3.17662000 0.01470950
				3.92965700 4.41674900 1.49060600 / -0.33871870 0.00018820 -0.94088760 / 255 0 255 255 / -3.17662000 0.01470950
				3.92965700 4.41674900 1.49060600 / -0.33871870 0.00018820 -0.94088760 / 255 0 255 255 / -3.17662000 0.01470950
				3.92965700 4.41674900 1.49060600 / -0.33871870 0.00018820 -0.94088760 / 255 0 255 255 / -3.17662000 0.01470950
				3.92965700 4.41674900 1.49060600 / -0.33871870 0.00018820 -0.94088760 / 255 0 255 255 / -3.17662000 0.01470950
				3.92965700 4.41674900 1.49060600 / -0.33871870 0.00018820 -0.94088760 / 255 0 255 255 / -3.17662000 0.01470950
				3.91549700 4.41674900 1.50232500 / -0.63781930 0.00037290 -0.77018600 / 255 0 255 255 / -3.96531700 -0.05924990
				3.91549700 4.41674900 1.50232500 / -0.63781930 0.00037290 -0.77018600 / 255 0 255 255 / -3.96531700 -0.05924990
				3.91549700 4.41674900 1.50232500 / -0.63781930 0.00037290 -0.77018600 / 255 0 255 255 / -3.96531700 -0.05924990
				3.92965700 4.78296000 1.49060600 / -0.34797310 0.00052140 -0.93750430 / 255 0 255 255 / -3.49563600 0.01475520
				3.92965700 4.78296000 1.49060600 / -0.34797310 0.00052140 -0.93750430 / 255 0 255 255 / -3.49563600 0.01475520
				3.92965700 4.78296000 1.49060600 / -0.34797310 0.00052140 -0.93750430 / 255 0 255 255 / -3.49563600 0.01475520
				3.91549700 4.78296000 1.50281300 / -0.65293930 0.00100990 -0.75740960 / 255 0 255 255 / -4.35363800 -0.06513980
				3.97457900 4.81372200 1.49060600 / 0.00000000 0.27001050 -0.96285750 / 255 0 255 255 / 0.57629390 0.05448910
				3.97457900 4.81372200 1.49060600 / 0.00000000 0.27001050 -0.96285750 / 255 0 255 255 / 0.57629390 0.05448910
				3.97457900 4.81372200 1.49060600 / 0.00000000 0.27001050 -0.96285750 / 255 0 255 255 / 0.57629390 0.05448910
				3.97457900 4.82495200 1.49744200 / 0.00000000 0.51996300 -0.85418880 / 255 0 255 255 / 0.57156370 0.05125430
				3.25924700 4.82495200 1.49744200 / 0.00000000 0.51996310 -0.85418880 / 255 0 255 255 / 0.46975710 0.04150390
				3.25924700 4.82495200 1.49744200 / 0.00000000 0.51996310 -0.85418880 / 255 0 255 255 / 0.46975710 0.04150390
				3.25924700 4.82495200 1.49744200 / 0.00000000 0.51996310 -0.85418880 / 255 0 255 255 / 0.46975710 0.04150390
				3.25924700 4.81372200 1.49060600 / 0.00000000 0.27001020 -0.96285750 / 255 0 255 255 / 0.24781800 0.13432310
				3.25924700 4.81372200 1.49060600 / 0.00000000 0.27001020 -0.96285750 / 255 0 255 255 / 0.24781800 0.13432310
				3.25924700 4.81372200 1.49060600 / 0.00000000 0.27001020 -0.96285750 / 255 0 255 255 / 0.24781800 0.13432310
				3.25924700 4.81372200 1.49060600 / 0.00000000 0.27001020 -0.96285750 / 255 0 255 255 / 0.24781800 0.13432310
				3.25924700 4.81372200 1.49060600 / 0.00000000 0.27001020 -0.96285750 / 255 0 255 255 / 0.24781800 0.13432310
				3.25924700 4.81372200 1.49060600 / 0.00000000 0.27001020 -0.96285750 / 255 0 255 255 / 0.24781800 0.13432310
				3.97457900 4.78296000 1.49060600 / 0.00000000 -0.22299570 -0.97481950 / 255 0 255 255 / 0.55686950 0.01419070
				3.97457900 4.78296000 1.49060600 / 0.00000000 -0.22299570 -0.97481950 / 255 0 255 255 / 0.55686950 0.01419070
				3.97457900 4.78296000 1.49060600 / 0.00000000 -0.22299570 -0.97481950 / 255 0 255 255 / 0.55686950 0.01419070
				0.08102450 4.82495200 1.49744200 / 0.00000000 0.51996300 -0.85418870 / 255 0 255 255 / 0.01725770 -0.00183110
				0.08102450 4.82495200 1.49744200 / 0.00000000 0.51996300 -0.85418870 / 255 0 255 255 / 0.01725770 -0.00183110
				0.08102450 4.82495200 1.49744200 / 0.00000000 0.51996300 -0.85418870 / 255 0 255 255 / 0.01725770 -0.00183110
				3.25924700 4.78296000 1.49060600 / -0.00015380 -0.23632630 -0.97167380 / 255 0 255 255 / 0.18470760 0.01423650
				3.25924700 4.78296000 1.49060600 / -0.00015380 -0.23632630 -0.97167380 / 255 0 255 255 / 0.18470760 0.01423650
				3.25924700 4.78296000 1.49060600 / -0.00015380 -0.23632630 -0.97167380 / 255 0 255 255 / 0.18470760 0.01423650
				3.25924700 4.78296000 1.49060600 / -0.00015380 -0.23632630 -0.97167380 / 255 0 255 255 / 0.18470760 0.01423650
				3.25924700 4.78296000 1.49060600 / -0.00015380 -0.23632630 -0.97167380 / 255 0 255 255 / 0.18470760 0.01423650
				3.25924700 4.78296000 1.49060600 / -0.00015380 -0.23632630 -0.97167380 / 255 0 255 255 / 0.18470760 0.01423650
				3.97457900 4.76880000 1.49744200 / -0.00000860 -0.43511330 -0.90037580 / 255 0 255 255 / 0.57925410 0.00959780
				3.97457900 4.76880000 1.49744200 / -0.00000860 -0.43511330 -0.90037580 / 255 0 255 255 / 0.57925410 0.00959780
				3.25924700 4.76880000 1.49793000 / -0.00030420 -0.45962770 -0.88811160 / 255 0 255 255 / 0.12625120 0.00273130
				3.25924700 4.76880000 1.49793000 / -0.00030420 -0.45962770 -0.88811160 / 255 0 255 255 / 0.12625120 0.00273130
				3.25924700 4.76880000 1.49793000 / -0.00030420 -0.45962770 -0.88811160 / 255 0 255 255 / 0.12625120 0.00273130
				0.08102450 4.81372200 1.49060600 / 0.00000000 0.27001060 -0.96285750 / 255 0 255 255 / -1.21217300 0.48916630
				0.08102450 4.81372200 1.49060600 / 0.00000000 0.27001060 -0.96285750 / 255 0 255 255 / -1.21217300 0.48916630
				0.08102450 4.81372200 1.49060600 / 0.00000000 0.27001060 -0.96285750 / 255 0 255 255 / -1.21217300 0.48916630
				0.08102450 4.81372200 1.49060600 / 0.00000000 0.27001060 -0.96285750 / 255 0 255 255 / -1.21217300 0.48916630
				0.08102450 4.81372200 1.49060600 / 0.00000000 0.27001060 -0.96285750 / 255 0 255 255 / -1.21217300 0.48916630
				0.08102450 4.81372200 1.49060600 / 0.00000000 0.27001060 -0.96285750 / 255 0 255 255 / -1.21217300 0.48916630
				-2.94680700 4.82495200 1.49744200 / 0.00000000 0.51996310 -0.85418870 / 255 0 255 255 / -0.41383360 -0.04310610
				-2.94680700 4.82495200 1.49744200 / 0.00000000 0.51996310 -0.85418870 / 255 0 255 255 / -0.41383360 -0.04310610
				-2.94680700 4.82495200 1.49744200 / 0.00000000 0.51996310 -0.85418870 / 255 0 255 255 / -0.41383360 -0.04310610
				0.08102450 4.78296000 1.49060600 / -0.00016500 -0.29722190 -0.95480840 / 255 0 255 255 / -1.46937600 0.01446530
				0.08102450 4.78296000 1.49060600 / -0.00016500 -0.29722190 -0.95480840 / 255 0 255 255 / -1.46937600 0.01446530
				0.08102450 4.78296000 1.49060600 / -0.00016500 -0.29722190 -0.95480840 / 255 0 255 255 / -1.46937600 0.01446530
				0.08102450 4.78296000 1.49060600 / -0.00016500 -0.29722190 -0.95480840 / 255 0 255 255 / -1.46937600 0.01446530
				0.08102450 4.78296000 1.49060600 / -0.00016500 -0.29722190 -0.95480840 / 255 0 255 255 / -1.46937600 0.01446530
				0.08102450 4.78296000 1.49060600 / -0.00016500 -0.29722190 -0.95480840 / 255 0 255 255 / -1.46937600 0.01446530
				0.08102450 4.76880000 1.50037100 / -0.00031710 -0.56788500 -0.82310780 / 255 0 255 255 / -1.88719200 -0.02777100
				0.08102450 4.76880000 1.50037100 / -0.00031710 -0.56788500 -0.82310780 / 255 0 255 255 / -1.88719200 -0.02777100
				0.08102450 4.76880000 1.50037100 / -0.00031710 -0.56788500 -0.82310780 / 255 0 255 255 / -1.88719200 -0.02777100
				-2.94680700 4.81372200 1.49060600 / 0.00000000 0.27001060 -0.96285750 / 255 0 255 255 / -2.60307300 0.82722470
				-2.94680700 4.81372200 1.49060600 / 0.00000000 0.27001060 -0.96285750 / 255 0 255 255 / -2.60307300 0.82722470
				-2.94680700 4.81372200 1.49060600 / 0.00000000 0.27001060 -0.96285750 / 255 0 255 255 / -2.60307300 0.82722470
				-2.94680700 4.81372200 1.49060600 / 0.00000000 0.27001060 -0.96285750 / 255 0 255 255 / -2.60307300 0.82722470
				-2.94680700 4.81372200 1.49060600 / 0.00000000 0.27001060 -0.96285750 / 255 0 255 255 / -2.60307300 0.82722470
				-2.94680700 4.81372200 1.49060600 / 0.00000000 0.27001060 -0.96285750 / 255 0 255 255 / -2.60307300 0.82722470
				-3.81253000 4.82495200 1.49744200 / 0.00000000 0.51996310 -0.85418870 / 255 0 255 255 / -0.53704830 -0.05490110
				-3.81253000 4.82495200 1.49744200 / 0.00000000 0.51996310 -0.85418870 / 255 0 255 255 / -0.53704830 -0.05490110
				-3.81253000 4.81372200 1.49060600 / 0.00000000 0.27001050 -0.96285750 / 255 0 255 255 / -3.00064100 0.92385870
				-3.81253000 4.81372200 1.49060600 / 0.00000000 0.27001050 -0.96285750 / 255 0 255 255 / -3.00064100 0.92385870
				-3.81253000 4.81372200 1.49060600 / 0.00000000 0.27001050 -0.96285750 / 255 0 255 255 / -3.00064100 0.92385870
				-2.94680700 4.78296000 1.49060600 / -0.00013160 -0.33875920 -0.94087310 / 255 0 255 255 / -3.04521200 0.01467900
				-2.94680700 4.78296000 1.49060600 / -0.00013160 -0.33875920 -0.94087310 / 255 0 255 255 / -3.04521200 0.01467900
				-2.94680700 4.78296000 1.49060600 / -0.00013160 -0.33875920 -0.94087310 / 255 0 255 255 / -3.04521200 0.01467900
				-2.94680700 4.78296000 1.49060600 / -0.00013160 -0.33875920 -0.94087310 / 255 0 255 255 / -3.04521200 0.01467900
				-2.94680700 4.78296000 1.49060600 / -0.00013160 -0.33875920 -0.94087310 / 255 0 255 255 / -3.04521200 0.01467900
				-2.94680700 4.78296000 1.49060600 / -0.00013160 -0.33875920 -0.94087310 / 255 0 255 255 / -3.04521200 0.01467900
				-2.94680700 4.76880000 1.50232500 / -0.00025130 -0.63768710 -0.77029570 / 255 0 255 255 / -3.80535900 -0.05683900
				-2.94680700 4.76880000 1.50232500 / -0.00025130 -0.63768710 -0.77029570 / 255 0 255 255 / -3.80535900 -0.05683900
				-2.94680700 4.76880000 1.50232500 / -0.00025130 -0.63768710 -0.77029570 / 255 0 255 255 / -3.80535900 -0.05683900
				-3.81253000 4.78296000 1.49060600 / -0.00022480 -0.34815470 -0.93743700 / 255 0 255 255 / -3.49563600 0.01475520
				-3.81253000 4.78296000 1.49060600 / -0.00022480 -0.34815470 -0.93743700 / 255 0 255 255 / -3.49563600 0.01475520
				-3.81253000 4.78296000 1.49060600 / -0.00022480 -0.34815470 -0.93743700 / 255 0 255 255 / -3.49563600 0.01475520
				-3.81253000 4.76880000 1.50281300 / -0.00042720 -0.65295220 -0.75739900 / 255 0 255 255 / -4.35363800 -0.06513980
				3.97457900 0.13061620 1.49060600 / 0.00000000 0.26999220 -0.96286240 / 255 0 255 255 / 0.57629390 0.05448910
				3.97457900 0.13061620 1.49060600 / 0.00000000 0.26999220 -0.96286240 / 255 0 255 255 / 0.57629390 0.05448910
				3.97457900 0.13061620 1.49060600 / 0.00000000 0.26999220 -0.96286240 / 255 0 255 255 / 0.57629390 0.05448910
				3.97457900 0.14184710 1.49744200 / 0.00000000 0.51993090 -0.85420840 / 255 0 255 255 / 0.57156370 0.05125430
				3.25924700 0.14184710 1.49744200 / 0.00000000 0.51993080 -0.85420840 / 255 0 255 255 / 0.46975710 0.04150390
				3.25924700 0.14184710 1.49744200 / 0.00000000 0.51993080 -0.85420840 / 255 0 255 255 / 0.46975710 0.04150390
				3.25924700 0.14184710 1.49744200 / 0.00000000 0.51993080 -0.85420840 / 255 0 255 255 / 0.46975710 0.04150390
				3.25924700 0.13061620 1.49060600 / 0.00000000 0.26999200 -0.96286260 / 255 0 255 255 / 0.24781800 0.13432310
				3.25924700 0.13061620 1.49060600 / 0.00000000 0.26999200 -0.96286260 / 255 0 255 255 / 0.24781800 0.13432310
				3.25924700 0.13061620 1.49060600 / 0.00000000 0.26999200 -0.96286260 / 255 0 255 255 / 0.24781800 0.13432310
				3.25924700 0.13061620 1.49060600 / 0.00000000 0.26999200 -0.96286260 / 255 0 255 255 / 0.24781800 0.13432310
				3.25924700 0.13061620 1.49060600 / 0.00000000 0.26999200 -0.96286260 / 255 0 255 255 / 0.24781800 0.13432310
				3.25924700 0.13061620 1.49060600 / 0.00000000 0.26999200 -0.96286260 / 255 0 255 255 / 0.24781800 0.13432310
				3.97457900 0.09985520 1.49060600 / 0.00000000 -0.22297640 -0.97482380 / 255 0 255 255 / 0.55686950 0.01419070
				3.97457900 0.09985520 1.49060600 / 0.00000000 -0.22297640 -0.97482380 / 255 0 255 255 / 0.55686950 0.01419070
				3.97457900 0.09985520 1.49060600 / 0.00000000 -0.22297640 -0.97482380 / 255 0 255 255 / 0.55686950 0.01419070
				0.08102450 0.14184710 1.49744200 / 0.00000000 0.51993080 -0.85420840 / 255 0 255 255 / 0.01725770 -0.00183110
				0.08102450 0.14184710 1.49744200 / 0.00000000 0.51993080 -0.85420840 / 255 0 255 255 / 0.01725770 -0.00183110
				0.08102450 0.14184710 1.49744200 / 0.00000000 0.51993080 -0.85420840 / 255 0 255 255 / 0.01725770 -0.00183110
				3.25924700 0.09985520 1.49060600 / -0.00015380 -0.23630620 -0.97167860 / 255 0 255 255 / 0.18470760 0.01423650
				3.25924700 0.09985520 1.49060600 / -0.00015380 -0.23630620 -0.97167860 / 255 0 255 255 / 0.18470760 0.01423650
				3.25924700 0.09985520 1.49060600 / -0.00015380 -0.23630620 -0.97167860 / 255 0 255 255 / 0.18470760 0.01423650
				3.25924700 0.09985520 1.49060600 / -0.00015380 -0.23630620 -0.97167860 / 255 0 255 255 / 0.18470760 0.01423650
				3.25924700 0.09985520 1.49060600 / -0.00015380 -0.23630620 -0.97167860 / 255 0 255 255 / 0.18470760 0.01423650
				3.25924700 0.09985520 1.49060600 / -0.00015380 -0.23630620 -0.97167860 / 255 0 255 255 / 0.18470760 0.01423650
				3.97457900 0.08569409 1.49744200 / -0.00000860 -0.43507760 -0.90039290 / 255 0 255 255 / 0.57925410 0.00959780
				3.97457900 0.08569409 1.49744200 / -0.00000860 -0.43507760 -0.90039290 / 255 0 255 255 / 0.57925410 0.00959780
				3.25924700 0.08569409 1.49793000 / -0.00030420 -0.45959110 -0.88813060 / 255 0 255 255 / 0.12625120 0.00273130
				3.25924700 0.08569409 1.49793000 / -0.00030420 -0.45959110 -0.88813060 / 255 0 255 255 / 0.12625120 0.00273130
				3.25924700 0.08569409 1.49793000 / -0.00030420 -0.45959110 -0.88813060 / 255 0 255 255 / 0.12625120 0.00273130
				0.08102450 0.13061620 1.49060600 / 0.00000000 0.26999240 -0.96286260 / 255 0 255 255 / -1.21217300 0.48916630
				0.08102450 0.13061620 1.49060600 / 0.00000000 0.26999240 -0.96286260 / 255 0 255 255 / -1.21217300 0.48916630
				0.08102450 0.13061620 1.49060600 / 0.00000000 0.26999240 -0.96286260 / 255 0 255 255 / -1.21217300 0.48916630
				0.08102450 0.13061620 1.49060600 / 0.00000000 0.26999240 -0.96286260 / 255 0 255 255 / -1.21217300 0.48916630
				0.08102450 0.13061620 1.49060600 / 0.00000000 0.26999240 -0.96286260 / 255 0 255 255 / -1.21217300 0.48916630
				0.08102450 0.13061620 1.49060600 / 0.00000000 0.26999240 -0.96286260 / 255 0 255 255 / -1.21217300 0.48916630
				-2.94680700 0.14184710 1.49744200 / 0.00000000 0.51993080 -0.85420830 / 255 0 255 255 / -0.41383360 -0.04310610
				-2.94680700 0.14184710 1.49744200 / 0.00000000 0.51993080 -0.85420830 / 255 0 255 255 / -0.41383360 -0.04310610
				-2.94680700 0.14184710 1.49744200 / 0.00000000 0.51993080 -0.85420830 / 255 0 255 255 / -0.41383360 -0.04310610
				0.08102450 0.09985520 1.49060600 / -0.00016510 -0.29719930 -0.95481540 / 255 0 255 255 / -1.46937600 0.01446530
				0.08102450 0.09985520 1.49060600 / -0.00016510 -0.29719930 -0.95481540 / 255 0 255 255 / -1.46937600 0.01446530
				0.08102450 0.09985520 1.49060600 / -0.00016510 -0.29719930 -0.95481540 / 255 0 255 255 / -1.46937600 0.01446530
				0.08102450 0.09985520 1.49060600 / -0.00016510 -0.29719930 -0.95481540 / 255 0 255 255 / -1.46937600 0.01446530
				0.08102450 0.09985520 1.49060600 / -0.00016510 -0.29719930 -0.95481540 / 255 0 255 255 / -1.46937600 0.01446530
				0.08102450 0.09985520 1.49060600 / -0.00016510 -0.29719930 -0.95481540 / 255 0 255 255 / -1.46937600 0.01446530
				0.08102450 0.08569409 1.50037100 / -0.00031710 -0.56784610 -0.82313470 / 255 0 255 255 / -1.88719200 -0.02777100
				0.08102450 0.08569409 1.50037100 / -0.00031710 -0.56784610 -0.82313470 / 255 0 255 255 / -1.88719200 -0.02777100
				0.08102450 0.08569409 1.50037100 / -0.00031710 -0.56784610 -0.82313470 / 255 0 255 255 / -1.88719200 -0.02777100
				-2.94680700 0.13061620 1.49060600 / 0.00000000 0.26999240 -0.96286240 / 255 0 255 255 / -2.60307300 0.82722470
				-2.94680700 0.13061620 1.49060600 / 0.00000000 0.26999240 -0.96286240 / 255 0 255 255 / -2.60307300 0.82722470
				-2.94680700 0.13061620 1.49060600 / 0.00000000 0.26999240 -0.96286240 / 255 0 255 255 / -2.60307300 0.82722470
				-2.94680700 0.13061620 1.49060600 / 0.00000000 0.26999240 -0.96286240 / 255 0 255 255 / -2.60307300 0.82722470
				-2.94680700 0.13061620 1.49060600 / 0.00000000 0.26999240 -0.96286240 / 255 0 255 255 / -2.60307300 0.82722470
				-2.94680700 0.13061620 1.49060600 / 0.00000000 0.26999240 -0.96286240 / 255 0 255 255 / -2.60307300 0.82722470
				-3.81253000 0.14184710 1.49744200 / 0.00000000 0.51993090 -0.85420840 / 255 0 255 255 / -0.53704830 -0.05490110
				-3.81253000 0.14184710 1.49744200 / 0.00000000 0.51993090 -0.85420840 / 255 0 255 255 / -0.53704830 -0.05490110
				-3.81253000 0.13061620 1.49060600 / 0.00000000 0.26999230 -0.96286250 / 255 0 255 255 / -3.00064100 0.92385870
				-3.81253000 0.13061620 1.49060600 / 0.00000000 0.26999230 -0.96286250 / 255 0 255 255 / -3.00064100 0.92385870
				-3.81253000 0.13061620 1.49060600 / 0.00000000 0.26999230 -0.96286250 / 255 0 255 255 / -3.00064100 0.92385870
				-2.94680700 0.09985520 1.49060600 / -0.00013160 -0.33873580 -0.94088160 / 255 0 255 255 / -3.04521200 0.01467900
				-2.94680700 0.09985520 1.49060600 / -0.00013160 -0.33873580 -0.94088160 / 255 0 255 255 / -3.04521200 0.01467900
				-2.94680700 0.09985520 1.49060600 / -0.00013160 -0.33873580 -0.94088160 / 255 0 255 255 / -3.04521200 0.01467900
				-2.94680700 0.09985520 1.49060600 / -0.00013160 -0.33873580 -0.94088160 / 255 0 255 255 / -3.04521200 0.01467900
				-2.94680700 0.09985520 1.49060600 / -0.00013160 -0.33873580 -0.94088160 / 255 0 255 255 / -3.04521200 0.01467900
				-2.94680700 0.09985520 1.49060600 / -0.00013160 -0.33873580 -0.94088160 / 255 0 255 255 / -3.04521200 0.01467900
				-2.94680700 0.08569409 1.50232500 / -0.00025140 -0.63764870 -0.77032720 / 255 0 255 255 / -3.80535900 -0.05683900
				-2.94680700 0.08569409 1.50232500 / -0.00025140 -0.63764870 -0.77032720 / 255 0 255 255 / -3.80535900 -0.05683900
				-2.94680700 0.08569409 1.50232500 / -0.00025140 -0.63764870 -0.77032720 / 255 0 255 255 / -3.80535900 -0.05683900
				-3.81253000 0.09985520 1.49060600 / -0.00022480 -0.34813120 -0.93744590 / 255 0 255 255 / -3.49563600 0.01475520
				-3.81253000 0.09985520 1.49060600 / -0.00022480 -0.34813120 -0.93744590 / 255 0 255 255 / -3.49563600 0.01475520
				-3.81253000 0.09985520 1.49060600 / -0.00022480 -0.34813120 -0.93744590 / 255 0 255 255 / -3.49563600 0.01475520
				-3.81253000 0.08569409 1.50281300 / -0.00042720 -0.65291420 -0.75743160 / 255 0 255 255 / -4.35363800 -0.06513980
				3.97457900 2.50512800 1.49060600 / 0.00000000 0.27958760 -0.96012020 / 255 0 255 255 / 0.57629390 0.05448910
				3.97457900 2.50512800 1.49060600 / 0.00000000 0.27958760 -0.96012020 / 255 0 255 255 / 0.57629390 0.05448910
				3.97457900 2.50512800 1.49060600 / 0.00000000 0.27958760 -0.96012020 / 255 0 255 255 / 0.57629390 0.05448910
				3.97457900 2.51587000 1.49744200 / 0.00000000 0.53687550 -0.84366150 / 255 0 255 255 / 0.57156370 0.05125430
				3.25924700 2.51587000 1.49744200 / 0.00000000 0.53687550 -0.84366150 / 255 0 255 255 / 0.46975710 0.04150390
				3.25924700 2.51587000 1.49744200 / 0.00000000 0.53687550 -0.84366150 / 255 0 255 255 / 0.46975710 0.04150390
				3.25924700 2.51587000 1.49744200 / 0.00000000 0.53687550 -0.84366150 / 255 0 255 255 / 0.46975710 0.04150390
				3.25924700 2.50512800 1.49060600 / 0.00000000 0.27958790 -0.96012000 / 255 0 255 255 / 0.24781800 0.13432310
				3.25924700 2.50512800 1.49060600 / 0.00000000 0.27958790 -0.96012000 / 255 0 255 255 / 0.24781800 0.13432310
				3.25924700 2.50512800 1.49060600 / 0.00000000 0.27958790 -0.96012000 / 255 0 255 255 / 0.24781800 0.13432310
				3.25924700 2.50512800 1.49060600 / 0.00000000 0.27958790 -0.96012000 / 255 0 255 255 / 0.24781800 0.13432310
				3.25924700 2.50512800 1.49060600 / 0.00000000 0.27958790 -0.96012000 / 255 0 255 255 / 0.24781800 0.13432310
				3.25924700 2.50512800 1.49060600 / 0.00000000 0.27958790 -0.96012000 / 255 0 255 255 / 0.24781800 0.13432310
				3.97457900 2.47436600 1.49060600 / 0.00000000 -0.22298930 -0.97482090 / 255 0 255 255 / 0.55686950 0.01419070
				3.97457900 2.47436600 1.49060600 / 0.00000000 -0.22298930 -0.97482090 / 255 0 255 255 / 0.55686950 0.01419070
				3.97457900 2.47436600 1.49060600 / 0.00000000 -0.22298930 -0.97482090 / 255 0 255 255 / 0.55686950 0.01419070
				0.08102450 2.51587000 1.49744200 / 0.00000000 0.53687540 -0.84366150 / 255 0 255 255 / 0.01725770 -0.00183110
				0.08102450 2.51587000 1.49744200 / 0.00000000 0.53687540 -0.84366150 / 255 0 255 255 / 0.01725770 -0.00183110
				0.08102450 2.51587000 1.49744200 / 0.00000000 0.53687540 -0.84366150 / 255 0 255 255 / 0.01725770 -0.00183110
				3.25924700 2.47436600 1.49060600 / -0.00015380 -0.23631960 -0.97167540 / 255 0 255 255 / 0.18470760 0.01423650
				3.25924700 2.47436600 1.49060600 / -0.00015380 -0.23631960 -0.97167540 / 255 0 255 255 / 0.18470760 0.01423650
				3.25924700 2.47436600 1.49060600 / -0.00015380 -0.23631960 -0.97167540 / 255 0 255 255 / 0.18470760 0.01423650
				3.25924700 2.47436600 1.49060600 / -0.00015380 -0.23631960 -0.97167540 / 255 0 255 255 / 0.18470760 0.01423650
				3.25924700 2.47436600 1.49060600 / -0.00015380 -0.23631960 -0.97167540 / 255 0 255 255 / 0.18470760 0.01423650
				3.25924700 2.47436600 1.49060600 / -0.00015380 -0.23631960 -0.97167540 / 255 0 255 255 / 0.18470760 0.01423650
				3.97457900 2.46020600 1.49744200 / -0.00000860 -0.43510140 -0.90038150 / 255 0 255 255 / 0.57925410 0.00959780
				3.97457900 2.46020600 1.49744200 / -0.00000860 -0.43510140 -0.90038150 / 255 0 255 255 / 0.57925410 0.00959780
				3.25924700 2.46020600 1.49793000 / -0.00030420 -0.45961560 -0.88811790 / 255 0 255 255 / 0.12625120 0.00273130
				3.25924700 2.46020600 1.49793000 / -0.00030420 -0.45961560 -0.88811790 / 255 0 255 255 / 0.12625120 0.00273130
				3.25924700 2.46020600 1.49793000 / -0.00030420 -0.45961560 -0.88811790 / 255 0 255 255 / 0.12625120 0.00273130
				0.08102450 2.50512800 1.49060600 / 0.00000000 0.27958830 -0.96012010 / 255 0 255 255 / -1.21217300 0.48916630
				0.08102450 2.50512800 1.49060600 / 0.00000000 0.27958830 -0.96012010 / 255 0 255 255 / -1.21217300 0.48916630
				0.08102450 2.50512800 1.49060600 / 0.00000000 0.27958830 -0.96012010 / 255 0 255 255 / -1.21217300 0.48916630
				0.08102450 2.50512800 1.49060600 / 0.00000000 0.27958830 -0.96012010 / 255 0 255 255 / -1.21217300 0.48916630
				0.08102450 2.50512800 1.49060600 / 0.00000000 0.27958830 -0.96012010 / 255 0 255 255 / -1.21217300 0.48916630
				0.08102450 2.50512800 1.49060600 / 0.00000000 0.27958830 -0.96012010 / 255 0 255 255 / -1.21217300 0.48916630
				-2.94680700 2.51587000 1.49744200 / 0.00000000 0.53687550 -0.84366150 / 255 0 255 255 / -0.41383360 -0.04310610
				-2.94680700 2.51587000 1.49744200 / 0.00000000 0.53687550 -0.84366150 / 255 0 255 255 / -0.41383360 -0.04310610
				-2.94680700 2.51587000 1.49744200 / 0.00000000 0.53687550 -0.84366150 / 255 0 255 255 / -0.41383360 -0.04310610
				0.08102450 2.47436600 1.49060600 / -0.00016500 -0.29721440 -0.95481070 / 255 0 255 255 / -1.46937600 0.01446530
				0.08102450 2.47436600 1.49060600 / -0.00016500 -0.29721440 -0.95481070 / 255 0 255 255 / -1.46937600 0.01446530
				0.08102450 2.47436600 1.49060600 / -0.00016500 -0.29721440 -0.95481070 / 255 0 255 255 / -1.46937600 0.01446530
				0.08102450 2.47436600 1.49060600 / -0.00016500 -0.29721440 -0.95481070 / 255 0 255 255 / -1.46937600 0.01446530
				0.08102450 2.47436600 1.49060600 / -0.00016500 -0.29721440 -0.95481070 / 255 0 255 255 / -1.46937600 0.01446530
				0.08102450 2.47436600 1.49060600 / -0.00016500 -0.29721440 -0.95481070 / 255 0 255 255 / -1.46937600 0.01446530
				0.08102450 2.46020600 1.50037100 / -0.00031710 -0.56787200 -0.82311670 / 255 0 255 255 / -1.88719200 -0.02777100
				0.08102450 2.46020600 1.50037100 / -0.00031710 -0.56787200 -0.82311670 / 255 0 255 255 / -1.88719200 -0.02777100
				0.08102450 2.46020600 1.50037100 / -0.00031710 -0.56787200 -0.82311670 / 255 0 255 255 / -1.88719200 -0.02777100
				-2.94680700 2.50512800 1.49060600 / 0.00000000 0.27958780 -0.96012010 / 255 0 255 255 / -2.60307300 0.82722470
				-2.94680700 2.50512800 1.49060600 / 0.00000000 0.27958780 -0.96012010 / 255 0 255 255 / -2.60307300 0.82722470
				-2.94680700 2.50512800 1.49060600 / 0.00000000 0.27958780 -0.96012010 / 255 0 255 255 / -2.60307300 0.82722470
				-2.94680700 2.50512800 1.49060600 / 0.00000000 0.27958780 -0.96012010 / 255 0 255 255 / -2.60307300 0.82722470
				-2.94680700 2.50512800 1.49060600 / 0.00000000 0.27958780 -0.96012010 / 255 0 255 255 / -2.60307300 0.82722470
				-2.94680700 2.50512800 1.49060600 / 0.00000000 0.27958780 -0.96012010 / 255 0 255 255 / -2.60307300 0.82722470
				-3.81253000 2.51587000 1.49744200 / 0.00000000 0.53687550 -0.84366150 / 255 0 255 255 / -0.53704830 -0.05490110
				-3.81253000 2.51587000 1.49744200 / 0.00000000 0.53687550 -0.84366150 / 255 0 255 255 / -0.53704830 -0.05490110
				-3.81253000 2.50512800 1.49060600 / 0.00000000 0.27958770 -0.96012010 / 255 0 255 255 / -3.00064100 0.92385870
				-3.81253000 2.50512800 1.49060600 / 0.00000000 0.27958770 -0.96012010 / 255 0 255 255 / -3.00064100 0.92385870
				-3.81253000 2.50512800 1.49060600 / 0.00000000 0.27958770 -0.96012010 / 255 0 255 255 / -3.00064100 0.92385870
				-2.94680700 2.47436600 1.49060600 / -0.00013160 -0.33875140 -0.94087590 / 255 0 255 255 / -3.04521200 0.01467900
				-2.94680700 2.47436600 1.49060600 / -0.00013160 -0.33875140 -0.94087590 / 255 0 255 255 / -3.04521200 0.01467900
				-2.94680700 2.47436600 1.49060600 / -0.00013160 -0.33875140 -0.94087590 / 255 0 255 255 / -3.04521200 0.01467900
				-2.94680700 2.47436600 1.49060600 / -0.00013160 -0.33875140 -0.94087590 / 255 0 255 255 / -3.04521200 0.01467900
				-2.94680700 2.47436600 1.49060600 / -0.00013160 -0.33875140 -0.94087590 / 255 0 255 255 / -3.04521200 0.01467900
				-2.94680700 2.47436600 1.49060600 / -0.00013160 -0.33875140 -0.94087590 / 255 0 255 255 / -3.04521200 0.01467900
				-2.94680700 2.46020600 1.50232500 / -0.00025130 -0.63767420 -0.77030620 / 255 0 255 255 / -3.80535900 -0.05683900
				-2.94680700 2.46020600 1.50232500 / -0.00025130 -0.63767420 -0.77030620 / 255 0 255 255 / -3.80535900 -0.05683900
				-2.94680700 2.46020600 1.50232500 / -0.00025130 -0.63767420 -0.77030620 / 255 0 255 255 / -3.80535900 -0.05683900
				-3.81253000 2.47436600 1.49060600 / -0.00022480 -0.34814690 -0.93744000 / 255 0 255 255 / -3.49563600 0.01475520
				-3.81253000 2.47436600 1.49060600 / -0.00022480 -0.34814690 -0.93744000 / 255 0 255 255 / -3.49563600 0.01475520
				-3.81253000 2.47436600 1.49060600 / -0.00022480 -0.34814690 -0.93744000 / 255 0 255 255 / -3.49563600 0.01475520
				-3.81253000 2.46020600 1.50281300 / -0.00042720 -0.65293950 -0.75740990 / 255 0 255 255 / -4.35363800 -0.06513980
				-0.58499110 4.03735600 1.49744200 / 0.34584290 0.36085740 -0.86612620 / 255 0 255 255 / 0.99949650 0.99949650
				-0.58499110 4.03735600 1.49744200 / 0.34584290 0.36085740 -0.86612620 / 255 0 255 255 / 0.99949650 0.99949650
				-0.58499110 4.03735600 1.49744200 / 0.34584290 0.36085740 -0.86612620 / 255 0 255 255 / 0.99949650 0.99949650
				-2.24905300 4.03735600 1.50281300 / -0.00213370 0.75033920 -0.66104980 / 255 0 255 255 / 0.00050350 0.99949650
				-2.23684600 4.02319400 1.48670000 / -0.00132640 0.46839540 -0.88351790 / 255 0 255 255 / 0.00726320 0.98527530
				-2.23684600 4.02319400 1.48670000 / -0.00132640 0.46839540 -0.88351790 / 255 0 255 255 / 0.00726320 0.98527530
				-2.23684600 4.02319400 1.48670000 / -0.00132640 0.46839540 -0.88351790 / 255 0 255 255 / 0.00726320 0.98527530
				-2.23684600 4.02319400 1.48670000 / -0.00132640 0.46839540 -0.88351790 / 255 0 255 255 / 0.00726320 0.98527530
				-2.23684600 4.02319400 1.48670000 / -0.00132640 0.46839540 -0.88351790 / 255 0 255 255 / 0.00726320 0.98527530
				-0.59719820 4.02319400 1.48670000 / 0.27965090 0.24300380 -0.92884040 / 255 0 255 255 / 0.99273680 0.98527530
				-0.59719820 4.02319400 1.48670000 / 0.27965090 0.24300380 -0.92884040 / 255 0 255 255 / 0.99273680 0.98527530
				-0.59719820 4.02319400 1.48670000 / 0.27965090 0.24300380 -0.92884040 / 255 0 255 255 / 0.99273680 0.98527530
				-0.59719820 4.02319400 1.48670000 / 0.27965090 0.24300380 -0.92884040 / 255 0 255 255 / 0.99273680 0.98527530
				-0.59719820 4.02319400 1.48670000 / 0.27965090 0.24300380 -0.92884040 / 255 0 255 255 / 0.99273680 0.98527530
				-0.59719820 4.02319400 1.48670000 / 0.27965090 0.24300380 -0.92884040 / 255 0 255 255 / 0.99273680 0.98527530
				-0.58499110 3.19897500 1.49744200 / 0.33802560 -0.35692010 -0.87083110 / 255 0 255 255 / 0.99949650 0.00050350
				-0.58499110 3.19897500 1.49744200 / 0.33802560 -0.35692010 -0.87083110 / 255 0 255 255 / 0.99949650 0.00050350
				-0.58499110 3.19897500 1.49744200 / 0.33802560 -0.35692010 -0.87083110 / 255 0 255 255 / 0.99949650 0.00050350
				-0.59719820 3.21362400 1.48670000 / 0.27990460 -0.23697490 -0.93032060 / 255 0 255 255 / 0.99273680 0.01472470
				-0.59719820 3.21362400 1.48670000 / 0.27990460 -0.23697490 -0.93032060 / 255 0 255 255 / 0.99273680 0.01472470
				-0.59719820 3.21362400 1.48670000 / 0.27990460 -0.23697490 -0.93032060 / 255 0 255 255 / 0.99273680 0.01472470
				-0.59719820 3.21362400 1.48670000 / 0.27990460 -0.23697490 -0.93032060 / 255 0 255 255 / 0.99273680 0.01472470
				-0.59719820 3.21362400 1.48670000 / 0.27990460 -0.23697490 -0.93032060 / 255 0 255 255 / 0.99273680 0.01472470
				-0.59719820 3.21362400 1.48670000 / 0.27990460 -0.23697490 -0.93032060 / 255 0 255 255 / 0.99273680 0.01472470
				-2.24905300 3.19897500 1.50281300 / -0.00002710 -0.73855740 -0.67419050 / 255 0 255 255 / 0.00050350 0.00050350
				-2.24905300 3.19897500 1.50281300 / -0.00002710 -0.73855740 -0.67419050 / 255 0 255 255 / 0.00050350 0.00050350
				-2.23684600 3.21362400 1.48670000 / 0.00000000 -0.46026140 -0.88778360 / 255 0 255 255 / 0.00726320 0.01472470
				-2.23684600 3.21362400 1.48670000 / 0.00000000 -0.46026140 -0.88778360 / 255 0 255 255 / 0.00726320 0.01472470
				-2.23684600 3.21362400 1.48670000 / 0.00000000 -0.46026140 -0.88778360 / 255 0 255 255 / 0.00726320 0.01472470
				-2.23684600 3.21362400 1.48670000 / 0.00000000 -0.46026140 -0.88778360 / 255 0 255 255 / 0.00726320 0.01472470
				-2.20413200 3.99243300 1.48670000 / 0.08156550 -0.06965390 -0.99423110 / 255 0 255 255 / 0.02471920 0.95492550
				-2.20413200 3.99243300 1.48670000 / 0.08156550 -0.06965390 -0.99423110 / 255 0 255 255 / 0.02471920 0.95492550
				-2.20413200 3.99243300 1.48670000 / 0.08156550 -0.06965390 -0.99423110 / 255 0 255 255 / 0.02471920 0.95492550
				-2.20413200 3.99243300 1.48670000 / 0.08156550 -0.06965390 -0.99423110 / 255 0 255 255 / 0.02471920 0.95492550
				-2.20413200 3.99243300 1.48670000 / 0.08156550 -0.06965390 -0.99423110 / 255 0 255 255 / 0.02471920 0.95492550
				-2.20413200 3.99243300 1.48670000 / 0.08156550 -0.06965390 -0.99423110 / 255 0 255 255 / 0.02471920 0.95492550
				-2.20413200 3.24438600 1.48670000 / 0.08279630 0.07004870 -0.99410160 / 255 0 255 255 / 0.02471920 0.04507450
				-2.20413200 3.24438600 1.48670000 / 0.08279630 0.07004870 -0.99410160 / 255 0 255 255 / 0.02471920 0.04507450
				-2.20413200 3.24438600 1.48670000 / 0.08279630 0.07004870 -0.99410160 / 255 0 255 255 / 0.02471920 0.04507450
				-2.20413200 3.24438600 1.48670000 / 0.08279630 0.07004870 -0.99410160 / 255 0 255 255 / 0.02471920 0.04507450
				-2.20413200 3.24438600 1.48670000 / 0.08279630 0.07004870 -0.99410160 / 255 0 255 255 / 0.02471920 0.04507450
				-2.20413200 3.24438600 1.48670000 / 0.08279630 0.07004870 -0.99410160 / 255 0 255 255 / 0.02471920 0.04507450
				-0.62991300 3.24438600 1.48670000 / -0.08279510 0.07004749 -0.99410170 / 255 0 255 255 / 0.97528080 0.04507450
				-0.62991300 3.24438600 1.48670000 / -0.08279510 0.07004749 -0.99410170 / 255 0 255 255 / 0.97528080 0.04507450
				-0.62991300 3.24438600 1.48670000 / -0.08279510 0.07004749 -0.99410170 / 255 0 255 255 / 0.97528080 0.04507450
				-0.62991300 3.24438600 1.48670000 / -0.08279510 0.07004749 -0.99410170 / 255 0 255 255 / 0.97528080 0.04507450
				-0.62991300 3.24438600 1.48670000 / -0.08279510 0.07004749 -0.99410170 / 255 0 255 255 / 0.97528080 0.04507450
				-0.62991300 3.24438600 1.48670000 / -0.08279510 0.07004749 -0.99410170 / 255 0 255 255 / 0.97528080 0.04507450
				-0.62991300 3.99243300 1.48670000 / -0.08156440 -0.06965200 -0.99423130 / 255 0 255 255 / 0.97528080 0.95492550
				-0.62991300 3.99243300 1.48670000 / -0.08156440 -0.06965200 -0.99423130 / 255 0 255 255 / 0.97528080 0.95492550
				-0.62991300 3.99243300 1.48670000 / -0.08156440 -0.06965200 -0.99423130 / 255 0 255 255 / 0.97528080 0.95492550
				-0.62991300 3.99243300 1.48670000 / -0.08156440 -0.06965200 -0.99423130 / 255 0 255 255 / 0.97528080 0.95492550
				-0.62991300 3.99243300 1.48670000 / -0.08156440 -0.06965200 -0.99423130 / 255 0 255 255 / 0.97528080 0.95492550
				-0.62991300 3.99243300 1.48670000 / -0.08156440 -0.06965200 -0.99423130 / 255 0 255 255 / 0.97528080 0.95492550
				-0.65139730 3.25512800 1.49744200 / -0.21785920 0.43697370 -0.87269200 / 255 0 255 255 / 0.96383670 0.05603030
				-0.65139730 3.25512800 1.49744200 / -0.21785920 0.43697370 -0.87269200 / 255 0 255 255 / 0.96383670 0.05603030
				-0.65139730 3.25512800 1.49744200 / -0.21785920 0.43697370 -0.87269200 / 255 0 255 255 / 0.96383670 0.05603030
				-2.18264800 3.25512800 1.49744200 / 0.21786440 0.43697230 -0.87269150 / 255 0 255 255 / 0.03616330 0.05603030
				-2.18264800 3.25512800 1.49744200 / 0.21786440 0.43697230 -0.87269150 / 255 0 255 255 / 0.03616330 0.05603030
				-2.18264800 3.25512800 1.49744200 / 0.21786440 0.43697230 -0.87269150 / 255 0 255 255 / 0.03616330 0.05603030
				-0.65139730 3.98120200 1.49744200 / -0.21852640 -0.42305630 -0.87935760 / 255 0 255 255 / 0.96383670 0.94396970
				-0.65139730 3.98120200 1.49744200 / -0.21852640 -0.42305630 -0.87935760 / 255 0 255 255 / 0.96383670 0.94396970
				-0.65139730 3.98120200 1.49744200 / -0.21852640 -0.42305630 -0.87935760 / 255 0 255 255 / 0.96383670 0.94396970
				-2.18264800 3.98120200 1.49744200 / 0.21853170 -0.42305460 -0.87935690 / 255 0 255 255 / 0.03616330 0.94396970
				-2.18264800 3.98120200 1.49744200 / 0.21853170 -0.42305460 -0.87935690 / 255 0 255 255 / 0.03616330 0.94396970
				-2.18264800 3.98120200 1.49744200 / 0.21853170 -0.42305460 -0.87935690 / 255 0 255 255 / 0.03616330 0.94396970
				2.59225500 4.03735600 1.49744200 / 0.34293550 0.35443200 -0.86992720 / 255 0 255 255 / 0.99949650 0.99949650
				2.59225500 4.03735600 1.49744200 / 0.34293550 0.35443200 -0.86992720 / 255 0 255 255 / 0.99949650 0.99949650
				2.59225500 4.03735600 1.49744200 / 0.34293550 0.35443200 -0.86992720 / 255 0 255 255 / 0.99949650 0.99949650
				0.92770420 4.03735600 1.50281300 / -0.00213320 0.75030710 -0.66108590 / 255 0 255 255 / 0.00050350 0.99949650
				0.94039950 4.02319400 1.48670000 / -0.00133060 0.46995370 -0.88269020 / 255 0 255 255 / 0.00726320 0.98527530
				0.94039950 4.02319400 1.48670000 / -0.00133060 0.46995370 -0.88269020 / 255 0 255 255 / 0.00726320 0.98527530
				0.94039950 4.02319400 1.48670000 / -0.00133060 0.46995370 -0.88269020 / 255 0 255 255 / 0.00726320 0.98527530
				0.94039950 4.02319400 1.48670000 / -0.00133060 0.46995370 -0.88269020 / 255 0 255 255 / 0.00726320 0.98527530
				0.94039950 4.02319400 1.48670000 / -0.00133060 0.46995370 -0.88269020 / 255 0 255 255 / 0.00726320 0.98527530
				2.57955900 4.02319400 1.48670000 / 0.27089700 0.24397130 -0.93117820 / 255 0 255 255 / 0.99273680 0.98527530
				2.57955900 4.02319400 1.48670000 / 0.27089700 0.24397130 -0.93117820 / 255 0 255 255 / 0.99273680 0.98527530
				2.57955900 4.02319400 1.48670000 / 0.27089700 0.24397130 -0.93117820 / 255 0 255 255 / 0.99273680 0.98527530
				2.57955900 4.02319400 1.48670000 / 0.27089700 0.24397130 -0.93117820 / 255 0 255 255 / 0.99273680 0.98527530
				2.57955900 4.02319400 1.48670000 / 0.27089700 0.24397130 -0.93117820 / 255 0 255 255 / 0.99273680 0.98527530
				2.57955900 4.02319400 1.48670000 / 0.27089700 0.24397130 -0.93117820 / 255 0 255 255 / 0.99273680 0.98527530
				2.59225500 3.19897500 1.49744200 / 0.33528460 -0.35066890 -0.87442300 / 255 0 255 255 / 0.99949650 0.00050350
				2.59225500 3.19897500 1.49744200 / 0.33528460 -0.35066890 -0.87442300 / 255 0 255 255 / 0.99949650 0.00050350
				2.59225500 3.19897500 1.49744200 / 0.33528460 -0.35066890 -0.87442300 / 255 0 255 255 / 0.99949650 0.00050350
				2.57955900 3.21362400 1.48670000 / 0.27111540 -0.23793570 -0.93267520 / 255 0 255 255 / 0.99273680 0.01472470
				2.57955900 3.21362400 1.48670000 / 0.27111540 -0.23793570 -0.93267520 / 255 0 255 255 / 0.99273680 0.01472470
				2.57955900 3.21362400 1.48670000 / 0.27111540 -0.23793570 -0.93267520 / 255 0 255 255 / 0.99273680 0.01472470
				2.57955900 3.21362400 1.48670000 / 0.27111540 -0.23793570 -0.93267520 / 255 0 255 255 / 0.99273680 0.01472470
				2.57955900 3.21362400 1.48670000 / 0.27111540 -0.23793570 -0.93267520 / 255 0 255 255 / 0.99273680 0.01472470
				2.57955900 3.21362400 1.48670000 / 0.27111540 -0.23793570 -0.93267520 / 255 0 255 255 / 0.99273680 0.01472470
				0.92770420 3.19897500 1.50281300 / -0.00002750 -0.73853550 -0.67421460 / 255 0 255 255 / 0.00050350 0.00050350
				0.92770420 3.19897500 1.50281300 / -0.00002750 -0.73853550 -0.67421460 / 255 0 255 255 / 0.00050350 0.00050350
				0.94039950 3.21362400 1.48670000 / 0.00000000 -0.46181090 -0.88697840 / 255 0 255 255 / 0.00726320 0.01472470
				0.94039950 3.21362400 1.48670000 / 0.00000000 -0.46181090 -0.88697840 / 255 0 255 255 / 0.00726320 0.01472470
				0.94039950 3.21362400 1.48670000 / 0.00000000 -0.46181090 -0.88697840 / 255 0 255 255 / 0.00726320 0.01472470
				0.94039950 3.21362400 1.48670000 / 0.00000000 -0.46181090 -0.88697840 / 255 0 255 255 / 0.00726320 0.01472470
				0.97262600 3.99243300 1.48670000 / 0.08156440 -0.06965270 -0.99423120 / 255 0 255 255 / 0.02471920 0.95492550
				0.97262600 3.99243300 1.48670000 / 0.08156440 -0.06965270 -0.99423120 / 255 0 255 255 / 0.02471920 0.95492550
				0.97262600 3.99243300 1.48670000 / 0.08156440 -0.06965270 -0.99423120 / 255 0 255 255 / 0.02471920 0.95492550
				0.97262600 3.99243300 1.48670000 / 0.08156440 -0.06965270 -0.99423120 / 255 0 255 255 / 0.02471920 0.95492550
				0.97262600 3.99243300 1.48670000 / 0.08156440 -0.06965270 -0.99423120 / 255 0 255 255 / 0.02471920 0.95492550
				0.97262600 3.99243300 1.48670000 / 0.08156440 -0.06965270 -0.99423120 / 255 0 255 255 / 0.02471920 0.95492550
				0.97262600 3.24438600 1.48670000 / 0.08279530 0.07004749 -0.99410170 / 255 0 255 255 / 0.02471920 0.04507450
				0.97262600 3.24438600 1.48670000 / 0.08279530 0.07004749 -0.99410170 / 255 0 255 255 / 0.02471920 0.04507450
				0.97262600 3.24438600 1.48670000 / 0.08279530 0.07004749 -0.99410170 / 255 0 255 255 / 0.02471920 0.04507450
				0.97262600 3.24438600 1.48670000 / 0.08279530 0.07004749 -0.99410170 / 255 0 255 255 / 0.02471920 0.04507450
				0.97262600 3.24438600 1.48670000 / 0.08279530 0.07004749 -0.99410170 / 255 0 255 255 / 0.02471920 0.04507450
				0.97262600 3.24438600 1.48670000 / 0.08279530 0.07004749 -0.99410170 / 255 0 255 255 / 0.02471920 0.04507450
				2.54684400 3.24438600 1.48670000 / -0.08279560 0.07004810 -0.99410180 / 255 0 255 255 / 0.97528080 0.04507450
				2.54684400 3.24438600 1.48670000 / -0.08279560 0.07004810 -0.99410180 / 255 0 255 255 / 0.97528080 0.04507450
				2.54684400 3.24438600 1.48670000 / -0.08279560 0.07004810 -0.99410180 / 255 0 255 255 / 0.97528080 0.04507450
				2.54684400 3.24438600 1.48670000 / -0.08279560 0.07004810 -0.99410180 / 255 0 255 255 / 0.97528080 0.04507450
				2.54684400 3.24438600 1.48670000 / -0.08279560 0.07004810 -0.99410180 / 255 0 255 255 / 0.97528080 0.04507450
				2.54684400 3.24438600 1.48670000 / -0.08279560 0.07004810 -0.99410180 / 255 0 255 255 / 0.97528080 0.04507450
				2.54684400 3.99243300 1.48670000 / -0.08156491 -0.06965320 -0.99423120 / 255 0 255 255 / 0.97528080 0.95492550
				2.54684400 3.99243300 1.48670000 / -0.08156491 -0.06965320 -0.99423120 / 255 0 255 255 / 0.97528080 0.95492550
				2.54684400 3.99243300 1.48670000 / -0.08156491 -0.06965320 -0.99423120 / 255 0 255 255 / 0.97528080 0.95492550
				2.54684400 3.99243300 1.48670000 / -0.08156491 -0.06965320 -0.99423120 / 255 0 255 255 / 0.97528080 0.95492550
				2.54684400 3.99243300 1.48670000 / -0.08156491 -0.06965320 -0.99423120 / 255 0 255 255 / 0.97528080 0.95492550
				2.54684400 3.99243300 1.48670000 / -0.08156491 -0.06965320 -0.99423120 / 255 0 255 255 / 0.97528080 0.95492550
				2.52536100 3.25512800 1.49744200 / -0.21786160 0.43697320 -0.87269170 / 255 0 255 255 / 0.96383670 0.05603030
				2.52536100 3.25512800 1.49744200 / -0.21786160 0.43697320 -0.87269170 / 255 0 255 255 / 0.96383670 0.05603030
				2.52536100 3.25512800 1.49744200 / -0.21786160 0.43697320 -0.87269170 / 255 0 255 255 / 0.96383670 0.05603030
				0.99411040 3.25512800 1.49744200 / 0.21785940 0.43697340 -0.87269220 / 255 0 255 255 / 0.03616330 0.05603030
				0.99411040 3.25512800 1.49744200 / 0.21785940 0.43697340 -0.87269220 / 255 0 255 255 / 0.03616330 0.05603030
				0.99411040 3.25512800 1.49744200 / 0.21785940 0.43697340 -0.87269220 / 255 0 255 255 / 0.03616330 0.05603030
				2.52536100 3.98120200 1.49744200 / -0.21852890 -0.42305570 -0.87935720 / 255 0 255 255 / 0.96383670 0.94396970
				2.52536100 3.98120200 1.49744200 / -0.21852890 -0.42305570 -0.87935720 / 255 0 255 255 / 0.96383670 0.94396970
				2.52536100 3.98120200 1.49744200 / -0.21852890 -0.42305570 -0.87935720 / 255 0 255 255 / 0.96383670 0.94396970
				0.99411040 3.98120200 1.49744200 / 0.21852640 -0.42305610 -0.87935750 / 255 0 255 255 / 0.03616330 0.94396970
				0.99411040 3.98120200 1.49744200 / 0.21852640 -0.42305610 -0.87935750 / 255 0 255 255 / 0.03616330 0.94396970
				0.99411040 3.98120200 1.49744200 / 0.21852640 -0.42305610 -0.87935750 / 255 0 255 255 / 0.03616330 0.94396970
				2.59225500 1.74682700 1.49744200 / 0.34294790 0.35443880 -0.86991950 / 255 0 255 255 / 0.99949650 0.99949650
				2.59225500 1.74682700 1.49744200 / 0.34294790 0.35443880 -0.86991950 / 255 0 255 255 / 0.99949650 0.99949650
				2.59225500 1.74682700 1.49744200 / 0.34294790 0.35443880 -0.86991950 / 255 0 255 255 / 0.99949650 0.99949650
				0.92770420 1.74682700 1.50281300 / -0.00213310 0.75032930 -0.66106100 / 255 0 255 255 / 0.00050350 0.99949650
				0.94039950 1.73266700 1.48670000 / -0.00133060 0.46997240 -0.88268020 / 255 0 255 255 / 0.00726320 0.98527530
				0.94039950 1.73266700 1.48670000 / -0.00133060 0.46997240 -0.88268020 / 255 0 255 255 / 0.00726320 0.98527530
				0.94039950 1.73266700 1.48670000 / -0.00133060 0.46997240 -0.88268020 / 255 0 255 255 / 0.00726320 0.98527530
				0.94039950 1.73266700 1.48670000 / -0.00133060 0.46997240 -0.88268020 / 255 0 255 255 / 0.00726320 0.98527530
				0.94039950 1.73266700 1.48670000 / -0.00133060 0.46997240 -0.88268020 / 255 0 255 255 / 0.00726320 0.98527530
				2.57955900 1.73266700 1.48670000 / 0.27089490 0.24398570 -0.93117510 / 255 0 255 255 / 0.99273680 0.98527530
				2.57955900 1.73266700 1.48670000 / 0.27089490 0.24398570 -0.93117510 / 255 0 255 255 / 0.99273680 0.98527530
				2.57955900 1.73266700 1.48670000 / 0.27089490 0.24398570 -0.93117510 / 255 0 255 255 / 0.99273680 0.98527530
				2.57955900 1.73266700 1.48670000 / 0.27089490 0.24398570 -0.93117510 / 255 0 255 255 / 0.99273680 0.98527530
				2.57955900 1.73266700 1.48670000 / 0.27089490 0.24398570 -0.93117510 / 255 0 255 255 / 0.99273680 0.98527530
				2.57955900 1.73266700 1.48670000 / 0.27089490 0.24398570 -0.93117510 / 255 0 255 255 / 0.99273680 0.98527530
				2.59225500 0.90844820 1.49744200 / 0.33527850 -0.35066550 -0.87442660 / 255 0 255 255 / 0.99949650 0.00050350
				2.59225500 0.90844820 1.49744200 / 0.33527850 -0.35066550 -0.87442660 / 255 0 255 255 / 0.99949650 0.00050350
				2.59225500 0.90844820 1.49744200 / 0.33527850 -0.35066550 -0.87442660 / 255 0 255 255 / 0.99949650 0.00050350
				2.57955900 0.92309700 1.48670000 / 0.27111630 -0.23792870 -0.93267670 / 255 0 255 255 / 0.99273680 0.01472470
				2.57955900 0.92309700 1.48670000 / 0.27111630 -0.23792870 -0.93267670 / 255 0 255 255 / 0.99273680 0.01472470
				2.57955900 0.92309700 1.48670000 / 0.27111630 -0.23792870 -0.93267670 / 255 0 255 255 / 0.99273680 0.01472470
				2.57955900 0.92309700 1.48670000 / 0.27111630 -0.23792870 -0.93267670 / 255 0 255 255 / 0.99273680 0.01472470
				2.57955900 0.92309700 1.48670000 / 0.27111630 -0.23792870 -0.93267670 / 255 0 255 255 / 0.99273680 0.01472470
				2.57955900 0.92309700 1.48670000 / 0.27111630 -0.23792870 -0.93267670 / 255 0 255 255 / 0.99273680 0.01472470
				0.92770420 0.90844820 1.50281300 / -0.00002750 -0.73852450 -0.67422660 / 255 0 255 255 / 0.00050350 0.00050350
				0.92770420 0.90844820 1.50281300 / -0.00002750 -0.73852450 -0.67422660 / 255 0 255 255 / 0.00050350 0.00050350
				0.94039950 0.92309700 1.48670000 / 0.00000000 -0.46180190 -0.88698300 / 255 0 255 255 / 0.00726320 0.01472470
				0.94039950 0.92309700 1.48670000 / 0.00000000 -0.46180190 -0.88698300 / 255 0 255 255 / 0.00726320 0.01472470
				0.94039950 0.92309700 1.48670000 / 0.00000000 -0.46180190 -0.88698300 / 255 0 255 255 / 0.00726320 0.01472470
				0.94039950 0.92309700 1.48670000 / 0.00000000 -0.46180190 -0.88698300 / 255 0 255 255 / 0.00726320 0.01472470
				0.97262600 1.70190500 1.48670000 / 0.08156560 -0.06965310 -0.99423110 / 255 0 255 255 / 0.02471920 0.95492550
				0.97262600 1.70190500 1.48670000 / 0.08156560 -0.06965310 -0.99423110 / 255 0 255 255 / 0.02471920 0.95492550
				0.97262600 1.70190500 1.48670000 / 0.08156560 -0.06965310 -0.99423110 / 255 0 255 255 / 0.02471920 0.95492550
				0.97262600 1.70190500 1.48670000 / 0.08156560 -0.06965310 -0.99423110 / 255 0 255 255 / 0.02471920 0.95492550
				0.97262600 1.70190500 1.48670000 / 0.08156560 -0.06965310 -0.99423110 / 255 0 255 255 / 0.02471920 0.95492550
				0.97262600 1.70190500 1.48670000 / 0.08156560 -0.06965310 -0.99423110 / 255 0 255 255 / 0.02471920 0.95492550
				0.97262600 0.95385930 1.48670000 / 0.08279650 0.07004790 -0.99410160 / 255 0 255 255 / 0.02471920 0.04507450
				0.97262600 0.95385930 1.48670000 / 0.08279650 0.07004790 -0.99410160 / 255 0 255 255 / 0.02471920 0.04507450
				0.97262600 0.95385930 1.48670000 / 0.08279650 0.07004790 -0.99410160 / 255 0 255 255 / 0.02471920 0.04507450
				0.97262600 0.95385930 1.48670000 / 0.08279650 0.07004790 -0.99410160 / 255 0 255 255 / 0.02471920 0.04507450
				0.97262600 0.95385930 1.48670000 / 0.08279650 0.07004790 -0.99410160 / 255 0 255 255 / 0.02471920 0.04507450
				0.97262600 0.95385930 1.48670000 / 0.08279650 0.07004790 -0.99410160 / 255 0 255 255 / 0.02471920 0.04507450
				2.54684400 0.95385930 1.48670000 / -0.08279700 0.07004850 -0.99410160 / 255 0 255 255 / 0.97528080 0.04507450
				2.54684400 0.95385930 1.48670000 / -0.08279700 0.07004850 -0.99410160 / 255 0 255 255 / 0.97528080 0.04507450
				2.54684400 0.95385930 1.48670000 / -0.08279700 0.07004850 -0.99410160 / 255 0 255 255 / 0.97528080 0.04507450
				2.54684400 0.95385930 1.48670000 / -0.08279700 0.07004850 -0.99410160 / 255 0 255 255 / 0.97528080 0.04507450
				2.54684400 0.95385930 1.48670000 / -0.08279700 0.07004850 -0.99410160 / 255 0 255 255 / 0.97528080 0.04507450
				2.54684400 0.95385930 1.48670000 / -0.08279700 0.07004850 -0.99410160 / 255 0 255 255 / 0.97528080 0.04507450
				2.54684400 1.70190500 1.48670000 / -0.08156610 -0.06965360 -0.99423100 / 255 0 255 255 / 0.97528080 0.95492550
				2.54684400 1.70190500 1.48670000 / -0.08156610 -0.06965360 -0.99423100 / 255 0 255 255 / 0.97528080 0.95492550
				2.54684400 1.70190500 1.48670000 / -0.08156610 -0.06965360 -0.99423100 / 255 0 255 255 / 0.97528080 0.95492550
				2.54684400 1.70190500 1.48670000 / -0.08156610 -0.06965360 -0.99423100 / 255 0 255 255 / 0.97528080 0.95492550
				2.54684400 1.70190500 1.48670000 / -0.08156610 -0.06965360 -0.99423100 / 255 0 255 255 / 0.97528080 0.95492550
				2.54684400 1.70190500 1.48670000 / -0.08156610 -0.06965360 -0.99423100 / 255 0 255 255 / 0.97528080 0.95492550
				2.52536100 0.96460100 1.49744200 / -0.21786100 0.43698700 -0.87268480 / 255 0 255 255 / 0.96383670 0.05603030
				2.52536100 0.96460100 1.49744200 / -0.21786100 0.43698700 -0.87268480 / 255 0 255 255 / 0.96383670 0.05603030
				2.52536100 0.96460100 1.49744200 / -0.21786100 0.43698700 -0.87268480 / 255 0 255 255 / 0.96383670 0.05603030
				0.99411040 0.96460100 1.49744200 / 0.21785870 0.43698740 -0.87268530 / 255 0 255 255 / 0.03616330 0.05603030
				0.99411040 0.96460100 1.49744200 / 0.21785870 0.43698740 -0.87268530 / 255 0 255 255 / 0.03616330 0.05603030
				0.99411040 0.96460100 1.49744200 / 0.21785870 0.43698740 -0.87268530 / 255 0 255 255 / 0.03616330 0.05603030
				2.52536100 1.69067500 1.49744200 / -0.21852820 -0.42306900 -0.87935100 / 255 0 255 255 / 0.96383670 0.94396970
				2.52536100 1.69067500 1.49744200 / -0.21852820 -0.42306900 -0.87935100 / 255 0 255 255 / 0.96383670 0.94396970
				2.52536100 1.69067500 1.49744200 / -0.21852820 -0.42306900 -0.87935100 / 255 0 255 255 / 0.96383670 0.94396970
				0.99411040 1.69067500 1.49744200 / 0.21852570 -0.42306940 -0.87935130 / 255 0 255 255 / 0.03616330 0.94396970
				0.99411040 1.69067500 1.49744200 / 0.21852570 -0.42306940 -0.87935130 / 255 0 255 255 / 0.03616330 0.94396970
				0.99411040 1.69067500 1.49744200 / 0.21852570 -0.42306940 -0.87935130 / 255 0 255 255 / 0.03616330 0.94396970
				-0.58499110 1.74682700 1.49744200 / 0.34585560 0.36086450 -0.86611820 / 255 0 255 255 / 0.99949650 0.99949650
				-0.58499110 1.74682700 1.49744200 / 0.34585560 0.36086450 -0.86611820 / 255 0 255 255 / 0.99949650 0.99949650
				-0.58499110 1.74682700 1.49744200 / 0.34585560 0.36086450 -0.86611820 / 255 0 255 255 / 0.99949650 0.99949650
				-2.24905300 1.74682700 1.50281300 / -0.00213360 0.75036120 -0.66102460 / 255 0 255 255 / 0.00050350 0.99949650
				-2.23684600 1.73266700 1.48670000 / -0.00132640 0.46841380 -0.88350820 / 255 0 255 255 / 0.00726320 0.98527530
				-2.23684600 1.73266700 1.48670000 / -0.00132640 0.46841380 -0.88350820 / 255 0 255 255 / 0.00726320 0.98527530
				-2.23684600 1.73266700 1.48670000 / -0.00132640 0.46841380 -0.88350820 / 255 0 255 255 / 0.00726320 0.98527530
				-2.23684600 1.73266700 1.48670000 / -0.00132640 0.46841380 -0.88350820 / 255 0 255 255 / 0.00726320 0.98527530
				-2.23684600 1.73266700 1.48670000 / -0.00132640 0.46841380 -0.88350820 / 255 0 255 255 / 0.00726320 0.98527530
				-0.59719820 1.73266700 1.48670000 / 0.27964880 0.24301810 -0.92883730 / 255 0 255 255 / 0.99273680 0.98527530
				-0.59719820 1.73266700 1.48670000 / 0.27964880 0.24301810 -0.92883730 / 255 0 255 255 / 0.99273680 0.98527530
				-0.59719820 1.73266700 1.48670000 / 0.27964880 0.24301810 -0.92883730 / 255 0 255 255 / 0.99273680 0.98527530
				-0.59719820 1.73266700 1.48670000 / 0.27964880 0.24301810 -0.92883730 / 255 0 255 255 / 0.99273680 0.98527530
				-0.59719820 1.73266700 1.48670000 / 0.27964880 0.24301810 -0.92883730 / 255 0 255 255 / 0.99273680 0.98527530
				-0.59719820 1.73266700 1.48670000 / 0.27964880 0.24301810 -0.92883730 / 255 0 255 255 / 0.99273680 0.98527530
				-0.58499110 0.90844820 1.49744200 / 0.33801940 -0.35691640 -0.87083490 / 255 0 255 255 / 0.99949650 0.00050350
				-0.58499110 0.90844820 1.49744200 / 0.33801940 -0.35691640 -0.87083490 / 255 0 255 255 / 0.99949650 0.00050350
				-0.58499110 0.90844820 1.49744200 / 0.33801940 -0.35691640 -0.87083490 / 255 0 255 255 / 0.99949650 0.00050350
				-0.59719820 0.92309700 1.48670000 / 0.27990560 -0.23696800 -0.93032200 / 255 0 255 255 / 0.99273680 0.01472470
				-0.59719820 0.92309700 1.48670000 / 0.27990560 -0.23696800 -0.93032200 / 255 0 255 255 / 0.99273680 0.01472470
				-0.59719820 0.92309700 1.48670000 / 0.27990560 -0.23696800 -0.93032200 / 255 0 255 255 / 0.99273680 0.01472470
				-0.59719820 0.92309700 1.48670000 / 0.27990560 -0.23696800 -0.93032200 / 255 0 255 255 / 0.99273680 0.01472470
				-0.59719820 0.92309700 1.48670000 / 0.27990560 -0.23696800 -0.93032200 / 255 0 255 255 / 0.99273680 0.01472470
				-0.59719820 0.92309700 1.48670000 / 0.27990560 -0.23696800 -0.93032200 / 255 0 255 255 / 0.99273680 0.01472470
				-2.24905300 0.90844820 1.50281300 / -0.00002710 -0.73854660 -0.67420250 / 255 0 255 255 / 0.00050350 0.00050350
				-2.24905300 0.90844820 1.50281300 / -0.00002710 -0.73854660 -0.67420250 / 255 0 255 255 / 0.00050350 0.00050350
				-2.23684600 0.92309700 1.48670000 / 0.00000000 -0.46025250 -0.88778810 / 255 0 255 255 / 0.00726320 0.01472470
				-2.23684600 0.92309700 1.48670000 / 0.00000000 -0.46025250 -0.88778810 / 255 0 255 255 / 0.00726320 0.01472470
				-2.23684600 0.92309700 1.48670000 / 0.00000000 -0.46025250 -0.88778810 / 255 0 255 255 / 0.00726320 0.01472470
				-2.23684600 0.92309700 1.48670000 / 0.00000000 -0.46025250 -0.88778810 / 255 0 255 255 / 0.00726320 0.01472470
				-2.20413200 1.70190500 1.48670000 / 0.08156660 -0.06965430 -0.99423090 / 255 0 255 255 / 0.02471920 0.95492550
				-2.20413200 1.70190500 1.48670000 / 0.08156660 -0.06965430 -0.99423090 / 255 0 255 255 / 0.02471920 0.95492550
				-2.20413200 1.70190500 1.48670000 / 0.08156660 -0.06965430 -0.99423090 / 255 0 255 255 / 0.02471920 0.95492550
				-2.20413200 1.70190500 1.48670000 / 0.08156660 -0.06965430 -0.99423090 / 255 0 255 255 / 0.02471920 0.95492550
				-2.20413200 1.70190500 1.48670000 / 0.08156660 -0.06965430 -0.99423090 / 255 0 255 255 / 0.02471920 0.95492550
				-2.20413200 1.70190500 1.48670000 / 0.08156660 -0.06965430 -0.99423090 / 255 0 255 255 / 0.02471920 0.95492550
				-2.20413200 0.95385930 1.48670000 / 0.08279750 0.07004910 -0.99410140 / 255 0 255 255 / 0.02471920 0.04507450
				-2.20413200 0.95385930 1.48670000 / 0.08279750 0.07004910 -0.99410140 / 255 0 255 255 / 0.02471920 0.04507450
				-2.20413200 0.95385930 1.48670000 / 0.08279750 0.07004910 -0.99410140 / 255 0 255 255 / 0.02471920 0.04507450
				-2.20413200 0.95385930 1.48670000 / 0.08279750 0.07004910 -0.99410140 / 255 0 255 255 / 0.02471920 0.04507450
				-2.20413200 0.95385930 1.48670000 / 0.08279750 0.07004910 -0.99410140 / 255 0 255 255 / 0.02471920 0.04507450
				-2.20413200 0.95385930 1.48670000 / 0.08279750 0.07004910 -0.99410140 / 255 0 255 255 / 0.02471920 0.04507450
				-0.62991300 0.95385930 1.48670000 / -0.08279640 0.07004780 -0.99410160 / 255 0 255 255 / 0.97528080 0.04507450
				-0.62991300 0.95385930 1.48670000 / -0.08279640 0.07004780 -0.99410160 / 255 0 255 255 / 0.97528080 0.04507450
				-0.62991300 0.95385930 1.48670000 / -0.08279640 0.07004780 -0.99410160 / 255 0 255 255 / 0.97528080 0.04507450
				-0.62991300 0.95385930 1.48670000 / -0.08279640 0.07004780 -0.99410160 / 255 0 255 255 / 0.97528080 0.04507450
				-0.62991300 0.95385930 1.48670000 / -0.08279640 0.07004780 -0.99410160 / 255 0 255 255 / 0.97528080 0.04507450
				-0.62991300 0.95385930 1.48670000 / -0.08279640 0.07004780 -0.99410160 / 255 0 255 255 / 0.97528080 0.04507450
				-0.62991300 1.70190500 1.48670000 / -0.08156560 -0.06965230 -0.99423110 / 255 0 255 255 / 0.97528080 0.95492550
				-0.62991300 1.70190500 1.48670000 / -0.08156560 -0.06965230 -0.99423110 / 255 0 255 255 / 0.97528080 0.95492550
				-0.62991300 1.70190500 1.48670000 / -0.08156560 -0.06965230 -0.99423110 / 255 0 255 255 / 0.97528080 0.95492550
				-0.62991300 1.70190500 1.48670000 / -0.08156560 -0.06965230 -0.99423110 / 255 0 255 255 / 0.97528080 0.95492550
				-0.62991300 1.70190500 1.48670000 / -0.08156560 -0.06965230 -0.99423110 / 255 0 255 255 / 0.97528080 0.95492550
				-0.62991300 1.70190500 1.48670000 / -0.08156560 -0.06965230 -0.99423110 / 255 0 255 255 / 0.97528080 0.95492550
				-0.65139730 0.96460100 1.49744200 / -0.21785850 0.43698760 -0.87268530 / 255 0 255 255 / 0.96383670 0.05603030
				-0.65139730 0.96460100 1.49744200 / -0.21785850 0.43698760 -0.87268530 / 255 0 255 255 / 0.96383670 0.05603030
				-0.65139730 0.96460100 1.49744200 / -0.21785850 0.43698760 -0.87268530 / 255 0 255 255 / 0.96383670 0.05603030
				-2.18264800 0.96460100 1.49744200 / 0.21786360 0.43698630 -0.87268450 / 255 0 255 255 / 0.03616330 0.05603030
				-2.18264800 0.96460100 1.49744200 / 0.21786360 0.43698630 -0.87268450 / 255 0 255 255 / 0.03616330 0.05603030
				-2.18264800 0.96460100 1.49744200 / 0.21786360 0.43698630 -0.87268450 / 255 0 255 255 / 0.03616330 0.05603030
				-0.65139730 1.69067500 1.49744200 / -0.21852560 -0.42306960 -0.87935130 / 255 0 255 255 / 0.96383670 0.94396970
				-0.65139730 1.69067500 1.49744200 / -0.21852560 -0.42306960 -0.87935130 / 255 0 255 255 / 0.96383670 0.94396970
				-0.65139730 1.69067500 1.49744200 / -0.21852560 -0.42306960 -0.87935130 / 255 0 255 255 / 0.96383670 0.94396970
				-2.18264800 1.69067500 1.49744200 / 0.21853100 -0.42306800 -0.87935080 / 255 0 255 255 / 0.03616330 0.94396970
				-2.18264800 1.69067500 1.49744200 / 0.21853100 -0.42306800 -0.87935080 / 255 0 255 255 / 0.03616330 0.94396970
				-2.18264800 1.69067500 1.49744200 / 0.21853100 -0.42306800 -0.87935080 / 255 0 255 255 / 0.03616330 0.94396970
				-2.24905300 -4.03735600 1.50281300 / -0.79709790 0.00000000 -0.60385020 / 255 0 255 255 / 0.00050350 0.99949650
				-2.24905300 -4.03735600 1.50281300 / -0.79709790 0.00000000 -0.60385020 / 255 0 255 255 / 0.00050350 0.99949650
				-2.24905300 -3.19897600 1.50281300 / -0.79709780 0.00000000 -0.60385020 / 255 0 255 255 / 0.00050350 0.00050350
				-2.23684600 -3.21362400 1.48670000 / -0.79709770 0.00000000 -0.60385020 / 255 0 255 255 / 0.00726320 0.01472470
				-2.23684600 -3.21362400 1.48670000 / -0.79709770 0.00000000 -0.60385020 / 255 0 255 255 / 0.00726320 0.01472470
				-2.23684600 -4.02319400 1.48670000 / -0.79709780 0.00000000 -0.60385020 / 255 0 255 255 / 0.00726320 0.98527530
				0.92770420 -4.03735600 1.50281300 / -0.78549170 0.00000000 -0.61887220 / 255 0 255 255 / 0.00050350 0.99949650
				0.92770420 -4.03735600 1.50281300 / -0.78549170 0.00000000 -0.61887220 / 255 0 255 255 / 0.00050350 0.99949650
				0.92770420 -3.19897600 1.50281300 / -0.78549160 0.00000000 -0.61887220 / 255 0 255 255 / 0.00050350 0.00050350
				0.94039950 -3.21362400 1.48670000 / -0.78549180 0.00000000 -0.61887220 / 255 0 255 255 / 0.00726320 0.01472470
				0.94039950 -3.21362400 1.48670000 / -0.78549180 0.00000000 -0.61887220 / 255 0 255 255 / 0.00726320 0.01472470
				0.94039950 -4.02319400 1.48670000 / -0.78549170 0.00000000 -0.61887220 / 255 0 255 255 / 0.00726320 0.98527530
				0.92770420 -1.74682700 1.50281300 / -0.78549160 0.00000000 -0.61887220 / 255 0 255 255 / 0.00050350 0.99949650
				0.92770420 -1.74682700 1.50281300 / -0.78549160 0.00000000 -0.61887220 / 255 0 255 255 / 0.00050350 0.99949650
				0.92770420 -0.90844820 1.50281300 / -0.78549170 0.00000000 -0.61887220 / 255 0 255 255 / 0.00050350 0.00050350
				0.94039950 -0.92309700 1.48670000 / -0.78549170 0.00000000 -0.61887230 / 255 0 255 255 / 0.00726320 0.01472470
				0.94039950 -0.92309700 1.48670000 / -0.78549170 0.00000000 -0.61887230 / 255 0 255 255 / 0.00726320 0.01472470
				0.94039950 -1.73266700 1.48670000 / -0.78549160 0.00000000 -0.61887220 / 255 0 255 255 / 0.00726320 0.98527530
				-2.24905300 -1.74682700 1.50281300 / -0.79709790 0.00000000 -0.60385020 / 255 0 255 255 / 0.00050350 0.99949650
				-2.24905300 -1.74682700 1.50281300 / -0.79709790 0.00000000 -0.60385020 / 255 0 255 255 / 0.00050350 0.99949650
				-2.24905300 -0.90844820 1.50281300 / -0.79709780 0.00000000 -0.60385010 / 255 0 255 255 / 0.00050350 0.00050350
				-2.23684600 -0.92309700 1.48670000 / -0.79709790 0.00000000 -0.60385020 / 255 0 255 255 / 0.00726320 0.01472470
				-2.23684600 -0.92309700 1.48670000 / -0.79709790 0.00000000 -0.60385020 / 255 0 255 255 / 0.00726320 0.01472470
				-2.23684600 -1.73266700 1.48670000 / -0.79709780 0.00000000 -0.60385020 / 255 0 255 255 / 0.00726320 0.98527530
				3.97457900 -3.24438600 1.49060600 / 0.00000000 -0.27958880 -0.96011990 / 255 0 255 255 / 0.57629390 0.05448910
				3.97457900 -3.24438600 1.49060600 / 0.00000000 -0.27958880 -0.96011990 / 255 0 255 255 / 0.57629390 0.05448910
				3.97457900 -3.24438600 1.49060600 / 0.00000000 -0.27958880 -0.96011990 / 255 0 255 255 / 0.57629390 0.05448910
				3.97457900 -3.25512800 1.49744200 / 0.00000000 -0.53687770 -0.84366020 / 255 0 255 255 / 0.57156370 0.05125430
				3.25924700 -3.25512800 1.49744200 / 0.00000000 -0.53687770 -0.84366020 / 255 0 255 255 / 0.46975710 0.04150390
				3.25924700 -3.25512800 1.49744200 / 0.00000000 -0.53687770 -0.84366020 / 255 0 255 255 / 0.46975710 0.04150390
				3.25924700 -3.25512800 1.49744200 / 0.00000000 -0.53687770 -0.84366020 / 255 0 255 255 / 0.46975710 0.04150390
				3.25924700 -3.24438600 1.49060600 / 0.00000000 -0.27958910 -0.96011980 / 255 0 255 255 / 0.24781800 0.13432310
				3.25924700 -3.24438600 1.49060600 / 0.00000000 -0.27958910 -0.96011980 / 255 0 255 255 / 0.24781800 0.13432310
				3.25924700 -3.24438600 1.49060600 / 0.00000000 -0.27958910 -0.96011980 / 255 0 255 255 / 0.24781800 0.13432310
				3.25924700 -3.24438600 1.49060600 / 0.00000000 -0.27958910 -0.96011980 / 255 0 255 255 / 0.24781800 0.13432310
				3.25924700 -3.24438600 1.49060600 / 0.00000000 -0.27958910 -0.96011980 / 255 0 255 255 / 0.24781800 0.13432310
				3.25924700 -3.24438600 1.49060600 / 0.00000000 -0.27958910 -0.96011980 / 255 0 255 255 / 0.24781800 0.13432310
				3.97457900 -3.21362400 1.49060600 / 0.00000000 0.21658280 -0.97626420 / 255 0 255 255 / 0.55686950 0.01419070
				3.97457900 -3.21362400 1.49060600 / 0.00000000 0.21658280 -0.97626420 / 255 0 255 255 / 0.55686950 0.01419070
				3.97457900 -3.21362400 1.49060600 / 0.00000000 0.21658280 -0.97626420 / 255 0 255 255 / 0.55686950 0.01419070
				0.08102450 -3.25512800 1.49744200 / 0.00000000 -0.53687760 -0.84366020 / 255 0 255 255 / 0.01725770 -0.00183110
				0.08102450 -3.25512800 1.49744200 / 0.00000000 -0.53687760 -0.84366020 / 255 0 255 255 / 0.01725770 -0.00183110
				0.08102450 -3.25512800 1.49744200 / 0.00000000 -0.53687760 -0.84366020 / 255 0 255 255 / 0.01725770 -0.00183110
				3.25924700 -3.21362400 1.49060600 / -0.00015460 0.22965770 -0.97327140 / 255 0 255 255 / 0.18470760 0.01423650
				3.25924700 -3.21362400 1.49060600 / -0.00015460 0.22965770 -0.97327140 / 255 0 255 255 / 0.18470760 0.01423650
				3.25924700 -3.21362400 1.49060600 / -0.00015460 0.22965770 -0.97327140 / 255 0 255 255 / 0.18470760 0.01423650
				3.25924700 -3.21362400 1.49060600 / -0.00015460 0.22965770 -0.97327140 / 255 0 255 255 / 0.18470760 0.01423650
				3.25924700 -3.21362400 1.49060600 / -0.00015460 0.22965770 -0.97327140 / 255 0 255 255 / 0.18470760 0.01423650
				3.25924700 -3.21362400 1.49060600 / -0.00015460 0.22965770 -0.97327140 / 255 0 255 255 / 0.18470760 0.01423650
				3.97457900 -3.19897600 1.49744200 / -0.00000890 0.42324080 -0.90601730 / 255 0 255 255 / 0.57925410 0.00959780
				3.97457900 -3.19897600 1.49744200 / -0.00000890 0.42324080 -0.90601730 / 255 0 255 255 / 0.57925410 0.00959780
				3.25924700 -3.19897600 1.49793000 / -0.00030630 0.44740800 -0.89432990 / 255 0 255 255 / 0.12625120 0.00273130
				3.25924700 -3.19897600 1.49793000 / -0.00030630 0.44740800 -0.89432990 / 255 0 255 255 / 0.12625120 0.00273130
				3.25924700 -3.19897600 1.49793000 / -0.00030630 0.44740800 -0.89432990 / 255 0 255 255 / 0.12625120 0.00273130
				0.08102450 -3.24438600 1.49060600 / 0.00000000 -0.27958940 -0.96011960 / 255 0 255 255 / -1.21217300 0.48916630
				0.08102450 -3.24438600 1.49060600 / 0.00000000 -0.27958940 -0.96011960 / 255 0 255 255 / -1.21217300 0.48916630
				0.08102450 -3.24438600 1.49060600 / 0.00000000 -0.27958940 -0.96011960 / 255 0 255 255 / -1.21217300 0.48916630
				0.08102450 -3.24438600 1.49060600 / 0.00000000 -0.27958940 -0.96011960 / 255 0 255 255 / -1.21217300 0.48916630
				0.08102450 -3.24438600 1.49060600 / 0.00000000 -0.27958940 -0.96011960 / 255 0 255 255 / -1.21217300 0.48916630
				0.08102450 -3.24438600 1.49060600 / 0.00000000 -0.27958940 -0.96011960 / 255 0 255 255 / -1.21217300 0.48916630
				-2.94680700 -3.25512800 1.49744200 / 0.00000000 -0.53687760 -0.84366010 / 255 0 255 255 / -0.41383360 -0.04310610
				-2.94680700 -3.25512800 1.49744200 / 0.00000000 -0.53687760 -0.84366010 / 255 0 255 255 / -0.41383360 -0.04310610
				-2.94680700 -3.25512800 1.49744200 / 0.00000000 -0.53687760 -0.84366010 / 255 0 255 255 / -0.41383360 -0.04310610
				0.08102450 -3.21362400 1.49060600 / -0.00016640 0.28968620 -0.95712160 / 255 0 255 255 / -1.46937600 0.01446530
				0.08102450 -3.21362400 1.49060600 / -0.00016640 0.28968620 -0.95712160 / 255 0 255 255 / -1.46937600 0.01446530
				0.08102450 -3.21362400 1.49060600 / -0.00016640 0.28968620 -0.95712160 / 255 0 255 255 / -1.46937600 0.01446530
				0.08102450 -3.21362400 1.49060600 / -0.00016640 0.28968620 -0.95712160 / 255 0 255 255 / -1.46937600 0.01446530
				0.08102450 -3.21362400 1.49060600 / -0.00016640 0.28968620 -0.95712160 / 255 0 255 255 / -1.46937600 0.01446530
				0.08102450 -3.21362400 1.49060600 / -0.00016640 0.28968620 -0.95712160 / 255 0 255 255 / -1.46937600 0.01446530
				0.08102450 -3.19897600 1.50037100 / -0.00032050 0.55484050 -0.83195670 / 255 0 255 255 / -1.88719200 -0.02777100
				0.08102450 -3.19897600 1.50037100 / -0.00032050 0.55484050 -0.83195670 / 255 0 255 255 / -1.88719200 -0.02777100
				0.08102450 -3.19897600 1.50037100 / -0.00032050 0.55484050 -0.83195670 / 255 0 255 255 / -1.88719200 -0.02777100
				-2.94680700 -3.24438600 1.49060600 / 0.00000000 -0.27958910 -0.96011980 / 255 0 255 255 / -2.60307300 0.82722470
				-2.94680700 -3.24438600 1.49060600 / 0.00000000 -0.27958910 -0.96011980 / 255 0 255 255 / -2.60307300 0.82722470
				-2.94680700 -3.24438600 1.49060600 / 0.00000000 -0.27958910 -0.96011980 / 255 0 255 255 / -2.60307300 0.82722470
				-2.94680700 -3.24438600 1.49060600 / 0.00000000 -0.27958910 -0.96011980 / 255 0 255 255 / -2.60307300 0.82722470
				-2.94680700 -3.24438600 1.49060600 / 0.00000000 -0.27958910 -0.96011980 / 255 0 255 255 / -2.60307300 0.82722470
				-2.94680700 -3.24438600 1.49060600 / 0.00000000 -0.27958910 -0.96011980 / 255 0 255 255 / -2.60307300 0.82722470
				-3.81253000 -3.25512800 1.49744200 / 0.00000000 -0.53687760 -0.84366010 / 255 0 255 255 / -0.53704830 -0.05490110
				-3.81253000 -3.25512800 1.49744200 / 0.00000000 -0.53687760 -0.84366010 / 255 0 255 255 / -0.53704830 -0.05490110
				-3.81253000 -3.24438600 1.49060600 / 0.00000000 -0.27958900 -0.96011980 / 255 0 255 255 / -3.00064100 0.92385870
				-3.81253000 -3.24438600 1.49060600 / 0.00000000 -0.27958900 -0.96011980 / 255 0 255 255 / -3.00064100 0.92385870
				-3.81253000 -3.24438600 1.49060600 / 0.00000000 -0.27958900 -0.96011980 / 255 0 255 255 / -3.00064100 0.92385870
				-2.94680700 -3.21362400 1.49060600 / -0.00013300 0.33093010 -0.94365520 / 255 0 255 255 / -3.04521200 0.01467900
				-2.94680700 -3.21362400 1.49060600 / -0.00013300 0.33093010 -0.94365520 / 255 0 255 255 / -3.04521200 0.01467900
				-2.94680700 -3.21362400 1.49060600 / -0.00013300 0.33093010 -0.94365520 / 255 0 255 255 / -3.04521200 0.01467900
				-2.94680700 -3.21362400 1.49060600 / -0.00013300 0.33093010 -0.94365520 / 255 0 255 255 / -3.04521200 0.01467900
				-2.94680700 -3.21362400 1.49060600 / -0.00013300 0.33093010 -0.94365520 / 255 0 255 255 / -3.04521200 0.01467900
				-2.94680700 -3.21362400 1.49060600 / -0.00013300 0.33093010 -0.94365520 / 255 0 255 255 / -3.04521200 0.01467900
				-2.94680700 -3.19897600 1.50232500 / -0.00025480 0.62480290 -0.78078250 / 255 0 255 255 / -3.80535900 -0.05683900
				-2.94680700 -3.19897600 1.50232500 / -0.00025480 0.62480290 -0.78078250 / 255 0 255 255 / -3.80535900 -0.05683900
				-2.94680700 -3.19897600 1.50232500 / -0.00025480 0.62480290 -0.78078250 / 255 0 255 255 / -3.80535900 -0.05683900
				-3.81253000 -3.21362400 1.49060600 / -0.00022720 0.34029510 -0.94031870 / 255 0 255 255 / -3.49563600 0.01475520
				-3.81253000 -3.21362400 1.49060600 / -0.00022720 0.34029510 -0.94031870 / 255 0 255 255 / -3.49563600 0.01475520
				-3.81253000 -3.21362400 1.49060600 / -0.00022720 0.34029510 -0.94031870 / 255 0 255 255 / -3.49563600 0.01475520
				-3.81253000 -3.19897600 1.50281300 / -0.00043330 0.64018280 -0.76822250 / 255 0 255 255 / -4.35363800 -0.06513980
				3.97457900 -4.02173000 1.49060600 / 0.00000000 -0.27959240 -0.96011870 / 255 0 255 255 / 0.57629390 0.05448910
				3.97457900 -4.02173000 1.49060600 / 0.00000000 -0.27959240 -0.96011870 / 255 0 255 255 / 0.57629390 0.05448910
				3.97457900 -4.02173000 1.49060600 / 0.00000000 -0.27959240 -0.96011870 / 255 0 255 255 / 0.57629390 0.05448910
				3.97457900 -4.03247200 1.49744200 / 0.00000000 -0.53688390 -0.84365610 / 255 0 255 255 / 0.57156370 0.05125430
				3.25924700 -4.03247200 1.49744200 / 0.00000000 -0.53688400 -0.84365610 / 255 0 255 255 / 0.46975710 0.04150390
				3.25924700 -4.03247200 1.49744200 / 0.00000000 -0.53688400 -0.84365610 / 255 0 255 255 / 0.46975710 0.04150390
				3.25924700 -4.03247200 1.49744200 / 0.00000000 -0.53688400 -0.84365610 / 255 0 255 255 / 0.46975710 0.04150390
				3.25924700 -4.02173000 1.49060600 / 0.00000000 -0.27959270 -0.96011870 / 255 0 255 255 / 0.24781800 0.13432310
				3.25924700 -4.02173000 1.49060600 / 0.00000000 -0.27959270 -0.96011870 / 255 0 255 255 / 0.24781800 0.13432310
				3.25924700 -4.02173000 1.49060600 / 0.00000000 -0.27959270 -0.96011870 / 255 0 255 255 / 0.24781800 0.13432310
				3.25924700 -4.02173000 1.49060600 / 0.00000000 -0.27959270 -0.96011870 / 255 0 255 255 / 0.24781800 0.13432310
				3.25924700 -4.02173000 1.49060600 / 0.00000000 -0.27959270 -0.96011870 / 255 0 255 255 / 0.24781800 0.13432310
				3.25924700 -4.02173000 1.49060600 / 0.00000000 -0.27959270 -0.96011870 / 255 0 255 255 / 0.24781800 0.13432310
				3.97457900 -3.99096800 1.49060600 / 0.00000000 0.21657600 -0.97626580 / 255 0 255 255 / 0.55686950 0.01419070
				3.97457900 -3.99096800 1.49060600 / 0.00000000 0.21657600 -0.97626580 / 255 0 255 255 / 0.55686950 0.01419070
				3.97457900 -3.99096800 1.49060600 / 0.00000000 0.21657600 -0.97626580 / 255 0 255 255 / 0.55686950 0.01419070
				0.08102450 -4.03247200 1.49744200 / 0.00000000 -0.53688400 -0.84365610 / 255 0 255 255 / 0.01725770 -0.00183110
				0.08102450 -4.03247200 1.49744200 / 0.00000000 -0.53688400 -0.84365610 / 255 0 255 255 / 0.01725770 -0.00183110
				0.08102450 -4.03247200 1.49744200 / 0.00000000 -0.53688400 -0.84365610 / 255 0 255 255 / 0.01725770 -0.00183110
				3.25924700 -3.99096800 1.49060600 / -0.00015460 0.22965060 -0.97327310 / 255 0 255 255 / 0.18470760 0.01423650
				3.25924700 -3.99096800 1.49060600 / -0.00015460 0.22965060 -0.97327310 / 255 0 255 255 / 0.18470760 0.01423650
				3.25924700 -3.99096800 1.49060600 / -0.00015460 0.22965060 -0.97327310 / 255 0 255 255 / 0.18470760 0.01423650
				3.25924700 -3.99096800 1.49060600 / -0.00015460 0.22965060 -0.97327310 / 255 0 255 255 / 0.18470760 0.01423650
				3.25924700 -3.99096800 1.49060600 / -0.00015460 0.22965060 -0.97327310 / 255 0 255 255 / 0.18470760 0.01423650
				3.25924700 -3.99096800 1.49060600 / -0.00015460 0.22965060 -0.97327310 / 255 0 255 255 / 0.18470760 0.01423650
				3.97457900 -3.97631900 1.49744200 / -0.00000890 0.42322800 -0.90602320 / 255 0 255 255 / 0.57925410 0.00959780
				3.97457900 -3.97631900 1.49744200 / -0.00000890 0.42322800 -0.90602320 / 255 0 255 255 / 0.57925410 0.00959780
				3.25924700 -3.97631900 1.49793000 / -0.00030630 0.44739480 -0.89433650 / 255 0 255 255 / 0.12625120 0.00273130
				3.25924700 -3.97631900 1.49793000 / -0.00030630 0.44739480 -0.89433650 / 255 0 255 255 / 0.12625120 0.00273130
				3.25924700 -3.97631900 1.49793000 / -0.00030630 0.44739480 -0.89433650 / 255 0 255 255 / 0.12625120 0.00273130
				0.08102450 -4.02173000 1.49060600 / 0.00000000 -0.27959310 -0.96011860 / 255 0 255 255 / -1.21217300 0.48916630
				0.08102450 -4.02173000 1.49060600 / 0.00000000 -0.27959310 -0.96011860 / 255 0 255 255 / -1.21217300 0.48916630
				0.08102450 -4.02173000 1.49060600 / 0.00000000 -0.27959310 -0.96011860 / 255 0 255 255 / -1.21217300 0.48916630
				0.08102450 -4.02173000 1.49060600 / 0.00000000 -0.27959310 -0.96011860 / 255 0 255 255 / -1.21217300 0.48916630
				0.08102450 -4.02173000 1.49060600 / 0.00000000 -0.27959310 -0.96011860 / 255 0 255 255 / -1.21217300 0.48916630
				0.08102450 -4.02173000 1.49060600 / 0.00000000 -0.27959310 -0.96011860 / 255 0 255 255 / -1.21217300 0.48916630
				-2.94680700 -4.03247200 1.49744200 / 0.00000000 -0.53688400 -0.84365610 / 255 0 255 255 / -0.41383360 -0.04310610
				-2.94680700 -4.03247200 1.49744200 / 0.00000000 -0.53688400 -0.84365610 / 255 0 255 255 / -0.41383360 -0.04310610
				-2.94680700 -4.03247200 1.49744200 / 0.00000000 -0.53688400 -0.84365610 / 255 0 255 255 / -0.41383360 -0.04310610
				0.08102450 -3.99096800 1.49060600 / -0.00016640 0.28967810 -0.95712410 / 255 0 255 255 / -1.46937600 0.01446530
				0.08102450 -3.99096800 1.49060600 / -0.00016640 0.28967810 -0.95712410 / 255 0 255 255 / -1.46937600 0.01446530
				0.08102450 -3.99096800 1.49060600 / -0.00016640 0.28967810 -0.95712410 / 255 0 255 255 / -1.46937600 0.01446530
				0.08102450 -3.99096800 1.49060600 / -0.00016640 0.28967810 -0.95712410 / 255 0 255 255 / -1.46937600 0.01446530
				0.08102450 -3.99096800 1.49060600 / -0.00016640 0.28967810 -0.95712410 / 255 0 255 255 / -1.46937600 0.01446530
				0.08102450 -3.99096800 1.49060600 / -0.00016640 0.28967810 -0.95712410 / 255 0 255 255 / -1.46937600 0.01446530
				0.08102450 -3.97631900 1.50037100 / -0.00032050 0.55482650 -0.83196600 / 255 0 255 255 / -1.88719200 -0.02777100
				0.08102450 -3.97631900 1.50037100 / -0.00032050 0.55482650 -0.83196600 / 255 0 255 255 / -1.88719200 -0.02777100
				0.08102450 -3.97631900 1.50037100 / -0.00032050 0.55482650 -0.83196600 / 255 0 255 255 / -1.88719200 -0.02777100
				-2.94680700 -4.02173000 1.49060600 / 0.00000000 -0.27959270 -0.96011870 / 255 0 255 255 / -2.60307300 0.82722470
				-2.94680700 -4.02173000 1.49060600 / 0.00000000 -0.27959270 -0.96011870 / 255 0 255 255 / -2.60307300 0.82722470
				-2.94680700 -4.02173000 1.49060600 / 0.00000000 -0.27959270 -0.96011870 / 255 0 255 255 / -2.60307300 0.82722470
				-2.94680700 -4.02173000 1.49060600 / 0.00000000 -0.27959270 -0.96011870 / 255 0 255 255 / -2.60307300 0.82722470
				-2.94680700 -4.02173000 1.49060600 / 0.00000000 -0.27959270 -0.96011870 / 255 0 255 255 / -2.60307300 0.82722470
				-2.94680700 -4.02173000 1.49060600 / 0.00000000 -0.27959270 -0.96011870 / 255 0 255 255 / -2.60307300 0.82722470
				-3.81253000 -4.03247200 1.49744200 / 0.00000000 -0.53688400 -0.84365610 / 255 0 255 255 / -0.53704830 -0.05490110
				-3.81253000 -4.03247200 1.49744200 / 0.00000000 -0.53688400 -0.84365610 / 255 0 255 255 / -0.53704830 -0.05490110
				-3.81253000 -4.02173000 1.49060600 / 0.00000000 -0.27959260 -0.96011870 / 255 0 255 255 / -3.00064100 0.92385870
				-3.81253000 -4.02173000 1.49060600 / 0.00000000 -0.27959260 -0.96011870 / 255 0 255 255 / -3.00064100 0.92385870
				-3.81253000 -4.02173000 1.49060600 / 0.00000000 -0.27959260 -0.96011870 / 255 0 255 255 / -3.00064100 0.92385870
				-2.94680700 -3.99096800 1.49060600 / -0.00013300 0.33092170 -0.94365820 / 255 0 255 255 / -3.04521200 0.01467900
				-2.94680700 -3.99096800 1.49060600 / -0.00013300 0.33092170 -0.94365820 / 255 0 255 255 / -3.04521200 0.01467900
				-2.94680700 -3.99096800 1.49060600 / -0.00013300 0.33092170 -0.94365820 / 255 0 255 255 / -3.04521200 0.01467900
				-2.94680700 -3.99096800 1.49060600 / -0.00013300 0.33092170 -0.94365820 / 255 0 255 255 / -3.04521200 0.01467900
				-2.94680700 -3.99096800 1.49060600 / -0.00013300 0.33092170 -0.94365820 / 255 0 255 255 / -3.04521200 0.01467900
				-2.94680700 -3.99096800 1.49060600 / -0.00013300 0.33092170 -0.94365820 / 255 0 255 255 / -3.04521200 0.01467900
				-2.94680700 -3.97631900 1.50232500 / -0.00025480 0.62478900 -0.78079360 / 255 0 255 255 / -3.80535900 -0.05683900
				-2.94680700 -3.97631900 1.50232500 / -0.00025480 0.62478900 -0.78079360 / 255 0 255 255 / -3.80535900 -0.05683900
				-2.94680700 -3.97631900 1.50232500 / -0.00025480 0.62478900 -0.78079360 / 255 0 255 255 / -3.80535900 -0.05683900
				-3.81253000 -3.99096800 1.49060600 / -0.00022720 0.34028660 -0.94032170 / 255 0 255 255 / -3.49563600 0.01475520
				-3.81253000 -3.99096800 1.49060600 / -0.00022720 0.34028660 -0.94032170 / 255 0 255 255 / -3.49563600 0.01475520
				-3.81253000 -3.99096800 1.49060600 / -0.00022720 0.34028660 -0.94032170 / 255 0 255 255 / -3.49563600 0.01475520
				-3.81253000 -3.97631900 1.50281300 / -0.00043330 0.64016900 -0.76823410 / 255 0 255 255 / -4.35363800 -0.06513980
				3.97457900 -0.95434710 1.49060600 / 0.00000000 -0.27959000 -0.96011950 / 255 0 255 255 / 0.57629390 0.05448910
				3.97457900 -0.95434710 1.49060600 / 0.00000000 -0.27959000 -0.96011950 / 255 0 255 255 / 0.57629390 0.05448910
				3.97457900 -0.95434710 1.49060600 / 0.00000000 -0.27959000 -0.96011950 / 255 0 255 255 / 0.57629390 0.05448910
				3.97457900 -0.96508920 1.49744200 / 0.00000000 -0.53687970 -0.84365870 / 255 0 255 255 / 0.57156370 0.05125430
				3.25924700 -0.96508920 1.49744200 / 0.00000000 -0.53687980 -0.84365880 / 255 0 255 255 / 0.46975710 0.04150390
				3.25924700 -0.96508920 1.49744200 / 0.00000000 -0.53687980 -0.84365880 / 255 0 255 255 / 0.46975710 0.04150390
				3.25924700 -0.96508920 1.49744200 / 0.00000000 -0.53687980 -0.84365880 / 255 0 255 255 / 0.46975710 0.04150390
				3.25924700 -0.95434710 1.49060600 / 0.00000000 -0.27959040 -0.96011940 / 255 0 255 255 / 0.24781800 0.13432310
				3.25924700 -0.95434710 1.49060600 / 0.00000000 -0.27959040 -0.96011940 / 255 0 255 255 / 0.24781800 0.13432310
				3.25924700 -0.95434710 1.49060600 / 0.00000000 -0.27959040 -0.96011940 / 255 0 255 255 / 0.24781800 0.13432310
				3.25924700 -0.95434710 1.49060600 / 0.00000000 -0.27959040 -0.96011940 / 255 0 255 255 / 0.24781800 0.13432310
				3.25924700 -0.95434710 1.49060600 / 0.00000000 -0.27959040 -0.96011940 / 255 0 255 255 / 0.24781800 0.13432310
				3.25924700 -0.95434710 1.49060600 / 0.00000000 -0.27959040 -0.96011940 / 255 0 255 255 / 0.24781800 0.13432310
				3.97457900 -0.92358520 1.49060600 / 0.00000000 0.21658970 -0.97626270 / 255 0 255 255 / 0.55686950 0.01419070
				3.97457900 -0.92358520 1.49060600 / 0.00000000 0.21658970 -0.97626270 / 255 0 255 255 / 0.55686950 0.01419070
				3.97457900 -0.92358520 1.49060600 / 0.00000000 0.21658970 -0.97626270 / 255 0 255 255 / 0.55686950 0.01419070
				0.08102450 -0.96508920 1.49744200 / 0.00000000 -0.53687980 -0.84365880 / 255 0 255 255 / 0.01725770 -0.00183110
				0.08102450 -0.96508920 1.49744200 / 0.00000000 -0.53687980 -0.84365880 / 255 0 255 255 / 0.01725770 -0.00183110
				0.08102450 -0.96508920 1.49744200 / 0.00000000 -0.53687980 -0.84365880 / 255 0 255 255 / 0.01725770 -0.00183110
				3.25924700 -0.92358520 1.49060600 / -0.00015460 0.22966490 -0.97326980 / 255 0 255 255 / 0.18470760 0.01423650
				3.25924700 -0.92358520 1.49060600 / -0.00015460 0.22966490 -0.97326980 / 255 0 255 255 / 0.18470760 0.01423650
				3.25924700 -0.92358520 1.49060600 / -0.00015460 0.22966490 -0.97326980 / 255 0 255 255 / 0.18470760 0.01423650
				3.25924700 -0.92358520 1.49060600 / -0.00015460 0.22966490 -0.97326980 / 255 0 255 255 / 0.18470760 0.01423650
				3.25924700 -0.92358520 1.49060600 / -0.00015460 0.22966490 -0.97326980 / 255 0 255 255 / 0.18470760 0.01423650
				3.25924700 -0.92358520 1.49060600 / -0.00015460 0.22966490 -0.97326980 / 255 0 255 255 / 0.18470760 0.01423650
				3.97457900 -0.90893720 1.49744200 / -0.00000890 0.42325350 -0.90601130 / 255 0 255 255 / 0.57925410 0.00959780
				3.97457900 -0.90893720 1.49744200 / -0.00000890 0.42325350 -0.90601130 / 255 0 255 255 / 0.57925410 0.00959780
				3.25924700 -0.90893720 1.49793000 / -0.00030630 0.44742110 -0.89432340 / 255 0 255 255 / 0.12625120 0.00273130
				3.25924700 -0.90893720 1.49793000 / -0.00030630 0.44742110 -0.89432340 / 255 0 255 255 / 0.12625120 0.00273130
				3.25924700 -0.90893720 1.49793000 / -0.00030630 0.44742110 -0.89432340 / 255 0 255 255 / 0.12625120 0.00273130
				0.08102450 -0.95434710 1.49060600 / 0.00000000 -0.27959070 -0.96011930 / 255 0 255 255 / -1.21217300 0.48916630
				0.08102450 -0.95434710 1.49060600 / 0.00000000 -0.27959070 -0.96011930 / 255 0 255 255 / -1.21217300 0.48916630
				0.08102450 -0.95434710 1.49060600 / 0.00000000 -0.27959070 -0.96011930 / 255 0 255 255 / -1.21217300 0.48916630
				0.08102450 -0.95434710 1.49060600 / 0.00000000 -0.27959070 -0.96011930 / 255 0 255 255 / -1.21217300 0.48916630
				0.08102450 -0.95434710 1.49060600 / 0.00000000 -0.27959070 -0.96011930 / 255 0 255 255 / -1.21217300 0.48916630
				0.08102450 -0.95434710 1.49060600 / 0.00000000 -0.27959070 -0.96011930 / 255 0 255 255 / -1.21217300 0.48916630
				-2.94680700 -0.96508920 1.49744200 / 0.00000000 -0.53687970 -0.84365890 / 255 0 255 255 / -0.41383360 -0.04310610
				-2.94680700 -0.96508920 1.49744200 / 0.00000000 -0.53687970 -0.84365890 / 255 0 255 255 / -0.41383360 -0.04310610
				-2.94680700 -0.96508920 1.49744200 / 0.00000000 -0.53687970 -0.84365890 / 255 0 255 255 / -0.41383360 -0.04310610
				0.08102450 -0.92358520 1.49060600 / -0.00016640 0.28969420 -0.95711920 / 255 0 255 255 / -1.46937600 0.01446530
				0.08102450 -0.92358520 1.49060600 / -0.00016640 0.28969420 -0.95711920 / 255 0 255 255 / -1.46937600 0.01446530
				0.08102450 -0.92358520 1.49060600 / -0.00016640 0.28969420 -0.95711920 / 255 0 255 255 / -1.46937600 0.01446530
				0.08102450 -0.92358520 1.49060600 / -0.00016640 0.28969420 -0.95711920 / 255 0 255 255 / -1.46937600 0.01446530
				0.08102450 -0.92358520 1.49060600 / -0.00016640 0.28969420 -0.95711920 / 255 0 255 255 / -1.46937600 0.01446530
				0.08102450 -0.92358520 1.49060600 / -0.00016640 0.28969420 -0.95711920 / 255 0 255 255 / -1.46937600 0.01446530
				0.08102450 -0.90893720 1.50037100 / -0.00032050 0.55485460 -0.83194730 / 255 0 255 255 / -1.88719200 -0.02777100
				0.08102450 -0.90893720 1.50037100 / -0.00032050 0.55485460 -0.83194730 / 255 0 255 255 / -1.88719200 -0.02777100
				0.08102450 -0.90893720 1.50037100 / -0.00032050 0.55485460 -0.83194730 / 255 0 255 255 / -1.88719200 -0.02777100
				-2.94680700 -0.95434710 1.49060600 / 0.00000000 -0.27959020 -0.96011950 / 255 0 255 255 / -2.60307300 0.82722470
				-2.94680700 -0.95434710 1.49060600 / 0.00000000 -0.27959020 -0.96011950 / 255 0 255 255 / -2.60307300 0.82722470
				-2.94680700 -0.95434710 1.49060600 / 0.00000000 -0.27959020 -0.96011950 / 255 0 255 255 / -2.60307300 0.82722470
				-2.94680700 -0.95434710 1.49060600 / 0.00000000 -0.27959020 -0.96011950 / 255 0 255 255 / -2.60307300 0.82722470
				-2.94680700 -0.95434710 1.49060600 / 0.00000000 -0.27959020 -0.96011950 / 255 0 255 255 / -2.60307300 0.82722470
				-2.94680700 -0.95434710 1.49060600 / 0.00000000 -0.27959020 -0.96011950 / 255 0 255 255 / -2.60307300 0.82722470
				-3.81253000 -0.96508920 1.49744200 / 0.00000000 -0.53687970 -0.84365870 / 255 0 255 255 / -0.53704830 -0.05490110
				-3.81253000 -0.96508920 1.49744200 / 0.00000000 -0.53687970 -0.84365870 / 255 0 255 255 / -0.53704830 -0.05490110
				-3.81253000 -0.95434710 1.49060600 / 0.00000000 -0.27959020 -0.96011940 / 255 0 255 255 / -3.00064100 0.92385870
				-3.81253000 -0.95434710 1.49060600 / 0.00000000 -0.27959020 -0.96011940 / 255 0 255 255 / -3.00064100 0.92385870
				-3.81253000 -0.95434710 1.49060600 / 0.00000000 -0.27959020 -0.96011940 / 255 0 255 255 / -3.00064100 0.92385870
				-2.94680700 -0.92358520 1.49060600 / -0.00013300 0.33093860 -0.94365220 / 255 0 255 255 / -3.04521200 0.01467900
				-2.94680700 -0.92358520 1.49060600 / -0.00013300 0.33093860 -0.94365220 / 255 0 255 255 / -3.04521200 0.01467900
				-2.94680700 -0.92358520 1.49060600 / -0.00013300 0.33093860 -0.94365220 / 255 0 255 255 / -3.04521200 0.01467900
				-2.94680700 -0.92358520 1.49060600 / -0.00013300 0.33093860 -0.94365220 / 255 0 255 255 / -3.04521200 0.01467900
				-2.94680700 -0.92358520 1.49060600 / -0.00013300 0.33093860 -0.94365220 / 255 0 255 255 / -3.04521200 0.01467900
				-2.94680700 -0.92358520 1.49060600 / -0.00013300 0.33093860 -0.94365220 / 255 0 255 255 / -3.04521200 0.01467900
				-2.94680700 -0.90893720 1.50232500 / -0.00025480 0.62481690 -0.78077130 / 255 0 255 255 / -3.80535900 -0.05683900
				-2.94680700 -0.90893720 1.50232500 / -0.00025480 0.62481690 -0.78077130 / 255 0 255 255 / -3.80535900 -0.05683900
				-2.94680700 -0.90893720 1.50232500 / -0.00025480 0.62481690 -0.78077130 / 255 0 255 255 / -3.80535900 -0.05683900
				-3.81253000 -0.92358520 1.49060600 / -0.00022720 0.34030360 -0.94031560 / 255 0 255 255 / -3.49563600 0.01475520
				-3.81253000 -0.92358520 1.49060600 / -0.00022720 0.34030360 -0.94031560 / 255 0 255 255 / -3.49563600 0.01475520
				-3.81253000 -0.92358520 1.49060600 / -0.00022720 0.34030360 -0.94031560 / 255 0 255 255 / -3.49563600 0.01475520
				-3.81253000 -0.90893720 1.50281300 / -0.00043330 0.64019670 -0.76821100 / 255 0 255 255 / -4.35363800 -0.06513980
				3.97457900 -1.73169100 1.49060600 / 0.00000000 -0.27959000 -0.96011950 / 255 0 255 255 / 0.57629390 0.05448910
				3.97457900 -1.73169100 1.49060600 / 0.00000000 -0.27959000 -0.96011950 / 255 0 255 255 / 0.57629390 0.05448910
				3.97457900 -1.73169100 1.49060600 / 0.00000000 -0.27959000 -0.96011950 / 255 0 255 255 / 0.57629390 0.05448910
				3.97457900 -1.74243300 1.49744200 / 0.00000000 -0.53687970 -0.84365870 / 255 0 255 255 / 0.57156370 0.05125430
				3.25924700 -1.74243300 1.49744200 / 0.00000000 -0.53687980 -0.84365880 / 255 0 255 255 / 0.46975710 0.04150390
				3.25924700 -1.74243300 1.49744200 / 0.00000000 -0.53687980 -0.84365880 / 255 0 255 255 / 0.46975710 0.04150390
				3.25924700 -1.74243300 1.49744200 / 0.00000000 -0.53687980 -0.84365880 / 255 0 255 255 / 0.46975710 0.04150390
				3.25924700 -1.73169100 1.49060600 / 0.00000000 -0.27959040 -0.96011940 / 255 0 255 255 / 0.24781800 0.13432310
				3.25924700 -1.73169100 1.49060600 / 0.00000000 -0.27959040 -0.96011940 / 255 0 255 255 / 0.24781800 0.13432310
				3.25924700 -1.73169100 1.49060600 / 0.00000000 -0.27959040 -0.96011940 / 255 0 255 255 / 0.24781800 0.13432310
				3.25924700 -1.73169100 1.49060600 / 0.00000000 -0.27959040 -0.96011940 / 255 0 255 255 / 0.24781800 0.13432310
				3.25924700 -1.73169100 1.49060600 / 0.00000000 -0.27959040 -0.96011940 / 255 0 255 255 / 0.24781800 0.13432310
				3.25924700 -1.73169100 1.49060600 / 0.00000000 -0.27959040 -0.96011940 / 255 0 255 255 / 0.24781800 0.13432310
				3.97457900 -1.70092900 1.49060600 / 0.00000000 0.22299010 -0.97482070 / 255 0 255 255 / 0.55686950 0.01419070
				3.97457900 -1.70092900 1.49060600 / 0.00000000 0.22299010 -0.97482070 / 255 0 255 255 / 0.55686950 0.01419070
				3.97457900 -1.70092900 1.49060600 / 0.00000000 0.22299010 -0.97482070 / 255 0 255 255 / 0.55686950 0.01419070
				0.08102450 -1.74243300 1.49744200 / 0.00000000 -0.53687980 -0.84365880 / 255 0 255 255 / 0.01725770 -0.00183110
				0.08102450 -1.74243300 1.49744200 / 0.00000000 -0.53687980 -0.84365880 / 255 0 255 255 / 0.01725770 -0.00183110
				0.08102450 -1.74243300 1.49744200 / 0.00000000 -0.53687980 -0.84365880 / 255 0 255 255 / 0.01725770 -0.00183110
				3.25924700 -1.70092900 1.49060600 / -0.00015380 0.23632040 -0.97167520 / 255 0 255 255 / 0.18470760 0.01423650
				3.25924700 -1.70092900 1.49060600 / -0.00015380 0.23632040 -0.97167520 / 255 0 255 255 / 0.18470760 0.01423650
				3.25924700 -1.70092900 1.49060600 / -0.00015380 0.23632040 -0.97167520 / 255 0 255 255 / 0.18470760 0.01423650
				3.25924700 -1.70092900 1.49060600 / -0.00015380 0.23632040 -0.97167520 / 255 0 255 255 / 0.18470760 0.01423650
				3.25924700 -1.70092900 1.49060600 / -0.00015380 0.23632040 -0.97167520 / 255 0 255 255 / 0.18470760 0.01423650
				3.25924700 -1.70092900 1.49060600 / -0.00015380 0.23632040 -0.97167520 / 255 0 255 255 / 0.18470760 0.01423650
				3.97457900 -1.68676900 1.49744200 / -0.00000860 0.43510290 -0.90038080 / 255 0 255 255 / 0.57925410 0.00959780
				3.97457900 -1.68676900 1.49744200 / -0.00000860 0.43510290 -0.90038080 / 255 0 255 255 / 0.57925410 0.00959780
				3.25924700 -1.68676900 1.49793000 / -0.00030420 0.45961700 -0.88811700 / 255 0 255 255 / 0.12625120 0.00273130
				3.25924700 -1.68676900 1.49793000 / -0.00030420 0.45961700 -0.88811700 / 255 0 255 255 / 0.12625120 0.00273130
				3.25924700 -1.68676900 1.49793000 / -0.00030420 0.45961700 -0.88811700 / 255 0 255 255 / 0.12625120 0.00273130
				0.08102450 -1.73169100 1.49060600 / 0.00000000 -0.27959070 -0.96011930 / 255 0 255 255 / -1.21217300 0.48916630
				0.08102450 -1.73169100 1.49060600 / 0.00000000 -0.27959070 -0.96011930 / 255 0 255 255 / -1.21217300 0.48916630
				0.08102450 -1.73169100 1.49060600 / 0.00000000 -0.27959070 -0.96011930 / 255 0 255 255 / -1.21217300 0.48916630
				0.08102450 -1.73169100 1.49060600 / 0.00000000 -0.27959070 -0.96011930 / 255 0 255 255 / -1.21217300 0.48916630
				0.08102450 -1.73169100 1.49060600 / 0.00000000 -0.27959070 -0.96011930 / 255 0 255 255 / -1.21217300 0.48916630
				0.08102450 -1.73169100 1.49060600 / 0.00000000 -0.27959070 -0.96011930 / 255 0 255 255 / -1.21217300 0.48916630
				-2.94680700 -1.74243300 1.49744200 / 0.00000000 -0.53687970 -0.84365890 / 255 0 255 255 / -0.41383360 -0.04310610
				-2.94680700 -1.74243300 1.49744200 / 0.00000000 -0.53687970 -0.84365890 / 255 0 255 255 / -0.41383360 -0.04310610
				-2.94680700 -1.74243300 1.49744200 / 0.00000000 -0.53687970 -0.84365890 / 255 0 255 255 / -0.41383360 -0.04310610
				0.08102450 -1.70092900 1.49060600 / -0.00016500 0.29721530 -0.95481040 / 255 0 255 255 / -1.46937600 0.01446530
				0.08102450 -1.70092900 1.49060600 / -0.00016500 0.29721530 -0.95481040 / 255 0 255 255 / -1.46937600 0.01446530
				0.08102450 -1.70092900 1.49060600 / -0.00016500 0.29721530 -0.95481040 / 255 0 255 255 / -1.46937600 0.01446530
				0.08102450 -1.70092900 1.49060600 / -0.00016500 0.29721530 -0.95481040 / 255 0 255 255 / -1.46937600 0.01446530
				0.08102450 -1.70092900 1.49060600 / -0.00016500 0.29721530 -0.95481040 / 255 0 255 255 / -1.46937600 0.01446530
				0.08102450 -1.70092900 1.49060600 / -0.00016500 0.29721530 -0.95481040 / 255 0 255 255 / -1.46937600 0.01446530
				0.08102450 -1.68676900 1.50037100 / -0.00031710 0.56787370 -0.82311570 / 255 0 255 255 / -1.88719200 -0.02777100
				0.08102450 -1.68676900 1.50037100 / -0.00031710 0.56787370 -0.82311570 / 255 0 255 255 / -1.88719200 -0.02777100
				0.08102450 -1.68676900 1.50037100 / -0.00031710 0.56787370 -0.82311570 / 255 0 255 255 / -1.88719200 -0.02777100
				-2.94680700 -1.73169100 1.49060600 / 0.00000000 -0.27959020 -0.96011940 / 255 0 255 255 / -2.60307300 0.82722470
				-2.94680700 -1.73169100 1.49060600 / 0.00000000 -0.27959020 -0.96011940 / 255 0 255 255 / -2.60307300 0.82722470
				-2.94680700 -1.73169100 1.49060600 / 0.00000000 -0.27959020 -0.96011940 / 255 0 255 255 / -2.60307300 0.82722470
				-2.94680700 -1.73169100 1.49060600 / 0.00000000 -0.27959020 -0.96011940 / 255 0 255 255 / -2.60307300 0.82722470
				-2.94680700 -1.73169100 1.49060600 / 0.00000000 -0.27959020 -0.96011940 / 255 0 255 255 / -2.60307300 0.82722470
				-2.94680700 -1.73169100 1.49060600 / 0.00000000 -0.27959020 -0.96011940 / 255 0 255 255 / -2.60307300 0.82722470
				-3.81253000 -1.74243300 1.49744200 / 0.00000000 -0.53687970 -0.84365870 / 255 0 255 255 / -0.53704830 -0.05490110
				-3.81253000 -1.74243300 1.49744200 / 0.00000000 -0.53687970 -0.84365870 / 255 0 255 255 / -0.53704830 -0.05490110
				-3.81253000 -1.73169100 1.49060600 / 0.00000000 -0.27959010 -0.96011940 / 255 0 255 255 / -3.00064100 0.92385870
				-3.81253000 -1.73169100 1.49060600 / 0.00000000 -0.27959010 -0.96011940 / 255 0 255 255 / -3.00064100 0.92385870
				-3.81253000 -1.73169100 1.49060600 / 0.00000000 -0.27959010 -0.96011940 / 255 0 255 255 / -3.00064100 0.92385870
				-2.94680700 -1.70092900 1.49060600 / -0.00013160 0.33875240 -0.94087550 / 255 0 255 255 / -3.04521200 0.01467900
				-2.94680700 -1.70092900 1.49060600 / -0.00013160 0.33875240 -0.94087550 / 255 0 255 255 / -3.04521200 0.01467900
				-2.94680700 -1.70092900 1.49060600 / -0.00013160 0.33875240 -0.94087550 / 255 0 255 255 / -3.04521200 0.01467900
				-2.94680700 -1.70092900 1.49060600 / -0.00013160 0.33875240 -0.94087550 / 255 0 255 255 / -3.04521200 0.01467900
				-2.94680700 -1.70092900 1.49060600 / -0.00013160 0.33875240 -0.94087550 / 255 0 255 255 / -3.04521200 0.01467900
				-2.94680700 -1.70092900 1.49060600 / -0.00013160 0.33875240 -0.94087550 / 255 0 255 255 / -3.04521200 0.01467900
				-2.94680700 -1.68676900 1.50232500 / -0.00025130 0.63767570 -0.77030480 / 255 0 255 255 / -3.80535900 -0.05683900
				-2.94680700 -1.68676900 1.50232500 / -0.00025130 0.63767570 -0.77030480 / 255 0 255 255 / -3.80535900 -0.05683900
				-2.94680700 -1.68676900 1.50232500 / -0.00025130 0.63767570 -0.77030480 / 255 0 255 255 / -3.80535900 -0.05683900
				-3.81253000 -1.70092900 1.49060600 / -0.00022480 0.34814790 -0.93743960 / 255 0 255 255 / -3.49563600 0.01475520
				-3.81253000 -1.70092900 1.49060600 / -0.00022480 0.34814790 -0.93743960 / 255 0 255 255 / -3.49563600 0.01475520
				-3.81253000 -1.70092900 1.49060600 / -0.00022480 0.34814790 -0.93743960 / 255 0 255 255 / -3.49563600 0.01475520
				-3.81253000 -1.68676900 1.50281300 / -0.00042720 0.65294110 -0.75740860 / 255 0 255 255 / -4.35363800 -0.06513980
				-2.19973800 -0.13061620 1.49060600 / 0.26999260 0.00000000 -0.96286240 / 255 0 255 255 / 0.57629390 0.05448910
				-2.19973800 -0.13061620 1.49060600 / 0.26999260 0.00000000 -0.96286240 / 255 0 255 255 / 0.57629390 0.05448910
				-2.19973800 -0.13061620 1.49060600 / 0.26999260 0.00000000 -0.96286240 / 255 0 255 255 / 0.57629390 0.05448910
				-2.18850700 -0.13061620 1.49744200 / 0.51993090 0.00000000 -0.85420840 / 255 0 255 255 / 0.57156370 0.05125430
				-2.18850700 -0.54712020 1.49744200 / 0.51993080 0.00000000 -0.85420840 / 255 0 255 255 / 0.47235110 0.04174810
				-2.18850700 -0.54712020 1.49744200 / 0.51993080 0.00000000 -0.85420840 / 255 0 255 255 / 0.47235110 0.04174810
				-2.18850700 -0.54712020 1.49744200 / 0.51993080 0.00000000 -0.85420840 / 255 0 255 255 / 0.47235110 0.04174810
				-2.19973800 -0.54712020 1.49060600 / 0.26999210 0.00000000 -0.96286260 / 255 0 255 255 / 0.25617980 0.13229370
				-2.19973800 -0.54712020 1.49060600 / 0.26999210 0.00000000 -0.96286260 / 255 0 255 255 / 0.25617980 0.13229370
				-2.19973800 -0.54712020 1.49060600 / 0.26999210 0.00000000 -0.96286260 / 255 0 255 255 / 0.25617980 0.13229370
				-2.19973800 -0.54712020 1.49060600 / 0.26999210 0.00000000 -0.96286260 / 255 0 255 255 / 0.25617980 0.13229370
				-2.19973800 -0.54712020 1.49060600 / 0.26999210 0.00000000 -0.96286260 / 255 0 255 255 / 0.25617980 0.13229370
				-2.19973800 -0.54712020 1.49060600 / 0.26999210 0.00000000 -0.96286260 / 255 0 255 255 / 0.25617980 0.13229370
				-2.23001100 -0.13061620 1.49060600 / -0.21657430 0.00000000 -0.97626610 / 255 0 255 255 / 0.55686950 0.01419070
				-2.23001100 -0.13061620 1.49060600 / -0.21657430 0.00000000 -0.97626610 / 255 0 255 255 / 0.55686950 0.01419070
				-2.23001100 -0.13061620 1.49060600 / -0.21657430 0.00000000 -0.97626610 / 255 0 255 255 / 0.55686950 0.01419070
				-2.18850700 -2.10376100 1.49744200 / 0.51993080 0.00000000 -0.85420840 / 255 0 255 255 / 0.10140990 0.00622560
				-2.18850700 -2.10376100 1.49744200 / 0.51993080 0.00000000 -0.85420840 / 255 0 255 255 / 0.10140990 0.00622560
				-2.18850700 -2.10376100 1.49744200 / 0.51993080 0.00000000 -0.85420840 / 255 0 255 255 / 0.10140990 0.00622560
				-2.23001100 -0.54712020 1.49060600 / -0.22958110 -0.00026270 -0.97328930 / 255 0 255 255 / 0.19419860 0.01423650
				-2.23001100 -0.54712020 1.49060600 / -0.22958110 -0.00026270 -0.97328930 / 255 0 255 255 / 0.19419860 0.01423650
				-2.23001100 -0.54712020 1.49060600 / -0.22958110 -0.00026270 -0.97328930 / 255 0 255 255 / 0.19419860 0.01423650
				-2.23001100 -0.54712020 1.49060600 / -0.22958110 -0.00026270 -0.97328930 / 255 0 255 255 / 0.19419860 0.01423650
				-2.23001100 -0.54712020 1.49060600 / -0.22958110 -0.00026270 -0.97328930 / 255 0 255 255 / 0.19419860 0.01423650
				-2.23001100 -0.54712020 1.49060600 / -0.22958110 -0.00026270 -0.97328930 / 255 0 255 255 / 0.19419860 0.01423650
				-2.24465900 -0.13061620 1.49744200 / -0.42348080 -0.00002620 -0.90590520 / 255 0 255 255 / 0.57925410 0.00959780
				-2.24465900 -0.13061620 1.49744200 / -0.42348080 -0.00002620 -0.90590520 / 255 0 255 255 / 0.57925410 0.00959780
				-2.24465900 -0.54712020 1.49793000 / -0.44751550 -0.00052790 -0.89427600 / 255 0 255 255 / 0.13778690 0.00289920
				-2.24465900 -0.54712020 1.49793000 / -0.44751550 -0.00052790 -0.89427600 / 255 0 255 255 / 0.13778690 0.00289920
				-2.24465900 -0.54712020 1.49793000 / -0.44751550 -0.00052790 -0.89427600 / 255 0 255 255 / 0.13778690 0.00289920
				-2.19973800 -2.10376100 1.49060600 / 0.26999250 0.00000000 -0.96286260 / 255 0 255 255 / -0.94062810 0.42317200
				-2.19973800 -2.10376100 1.49060600 / 0.26999250 0.00000000 -0.96286260 / 255 0 255 255 / -0.94062810 0.42317200
				-2.19973800 -2.10376100 1.49060600 / 0.26999250 0.00000000 -0.96286260 / 255 0 255 255 / -0.94062810 0.42317200
				-2.19973800 -2.10376100 1.49060600 / 0.26999250 0.00000000 -0.96286260 / 255 0 255 255 / -0.94062810 0.42317200
				-2.19973800 -2.10376100 1.49060600 / 0.26999250 0.00000000 -0.96286260 / 255 0 255 255 / -0.94062810 0.42317200
				-2.19973800 -2.10376100 1.49060600 / 0.26999250 0.00000000 -0.96286260 / 255 0 255 255 / -0.94062810 0.42317200
				-2.18850700 -2.83471800 1.49744200 / 0.51993080 0.00000000 -0.85420840 / 255 0 255 255 / -0.07278440 -0.01045230
				-2.18850700 -2.83471800 1.49744200 / 0.51993080 0.00000000 -0.85420840 / 255 0 255 255 / -0.07278440 -0.01045230
				-2.18850700 -2.83471800 1.49744200 / 0.51993080 0.00000000 -0.85420840 / 255 0 255 255 / -0.07278440 -0.01045230
				-2.23001100 -2.10376100 1.49060600 / -0.27837790 -0.00027410 -0.96047160 / 255 0 255 255 / -1.16174300 0.01443480
				-2.23001100 -2.10376100 1.49060600 / -0.27837790 -0.00027410 -0.96047160 / 255 0 255 255 / -1.16174300 0.01443480
				-2.23001100 -2.10376100 1.49060600 / -0.27837790 -0.00027410 -0.96047160 / 255 0 255 255 / -1.16174300 0.01443480
				-2.23001100 -2.10376100 1.49060600 / -0.27837790 -0.00027410 -0.96047160 / 255 0 255 255 / -1.16174300 0.01443480
				-2.23001100 -2.10376100 1.49060600 / -0.27837790 -0.00027410 -0.96047160 / 255 0 255 255 / -1.16174300 0.01443480
				-2.23001100 -2.10376100 1.49060600 / -0.27837790 -0.00027410 -0.96047160 / 255 0 255 255 / -1.16174300 0.01443480
				-2.24465900 -2.10376100 1.49988300 / -0.53533680 -0.00053830 -0.84463850 / 255 0 255 255 / -1.51271100 -0.02209470
				-2.24465900 -2.10376100 1.49988300 / -0.53533680 -0.00053830 -0.84463850 / 255 0 255 255 / -1.51271100 -0.02209470
				-2.24465900 -2.10376100 1.49988300 / -0.53533680 -0.00053830 -0.84463850 / 255 0 255 255 / -1.51271100 -0.02209470
				-2.19973800 -2.83471800 1.49060600 / 0.26999280 0.00000000 -0.96286240 / 255 0 255 255 / -1.50268600 0.55978390
				-2.19973800 -2.83471800 1.49060600 / 0.26999280 0.00000000 -0.96286240 / 255 0 255 255 / -1.50268600 0.55978390
				-2.19973800 -2.83471800 1.49060600 / 0.26999280 0.00000000 -0.96286240 / 255 0 255 255 / -1.50268600 0.55978390
				-2.19973800 -2.83471800 1.49060600 / 0.26999280 0.00000000 -0.96286240 / 255 0 255 255 / -1.50268600 0.55978390
				-2.19973800 -2.83471800 1.49060600 / 0.26999280 0.00000000 -0.96286240 / 255 0 255 255 / -1.50268600 0.55978390
				-2.19973800 -2.83471800 1.49060600 / 0.26999280 0.00000000 -0.96286240 / 255 0 255 255 / -1.50268600 0.55978390
				-2.18850700 -4.41674900 1.49744200 / 0.51993080 0.00000000 -0.85420830 / 255 0 255 255 / -0.44978330 -0.04655460
				-2.18850700 -4.41674900 1.49744200 / 0.51993080 0.00000000 -0.85420830 / 255 0 255 255 / -0.44978330 -0.04655460
				-2.18850700 -4.41674900 1.49744200 / 0.51993080 0.00000000 -0.85420830 / 255 0 255 255 / -0.44978330 -0.04655460
				-2.23001100 -2.83471800 1.49060600 / -0.30046220 -0.00028260 -0.95379370 / 255 0 255 255 / -1.79852300 0.01451110
				-2.23001100 -2.83471800 1.49060600 / -0.30046220 -0.00028260 -0.95379370 / 255 0 255 255 / -1.79852300 0.01451110
				-2.23001100 -2.83471800 1.49060600 / -0.30046220 -0.00028260 -0.95379370 / 255 0 255 255 / -1.79852300 0.01451110
				-2.23001100 -2.83471800 1.49060600 / -0.30046220 -0.00028260 -0.95379370 / 255 0 255 255 / -1.79852300 0.01451110
				-2.23001100 -2.83471800 1.49060600 / -0.30046220 -0.00028260 -0.95379370 / 255 0 255 255 / -1.79852300 0.01451110
				-2.23001100 -2.83471800 1.49060600 / -0.30046220 -0.00028260 -0.95379370 / 255 0 255 255 / -1.79852300 0.01451110
				-2.24465900 -2.83471800 1.50086000 / -0.57364110 -0.00054980 -0.81910650 / 255 0 255 255 / -2.28782700 -0.03384400
				-2.24465900 -2.83471800 1.50086000 / -0.57364110 -0.00054980 -0.81910650 / 255 0 255 255 / -2.28782700 -0.03384400
				-2.24465900 -2.83471800 1.50086000 / -0.57364110 -0.00054980 -0.81910650 / 255 0 255 255 / -2.28782700 -0.03384400
				-2.19973800 -4.41674900 1.49060600 / 0.26999230 0.00000000 -0.96286250 / 255 0 255 255 / -2.71907000 0.85542300
				-2.19973800 -4.41674900 1.49060600 / 0.26999230 0.00000000 -0.96286250 / 255 0 255 255 / -2.71907000 0.85542300
				-2.19973800 -4.41674900 1.49060600 / 0.26999230 0.00000000 -0.96286250 / 255 0 255 255 / -2.71907000 0.85542300
				-2.19973800 -4.41674900 1.49060600 / 0.26999230 0.00000000 -0.96286250 / 255 0 255 255 / -2.71907000 0.85542300
				-2.19973800 -4.41674900 1.49060600 / 0.26999230 0.00000000 -0.96286250 / 255 0 255 255 / -2.71907000 0.85542300
				-2.19973800 -4.41674900 1.49060600 / 0.26999230 0.00000000 -0.96286250 / 255 0 255 255 / -2.71907000 0.85542300
				-2.18850700 -4.78296000 1.49744200 / 0.51993080 0.00000000 -0.85420840 / 255 0 255 255 / -0.53704830 -0.05490110
				-2.18850700 -4.78296000 1.49744200 / 0.51993080 0.00000000 -0.85420840 / 255 0 255 255 / -0.53704830 -0.05490110
				-2.19973800 -4.78296000 1.49060600 / 0.26999230 0.00000000 -0.96286260 / 255 0 255 255 / -3.00064100 0.92385870
				-2.19973800 -4.78296000 1.49060600 / 0.26999230 0.00000000 -0.96286260 / 255 0 255 255 / -3.00064100 0.92385870
				-2.19973800 -4.78296000 1.49060600 / 0.26999230 0.00000000 -0.96286260 / 255 0 255 255 / -3.00064100 0.92385870
				-2.23001100 -4.41674900 1.49060600 / -0.33088700 -0.00019020 -0.94367040 / 255 0 255 255 / -3.17662000 0.01470950
				-2.23001100 -4.41674900 1.49060600 / -0.33088700 -0.00019020 -0.94367040 / 255 0 255 255 / -3.17662000 0.01470950
				-2.23001100 -4.41674900 1.49060600 / -0.33088700 -0.00019020 -0.94367040 / 255 0 255 255 / -3.17662000 0.01470950
				-2.23001100 -4.41674900 1.49060600 / -0.33088700 -0.00019020 -0.94367040 / 255 0 255 255 / -3.17662000 0.01470950
				-2.23001100 -4.41674900 1.49060600 / -0.33088700 -0.00019020 -0.94367040 / 255 0 255 255 / -3.17662000 0.01470950
				-2.23001100 -4.41674900 1.49060600 / -0.33088700 -0.00019020 -0.94367040 / 255 0 255 255 / -3.17662000 0.01470950
				-2.24465900 -4.41674900 1.50232500 / -0.62493490 -0.00037830 -0.78067680 / 255 0 255 255 / -3.96531700 -0.05924990
				-2.24465900 -4.41674900 1.50232500 / -0.62493490 -0.00037830 -0.78067680 / 255 0 255 255 / -3.96531700 -0.05924990
				-2.24465900 -4.41674900 1.50232500 / -0.62493490 -0.00037830 -0.78067680 / 255 0 255 255 / -3.96531700 -0.05924990
				-2.23001100 -4.78296000 1.49060600 / -0.34010760 -0.00052690 -0.94038640 / 255 0 255 255 / -3.49563600 0.01475520
				-2.23001100 -4.78296000 1.49060600 / -0.34010760 -0.00052690 -0.94038640 / 255 0 255 255 / -3.49563600 0.01475520
				-2.23001100 -4.78296000 1.49060600 / -0.34010760 -0.00052690 -0.94038640 / 255 0 255 255 / -3.49563600 0.01475520
				-2.24465900 -4.78296000 1.50281300 / -0.64016560 -0.00102430 -0.76823620 / 255 0 255 255 / -4.35363800 -0.06513980
				-0.59915130 -0.13061620 1.49060600 / 0.27000150 0.00000000 -0.96286000 / 255 0 255 255 / 0.57629390 0.05448910
				-0.59915130 -0.13061620 1.49060600 / 0.27000150 0.00000000 -0.96286000 / 255 0 255 255 / 0.57629390 0.05448910
				-0.59915130 -0.13061620 1.49060600 / 0.27000150 0.00000000 -0.96286000 / 255 0 255 255 / 0.57629390 0.05448910
				-0.58792080 -0.13061620 1.49744200 / 0.51994690 0.00000000 -0.85419850 / 255 0 255 255 / 0.57156370 0.05125430
				-0.58792080 -0.54712020 1.49744200 / 0.51994690 0.00000000 -0.85419850 / 255 0 255 255 / 0.47235110 0.04174810
				-0.58792080 -0.54712020 1.49744200 / 0.51994690 0.00000000 -0.85419850 / 255 0 255 255 / 0.47235110 0.04174810
				-0.58792080 -0.54712020 1.49744200 / 0.51994690 0.00000000 -0.85419850 / 255 0 255 255 / 0.47235110 0.04174810
				-0.59915130 -0.54712020 1.49060600 / 0.27000120 0.00000000 -0.96285990 / 255 0 255 255 / 0.25617980 0.13229370
				-0.59915130 -0.54712020 1.49060600 / 0.27000120 0.00000000 -0.96285990 / 255 0 255 255 / 0.25617980 0.13229370
				-0.59915130 -0.54712020 1.49060600 / 0.27000120 0.00000000 -0.96285990 / 255 0 255 255 / 0.25617980 0.13229370
				-0.59915130 -0.54712020 1.49060600 / 0.27000120 0.00000000 -0.96285990 / 255 0 255 255 / 0.25617980 0.13229370
				-0.59915130 -0.54712020 1.49060600 / 0.27000120 0.00000000 -0.96285990 / 255 0 255 255 / 0.25617980 0.13229370
				-0.59915130 -0.54712020 1.49060600 / 0.27000120 0.00000000 -0.96285990 / 255 0 255 255 / 0.25617980 0.13229370
				-0.62942470 -0.13061620 1.49060600 / -0.21658280 0.00000000 -0.97626420 / 255 0 255 255 / 0.55686950 0.01419070
				-0.62942470 -0.13061620 1.49060600 / -0.21658280 0.00000000 -0.97626420 / 255 0 255 255 / 0.55686950 0.01419070
				-0.62942470 -0.13061620 1.49060600 / -0.21658280 0.00000000 -0.97626420 / 255 0 255 255 / 0.55686950 0.01419070
				-0.58792080 -2.10376100 1.49744200 / 0.51994700 0.00000000 -0.85419860 / 255 0 255 255 / 0.10140990 0.00622560
				-0.58792080 -2.10376100 1.49744200 / 0.51994700 0.00000000 -0.85419860 / 255 0 255 255 / 0.10140990 0.00622560
				-0.58792080 -2.10376100 1.49744200 / 0.51994700 0.00000000 -0.85419860 / 255 0 255 255 / 0.10140990 0.00622560
				-0.62942470 -0.54712020 1.49060600 / -0.22958990 -0.00026270 -0.97328730 / 255 0 255 255 / 0.19419860 0.01423650
				-0.62942470 -0.54712020 1.49060600 / -0.22958990 -0.00026270 -0.97328730 / 255 0 255 255 / 0.19419860 0.01423650
				-0.62942470 -0.54712020 1.49060600 / -0.22958990 -0.00026270 -0.97328730 / 255 0 255 255 / 0.19419860 0.01423650
				-0.62942470 -0.54712020 1.49060600 / -0.22958990 -0.00026270 -0.97328730 / 255 0 255 255 / 0.19419860 0.01423650
				-0.62942470 -0.54712020 1.49060600 / -0.22958990 -0.00026270 -0.97328730 / 255 0 255 255 / 0.19419860 0.01423650
				-0.62942470 -0.54712020 1.49060600 / -0.22958990 -0.00026270 -0.97328730 / 255 0 255 255 / 0.19419860 0.01423650
				-0.64407320 -0.13061620 1.49744200 / -0.42349640 -0.00002620 -0.90589790 / 255 0 255 255 / 0.57925410 0.00959780
				-0.64407320 -0.13061620 1.49744200 / -0.42349640 -0.00002620 -0.90589790 / 255 0 255 255 / 0.57925410 0.00959780
				-0.64407320 -0.54712020 1.49793000 / -0.44753160 -0.00052790 -0.89426800 / 255 0 255 255 / 0.13778690 0.00289920
				-0.64407320 -0.54712020 1.49793000 / -0.44753160 -0.00052790 -0.89426800 / 255 0 255 255 / 0.13778690 0.00289920
				-0.64407320 -0.54712020 1.49793000 / -0.44753160 -0.00052790 -0.89426800 / 255 0 255 255 / 0.13778690 0.00289920
				-0.59915130 -2.10376100 1.49060600 / 0.27000160 0.00000000 -0.96285980 / 255 0 255 255 / -0.94062810 0.42317200
				-0.59915130 -2.10376100 1.49060600 / 0.27000160 0.00000000 -0.96285980 / 255 0 255 255 / -0.94062810 0.42317200
				-0.59915130 -2.10376100 1.49060600 / 0.27000160 0.00000000 -0.96285980 / 255 0 255 255 / -0.94062810 0.42317200
				-0.59915130 -2.10376100 1.49060600 / 0.27000160 0.00000000 -0.96285980 / 255 0 255 255 / -0.94062810 0.42317200
				-0.59915130 -2.10376100 1.49060600 / 0.27000160 0.00000000 -0.96285980 / 255 0 255 255 / -0.94062810 0.42317200
				-0.59915130 -2.10376100 1.49060600 / 0.27000160 0.00000000 -0.96285980 / 255 0 255 255 / -0.94062810 0.42317200
				-0.58792080 -2.83471800 1.49744200 / 0.51994690 0.00000000 -0.85419860 / 255 0 255 255 / -0.07278440 -0.01045230
				-0.58792080 -2.83471800 1.49744200 / 0.51994690 0.00000000 -0.85419860 / 255 0 255 255 / -0.07278440 -0.01045230
				-0.58792080 -2.83471800 1.49744200 / 0.51994690 0.00000000 -0.85419860 / 255 0 255 255 / -0.07278440 -0.01045230
				-0.62942470 -2.10376100 1.49060600 / -0.27838770 -0.00027410 -0.96046880 / 255 0 255 255 / -1.16174300 0.01443480
				-0.62942470 -2.10376100 1.49060600 / -0.27838770 -0.00027410 -0.96046880 / 255 0 255 255 / -1.16174300 0.01443480
				-0.62942470 -2.10376100 1.49060600 / -0.27838770 -0.00027410 -0.96046880 / 255 0 255 255 / -1.16174300 0.01443480
				-0.62942470 -2.10376100 1.49060600 / -0.27838770 -0.00027410 -0.96046880 / 255 0 255 255 / -1.16174300 0.01443480
				-0.62942470 -2.10376100 1.49060600 / -0.27838770 -0.00027410 -0.96046880 / 255 0 255 255 / -1.16174300 0.01443480
				-0.62942470 -2.10376100 1.49060600 / -0.27838770 -0.00027410 -0.96046880 / 255 0 255 255 / -1.16174300 0.01443480
				-0.64407320 -2.10376100 1.49988300 / -0.53535380 -0.00053830 -0.84462770 / 255 0 255 255 / -1.51271100 -0.02209470
				-0.64407320 -2.10376100 1.49988300 / -0.53535380 -0.00053830 -0.84462770 / 255 0 255 255 / -1.51271100 -0.02209470
				-0.64407320 -2.10376100 1.49988300 / -0.53535380 -0.00053830 -0.84462770 / 255 0 255 255 / -1.51271100 -0.02209470
				-0.59915130 -2.83471800 1.49060600 / 0.27000190 0.00000000 -0.96285970 / 255 0 255 255 / -1.50268600 0.55978390
				-0.59915130 -2.83471800 1.49060600 / 0.27000190 0.00000000 -0.96285970 / 255 0 255 255 / -1.50268600 0.55978390
				-0.59915130 -2.83471800 1.49060600 / 0.27000190 0.00000000 -0.96285970 / 255 0 255 255 / -1.50268600 0.55978390
				-0.59915130 -2.83471800 1.49060600 / 0.27000190 0.00000000 -0.96285970 / 255 0 255 255 / -1.50268600 0.55978390
				-0.59915130 -2.83471800 1.49060600 / 0.27000190 0.00000000 -0.96285970 / 255 0 255 255 / -1.50268600 0.55978390
				-0.59915130 -2.83471800 1.49060600 / 0.27000190 0.00000000 -0.96285970 / 255 0 255 255 / -1.50268600 0.55978390
				-0.58792080 -4.41674900 1.49744200 / 0.51994700 0.00000000 -0.85419860 / 255 0 255 255 / -0.44978330 -0.04655460
				-0.58792080 -4.41674900 1.49744200 / 0.51994700 0.00000000 -0.85419860 / 255 0 255 255 / -0.44978330 -0.04655460
				-0.58792080 -4.41674900 1.49744200 / 0.51994700 0.00000000 -0.85419860 / 255 0 255 255 / -0.44978330 -0.04655460
				-0.62942470 -2.83471800 1.49060600 / -0.30047230 -0.00028260 -0.95379050 / 255 0 255 255 / -1.79852300 0.01451110
				-0.62942470 -2.83471800 1.49060600 / -0.30047230 -0.00028260 -0.95379050 / 255 0 255 255 / -1.79852300 0.01451110
				-0.62942470 -2.83471800 1.49060600 / -0.30047230 -0.00028260 -0.95379050 / 255 0 255 255 / -1.79852300 0.01451110
				-0.62942470 -2.83471800 1.49060600 / -0.30047230 -0.00028260 -0.95379050 / 255 0 255 255 / -1.79852300 0.01451110
				-0.62942470 -2.83471800 1.49060600 / -0.30047230 -0.00028260 -0.95379050 / 255 0 255 255 / -1.79852300 0.01451110
				-0.62942470 -2.83471800 1.49060600 / -0.30047230 -0.00028260 -0.95379050 / 255 0 255 255 / -1.79852300 0.01451110
				-0.64407320 -2.83471800 1.50086000 / -0.57365830 -0.00054980 -0.81909440 / 255 0 255 255 / -2.28784200 -0.03384400
				-0.64407320 -2.83471800 1.50086000 / -0.57365830 -0.00054980 -0.81909440 / 255 0 255 255 / -2.28784200 -0.03384400
				-0.64407320 -2.83471800 1.50086000 / -0.57365830 -0.00054980 -0.81909440 / 255 0 255 255 / -2.28784200 -0.03384400
				-0.59915130 -4.41674900 1.49060600 / 0.27000140 0.00000000 -0.96286000 / 255 0 255 255 / -2.71907000 0.85542300
				-0.59915130 -4.41674900 1.49060600 / 0.27000140 0.00000000 -0.96286000 / 255 0 255 255 / -2.71907000 0.85542300
				-0.59915130 -4.41674900 1.49060600 / 0.27000140 0.00000000 -0.96286000 / 255 0 255 255 / -2.71907000 0.85542300
				-0.59915130 -4.41674900 1.49060600 / 0.27000140 0.00000000 -0.96286000 / 255 0 255 255 / -2.71907000 0.85542300
				-0.59915130 -4.41674900 1.49060600 / 0.27000140 0.00000000 -0.96286000 / 255 0 255 255 / -2.71907000 0.85542300
				-0.59915130 -4.41674900 1.49060600 / 0.27000140 0.00000000 -0.96286000 / 255 0 255 255 / -2.71907000 0.85542300
				-0.58792080 -4.78296000 1.49744200 / 0.51994700 0.00000000 -0.85419850 / 255 0 255 255 / -0.53704830 -0.05490110
				-0.58792080 -4.78296000 1.49744200 / 0.51994700 0.00000000 -0.85419850 / 255 0 255 255 / -0.53704830 -0.05490110
				-0.59915130 -4.78296000 1.49060600 / 0.27000130 0.00000000 -0.96285990 / 255 0 255 255 / -3.00064100 0.92385870
				-0.59915130 -4.78296000 1.49060600 / 0.27000130 0.00000000 -0.96285990 / 255 0 255 255 / -3.00064100 0.92385870
				-0.59915130 -4.78296000 1.49060600 / 0.27000130 0.00000000 -0.96285990 / 255 0 255 255 / -3.00064100 0.92385870
				-0.62942470 -4.41674900 1.49060600 / -0.33089730 -0.00019020 -0.94366680 / 255 0 255 255 / -3.17662000 0.01470950
				-0.62942470 -4.41674900 1.49060600 / -0.33089730 -0.00019020 -0.94366680 / 255 0 255 255 / -3.17662000 0.01470950
				-0.62942470 -4.41674900 1.49060600 / -0.33089730 -0.00019020 -0.94366680 / 255 0 255 255 / -3.17662000 0.01470950
				-0.62942470 -4.41674900 1.49060600 / -0.33089730 -0.00019020 -0.94366680 / 255 0 255 255 / -3.17662000 0.01470950
				-0.62942470 -4.41674900 1.49060600 / -0.33089730 -0.00019020 -0.94366680 / 255 0 255 255 / -3.17662000 0.01470950
				-0.62942470 -4.41674900 1.49060600 / -0.33089730 -0.00019020 -0.94366680 / 255 0 255 255 / -3.17662000 0.01470950
				-0.64407320 -4.41674900 1.50232500 / -0.62495190 -0.00037830 -0.78066310 / 255 0 255 255 / -3.96531700 -0.05924990
				-0.64407320 -4.41674900 1.50232500 / -0.62495190 -0.00037830 -0.78066310 / 255 0 255 255 / -3.96531700 -0.05924990
				-0.64407320 -4.41674900 1.50232500 / -0.62495190 -0.00037830 -0.78066310 / 255 0 255 255 / -3.96531700 -0.05924990
				-0.62942470 -4.78296000 1.49060600 / -0.34011780 -0.00052690 -0.94038270 / 255 0 255 255 / -3.49563600 0.01475520
				-0.62942470 -4.78296000 1.49060600 / -0.34011780 -0.00052690 -0.94038270 / 255 0 255 255 / -3.49563600 0.01475520
				-0.62942470 -4.78296000 1.49060600 / -0.34011780 -0.00052690 -0.94038270 / 255 0 255 255 / -3.49563600 0.01475520
				-0.64407320 -4.78296000 1.50281300 / -0.64018250 -0.00102430 -0.76822220 / 255 0 255 255 / -4.35363800 -0.06513980
				0.97897370 -0.13061620 1.49060600 / 0.27958780 0.00000000 -0.96012010 / 255 0 255 255 / 0.57629390 0.05448910
				0.97897370 -0.13061620 1.49060600 / 0.27958780 0.00000000 -0.96012010 / 255 0 255 255 / 0.57629390 0.05448910
				0.97897370 -0.13061620 1.49060600 / 0.27958780 0.00000000 -0.96012010 / 255 0 255 255 / 0.57629390 0.05448910
				0.98971590 -0.13061620 1.49744200 / 0.53687550 0.00000000 -0.84366150 / 255 0 255 255 / 0.57156370 0.05125430
				0.98971590 -0.54712020 1.49744200 / 0.53687550 0.00000000 -0.84366150 / 255 0 255 255 / 0.47235110 0.04174810
				0.98971590 -0.54712020 1.49744200 / 0.53687550 0.00000000 -0.84366150 / 255 0 255 255 / 0.47235110 0.04174810
				0.98971590 -0.54712020 1.49744200 / 0.53687550 0.00000000 -0.84366150 / 255 0 255 255 / 0.47235110 0.04174810
				0.97897370 -0.54712020 1.49060600 / 0.27958750 0.00000000 -0.96012040 / 255 0 255 255 / 0.25617980 0.13229370
				0.97897370 -0.54712020 1.49060600 / 0.27958750 0.00000000 -0.96012040 / 255 0 255 255 / 0.25617980 0.13229370
				0.97897370 -0.54712020 1.49060600 / 0.27958750 0.00000000 -0.96012040 / 255 0 255 255 / 0.25617980 0.13229370
				0.97897370 -0.54712020 1.49060600 / 0.27958750 0.00000000 -0.96012040 / 255 0 255 255 / 0.25617980 0.13229370
				0.97897370 -0.54712020 1.49060600 / 0.27958750 0.00000000 -0.96012040 / 255 0 255 255 / 0.25617980 0.13229370
				0.97897370 -0.54712020 1.49060600 / 0.27958750 0.00000000 -0.96012040 / 255 0 255 255 / 0.25617980 0.13229370
				0.94821200 -0.13061620 1.49060600 / -0.21658420 0.00000000 -0.97626390 / 255 0 255 255 / 0.55686950 0.01419070
				0.94821200 -0.13061620 1.49060600 / -0.21658420 0.00000000 -0.97626390 / 255 0 255 255 / 0.55686950 0.01419070
				0.94821200 -0.13061620 1.49060600 / -0.21658420 0.00000000 -0.97626390 / 255 0 255 255 / 0.55686950 0.01419070
				0.98971590 -2.10376100 1.49744200 / 0.53687550 0.00000000 -0.84366150 / 255 0 255 255 / 0.10140990 0.00622560
				0.98971590 -2.10376100 1.49744200 / 0.53687550 0.00000000 -0.84366150 / 255 0 255 255 / 0.10140990 0.00622560
				0.98971590 -2.10376100 1.49744200 / 0.53687550 0.00000000 -0.84366150 / 255 0 255 255 / 0.10140990 0.00622560
				0.94821200 -0.54712020 1.49060600 / -0.22959130 -0.00026270 -0.97328720 / 255 0 255 255 / 0.19418340 0.01423650
				0.94821200 -0.54712020 1.49060600 / -0.22959130 -0.00026270 -0.97328720 / 255 0 255 255 / 0.19418340 0.01423650
				0.94821200 -0.54712020 1.49060600 / -0.22959130 -0.00026270 -0.97328720 / 255 0 255 255 / 0.19418340 0.01423650
				0.94821200 -0.54712020 1.49060600 / -0.22959130 -0.00026270 -0.97328720 / 255 0 255 255 / 0.19418340 0.01423650
				0.94821200 -0.54712020 1.49060600 / -0.22959130 -0.00026270 -0.97328720 / 255 0 255 255 / 0.19418340 0.01423650
				0.94821200 -0.54712020 1.49060600 / -0.22959130 -0.00026270 -0.97328720 / 255 0 255 255 / 0.19418340 0.01423650
				0.93356360 -0.13061620 1.49744200 / -0.42349930 -0.00002620 -0.90589650 / 255 0 255 255 / 0.57925410 0.00959780
				0.93356360 -0.13061620 1.49744200 / -0.42349930 -0.00002620 -0.90589650 / 255 0 255 255 / 0.57925410 0.00959780
				0.93356360 -0.54712020 1.49793000 / -0.44753450 -0.00052790 -0.89426650 / 255 0 255 255 / 0.13778690 0.00289920
				0.93356360 -0.54712020 1.49793000 / -0.44753450 -0.00052790 -0.89426650 / 255 0 255 255 / 0.13778690 0.00289920
				0.93356360 -0.54712020 1.49793000 / -0.44753450 -0.00052790 -0.89426650 / 255 0 255 255 / 0.13778690 0.00289920
				0.97897370 -2.10376100 1.49060600 / 0.27958740 0.00000000 -0.96012040 / 255 0 255 255 / -0.94062810 0.42317200
				0.97897370 -2.10376100 1.49060600 / 0.27958740 0.00000000 -0.96012040 / 255 0 255 255 / -0.94062810 0.42317200
				0.97897370 -2.10376100 1.49060600 / 0.27958740 0.00000000 -0.96012040 / 255 0 255 255 / -0.94062810 0.42317200
				0.97897370 -2.10376100 1.49060600 / 0.27958740 0.00000000 -0.96012040 / 255 0 255 255 / -0.94062810 0.42317200
				0.97897370 -2.10376100 1.49060600 / 0.27958740 0.00000000 -0.96012040 / 255 0 255 255 / -0.94062810 0.42317200
				0.97897370 -2.10376100 1.49060600 / 0.27958740 0.00000000 -0.96012040 / 255 0 255 255 / -0.94062810 0.42317200
				0.98971590 -2.83471800 1.49744200 / 0.53687550 0.00000000 -0.84366150 / 255 0 255 255 / -0.07278440 -0.01045230
				0.98971590 -2.83471800 1.49744200 / 0.53687550 0.00000000 -0.84366150 / 255 0 255 255 / -0.07278440 -0.01045230
				0.98971590 -2.83471800 1.49744200 / 0.53687550 0.00000000 -0.84366150 / 255 0 255 255 / -0.07278440 -0.01045230
				0.94821200 -2.10376100 1.49060600 / -0.27838930 -0.00027410 -0.96046810 / 255 0 255 255 / -1.16174300 0.01443480
				0.94821200 -2.10376100 1.49060600 / -0.27838930 -0.00027410 -0.96046810 / 255 0 255 255 / -1.16174300 0.01443480
				0.94821200 -2.10376100 1.49060600 / -0.27838930 -0.00027410 -0.96046810 / 255 0 255 255 / -1.16174300 0.01443480
				0.94821200 -2.10376100 1.49060600 / -0.27838930 -0.00027410 -0.96046810 / 255 0 255 255 / -1.16174300 0.01443480
				0.94821200 -2.10376100 1.49060600 / -0.27838930 -0.00027410 -0.96046810 / 255 0 255 255 / -1.16174300 0.01443480
				0.94821200 -2.10376100 1.49060600 / -0.27838930 -0.00027410 -0.96046810 / 255 0 255 255 / -1.16174300 0.01443480
				0.93356360 -2.10376100 1.49988300 / -0.53535700 -0.00053830 -0.84462570 / 255 0 255 255 / -1.51271100 -0.02209470
				0.93356360 -2.10376100 1.49988300 / -0.53535700 -0.00053830 -0.84462570 / 255 0 255 255 / -1.51271100 -0.02209470
				0.93356360 -2.10376100 1.49988300 / -0.53535700 -0.00053830 -0.84462570 / 255 0 255 255 / -1.51271100 -0.02209470
				0.97897370 -2.83471800 1.49060600 / 0.27958780 0.00000000 -0.96012010 / 255 0 255 255 / -1.50268600 0.55978390
				0.97897370 -2.83471800 1.49060600 / 0.27958780 0.00000000 -0.96012010 / 255 0 255 255 / -1.50268600 0.55978390
				0.97897370 -2.83471800 1.49060600 / 0.27958780 0.00000000 -0.96012010 / 255 0 255 255 / -1.50268600 0.55978390
				0.97897370 -2.83471800 1.49060600 / 0.27958780 0.00000000 -0.96012010 / 255 0 255 255 / -1.50268600 0.55978390
				0.97897370 -2.83471800 1.49060600 / 0.27958780 0.00000000 -0.96012010 / 255 0 255 255 / -1.50268600 0.55978390
				0.97897370 -2.83471800 1.49060600 / 0.27958780 0.00000000 -0.96012010 / 255 0 255 255 / -1.50268600 0.55978390
				0.98971590 -4.41674900 1.49744200 / 0.53687550 0.00000000 -0.84366150 / 255 0 255 255 / -0.44978330 -0.04655460
				0.98971590 -4.41674900 1.49744200 / 0.53687550 0.00000000 -0.84366150 / 255 0 255 255 / -0.44978330 -0.04655460
				0.98971590 -4.41674900 1.49744200 / 0.53687550 0.00000000 -0.84366150 / 255 0 255 255 / -0.44978330 -0.04655460
				0.94821200 -2.83471800 1.49060600 / -0.30047430 -0.00028260 -0.95378990 / 255 0 255 255 / -1.79852300 0.01451110
				0.94821200 -2.83471800 1.49060600 / -0.30047430 -0.00028260 -0.95378990 / 255 0 255 255 / -1.79852300 0.01451110
				0.94821200 -2.83471800 1.49060600 / -0.30047430 -0.00028260 -0.95378990 / 255 0 255 255 / -1.79852300 0.01451110
				0.94821200 -2.83471800 1.49060600 / -0.30047430 -0.00028260 -0.95378990 / 255 0 255 255 / -1.79852300 0.01451110
				0.94821200 -2.83471800 1.49060600 / -0.30047430 -0.00028260 -0.95378990 / 255 0 255 255 / -1.79852300 0.01451110
				0.94821200 -2.83471800 1.49060600 / -0.30047430 -0.00028260 -0.95378990 / 255 0 255 255 / -1.79852300 0.01451110
				0.93356360 -2.83471800 1.50086000 / -0.57366160 -0.00054980 -0.81909230 / 255 0 255 255 / -2.28782700 -0.03384400
				0.93356360 -2.83471800 1.50086000 / -0.57366160 -0.00054980 -0.81909230 / 255 0 255 255 / -2.28782700 -0.03384400
				0.93356360 -2.83471800 1.50086000 / -0.57366160 -0.00054980 -0.81909230 / 255 0 255 255 / -2.28782700 -0.03384400
				0.97897370 -4.41674900 1.49060600 / 0.27958780 0.00000000 -0.96012010 / 255 0 255 255 / -2.71907000 0.85542300
				0.97897370 -4.41674900 1.49060600 / 0.27958780 0.00000000 -0.96012010 / 255 0 255 255 / -2.71907000 0.85542300
				0.97897370 -4.41674900 1.49060600 / 0.27958780 0.00000000 -0.96012010 / 255 0 255 255 / -2.71907000 0.85542300
				0.97897370 -4.41674900 1.49060600 / 0.27958780 0.00000000 -0.96012010 / 255 0 255 255 / -2.71907000 0.85542300
				0.97897370 -4.41674900 1.49060600 / 0.27958780 0.00000000 -0.96012010 / 255 0 255 255 / -2.71907000 0.85542300
				0.97897370 -4.41674900 1.49060600 / 0.27958780 0.00000000 -0.96012010 / 255 0 255 255 / -2.71907000 0.85542300
				0.98971590 -4.78296000 1.49744200 / 0.53687550 0.00000000 -0.84366150 / 255 0 255 255 / -0.53704830 -0.05490110
				0.98971590 -4.78296000 1.49744200 / 0.53687550 0.00000000 -0.84366150 / 255 0 255 255 / -0.53704830 -0.05490110
				0.97897370 -4.78296000 1.49060600 / 0.27958760 0.00000000 -0.96012010 / 255 0 255 255 / -3.00064100 0.92385870
				0.97897370 -4.78296000 1.49060600 / 0.27958760 0.00000000 -0.96012010 / 255 0 255 255 / -3.00064100 0.92385870
				0.97897370 -4.78296000 1.49060600 / 0.27958760 0.00000000 -0.96012010 / 255 0 255 255 / -3.00064100 0.92385870
				0.94821200 -4.41674900 1.49060600 / -0.33089910 -0.00019020 -0.94366610 / 255 0 255 255 / -3.17662000 0.01470950
				0.94821200 -4.41674900 1.49060600 / -0.33089910 -0.00019020 -0.94366610 / 255 0 255 255 / -3.17662000 0.01470950
				0.94821200 -4.41674900 1.49060600 / -0.33089910 -0.00019020 -0.94366610 / 255 0 255 255 / -3.17662000 0.01470950
				0.94821200 -4.41674900 1.49060600 / -0.33089910 -0.00019020 -0.94366610 / 255 0 255 255 / -3.17662000 0.01470950
				0.94821200 -4.41674900 1.49060600 / -0.33089910 -0.00019020 -0.94366610 / 255 0 255 255 / -3.17662000 0.01470950
				0.94821200 -4.41674900 1.49060600 / -0.33089910 -0.00019020 -0.94366610 / 255 0 255 255 / -3.17662000 0.01470950
				0.93356360 -4.41674900 1.50232500 / -0.62495500 -0.00037830 -0.78066070 / 255 0 255 255 / -3.96531700 -0.05924990
				0.93356360 -4.41674900 1.50232500 / -0.62495500 -0.00037830 -0.78066070 / 255 0 255 255 / -3.96531700 -0.05924990
				0.93356360 -4.41674900 1.50232500 / -0.62495500 -0.00037830 -0.78066070 / 255 0 255 255 / -3.96531700 -0.05924990
				0.94821200 -4.78296000 1.49060600 / -0.34011970 -0.00052690 -0.94038200 / 255 0 255 255 / -3.49563600 0.01475520
				0.94821200 -4.78296000 1.49060600 / -0.34011970 -0.00052690 -0.94038200 / 255 0 255 255 / -3.49563600 0.01475520
				0.94821200 -4.78296000 1.49060600 / -0.34011970 -0.00052690 -0.94038200 / 255 0 255 255 / -3.49563600 0.01475520
				0.93356360 -4.78296000 1.50281300 / -0.64018560 -0.00102430 -0.76821960 / 255 0 255 255 / -4.35363800 -0.06513980
				2.57565400 -0.13061620 1.49060600 / 0.27001070 0.00000000 -0.96285730 / 255 0 255 255 / 0.57629390 0.05448910
				2.57565400 -0.13061620 1.49060600 / 0.27001070 0.00000000 -0.96285730 / 255 0 255 255 / 0.57629390 0.05448910
				2.57565400 -0.13061620 1.49060600 / 0.27001070 0.00000000 -0.96285730 / 255 0 255 255 / 0.57629390 0.05448910
				2.58688400 -0.13061620 1.49744200 / 0.51996310 0.00000000 -0.85418870 / 255 0 255 255 / 0.57156370 0.05125430
				2.58688400 -0.54712020 1.49744200 / 0.51996310 0.00000000 -0.85418870 / 255 0 255 255 / 0.47235110 0.04174810
				2.58688400 -0.54712020 1.49744200 / 0.51996310 0.00000000 -0.85418870 / 255 0 255 255 / 0.47235110 0.04174810
				2.58688400 -0.54712020 1.49744200 / 0.51996310 0.00000000 -0.85418870 / 255 0 255 255 / 0.47235110 0.04174810
				2.57565400 -0.54712020 1.49060600 / 0.27001030 0.00000000 -0.96285750 / 255 0 255 255 / 0.25617980 0.13229370
				2.57565400 -0.54712020 1.49060600 / 0.27001030 0.00000000 -0.96285750 / 255 0 255 255 / 0.25617980 0.13229370
				2.57565400 -0.54712020 1.49060600 / 0.27001030 0.00000000 -0.96285750 / 255 0 255 255 / 0.25617980 0.13229370
				2.57565400 -0.54712020 1.49060600 / 0.27001030 0.00000000 -0.96285750 / 255 0 255 255 / 0.25617980 0.13229370
				2.57565400 -0.54712020 1.49060600 / 0.27001030 0.00000000 -0.96285750 / 255 0 255 255 / 0.25617980 0.13229370
				2.57565400 -0.54712020 1.49060600 / 0.27001030 0.00000000 -0.96285750 / 255 0 255 255 / 0.25617980 0.13229370
				2.54489100 -0.13061620 1.49060600 / -0.22299240 0.00000000 -0.97482010 / 255 0 255 255 / 0.55686950 0.01419070
				2.54489100 -0.13061620 1.49060600 / -0.22299240 0.00000000 -0.97482010 / 255 0 255 255 / 0.55686950 0.01419070
				2.54489100 -0.13061620 1.49060600 / -0.22299240 0.00000000 -0.97482010 / 255 0 255 255 / 0.55686950 0.01419070
				2.58688400 -2.10376100 1.49744200 / 0.51996310 0.00000000 -0.85418880 / 255 0 255 255 / 0.10140990 0.00622560
				2.58688400 -2.10376100 1.49744200 / 0.51996310 0.00000000 -0.85418880 / 255 0 255 255 / 0.10140990 0.00622560
				2.58688400 -2.10376100 1.49744200 / 0.51996310 0.00000000 -0.85418880 / 255 0 255 255 / 0.10140990 0.00622560
				2.54489100 -0.54712020 1.49060600 / -0.23625550 -0.00026150 -0.97169100 / 255 0 255 255 / 0.19418340 0.01423650
				2.54489100 -0.54712020 1.49060600 / -0.23625550 -0.00026150 -0.97169100 / 255 0 255 255 / 0.19418340 0.01423650
				2.54489100 -0.54712020 1.49060600 / -0.23625550 -0.00026150 -0.97169100 / 255 0 255 255 / 0.19418340 0.01423650
				2.54489100 -0.54712020 1.49060600 / -0.23625550 -0.00026150 -0.97169100 / 255 0 255 255 / 0.19418340 0.01423650
				2.54489100 -0.54712020 1.49060600 / -0.23625550 -0.00026150 -0.97169100 / 255 0 255 255 / 0.19418340 0.01423650
				2.54489100 -0.54712020 1.49060600 / -0.23625550 -0.00026150 -0.97169100 / 255 0 255 255 / 0.19418340 0.01423650
				2.53073200 -0.13061620 1.49744200 / -0.43535970 -0.00002540 -0.90025660 / 255 0 255 255 / 0.57925410 0.00959780
				2.53073200 -0.13061620 1.49744200 / -0.43535970 -0.00002540 -0.90025660 / 255 0 255 255 / 0.57925410 0.00959780
				2.53073200 -0.54712020 1.49793000 / -0.45974420 -0.00052410 -0.88805130 / 255 0 255 255 / 0.13778690 0.00289920
				2.53073200 -0.54712020 1.49793000 / -0.45974420 -0.00052410 -0.88805130 / 255 0 255 255 / 0.13778690 0.00289920
				2.53073200 -0.54712020 1.49793000 / -0.45974420 -0.00052410 -0.88805130 / 255 0 255 255 / 0.13778690 0.00289920
				2.57565400 -2.10376100 1.49060600 / 0.27001040 0.00000000 -0.96285750 / 255 0 255 255 / -0.94062810 0.42317200
				2.57565400 -2.10376100 1.49060600 / 0.27001040 0.00000000 -0.96285750 / 255 0 255 255 / -0.94062810 0.42317200
				2.57565400 -2.10376100 1.49060600 / 0.27001040 0.00000000 -0.96285750 / 255 0 255 255 / -0.94062810 0.42317200
				2.57565400 -2.10376100 1.49060600 / 0.27001040 0.00000000 -0.96285750 / 255 0 255 255 / -0.94062810 0.42317200
				2.57565400 -2.10376100 1.49060600 / 0.27001040 0.00000000 -0.96285750 / 255 0 255 255 / -0.94062810 0.42317200
				2.57565400 -2.10376100 1.49060600 / 0.27001040 0.00000000 -0.96285750 / 255 0 255 255 / -0.94062810 0.42317200
				2.58688400 -2.83471800 1.49744200 / 0.51996300 0.00000000 -0.85418890 / 255 0 255 255 / -0.07278440 -0.01045230
				2.58688400 -2.83471800 1.49744200 / 0.51996300 0.00000000 -0.85418890 / 255 0 255 255 / -0.07278440 -0.01045230
				2.58688400 -2.83471800 1.49744200 / 0.51996300 0.00000000 -0.85418890 / 255 0 255 255 / -0.07278440 -0.01045230
				2.54489100 -2.10376100 1.49060600 / -0.28579710 -0.00027200 -0.95829010 / 255 0 255 255 / -1.16174300 0.01443480
				2.54489100 -2.10376100 1.49060600 / -0.28579710 -0.00027200 -0.95829010 / 255 0 255 255 / -1.16174300 0.01443480
				2.54489100 -2.10376100 1.49060600 / -0.28579710 -0.00027200 -0.95829010 / 255 0 255 255 / -1.16174300 0.01443480
				2.54489100 -2.10376100 1.49060600 / -0.28579710 -0.00027200 -0.95829010 / 255 0 255 255 / -1.16174300 0.01443480
				2.54489100 -2.10376100 1.49060600 / -0.28579710 -0.00027200 -0.95829010 / 255 0 255 255 / -1.16174300 0.01443480
				2.54489100 -2.10376100 1.49060600 / -0.28579710 -0.00027200 -0.95829010 / 255 0 255 255 / -1.16174300 0.01443480
				2.53073200 -2.10376100 1.49988300 / -0.54833010 -0.00053280 -0.83626190 / 255 0 255 255 / -1.51272600 -0.02209470
				2.53073200 -2.10376100 1.49988300 / -0.54833010 -0.00053280 -0.83626190 / 255 0 255 255 / -1.51272600 -0.02209470
				2.53073200 -2.10376100 1.49988300 / -0.54833010 -0.00053280 -0.83626190 / 255 0 255 255 / -1.51272600 -0.02209470
				2.57565400 -2.83471800 1.49060600 / 0.27001090 0.00000000 -0.96285720 / 255 0 255 255 / -1.50268600 0.55978390
				2.57565400 -2.83471800 1.49060600 / 0.27001090 0.00000000 -0.96285720 / 255 0 255 255 / -1.50268600 0.55978390
				2.57565400 -2.83471800 1.49060600 / 0.27001090 0.00000000 -0.96285720 / 255 0 255 255 / -1.50268600 0.55978390
				2.57565400 -2.83471800 1.49060600 / 0.27001090 0.00000000 -0.96285720 / 255 0 255 255 / -1.50268600 0.55978390
				2.57565400 -2.83471800 1.49060600 / 0.27001090 0.00000000 -0.96285720 / 255 0 255 255 / -1.50268600 0.55978390
				2.57565400 -2.83471800 1.49060600 / 0.27001090 0.00000000 -0.96285720 / 255 0 255 255 / -1.50268600 0.55978390
				2.58688400 -4.41674900 1.49744200 / 0.51996300 0.00000000 -0.85418870 / 255 0 255 255 / -0.44978330 -0.04655460
				2.58688400 -4.41674900 1.49744200 / 0.51996300 0.00000000 -0.85418870 / 255 0 255 255 / -0.44978330 -0.04655460
				2.58688400 -4.41674900 1.49744200 / 0.51996300 0.00000000 -0.85418870 / 255 0 255 255 / -0.44978330 -0.04655460
				2.54489100 -2.83471800 1.49060600 / -0.30810780 -0.00028020 -0.95135140 / 255 0 255 255 / -1.79852300 0.01451110
				2.54489100 -2.83471800 1.49060600 / -0.30810780 -0.00028020 -0.95135140 / 255 0 255 255 / -1.79852300 0.01451110
				2.54489100 -2.83471800 1.49060600 / -0.30810780 -0.00028020 -0.95135140 / 255 0 255 255 / -1.79852300 0.01451110
				2.54489100 -2.83471800 1.49060600 / -0.30810780 -0.00028020 -0.95135140 / 255 0 255 255 / -1.79852300 0.01451110
				2.54489100 -2.83471800 1.49060600 / -0.30810780 -0.00028020 -0.95135140 / 255 0 255 255 / -1.79852300 0.01451110
				2.54489100 -2.83471800 1.49060600 / -0.30810780 -0.00028020 -0.95135140 / 255 0 255 255 / -1.79852300 0.01451110
				2.53073200 -2.83471800 1.50086000 / -0.58670950 -0.00054340 -0.80979730 / 255 0 255 255 / -2.28784200 -0.03384400
				2.53073200 -2.83471800 1.50086000 / -0.58670950 -0.00054340 -0.80979730 / 255 0 255 255 / -2.28784200 -0.03384400
				2.53073200 -2.83471800 1.50086000 / -0.58670950 -0.00054340 -0.80979730 / 255 0 255 255 / -2.28784200 -0.03384400
				2.57565400 -4.41674900 1.49060600 / 0.27001060 0.00000000 -0.96285730 / 255 0 255 255 / -2.71905500 0.85542300
				2.57565400 -4.41674900 1.49060600 / 0.27001060 0.00000000 -0.96285730 / 255 0 255 255 / -2.71905500 0.85542300
				2.57565400 -4.41674900 1.49060600 / 0.27001060 0.00000000 -0.96285730 / 255 0 255 255 / -2.71905500 0.85542300
				2.57565400 -4.41674900 1.49060600 / 0.27001060 0.00000000 -0.96285730 / 255 0 255 255 / -2.71905500 0.85542300
				2.57565400 -4.41674900 1.49060600 / 0.27001060 0.00000000 -0.96285730 / 255 0 255 255 / -2.71905500 0.85542300
				2.57565400 -4.41674900 1.49060600 / 0.27001060 0.00000000 -0.96285730 / 255 0 255 255 / -2.71905500 0.85542300
				2.58688400 -4.78296000 1.49744200 / 0.51996310 0.00000000 -0.85418870 / 255 0 255 255 / -0.53704830 -0.05490110
				2.58688400 -4.78296000 1.49744200 / 0.51996310 0.00000000 -0.85418870 / 255 0 255 255 / -0.53704830 -0.05490110
				2.57565400 -4.78296000 1.49060600 / 0.27001040 0.00000000 -0.96285750 / 255 0 255 255 / -3.00064100 0.92385870
				2.57565400 -4.78296000 1.49060600 / 0.27001040 0.00000000 -0.96285750 / 255 0 255 255 / -3.00064100 0.92385870
				2.57565400 -4.78296000 1.49060600 / 0.27001040 0.00000000 -0.96285750 / 255 0 255 255 / -3.00064100 0.92385870
				2.54489100 -4.41674900 1.49060600 / -0.33872290 -0.00018820 -0.94088620 / 255 0 255 255 / -3.17662000 0.01470950
				2.54489100 -4.41674900 1.49060600 / -0.33872290 -0.00018820 -0.94088620 / 255 0 255 255 / -3.17662000 0.01470950
				2.54489100 -4.41674900 1.49060600 / -0.33872290 -0.00018820 -0.94088620 / 255 0 255 255 / -3.17662000 0.01470950
				2.54489100 -4.41674900 1.49060600 / -0.33872290 -0.00018820 -0.94088620 / 255 0 255 255 / -3.17662000 0.01470950
				2.54489100 -4.41674900 1.49060600 / -0.33872290 -0.00018820 -0.94088620 / 255 0 255 255 / -3.17662000 0.01470950
				2.54489100 -4.41674900 1.49060600 / -0.33872290 -0.00018820 -0.94088620 / 255 0 255 255 / -3.17662000 0.01470950
				2.53073200 -4.41674900 1.50232500 / -0.63782570 -0.00037290 -0.77018060 / 255 0 255 255 / -3.96531700 -0.05924990
				2.53073200 -4.41674900 1.50232500 / -0.63782570 -0.00037290 -0.77018060 / 255 0 255 255 / -3.96531700 -0.05924990
				2.53073200 -4.41674900 1.50232500 / -0.63782570 -0.00037290 -0.77018060 / 255 0 255 255 / -3.96531700 -0.05924990
				2.54489100 -4.78296000 1.49060600 / -0.34797740 -0.00052140 -0.93750280 / 255 0 255 255 / -3.49563600 0.01475520
				2.54489100 -4.78296000 1.49060600 / -0.34797740 -0.00052140 -0.93750280 / 255 0 255 255 / -3.49563600 0.01475520
				2.54489100 -4.78296000 1.49060600 / -0.34797740 -0.00052140 -0.93750280 / 255 0 255 255 / -3.49563600 0.01475520
				2.53073200 -4.78296000 1.50281300 / -0.65294560 -0.00100990 -0.75740410 / 255 0 255 255 / -4.35363800 -0.06513980
				-3.76126100 -0.13061620 1.49060600 / 0.27001070 0.00000000 -0.96285730 / 255 0 255 255 / 0.57629390 0.05448910
				-3.76126100 -0.13061620 1.49060600 / 0.27001070 0.00000000 -0.96285730 / 255 0 255 255 / 0.57629390 0.05448910
				-3.76126100 -0.13061620 1.49060600 / 0.27001070 0.00000000 -0.96285730 / 255 0 255 255 / 0.57629390 0.05448910
				-3.75003000 -0.13061620 1.49744200 / 0.51996310 0.00000000 -0.85418870 / 255 0 255 255 / 0.57156370 0.05125430
				-3.75003000 -0.54712020 1.49744200 / 0.51996310 0.00000000 -0.85418870 / 255 0 255 255 / 0.47235110 0.04174810
				-3.75003000 -0.54712020 1.49744200 / 0.51996310 0.00000000 -0.85418870 / 255 0 255 255 / 0.47235110 0.04174810
				-3.75003000 -0.54712020 1.49744200 / 0.51996310 0.00000000 -0.85418870 / 255 0 255 255 / 0.47235110 0.04174810
				-3.76126100 -0.54712020 1.49060600 / 0.27001030 0.00000000 -0.96285750 / 255 0 255 255 / 0.25617980 0.13229370
				-3.76126100 -0.54712020 1.49060600 / 0.27001030 0.00000000 -0.96285750 / 255 0 255 255 / 0.25617980 0.13229370
				-3.76126100 -0.54712020 1.49060600 / 0.27001030 0.00000000 -0.96285750 / 255 0 255 255 / 0.25617980 0.13229370
				-3.76126100 -0.54712020 1.49060600 / 0.27001030 0.00000000 -0.96285750 / 255 0 255 255 / 0.25617980 0.13229370
				-3.76126100 -0.54712020 1.49060600 / 0.27001030 0.00000000 -0.96285750 / 255 0 255 255 / 0.25617980 0.13229370
				-3.76126100 -0.54712020 1.49060600 / 0.27001030 0.00000000 -0.96285750 / 255 0 255 255 / 0.25617980 0.13229370
				-3.79153500 -0.13061620 1.49060600 / -0.21658950 0.00000000 -0.97626270 / 255 0 255 255 / 0.55686950 0.01419070
				-3.79153500 -0.13061620 1.49060600 / -0.21658950 0.00000000 -0.97626270 / 255 0 255 255 / 0.55686950 0.01419070
				-3.79153500 -0.13061620 1.49060600 / -0.21658950 0.00000000 -0.97626270 / 255 0 255 255 / 0.55686950 0.01419070
				-3.75003000 -2.10376100 1.49744200 / 0.51996310 0.00000000 -0.85418880 / 255 0 255 255 / 0.10140990 0.00622560
				-3.75003000 -2.10376100 1.49744200 / 0.51996310 0.00000000 -0.85418880 / 255 0 255 255 / 0.10140990 0.00622560
				-3.75003000 -2.10376100 1.49744200 / 0.51996310 0.00000000 -0.85418880 / 255 0 255 255 / 0.10140990 0.00622560
				-3.79153500 -0.54712020 1.49060600 / -0.22959710 -0.00026270 -0.97328580 / 255 0 255 255 / 0.19419860 0.01423650
				-3.79153500 -0.54712020 1.49060600 / -0.22959710 -0.00026270 -0.97328580 / 255 0 255 255 / 0.19419860 0.01423650
				-3.79153500 -0.54712020 1.49060600 / -0.22959710 -0.00026270 -0.97328580 / 255 0 255 255 / 0.19419860 0.01423650
				-3.79153500 -0.54712020 1.49060600 / -0.22959710 -0.00026270 -0.97328580 / 255 0 255 255 / 0.19419860 0.01423650
				-3.79153500 -0.54712020 1.49060600 / -0.22959710 -0.00026270 -0.97328580 / 255 0 255 255 / 0.19419860 0.01423650
				-3.79153500 -0.54712020 1.49060600 / -0.22959710 -0.00026270 -0.97328580 / 255 0 255 255 / 0.19419860 0.01423650
				-3.80618200 -0.13061620 1.49744200 / -0.42350910 -0.00002620 -0.90589180 / 255 0 255 255 / 0.57925410 0.00959780
				-3.80618200 -0.13061620 1.49744200 / -0.42350910 -0.00002620 -0.90589180 / 255 0 255 255 / 0.57925410 0.00959780
				-3.80618200 -0.54712020 1.49793000 / -0.44754470 -0.00052790 -0.89426140 / 255 0 255 255 / 0.13778690 0.00289920
				-3.80618200 -0.54712020 1.49793000 / -0.44754470 -0.00052790 -0.89426140 / 255 0 255 255 / 0.13778690 0.00289920
				-3.80618200 -0.54712020 1.49793000 / -0.44754470 -0.00052790 -0.89426140 / 255 0 255 255 / 0.13778690 0.00289920
				-3.76126100 -2.10376100 1.49060600 / 0.27001070 0.00000000 -0.96285750 / 255 0 255 255 / -0.94062810 0.42317200
				-3.76126100 -2.10376100 1.49060600 / 0.27001070 0.00000000 -0.96285750 / 255 0 255 255 / -0.94062810 0.42317200
				-3.76126100 -2.10376100 1.49060600 / 0.27001070 0.00000000 -0.96285750 / 255 0 255 255 / -0.94062810 0.42317200
				-3.76126100 -2.10376100 1.49060600 / 0.27001070 0.00000000 -0.96285750 / 255 0 255 255 / -0.94062810 0.42317200
				-3.76126100 -2.10376100 1.49060600 / 0.27001070 0.00000000 -0.96285750 / 255 0 255 255 / -0.94062810 0.42317200
				-3.76126100 -2.10376100 1.49060600 / 0.27001070 0.00000000 -0.96285750 / 255 0 255 255 / -0.94062810 0.42317200
				-3.75003000 -2.83471800 1.49744200 / 0.51996300 0.00000000 -0.85418890 / 255 0 255 255 / -0.07278440 -0.01045230
				-3.75003000 -2.83471800 1.49744200 / 0.51996300 0.00000000 -0.85418890 / 255 0 255 255 / -0.07278440 -0.01045230
				-3.75003000 -2.83471800 1.49744200 / 0.51996300 0.00000000 -0.85418890 / 255 0 255 255 / -0.07278440 -0.01045230
				-3.79153500 -2.10376100 1.49060600 / -0.27839560 -0.00027410 -0.96046640 / 255 0 255 255 / -1.16174300 0.01443480
				-3.79153500 -2.10376100 1.49060600 / -0.27839560 -0.00027410 -0.96046640 / 255 0 255 255 / -1.16174300 0.01443480
				-3.79153500 -2.10376100 1.49060600 / -0.27839560 -0.00027410 -0.96046640 / 255 0 255 255 / -1.16174300 0.01443480
				-3.79153500 -2.10376100 1.49060600 / -0.27839560 -0.00027410 -0.96046640 / 255 0 255 255 / -1.16174300 0.01443480
				-3.79153500 -2.10376100 1.49060600 / -0.27839560 -0.00027410 -0.96046640 / 255 0 255 255 / -1.16174300 0.01443480
				-3.79153500 -2.10376100 1.49060600 / -0.27839560 -0.00027410 -0.96046640 / 255 0 255 255 / -1.16174300 0.01443480
				-3.80618200 -2.10376100 1.49988300 / -0.53536780 -0.00053830 -0.84461890 / 255 0 255 255 / -1.51271100 -0.02209470
				-3.80618200 -2.10376100 1.49988300 / -0.53536780 -0.00053830 -0.84461890 / 255 0 255 255 / -1.51271100 -0.02209470
				-3.80618200 -2.10376100 1.49988300 / -0.53536780 -0.00053830 -0.84461890 / 255 0 255 255 / -1.51271100 -0.02209470
				-3.76126100 -2.83471800 1.49060600 / 0.27001090 0.00000000 -0.96285710 / 255 0 255 255 / -1.50268600 0.55978390
				-3.76126100 -2.83471800 1.49060600 / 0.27001090 0.00000000 -0.96285710 / 255 0 255 255 / -1.50268600 0.55978390
				-3.76126100 -2.83471800 1.49060600 / 0.27001090 0.00000000 -0.96285710 / 255 0 255 255 / -1.50268600 0.55978390
				-3.76126100 -2.83471800 1.49060600 / 0.27001090 0.00000000 -0.96285710 / 255 0 255 255 / -1.50268600 0.55978390
				-3.76126100 -2.83471800 1.49060600 / 0.27001090 0.00000000 -0.96285710 / 255 0 255 255 / -1.50268600 0.55978390
				-3.76126100 -2.83471800 1.49060600 / 0.27001090 0.00000000 -0.96285710 / 255 0 255 255 / -1.50268600 0.55978390
				-3.75003000 -4.41674900 1.49744200 / 0.51996300 0.00000000 -0.85418870 / 255 0 255 255 / -0.44978330 -0.04655460
				-3.75003000 -4.41674900 1.49744200 / 0.51996300 0.00000000 -0.85418870 / 255 0 255 255 / -0.44978330 -0.04655460
				-3.75003000 -4.41674900 1.49744200 / 0.51996300 0.00000000 -0.85418870 / 255 0 255 255 / -0.44978330 -0.04655460
				-3.79153500 -2.83471800 1.49060600 / -0.30048050 -0.00028260 -0.95378790 / 255 0 255 255 / -1.79852300 0.01451110
				-3.79153500 -2.83471800 1.49060600 / -0.30048050 -0.00028260 -0.95378790 / 255 0 255 255 / -1.79852300 0.01451110
				-3.79153500 -2.83471800 1.49060600 / -0.30048050 -0.00028260 -0.95378790 / 255 0 255 255 / -1.79852300 0.01451110
				-3.79153500 -2.83471800 1.49060600 / -0.30048050 -0.00028260 -0.95378790 / 255 0 255 255 / -1.79852300 0.01451110
				-3.79153500 -2.83471800 1.49060600 / -0.30048050 -0.00028260 -0.95378790 / 255 0 255 255 / -1.79852300 0.01451110
				-3.79153500 -2.83471800 1.49060600 / -0.30048050 -0.00028260 -0.95378790 / 255 0 255 255 / -1.79852300 0.01451110
				-3.80618200 -2.83471800 1.50086000 / -0.57367250 -0.00054970 -0.81908460 / 255 0 255 255 / -2.28782700 -0.03384400
				-3.80618200 -2.83471800 1.50086000 / -0.57367250 -0.00054970 -0.81908460 / 255 0 255 255 / -2.28782700 -0.03384400
				-3.80618200 -2.83471800 1.50086000 / -0.57367250 -0.00054970 -0.81908460 / 255 0 255 255 / -2.28782700 -0.03384400
				-3.76126100 -4.41674900 1.49060600 / 0.27001050 0.00000000 -0.96285750 / 255 0 255 255 / -2.71907000 0.85542300
				-3.76126100 -4.41674900 1.49060600 / 0.27001050 0.00000000 -0.96285750 / 255 0 255 255 / -2.71907000 0.85542300
				-3.76126100 -4.41674900 1.49060600 / 0.27001050 0.00000000 -0.96285750 / 255 0 255 255 / -2.71907000 0.85542300
				-3.76126100 -4.41674900 1.49060600 / 0.27001050 0.00000000 -0.96285750 / 255 0 255 255 / -2.71907000 0.85542300
				-3.76126100 -4.41674900 1.49060600 / 0.27001050 0.00000000 -0.96285750 / 255 0 255 255 / -2.71907000 0.85542300
				-3.76126100 -4.41674900 1.49060600 / 0.27001050 0.00000000 -0.96285750 / 255 0 255 255 / -2.71907000 0.85542300
				-3.75003000 -4.78296000 1.49744200 / 0.51996310 0.00000000 -0.85418870 / 255 0 255 255 / -0.53704830 -0.05490110
				-3.75003000 -4.78296000 1.49744200 / 0.51996310 0.00000000 -0.85418870 / 255 0 255 255 / -0.53704830 -0.05490110
				-3.76126100 -4.78296000 1.49060600 / 0.27001040 0.00000000 -0.96285750 / 255 0 255 255 / -3.00064100 0.92385870
				-3.76126100 -4.78296000 1.49060600 / 0.27001040 0.00000000 -0.96285750 / 255 0 255 255 / -3.00064100 0.92385870
				-3.76126100 -4.78296000 1.49060600 / 0.27001040 0.00000000 -0.96285750 / 255 0 255 255 / -3.00064100 0.92385870
				-3.79153500 -4.41674900 1.49060600 / -0.33090570 -0.00019020 -0.94366380 / 255 0 255 255 / -3.17662000 0.01470950
				-3.79153500 -4.41674900 1.49060600 / -0.33090570 -0.00019020 -0.94366380 / 255 0 255 255 / -3.17662000 0.01470950
				-3.79153500 -4.41674900 1.49060600 / -0.33090570 -0.00019020 -0.94366380 / 255 0 255 255 / -3.17662000 0.01470950
				-3.79153500 -4.41674900 1.49060600 / -0.33090570 -0.00019020 -0.94366380 / 255 0 255 255 / -3.17662000 0.01470950
				-3.79153500 -4.41674900 1.49060600 / -0.33090570 -0.00019020 -0.94366380 / 255 0 255 255 / -3.17662000 0.01470950
				-3.79153500 -4.41674900 1.49060600 / -0.33090570 -0.00019020 -0.94366380 / 255 0 255 255 / -3.17662000 0.01470950
				-3.80618200 -4.41674900 1.50232500 / -0.62496610 -0.00037830 -0.78065200 / 255 0 255 255 / -3.96531700 -0.05924990
				-3.80618200 -4.41674900 1.50232500 / -0.62496610 -0.00037830 -0.78065200 / 255 0 255 255 / -3.96531700 -0.05924990
				-3.80618200 -4.41674900 1.50232500 / -0.62496610 -0.00037830 -0.78065200 / 255 0 255 255 / -3.96531700 -0.05924990
				-3.79153500 -4.78296000 1.49060600 / -0.34012640 -0.00052690 -0.94037970 / 255 0 255 255 / -3.49563600 0.01475520
				-3.79153500 -4.78296000 1.49060600 / -0.34012640 -0.00052690 -0.94037970 / 255 0 255 255 / -3.49563600 0.01475520
				-3.79153500 -4.78296000 1.49060600 / -0.34012640 -0.00052690 -0.94037970 / 255 0 255 255 / -3.49563600 0.01475520
				-3.80618200 -4.78296000 1.50281300 / -0.64019630 -0.00102430 -0.76821060 / 255 0 255 255 / -4.35363800 -0.06513980
				3.96042000 -0.13061620 1.49060600 / 0.27001070 0.00000000 -0.96285730 / 255 0 255 255 / 0.57629390 0.05448910
				3.96042000 -0.13061620 1.49060600 / 0.27001070 0.00000000 -0.96285730 / 255 0 255 255 / 0.57629390 0.05448910
				3.96042000 -0.13061620 1.49060600 / 0.27001070 0.00000000 -0.96285730 / 255 0 255 255 / 0.57629390 0.05448910
				3.97165000 -0.13061620 1.49744200 / 0.51996310 0.00000000 -0.85418870 / 255 0 255 255 / 0.57156370 0.05125430
				3.97165000 -0.54712020 1.49744200 / 0.51996310 0.00000000 -0.85418870 / 255 0 255 255 / 0.47235110 0.04174810
				3.97165000 -0.54712020 1.49744200 / 0.51996310 0.00000000 -0.85418870 / 255 0 255 255 / 0.47235110 0.04174810
				3.97165000 -0.54712020 1.49744200 / 0.51996310 0.00000000 -0.85418870 / 255 0 255 255 / 0.47235110 0.04174810
				3.96042000 -0.54712020 1.49060600 / 0.27001030 0.00000000 -0.96285750 / 255 0 255 255 / 0.25617980 0.13229370
				3.96042000 -0.54712020 1.49060600 / 0.27001030 0.00000000 -0.96285750 / 255 0 255 255 / 0.25617980 0.13229370
				3.96042000 -0.54712020 1.49060600 / 0.27001030 0.00000000 -0.96285750 / 255 0 255 255 / 0.25617980 0.13229370
				3.96042000 -0.54712020 1.49060600 / 0.27001030 0.00000000 -0.96285750 / 255 0 255 255 / 0.25617980 0.13229370
				3.96042000 -0.54712020 1.49060600 / 0.27001030 0.00000000 -0.96285750 / 255 0 255 255 / 0.25617980 0.13229370
				3.96042000 -0.54712020 1.49060600 / 0.27001030 0.00000000 -0.96285750 / 255 0 255 255 / 0.25617980 0.13229370
				3.92965700 -0.13061620 1.49060600 / -0.22298910 0.00000000 -0.97482100 / 255 0 255 255 / 0.55686950 0.01419070
				3.92965700 -0.13061620 1.49060600 / -0.22298910 0.00000000 -0.97482100 / 255 0 255 255 / 0.55686950 0.01419070
				3.92965700 -0.13061620 1.49060600 / -0.22298910 0.00000000 -0.97482100 / 255 0 255 255 / 0.55686950 0.01419070
				3.97165000 -2.10376100 1.49744200 / 0.51996310 0.00000000 -0.85418880 / 255 0 255 255 / 0.10140990 0.00622560
				3.97165000 -2.10376100 1.49744200 / 0.51996310 0.00000000 -0.85418880 / 255 0 255 255 / 0.10140990 0.00622560
				3.97165000 -2.10376100 1.49744200 / 0.51996310 0.00000000 -0.85418880 / 255 0 255 255 / 0.10140990 0.00622560
				3.92965700 -0.54712020 1.49060600 / -0.23625210 -0.00026150 -0.97169180 / 255 0 255 255 / 0.19419860 0.01423650
				3.92965700 -0.54712020 1.49060600 / -0.23625210 -0.00026150 -0.97169180 / 255 0 255 255 / 0.19419860 0.01423650
				3.92965700 -0.54712020 1.49060600 / -0.23625210 -0.00026150 -0.97169180 / 255 0 255 255 / 0.19419860 0.01423650
				3.92965700 -0.54712020 1.49060600 / -0.23625210 -0.00026150 -0.97169180 / 255 0 255 255 / 0.19419860 0.01423650
				3.92965700 -0.54712020 1.49060600 / -0.23625210 -0.00026150 -0.97169180 / 255 0 255 255 / 0.19419860 0.01423650
				3.92965700 -0.54712020 1.49060600 / -0.23625210 -0.00026150 -0.97169180 / 255 0 255 255 / 0.19419860 0.01423650
				3.91549700 -0.13061620 1.49744200 / -0.43535370 -0.00002540 -0.90025940 / 255 0 255 255 / 0.57925410 0.00959780
				3.91549700 -0.13061620 1.49744200 / -0.43535370 -0.00002540 -0.90025940 / 255 0 255 255 / 0.57925410 0.00959780
				3.91549700 -0.54712020 1.49793000 / -0.45973810 -0.00052410 -0.88805440 / 255 0 255 255 / 0.13778690 0.00289920
				3.91549700 -0.54712020 1.49793000 / -0.45973810 -0.00052410 -0.88805440 / 255 0 255 255 / 0.13778690 0.00289920
				3.91549700 -0.54712020 1.49793000 / -0.45973810 -0.00052410 -0.88805440 / 255 0 255 255 / 0.13778690 0.00289920
				3.96042000 -2.10376100 1.49060600 / 0.27001040 0.00000000 -0.96285750 / 255 0 255 255 / -0.94062810 0.42317200
				3.96042000 -2.10376100 1.49060600 / 0.27001040 0.00000000 -0.96285750 / 255 0 255 255 / -0.94062810 0.42317200
				3.96042000 -2.10376100 1.49060600 / 0.27001040 0.00000000 -0.96285750 / 255 0 255 255 / -0.94062810 0.42317200
				3.96042000 -2.10376100 1.49060600 / 0.27001040 0.00000000 -0.96285750 / 255 0 255 255 / -0.94062810 0.42317200
				3.96042000 -2.10376100 1.49060600 / 0.27001040 0.00000000 -0.96285750 / 255 0 255 255 / -0.94062810 0.42317200
				3.96042000 -2.10376100 1.49060600 / 0.27001040 0.00000000 -0.96285750 / 255 0 255 255 / -0.94062810 0.42317200
				3.97165000 -2.83471800 1.49744200 / 0.51996300 0.00000000 -0.85418890 / 255 0 255 255 / -0.07278440 -0.01045230
				3.97165000 -2.83471800 1.49744200 / 0.51996300 0.00000000 -0.85418890 / 255 0 255 255 / -0.07278440 -0.01045230
				3.97165000 -2.83471800 1.49744200 / 0.51996300 0.00000000 -0.85418890 / 255 0 255 255 / -0.07278440 -0.01045230
				3.92965700 -2.10376100 1.49060600 / -0.28579350 -0.00027200 -0.95829120 / 255 0 255 255 / -1.16174300 0.01443480
				3.92965700 -2.10376100 1.49060600 / -0.28579350 -0.00027200 -0.95829120 / 255 0 255 255 / -1.16174300 0.01443480
				3.92965700 -2.10376100 1.49060600 / -0.28579350 -0.00027200 -0.95829120 / 255 0 255 255 / -1.16174300 0.01443480
				3.92965700 -2.10376100 1.49060600 / -0.28579350 -0.00027200 -0.95829120 / 255 0 255 255 / -1.16174300 0.01443480
				3.92965700 -2.10376100 1.49060600 / -0.28579350 -0.00027200 -0.95829120 / 255 0 255 255 / -1.16174300 0.01443480
				3.92965700 -2.10376100 1.49060600 / -0.28579350 -0.00027200 -0.95829120 / 255 0 255 255 / -1.16174300 0.01443480
				3.91549700 -2.10376100 1.49988300 / -0.54832360 -0.00053280 -0.83626610 / 255 0 255 255 / -1.51271100 -0.02209470
				3.91549700 -2.10376100 1.49988300 / -0.54832360 -0.00053280 -0.83626610 / 255 0 255 255 / -1.51271100 -0.02209470
				3.91549700 -2.10376100 1.49988300 / -0.54832360 -0.00053280 -0.83626610 / 255 0 255 255 / -1.51271100 -0.02209470
				3.96042000 -2.83471800 1.49060600 / 0.27001090 0.00000000 -0.96285720 / 255 0 255 255 / -1.50268600 0.55978390
				3.96042000 -2.83471800 1.49060600 / 0.27001090 0.00000000 -0.96285720 / 255 0 255 255 / -1.50268600 0.55978390
				3.96042000 -2.83471800 1.49060600 / 0.27001090 0.00000000 -0.96285720 / 255 0 255 255 / -1.50268600 0.55978390
				3.96042000 -2.83471800 1.49060600 / 0.27001090 0.00000000 -0.96285720 / 255 0 255 255 / -1.50268600 0.55978390
				3.96042000 -2.83471800 1.49060600 / 0.27001090 0.00000000 -0.96285720 / 255 0 255 255 / -1.50268600 0.55978390
				3.96042000 -2.83471800 1.49060600 / 0.27001090 0.00000000 -0.96285720 / 255 0 255 255 / -1.50268600 0.55978390
				3.97165000 -4.41674900 1.49744200 / 0.51996300 0.00000000 -0.85418870 / 255 0 255 255 / -0.44978330 -0.04655460
				3.97165000 -4.41674900 1.49744200 / 0.51996300 0.00000000 -0.85418870 / 255 0 255 255 / -0.44978330 -0.04655460
				3.97165000 -4.41674900 1.49744200 / 0.51996300 0.00000000 -0.85418870 / 255 0 255 255 / -0.44978330 -0.04655460
				3.92965700 -2.83471800 1.49060600 / -0.30810390 -0.00028020 -0.95135270 / 255 0 255 255 / -1.79852300 0.01451110
				3.92965700 -2.83471800 1.49060600 / -0.30810390 -0.00028020 -0.95135270 / 255 0 255 255 / -1.79852300 0.01451110
				3.92965700 -2.83471800 1.49060600 / -0.30810390 -0.00028020 -0.95135270 / 255 0 255 255 / -1.79852300 0.01451110
				3.92965700 -2.83471800 1.49060600 / -0.30810390 -0.00028020 -0.95135270 / 255 0 255 255 / -1.79852300 0.01451110
				3.92965700 -2.83471800 1.49060600 / -0.30810390 -0.00028020 -0.95135270 / 255 0 255 255 / -1.79852300 0.01451110
				3.92965700 -2.83471800 1.49060600 / -0.30810390 -0.00028020 -0.95135270 / 255 0 255 255 / -1.79852300 0.01451110
				3.91549700 -2.83471800 1.50086000 / -0.58670310 -0.00054350 -0.80980200 / 255 0 255 255 / -2.28782700 -0.03384400
				3.91549700 -2.83471800 1.50086000 / -0.58670310 -0.00054350 -0.80980200 / 255 0 255 255 / -2.28782700 -0.03384400
				3.91549700 -2.83471800 1.50086000 / -0.58670310 -0.00054350 -0.80980200 / 255 0 255 255 / -2.28782700 -0.03384400
				3.96042000 -4.41674900 1.49060600 / 0.27001060 0.00000000 -0.96285730 / 255 0 255 255 / -2.71907000 0.85542300
				3.96042000 -4.41674900 1.49060600 / 0.27001060 0.00000000 -0.96285730 / 255 0 255 255 / -2.71907000 0.85542300
				3.96042000 -4.41674900 1.49060600 / 0.27001060 0.00000000 -0.96285730 / 255 0 255 255 / -2.71907000 0.85542300
				3.96042000 -4.41674900 1.49060600 / 0.27001060 0.00000000 -0.96285730 / 255 0 255 255 / -2.71907000 0.85542300
				3.96042000 -4.41674900 1.49060600 / 0.27001060 0.00000000 -0.96285730 / 255 0 255 255 / -2.71907000 0.85542300
				3.96042000 -4.41674900 1.49060600 / 0.27001060 0.00000000 -0.96285730 / 255 0 255 255 / -2.71907000 0.85542300
				3.97165000 -4.78296000 1.49744200 / 0.51996310 0.00000000 -0.85418870 / 255 0 255 255 / -0.53704830 -0.05490110
				3.97165000 -4.78296000 1.49744200 / 0.51996310 0.00000000 -0.85418870 / 255 0 255 255 / -0.53704830 -0.05490110
				3.96042000 -4.78296000 1.49060600 / 0.27001040 0.00000000 -0.96285750 / 255 0 255 255 / -3.00064100 0.92385870
				3.96042000 -4.78296000 1.49060600 / 0.27001040 0.00000000 -0.96285750 / 255 0 255 255 / -3.00064100 0.92385870
				3.96042000 -4.78296000 1.49060600 / 0.27001040 0.00000000 -0.96285750 / 255 0 255 255 / -3.00064100 0.92385870
				3.92965700 -4.41674900 1.49060600 / -0.33871900 -0.00018820 -0.94088760 / 255 0 255 255 / -3.17662000 0.01470950
				3.92965700 -4.41674900 1.49060600 / -0.33871900 -0.00018820 -0.94088760 / 255 0 255 255 / -3.17662000 0.01470950
				3.92965700 -4.41674900 1.49060600 / -0.33871900 -0.00018820 -0.94088760 / 255 0 255 255 / -3.17662000 0.01470950
				3.92965700 -4.41674900 1.49060600 / -0.33871900 -0.00018820 -0.94088760 / 255 0 255 255 / -3.17662000 0.01470950
				3.92965700 -4.41674900 1.49060600 / -0.33871900 -0.00018820 -0.94088760 / 255 0 255 255 / -3.17662000 0.01470950
				3.92965700 -4.41674900 1.49060600 / -0.33871900 -0.00018820 -0.94088760 / 255 0 255 255 / -3.17662000 0.01470950
				3.91549700 -4.41674900 1.50232500 / -0.63781930 -0.00037290 -0.77018590 / 255 0 255 255 / -3.96531700 -0.05924990
				3.91549700 -4.41674900 1.50232500 / -0.63781930 -0.00037290 -0.77018590 / 255 0 255 255 / -3.96531700 -0.05924990
				3.91549700 -4.41674900 1.50232500 / -0.63781930 -0.00037290 -0.77018590 / 255 0 255 255 / -3.96531700 -0.05924990
				3.92965700 -4.78296000 1.49060600 / -0.34797340 -0.00052140 -0.93750430 / 255 0 255 255 / -3.49563600 0.01475520
				3.92965700 -4.78296000 1.49060600 / -0.34797340 -0.00052140 -0.93750430 / 255 0 255 255 / -3.49563600 0.01475520
				3.92965700 -4.78296000 1.49060600 / -0.34797340 -0.00052140 -0.93750430 / 255 0 255 255 / -3.49563600 0.01475520
				3.91549700 -4.78296000 1.50281300 / -0.65293930 -0.00100990 -0.75740960 / 255 0 255 255 / -4.35363800 -0.06513980
				3.97457900 -4.81372200 1.49060600 / 0.00000000 -0.27001040 -0.96285750 / 255 0 255 255 / 0.57629390 0.05448910
				3.97457900 -4.81372200 1.49060600 / 0.00000000 -0.27001040 -0.96285750 / 255 0 255 255 / 0.57629390 0.05448910
				3.97457900 -4.81372200 1.49060600 / 0.00000000 -0.27001040 -0.96285750 / 255 0 255 255 / 0.57629390 0.05448910
				3.97457900 -4.82495200 1.49744200 / 0.00000000 -0.51996300 -0.85418880 / 255 0 255 255 / 0.57156370 0.05125430
				3.25924700 -4.82495200 1.49744200 / 0.00000000 -0.51996310 -0.85418880 / 255 0 255 255 / 0.46975710 0.04150390
				3.25924700 -4.82495200 1.49744200 / 0.00000000 -0.51996310 -0.85418880 / 255 0 255 255 / 0.46975710 0.04150390
				3.25924700 -4.82495200 1.49744200 / 0.00000000 -0.51996310 -0.85418880 / 255 0 255 255 / 0.46975710 0.04150390
				3.25924700 -4.81372200 1.49060600 / 0.00000000 -0.27001010 -0.96285750 / 255 0 255 255 / 0.24781800 0.13432310
				3.25924700 -4.81372200 1.49060600 / 0.00000000 -0.27001010 -0.96285750 / 255 0 255 255 / 0.24781800 0.13432310
				3.25924700 -4.81372200 1.49060600 / 0.00000000 -0.27001010 -0.96285750 / 255 0 255 255 / 0.24781800 0.13432310
				3.25924700 -4.81372200 1.49060600 / 0.00000000 -0.27001010 -0.96285750 / 255 0 255 255 / 0.24781800 0.13432310
				3.25924700 -4.81372200 1.49060600 / 0.00000000 -0.27001010 -0.96285750 / 255 0 255 255 / 0.24781800 0.13432310
				3.25924700 -4.81372200 1.49060600 / 0.00000000 -0.27001010 -0.96285750 / 255 0 255 255 / 0.24781800 0.13432310
				3.97457900 -4.78296000 1.49060600 / 0.00000000 0.22299250 -0.97482010 / 255 0 255 255 / 0.55686950 0.01419070
				3.97457900 -4.78296000 1.49060600 / 0.00000000 0.22299250 -0.97482010 / 255 0 255 255 / 0.55686950 0.01419070
				3.97457900 -4.78296000 1.49060600 / 0.00000000 0.22299250 -0.97482010 / 255 0 255 255 / 0.55686950 0.01419070
				0.08102450 -4.82495200 1.49744200 / 0.00000000 -0.51996300 -0.85418870 / 255 0 255 255 / 0.01725770 -0.00183110
				0.08102450 -4.82495200 1.49744200 / 0.00000000 -0.51996300 -0.85418870 / 255 0 255 255 / 0.01725770 -0.00183110
				0.08102450 -4.82495200 1.49744200 / 0.00000000 -0.51996300 -0.85418870 / 255 0 255 255 / 0.01725770 -0.00183110
				3.25924700 -4.78296000 1.49060600 / -0.00015380 0.23632300 -0.97167460 / 255 0 255 255 / 0.18470760 0.01423650
				3.25924700 -4.78296000 1.49060600 / -0.00015380 0.23632300 -0.97167460 / 255 0 255 255 / 0.18470760 0.01423650
				3.25924700 -4.78296000 1.49060600 / -0.00015380 0.23632300 -0.97167460 / 255 0 255 255 / 0.18470760 0.01423650
				3.25924700 -4.78296000 1.49060600 / -0.00015380 0.23632300 -0.97167460 / 255 0 255 255 / 0.18470760 0.01423650
				3.25924700 -4.78296000 1.49060600 / -0.00015380 0.23632300 -0.97167460 / 255 0 255 255 / 0.18470760 0.01423650
				3.25924700 -4.78296000 1.49060600 / -0.00015380 0.23632300 -0.97167460 / 255 0 255 255 / 0.18470760 0.01423650
				3.97457900 -4.76880000 1.49744200 / -0.00000860 0.43510730 -0.90037850 / 255 0 255 255 / 0.57925410 0.00959780
				3.97457900 -4.76880000 1.49744200 / -0.00000860 0.43510730 -0.90037850 / 255 0 255 255 / 0.57925410 0.00959780
				3.25924700 -4.76880000 1.49793000 / -0.00030420 0.45962160 -0.88811480 / 255 0 255 255 / 0.12625120 0.00273130
				3.25924700 -4.76880000 1.49793000 / -0.00030420 0.45962160 -0.88811480 / 255 0 255 255 / 0.12625120 0.00273130
				3.25924700 -4.76880000 1.49793000 / -0.00030420 0.45962160 -0.88811480 / 255 0 255 255 / 0.12625120 0.00273130
				0.08102450 -4.81372200 1.49060600 / 0.00000000 -0.27001050 -0.96285730 / 255 0 255 255 / -1.21217300 0.48916630
				0.08102450 -4.81372200 1.49060600 / 0.00000000 -0.27001050 -0.96285730 / 255 0 255 255 / -1.21217300 0.48916630
				0.08102450 -4.81372200 1.49060600 / 0.00000000 -0.27001050 -0.96285730 / 255 0 255 255 / -1.21217300 0.48916630
				0.08102450 -4.81372200 1.49060600 / 0.00000000 -0.27001050 -0.96285730 / 255 0 255 255 / -1.21217300 0.48916630
				0.08102450 -4.81372200 1.49060600 / 0.00000000 -0.27001050 -0.96285730 / 255 0 255 255 / -1.21217300 0.48916630
				0.08102450 -4.81372200 1.49060600 / 0.00000000 -0.27001050 -0.96285730 / 255 0 255 255 / -1.21217300 0.48916630
				-2.94680700 -4.82495200 1.49744200 / 0.00000000 -0.51996310 -0.85418870 / 255 0 255 255 / -0.41383360 -0.04310610
				-2.94680700 -4.82495200 1.49744200 / 0.00000000 -0.51996310 -0.85418870 / 255 0 255 255 / -0.41383360 -0.04310610
				-2.94680700 -4.82495200 1.49744200 / 0.00000000 -0.51996310 -0.85418870 / 255 0 255 255 / -0.41383360 -0.04310610
				0.08102450 -4.78296000 1.49060600 / -0.00016500 0.29721810 -0.95480950 / 255 0 255 255 / -1.46937600 0.01446530
				0.08102450 -4.78296000 1.49060600 / -0.00016500 0.29721810 -0.95480950 / 255 0 255 255 / -1.46937600 0.01446530
				0.08102450 -4.78296000 1.49060600 / -0.00016500 0.29721810 -0.95480950 / 255 0 255 255 / -1.46937600 0.01446530
				0.08102450 -4.78296000 1.49060600 / -0.00016500 0.29721810 -0.95480950 / 255 0 255 255 / -1.46937600 0.01446530
				0.08102450 -4.78296000 1.49060600 / -0.00016500 0.29721810 -0.95480950 / 255 0 255 255 / -1.46937600 0.01446530
				0.08102450 -4.78296000 1.49060600 / -0.00016500 0.29721810 -0.95480950 / 255 0 255 255 / -1.46937600 0.01446530
				0.08102450 -4.76880000 1.50037100 / -0.00031710 0.56787850 -0.82311220 / 255 0 255 255 / -1.88719200 -0.02777100
				0.08102450 -4.76880000 1.50037100 / -0.00031710 0.56787850 -0.82311220 / 255 0 255 255 / -1.88719200 -0.02777100
				0.08102450 -4.76880000 1.50037100 / -0.00031710 0.56787850 -0.82311220 / 255 0 255 255 / -1.88719200 -0.02777100
				-2.94680700 -4.81372200 1.49060600 / 0.00000000 -0.27001060 -0.96285750 / 255 0 255 255 / -2.60307300 0.82722470
				-2.94680700 -4.81372200 1.49060600 / 0.00000000 -0.27001060 -0.96285750 / 255 0 255 255 / -2.60307300 0.82722470
				-2.94680700 -4.81372200 1.49060600 / 0.00000000 -0.27001060 -0.96285750 / 255 0 255 255 / -2.60307300 0.82722470
				-2.94680700 -4.81372200 1.49060600 / 0.00000000 -0.27001060 -0.96285750 / 255 0 255 255 / -2.60307300 0.82722470
				-2.94680700 -4.81372200 1.49060600 / 0.00000000 -0.27001060 -0.96285750 / 255 0 255 255 / -2.60307300 0.82722470
				-2.94680700 -4.81372200 1.49060600 / 0.00000000 -0.27001060 -0.96285750 / 255 0 255 255 / -2.60307300 0.82722470
				-3.81253000 -4.82495200 1.49744200 / 0.00000000 -0.51996310 -0.85418870 / 255 0 255 255 / -0.53704830 -0.05490110
				-3.81253000 -4.82495200 1.49744200 / 0.00000000 -0.51996310 -0.85418870 / 255 0 255 255 / -0.53704830 -0.05490110
				-3.81253000 -4.81372200 1.49060600 / 0.00000000 -0.27001050 -0.96285750 / 255 0 255 255 / -3.00064100 0.92385870
				-3.81253000 -4.81372200 1.49060600 / 0.00000000 -0.27001050 -0.96285750 / 255 0 255 255 / -3.00064100 0.92385870
				-3.81253000 -4.81372200 1.49060600 / 0.00000000 -0.27001050 -0.96285750 / 255 0 255 255 / -3.00064100 0.92385870
				-2.94680700 -4.78296000 1.49060600 / -0.00013160 0.33875530 -0.94087450 / 255 0 255 255 / -3.04521200 0.01467900
				-2.94680700 -4.78296000 1.49060600 / -0.00013160 0.33875530 -0.94087450 / 255 0 255 255 / -3.04521200 0.01467900
				-2.94680700 -4.78296000 1.49060600 / -0.00013160 0.33875530 -0.94087450 / 255 0 255 255 / -3.04521200 0.01467900
				-2.94680700 -4.78296000 1.49060600 / -0.00013160 0.33875530 -0.94087450 / 255 0 255 255 / -3.04521200 0.01467900
				-2.94680700 -4.78296000 1.49060600 / -0.00013160 0.33875530 -0.94087450 / 255 0 255 255 / -3.04521200 0.01467900
				-2.94680700 -4.78296000 1.49060600 / -0.00013160 0.33875530 -0.94087450 / 255 0 255 255 / -3.04521200 0.01467900
				-2.94680700 -4.76880000 1.50232500 / -0.00025130 0.63768050 -0.77030090 / 255 0 255 255 / -3.80535900 -0.05683900
				-2.94680700 -4.76880000 1.50232500 / -0.00025130 0.63768050 -0.77030090 / 255 0 255 255 / -3.80535900 -0.05683900
				-2.94680700 -4.76880000 1.50232500 / -0.00025130 0.63768050 -0.77030090 / 255 0 255 255 / -3.80535900 -0.05683900
				-3.81253000 -4.78296000 1.49060600 / -0.00022480 0.34815080 -0.93743850 / 255 0 255 255 / -3.49563600 0.01475520
				-3.81253000 -4.78296000 1.49060600 / -0.00022480 0.34815080 -0.93743850 / 255 0 255 255 / -3.49563600 0.01475520
				-3.81253000 -4.78296000 1.49060600 / -0.00022480 0.34815080 -0.93743850 / 255 0 255 255 / -3.49563600 0.01475520
				-3.81253000 -4.76880000 1.50281300 / -0.00042720 0.65294580 -0.75740440 / 255 0 255 255 / -4.35363800 -0.06513980
				3.97457900 -0.13061620 1.49060600 / 0.00000000 -0.26999220 -0.96286240 / 255 0 255 255 / 0.57629390 0.05448910
				3.97457900 -0.13061620 1.49060600 / 0.00000000 -0.26999220 -0.96286240 / 255 0 255 255 / 0.57629390 0.05448910
				3.97457900 -0.13061620 1.49060600 / 0.00000000 -0.26999220 -0.96286240 / 255 0 255 255 / 0.57629390 0.05448910
				3.97457900 -0.14184710 1.49744200 / 0.00000000 -0.51993090 -0.85420840 / 255 0 255 255 / 0.57156370 0.05125430
				3.25924700 -0.14184710 1.49744200 / 0.00000000 -0.51993080 -0.85420840 / 255 0 255 255 / 0.46975710 0.04150390
				3.25924700 -0.14184710 1.49744200 / 0.00000000 -0.51993080 -0.85420840 / 255 0 255 255 / 0.46975710 0.04150390
				3.25924700 -0.14184710 1.49744200 / 0.00000000 -0.51993080 -0.85420840 / 255 0 255 255 / 0.46975710 0.04150390
				3.25924700 -0.13061620 1.49060600 / 0.00000000 -0.26999200 -0.96286260 / 255 0 255 255 / 0.24781800 0.13432310
				3.25924700 -0.13061620 1.49060600 / 0.00000000 -0.26999200 -0.96286260 / 255 0 255 255 / 0.24781800 0.13432310
				3.25924700 -0.13061620 1.49060600 / 0.00000000 -0.26999200 -0.96286260 / 255 0 255 255 / 0.24781800 0.13432310
				3.25924700 -0.13061620 1.49060600 / 0.00000000 -0.26999200 -0.96286260 / 255 0 255 255 / 0.24781800 0.13432310
				3.25924700 -0.13061620 1.49060600 / 0.00000000 -0.26999200 -0.96286260 / 255 0 255 255 / 0.24781800 0.13432310
				3.25924700 -0.13061620 1.49060600 / 0.00000000 -0.26999200 -0.96286260 / 255 0 255 255 / 0.24781800 0.13432310
				3.97457900 -0.09985520 1.49060600 / 0.00000000 0.22297640 -0.97482380 / 255 0 255 255 / 0.55686950 0.01419070
				3.97457900 -0.09985520 1.49060600 / 0.00000000 0.22297640 -0.97482380 / 255 0 255 255 / 0.55686950 0.01419070
				3.97457900 -0.09985520 1.49060600 / 0.00000000 0.22297640 -0.97482380 / 255 0 255 255 / 0.55686950 0.01419070
				0.08102450 -0.14184710 1.49744200 / 0.00000000 -0.51993080 -0.85420840 / 255 0 255 255 / 0.01725770 -0.00183110
				0.08102450 -0.14184710 1.49744200 / 0.00000000 -0.51993080 -0.85420840 / 255 0 255 255 / 0.01725770 -0.00183110
				0.08102450 -0.14184710 1.49744200 / 0.00000000 -0.51993080 -0.85420840 / 255 0 255 255 / 0.01725770 -0.00183110
				3.25924700 -0.09985520 1.49060600 / -0.00015380 0.23630620 -0.97167860 / 255 0 255 255 / 0.18470760 0.01423650
				3.25924700 -0.09985520 1.49060600 / -0.00015380 0.23630620 -0.97167860 / 255 0 255 255 / 0.18470760 0.01423650
				3.25924700 -0.09985520 1.49060600 / -0.00015380 0.23630620 -0.97167860 / 255 0 255 255 / 0.18470760 0.01423650
				3.25924700 -0.09985520 1.49060600 / -0.00015380 0.23630620 -0.97167860 / 255 0 255 255 / 0.18470760 0.01423650
				3.25924700 -0.09985520 1.49060600 / -0.00015380 0.23630620 -0.97167860 / 255 0 255 255 / 0.18470760 0.01423650
				3.25924700 -0.09985520 1.49060600 / -0.00015380 0.23630620 -0.97167860 / 255 0 255 255 / 0.18470760 0.01423650
				3.97457900 -0.08569409 1.49744200 / -0.00000860 0.43507760 -0.90039290 / 255 0 255 255 / 0.57925410 0.00959780
				3.97457900 -0.08569409 1.49744200 / -0.00000860 0.43507760 -0.90039290 / 255 0 255 255 / 0.57925410 0.00959780
				3.25924700 -0.08569409 1.49793000 / -0.00030420 0.45959110 -0.88813060 / 255 0 255 255 / 0.12625120 0.00273130
				3.25924700 -0.08569409 1.49793000 / -0.00030420 0.45959110 -0.88813060 / 255 0 255 255 / 0.12625120 0.00273130
				3.25924700 -0.08569409 1.49793000 / -0.00030420 0.45959110 -0.88813060 / 255 0 255 255 / 0.12625120 0.00273130
				0.08102450 -0.13061620 1.49060600 / 0.00000000 -0.26999240 -0.96286260 / 255 0 255 255 / -1.21217300 0.48916630
				0.08102450 -0.13061620 1.49060600 / 0.00000000 -0.26999240 -0.96286260 / 255 0 255 255 / -1.21217300 0.48916630
				0.08102450 -0.13061620 1.49060600 / 0.00000000 -0.26999240 -0.96286260 / 255 0 255 255 / -1.21217300 0.48916630
				0.08102450 -0.13061620 1.49060600 / 0.00000000 -0.26999240 -0.96286260 / 255 0 255 255 / -1.21217300 0.48916630
				0.08102450 -0.13061620 1.49060600 / 0.00000000 -0.26999240 -0.96286260 / 255 0 255 255 / -1.21217300 0.48916630
				0.08102450 -0.13061620 1.49060600 / 0.00000000 -0.26999240 -0.96286260 / 255 0 255 255 / -1.21217300 0.48916630
				-2.94680700 -0.14184710 1.49744200 / 0.00000000 -0.51993080 -0.85420830 / 255 0 255 255 / -0.41383360 -0.04310610
				-2.94680700 -0.14184710 1.49744200 / 0.00000000 -0.51993080 -0.85420830 / 255 0 255 255 / -0.41383360 -0.04310610
				-2.94680700 -0.14184710 1.49744200 / 0.00000000 -0.51993080 -0.85420830 / 255 0 255 255 / -0.41383360 -0.04310610
				0.08102450 -0.09985520 1.49060600 / -0.00016510 0.29719930 -0.95481540 / 255 0 255 255 / -1.46937600 0.01446530
				0.08102450 -0.09985520 1.49060600 / -0.00016510 0.29719930 -0.95481540 / 255 0 255 255 / -1.46937600 0.01446530
				0.08102450 -0.09985520 1.49060600 / -0.00016510 0.29719930 -0.95481540 / 255 0 255 255 / -1.46937600 0.01446530
				0.08102450 -0.09985520 1.49060600 / -0.00016510 0.29719930 -0.95481540 / 255 0 255 255 / -1.46937600 0.01446530
				0.08102450 -0.09985520 1.49060600 / -0.00016510 0.29719930 -0.95481540 / 255 0 255 255 / -1.46937600 0.01446530
				0.08102450 -0.09985520 1.49060600 / -0.00016510 0.29719930 -0.95481540 / 255 0 255 255 / -1.46937600 0.01446530
				0.08102450 -0.08569409 1.50037100 / -0.00031710 0.56784610 -0.82313470 / 255 0 255 255 / -1.88719200 -0.02777100
				0.08102450 -0.08569409 1.50037100 / -0.00031710 0.56784610 -0.82313470 / 255 0 255 255 / -1.88719200 -0.02777100
				0.08102450 -0.08569409 1.50037100 / -0.00031710 0.56784610 -0.82313470 / 255 0 255 255 / -1.88719200 -0.02777100
				-2.94680700 -0.13061620 1.49060600 / 0.00000000 -0.26999240 -0.96286240 / 255 0 255 255 / -2.60307300 0.82722470
				-2.94680700 -0.13061620 1.49060600 / 0.00000000 -0.26999240 -0.96286240 / 255 0 255 255 / -2.60307300 0.82722470
				-2.94680700 -0.13061620 1.49060600 / 0.00000000 -0.26999240 -0.96286240 / 255 0 255 255 / -2.60307300 0.82722470
				-2.94680700 -0.13061620 1.49060600 / 0.00000000 -0.26999240 -0.96286240 / 255 0 255 255 / -2.60307300 0.82722470
				-2.94680700 -0.13061620 1.49060600 / 0.00000000 -0.26999240 -0.96286240 / 255 0 255 255 / -2.60307300 0.82722470
				-2.94680700 -0.13061620 1.49060600 / 0.00000000 -0.26999240 -0.96286240 / 255 0 255 255 / -2.60307300 0.82722470
				-3.81253000 -0.14184710 1.49744200 / 0.00000000 -0.51993090 -0.85420840 / 255 0 255 255 / -0.53704830 -0.05490110
				-3.81253000 -0.14184710 1.49744200 / 0.00000000 -0.51993090 -0.85420840 / 255 0 255 255 / -0.53704830 -0.05490110
				-3.81253000 -0.13061620 1.49060600 / 0.00000000 -0.26999230 -0.96286250 / 255 0 255 255 / -3.00064100 0.92385870
				-3.81253000 -0.13061620 1.49060600 / 0.00000000 -0.26999230 -0.96286250 / 255 0 255 255 / -3.00064100 0.92385870
				-3.81253000 -0.13061620 1.49060600 / 0.00000000 -0.26999230 -0.96286250 / 255 0 255 255 / -3.00064100 0.92385870
				-2.94680700 -0.09985520 1.49060600 / -0.00013160 0.33873580 -0.94088160 / 255 0 255 255 / -3.04521200 0.01467900
				-2.94680700 -0.09985520 1.49060600 / -0.00013160 0.33873580 -0.94088160 / 255 0 255 255 / -3.04521200 0.01467900
				-2.94680700 -0.09985520 1.49060600 / -0.00013160 0.33873580 -0.94088160 / 255 0 255 255 / -3.04521200 0.01467900
				-2.94680700 -0.09985520 1.49060600 / -0.00013160 0.33873580 -0.94088160 / 255 0 255 255 / -3.04521200 0.01467900
				-2.94680700 -0.09985520 1.49060600 / -0.00013160 0.33873580 -0.94088160 / 255 0 255 255 / -3.04521200 0.01467900
				-2.94680700 -0.09985520 1.49060600 / -0.00013160 0.33873580 -0.94088160 / 255 0 255 255 / -3.04521200 0.01467900
				-2.94680700 -0.08569409 1.50232500 / -0.00025140 0.63764870 -0.77032720 / 255 0 255 255 / -3.80535900 -0.05683900
				-2.94680700 -0.08569409 1.50232500 / -0.00025140 0.63764870 -0.77032720 / 255 0 255 255 / -3.80535900 -0.05683900
				-2.94680700 -0.08569409 1.50232500 / -0.00025140 0.63764870 -0.77032720 / 255 0 255 255 / -3.80535900 -0.05683900
				-3.81253000 -0.09985520 1.49060600 / -0.00022480 0.34813120 -0.93744590 / 255 0 255 255 / -3.49563600 0.01475520
				-3.81253000 -0.09985520 1.49060600 / -0.00022480 0.34813120 -0.93744590 / 255 0 255 255 / -3.49563600 0.01475520
				-3.81253000 -0.09985520 1.49060600 / -0.00022480 0.34813120 -0.93744590 / 255 0 255 255 / -3.49563600 0.01475520
				-3.81253000 -0.08569409 1.50281300 / -0.00042720 0.65291420 -0.75743160 / 255 0 255 255 / -4.35363800 -0.06513980
				3.97457900 -2.50512800 1.49060600 / 0.00000000 -0.27958770 -0.96012010 / 255 0 255 255 / 0.57629390 0.05448910
				3.97457900 -2.50512800 1.49060600 / 0.00000000 -0.27958770 -0.96012010 / 255 0 255 255 / 0.57629390 0.05448910
				3.97457900 -2.50512800 1.49060600 / 0.00000000 -0.27958770 -0.96012010 / 255 0 255 255 / 0.57629390 0.05448910
				3.97457900 -2.51587000 1.49744200 / 0.00000000 -0.53687570 -0.84366130 / 255 0 255 255 / 0.57156370 0.05125430
				3.25924700 -2.51587000 1.49744200 / 0.00000000 -0.53687570 -0.84366130 / 255 0 255 255 / 0.46975710 0.04150390
				3.25924700 -2.51587000 1.49744200 / 0.00000000 -0.53687570 -0.84366130 / 255 0 255 255 / 0.46975710 0.04150390
				3.25924700 -2.51587000 1.49744200 / 0.00000000 -0.53687570 -0.84366130 / 255 0 255 255 / 0.46975710 0.04150390
				3.25924700 -2.50512800 1.49060600 / 0.00000000 -0.27958810 -0.96012000 / 255 0 255 255 / 0.24781800 0.13432310
				3.25924700 -2.50512800 1.49060600 / 0.00000000 -0.27958810 -0.96012000 / 255 0 255 255 / 0.24781800 0.13432310
				3.25924700 -2.50512800 1.49060600 / 0.00000000 -0.27958810 -0.96012000 / 255 0 255 255 / 0.24781800 0.13432310
				3.25924700 -2.50512800 1.49060600 / 0.00000000 -0.27958810 -0.96012000 / 255 0 255 255 / 0.24781800 0.13432310
				3.25924700 -2.50512800 1.49060600 / 0.00000000 -0.27958810 -0.96012000 / 255 0 255 255 / 0.24781800 0.13432310
				3.25924700 -2.50512800 1.49060600 / 0.00000000 -0.27958810 -0.96012000 / 255 0 255 255 / 0.24781800 0.13432310
				3.97457900 -2.47436600 1.49060600 / 0.00000000 0.22298930 -0.97482090 / 255 0 255 255 / 0.55686950 0.01419070
				3.97457900 -2.47436600 1.49060600 / 0.00000000 0.22298930 -0.97482090 / 255 0 255 255 / 0.55686950 0.01419070
				3.97457900 -2.47436600 1.49060600 / 0.00000000 0.22298930 -0.97482090 / 255 0 255 255 / 0.55686950 0.01419070
				0.08102450 -2.51587000 1.49744200 / 0.00000000 -0.53687580 -0.84366130 / 255 0 255 255 / 0.01725770 -0.00183110
				0.08102450 -2.51587000 1.49744200 / 0.00000000 -0.53687580 -0.84366130 / 255 0 255 255 / 0.01725770 -0.00183110
				0.08102450 -2.51587000 1.49744200 / 0.00000000 -0.53687580 -0.84366130 / 255 0 255 255 / 0.01725770 -0.00183110
				3.25924700 -2.47436600 1.49060600 / -0.00015380 0.23631960 -0.97167540 / 255 0 255 255 / 0.18470760 0.01423650
				3.25924700 -2.47436600 1.49060600 / -0.00015380 0.23631960 -0.97167540 / 255 0 255 255 / 0.18470760 0.01423650
				3.25924700 -2.47436600 1.49060600 / -0.00015380 0.23631960 -0.97167540 / 255 0 255 255 / 0.18470760 0.01423650
				3.25924700 -2.47436600 1.49060600 / -0.00015380 0.23631960 -0.97167540 / 255 0 255 255 / 0.18470760 0.01423650
				3.25924700 -2.47436600 1.49060600 / -0.00015380 0.23631960 -0.97167540 / 255 0 255 255 / 0.18470760 0.01423650
				3.25924700 -2.47436600 1.49060600 / -0.00015380 0.23631960 -0.97167540 / 255 0 255 255 / 0.18470760 0.01423650
				3.97457900 -2.46020600 1.49744200 / -0.00000860 0.43510140 -0.90038150 / 255 0 255 255 / 0.57925410 0.00959780
				3.97457900 -2.46020600 1.49744200 / -0.00000860 0.43510140 -0.90038150 / 255 0 255 255 / 0.57925410 0.00959780
				3.25924700 -2.46020600 1.49793000 / -0.00030420 0.45961560 -0.88811790 / 255 0 255 255 / 0.12625120 0.00273130
				3.25924700 -2.46020600 1.49793000 / -0.00030420 0.45961560 -0.88811790 / 255 0 255 255 / 0.12625120 0.00273130
				3.25924700 -2.46020600 1.49793000 / -0.00030420 0.45961560 -0.88811790 / 255 0 255 255 / 0.12625120 0.00273130
				0.08102450 -2.50512800 1.49060600 / 0.00000000 -0.27958840 -0.96012000 / 255 0 255 255 / -1.21217300 0.48916630
				0.08102450 -2.50512800 1.49060600 / 0.00000000 -0.27958840 -0.96012000 / 255 0 255 255 / -1.21217300 0.48916630
				0.08102450 -2.50512800 1.49060600 / 0.00000000 -0.27958840 -0.96012000 / 255 0 255 255 / -1.21217300 0.48916630
				0.08102450 -2.50512800 1.49060600 / 0.00000000 -0.27958840 -0.96012000 / 255 0 255 255 / -1.21217300 0.48916630
				0.08102450 -2.50512800 1.49060600 / 0.00000000 -0.27958840 -0.96012000 / 255 0 255 255 / -1.21217300 0.48916630
				0.08102450 -2.50512800 1.49060600 / 0.00000000 -0.27958840 -0.96012000 / 255 0 255 255 / -1.21217300 0.48916630
				-2.94680700 -2.51587000 1.49744200 / 0.00000000 -0.53687580 -0.84366150 / 255 0 255 255 / -0.41383360 -0.04310610
				-2.94680700 -2.51587000 1.49744200 / 0.00000000 -0.53687580 -0.84366150 / 255 0 255 255 / -0.41383360 -0.04310610
				-2.94680700 -2.51587000 1.49744200 / 0.00000000 -0.53687580 -0.84366150 / 255 0 255 255 / -0.41383360 -0.04310610
				0.08102450 -2.47436600 1.49060600 / -0.00016500 0.29721440 -0.95481070 / 255 0 255 255 / -1.46937600 0.01446530
				0.08102450 -2.47436600 1.49060600 / -0.00016500 0.29721440 -0.95481070 / 255 0 255 255 / -1.46937600 0.01446530
				0.08102450 -2.47436600 1.49060600 / -0.00016500 0.29721440 -0.95481070 / 255 0 255 255 / -1.46937600 0.01446530
				0.08102450 -2.47436600 1.49060600 / -0.00016500 0.29721440 -0.95481070 / 255 0 255 255 / -1.46937600 0.01446530
				0.08102450 -2.47436600 1.49060600 / -0.00016500 0.29721440 -0.95481070 / 255 0 255 255 / -1.46937600 0.01446530
				0.08102450 -2.47436600 1.49060600 / -0.00016500 0.29721440 -0.95481070 / 255 0 255 255 / -1.46937600 0.01446530
				0.08102450 -2.46020600 1.50037100 / -0.00031710 0.56787200 -0.82311670 / 255 0 255 255 / -1.88719200 -0.02777100
				0.08102450 -2.46020600 1.50037100 / -0.00031710 0.56787200 -0.82311670 / 255 0 255 255 / -1.88719200 -0.02777100
				0.08102450 -2.46020600 1.50037100 / -0.00031710 0.56787200 -0.82311670 / 255 0 255 255 / -1.88719200 -0.02777100
				-2.94680700 -2.50512800 1.49060600 / 0.00000000 -0.27958800 -0.96012000 / 255 0 255 255 / -2.60307300 0.82722470
				-2.94680700 -2.50512800 1.49060600 / 0.00000000 -0.27958800 -0.96012000 / 255 0 255 255 / -2.60307300 0.82722470
				-2.94680700 -2.50512800 1.49060600 / 0.00000000 -0.27958800 -0.96012000 / 255 0 255 255 / -2.60307300 0.82722470
				-2.94680700 -2.50512800 1.49060600 / 0.00000000 -0.27958800 -0.96012000 / 255 0 255 255 / -2.60307300 0.82722470
				-2.94680700 -2.50512800 1.49060600 / 0.00000000 -0.27958800 -0.96012000 / 255 0 255 255 / -2.60307300 0.82722470
				-2.94680700 -2.50512800 1.49060600 / 0.00000000 -0.27958800 -0.96012000 / 255 0 255 255 / -2.60307300 0.82722470
				-3.81253000 -2.51587000 1.49744200 / 0.00000000 -0.53687580 -0.84366120 / 255 0 255 255 / -0.53704830 -0.05490110
				-3.81253000 -2.51587000 1.49744200 / 0.00000000 -0.53687580 -0.84366120 / 255 0 255 255 / -0.53704830 -0.05490110
				-3.81253000 -2.50512800 1.49060600 / 0.00000000 -0.27958790 -0.96012010 / 255 0 255 255 / -3.00064100 0.92385870
				-3.81253000 -2.50512800 1.49060600 / 0.00000000 -0.27958790 -0.96012010 / 255 0 255 255 / -3.00064100 0.92385870
				-3.81253000 -2.50512800 1.49060600 / 0.00000000 -0.27958790 -0.96012010 / 255 0 255 255 / -3.00064100 0.92385870
				-2.94680700 -2.47436600 1.49060600 / -0.00013160 0.33875140 -0.94087590 / 255 0 255 255 / -3.04521200 0.01467900
				-2.94680700 -2.47436600 1.49060600 / -0.00013160 0.33875140 -0.94087590 / 255 0 255 255 / -3.04521200 0.01467900
				-2.94680700 -2.47436600 1.49060600 / -0.00013160 0.33875140 -0.94087590 / 255 0 255 255 / -3.04521200 0.01467900
				-2.94680700 -2.47436600 1.49060600 / -0.00013160 0.33875140 -0.94087590 / 255 0 255 255 / -3.04521200 0.01467900
				-2.94680700 -2.47436600 1.49060600 / -0.00013160 0.33875140 -0.94087590 / 255 0 255 255 / -3.04521200 0.01467900
				-2.94680700 -2.47436600 1.49060600 / -0.00013160 0.33875140 -0.94087590 / 255 0 255 255 / -3.04521200 0.01467900
				-2.94680700 -2.46020600 1.50232500 / -0.00025130 0.63767420 -0.77030620 / 255 0 255 255 / -3.80535900 -0.05683900
				-2.94680700 -2.46020600 1.50232500 / -0.00025130 0.63767420 -0.77030620 / 255 0 255 255 / -3.80535900 -0.05683900
				-2.94680700 -2.46020600 1.50232500 / -0.00025130 0.63767420 -0.77030620 / 255 0 255 255 / -3.80535900 -0.05683900
				-3.81253000 -2.47436600 1.49060600 / -0.00022480 0.34814690 -0.93744000 / 255 0 255 255 / -3.49563600 0.01475520
				-3.81253000 -2.47436600 1.49060600 / -0.00022480 0.34814690 -0.93744000 / 255 0 255 255 / -3.49563600 0.01475520
				-3.81253000 -2.47436600 1.49060600 / -0.00022480 0.34814690 -0.93744000 / 255 0 255 255 / -3.49563600 0.01475520
				-3.81253000 -2.46020600 1.50281300 / -0.00042720 0.65293950 -0.75740990 / 255 0 255 255 / -4.35363800 -0.06513980
				-0.58499110 -4.03735600 1.49744200 / 0.34584440 -0.36085820 -0.86612520 / 255 0 255 255 / 0.99949650 0.99949650
				-0.58499110 -4.03735600 1.49744200 / 0.34584440 -0.36085820 -0.86612520 / 255 0 255 255 / 0.99949650 0.99949650
				-0.58499110 -4.03735600 1.49744200 / 0.34584440 -0.36085820 -0.86612520 / 255 0 255 255 / 0.99949650 0.99949650
				-2.24905300 -4.03735600 1.50281300 / -0.00213370 -0.75034190 -0.66104660 / 255 0 255 255 / 0.00050350 0.99949650
				-2.23684600 -4.02319400 1.48670000 / -0.00132640 -0.46839760 -0.88351680 / 255 0 255 255 / 0.00726320 0.98527530
				-2.23684600 -4.02319400 1.48670000 / -0.00132640 -0.46839760 -0.88351680 / 255 0 255 255 / 0.00726320 0.98527530
				-2.23684600 -4.02319400 1.48670000 / -0.00132640 -0.46839760 -0.88351680 / 255 0 255 255 / 0.00726320 0.98527530
				-2.23684600 -4.02319400 1.48670000 / -0.00132640 -0.46839760 -0.88351680 / 255 0 255 255 / 0.00726320 0.98527530
				-2.23684600 -4.02319400 1.48670000 / -0.00132640 -0.46839760 -0.88351680 / 255 0 255 255 / 0.00726320 0.98527530
				-0.59719820 -4.02319400 1.48670000 / 0.27965040 -0.24300570 -0.92884010 / 255 0 255 255 / 0.99273680 0.98527530
				-0.59719820 -4.02319400 1.48670000 / 0.27965040 -0.24300570 -0.92884010 / 255 0 255 255 / 0.99273680 0.98527530
				-0.59719820 -4.02319400 1.48670000 / 0.27965040 -0.24300570 -0.92884010 / 255 0 255 255 / 0.99273680 0.98527530
				-0.59719820 -4.02319400 1.48670000 / 0.27965040 -0.24300570 -0.92884010 / 255 0 255 255 / 0.99273680 0.98527530
				-0.59719820 -4.02319400 1.48670000 / 0.27965040 -0.24300570 -0.92884010 / 255 0 255 255 / 0.99273680 0.98527530
				-0.59719820 -4.02319400 1.48670000 / 0.27965040 -0.24300570 -0.92884010 / 255 0 255 255 / 0.99273680 0.98527530
				-0.58499110 -3.19897600 1.49744200 / 0.33802430 0.35692020 -0.87083150 / 255 0 255 255 / 0.99949650 0.00050350
				-0.58499110 -3.19897600 1.49744200 / 0.33802430 0.35692020 -0.87083150 / 255 0 255 255 / 0.99949650 0.00050350
				-0.58499110 -3.19897600 1.49744200 / 0.33802430 0.35692020 -0.87083150 / 255 0 255 255 / 0.99949650 0.00050350
				-0.59719820 -3.21362400 1.48670000 / 0.27990460 0.23697390 -0.93032080 / 255 0 255 255 / 0.99273680 0.01472470
				-0.59719820 -3.21362400 1.48670000 / 0.27990460 0.23697390 -0.93032080 / 255 0 255 255 / 0.99273680 0.01472470
				-0.59719820 -3.21362400 1.48670000 / 0.27990460 0.23697390 -0.93032080 / 255 0 255 255 / 0.99273680 0.01472470
				-0.59719820 -3.21362400 1.48670000 / 0.27990460 0.23697390 -0.93032080 / 255 0 255 255 / 0.99273680 0.01472470
				-0.59719820 -3.21362400 1.48670000 / 0.27990460 0.23697390 -0.93032080 / 255 0 255 255 / 0.99273680 0.01472470
				-0.59719820 -3.21362400 1.48670000 / 0.27990460 0.23697390 -0.93032080 / 255 0 255 255 / 0.99273680 0.01472470
				-2.24905300 -3.19897600 1.50281300 / -0.00002710 0.73855610 -0.67419200 / 255 0 255 255 / 0.00050350 0.00050350
				-2.24905300 -3.19897600 1.50281300 / -0.00002710 0.73855610 -0.67419200 / 255 0 255 255 / 0.00050350 0.00050350
				-2.23684600 -3.21362400 1.48670000 / 0.00000000 0.46026030 -0.88778400 / 255 0 255 255 / 0.00726320 0.01472470
				-2.23684600 -3.21362400 1.48670000 / 0.00000000 0.46026030 -0.88778400 / 255 0 255 255 / 0.00726320 0.01472470
				-2.23684600 -3.21362400 1.48670000 / 0.00000000 0.46026030 -0.88778400 / 255 0 255 255 / 0.00726320 0.01472470
				-2.23684600 -3.21362400 1.48670000 / 0.00000000 0.46026030 -0.88778400 / 255 0 255 255 / 0.00726320 0.01472470
				-2.20413200 -3.99243300 1.48670000 / 0.08156500 0.06965380 -0.99423110 / 255 0 255 255 / 0.02471920 0.95492550
				-2.20413200 -3.99243300 1.48670000 / 0.08156500 0.06965380 -0.99423110 / 255 0 255 255 / 0.02471920 0.95492550
				-2.20413200 -3.99243300 1.48670000 / 0.08156500 0.06965380 -0.99423110 / 255 0 255 255 / 0.02471920 0.95492550
				-2.20413200 -3.99243300 1.48670000 / 0.08156500 0.06965380 -0.99423110 / 255 0 255 255 / 0.02471920 0.95492550
				-2.20413200 -3.99243300 1.48670000 / 0.08156500 0.06965380 -0.99423110 / 255 0 255 255 / 0.02471920 0.95492550
				-2.20413200 -3.99243300 1.48670000 / 0.08156500 0.06965380 -0.99423110 / 255 0 255 255 / 0.02471920 0.95492550
				-2.20413200 -3.24438600 1.48670000 / 0.08279640 -0.07004880 -0.99410150 / 255 0 255 255 / 0.02471920 0.04507450
				-2.20413200 -3.24438600 1.48670000 / 0.08279640 -0.07004880 -0.99410150 / 255 0 255 255 / 0.02471920 0.04507450
				-2.20413200 -3.24438600 1.48670000 / 0.08279640 -0.07004880 -0.99410150 / 255 0 255 255 / 0.02471920 0.04507450
				-2.20413200 -3.24438600 1.48670000 / 0.08279640 -0.07004880 -0.99410150 / 255 0 255 255 / 0.02471920 0.04507450
				-2.20413200 -3.24438600 1.48670000 / 0.08279640 -0.07004880 -0.99410150 / 255 0 255 255 / 0.02471920 0.04507450
				-2.20413200 -3.24438600 1.48670000 / 0.08279640 -0.07004880 -0.99410150 / 255 0 255 255 / 0.02471920 0.04507450
				-0.62991300 -3.24438600 1.48670000 / -0.08279550 -0.07004749 -0.99410170 / 255 0 255 255 / 0.97528080 0.04507450
				-0.62991300 -3.24438600 1.48670000 / -0.08279550 -0.07004749 -0.99410170 / 255 0 255 255 / 0.97528080 0.04507450
				-0.62991300 -3.24438600 1.48670000 / -0.08279550 -0.07004749 -0.99410170 / 255 0 255 255 / 0.97528080 0.04507450
				-0.62991300 -3.24438600 1.48670000 / -0.08279550 -0.07004749 -0.99410170 / 255 0 255 255 / 0.97528080 0.04507450
				-0.62991300 -3.24438600 1.48670000 / -0.08279550 -0.07004749 -0.99410170 / 255 0 255 255 / 0.97528080 0.04507450
				-0.62991300 -3.24438600 1.48670000 / -0.08279550 -0.07004749 -0.99410170 / 255 0 255 255 / 0.97528080 0.04507450
				-0.62991300 -3.99243300 1.48670000 / -0.08156410 0.06965180 -0.99423130 / 255 0 255 255 / 0.97528080 0.95492550
				-0.62991300 -3.99243300 1.48670000 / -0.08156410 0.06965180 -0.99423130 / 255 0 255 255 / 0.97528080 0.95492550
				-0.62991300 -3.99243300 1.48670000 / -0.08156410 0.06965180 -0.99423130 / 255 0 255 255 / 0.97528080 0.95492550
				-0.62991300 -3.99243300 1.48670000 / -0.08156410 0.06965180 -0.99423130 / 255 0 255 255 / 0.97528080 0.95492550
				-0.62991300 -3.99243300 1.48670000 / -0.08156410 0.06965180 -0.99423130 / 255 0 255 255 / 0.97528080 0.95492550
				-0.62991300 -3.99243300 1.48670000 / -0.08156410 0.06965180 -0.99423130 / 255 0 255 255 / 0.97528080 0.95492550
				-0.65139730 -3.25512800 1.49744200 / -0.21785910 -0.43697550 -0.87269120 / 255 0 255 255 / 0.96383670 0.05603030
				-0.65139730 -3.25512800 1.49744200 / -0.21785910 -0.43697550 -0.87269120 / 255 0 255 255 / 0.96383670 0.05603030
				-0.65139730 -3.25512800 1.49744200 / -0.21785910 -0.43697550 -0.87269120 / 255 0 255 255 / 0.96383670 0.05603030
				-2.18264800 -3.25512800 1.49744200 / 0.21786400 -0.43697460 -0.87269040 / 255 0 255 255 / 0.03616330 0.05603030
				-2.18264800 -3.25512800 1.49744200 / 0.21786400 -0.43697460 -0.87269040 / 255 0 255 255 / 0.03616330 0.05603030
				-2.18264800 -3.25512800 1.49744200 / 0.21786400 -0.43697460 -0.87269040 / 255 0 255 255 / 0.03616330 0.05603030
				-0.65139730 -3.98120200 1.49744200 / -0.21852650 0.42305290 -0.87935900 / 255 0 255 255 / 0.96383670 0.94396970
				-0.65139730 -3.98120200 1.49744200 / -0.21852650 0.42305290 -0.87935900 / 255 0 255 255 / 0.96383670 0.94396970
				-0.65139730 -3.98120200 1.49744200 / -0.21852650 0.42305290 -0.87935900 / 255 0 255 255 / 0.96383670 0.94396970
				-2.18264800 -3.98120200 1.49744200 / 0.21853190 0.42305140 -0.87935860 / 255 0 255 255 / 0.03616330 0.94396970
				-2.18264800 -3.98120200 1.49744200 / 0.21853190 0.42305140 -0.87935860 / 255 0 255 255 / 0.03616330 0.94396970
				-2.18264800 -3.98120200 1.49744200 / 0.21853190 0.42305140 -0.87935860 / 255 0 255 255 / 0.03616330 0.94396970
				2.59225500 -4.03735600 1.49744200 / 0.34293710 -0.35443280 -0.86992620 / 255 0 255 255 / 0.99949650 0.99949650
				2.59225500 -4.03735600 1.49744200 / 0.34293710 -0.35443280 -0.86992620 / 255 0 255 255 / 0.99949650 0.99949650
				2.59225500 -4.03735600 1.49744200 / 0.34293710 -0.35443280 -0.86992620 / 255 0 255 255 / 0.99949650 0.99949650
				0.92770420 -4.03735600 1.50281300 / -0.00213320 -0.75030990 -0.66108270 / 255 0 255 255 / 0.00050350 0.99949650
				0.94039950 -4.02319400 1.48670000 / -0.00133060 -0.46995600 -0.88268890 / 255 0 255 255 / 0.00726320 0.98527530
				0.94039950 -4.02319400 1.48670000 / -0.00133060 -0.46995600 -0.88268890 / 255 0 255 255 / 0.00726320 0.98527530
				0.94039950 -4.02319400 1.48670000 / -0.00133060 -0.46995600 -0.88268890 / 255 0 255 255 / 0.00726320 0.98527530
				0.94039950 -4.02319400 1.48670000 / -0.00133060 -0.46995600 -0.88268890 / 255 0 255 255 / 0.00726320 0.98527530
				0.94039950 -4.02319400 1.48670000 / -0.00133060 -0.46995600 -0.88268890 / 255 0 255 255 / 0.00726320 0.98527530
				2.57955900 -4.02319400 1.48670000 / 0.27089650 -0.24397320 -0.93117790 / 255 0 255 255 / 0.99273680 0.98527530
				2.57955900 -4.02319400 1.48670000 / 0.27089650 -0.24397320 -0.93117790 / 255 0 255 255 / 0.99273680 0.98527530
				2.57955900 -4.02319400 1.48670000 / 0.27089650 -0.24397320 -0.93117790 / 255 0 255 255 / 0.99273680 0.98527530
				2.57955900 -4.02319400 1.48670000 / 0.27089650 -0.24397320 -0.93117790 / 255 0 255 255 / 0.99273680 0.98527530
				2.57955900 -4.02319400 1.48670000 / 0.27089650 -0.24397320 -0.93117790 / 255 0 255 255 / 0.99273680 0.98527530
				2.57955900 -4.02319400 1.48670000 / 0.27089650 -0.24397320 -0.93117790 / 255 0 255 255 / 0.99273680 0.98527530
				2.59225500 -3.19897600 1.49744200 / 0.33528320 0.35066910 -0.87442350 / 255 0 255 255 / 0.99949650 0.00050350
				2.59225500 -3.19897600 1.49744200 / 0.33528320 0.35066910 -0.87442350 / 255 0 255 255 / 0.99949650 0.00050350
				2.59225500 -3.19897600 1.49744200 / 0.33528320 0.35066910 -0.87442350 / 255 0 255 255 / 0.99949650 0.00050350
				2.57955900 -3.21362400 1.48670000 / 0.27111540 0.23793470 -0.93267550 / 255 0 255 255 / 0.99273680 0.01472470
				2.57955900 -3.21362400 1.48670000 / 0.27111540 0.23793470 -0.93267550 / 255 0 255 255 / 0.99273680 0.01472470
				2.57955900 -3.21362400 1.48670000 / 0.27111540 0.23793470 -0.93267550 / 255 0 255 255 / 0.99273680 0.01472470
				2.57955900 -3.21362400 1.48670000 / 0.27111540 0.23793470 -0.93267550 / 255 0 255 255 / 0.99273680 0.01472470
				2.57955900 -3.21362400 1.48670000 / 0.27111540 0.23793470 -0.93267550 / 255 0 255 255 / 0.99273680 0.01472470
				2.57955900 -3.21362400 1.48670000 / 0.27111540 0.23793470 -0.93267550 / 255 0 255 255 / 0.99273680 0.01472470
				0.92770420 -3.19897600 1.50281300 / -0.00002750 0.73853410 -0.67421620 / 255 0 255 255 / 0.00050350 0.00050350
				0.92770420 -3.19897600 1.50281300 / -0.00002750 0.73853410 -0.67421620 / 255 0 255 255 / 0.00050350 0.00050350
				0.94039950 -3.21362400 1.48670000 / 0.00000000 0.46180970 -0.88697900 / 255 0 255 255 / 0.00726320 0.01472470
				0.94039950 -3.21362400 1.48670000 / 0.00000000 0.46180970 -0.88697900 / 255 0 255 255 / 0.00726320 0.01472470
				0.94039950 -3.21362400 1.48670000 / 0.00000000 0.46180970 -0.88697900 / 255 0 255 255 / 0.00726320 0.01472470
				0.94039950 -3.21362400 1.48670000 / 0.00000000 0.46180970 -0.88697900 / 255 0 255 255 / 0.00726320 0.01472470
				0.97262600 -3.99243300 1.48670000 / 0.08156400 0.06965270 -0.99423130 / 255 0 255 255 / 0.02471920 0.95492550
				0.97262600 -3.99243300 1.48670000 / 0.08156400 0.06965270 -0.99423130 / 255 0 255 255 / 0.02471920 0.95492550
				0.97262600 -3.99243300 1.48670000 / 0.08156400 0.06965270 -0.99423130 / 255 0 255 255 / 0.02471920 0.95492550
				0.97262600 -3.99243300 1.48670000 / 0.08156400 0.06965270 -0.99423130 / 255 0 255 255 / 0.02471920 0.95492550
				0.97262600 -3.99243300 1.48670000 / 0.08156400 0.06965270 -0.99423130 / 255 0 255 255 / 0.02471920 0.95492550
				0.97262600 -3.99243300 1.48670000 / 0.08156400 0.06965270 -0.99423130 / 255 0 255 255 / 0.02471920 0.95492550
				0.97262600 -3.24438600 1.48670000 / 0.08279540 -0.07004749 -0.99410180 / 255 0 255 255 / 0.02471920 0.04507450
				0.97262600 -3.24438600 1.48670000 / 0.08279540 -0.07004749 -0.99410180 / 255 0 255 255 / 0.02471920 0.04507450
				0.97262600 -3.24438600 1.48670000 / 0.08279540 -0.07004749 -0.99410180 / 255 0 255 255 / 0.02471920 0.04507450
				0.97262600 -3.24438600 1.48670000 / 0.08279540 -0.07004749 -0.99410180 / 255 0 255 255 / 0.02471920 0.04507450
				0.97262600 -3.24438600 1.48670000 / 0.08279540 -0.07004749 -0.99410180 / 255 0 255 255 / 0.02471920 0.04507450
				0.97262600 -3.24438600 1.48670000 / 0.08279540 -0.07004749 -0.99410180 / 255 0 255 255 / 0.02471920 0.04507450
				2.54684400 -3.24438600 1.48670000 / -0.08279600 -0.07004810 -0.99410160 / 255 0 255 255 / 0.97528080 0.04507450
				2.54684400 -3.24438600 1.48670000 / -0.08279600 -0.07004810 -0.99410160 / 255 0 255 255 / 0.97528080 0.04507450
				2.54684400 -3.24438600 1.48670000 / -0.08279600 -0.07004810 -0.99410160 / 255 0 255 255 / 0.97528080 0.04507450
				2.54684400 -3.24438600 1.48670000 / -0.08279600 -0.07004810 -0.99410160 / 255 0 255 255 / 0.97528080 0.04507450
				2.54684400 -3.24438600 1.48670000 / -0.08279600 -0.07004810 -0.99410160 / 255 0 255 255 / 0.97528080 0.04507450
				2.54684400 -3.24438600 1.48670000 / -0.08279600 -0.07004810 -0.99410160 / 255 0 255 255 / 0.97528080 0.04507450
				2.54684400 -3.99243300 1.48670000 / -0.08156460 0.06965300 -0.99423120 / 255 0 255 255 / 0.97528080 0.95492550
				2.54684400 -3.99243300 1.48670000 / -0.08156460 0.06965300 -0.99423120 / 255 0 255 255 / 0.97528080 0.95492550
				2.54684400 -3.99243300 1.48670000 / -0.08156460 0.06965300 -0.99423120 / 255 0 255 255 / 0.97528080 0.95492550
				2.54684400 -3.99243300 1.48670000 / -0.08156460 0.06965300 -0.99423120 / 255 0 255 255 / 0.97528080 0.95492550
				2.54684400 -3.99243300 1.48670000 / -0.08156460 0.06965300 -0.99423120 / 255 0 255 255 / 0.97528080 0.95492550
				2.54684400 -3.99243300 1.48670000 / -0.08156460 0.06965300 -0.99423120 / 255 0 255 255 / 0.97528080 0.95492550
				2.52536100 -3.25512800 1.49744200 / -0.21786160 -0.43697490 -0.87269070 / 255 0 255 255 / 0.96383670 0.05603030
				2.52536100 -3.25512800 1.49744200 / -0.21786160 -0.43697490 -0.87269070 / 255 0 255 255 / 0.96383670 0.05603030
				2.52536100 -3.25512800 1.49744200 / -0.21786160 -0.43697490 -0.87269070 / 255 0 255 255 / 0.96383670 0.05603030
				0.99411040 -3.25512800 1.49744200 / 0.21785900 -0.43697570 -0.87269120 / 255 0 255 255 / 0.03616330 0.05603030
				0.99411040 -3.25512800 1.49744200 / 0.21785900 -0.43697570 -0.87269120 / 255 0 255 255 / 0.03616330 0.05603030
				0.99411040 -3.25512800 1.49744200 / 0.21785900 -0.43697570 -0.87269120 / 255 0 255 255 / 0.03616330 0.05603030
				2.52536100 -3.98120200 1.49744200 / -0.21852900 0.42305240 -0.87935880 / 255 0 255 255 / 0.96383670 0.94396970
				2.52536100 -3.98120200 1.49744200 / -0.21852900 0.42305240 -0.87935880 / 255 0 255 255 / 0.96383670 0.94396970
				2.52536100 -3.98120200 1.49744200 / -0.21852900 0.42305240 -0.87935880 / 255 0 255 255 / 0.96383670 0.94396970
				0.99411040 -3.98120200 1.49744200 / 0.21852660 0.42305280 -0.87935910 / 255 0 255 255 / 0.03616330 0.94396970
				0.99411040 -3.98120200 1.49744200 / 0.21852660 0.42305280 -0.87935910 / 255 0 255 255 / 0.03616330 0.94396970
				0.99411040 -3.98120200 1.49744200 / 0.21852660 0.42305280 -0.87935910 / 255 0 255 255 / 0.03616330 0.94396970
				2.59225500 -1.74682700 1.49744200 / 0.34294710 -0.35443840 -0.86991990 / 255 0 255 255 / 0.99949650 0.99949650
				2.59225500 -1.74682700 1.49744200 / 0.34294710 -0.35443840 -0.86991990 / 255 0 255 255 / 0.99949650 0.99949650
				2.59225500 -1.74682700 1.49744200 / 0.34294710 -0.35443840 -0.86991990 / 255 0 255 255 / 0.99949650 0.99949650
				0.92770420 -1.74682700 1.50281300 / -0.00213310 -0.75032790 -0.66106240 / 255 0 255 255 / 0.00050350 0.99949650
				0.94039950 -1.73266700 1.48670000 / -0.00133060 -0.46997080 -0.88268100 / 255 0 255 255 / 0.00726320 0.98527530
				0.94039950 -1.73266700 1.48670000 / -0.00133060 -0.46997080 -0.88268100 / 255 0 255 255 / 0.00726320 0.98527530
				0.94039950 -1.73266700 1.48670000 / -0.00133060 -0.46997080 -0.88268100 / 255 0 255 255 / 0.00726320 0.98527530
				0.94039950 -1.73266700 1.48670000 / -0.00133060 -0.46997080 -0.88268100 / 255 0 255 255 / 0.00726320 0.98527530
				0.94039950 -1.73266700 1.48670000 / -0.00133060 -0.46997080 -0.88268100 / 255 0 255 255 / 0.00726320 0.98527530
				2.57955900 -1.73266700 1.48670000 / 0.27089510 -0.24398480 -0.93117520 / 255 0 255 255 / 0.99273680 0.98527530
				2.57955900 -1.73266700 1.48670000 / 0.27089510 -0.24398480 -0.93117520 / 255 0 255 255 / 0.99273680 0.98527530
				2.57955900 -1.73266700 1.48670000 / 0.27089510 -0.24398480 -0.93117520 / 255 0 255 255 / 0.99273680 0.98527530
				2.57955900 -1.73266700 1.48670000 / 0.27089510 -0.24398480 -0.93117520 / 255 0 255 255 / 0.99273680 0.98527530
				2.57955900 -1.73266700 1.48670000 / 0.27089510 -0.24398480 -0.93117520 / 255 0 255 255 / 0.99273680 0.98527530
				2.57955900 -1.73266700 1.48670000 / 0.27089510 -0.24398480 -0.93117520 / 255 0 255 255 / 0.99273680 0.98527530
				2.59225500 -0.90844820 1.49744200 / 0.33527850 0.35066550 -0.87442660 / 255 0 255 255 / 0.99949650 0.00050350
				2.59225500 -0.90844820 1.49744200 / 0.33527850 0.35066550 -0.87442660 / 255 0 255 255 / 0.99949650 0.00050350
				2.59225500 -0.90844820 1.49744200 / 0.33527850 0.35066550 -0.87442660 / 255 0 255 255 / 0.99949650 0.00050350
				2.57955900 -0.92309700 1.48670000 / 0.27111630 0.23792870 -0.93267670 / 255 0 255 255 / 0.99273680 0.01472470
				2.57955900 -0.92309700 1.48670000 / 0.27111630 0.23792870 -0.93267670 / 255 0 255 255 / 0.99273680 0.01472470
				2.57955900 -0.92309700 1.48670000 / 0.27111630 0.23792870 -0.93267670 / 255 0 255 255 / 0.99273680 0.01472470
				2.57955900 -0.92309700 1.48670000 / 0.27111630 0.23792870 -0.93267670 / 255 0 255 255 / 0.99273680 0.01472470
				2.57955900 -0.92309700 1.48670000 / 0.27111630 0.23792870 -0.93267670 / 255 0 255 255 / 0.99273680 0.01472470
				2.57955900 -0.92309700 1.48670000 / 0.27111630 0.23792870 -0.93267670 / 255 0 255 255 / 0.99273680 0.01472470
				0.92770420 -0.90844820 1.50281300 / -0.00002750 0.73852450 -0.67422660 / 255 0 255 255 / 0.00050350 0.00050350
				0.92770420 -0.90844820 1.50281300 / -0.00002750 0.73852450 -0.67422660 / 255 0 255 255 / 0.00050350 0.00050350
				0.94039950 -0.92309700 1.48670000 / 0.00000000 0.46180200 -0.88698300 / 255 0 255 255 / 0.00726320 0.01472470
				0.94039950 -0.92309700 1.48670000 / 0.00000000 0.46180200 -0.88698300 / 255 0 255 255 / 0.00726320 0.01472470
				0.94039950 -0.92309700 1.48670000 / 0.00000000 0.46180200 -0.88698300 / 255 0 255 255 / 0.00726320 0.01472470
				0.94039950 -0.92309700 1.48670000 / 0.00000000 0.46180200 -0.88698300 / 255 0 255 255 / 0.00726320 0.01472470
				0.97262600 -1.70190600 1.48670000 / 0.08156550 0.06965310 -0.99423110 / 255 0 255 255 / 0.02471920 0.95492550
				0.97262600 -1.70190600 1.48670000 / 0.08156550 0.06965310 -0.99423110 / 255 0 255 255 / 0.02471920 0.95492550
				0.97262600 -1.70190600 1.48670000 / 0.08156550 0.06965310 -0.99423110 / 255 0 255 255 / 0.02471920 0.95492550
				0.97262600 -1.70190600 1.48670000 / 0.08156550 0.06965310 -0.99423110 / 255 0 255 255 / 0.02471920 0.95492550
				0.97262600 -1.70190600 1.48670000 / 0.08156550 0.06965310 -0.99423110 / 255 0 255 255 / 0.02471920 0.95492550
				0.97262600 -1.70190600 1.48670000 / 0.08156550 0.06965310 -0.99423110 / 255 0 255 255 / 0.02471920 0.95492550
				0.97262600 -0.95385920 1.48670000 / 0.08279580 -0.07004770 -0.99410160 / 255 0 255 255 / 0.02471920 0.04507450
				0.97262600 -0.95385920 1.48670000 / 0.08279580 -0.07004770 -0.99410160 / 255 0 255 255 / 0.02471920 0.04507450
				0.97262600 -0.95385920 1.48670000 / 0.08279580 -0.07004770 -0.99410160 / 255 0 255 255 / 0.02471920 0.04507450
				0.97262600 -0.95385920 1.48670000 / 0.08279580 -0.07004770 -0.99410160 / 255 0 255 255 / 0.02471920 0.04507450
				0.97262600 -0.95385920 1.48670000 / 0.08279580 -0.07004770 -0.99410160 / 255 0 255 255 / 0.02471920 0.04507450
				0.97262600 -0.95385920 1.48670000 / 0.08279580 -0.07004770 -0.99410160 / 255 0 255 255 / 0.02471920 0.04507450
				2.54684400 -0.95385920 1.48670000 / -0.08279640 -0.07004820 -0.99410150 / 255 0 255 255 / 0.97528080 0.04507450
				2.54684400 -0.95385920 1.48670000 / -0.08279640 -0.07004820 -0.99410150 / 255 0 255 255 / 0.97528080 0.04507450
				2.54684400 -0.95385920 1.48670000 / -0.08279640 -0.07004820 -0.99410150 / 255 0 255 255 / 0.97528080 0.04507450
				2.54684400 -0.95385920 1.48670000 / -0.08279640 -0.07004820 -0.99410150 / 255 0 255 255 / 0.97528080 0.04507450
				2.54684400 -0.95385920 1.48670000 / -0.08279640 -0.07004820 -0.99410150 / 255 0 255 255 / 0.97528080 0.04507450
				2.54684400 -0.95385920 1.48670000 / -0.08279640 -0.07004820 -0.99410150 / 255 0 255 255 / 0.97528080 0.04507450
				2.54684400 -1.70190600 1.48670000 / -0.08156590 0.06965350 -0.99423100 / 255 0 255 255 / 0.97528080 0.95492550
				2.54684400 -1.70190600 1.48670000 / -0.08156590 0.06965350 -0.99423100 / 255 0 255 255 / 0.97528080 0.95492550
				2.54684400 -1.70190600 1.48670000 / -0.08156590 0.06965350 -0.99423100 / 255 0 255 255 / 0.97528080 0.95492550
				2.54684400 -1.70190600 1.48670000 / -0.08156590 0.06965350 -0.99423100 / 255 0 255 255 / 0.97528080 0.95492550
				2.54684400 -1.70190600 1.48670000 / -0.08156590 0.06965350 -0.99423100 / 255 0 255 255 / 0.97528080 0.95492550
				2.54684400 -1.70190600 1.48670000 / -0.08156590 0.06965350 -0.99423100 / 255 0 255 255 / 0.97528080 0.95492550
				2.52536100 -0.96460120 1.49744200 / -0.21786130 -0.43698020 -0.87268830 / 255 0 255 255 / 0.96383670 0.05603030
				2.52536100 -0.96460120 1.49744200 / -0.21786130 -0.43698020 -0.87268830 / 255 0 255 255 / 0.96383670 0.05603030
				2.52536100 -0.96460120 1.49744200 / -0.21786130 -0.43698020 -0.87268830 / 255 0 255 255 / 0.96383670 0.05603030
				0.99411040 -0.96460120 1.49744200 / 0.21785890 -0.43698040 -0.87268870 / 255 0 255 255 / 0.03616330 0.05603030
				0.99411040 -0.96460120 1.49744200 / 0.21785890 -0.43698040 -0.87268870 / 255 0 255 255 / 0.03616330 0.05603030
				0.99411040 -0.96460120 1.49744200 / 0.21785890 -0.43698040 -0.87268870 / 255 0 255 255 / 0.03616330 0.05603030
				2.52536100 -1.69067500 1.49744200 / -0.21852830 0.42306740 -0.87935170 / 255 0 255 255 / 0.96383670 0.94396970
				2.52536100 -1.69067500 1.49744200 / -0.21852830 0.42306740 -0.87935170 / 255 0 255 255 / 0.96383670 0.94396970
				2.52536100 -1.69067500 1.49744200 / -0.21852830 0.42306740 -0.87935170 / 255 0 255 255 / 0.96383670 0.94396970
				0.99411040 -1.69067500 1.49744200 / 0.21852580 0.42306780 -0.87935220 / 255 0 255 255 / 0.03616330 0.94396970
				0.99411040 -1.69067500 1.49744200 / 0.21852580 0.42306780 -0.87935220 / 255 0 255 255 / 0.03616330 0.94396970
				0.99411040 -1.69067500 1.49744200 / 0.21852580 0.42306780 -0.87935220 / 255 0 255 255 / 0.03616330 0.94396970
				-0.58499110 -1.74682700 1.49744200 / 0.34585480 -0.36086410 -0.86611870 / 255 0 255 255 / 0.99949650 0.99949650
				-0.58499110 -1.74682700 1.49744200 / 0.34585480 -0.36086410 -0.86611870 / 255 0 255 255 / 0.99949650 0.99949650
				-0.58499110 -1.74682700 1.49744200 / 0.34585480 -0.36086410 -0.86611870 / 255 0 255 255 / 0.99949650 0.99949650
				-2.24905300 -1.74682700 1.50281300 / -0.00213360 -0.75035980 -0.66102620 / 255 0 255 255 / 0.00050350 0.99949650
				-2.23684600 -1.73266700 1.48670000 / -0.00132640 -0.46841260 -0.88350890 / 255 0 255 255 / 0.00726320 0.98527530
				-2.23684600 -1.73266700 1.48670000 / -0.00132640 -0.46841260 -0.88350890 / 255 0 255 255 / 0.00726320 0.98527530
				-2.23684600 -1.73266700 1.48670000 / -0.00132640 -0.46841260 -0.88350890 / 255 0 255 255 / 0.00726320 0.98527530
				-2.23684600 -1.73266700 1.48670000 / -0.00132640 -0.46841260 -0.88350890 / 255 0 255 255 / 0.00726320 0.98527530
				-2.23684600 -1.73266700 1.48670000 / -0.00132640 -0.46841260 -0.88350890 / 255 0 255 255 / 0.00726320 0.98527530
				-0.59719820 -1.73266700 1.48670000 / 0.27964890 -0.24301730 -0.92883750 / 255 0 255 255 / 0.99273680 0.98527530
				-0.59719820 -1.73266700 1.48670000 / 0.27964890 -0.24301730 -0.92883750 / 255 0 255 255 / 0.99273680 0.98527530
				-0.59719820 -1.73266700 1.48670000 / 0.27964890 -0.24301730 -0.92883750 / 255 0 255 255 / 0.99273680 0.98527530
				-0.59719820 -1.73266700 1.48670000 / 0.27964890 -0.24301730 -0.92883750 / 255 0 255 255 / 0.99273680 0.98527530
				-0.59719820 -1.73266700 1.48670000 / 0.27964890 -0.24301730 -0.92883750 / 255 0 255 255 / 0.99273680 0.98527530
				-0.59719820 -1.73266700 1.48670000 / 0.27964890 -0.24301730 -0.92883750 / 255 0 255 255 / 0.99273680 0.98527530
				-0.58499110 -0.90844820 1.49744200 / 0.33801940 0.35691640 -0.87083490 / 255 0 255 255 / 0.99949650 0.00050350
				-0.58499110 -0.90844820 1.49744200 / 0.33801940 0.35691640 -0.87083490 / 255 0 255 255 / 0.99949650 0.00050350
				-0.58499110 -0.90844820 1.49744200 / 0.33801940 0.35691640 -0.87083490 / 255 0 255 255 / 0.99949650 0.00050350
				-0.59719820 -0.92309700 1.48670000 / 0.27990560 0.23696800 -0.93032200 / 255 0 255 255 / 0.99273680 0.01472470
				-0.59719820 -0.92309700 1.48670000 / 0.27990560 0.23696800 -0.93032200 / 255 0 255 255 / 0.99273680 0.01472470
				-0.59719820 -0.92309700 1.48670000 / 0.27990560 0.23696800 -0.93032200 / 255 0 255 255 / 0.99273680 0.01472470
				-0.59719820 -0.92309700 1.48670000 / 0.27990560 0.23696800 -0.93032200 / 255 0 255 255 / 0.99273680 0.01472470
				-0.59719820 -0.92309700 1.48670000 / 0.27990560 0.23696800 -0.93032200 / 255 0 255 255 / 0.99273680 0.01472470
				-0.59719820 -0.92309700 1.48670000 / 0.27990560 0.23696800 -0.93032200 / 255 0 255 255 / 0.99273680 0.01472470
				-2.24905300 -0.90844820 1.50281300 / -0.00002710 0.73854660 -0.67420250 / 255 0 255 255 / 0.00050350 0.00050350
				-2.24905300 -0.90844820 1.50281300 / -0.00002710 0.73854660 -0.67420250 / 255 0 255 255 / 0.00050350 0.00050350
				-2.23684600 -0.92309700 1.48670000 / 0.00000000 0.46025250 -0.88778810 / 255 0 255 255 / 0.00726320 0.01472470
				-2.23684600 -0.92309700 1.48670000 / 0.00000000 0.46025250 -0.88778810 / 255 0 255 255 / 0.00726320 0.01472470
				-2.23684600 -0.92309700 1.48670000 / 0.00000000 0.46025250 -0.88778810 / 255 0 255 255 / 0.00726320 0.01472470
				-2.23684600 -0.92309700 1.48670000 / 0.00000000 0.46025250 -0.88778810 / 255 0 255 255 / 0.00726320 0.01472470
				-2.20413200 -1.70190600 1.48670000 / 0.08156650 0.06965430 -0.99423100 / 255 0 255 255 / 0.02471920 0.95492550
				-2.20413200 -1.70190600 1.48670000 / 0.08156650 0.06965430 -0.99423100 / 255 0 255 255 / 0.02471920 0.95492550
				-2.20413200 -1.70190600 1.48670000 / 0.08156650 0.06965430 -0.99423100 / 255 0 255 255 / 0.02471920 0.95492550
				-2.20413200 -1.70190600 1.48670000 / 0.08156650 0.06965430 -0.99423100 / 255 0 255 255 / 0.02471920 0.95492550
				-2.20413200 -1.70190600 1.48670000 / 0.08156650 0.06965430 -0.99423100 / 255 0 255 255 / 0.02471920 0.95492550
				-2.20413200 -1.70190600 1.48670000 / 0.08156650 0.06965430 -0.99423100 / 255 0 255 255 / 0.02471920 0.95492550
				-2.20413200 -0.95385920 1.48670000 / 0.08279690 -0.07004901 -0.99410150 / 255 0 255 255 / 0.02471920 0.04507450
				-2.20413200 -0.95385920 1.48670000 / 0.08279690 -0.07004901 -0.99410150 / 255 0 255 255 / 0.02471920 0.04507450
				-2.20413200 -0.95385920 1.48670000 / 0.08279690 -0.07004901 -0.99410150 / 255 0 255 255 / 0.02471920 0.04507450
				-2.20413200 -0.95385920 1.48670000 / 0.08279690 -0.07004901 -0.99410150 / 255 0 255 255 / 0.02471920 0.04507450
				-2.20413200 -0.95385920 1.48670000 / 0.08279690 -0.07004901 -0.99410150 / 255 0 255 255 / 0.02471920 0.04507450
				-2.20413200 -0.95385920 1.48670000 / 0.08279690 -0.07004901 -0.99410150 / 255 0 255 255 / 0.02471920 0.04507450
				-0.62991300 -0.95385920 1.48670000 / -0.08279580 -0.07004760 -0.99410170 / 255 0 255 255 / 0.97528080 0.04507450
				-0.62991300 -0.95385920 1.48670000 / -0.08279580 -0.07004760 -0.99410170 / 255 0 255 255 / 0.97528080 0.04507450
				-0.62991300 -0.95385920 1.48670000 / -0.08279580 -0.07004760 -0.99410170 / 255 0 255 255 / 0.97528080 0.04507450
				-0.62991300 -0.95385920 1.48670000 / -0.08279580 -0.07004760 -0.99410170 / 255 0 255 255 / 0.97528080 0.04507450
				-0.62991300 -0.95385920 1.48670000 / -0.08279580 -0.07004760 -0.99410170 / 255 0 255 255 / 0.97528080 0.04507450
				-0.62991300 -0.95385920 1.48670000 / -0.08279580 -0.07004760 -0.99410170 / 255 0 255 255 / 0.97528080 0.04507450
				-0.62991300 -1.70190600 1.48670000 / -0.08156550 0.06965230 -0.99423110 / 255 0 255 255 / 0.97528080 0.95492550
				-0.62991300 -1.70190600 1.48670000 / -0.08156550 0.06965230 -0.99423110 / 255 0 255 255 / 0.97528080 0.95492550
				-0.62991300 -1.70190600 1.48670000 / -0.08156550 0.06965230 -0.99423110 / 255 0 255 255 / 0.97528080 0.95492550
				-0.62991300 -1.70190600 1.48670000 / -0.08156550 0.06965230 -0.99423110 / 255 0 255 255 / 0.97528080 0.95492550
				-0.62991300 -1.70190600 1.48670000 / -0.08156550 0.06965230 -0.99423110 / 255 0 255 255 / 0.97528080 0.95492550
				-0.62991300 -1.70190600 1.48670000 / -0.08156550 0.06965230 -0.99423110 / 255 0 255 255 / 0.97528080 0.95492550
				-0.65139730 -0.96460120 1.49744200 / -0.21785890 -0.43698070 -0.87268870 / 255 0 255 255 / 0.96383670 0.05603030
				-0.65139730 -0.96460120 1.49744200 / -0.21785890 -0.43698070 -0.87268870 / 255 0 255 255 / 0.96383670 0.05603030
				-0.65139730 -0.96460120 1.49744200 / -0.21785890 -0.43698070 -0.87268870 / 255 0 255 255 / 0.96383670 0.05603030
				-2.18264800 -0.96460120 1.49744200 / 0.21786400 -0.43697940 -0.87268800 / 255 0 255 255 / 0.03616330 0.05603030
				-2.18264800 -0.96460120 1.49744200 / 0.21786400 -0.43697940 -0.87268800 / 255 0 255 255 / 0.03616330 0.05603030
				-2.18264800 -0.96460120 1.49744200 / 0.21786400 -0.43697940 -0.87268800 / 255 0 255 255 / 0.03616330 0.05603030
				-0.65139730 -1.69067500 1.49744200 / -0.21852580 0.42306790 -0.87935210 / 255 0 255 255 / 0.96383670 0.94396970
				-0.65139730 -1.69067500 1.49744200 / -0.21852580 0.42306790 -0.87935210 / 255 0 255 255 / 0.96383670 0.94396970
				-0.65139730 -1.69067500 1.49744200 / -0.21852580 0.42306790 -0.87935210 / 255 0 255 255 / 0.96383670 0.94396970
				-2.18264800 -1.69067500 1.49744200 / 0.21853110 0.42306630 -0.87935150 / 255 0 255 255 / 0.03616330 0.94396970
				-2.18264800 -1.69067500 1.49744200 / 0.21853110 0.42306630 -0.87935150 / 255 0 255 255 / 0.03616330 0.94396970
				-2.18264800 -1.69067500 1.49744200 / 0.21853110 0.42306630 -0.87935150 / 255 0 255 255 / 0.03616330 0.94396970
			}
		}
		Geometry
		{
			ShaderIndex 7
			Flags -
			VertexDeclaration N209731BE
			Indices 48
			{
				24 26 27 28 29 25 30 32 33 34 35 31 36 38 39
				40 41 37 42 44 45 46 47 43 0 3 2 4 1 5
				6 9 8 10 7 11 12 15 14 16 13 17 18 21 20
				22 19 23
			}
			Vertices 48
			{
				-2.18264800 0.96460100 1.49744200 / 0.00000000 0.00000000 -0.99999980 / 255 0 255 255 / 0.00050350 0.00050350
				-2.18264800 0.96460100 1.49744200 / 0.00000000 0.00000000 -0.99999980 / 255 0 255 255 / 0.00050350 0.00050350
				-0.65139730 0.96460100 1.49744200 / 0.00000000 0.00000000 -1.00000000 / 255 0 255 255 / 0.99949650 0.00050350
				-0.65139730 1.69067500 1.49744200 / 0.00000000 0.00000000 -0.99999980 / 255 0 255 255 / 0.99949650 0.99949650
				-0.65139730 1.69067500 1.49744200 / 0.00000000 0.00000000 -0.99999980 / 255 0 255 255 / 0.99949650 0.99949650
				-2.18264800 1.69067500 1.49744200 / 0.00000000 0.00000000 -1.00000000 / 255 0 255 255 / 0.00050350 0.99949650
				0.99411040 0.96460100 1.49744200 / 0.00000000 0.00000000 -1.00000000 / 255 0 255 255 / 0.00050350 0.00050350
				0.99411040 0.96460100 1.49744200 / 0.00000000 0.00000000 -1.00000000 / 255 0 255 255 / 0.00050350 0.00050350
				2.52536100 0.96460100 1.49744200 / 0.00000000 0.00000000 -1.00000000 / 255 0 255 255 / 0.99949650 0.00050350
				2.52536100 1.69067500 1.49744200 / 0.00000000 0.00000000 -1.00000000 / 255 0 255 255 / 0.99949650 0.99949650
				2.52536100 1.69067500 1.49744200 / 0.00000000 0.00000000 -1.00000000 / 255 0 255 255 / 0.99949650 0.99949650
				0.99411040 1.69067500 1.49744200 / 0.00000000 0.00000000 -1.00000000 / 255 0 255 255 / 0.00050350 0.99949650
				-2.18264800 3.25512800 1.49744200 / 0.00000000 0.00000000 -1.00000000 / 255 0 255 255 / 0.00050350 0.00050350
				-2.18264800 3.25512800 1.49744200 / 0.00000000 0.00000000 -1.00000000 / 255 0 255 255 / 0.00050350 0.00050350
				-0.65139730 3.25512800 1.49744200 / 0.00000000 0.00000000 -1.00000000 / 255 0 255 255 / 0.99949650 0.00050350
				-0.65139730 3.98120200 1.49744200 / 0.00000000 0.00000000 -1.00000000 / 255 0 255 255 / 0.99949650 0.99949650
				-0.65139730 3.98120200 1.49744200 / 0.00000000 0.00000000 -1.00000000 / 255 0 255 255 / 0.99949650 0.99949650
				-2.18264800 3.98120200 1.49744200 / 0.00000000 0.00000000 -1.00000000 / 255 0 255 255 / 0.00050350 0.99949650
				0.99411040 3.25512800 1.49744200 / 0.00000000 0.00000000 -1.00000000 / 255 0 255 255 / 0.00050350 0.00050350
				0.99411040 3.25512800 1.49744200 / 0.00000000 0.00000000 -1.00000000 / 255 0 255 255 / 0.00050350 0.00050350
				2.52536100 3.25512800 1.49744200 / 0.00000000 0.00000000 -1.00000000 / 255 0 255 255 / 0.99949650 0.00050350
				2.52536100 3.98120200 1.49744200 / 0.00000000 0.00000000 -1.00000000 / 255 0 255 255 / 0.99949650 0.99949650
				2.52536100 3.98120200 1.49744200 / 0.00000000 0.00000000 -1.00000000 / 255 0 255 255 / 0.99949650 0.99949650
				0.99411040 3.98120200 1.49744200 / 0.00000000 0.00000000 -1.00000000 / 255 0 255 255 / 0.00050350 0.99949650
				-2.18264800 -0.96460120 1.49744200 / 0.00000000 0.00000000 -1.00000000 / 255 0 255 255 / 0.00050350 0.00050350
				-2.18264800 -0.96460120 1.49744200 / 0.00000000 0.00000000 -1.00000000 / 255 0 255 255 / 0.00050350 0.00050350
				-0.65139730 -0.96460120 1.49744200 / 0.00000000 0.00000000 -1.00000000 / 255 0 255 255 / 0.99949650 0.00050350
				-0.65139730 -1.69067500 1.49744200 / 0.00000000 0.00000000 -1.00000000 / 255 0 255 255 / 0.99949650 0.99949650
				-0.65139730 -1.69067500 1.49744200 / 0.00000000 0.00000000 -1.00000000 / 255 0 255 255 / 0.99949650 0.99949650
				-2.18264800 -1.69067500 1.49744200 / 0.00000000 0.00000000 -1.00000000 / 255 0 255 255 / 0.00050350 0.99949650
				0.99411040 -0.96460120 1.49744200 / 0.00000000 0.00000000 -1.00000000 / 255 0 255 255 / 0.00050350 0.00050350
				0.99411040 -0.96460120 1.49744200 / 0.00000000 0.00000000 -1.00000000 / 255 0 255 255 / 0.00050350 0.00050350
				2.52536100 -0.96460120 1.49744200 / 0.00000000 0.00000000 -1.00000000 / 255 0 255 255 / 0.99949650 0.00050350
				2.52536100 -1.69067500 1.49744200 / 0.00000000 0.00000000 -1.00000000 / 255 0 255 255 / 0.99949650 0.99949650
				2.52536100 -1.69067500 1.49744200 / 0.00000000 0.00000000 -1.00000000 / 255 0 255 255 / 0.99949650 0.99949650
				0.99411040 -1.69067500 1.49744200 / 0.00000000 0.00000000 -1.00000000 / 255 0 255 255 / 0.00050350 0.99949650
				-2.18264800 -3.25512800 1.49744200 / 0.00000000 0.00000000 -1.00000000 / 255 0 255 255 / 0.00050350 0.00050350
				-2.18264800 -3.25512800 1.49744200 / 0.00000000 0.00000000 -1.00000000 / 255 0 255 255 / 0.00050350 0.00050350
				-0.65139730 -3.25512800 1.49744200 / 0.00000000 0.00000000 -1.00000000 / 255 0 255 255 / 0.99949650 0.00050350
				-0.65139730 -3.98120200 1.49744200 / 0.00000000 0.00000000 -1.00000000 / 255 0 255 255 / 0.99949650 0.99949650
				-0.65139730 -3.98120200 1.49744200 / 0.00000000 0.00000000 -1.00000000 / 255 0 255 255 / 0.99949650 0.99949650
				-2.18264800 -3.98120200 1.49744200 / 0.00000000 0.00000000 -1.00000000 / 255 0 255 255 / 0.00050350 0.99949650
				0.99411040 -3.25512800 1.49744200 / 0.00000000 0.00000000 -1.00000000 / 255 0 255 255 / 0.00050350 0.00050350
				0.99411040 -3.25512800 1.49744200 / 0.00000000 0.00000000 -1.00000000 / 255 0 255 255 / 0.00050350 0.00050350
				2.52536100 -3.25512800 1.49744200 / 0.00000000 0.00000000 -1.00000000 / 255 0 255 255 / 0.99949650 0.00050350
				2.52536100 -3.98120200 1.49744200 / 0.00000000 0.00000000 -1.00000000 / 255 0 255 255 / 0.99949650 0.99949650
				2.52536100 -3.98120200 1.49744200 / 0.00000000 0.00000000 -1.00000000 / 255 0 255 255 / 0.99949650 0.99949650
				0.99411040 -3.98120200 1.49744200 / 0.00000000 0.00000000 -1.00000000 / 255 0 255 255 / 0.00050350 0.99949650
			}
		}
		Geometry
		{
			ShaderIndex 8
			Flags -
			VertexDeclaration N209731BE
			Indices 360
			{
				0 2 3 4 5 1 6 8 9 10 11 7 12 14 15
				16 17 13 18 20 21 22 23 19 24 26 27 28 29 25
				30 32 33 34 35 31 36 38 39 40 41 37 42 44 45
				46 47 43 48 50 51 52 53 49 54 56 57 58 59 55
				60 62 63 64 65 61 66 68 69 70 71 67 72 74 75
				76 78 73 79 77 81 82 83 80 84 86 87 88 90 85
				91 89 93 94 95 92 96 98 99 100 102 97 103 101 105
				106 107 104 108 110 111 112 114 109 115 113 117 118 119 116
				120 122 123 124 126 121 127 125 129 130 131 128 132 134 135
				136 138 133 139 137 141 142 145 140 147 146 143 144 150 148
				153 149 151 152 156 154 159 155 157 158 161 160 162 165 166
				167 168 163 171 164 169 170 175 172 173 176 177 178 181 174
				183 182 179 180 185 184 186 189 190 191 192 187 195 188 193
				194 198 196 201 197 199 200 203 202 204 208 209 210 211 205
				206 212 213 214 220 207 225 221 215 228 222 226 216 230 227
				223 229 232 231 217 236 233 238 224 240 237 218 244 239 234
				219 249 241 235 251 245 242 250 253 257 246 252 254 259 243
				247 258 261 260 255 262 263 256 248 264 268 269 270 271 265
				266 272 273 274 275 267 276 280 281 282 283 277 278 284 285
				286 287 279 288 293 295 297 289 296 301 294 290 298 306 291
				302 292 307 299 310 308 313 311 300 303 309 317 314 321 312
				304 318 325 326 328 305 329 327 319 330 320 332 331 333 335
				336 334 339 315 343 322 344 316 346 347 323 345 348 340 324
				337 341 351 349 352 342 338 353 356 350 358 354 355 359 357
			}
			Vertices 360
			{
				-1.19021100 -2.53647200 -1.50610100 / 0.00000000 1.00000000 0.00000000 / 255 0 255 255 / 0.87106310 0.81153870
				-1.19021100 -2.53647200 -1.50610100 / 0.00000000 1.00000000 0.00000000 / 255 0 255 255 / 0.87106310 0.81153870
				-1.88942900 -2.53647200 -1.50610100 / 0.00000000 1.00000000 0.00000000 / 255 0 255 255 / 1.25825500 0.81153870
				-1.88942900 -2.53647200 -0.65356280 / 0.00000000 1.00000000 0.00000000 / 255 0 255 255 / 1.25825500 -0.14463810
				-1.88942900 -2.53647200 -0.65356280 / 0.00000000 1.00000000 0.00000000 / 255 0 255 255 / 1.25825500 -0.14463810
				-1.19021100 -2.53647200 -0.65356280 / 0.00000000 1.00000000 0.00000000 / 255 0 255 255 / 0.87106310 -0.14463810
				-1.88942900 -4.76401000 -1.50610100 / 0.00000000 -1.00000000 0.00000000 / 255 0 255 255 / 0.16185000 0.81153870
				-1.88942900 -4.76401000 -1.50610100 / 0.00000000 -1.00000000 0.00000000 / 255 0 255 255 / 0.16185000 0.81153870
				-1.19021100 -4.76401000 -1.50610100 / 0.00000000 -1.00000000 0.00000000 / 255 0 255 255 / 0.54904170 0.81153870
				-1.19021100 -4.76401000 -0.65356280 / 0.00000000 -1.00000000 0.00000000 / 255 0 255 255 / 0.54904170 -0.14463810
				-1.19021100 -4.76401000 -0.65356280 / 0.00000000 -1.00000000 0.00000000 / 255 0 255 255 / 0.54904170 -0.14463810
				-1.88942900 -4.76401000 -0.65356280 / 0.00000000 -1.00000000 0.00000000 / 255 0 255 255 / 0.16185000 -0.14463810
				-1.19021100 -2.53647200 -1.50610100 / 1.00000000 0.00000000 0.00000000 / 255 0 255 255 / 1.50116000 0.81153870
				-1.19021100 -2.53647200 -1.50610100 / 1.00000000 0.00000000 0.00000000 / 255 0 255 255 / 1.50116000 0.81153870
				-1.19021100 -2.53647200 -0.65356280 / 0.99999980 0.00000000 0.00000000 / 255 0 255 255 / 1.50116000 -0.14463810
				-1.19021100 -2.57651100 -0.68139480 / 1.00000000 0.00000000 0.00000000 / 255 0 255 255 / 1.47416700 -0.11245730
				-1.19021100 -2.57651100 -0.68139480 / 1.00000000 0.00000000 0.00000000 / 255 0 255 255 / 1.47416700 -0.11245730
				-1.19021100 -2.57651100 -1.50610100 / 1.00000000 0.00000000 0.00000000 / 255 0 255 255 / 1.47416700 0.81153870
				-1.19021100 -4.76401000 -0.65356280 / 1.00000000 0.00000000 0.00000000 / 255 0 255 255 / -0.08103940 -0.14463810
				-1.19021100 -4.76401000 -0.65356280 / 1.00000000 0.00000000 0.00000000 / 255 0 255 255 / -0.08103940 -0.14463810
				-1.19021100 -4.76401000 -1.50610100 / 1.00000000 0.00000000 0.00000000 / 255 0 255 255 / -0.08103940 0.81153870
				-1.19021100 -4.72397100 -1.50610100 / 1.00000000 0.00000000 0.00000000 / 255 0 255 255 / -0.05404660 0.81153870
				-1.19021100 -4.72397100 -1.50610100 / 1.00000000 0.00000000 0.00000000 / 255 0 255 255 / -0.05404660 0.81153870
				-1.19021100 -4.72397100 -0.68139480 / 1.00000000 0.00000000 0.00000000 / 255 0 255 255 / -0.05404660 -0.11245730
				-1.19021100 -2.57651100 -1.50610100 / 0.00000000 -1.00000000 0.00000000 / 255 0 255 255 / 0.54904170 0.81153870
				-1.19021100 -2.57651100 -1.50610100 / 0.00000000 -1.00000000 0.00000000 / 255 0 255 255 / 0.54904170 0.81153870
				-1.19021100 -2.57651100 -0.68139480 / 0.00000000 -1.00000000 0.00000000 / 255 0 255 255 / 0.54904170 -0.11245730
				-1.83669500 -2.57651100 -0.68139480 / 0.00000000 -1.00000000 0.00000000 / 255 0 255 255 / 0.19099430 -0.11245730
				-1.83669500 -2.57651100 -0.68139480 / 0.00000000 -1.00000000 0.00000000 / 255 0 255 255 / 0.19099430 -0.11245730
				-1.83669500 -2.57651100 -1.50610100 / 0.00000000 -1.00000000 0.00000000 / 255 0 255 255 / 0.19099430 0.81153870
				-1.19021100 -4.72397100 -0.68139480 / 0.00000000 1.00000000 0.00000000 / 255 0 255 255 / 0.87106310 -0.11245730
				-1.19021100 -4.72397100 -0.68139480 / 0.00000000 1.00000000 0.00000000 / 255 0 255 255 / 0.87106310 -0.11245730
				-1.19021100 -4.72397100 -1.50610100 / 0.00000000 1.00000000 0.00000000 / 255 0 255 255 / 0.87106310 0.81153870
				-1.83669500 -4.72397100 -1.50610100 / 0.00000000 1.00000000 0.00000000 / 255 0 255 255 / 1.22912600 0.81153870
				-1.83669500 -4.72397100 -1.50610100 / 0.00000000 1.00000000 0.00000000 / 255 0 255 255 / 1.22912600 0.81153870
				-1.83669500 -4.72397100 -0.68139480 / 0.00000000 1.00000000 0.00000000 / 255 0 255 255 / 1.22912600 -0.11245730
				-1.19021100 -4.74350300 -1.50610100 / 0.00000000 -0.99999980 0.00000000 / 255 0 255 255 / 0.54904170 0.81153870
				-1.19021100 -4.74350300 -1.50610100 / 0.00000000 -0.99999980 0.00000000 / 255 0 255 255 / 0.54904170 0.81153870
				-1.85915600 -4.74350300 -1.50610100 / 0.00000000 -1.00000000 0.00000000 / 255 0 255 255 / 0.17866520 0.81153870
				-1.85915600 -4.74350300 -1.62035900 / 0.00000000 -0.99999980 0.00000000 / 255 0 255 255 / 0.17866520 0.70735170
				-1.85915600 -4.74350300 -1.62035900 / 0.00000000 -0.99999980 0.00000000 / 255 0 255 255 / 0.17866520 0.70735170
				-1.19021100 -4.74350300 -1.62035900 / 0.00000000 -1.00000000 0.00000000 / 255 0 255 255 / 0.54904170 0.70735170
				-1.85915600 -2.55698000 -1.50610100 / 0.00000000 0.99999980 0.00000000 / 255 0 255 255 / 1.24144000 0.81153870
				-1.85915600 -2.55698000 -1.50610100 / 0.00000000 0.99999980 0.00000000 / 255 0 255 255 / 1.24144000 0.81153870
				-1.19021100 -2.55698000 -1.50610100 / 0.00000000 1.00000000 0.00000000 / 255 0 255 255 / 0.87106310 0.81153870
				-1.19021100 -2.55698000 -1.62035900 / 0.00000000 0.99999980 0.00000000 / 255 0 255 255 / 0.87106310 0.70735170
				-1.19021100 -2.55698000 -1.62035900 / 0.00000000 0.99999980 0.00000000 / 255 0 255 255 / 0.87106310 0.70735170
				-1.85915600 -2.55698000 -1.62035900 / 0.00000000 1.00000000 0.00000000 / 255 0 255 255 / 1.24144000 0.70735170
				-1.19021100 -4.74350300 -1.50610100 / 0.99999980 0.00000000 0.00000000 / 255 0 255 255 / 0.54904170 0.81153870
				-1.19021100 -4.74350300 -1.50610100 / 0.99999980 0.00000000 0.00000000 / 255 0 255 255 / 0.54904170 0.81153870
				-1.19021100 -4.74350300 -1.62035900 / 1.00000000 0.00000000 0.00000000 / 255 0 255 255 / 0.54904170 0.70735170
				-1.19021100 -4.72397100 -1.62035900 / 0.99999980 0.00000000 0.00000000 / 255 0 255 255 / 0.54904170 0.70735170
				-1.19021100 -4.72397100 -1.62035900 / 0.99999980 0.00000000 0.00000000 / 255 0 255 255 / 0.54904170 0.70735170
				-1.19021100 -4.72397100 -1.50610100 / 1.00000000 0.00000000 0.00000000 / 255 0 255 255 / 0.54904170 0.81153870
				-1.19021100 -2.55698000 -1.62035900 / 1.00000000 0.00000000 0.00000000 / 255 0 255 255 / 0.87106310 0.70735170
				-1.19021100 -2.55698000 -1.62035900 / 1.00000000 0.00000000 0.00000000 / 255 0 255 255 / 0.87106310 0.70735170
				-1.19021100 -2.55698000 -1.50610100 / 1.00000000 0.00000000 0.00000000 / 255 0 255 255 / 0.87106310 0.81153870
				-1.19021100 -2.57651100 -1.50610100 / 1.00000000 0.00000000 0.00000000 / 255 0 255 255 / 0.87106310 0.81153870
				-1.19021100 -2.57651100 -1.50610100 / 1.00000000 0.00000000 0.00000000 / 255 0 255 255 / 0.87106310 0.81153870
				-1.19021100 -2.57651100 -1.62035900 / 1.00000000 0.00000000 0.00000000 / 255 0 255 255 / 0.87106310 0.70735170
				-1.19021100 -2.57651100 -1.62035900 / 0.00000000 -1.00000000 0.00000000 / 255 0 255 255 / 0.79463200 0.58618170
				-1.19021100 -2.57651100 -1.62035900 / 0.00000000 -1.00000000 0.00000000 / 255 0 255 255 / 0.79463200 0.58618170
				-1.19021100 -2.57651100 -1.50610100 / 0.00000000 -1.00000000 0.00000000 / 255 0 255 255 / 0.79463200 0.41381830
				-1.83669500 -2.57651100 -1.50610100 / 0.00000000 -1.00000000 0.00000000 / 255 0 255 255 / 0.20536800 0.41381830
				-1.83669500 -2.57651100 -1.50610100 / 0.00000000 -1.00000000 0.00000000 / 255 0 255 255 / 0.20536800 0.41381830
				-1.83669500 -2.57651100 -1.62035900 / 0.00000000 -1.00000000 0.00000000 / 255 0 255 255 / 0.20536800 0.58618170
				-1.83669500 -4.72397100 -1.62035900 / 0.00000000 1.00000000 0.00000000 / 255 0 255 255 / 0.79463200 0.58618170
				-1.83669500 -4.72397100 -1.62035900 / 0.00000000 1.00000000 0.00000000 / 255 0 255 255 / 0.79463200 0.58618170
				-1.83669500 -4.72397100 -1.50610100 / 0.00000000 1.00000000 0.00000000 / 255 0 255 255 / 0.79463200 0.41381830
				-1.19021100 -4.72397100 -1.50610100 / 0.00000000 1.00000000 0.00000000 / 255 0 255 255 / 0.20538330 0.41381830
				-1.19021100 -4.72397100 -1.50610100 / 0.00000000 1.00000000 0.00000000 / 255 0 255 255 / 0.20538330 0.41381830
				-1.19021100 -4.72397100 -1.62035900 / 0.00000000 1.00000000 0.00000000 / 255 0 255 255 / 0.20538330 0.58618170
				-1.88942900 -4.76401000 -1.50610100 / -1.00000000 0.00000000 0.00000000 / 255 0 255 255 / 1.50116000 0.81153870
				-1.88942900 -4.76401000 -1.50610100 / -1.00000000 0.00000000 0.00000000 / 255 0 255 255 / 1.50116000 0.81153870
				-1.88942900 -4.76401000 -0.65356280 / -1.00000000 0.00000000 0.00000000 / 255 0 255 255 / 1.50116000 -0.14463810
				-1.88942900 -3.65024200 -0.65356280 / -1.00000000 0.00000000 0.00000000 / 255 0 255 255 / 0.71005250 -0.14463810
				-1.88942900 -3.65024200 -0.65356280 / -1.00000000 0.00000000 0.00000000 / 255 0 255 255 / 0.71005250 -0.14463810
				-1.88942900 -3.65024200 -0.65356280 / -1.00000000 0.00000000 0.00000000 / 255 0 255 255 / 0.71005250 -0.14463810
				-1.88942900 -3.65024200 -1.50610100 / -1.00000000 0.00000000 0.00000000 / 255 0 255 255 / 0.71005250 0.81153870
				-1.88942900 -3.65024200 -1.50610100 / -1.00000000 0.00000000 0.00000000 / 255 0 255 255 / 0.71005250 0.81153870
				-1.88942900 -3.65024200 -1.50610100 / -1.00000000 0.00000000 0.00000000 / 255 0 255 255 / 0.71005250 0.81153870
				-1.88942900 -2.53647200 -0.65356280 / -1.00000000 0.00000000 0.00000000 / 255 0 255 255 / -0.08103940 -0.14463810
				-1.88942900 -2.53647200 -0.65356280 / -1.00000000 0.00000000 0.00000000 / 255 0 255 255 / -0.08103940 -0.14463810
				-1.88942900 -2.53647200 -1.50610100 / -1.00000000 0.00000000 0.00000000 / 255 0 255 255 / -0.08103940 0.81153870
				-1.92849200 -4.79037900 -0.65014480 / -1.00000000 0.00000000 0.00000000 / 255 0 255 255 / 1.65750100 1.29119900
				-1.92849200 -4.79037900 -0.65014480 / -1.00000000 0.00000000 0.00000000 / 255 0 255 255 / 1.65750100 1.29119900
				-1.92849200 -4.79037900 -0.62866040 / -1.00000000 0.00000000 0.00000000 / 255 0 255 255 / 1.65301500 1.24774200
				-1.92849200 -3.65024200 -0.62866040 / -0.99999980 0.00000000 0.00000000 / 255 0 255 255 / 0.76480100 1.24774200
				-1.92849200 -3.65024200 -0.62866040 / -0.99999980 0.00000000 0.00000000 / 255 0 255 255 / 0.76480100 1.24774200
				-1.92849200 -3.65024200 -0.62866040 / -0.99999980 0.00000000 0.00000000 / 255 0 255 255 / 0.76480100 1.24774200
				-1.92849200 -3.65024200 -0.65014480 / -0.99999980 0.00000000 0.00000000 / 255 0 255 255 / 0.76626590 1.29119900
				-1.92849200 -3.65024200 -0.65014480 / -0.99999980 0.00000000 0.00000000 / 255 0 255 255 / 0.76626590 1.29119900
				-1.92849200 -3.65024200 -0.65014480 / -0.99999980 0.00000000 0.00000000 / 255 0 255 255 / 0.76626590 1.29119900
				-1.92849200 -2.51010500 -0.62866040 / -1.00000000 0.00000000 0.00000000 / 255 0 255 255 / -0.12341310 1.24774200
				-1.92849200 -2.51010500 -0.62866040 / -1.00000000 0.00000000 0.00000000 / 255 0 255 255 / -0.12341310 1.24774200
				-1.92849200 -2.51010500 -0.65014480 / -1.00000000 0.00000000 0.00000000 / 255 0 255 255 / -0.12498470 1.29119900
				-1.19021100 -4.72397100 -0.68139480 / 0.00000000 0.00000000 -1.00000000 / 255 0 255 255 / 1.47416700 0.68888860
				-1.19021100 -4.72397100 -0.68139480 / 0.00000000 0.00000000 -1.00000000 / 255 0 255 255 / 1.47416700 0.68888860
				-1.83669500 -4.72397100 -0.68139480 / 0.00000000 0.00000000 -1.00000000 / 255 0 255 255 / 1.47416700 0.05320740
				-1.83669500 -3.65024200 -0.68139480 / 0.00000000 0.00000000 -1.00000000 / 255 0 255 255 / 0.71005250 0.05320740
				-1.83669500 -3.65024200 -0.68139480 / 0.00000000 0.00000000 -1.00000000 / 255 0 255 255 / 0.71005250 0.05320740
				-1.83669500 -3.65024200 -0.68139480 / 0.00000000 0.00000000 -1.00000000 / 255 0 255 255 / 0.71005250 0.05320740
				-1.19021100 -3.65024200 -0.68139480 / 0.00000000 0.00000000 -1.00000000 / 255 0 255 255 / 0.71005250 0.68888860
				-1.19021100 -3.65024200 -0.68139480 / 0.00000000 0.00000000 -1.00000000 / 255 0 255 255 / 0.71005250 0.68888860
				-1.19021100 -3.65024200 -0.68139480 / 0.00000000 0.00000000 -1.00000000 / 255 0 255 255 / 0.71005250 0.68888860
				-1.83669500 -2.57651100 -0.68139480 / 0.00000000 0.00000000 -1.00000000 / 255 0 255 255 / -0.05404660 0.05320740
				-1.83669500 -2.57651100 -0.68139480 / 0.00000000 0.00000000 -1.00000000 / 255 0 255 255 / -0.05404660 0.05320740
				-1.19021100 -2.57651100 -0.68139480 / 0.00000000 0.00000000 -1.00000000 / 255 0 255 255 / -0.05404660 0.68888860
				-1.83669500 -4.72397100 -0.68139480 / 0.99999980 0.00000000 0.00000000 / 255 0 255 255 / -0.05404660 -0.11245730
				-1.83669500 -4.72397100 -0.68139480 / 0.99999980 0.00000000 0.00000000 / 255 0 255 255 / -0.05404660 -0.11245730
				-1.83669500 -4.72397100 -1.50610100 / 1.00000000 0.00000000 0.00000000 / 255 0 255 255 / -0.05404660 0.81153870
				-1.83669500 -3.65024200 -1.50610100 / 0.99999980 0.00000000 0.00000000 / 255 0 255 255 / 0.71005250 0.81153870
				-1.83669500 -3.65024200 -1.50610100 / 0.99999980 0.00000000 0.00000000 / 255 0 255 255 / 0.71005250 0.81153870
				-1.83669500 -3.65024200 -1.50610100 / 0.99999980 0.00000000 0.00000000 / 255 0 255 255 / 0.71005250 0.81153870
				-1.83669500 -3.65024200 -0.68139480 / 1.00000000 0.00000000 0.00000000 / 255 0 255 255 / 0.71005250 -0.11245730
				-1.83669500 -3.65024200 -0.68139480 / 1.00000000 0.00000000 0.00000000 / 255 0 255 255 / 0.71005250 -0.11245730
				-1.83669500 -3.65024200 -0.68139480 / 1.00000000 0.00000000 0.00000000 / 255 0 255 255 / 0.71005250 -0.11245730
				-1.83669500 -2.57651100 -1.50610100 / 1.00000000 0.00000000 0.00000000 / 255 0 255 255 / 1.47416700 0.81153870
				-1.83669500 -2.57651100 -1.50610100 / 1.00000000 0.00000000 0.00000000 / 255 0 255 255 / 1.47416700 0.81153870
				-1.83669500 -2.57651100 -0.68139480 / 1.00000000 0.00000000 0.00000000 / 255 0 255 255 / 1.47416700 -0.11245730
				-1.85915600 -2.55698000 -1.50610100 / -1.00000000 0.00000000 0.00000000 / 255 0 255 255 / -0.06709290 0.81153870
				-1.85915600 -2.55698000 -1.50610100 / -1.00000000 0.00000000 0.00000000 / 255 0 255 255 / -0.06709290 0.81153870
				-1.85915600 -2.55698000 -1.62035900 / -1.00000000 0.00000000 0.00000000 / 255 0 255 255 / -0.06709290 0.70735170
				-1.85915600 -3.65024200 -1.62035900 / -1.00000000 0.00000000 0.00000000 / 255 0 255 255 / 0.71005250 0.70735170
				-1.85915600 -3.65024200 -1.62035900 / -1.00000000 0.00000000 0.00000000 / 255 0 255 255 / 0.71005250 0.70735170
				-1.85915600 -3.65024200 -1.62035900 / -1.00000000 0.00000000 0.00000000 / 255 0 255 255 / 0.71005250 0.70735170
				-1.85915600 -3.65024200 -1.50610100 / -1.00000000 0.00000000 0.00000000 / 255 0 255 255 / 0.71005250 0.81153870
				-1.85915600 -3.65024200 -1.50610100 / -1.00000000 0.00000000 0.00000000 / 255 0 255 255 / 0.71005250 0.81153870
				-1.85915600 -3.65024200 -1.50610100 / -1.00000000 0.00000000 0.00000000 / 255 0 255 255 / 0.71005250 0.81153870
				-1.85915600 -4.74350300 -1.62035900 / -1.00000000 0.00000000 0.00000000 / 255 0 255 255 / 1.48719800 0.70735170
				-1.85915600 -4.74350300 -1.62035900 / -1.00000000 0.00000000 0.00000000 / 255 0 255 255 / 1.48719800 0.70735170
				-1.85915600 -4.74350300 -1.50610100 / -1.00000000 0.00000000 0.00000000 / 255 0 255 255 / 1.48719800 0.81153870
				-1.17751500 -4.79037900 -0.62866040 / 1.00000000 0.00000000 0.00000000 / 255 0 255 255 / 1.65301500 0.13290410
				-1.17751500 -4.79037900 -0.62866040 / 1.00000000 0.00000000 0.00000000 / 255 0 255 255 / 1.65301500 0.13290410
				-1.17751500 -4.79037900 -0.65014480 / 1.00000000 0.00000000 0.00000000 / 255 0 255 255 / 1.64740000 0.08946230
				-1.17751500 -3.65024200 -0.65014480 / 0.99999980 0.00000000 0.00000000 / 255 0 255 255 / 0.76142880 0.08946230
				-1.17751500 -3.65024200 -0.65014480 / 0.99999980 0.00000000 0.00000000 / 255 0 255 255 / 0.76142880 0.08946230
				-1.17751500 -3.65024200 -0.65014480 / 0.99999980 0.00000000 0.00000000 / 255 0 255 255 / 0.76142880 0.08946230
				-1.17751500 -3.65024200 -0.62866040 / 0.99999980 0.00000000 0.00000000 / 255 0 255 255 / 0.76480100 0.13290410
				-1.17751500 -3.65024200 -0.62866040 / 0.99999980 0.00000000 0.00000000 / 255 0 255 255 / 0.76480100 0.13290410
				-1.17751500 -3.65024200 -0.62866040 / 0.99999980 0.00000000 0.00000000 / 255 0 255 255 / 0.76480100 0.13290410
				-1.17751500 -2.51010500 -0.65014480 / 0.92387780 0.38268760 0.00000000 / 255 0 255 255 / -0.12454220 0.08946230
				-1.17751500 -2.51010500 -0.65014480 / 0.92387780 0.38268760 0.00000000 / 255 0 255 255 / -0.12454220 0.08946230
				-1.17751500 -2.51010500 -0.65014480 / 0.92387780 0.38268760 0.00000000 / 255 0 255 255 / -0.12454220 0.08946230
				-1.17751500 -2.51010500 -0.65014480 / 0.92387780 0.38268760 0.00000000 / 255 0 255 255 / -0.12454220 0.08946230
				-1.17751500 -2.51010500 -0.62866040 / 0.92387780 0.38268770 0.00000000 / 255 0 255 255 / -0.12341310 0.13290410
				-1.17751500 -2.51010500 -0.62866040 / 0.92387780 0.38268770 0.00000000 / 255 0 255 255 / -0.12341310 0.13290410
				-1.19265200 -2.49496800 -0.62866040 / 0.38267920 0.92388120 0.00000000 / 255 0 255 255 / -0.13052370 0.15518190
				-1.19265200 -2.49496800 -0.62866040 / 0.38267920 0.92388120 0.00000000 / 255 0 255 255 / -0.13052370 0.15518190
				-1.19265200 -2.49496800 -0.62866040 / 0.38267920 0.92388120 0.00000000 / 255 0 255 255 / -0.13052370 0.15518190
				-1.19265200 -2.49496800 -0.65014480 / 0.38267940 0.92388120 0.00000000 / 255 0 255 255 / -0.17947390 0.15197750
				-1.19265200 -2.49496800 -0.65014480 / 0.38267940 0.92388120 0.00000000 / 255 0 255 255 / -0.17947390 0.15197750
				-1.19265200 -2.49496800 -0.65014480 / 0.38267940 0.92388120 0.00000000 / 255 0 255 255 / -0.17947390 0.15197750
				-1.91335500 -2.49496800 -0.62866040 / -0.38268120 0.92388050 0.00000000 / 255 0 255 255 / -0.13052370 1.22546400
				-1.91335500 -2.49496800 -0.62866040 / -0.38268120 0.92388050 0.00000000 / 255 0 255 255 / -0.13052370 1.22546400
				-1.91335500 -2.49496800 -0.62866040 / -0.38268120 0.92388050 0.00000000 / 255 0 255 255 / -0.13052370 1.22546400
				-1.91335500 -2.49496800 -0.65014480 / -0.38268100 0.92388050 0.00000000 / 255 0 255 255 / -0.17947390 1.23580900
				-1.91335500 -2.49496800 -0.65014480 / -0.38268100 0.92388050 0.00000000 / 255 0 255 255 / -0.17947390 1.23580900
				-1.91335500 -2.49496800 -0.65014480 / -0.38268100 0.92388050 0.00000000 / 255 0 255 255 / -0.17947390 1.23580900
				-1.92849200 -2.51010500 -0.62866040 / -0.70710310 0.70711050 0.00000000 / 255 0 255 255 / -0.12341310 1.24774200
				-1.92849200 -2.51010500 -0.62866040 / -0.70710310 0.70711050 0.00000000 / 255 0 255 255 / -0.12341310 1.24774200
				-1.92849200 -2.51010500 -0.65014480 / -0.70710310 0.70711040 0.00000000 / 255 0 255 255 / -0.12498470 1.29119900
				-1.88942900 -2.53647200 -1.50610100 / 0.00000000 0.00000000 -0.99999980 / 255 0 255 255 / -0.08103940 0.00148010
				-1.88942900 -2.53647200 -1.50610100 / 0.00000000 0.00000000 -0.99999980 / 255 0 255 255 / -0.08103940 0.00148010
				-1.88942900 -2.53647200 -1.50610100 / 0.00000000 0.00000000 -0.99999980 / 255 0 255 255 / -0.08103940 0.00148010
				-1.19021100 -2.53647200 -1.50610100 / 0.00000000 0.00000000 -1.00000000 / 255 0 255 255 / -0.08103940 0.68888860
				-1.19021100 -2.55698000 -1.50610100 / 0.00000000 0.00000000 -1.00000000 / 255 0 255 255 / -0.06709290 0.68888860
				-1.19021100 -2.55698000 -1.50610100 / 0.00000000 0.00000000 -1.00000000 / 255 0 255 255 / -0.06709290 0.68888860
				-1.85915600 -2.55698000 -1.50610100 / 0.00000000 0.00000000 -1.00000000 / 255 0 255 255 / -0.06709290 0.03134150
				-1.85915600 -2.55698000 -1.50610100 / 0.00000000 0.00000000 -1.00000000 / 255 0 255 255 / -0.06709290 0.03134150
				-1.85915600 -2.55698000 -1.50610100 / 0.00000000 0.00000000 -1.00000000 / 255 0 255 255 / -0.06709290 0.03134150
				-1.88942900 -3.65024200 -1.50610100 / 0.00000000 0.00000000 -1.00000000 / 255 0 255 255 / 0.71005250 0.00148010
				-1.88942900 -3.65024200 -1.50610100 / 0.00000000 0.00000000 -1.00000000 / 255 0 255 255 / 0.71005250 0.00148010
				-1.88942900 -3.65024200 -1.50610100 / 0.00000000 0.00000000 -1.00000000 / 255 0 255 255 / 0.71005250 0.00148010
				-1.88942900 -3.65024200 -1.50610100 / 0.00000000 0.00000000 -1.00000000 / 255 0 255 255 / 0.71005250 0.00148010
				-1.85915600 -3.65024200 -1.50610100 / 0.00000000 0.00000000 -1.00000000 / 255 0 255 255 / 0.71005250 0.03134150
				-1.85915600 -3.65024200 -1.50610100 / 0.00000000 0.00000000 -1.00000000 / 255 0 255 255 / 0.71005250 0.03134150
				-1.85915600 -4.74350300 -1.50610100 / 0.00000000 0.00000000 -1.00000000 / 255 0 255 255 / 1.48719800 0.03134150
				-1.85915600 -4.74350300 -1.50610100 / 0.00000000 0.00000000 -1.00000000 / 255 0 255 255 / 1.48719800 0.03134150
				-1.85915600 -4.74350300 -1.50610100 / 0.00000000 0.00000000 -1.00000000 / 255 0 255 255 / 1.48719800 0.03134150
				-1.85915600 -4.74350300 -1.50610100 / 0.00000000 0.00000000 -1.00000000 / 255 0 255 255 / 1.48719800 0.03134150
				-1.88942900 -4.76401000 -1.50610100 / 0.00000000 0.00000000 -1.00000000 / 255 0 255 255 / 1.50116000 0.00148010
				-1.88942900 -4.76401000 -1.50610100 / 0.00000000 0.00000000 -1.00000000 / 255 0 255 255 / 1.50116000 0.00148010
				-1.19021100 -4.76401000 -1.50610100 / 0.00000000 0.00000000 -1.00000000 / 255 0 255 255 / 1.50116000 0.68888860
				-1.19021100 -4.76401000 -1.50610100 / 0.00000000 0.00000000 -1.00000000 / 255 0 255 255 / 1.50116000 0.68888860
				-1.19021100 -4.74350300 -1.50610100 / 0.00000000 0.00000000 -1.00000000 / 255 0 255 255 / 1.48719800 0.68888860
				-1.91335500 -4.80551400 -0.62866040 / -0.38266890 -0.92388560 0.00000000 / 255 0 255 255 / 1.66012600 1.22546400
				-1.91335500 -4.80551400 -0.62866040 / -0.38266890 -0.92388560 0.00000000 / 255 0 255 255 / 1.66012600 1.22546400
				-1.91335500 -4.80551400 -0.62866040 / -0.38266890 -0.92388560 0.00000000 / 255 0 255 255 / 1.66012600 1.22546400
				-1.92849200 -4.79037900 -0.62866040 / -0.70708450 -0.70712910 0.00000000 / 255 0 255 255 / 1.65301500 1.24774200
				-1.92849200 -4.79037900 -0.65014480 / -0.70708450 -0.70712910 0.00000000 / 255 0 255 255 / 1.65750100 1.29119900
				-1.92849200 -4.79037900 -0.65014480 / -0.70708450 -0.70712910 0.00000000 / 255 0 255 255 / 1.65750100 1.29119900
				-1.91335500 -4.80551400 -0.65014480 / -0.38266900 -0.92388550 0.00000000 / 255 0 255 255 / 1.70907600 1.23184200
				-1.91335500 -4.80551400 -0.65014480 / -0.38266900 -0.92388550 0.00000000 / 255 0 255 255 / 1.70907600 1.23184200
				-1.91335500 -4.80551400 -0.65014480 / -0.38266900 -0.92388550 0.00000000 / 255 0 255 255 / 1.70907600 1.23184200
				-1.19265200 -4.80551400 -0.62866040 / 0.38266720 -0.92388630 0.00000000 / 255 0 255 255 / 1.66012600 0.15519710
				-1.19265200 -4.80551400 -0.62866040 / 0.38266720 -0.92388630 0.00000000 / 255 0 255 255 / 1.66012600 0.15519710
				-1.19265200 -4.80551400 -0.62866040 / 0.38266720 -0.92388630 0.00000000 / 255 0 255 255 / 1.66012600 0.15519710
				-1.19265200 -4.80551400 -0.65014480 / 0.38266710 -0.92388640 0.00000000 / 255 0 255 255 / 1.70907600 0.15425110
				-1.19265200 -4.80551400 -0.65014480 / 0.38266710 -0.92388640 0.00000000 / 255 0 255 255 / 1.70907600 0.15425110
				-1.19265200 -4.80551400 -0.65014480 / 0.38266710 -0.92388640 0.00000000 / 255 0 255 255 / 1.70907600 0.15425110
				-1.17751500 -4.79037900 -0.62866040 / 0.70708170 -0.70713190 0.00000000 / 255 0 255 255 / 1.65301500 0.13290410
				-1.17751500 -4.79037900 -0.62866040 / 0.70708170 -0.70713190 0.00000000 / 255 0 255 255 / 1.65301500 0.13290410
				-1.17751500 -4.79037900 -0.65014480 / 0.70708170 -0.70713180 0.00000000 / 255 0 255 255 / 1.64740000 0.08946230
				-1.91335500 -3.65024200 -0.61889480 / 0.00000000 0.00000000 1.00000000 / 255 0 255 255 / 0.76480100 1.22546400
				-1.91335500 -3.65024200 -0.61889480 / 0.00000000 0.00000000 1.00000000 / 255 0 255 255 / 0.76480100 1.22546400
				-1.91335500 -3.65024200 -0.61889480 / 0.00000000 0.00000000 1.00000000 / 255 0 255 255 / 0.76480100 1.22546400
				-1.91335500 -3.65024200 -0.61889480 / 0.00000000 0.00000000 1.00000000 / 255 0 255 255 / 0.76480100 1.22546400
				-1.91335500 -4.79037900 -0.61889480 / 0.00000000 0.00000000 1.00000000 / 255 0 255 255 / 1.65301500 1.22546400
				-1.19265200 -4.79037900 -0.61889480 / 0.00000000 0.00000000 1.00000000 / 255 0 255 255 / 1.65301500 0.15519710
				-1.19265200 -4.79037900 -0.61889480 / 0.00000000 0.00000000 1.00000000 / 255 0 255 255 / 1.65301500 0.15519710
				-1.19265200 -3.65024200 -0.61889480 / 0.00000000 0.00000000 1.00000000 / 255 0 255 255 / 0.76480100 0.15518190
				-1.19265200 -3.65024200 -0.61889480 / 0.00000000 0.00000000 1.00000000 / 255 0 255 255 / 0.76480100 0.15518190
				-1.19265200 -2.51010500 -0.61889480 / 0.26279490 0.26279880 0.92837270 / 255 0 255 255 / -0.12341310 0.15518190
				-1.19265200 -2.51010500 -0.61889480 / 0.26279490 0.26279880 0.92837270 / 255 0 255 255 / -0.12341310 0.15518190
				-1.19265200 -2.51010500 -0.61889480 / 0.26279490 0.26279880 0.92837270 / 255 0 255 255 / -0.12341310 0.15518190
				-1.19265200 -2.51010500 -0.61889480 / 0.26279490 0.26279880 0.92837270 / 255 0 255 255 / -0.12341310 0.15518190
				-1.19265200 -2.51010500 -0.61889480 / 0.26279490 0.26279880 0.92837270 / 255 0 255 255 / -0.12341310 0.15518190
				-1.19265200 -2.51010500 -0.61889480 / 0.26279490 0.26279880 0.92837270 / 255 0 255 255 / -0.12341310 0.15518190
				-1.19265200 -2.51010500 -0.61889480 / 0.26279490 0.26279880 0.92837270 / 255 0 255 255 / -0.12341310 0.15518190
				-1.91335500 -2.51010500 -0.61889480 / -0.26279650 0.26279860 0.92837210 / 255 0 255 255 / -0.12341310 1.22546400
				-1.91335500 -2.51010500 -0.61889480 / -0.26279650 0.26279860 0.92837210 / 255 0 255 255 / -0.12341310 1.22546400
				-1.91335500 -2.51010500 -0.61889480 / -0.26279650 0.26279860 0.92837210 / 255 0 255 255 / -0.12341310 1.22546400
				-1.91335500 -2.51010500 -0.61889480 / -0.26279650 0.26279860 0.92837210 / 255 0 255 255 / -0.12341310 1.22546400
				-1.91335500 -2.51010500 -0.61889480 / -0.26279650 0.26279860 0.92837210 / 255 0 255 255 / -0.12341310 1.22546400
				-1.91335500 -2.49496800 -0.62866040 / -0.18302890 0.53296700 0.82610340 / 255 0 255 255 / -0.13052370 1.22546400
				-1.91335500 -2.49496800 -0.62866040 / -0.18302890 0.53296700 0.82610340 / 255 0 255 255 / -0.13052370 1.22546400
				-1.91335500 -2.49496800 -0.62866040 / -0.18302890 0.53296700 0.82610340 / 255 0 255 255 / -0.13052370 1.22546400
				-1.92849200 -2.51010500 -0.62866040 / -0.53296300 0.18302970 0.82610570 / 255 0 255 255 / -0.12341310 1.24774200
				-1.92849200 -2.51010500 -0.62866040 / -0.53296300 0.18302970 0.82610570 / 255 0 255 255 / -0.12341310 1.24774200
				-1.19265200 -2.49496800 -0.62866040 / 0.18302810 0.53296700 0.82610340 / 255 0 255 255 / -0.13052370 0.15518190
				-1.19265200 -2.49496800 -0.62866040 / 0.18302810 0.53296700 0.82610340 / 255 0 255 255 / -0.13052370 0.15518190
				-1.92849200 -3.65024200 -0.62866040 / -0.54212080 0.00000000 0.84030060 / 255 0 255 255 / 0.76480100 1.24774200
				-1.92849200 -3.65024200 -0.62866040 / -0.54212080 0.00000000 0.84030060 / 255 0 255 255 / 0.76480100 1.24774200
				-1.92849200 -3.65024200 -0.62866040 / -0.54212080 0.00000000 0.84030060 / 255 0 255 255 / 0.76480100 1.24774200
				-1.92849200 -3.65024200 -0.62866040 / -0.54212080 0.00000000 0.84030060 / 255 0 255 255 / 0.76480100 1.24774200
				-1.17751500 -2.51010500 -0.62866040 / 0.53296010 0.18302950 0.82610760 / 255 0 255 255 / -0.12341310 0.13290410
				-1.17751500 -2.51010500 -0.62866040 / 0.53296010 0.18302950 0.82610760 / 255 0 255 255 / -0.12341310 0.13290410
				-1.91335500 -3.65024200 -0.61889480 / -0.54212080 0.00000000 0.84030060 / 255 0 255 255 / 0.76480100 1.22546400
				-1.91335500 -3.65024200 -0.61889480 / -0.54212080 0.00000000 0.84030060 / 255 0 255 255 / 0.76480100 1.22546400
				-1.17751500 -3.65024200 -0.62866040 / 0.54211790 0.00000000 0.84030250 / 255 0 255 255 / 0.76480100 0.13290410
				-1.17751500 -3.65024200 -0.62866040 / 0.54211790 0.00000000 0.84030250 / 255 0 255 255 / 0.76480100 0.13290410
				-1.17751500 -3.65024200 -0.62866040 / 0.54211790 0.00000000 0.84030250 / 255 0 255 255 / 0.76480100 0.13290410
				-1.17751500 -3.65024200 -0.62866040 / 0.54211790 0.00000000 0.84030250 / 255 0 255 255 / 0.76480100 0.13290410
				-1.91335500 -4.79037900 -0.61889480 / -0.35292170 -0.35294010 0.86653310 / 255 0 255 255 / 1.65301500 1.22546400
				-1.91335500 -4.79037900 -0.61889480 / -0.35292170 -0.35294010 0.86653310 / 255 0 255 255 / 1.65301500 1.22546400
				-1.91335500 -4.79037900 -0.61889480 / -0.35292170 -0.35294010 0.86653310 / 255 0 255 255 / 1.65301500 1.22546400
				-1.91335500 -4.79037900 -0.61889480 / -0.35292170 -0.35294010 0.86653310 / 255 0 255 255 / 1.65301500 1.22546400
				-1.91335500 -4.79037900 -0.61889480 / -0.35292170 -0.35294010 0.86653310 / 255 0 255 255 / 1.65301500 1.22546400
				-1.19265200 -3.65024200 -0.61889480 / 0.54211790 0.00000000 0.84030250 / 255 0 255 255 / 0.76480100 0.15518190
				-1.19265200 -3.65024200 -0.61889480 / 0.54211790 0.00000000 0.84030250 / 255 0 255 255 / 0.76480100 0.15518190
				-1.92849200 -4.79037900 -0.62866040 / -0.53296240 -0.18303520 0.82610490 / 255 0 255 255 / 1.65301500 1.24774200
				-1.92849200 -4.79037900 -0.62866040 / -0.53296240 -0.18303520 0.82610490 / 255 0 255 255 / 1.65301500 1.24774200
				-1.19265200 -4.79037900 -0.61889480 / 0.35291980 -0.35294030 0.86653380 / 255 0 255 255 / 1.65301500 0.15519710
				-1.19265200 -4.79037900 -0.61889480 / 0.35291980 -0.35294030 0.86653380 / 255 0 255 255 / 1.65301500 0.15519710
				-1.19265200 -4.79037900 -0.61889480 / 0.35291980 -0.35294030 0.86653380 / 255 0 255 255 / 1.65301500 0.15519710
				-1.19265200 -4.79037900 -0.61889480 / 0.35291980 -0.35294030 0.86653380 / 255 0 255 255 / 1.65301500 0.15519710
				-1.91335500 -4.80551400 -0.62866040 / -0.18303040 -0.53298660 0.82609030 / 255 0 255 255 / 1.66012600 1.22546400
				-1.91335500 -4.80551400 -0.62866040 / -0.18303040 -0.53298660 0.82609030 / 255 0 255 255 / 1.66012600 1.22546400
				-1.17751500 -4.79037900 -0.62866040 / 0.53295950 -0.18303490 0.82610670 / 255 0 255 255 / 1.65301500 0.13290410
				-1.17751500 -4.79037900 -0.62866040 / 0.53295950 -0.18303490 0.82610670 / 255 0 255 255 / 1.65301500 0.13290410
				-1.19265200 -4.80551400 -0.62866040 / 0.18302950 -0.53298670 0.82609030 / 255 0 255 255 / 1.66012600 0.15519710
				-1.19265200 -4.80551400 -0.62866040 / 0.18302950 -0.53298670 0.82609030 / 255 0 255 255 / 1.66012600 0.15519710
				-1.19265200 -4.80551400 -0.62866040 / 0.18302950 -0.53298670 0.82609030 / 255 0 255 255 / 1.66012600 0.15519710
				-1.19021100 -3.65024200 -0.65356280 / 0.99999980 0.00000000 0.00000000 / 255 0 255 255 / 0.71005250 -0.06555180
				-1.19021100 -3.65024200 -0.65356280 / 0.99999980 0.00000000 0.00000000 / 255 0 255 255 / 0.71005250 -0.06555180
				-1.19021100 -3.65024200 -0.65356280 / 0.99999980 0.00000000 0.00000000 / 255 0 255 255 / 0.71005250 -0.06555180
				-1.19021100 -3.65024200 -0.65356280 / 0.99999980 0.00000000 0.00000000 / 255 0 255 255 / 0.71005250 -0.06555180
				-1.19021100 -4.76401000 -0.65356280 / 1.00000000 0.00000000 0.00000000 / 255 0 255 255 / -0.08103940 -0.06555180
				-1.19021100 -4.72397100 -0.68139480 / 1.00000000 0.00000000 0.00000000 / 255 0 255 255 / -0.05404660 -0.03601070
				-1.19021100 -4.72397100 -0.68139480 / 1.00000000 0.00000000 0.00000000 / 255 0 255 255 / -0.05404660 -0.03601070
				-1.19021100 -3.65024200 -0.68139480 / 1.00000000 0.00000000 0.00000000 / 255 0 255 255 / 0.71005250 -0.03601070
				-1.19021100 -3.65024200 -0.68139480 / 1.00000000 0.00000000 0.00000000 / 255 0 255 255 / 0.71005250 -0.03601070
				-1.19021100 -2.57651100 -0.68139480 / 1.00000000 0.00000000 0.00000000 / 255 0 255 255 / 1.47416700 -0.03601070
				-1.19021100 -2.57651100 -0.68139480 / 1.00000000 0.00000000 0.00000000 / 255 0 255 255 / 1.47416700 -0.03601070
				-1.19021100 -2.53647200 -0.65356280 / 1.00000000 0.00000000 0.00000000 / 255 0 255 255 / 1.50116000 -0.06555180
				-1.83669500 -3.65024200 -1.50610100 / 1.00000000 0.00000000 0.00000000 / 255 0 255 255 / 0.50000000 0.41381830
				-1.83669500 -3.65024200 -1.50610100 / 1.00000000 0.00000000 0.00000000 / 255 0 255 255 / 0.50000000 0.41381830
				-1.83669500 -3.65024200 -1.50610100 / 1.00000000 0.00000000 0.00000000 / 255 0 255 255 / 0.50000000 0.41381830
				-1.83669500 -3.65024200 -1.50610100 / 1.00000000 0.00000000 0.00000000 / 255 0 255 255 / 0.50000000 0.41381830
				-1.83669500 -4.72397100 -1.50610100 / 1.00000000 0.00000000 0.00000000 / 255 0 255 255 / -0.49856570 0.41381830
				-1.83669500 -4.72397100 -1.62035900 / 0.99999980 0.00000000 0.00000000 / 255 0 255 255 / -0.49856570 0.58618170
				-1.83669500 -4.72397100 -1.62035900 / 0.99999980 0.00000000 0.00000000 / 255 0 255 255 / -0.49856570 0.58618170
				-1.83669500 -3.65024200 -1.62035900 / 1.00000000 0.00000000 0.00000000 / 255 0 255 255 / 0.50000000 0.58618170
				-1.83669500 -3.65024200 -1.62035900 / 1.00000000 0.00000000 0.00000000 / 255 0 255 255 / 0.50000000 0.58618170
				-1.83669500 -2.57651100 -1.62035900 / 1.00000000 0.00000000 0.00000000 / 255 0 255 255 / 1.49856600 0.58618170
				-1.83669500 -2.57651100 -1.62035900 / 1.00000000 0.00000000 0.00000000 / 255 0 255 255 / 1.49856600 0.58618170
				-1.83669500 -2.57651100 -1.50610100 / 1.00000000 0.00000000 0.00000000 / 255 0 255 255 / 1.49856600 0.41381830
				-1.18191000 -2.50912800 -0.65160970 / 0.22511770 0.17309600 -0.95883250 / 255 0 255 255 / -0.09933470 0.69682310
				-1.18191000 -2.50912800 -0.65160970 / 0.22511770 0.17309600 -0.95883250 / 255 0 255 255 / -0.09933470 0.69682310
				-1.18191000 -2.50912800 -0.65160970 / 0.22511770 0.17309600 -0.95883250 / 255 0 255 255 / -0.09933470 0.69682310
				-1.18191000 -2.50912800 -0.65160970 / 0.22511770 0.17309600 -0.95883250 / 255 0 255 255 / -0.09933470 0.69682310
				-1.18191000 -2.50912800 -0.65160970 / 0.22511770 0.17309600 -0.95883250 / 255 0 255 255 / -0.09933470 0.69682310
				-1.19265200 -2.49496800 -0.65014480 / 0.02471700 0.12140160 -0.99229570 / 255 0 255 255 / -0.10900880 0.68629450
				-1.19265200 -2.49496800 -0.65014480 / 0.02471700 0.12140160 -0.99229570 / 255 0 255 255 / -0.10900880 0.68629450
				-1.17751500 -2.51010500 -0.65014480 / 0.33426460 0.09834990 -0.93733370 / 255 0 255 255 / -0.09889220 0.70103450
				-1.17751500 -2.51010500 -0.65014480 / 0.33426460 0.09834990 -0.93733370 / 255 0 255 255 / -0.09889220 0.70103450
				-1.17751500 -3.65024200 -0.65014480 / 0.25996000 -0.00000090 -0.96561940 / 255 0 255 255 / 0.71005250 0.70103450
				-1.17751500 -3.65024200 -0.65014480 / 0.25996000 -0.00000090 -0.96561940 / 255 0 255 255 / 0.71005250 0.70103450
				-1.17751500 -3.65024200 -0.65014480 / 0.25996000 -0.00000090 -0.96561940 / 255 0 255 255 / 0.71005250 0.70103450
				-1.17751500 -3.65024200 -0.65014480 / 0.25996000 -0.00000090 -0.96561940 / 255 0 255 255 / 0.71005250 0.70103450
				-1.91335500 -2.49496800 -0.65014480 / -0.02198760 0.09665770 -0.99507480 / 255 0 255 255 / -0.10900880 -0.02191160
				-1.91335500 -2.49496800 -0.65014480 / -0.02198760 0.09665770 -0.99507480 / 255 0 255 255 / -0.10900880 -0.02191160
				-1.91335500 -2.49496800 -0.65014480 / -0.02198760 0.09665770 -0.99507480 / 255 0 255 255 / -0.10900880 -0.02191160
				-1.91335500 -2.49496800 -0.65014480 / -0.02198760 0.09665770 -0.99507480 / 255 0 255 255 / -0.10900880 -0.02191160
				-1.91335500 -2.49496800 -0.65014480 / -0.02198760 0.09665770 -0.99507480 / 255 0 255 255 / -0.10900880 -0.02191160
				-1.19021100 -2.53647200 -0.65356280 / 0.13975240 0.02843170 -0.98977820 / 255 0 255 255 / -0.08103940 0.68888860
				-1.19021100 -2.53647200 -0.65356280 / 0.13975240 0.02843170 -0.98977820 / 255 0 255 255 / -0.08103940 0.68888860
				-1.19021100 -2.53647200 -0.65356280 / 0.13975240 0.02843170 -0.98977820 / 255 0 255 255 / -0.08103940 0.68888860
				-1.19021100 -2.53647200 -0.65356280 / 0.13975240 0.02843170 -0.98977820 / 255 0 255 255 / -0.08103940 0.68888860
				-1.19021100 -3.65024200 -0.65356280 / 0.25995980 0.00000000 -0.96561940 / 255 0 255 255 / 0.71005250 0.68888860
				-1.19021100 -3.65024200 -0.65356280 / 0.25995980 0.00000000 -0.96561940 / 255 0 255 255 / 0.71005250 0.68888860
				-1.19021100 -3.65024200 -0.65356280 / 0.25995980 0.00000000 -0.96561940 / 255 0 255 255 / 0.71005250 0.68888860
				-1.17751500 -4.79037900 -0.65014480 / 0.31295530 -0.08830240 -0.94565390 / 255 0 255 255 / 1.51899700 0.70103450
				-1.17751500 -4.79037900 -0.65014480 / 0.31295530 -0.08830240 -0.94565390 / 255 0 255 255 / 1.51899700 0.70103450
				-1.17751500 -4.79037900 -0.65014480 / 0.31295530 -0.08830240 -0.94565390 / 255 0 255 255 / 1.51899700 0.70103450
				-1.17751500 -4.79037900 -0.65014480 / 0.31295530 -0.08830240 -0.94565390 / 255 0 255 255 / 1.51899700 0.70103450
				-1.88942900 -2.53647200 -0.65356280 / -0.04408860 0.04044090 -0.99820880 / 255 0 255 255 / -0.08103940 0.00148010
				-1.88942900 -2.53647200 -0.65356280 / -0.04408860 0.04044090 -0.99820880 / 255 0 255 255 / -0.08103940 0.00148010
				-1.88942900 -2.53647200 -0.65356280 / -0.04408860 0.04044090 -0.99820880 / 255 0 255 255 / -0.08103940 0.00148010
				-1.88942900 -2.53647200 -0.65356280 / -0.04408860 0.04044090 -0.99820880 / 255 0 255 255 / -0.08103940 0.00148010
				-1.19021100 -4.76401000 -0.65356280 / 0.15793970 -0.03189440 -0.98693350 / 255 0 255 255 / 1.50116000 0.68888860
				-1.19021100 -4.76401000 -0.65356280 / 0.15793970 -0.03189440 -0.98693350 / 255 0 255 255 / 1.50116000 0.68888860
				-1.19021100 -4.76401000 -0.65356280 / 0.15793970 -0.03189440 -0.98693350 / 255 0 255 255 / 1.50116000 0.68888860
				-1.19021100 -4.76401000 -0.65356280 / 0.15793970 -0.03189440 -0.98693350 / 255 0 255 255 / 1.50116000 0.68888860
				-1.91823800 -2.50571000 -0.65112140 / -0.08766150 0.08716890 -0.99232910 / 255 0 255 255 / -0.10163880 -0.02659610
				-1.91823800 -2.50571000 -0.65112140 / -0.08766150 0.08716890 -0.99232910 / 255 0 255 255 / -0.10163880 -0.02659610
				-1.91823800 -2.50571000 -0.65112140 / -0.08766150 0.08716890 -0.99232910 / 255 0 255 255 / -0.10163880 -0.02659610
				-1.92849200 -2.51010500 -0.65014480 / -0.10174790 0.02387200 -0.99452380 / 255 0 255 255 / -0.09889220 -0.03665160
				-1.92849200 -2.51010500 -0.65014480 / -0.10174790 0.02387200 -0.99452380 / 255 0 255 255 / -0.09889220 -0.03665160
				-1.92849200 -2.51010500 -0.65014480 / -0.10174790 0.02387200 -0.99452380 / 255 0 255 255 / -0.09889220 -0.03665160
				-1.92849200 -2.51010500 -0.65014480 / -0.10174790 0.02387200 -0.99452380 / 255 0 255 255 / -0.09889220 -0.03665160
				-1.88942900 -3.65024200 -0.65356280 / -0.08716590 0.00000000 -0.99619380 / 255 0 255 255 / 0.71005250 0.00148010
				-1.88942900 -3.65024200 -0.65356280 / -0.08716590 0.00000000 -0.99619380 / 255 0 255 255 / 0.71005250 0.00148010
				-1.88942900 -3.65024200 -0.65356280 / -0.08716590 0.00000000 -0.99619380 / 255 0 255 255 / 0.71005250 0.00148010
				-1.92849200 -3.65024200 -0.65014480 / -0.08716590 0.00000080 -0.99619370 / 255 0 255 255 / 0.71005250 -0.03665160
				-1.92849200 -3.65024200 -0.65014480 / -0.08716590 0.00000080 -0.99619370 / 255 0 255 255 / 0.71005250 -0.03665160
				-1.92849200 -3.65024200 -0.65014480 / -0.08716590 0.00000080 -0.99619370 / 255 0 255 255 / 0.71005250 -0.03665160
				-1.92849200 -3.65024200 -0.65014480 / -0.08716590 0.00000080 -0.99619370 / 255 0 255 255 / 0.71005250 -0.03665160
				-1.88942900 -4.76401000 -0.65356280 / -0.04275930 -0.03985650 -0.99829010 / 255 0 255 255 / 1.50116000 0.00148010
				-1.88942900 -4.76401000 -0.65356280 / -0.04275930 -0.03985650 -0.99829010 / 255 0 255 255 / 1.50116000 0.00148010
				-1.88942900 -4.76401000 -0.65356280 / -0.04275930 -0.03985650 -0.99829010 / 255 0 255 255 / 1.50116000 0.00148010
				-1.88942900 -4.76401000 -0.65356280 / -0.04275930 -0.03985650 -0.99829010 / 255 0 255 255 / 1.50116000 0.00148010
				-1.18191000 -4.79086700 -0.65160970 / 0.20447540 -0.14355730 -0.96828780 / 255 0 255 255 / 1.51945500 0.69682310
				-1.18191000 -4.79086700 -0.65160970 / 0.20447540 -0.14355730 -0.96828780 / 255 0 255 255 / 1.51945500 0.69682310
				-1.18191000 -4.79086700 -0.65160970 / 0.20447540 -0.14355730 -0.96828780 / 255 0 255 255 / 1.51945500 0.69682310
				-1.19265200 -4.80551400 -0.65014480 / 0.01789580 -0.10045130 -0.99478100 / 255 0 255 255 / 1.52912900 0.68629450
				-1.19265200 -4.80551400 -0.65014480 / 0.01789580 -0.10045130 -0.99478100 / 255 0 255 255 / 1.52912900 0.68629450
				-1.19265200 -4.80551400 -0.65014480 / 0.01789580 -0.10045130 -0.99478100 / 255 0 255 255 / 1.52912900 0.68629450
				-1.19265200 -4.80551400 -0.65014480 / 0.01789580 -0.10045130 -0.99478100 / 255 0 255 255 / 1.52912900 0.68629450
				-1.19265200 -4.80551400 -0.65014480 / 0.01789580 -0.10045130 -0.99478100 / 255 0 255 255 / 1.52912900 0.68629450
				-1.91823800 -4.79428500 -0.65112140 / -0.08463910 -0.08256030 -0.99298540 / 255 0 255 255 / 1.52174400 -0.02659610
				-1.91823800 -4.79428500 -0.65112140 / -0.08463910 -0.08256030 -0.99298540 / 255 0 255 255 / 1.52174400 -0.02659610
				-1.91823800 -4.79428500 -0.65112140 / -0.08463910 -0.08256030 -0.99298540 / 255 0 255 255 / 1.52174400 -0.02659610
				-1.91823800 -4.79428500 -0.65112140 / -0.08463910 -0.08256030 -0.99298540 / 255 0 255 255 / 1.52174400 -0.02659610
				-1.91823800 -4.79428500 -0.65112140 / -0.08463910 -0.08256030 -0.99298540 / 255 0 255 255 / 1.52174400 -0.02659610
				-1.92849200 -4.79037900 -0.65014480 / -0.10511700 -0.02741320 -0.99408200 / 255 0 255 255 / 1.51899700 -0.03665160
				-1.92849200 -4.79037900 -0.65014480 / -0.10511700 -0.02741320 -0.99408200 / 255 0 255 255 / 1.51899700 -0.03665160
				-1.91335500 -4.80551400 -0.65014480 / -0.02442670 -0.09714410 -0.99497060 / 255 0 255 255 / 1.52912900 -0.02191160
				-1.91335500 -4.80551400 -0.65014480 / -0.02442670 -0.09714410 -0.99497060 / 255 0 255 255 / 1.52912900 -0.02191160
			}
		}
		Geometry
		{
			ShaderIndex 9
			Flags -
			VertexDeclaration N51263BB5
			Indices 918
			{
				0 3 2 4 1 5 6 9 8 10 7 11 12 15 14
				16 13 17 18 21 20 22 19 23 24 27 26 28 25 29
				30 33 32 34 31 35 36 39 38 40 37 41 42 45 44
				46 43 47 48 51 50 52 49 53 54 57 56 58 55 59
				60 62 63 64 65 61 66 68 69 70 71 67 72 74 75
				76 77 73 78 80 81 82 83 79 84 86 87 88 89 85
				90 92 93 94 95 91 96 98 99 100 101 97 102 104 105
				106 107 103 108 110 111 112 113 109 114 116 117 118 119 115
				120 122 123 124 125 121 126 128 129 130 131 127 132 134 135
				136 137 133 138 140 141 142 143 139 144 147 148 149 151 145
				152 150 157 159 146 153 158 162 154 155 165 160 166 156 163
				171 161 167 164 174 168 169 177 172 178 170 175 183 173 179
				176 186 180 181 189 184 190 182 187 195 185 191 188 198 192
				193 201 196 202 194 199 207 197 203 200 210 204 205 213 208
				214 206 211 219 209 215 212 222 216 217 225 220 226 218 223
				231 221 227 224 234 228 229 237 232 238 230 235 243 233 239
				236 246 240 241 249 244 250 242 247 255 245 251 248 258 252
				253 261 256 262 254 259 267 257 263 260 270 264 265 273 268
				274 266 271 279 269 275 272 281 276 277 284 280 285 278 282
				283 287 286 288 291 292 297 289 298 290 293 299 303 306 300
				294 307 308 311 304 301 295 312 302 296 309 313 314 316 305
				310 317 315 318 321 322 327 319 328 320 323 329 333 336 330
				324 337 338 341 334 331 325 342 332 326 339 343 344 346 335
				340 347 345 348 351 354 355 357 349 352 350 360 358 356 363
				361 366 353 364 369 359 367 362 372 370 365 375 373 378 368
				376 381 371 379 374 384 382 377 387 385 390 380 388 393 383
				391 386 396 394 389 399 397 402 392 400 405 395 403 398 408
				406 401 411 409 414 404 412 417 407 415 410 418 419 413 416
				420 423 426 427 429 421 424 422 432 430 428 435 433 438 425
				436 441 431 439 434 444 442 437 447 445 450 440 448 453 443
				451 446 456 454 449 459 457 462 452 460 465 455 463 458 468
				466 461 471 469 474 464 472 477 467 475 470 480 478 473 483
				481 486 476 484 489 479 487 482 490 491 485 488 492 494 495
				496 497 493 498 500 501 502 503 499 504 506 507 508 509 505
				510 512 513 514 515 511 516 518 519 520 521 517 522 524 525
				526 527 523 528 530 531 532 533 529 534 536 537 538 539 535
				540 542 543 544 545 541 546 548 549 550 551 547 552 554 555
				556 557 553 558 560 561 562 563 559 564 566 567 568 569 565
				570 573 574 575 577 571 578 576 583 585 572 579 584 588 580
				581 591 586 592 582 589 597 587 593 590 600 594 595 603 598
				604 596 601 609 599 605 602 612 606 607 615 610 616 608 613
				621 611 617 614 624 618 619 627 622 628 620 625 633 623 629
				626 636 630 631 639 634 640 632 637 645 635 641 638 648 642
				643 651 646 652 644 649 657 647 653 650 660 654 655 663 658
				664 656 661 669 659 665 662 672 666 667 675 670 676 668 673
				681 671 677 674 684 678 679 687 682 688 680 685 693 683 689
				686 696 690 691 699 694 700 692 697 705 695 701 698 707 702
				703 710 706 711 704 708 709 713 712 714 717 718 723 715 724
				716 719 725 729 732 726 720 733 734 737 730 727 721 738 728
				722 735 739 740 742 731 736 743 741 744 747 748 753 745 754
				746 749 755 759 762 756 750 763 764 767 760 757 751 768 758
				752 765 769 770 772 761 766 773 771 774 777 780 781 783 775
				778 776 786 784 782 789 787 792 779 790 795 785 793 788 798
				796 791 801 799 804 794 802 807 797 805 800 810 808 803 813
				811 816 806 814 819 809 817 812 822 820 815 825 823 828 818
				826 831 821 829 824 834 832 827 837 835 840 830 838 843 833
				841 836 844 845 839 842 846 849 852 853 855 847 850 848 858
				856 854 861 859 864 851 862 867 857 865 860 870 868 863 873
				871 876 866 874 879 869 877 872 882 880 875 885 883 888 878
				886 891 881 889 884 894 892 887 897 895 900 890 898 903 893
				901 896 906 904 899 909 907 912 902 910 915 905 913 908 916
				917 911 914
			}
			Vertices 918
			{
				-3.34584700 4.79525200 -1.62578600 / 1.00000000 0.00000000 0.00000000 / 255 0 255 255 / 0.99674990 0.99676520 / 0.00000000 -1.00000000 0.00000000 -1.00000000
				-3.34584700 4.79525200 -1.62578600 / 1.00000000 0.00000000 0.00000000 / 255 0 255 255 / 0.99674990 0.99676520 / 0.00000000 -1.00000000 0.00000000 -1.00000000
				-3.34584700 4.79525200 0.70167930 / 1.00000000 0.00000000 0.00000000 / 255 0 255 255 / 0.99674990 0.07032780 / 0.00000000 -1.00000000 0.00000000 -1.00000000
				-3.34584700 4.89486100 0.70167930 / 1.00000000 0.00000000 0.00000000 / 255 0 255 255 / 0.94412230 0.07032780 / 0.00000000 -1.00000000 0.00000000 -1.00000000
				-3.34584700 4.89486100 0.70167930 / 1.00000000 0.00000000 0.00000000 / 255 0 255 255 / 0.94412230 0.07032780 / 0.00000000 -1.00000000 0.00000000 -1.00000000
				-3.34584700 4.89486100 -1.62578600 / 1.00000000 0.00000000 0.00000000 / 255 0 255 255 / 0.94412230 0.99676520 / 0.00000000 -1.00000000 0.00000000 -1.00000000
				-3.34584700 4.79525200 0.70167930 / 0.00000000 0.00000000 -1.00000000 / 255 0 255 255 / 0.99674990 0.07032780 / 0.00000000 -1.00000000 0.00000000 1.00000000
				-3.34584700 4.79525200 0.70167930 / 0.00000000 0.00000000 -1.00000000 / 255 0 255 255 / 0.99674990 0.07032780 / 0.00000000 -1.00000000 0.00000000 1.00000000
				-2.03516300 4.79525200 0.70167930 / 0.00000000 0.00000000 -1.00000000 / 255 0 255 255 / 0.99674990 0.99676520 / 0.00000000 -1.00000000 0.00000000 1.00000000
				-2.03516300 4.89486100 0.70167930 / 0.00000000 0.00000000 -1.00000000 / 255 0 255 255 / 0.94412230 0.99676520 / 0.00000000 -1.00000000 0.00000000 1.00000000
				-2.03516300 4.89486100 0.70167930 / 0.00000000 0.00000000 -1.00000000 / 255 0 255 255 / 0.94412230 0.99676520 / 0.00000000 -1.00000000 0.00000000 1.00000000
				-3.34584700 4.89486100 0.70167930 / 0.00000000 0.00000000 -1.00000000 / 255 0 255 255 / 0.94412230 0.07032780 / 0.00000000 -1.00000000 0.00000000 1.00000000
				-2.03516300 4.79525200 0.70167930 / -1.00000000 0.00000000 0.00000000 / 255 0 255 255 / 0.99674990 0.99676520 / 0.00000000 -1.00000000 0.00000000 -1.00000000
				-2.03516300 4.79525200 0.70167930 / -1.00000000 0.00000000 0.00000000 / 255 0 255 255 / 0.99674990 0.99676520 / 0.00000000 -1.00000000 0.00000000 -1.00000000
				-2.03516300 4.79525200 -1.62578600 / -1.00000000 0.00000000 0.00000000 / 255 0 255 255 / 0.99674990 0.07032780 / 0.00000000 -1.00000000 0.00000000 -1.00000000
				-2.03516300 4.89486100 -1.62578600 / -1.00000000 0.00000000 0.00000000 / 255 0 255 255 / 0.94412230 0.07032780 / 0.00000000 -1.00000000 0.00000000 -1.00000000
				-2.03516300 4.89486100 -1.62578600 / -1.00000000 0.00000000 0.00000000 / 255 0 255 255 / 0.94412230 0.07032780 / 0.00000000 -1.00000000 0.00000000 -1.00000000
				-2.03516300 4.89486100 0.70167930 / -1.00000000 0.00000000 0.00000000 / 255 0 255 255 / 0.94412230 0.99676520 / 0.00000000 -1.00000000 0.00000000 -1.00000000
				-2.03516300 4.79525200 -1.62578600 / 0.00000000 0.00000000 1.00000000 / 255 0 255 255 / 0.99674990 0.07032780 / 0.00000000 -1.00000000 0.00000000 1.00000000
				-2.03516300 4.79525200 -1.62578600 / 0.00000000 0.00000000 1.00000000 / 255 0 255 255 / 0.99674990 0.07032780 / 0.00000000 -1.00000000 0.00000000 1.00000000
				-3.34584700 4.79525200 -1.62578600 / 0.00000000 0.00000000 1.00000000 / 255 0 255 255 / 0.99674990 0.99676520 / 0.00000000 -1.00000000 0.00000000 1.00000000
				-3.34584700 4.89486100 -1.62578600 / 0.00000000 0.00000000 1.00000000 / 255 0 255 255 / 0.94412230 0.99676520 / 0.00000000 -1.00000000 0.00000000 1.00000000
				-3.34584700 4.89486100 -1.62578600 / 0.00000000 0.00000000 1.00000000 / 255 0 255 255 / 0.94412230 0.99676520 / 0.00000000 -1.00000000 0.00000000 1.00000000
				-2.03516300 4.89486100 -1.62578600 / 0.00000000 0.00000000 1.00000000 / 255 0 255 255 / 0.94412230 0.07032780 / 0.00000000 -1.00000000 0.00000000 1.00000000
				-3.34732400 4.86117000 -0.48083110 / 1.00000000 0.00000000 0.00000000 / 255 0 255 255 / 0.00109860 0.00044250 / 0.00000000 -1.00000000 0.00000000 -1.00000000
				-3.34732400 4.86117000 -0.48083110 / 1.00000000 0.00000000 0.00000000 / 255 0 255 255 / 0.00109860 0.00044250 / 0.00000000 -1.00000000 0.00000000 -1.00000000
				-3.34732400 4.86117000 -0.56236660 / 1.00000000 0.00000000 0.00000000 / 255 0 255 255 / 0.00109860 0.06388850 / 0.00000000 -1.00000000 0.00000000 -1.00000000
				-3.34732400 4.82894300 -0.56236660 / 1.00000000 0.00000000 0.00000000 / 255 0 255 255 / 0.05094910 0.06388850 / 0.00000000 -1.00000000 0.00000000 -1.00000000
				-3.34732400 4.82894300 -0.56236660 / 1.00000000 0.00000000 0.00000000 / 255 0 255 255 / 0.05094910 0.06388850 / 0.00000000 -1.00000000 0.00000000 -1.00000000
				-3.34732400 4.82894300 -0.48083110 / 1.00000000 0.00000000 0.00000000 / 255 0 255 255 / 0.05094910 0.00044250 / 0.00000000 -1.00000000 0.00000000 -1.00000000
				-3.34584700 -4.93463900 -1.62578600 / 1.00000000 0.00000000 0.00000000 / 255 0 255 255 / 0.99674990 0.99676520 / 0.00000000 -1.00000000 0.00000000 -1.00000000
				-3.34584700 -4.93463900 -1.62578600 / 1.00000000 0.00000000 0.00000000 / 255 0 255 255 / 0.99674990 0.99676520 / 0.00000000 -1.00000000 0.00000000 -1.00000000
				-3.34584700 -4.93463900 0.70167930 / 1.00000000 0.00000000 0.00000000 / 255 0 255 255 / 0.99674990 0.07032780 / 0.00000000 -1.00000000 0.00000000 -1.00000000
				-3.34584700 -4.83503000 0.70167930 / 1.00000000 0.00000000 0.00000000 / 255 0 255 255 / 0.94412230 0.07032780 / 0.00000000 -1.00000000 0.00000000 -1.00000000
				-3.34584700 -4.83503000 0.70167930 / 1.00000000 0.00000000 0.00000000 / 255 0 255 255 / 0.94412230 0.07032780 / 0.00000000 -1.00000000 0.00000000 -1.00000000
				-3.34584700 -4.83503000 -1.62578600 / 1.00000000 0.00000000 0.00000000 / 255 0 255 255 / 0.94412230 0.99676520 / 0.00000000 -1.00000000 0.00000000 -1.00000000
				-3.34584700 -4.93463900 0.70167930 / 0.00000000 0.00000000 -1.00000000 / 255 0 255 255 / 0.99674990 0.07032780 / 0.00000000 -1.00000000 0.00000000 1.00000000
				-3.34584700 -4.93463900 0.70167930 / 0.00000000 0.00000000 -1.00000000 / 255 0 255 255 / 0.99674990 0.07032780 / 0.00000000 -1.00000000 0.00000000 1.00000000
				-2.03516300 -4.93463900 0.70167930 / 0.00000000 0.00000000 -1.00000000 / 255 0 255 255 / 0.99674990 0.99676520 / 0.00000000 -1.00000000 0.00000000 1.00000000
				-2.03516300 -4.83503000 0.70167930 / 0.00000000 0.00000000 -1.00000000 / 255 0 255 255 / 0.94412230 0.99676520 / 0.00000000 -1.00000000 0.00000000 1.00000000
				-2.03516300 -4.83503000 0.70167930 / 0.00000000 0.00000000 -1.00000000 / 255 0 255 255 / 0.94412230 0.99676520 / 0.00000000 -1.00000000 0.00000000 1.00000000
				-3.34584700 -4.83503000 0.70167930 / 0.00000000 0.00000000 -1.00000000 / 255 0 255 255 / 0.94412230 0.07032780 / 0.00000000 -1.00000000 0.00000000 1.00000000
				-2.03516300 -4.93463900 0.70167930 / -1.00000000 0.00000000 0.00000000 / 255 0 255 255 / 0.99674990 0.99676520 / 0.00000000 -1.00000000 0.00000000 -1.00000000
				-2.03516300 -4.93463900 0.70167930 / -1.00000000 0.00000000 0.00000000 / 255 0 255 255 / 0.99674990 0.99676520 / 0.00000000 -1.00000000 0.00000000 -1.00000000
				-2.03516300 -4.93463900 -1.62578600 / -1.00000000 0.00000000 0.00000000 / 255 0 255 255 / 0.99674990 0.07032780 / 0.00000000 -1.00000000 0.00000000 -1.00000000
				-2.03516300 -4.83503000 -1.62578600 / -1.00000000 0.00000000 0.00000000 / 255 0 255 255 / 0.94412230 0.07032780 / 0.00000000 -1.00000000 0.00000000 -1.00000000
				-2.03516300 -4.83503000 -1.62578600 / -1.00000000 0.00000000 0.00000000 / 255 0 255 255 / 0.94412230 0.07032780 / 0.00000000 -1.00000000 0.00000000 -1.00000000
				-2.03516300 -4.83503000 0.70167930 / -1.00000000 0.00000000 0.00000000 / 255 0 255 255 / 0.94412230 0.99676520 / 0.00000000 -1.00000000 0.00000000 -1.00000000
				-2.03516300 -4.93463900 -1.62578600 / 0.00000000 0.00000000 1.00000000 / 255 0 255 255 / 0.99674990 0.07032780 / 0.00000000 -1.00000000 0.00000000 1.00000000
				-2.03516300 -4.93463900 -1.62578600 / 0.00000000 0.00000000 1.00000000 / 255 0 255 255 / 0.99674990 0.07032780 / 0.00000000 -1.00000000 0.00000000 1.00000000
				-3.34584700 -4.93463900 -1.62578600 / 0.00000000 0.00000000 1.00000000 / 255 0 255 255 / 0.99674990 0.99676520 / 0.00000000 -1.00000000 0.00000000 1.00000000
				-3.34584700 -4.83503000 -1.62578600 / 0.00000000 0.00000000 1.00000000 / 255 0 255 255 / 0.94412230 0.99676520 / 0.00000000 -1.00000000 0.00000000 1.00000000
				-3.34584700 -4.83503000 -1.62578600 / 0.00000000 0.00000000 1.00000000 / 255 0 255 255 / 0.94412230 0.99676520 / 0.00000000 -1.00000000 0.00000000 1.00000000
				-2.03516300 -4.83503000 -1.62578600 / 0.00000000 0.00000000 1.00000000 / 255 0 255 255 / 0.94412230 0.07032780 / 0.00000000 -1.00000000 0.00000000 1.00000000
				-3.34732400 -4.86872100 -0.48083110 / 1.00000000 0.00000000 0.00000000 / 255 0 255 255 / 0.00109860 0.00044250 / 0.00000000 -1.00000000 0.00000000 -1.00000000
				-3.34732400 -4.86872100 -0.48083110 / 1.00000000 0.00000000 0.00000000 / 255 0 255 255 / 0.00109860 0.00044250 / 0.00000000 -1.00000000 0.00000000 -1.00000000
				-3.34732400 -4.86872100 -0.56236660 / 1.00000000 0.00000000 0.00000000 / 255 0 255 255 / 0.00109860 0.06388850 / 0.00000000 -1.00000000 0.00000000 -1.00000000
				-3.34732400 -4.90094800 -0.56236660 / 1.00000000 0.00000000 0.00000000 / 255 0 255 255 / 0.05094910 0.06388850 / 0.00000000 -1.00000000 0.00000000 -1.00000000
				-3.34732400 -4.90094800 -0.56236660 / 1.00000000 0.00000000 0.00000000 / 255 0 255 255 / 0.05094910 0.06388850 / 0.00000000 -1.00000000 0.00000000 -1.00000000
				-3.34732400 -4.90094800 -0.48083110 / 1.00000000 0.00000000 0.00000000 / 255 0 255 255 / 0.05094910 0.00044250 / 0.00000000 -1.00000000 0.00000000 -1.00000000
				-3.36296600 4.89800300 -1.69708200 / 0.00000000 1.00000000 0.00000000 / 255 0 255 255 / 0.94311520 0.99885560 / -1.00000000 0.00000000 0.00000000 1.00000000
				-3.36296600 4.89800300 -1.69708200 / 0.00000000 1.00000000 0.00000000 / 255 0 255 255 / 0.94311520 0.99885560 / -1.00000000 0.00000000 0.00000000 1.00000000
				-3.36296600 4.89800300 0.69665500 / 0.00000000 1.00000000 0.00000000 / 255 0 255 255 / 0.94311520 0.07051090 / -1.00000000 0.00000000 0.00000000 1.00000000
				-2.01007200 4.89800300 0.69665500 / 0.00000000 1.00000000 0.00000000 / 255 0 255 255 / 0.00080870 0.07051090 / -1.00000000 0.00000000 0.00000000 1.00000000
				-2.01007200 4.89800300 0.69665500 / 0.00000000 1.00000000 0.00000000 / 255 0 255 255 / 0.00080870 0.07051090 / -1.00000000 0.00000000 0.00000000 1.00000000
				-2.01007200 4.89800300 -1.69708200 / 0.00000000 1.00000000 0.00000000 / 255 0 255 255 / 0.00080870 0.99885560 / -1.00000000 0.00000000 0.00000000 1.00000000
				-3.36296600 4.79839400 -1.69708200 / -1.00000000 0.00000000 0.00000000 / 255 0 255 255 / 0.99674990 0.99676520 / 0.00000000 -1.00000000 0.00000000 1.00000000
				-3.36296600 4.79839400 -1.69708200 / -1.00000000 0.00000000 0.00000000 / 255 0 255 255 / 0.99674990 0.99676520 / 0.00000000 -1.00000000 0.00000000 1.00000000
				-3.36296600 4.79839400 0.69665500 / -1.00000000 0.00000000 0.00000000 / 255 0 255 255 / 0.99674990 0.07032780 / 0.00000000 -1.00000000 0.00000000 1.00000000
				-3.36296600 4.89800300 0.69665500 / -1.00000000 0.00000000 0.00000000 / 255 0 255 255 / 0.94412230 0.07032780 / 0.00000000 -1.00000000 0.00000000 1.00000000
				-3.36296600 4.89800300 0.69665500 / -1.00000000 0.00000000 0.00000000 / 255 0 255 255 / 0.94412230 0.07032780 / 0.00000000 -1.00000000 0.00000000 1.00000000
				-3.36296600 4.89800300 -1.69708200 / -1.00000000 0.00000000 0.00000000 / 255 0 255 255 / 0.94412230 0.99676520 / 0.00000000 -1.00000000 0.00000000 1.00000000
				-3.36296600 4.79839400 0.69665500 / 0.00000000 0.00000000 1.00000000 / 255 0 255 255 / 0.99674990 0.07032780 / 0.00000000 -1.00000000 0.00000000 -1.00000000
				-3.36296600 4.79839400 0.69665500 / 0.00000000 0.00000000 1.00000000 / 255 0 255 255 / 0.99674990 0.07032780 / 0.00000000 -1.00000000 0.00000000 -1.00000000
				-2.01007200 4.79839400 0.69665500 / 0.00000000 0.00000000 1.00000000 / 255 0 255 255 / 0.99674990 0.99676520 / 0.00000000 -1.00000000 0.00000000 -1.00000000
				-2.01007200 4.89800300 0.69665500 / 0.00000000 0.00000000 1.00000000 / 255 0 255 255 / 0.94412230 0.99676520 / 0.00000000 -1.00000000 0.00000000 -1.00000000
				-2.01007200 4.89800300 0.69665500 / 0.00000000 0.00000000 1.00000000 / 255 0 255 255 / 0.94412230 0.99676520 / 0.00000000 -1.00000000 0.00000000 -1.00000000
				-3.36296600 4.89800300 0.69665500 / 0.00000000 0.00000000 1.00000000 / 255 0 255 255 / 0.94412230 0.07032780 / 0.00000000 -1.00000000 0.00000000 -1.00000000
				-2.01007200 4.79839400 0.69665500 / 1.00000000 0.00000000 0.00000000 / 255 0 255 255 / 0.99674990 0.99676520 / 0.00000000 -1.00000000 0.00000000 1.00000000
				-2.01007200 4.79839400 0.69665500 / 1.00000000 0.00000000 0.00000000 / 255 0 255 255 / 0.99674990 0.99676520 / 0.00000000 -1.00000000 0.00000000 1.00000000
				-2.01007200 4.79839400 -1.69708200 / 1.00000000 0.00000000 0.00000000 / 255 0 255 255 / 0.99674990 0.07032780 / 0.00000000 -1.00000000 0.00000000 1.00000000
				-2.01007200 4.89800300 -1.69708200 / 1.00000000 0.00000000 0.00000000 / 255 0 255 255 / 0.94412230 0.07032780 / 0.00000000 -1.00000000 0.00000000 1.00000000
				-2.01007200 4.89800300 -1.69708200 / 1.00000000 0.00000000 0.00000000 / 255 0 255 255 / 0.94412230 0.07032780 / 0.00000000 -1.00000000 0.00000000 1.00000000
				-2.01007200 4.89800300 0.69665500 / 1.00000000 0.00000000 0.00000000 / 255 0 255 255 / 0.94412230 0.99676520 / 0.00000000 -1.00000000 0.00000000 1.00000000
				-2.01007200 4.79839400 -1.69708200 / 0.00000000 0.00000000 -1.00000000 / 255 0 255 255 / 0.99674990 0.07032780 / 0.00000000 -1.00000000 0.00000000 -1.00000000
				-2.01007200 4.79839400 -1.69708200 / 0.00000000 0.00000000 -1.00000000 / 255 0 255 255 / 0.99674990 0.07032780 / 0.00000000 -1.00000000 0.00000000 -1.00000000
				-3.36296600 4.79839400 -1.69708200 / 0.00000000 0.00000000 -1.00000000 / 255 0 255 255 / 0.99674990 0.99676520 / 0.00000000 -1.00000000 0.00000000 -1.00000000
				-3.36296600 4.89800300 -1.69708200 / 0.00000000 0.00000000 -1.00000000 / 255 0 255 255 / 0.94412230 0.99676520 / 0.00000000 -1.00000000 0.00000000 -1.00000000
				-3.36296600 4.89800300 -1.69708200 / 0.00000000 0.00000000 -1.00000000 / 255 0 255 255 / 0.94412230 0.99676520 / 0.00000000 -1.00000000 0.00000000 -1.00000000
				-2.01007200 4.89800300 -1.69708200 / 0.00000000 0.00000000 -1.00000000 / 255 0 255 255 / 0.94412230 0.07032780 / 0.00000000 -1.00000000 0.00000000 -1.00000000
				-3.36296600 4.79839400 0.69665500 / 0.00000000 -1.00000000 0.00000000 / 255 0 255 255 / 0.94311520 0.07051090 / -1.00000000 0.00000000 0.00000000 -1.00000000
				-3.36296600 4.79839400 0.69665500 / 0.00000000 -1.00000000 0.00000000 / 255 0 255 255 / 0.94311520 0.07051090 / -1.00000000 0.00000000 0.00000000 -1.00000000
				-3.36296600 4.79839400 -1.69708200 / 0.00000000 -1.00000000 0.00000000 / 255 0 255 255 / 0.94311520 0.99885560 / -1.00000000 0.00000000 0.00000000 -1.00000000
				-2.01007200 4.79839400 -1.69708200 / 0.00000000 -1.00000000 0.00000000 / 255 0 255 255 / 0.00080870 0.99885560 / -1.00000000 0.00000000 0.00000000 -1.00000000
				-2.01007200 4.79839400 -1.69708200 / 0.00000000 -1.00000000 0.00000000 / 255 0 255 255 / 0.00080870 0.99885560 / -1.00000000 0.00000000 0.00000000 -1.00000000
				-2.01007200 4.79839400 0.69665500 / 0.00000000 -1.00000000 0.00000000 / 255 0 255 255 / 0.00080870 0.07051090 / -1.00000000 0.00000000 0.00000000 -1.00000000
				-3.36449100 4.86431200 -0.51952620 / -1.00000000 0.00000000 0.00000000 / 255 0 255 255 / 0.00109860 0.00044250 / 0.00000000 -1.00000000 0.00000000 1.00000000
				-3.36449100 4.86431200 -0.51952620 / -1.00000000 0.00000000 0.00000000 / 255 0 255 255 / 0.00109860 0.00044250 / 0.00000000 -1.00000000 0.00000000 1.00000000
				-3.36449100 4.86431200 -0.60338330 / -1.00000000 0.00000000 0.00000000 / 255 0 255 255 / 0.00109860 0.06388850 / 0.00000000 -1.00000000 0.00000000 1.00000000
				-3.36449100 4.83208500 -0.60338330 / -1.00000000 0.00000000 0.00000000 / 255 0 255 255 / 0.05094910 0.06388850 / 0.00000000 -1.00000000 0.00000000 1.00000000
				-3.36449100 4.83208500 -0.60338330 / -1.00000000 0.00000000 0.00000000 / 255 0 255 255 / 0.05094910 0.06388850 / 0.00000000 -1.00000000 0.00000000 1.00000000
				-3.36449100 4.83208500 -0.51952620 / -1.00000000 0.00000000 0.00000000 / 255 0 255 255 / 0.05094910 0.00044250 / 0.00000000 -1.00000000 0.00000000 1.00000000
				-3.18203800 4.78130400 -0.47531070 / 0.00000000 -1.00000000 0.00000000 / 255 0 255 255 / 0.05249020 0.00129700 / 0.00000000 0.00000000 -1.00000000 1.00000000
				-3.18203800 4.78130400 -0.47531070 / 0.00000000 -1.00000000 0.00000000 / 255 0 255 255 / 0.05249020 0.00129700 / 0.00000000 0.00000000 -1.00000000 1.00000000
				-3.31722700 4.78130400 -0.47531070 / 0.00000000 -1.00000000 0.00000000 / 255 0 255 255 / 0.05249020 0.06323240 / 0.00000000 0.00000000 -1.00000000 1.00000000
				-3.31722700 4.78130400 -0.70096240 / 0.00000000 -1.00000000 0.00000000 / 255 0 255 255 / 0.38668820 0.06323240 / 0.00000000 0.00000000 -1.00000000 1.00000000
				-3.31722700 4.78130400 -0.70096240 / 0.00000000 -1.00000000 0.00000000 / 255 0 255 255 / 0.38668820 0.06323240 / 0.00000000 0.00000000 -1.00000000 1.00000000
				-3.18203800 4.78130400 -0.70096240 / 0.00000000 -1.00000000 0.00000000 / 255 0 255 255 / 0.38668820 0.00129700 / 0.00000000 0.00000000 -1.00000000 1.00000000
				-3.18203800 4.91460500 -0.47531070 / 0.00000000 1.00000000 0.00000000 / 255 0 255 255 / 0.05249020 0.06323240 / 0.00000000 0.00000000 -1.00000000 1.00000000
				-3.18203800 4.91460500 -0.47531070 / 0.00000000 1.00000000 0.00000000 / 255 0 255 255 / 0.05249020 0.06323240 / 0.00000000 0.00000000 -1.00000000 1.00000000
				-3.18203800 4.91460500 -0.70096240 / 0.00000000 1.00000000 0.00000000 / 255 0 255 255 / 0.38668820 0.06323240 / 0.00000000 0.00000000 -1.00000000 1.00000000
				-3.31722700 4.91460500 -0.70096240 / 0.00000000 1.00000000 0.00000000 / 255 0 255 255 / 0.38668820 0.00129700 / 0.00000000 0.00000000 -1.00000000 1.00000000
				-3.31722700 4.91460500 -0.70096240 / 0.00000000 1.00000000 0.00000000 / 255 0 255 255 / 0.38668820 0.00129700 / 0.00000000 0.00000000 -1.00000000 1.00000000
				-3.31722700 4.91460500 -0.47531070 / 0.00000000 1.00000000 0.00000000 / 255 0 255 255 / 0.05249020 0.00129700 / 0.00000000 0.00000000 -1.00000000 1.00000000
				-3.18203800 4.91460500 -0.70096240 / 0.00000000 0.00000000 -1.00000000 / 255 0 255 255 / 0.11387630 0.04190060 / -1.00000000 0.00000000 0.00000000 -1.00000000
				-3.18203800 4.91460500 -0.70096240 / 0.00000000 0.00000000 -1.00000000 / 255 0 255 255 / 0.11387630 0.04190060 / -1.00000000 0.00000000 0.00000000 -1.00000000
				-3.18203800 4.78130400 -0.70096240 / 0.00000000 0.00000000 -1.00000000 / 255 0 255 255 / 0.11387630 0.01710510 / -1.00000000 0.00000000 0.00000000 -1.00000000
				-3.31722700 4.78130400 -0.70096240 / 0.00000000 0.00000000 -1.00000000 / 255 0 255 255 / 0.21328740 0.01710510 / -1.00000000 0.00000000 0.00000000 -1.00000000
				-3.31722700 4.78130400 -0.70096240 / 0.00000000 0.00000000 -1.00000000 / 255 0 255 255 / 0.21328740 0.01710510 / -1.00000000 0.00000000 0.00000000 -1.00000000
				-3.31722700 4.91460500 -0.70096240 / 0.00000000 0.00000000 -1.00000000 / 255 0 255 255 / 0.21328740 0.04190060 / -1.00000000 0.00000000 0.00000000 -1.00000000
				-3.18203800 4.91460500 -0.47531070 / 0.99999980 0.00000000 0.00000000 / 255 0 255 255 / 0.05209350 0.04667660 / 0.00000000 -1.00000000 0.00000000 1.00000000
				-3.18203800 4.91460500 -0.47531070 / 0.99999980 0.00000000 0.00000000 / 255 0 255 255 / 0.05209350 0.04667660 / 0.00000000 -1.00000000 0.00000000 1.00000000
				-3.18203800 4.78130400 -0.47531070 / 1.00000000 0.00000000 0.00000000 / 255 0 255 255 / 0.21463010 0.04667660 / 0.00000000 -1.00000000 0.00000000 1.00000000
				-3.18203800 4.78130400 -0.70096240 / 0.99999980 0.00000000 0.00000000 / 255 0 255 255 / 0.21463010 0.01676940 / 0.00000000 -1.00000000 0.00000000 1.00000000
				-3.18203800 4.78130400 -0.70096240 / 0.99999980 0.00000000 0.00000000 / 255 0 255 255 / 0.21463010 0.01676940 / 0.00000000 -1.00000000 0.00000000 1.00000000
				-3.18203800 4.91460500 -0.70096240 / 1.00000000 0.00000000 0.00000000 / 255 0 255 255 / 0.05209350 0.01676940 / 0.00000000 -1.00000000 0.00000000 1.00000000
				-3.31722700 4.91460500 -0.47531070 / 0.00000000 0.00000000 1.00000000 / 255 0 255 255 / 0.21328740 0.04190060 / -1.00000000 0.00000000 0.00000000 1.00000000
				-3.31722700 4.91460500 -0.47531070 / 0.00000000 0.00000000 1.00000000 / 255 0 255 255 / 0.21328740 0.04190060 / -1.00000000 0.00000000 0.00000000 1.00000000
				-3.31722700 4.78130400 -0.47531070 / 0.00000000 0.00000000 1.00000000 / 255 0 255 255 / 0.21328740 0.01710510 / -1.00000000 0.00000000 0.00000000 1.00000000
				-3.18203800 4.78130400 -0.47531070 / 0.00000000 0.00000000 1.00000000 / 255 0 255 255 / 0.11387630 0.01710510 / -1.00000000 0.00000000 0.00000000 1.00000000
				-3.18203800 4.78130400 -0.47531070 / 0.00000000 0.00000000 1.00000000 / 255 0 255 255 / 0.11387630 0.01710510 / -1.00000000 0.00000000 0.00000000 1.00000000
				-3.18203800 4.91460500 -0.47531070 / 0.00000000 0.00000000 1.00000000 / 255 0 255 255 / 0.11387630 0.04190060 / -1.00000000 0.00000000 0.00000000 1.00000000
				-3.31722700 4.91460500 -0.70096240 / -0.99999980 0.00000000 0.00000000 / 255 0 255 255 / 0.21463010 0.01676940 / 0.00000000 1.00000000 0.00000000 1.00000000
				-3.31722700 4.91460500 -0.70096240 / -0.99999980 0.00000000 0.00000000 / 255 0 255 255 / 0.21463010 0.01676940 / 0.00000000 1.00000000 0.00000000 1.00000000
				-3.31722700 4.78130400 -0.70096240 / -1.00000000 0.00000000 0.00000000 / 255 0 255 255 / 0.05209350 0.01676940 / 0.00000000 1.00000000 0.00000000 1.00000000
				-3.31722700 4.78130400 -0.47531070 / -0.99999980 0.00000000 0.00000000 / 255 0 255 255 / 0.05209350 0.04667660 / 0.00000000 1.00000000 0.00000000 1.00000000
				-3.31722700 4.78130400 -0.47531070 / -0.99999980 0.00000000 0.00000000 / 255 0 255 255 / 0.05209350 0.04667660 / 0.00000000 1.00000000 0.00000000 1.00000000
				-3.31722700 4.91460500 -0.47531070 / -1.00000000 0.00000000 0.00000000 / 255 0 255 255 / 0.21463010 0.04667660 / 0.00000000 1.00000000 0.00000000 1.00000000
				-2.96553500 4.89946800 0.03138930 / 0.00000000 1.00000000 0.00000000 / 255 0 255 255 / 0.88656630 0.06369020 / -0.99985610 0.00000000 0.01696280 1.00000000
				-2.96553500 4.89946800 0.03138930 / 0.00000000 1.00000000 0.00000000 / 255 0 255 255 / 0.88656630 0.06369020 / -0.99985610 0.00000000 0.01696280 1.00000000
				-2.96401000 4.89946800 0.13608360 / 0.00000000 1.00000000 0.00000000 / 255 0 255 255 / 0.88656630 0.00233460 / -0.99985610 0.00000000 0.01696280 1.00000000
				-2.42478400 4.89946800 0.12693550 / 0.00000000 1.00000000 0.00000000 / 255 0 255 255 / 0.39179990 0.00233460 / -0.99985610 0.00000000 0.01696280 1.00000000
				-2.42478400 4.89946800 0.12693550 / 0.00000000 1.00000000 0.00000000 / 255 0 255 255 / 0.39179990 0.00233460 / -0.99985610 0.00000000 0.01696280 1.00000000
				-2.42630800 4.89946800 0.02224120 / 0.00000000 1.00000000 0.00000000 / 255 0 255 255 / 0.39179990 0.06369020 / -0.99985610 0.00000000 0.01696270 1.00000000
				-3.25064900 4.74321800 -0.58813660 / 0.00296680 0.17983550 -0.98369220 / 255 0 255 255 / 0.90083300 0.01086430 / 0.99994950 -0.00997620 0.00119200 -1.00000000
				-3.25064900 4.74321800 -0.58813660 / 0.00296680 0.17983550 -0.98369220 / 255 0 255 255 / 0.90083300 0.01086430 / 0.99994950 -0.00997620 0.00119200 -1.00000000
				-3.25064900 4.74321800 -0.58813660 / 0.00296680 0.17983550 -0.98369220 / 255 0 255 255 / 0.90083300 0.01086430 / 0.99994950 -0.00997620 0.00119200 -1.00000000
				-3.27301000 4.74321800 -0.58254610 / -0.23884010 0.17401280 -0.95534020 / 255 0 255 255 / 0.89189150 0.01086430 / 0.97014130 -0.00000040 -0.24254060 -1.00000000
				-3.26335400 4.84575700 -0.56628290 / -0.23399610 0.00092290 -0.97223710 / 255 0 255 255 / 0.89189150 0.00111390 / 0.97223750 -0.00000350 -0.23399620 -1.00000000
				-3.26335400 4.84575700 -0.56628290 / -0.23399610 0.00092290 -0.97223710 / 255 0 255 255 / 0.89189150 0.00111390 / 0.97223750 -0.00000350 -0.23399620 -1.00000000
				-3.26335400 4.84575700 -0.56628290 / -0.23399610 0.00092290 -0.97223710 / 255 0 255 255 / 0.89189150 0.00111390 / 0.97223750 -0.00000350 -0.23399620 -1.00000000
				-3.25064900 4.84575700 -0.56933220 / 0.00018590 -0.00025900 -0.99999980 / 255 0 255 255 / 0.90083300 0.00111390 / 1.00000000 0.00000000 0.00018590 -1.00000000
				-3.25064900 4.84575700 -0.56933220 / 0.00018590 -0.00025900 -0.99999980 / 255 0 255 255 / 0.90083300 0.00111390 / 1.00000000 0.00000000 0.00018590 -1.00000000
				-3.25064900 4.84575700 -0.56933220 / 0.00018590 -0.00025900 -0.99999980 / 255 0 255 255 / 0.90083300 0.00111390 / 1.00000000 0.00000000 0.00018590 -1.00000000
				-3.25064900 4.84575700 -0.56933220 / 0.00018590 -0.00025900 -0.99999980 / 255 0 255 255 / 0.90083300 0.00111390 / 1.00000000 0.00000000 0.00018590 -1.00000000
				-3.25064900 4.84575700 -0.56933220 / 0.00018590 -0.00025900 -0.99999980 / 255 0 255 255 / 0.90083300 0.00111390 / 1.00000000 0.00000000 0.00018590 -1.00000000
				-3.25064900 4.84575700 -0.56933220 / 0.00018590 -0.00025900 -0.99999980 / 255 0 255 255 / 0.90083300 0.00111390 / 1.00000000 0.00000000 0.00018590 -1.00000000
				-3.27301000 4.94829600 -0.58254610 / -0.23806240 -0.17502830 -0.95534880 / 255 0 255 255 / 0.89189150 0.01087950 / 0.97034690 -0.00045530 -0.24171630 1.00000000
				-3.27301000 4.94829600 -0.58254610 / -0.23806240 -0.17502830 -0.95534880 / 255 0 255 255 / 0.89189150 0.01087950 / 0.97034690 -0.00045530 -0.24171630 1.00000000
				-3.22879500 4.74321800 -0.58254610 / 0.48638040 0.17989430 -0.85502760 / 255 0 255 255 / 0.90975950 0.01086430 / 0.87014420 -0.01095070 0.49267550 -1.00000000
				-3.22879500 4.74321800 -0.58254610 / 0.48638040 0.17989430 -0.85502760 / 255 0 255 255 / 0.90975950 0.01086430 / 0.87014420 -0.01095070 0.49267550 -1.00000000
				-3.22879500 4.74321800 -0.58254610 / 0.48638040 0.17989430 -0.85502760 / 255 0 255 255 / 0.90975950 0.01086430 / 0.87014420 -0.01095070 0.49267550 -1.00000000
				-3.25064900 4.94829600 -0.58813660 / 0.00205460 -0.17952250 -0.98375170 / 255 0 255 255 / 0.90083300 0.01087950 / 0.99995130 -0.00912660 0.00375390 1.00000000
				-3.25064900 4.94829600 -0.58813660 / 0.00205460 -0.17952250 -0.98375170 / 255 0 255 255 / 0.90083300 0.01087950 / 0.99995130 -0.00912660 0.00375390 1.00000000
				-3.25064900 4.94829600 -0.58813660 / 0.00205460 -0.17952250 -0.98375170 / 255 0 255 255 / 0.90083300 0.01087950 / 0.99995130 -0.00912660 0.00375390 1.00000000
				-3.23794300 4.84575700 -0.56628290 / 0.48899590 -0.00074110 -0.87228570 / 255 0 255 255 / 0.90975950 0.00111390 / 0.87228600 -0.00000240 0.48899610 -1.00000000
				-3.23794300 4.84575700 -0.56628290 / 0.48899590 -0.00074110 -0.87228570 / 255 0 255 255 / 0.90975950 0.00111390 / 0.87228600 -0.00000240 0.48899610 -1.00000000
				-3.23794300 4.84575700 -0.56628290 / 0.48899590 -0.00074110 -0.87228570 / 255 0 255 255 / 0.90975950 0.00111390 / 0.87228600 -0.00000240 0.48899610 -1.00000000
				-3.23794300 4.84575700 -0.56628290 / 0.48899590 -0.00074110 -0.87228570 / 255 0 255 255 / 0.90975950 0.00111390 / 0.87228600 -0.00000240 0.48899610 -1.00000000
				-3.23794300 4.84575700 -0.56628290 / 0.48899590 -0.00074110 -0.87228570 / 255 0 255 255 / 0.90975950 0.00111390 / 0.87228600 -0.00000240 0.48899610 -1.00000000
				-3.23794300 4.84575700 -0.56628290 / 0.48899590 -0.00074110 -0.87228570 / 255 0 255 255 / 0.90975950 0.00111390 / 0.87228600 -0.00000240 0.48899610 -1.00000000
				-3.21253200 4.74321800 -0.56628290 / 0.84969880 0.17901170 -0.49595020 / 255 0 255 255 / 0.91870120 0.01086430 / 0.50571750 -0.01052240 0.86263500 -1.00000000
				-3.21253200 4.74321800 -0.56628290 / 0.84969880 0.17901170 -0.49595020 / 255 0 255 255 / 0.91870120 0.01086430 / 0.50571750 -0.01052240 0.86263500 -1.00000000
				-3.21253200 4.74321800 -0.56628290 / 0.84969880 0.17901170 -0.49595020 / 255 0 255 255 / 0.91870120 0.01086430 / 0.50571750 -0.01052240 0.86263500 -1.00000000
				-3.22879500 4.94829600 -0.58254610 / 0.48694180 -0.17903190 -0.85488920 / 255 0 255 255 / 0.90975950 0.01087950 / 0.86788020 -0.01102870 0.49665100 1.00000000
				-3.22879500 4.94829600 -0.58254610 / 0.48694180 -0.17903190 -0.85488920 / 255 0 255 255 / 0.90975950 0.01087950 / 0.86788020 -0.01102870 0.49665100 1.00000000
				-3.22879500 4.94829600 -0.58254610 / 0.48694180 -0.17903190 -0.85488920 / 255 0 255 255 / 0.90975950 0.01087950 / 0.86788020 -0.01102870 0.49665100 1.00000000
				-3.22879500 4.84575700 -0.55713490 / 0.87190070 0.00182740 -0.48967940 / 255 0 255 255 / 0.91870120 0.00111390 / 0.48968020 -0.00001360 0.87190210 -1.00000000
				-3.22879500 4.84575700 -0.55713490 / 0.87190070 0.00182740 -0.48967940 / 255 0 255 255 / 0.91870120 0.00111390 / 0.48968020 -0.00001360 0.87190210 -1.00000000
				-3.22879500 4.84575700 -0.55713490 / 0.87190070 0.00182740 -0.48967940 / 255 0 255 255 / 0.91870120 0.00111390 / 0.48968020 -0.00001360 0.87190210 -1.00000000
				-3.22879500 4.84575700 -0.55713490 / 0.87190070 0.00182740 -0.48967940 / 255 0 255 255 / 0.91870120 0.00111390 / 0.48968020 -0.00001360 0.87190210 -1.00000000
				-3.22879500 4.84575700 -0.55713490 / 0.87190070 0.00182740 -0.48967940 / 255 0 255 255 / 0.91870120 0.00111390 / 0.48968020 -0.00001360 0.87190210 -1.00000000
				-3.22879500 4.84575700 -0.55713490 / 0.87190070 0.00182740 -0.48967940 / 255 0 255 255 / 0.91870120 0.00111390 / 0.48968020 -0.00001360 0.87190210 -1.00000000
				-3.20643300 4.74321800 -0.54442920 / 0.98311500 0.18298280 -0.00144500 / 255 0 255 255 / 0.92764280 0.01086430 / 0.00320680 -0.00933230 0.99995130 -1.00000000
				-3.20643300 4.74321800 -0.54442920 / 0.98311500 0.18298280 -0.00144500 / 255 0 255 255 / 0.92764280 0.01086430 / 0.00320680 -0.00933230 0.99995130 -1.00000000
				-3.20643300 4.74321800 -0.54442920 / 0.98311500 0.18298280 -0.00144500 / 255 0 255 255 / 0.92764280 0.01086430 / 0.00320680 -0.00933230 0.99995130 -1.00000000
				-3.21253200 4.94829600 -0.56628290 / 0.85005420 -0.18112840 -0.49457060 / 255 0 255 255 / 0.91870120 0.01087950 / 0.50105880 -0.01128720 0.86533960 1.00000000
				-3.21253200 4.94829600 -0.56628290 / 0.85005420 -0.18112840 -0.49457060 / 255 0 255 255 / 0.91870120 0.01087950 / 0.50105880 -0.01128720 0.86533960 1.00000000
				-3.21253200 4.94829600 -0.56628290 / 0.85005420 -0.18112840 -0.49457060 / 255 0 255 255 / 0.91870120 0.01087950 / 0.50105880 -0.01128720 0.86533960 1.00000000
				-3.22574600 4.84575700 -0.54442920 / 0.99999980 0.00026280 -0.00018680 / 255 0 255 255 / 0.92764280 0.00111390 / 0.00018680 0.00000000 1.00000000 -1.00000000
				-3.22574600 4.84575700 -0.54442920 / 0.99999980 0.00026280 -0.00018680 / 255 0 255 255 / 0.92764280 0.00111390 / 0.00018680 0.00000000 1.00000000 -1.00000000
				-3.22574600 4.84575700 -0.54442920 / 0.99999980 0.00026280 -0.00018680 / 255 0 255 255 / 0.92764280 0.00111390 / 0.00018680 0.00000000 1.00000000 -1.00000000
				-3.22574600 4.84575700 -0.54442920 / 0.99999980 0.00026280 -0.00018680 / 255 0 255 255 / 0.92764280 0.00111390 / 0.00018680 0.00000000 1.00000000 -1.00000000
				-3.22574600 4.84575700 -0.54442920 / 0.99999980 0.00026280 -0.00018680 / 255 0 255 255 / 0.92764280 0.00111390 / 0.00018680 0.00000000 1.00000000 -1.00000000
				-3.22574600 4.84575700 -0.54442920 / 0.99999980 0.00026280 -0.00018680 / 255 0 255 255 / 0.92764280 0.00111390 / 0.00018680 0.00000000 1.00000000 -1.00000000
				-3.21253200 4.74321800 -0.52206730 / 0.84688120 0.18316580 0.49924160 / 255 0 255 255 / 0.93656920 0.01086430 / -0.50578800 -0.01248690 0.86256740 -1.00000000
				-3.21253200 4.74321800 -0.52206730 / 0.84688120 0.18316580 0.49924160 / 255 0 255 255 / 0.93656920 0.01086430 / -0.50578800 -0.01248690 0.86256740 -1.00000000
				-3.21253200 4.74321800 -0.52206730 / 0.84688120 0.18316580 0.49924160 / 255 0 255 255 / 0.93656920 0.01086430 / -0.50578800 -0.01248690 0.86256740 -1.00000000
				-3.20643300 4.94829600 -0.54442920 / 0.98304530 -0.18332010 -0.00395680 / 255 0 255 255 / 0.92764280 0.01087950 / 0.00208150 -0.01042070 0.99994360 1.00000000
				-3.20643300 4.94829600 -0.54442920 / 0.98304530 -0.18332010 -0.00395680 / 255 0 255 255 / 0.92764280 0.01087950 / 0.00208150 -0.01042070 0.99994360 1.00000000
				-3.20643300 4.94829600 -0.54442920 / 0.98304530 -0.18332010 -0.00395680 / 255 0 255 255 / 0.92764280 0.01087950 / 0.00208150 -0.01042070 0.99994360 1.00000000
				-3.22879500 4.84575700 -0.53172360 / 0.87209160 -0.00235830 0.48933700 / 255 0 255 255 / 0.93656920 0.00111390 / -0.48933840 -0.00001790 0.87209400 -1.00000000
				-3.22879500 4.84575700 -0.53172360 / 0.87209160 -0.00235830 0.48933700 / 255 0 255 255 / 0.93656920 0.00111390 / -0.48933840 -0.00001790 0.87209400 -1.00000000
				-3.22879500 4.84575700 -0.53172360 / 0.87209160 -0.00235830 0.48933700 / 255 0 255 255 / 0.93656920 0.00111390 / -0.48933840 -0.00001790 0.87209400 -1.00000000
				-3.22879500 4.84575700 -0.53172360 / 0.87209160 -0.00235830 0.48933700 / 255 0 255 255 / 0.93656920 0.00111390 / -0.48933840 -0.00001790 0.87209400 -1.00000000
				-3.22879500 4.84575700 -0.53172360 / 0.87209160 -0.00235830 0.48933700 / 255 0 255 255 / 0.93656920 0.00111390 / -0.48933840 -0.00001790 0.87209400 -1.00000000
				-3.22879500 4.84575700 -0.53172360 / 0.87209160 -0.00235830 0.48933700 / 255 0 255 255 / 0.93656920 0.00111390 / -0.48933840 -0.00001790 0.87209400 -1.00000000
				-3.22879500 4.74321800 -0.50631240 / 0.48980290 0.17993130 0.85306380 / 255 0 255 255 / 0.94551090 0.01086430 / -0.86621460 -0.01047220 0.49956250 -1.00000000
				-3.22879500 4.74321800 -0.50631240 / 0.48980290 0.17993130 0.85306380 / 255 0 255 255 / 0.94551090 0.01086430 / -0.86621460 -0.01047220 0.49956250 -1.00000000
				-3.22879500 4.74321800 -0.50631240 / 0.48980290 0.17993130 0.85306380 / 255 0 255 255 / 0.94551090 0.01086430 / -0.86621460 -0.01047220 0.49956250 -1.00000000
				-3.21253200 4.94829600 -0.52206730 / 0.84702380 -0.18048550 0.49997570 / 255 0 255 255 / 0.93656920 0.01087950 / -0.50983070 -0.00969300 0.86022020 1.00000000
				-3.21253200 4.94829600 -0.52206730 / 0.84702380 -0.18048550 0.49997570 / 255 0 255 255 / 0.93656920 0.01087950 / -0.50983070 -0.00969300 0.86022020 1.00000000
				-3.21253200 4.94829600 -0.52206730 / 0.84702380 -0.18048550 0.49997570 / 255 0 255 255 / 0.93656920 0.01087950 / -0.50983070 -0.00969300 0.86022020 1.00000000
				-3.23794300 4.84575700 -0.52257560 / 0.50476800 -0.00083070 0.86325480 / 255 0 255 255 / 0.94551090 0.00111390 / -0.86325500 -0.00000460 0.50476810 -1.00000000
				-3.23794300 4.84575700 -0.52257560 / 0.50476800 -0.00083070 0.86325480 / 255 0 255 255 / 0.94551090 0.00111390 / -0.86325500 -0.00000460 0.50476810 -1.00000000
				-3.23794300 4.84575700 -0.52257560 / 0.50476800 -0.00083070 0.86325480 / 255 0 255 255 / 0.94551090 0.00111390 / -0.86325500 -0.00000460 0.50476810 -1.00000000
				-3.23794300 4.84575700 -0.52257560 / 0.50476800 -0.00083070 0.86325480 / 255 0 255 255 / 0.94551090 0.00111390 / -0.86325500 -0.00000460 0.50476810 -1.00000000
				-3.23794300 4.84575700 -0.52257560 / 0.50476800 -0.00083070 0.86325480 / 255 0 255 255 / 0.94551090 0.00111390 / -0.86325500 -0.00000460 0.50476810 -1.00000000
				-3.23794300 4.84575700 -0.52257560 / 0.50476800 -0.00083070 0.86325480 / 255 0 255 255 / 0.94551090 0.00111390 / -0.86325500 -0.00000460 0.50476810 -1.00000000
				-3.25064900 4.74321800 -0.50021370 / 0.00284420 0.18042840 0.98358400 / 255 0 255 255 / 0.95443730 0.01086430 / -0.99993190 -0.01061570 0.00483890 -1.00000000
				-3.25064900 4.74321800 -0.50021370 / 0.00284420 0.18042840 0.98358400 / 255 0 255 255 / 0.95443730 0.01086430 / -0.99993190 -0.01061570 0.00483890 -1.00000000
				-3.25064900 4.74321800 -0.50021370 / 0.00284420 0.18042840 0.98358400 / 255 0 255 255 / 0.95443730 0.01086430 / -0.99993190 -0.01061570 0.00483890 -1.00000000
				-3.22879500 4.94829600 -0.50631240 / 0.48940710 -0.17897890 0.85349120 / 255 0 255 255 / 0.94551090 0.01087950 / -0.86836570 -0.01008370 0.49582180 1.00000000
				-3.22879500 4.94829600 -0.50631240 / 0.48940710 -0.17897890 0.85349120 / 255 0 255 255 / 0.94551090 0.01087950 / -0.86836570 -0.01008370 0.49582180 1.00000000
				-3.22879500 4.94829600 -0.50631240 / 0.48940710 -0.17897890 0.85349120 / 255 0 255 255 / 0.94551090 0.01087950 / -0.86836570 -0.01008370 0.49582180 1.00000000
				-3.25064900 4.84575700 -0.51901800 / 0.00021570 0.00030010 0.99999980 / 255 0 255 255 / 0.95443730 0.00111390 / -1.00000000 0.00000000 0.00021570 -1.00000000
				-3.25064900 4.84575700 -0.51901800 / 0.00021570 0.00030010 0.99999980 / 255 0 255 255 / 0.95443730 0.00111390 / -1.00000000 0.00000000 0.00021570 -1.00000000
				-3.25064900 4.84575700 -0.51901800 / 0.00021570 0.00030010 0.99999980 / 255 0 255 255 / 0.95443730 0.00111390 / -1.00000000 0.00000000 0.00021570 -1.00000000
				-3.25064900 4.84575700 -0.51901800 / 0.00021570 0.00030010 0.99999980 / 255 0 255 255 / 0.95443730 0.00111390 / -1.00000000 0.00000000 0.00021570 -1.00000000
				-3.25064900 4.84575700 -0.51901800 / 0.00021570 0.00030010 0.99999980 / 255 0 255 255 / 0.95443730 0.00111390 / -1.00000000 0.00000000 0.00021570 -1.00000000
				-3.25064900 4.84575700 -0.51901800 / 0.00021570 0.00030010 0.99999980 / 255 0 255 255 / 0.95443730 0.00111390 / -1.00000000 0.00000000 0.00021570 -1.00000000
				-3.27301000 4.74321800 -0.50631240 / -0.49409740 0.18099390 0.85035820 / 255 0 255 255 / 0.96337890 0.01086430 / -0.86561280 -0.01113960 -0.50059000 -1.00000000
				-3.27301000 4.74321800 -0.50631240 / -0.49409740 0.18099390 0.85035820 / 255 0 255 255 / 0.96337890 0.01086430 / -0.86561280 -0.01113960 -0.50059000 -1.00000000
				-3.27301000 4.74321800 -0.50631240 / -0.49409740 0.18099390 0.85035820 / 255 0 255 255 / 0.96337890 0.01086430 / -0.86561280 -0.01113960 -0.50059000 -1.00000000
				-3.25064900 4.94829600 -0.50021370 / 0.00255690 -0.18077190 0.98352180 / 255 0 255 255 / 0.95443730 0.01087950 / -0.99993340 -0.01153580 0.00047930 1.00000000
				-3.25064900 4.94829600 -0.50021370 / 0.00255690 -0.18077190 0.98352180 / 255 0 255 255 / 0.95443730 0.01087950 / -0.99993340 -0.01153580 0.00047930 1.00000000
				-3.25064900 4.94829600 -0.50021370 / 0.00255690 -0.18077190 0.98352180 / 255 0 255 255 / 0.95443730 0.01087950 / -0.99993340 -0.01153580 0.00047930 1.00000000
				-3.26335400 4.84575700 -0.52257560 / -0.50445810 0.00034180 0.86343600 / 255 0 255 255 / 0.96337890 0.00111390 / -0.86343610 -0.00000160 -0.50445820 -1.00000000
				-3.26335400 4.84575700 -0.52257560 / -0.50445810 0.00034180 0.86343600 / 255 0 255 255 / 0.96337890 0.00111390 / -0.86343610 -0.00000160 -0.50445820 -1.00000000
				-3.26335400 4.84575700 -0.52257560 / -0.50445810 0.00034180 0.86343600 / 255 0 255 255 / 0.96337890 0.00111390 / -0.86343610 -0.00000160 -0.50445820 -1.00000000
				-3.26335400 4.84575700 -0.52257560 / -0.50445810 0.00034180 0.86343600 / 255 0 255 255 / 0.96337890 0.00111390 / -0.86343610 -0.00000160 -0.50445820 -1.00000000
				-3.26335400 4.84575700 -0.52257560 / -0.50445810 0.00034180 0.86343600 / 255 0 255 255 / 0.96337890 0.00111390 / -0.86343610 -0.00000160 -0.50445820 -1.00000000
				-3.26335400 4.84575700 -0.52257560 / -0.50445810 0.00034180 0.86343600 / 255 0 255 255 / 0.96337890 0.00111390 / -0.86343610 -0.00000160 -0.50445820 -1.00000000
				-3.28876500 4.74321800 -0.52206730 / -0.85042570 0.18138550 0.49383750 / 255 0 255 255 / 0.97230530 0.01086430 / -0.50369850 -0.00975420 -0.86382440 -1.00000000
				-3.28876500 4.74321800 -0.52206730 / -0.85042570 0.18138550 0.49383750 / 255 0 255 255 / 0.97230530 0.01086430 / -0.50369850 -0.00975420 -0.86382440 -1.00000000
				-3.28876500 4.74321800 -0.52206730 / -0.85042570 0.18138550 0.49383750 / 255 0 255 255 / 0.97230530 0.01086430 / -0.50369850 -0.00975420 -0.86382440 -1.00000000
				-3.27301000 4.94829600 -0.50631240 / -0.49384080 -0.18138570 0.85042380 / 255 0 255 255 / 0.96337890 0.01087950 / -0.86382250 -0.00975450 -0.50370190 1.00000000
				-3.27301000 4.94829600 -0.50631240 / -0.49384080 -0.18138570 0.85042380 / 255 0 255 255 / 0.96337890 0.01087950 / -0.86382250 -0.00975450 -0.50370190 1.00000000
				-3.27301000 4.94829600 -0.50631240 / -0.49384080 -0.18138570 0.85042380 / 255 0 255 255 / 0.96337890 0.01087950 / -0.86382250 -0.00975450 -0.50370190 1.00000000
				-3.27250300 4.84575700 -0.53172360 / -0.86343740 -0.00034210 0.50445590 / 255 0 255 255 / 0.97230530 0.00111390 / -0.50445590 -0.00000160 -0.86343750 -1.00000000
				-3.27250300 4.84575700 -0.53172360 / -0.86343740 -0.00034210 0.50445590 / 255 0 255 255 / 0.97230530 0.00111390 / -0.50445590 -0.00000160 -0.86343750 -1.00000000
				-3.27250300 4.84575700 -0.53172360 / -0.86343740 -0.00034210 0.50445590 / 255 0 255 255 / 0.97230530 0.00111390 / -0.50445590 -0.00000160 -0.86343750 -1.00000000
				-3.27250300 4.84575700 -0.53172360 / -0.86343740 -0.00034210 0.50445590 / 255 0 255 255 / 0.97230530 0.00111390 / -0.50445590 -0.00000160 -0.86343750 -1.00000000
				-3.27250300 4.84575700 -0.53172360 / -0.86343740 -0.00034210 0.50445590 / 255 0 255 255 / 0.97230530 0.00111390 / -0.50445590 -0.00000160 -0.86343750 -1.00000000
				-3.27250300 4.84575700 -0.53172360 / -0.86343740 -0.00034210 0.50445590 / 255 0 255 255 / 0.97230530 0.00111390 / -0.50445590 -0.00000160 -0.86343750 -1.00000000
				-3.29486400 4.74321800 -0.54442920 / -0.98352240 0.18076820 -0.00255860 / 255 0 255 255 / 0.98124690 0.01086430 / 0.00048090 -0.01153650 -0.99993340 -1.00000000
				-3.29486400 4.74321800 -0.54442920 / -0.98352240 0.18076820 -0.00255860 / 255 0 255 255 / 0.98124690 0.01086430 / 0.00048090 -0.01153650 -0.99993340 -1.00000000
				-3.29486400 4.74321800 -0.54442920 / -0.98352240 0.18076820 -0.00255860 / 255 0 255 255 / 0.98124690 0.01086430 / 0.00048090 -0.01153650 -0.99993340 -1.00000000
				-3.28876500 4.94829600 -0.52206730 / -0.85035990 -0.18099330 0.49409480 / 255 0 255 255 / 0.97230530 0.01087950 / -0.50058720 -0.01114020 -0.86561440 1.00000000
				-3.28876500 4.94829600 -0.52206730 / -0.85035990 -0.18099330 0.49409480 / 255 0 255 255 / 0.97230530 0.01087950 / -0.50058720 -0.01114020 -0.86561440 1.00000000
				-3.28876500 4.94829600 -0.52206730 / -0.85035990 -0.18099330 0.49409480 / 255 0 255 255 / 0.97230530 0.01087950 / -0.50058720 -0.01114020 -0.86561440 1.00000000
				-3.27606000 4.84575700 -0.54442920 / -0.99999980 -0.00030040 -0.00021620 / 255 0 255 255 / 0.98124690 0.00111390 / 0.00021620 0.00000000 -1.00000000 -1.00000000
				-3.27606000 4.84575700 -0.54442920 / -0.99999980 -0.00030040 -0.00021620 / 255 0 255 255 / 0.98124690 0.00111390 / 0.00021620 0.00000000 -1.00000000 -1.00000000
				-3.27606000 4.84575700 -0.54442920 / -0.99999980 -0.00030040 -0.00021620 / 255 0 255 255 / 0.98124690 0.00111390 / 0.00021620 0.00000000 -1.00000000 -1.00000000
				-3.27606000 4.84575700 -0.54442920 / -0.99999980 -0.00030040 -0.00021620 / 255 0 255 255 / 0.98124690 0.00111390 / 0.00021620 0.00000000 -1.00000000 -1.00000000
				-3.27606000 4.84575700 -0.54442920 / -0.99999980 -0.00030040 -0.00021620 / 255 0 255 255 / 0.98124690 0.00111390 / 0.00021620 0.00000000 -1.00000000 -1.00000000
				-3.27606000 4.84575700 -0.54442920 / -0.99999980 -0.00030040 -0.00021620 / 255 0 255 255 / 0.98124690 0.00111390 / 0.00021620 0.00000000 -1.00000000 -1.00000000
				-3.28876500 4.74321800 -0.56628290 / -0.85349520 0.17897660 -0.48940090 / 255 0 255 255 / 0.99017340 0.01086430 / 0.49581570 -0.01008140 -0.86836920 -1.00000000
				-3.28876500 4.74321800 -0.56628290 / -0.85349520 0.17897660 -0.48940090 / 255 0 255 255 / 0.99017340 0.01086430 / 0.49581570 -0.01008140 -0.86836920 -1.00000000
				-3.28876500 4.74321800 -0.56628290 / -0.85349520 0.17897660 -0.48940090 / 255 0 255 255 / 0.99017340 0.01086430 / 0.49581570 -0.01008140 -0.86836920 -1.00000000
				-3.29486400 4.94829600 -0.54442920 / -0.98358480 -0.18042440 -0.00284690 / 255 0 255 255 / 0.98124690 0.01087950 / 0.00484140 -0.01061500 -0.99993190 1.00000000
				-3.29486400 4.94829600 -0.54442920 / -0.98358480 -0.18042440 -0.00284690 / 255 0 255 255 / 0.98124690 0.01087950 / 0.00484140 -0.01061500 -0.99993190 1.00000000
				-3.29486400 4.94829600 -0.54442920 / -0.98358480 -0.18042440 -0.00284690 / 255 0 255 255 / 0.98124690 0.01087950 / 0.00484140 -0.01061500 -0.99993190 1.00000000
				-3.27250300 4.84575700 -0.55713490 / -0.86325520 0.00083150 -0.50476710 / 255 0 255 255 / 0.99017340 0.00111390 / 0.50476720 -0.00000460 -0.86325550 -1.00000000
				-3.27250300 4.84575700 -0.55713490 / -0.86325520 0.00083150 -0.50476710 / 255 0 255 255 / 0.99017340 0.00111390 / 0.50476720 -0.00000460 -0.86325550 -1.00000000
				-3.27250300 4.84575700 -0.55713490 / -0.86325520 0.00083150 -0.50476710 / 255 0 255 255 / 0.99017340 0.00111390 / 0.50476720 -0.00000460 -0.86325550 -1.00000000
				-3.27250300 4.84575700 -0.55713490 / -0.86325520 0.00083150 -0.50476710 / 255 0 255 255 / 0.99017340 0.00111390 / 0.50476720 -0.00000460 -0.86325550 -1.00000000
				-3.27250300 4.84575700 -0.55713490 / -0.86325520 0.00083150 -0.50476710 / 255 0 255 255 / 0.99017340 0.00111390 / 0.50476720 -0.00000460 -0.86325550 -1.00000000
				-3.27250300 4.84575700 -0.55713490 / -0.86325520 0.00083150 -0.50476710 / 255 0 255 255 / 0.99017340 0.00111390 / 0.50476720 -0.00000460 -0.86325550 -1.00000000
				-3.27301000 4.74321800 -0.58254610 / -0.70646190 0.17353930 -0.68614550 / 255 0 255 255 / 0.99911500 0.01086430 / 0.69681380 0.00076800 -0.71725170 -1.00000000
				-3.27301000 4.74321800 -0.58254610 / -0.70646190 0.17353930 -0.68614550 / 255 0 255 255 / 0.99911500 0.01086430 / 0.69681380 0.00076800 -0.71725170 -1.00000000
				-3.28876500 4.94829600 -0.56628290 / -0.85306760 -0.17992990 -0.48979670 / 255 0 255 255 / 0.99017340 0.01087950 / 0.49955630 -0.01047410 -0.86621810 1.00000000
				-3.28876500 4.94829600 -0.56628290 / -0.85306760 -0.17992990 -0.48979670 / 255 0 255 255 / 0.99017340 0.01087950 / 0.49955630 -0.01047410 -0.86621810 1.00000000
				-3.28876500 4.94829600 -0.56628290 / -0.85306760 -0.17992990 -0.48979670 / 255 0 255 255 / 0.99017340 0.01087950 / 0.49955630 -0.01047410 -0.86621810 1.00000000
				-3.26335400 4.84575700 -0.56628290 / -0.70785130 0.00151890 -0.70635990 / 255 0 255 255 / 0.99911500 0.00111390 / 0.70636060 -0.00000960 -0.70785210 1.00000000
				-3.26335400 4.84575700 -0.56628290 / -0.70785130 0.00151890 -0.70635990 / 255 0 255 255 / 0.99911500 0.00111390 / 0.70636060 -0.00000960 -0.70785210 1.00000000
				-3.26335400 4.84575700 -0.56628290 / -0.70785130 0.00151890 -0.70635990 / 255 0 255 255 / 0.99911500 0.00111390 / 0.70636060 -0.00000960 -0.70785210 1.00000000
				-3.27301000 4.94829600 -0.58254610 / -0.70712170 -0.17523820 -0.68503330 / 255 0 255 255 / 0.99911500 0.01087950 / 0.69580010 0.00000000 -0.71823560 1.00000000
				-3.22981100 4.73784700 -0.50783710 / 0.00000000 -1.00000000 0.00000000 / 255 0 255 255 / 0.96961970 0.05627440 / 0.99988260 0.00000000 -0.01532050 -1.00000000
				-3.22981100 4.73784700 -0.50783710 / 0.00000000 -1.00000000 0.00000000 / 255 0 255 255 / 0.96961970 0.05627440 / 0.99988260 0.00000000 -0.01532050 -1.00000000
				-3.22981100 4.73784700 -0.50783710 / 0.00000000 -1.00000000 0.00000000 / 255 0 255 255 / 0.96961970 0.05627440 / 0.99988260 0.00000000 -0.01532050 -1.00000000
				-3.25064900 4.73784700 -0.50224660 / 0.00000000 -1.00000000 0.00000000 / 255 0 255 255 / 0.94966120 0.05931090 / 1.00000000 0.00000000 0.00000000 -1.00000000
				-3.27148500 4.73784700 -0.50783710 / 0.00000000 -1.00000000 0.00000000 / 255 0 255 255 / 0.92970280 0.05627440 / 0.99994390 0.00000000 0.01059520 -1.00000000
				-3.27148500 4.73784700 -0.50783710 / 0.00000000 -1.00000000 0.00000000 / 255 0 255 255 / 0.92970280 0.05627440 / 0.99994390 0.00000000 0.01059520 -1.00000000
				-3.27148500 4.73784700 -0.50783710 / 0.00000000 -1.00000000 0.00000000 / 255 0 255 255 / 0.92970280 0.05627440 / 0.99994390 0.00000000 0.01059520 -1.00000000
				-3.27148500 4.73784700 -0.50783710 / 0.00000000 -1.00000000 0.00000000 / 255 0 255 255 / 0.92970280 0.05627440 / 0.99994390 0.00000000 0.01059520 -1.00000000
				-3.27148500 4.73784700 -0.50783710 / 0.00000000 -1.00000000 0.00000000 / 255 0 255 255 / 0.92970280 0.05627440 / 0.99994390 0.00000000 0.01059520 -1.00000000
				-3.21456500 4.73784700 -0.52359200 / 0.00000000 -1.00000000 0.00000000 / 255 0 255 255 / 0.98423770 0.04800420 / 0.99894200 0.00000000 -0.04598930 -1.00000000
				-3.20897500 4.73784700 -0.54442920 / 0.00000000 -1.00000000 0.00000000 / 255 0 255 255 / 0.98957830 0.03669740 / 0.99994780 0.00000000 -0.01023260 -1.00000000
				-3.20897500 4.73784700 -0.54442920 / 0.00000000 -1.00000000 0.00000000 / 255 0 255 255 / 0.98957830 0.03669740 / 0.99994780 0.00000000 -0.01023260 -1.00000000
				-3.20897500 4.73784700 -0.54442920 / 0.00000000 -1.00000000 0.00000000 / 255 0 255 255 / 0.98957830 0.03669740 / 0.99994780 0.00000000 -0.01023260 -1.00000000
				-3.20897500 4.73784700 -0.54442920 / 0.00000000 -1.00000000 0.00000000 / 255 0 255 255 / 0.98957830 0.03669740 / 0.99994780 0.00000000 -0.01023260 -1.00000000
				-3.20897500 4.73784700 -0.54442920 / 0.00000000 -1.00000000 0.00000000 / 255 0 255 255 / 0.98957830 0.03669740 / 0.99994780 0.00000000 -0.01023260 -1.00000000
				-3.22981100 4.73784700 -0.58051320 / 0.00000000 -1.00000000 0.00000000 / 255 0 255 255 / 0.96961970 0.01713560 / 0.99999980 0.00000000 -0.00044970 -1.00000000
				-3.22981100 4.73784700 -0.58051320 / 0.00000000 -1.00000000 0.00000000 / 255 0 255 255 / 0.96961970 0.01713560 / 0.99999980 0.00000000 -0.00044970 -1.00000000
				-3.22981100 4.73784700 -0.58051320 / 0.00000000 -1.00000000 0.00000000 / 255 0 255 255 / 0.96961970 0.01713560 / 0.99999980 0.00000000 -0.00044970 -1.00000000
				-3.21456500 4.73784700 -0.56526640 / 0.00000000 -1.00000000 0.00000000 / 255 0 255 255 / 0.98423770 0.02540590 / 0.99999910 0.00000000 -0.00135120 -1.00000000
				-3.28724000 4.73784700 -0.52359200 / 0.00000000 -1.00000000 0.00000000 / 255 0 255 255 / 0.91510010 0.04800420 / 0.99903210 0.00000000 0.04398750 -1.00000000
				-3.29283100 4.73784700 -0.54442920 / 0.00000000 -0.99999980 0.00000000 / 255 0 255 255 / 0.90974420 0.03669740 / 0.99982130 0.00000000 0.01890340 -1.00000000
				-3.29283100 4.73784700 -0.54442920 / 0.00000000 -0.99999980 0.00000000 / 255 0 255 255 / 0.90974420 0.03669740 / 0.99982130 0.00000000 0.01890340 -1.00000000
				-3.29283100 4.73784700 -0.54442920 / 0.00000000 -0.99999980 0.00000000 / 255 0 255 255 / 0.90974420 0.03669740 / 0.99982130 0.00000000 0.01890340 -1.00000000
				-3.27148500 4.73784700 -0.58051320 / 0.00000000 -1.00000000 0.00000000 / 255 0 255 255 / 0.92970280 0.01713560 / 0.99999840 0.00000000 0.00178070 -1.00000000
				-3.27148500 4.73784700 -0.58051320 / 0.00000000 -1.00000000 0.00000000 / 255 0 255 255 / 0.92970280 0.01713560 / 0.99999840 0.00000000 0.00178070 -1.00000000
				-3.27148500 4.73784700 -0.58051320 / 0.00000000 -1.00000000 0.00000000 / 255 0 255 255 / 0.92970280 0.01713560 / 0.99999840 0.00000000 0.00178070 -1.00000000
				-3.27148500 4.73784700 -0.58051320 / 0.00000000 -1.00000000 0.00000000 / 255 0 255 255 / 0.92970280 0.01713560 / 0.99999840 0.00000000 0.00178070 -1.00000000
				-3.27148500 4.73784700 -0.58051320 / 0.00000000 -1.00000000 0.00000000 / 255 0 255 255 / 0.92970280 0.01713560 / 0.99999840 0.00000000 0.00178070 -1.00000000
				-3.25064900 4.73784700 -0.58610370 / 0.00000000 -0.99999980 0.00000000 / 255 0 255 255 / 0.94966120 0.01409910 / 1.00000000 0.00000000 0.00000000 -1.00000000
				-3.28724000 4.73784700 -0.56526640 / 0.00000000 -1.00000000 0.00000000 / 255 0 255 255 / 0.91510010 0.02540590 / 0.99999920 0.00000000 0.00129200 -1.00000000
				-3.21456500 4.95366700 -0.56526640 / 0.00000000 1.00000000 0.00000000 / 255 0 255 255 / 0.98423770 0.02540590 / 0.99999980 0.00000000 0.00054500 1.00000000
				-3.21456500 4.95366700 -0.56526640 / 0.00000000 1.00000000 0.00000000 / 255 0 255 255 / 0.98423770 0.02540590 / 0.99999980 0.00000000 0.00054500 1.00000000
				-3.21456500 4.95366700 -0.56526640 / 0.00000000 1.00000000 0.00000000 / 255 0 255 255 / 0.98423770 0.02540590 / 0.99999980 0.00000000 0.00054500 1.00000000
				-3.22981100 4.95366700 -0.58051320 / 0.00000000 1.00000000 0.00000000 / 255 0 255 255 / 0.96961970 0.01713560 / 0.99999980 0.00000000 -0.00049090 1.00000000
				-3.25064900 4.95366700 -0.58610370 / 0.00000000 1.00000000 0.00000000 / 255 0 255 255 / 0.94966120 0.01409910 / 1.00000000 0.00000000 0.00000000 1.00000000
				-3.25064900 4.95366700 -0.58610370 / 0.00000000 1.00000000 0.00000000 / 255 0 255 255 / 0.94966120 0.01409910 / 1.00000000 0.00000000 0.00000000 1.00000000
				-3.25064900 4.95366700 -0.58610370 / 0.00000000 1.00000000 0.00000000 / 255 0 255 255 / 0.94966120 0.01409910 / 1.00000000 0.00000000 0.00000000 1.00000000
				-3.25064900 4.95366700 -0.58610370 / 0.00000000 1.00000000 0.00000000 / 255 0 255 255 / 0.94966120 0.01409910 / 1.00000000 0.00000000 0.00000000 1.00000000
				-3.25064900 4.95366700 -0.58610370 / 0.00000000 1.00000000 0.00000000 / 255 0 255 255 / 0.94966120 0.01409910 / 1.00000000 0.00000000 0.00000000 1.00000000
				-3.20897500 4.95366700 -0.54442920 / 0.00000000 1.00000000 0.00000000 / 255 0 255 255 / 0.98957830 0.03669740 / 0.99999680 0.00000000 0.00250970 1.00000000
				-3.21456500 4.95366700 -0.52359200 / 0.00000000 1.00000000 0.00000000 / 255 0 255 255 / 0.98423770 0.04800420 / 0.99999560 0.00000000 0.00296450 1.00000000
				-3.21456500 4.95366700 -0.52359200 / 0.00000000 1.00000000 0.00000000 / 255 0 255 255 / 0.98423770 0.04800420 / 0.99999560 0.00000000 0.00296450 1.00000000
				-3.21456500 4.95366700 -0.52359200 / 0.00000000 1.00000000 0.00000000 / 255 0 255 255 / 0.98423770 0.04800420 / 0.99999560 0.00000000 0.00296450 1.00000000
				-3.21456500 4.95366700 -0.52359200 / 0.00000000 1.00000000 0.00000000 / 255 0 255 255 / 0.98423770 0.04800420 / 0.99999560 0.00000000 0.00296450 1.00000000
				-3.21456500 4.95366700 -0.52359200 / 0.00000000 1.00000000 0.00000000 / 255 0 255 255 / 0.98423770 0.04800420 / 0.99999560 0.00000000 0.00296450 1.00000000
				-3.25064900 4.95366700 -0.50224660 / 0.00000000 0.99999980 0.00000000 / 255 0 255 255 / 0.94966120 0.05931090 / 1.00000000 0.00000000 0.00000160 1.00000000
				-3.25064900 4.95366700 -0.50224660 / 0.00000000 0.99999980 0.00000000 / 255 0 255 255 / 0.94966120 0.05931090 / 1.00000000 0.00000000 0.00000160 1.00000000
				-3.25064900 4.95366700 -0.50224660 / 0.00000000 0.99999980 0.00000000 / 255 0 255 255 / 0.94966120 0.05931090 / 1.00000000 0.00000000 0.00000160 1.00000000
				-3.22981100 4.95366700 -0.50783710 / 0.00000000 1.00000000 0.00000000 / 255 0 255 255 / 0.96961970 0.05627440 / 0.99991890 0.00000000 0.01273700 1.00000000
				-3.27148500 4.95366700 -0.58051320 / 0.00000000 1.00000000 0.00000000 / 255 0 255 255 / 0.92970280 0.01713560 / 0.99999980 0.00000000 0.00049710 1.00000000
				-3.28724000 4.95366700 -0.56526640 / 0.00000000 0.99999980 0.00000000 / 255 0 255 255 / 0.91510010 0.02540590 / 0.99999980 0.00000000 -0.00054280 1.00000000
				-3.28724000 4.95366700 -0.56526640 / 0.00000000 0.99999980 0.00000000 / 255 0 255 255 / 0.91510010 0.02540590 / 0.99999980 0.00000000 -0.00054280 1.00000000
				-3.28724000 4.95366700 -0.56526640 / 0.00000000 0.99999980 0.00000000 / 255 0 255 255 / 0.91510010 0.02540590 / 0.99999980 0.00000000 -0.00054280 1.00000000
				-3.28724000 4.95366700 -0.52359200 / 0.00000000 1.00000000 0.00000000 / 255 0 255 255 / 0.91510010 0.04800420 / 0.99999560 0.00000000 -0.00296270 1.00000000
				-3.28724000 4.95366700 -0.52359200 / 0.00000000 1.00000000 0.00000000 / 255 0 255 255 / 0.91510010 0.04800420 / 0.99999560 0.00000000 -0.00296270 1.00000000
				-3.28724000 4.95366700 -0.52359200 / 0.00000000 1.00000000 0.00000000 / 255 0 255 255 / 0.91510010 0.04800420 / 0.99999560 0.00000000 -0.00296270 1.00000000
				-3.28724000 4.95366700 -0.52359200 / 0.00000000 1.00000000 0.00000000 / 255 0 255 255 / 0.91510010 0.04800420 / 0.99999560 0.00000000 -0.00296270 1.00000000
				-3.28724000 4.95366700 -0.52359200 / 0.00000000 1.00000000 0.00000000 / 255 0 255 255 / 0.91510010 0.04800420 / 0.99999560 0.00000000 -0.00296270 1.00000000
				-3.27148500 4.95366700 -0.50783710 / 0.00000000 1.00000000 0.00000000 / 255 0 255 255 / 0.92970280 0.05627440 / 0.99991690 0.00000000 -0.01289620 1.00000000
				-3.29283100 4.95366700 -0.54442920 / 0.00000000 1.00000000 0.00000000 / 255 0 255 255 / 0.90974420 0.03669740 / 0.99999680 0.00000000 -0.00250970 1.00000000
				-3.20643300 4.74321800 -0.54442920 / 0.90519430 -0.42499690 0.00096210 / 255 0 255 255 / 0.99317930 0.03669740 / 0.42439280 0.90402380 0.05130060 -1.00000000
				-3.20643300 4.74321800 -0.54442920 / 0.90519430 -0.42499690 0.00096210 / 255 0 255 255 / 0.99317930 0.03669740 / 0.42439280 0.90402380 0.05130060 -1.00000000
				-3.20643300 4.74321800 -0.54442920 / 0.90519430 -0.42499690 0.00096210 / 255 0 255 255 / 0.99317930 0.03669740 / 0.42439280 0.90402380 0.05130060 -1.00000000
				-3.20897500 4.73784700 -0.54442920 / 0.90438970 -0.42670380 0.00174300 / 255 0 255 255 / 0.98957830 0.03669740 / 0.42658280 0.90401930 -0.02786050 -1.00000000
				-3.20897500 4.73784700 -0.54442920 / 0.90438970 -0.42670380 0.00174300 / 255 0 255 255 / 0.98957830 0.03669740 / 0.42658280 0.90401930 -0.02786050 -1.00000000
				-3.20897500 4.73784700 -0.54442920 / 0.90438970 -0.42670380 0.00174300 / 255 0 255 255 / 0.98957830 0.03669740 / 0.42658280 0.90401930 -0.02786050 -1.00000000
				-3.21456500 4.73784700 -0.56526640 / 0.79275070 -0.39152450 -0.46717780 / 255 0 255 255 / 0.98423770 0.02540590 / 0.48512880 0.86930170 0.09468180 -1.00000000
				-3.21456500 4.73784700 -0.56526640 / 0.79275070 -0.39152450 -0.46717780 / 255 0 255 255 / 0.98423770 0.02540590 / 0.48512880 0.86930170 0.09468180 -1.00000000
				-3.21456500 4.73784700 -0.56526640 / 0.79275070 -0.39152450 -0.46717780 / 255 0 255 255 / 0.98423770 0.02540590 / 0.48512880 0.86930170 0.09468180 -1.00000000
				-3.21253200 4.74321800 -0.56628290 / 0.79713140 -0.38906430 -0.46174740 / 255 0 255 255 / 0.98735040 0.02430720 / 0.51481260 0.83753450 0.18304050 -1.00000000
				-3.21253200 4.74321800 -0.56628290 / 0.79713140 -0.38906430 -0.46174740 / 255 0 255 255 / 0.98735040 0.02430720 / 0.51481260 0.83753450 0.18304050 -1.00000000
				-3.21253200 4.74321800 -0.56628290 / 0.79713140 -0.38906430 -0.46174740 / 255 0 255 255 / 0.98735040 0.02430720 / 0.51481260 0.83753450 0.18304050 -1.00000000
				-3.21253200 4.74321800 -0.52206730 / 0.77592220 -0.42688130 0.46445360 / 255 0 255 255 / 0.98735040 0.04910280 / 0.49792260 0.86649720 -0.03543480 -1.00000000
				-3.21253200 4.74321800 -0.52206730 / 0.77592220 -0.42688130 0.46445360 / 255 0 255 255 / 0.98735040 0.04910280 / 0.49792260 0.86649720 -0.03543480 -1.00000000
				-3.21253200 4.74321800 -0.52206730 / 0.77592220 -0.42688130 0.46445360 / 255 0 255 255 / 0.98735040 0.04910280 / 0.49792260 0.86649720 -0.03543480 -1.00000000
				-3.22981100 4.73784700 -0.58051320 / 0.46414700 -0.38899850 -0.79576870 / 255 0 255 255 / 0.96961970 0.01713560 / 0.74599700 0.65604630 0.11441920 -1.00000000
				-3.22981100 4.73784700 -0.58051320 / 0.46414700 -0.38899850 -0.79576870 / 255 0 255 255 / 0.96961970 0.01713560 / 0.74599700 0.65604630 0.11441920 -1.00000000
				-3.22981100 4.73784700 -0.58051320 / 0.46414700 -0.38899850 -0.79576870 / 255 0 255 255 / 0.96961970 0.01713560 / 0.74599700 0.65604630 0.11441920 -1.00000000
				-3.21456500 4.73784700 -0.52359200 / 0.78874800 -0.41689990 0.45174220 / 255 0 255 255 / 0.98423770 0.04800420 / 0.52908810 0.83454660 -0.15361570 -1.00000000
				-3.21456500 4.73784700 -0.52359200 / 0.78874800 -0.41689990 0.45174220 / 255 0 255 255 / 0.98423770 0.04800420 / 0.52908810 0.83454660 -0.15361570 -1.00000000
				-3.21456500 4.73784700 -0.52359200 / 0.78874800 -0.41689990 0.45174220 / 255 0 255 255 / 0.98423770 0.04800420 / 0.52908810 0.83454660 -0.15361570 -1.00000000
				-3.22879500 4.74321800 -0.58254610 / 0.45777570 -0.38584190 -0.80097900 / 255 0 255 255 / 0.97142030 0.01522830 / 0.80957010 0.55327710 0.19616500 -1.00000000
				-3.22879500 4.74321800 -0.58254610 / 0.45777570 -0.38584190 -0.80097900 / 255 0 255 255 / 0.97142030 0.01522830 / 0.80957010 0.55327710 0.19616500 -1.00000000
				-3.22879500 4.74321800 -0.58254610 / 0.45777570 -0.38584190 -0.80097900 / 255 0 255 255 / 0.97142030 0.01522830 / 0.80957010 0.55327710 0.19616500 -1.00000000
				-3.22879500 4.74321800 -0.50631240 / 0.48238480 -0.33210240 0.81056330 / 255 0 255 255 / 0.97142030 0.05818180 / 0.72409260 0.67191500 -0.15562840 -1.00000000
				-3.22879500 4.74321800 -0.50631240 / 0.48238480 -0.33210240 0.81056330 / 255 0 255 255 / 0.97142030 0.05818180 / 0.72409260 0.67191500 -0.15562840 -1.00000000
				-3.22879500 4.74321800 -0.50631240 / 0.48238480 -0.33210240 0.81056330 / 255 0 255 255 / 0.97142030 0.05818180 / 0.72409260 0.67191500 -0.15562840 -1.00000000
				-3.25064900 4.73784700 -0.58610370 / -0.00495830 -0.35713790 -0.93403860 / 255 0 255 255 / 0.94966120 0.01409910 / 0.99434840 0.09729679 -0.04248080 -1.00000000
				-3.25064900 4.73784700 -0.58610370 / -0.00495830 -0.35713790 -0.93403860 / 255 0 255 255 / 0.94966120 0.01409910 / 0.99434840 0.09729679 -0.04248080 -1.00000000
				-3.25064900 4.73784700 -0.58610370 / -0.00495830 -0.35713790 -0.93403860 / 255 0 255 255 / 0.94966120 0.01409910 / 0.99434840 0.09729679 -0.04248080 -1.00000000
				-3.22981100 4.73784700 -0.50783710 / 0.48068680 -0.32524570 0.81434350 / 255 0 255 255 / 0.96961970 0.05627440 / 0.80043610 0.54199960 -0.25600500 -1.00000000
				-3.22981100 4.73784700 -0.50783710 / 0.48068680 -0.32524570 0.81434350 / 255 0 255 255 / 0.96961970 0.05627440 / 0.80043610 0.54199960 -0.25600500 -1.00000000
				-3.22981100 4.73784700 -0.50783710 / 0.48068680 -0.32524570 0.81434350 / 255 0 255 255 / 0.96961970 0.05627440 / 0.80043610 0.54199960 -0.25600500 -1.00000000
				-3.25064900 4.74321800 -0.58813660 / -0.00380560 -0.35894130 -0.93335240 / 255 0 255 255 / 0.94966120 0.01190190 / 0.99483450 -0.09603890 0.03287760 -1.00000000
				-3.25064900 4.74321800 -0.58813660 / -0.00380560 -0.35894130 -0.93335240 / 255 0 255 255 / 0.94966120 0.01190190 / 0.99483450 -0.09603890 0.03287760 -1.00000000
				-3.25064900 4.74321800 -0.58813660 / -0.00380560 -0.35894130 -0.93335240 / 255 0 255 255 / 0.94966120 0.01190190 / 0.99483450 -0.09603890 0.03287760 -1.00000000
				-3.25064900 4.74321800 -0.50021370 / -0.00103620 -0.35105450 0.93635450 / 255 0 255 255 / 0.94966120 0.06150820 / 0.99504080 0.09277019 0.03588220 -1.00000000
				-3.25064900 4.74321800 -0.50021370 / -0.00103620 -0.35105450 0.93635450 / 255 0 255 255 / 0.94966120 0.06150820 / 0.99504080 0.09277019 0.03588220 -1.00000000
				-3.25064900 4.74321800 -0.50021370 / -0.00103620 -0.35105450 0.93635450 / 255 0 255 255 / 0.94966120 0.06150820 / 0.99504080 0.09277019 0.03588220 -1.00000000
				-3.27148500 4.73784700 -0.58051320 / -0.43329980 -0.41954790 -0.79764090 / 255 0 255 255 / 0.92970280 0.01713560 / 0.83463730 -0.52073030 -0.17950040 -1.00000000
				-3.27148500 4.73784700 -0.58051320 / -0.43329980 -0.41954790 -0.79764090 / 255 0 255 255 / 0.92970280 0.01713560 / 0.83463730 -0.52073030 -0.17950040 -1.00000000
				-3.27148500 4.73784700 -0.58051320 / -0.43329980 -0.41954790 -0.79764090 / 255 0 255 255 / 0.92970280 0.01713560 / 0.83463730 -0.52073030 -0.17950040 -1.00000000
				-3.25064900 4.73784700 -0.50224660 / -0.00177220 -0.35285960 0.93567450 / 255 0 255 255 / 0.94966120 0.05931090 / 0.99521430 -0.09203780 -0.03282410 -1.00000000
				-3.25064900 4.73784700 -0.50224660 / -0.00177220 -0.35285960 0.93567450 / 255 0 255 255 / 0.94966120 0.05931090 / 0.99521430 -0.09203780 -0.03282410 -1.00000000
				-3.25064900 4.73784700 -0.50224660 / -0.00177220 -0.35285960 0.93567450 / 255 0 255 255 / 0.94966120 0.05931090 / 0.99521430 -0.09203780 -0.03282410 -1.00000000
				-3.27301000 4.74321800 -0.58254610 / -0.45071150 -0.41591670 -0.78985600 / 255 0 255 255 / 0.92790220 0.01522830 / 0.75996920 -0.64296570 -0.09508910 -1.00000000
				-3.27301000 4.74321800 -0.58254610 / -0.45071150 -0.41591670 -0.78985600 / 255 0 255 255 / 0.92790220 0.01522830 / 0.75996920 -0.64296570 -0.09508910 -1.00000000
				-3.27301000 4.74321800 -0.58254610 / -0.45071150 -0.41591670 -0.78985600 / 255 0 255 255 / 0.92790220 0.01522830 / 0.75996920 -0.64296570 -0.09508910 -1.00000000
				-3.27301000 4.74321800 -0.50631240 / -0.47785520 -0.36396360 0.79949030 / 255 0 255 255 / 0.92790220 0.05818180 / 0.80924930 -0.53643820 0.23947760 -1.00000000
				-3.27301000 4.74321800 -0.50631240 / -0.47785520 -0.36396360 0.79949030 / 255 0 255 255 / 0.92790220 0.05818180 / 0.80924930 -0.53643820 0.23947760 -1.00000000
				-3.27301000 4.74321800 -0.50631240 / -0.47785520 -0.36396360 0.79949030 / 255 0 255 255 / 0.92790220 0.05818180 / 0.80924930 -0.53643820 0.23947760 -1.00000000
				-3.28724000 4.73784700 -0.56526640 / -0.82156870 -0.33106440 -0.46413490 / 255 0 255 255 / 0.91510010 0.02540590 / 0.46508030 -0.86005640 -0.20976950 -1.00000000
				-3.28724000 4.73784700 -0.56526640 / -0.82156870 -0.33106440 -0.46413490 / 255 0 255 255 / 0.91510010 0.02540590 / 0.46508030 -0.86005640 -0.20976950 -1.00000000
				-3.28724000 4.73784700 -0.56526640 / -0.82156870 -0.33106440 -0.46413490 / 255 0 255 255 / 0.91510010 0.02540590 / 0.46508030 -0.86005640 -0.20976950 -1.00000000
				-3.27148500 4.73784700 -0.50783710 / -0.45245110 -0.36005750 0.81587160 / 255 0 255 255 / 0.92970280 0.05627440 / 0.74531450 -0.65503380 0.12424580 -1.00000000
				-3.27148500 4.73784700 -0.50783710 / -0.45245110 -0.36005750 0.81587160 / 255 0 255 255 / 0.92970280 0.05627440 / 0.74531450 -0.65503380 0.12424580 -1.00000000
				-3.27148500 4.73784700 -0.50783710 / -0.45245110 -0.36005750 0.81587160 / 255 0 255 255 / 0.92970280 0.05627440 / 0.74531450 -0.65503380 0.12424580 -1.00000000
				-3.28876500 4.74321800 -0.56628290 / -0.82059190 -0.32520840 -0.46996660 / 255 0 255 255 / 0.91197210 0.02430720 / 0.41570400 -0.90394930 -0.10032930 -1.00000000
				-3.28876500 4.74321800 -0.56628290 / -0.82059190 -0.32520840 -0.46996660 / 255 0 255 255 / 0.91197210 0.02430720 / 0.41570400 -0.90394930 -0.10032930 -1.00000000
				-3.28876500 4.74321800 -0.56628290 / -0.82059190 -0.32520840 -0.46996660 / 255 0 255 255 / 0.91197210 0.02430720 / 0.41570400 -0.90394930 -0.10032930 -1.00000000
				-3.28876500 4.74321800 -0.52206730 / -0.79912270 -0.36292760 0.47925620 / 255 0 255 255 / 0.91197210 0.04910280 / 0.48598410 -0.85926310 0.15964480 -1.00000000
				-3.28876500 4.74321800 -0.52206730 / -0.79912270 -0.36292760 0.47925620 / 255 0 255 255 / 0.91197210 0.04910280 / 0.48598410 -0.85926310 0.15964480 -1.00000000
				-3.28876500 4.74321800 -0.52206730 / -0.79912270 -0.36292760 0.47925620 / 255 0 255 255 / 0.91197210 0.04910280 / 0.48598410 -0.85926310 0.15964480 -1.00000000
				-3.29283100 4.73784700 -0.54442920 / -0.93627880 -0.35123180 -0.00427400 / 255 0 255 255 / 0.90974420 0.03669740 / 0.35087510 -0.93462180 -0.05804060 -1.00000000
				-3.29283100 4.73784700 -0.54442920 / -0.93627880 -0.35123180 -0.00427400 / 255 0 255 255 / 0.90974420 0.03669740 / 0.35087510 -0.93462180 -0.05804060 -1.00000000
				-3.29283100 4.73784700 -0.54442920 / -0.93627880 -0.35123180 -0.00427400 / 255 0 255 255 / 0.90974420 0.03669740 / 0.35087510 -0.93462180 -0.05804060 -1.00000000
				-3.28724000 4.73784700 -0.52359200 / -0.81450060 -0.36139070 0.45385620 / 255 0 255 255 / 0.91510010 0.04800420 / 0.42705810 -0.90298130 0.04739410 -1.00000000
				-3.28724000 4.73784700 -0.52359200 / -0.81450060 -0.36139070 0.45385620 / 255 0 255 255 / 0.91510010 0.04800420 / 0.42705810 -0.90298130 0.04739410 -1.00000000
				-3.28724000 4.73784700 -0.52359200 / -0.81450060 -0.36139070 0.45385620 / 255 0 255 255 / 0.91510010 0.04800420 / 0.42705810 -0.90298130 0.04739410 -1.00000000
				-3.29486400 4.74321800 -0.54442920 / -0.93570660 -0.35275550 -0.00409970 / 255 0 255 255 / 0.90614320 0.03669740 / 0.35253680 -0.93543110 0.02620130 -1.00000000
				-3.29486400 4.74321800 -0.54442920 / -0.93570660 -0.35275550 -0.00409970 / 255 0 255 255 / 0.90614320 0.03669740 / 0.35253680 -0.93543110 0.02620130 -1.00000000
				-3.29486400 4.74321800 -0.54442920 / -0.93570660 -0.35275550 -0.00409970 / 255 0 255 255 / 0.90614320 0.03669740 / 0.35253680 -0.93543110 0.02620130 -1.00000000
				-3.21253200 4.94829600 -0.56628290 / 0.79785640 0.39200130 -0.45799580 / 255 0 255 255 / 0.98735040 0.02430720 / 0.48346760 -0.86989510 0.09768140 1.00000000
				-3.21253200 4.94829600 -0.56628290 / 0.79785640 0.39200130 -0.45799580 / 255 0 255 255 / 0.98735040 0.02430720 / 0.48346760 -0.86989510 0.09768140 1.00000000
				-3.21253200 4.94829600 -0.56628290 / 0.79785640 0.39200130 -0.45799580 / 255 0 255 255 / 0.98735040 0.02430720 / 0.48346760 -0.86989510 0.09768140 1.00000000
				-3.21456500 4.95366700 -0.56526640 / 0.79577450 0.38900240 -0.46413340 / 255 0 255 255 / 0.98423770 0.02540590 / 0.51792170 -0.83435540 0.18870130 1.00000000
				-3.21456500 4.95366700 -0.56526640 / 0.79577450 0.38900240 -0.46413340 / 255 0 255 255 / 0.98423770 0.02540590 / 0.51792170 -0.83435540 0.18870130 1.00000000
				-3.21456500 4.95366700 -0.56526640 / 0.79577450 0.38900240 -0.46413340 / 255 0 255 255 / 0.98423770 0.02540590 / 0.51792170 -0.83435540 0.18870130 1.00000000
				-3.20897500 4.95366700 -0.54442920 / 0.90508320 0.42521350 -0.00420280 / 255 0 255 255 / 0.98957830 0.03669740 / 0.42475760 -0.90355690 0.05626690 1.00000000
				-3.20897500 4.95366700 -0.54442920 / 0.90508320 0.42521350 -0.00420280 / 255 0 255 255 / 0.98957830 0.03669740 / 0.42475760 -0.90355690 0.05626690 1.00000000
				-3.20897500 4.95366700 -0.54442920 / 0.90508320 0.42521350 -0.00420280 / 255 0 255 255 / 0.98957830 0.03669740 / 0.42475760 -0.90355690 0.05626690 1.00000000
				-3.20643300 4.94829600 -0.54442920 / 0.90442780 0.42660850 -0.00392160 / 255 0 255 255 / 0.99317930 0.03669740 / 0.42638420 -0.90418570 -0.02539350 1.00000000
				-3.20643300 4.94829600 -0.54442920 / 0.90442780 0.42660850 -0.00392160 / 255 0 255 255 / 0.99317930 0.03669740 / 0.42638420 -0.90418570 -0.02539350 1.00000000
				-3.20643300 4.94829600 -0.54442920 / 0.90442780 0.42660850 -0.00392160 / 255 0 255 255 / 0.99317930 0.03669740 / 0.42638420 -0.90418570 -0.02539350 1.00000000
				-3.22879500 4.94829600 -0.58254610 / 0.45342650 0.38925390 -0.80180160 / 255 0 255 255 / 0.97142030 0.01522830 / 0.74693010 -0.65679130 0.10354100 1.00000000
				-3.22879500 4.94829600 -0.58254610 / 0.45342650 0.38925390 -0.80180160 / 255 0 255 255 / 0.97142030 0.01522830 / 0.74693010 -0.65679130 0.10354100 1.00000000
				-3.22879500 4.94829600 -0.58254610 / 0.45342650 0.38925390 -0.80180160 / 255 0 255 255 / 0.97142030 0.01522830 / 0.74693010 -0.65679130 0.10354100 1.00000000
				-3.21456500 4.95366700 -0.52359200 / 0.79073800 0.42549430 0.44009990 / 255 0 255 255 / 0.98423770 0.04800420 / 0.49274580 -0.86900030 -0.04516750 1.00000000
				-3.21456500 4.95366700 -0.52359200 / 0.79073800 0.42549430 0.44009990 / 255 0 255 255 / 0.98423770 0.04800420 / 0.49274580 -0.86900030 -0.04516750 1.00000000
				-3.21456500 4.95366700 -0.52359200 / 0.79073800 0.42549430 0.44009990 / 255 0 255 255 / 0.98423770 0.04800420 / 0.49274580 -0.86900030 -0.04516750 1.00000000
				-3.22981100 4.95366700 -0.58051320 / 0.46058140 0.38605060 -0.79926820 / 255 0 255 255 / 0.96961970 0.01713560 / 0.81082240 -0.54936960 0.20189120 1.00000000
				-3.22981100 4.95366700 -0.58051320 / 0.46058140 0.38605060 -0.79926820 / 255 0 255 255 / 0.96961970 0.01713560 / 0.81082240 -0.54936960 0.20189120 1.00000000
				-3.22981100 4.95366700 -0.58051320 / 0.46058140 0.38605060 -0.79926820 / 255 0 255 255 / 0.96961970 0.01713560 / 0.81082240 -0.54936960 0.20189120 1.00000000
				-3.21253200 4.94829600 -0.52206730 / 0.78529240 0.41634250 0.45823010 / 255 0 255 255 / 0.98735040 0.04910280 / 0.52841130 -0.83640770 -0.14561510 1.00000000
				-3.21253200 4.94829600 -0.52206730 / 0.78529240 0.41634250 0.45823010 / 255 0 255 255 / 0.98735040 0.04910280 / 0.52841130 -0.83640770 -0.14561510 1.00000000
				-3.21253200 4.94829600 -0.52206730 / 0.78529240 0.41634250 0.45823010 / 255 0 255 255 / 0.98735040 0.04910280 / 0.52841130 -0.83640770 -0.14561510 1.00000000
				-3.25064900 4.94829600 -0.58813660 / 0.00665770 0.35735040 -0.93394680 / 255 0 255 255 / 0.94966120 0.01190190 / 0.99469750 -0.09822020 -0.03049060 1.00000000
				-3.25064900 4.94829600 -0.58813660 / 0.00665770 0.35735040 -0.93394680 / 255 0 255 255 / 0.94966120 0.01190190 / 0.99469750 -0.09822020 -0.03049060 1.00000000
				-3.25064900 4.94829600 -0.58813660 / 0.00665770 0.35735040 -0.93394680 / 255 0 255 255 / 0.94966120 0.01190190 / 0.99469750 -0.09822020 -0.03049060 1.00000000
				-3.22981100 4.95366700 -0.50783710 / 0.46414630 0.33101070 0.82158400 / 255 0 255 255 / 0.96961970 0.05627440 / 0.73075710 -0.66727810 -0.14399260 1.00000000
				-3.22981100 4.95366700 -0.50783710 / 0.46414630 0.33101070 0.82158400 / 255 0 255 255 / 0.96961970 0.05627440 / 0.73075710 -0.66727810 -0.14399260 1.00000000
				-3.22981100 4.95366700 -0.50783710 / 0.46414630 0.33101070 0.82158400 / 255 0 255 255 / 0.96961970 0.05627440 / 0.73075710 -0.66727810 -0.14399260 1.00000000
				-3.25064900 4.95366700 -0.58610370 / 0.00728460 0.35861220 -0.93345820 / 255 0 255 255 / 0.94966120 0.01409910 / 0.99455420 0.09445520 0.04404880 1.00000000
				-3.25064900 4.95366700 -0.58610370 / 0.00728460 0.35861220 -0.93345820 / 255 0 255 255 / 0.94966120 0.01409910 / 0.99455420 0.09445520 0.04404880 1.00000000
				-3.25064900 4.95366700 -0.58610370 / 0.00728460 0.35861220 -0.93345820 / 255 0 255 255 / 0.94966120 0.01409910 / 0.99455420 0.09445520 0.04404880 1.00000000
				-3.22879500 4.94829600 -0.50631240 / 0.46997190 0.32515830 0.82060870 / 255 0 255 255 / 0.97142030 0.05818180 / 0.80084910 -0.54800750 -0.24151270 1.00000000
				-3.22879500 4.94829600 -0.50631240 / 0.46997190 0.32515830 0.82060870 / 255 0 255 255 / 0.97142030 0.05818180 / 0.80084910 -0.54800750 -0.24151270 1.00000000
				-3.22879500 4.94829600 -0.50631240 / 0.46997190 0.32515830 0.82060870 / 255 0 255 255 / 0.97142030 0.05818180 / 0.80084910 -0.54800750 -0.24151270 1.00000000
				-3.27301000 4.94829600 -0.58254610 / -0.46442300 0.42104550 -0.77912260 / 255 0 255 255 / 0.92790220 0.01522830 / 0.81795210 0.54119240 -0.19510300 1.00000000
				-3.27301000 4.94829600 -0.58254610 / -0.46442300 0.42104550 -0.77912260 / 255 0 255 255 / 0.92790220 0.01522830 / 0.81795210 0.54119240 -0.19510300 1.00000000
				-3.27301000 4.94829600 -0.58254610 / -0.46442300 0.42104550 -0.77912260 / 255 0 255 255 / 0.92790220 0.01522830 / 0.81795210 0.54119240 -0.19510300 1.00000000
				-3.25064900 4.95366700 -0.50224660 / 0.00427670 0.35124910 0.93627230 / 255 0 255 255 / 0.94966120 0.05931090 / 0.99500840 -0.09484200 0.03103560 1.00000000
				-3.25064900 4.95366700 -0.50224660 / 0.00427670 0.35124910 0.93627230 / 255 0 255 255 / 0.94966120 0.05931090 / 0.99500840 -0.09484200 0.03103560 1.00000000
				-3.25064900 4.95366700 -0.50224660 / 0.00427670 0.35124910 0.93627230 / 255 0 255 255 / 0.94966120 0.05931090 / 0.99500840 -0.09484200 0.03103560 1.00000000
				-3.27148500 4.95366700 -0.58051320 / -0.45173560 0.41693250 -0.78873460 / 255 0 255 255 / 0.92970280 0.01713560 / 0.76041920 0.64229890 -0.09599320 1.00000000
				-3.27148500 4.95366700 -0.58051320 / -0.45173560 0.41693250 -0.78873460 / 255 0 255 255 / 0.92970280 0.01713560 / 0.76041920 0.64229890 -0.09599320 1.00000000
				-3.27148500 4.95366700 -0.58051320 / -0.45173560 0.41693250 -0.78873460 / 255 0 255 255 / 0.92970280 0.01713560 / 0.76041920 0.64229890 -0.09599320 1.00000000
				-3.25064900 4.94829600 -0.50021370 / 0.00410220 0.35277440 0.93569940 / 255 0 255 255 / 0.94966120 0.06150820 / 0.99515020 0.09052330 -0.03849160 1.00000000
				-3.25064900 4.94829600 -0.50021370 / 0.00410220 0.35277440 0.93569940 / 255 0 255 255 / 0.94966120 0.06150820 / 0.99515020 0.09052330 -0.03849160 1.00000000
				-3.25064900 4.94829600 -0.50021370 / 0.00410220 0.35277440 0.93569940 / 255 0 255 255 / 0.94966120 0.06150820 / 0.99515020 0.09052330 -0.03849160 1.00000000
				-3.28876500 4.94829600 -0.56628290 / -0.81055000 0.33215660 -0.48236980 / 255 0 255 255 / 0.91197210 0.02430720 / 0.47062900 0.85962240 -0.19889110 1.00000000
				-3.28876500 4.94829600 -0.56628290 / -0.81055000 0.33215660 -0.48236980 / 255 0 255 255 / 0.91197210 0.02430720 / 0.47062900 0.85962240 -0.19889110 1.00000000
				-3.28876500 4.94829600 -0.56628290 / -0.81055000 0.33215660 -0.48236980 / 255 0 255 255 / 0.91197210 0.02430720 / 0.47062900 0.85962240 -0.19889110 1.00000000
				-3.27148500 4.95366700 -0.50783710 / -0.45385400 0.36137990 0.81450670 / 255 0 255 255 / 0.92970280 0.05627440 / 0.82524470 0.51527510 0.23122030 1.00000000
				-3.27148500 4.95366700 -0.50783710 / -0.45385400 0.36137990 0.81450670 / 255 0 255 255 / 0.92970280 0.05627440 / 0.82524470 0.51527510 0.23122030 1.00000000
				-3.27148500 4.95366700 -0.50783710 / -0.45385400 0.36137990 0.81450670 / 255 0 255 255 / 0.92970280 0.05627440 / 0.82524470 0.51527510 0.23122030 1.00000000
				-3.28724000 4.95366700 -0.56526640 / -0.81433560 0.32529620 -0.48066620 / 255 0 255 255 / 0.91510010 0.02540590 / 0.41895360 0.90260140 -0.09893770 1.00000000
				-3.28724000 4.95366700 -0.56526640 / -0.81433560 0.32529620 -0.48066620 / 255 0 255 255 / 0.91510010 0.02540590 / 0.41895360 0.90260140 -0.09893770 1.00000000
				-3.28724000 4.95366700 -0.56526640 / -0.81433560 0.32529620 -0.48066620 / 255 0 255 255 / 0.91510010 0.02540590 / 0.41895360 0.90260140 -0.09893770 1.00000000
				-3.27301000 4.94829600 -0.50631240 / -0.47926780 0.36291610 0.79912080 / 255 0 255 255 / 0.92790220 0.05818180 / 0.73872130 0.65844570 0.14401430 1.00000000
				-3.27301000 4.94829600 -0.50631240 / -0.47926780 0.36291610 0.79912080 / 255 0 255 255 / 0.92790220 0.05818180 / 0.73872130 0.65844570 0.14401430 1.00000000
				-3.27301000 4.94829600 -0.50631240 / -0.47926780 0.36291610 0.79912080 / 255 0 255 255 / 0.92790220 0.05818180 / 0.73872130 0.65844570 0.14401430 1.00000000
				-3.29486400 4.94829600 -0.54442920 / -0.93636080 0.35103760 0.00102680 / 255 0 255 255 / 0.90614320 0.03669740 / 0.35049480 0.93506780 -0.05293110 1.00000000
				-3.29486400 4.94829600 -0.54442920 / -0.93636080 0.35103760 0.00102680 / 255 0 255 255 / 0.90614320 0.03669740 / 0.35049480 0.93506780 -0.05293110 1.00000000
				-3.29486400 4.94829600 -0.54442920 / -0.93636080 0.35103760 0.00102680 / 255 0 255 255 / 0.90614320 0.03669740 / 0.35049480 0.93506780 -0.05293110 1.00000000
				-3.28724000 4.95366700 -0.52359200 / -0.81586130 0.36007270 0.45245780 / 255 0 255 255 / 0.91510010 0.04800420 / 0.47666710 0.86174740 0.17372360 1.00000000
				-3.28724000 4.95366700 -0.52359200 / -0.81586130 0.36007270 0.45245780 / 255 0 255 255 / 0.91510010 0.04800420 / 0.47666710 0.86174740 0.17372360 1.00000000
				-3.28724000 4.95366700 -0.52359200 / -0.81586130 0.36007270 0.45245780 / 255 0 255 255 / 0.91510010 0.04800420 / 0.47666710 0.86174740 0.17372360 1.00000000
				-3.29283100 4.95366700 -0.54442920 / -0.93568190 0.35284050 0.00176080 / 255 0 255 255 / 0.90974420 0.03669740 / 0.35274260 0.93527890 0.02874070 1.00000000
				-3.29283100 4.95366700 -0.54442920 / -0.93568190 0.35284050 0.00176080 / 255 0 255 255 / 0.90974420 0.03669740 / 0.35274260 0.93527890 0.02874070 1.00000000
				-3.29283100 4.95366700 -0.54442920 / -0.93568190 0.35284050 0.00176080 / 255 0 255 255 / 0.90974420 0.03669740 / 0.35274260 0.93527890 0.02874070 1.00000000
				-3.28876500 4.94829600 -0.52206730 / -0.79949090 0.36397180 0.47784790 / 255 0 255 255 / 0.91197210 0.04910280 / 0.43140970 0.90147100 0.03515370 1.00000000
				-3.28876500 4.94829600 -0.52206730 / -0.79949090 0.36397180 0.47784790 / 255 0 255 255 / 0.91197210 0.04910280 / 0.43140970 0.90147100 0.03515370 1.00000000
				-3.28876500 4.94829600 -0.52206730 / -0.79949090 0.36397180 0.47784790 / 255 0 255 255 / 0.91197210 0.04910280 / 0.43140970 0.90147100 0.03515370 1.00000000
				-3.36296600 -4.83439500 -1.69708200 / 0.00000000 1.00000000 0.00000000 / 255 0 255 255 / 0.94311520 0.99885560 / -1.00000000 0.00000000 0.00000000 1.00000000
				-3.36296600 -4.83439500 -1.69708200 / 0.00000000 1.00000000 0.00000000 / 255 0 255 255 / 0.94311520 0.99885560 / -1.00000000 0.00000000 0.00000000 1.00000000
				-3.36296600 -4.83439500 0.69665500 / 0.00000000 1.00000000 0.00000000 / 255 0 255 255 / 0.94311520 0.07051090 / -1.00000000 0.00000000 0.00000000 1.00000000
				-2.01007200 -4.83439500 0.69665500 / 0.00000000 1.00000000 0.00000000 / 255 0 255 255 / 0.00080870 0.07051090 / -1.00000000 0.00000000 0.00000000 1.00000000
				-2.01007200 -4.83439500 0.69665500 / 0.00000000 1.00000000 0.00000000 / 255 0 255 255 / 0.00080870 0.07051090 / -1.00000000 0.00000000 0.00000000 1.00000000
				-2.01007200 -4.83439500 -1.69708200 / 0.00000000 1.00000000 0.00000000 / 255 0 255 255 / 0.00080870 0.99885560 / -1.00000000 0.00000000 0.00000000 1.00000000
				-3.36296600 -4.93400400 -1.69708200 / -1.00000000 0.00000000 0.00000000 / 255 0 255 255 / 0.99674990 0.99676520 / 0.00000000 -1.00000000 0.00000000 1.00000000
				-3.36296600 -4.93400400 -1.69708200 / -1.00000000 0.00000000 0.00000000 / 255 0 255 255 / 0.99674990 0.99676520 / 0.00000000 -1.00000000 0.00000000 1.00000000
				-3.36296600 -4.93400400 0.69665500 / -1.00000000 0.00000000 0.00000000 / 255 0 255 255 / 0.99674990 0.07032780 / 0.00000000 -1.00000000 0.00000000 1.00000000
				-3.36296600 -4.83439500 0.69665500 / -1.00000000 0.00000000 0.00000000 / 255 0 255 255 / 0.94412230 0.07032780 / 0.00000000 -1.00000000 0.00000000 1.00000000
				-3.36296600 -4.83439500 0.69665500 / -1.00000000 0.00000000 0.00000000 / 255 0 255 255 / 0.94412230 0.07032780 / 0.00000000 -1.00000000 0.00000000 1.00000000
				-3.36296600 -4.83439500 -1.69708200 / -1.00000000 0.00000000 0.00000000 / 255 0 255 255 / 0.94412230 0.99676520 / 0.00000000 -1.00000000 0.00000000 1.00000000
				-3.36296600 -4.93400400 0.69665500 / 0.00000000 0.00000000 1.00000000 / 255 0 255 255 / 0.99674990 0.07032780 / 0.00000000 -1.00000000 0.00000000 -1.00000000
				-3.36296600 -4.93400400 0.69665500 / 0.00000000 0.00000000 1.00000000 / 255 0 255 255 / 0.99674990 0.07032780 / 0.00000000 -1.00000000 0.00000000 -1.00000000
				-2.01007200 -4.93400400 0.69665500 / 0.00000000 0.00000000 1.00000000 / 255 0 255 255 / 0.99674990 0.99676520 / 0.00000000 -1.00000000 0.00000000 -1.00000000
				-2.01007200 -4.83439500 0.69665500 / 0.00000000 0.00000000 1.00000000 / 255 0 255 255 / 0.94412230 0.99676520 / 0.00000000 -1.00000000 0.00000000 -1.00000000
				-2.01007200 -4.83439500 0.69665500 / 0.00000000 0.00000000 1.00000000 / 255 0 255 255 / 0.94412230 0.99676520 / 0.00000000 -1.00000000 0.00000000 -1.00000000
				-3.36296600 -4.83439500 0.69665500 / 0.00000000 0.00000000 1.00000000 / 255 0 255 255 / 0.94412230 0.07032780 / 0.00000000 -1.00000000 0.00000000 -1.00000000
				-2.01007200 -4.93400400 0.69665500 / 1.00000000 0.00000000 0.00000000 / 255 0 255 255 / 0.99674990 0.99676520 / 0.00000000 -1.00000000 0.00000000 1.00000000
				-2.01007200 -4.93400400 0.69665500 / 1.00000000 0.00000000 0.00000000 / 255 0 255 255 / 0.99674990 0.99676520 / 0.00000000 -1.00000000 0.00000000 1.00000000
				-2.01007200 -4.93400400 -1.69708200 / 1.00000000 0.00000000 0.00000000 / 255 0 255 255 / 0.99674990 0.07032780 / 0.00000000 -1.00000000 0.00000000 1.00000000
				-2.01007200 -4.83439500 -1.69708200 / 1.00000000 0.00000000 0.00000000 / 255 0 255 255 / 0.94412230 0.07032780 / 0.00000000 -1.00000000 0.00000000 1.00000000
				-2.01007200 -4.83439500 -1.69708200 / 1.00000000 0.00000000 0.00000000 / 255 0 255 255 / 0.94412230 0.07032780 / 0.00000000 -1.00000000 0.00000000 1.00000000
				-2.01007200 -4.83439500 0.69665500 / 1.00000000 0.00000000 0.00000000 / 255 0 255 255 / 0.94412230 0.99676520 / 0.00000000 -1.00000000 0.00000000 1.00000000
				-2.01007200 -4.93400400 -1.69708200 / 0.00000000 0.00000000 -1.00000000 / 255 0 255 255 / 0.99674990 0.07032780 / 0.00000000 -1.00000000 0.00000000 -1.00000000
				-2.01007200 -4.93400400 -1.69708200 / 0.00000000 0.00000000 -1.00000000 / 255 0 255 255 / 0.99674990 0.07032780 / 0.00000000 -1.00000000 0.00000000 -1.00000000
				-3.36296600 -4.93400400 -1.69708200 / 0.00000000 0.00000000 -1.00000000 / 255 0 255 255 / 0.99674990 0.99676520 / 0.00000000 -1.00000000 0.00000000 -1.00000000
				-3.36296600 -4.83439500 -1.69708200 / 0.00000000 0.00000000 -1.00000000 / 255 0 255 255 / 0.94412230 0.99676520 / 0.00000000 -1.00000000 0.00000000 -1.00000000
				-3.36296600 -4.83439500 -1.69708200 / 0.00000000 0.00000000 -1.00000000 / 255 0 255 255 / 0.94412230 0.99676520 / 0.00000000 -1.00000000 0.00000000 -1.00000000
				-2.01007200 -4.83439500 -1.69708200 / 0.00000000 0.00000000 -1.00000000 / 255 0 255 255 / 0.94412230 0.07032780 / 0.00000000 -1.00000000 0.00000000 -1.00000000
				-3.36296600 -4.93400400 0.69665500 / 0.00000000 -1.00000000 0.00000000 / 255 0 255 255 / 0.94311520 0.07051090 / -1.00000000 0.00000000 0.00000000 -1.00000000
				-3.36296600 -4.93400400 0.69665500 / 0.00000000 -1.00000000 0.00000000 / 255 0 255 255 / 0.94311520 0.07051090 / -1.00000000 0.00000000 0.00000000 -1.00000000
				-3.36296600 -4.93400400 -1.69708200 / 0.00000000 -1.00000000 0.00000000 / 255 0 255 255 / 0.94311520 0.99885560 / -1.00000000 0.00000000 0.00000000 -1.00000000
				-2.01007200 -4.93400400 -1.69708200 / 0.00000000 -1.00000000 0.00000000 / 255 0 255 255 / 0.00080870 0.99885560 / -1.00000000 0.00000000 0.00000000 -1.00000000
				-2.01007200 -4.93400400 -1.69708200 / 0.00000000 -1.00000000 0.00000000 / 255 0 255 255 / 0.00080870 0.99885560 / -1.00000000 0.00000000 0.00000000 -1.00000000
				-2.01007200 -4.93400400 0.69665500 / 0.00000000 -1.00000000 0.00000000 / 255 0 255 255 / 0.00080870 0.07051090 / -1.00000000 0.00000000 0.00000000 -1.00000000
				-3.36449100 -4.86808600 -0.51952620 / -1.00000000 0.00000000 0.00000000 / 255 0 255 255 / 0.00109860 0.00044250 / 0.00000000 -1.00000000 0.00000000 1.00000000
				-3.36449100 -4.86808600 -0.51952620 / -1.00000000 0.00000000 0.00000000 / 255 0 255 255 / 0.00109860 0.00044250 / 0.00000000 -1.00000000 0.00000000 1.00000000
				-3.36449100 -4.86808600 -0.60338330 / -1.00000000 0.00000000 0.00000000 / 255 0 255 255 / 0.00109860 0.06388850 / 0.00000000 -1.00000000 0.00000000 1.00000000
				-3.36449100 -4.90031200 -0.60338330 / -1.00000000 0.00000000 0.00000000 / 255 0 255 255 / 0.05094910 0.06388850 / 0.00000000 -1.00000000 0.00000000 1.00000000
				-3.36449100 -4.90031200 -0.60338330 / -1.00000000 0.00000000 0.00000000 / 255 0 255 255 / 0.05094910 0.06388850 / 0.00000000 -1.00000000 0.00000000 1.00000000
				-3.36449100 -4.90031200 -0.51952620 / -1.00000000 0.00000000 0.00000000 / 255 0 255 255 / 0.05094910 0.00044250 / 0.00000000 -1.00000000 0.00000000 1.00000000
				-3.18203800 -4.95109400 -0.47531070 / 0.00000000 -1.00000000 0.00000000 / 255 0 255 255 / 0.05249020 0.00129700 / 0.00000000 0.00000000 -1.00000000 1.00000000
				-3.18203800 -4.95109400 -0.47531070 / 0.00000000 -1.00000000 0.00000000 / 255 0 255 255 / 0.05249020 0.00129700 / 0.00000000 0.00000000 -1.00000000 1.00000000
				-3.31722700 -4.95109400 -0.47531070 / 0.00000000 -1.00000000 0.00000000 / 255 0 255 255 / 0.05249020 0.06323240 / 0.00000000 0.00000000 -1.00000000 1.00000000
				-3.31722700 -4.95109400 -0.70096240 / 0.00000000 -1.00000000 0.00000000 / 255 0 255 255 / 0.38668820 0.06323240 / 0.00000000 0.00000000 -1.00000000 1.00000000
				-3.31722700 -4.95109400 -0.70096240 / 0.00000000 -1.00000000 0.00000000 / 255 0 255 255 / 0.38668820 0.06323240 / 0.00000000 0.00000000 -1.00000000 1.00000000
				-3.18203800 -4.95109400 -0.70096240 / 0.00000000 -1.00000000 0.00000000 / 255 0 255 255 / 0.38668820 0.00129700 / 0.00000000 0.00000000 -1.00000000 1.00000000
				-3.18203800 -4.81779300 -0.47531070 / 0.00000000 1.00000000 0.00000000 / 255 0 255 255 / 0.05249020 0.06323240 / 0.00000000 0.00000000 -1.00000000 1.00000000
				-3.18203800 -4.81779300 -0.47531070 / 0.00000000 1.00000000 0.00000000 / 255 0 255 255 / 0.05249020 0.06323240 / 0.00000000 0.00000000 -1.00000000 1.00000000
				-3.18203800 -4.81779300 -0.70096240 / 0.00000000 1.00000000 0.00000000 / 255 0 255 255 / 0.38668820 0.06323240 / 0.00000000 0.00000000 -1.00000000 1.00000000
				-3.31722700 -4.81779300 -0.70096240 / 0.00000000 1.00000000 0.00000000 / 255 0 255 255 / 0.38668820 0.00129700 / 0.00000000 0.00000000 -1.00000000 1.00000000
				-3.31722700 -4.81779300 -0.70096240 / 0.00000000 1.00000000 0.00000000 / 255 0 255 255 / 0.38668820 0.00129700 / 0.00000000 0.00000000 -1.00000000 1.00000000
				-3.31722700 -4.81779300 -0.47531070 / 0.00000000 1.00000000 0.00000000 / 255 0 255 255 / 0.05249020 0.00129700 / 0.00000000 0.00000000 -1.00000000 1.00000000
				-3.18203800 -4.81779300 -0.70096240 / 0.00000000 0.00000000 -1.00000000 / 255 0 255 255 / 0.11387630 0.04190060 / -1.00000000 0.00000000 0.00000000 -1.00000000
				-3.18203800 -4.81779300 -0.70096240 / 0.00000000 0.00000000 -1.00000000 / 255 0 255 255 / 0.11387630 0.04190060 / -1.00000000 0.00000000 0.00000000 -1.00000000
				-3.18203800 -4.95109400 -0.70096240 / 0.00000000 0.00000000 -1.00000000 / 255 0 255 255 / 0.11387630 0.01710510 / -1.00000000 0.00000000 0.00000000 -1.00000000
				-3.31722700 -4.95109400 -0.70096240 / 0.00000000 0.00000000 -1.00000000 / 255 0 255 255 / 0.21328740 0.01710510 / -1.00000000 0.00000000 0.00000000 -1.00000000
				-3.31722700 -4.95109400 -0.70096240 / 0.00000000 0.00000000 -1.00000000 / 255 0 255 255 / 0.21328740 0.01710510 / -1.00000000 0.00000000 0.00000000 -1.00000000
				-3.31722700 -4.81779300 -0.70096240 / 0.00000000 0.00000000 -1.00000000 / 255 0 255 255 / 0.21328740 0.04190060 / -1.00000000 0.00000000 0.00000000 -1.00000000
				-3.18203800 -4.81779300 -0.47531070 / 0.99999980 0.00000000 0.00000000 / 255 0 255 255 / 0.05209350 0.04667660 / 0.00000000 -1.00000000 0.00000000 1.00000000
				-3.18203800 -4.81779300 -0.47531070 / 0.99999980 0.00000000 0.00000000 / 255 0 255 255 / 0.05209350 0.04667660 / 0.00000000 -1.00000000 0.00000000 1.00000000
				-3.18203800 -4.95109400 -0.47531070 / 1.00000000 0.00000000 0.00000000 / 255 0 255 255 / 0.21463010 0.04667660 / 0.00000000 -1.00000000 0.00000000 1.00000000
				-3.18203800 -4.95109400 -0.70096240 / 0.99999980 0.00000000 0.00000000 / 255 0 255 255 / 0.21463010 0.01676940 / 0.00000000 -1.00000000 0.00000000 1.00000000
				-3.18203800 -4.95109400 -0.70096240 / 0.99999980 0.00000000 0.00000000 / 255 0 255 255 / 0.21463010 0.01676940 / 0.00000000 -1.00000000 0.00000000 1.00000000
				-3.18203800 -4.81779300 -0.70096240 / 1.00000000 0.00000000 0.00000000 / 255 0 255 255 / 0.05209350 0.01676940 / 0.00000000 -1.00000000 0.00000000 1.00000000
				-3.31722700 -4.81779300 -0.47531070 / 0.00000000 0.00000000 1.00000000 / 255 0 255 255 / 0.21328740 0.04190060 / -1.00000000 0.00000000 0.00000000 1.00000000
				-3.31722700 -4.81779300 -0.47531070 / 0.00000000 0.00000000 1.00000000 / 255 0 255 255 / 0.21328740 0.04190060 / -1.00000000 0.00000000 0.00000000 1.00000000
				-3.31722700 -4.95109400 -0.47531070 / 0.00000000 0.00000000 1.00000000 / 255 0 255 255 / 0.21328740 0.01710510 / -1.00000000 0.00000000 0.00000000 1.00000000
				-3.18203800 -4.95109400 -0.47531070 / 0.00000000 0.00000000 1.00000000 / 255 0 255 255 / 0.11387630 0.01710510 / -1.00000000 0.00000000 0.00000000 1.00000000
				-3.18203800 -4.95109400 -0.47531070 / 0.00000000 0.00000000 1.00000000 / 255 0 255 255 / 0.11387630 0.01710510 / -1.00000000 0.00000000 0.00000000 1.00000000
				-3.18203800 -4.81779300 -0.47531070 / 0.00000000 0.00000000 1.00000000 / 255 0 255 255 / 0.11387630 0.04190060 / -1.00000000 0.00000000 0.00000000 1.00000000
				-3.31722700 -4.81779300 -0.70096240 / -0.99999980 0.00000000 0.00000000 / 255 0 255 255 / 0.21463010 0.01676940 / 0.00000000 1.00000000 0.00000000 1.00000000
				-3.31722700 -4.81779300 -0.70096240 / -0.99999980 0.00000000 0.00000000 / 255 0 255 255 / 0.21463010 0.01676940 / 0.00000000 1.00000000 0.00000000 1.00000000
				-3.31722700 -4.95109400 -0.70096240 / -1.00000000 0.00000000 0.00000000 / 255 0 255 255 / 0.05209350 0.01676940 / 0.00000000 1.00000000 0.00000000 1.00000000
				-3.31722700 -4.95109400 -0.47531070 / -0.99999980 0.00000000 0.00000000 / 255 0 255 255 / 0.05209350 0.04667660 / 0.00000000 1.00000000 0.00000000 1.00000000
				-3.31722700 -4.95109400 -0.47531070 / -0.99999980 0.00000000 0.00000000 / 255 0 255 255 / 0.05209350 0.04667660 / 0.00000000 1.00000000 0.00000000 1.00000000
				-3.31722700 -4.81779300 -0.47531070 / -1.00000000 0.00000000 0.00000000 / 255 0 255 255 / 0.21463010 0.04667660 / 0.00000000 1.00000000 0.00000000 1.00000000
				-3.25064900 -4.98918000 -0.58813660 / 0.00296680 0.17983550 -0.98369220 / 255 0 255 255 / 0.90083300 0.01086430 / 0.99994950 -0.00997620 0.00119200 -1.00000000
				-3.25064900 -4.98918000 -0.58813660 / 0.00296680 0.17983550 -0.98369220 / 255 0 255 255 / 0.90083300 0.01086430 / 0.99994950 -0.00997620 0.00119200 -1.00000000
				-3.25064900 -4.98918000 -0.58813660 / 0.00296680 0.17983550 -0.98369220 / 255 0 255 255 / 0.90083300 0.01086430 / 0.99994950 -0.00997620 0.00119200 -1.00000000
				-3.27301000 -4.98918000 -0.58254610 / -0.23884010 0.17401280 -0.95534020 / 255 0 255 255 / 0.89189150 0.01086430 / 0.97014130 -0.00000040 -0.24254060 -1.00000000
				-3.26335400 -4.88664100 -0.56628290 / -0.23399610 0.00092290 -0.97223710 / 255 0 255 255 / 0.89189150 0.00111390 / 0.97223750 -0.00000350 -0.23399620 -1.00000000
				-3.26335400 -4.88664100 -0.56628290 / -0.23399610 0.00092290 -0.97223710 / 255 0 255 255 / 0.89189150 0.00111390 / 0.97223750 -0.00000350 -0.23399620 -1.00000000
				-3.26335400 -4.88664100 -0.56628290 / -0.23399610 0.00092290 -0.97223710 / 255 0 255 255 / 0.89189150 0.00111390 / 0.97223750 -0.00000350 -0.23399620 -1.00000000
				-3.25064900 -4.88664100 -0.56933220 / 0.00018590 -0.00025900 -0.99999980 / 255 0 255 255 / 0.90083300 0.00111390 / 1.00000000 0.00000000 0.00018590 -1.00000000
				-3.25064900 -4.88664100 -0.56933220 / 0.00018590 -0.00025900 -0.99999980 / 255 0 255 255 / 0.90083300 0.00111390 / 1.00000000 0.00000000 0.00018590 -1.00000000
				-3.25064900 -4.88664100 -0.56933220 / 0.00018590 -0.00025900 -0.99999980 / 255 0 255 255 / 0.90083300 0.00111390 / 1.00000000 0.00000000 0.00018590 -1.00000000
				-3.25064900 -4.88664100 -0.56933220 / 0.00018590 -0.00025900 -0.99999980 / 255 0 255 255 / 0.90083300 0.00111390 / 1.00000000 0.00000000 0.00018590 -1.00000000
				-3.25064900 -4.88664100 -0.56933220 / 0.00018590 -0.00025900 -0.99999980 / 255 0 255 255 / 0.90083300 0.00111390 / 1.00000000 0.00000000 0.00018590 -1.00000000
				-3.25064900 -4.88664100 -0.56933220 / 0.00018590 -0.00025900 -0.99999980 / 255 0 255 255 / 0.90083300 0.00111390 / 1.00000000 0.00000000 0.00018590 -1.00000000
				-3.27301000 -4.78410200 -0.58254610 / -0.23806240 -0.17502830 -0.95534880 / 255 0 255 255 / 0.89189150 0.01087950 / 0.97034690 -0.00045530 -0.24171630 1.00000000
				-3.27301000 -4.78410200 -0.58254610 / -0.23806240 -0.17502830 -0.95534880 / 255 0 255 255 / 0.89189150 0.01087950 / 0.97034690 -0.00045530 -0.24171630 1.00000000
				-3.22879500 -4.98918000 -0.58254610 / 0.48638040 0.17989430 -0.85502760 / 255 0 255 255 / 0.90975950 0.01086430 / 0.87014420 -0.01095070 0.49267550 -1.00000000
				-3.22879500 -4.98918000 -0.58254610 / 0.48638040 0.17989430 -0.85502760 / 255 0 255 255 / 0.90975950 0.01086430 / 0.87014420 -0.01095070 0.49267550 -1.00000000
				-3.22879500 -4.98918000 -0.58254610 / 0.48638040 0.17989430 -0.85502760 / 255 0 255 255 / 0.90975950 0.01086430 / 0.87014420 -0.01095070 0.49267550 -1.00000000
				-3.25064900 -4.78410200 -0.58813660 / 0.00205460 -0.17952250 -0.98375170 / 255 0 255 255 / 0.90083300 0.01087950 / 0.99995130 -0.00912660 0.00375390 1.00000000
				-3.25064900 -4.78410200 -0.58813660 / 0.00205460 -0.17952250 -0.98375170 / 255 0 255 255 / 0.90083300 0.01087950 / 0.99995130 -0.00912660 0.00375390 1.00000000
				-3.25064900 -4.78410200 -0.58813660 / 0.00205460 -0.17952250 -0.98375170 / 255 0 255 255 / 0.90083300 0.01087950 / 0.99995130 -0.00912660 0.00375390 1.00000000
				-3.23794300 -4.88664100 -0.56628290 / 0.48899590 -0.00074110 -0.87228570 / 255 0 255 255 / 0.90975950 0.00111390 / 0.87228600 -0.00000240 0.48899610 -1.00000000
				-3.23794300 -4.88664100 -0.56628290 / 0.48899590 -0.00074110 -0.87228570 / 255 0 255 255 / 0.90975950 0.00111390 / 0.87228600 -0.00000240 0.48899610 -1.00000000
				-3.23794300 -4.88664100 -0.56628290 / 0.48899590 -0.00074110 -0.87228570 / 255 0 255 255 / 0.90975950 0.00111390 / 0.87228600 -0.00000240 0.48899610 -1.00000000
				-3.23794300 -4.88664100 -0.56628290 / 0.48899590 -0.00074110 -0.87228570 / 255 0 255 255 / 0.90975950 0.00111390 / 0.87228600 -0.00000240 0.48899610 -1.00000000
				-3.23794300 -4.88664100 -0.56628290 / 0.48899590 -0.00074110 -0.87228570 / 255 0 255 255 / 0.90975950 0.00111390 / 0.87228600 -0.00000240 0.48899610 -1.00000000
				-3.23794300 -4.88664100 -0.56628290 / 0.48899590 -0.00074110 -0.87228570 / 255 0 255 255 / 0.90975950 0.00111390 / 0.87228600 -0.00000240 0.48899610 -1.00000000
				-3.21253200 -4.98918000 -0.56628290 / 0.84969880 0.17901170 -0.49595020 / 255 0 255 255 / 0.91870120 0.01086430 / 0.50571750 -0.01052240 0.86263500 -1.00000000
				-3.21253200 -4.98918000 -0.56628290 / 0.84969880 0.17901170 -0.49595020 / 255 0 255 255 / 0.91870120 0.01086430 / 0.50571750 -0.01052240 0.86263500 -1.00000000
				-3.21253200 -4.98918000 -0.56628290 / 0.84969880 0.17901170 -0.49595020 / 255 0 255 255 / 0.91870120 0.01086430 / 0.50571750 -0.01052240 0.86263500 -1.00000000
				-3.22879500 -4.78410200 -0.58254610 / 0.48694180 -0.17903190 -0.85488920 / 255 0 255 255 / 0.90975950 0.01087950 / 0.86788020 -0.01102870 0.49665100 1.00000000
				-3.22879500 -4.78410200 -0.58254610 / 0.48694180 -0.17903190 -0.85488920 / 255 0 255 255 / 0.90975950 0.01087950 / 0.86788020 -0.01102870 0.49665100 1.00000000
				-3.22879500 -4.78410200 -0.58254610 / 0.48694180 -0.17903190 -0.85488920 / 255 0 255 255 / 0.90975950 0.01087950 / 0.86788020 -0.01102870 0.49665100 1.00000000
				-3.22879500 -4.88664100 -0.55713490 / 0.87190070 0.00182740 -0.48967940 / 255 0 255 255 / 0.91870120 0.00111390 / 0.48968020 -0.00001360 0.87190210 -1.00000000
				-3.22879500 -4.88664100 -0.55713490 / 0.87190070 0.00182740 -0.48967940 / 255 0 255 255 / 0.91870120 0.00111390 / 0.48968020 -0.00001360 0.87190210 -1.00000000
				-3.22879500 -4.88664100 -0.55713490 / 0.87190070 0.00182740 -0.48967940 / 255 0 255 255 / 0.91870120 0.00111390 / 0.48968020 -0.00001360 0.87190210 -1.00000000
				-3.22879500 -4.88664100 -0.55713490 / 0.87190070 0.00182740 -0.48967940 / 255 0 255 255 / 0.91870120 0.00111390 / 0.48968020 -0.00001360 0.87190210 -1.00000000
				-3.22879500 -4.88664100 -0.55713490 / 0.87190070 0.00182740 -0.48967940 / 255 0 255 255 / 0.91870120 0.00111390 / 0.48968020 -0.00001360 0.87190210 -1.00000000
				-3.22879500 -4.88664100 -0.55713490 / 0.87190070 0.00182740 -0.48967940 / 255 0 255 255 / 0.91870120 0.00111390 / 0.48968020 -0.00001360 0.87190210 -1.00000000
				-3.20643300 -4.98918000 -0.54442920 / 0.98311500 0.18298280 -0.00144500 / 255 0 255 255 / 0.92764280 0.01086430 / 0.00320680 -0.00933230 0.99995130 -1.00000000
				-3.20643300 -4.98918000 -0.54442920 / 0.98311500 0.18298280 -0.00144500 / 255 0 255 255 / 0.92764280 0.01086430 / 0.00320680 -0.00933230 0.99995130 -1.00000000
				-3.20643300 -4.98918000 -0.54442920 / 0.98311500 0.18298280 -0.00144500 / 255 0 255 255 / 0.92764280 0.01086430 / 0.00320680 -0.00933230 0.99995130 -1.00000000
				-3.21253200 -4.78410200 -0.56628290 / 0.85005420 -0.18112840 -0.49457060 / 255 0 255 255 / 0.91870120 0.01087950 / 0.50105880 -0.01128720 0.86533960 1.00000000
				-3.21253200 -4.78410200 -0.56628290 / 0.85005420 -0.18112840 -0.49457060 / 255 0 255 255 / 0.91870120 0.01087950 / 0.50105880 -0.01128720 0.86533960 1.00000000
				-3.21253200 -4.78410200 -0.56628290 / 0.85005420 -0.18112840 -0.49457060 / 255 0 255 255 / 0.91870120 0.01087950 / 0.50105880 -0.01128720 0.86533960 1.00000000
				-3.22574600 -4.88664100 -0.54442920 / 0.99999980 0.00026280 -0.00018680 / 255 0 255 255 / 0.92764280 0.00111390 / 0.00018680 0.00000000 1.00000000 -1.00000000
				-3.22574600 -4.88664100 -0.54442920 / 0.99999980 0.00026280 -0.00018680 / 255 0 255 255 / 0.92764280 0.00111390 / 0.00018680 0.00000000 1.00000000 -1.00000000
				-3.22574600 -4.88664100 -0.54442920 / 0.99999980 0.00026280 -0.00018680 / 255 0 255 255 / 0.92764280 0.00111390 / 0.00018680 0.00000000 1.00000000 -1.00000000
				-3.22574600 -4.88664100 -0.54442920 / 0.99999980 0.00026280 -0.00018680 / 255 0 255 255 / 0.92764280 0.00111390 / 0.00018680 0.00000000 1.00000000 -1.00000000
				-3.22574600 -4.88664100 -0.54442920 / 0.99999980 0.00026280 -0.00018680 / 255 0 255 255 / 0.92764280 0.00111390 / 0.00018680 0.00000000 1.00000000 -1.00000000
				-3.22574600 -4.88664100 -0.54442920 / 0.99999980 0.00026280 -0.00018680 / 255 0 255 255 / 0.92764280 0.00111390 / 0.00018680 0.00000000 1.00000000 -1.00000000
				-3.21253200 -4.98918000 -0.52206730 / 0.84688120 0.18316580 0.49924160 / 255 0 255 255 / 0.93656920 0.01086430 / -0.50578800 -0.01248690 0.86256740 -1.00000000
				-3.21253200 -4.98918000 -0.52206730 / 0.84688120 0.18316580 0.49924160 / 255 0 255 255 / 0.93656920 0.01086430 / -0.50578800 -0.01248690 0.86256740 -1.00000000
				-3.21253200 -4.98918000 -0.52206730 / 0.84688120 0.18316580 0.49924160 / 255 0 255 255 / 0.93656920 0.01086430 / -0.50578800 -0.01248690 0.86256740 -1.00000000
				-3.20643300 -4.78410200 -0.54442920 / 0.98304530 -0.18332010 -0.00395680 / 255 0 255 255 / 0.92764280 0.01087950 / 0.00208150 -0.01042070 0.99994360 1.00000000
				-3.20643300 -4.78410200 -0.54442920 / 0.98304530 -0.18332010 -0.00395680 / 255 0 255 255 / 0.92764280 0.01087950 / 0.00208150 -0.01042070 0.99994360 1.00000000
				-3.20643300 -4.78410200 -0.54442920 / 0.98304530 -0.18332010 -0.00395680 / 255 0 255 255 / 0.92764280 0.01087950 / 0.00208150 -0.01042070 0.99994360 1.00000000
				-3.22879500 -4.88664100 -0.53172360 / 0.87209160 -0.00235830 0.48933700 / 255 0 255 255 / 0.93656920 0.00111390 / -0.48933840 -0.00001790 0.87209400 -1.00000000
				-3.22879500 -4.88664100 -0.53172360 / 0.87209160 -0.00235830 0.48933700 / 255 0 255 255 / 0.93656920 0.00111390 / -0.48933840 -0.00001790 0.87209400 -1.00000000
				-3.22879500 -4.88664100 -0.53172360 / 0.87209160 -0.00235830 0.48933700 / 255 0 255 255 / 0.93656920 0.00111390 / -0.48933840 -0.00001790 0.87209400 -1.00000000
				-3.22879500 -4.88664100 -0.53172360 / 0.87209160 -0.00235830 0.48933700 / 255 0 255 255 / 0.93656920 0.00111390 / -0.48933840 -0.00001790 0.87209400 -1.00000000
				-3.22879500 -4.88664100 -0.53172360 / 0.87209160 -0.00235830 0.48933700 / 255 0 255 255 / 0.93656920 0.00111390 / -0.48933840 -0.00001790 0.87209400 -1.00000000
				-3.22879500 -4.88664100 -0.53172360 / 0.87209160 -0.00235830 0.48933700 / 255 0 255 255 / 0.93656920 0.00111390 / -0.48933840 -0.00001790 0.87209400 -1.00000000
				-3.22879500 -4.98918000 -0.50631240 / 0.48980290 0.17993130 0.85306380 / 255 0 255 255 / 0.94551090 0.01086430 / -0.86621460 -0.01047220 0.49956250 -1.00000000
				-3.22879500 -4.98918000 -0.50631240 / 0.48980290 0.17993130 0.85306380 / 255 0 255 255 / 0.94551090 0.01086430 / -0.86621460 -0.01047220 0.49956250 -1.00000000
				-3.22879500 -4.98918000 -0.50631240 / 0.48980290 0.17993130 0.85306380 / 255 0 255 255 / 0.94551090 0.01086430 / -0.86621460 -0.01047220 0.49956250 -1.00000000
				-3.21253200 -4.78410200 -0.52206730 / 0.84702380 -0.18048550 0.49997570 / 255 0 255 255 / 0.93656920 0.01087950 / -0.50983070 -0.00969300 0.86022020 1.00000000
				-3.21253200 -4.78410200 -0.52206730 / 0.84702380 -0.18048550 0.49997570 / 255 0 255 255 / 0.93656920 0.01087950 / -0.50983070 -0.00969300 0.86022020 1.00000000
				-3.21253200 -4.78410200 -0.52206730 / 0.84702380 -0.18048550 0.49997570 / 255 0 255 255 / 0.93656920 0.01087950 / -0.50983070 -0.00969300 0.86022020 1.00000000
				-3.23794300 -4.88664100 -0.52257560 / 0.50476800 -0.00083070 0.86325480 / 255 0 255 255 / 0.94551090 0.00111390 / -0.86325500 -0.00000460 0.50476810 -1.00000000
				-3.23794300 -4.88664100 -0.52257560 / 0.50476800 -0.00083070 0.86325480 / 255 0 255 255 / 0.94551090 0.00111390 / -0.86325500 -0.00000460 0.50476810 -1.00000000
				-3.23794300 -4.88664100 -0.52257560 / 0.50476800 -0.00083070 0.86325480 / 255 0 255 255 / 0.94551090 0.00111390 / -0.86325500 -0.00000460 0.50476810 -1.00000000
				-3.23794300 -4.88664100 -0.52257560 / 0.50476800 -0.00083070 0.86325480 / 255 0 255 255 / 0.94551090 0.00111390 / -0.86325500 -0.00000460 0.50476810 -1.00000000
				-3.23794300 -4.88664100 -0.52257560 / 0.50476800 -0.00083070 0.86325480 / 255 0 255 255 / 0.94551090 0.00111390 / -0.86325500 -0.00000460 0.50476810 -1.00000000
				-3.23794300 -4.88664100 -0.52257560 / 0.50476800 -0.00083070 0.86325480 / 255 0 255 255 / 0.94551090 0.00111390 / -0.86325500 -0.00000460 0.50476810 -1.00000000
				-3.25064900 -4.98918000 -0.50021370 / 0.00284420 0.18042840 0.98358400 / 255 0 255 255 / 0.95443730 0.01086430 / -0.99993190 -0.01061570 0.00483890 -1.00000000
				-3.25064900 -4.98918000 -0.50021370 / 0.00284420 0.18042840 0.98358400 / 255 0 255 255 / 0.95443730 0.01086430 / -0.99993190 -0.01061570 0.00483890 -1.00000000
				-3.25064900 -4.98918000 -0.50021370 / 0.00284420 0.18042840 0.98358400 / 255 0 255 255 / 0.95443730 0.01086430 / -0.99993190 -0.01061570 0.00483890 -1.00000000
				-3.22879500 -4.78410200 -0.50631240 / 0.48940710 -0.17897890 0.85349120 / 255 0 255 255 / 0.94551090 0.01087950 / -0.86836570 -0.01008370 0.49582180 1.00000000
				-3.22879500 -4.78410200 -0.50631240 / 0.48940710 -0.17897890 0.85349120 / 255 0 255 255 / 0.94551090 0.01087950 / -0.86836570 -0.01008370 0.49582180 1.00000000
				-3.22879500 -4.78410200 -0.50631240 / 0.48940710 -0.17897890 0.85349120 / 255 0 255 255 / 0.94551090 0.01087950 / -0.86836570 -0.01008370 0.49582180 1.00000000
				-3.25064900 -4.88664100 -0.51901800 / 0.00021570 0.00030010 0.99999980 / 255 0 255 255 / 0.95443730 0.00111390 / -1.00000000 0.00000000 0.00021570 -1.00000000
				-3.25064900 -4.88664100 -0.51901800 / 0.00021570 0.00030010 0.99999980 / 255 0 255 255 / 0.95443730 0.00111390 / -1.00000000 0.00000000 0.00021570 -1.00000000
				-3.25064900 -4.88664100 -0.51901800 / 0.00021570 0.00030010 0.99999980 / 255 0 255 255 / 0.95443730 0.00111390 / -1.00000000 0.00000000 0.00021570 -1.00000000
				-3.25064900 -4.88664100 -0.51901800 / 0.00021570 0.00030010 0.99999980 / 255 0 255 255 / 0.95443730 0.00111390 / -1.00000000 0.00000000 0.00021570 -1.00000000
				-3.25064900 -4.88664100 -0.51901800 / 0.00021570 0.00030010 0.99999980 / 255 0 255 255 / 0.95443730 0.00111390 / -1.00000000 0.00000000 0.00021570 -1.00000000
				-3.25064900 -4.88664100 -0.51901800 / 0.00021570 0.00030010 0.99999980 / 255 0 255 255 / 0.95443730 0.00111390 / -1.00000000 0.00000000 0.00021570 -1.00000000
				-3.27301000 -4.98918000 -0.50631240 / -0.49409740 0.18099390 0.85035820 / 255 0 255 255 / 0.96337890 0.01086430 / -0.86561280 -0.01113960 -0.50059000 -1.00000000
				-3.27301000 -4.98918000 -0.50631240 / -0.49409740 0.18099390 0.85035820 / 255 0 255 255 / 0.96337890 0.01086430 / -0.86561280 -0.01113960 -0.50059000 -1.00000000
				-3.27301000 -4.98918000 -0.50631240 / -0.49409740 0.18099390 0.85035820 / 255 0 255 255 / 0.96337890 0.01086430 / -0.86561280 -0.01113960 -0.50059000 -1.00000000
				-3.25064900 -4.78410200 -0.50021370 / 0.00255690 -0.18077190 0.98352180 / 255 0 255 255 / 0.95443730 0.01087950 / -0.99993340 -0.01153580 0.00047930 1.00000000
				-3.25064900 -4.78410200 -0.50021370 / 0.00255690 -0.18077190 0.98352180 / 255 0 255 255 / 0.95443730 0.01087950 / -0.99993340 -0.01153580 0.00047930 1.00000000
				-3.25064900 -4.78410200 -0.50021370 / 0.00255690 -0.18077190 0.98352180 / 255 0 255 255 / 0.95443730 0.01087950 / -0.99993340 -0.01153580 0.00047930 1.00000000
				-3.26335400 -4.88664100 -0.52257560 / -0.50445810 0.00034180 0.86343600 / 255 0 255 255 / 0.96337890 0.00111390 / -0.86343610 -0.00000160 -0.50445820 -1.00000000
				-3.26335400 -4.88664100 -0.52257560 / -0.50445810 0.00034180 0.86343600 / 255 0 255 255 / 0.96337890 0.00111390 / -0.86343610 -0.00000160 -0.50445820 -1.00000000
				-3.26335400 -4.88664100 -0.52257560 / -0.50445810 0.00034180 0.86343600 / 255 0 255 255 / 0.96337890 0.00111390 / -0.86343610 -0.00000160 -0.50445820 -1.00000000
				-3.26335400 -4.88664100 -0.52257560 / -0.50445810 0.00034180 0.86343600 / 255 0 255 255 / 0.96337890 0.00111390 / -0.86343610 -0.00000160 -0.50445820 -1.00000000
				-3.26335400 -4.88664100 -0.52257560 / -0.50445810 0.00034180 0.86343600 / 255 0 255 255 / 0.96337890 0.00111390 / -0.86343610 -0.00000160 -0.50445820 -1.00000000
				-3.26335400 -4.88664100 -0.52257560 / -0.50445810 0.00034180 0.86343600 / 255 0 255 255 / 0.96337890 0.00111390 / -0.86343610 -0.00000160 -0.50445820 -1.00000000
				-3.28876500 -4.98918000 -0.52206730 / -0.85042570 0.18138550 0.49383750 / 255 0 255 255 / 0.97230530 0.01086430 / -0.50369850 -0.00975420 -0.86382440 -1.00000000
				-3.28876500 -4.98918000 -0.52206730 / -0.85042570 0.18138550 0.49383750 / 255 0 255 255 / 0.97230530 0.01086430 / -0.50369850 -0.00975420 -0.86382440 -1.00000000
				-3.28876500 -4.98918000 -0.52206730 / -0.85042570 0.18138550 0.49383750 / 255 0 255 255 / 0.97230530 0.01086430 / -0.50369850 -0.00975420 -0.86382440 -1.00000000
				-3.27301000 -4.78410200 -0.50631240 / -0.49384080 -0.18138570 0.85042380 / 255 0 255 255 / 0.96337890 0.01087950 / -0.86382250 -0.00975450 -0.50370190 1.00000000
				-3.27301000 -4.78410200 -0.50631240 / -0.49384080 -0.18138570 0.85042380 / 255 0 255 255 / 0.96337890 0.01087950 / -0.86382250 -0.00975450 -0.50370190 1.00000000
				-3.27301000 -4.78410200 -0.50631240 / -0.49384080 -0.18138570 0.85042380 / 255 0 255 255 / 0.96337890 0.01087950 / -0.86382250 -0.00975450 -0.50370190 1.00000000
				-3.27250300 -4.88664100 -0.53172360 / -0.86343740 -0.00034210 0.50445590 / 255 0 255 255 / 0.97230530 0.00111390 / -0.50445590 -0.00000160 -0.86343750 -1.00000000
				-3.27250300 -4.88664100 -0.53172360 / -0.86343740 -0.00034210 0.50445590 / 255 0 255 255 / 0.97230530 0.00111390 / -0.50445590 -0.00000160 -0.86343750 -1.00000000
				-3.27250300 -4.88664100 -0.53172360 / -0.86343740 -0.00034210 0.50445590 / 255 0 255 255 / 0.97230530 0.00111390 / -0.50445590 -0.00000160 -0.86343750 -1.00000000
				-3.27250300 -4.88664100 -0.53172360 / -0.86343740 -0.00034210 0.50445590 / 255 0 255 255 / 0.97230530 0.00111390 / -0.50445590 -0.00000160 -0.86343750 -1.00000000
				-3.27250300 -4.88664100 -0.53172360 / -0.86343740 -0.00034210 0.50445590 / 255 0 255 255 / 0.97230530 0.00111390 / -0.50445590 -0.00000160 -0.86343750 -1.00000000
				-3.27250300 -4.88664100 -0.53172360 / -0.86343740 -0.00034210 0.50445590 / 255 0 255 255 / 0.97230530 0.00111390 / -0.50445590 -0.00000160 -0.86343750 -1.00000000
				-3.29486400 -4.98918000 -0.54442920 / -0.98352240 0.18076820 -0.00255860 / 255 0 255 255 / 0.98124690 0.01086430 / 0.00048090 -0.01153650 -0.99993340 -1.00000000
				-3.29486400 -4.98918000 -0.54442920 / -0.98352240 0.18076820 -0.00255860 / 255 0 255 255 / 0.98124690 0.01086430 / 0.00048090 -0.01153650 -0.99993340 -1.00000000
				-3.29486400 -4.98918000 -0.54442920 / -0.98352240 0.18076820 -0.00255860 / 255 0 255 255 / 0.98124690 0.01086430 / 0.00048090 -0.01153650 -0.99993340 -1.00000000
				-3.28876500 -4.78410200 -0.52206730 / -0.85035990 -0.18099330 0.49409480 / 255 0 255 255 / 0.97230530 0.01087950 / -0.50058720 -0.01114020 -0.86561440 1.00000000
				-3.28876500 -4.78410200 -0.52206730 / -0.85035990 -0.18099330 0.49409480 / 255 0 255 255 / 0.97230530 0.01087950 / -0.50058720 -0.01114020 -0.86561440 1.00000000
				-3.28876500 -4.78410200 -0.52206730 / -0.85035990 -0.18099330 0.49409480 / 255 0 255 255 / 0.97230530 0.01087950 / -0.50058720 -0.01114020 -0.86561440 1.00000000
				-3.27606000 -4.88664100 -0.54442920 / -0.99999980 -0.00030040 -0.00021620 / 255 0 255 255 / 0.98124690 0.00111390 / 0.00021620 0.00000000 -1.00000000 -1.00000000
				-3.27606000 -4.88664100 -0.54442920 / -0.99999980 -0.00030040 -0.00021620 / 255 0 255 255 / 0.98124690 0.00111390 / 0.00021620 0.00000000 -1.00000000 -1.00000000
				-3.27606000 -4.88664100 -0.54442920 / -0.99999980 -0.00030040 -0.00021620 / 255 0 255 255 / 0.98124690 0.00111390 / 0.00021620 0.00000000 -1.00000000 -1.00000000
				-3.27606000 -4.88664100 -0.54442920 / -0.99999980 -0.00030040 -0.00021620 / 255 0 255 255 / 0.98124690 0.00111390 / 0.00021620 0.00000000 -1.00000000 -1.00000000
				-3.27606000 -4.88664100 -0.54442920 / -0.99999980 -0.00030040 -0.00021620 / 255 0 255 255 / 0.98124690 0.00111390 / 0.00021620 0.00000000 -1.00000000 -1.00000000
				-3.27606000 -4.88664100 -0.54442920 / -0.99999980 -0.00030040 -0.00021620 / 255 0 255 255 / 0.98124690 0.00111390 / 0.00021620 0.00000000 -1.00000000 -1.00000000
				-3.28876500 -4.98918000 -0.56628290 / -0.85349520 0.17897660 -0.48940090 / 255 0 255 255 / 0.99017340 0.01086430 / 0.49581570 -0.01008140 -0.86836920 -1.00000000
				-3.28876500 -4.98918000 -0.56628290 / -0.85349520 0.17897660 -0.48940090 / 255 0 255 255 / 0.99017340 0.01086430 / 0.49581570 -0.01008140 -0.86836920 -1.00000000
				-3.28876500 -4.98918000 -0.56628290 / -0.85349520 0.17897660 -0.48940090 / 255 0 255 255 / 0.99017340 0.01086430 / 0.49581570 -0.01008140 -0.86836920 -1.00000000
				-3.29486400 -4.78410200 -0.54442920 / -0.98358480 -0.18042440 -0.00284690 / 255 0 255 255 / 0.98124690 0.01087950 / 0.00484140 -0.01061500 -0.99993190 1.00000000
				-3.29486400 -4.78410200 -0.54442920 / -0.98358480 -0.18042440 -0.00284690 / 255 0 255 255 / 0.98124690 0.01087950 / 0.00484140 -0.01061500 -0.99993190 1.00000000
				-3.29486400 -4.78410200 -0.54442920 / -0.98358480 -0.18042440 -0.00284690 / 255 0 255 255 / 0.98124690 0.01087950 / 0.00484140 -0.01061500 -0.99993190 1.00000000
				-3.27250300 -4.88664100 -0.55713490 / -0.86325520 0.00083150 -0.50476710 / 255 0 255 255 / 0.99017340 0.00111390 / 0.50476720 -0.00000460 -0.86325550 -1.00000000
				-3.27250300 -4.88664100 -0.55713490 / -0.86325520 0.00083150 -0.50476710 / 255 0 255 255 / 0.99017340 0.00111390 / 0.50476720 -0.00000460 -0.86325550 -1.00000000
				-3.27250300 -4.88664100 -0.55713490 / -0.86325520 0.00083150 -0.50476710 / 255 0 255 255 / 0.99017340 0.00111390 / 0.50476720 -0.00000460 -0.86325550 -1.00000000
				-3.27250300 -4.88664100 -0.55713490 / -0.86325520 0.00083150 -0.50476710 / 255 0 255 255 / 0.99017340 0.00111390 / 0.50476720 -0.00000460 -0.86325550 -1.00000000
				-3.27250300 -4.88664100 -0.55713490 / -0.86325520 0.00083150 -0.50476710 / 255 0 255 255 / 0.99017340 0.00111390 / 0.50476720 -0.00000460 -0.86325550 -1.00000000
				-3.27250300 -4.88664100 -0.55713490 / -0.86325520 0.00083150 -0.50476710 / 255 0 255 255 / 0.99017340 0.00111390 / 0.50476720 -0.00000460 -0.86325550 -1.00000000
				-3.27301000 -4.98918000 -0.58254610 / -0.70646190 0.17353930 -0.68614550 / 255 0 255 255 / 0.99911500 0.01086430 / 0.69681380 0.00076800 -0.71725170 -1.00000000
				-3.27301000 -4.98918000 -0.58254610 / -0.70646190 0.17353930 -0.68614550 / 255 0 255 255 / 0.99911500 0.01086430 / 0.69681380 0.00076800 -0.71725170 -1.00000000
				-3.28876500 -4.78410200 -0.56628290 / -0.85306760 -0.17992990 -0.48979670 / 255 0 255 255 / 0.99017340 0.01087950 / 0.49955630 -0.01047410 -0.86621810 1.00000000
				-3.28876500 -4.78410200 -0.56628290 / -0.85306760 -0.17992990 -0.48979670 / 255 0 255 255 / 0.99017340 0.01087950 / 0.49955630 -0.01047410 -0.86621810 1.00000000
				-3.28876500 -4.78410200 -0.56628290 / -0.85306760 -0.17992990 -0.48979670 / 255 0 255 255 / 0.99017340 0.01087950 / 0.49955630 -0.01047410 -0.86621810 1.00000000
				-3.26335400 -4.88664100 -0.56628290 / -0.70785130 0.00151890 -0.70635990 / 255 0 255 255 / 0.99911500 0.00111390 / 0.70636060 -0.00000960 -0.70785210 1.00000000
				-3.26335400 -4.88664100 -0.56628290 / -0.70785130 0.00151890 -0.70635990 / 255 0 255 255 / 0.99911500 0.00111390 / 0.70636060 -0.00000960 -0.70785210 1.00000000
				-3.26335400 -4.88664100 -0.56628290 / -0.70785130 0.00151890 -0.70635990 / 255 0 255 255 / 0.99911500 0.00111390 / 0.70636060 -0.00000960 -0.70785210 1.00000000
				-3.27301000 -4.78410200 -0.58254610 / -0.70712170 -0.17523820 -0.68503330 / 255 0 255 255 / 0.99911500 0.01087950 / 0.69580010 0.00000000 -0.71823560 1.00000000
				-3.22981100 -4.99455100 -0.50783710 / 0.00000000 -1.00000000 0.00000000 / 255 0 255 255 / 0.96961970 0.05627440 / 0.99988260 0.00000000 -0.01532050 -1.00000000
				-3.22981100 -4.99455100 -0.50783710 / 0.00000000 -1.00000000 0.00000000 / 255 0 255 255 / 0.96961970 0.05627440 / 0.99988260 0.00000000 -0.01532050 -1.00000000
				-3.22981100 -4.99455100 -0.50783710 / 0.00000000 -1.00000000 0.00000000 / 255 0 255 255 / 0.96961970 0.05627440 / 0.99988260 0.00000000 -0.01532050 -1.00000000
				-3.25064900 -4.99455100 -0.50224660 / 0.00000000 -1.00000000 0.00000000 / 255 0 255 255 / 0.94966120 0.05931090 / 1.00000000 0.00000000 0.00000000 -1.00000000
				-3.27148500 -4.99455100 -0.50783710 / 0.00000000 -1.00000000 0.00000000 / 255 0 255 255 / 0.92970280 0.05627440 / 0.99994390 0.00000000 0.01059520 -1.00000000
				-3.27148500 -4.99455100 -0.50783710 / 0.00000000 -1.00000000 0.00000000 / 255 0 255 255 / 0.92970280 0.05627440 / 0.99994390 0.00000000 0.01059520 -1.00000000
				-3.27148500 -4.99455100 -0.50783710 / 0.00000000 -1.00000000 0.00000000 / 255 0 255 255 / 0.92970280 0.05627440 / 0.99994390 0.00000000 0.01059520 -1.00000000
				-3.27148500 -4.99455100 -0.50783710 / 0.00000000 -1.00000000 0.00000000 / 255 0 255 255 / 0.92970280 0.05627440 / 0.99994390 0.00000000 0.01059520 -1.00000000
				-3.27148500 -4.99455100 -0.50783710 / 0.00000000 -1.00000000 0.00000000 / 255 0 255 255 / 0.92970280 0.05627440 / 0.99994390 0.00000000 0.01059520 -1.00000000
				-3.21456500 -4.99455100 -0.52359200 / 0.00000000 -1.00000000 0.00000000 / 255 0 255 255 / 0.98423770 0.04800420 / 0.99894200 0.00000000 -0.04598930 -1.00000000
				-3.20897500 -4.99455100 -0.54442920 / 0.00000000 -1.00000000 0.00000000 / 255 0 255 255 / 0.98957830 0.03669740 / 0.99994780 0.00000000 -0.01023260 -1.00000000
				-3.20897500 -4.99455100 -0.54442920 / 0.00000000 -1.00000000 0.00000000 / 255 0 255 255 / 0.98957830 0.03669740 / 0.99994780 0.00000000 -0.01023260 -1.00000000
				-3.20897500 -4.99455100 -0.54442920 / 0.00000000 -1.00000000 0.00000000 / 255 0 255 255 / 0.98957830 0.03669740 / 0.99994780 0.00000000 -0.01023260 -1.00000000
				-3.20897500 -4.99455100 -0.54442920 / 0.00000000 -1.00000000 0.00000000 / 255 0 255 255 / 0.98957830 0.03669740 / 0.99994780 0.00000000 -0.01023260 -1.00000000
				-3.20897500 -4.99455100 -0.54442920 / 0.00000000 -1.00000000 0.00000000 / 255 0 255 255 / 0.98957830 0.03669740 / 0.99994780 0.00000000 -0.01023260 -1.00000000
				-3.22981100 -4.99455100 -0.58051320 / 0.00000000 -1.00000000 0.00000000 / 255 0 255 255 / 0.96961970 0.01713560 / 0.99999980 0.00000000 -0.00044970 -1.00000000
				-3.22981100 -4.99455100 -0.58051320 / 0.00000000 -1.00000000 0.00000000 / 255 0 255 255 / 0.96961970 0.01713560 / 0.99999980 0.00000000 -0.00044970 -1.00000000
				-3.22981100 -4.99455100 -0.58051320 / 0.00000000 -1.00000000 0.00000000 / 255 0 255 255 / 0.96961970 0.01713560 / 0.99999980 0.00000000 -0.00044970 -1.00000000
				-3.21456500 -4.99455100 -0.56526640 / 0.00000000 -1.00000000 0.00000000 / 255 0 255 255 / 0.98423770 0.02540590 / 0.99999910 0.00000000 -0.00135120 -1.00000000
				-3.28724000 -4.99455100 -0.52359200 / 0.00000000 -1.00000000 0.00000000 / 255 0 255 255 / 0.91510010 0.04800420 / 0.99903210 0.00000000 0.04398750 -1.00000000
				-3.29283100 -4.99455100 -0.54442920 / 0.00000000 -0.99999980 0.00000000 / 255 0 255 255 / 0.90974420 0.03669740 / 0.99982130 0.00000000 0.01890340 -1.00000000
				-3.29283100 -4.99455100 -0.54442920 / 0.00000000 -0.99999980 0.00000000 / 255 0 255 255 / 0.90974420 0.03669740 / 0.99982130 0.00000000 0.01890340 -1.00000000
				-3.29283100 -4.99455100 -0.54442920 / 0.00000000 -0.99999980 0.00000000 / 255 0 255 255 / 0.90974420 0.03669740 / 0.99982130 0.00000000 0.01890340 -1.00000000
				-3.27148500 -4.99455100 -0.58051320 / 0.00000000 -1.00000000 0.00000000 / 255 0 255 255 / 0.92970280 0.01713560 / 0.99999840 0.00000000 0.00178070 -1.00000000
				-3.27148500 -4.99455100 -0.58051320 / 0.00000000 -1.00000000 0.00000000 / 255 0 255 255 / 0.92970280 0.01713560 / 0.99999840 0.00000000 0.00178070 -1.00000000
				-3.27148500 -4.99455100 -0.58051320 / 0.00000000 -1.00000000 0.00000000 / 255 0 255 255 / 0.92970280 0.01713560 / 0.99999840 0.00000000 0.00178070 -1.00000000
				-3.27148500 -4.99455100 -0.58051320 / 0.00000000 -1.00000000 0.00000000 / 255 0 255 255 / 0.92970280 0.01713560 / 0.99999840 0.00000000 0.00178070 -1.00000000
				-3.27148500 -4.99455100 -0.58051320 / 0.00000000 -1.00000000 0.00000000 / 255 0 255 255 / 0.92970280 0.01713560 / 0.99999840 0.00000000 0.00178070 -1.00000000
				-3.25064900 -4.99455100 -0.58610370 / 0.00000000 -0.99999980 0.00000000 / 255 0 255 255 / 0.94966120 0.01409910 / 1.00000000 0.00000000 0.00000000 -1.00000000
				-3.28724000 -4.99455100 -0.56526640 / 0.00000000 -1.00000000 0.00000000 / 255 0 255 255 / 0.91510010 0.02540590 / 0.99999920 0.00000000 0.00129200 -1.00000000
				-3.21456500 -4.77873000 -0.56526640 / 0.00000000 1.00000000 0.00000000 / 255 0 255 255 / 0.98423770 0.02540590 / 0.99999980 0.00000000 0.00054500 1.00000000
				-3.21456500 -4.77873000 -0.56526640 / 0.00000000 1.00000000 0.00000000 / 255 0 255 255 / 0.98423770 0.02540590 / 0.99999980 0.00000000 0.00054500 1.00000000
				-3.21456500 -4.77873000 -0.56526640 / 0.00000000 1.00000000 0.00000000 / 255 0 255 255 / 0.98423770 0.02540590 / 0.99999980 0.00000000 0.00054500 1.00000000
				-3.22981100 -4.77873000 -0.58051320 / 0.00000000 1.00000000 0.00000000 / 255 0 255 255 / 0.96961970 0.01713560 / 0.99999980 0.00000000 -0.00049090 1.00000000
				-3.25064900 -4.77873000 -0.58610370 / 0.00000000 1.00000000 0.00000000 / 255 0 255 255 / 0.94966120 0.01409910 / 1.00000000 0.00000000 0.00000000 1.00000000
				-3.25064900 -4.77873000 -0.58610370 / 0.00000000 1.00000000 0.00000000 / 255 0 255 255 / 0.94966120 0.01409910 / 1.00000000 0.00000000 0.00000000 1.00000000
				-3.25064900 -4.77873000 -0.58610370 / 0.00000000 1.00000000 0.00000000 / 255 0 255 255 / 0.94966120 0.01409910 / 1.00000000 0.00000000 0.00000000 1.00000000
				-3.25064900 -4.77873000 -0.58610370 / 0.00000000 1.00000000 0.00000000 / 255 0 255 255 / 0.94966120 0.01409910 / 1.00000000 0.00000000 0.00000000 1.00000000
				-3.25064900 -4.77873000 -0.58610370 / 0.00000000 1.00000000 0.00000000 / 255 0 255 255 / 0.94966120 0.01409910 / 1.00000000 0.00000000 0.00000000 1.00000000
				-3.20897500 -4.77873000 -0.54442920 / 0.00000000 1.00000000 0.00000000 / 255 0 255 255 / 0.98957830 0.03669740 / 0.99999680 0.00000000 0.00250970 1.00000000
				-3.21456500 -4.77873000 -0.52359200 / 0.00000000 1.00000000 0.00000000 / 255 0 255 255 / 0.98423770 0.04800420 / 0.99999560 0.00000000 0.00296450 1.00000000
				-3.21456500 -4.77873000 -0.52359200 / 0.00000000 1.00000000 0.00000000 / 255 0 255 255 / 0.98423770 0.04800420 / 0.99999560 0.00000000 0.00296450 1.00000000
				-3.21456500 -4.77873000 -0.52359200 / 0.00000000 1.00000000 0.00000000 / 255 0 255 255 / 0.98423770 0.04800420 / 0.99999560 0.00000000 0.00296450 1.00000000
				-3.21456500 -4.77873000 -0.52359200 / 0.00000000 1.00000000 0.00000000 / 255 0 255 255 / 0.98423770 0.04800420 / 0.99999560 0.00000000 0.00296450 1.00000000
				-3.21456500 -4.77873000 -0.52359200 / 0.00000000 1.00000000 0.00000000 / 255 0 255 255 / 0.98423770 0.04800420 / 0.99999560 0.00000000 0.00296450 1.00000000
				-3.25064900 -4.77873000 -0.50224660 / 0.00000000 0.99999980 0.00000000 / 255 0 255 255 / 0.94966120 0.05931090 / 1.00000000 0.00000000 0.00000160 1.00000000
				-3.25064900 -4.77873000 -0.50224660 / 0.00000000 0.99999980 0.00000000 / 255 0 255 255 / 0.94966120 0.05931090 / 1.00000000 0.00000000 0.00000160 1.00000000
				-3.25064900 -4.77873000 -0.50224660 / 0.00000000 0.99999980 0.00000000 / 255 0 255 255 / 0.94966120 0.05931090 / 1.00000000 0.00000000 0.00000160 1.00000000
				-3.22981100 -4.77873000 -0.50783710 / 0.00000000 1.00000000 0.00000000 / 255 0 255 255 / 0.96961970 0.05627440 / 0.99991890 0.00000000 0.01273700 1.00000000
				-3.27148500 -4.77873000 -0.58051320 / 0.00000000 1.00000000 0.00000000 / 255 0 255 255 / 0.92970280 0.01713560 / 0.99999980 0.00000000 0.00049710 1.00000000
				-3.28724000 -4.77873000 -0.56526640 / 0.00000000 0.99999980 0.00000000 / 255 0 255 255 / 0.91510010 0.02540590 / 0.99999980 0.00000000 -0.00054280 1.00000000
				-3.28724000 -4.77873000 -0.56526640 / 0.00000000 0.99999980 0.00000000 / 255 0 255 255 / 0.91510010 0.02540590 / 0.99999980 0.00000000 -0.00054280 1.00000000
				-3.28724000 -4.77873000 -0.56526640 / 0.00000000 0.99999980 0.00000000 / 255 0 255 255 / 0.91510010 0.02540590 / 0.99999980 0.00000000 -0.00054280 1.00000000
				-3.28724000 -4.77873000 -0.52359200 / 0.00000000 1.00000000 0.00000000 / 255 0 255 255 / 0.91510010 0.04800420 / 0.99999560 0.00000000 -0.00296270 1.00000000
				-3.28724000 -4.77873000 -0.52359200 / 0.00000000 1.00000000 0.00000000 / 255 0 255 255 / 0.91510010 0.04800420 / 0.99999560 0.00000000 -0.00296270 1.00000000
				-3.28724000 -4.77873000 -0.52359200 / 0.00000000 1.00000000 0.00000000 / 255 0 255 255 / 0.91510010 0.04800420 / 0.99999560 0.00000000 -0.00296270 1.00000000
				-3.28724000 -4.77873000 -0.52359200 / 0.00000000 1.00000000 0.00000000 / 255 0 255 255 / 0.91510010 0.04800420 / 0.99999560 0.00000000 -0.00296270 1.00000000
				-3.28724000 -4.77873000 -0.52359200 / 0.00000000 1.00000000 0.00000000 / 255 0 255 255 / 0.91510010 0.04800420 / 0.99999560 0.00000000 -0.00296270 1.00000000
				-3.27148500 -4.77873000 -0.50783710 / 0.00000000 1.00000000 0.00000000 / 255 0 255 255 / 0.92970280 0.05627440 / 0.99991690 0.00000000 -0.01289620 1.00000000
				-3.29283100 -4.77873000 -0.54442920 / 0.00000000 1.00000000 0.00000000 / 255 0 255 255 / 0.90974420 0.03669740 / 0.99999680 0.00000000 -0.00250970 1.00000000
				-3.20643300 -4.98918000 -0.54442920 / 0.90519430 -0.42499690 0.00096210 / 255 0 255 255 / 0.99317930 0.03669740 / 0.42439280 0.90402380 0.05130060 -1.00000000
				-3.20643300 -4.98918000 -0.54442920 / 0.90519430 -0.42499690 0.00096210 / 255 0 255 255 / 0.99317930 0.03669740 / 0.42439280 0.90402380 0.05130060 -1.00000000
				-3.20643300 -4.98918000 -0.54442920 / 0.90519430 -0.42499690 0.00096210 / 255 0 255 255 / 0.99317930 0.03669740 / 0.42439280 0.90402380 0.05130060 -1.00000000
				-3.20897500 -4.99455100 -0.54442920 / 0.90438970 -0.42670380 0.00174300 / 255 0 255 255 / 0.98957830 0.03669740 / 0.42658280 0.90401930 -0.02786050 -1.00000000
				-3.20897500 -4.99455100 -0.54442920 / 0.90438970 -0.42670380 0.00174300 / 255 0 255 255 / 0.98957830 0.03669740 / 0.42658280 0.90401930 -0.02786050 -1.00000000
				-3.20897500 -4.99455100 -0.54442920 / 0.90438970 -0.42670380 0.00174300 / 255 0 255 255 / 0.98957830 0.03669740 / 0.42658280 0.90401930 -0.02786050 -1.00000000
				-3.21456500 -4.99455100 -0.56526640 / 0.79275070 -0.39152450 -0.46717780 / 255 0 255 255 / 0.98423770 0.02540590 / 0.48512880 0.86930170 0.09468180 -1.00000000
				-3.21456500 -4.99455100 -0.56526640 / 0.79275070 -0.39152450 -0.46717780 / 255 0 255 255 / 0.98423770 0.02540590 / 0.48512880 0.86930170 0.09468180 -1.00000000
				-3.21456500 -4.99455100 -0.56526640 / 0.79275070 -0.39152450 -0.46717780 / 255 0 255 255 / 0.98423770 0.02540590 / 0.48512880 0.86930170 0.09468180 -1.00000000
				-3.21253200 -4.98918000 -0.56628290 / 0.79713140 -0.38906430 -0.46174740 / 255 0 255 255 / 0.98735040 0.02430720 / 0.51481260 0.83753450 0.18304050 -1.00000000
				-3.21253200 -4.98918000 -0.56628290 / 0.79713140 -0.38906430 -0.46174740 / 255 0 255 255 / 0.98735040 0.02430720 / 0.51481260 0.83753450 0.18304050 -1.00000000
				-3.21253200 -4.98918000 -0.56628290 / 0.79713140 -0.38906430 -0.46174740 / 255 0 255 255 / 0.98735040 0.02430720 / 0.51481260 0.83753450 0.18304050 -1.00000000
				-3.21253200 -4.98918000 -0.52206730 / 0.77592220 -0.42688130 0.46445360 / 255 0 255 255 / 0.98735040 0.04910280 / 0.49792260 0.86649720 -0.03543480 -1.00000000
				-3.21253200 -4.98918000 -0.52206730 / 0.77592220 -0.42688130 0.46445360 / 255 0 255 255 / 0.98735040 0.04910280 / 0.49792260 0.86649720 -0.03543480 -1.00000000
				-3.21253200 -4.98918000 -0.52206730 / 0.77592220 -0.42688130 0.46445360 / 255 0 255 255 / 0.98735040 0.04910280 / 0.49792260 0.86649720 -0.03543480 -1.00000000
				-3.22981100 -4.99455100 -0.58051320 / 0.46414700 -0.38899850 -0.79576870 / 255 0 255 255 / 0.96961970 0.01713560 / 0.74599700 0.65604630 0.11441920 -1.00000000
				-3.22981100 -4.99455100 -0.58051320 / 0.46414700 -0.38899850 -0.79576870 / 255 0 255 255 / 0.96961970 0.01713560 / 0.74599700 0.65604630 0.11441920 -1.00000000
				-3.22981100 -4.99455100 -0.58051320 / 0.46414700 -0.38899850 -0.79576870 / 255 0 255 255 / 0.96961970 0.01713560 / 0.74599700 0.65604630 0.11441920 -1.00000000
				-3.21456500 -4.99455100 -0.52359200 / 0.78874800 -0.41689990 0.45174220 / 255 0 255 255 / 0.98423770 0.04800420 / 0.52908810 0.83454660 -0.15361570 -1.00000000
				-3.21456500 -4.99455100 -0.52359200 / 0.78874800 -0.41689990 0.45174220 / 255 0 255 255 / 0.98423770 0.04800420 / 0.52908810 0.83454660 -0.15361570 -1.00000000
				-3.21456500 -4.99455100 -0.52359200 / 0.78874800 -0.41689990 0.45174220 / 255 0 255 255 / 0.98423770 0.04800420 / 0.52908810 0.83454660 -0.15361570 -1.00000000
				-3.22879500 -4.98918000 -0.58254610 / 0.45777570 -0.38584190 -0.80097900 / 255 0 255 255 / 0.97142030 0.01522830 / 0.80957010 0.55327710 0.19616500 -1.00000000
				-3.22879500 -4.98918000 -0.58254610 / 0.45777570 -0.38584190 -0.80097900 / 255 0 255 255 / 0.97142030 0.01522830 / 0.80957010 0.55327710 0.19616500 -1.00000000
				-3.22879500 -4.98918000 -0.58254610 / 0.45777570 -0.38584190 -0.80097900 / 255 0 255 255 / 0.97142030 0.01522830 / 0.80957010 0.55327710 0.19616500 -1.00000000
				-3.22879500 -4.98918000 -0.50631240 / 0.48238480 -0.33210240 0.81056330 / 255 0 255 255 / 0.97142030 0.05818180 / 0.72409260 0.67191500 -0.15562840 -1.00000000
				-3.22879500 -4.98918000 -0.50631240 / 0.48238480 -0.33210240 0.81056330 / 255 0 255 255 / 0.97142030 0.05818180 / 0.72409260 0.67191500 -0.15562840 -1.00000000
				-3.22879500 -4.98918000 -0.50631240 / 0.48238480 -0.33210240 0.81056330 / 255 0 255 255 / 0.97142030 0.05818180 / 0.72409260 0.67191500 -0.15562840 -1.00000000
				-3.25064900 -4.99455100 -0.58610370 / -0.00495830 -0.35713790 -0.93403860 / 255 0 255 255 / 0.94966120 0.01409910 / 0.99434840 0.09729679 -0.04248080 -1.00000000
				-3.25064900 -4.99455100 -0.58610370 / -0.00495830 -0.35713790 -0.93403860 / 255 0 255 255 / 0.94966120 0.01409910 / 0.99434840 0.09729679 -0.04248080 -1.00000000
				-3.25064900 -4.99455100 -0.58610370 / -0.00495830 -0.35713790 -0.93403860 / 255 0 255 255 / 0.94966120 0.01409910 / 0.99434840 0.09729679 -0.04248080 -1.00000000
				-3.22981100 -4.99455100 -0.50783710 / 0.48068680 -0.32524570 0.81434350 / 255 0 255 255 / 0.96961970 0.05627440 / 0.80043610 0.54199960 -0.25600500 -1.00000000
				-3.22981100 -4.99455100 -0.50783710 / 0.48068680 -0.32524570 0.81434350 / 255 0 255 255 / 0.96961970 0.05627440 / 0.80043610 0.54199960 -0.25600500 -1.00000000
				-3.22981100 -4.99455100 -0.50783710 / 0.48068680 -0.32524570 0.81434350 / 255 0 255 255 / 0.96961970 0.05627440 / 0.80043610 0.54199960 -0.25600500 -1.00000000
				-3.25064900 -4.98918000 -0.58813660 / -0.00380560 -0.35894130 -0.93335240 / 255 0 255 255 / 0.94966120 0.01190190 / 0.99483450 -0.09603890 0.03287760 -1.00000000
				-3.25064900 -4.98918000 -0.58813660 / -0.00380560 -0.35894130 -0.93335240 / 255 0 255 255 / 0.94966120 0.01190190 / 0.99483450 -0.09603890 0.03287760 -1.00000000
				-3.25064900 -4.98918000 -0.58813660 / -0.00380560 -0.35894130 -0.93335240 / 255 0 255 255 / 0.94966120 0.01190190 / 0.99483450 -0.09603890 0.03287760 -1.00000000
				-3.25064900 -4.98918000 -0.50021370 / -0.00103620 -0.35105450 0.93635450 / 255 0 255 255 / 0.94966120 0.06150820 / 0.99504080 0.09277019 0.03588220 -1.00000000
				-3.25064900 -4.98918000 -0.50021370 / -0.00103620 -0.35105450 0.93635450 / 255 0 255 255 / 0.94966120 0.06150820 / 0.99504080 0.09277019 0.03588220 -1.00000000
				-3.25064900 -4.98918000 -0.50021370 / -0.00103620 -0.35105450 0.93635450 / 255 0 255 255 / 0.94966120 0.06150820 / 0.99504080 0.09277019 0.03588220 -1.00000000
				-3.27148500 -4.99455100 -0.58051320 / -0.43329980 -0.41954790 -0.79764090 / 255 0 255 255 / 0.92970280 0.01713560 / 0.83463730 -0.52073030 -0.17950040 -1.00000000
				-3.27148500 -4.99455100 -0.58051320 / -0.43329980 -0.41954790 -0.79764090 / 255 0 255 255 / 0.92970280 0.01713560 / 0.83463730 -0.52073030 -0.17950040 -1.00000000
				-3.27148500 -4.99455100 -0.58051320 / -0.43329980 -0.41954790 -0.79764090 / 255 0 255 255 / 0.92970280 0.01713560 / 0.83463730 -0.52073030 -0.17950040 -1.00000000
				-3.25064900 -4.99455100 -0.50224660 / -0.00177220 -0.35285960 0.93567450 / 255 0 255 255 / 0.94966120 0.05931090 / 0.99521430 -0.09203780 -0.03282410 -1.00000000
				-3.25064900 -4.99455100 -0.50224660 / -0.00177220 -0.35285960 0.93567450 / 255 0 255 255 / 0.94966120 0.05931090 / 0.99521430 -0.09203780 -0.03282410 -1.00000000
				-3.25064900 -4.99455100 -0.50224660 / -0.00177220 -0.35285960 0.93567450 / 255 0 255 255 / 0.94966120 0.05931090 / 0.99521430 -0.09203780 -0.03282410 -1.00000000
				-3.27301000 -4.98918000 -0.58254610 / -0.45071150 -0.41591670 -0.78985600 / 255 0 255 255 / 0.92790220 0.01522830 / 0.75996920 -0.64296570 -0.09508910 -1.00000000
				-3.27301000 -4.98918000 -0.58254610 / -0.45071150 -0.41591670 -0.78985600 / 255 0 255 255 / 0.92790220 0.01522830 / 0.75996920 -0.64296570 -0.09508910 -1.00000000
				-3.27301000 -4.98918000 -0.58254610 / -0.45071150 -0.41591670 -0.78985600 / 255 0 255 255 / 0.92790220 0.01522830 / 0.75996920 -0.64296570 -0.09508910 -1.00000000
				-3.27301000 -4.98918000 -0.50631240 / -0.47785520 -0.36396360 0.79949030 / 255 0 255 255 / 0.92790220 0.05818180 / 0.80924930 -0.53643820 0.23947760 -1.00000000
				-3.27301000 -4.98918000 -0.50631240 / -0.47785520 -0.36396360 0.79949030 / 255 0 255 255 / 0.92790220 0.05818180 / 0.80924930 -0.53643820 0.23947760 -1.00000000
				-3.27301000 -4.98918000 -0.50631240 / -0.47785520 -0.36396360 0.79949030 / 255 0 255 255 / 0.92790220 0.05818180 / 0.80924930 -0.53643820 0.23947760 -1.00000000
				-3.28724000 -4.99455100 -0.56526640 / -0.82156870 -0.33106440 -0.46413490 / 255 0 255 255 / 0.91510010 0.02540590 / 0.46508030 -0.86005640 -0.20976950 -1.00000000
				-3.28724000 -4.99455100 -0.56526640 / -0.82156870 -0.33106440 -0.46413490 / 255 0 255 255 / 0.91510010 0.02540590 / 0.46508030 -0.86005640 -0.20976950 -1.00000000
				-3.28724000 -4.99455100 -0.56526640 / -0.82156870 -0.33106440 -0.46413490 / 255 0 255 255 / 0.91510010 0.02540590 / 0.46508030 -0.86005640 -0.20976950 -1.00000000
				-3.27148500 -4.99455100 -0.50783710 / -0.45245110 -0.36005750 0.81587160 / 255 0 255 255 / 0.92970280 0.05627440 / 0.74531450 -0.65503380 0.12424580 -1.00000000
				-3.27148500 -4.99455100 -0.50783710 / -0.45245110 -0.36005750 0.81587160 / 255 0 255 255 / 0.92970280 0.05627440 / 0.74531450 -0.65503380 0.12424580 -1.00000000
				-3.27148500 -4.99455100 -0.50783710 / -0.45245110 -0.36005750 0.81587160 / 255 0 255 255 / 0.92970280 0.05627440 / 0.74531450 -0.65503380 0.12424580 -1.00000000
				-3.28876500 -4.98918000 -0.56628290 / -0.82059190 -0.32520840 -0.46996660 / 255 0 255 255 / 0.91197210 0.02430720 / 0.41570400 -0.90394930 -0.10032930 -1.00000000
				-3.28876500 -4.98918000 -0.56628290 / -0.82059190 -0.32520840 -0.46996660 / 255 0 255 255 / 0.91197210 0.02430720 / 0.41570400 -0.90394930 -0.10032930 -1.00000000
				-3.28876500 -4.98918000 -0.56628290 / -0.82059190 -0.32520840 -0.46996660 / 255 0 255 255 / 0.91197210 0.02430720 / 0.41570400 -0.90394930 -0.10032930 -1.00000000
				-3.28876500 -4.98918000 -0.52206730 / -0.79912270 -0.36292760 0.47925620 / 255 0 255 255 / 0.91197210 0.04910280 / 0.48598410 -0.85926310 0.15964480 -1.00000000
				-3.28876500 -4.98918000 -0.52206730 / -0.79912270 -0.36292760 0.47925620 / 255 0 255 255 / 0.91197210 0.04910280 / 0.48598410 -0.85926310 0.15964480 -1.00000000
				-3.28876500 -4.98918000 -0.52206730 / -0.79912270 -0.36292760 0.47925620 / 255 0 255 255 / 0.91197210 0.04910280 / 0.48598410 -0.85926310 0.15964480 -1.00000000
				-3.29283100 -4.99455100 -0.54442920 / -0.93627880 -0.35123180 -0.00427400 / 255 0 255 255 / 0.90974420 0.03669740 / 0.35087510 -0.93462180 -0.05804060 -1.00000000
				-3.29283100 -4.99455100 -0.54442920 / -0.93627880 -0.35123180 -0.00427400 / 255 0 255 255 / 0.90974420 0.03669740 / 0.35087510 -0.93462180 -0.05804060 -1.00000000
				-3.29283100 -4.99455100 -0.54442920 / -0.93627880 -0.35123180 -0.00427400 / 255 0 255 255 / 0.90974420 0.03669740 / 0.35087510 -0.93462180 -0.05804060 -1.00000000
				-3.28724000 -4.99455100 -0.52359200 / -0.81450060 -0.36139070 0.45385620 / 255 0 255 255 / 0.91510010 0.04800420 / 0.42705810 -0.90298130 0.04739410 -1.00000000
				-3.28724000 -4.99455100 -0.52359200 / -0.81450060 -0.36139070 0.45385620 / 255 0 255 255 / 0.91510010 0.04800420 / 0.42705810 -0.90298130 0.04739410 -1.00000000
				-3.28724000 -4.99455100 -0.52359200 / -0.81450060 -0.36139070 0.45385620 / 255 0 255 255 / 0.91510010 0.04800420 / 0.42705810 -0.90298130 0.04739410 -1.00000000
				-3.29486400 -4.98918000 -0.54442920 / -0.93570660 -0.35275550 -0.00409970 / 255 0 255 255 / 0.90614320 0.03669740 / 0.35253680 -0.93543110 0.02620130 -1.00000000
				-3.29486400 -4.98918000 -0.54442920 / -0.93570660 -0.35275550 -0.00409970 / 255 0 255 255 / 0.90614320 0.03669740 / 0.35253680 -0.93543110 0.02620130 -1.00000000
				-3.29486400 -4.98918000 -0.54442920 / -0.93570660 -0.35275550 -0.00409970 / 255 0 255 255 / 0.90614320 0.03669740 / 0.35253680 -0.93543110 0.02620130 -1.00000000
				-3.21253200 -4.78410200 -0.56628290 / 0.79785640 0.39200130 -0.45799580 / 255 0 255 255 / 0.98735040 0.02430720 / 0.48346760 -0.86989510 0.09768140 1.00000000
				-3.21253200 -4.78410200 -0.56628290 / 0.79785640 0.39200130 -0.45799580 / 255 0 255 255 / 0.98735040 0.02430720 / 0.48346760 -0.86989510 0.09768140 1.00000000
				-3.21253200 -4.78410200 -0.56628290 / 0.79785640 0.39200130 -0.45799580 / 255 0 255 255 / 0.98735040 0.02430720 / 0.48346760 -0.86989510 0.09768140 1.00000000
				-3.21456500 -4.77873000 -0.56526640 / 0.79577450 0.38900240 -0.46413340 / 255 0 255 255 / 0.98423770 0.02540590 / 0.51792170 -0.83435540 0.18870130 1.00000000
				-3.21456500 -4.77873000 -0.56526640 / 0.79577450 0.38900240 -0.46413340 / 255 0 255 255 / 0.98423770 0.02540590 / 0.51792170 -0.83435540 0.18870130 1.00000000
				-3.21456500 -4.77873000 -0.56526640 / 0.79577450 0.38900240 -0.46413340 / 255 0 255 255 / 0.98423770 0.02540590 / 0.51792170 -0.83435540 0.18870130 1.00000000
				-3.20897500 -4.77873000 -0.54442920 / 0.90508320 0.42521350 -0.00420280 / 255 0 255 255 / 0.98957830 0.03669740 / 0.42475760 -0.90355690 0.05626690 1.00000000
				-3.20897500 -4.77873000 -0.54442920 / 0.90508320 0.42521350 -0.00420280 / 255 0 255 255 / 0.98957830 0.03669740 / 0.42475760 -0.90355690 0.05626690 1.00000000
				-3.20897500 -4.77873000 -0.54442920 / 0.90508320 0.42521350 -0.00420280 / 255 0 255 255 / 0.98957830 0.03669740 / 0.42475760 -0.90355690 0.05626690 1.00000000
				-3.20643300 -4.78410200 -0.54442920 / 0.90442780 0.42660850 -0.00392160 / 255 0 255 255 / 0.99317930 0.03669740 / 0.42638420 -0.90418570 -0.02539350 1.00000000
				-3.20643300 -4.78410200 -0.54442920 / 0.90442780 0.42660850 -0.00392160 / 255 0 255 255 / 0.99317930 0.03669740 / 0.42638420 -0.90418570 -0.02539350 1.00000000
				-3.20643300 -4.78410200 -0.54442920 / 0.90442780 0.42660850 -0.00392160 / 255 0 255 255 / 0.99317930 0.03669740 / 0.42638420 -0.90418570 -0.02539350 1.00000000
				-3.22879500 -4.78410200 -0.58254610 / 0.45342650 0.38925390 -0.80180160 / 255 0 255 255 / 0.97142030 0.01522830 / 0.74693010 -0.65679130 0.10354100 1.00000000
				-3.22879500 -4.78410200 -0.58254610 / 0.45342650 0.38925390 -0.80180160 / 255 0 255 255 / 0.97142030 0.01522830 / 0.74693010 -0.65679130 0.10354100 1.00000000
				-3.22879500 -4.78410200 -0.58254610 / 0.45342650 0.38925390 -0.80180160 / 255 0 255 255 / 0.97142030 0.01522830 / 0.74693010 -0.65679130 0.10354100 1.00000000
				-3.21456500 -4.77873000 -0.52359200 / 0.79073800 0.42549430 0.44009990 / 255 0 255 255 / 0.98423770 0.04800420 / 0.49274580 -0.86900030 -0.04516750 1.00000000
				-3.21456500 -4.77873000 -0.52359200 / 0.79073800 0.42549430 0.44009990 / 255 0 255 255 / 0.98423770 0.04800420 / 0.49274580 -0.86900030 -0.04516750 1.00000000
				-3.21456500 -4.77873000 -0.52359200 / 0.79073800 0.42549430 0.44009990 / 255 0 255 255 / 0.98423770 0.04800420 / 0.49274580 -0.86900030 -0.04516750 1.00000000
				-3.22981100 -4.77873000 -0.58051320 / 0.46058140 0.38605060 -0.79926820 / 255 0 255 255 / 0.96961970 0.01713560 / 0.81082240 -0.54936960 0.20189120 1.00000000
				-3.22981100 -4.77873000 -0.58051320 / 0.46058140 0.38605060 -0.79926820 / 255 0 255 255 / 0.96961970 0.01713560 / 0.81082240 -0.54936960 0.20189120 1.00000000
				-3.22981100 -4.77873000 -0.58051320 / 0.46058140 0.38605060 -0.79926820 / 255 0 255 255 / 0.96961970 0.01713560 / 0.81082240 -0.54936960 0.20189120 1.00000000
				-3.21253200 -4.78410200 -0.52206730 / 0.78529240 0.41634250 0.45823010 / 255 0 255 255 / 0.98735040 0.04910280 / 0.52841130 -0.83640770 -0.14561510 1.00000000
				-3.21253200 -4.78410200 -0.52206730 / 0.78529240 0.41634250 0.45823010 / 255 0 255 255 / 0.98735040 0.04910280 / 0.52841130 -0.83640770 -0.14561510 1.00000000
				-3.21253200 -4.78410200 -0.52206730 / 0.78529240 0.41634250 0.45823010 / 255 0 255 255 / 0.98735040 0.04910280 / 0.52841130 -0.83640770 -0.14561510 1.00000000
				-3.25064900 -4.78410200 -0.58813660 / 0.00665770 0.35735040 -0.93394680 / 255 0 255 255 / 0.94966120 0.01190190 / 0.99469750 -0.09822020 -0.03049060 1.00000000
				-3.25064900 -4.78410200 -0.58813660 / 0.00665770 0.35735040 -0.93394680 / 255 0 255 255 / 0.94966120 0.01190190 / 0.99469750 -0.09822020 -0.03049060 1.00000000
				-3.25064900 -4.78410200 -0.58813660 / 0.00665770 0.35735040 -0.93394680 / 255 0 255 255 / 0.94966120 0.01190190 / 0.99469750 -0.09822020 -0.03049060 1.00000000
				-3.22981100 -4.77873000 -0.50783710 / 0.46414630 0.33101070 0.82158400 / 255 0 255 255 / 0.96961970 0.05627440 / 0.73075710 -0.66727810 -0.14399260 1.00000000
				-3.22981100 -4.77873000 -0.50783710 / 0.46414630 0.33101070 0.82158400 / 255 0 255 255 / 0.96961970 0.05627440 / 0.73075710 -0.66727810 -0.14399260 1.00000000
				-3.22981100 -4.77873000 -0.50783710 / 0.46414630 0.33101070 0.82158400 / 255 0 255 255 / 0.96961970 0.05627440 / 0.73075710 -0.66727810 -0.14399260 1.00000000
				-3.25064900 -4.77873000 -0.58610370 / 0.00728460 0.35861220 -0.93345820 / 255 0 255 255 / 0.94966120 0.01409910 / 0.99455420 0.09445520 0.04404880 1.00000000
				-3.25064900 -4.77873000 -0.58610370 / 0.00728460 0.35861220 -0.93345820 / 255 0 255 255 / 0.94966120 0.01409910 / 0.99455420 0.09445520 0.04404880 1.00000000
				-3.25064900 -4.77873000 -0.58610370 / 0.00728460 0.35861220 -0.93345820 / 255 0 255 255 / 0.94966120 0.01409910 / 0.99455420 0.09445520 0.04404880 1.00000000
				-3.22879500 -4.78410200 -0.50631240 / 0.46997190 0.32515830 0.82060870 / 255 0 255 255 / 0.97142030 0.05818180 / 0.80084910 -0.54800750 -0.24151270 1.00000000
				-3.22879500 -4.78410200 -0.50631240 / 0.46997190 0.32515830 0.82060870 / 255 0 255 255 / 0.97142030 0.05818180 / 0.80084910 -0.54800750 -0.24151270 1.00000000
				-3.22879500 -4.78410200 -0.50631240 / 0.46997190 0.32515830 0.82060870 / 255 0 255 255 / 0.97142030 0.05818180 / 0.80084910 -0.54800750 -0.24151270 1.00000000
				-3.27301000 -4.78410200 -0.58254610 / -0.46442300 0.42104550 -0.77912260 / 255 0 255 255 / 0.92790220 0.01522830 / 0.81795210 0.54119240 -0.19510300 1.00000000
				-3.27301000 -4.78410200 -0.58254610 / -0.46442300 0.42104550 -0.77912260 / 255 0 255 255 / 0.92790220 0.01522830 / 0.81795210 0.54119240 -0.19510300 1.00000000
				-3.27301000 -4.78410200 -0.58254610 / -0.46442300 0.42104550 -0.77912260 / 255 0 255 255 / 0.92790220 0.01522830 / 0.81795210 0.54119240 -0.19510300 1.00000000
				-3.25064900 -4.77873000 -0.50224660 / 0.00427670 0.35124910 0.93627230 / 255 0 255 255 / 0.94966120 0.05931090 / 0.99500840 -0.09484200 0.03103560 1.00000000
				-3.25064900 -4.77873000 -0.50224660 / 0.00427670 0.35124910 0.93627230 / 255 0 255 255 / 0.94966120 0.05931090 / 0.99500840 -0.09484200 0.03103560 1.00000000
				-3.25064900 -4.77873000 -0.50224660 / 0.00427670 0.35124910 0.93627230 / 255 0 255 255 / 0.94966120 0.05931090 / 0.99500840 -0.09484200 0.03103560 1.00000000
				-3.27148500 -4.77873000 -0.58051320 / -0.45173560 0.41693250 -0.78873460 / 255 0 255 255 / 0.92970280 0.01713560 / 0.76041920 0.64229890 -0.09599320 1.00000000
				-3.27148500 -4.77873000 -0.58051320 / -0.45173560 0.41693250 -0.78873460 / 255 0 255 255 / 0.92970280 0.01713560 / 0.76041920 0.64229890 -0.09599320 1.00000000
				-3.27148500 -4.77873000 -0.58051320 / -0.45173560 0.41693250 -0.78873460 / 255 0 255 255 / 0.92970280 0.01713560 / 0.76041920 0.64229890 -0.09599320 1.00000000
				-3.25064900 -4.78410200 -0.50021370 / 0.00410220 0.35277440 0.93569940 / 255 0 255 255 / 0.94966120 0.06150820 / 0.99515020 0.09052330 -0.03849160 1.00000000
				-3.25064900 -4.78410200 -0.50021370 / 0.00410220 0.35277440 0.93569940 / 255 0 255 255 / 0.94966120 0.06150820 / 0.99515020 0.09052330 -0.03849160 1.00000000
				-3.25064900 -4.78410200 -0.50021370 / 0.00410220 0.35277440 0.93569940 / 255 0 255 255 / 0.94966120 0.06150820 / 0.99515020 0.09052330 -0.03849160 1.00000000
				-3.28876500 -4.78410200 -0.56628290 / -0.81055000 0.33215660 -0.48236980 / 255 0 255 255 / 0.91197210 0.02430720 / 0.47062900 0.85962240 -0.19889110 1.00000000
				-3.28876500 -4.78410200 -0.56628290 / -0.81055000 0.33215660 -0.48236980 / 255 0 255 255 / 0.91197210 0.02430720 / 0.47062900 0.85962240 -0.19889110 1.00000000
				-3.28876500 -4.78410200 -0.56628290 / -0.81055000 0.33215660 -0.48236980 / 255 0 255 255 / 0.91197210 0.02430720 / 0.47062900 0.85962240 -0.19889110 1.00000000
				-3.27148500 -4.77873000 -0.50783710 / -0.45385400 0.36137990 0.81450670 / 255 0 255 255 / 0.92970280 0.05627440 / 0.82524470 0.51527510 0.23122030 1.00000000
				-3.27148500 -4.77873000 -0.50783710 / -0.45385400 0.36137990 0.81450670 / 255 0 255 255 / 0.92970280 0.05627440 / 0.82524470 0.51527510 0.23122030 1.00000000
				-3.27148500 -4.77873000 -0.50783710 / -0.45385400 0.36137990 0.81450670 / 255 0 255 255 / 0.92970280 0.05627440 / 0.82524470 0.51527510 0.23122030 1.00000000
				-3.28724000 -4.77873000 -0.56526640 / -0.81433560 0.32529620 -0.48066620 / 255 0 255 255 / 0.91510010 0.02540590 / 0.41895360 0.90260140 -0.09893770 1.00000000
				-3.28724000 -4.77873000 -0.56526640 / -0.81433560 0.32529620 -0.48066620 / 255 0 255 255 / 0.91510010 0.02540590 / 0.41895360 0.90260140 -0.09893770 1.00000000
				-3.28724000 -4.77873000 -0.56526640 / -0.81433560 0.32529620 -0.48066620 / 255 0 255 255 / 0.91510010 0.02540590 / 0.41895360 0.90260140 -0.09893770 1.00000000
				-3.27301000 -4.78410200 -0.50631240 / -0.47926780 0.36291610 0.79912080 / 255 0 255 255 / 0.92790220 0.05818180 / 0.73872130 0.65844570 0.14401430 1.00000000
				-3.27301000 -4.78410200 -0.50631240 / -0.47926780 0.36291610 0.79912080 / 255 0 255 255 / 0.92790220 0.05818180 / 0.73872130 0.65844570 0.14401430 1.00000000
				-3.27301000 -4.78410200 -0.50631240 / -0.47926780 0.36291610 0.79912080 / 255 0 255 255 / 0.92790220 0.05818180 / 0.73872130 0.65844570 0.14401430 1.00000000
				-3.29486400 -4.78410200 -0.54442920 / -0.93636080 0.35103760 0.00102680 / 255 0 255 255 / 0.90614320 0.03669740 / 0.35049480 0.93506780 -0.05293110 1.00000000
				-3.29486400 -4.78410200 -0.54442920 / -0.93636080 0.35103760 0.00102680 / 255 0 255 255 / 0.90614320 0.03669740 / 0.35049480 0.93506780 -0.05293110 1.00000000
				-3.29486400 -4.78410200 -0.54442920 / -0.93636080 0.35103760 0.00102680 / 255 0 255 255 / 0.90614320 0.03669740 / 0.35049480 0.93506780 -0.05293110 1.00000000
				-3.28724000 -4.77873000 -0.52359200 / -0.81586130 0.36007270 0.45245780 / 255 0 255 255 / 0.91510010 0.04800420 / 0.47666710 0.86174740 0.17372360 1.00000000
				-3.28724000 -4.77873000 -0.52359200 / -0.81586130 0.36007270 0.45245780 / 255 0 255 255 / 0.91510010 0.04800420 / 0.47666710 0.86174740 0.17372360 1.00000000
				-3.28724000 -4.77873000 -0.52359200 / -0.81586130 0.36007270 0.45245780 / 255 0 255 255 / 0.91510010 0.04800420 / 0.47666710 0.86174740 0.17372360 1.00000000
				-3.29283100 -4.77873000 -0.54442920 / -0.93568190 0.35284050 0.00176080 / 255 0 255 255 / 0.90974420 0.03669740 / 0.35274260 0.93527890 0.02874070 1.00000000
				-3.29283100 -4.77873000 -0.54442920 / -0.93568190 0.35284050 0.00176080 / 255 0 255 255 / 0.90974420 0.03669740 / 0.35274260 0.93527890 0.02874070 1.00000000
				-3.29283100 -4.77873000 -0.54442920 / -0.93568190 0.35284050 0.00176080 / 255 0 255 255 / 0.90974420 0.03669740 / 0.35274260 0.93527890 0.02874070 1.00000000
				-3.28876500 -4.78410200 -0.52206730 / -0.79949090 0.36397180 0.47784790 / 255 0 255 255 / 0.91197210 0.04910280 / 0.43140970 0.90147100 0.03515370 1.00000000
				-3.28876500 -4.78410200 -0.52206730 / -0.79949090 0.36397180 0.47784790 / 255 0 255 255 / 0.91197210 0.04910280 / 0.43140970 0.90147100 0.03515370 1.00000000
				-3.28876500 -4.78410200 -0.52206730 / -0.79949090 0.36397180 0.47784790 / 255 0 255 255 / 0.91197210 0.04910280 / 0.43140970 0.90147100 0.03515370 1.00000000
			}
		}
	}
}
