Version 165 32
{
	Locked False
	Skinned False
	BoneCount 0
	Mask 255
	Bounds
	{
		Aabb
		{
			Min -16.76295000 19.62900000 -17.57697000
			Max -14.31516000 24.07479000 -14.40409000
		}
		Aabb
		{
			Min -15.87310000 21.06854000 -16.23956000
			Max -14.99836000 22.74583000 -14.81280000
		}
		Aabb
		{
			Min -16.76295000 19.62900000 -17.57696000
			Max -14.31516000 24.07479000 -14.40409000
		}
		Aabb
		{
			Min -15.83483000 21.12492000 -16.18439000
			Max -15.03901000 22.68886000 -14.86797000
		}
		Aabb
		{
			Min -16.72162000 19.67098000 -17.57697000
			Max -14.35669000 24.03346000 -14.43193000
		}
		Aabb
		{
			Min -16.35133000 20.37416000 -15.91387000
			Max -14.91897000 23.12479000 -15.07792000
		}
	}
	Geometries
	{
		Geometry
		{
			ShaderIndex 1
			Flags -
			VertexDeclaration N209731BE
			Indices 72
			{
				0 11 13 14 36 33 54 57 58 59 61 56 62 7 20
				34 47 64 60 67 3 15 27 65 39 63 68 69 22 51
				44 66 70 71 1 55 2 5 6 8 9 4 10 16 17
				18 19 12 21 24 25 26 28 23 29 31 32 35 37 30
				38 41 42 43 45 40 46 49 50 52 53 48
			}
			Vertices 72
			{
				-15.87309000 22.73113000 -14.81280000 / -0.45140510 0.89231910 0.00000000 / 11 95 0 255 / 0.24122620 0.31652830
				-15.83482000 22.68886000 -14.86798000 / 0.00000000 0.00000000 -1.00000000 / 6 71 0 255 / 0.20545960 0.89266960
				-15.02743000 21.06854000 -16.23955000 / -0.00009540 0.00000000 -1.00000000 / 6 63 0 255 / 0.24122620 0.91140750
				-14.99836000 21.08325000 -14.81280000 / 0.00000000 0.00000000 1.00000000 / 5 142 0 255 / 0.23017880 0.13072200
				-15.02743000 21.06854000 -16.23955000 / 0.00000000 0.00000000 -1.00000000 / 6 63 0 255 / 0.24122620 0.91140750
				-15.87310000 22.73112000 -16.23955000 / -0.00009540 0.00000000 -1.00000000 / 6 58 0 255 / 0.24122620 0.13072200
				-15.84404000 22.74583000 -16.23956000 / -0.00009540 0.00000000 -1.00000000 / 6 63 0 255 / 0.23017880 0.13072200
				-15.03902000 21.12492000 -16.18438000 / -0.44660310 0.89473220 0.00000000 / 7 108 0 255 / 0.20545960 0.33525090
				-15.84404000 22.74583000 -16.23956000 / 0.00000000 0.00000000 -1.00000000 / 6 63 0 255 / 0.23017880 0.13072200
				-14.99837000 21.08324000 -16.23955000 / 0.00000000 0.00000000 -1.00000000 / 5 68 0 255 / 0.23017880 0.91140750
				-14.99837000 21.08324000 -16.23955000 / 0.89130230 0.45337590 0.00553130 / 6 121 0 255 / 0.23017880 0.91140750
				-15.84402000 22.74583000 -14.81280000 / -0.45140510 0.89231910 0.00000000 / 12 100 0 255 / 0.23017880 0.31652830
				-14.99837000 21.08324000 -16.23955000 / 0.89121920 0.45357290 0.00000000 / 6 121 0 255 / 0.23017880 0.91140750
				-15.84404000 22.74583000 -16.23956000 / -0.45140510 0.89231910 0.00000000 / 11 95 0 255 / 0.23017880 0.91140750
				-15.84404000 22.74583000 -16.23956000 / -0.45148110 0.89228070 0.00000000 / 11 95 0 255 / 0.23017880 0.91140750
				-14.99836000 21.08325000 -14.81280000 / 0.00009540 0.00000000 1.00000000 / 5 142 0 255 / 0.23017880 0.13072200
				-15.84404000 22.74583000 -16.23956000 / 0.89130230 0.45337590 0.00553130 / 10 127 0 255 / 0.23017880 0.13072200
				-15.81933000 22.69659000 -16.18439000 / 0.89130230 0.45337590 0.00553130 / 8 127 0 255 / 0.21145630 0.14944460
				-15.81933000 22.69659000 -16.18439000 / 0.89121920 0.45357290 0.00000000 / 8 127 0 255 / 0.21145630 0.14944460
				-15.02352000 21.13266000 -16.18438000 / 0.89121920 0.45357290 0.00000000 / 6 125 0 255 / 0.21145630 0.89266960
				-15.03901000 21.12493000 -14.86797000 / -0.44660310 0.89473220 0.00000000 / 7 93 0 255 / 0.20545960 0.89266960
				-15.02352000 21.13266000 -16.18438000 / 0.00000000 0.00000000 1.00000000 / 5 147 0 255 / 0.21145630 0.89266960
				-15.81932000 22.69660000 -14.86798000 / 0.89120510 0.45356570 -0.00562670 / 12 126 0 255 / 0.21145630 0.89266960
				-15.02352000 21.13266000 -16.18438000 / 0.00009540 0.00000000 1.00000000 / 5 147 0 255 / 0.21145630 0.89266960
				-15.81933000 22.69659000 -16.18439000 / 0.00000000 0.00000000 1.00000000 / 6 147 0 255 / 0.21145630 0.14944460
				-15.83483000 22.68885000 -16.18439000 / 0.00000000 0.00000000 1.00000000 / 5 147 0 255 / 0.20545960 0.14944460
				-15.83483000 22.68885000 -16.18439000 / 0.00009540 0.00000000 1.00000000 / 5 147 0 255 / 0.20545960 0.14944460
				-15.84402000 22.74583000 -14.81280000 / 0.00009540 0.00000000 1.00000000 / 5 134 0 255 / 0.23017880 0.91139220
				-15.03902000 21.12492000 -16.18438000 / 0.00009540 0.00000000 1.00000000 / 5 147 0 255 / 0.20545960 0.89266960
				-15.81932000 22.69660000 -14.86798000 / 0.89381590 0.44843390 0.00000000 / 12 126 0 255 / 0.21145630 0.33525090
				-15.81932000 22.69660000 -14.86798000 / 0.89381590 0.44843390 0.00000000 / 12 126 0 255 / 0.21145630 0.33525090
				-15.81933000 22.69659000 -16.18439000 / 0.89381590 0.44843390 0.00000000 / 8 127 0 255 / 0.21145630 0.89266960
				-15.84404000 22.74583000 -16.23956000 / 0.89381590 0.44843390 0.00000000 / 10 127 0 255 / 0.23017880 0.91140750
				-15.87309000 22.73113000 -14.81280000 / -0.45148110 0.89228070 0.00000000 / 11 95 0 255 / 0.24122620 0.31652830
				-15.03901000 21.12493000 -14.86797000 / -0.44690840 0.89457980 0.00000000 / 7 93 0 255 / 0.20545960 0.89266960
				-15.84404000 22.74583000 -16.23956000 / 0.89381590 0.44843390 0.00000000 / 10 127 0 255 / 0.23017880 0.91140750
				-15.87310000 22.73112000 -16.23955000 / -0.45148110 0.89228070 0.00000000 / 11 90 0 255 / 0.24122620 0.91140750
				-15.84402000 22.74583000 -14.81280000 / 0.89381590 0.44843390 0.00000000 / 12 125 0 255 / 0.23017880 0.31652830
				-15.81932000 22.69660000 -14.86798000 / 0.44660310 -0.89473220 0.00000000 / 4 95 0 255 / 0.21145630 0.33525090
				-15.84402000 22.74583000 -14.81280000 / 0.89131590 0.45338280 -0.00009540 / 12 125 0 255 / 0.23017880 0.91139220
				-15.81932000 22.69660000 -14.86798000 / 0.44667950 -0.89469410 0.00000000 / 4 95 0 255 / 0.21145630 0.33525090
				-15.83482000 22.68886000 -14.86798000 / 0.44660310 -0.89473220 0.00000000 / 4 92 0 255 / 0.20545960 0.33525090
				-15.83483000 22.68885000 -16.18439000 / 0.44660310 -0.89473220 0.00000000 / 4 95 0 255 / 0.20545960 0.89266960
				-15.83483000 22.68885000 -16.18439000 / 0.44667950 -0.89469410 0.00000000 / 4 95 0 255 / 0.20545960 0.89266960
				-15.81932000 22.69660000 -14.86798000 / -0.00009540 0.00000000 -1.00000000 / 6 72 0 255 / 0.21145630 0.89266960
				-15.81933000 22.69659000 -16.18439000 / 0.44667950 -0.89469410 0.00000000 / 3 98 0 255 / 0.21145630 0.89266960
				-15.02743000 21.06854000 -16.23955000 / 0.45148110 -0.89228070 0.00000000 / 3 66 0 255 / 0.24122620 0.31652830
				-15.02351000 21.13267000 -14.86797000 / -0.44690840 0.89457980 0.00000000 / 7 77 0 255 / 0.21145630 0.89266960
				-15.02743000 21.06854000 -16.23955000 / 0.45140510 -0.89231910 0.00000000 / 3 66 0 255 / 0.24122620 0.31652830
				-14.99837000 21.08324000 -16.23955000 / 0.45148110 -0.89228070 0.00000000 / 3 71 0 255 / 0.23017880 0.31652830
				-14.99836000 21.08325000 -14.81280000 / 0.45148110 -0.89228070 0.00000000 / 3 66 0 255 / 0.23017880 0.91140750
				-15.84402000 22.74583000 -14.81280000 / 0.89120510 0.45356570 -0.00562670 / 12 125 0 255 / 0.23017880 0.91139220
				-14.99836000 21.08325000 -14.81280000 / 0.45140510 -0.89231910 0.00000000 / 3 66 0 255 / 0.23017880 0.91140750
				-15.02743000 21.06854000 -14.81280000 / 0.45140510 -0.89231910 0.00000000 / 2 59 0 255 / 0.24122620 0.91140750
				-14.99836000 21.08325000 -14.81280000 / 0.89121920 0.45357290 0.00000000 / 7 125 0 255 / 0.23017880 0.91140750
				-15.81932000 22.69660000 -14.86798000 / 0.00000000 0.00000000 -1.00000000 / 6 72 0 255 / 0.21145630 0.89266960
				-14.99836000 21.08325000 -14.81280000 / 0.89121920 0.45357290 0.00000000 / 7 125 0 255 / 0.23017880 0.91140750
				-14.99837000 21.08324000 -16.23955000 / 0.89121920 0.45357290 0.00000000 / 6 121 0 255 / 0.23017880 0.31652830
				-15.02352000 21.13266000 -16.18438000 / 0.89121920 0.45357290 0.00000000 / 6 125 0 255 / 0.21145630 0.33525090
				-15.02352000 21.13266000 -16.18438000 / 0.89121920 0.45357290 0.00000000 / 6 125 0 255 / 0.21145630 0.33525090
				-15.87309000 22.73113000 -14.81280000 / 0.00000000 0.00000000 1.00000000 / 5 142 0 255 / 0.24122620 0.91139220
				-15.02351000 21.13267000 -14.86797000 / 0.89121920 0.45357290 0.00000000 / 10 126 0 255 / 0.21145630 0.89266960
				-15.02352000 21.13266000 -16.18438000 / -0.44660310 0.89473220 0.00000000 / 7 93 0 255 / 0.21145630 0.33525090
				-14.99836000 21.08325000 -14.81280000 / 0.89131590 0.45338280 -0.00009540 / 7 125 0 255 / 0.23017880 0.13072200
				-15.02352000 21.13266000 -16.18438000 / -0.44690840 0.89457980 0.00000000 / 7 93 0 255 / 0.21145630 0.33525090
				-15.87309000 22.73113000 -14.81280000 / 0.00009540 0.00000000 1.00000000 / 5 142 0 255 / 0.24122620 0.91139220
				-15.02351000 21.13267000 -14.86797000 / -0.00009540 0.00000000 -1.00000000 / 5 72 0 255 / 0.21145630 0.14944460
				-15.02743000 21.06854000 -14.81280000 / 0.00000000 0.00000000 1.00000000 / 5 150 0 255 / 0.24122620 0.13072200
				-15.02351000 21.13267000 -14.86797000 / 0.89131590 0.45338280 -0.00009540 / 10 126 0 255 / 0.21145630 0.14944460
				-15.02351000 21.13267000 -14.86797000 / 0.89120510 0.45356570 -0.00562670 / 10 126 0 255 / 0.21145630 0.14944460
				-15.03901000 21.12493000 -14.86797000 / -0.00009540 0.00000000 -1.00000000 / 6 72 0 255 / 0.20545960 0.14944460
				-15.03901000 21.12493000 -14.86797000 / 0.00000000 0.00000000 -1.00000000 / 6 72 0 255 / 0.20545960 0.14944460
			}
		}
		Geometry
		{
			ShaderIndex 13
			Flags -
			VertexDeclaration N51263BB5
			Indices 150
			{
				143 11 27 28 44 144 60 77 93 94 110 61 126 145 147
				148 149 127 0 2 3 4 5 1 6 8 9 10 12 7
				13 15 16 17 18 14 20 21 22 23 24 19 25 29 30
				31 32 26 33 35 36 37 38 34 39 41 42 43 45 40
				46 48 49 50 51 47 52 54 55 56 57 53 58 62 63
				64 65 59 66 68 69 70 71 67 72 74 75 76 78 73
				79 81 82 83 84 80 85 87 88 89 90 86 91 95 96
				97 98 92 99 101 102 103 104 100 105 107 108 109 111 106
				112 114 115 116 117 113 118 120 121 122 123 119 124 128 129
				130 131 125 132 134 135 136 137 133 138 140 141 142 146 139
			}
			Vertices 150
			{
				-16.53015000 24.07479000 -14.53449000 / -0.44896740 0.89354820 -0.00009540 / 19 141 0 255 / -15.79385000 0.78424080 / -0.89354810 -0.44896740 0.00000730 1.00000000
				-16.53015000 24.07479000 -14.53449000 / -0.44896740 0.89354820 -0.00009540 / 19 141 0 255 / -15.79385000 0.78424080 / -0.89354810 -0.44896740 0.00000000 1.00000000
				-16.76293000 23.95779000 -14.53449000 / -0.44896740 0.89354820 -0.00009540 / 20 143 0 255 / -15.33437000 0.78424080 / -0.89354810 -0.44896740 0.00000730 1.00000000
				-16.76294000 23.95780000 -14.40411000 / -0.44896740 0.89354820 -0.00009540 / 19 141 0 255 / -15.33437000 0.65142820 / -0.89354810 -0.44896740 0.00000730 1.00000000
				-16.76294000 23.95780000 -14.40411000 / -0.44896740 0.89354820 -0.00009540 / 19 141 0 255 / -15.33437000 0.65142820 / -0.89354810 -0.44896740 0.00000000 1.00000000
				-16.53016000 24.07479000 -14.40411000 / -0.44896740 0.89354820 -0.00009540 / 18 138 0 255 / -15.79385000 0.65142820 / -0.89354810 -0.44896740 0.00000000 1.00000000
				-16.53391000 24.06470000 -14.54523000 / -0.36351810 0.71921660 -0.59209970 / 17 103 0 255 / -15.78050000 0.79759220 / -0.89248420 -0.45107860 0.00001850 1.00000000
				-16.53391000 24.06470000 -14.54523000 / -0.37097870 0.73833350 -0.56323920 / 17 103 0 255 / -15.78050000 0.79759220 / -0.89353450 -0.44899460 -0.00004520 1.00000000
				-16.75285000 23.95404000 -14.54523000 / -0.36351810 0.71921660 -0.59209970 / 17 103 0 255 / -15.34791000 0.79759220 / -0.89248420 -0.45107860 0.00001850 1.00000000
				-16.76293000 23.95779000 -14.53449000 / -0.36351810 0.71921660 -0.59209970 / 17 103 0 255 / -15.33437000 0.78424080 / -0.89248420 -0.45107860 0.00001850 1.00000000
				-16.76293000 23.95779000 -14.53449000 / -0.37097870 0.73833350 -0.56323920 / 17 103 0 255 / -15.33437000 0.78424080 / -0.89353450 -0.44899460 -0.00004520 1.00000000
				-14.54800000 19.62903000 -14.53446000 / -0.89025000 -0.45547230 0.00000000 / 93 165 0 255 / -6.76170400 0.78424080 / 0.45547230 -0.89025000 0.00000510 1.00000000
				-16.53015000 24.07479000 -14.53449000 / -0.37097870 0.73833350 -0.56323920 / 17 102 0 255 / -15.79385000 0.78424080 / -0.89353450 -0.44899460 -0.00004520 1.00000000
				-16.54401000 24.03346000 -14.54523000 / 0.00000000 0.00019070 -1.00000000 / 18 67 0 255 / -15.73981000 0.82516480 / -0.89296850 -0.45011900 -0.00008590 1.00000000
				-16.54401000 24.03346000 -14.54523000 / 0.00000000 0.00000000 -1.00000000 / 18 67 0 255 / -15.73981000 0.82516480 / -0.89248600 -0.45107510 0.00000000 1.00000000
				-16.72160000 23.94394000 -14.54523000 / 0.00000000 0.00019070 -1.00000000 / 52 84 0 255 / -15.38921000 0.82516480 / -0.89296850 -0.45011900 -0.00008590 1.00000000
				-16.75285000 23.95404000 -14.54523000 / 0.00000000 0.00019070 -1.00000000 / 29 77 0 255 / -15.34791000 0.79759220 / -0.89296850 -0.45011900 -0.00008590 1.00000000
				-16.75285000 23.95404000 -14.54523000 / 0.00000000 0.00000000 -1.00000000 / 29 77 0 255 / -15.34791000 0.79759220 / -0.89248600 -0.45107510 0.00000000 1.00000000
				-16.53391000 24.06470000 -14.54523000 / 0.00000000 0.00000000 -1.00000000 / 16 62 0 255 / -15.78050000 0.79759220 / -0.89248600 -0.45107510 0.00000000 1.00000000
				-14.31517000 19.74864000 -14.53446000 / 0.89015280 0.45566210 0.00000000 / 13 134 0 255 / -6.30029300 0.78424080 / -0.45566210 0.89015280 -0.00000510 1.00000000
				-14.31517000 19.74864000 -14.53446000 / 0.89015280 0.45566210 0.00000000 / 13 134 0 255 / -6.30029300 0.78424080 / -0.45566210 0.89015280 -0.00000200 1.00000000
				-16.53015000 24.07479000 -14.53449000 / 0.89015280 0.45566210 0.00000000 / 13 135 0 255 / 2.26829500 0.78425600 / -0.45566210 0.89015280 -0.00000200 1.00000000
				-16.53016000 24.07479000 -14.40411000 / 0.89015280 0.45566210 0.00000000 / 13 134 0 255 / 2.26829500 0.65142820 / -0.45566210 0.89015280 -0.00000200 1.00000000
				-16.53016000 24.07479000 -14.40411000 / 0.89015280 0.45566210 0.00000000 / 13 134 0 255 / 2.26829500 0.65142820 / -0.45566210 0.89015280 -0.00000510 1.00000000
				-14.31516000 19.74864000 -14.40409000 / 0.89015280 0.45566210 0.00000000 / 12 133 0 255 / -6.30029300 0.65142820 / -0.45566210 0.89015280 -0.00000510 1.00000000
				-14.32543000 19.75194000 -14.54520000 / 0.71581810 0.36658740 -0.59432170 / 14 79 0 255 / -6.28683500 0.79759220 / -0.45581700 0.89007350 0.00001300 1.00000000
				-14.32543000 19.75194000 -14.54520000 / 0.72575680 0.37155700 -0.57898410 / 14 79 0 255 / -6.28683500 0.79759220 / -0.45571890 0.89012370 -0.00001620 1.00000000
				-14.54800000 19.62904000 -14.40409000 / -0.89025000 -0.45547230 0.00000000 / 92 163 0 255 / -6.76170400 0.65142820 / 0.45547230 -0.89025000 0.00000510 1.00000000
				-14.54800000 19.62904000 -14.40409000 / -0.89025000 -0.45547230 0.00000000 / 92 163 0 255 / -6.76170400 0.65142820 / 0.45547220 -0.89025000 0.00000510 1.00000000
				-16.53391000 24.06470000 -14.54523000 / 0.71581810 0.36658740 -0.59432170 / 14 78 0 255 / 2.25492900 0.79759220 / -0.45581700 0.89007350 0.00001300 1.00000000
				-16.53015000 24.07479000 -14.53449000 / 0.71581810 0.36658740 -0.59432170 / 14 79 0 255 / 2.26829500 0.78425600 / -0.45581700 0.89007350 0.00001300 1.00000000
				-16.53015000 24.07479000 -14.53449000 / 0.72575680 0.37155700 -0.57898410 / 14 79 0 255 / 2.26829500 0.78425600 / -0.45571890 0.89012370 -0.00001620 1.00000000
				-14.31517000 19.74864000 -14.53446000 / 0.72575680 0.37155700 -0.57898410 / 14 81 0 255 / -6.30029300 0.78424080 / -0.45571890 0.89012370 -0.00001620 1.00000000
				-14.35668000 19.76205000 -14.54521000 / 0.00009540 0.00000000 -1.00000000 / 22 62 0 255 / -6.24592600 0.82518000 / -0.45580100 0.89008170 -0.00004350 1.00000000
				-14.35668000 19.76205000 -14.54521000 / 0.00019070 0.00000000 -1.00000000 / 22 62 0 255 / -6.24592600 0.82518000 / -0.45579470 0.89008490 -0.00008690 1.00000000
				-16.54401000 24.03346000 -14.54523000 / 0.00000000 0.00000000 -1.00000000 / 18 67 0 255 / 2.21423300 0.82516480 / -0.45580100 0.89008170 0.00000000 1.00000000
				-16.53391000 24.06470000 -14.54523000 / 0.00000000 0.00000000 -1.00000000 / 16 62 0 255 / 2.25492900 0.79759220 / -0.45580100 0.89008170 0.00000000 1.00000000
				-16.53391000 24.06470000 -14.54523000 / 0.00019070 0.00000000 -1.00000000 / 16 62 0 255 / 2.25492900 0.79759220 / -0.45579470 0.89008490 -0.00008690 1.00000000
				-14.32543000 19.75194000 -14.54520000 / 0.00019070 0.00000000 -1.00000000 / 39 66 0 255 / -6.28683500 0.79759220 / -0.45579470 0.89008490 -0.00008690 1.00000000
				-14.54800000 19.62903000 -14.53446000 / 0.45687600 -0.88953030 0.00000000 / 51 98 0 255 / -6.76170400 0.78424080 / 0.88953040 0.45687610 -0.00000730 1.00000000
				-14.54800000 19.62903000 -14.53446000 / 0.45687600 -0.88953030 0.00009540 / 51 98 0 255 / -6.76170400 0.78424080 / 0.88953040 0.45687610 0.00000000 1.00000000
				-14.31517000 19.74864000 -14.53446000 / 0.45687600 -0.88953030 0.00000000 / 42 84 0 255 / -6.30029300 0.78424080 / 0.88953040 0.45687610 -0.00000730 1.00000000
				-14.31516000 19.74864000 -14.40409000 / 0.45687600 -0.88953030 0.00000000 / 51 98 0 255 / -6.30029300 0.65142820 / 0.88953040 0.45687610 -0.00000730 1.00000000
				-14.31516000 19.74864000 -14.40409000 / 0.45687600 -0.88953030 0.00009540 / 51 98 0 255 / -6.30029300 0.65142820 / 0.88953040 0.45687610 0.00000000 1.00000000
				-16.76294000 23.95780000 -14.40411000 / -0.89023020 -0.45551090 0.00000000 / 91 161 0 255 / -15.33437000 0.65142820 / 0.45551100 -0.89023020 0.00000510 1.00000000
				-14.54800000 19.62904000 -14.40409000 / 0.45687600 -0.88953030 0.00009540 / 61 111 0 255 / -6.76170400 0.65142820 / 0.88953040 0.45687610 0.00000000 1.00000000
				-14.54469000 19.63929000 -14.54520000 / 0.37249200 -0.72514810 -0.57914580 / 109 84 0 255 / -6.74821600 0.79759220 / 0.88949600 0.45694300 -0.00003670 1.00000000
				-14.54469000 19.63929000 -14.54520000 / 0.37269710 -0.72555770 -0.57850060 / 109 84 0 255 / -6.74821600 0.79759220 / 0.88950510 0.45692520 -0.00001650 1.00000000
				-14.32543000 19.75194000 -14.54520000 / 0.37249200 -0.72514810 -0.57914580 / 96 88 0 255 / -6.31373600 0.79759220 / 0.88949600 0.45694300 -0.00003670 1.00000000
				-14.31517000 19.74864000 -14.53446000 / 0.37249200 -0.72514810 -0.57914580 / 109 84 0 255 / -6.30029300 0.78424080 / 0.88949600 0.45694300 -0.00003670 1.00000000
				-14.31517000 19.74864000 -14.53446000 / 0.37269710 -0.72555770 -0.57850060 / 109 84 0 255 / -6.30029300 0.78424080 / 0.88950510 0.45692520 -0.00001650 1.00000000
				-14.54800000 19.62903000 -14.53446000 / 0.37269710 -0.72555770 -0.57850060 / 122 80 0 255 / -6.76170400 0.78424080 / 0.88950510 0.45692520 -0.00001650 1.00000000
				-14.53440000 19.67100000 -14.54521000 / 0.00009540 -0.00019070 -1.00000000 / 61 76 0 255 / -6.70716900 0.82516480 / 0.89000270 0.45595520 -0.00000210 1.00000000
				-14.53440000 19.67100000 -14.54521000 / 0.00009540 -0.00019070 -1.00000000 / 61 76 0 255 / -6.70716900 0.82516480 / 0.88947730 0.45697930 -0.00000230 1.00000000
				-14.35668000 19.76205000 -14.54521000 / 0.00009540 -0.00019070 -1.00000000 / 22 62 0 255 / -6.35464500 0.82516480 / 0.89000270 0.45595520 -0.00000210 1.00000000
				-14.32543000 19.75194000 -14.54520000 / 0.00009540 -0.00019070 -1.00000000 / 39 66 0 255 / -6.31373600 0.79759220 / 0.89000270 0.45595520 -0.00000210 1.00000000
				-14.32543000 19.75194000 -14.54520000 / 0.00009540 -0.00019070 -1.00000000 / 39 66 0 255 / -6.31373600 0.79759220 / 0.88947730 0.45697930 -0.00000230 1.00000000
				-14.54469000 19.63929000 -14.54520000 / 0.00009540 -0.00019070 -1.00000000 / 67 82 0 255 / -6.74821600 0.79759220 / 0.88947730 0.45697930 -0.00000230 1.00000000
				-14.54801000 19.62901000 -17.44608000 / -0.89025000 -0.45547230 0.00000000 / 100 112 0 255 / 7.56190500 0.86996460 / 0.45547230 -0.89025000 0.00000590 1.00000000
				-14.54801000 19.62901000 -17.44608000 / -0.89025000 -0.45547230 0.00000000 / 100 112 0 255 / 7.56190500 0.86996460 / 0.45547230 -0.89025000 0.00000590 1.00000000
				-16.75285000 23.95404000 -14.54523000 / -0.72617750 -0.37157710 -0.57844330 / 120 119 0 255 / -15.32080000 0.79759220 / 0.45553590 -0.89021740 -0.00002690 1.00000000
				-16.75285000 23.95404000 -14.54523000 / -0.73742630 -0.37729670 -0.56022270 / 120 119 0 255 / -15.32080000 0.79759220 / 0.45549060 -0.89024060 -0.00001050 1.00000000
				-16.76295000 23.95778000 -17.44611000 / -0.89023020 -0.45551090 0.00000000 / 84 87 0 255 / -0.72026060 0.86996460 / 0.45551090 -0.89023020 0.00000590 1.00000000
				-16.76295000 23.95778000 -17.57696000 / -0.89023020 -0.45551090 0.00000000 / 100 112 0 255 / -0.72024530 0.99185180 / 0.45551090 -0.89023020 0.00000590 1.00000000
				-16.76295000 23.95778000 -17.57696000 / -0.89023020 -0.45551090 0.00000000 / 100 112 0 255 / -0.72024530 0.99185180 / 0.45551090 -0.89023020 0.00000590 1.00000000
				-14.54801000 19.62900000 -17.57694000 / -0.89025000 -0.45547230 0.00000000 / 116 134 0 255 / 7.56190500 0.99185180 / 0.45547230 -0.89025000 0.00000590 1.00000000
				-14.54471000 19.63927000 -17.43534000 / -0.73749550 -0.37747410 0.56001210 / 100 153 0 255 / 7.54888900 0.85707090 / 0.45560800 -0.89018060 -0.00002010 1.00000000
				-14.54471000 19.63927000 -17.43534000 / -0.72613750 -0.37155660 0.57850680 / 100 153 0 255 / 7.54888900 0.85707090 / 0.45551860 -0.89022630 -0.00000050 1.00000000
				-16.75287000 23.95403000 -17.43536000 / -0.73753900 -0.37744760 0.55997280 / 91 133 0 255 / -0.70715330 0.85707090 / 0.45557600 -0.89019690 0.00000420 1.00000000
				-16.76295000 23.95778000 -17.44611000 / -0.73753900 -0.37744760 0.55997280 / 100 153 0 255 / -0.72026060 0.86996460 / 0.45557600 -0.89019690 0.00000420 1.00000000
				-16.76295000 23.95778000 -17.44611000 / -0.72613750 -0.37155660 0.57850680 / 100 153 0 255 / -0.72026060 0.86996460 / 0.45551860 -0.89022630 -0.00000050 1.00000000
				-14.54801000 19.62901000 -17.44608000 / -0.72613750 -0.37155660 0.57850680 / 109 171 0 255 / 7.56190500 0.86996460 / 0.45551860 -0.89022630 -0.00000050 1.00000000
				-14.53442000 19.67099000 -17.43534000 / 0.00019070 0.00000000 1.00000000 / 63 160 0 255 / 7.50921600 0.82377620 / 0.45564900 -0.89015950 -0.00008690 1.00000000
				-14.53442000 19.67099000 -17.43534000 / 0.00000000 0.00000000 1.00000000 / 63 160 0 255 / 7.50921600 0.82377620 / 0.45557530 -0.89019730 0.00000000 1.00000000
				-16.72162000 23.94393000 -17.43537000 / 0.00019070 0.00000000 1.00000000 / 23 159 0 255 / -0.66728210 0.82377620 / 0.45564900 -0.89015950 -0.00008690 1.00000000
				-16.75287000 23.95403000 -17.43536000 / 0.00019070 0.00000000 1.00000000 / 45 163 0 255 / -0.70715330 0.85707090 / 0.45564900 -0.89015950 -0.00008690 1.00000000
				-16.75287000 23.95403000 -17.43536000 / 0.00000000 0.00000000 1.00000000 / 45 163 0 255 / -0.70715330 0.85707090 / 0.45557530 -0.89019730 0.00000000 1.00000000
				-14.54469000 19.63929000 -14.54520000 / -0.72622260 -0.37155130 -0.57840320 / 146 114 0 255 / -6.77517700 0.79759220 / 0.45550430 -0.89023360 -0.00005200 1.00000000
				-14.54471000 19.63927000 -17.43534000 / 0.00000000 0.00000000 1.00000000 / 61 161 0 255 / 7.54888900 0.85707090 / 0.45557530 -0.89019730 0.00000000 1.00000000
				-14.31519000 19.74862000 -17.44608000 / 0.45702900 -0.88945160 0.00019070 / 33 75 0 255 / 8.00769000 0.86996460 / 0.88945160 0.45702900 -0.00001460 1.00000000
				-14.31519000 19.74862000 -17.44608000 / 0.45702900 -0.88945160 0.00000000 / 33 75 0 255 / 8.00769000 0.86996460 / 0.88945160 0.45702900 -0.00001460 1.00000000
				-14.54801000 19.62901000 -17.44608000 / 0.45702900 -0.88945160 0.00019070 / 36 84 0 255 / 7.56190500 0.86996460 / 0.88945160 0.45702900 -0.00001460 1.00000000
				-14.54801000 19.62900000 -17.57694000 / 0.45702900 -0.88945160 0.00019070 / 33 75 0 255 / 7.56190500 0.99185180 / 0.88945160 0.45702900 -0.00001460 1.00000000
				-14.54801000 19.62900000 -17.57694000 / 0.45702900 -0.88945160 0.00000000 / 33 75 0 255 / 7.56190500 0.99185180 / 0.88945160 0.45702900 -0.00001460 1.00000000
				-14.31518000 19.74862000 -17.57694000 / 0.45702900 -0.88945160 0.00000000 / 30 65 0 255 / 8.00769000 0.99185180 / 0.88945160 0.45702900 -0.00001460 1.00000000
				-14.32545000 19.75193000 -17.43534000 / 0.37266640 -0.72530720 0.57883450 / 74 126 0 255 / 7.99470500 0.85707090 / 0.88946490 0.45700360 -0.00000980 1.00000000
				-14.32545000 19.75193000 -17.43534000 / 0.37247140 -0.72510810 0.57920920 / 74 126 0 255 / 7.99470500 0.85707090 / 0.88950540 0.45692460 0.00000780 1.00000000
				-14.54471000 19.63927000 -17.43534000 / 0.37266640 -0.72530720 0.57883450 / 67 148 0 255 / 7.57493600 0.85707090 / 0.88946490 0.45700360 -0.00000980 1.00000000
				-14.54801000 19.62901000 -17.44608000 / 0.37266640 -0.72530720 0.57883450 / 74 126 0 255 / 7.56190500 0.86996460 / 0.88946490 0.45700360 -0.00000980 1.00000000
				-14.54801000 19.62901000 -17.44608000 / 0.37247140 -0.72510810 0.57920920 / 74 126 0 255 / 7.56190500 0.86996460 / 0.88950540 0.45692460 0.00000780 1.00000000
				-14.31519000 19.74862000 -17.44608000 / 0.37247140 -0.72510810 0.57920920 / 81 100 0 255 / 8.00769000 0.86996460 / 0.88950540 0.45692460 0.00000780 1.00000000
				-14.35670000 19.76203000 -17.43534000 / 0.00000000 0.00000000 1.00000000 / 40 145 0 255 / 7.95516900 0.82377620 / 0.88998030 0.45599910 0.00000000 1.00000000
				-14.35670000 19.76203000 -17.43534000 / -0.00009540 0.00019070 1.00000000 / 40 145 0 255 / 7.95516900 0.82377620 / 0.88947120 0.45699130 -0.00000230 1.00000000
				-14.54800000 19.62903000 -14.53446000 / -0.72622260 -0.37155130 -0.57840320 / 120 119 0 255 / -6.76170400 0.78424080 / 0.45550430 -0.89023360 -0.00005200 1.00000000
				-14.54800000 19.62903000 -14.53446000 / -0.73746980 -0.37727020 -0.56018330 / 120 119 0 255 / -6.76170400 0.78424080 / 0.45545860 -0.89025690 -0.00003480 1.00000000
				-14.53442000 19.67099000 -17.43534000 / 0.00000000 0.00000000 1.00000000 / 63 160 0 255 / 7.61459400 0.82376100 / 0.88998030 0.45599910 0.00000000 1.00000000
				-14.54471000 19.63927000 -17.43534000 / 0.00000000 0.00000000 1.00000000 / 61 161 0 255 / 7.57493600 0.85707090 / 0.88998030 0.45599910 0.00000000 1.00000000
				-14.54471000 19.63927000 -17.43534000 / -0.00009540 0.00019070 1.00000000 / 61 161 0 255 / 7.57493600 0.85707090 / 0.88947120 0.45699130 -0.00000230 1.00000000
				-14.32545000 19.75193000 -17.43534000 / -0.00009540 0.00019070 1.00000000 / 21 138 0 255 / 7.99470500 0.85707090 / 0.88947120 0.45699130 -0.00000230 1.00000000
				-16.53017000 24.07477000 -17.44611000 / 0.89015280 0.45566210 0.00000000 / 10 106 0 255 / 16.28594000 0.86996460 / -0.45566210 0.89015280 -0.00000510 1.00000000
				-16.53017000 24.07477000 -17.44611000 / 0.89015280 0.45566210 0.00000000 / 10 106 0 255 / 16.28594000 0.86996460 / -0.45566210 0.89015280 -0.00000510 1.00000000
				-14.31519000 19.74862000 -17.44608000 / 0.89015280 0.45566210 0.00000000 / 11 91 0 255 / 8.00769000 0.86996460 / -0.45566210 0.89015280 -0.00000510 1.00000000
				-14.31518000 19.74862000 -17.57694000 / 0.89015280 0.45566210 0.00000000 / 10 106 0 255 / 8.00769000 0.99185180 / -0.45566210 0.89015280 -0.00000510 1.00000000
				-14.31518000 19.74862000 -17.57694000 / 0.89015280 0.45566210 0.00000000 / 10 106 0 255 / 8.00769000 0.99185180 / -0.45566210 0.89015280 -0.00000510 1.00000000
				-16.53016000 24.07476000 -17.57696000 / 0.89015280 0.45566210 0.00000000 / 10 118 0 255 / 16.28592000 0.99185180 / -0.45566210 0.89015280 -0.00000510 1.00000000
				-16.53393000 24.06470000 -17.43537000 / 0.72591560 0.37173140 0.57867270 / 6 147 0 255 / 16.27303000 0.85707090 / -0.45579520 0.89008470 -0.00000600 1.00000000
				-16.53393000 24.06470000 -17.43537000 / 0.71581810 0.36658740 0.59432170 / 6 147 0 255 / 16.27303000 0.85707090 / -0.45579210 0.89008620 -0.00005070 1.00000000
				-14.32545000 19.75193000 -17.43534000 / 0.72587060 0.37175710 0.57871280 / 5 138 0 255 / 8.02067600 0.85707090 / -0.45582680 0.89006850 -0.00003120 1.00000000
				-14.31519000 19.74862000 -17.44608000 / 0.72587060 0.37175710 0.57871280 / 6 147 0 255 / 8.00769000 0.86996460 / -0.45582680 0.89006850 -0.00003120 1.00000000
				-14.31519000 19.74862000 -17.44608000 / 0.71581810 0.36658740 0.59432170 / 6 147 0 255 / 8.00769000 0.86996460 / -0.45579210 0.89008620 -0.00005070 1.00000000
				-16.76293000 23.95779000 -14.53449000 / -0.73742630 -0.37729670 -0.56022270 / 95 123 0 255 / -15.33437000 0.78424080 / 0.45549060 -0.89024060 -0.00001050 1.00000000
				-16.53017000 24.07477000 -17.44611000 / 0.71581810 0.36658740 0.59432170 / 6 156 0 255 / 16.28594000 0.86996460 / -0.45579210 0.89008620 -0.00005070 1.00000000
				-16.54403000 24.03344000 -17.43537000 / -0.00019070 0.00000000 1.00000000 / 14 147 0 255 / 16.23372000 0.82376100 / -0.45579910 0.89008270 -0.00008690 1.00000000
				-16.54403000 24.03344000 -17.43537000 / 0.00000000 0.00000000 1.00000000 / 14 147 0 255 / 16.23372000 0.82376100 / -0.45579450 0.89008500 0.00000000 1.00000000
				-14.35670000 19.76203000 -17.43534000 / -0.00019070 0.00000000 1.00000000 / 40 145 0 255 / 8.06021100 0.82376100 / -0.45579910 0.89008270 -0.00008690 1.00000000
				-14.32545000 19.75193000 -17.43534000 / -0.00019070 0.00000000 1.00000000 / 21 138 0 255 / 8.02067600 0.85707090 / -0.45579910 0.89008270 -0.00008690 1.00000000
				-14.32545000 19.75193000 -17.43534000 / -0.00009540 0.00000000 1.00000000 / 21 138 0 255 / 8.02067600 0.85707090 / -0.45579450 0.89008500 -0.00004350 1.00000000
				-16.53393000 24.06470000 -17.43537000 / 0.00000000 0.00000000 1.00000000 / 15 161 0 255 / 16.27303000 0.85707090 / -0.45579450 0.89008500 0.00000000 1.00000000
				-16.76295000 23.95778000 -17.44611000 / -0.44896740 0.89354820 0.00000000 / 11 139 0 255 / -0.72026060 0.86996460 / -0.89354810 -0.44896740 0.00000000 1.00000000
				-16.76295000 23.95778000 -17.44611000 / -0.44896740 0.89354820 0.00000000 / 11 139 0 255 / -0.72026060 0.86996460 / -0.89354810 -0.44896740 0.00000000 1.00000000
				-16.53017000 24.07477000 -17.44611000 / -0.44896740 0.89354820 0.00000000 / 11 132 0 255 / -1.16416900 0.86996460 / -0.89354810 -0.44896740 0.00000000 1.00000000
				-16.53016000 24.07476000 -17.57696000 / -0.44896740 0.89354820 0.00000000 / 11 139 0 255 / -1.16416900 0.99185180 / -0.89354810 -0.44896740 0.00000000 1.00000000
				-16.53016000 24.07476000 -17.57696000 / -0.44896740 0.89354820 0.00000000 / 11 139 0 255 / -1.16416900 0.99185180 / -0.89354810 -0.44896740 0.00000000 1.00000000
				-16.76295000 23.95778000 -17.57696000 / -0.44896740 0.89354820 0.00000000 / 12 146 0 255 / -0.72024530 0.99185180 / -0.89354810 -0.44896740 0.00000000 1.00000000
				-16.75287000 23.95403000 -17.43536000 / -0.37306580 0.73831180 0.56188750 / 14 175 0 255 / -0.73335270 0.85707090 / -0.89250790 -0.45103180 0.00006740 1.00000000
				-16.75287000 23.95403000 -17.43536000 / -0.36223520 0.72065540 0.59113580 / 14 175 0 255 / -0.73335270 0.85707090 / -0.89348690 -0.44908920 -0.00002350 1.00000000
				-16.72160000 23.94394000 -14.54523000 / -0.00019070 0.00000000 -1.00000000 / 52 84 0 255 / -15.27952000 0.82516480 / 0.45564940 -0.89015930 -0.00008690 1.00000000
				-16.72160000 23.94394000 -14.54523000 / -0.00019070 0.00000000 -1.00000000 / 52 84 0 255 / -15.27952000 0.82516480 / 0.45557600 -0.89019690 -0.00008690 1.00000000
				-16.53393000 24.06470000 -17.43537000 / -0.37306580 0.73831180 0.56188750 / 14 174 0 255 / -1.15126000 0.85707090 / -0.89250790 -0.45103180 0.00006740 1.00000000
				-16.53017000 24.07477000 -17.44611000 / -0.37306580 0.73831180 0.56188750 / 14 175 0 255 / -1.16416900 0.86996460 / -0.89250790 -0.45103180 0.00006740 1.00000000
				-16.53017000 24.07477000 -17.44611000 / -0.36223520 0.72065540 0.59113580 / 14 175 0 255 / -1.16416900 0.86996460 / -0.89348690 -0.44908920 -0.00002350 1.00000000
				-16.76295000 23.95778000 -17.44611000 / -0.36223520 0.72065540 0.59113580 / 14 175 0 255 / -0.72026060 0.86996460 / -0.89348690 -0.44908920 -0.00002350 1.00000000
				-16.72162000 23.94393000 -17.43537000 / 0.00000000 0.00000000 1.00000000 / 23 159 0 255 / -0.77322390 0.82376100 / -0.89298980 -0.45007700 0.00000000 1.00000000
				-16.72162000 23.94393000 -17.43537000 / 0.00000000 -0.00019070 1.00000000 / 23 159 0 255 / -0.77322390 0.82376100 / -0.89247350 -0.45109980 -0.00008600 1.00000000
				-16.54403000 24.03344000 -17.43537000 / 0.00000000 0.00000000 1.00000000 / 14 147 0 255 / -1.11195400 0.82376100 / -0.89298980 -0.45007700 0.00000000 1.00000000
				-16.53393000 24.06470000 -17.43537000 / 0.00000000 0.00000000 1.00000000 / 15 161 0 255 / -1.15126000 0.85707090 / -0.89298980 -0.45007700 0.00000000 1.00000000
				-16.53393000 24.06470000 -17.43537000 / 0.00000000 -0.00019070 1.00000000 / 15 161 0 255 / -1.15126000 0.85707090 / -0.89247350 -0.45109980 -0.00008600 1.00000000
				-16.75287000 23.95403000 -17.43536000 / 0.00000000 -0.00019070 1.00000000 / 45 163 0 255 / -0.73335270 0.85707090 / -0.89247350 -0.45109980 -0.00008600 1.00000000
				-14.31516000 19.74864000 -14.40409000 / 0.00000000 0.00000000 1.00000000 / 16 218 0 255 / 4.21910100 0.64750670 / 0.45545160 -0.89026050 0.00000000 1.00000000
				-14.31516000 19.74864000 -14.40409000 / 0.00000000 0.00000000 1.00000000 / 16 218 0 255 / 4.21910100 0.64750670 / 0.45541210 -0.89028070 0.00000000 1.00000000
				-16.53016000 24.07479000 -14.40411000 / 0.00000000 0.00000000 1.00000000 / 16 213 0 255 / -0.34555050 0.64834590 / 0.45545160 -0.89026050 0.00000000 1.00000000
				-16.76294000 23.95780000 -14.40411000 / 0.00000000 0.00000000 1.00000000 / 16 218 0 255 / -0.34555050 0.78744510 / 0.45545160 -0.89026050 0.00000000 1.00000000
				-16.76294000 23.95780000 -14.40411000 / 0.00000000 0.00000000 1.00000000 / 16 218 0 255 / -0.34555050 0.78744510 / 0.45541210 -0.89028070 0.00000000 1.00000000
				-16.76293000 23.95779000 -14.53449000 / -0.89023020 -0.45551090 0.00000000 / 92 163 0 255 / -15.33437000 0.78424080 / 0.45551100 -0.89023020 0.00000510 1.00000000
				-16.76293000 23.95779000 -14.53449000 / -0.89023020 -0.45551090 0.00000000 / 92 163 0 255 / -15.33437000 0.78424080 / 0.45551100 -0.89023020 0.00000510 1.00000000
				-14.53440000 19.67100000 -14.54521000 / -0.00009540 0.00000000 -1.00000000 / 61 76 0 255 / -6.81623800 0.82516480 / 0.45564940 -0.89015930 -0.00004350 1.00000000
				-14.54800000 19.62904000 -14.40409000 / 0.00000000 0.00000000 1.00000000 / 15 223 0 255 / 4.21910100 0.78715510 / 0.45541210 -0.89028070 0.00000000 1.00000000
				-14.54469000 19.63929000 -14.54520000 / -0.00009540 0.00000000 -1.00000000 / 67 82 0 255 / -6.77517700 0.79759220 / 0.45564940 -0.89015930 -0.00004350 1.00000000
				-14.54469000 19.63929000 -14.54520000 / -0.00019070 0.00000000 -1.00000000 / 67 82 0 255 / -6.77517700 0.79759220 / 0.45557600 -0.89019690 -0.00008690 1.00000000
				-16.75285000 23.95404000 -14.54523000 / -0.00019070 0.00000000 -1.00000000 / 29 77 0 255 / -15.32080000 0.79759220 / 0.45557600 -0.89019690 -0.00008690 1.00000000
			}
		}
		Geometry
		{
			ShaderIndex 14
			Flags -
			VertexDeclaration N209731BE
			Indices 6
			{
				0 2 3 4 5 1
			}
			Vertices 6
			{
				-15.03901000 21.12493000 -14.86797000 / 0.89121920 0.45357290 0.00000000 / 7 119 0 255 / 0.49964900 -0.00051880
				-15.03901000 21.12493000 -14.86797000 / 0.89121920 0.45357290 0.00000000 / 7 119 0 255 / 0.49964900 -0.00051880
				-15.03902000 21.12492000 -16.18438000 / 0.89121920 0.45357290 0.00000000 / 7 116 0 255 / 0.49964900 0.50138850
				-15.83483000 22.68885000 -16.18439000 / 0.89121920 0.45357290 0.00000000 / 7 119 0 255 / 1.00051900 0.50138850
				-15.83483000 22.68885000 -16.18439000 / 0.89121920 0.45357290 0.00000000 / 7 119 0 255 / 1.00051900 0.50138850
				-15.83482000 22.68886000 -14.86798000 / 0.89121920 0.45357290 0.00000000 / 7 121 0 255 / 1.00051900 -0.00051880
			}
		}
		Geometry
		{
			ShaderIndex 15
			Flags -
			VertexDeclaration N51263BB5
			Indices 36
			{
				0 2 3 4 5 1 6 8 9 10 11 7 12 14 15
				16 17 13 18 20 21 22 23 19 24 26 27 28 29 25
				30 32 33 34 35 31
			}
			Vertices 36
			{
				-16.72162000 23.94392000 -17.57697000 / -0.89015280 -0.45566210 0.00000000 / 108 146 0 255 / -0.29438780 1.00184600 / 0.45566210 -0.89015280 0.00000600 1.00000000
				-16.72162000 23.94392000 -17.57697000 / -0.89015280 -0.45566210 0.00000000 / 108 146 0 255 / -0.29438780 1.00184600 / 0.45566210 -0.89015280 0.00000520 1.00000000
				-14.53441000 19.67098000 -17.57694000 / -0.89015280 -0.45566210 0.00000000 / 124 151 0 255 / 1.23281900 1.00184600 / 0.45566210 -0.89015280 0.00000600 1.00000000
				-14.53441000 19.67101000 -14.43193000 / -0.89015280 -0.45566210 0.00000000 / 108 146 0 255 / 1.23281900 0.40658570 / 0.45566210 -0.89015280 0.00000600 1.00000000
				-14.53441000 19.67101000 -14.43193000 / -0.89015280 -0.45566210 0.00000000 / 108 146 0 255 / 1.23281900 0.40658570 / 0.45566210 -0.89015280 0.00000520 1.00000000
				-16.72160000 23.94394000 -14.43195000 / -0.89015280 -0.45566210 0.00000000 / 91 141 0 255 / -0.29438780 0.40658570 / 0.45566210 -0.89015280 0.00000520 1.00000000
				-14.53441000 19.67101000 -14.43193000 / 0.45596620 -0.88999720 0.00000000 / 86 103 0 255 / -0.17298890 0.40658570 / 0.88999710 0.45596620 -0.00001910 1.00000000
				-14.53441000 19.67101000 -14.43193000 / 0.45596620 -0.88999720 0.00000000 / 86 103 0 255 / -0.17298890 0.40658570 / 0.88999710 0.45596610 -0.00001000 1.00000000
				-14.53441000 19.67098000 -17.57694000 / 0.45596620 -0.88999720 0.00000000 / 101 108 0 255 / -0.17300420 1.00184600 / 0.88999710 0.45596620 -0.00001910 1.00000000
				-14.35670000 19.76203000 -17.57695000 / 0.45596620 -0.88999720 0.00000000 / 86 103 0 255 / -0.10247800 1.00184600 / 0.88999710 0.45596620 -0.00001910 1.00000000
				-14.35670000 19.76203000 -17.57695000 / 0.45596620 -0.88999720 0.00000000 / 86 103 0 255 / -0.10247800 1.00184600 / 0.88999710 0.45596610 -0.00001000 1.00000000
				-14.35669000 19.76206000 -14.43193000 / 0.45596620 -0.88999720 0.00000000 / 71 97 0 255 / -0.10246280 0.40658570 / 0.88999710 0.45596610 -0.00001000 1.00000000
				-16.54403000 24.03343000 -17.57697000 / -0.45011030 0.89297300 0.00000000 / 15 138 0 255 / -0.16500850 1.00184600 / -0.89297290 -0.45011030 0.00000000 1.00000000
				-16.54403000 24.03343000 -17.57697000 / -0.45011030 0.89297300 0.00000000 / 15 138 0 255 / -0.16500850 1.00184600 / -0.89297290 -0.45011030 0.00000960 1.00000000
				-16.72162000 23.94392000 -17.57697000 / -0.45011030 0.89297300 0.00000000 / 16 138 0 255 / -0.11712650 1.00184600 / -0.89297290 -0.45011030 0.00000000 1.00000000
				-16.72160000 23.94394000 -14.43195000 / -0.45011030 0.89297300 0.00000000 / 15 138 0 255 / -0.11712650 0.40658570 / -0.89297290 -0.45011030 0.00000000 1.00000000
				-16.72160000 23.94394000 -14.43195000 / -0.45011030 0.89297300 0.00000000 / 15 138 0 255 / -0.11712650 0.40658570 / -0.89297290 -0.45011030 0.00000960 1.00000000
				-16.54401000 24.03346000 -14.43195000 / -0.45011030 0.89297300 0.00000000 / 14 137 0 255 / -0.16500850 0.40658570 / -0.89297290 -0.45011030 0.00000960 1.00000000
				-16.54403000 24.03343000 -17.57697000 / 0.89007540 0.45581320 0.00000000 / 7 91 0 255 / 1.24749800 1.00184600 / -0.45581320 0.89007540 -0.00000520 1.00000000
				-16.54403000 24.03343000 -17.57697000 / 0.89007540 0.45581320 0.00000000 / 7 91 0 255 / 1.24749800 1.00184600 / -0.45581320 0.89007540 -0.00000520 1.00000000
				-16.54401000 24.03346000 -14.43195000 / 0.89007540 0.45581320 0.00000000 / 7 93 0 255 / 1.24749800 0.40658570 / -0.45581320 0.89007540 -0.00000520 1.00000000
				-14.35669000 19.76206000 -14.43193000 / 0.89005560 0.45585190 0.00000000 / 7 91 0 255 / -0.28637700 0.40658570 / -0.45585190 0.89005560 -0.00000520 1.00000000
				-14.35669000 19.76206000 -14.43193000 / 0.89005560 0.45585190 0.00000000 / 7 91 0 255 / -0.28637700 0.40658570 / -0.45585200 0.89005560 -0.00000520 1.00000000
				-14.35670000 19.76203000 -17.57695000 / 0.89005560 0.45585190 0.00000000 / 6 90 0 255 / -0.28637700 1.00184600 / -0.45585200 0.89005560 -0.00000520 1.00000000
				-16.72160000 23.94394000 -14.43195000 / 0.00000000 0.00000000 1.00000000 / 0 0 0 255 / -0.11712650 0.40658570 / 1.00000000 0.00000000 0.00000000 1.00000000
				-16.72160000 23.94394000 -14.43195000 / 0.00000000 0.00000000 1.00000000 / 0 0 0 255 / -0.11712650 0.40658570 / 1.00000000 0.00000000 0.00000000 1.00000000
				-14.53441000 19.67101000 -14.43193000 / 0.00000000 0.00000000 1.00000000 / 0 0 0 255 / 1.23281900 0.40658570 / 1.00000000 0.00000000 0.00000000 1.00000000
				-14.35669000 19.76206000 -14.43193000 / 0.00000000 0.00000000 1.00000000 / 0 0 0 255 / -0.10246280 0.40658570 / 1.00000000 0.00000000 0.00000000 1.00000000
				-14.35669000 19.76206000 -14.43193000 / 0.00000000 0.00000000 1.00000000 / 0 0 0 255 / -0.10246280 0.40658570 / 1.00000000 0.00000000 0.00000000 1.00000000
				-16.54401000 24.03346000 -14.43195000 / 0.00000000 0.00000000 1.00000000 / 0 0 0 255 / 1.24749800 0.40658570 / 1.00000000 0.00000000 0.00000000 1.00000000
				-14.53441000 19.67098000 -17.57694000 / 0.00000000 0.00000000 -1.00000000 / 10 49 0 255 / -0.17300420 1.00184600 / 1.00000000 0.00000000 0.00000000 1.00000000
				-14.53441000 19.67098000 -17.57694000 / 0.00000000 0.00000000 -1.00000000 / 10 49 0 255 / -0.17300420 1.00184600 / 1.00000000 0.00000000 0.00000000 1.00000000
				-16.72162000 23.94392000 -17.57697000 / 0.00000000 0.00000000 -1.00000000 / 10 49 0 255 / -0.29438780 1.00184600 / 1.00000000 0.00000000 0.00000000 1.00000000
				-16.54403000 24.03343000 -17.57697000 / 0.00000000 0.00000000 -1.00000000 / 10 49 0 255 / -0.16500850 1.00184600 / 1.00000000 0.00000000 0.00000000 1.00000000
				-16.54403000 24.03343000 -17.57697000 / 0.00000000 0.00000000 -1.00000000 / 10 49 0 255 / -0.16500850 1.00184600 / 1.00000000 0.00000000 0.00000000 1.00000000
				-14.35670000 19.76203000 -17.57695000 / 0.00000000 0.00000000 -1.00000000 / 10 49 0 255 / -0.28637700 1.00184600 / 1.00000000 0.00000000 0.00000000 1.00000000
			}
		}
		Geometry
		{
			ShaderIndex 16
			Flags -
			VertexDeclaration N209731BE
			Indices 5820
			{
				4365 4401 4432 4434 4463 4366 4497 224 499 510 785 4498 1075 1390 1644
				1657 2003 1087 2402 2748 3095 3108 3521 2416 3853 4199 4526 4527 4564 3866
				4602 4633 4662 4663 4695 4603 4722 4757 4788 4789 4822 4723 4856 4888 4916
				4918 4949 4857 4987 1157 1487 1498 1798 4988 2125 2451 1810 1822 2754 2137
				3117 2149 2766 2778 3407 3129 3734 3141 3419 3431 4049 3746 4375 3758 4061
				4073 4714 4387 5009 4399 4726 4738 5039 5010 5068 5011 5040 5041 5098 5069
				5134 5070 5099 5100 5171 5135 5199 5136 5172 5173 5229 5200 5260 5201 5230
				5231 5286 5261 5319 5262 5287 5288 5352 5320 5378 5321 5353 5354 5418 5380
				1804 5381 5419 5420 2167 1815 2574 1826 2178 2189 2893 2585 3223 2596 2904
				2915 3553 3234 3938 3245 3564 3575 4213 3949 4598 3960 4224 4235 4972 4609
				5269 5443 5471 5472 5504 5280 5529 5557 5584 5585 5615 5530 5642 5676 5710
				5711 5738 5643 5770 5804 17 18 52 5771 83 117 151 152 184 84
				219 256 291 292 329 220 368 404 440 441 475 369 512 524 525
				526 528 513 529 531 533 534 535 530 536 538 539 540 541 537
				542 547 548 549 550 544 551 553 555 556 557 552 558 560 561
				562 564 559 566 568 569 570 571 567 572 574 575 577 578 573
				579 583 584 585 586 580 588 590 591 592 593 589 594 596 597
				599 601 595 602 604 605 606 607 603 608 611 612 613 614 610
				615 619 621 622 623 616 624 626 627 628 629 625 630 633 634
				635 637 632 638 640 641 643 644 639 645 647 648 649 650 646
				651 656 657 658 659 652 660 662 663 665 666 661 667 669 670
				671 673 668 674 677 678 679 680 676 681 683 684 685 687 682
				688 692 693 694 695 689 696 699 700 701 702 698 703 705 706
				707 710 704 711 713 714 715 716 712 717 720 721 722 723 718
				724 728 729 731 732 725 733 735 736 737 738 734 739 742 743
				744 746 740 747 749 750 751 753 748 754 756 757 758 759 755
				760 765 766 767 768 761 769 771 772 773 775 770 776 778 779
				780 782 777 783 786 787 788 789 784 790 792 793 794 795 791
				797 801 802 803 804 798 805 808 809 810 811 806 812 814 815
				816 819 813 820 822 823 824 825 821 826 828 830 831 832 827
				833 837 838 839 841 834 842 844 845 846 847 843 848 850 852
				853 855 849 856 858 859 860 861 857 863 865 866 867 868 864
				869 874 875 876 877 870 878 880 881 882 883 879 885 887 888
				889 891 886 892 894 896 897 898 893 899 901 902 903 904 900
				905 910 911 912 913 907 914 917 919 920 921 916 922 924 925
				927 929 923 931 933 934 935 936 932 938 940 941 943 944 939
				945 950 951 952 953 946 955 957 958 960 961 956 962 964 965
				967 969 963 971 973 974 975 976 972 977 980 982 983 984 979
				985 989 991 993 994 986 995 997 998 999 1000 996 1001 1005 1006
				1007 1009 1004 1010 1012 1013 1016 1017 1011 1018 1020 1021 1022 1023 1019
				1024 1030 1031 1032 1033 1026 1034 1037 1038 1040 1041 1035 1042 1044 1045
				1046 1049 1043 1050 1053 1054 1055 1056 1052 1057 1060 1061 1062 1064 1059
				1065 1070 1071 1072 1073 1066 1074 1077 1078 1079 1081 1076 1082 1084 1085
				1086 1089 1083 1090 1093 1094 1095 1096 1092 1097 1100 1101 1103 1104 1098
				1105 1109 1110 1112 1114 1106 1115 1117 1118 1119 1120 1116 1121 1125 1126
				1127 1129 1122 1130 1132 1133 1134 1137 1131 1138 1140 1141 1142 1143 1139
				1144 1150 1151 1152 1153 1145 1154 1156 1158 1159 1161 1155 1162 1164 1165
				1166 1169 1163 1170 1173 1174 1175 1176 1171 1177 1180 1181 1182 1183 1178
				1185 1189 1191 1192 1193 1186 1194 1197 1198 1199 1200 1195 1202 1204 1205
				1206 1209 1203 1210 1213 1214 1215 1216 1211 1217 1219 1221 1222 1224 1218
				1225 1229 1230 1231 1233 1226 1235 1237 1238 1239 1240 1236 1241 1243 1246
				1247 1249 1242 1250 1252 1253 1254 1255 1251 1258 1260 1261 1262 1263 1259
				1264 1270 1271 1272 1273 1265 1274 1276 1277 1279 1280 1275 1282 1284 1285
				1286 1288 1283 1290 1292 1294 1295 1296 1291 1297 1299 1301 1302 1303 1298
				1304 1309 1310 1312 1313 1306 1314 1316 1318 1319 1320 1315 1321 1324 1325
				1326 1328 1323 1330 1332 1334 1335 1336 1331 1337 1339 1340 1342 1343 1338
				1345 1349 1350 1351 1352 1346 1354 1357 1358 1359 1360 1356 1361 1363 1364
				1367 1369 1362 1370 1372 1373 1374 1375 1371 1376 1380 1381 1382 1383 1379
				1384 1389 1391 1392 1393 1385 1394 1396 1397 1398 1400 1395 1401 1404 1405
				1406 1408 1403 1409 1412 1413 1415 1416 1411 1417 1419 1420 1422 1423 1418
				1424 1430 1431 1433 1434 1425 1435 1437 1439 1440 1441 1436 1442 1445 1446
				1447 1449 1444 1451 1453 1455 1456 1457 1452 1458 1460 1461 1463 1464 1459
				1466 1471 1472 1473 1475 1467 1477 1479 1480 1481 1482 1478 1483 1485 1488
				1489 1492 1484 1493 1495 1496 1497 1500 1494 1501 1503 1504 1505 1506 1502
				1507 1514 1515 1516 1517 1508 1518 1521 1522 1524 1525 1519 1526 1528 1529
				1530 1536 1527 1537 1539 1540 1541 1543 1538 1544 1546 1548 1549 1550 1545
				1551 1557 1558 1560 1561 1552 1562 1565 1566 1567 1568 1563 1569 1572 1573
				1574 1579 1570 1580 1582 1584 1585 1587 1581 1588 1590 1591 1592 1593 1589
				1594 1601 1602 1603 1604 1596 1605 1609 1610 1611 1612 1606 1613 1615 1616
				1617 1622 1614 1623 1625 1626 1627 1628 1624 1629 1633 1634 1635 1636 1631
				1637 1643 1645 1646 1647 1638 1648 1651 1652 1654 1655 1649 1656 1659 1660
				1662 1667 1658 1668 1671 1673 1674 1675 1669 1676 1679 1680 1681 1682 1678
				1685 1688 1690 1691 1692 1686 1693 1696 1698 1699 1700 1695 1702 1704 1706
				1707 1712 1703 1714 1717 1718 1719 1720 1715 1721 1724 1726 1728 1729 1722
				1730 1735 1739 1740 1741 1731 1742 1744 1745 1746 1747 1743 1748 1753 1754
				1755 1759 1752 1761 1765 1766 1767 1768 1763 1769 1772 1773 1775 1776 1770
				1778 1783 1784 1785 1787 1779 1788 1791 1792 1794 1795 1789 1796 1799 1800
				1801 1805 1797 1806 1808 1809 1811 1812 1807 1813 1816 1818 1819 1820 1814
				1821 1827 1828 1829 1831 1823 1832 1835 1836 1838 1839 1833 1840 1842 1844
				1845 1849 1841 1850 1852 1853 1854 1855 1851 1857 1861 1862 1863 1864 1860
				1865 1873 1874 1875 1876 1866 1877 1879 1880 1882 1885 1878 1886 1888 1889
				1890 1893 1887 1894 1898 1899 1900 1901 1896 1902 1905 1906 1908 1909 1904
				1911 1917 1918 1920 1921 1912 1922 1926 1927 1928 1929 1924 1930 1933 1934
				1935 1940 1932 1941 1944 1945 1946 1948 1942 1949 1952 1953 1954 1956 1951
				1957 1964 1965 1966 1968 1959 1970 1972 1973 1974 1975 1971 1977 1981 1982
				1983 1987 1978 1988 1993 5576 5577 5604 1990 5630 5658 5684 5685 5718 5631
				5745 5775 5805 5806 16 5746 47 76 107 108 137 48 168 198 231
				232 264 169 295 330 365 366 401 296 430 464 496 497 527 431
				545 563 581 582 600 546 617 636 654 655 672 618 690 709 726
				727 745 691 762 781 799 800 817 764 835 854 871 872 890 836
				908 928 947 949 968 909 987 1008 1028 1029 1048 988 1067 1088 1107
				1108 1128 1068 1147 1167 1187 1188 1207 1149 1227 1248 1266 1268 1287 1228
				1307 1327 1347 1348 1368 1308 1386 1407 1427 1428 1448 1387 1468 1429 1490
				1491 1510 1469 1532 1470 1512 1513 1554 1533 1576 1534 1555 1556 1598 1577
				1618 1578 1599 1600 1639 1621 1663 1687 1640 1642 1708 1664 1732 1666 1709
				1711 1756 1733 1780 1734 1757 1758 1802 1781 1824 1847 1867 1868 1891 1825
				1913 1872 1938 1939 1960 1915 1984 1916 1961 1962 1994 1985 1997 1986 1995
				1996 2000 1998 2006 1999 2001 2005 2009 2007 2012 2008 2010 2011 2015 2014
				2018 2020 2021 2025 2019 2022 2026 2023 2029 2033 2027 2031 2034 2032 2038
				2036 2039 2041 2045 2037 2042 2047 2044 2050 2048 2051 2053 2058 2049 2054
				2059 2055 2061 2066 2060 2062 2069 2067 2063 2071 2065 2073 2078 2072 2074
				2081 2080 2075 2082 2077 2085 2091 2084 2086 2094 2092 2087 2095 2089 2103
				2105 2093 2097 2108 2098 2104 2106 2099 2114 2110 2117 2102 2120 2107 2115
				2111 2127 2118 2121 2116 2130 2128 2132 2119 2124 2131 2140 2129 2143 2133
				2146 2126 2141 2144 2151 2135 2147 2142 2153 2152 2157 2138 2160 2148 2154
				2158 2166 2139 2162 2155 2171 2164 2172 2168 2159 2174 2169 2175 2165 2170
				2177 2180 2181 2184 2179 2182 2186 2183 2188 2193 2187 2191 2194 2192 2198
				2195 2199 2201 2205 2196 2202 2206 2204 2210 2207 2212 2213 2217 2208 2214
				2218 2215 2220 2226 2219 2223 2228 2227 2224 2230 2225 2232 2238 2231 2235
				2240 2239 2236 2241 2237 2245 2250 2243 2247 2253 2251 2248 2254 2249 2262
				2264 2252 2257 2268 2259 2263 2265 2260 2273 2271 2276 2261 2280 2267 2274
				2272 2286 2278 2281 2275 2290 2287 2292 2279 2284 2291 2300 2289 2303 2293
				2305 2285 2301 2304 2311 2295 2307 2302 2313 2312 2316 2297 2320 2308 2314
				2317 2326 2298 2322 2315 2331 2324 2333 2327 2319 2334 2328 2335 2325 2329
				2337 2339 2340 2345 2338 2341 2346 2344 2348 2352 2347 2350 2353 2351 2358
				2356 2359 2360 2364 2357 2361 2366 2363 2370 2368 2371 2372 2377 2369 2373
				2378 2374 2381 2385 2380 2382 2388 2386 2383 2390 2384 2393 2397 2392 2394
				2400 2399 2395 2401 2396 2405 2410 2404 2406 2413 2411 2407 2414 2408 2422
				2424 2412 2417 2428 2418 2423 2425 2419 2433 2430 2436 2421 2440 2426 2434
				2432 2446 2437 2441 2435 2449 2447 2452 2438 2444 2450 2459 2448 2462 2454
				2466 2445 2460 2465 2470 2455 2467 2461 2472 2471 2477 2457 2480 2468 2473
				2478 2485 2458 2481 2474 2491 2483 2492 2487 2479 2493 2489 2494 2484 2490
				2496 2499 2501 2498 2502 2504 2503 2510 2505 2511 2513 2506 2514 2516 2507
				2515 2520 2517 2521 2529 2518 2523 2532 2531 2525 2534 2533 2526 2538 2537
				2527 2540 2539 2528 2544 2542 2545 2547 2543 2546 2553 2550 2554 2556 2551
				2555 2564 2557 2568 2570 2558 2571 2569 2559 2565 2573 2561 2566 2578 2575
				2579 2583 2577 2580 2587 2586 2567 2588 2581 2590 2591 2582 2592 2594 2595
				2600 2593 2598 2601 2599 2606 2603 2608 2610 2604 2611 2612 2619 2605 2613
				2622 2620 2614 2624 2623 2616 2625 2617 2627 2632 2626 2630 2634 2631 2636
				2639 2635 2637 2641 2638 2644 2648 2643 2646 2649 2647 2652 2656 2650 2653
				2658 2654 2660 2664 2659 2661 2665 2663 2674 2666 2675 2676 2667 2677 2678
				2670 2679 2680 2671 2683 2685 2688 2672 2686 2689 2687 2691 2697 2690 2692
				2698 2694 2700 2703 2699 2701 2704 2702 2710 2707 2711 2712 2715 2708 2713
				2716 2714 2720 2729 2719 2721 2732 2731 2723 2734 2733 2724 2737 2736 2725
				2740 2738 2726 2741 2727 2744 2749 2743 2745 2752 2751 2746 2753 2747 2756
				2759 2755 2757 2760 2758 2764 2768 2763 2765 2769 2767 2771 2776 2770 2773
				2777 2774 2780 2784 2779 2781 2785 2782 2789 2786 2791 2792 2796 2787 2793
				2797 2795 2799 2807 2798 2800 2809 2808 2803 2811 2810 2804 2817 2812 2806
				2818 2820 2813 2819 2822 2821 2823 2825 2828 2824 2830 2832 2831 2836 2833
				2837 2840 2834 2841 2844 2835 2843 2847 2845 2848 2857 2846 2850 2859 2858
				2852 2862 2861 2853 2865 2864 2854 2867 2866 2856 2872 2869 2873 2876 2870
				2874 2879 2877 2880 2884 2878 2883 2890 2885 2896 2898 2886 2900 2897 2888
				2891 2901 2889 2892 2905 2902 2906 2912 2903 2907 2914 2913 2894 2916 2909
				2917 2918 2910 2919 2924 2925 2927 2928 2920 2931 2922 2929 2930 2936 2932
				2940 2933 2938 2939 2942 2941 2943 2946 2950 2951 2952 2944 2955 2945 2953
				2954 2958 2956 2964 2957 2961 2963 2967 2965 2971 2966 2968 2969 2974 2973
				2976 2979 2980 2982 2983 2977 2987 2978 2985 2986 2991 2989 2995 2990 2993
				2994 2998 2997 2999 3004 3005 3006 3007 3000 3011 3002 3009 3010 3016 3012
				3019 3013 3017 3018 3022 3021 3026 3030 3023 3024 3031 3027 3035 3029 3033
				3034 3039 3037 3043 3038 3040 3042 3048 3045 3051 3046 3049 3050 3055 3052
				3057 3053 3061 3062 3063 3059 3066 3060 3064 3065 3072 3070 3075 3071 3073
				3074 3077 3076 3078 3084 3085 3086 3087 3079 3090 3083 3088 3089 3096 3092
				3099 3094 3097 3098 3103 3100 3107 3101 3104 3106 3110 3109 3111 3115 3116
				3118 3119 3112 3123 3114 3120 3122 3127 3125 3131 3126 3128 3130 3136 3132
				3139 3133 3137 3138 3143 3140 3147 3142 3144 3145 3151 3149 3155 3150 3152
				3154 3159 3156 3163 3158 3160 3162 3166 3164 3167 3171 3172 3173 3175 3169
				3180 3170 3176 3178 3183 3181 3186 3182 3184 3185 3191 3188 3192 3195 3196
				3197 3198 3193 3204 3194 3199 3203 3207 3205 3210 3206 3208 3209 3216 3211
				3219 3213 3217 3218 3222 3220 3227 3221 3224 3225 3231 3229 3235 3230 3232
				3233 3237 3236 3239 3243 3244 3246 3247 3240 3251 3242 3248 3249 3255 3252
				3259 3253 3257 3258 3263 3260 3266 3261 3264 3265 3271 3269 3275 3270 3272
				3273 3279 3276 3283 3277 3280 3282 3287 3284 3291 3285 3288 3290 3293 3292
				3295 3299 3301 3302 3303 3296 3306 3297 3304 3305 3309 3308 3312 3315 3316
				3317 3318 3313 3324 3314 3319 3321 3326 3325 3327 3330 3331 3332 3336 3328
				3339 3329 3337 3338 3342 3340 3346 3341 3343 3345 3350 3349 3351 3354 3356
				3357 3358 3352 3363 3353 3360 3362 3367 3364 3370 3365 3368 3369 3375 3372
				3379 3373 3376 3378 3382 3380 3386 3381 3384 3385 3391 3389 3394 3390 3392
				3393 3397 3396 3398 3403 3404 3405 3406 3400 3411 3402 3408 3409 3415 3412
				3418 3413 3416 3417 3423 3420 3426 3422 3424 3425 3430 3428 3435 3429 3433
				3434 3438 3436 3442 3437 3439 3441 3447 3445 3450 3446 3448 3449 3452 3451
				3455 3459 3460 3461 3462 3457 3466 3458 3463 3464 3470 3469 3471 3474 3475
				3477 3478 3472 3483 3473 3479 3482 3486 3484 3490 3485 3488 3489 3495 3491
				3499 3493 3496 3497 3502 3500 3506 3501 3503 3505 3511 3508 3514 3510 3512
				3513 3518 3515 3523 3517 3519 3522 3526 3524 3530 3525 3527 3529 3535 3532
				3538 3533 3536 3537 3543 3539 3546 3541 3544 3545 3550 3548 3555 3549 3551
				3554 3557 3556 3558 3562 3563 3566 3567 3559 3570 3561 3568 3569 3574 3571
				3579 3572 3576 3578 3582 3580 3585 3581 3583 3584 3591 3588 3594 3590 3592
				3593 3598 3595 3603 3596 3599 3602 3606 3604 3610 3605 3607 3609 3615 3611
				3618 3612 3616 3617 3621 3620 3622 3626 3628 3629 3631 3623 3634 3624 3632
				3633 3638 3635 3643 3636 3639 3642 3645 3644 3646 3650 3651 3653 3655 3647
				3658 3648 3656 3657 3662 3659 3666 3660 3664 3665 3670 3668 3675 3669 3671
				3672 3677 3676 3678 3682 3683 3684 3687 3679 3690 3681 3688 3689 3694 3691
				3699 3692 3695 3697 3702 3700 3705 3701 3703 3704 3709 3708 3711 3714 3715
				3716 3717 3712 3723 3713 3719 3721 3726 3724 3730 3725 3727 3728 3735 3731
				3738 3732 3736 3737 3742 3739 3745 3741 3743 3744 3750 3748 3754 3749 3752
				3753 3757 3755 3763 3756 3759 3761 3766 3764 3769 3765 3767 3768 3775 3771
				3778 3772 3776 3777 3781 3779 3786 3780 3783 3785 3790 3788 3793 3789 3791
				3792 3798 3796 3802 3797 3799 3801 3805 3803 3810 3804 3808 3809 3814 3811
				3818 3812 3815 3816 3822 3820 3825 3821 3823 3824 3830 3827 3834 3829 3832
				3833 3836 3835 3837 3842 3844 3845 3846 3838 3849 3841 3847 3848 3854 3851
				3858 3852 3856 3857 3862 3859 3865 3860 3863 3864 3870 3868 3874 3869 3871
				3873 3877 3875 3882 3876 3878 3881 3886 3884 3889 3885 3887 3888 3895 3890
				3896 3892 3899 3900 3901 3897 3906 3898 3902 3904 3909 3908 3910 3913 3914
				3917 3918 3911 3922 3912 3919 3921 3924 3923 3929 3932 3925 3926 3934 3930
				3937 3931 3935 3936 3942 3939 3945 3941 3943 3944 3950 3947 3954 3948 3951
				3953 3956 3955 3961 3965 3957 3958 3966 3962 3969 3963 3967 3968 3972 3970
				3974 3978 3979 3980 3981 3975 3985 3977 3983 3984 3989 3987 3990 3994 3995
				3996 3997 3991 4002 3992 3998 4001 4006 4003 4009 4005 4007 4008 4014 4010
				4018 4011 4016 4017 4020 4019 4021 4025 4028 4029 4030 4022 4033 4023 4031
				4032 4038 4034 4042 4035 4039 4041 4045 4043 4050 4044 4046 4047 4052 4051
				4056 4060 4054 4055 4062 4057 4065 4058 4063 4064 4069 4067 4074 4068 4071
				4072 4076 4075 4077 4082 4083 4084 4086 4078 4089 4080 4087 4088 4094 4090
				4098 4091 4095 4096 4101 4099 4105 4100 4102 4104 4110 4107 4113 4108 4111
				4112 4117 4115 4122 4116 4118 4120 4126 4123 4129 4124 4127 4128 4134 4130
				4138 4131 4135 4137 4141 4139 4144 4140 4142 4143 4150 4148 4153 4149 4151
				4152 4155 4154 4156 4162 4163 4164 4165 4159 4168 4161 4166 4167 4172 4171
				4174 4177 4178 4179 4181 4175 4185 4176 4183 4184 4189 4187 4193 4188 4190
				4192 4197 4195 4201 4196 4198 4200 4204 4203 4205 4209 4210 4211 4214 4207
				4217 4208 4215 4216 4221 4219 4225 4220 4222 4223 4229 4227 4233 4228 4231
				4232 4237 4234 4241 4236 4238 4240 4244 4243 4245 4249 4250 4251 4253 4247
				4258 4248 4255 4256 4261 4259 4264 4260 4262 4263 4270 4267 4273 4269 4271
				4272 4276 4274 4282 4275 4277 4281 4284 4283 4285 4288 4289 4292 4294 4286
				4297 4287 4295 4296 4300 4298 4305 4299 4302 4304 4309 4307 4313 4308 4310
				4311 4317 4314 4321 4316 4318 4320 4325 4322 4329 4324 4326 4328 4331 4330
				4333 4337 4338 4340 4341 4335 4344 4336 4342 4343 4349 4347 4353 4348 4350
				4352 4357 4354 4361 4355 4358 4360 4368 4362 4371 4364 4369 4370 4376 4373
				4380 4374 4377 4379 4383 4381 4388 4382 4384 4386 4391 4390 4392 4395 4396
				4397 4402 4393 4405 4394 4403 4404 4408 4406 4414 4407 4409 4410 4417 4415
				4420 4416 4418 4419 4423 4421 4425 4429 4430 4431 4435 4427 4440 4428 4437
				4438 4442 4441 4443 4447 4449 4450 4451 4445 4456 4446 4453 4454 4458 4457
				4459 4464 4467 4468 4469 4461 4473 4462 4470 4471 4476 4474 4481 4475 4478
				4480 4485 4482 4489 4483 4486 4487 4491 4490 4493 4500 4501 4502 4503 4494
				4507 4495 4504 4506 4512 4509 4515 4511 4513 4514 4519 4516 4524 4517 4522
				4523 180 4525 191 235 246 257 268 202 301 213 279 290 334 312
				367 323 345 356 400 378 433 389 411 422 455 444 466 521 532
				543 554 477 587 488 565 576 620 598 653 609 631 642 686 664
				719 675 697 708 741 730 752 796 807 818 829 763 862 774 840
				851 895 873 930 884 906 918 966 942 1002 954 978 990 1027 1015
				1039 1099 1111 1123 1136 1051 1172 1063 1148 1160 1208 1184 1244 1196 1220
				1232 1281 1257 1317 1269 1293 1305 1341 1329 1353 1402 1414 1426 1438 1365
				1474 1378 1450 1462 1499 1486 1511 1547 1559 1571 1583 1523 1620 1535 1595
				1607 1670 1632 1684 1723 1736 1751 1764 1697 1803 1710 1777 1790 1843 1817
				1884 1830 1856 1869 1923 1897 1963 1910 1937 1950 2017 1976 2056 1989 2030
				2043 2096 2070 2136 2083 2109 2122 2176 2150 2216 2163 2190 2203 2256 2229
				2296 2242 2269 2283 2336 2309 2375 2323 2349 2362 2429 2389 2443 2482 2495
				2509 2522 2456 2562 2469 2535 2549 2602 2576 2642 2589 2615 2628 2682 2655
				2722 2668 2696 2709 2762 2735 2775 2815 2829 2842 2855 2788 2895 2801 2868
				2881 2934 2908 2975 2921 2949 2962 3015 2988 3054 3001 3028 3041 3121 3067
				3161 3082 3134 3148 3200 3174 3241 3187 3215 3228 3281 3254 3320 3268 3294
				3307 3361 3334 3401 3348 3374 3387 3440 3414 3481 3427 3453 3467 3534 3494
				3573 3507 3547 3560 3614 3587 3654 3600 3627 3640 3693 3667 3733 3680 3706
				3720 3760 3747 3774 3813 3826 3840 3880 3787 3920 3800 3893 3907 3959 3933
				3999 3946 3973 3986 4040 4013 4079 4027 4053 4066 4106 4093 4119 4160 4173
				4186 4212 4132 4252 4146 4226 4239 4293 4265 4332 4280 4306 4319 4372 4346
				4413 4359 4385 4398 4439 4426 4452 4492 4505 4518 4528 4465 4531 4479 4529
				4530 4536 4534 4539 4535 4537 4538 4542 4540 4547 4541 4544 4546 4550 4548
				4553 4549 4551 4552 4558 4555 4561 4556 4559 4560 4566 4562 4570 4563 4567
				4568 4573 4571 4577 4572 4574 4575 4580 4578 4584 4579 4582 4583 4588 4585
				4591 4586 4589 4590 4595 4592 4599 4594 4596 4597 4604 4600 4608 4601 4606
				4607 4611 4610 4612 4615 4616 4618 4619 4613 4623 4614 4621 4622 4626 4624
				4630 4625 4627 4628 4634 4632 4635 4638 4639 4640 4643 4636 4646 4637 4644
				4645 4649 4647 4652 4648 4650 4651 4657 4655 4660 4656 4658 4659 4665 4661
				4667 4670 4671 4672 4673 4668 4677 4669 4674 4676 4681 4679 4684 4680 4682
				4683 4688 4685 4692 4687 4689 4691 4696 4693 4700 4694 4698 4699 4703 4701
				4704 4707 4709 4710 4711 4705 4715 4706 4712 4713 4717 4716 4718 4724 4725
				4727 4728 4720 4732 4721 4729 4731 4735 4733 4739 4734 4736 4737 4743 4740
				4746 4742 4744 4745 4749 4747 4754 4748 4751 4753 4758 4755 4761 4756 4759
				4760 4766 4764 4769 4765 4767 4768 4772 4770 4777 4771 4773 4776 4779 4778
				4780 4783 4784 4786 4790 4781 4793 4782 4791 4792 4797 4794 4801 4795 4798
				4800 4804 4802 4808 4803 4805 4806 4812 4809 4815 4810 4813 4814 4817 4816
				4819 4824 4825 4826 4827 4820 4831 4821 4828 4830 4834 4832 4838 4833 4836
				4837 4842 4839 4845 4841 4843 4844 4849 4846 4853 4848 4850 4852 4858 4854
				4863 4855 4860 4861 4865 4864 4866 4869 4870 4872 4874 4867 4877 4868 4875
				4876 4880 4878 4885 4879 4881 4882 4889 4886 4892 4887 4890 4891 4897 4893
				4900 4894 4898 4899 4902 4901 4903 4907 4909 4910 4911 4904 4914 4905 4912
				4913 4919 4915 4921 4924 4925 4926 4927 4922 4931 4923 4929 4930 4935 4933
				4938 4934 4936 4937 4942 4940 4946 4941 4943 4945 4951 4947 4954 4948 4952
				4953 4958 4955 4962 4957 4959 4960 4965 4963 4969 4964 4966 4967 4973 4970
				4976 4971 4974 4975 4979 4977 4984 4978 4981 4982 4989 4985 4993 4986 4990
				4991 4997 4995 926 4996 4998 915 959 937 992 948 970 981 1025 1003
				1058 1014 1036 1047 1091 1069 1124 1080 1102 1113 1168 1135 1201 1146 1179
				1190 1234 1212 1267 1223 1245 1256 1300 1278 1333 1289 1311 1322 1366 1344
				1399 1355 1377 1388 1432 1410 1465 1421 1443 1454 1509 1476 1520 1553 1564
				1575 1586 1531 1619 1542 1597 1608 1653 1630 1689 1641 1665 1677 1725 1701
				1762 1713 1737 1750 1834 1774 1871 1786 1846 1858 1895 1883 1907 1943 1955
				1967 1979 1919 2016 1931 1992 2004 2052 2028 2088 2040 2064 2076 2161 2100
				2197 2113 2173 2185 2234 2209 2270 2221 2246 2258 2294 2282 2306 2342 2355
				2367 2379 2318 2415 2330 2391 2403 2463 2427 2500 2439 2476 2488 2536 2512
				2572 2524 2548 2560 2609 2584 2645 2597 2621 2633 2669 2657 2681 2718 2730
				2742 2790 2693 2826 2705 2802 2814 2863 2839 2899 2851 2875 2887 2935 2911
				2972 2923 2947 2960 3008 2984 3044 2996 3020 3032 3068 3056 3081 3153 3165
				3177 3189 3093 3226 3105 3202 3214 3250 3238 3262 3298 3310 3323 3335 3274
				3371 3286 3347 3359 3444 3383 3480 3395 3456 3468 3516 3492 3552 3504 3528
				3540 3577 3565 3589 3625 3637 3649 3661 3601 3698 3613 3673 3686 3770 3710
				3807 3722 3782 3794 3843 3819 3879 3831 3855 3867 3903 3891 3915 3952 3964
				3976 3988 3928 4024 3940 4000 4012 4085 4036 4097 4133 4145 4157 4170 4109
				4206 4121 4182 4194 4242 4218 4278 4230 4254 4266 4315 4291 4351 4303 4327
				4339 4412 4363 4424 4460 4472 4484 4496 4436 4533 4448 4508 4520 4569 4545
				4605 4557 4581 4593 4641 4617 4678 4629 4654 4666 4750 4690 4787 4702 4762
				4775 4823 4799 4859 4811 4835 4847 4896 4871 4932 4883 4908 4920 4968 4944
				4999 4956 4980 4992 5002 5000 5006 5001 5003 5004 5012 5007 5015 5008 5013
				5014 5019 5017 5022 5018 5020 5021 5025 5023 5029 5024 5026 5028 5031 5030
				5032 5035 5036 5037 5042 5033 5045 5034 5043 5044 5048 5046 5052 5047 5050
				5051 5055 5053 5058 5054 5056 5057 5061 5059 5062 5065 5066 5067 5072 5063
				5075 5064 5073 5074 5078 5076 5081 5077 5079 5080 5085 5083 5088 5084 5086
				5087 5090 5089 5091 5095 5096 5097 5101 5092 5105 5094 5102 5103 5108 5106
				5111 5107 5109 5110 5114 5112 5118 5113 5116 5117 5121 5119 5124 5120 5122
				5123 5128 5125 5131 5127 5129 5130 5138 5132 5141 5133 5139 5140 5144 5142
				5147 5143 5145 5146 5151 5149 5154 5150 5152 5153 5157 5155 5161 5156 5158
				5160 5164 5162 5167 5163 5165 5166 5174 5168 5177 5169 5175 5176 5179 5178
				5180 5184 5185 5186 5187 5182 5190 5183 5188 5189 5194 5191 5197 5193 5195
				5196 5202 5198 5204 5207 5208 5209 5210 5205 5213 5206 5211 5212 5217 5215
				5220 5216 5218 5219 5223 5221 5227 5222 5224 5226 5232 5228 5233 5237 5238
				5239 5240 5234 5243 5235 5241 5242 5246 5244 5250 5245 5248 5249 5253 5251
				5256 5252 5254 5255 5263 5257 5266 5259 5264 5265 5268 5267 5270 5273 5274
				5275 5276 5271 5279 5272 5277 5278 5282 5281 5283 5289 5290 5292 5293 5284
				5296 5285 5294 5295 5299 5297 5303 5298 5300 5301 5306 5304 5309 5305 5307
				5308 5312 5310 5316 5311 5314 5315 5322 5317 5326 5318 5323 5325 5329 5327
				5332 5328 5330 5331 5336 5333 5339 5334 5337 5338 5342 5340 5345 5341 5343
				5344 5348 5347 5349 5355 5356 5358 5359 5350 5362 5351 5360 5361 5365 5363
				5369 5364 5366 5367 5371 5370 5372 5375 5376 5373 5377 5382 5374 5383 5385
				5384 5389 5386 5391 5392 5387 5393 5395 5388 5394 5399 5396 5400 5402 5397
				5403 5411 5398 5404 5414 5413 5405 5416 5415 5406 5421 5417 5407 5424 5422
				5408 5426 5425 5409 5428 5427 5410 1661 1650 1672 1705 1716 1683 1727 1738
				1694 1749 1771 1760 1837 1782 1848 1870 1793 1859 1936 1881 1947 1958 1892
				1969 1980 1903 1991 2002 1914 2013 2035 1925 2024 2079 2046 2090 2101 2057
				2112 2134 2068 2123 2200 2145 2211 2255 2156 2222 2277 2266 2233 2299 2288
				2244 2387 2310 2398 2409 2321 2420 2431 2332 2442 2475 2343 2486 2508 2354
				2453 2530 2497 2519 2607 2365 2464 2640 2541 2618 2662 2376 2651 2695 2552
				2629 2728 2673 2706 2761 2563 2739 2794 2684 2750 2816 2805 2717 2827 2772
				2838 2860 2783 2849 2926 2871 2937 2959 2882 2948 2992 2970 3003 3080 2981
				3014 3102 3091 3025 3124 3113 3036 3146 3135 3047 3168 3157 3058 3190 3179
				3069 3212 3201 3256 3289 3300 3267 3311 3322 3278 3333 3355 3344 3388 3366
				3399 3421 3377 3410 3487 3432 3498 3509 3443 3520 3531 3454 3542 3586 3465
				3597 3619 3476 3608 3663 3630 3674 3685 3641 3696 3718 3652 3707 3751 3729
				3762 3850 3740 3773 3872 3861 3784 3894 3883 3795 3916 3905 3806 3971 3927
				3817 3993 3982 3828 4015 4004 3839 4037 4026 4048 4081 4092 4059 4103 4114
				4070 4125 4147 4136 4180 4158 4191 4246 4169 4202 4312 4257 4323 4334 4268
				4345 4356 4279 4367 4378 4290 4389 4411 4301 4400 4455 4422 4466 4477 4433
				4488 4510 4444 4499 4543 4521 4554 4620 4532 4565 4642 4631 4576 4664 4653
				4587 4752 4675 4763 4774 4686 4785 4796 4697 4807 4840 4708 4851 4873 4719
				4818 4895 4862 4884 4939 4730 4829 4983 4906 4950 5005 4741 4994 5038 4917
				4961 5071 5016 5049 5104 4928 5082 5137 5027 5093 5159 5148 5060 5170 5115
				5181 5203 5126 5192 5236 5214 5247 5291 5225 5258 5324 5302 5335 5412 5313
				5346 5429 5423 5357 5431 5430 5368 5433 5432 5379 5435 5434 5390 5437 5436
				5401 5439 5438 5440 5444 5445 5441 5446 5447 5442 5448 5450 5449 5453 5451
				5454 5456 5452 5455 5462 5457 5463 5464 5458 5465 5466 5459 5467 5468 5460
				5469 5473 5461 5470 5477 5474 5478 5479 5475 5480 5482 5476 5481 5485 5483
				5486 5490 5484 5487 5492 5491 5488 5495 5493 5489 5501 5496 5497 5502 5494
				5498 5505 5503 5499 5507 5506 5500 5509 5508 5510 5513 5514 5511 5515 5516
				5512 5517 5520 5518 5522 5521 5519 5527 5523 5528 5531 5524 5532 5533 5525
				5534 5538 5526 5535 5540 5539 5536 5542 5541 5537 5544 5543 5545 5550 5551
				5546 5552 5553 5547 5558 5560 5548 5561 5559 5549 5554 5562 5555 5565 5563
				5566 5570 5564 5567 5572 5571 5556 5573 5568 5574 5575 5569 5578 5583 5586
				5579 5587 5588 5580 5589 5590 5581 5591 5592 5582 5593 5595 5594 5600 5596
				5601 5602 5597 5603 5605 5598 5606 5610 5599 5607 5612 5611 5608 5616 5613
				5609 5622 5617 5618 5623 5614 5619 5625 5624 5620 5627 5626 5621 5629 5628
				5632 5637 5638 5633 5639 5640 5634 5641 5644 5635 5645 5646 5636 5647 5649
				5648 5654 5650 5655 5656 5651 5657 5659 5652 5660 5664 5653 5661 5666 5665
				5662 5669 5667 5663 5675 5670 5671 5677 5668 5672 5679 5678 5673 5681 5680
				5674 5683 5682 5686 5696 5697 5687 5698 5699 5688 5700 5701 5689 5702 5703
				5712 5714 5704 5716 5713 5705 5715 5719 5706 5690 5707 5720 5722 5717 5708
				5691 5721 5728 5723 5709 5730 5692 5729 5732 5724 5731 5734 5693 5733 5736
				5725 5735 5739 5694 5737 5741 5726 5740 5747 5695 5742 5750 5752 5727 5748
				5743 5756 5751 5753 5749 5759 5744 5761 5757 5754 5760 5765 5762 5768 5758
				5772 5755 5766 5763 5776 5769 5773 5767 5779 5764 5782 5777 5786 5774 5780
				5783 5789 5778 5787 5781 5791 5784 5795 5790 5798 5788 5792 5785 5800 5796
				5801 5799 5793 5802 5807 5797 5803 5794 5808 5809 5813 5814 5818 5810 5815
				1 5819 5816 0 4 5811 2 5817 8 5 12 5812 14 3 9
				19 13 6 24 15 10 20 7 27 25 11 29 21 28 32
				34 26 30 22 33 37 35 31 42 45 23 38 49 36 43
				53 46 39 50 44 55 54 40 58 61 51 56 41 62 59
				63 57 65 64 66 60 67 69 71 70 77 72 80 68 73
				81 74 85 88 82 86 78 91 75 89 87 97 92 79 100
				102 90 98 93 101 105 103 99 109 94 106 113 115 104 110
				95 114 118 121 116 111 124 96 119 122 112 127 130 125 120
				134 123 128 131 138 126 135 129 140 132 146 139 149 136 141
				133 153 147 156 150 142 154 158 148 161 157 143 155 163 159
				164 162 144 165 170 160 166 145 172 167 173 171 174 176 178
				177 185 179 188 175 181 186 193 182 189 183 196 187 199 194
				190 197 204 200 207 195 209 192 205 201 212 208 210 206 216
				203 221 214 225 211 217 222 228 215 226 218 233 223 237 229
				227 234 240 238 243 230 236 248 241 239 251 244 249 253 242
				245 252 258 250 261 254 265 247 259 262 270 255 266 260 273
				263 275 271 267 274 278 276 280 272 284 269 281 277 286 282
				287 285 283 288 293 297 294 303 298 306 289 299 304 310 300
				307 302 314 305 316 311 308 315 320 317 324 313 326 309 321
				318 331 325 327 322 335 319 338 332 341 328 336 339 344 333
				342 337 348 340 351 346 343 349 354 352 358 347 350 362 355
				353 370 359 363 372 357 360 371 375 364 379 373 382 361 376
				380 386 374 383 377 390 381 392 387 384 391 395 393 396 388
				402 385 397 394 405 398 406 403 399 407 409 412 410 417 413
				420 408 414 418 425 415 421 416 428 419 432 426 423 429 437
				434 442 427 445 424 438 435 448 443 446 439 451 436 454 449
				458 447 452 456 461 450 459 453 465 457 469 462 460 467 472
				470 476 463 468 481 473 471 484 478 482 486 474 479 485 490
				483 493 487 498 480 491 494 503 489 500 492 506 495 508 504
				501 507 514 509 515 505 519 502 516 511 522 517 523 520 518
			}
			Vertices 5820
			{
				-16.24924000 22.90217000 -15.18487000 / -0.88668580 -0.46232010 -0.00696150 / 131 177 0 255 / 0.44145200 0.34820560
				-16.24053000 22.88521000 -15.18487000 / -0.88976090 -0.45641970 0.00257490 / 125 165 0 255 / 0.49404910 0.34820560
				-16.24053000 22.88521000 -15.18487000 / -0.89034210 -0.45527990 0.00333780 / 125 165 0 255 / 0.49404910 0.34820560
				-16.24053000 22.88521000 -15.18487000 / -0.89824640 -0.43949030 -0.00133530 / 125 165 0 255 / 0.49404910 0.34820560
				-16.24447000 22.89219000 -15.12921000 / -0.88668580 -0.46232010 -0.00696150 / 114 176 0 255 / 0.47216800 0.19294740
				-16.24447000 22.89219000 -15.12921000 / -0.89335550 -0.44934790 0.00162120 / 114 176 0 255 / 0.47216800 0.19294740
				-16.24447000 22.89219000 -15.12921000 / -0.89188050 -0.45223460 0.00572210 / 114 176 0 255 / 0.47216800 0.19294740
				-16.24447000 22.89219000 -15.12921000 / -0.88827320 -0.45930040 -0.00371940 / 114 176 0 255 / 0.47216800 0.19294740
				-16.23453000 22.87310000 -15.23565000 / -0.89034210 -0.45527990 0.00333780 / 111 165 0 255 / 0.53137210 0.48973080
				-16.23453000 22.87310000 -15.23565000 / -0.89824640 -0.43949030 -0.00133530 / 111 165 0 255 / 0.53137210 0.48973080
				-16.23453000 22.87310000 -15.23565000 / -0.89564280 -0.44476980 -0.00200260 / 111 165 0 255 / 0.53137210 0.48973080
				-16.23453000 22.87310000 -15.23565000 / -0.89285020 -0.45033530 -0.00410090 / 111 165 0 255 / 0.53137210 0.48973080
				-16.27491000 22.95288000 -15.07794000 / -0.89335550 -0.44934790 0.00162120 / 115 172 0 255 / 0.28306580 0.05142210
				-16.27491000 22.95288000 -15.07794000 / -0.89188050 -0.45223460 0.00572210 / 115 172 0 255 / 0.28306580 0.05142210
				-16.23202000 22.86779000 -15.18292000 / -0.89824640 -0.43949030 -0.00133530 / 111 164 0 255 / 0.54795840 0.34280390
				-16.23202000 22.86779000 -15.18292000 / -0.89564280 -0.44476980 -0.00200260 / 111 164 0 255 / 0.54795840 0.34280390
				-14.97598000 20.50813000 -15.48613000 / 0.00000000 0.00019070 1.00000000 / 89 153 0 255 / 0.93911730 0.99867250
				-16.04695000 22.61296000 -15.22198000 / 0.41634760 -0.82430340 -0.38363870 / 52 95 0 255 / 0.91036990 0.99867250
				-16.04695000 22.61296000 -15.22198000 / 0.42480720 -0.82805930 -0.36586450 / 52 95 0 255 / 0.91036990 0.99867250
				-16.21661000 22.83790000 -15.07794000 / -0.89188050 -0.45223460 0.00572210 / 105 172 0 255 / 0.64152520 0.05142210
				-16.21661000 22.83790000 -15.07794000 / -0.88827320 -0.45930040 -0.00371940 / 105 172 0 255 / 0.64152520 0.05142210
				-16.21661000 22.83790000 -15.07794000 / -0.88696750 -0.46179530 -0.00581770 / 105 172 0 255 / 0.64152520 0.05142210
				-16.21661000 22.83790000 -15.07794000 / -0.89722780 -0.44155660 0.00314720 / 105 172 0 255 / 0.64152520 0.05142210
				-16.21661000 22.83790000 -15.07794000 / -0.89123870 -0.45353430 0.00057220 / 105 172 0 255 / 0.64152520 0.05142210
				-16.22602000 22.85569000 -15.17706000 / -0.89564280 -0.44476980 -0.00200260 / 97 167 0 255 / 0.58551030 0.32659910
				-16.22602000 22.85569000 -15.17706000 / -0.89285020 -0.45033530 -0.00410090 / 97 167 0 255 / 0.58551030 0.32659910
				-16.22602000 22.85569000 -15.17706000 / -0.88000490 -0.47490510 0.00753360 / 97 167 0 255 / 0.58551030 0.32659910
				-16.23427000 22.87247000 -15.12921000 / -0.88827320 -0.45930040 -0.00371940 / 103 170 0 255 / 0.53327940 0.19294740
				-16.23427000 22.87247000 -15.12921000 / -0.88696750 -0.46179530 -0.00581770 / 103 170 0 255 / 0.53327940 0.19294740
				-16.21583000 22.83597000 -15.23028000 / -0.89285020 -0.45033530 -0.00410090 / 91 169 0 255 / 0.64787290 0.47486880
				-16.21583000 22.83597000 -15.23028000 / -0.88000490 -0.47490510 0.00753360 / 91 169 0 255 / 0.64787290 0.47486880
				-16.21583000 22.83597000 -15.23028000 / -0.88795890 -0.45990730 0.00381510 / 91 169 0 255 / 0.64787290 0.47486880
				-16.22609000 22.85679000 -15.13116000 / -0.88696750 -0.46179530 -0.00581770 / 106 169 0 255 / 0.58273310 0.19863890
				-16.22609000 22.85679000 -15.13116000 / -0.89722780 -0.44155660 0.00314720 / 106 169 0 255 / 0.58273310 0.19863890
				-16.22183000 22.84807000 -15.16827000 / -0.88000490 -0.47490510 0.00753360 / 90 163 0 255 / 0.60920720 0.30195620
				-16.22183000 22.84807000 -15.16827000 / -0.88795890 -0.45990730 0.00381510 / 90 163 0 255 / 0.60920720 0.30195620
				-16.22183000 22.84807000 -15.16827000 / -0.90018870 -0.43483690 -0.02403050 / 90 163 0 255 / 0.60920720 0.30195620
				-16.22183000 22.84809000 -15.13702000 / -0.89722780 -0.44155660 0.00314720 / 106 176 0 255 / 0.61074830 0.21572880
				-16.22183000 22.84809000 -15.13702000 / -0.89123870 -0.45353430 0.00057220 / 106 176 0 255 / 0.61074830 0.21572880
				-16.22183000 22.84809000 -15.13702000 / -0.89485770 -0.44628450 0.00772420 / 106 176 0 255 / 0.61074830 0.21572880
				-16.22183000 22.84809000 -15.13702000 / -0.88915710 -0.45735710 -0.01497190 / 106 176 0 255 / 0.61074830 0.21572880
				-16.22183000 22.84809000 -15.13702000 / -0.89091380 -0.45413520 0.00581740 / 106 176 0 255 / 0.61074830 0.21572880
				-16.20094000 22.80736000 -15.21416000 / -0.88795890 -0.45990730 0.00381510 / 94 163 0 255 / 0.73684690 0.43029790
				-16.20094000 22.80736000 -15.21416000 / -0.90018870 -0.43483690 -0.02403050 / 94 163 0 255 / 0.73684690 0.43029790
				-16.20094000 22.80736000 -15.21416000 / -0.89058980 -0.45473680 -0.00801130 / 94 163 0 255 / 0.73684690 0.43029790
				-16.20043000 22.80609000 -15.08330000 / -0.89123870 -0.45353430 0.00057220 / 104 174 0 255 / 0.74116520 0.06532290
				-16.20043000 22.80609000 -15.08330000 / -0.89485770 -0.44628450 0.00772420 / 104 174 0 255 / 0.74116520 0.06532290
				-15.01519000 20.47705000 -15.40654000 / 0.44725980 -0.88555540 -0.12549980 / 194 144 0 255 / 0.93911730 0.77926640
				-15.01519000 20.47705000 -15.40654000 / 0.44725980 -0.88555540 -0.12549980 / 194 144 0 255 / 0.93911730 0.77926640
				-16.22028000 22.84424000 -15.15704000 / -0.90018870 -0.43483690 -0.02403050 / 101 164 0 255 / 0.62155150 0.27128600
				-16.22028000 22.84424000 -15.15704000 / -0.89058980 -0.45473680 -0.00801130 / 101 164 0 255 / 0.62155150 0.27128600
				-16.22028000 22.84424000 -15.15704000 / -0.88193040 -0.47052820 0.02832320 / 101 164 0 255 / 0.62155150 0.27128600
				-16.04424000 22.60810000 -15.20782000 / 0.42480720 -0.82805930 -0.36586450 / 55 89 0 255 / 0.93911730 0.99867250
				-16.19018000 22.78528000 -15.09796000 / -0.89485770 -0.44628450 0.00772420 / 107 178 0 255 / 0.80593870 0.10704040
				-16.19018000 22.78528000 -15.09796000 / -0.88915710 -0.45735710 -0.01497190 / 107 178 0 255 / 0.80593870 0.10704040
				-16.19120000 22.78783000 -15.18878000 / -0.89058980 -0.45473680 -0.00801130 / 102 167 0 255 / 0.79849240 0.35934450
				-16.19120000 22.78783000 -15.18878000 / -0.88193040 -0.47052820 0.02832320 / 102 167 0 255 / 0.79849240 0.35934450
				-16.19120000 22.78783000 -15.18878000 / -0.89170050 -0.45262150 -0.00200270 / 102 167 0 255 / 0.79849240 0.35934450
				-16.18476000 22.77555000 -15.12237000 / -0.88915710 -0.45735710 -0.01497190 / 106 178 0 255 / 0.83634950 0.17443850
				-16.18476000 22.77555000 -15.12237000 / -0.89091380 -0.45413520 0.00581740 / 106 178 0 255 / 0.83634950 0.17443850
				-16.18476000 22.77555000 -15.12237000 / -0.89117290 -0.45359790 0.00772530 / 106 178 0 255 / 0.83634950 0.17443850
				-16.21983000 22.84405000 -15.14630000 / -0.88193040 -0.47052820 0.02832320 / 104 171 0 255 / 0.62208550 0.24101260
				-16.21983000 22.84405000 -15.14630000 / -0.89091380 -0.45413520 0.00581740 / 104 171 0 255 / 0.62208550 0.24101260
				-16.21983000 22.84405000 -15.14630000 / -0.89170050 -0.45262150 -0.00200270 / 104 171 0 255 / 0.62208550 0.24101260
				-16.21983000 22.84405000 -15.14630000 / -0.89117290 -0.45359790 0.00772530 / 104 171 0 255 / 0.62208550 0.24101260
				-16.18546000 22.77637000 -15.15509000 / -0.89170050 -0.45262150 -0.00200270 / 101 170 0 255 / 0.83294680 0.26533510
				-16.18546000 22.77637000 -15.15509000 / -0.89117290 -0.45359790 0.00772530 / 101 170 0 255 / 0.83294680 0.26533510
				-15.40165000 21.23664000 -15.17754000 / -0.89083200 -0.45433290 0.00000000 / 166 166 0 255 / 0.81234740 0.33558650
				-15.40165000 21.23664000 -15.17754000 / -0.89011060 -0.45549860 0.01497350 / 166 166 0 255 / 0.81234740 0.33558650
				-15.40164000 21.23664000 -15.15410000 / -0.89083200 -0.45433290 0.00000000 / 168 168 0 255 / 0.81248470 0.27272030
				-15.40164000 21.23664000 -15.15410000 / -0.89073500 -0.45452280 -0.00057220 / 168 168 0 255 / 0.81248470 0.27272030
				-15.43724000 21.30642000 -15.17070000 / -0.89083200 -0.45433290 0.00000000 / 166 166 0 255 / 0.60383600 0.31689450
				-15.43724000 21.30642000 -15.17070000 / -0.89073500 -0.45452280 -0.00057220 / 166 166 0 255 / 0.60383600 0.31689450
				-15.43724000 21.30642000 -15.17070000 / -0.89011060 -0.45549860 0.01497350 / 166 166 0 255 / 0.60383600 0.31689450
				-15.43724000 21.30642000 -15.17070000 / -0.89084990 -0.45415130 0.01153980 / 166 166 0 255 / 0.60383600 0.31689450
				-15.43724000 21.30642000 -15.17070000 / -0.88893410 -0.45796170 -0.00820170 / 166 166 0 255 / 0.60383600 0.31689450
				-15.01990000 20.48595000 -15.48613000 / 0.44725980 -0.88555540 -0.12549980 / 195 146 0 255 / 0.56410220 0.77926640
				-15.40339000 21.24004000 -15.13261000 / -0.89073500 -0.45452280 -0.00057220 / 167 167 0 255 / 0.80242920 0.21543880
				-15.40339000 21.24004000 -15.13261000 / -0.88893410 -0.45796170 -0.00820170 / 167 167 0 255 / 0.80242920 0.21543880
				-15.40339000 21.24004000 -15.13261000 / -0.88815450 -0.45928830 -0.01535410 / 167 167 0 255 / 0.80242920 0.21543880
				-15.40358000 21.23958000 -15.20293000 / -0.89011060 -0.45549860 0.01497350 / 165 168 0 255 / 0.80328370 0.40208440
				-15.40358000 21.23958000 -15.20293000 / -0.89084990 -0.45415130 0.01153980 / 165 168 0 255 / 0.80328370 0.40208440
				-15.40358000 21.23958000 -15.20293000 / -0.89073120 -0.45452090 -0.00295640 / 165 168 0 255 / 0.80328370 0.40208440
				-16.08513000 22.57932000 -15.19757000 / 0.37822060 -0.73698660 -0.56017850 / 51 86 0 255 / 0.93911730 0.77926640
				-16.08513000 22.57932000 -15.19757000 / 0.35627950 -0.71904370 -0.59669180 / 51 86 0 255 / 0.93911730 0.77926640
				-15.43917000 21.30936000 -15.20440000 / -0.89084990 -0.45415130 0.01153980 / 170 169 0 255 / 0.59474190 0.40641780
				-15.43917000 21.30936000 -15.20440000 / -0.89073120 -0.45452090 -0.00295640 / 170 169 0 255 / 0.59474190 0.40641780
				-15.43917000 21.30936000 -15.20440000 / -0.89196030 -0.45203590 -0.00839220 / 170 169 0 255 / 0.59474190 0.40641780
				-15.40758000 21.24765000 -15.23857000 / -0.89073120 -0.45452090 -0.00295640 / 173 173 0 255 / 0.77839660 0.49711610
				-15.40758000 21.24765000 -15.23857000 / -0.89196030 -0.45203590 -0.00839220 / 173 173 0 255 / 0.77839660 0.49711610
				-15.40758000 21.24765000 -15.23857000 / -0.89160570 -0.45281250 -0.00028610 / 173 173 0 255 / 0.77839660 0.49711610
				-15.43995000 21.31130000 -15.14971000 / -0.88893410 -0.45796170 -0.00820170 / 170 167 0 255 / 0.58908080 0.26089480
				-15.43995000 21.31130000 -15.14971000 / -0.88815450 -0.45928830 -0.01535410 / 170 167 0 255 / 0.58908080 0.26089480
				-15.43995000 21.31130000 -15.14971000 / -0.89237250 -0.45128850 0.00314720 / 170 167 0 255 / 0.58908080 0.26089480
				-15.43995000 21.31130000 -15.14971000 / -0.89227710 -0.45147920 0.00286110 / 170 167 0 255 / 0.58908080 0.26089480
				-15.43995000 21.31130000 -15.14971000 / -0.88976350 -0.45642100 -0.00095370 / 170 167 0 255 / 0.58908080 0.26089480
				-15.43995000 21.31130000 -15.14971000 / -0.88995810 -0.45604160 -0.00085830 / 170 167 0 255 / 0.58908080 0.26089480
				-15.44195000 21.31532000 -15.23027000 / -0.89196030 -0.45203590 -0.00839220 / 175 172 0 255 / 0.57720950 0.47558590
				-15.44195000 21.31532000 -15.23027000 / -0.89160570 -0.45281250 -0.00028610 / 175 172 0 255 / 0.57720950 0.47558590
				-15.44195000 21.31532000 -15.23027000 / -0.89121860 -0.45357260 0.00123980 / 175 172 0 255 / 0.57720950 0.47558590
				-15.40732000 21.24701000 -15.11406000 / -0.88815450 -0.45928830 -0.01535410 / 167 170 0 255 / 0.78086860 0.16567990
				-15.40732000 21.24701000 -15.11406000 / -0.89237250 -0.45128850 0.00314720 / 167 170 0 255 / 0.78086860 0.16567990
				-15.41306000 21.25847000 -15.26494000 / -0.89160570 -0.45281250 -0.00028610 / 177 166 0 255 / 0.74609370 0.56811520
				-15.41306000 21.25847000 -15.26494000 / -0.89121860 -0.45357260 0.00123980 / 177 166 0 255 / 0.74609370 0.56811520
				-15.41306000 21.25847000 -15.26494000 / -0.89112040 -0.45376180 0.00219350 / 177 166 0 255 / 0.74609370 0.56811520
				-15.41306000 21.25848000 -15.09843000 / -0.89237250 -0.45128850 0.00314720 / 168 173 0 255 / 0.74768080 0.12503050
				-15.41306000 21.25848000 -15.09843000 / -0.89227710 -0.45147920 0.00286110 / 168 173 0 255 / 0.74768080 0.12503050
				-14.97598000 20.50813000 -15.48613000 / 0.44725980 -0.88555540 -0.12549980 / 194 144 0 255 / 0.56410220 0.99867250
				-14.97598000 20.50813000 -15.48613000 / 0.44725980 -0.88555540 -0.12549980 / 194 144 0 255 / 0.56410220 0.99867250
				-15.44543000 21.32211000 -15.24785000 / -0.89121860 -0.45357260 0.00123980 / 178 163 0 255 / 0.55636600 0.52252200
				-15.44543000 21.32211000 -15.24785000 / -0.89112040 -0.45376180 0.00219350 / 178 163 0 255 / 0.55636600 0.52252200
				-15.44543000 21.32211000 -15.24785000 / -0.89351380 -0.44899810 -0.00581750 / 178 163 0 255 / 0.55636600 0.52252200
				-15.44543000 21.32211000 -15.24785000 / -0.88478260 -0.46594610 0.00734300 / 178 163 0 255 / 0.55636600 0.52252200
				-15.42054000 21.27333000 -15.08720000 / -0.89227710 -0.45147920 0.00286110 / 171 166 0 255 / 0.70269770 0.09507750
				-15.42054000 21.27333000 -15.08720000 / -0.88976350 -0.45642100 -0.00095370 / 171 166 0 255 / 0.70269770 0.09507750
				-15.42003000 21.27205000 -15.28545000 / -0.89112040 -0.45376180 0.00219350 / 178 159 0 255 / 0.70631410 0.62232970
				-15.42003000 21.27205000 -15.28545000 / -0.89351380 -0.44899810 -0.00581750 / 178 159 0 255 / 0.70631410 0.62232970
				-16.08835000 22.58547000 -15.20782000 / 0.37822060 -0.73698660 -0.56017850 / 54 96 0 255 / 0.91036990 0.77926640
				-15.43099000 21.29369000 -15.08037000 / -0.88976350 -0.45642100 -0.00095370 / 173 164 0 255 / 0.64189150 0.07662960
				-15.43099000 21.29369000 -15.08037000 / -0.88995810 -0.45604160 -0.00085830 / 173 164 0 255 / 0.64189150 0.07662960
				-15.43099000 21.29369000 -15.08037000 / -0.89418770 -0.44766600 0.00486390 / 173 164 0 255 / 0.64189150 0.07662960
				-15.42803000 21.28819000 -15.30254000 / -0.89351380 -0.44899810 -0.00581750 / 179 166 0 255 / 0.65898130 0.66696180
				-15.42803000 21.28819000 -15.30254000 / -0.88478260 -0.46594610 0.00734300 / 179 166 0 255 / 0.65898130 0.66696180
				-15.42803000 21.28819000 -15.30254000 / -0.88896130 -0.45797570 -0.00247970 / 179 166 0 255 / 0.65898130 0.66696180
				-15.44691000 21.32487000 -15.13848000 / -0.88995810 -0.45604160 -0.00085830 / 173 169 0 255 / 0.54914860 0.23146060
				-15.44691000 21.32487000 -15.13848000 / -0.89418770 -0.44766600 0.00486390 / 173 169 0 255 / 0.54914860 0.23146060
				-15.44691000 21.32487000 -15.13848000 / -0.89275180 -0.45052450 0.00467310 / 173 169 0 255 / 0.54914860 0.23146060
				-15.44988000 21.33037000 -15.25957000 / -0.88478260 -0.46594610 0.00734300 / 179 167 0 255 / 0.53199770 0.55297850
				-15.44988000 21.33037000 -15.25957000 / -0.88896130 -0.45797570 -0.00247970 / 179 167 0 255 / 0.53199770 0.55297850
				-15.44988000 21.33037000 -15.25957000 / -0.89660890 -0.44267800 -0.01134830 / 179 167 0 255 / 0.53199770 0.55297850
				-15.44446000 21.32064000 -15.07793000 / -0.89418770 -0.44766600 0.00486390 / 173 171 0 255 / 0.56126400 0.07048030
				-15.44446000 21.32064000 -15.07793000 / -0.89275180 -0.45052450 0.00467310 / 173 171 0 255 / 0.56126400 0.07048030
				-15.44446000 21.32064000 -15.07793000 / -0.88976340 -0.45642090 0.00114440 / 173 171 0 255 / 0.56126400 0.07048030
				-15.44446000 21.32064000 -15.07793000 / -0.88995720 -0.45604110 0.00162120 / 173 171 0 255 / 0.56126400 0.07048030
				-15.43673000 21.30515000 -15.31475000 / -0.88896130 -0.45797570 -0.00247970 / 177 170 0 255 / 0.60758970 0.70013430
				-15.43673000 21.30515000 -15.31475000 / -0.89660890 -0.44267800 -0.01134830 / 177 170 0 255 / 0.60758970 0.70013430
				-15.43673000 21.30515000 -15.31475000 / -0.89102510 -0.45395260 -0.00104910 / 177 170 0 255 / 0.60758970 0.70013430
				-14.97127000 20.49923000 -15.40654000 / 0.44725980 -0.88555540 -0.12549980 / 193 141 0 255 / 0.93911730 0.99867250
				-15.45814000 21.34715000 -15.13505000 / -0.89275180 -0.45052450 0.00467310 / 173 173 0 255 / 0.48268130 0.22164920
				-15.45814000 21.34715000 -15.13505000 / -0.88976340 -0.45642090 0.00114440 / 173 173 0 255 / 0.48268130 0.22164920
				-15.45440000 21.33972000 -15.26689000 / -0.89660890 -0.44267800 -0.01134830 / 174 168 0 255 / 0.50386050 0.57270810
				-15.45440000 21.33972000 -15.26689000 / -0.89102510 -0.45395260 -0.00104910 / 174 168 0 255 / 0.50386050 0.57270810
				-15.45440000 21.33972000 -15.26689000 / -0.89285500 -0.45033760 -0.00247960 / 174 168 0 255 / 0.50386050 0.57270810
				-15.45440000 21.33972000 -15.26689000 / -0.88837200 -0.45911140 -0.00343330 / 174 168 0 255 / 0.50386050 0.57270810
				-15.45440000 21.33972000 -15.26689000 / -0.89141240 -0.45319270 -0.00047680 / 174 168 0 255 / 0.50386050 0.57270810
				-15.45440000 21.33972000 -15.26689000 / -0.88099400 -0.47072810 -0.04758780 / 174 168 0 255 / 0.50386050 0.57270810
				-15.46684000 21.36411000 -15.13505000 / -0.88976340 -0.45642090 0.00114440 / 174 168 0 255 / 0.43147280 0.22164920
				-15.46684000 21.36411000 -15.13505000 / -0.88995720 -0.45604110 0.00162120 / 174 168 0 255 / 0.43147280 0.22164920
				-15.46684000 21.36411000 -15.13505000 / -0.89063820 -0.45471280 0.00000000 / 174 168 0 255 / 0.43147280 0.22164920
				-15.44569000 21.32275000 -15.32207000 / -0.89102510 -0.45395260 -0.00104910 / 174 167 0 255 / 0.55566410 0.72001650
				-15.44569000 21.32275000 -15.32207000 / -0.89285500 -0.45033760 -0.00247960 / 174 167 0 255 / 0.55566410 0.72001650
				-16.04424000 22.60810000 -15.20782000 / 0.37822060 -0.73698660 -0.56017850 / 55 89 0 255 / 0.91036990 0.99867250
				-16.04424000 22.60810000 -15.20782000 / 0.35627950 -0.71904370 -0.59669180 / 55 89 0 255 / 0.91036990 0.99867250
				-15.49695000 21.42308000 -15.07793000 / -0.88995720 -0.45604110 0.00162120 / 174 165 0 255 / 0.25500490 0.07048030
				-15.49695000 21.42308000 -15.07793000 / -0.89063820 -0.45471280 0.00000000 / 174 165 0 255 / 0.25500490 0.07048030
				-15.49695000 21.42308000 -15.07793000 / -0.89179870 -0.45243210 -0.00057220 / 174 165 0 255 / 0.25500490 0.07048030
				-15.45691000 21.34503000 -15.32743000 / -0.89285500 -0.45033760 -0.00247960 / 174 166 0 255 / 0.48834230 0.73367310
				-15.45691000 21.34503000 -15.32743000 / -0.88837200 -0.45911140 -0.00343330 / 174 166 0 255 / 0.48834230 0.73367310
				-15.47929000 21.38849000 -15.27227000 / -0.89063820 -0.45471280 0.00000000 / 174 167 0 255 / 0.35920720 0.58708190
				-15.47929000 21.38849000 -15.27227000 / -0.89179870 -0.45243210 -0.00057220 / 174 167 0 255 / 0.35920720 0.58708190
				-15.47929000 21.38849000 -15.27227000 / -0.88951710 -0.45682290 -0.00848790 / 174 167 0 255 / 0.35920720 0.58708190
				-15.46709000 21.36474000 -15.32890000 / -0.88837200 -0.45911140 -0.00343330 / 173 169 0 255 / 0.42918400 0.73823550
				-15.46709000 21.36474000 -15.32890000 / -0.89141240 -0.45319270 -0.00047680 / 173 169 0 255 / 0.42918400 0.73823550
				-15.51940000 21.46763000 -15.32890000 / -0.89179870 -0.45243210 -0.00057220 / 172 169 0 255 / 0.12294010 0.73823550
				-15.51940000 21.46763000 -15.32890000 / -0.89141240 -0.45319270 -0.00047680 / 172 169 0 255 / 0.12294010 0.73823550
				-15.51940000 21.46763000 -15.32890000 / -0.88951710 -0.45682290 -0.00848790 / 172 169 0 255 / 0.12294010 0.73823550
				-15.51940000 21.46763000 -15.32890000 / -0.88099400 -0.47072810 -0.04758780 / 172 169 0 255 / 0.12294010 0.73823550
				-15.51940000 21.46763000 -15.32890000 / -0.89404800 -0.44783460 0.01106240 / 172 169 0 255 / 0.12294010 0.73823550
				-15.06071000 20.56590000 -15.40654000 / 0.00000000 0.00000000 1.00000000 / 41 145 0 255 / 0.93911730 0.77926640
				-15.06071000 20.56590000 -15.40654000 / 0.00000000 0.00000000 1.00000000 / 41 145 0 255 / 0.93911730 0.77926640
				-15.47058000 21.37153000 -15.27227000 / -0.88951710 -0.45682290 -0.00848790 / 169 173 0 255 / 0.40950010 0.58708190
				-15.47058000 21.37153000 -15.27227000 / -0.89404800 -0.44783460 0.01106240 / 169 173 0 255 / 0.40950010 0.58708190
				-15.46110000 21.35264000 -15.27079000 / -0.88099400 -0.47072810 -0.04758780 / 165 170 0 255 / 0.46525570 0.58348090
				-15.46110000 21.35264000 -15.27079000 / -0.89404800 -0.44783460 0.01106240 / 165 170 0 255 / 0.46525570 0.58348090
				-16.08835000 22.58546000 -15.74884000 / -0.89167830 -0.45261020 0.00734320 / 117 167 0 255 / 0.40356440 0.67240910
				-16.08835000 22.58546000 -15.74884000 / -0.89103170 -0.45390740 0.00553080 / 117 167 0 255 / 0.40356440 0.67240910
				-16.06269000 22.53476000 -15.75714000 / -0.89167830 -0.45261020 0.00734320 / 99 166 0 255 / 0.50431820 0.68673700
				-16.06269000 22.53476000 -15.75714000 / -0.88877260 -0.45830910 0.00600780 / 99 166 0 255 / 0.50431820 0.68673700
				-16.05579000 22.52228000 -15.68878000 / -0.89167830 -0.45261020 0.00734320 / 113 167 0 255 / 0.52935790 0.56536860
				-16.05579000 22.52228000 -15.68878000 / -0.88877260 -0.45830910 0.00600780 / 113 167 0 255 / 0.52935790 0.56536860
				-15.94236000 22.40721000 -15.52666000 / 0.41888750 -0.82938190 0.36967390 / 59 150 0 255 / 0.93911730 0.99867250
				-16.05579000 22.52228000 -15.68878000 / -0.89103170 -0.45390740 0.00553080 / 113 167 0 255 / 0.52935790 0.56536860
				-16.05579000 22.52228000 -15.68878000 / -0.89342900 -0.44919410 -0.00305180 / 113 167 0 255 / 0.52935790 0.56536860
				-16.05579000 22.52228000 -15.68878000 / -0.88524640 -0.46408200 -0.03109140 / 113 167 0 255 / 0.52935790 0.56536860
				-16.04076000 22.60131000 -15.19757000 / 0.35627950 -0.71904370 -0.59669180 / 39 80 0 255 / 0.93911730 0.99867250
				-16.03212000 22.47561000 -15.74737000 / -0.88877260 -0.45830910 0.00600780 / 95 168 0 255 / 0.62234500 0.66944890
				-16.03212000 22.47561000 -15.74737000 / -0.89342900 -0.44919410 -0.00305180 / 95 168 0 255 / 0.62234500 0.66944890
				-16.03212000 22.47561000 -15.74737000 / -0.89316120 -0.44972760 -0.00286090 / 95 168 0 255 / 0.62234500 0.66944890
				-16.10679000 22.62196000 -15.72442000 / -0.89103170 -0.45390740 0.00553080 / 149 174 0 255 / 0.33062740 0.62928780
				-16.10679000 22.62196000 -15.72442000 / -0.88524640 -0.46408200 -0.03109140 / 149 174 0 255 / 0.33062740 0.62928780
				-16.10679000 22.62196000 -15.72442000 / -0.89314500 -0.44971940 0.00667520 / 149 174 0 255 / 0.33062740 0.62928780
				-16.00620000 22.42427000 -15.49201000 / 0.27887040 -0.55220920 0.78568210 / 47 170 0 255 / 0.63516240 0.77926640
				-16.10679000 22.62196000 -15.72442000 / -0.89104520 -0.45391430 -0.00038140 / 149 174 0 255 / 0.33062740 0.62928780
				-16.04631000 22.50339000 -15.68438000 / -0.89342900 -0.44919410 -0.00305180 / 98 163 0 255 / 0.56678770 0.55796810
				-16.04631000 22.50339000 -15.68438000 / -0.89316120 -0.44972760 -0.00286090 / 98 163 0 255 / 0.56678770 0.55796810
				-16.04631000 22.50339000 -15.68438000 / -0.89427290 -0.44742250 -0.00944050 / 98 163 0 255 / 0.56678770 0.55796810
				-16.06494000 22.53944000 -15.68438000 / -0.88524640 -0.46408200 -0.03109140 / 151 178 0 255 / 0.49516300 0.55784610
				-16.06494000 22.53944000 -15.68438000 / -0.89314500 -0.44971940 0.00667520 / 151 178 0 255 / 0.49516300 0.55784610
				-15.01519000 20.47705000 -15.40654000 / 0.00000000 0.00000000 1.00000000 / 40 154 0 255 / 0.56410220 0.77926640
				-16.00742000 22.42638000 -15.71808000 / -0.89316120 -0.44972760 -0.00286090 / 101 164 0 255 / 0.71951290 0.61756890
				-16.00742000 22.42638000 -15.71808000 / -0.89427290 -0.44742250 -0.00944050 / 101 164 0 255 / 0.71951290 0.61756890
				-16.00742000 22.42638000 -15.71808000 / -0.89081080 -0.45437080 0.00181210 / 101 164 0 255 / 0.71951290 0.61756890
				-16.00620000 22.42427000 -15.49201000 / 0.27884100 -0.55234180 0.78559930 / 47 170 0 255 / 0.63516240 0.77926640
				-16.00742000 22.42638000 -15.71808000 / -0.89150890 -0.45300250 0.00066760 / 101 164 0 255 / 0.71951290 0.61756890
				-16.07094000 22.55154000 -15.67169000 / -0.89314500 -0.44971940 0.00667520 / 165 181 0 255 / 0.47062680 0.53530880
				-16.07094000 22.55154000 -15.67169000 / -0.89104520 -0.45391430 -0.00038140 / 165 181 0 255 / 0.47062680 0.53530880
				-16.07094000 22.55154000 -15.67169000 / -0.89092310 -0.45414000 -0.00362400 / 165 181 0 255 / 0.47062680 0.53530880
				-16.03805000 22.48662000 -15.67169000 / -0.89427290 -0.44742250 -0.00944050 / 102 158 0 255 / 0.60015870 0.53575130
				-16.03805000 22.48662000 -15.67169000 / -0.89081080 -0.45437080 0.00181210 / 102 158 0 255 / 0.60015870 0.53575130
				-16.11924000 22.64635000 -15.67804000 / -0.89104520 -0.45391430 -0.00038140 / 159 179 0 255 / 0.28208920 0.54711920
				-16.11924000 22.64635000 -15.67804000 / -0.89092310 -0.45414000 -0.00362400 / 159 179 0 255 / 0.28208920 0.54711920
				-16.11924000 22.64635000 -15.67804000 / -0.89072200 -0.45451610 -0.00543590 / 159 179 0 255 / 0.28208920 0.54711920
				-16.03109000 22.47305000 -15.65020000 / -0.89081080 -0.45437080 0.00181210 / 107 169 0 255 / 0.62696840 0.49719240
				-16.00620000 22.42427000 -15.49201000 / 0.07629761 -0.15106930 0.98557430 / 47 170 0 255 / 0.63516240 0.77926640
				-16.03109000 22.47305000 -15.65020000 / -0.89150890 -0.45300250 0.00066760 / 107 169 0 255 / 0.62696840 0.49719240
				-16.03109000 22.47305000 -15.65020000 / -0.89099550 -0.45398610 0.00486410 / 107 169 0 255 / 0.62696840 0.49719240
				-16.07416000 22.55768000 -15.65020000 / -0.89092310 -0.45414000 -0.00362400 / 145 182 0 255 / 0.45903020 0.49708560
				-16.07416000 22.55768000 -15.65020000 / -0.89072200 -0.45451610 -0.00543590 / 145 182 0 255 / 0.45903020 0.49708560
				-16.07416000 22.55768000 -15.65020000 / -0.89109390 -0.45374840 -0.00801070 / 145 182 0 255 / 0.45903020 0.49708560
				-16.07868000 22.56703000 -15.18780000 / 0.25540190 -0.51557240 -0.81789660 / 25 81 0 255 / 0.93911730 0.77926640
				-16.07868000 22.56703000 -15.18780000 / 0.26416780 -0.52318580 -0.81024190 / 25 81 0 255 / 0.93911730 0.77926640
				-15.98949000 22.39116000 -15.67363000 / -0.89150890 -0.45300250 0.00066760 / 115 169 0 255 / 0.79005440 0.53862000
				-15.98949000 22.39116000 -15.67363000 / -0.89101510 -0.45394750 0.00486370 / 115 169 0 255 / 0.79005440 0.53862000
				-15.98949000 22.39116000 -15.67363000 / -0.89140640 -0.45318960 0.00371940 / 115 169 0 255 / 0.79005440 0.53862000
				-16.26239000 22.92740000 -15.32891000 / 0.44805260 -0.87283470 -0.19341220 / 34 93 0 255 / 0.56410220 0.77926640
				-16.11969000 22.64654000 -15.61944000 / -0.89072200 -0.45451610 -0.00543590 / 129 175 0 255 / 0.28153990 0.44274900
				-16.11969000 22.64654000 -15.61944000 / -0.89109390 -0.45374840 -0.00801070 / 129 175 0 255 / 0.28153990 0.44274900
				-16.11969000 22.64654000 -15.61944000 / -0.89103980 -0.45391150 0.00352830 / 129 175 0 255 / 0.28153990 0.44274900
				-16.02638000 22.46415000 -15.61847000 / -0.89099550 -0.45398610 0.00486410 / 128 175 0 255 / 0.64472960 0.44071960
				-16.02638000 22.46415000 -15.61847000 / -0.89138670 -0.45322810 0.00371970 / 128 175 0 255 / 0.64472960 0.44071960
				-16.02638000 22.46415000 -15.61847000 / -0.89138410 -0.45322670 0.00448270 / 128 175 0 255 / 0.64472960 0.44071960
				-14.97127000 20.49923000 -15.40654000 / 0.00000000 0.00000000 1.00000000 / 41 145 0 255 / 0.56410220 0.99867250
				-14.97127000 20.49923000 -15.40654000 / 0.00000000 0.00000000 1.00000000 / 41 145 0 255 / 0.56410220 0.99867250
				-16.07313000 22.55512000 -15.61944000 / -0.89109390 -0.45374840 -0.00801070 / 121 177 0 255 / 0.46362310 0.44248960
				-16.07313000 22.55512000 -15.61944000 / -0.89103980 -0.45391150 0.00352830 / 121 177 0 255 / 0.46362310 0.44248960
				-15.98628000 22.38503000 -15.52666000 / 0.27895840 -0.55219450 0.78566120 / 73 138 0 255 / 0.56410220 0.77926640
				-16.07313000 22.55512000 -15.61944000 / -0.89064740 -0.45466880 0.00486330 / 121 177 0 255 / 0.46362310 0.44248960
				-15.97956000 22.37209000 -15.61798000 / -0.89140640 -0.45318960 0.00371940 / 138 174 0 255 / 0.82817080 0.44012450
				-15.97956000 22.37209000 -15.61798000 / -0.89140370 -0.45318820 0.00448230 / 138 174 0 255 / 0.82817080 0.44012450
				-15.97956000 22.37209000 -15.61798000 / -0.89246800 -0.45109780 -0.00343330 / 138 174 0 255 / 0.82817080 0.44012450
				-16.10976000 22.62747000 -15.56427000 / -0.89103980 -0.45391150 0.00352830 / 123 174 0 255 / 0.31971740 0.34480290
				-16.10976000 22.62747000 -15.56427000 / -0.89064740 -0.45466880 0.00486330 / 123 174 0 255 / 0.31971740 0.34480290
				-16.10976000 22.62747000 -15.56427000 / -0.89131560 -0.45338260 -0.00095370 / 123 174 0 255 / 0.31971740 0.34480290
				-16.02516000 22.46205000 -15.58819000 / -0.89138410 -0.45322670 0.00448270 / 146 171 0 255 / 0.64910890 0.38752750
				-16.02516000 22.46205000 -15.58819000 / -0.89246800 -0.45109780 -0.00343330 / 146 171 0 255 / 0.64910890 0.38752750
				-16.02516000 22.46205000 -15.58819000 / -0.89278090 -0.45049100 0.00028610 / 146 171 0 255 / 0.64910890 0.38752750
				-15.94236000 22.40721000 -15.52666000 / 0.27895840 -0.55219450 0.78566120 / 59 150 0 255 / 0.56410220 0.99867250
				-16.02516000 22.46205000 -15.58819000 / -0.88639100 -0.46255610 -0.01878840 / 146 171 0 255 / 0.64910890 0.38752750
				-16.06842000 22.54622000 -15.58868000 / -0.89064740 -0.45466880 0.00486330 / 130 178 0 255 / 0.48106390 0.38851930
				-16.06842000 22.54622000 -15.58868000 / -0.89131560 -0.45338260 -0.00095370 / 130 178 0 255 / 0.48106390 0.38851930
				-16.06842000 22.54622000 -15.58868000 / -0.89026950 -0.45543350 0.00085820 / 130 178 0 255 / 0.48106390 0.38851930
				-15.97879000 22.37017000 -15.56768000 / -0.89246800 -0.45109780 -0.00343330 / 146 169 0 255 / 0.83148200 0.35137940
				-15.97879000 22.37017000 -15.56768000 / -0.89276160 -0.45052940 0.00028610 / 146 169 0 255 / 0.83148200 0.35137940
				-16.09158000 22.59161000 -15.51982000 / -0.89131560 -0.45338260 -0.00095370 / 136 176 0 255 / 0.39077760 0.26574710
				-16.09158000 22.59161000 -15.51982000 / -0.89026950 -0.45543350 0.00085820 / 136 176 0 255 / 0.39077760 0.26574710
				-16.09158000 22.59161000 -15.51982000 / -0.88885500 -0.45816090 0.00505460 / 136 176 0 255 / 0.39077760 0.26574710
				-16.08513000 22.57932000 -15.19757000 / 0.25540190 -0.51557240 -0.81789660 / 51 86 0 255 / 0.91036990 0.77926640
				-15.94236000 22.40721000 -15.52666000 / 0.27884100 -0.55234180 0.78559930 / 59 150 0 255 / 0.56410220 0.99867250
				-15.98628000 22.38503000 -15.52666000 / -0.89276160 -0.45052940 0.00028610 / 150 167 0 255 / 0.80236820 0.27790830
				-15.98628000 22.38503000 -15.52666000 / -0.88641140 -0.46251700 -0.01878680 / 150 167 0 255 / 0.80236820 0.27790830
				-15.98628000 22.38503000 -15.52666000 / -0.89082940 -0.45433160 0.00238420 / 150 167 0 255 / 0.80236820 0.27790830
				-16.06146000 22.53266000 -15.56719000 / -0.89026950 -0.45543350 0.00085820 / 139 180 0 255 / 0.50830080 0.35034180
				-16.06146000 22.53266000 -15.56719000 / -0.88885500 -0.45816090 0.00505460 / 139 180 0 255 / 0.50830080 0.35034180
				-16.06146000 22.53266000 -15.56719000 / -0.89111390 -0.45375850 0.00438690 / 139 180 0 255 / 0.50830080 0.35034180
				-15.01680000 20.58809000 -15.40654000 / 0.00000000 0.00000000 1.00000000 / 42 136 0 255 / 0.93911730 0.99867250
				-16.02857000 22.46773000 -15.56720000 / -0.88639100 -0.46255610 -0.01878840 / 156 174 0 255 / 0.63754270 0.34989930
				-16.02857000 22.46773000 -15.56720000 / -0.89080980 -0.45437020 0.00238440 / 156 174 0 255 / 0.63754270 0.34989930
				-16.02857000 22.46773000 -15.56720000 / -0.89150390 -0.45300000 0.00343330 / 156 174 0 255 / 0.63754270 0.34989930
				-15.96228000 22.44645000 -15.49200000 / 0.27884100 -0.55234180 0.78559930 / 37 162 0 255 / 0.63516240 0.99867250
				-16.02857000 22.46773000 -15.56720000 / -0.89514960 -0.44576280 0.00162130 / 156 174 0 255 / 0.63754270 0.34989930
				-16.06649000 22.54328000 -15.49005000 / -0.88885500 -0.45816090 0.00505460 / 145 178 0 255 / 0.48762510 0.21353150
				-16.06649000 22.54328000 -15.49005000 / -0.89111390 -0.45375850 0.00438690 / 145 178 0 255 / 0.48762510 0.21353150
				-16.06649000 22.54328000 -15.49005000 / -0.89246950 -0.45109860 0.00286110 / 145 178 0 255 / 0.48762510 0.21353150
				-16.00620000 22.42427000 -15.49201000 / -0.89080980 -0.45437020 0.00238440 / 156 174 0 255 / 0.72438050 0.21656800
				-16.00620000 22.42427000 -15.49201000 / -0.89150390 -0.45300000 0.00343330 / 156 174 0 255 / 0.72438050 0.21656800
				-16.05276000 22.51569000 -15.55450000 / -0.89111390 -0.45375850 0.00438690 / 150 181 0 255 / 0.54237370 0.32763670
				-16.05276000 22.51569000 -15.55450000 / -0.89246950 -0.45109860 0.00286110 / 150 181 0 255 / 0.54237370 0.32763670
				-16.05276000 22.51569000 -15.55450000 / -0.88678160 -0.46217930 -0.00295660 / 150 181 0 255 / 0.54237370 0.32763670
				-16.03708000 22.48514000 -15.48028000 / -0.89150390 -0.45300000 0.00343330 / 157 177 0 255 / 0.60316470 0.19613650
				-15.96228000 22.44645000 -15.49200000 / 0.07629761 -0.15106930 0.98557430 / 37 162 0 255 / 0.63516240 0.99867250
				-16.03708000 22.48514000 -15.48028000 / -0.89246950 -0.45109860 0.00286110 / 157 177 0 255 / 0.60316470 0.19613650
				-16.03708000 22.48514000 -15.48028000 / -0.89514960 -0.44576280 0.00162130 / 157 177 0 255 / 0.60316470 0.19613650
				-16.03708000 22.48514000 -15.48028000 / -0.88678160 -0.46217930 -0.00295660 / 157 177 0 255 / 0.60316470 0.19613650
				-16.03708000 22.48514000 -15.48028000 / -0.89711880 -0.44178760 0.00123990 / 157 177 0 255 / 0.60316470 0.19613650
				-16.03457000 22.47984000 -15.55450000 / -0.89514960 -0.44576280 0.00162130 / 160 177 0 255 / 0.61347960 0.32752990
				-16.03457000 22.47984000 -15.55450000 / -0.89711880 -0.44178760 0.00123990 / 160 177 0 255 / 0.61347960 0.32752990
				-16.04283000 22.49661000 -15.55010000 / -0.88678160 -0.46217930 -0.00295660 / 158 179 0 255 / 0.58035280 0.32006840
				-16.04283000 22.49661000 -15.55010000 / -0.89711880 -0.44178760 0.00123990 / 158 179 0 255 / 0.58035280 0.32006840
				-15.84931000 22.11563000 -15.74883000 / -0.89198830 -0.45205010 0.00276570 / 152 177 0 255 / 0.42906190 0.64282230
				-15.84931000 22.11563000 -15.74883000 / -0.88976000 -0.45641920 -0.00295630 / 152 177 0 255 / 0.42906190 0.64282230
				-15.96228000 22.44645000 -15.49200000 / 0.07629761 -0.15106930 0.98557430 / 37 162 0 255 / 0.63516240 0.99867250
				-16.04076000 22.60131000 -15.19757000 / 0.25540190 -0.51557240 -0.81789660 / 39 80 0 255 / 0.91036990 0.99867250
				-16.04076000 22.60131000 -15.19757000 / 0.26416780 -0.52318580 -0.81024190 / 39 80 0 255 / 0.91036990 0.99867250
				-15.82364000 22.06493000 -15.75713000 / -0.89198830 -0.45205010 0.00276570 / 150 164 0 255 / 0.52981570 0.65715030
				-15.82364000 22.06493000 -15.75713000 / -0.88857220 -0.45873490 0.00123980 / 150 164 0 255 / 0.52981570 0.65715030
				-16.35133000 23.10262000 -15.91241000 / -0.43604650 0.86350940 0.25340670 / 23 149 0 255 / 0.93911730 0.77926640
				-16.35133000 23.10262000 -15.91241000 / -0.43604650 0.86350940 0.25340670 / 23 149 0 255 / 0.93911730 0.77926640
				-15.81719000 22.05262000 -15.68877000 / -0.89198830 -0.45205010 0.00276570 / 150 162 0 255 / 0.55485530 0.53576660
				-15.81719000 22.05262000 -15.68877000 / -0.88857220 -0.45873490 0.00123980 / 150 162 0 255 / 0.55485530 0.53576660
				-15.81719000 22.05262000 -15.68877000 / -0.88976000 -0.45641920 -0.00295630 / 150 162 0 255 / 0.55485530 0.53576660
				-15.81719000 22.05262000 -15.68877000 / -0.89292830 -0.45013580 -0.00753410 / 150 162 0 255 / 0.55485530 0.53576660
				-16.03708000 22.48514000 -15.48028000 / 0.07629761 -0.15106930 0.98557430 / 32 165 0 255 / 0.74560550 0.77926640
				-15.81719000 22.05262000 -15.68877000 / -0.88995720 -0.45604110 -0.00162120 / 150 162 0 255 / 0.55485530 0.53576660
				-15.79308000 22.00577000 -15.74737000 / -0.88857220 -0.45873490 0.00123980 / 144 151 0 255 / 0.64784240 0.63984680
				-15.79308000 22.00577000 -15.74737000 / -0.89292830 -0.45013580 -0.00753410 / 144 151 0 255 / 0.64784240 0.63984680
				-15.79308000 22.00577000 -15.74737000 / -0.89178120 -0.45242320 -0.00629430 / 144 151 0 255 / 0.64784240 0.63984680
				-15.86819000 22.15230000 -15.72442000 / -0.88976000 -0.45641920 -0.00295630 / 151 167 0 255 / 0.35612490 0.59968570
				-15.86819000 22.15230000 -15.72442000 / -0.88995720 -0.45604110 -0.00162120 / 151 167 0 255 / 0.35612490 0.59968570
				-15.86819000 22.15230000 -15.72442000 / -0.88874070 -0.45834190 -0.00791560 / 151 167 0 255 / 0.35612490 0.59968570
				-15.86819000 22.15230000 -15.72442000 / -0.89246420 -0.45109590 0.00448230 / 151 167 0 255 / 0.35612490 0.59968570
				-15.80771000 22.03374000 -15.68438000 / -0.89292830 -0.45013580 -0.00753410 / 139 153 0 255 / 0.59230040 0.52836610
				-15.80771000 22.03374000 -15.68438000 / -0.89178120 -0.45242320 -0.00629430 / 139 153 0 255 / 0.59230040 0.52836610
				-16.03708000 22.48514000 -15.48028000 / 0.07629761 -0.15106930 0.98557430 / 32 165 0 255 / 0.74560550 0.77926640
				-15.80771000 22.03374000 -15.68438000 / -0.89034510 -0.45528140 0.00209810 / 139 153 0 255 / 0.59230040 0.52836610
				-15.82589000 22.06959000 -15.68438000 / -0.88995720 -0.45604110 -0.00162120 / 153 158 0 255 / 0.52066040 0.52825930
				-15.82589000 22.06959000 -15.68438000 / -0.88874070 -0.45834190 -0.00791560 / 153 158 0 255 / 0.52066040 0.52825930
				-15.76864000 21.95718000 -15.71807000 / -0.89178120 -0.45242320 -0.00629430 / 133 165 0 255 / 0.74502560 0.58798220
				-15.76864000 21.95718000 -15.71807000 / -0.89034510 -0.45528140 0.00209810 / 133 165 0 255 / 0.74502560 0.58798220
				-15.76864000 21.95718000 -15.71807000 / -0.89054020 -0.45490220 0.00143050 / 133 165 0 255 / 0.74502560 0.58798220
				-15.76864000 21.95718000 -15.71807000 / -0.89160570 -0.45281250 -0.00038150 / 133 165 0 255 / 0.74502560 0.58798220
				-15.83235000 22.08188000 -15.67168000 / -0.88874070 -0.45834190 -0.00791560 / 144 162 0 255 / 0.49613950 0.50572210
				-15.83235000 22.08188000 -15.67168000 / -0.89246420 -0.45109590 0.00448230 / 144 162 0 255 / 0.49613950 0.50572210
				-15.83235000 22.08188000 -15.67168000 / -0.89261990 -0.45069670 0.01010870 / 144 162 0 255 / 0.49613950 0.50572210
				-16.03708000 22.48514000 -15.48028000 / -0.06694640 0.13236690 0.98893750 / 32 165 0 255 / 0.74560550 0.77926640
				-15.79901000 22.01678000 -15.67169000 / -0.89034510 -0.45528140 0.00209810 / 130 164 0 255 / 0.62565610 0.50616450
				-15.79901000 22.01678000 -15.67169000 / -0.89054020 -0.45490220 0.00143050 / 130 164 0 255 / 0.62565610 0.50616450
				-15.88019000 22.17651000 -15.67802000 / -0.89246420 -0.45109590 0.00448230 / 131 162 0 255 / 0.30760190 0.51751710
				-15.88019000 22.17651000 -15.67802000 / -0.89261990 -0.45069670 0.01010870 / 131 162 0 255 / 0.30760190 0.51751710
				-15.88019000 22.17651000 -15.67802000 / -0.89150880 -0.45300250 0.00095370 / 131 162 0 255 / 0.30760190 0.51751710
				-16.03476000 22.58922000 -15.18780000 / 0.26416780 -0.52318580 -0.81024190 / 19 82 0 255 / 0.93911730 0.99867250
				-16.34010000 23.08034000 -15.81720000 / -0.43604650 0.86350940 0.25340670 / 33 153 0 255 / 0.91036990 0.77926640
				-15.79203000 22.00320000 -15.65020000 / -0.89054020 -0.45490220 0.00143050 / 131 171 0 255 / 0.65246580 0.46759030
				-15.79203000 22.00320000 -15.65020000 / -0.89160570 -0.45281250 -0.00038150 / 131 171 0 255 / 0.65246580 0.46759030
				-15.79203000 22.00320000 -15.65020000 / -0.89208030 -0.45185770 -0.00419620 / 131 171 0 255 / 0.65246580 0.46759030
				-15.99316000 22.50733000 -15.48028000 / 0.07629761 -0.15106930 0.98557430 / 29 161 0 255 / 0.74560550 0.99867250
				-15.83511000 22.08784000 -15.65020000 / -0.89261990 -0.45069670 0.01010870 / 118 160 0 255 / 0.48452760 0.46748350
				-15.83511000 22.08784000 -15.65020000 / -0.89150880 -0.45300250 0.00095370 / 118 160 0 255 / 0.48452760 0.46748350
				-15.83511000 22.08784000 -15.65020000 / -0.89101740 -0.45394870 0.00429150 / 118 160 0 255 / 0.48452760 0.46748350
				-15.75045000 21.92132000 -15.67364000 / -0.89160570 -0.45281250 -0.00038150 / 134 173 0 255 / 0.81555180 0.50903320
				-15.75045000 21.92132000 -15.67364000 / -0.89208030 -0.45185770 -0.00419620 / 134 173 0 255 / 0.81555180 0.50903320
				-15.75045000 21.92132000 -15.67364000 / -0.88995550 -0.45604020 0.00257490 / 134 173 0 255 / 0.81555180 0.50903320
				-15.88045000 22.17715000 -15.61943000 / -0.89150880 -0.45300250 0.00095370 / 109 158 0 255 / 0.30705260 0.41316220
				-15.88045000 22.17715000 -15.61943000 / -0.89101740 -0.45394870 0.00429150 / 109 158 0 255 / 0.30705260 0.41316220
				-15.88045000 22.17715000 -15.61943000 / -0.89102040 -0.45395030 0.00343320 / 109 158 0 255 / 0.30705260 0.41316220
				-15.78778000 21.99450000 -15.61846000 / -0.89208030 -0.45185770 -0.00419620 / 136 168 0 255 / 0.67022700 0.41113280
				-15.99316000 22.50733000 -15.48028000 / -0.06685150 0.13236780 0.98894380 / 29 161 0 255 / 0.74560550 0.99867250
				-15.78778000 21.99450000 -15.61846000 / -0.88995550 -0.45604020 0.00257490 / 136 168 0 255 / 0.67022700 0.41113280
				-15.78778000 21.99450000 -15.61846000 / -0.88995060 -0.45603770 0.00419610 / 136 168 0 255 / 0.67022700 0.41113280
				-15.83389000 22.08573000 -15.61944000 / -0.89101740 -0.45394870 0.00429150 / 110 155 0 255 / 0.48913580 0.41290280
				-15.83389000 22.08573000 -15.61944000 / -0.89102040 -0.45395030 0.00343320 / 110 155 0 255 / 0.48913580 0.41290280
				-15.83389000 22.08573000 -15.61944000 / -0.89072540 -0.45451790 0.00467300 / 110 155 0 255 / 0.48913580 0.41290280
				-15.74052000 21.90226000 -15.61797000 / -0.88995550 -0.45604020 0.00257490 / 138 166 0 255 / 0.85368350 0.41052250
				-15.74052000 21.90226000 -15.61797000 / -0.88995060 -0.45603770 0.00419610 / 138 166 0 255 / 0.85368350 0.41052250
				-15.74052000 21.90226000 -15.61797000 / -0.89004950 -0.45584880 0.00371930 / 138 166 0 255 / 0.85368350 0.41052250
				-15.87053000 22.15808000 -15.56426000 / -0.89102040 -0.45395030 0.00343320 / 118 157 0 255 / 0.34523010 0.31521610
				-15.87053000 22.15808000 -15.56426000 / -0.89072540 -0.45451790 0.00467300 / 118 157 0 255 / 0.34523010 0.31521610
				-15.99316000 22.50733000 -15.48028000 / -0.06685150 0.13236780 0.98894380 / 29 161 0 255 / 0.74560550 0.99867250
				-15.87053000 22.15808000 -15.56426000 / -0.89141210 -0.45319250 -0.00095370 / 118 157 0 255 / 0.34523010 0.31521610
				-15.78655000 21.99239000 -15.58818000 / -0.88995060 -0.45603770 0.00419610 / 137 159 0 255 / 0.67460630 0.35792540
				-15.78655000 21.99239000 -15.58818000 / -0.89004950 -0.45584880 0.00371930 / 137 159 0 255 / 0.67460630 0.35792540
				-15.78655000 21.99239000 -15.58818000 / -0.88916460 -0.45755170 -0.00572180 / 137 159 0 255 / 0.67460630 0.35792540
				-15.78655000 21.99239000 -15.58818000 / -0.89378160 -0.44841670 0.00877380 / 137 159 0 255 / 0.67460630 0.35792540
				-15.82919000 22.07684000 -15.58867000 / -0.89072540 -0.45451790 0.00467300 / 135 165 0 255 / 0.50656130 0.35891720
				-15.82919000 22.07684000 -15.58867000 / -0.89141210 -0.45319250 -0.00095370 / 135 165 0 255 / 0.50656130 0.35891720
				-15.82919000 22.07684000 -15.58867000 / -0.89024960 -0.45547210 0.00095370 / 135 165 0 255 / 0.50656130 0.35891720
				-16.29619000 23.10252000 -15.81720000 / -0.43604650 0.86350940 0.25340670 / 25 147 0 255 / 0.91036990 0.99867250
				-16.29619000 23.10252000 -15.81720000 / -0.43604650 0.86350940 0.25340670 / 25 147 0 255 / 0.91036990 0.99867250
				-16.06649000 22.54328000 -15.49005000 / -0.06694640 0.13236690 0.98893750 / 27 170 0 255 / 0.85087580 0.77926640
				-16.07190000 22.55301000 -15.18438000 / 0.09669920 -0.19149110 -0.97671930 / 16 80 0 255 / 0.93911730 0.77926640
				-16.07190000 22.55301000 -15.18438000 / 0.09975510 -0.19455100 -0.97580670 / 16 80 0 255 / 0.93911730 0.77926640
				-15.73955000 21.90078000 -15.56768000 / -0.89004950 -0.45584880 0.00371930 / 137 157 0 255 / 0.85699460 0.32179260
				-15.73955000 21.90078000 -15.56768000 / -0.88916460 -0.45755170 -0.00572180 / 137 157 0 255 / 0.85699460 0.32179260
				-15.85234000 22.12223000 -15.51982000 / -0.89141210 -0.45319250 -0.00095370 / 154 172 0 255 / 0.41627500 0.23616030
				-15.85234000 22.12223000 -15.51982000 / -0.89024960 -0.45547210 0.00095370 / 154 172 0 255 / 0.41627500 0.23616030
				-15.85234000 22.12223000 -15.51982000 / -0.89207790 -0.45185640 -0.00476840 / 154 172 0 255 / 0.41627500 0.23616030
				-15.74722000 21.91519000 -15.52666000 / -0.88916460 -0.45755170 -0.00572180 / 139 159 0 255 / 0.82786560 0.24830630
				-15.74722000 21.91519000 -15.52666000 / -0.89378160 -0.44841670 0.00877380 / 139 159 0 255 / 0.82786560 0.24830630
				-15.74722000 21.91519000 -15.52666000 / -0.89199140 -0.45205170 -0.00076300 / 139 159 0 255 / 0.82786560 0.24830630
				-16.06649000 22.54328000 -15.49005000 / -0.06675650 0.13236860 0.98895010 / 27 170 0 255 / 0.85087580 0.77926640
				-15.82222000 22.06326000 -15.56719000 / -0.89024960 -0.45547210 0.00095370 / 172 173 0 255 / 0.53379820 0.32073970
				-15.82222000 22.06326000 -15.56719000 / -0.89207790 -0.45185640 -0.00476840 / 172 173 0 255 / 0.53379820 0.32073970
				-15.82222000 22.06326000 -15.56719000 / -0.89655380 -0.44288860 -0.00638970 / 172 173 0 255 / 0.53379820 0.32073970
				-15.78934000 21.99835000 -15.56719000 / -0.89378160 -0.44841670 0.00877380 / 151 170 0 255 / 0.66304010 0.32031250
				-15.78934000 21.99835000 -15.56719000 / -0.89199140 -0.45205170 -0.00076300 / 151 170 0 255 / 0.66304010 0.32031250
				-15.78934000 21.99835000 -15.56719000 / -0.89179840 -0.45243200 -0.00104910 / 151 170 0 255 / 0.66304010 0.32031250
				-15.78934000 21.99835000 -15.56719000 / -0.88155870 -0.47205920 0.00381460 / 151 170 0 255 / 0.66304010 0.32031250
				-15.82789000 22.07363000 -15.49004000 / -0.89207790 -0.45185640 -0.00476840 / 174 177 0 255 / 0.51312260 0.18394470
				-15.82789000 22.07363000 -15.49004000 / -0.89655380 -0.44288860 -0.00638970 / 174 177 0 255 / 0.51312260 0.18394470
				-15.82789000 22.07363000 -15.49004000 / -0.89024990 -0.45547230 0.00047680 / 174 177 0 255 / 0.51312260 0.18394470
				-16.06649000 22.54328000 -15.49005000 / -0.21628280 0.42836960 0.87733760 / 27 170 0 255 / 0.85087580 0.77926640
				-15.76714000 21.95443000 -15.49200000 / -0.89199140 -0.45205170 -0.00076300 / 152 167 0 255 / 0.74987790 0.18698120
				-15.76714000 21.95443000 -15.49200000 / -0.89179840 -0.45243200 -0.00104910 / 152 167 0 255 / 0.74987790 0.18698120
				-15.81371000 22.04585000 -15.55450000 / -0.89655380 -0.44288860 -0.00638970 / 174 177 0 255 / 0.56788630 0.29803470
				-15.81371000 22.04585000 -15.55450000 / -0.89024990 -0.45547230 0.00047680 / 174 177 0 255 / 0.56788630 0.29803470
				-15.81371000 22.04585000 -15.55450000 / -0.89418920 -0.44766680 0.00448240 / 174 177 0 255 / 0.56788630 0.29803470
				-15.79804000 22.01530000 -15.48028000 / -0.89179840 -0.45243200 -0.00104910 / 172 178 0 255 / 0.62866210 0.16654970
				-15.79804000 22.01530000 -15.48028000 / -0.89024990 -0.45547230 0.00047680 / 172 178 0 255 / 0.62866210 0.16654970
				-15.79804000 22.01530000 -15.48028000 / -0.88155870 -0.47205920 0.00381460 / 172 178 0 255 / 0.62866210 0.16654970
				-15.79804000 22.01530000 -15.48028000 / -0.89418920 -0.44766680 0.00448240 / 172 178 0 255 / 0.62866210 0.16654970
				-15.79804000 22.01530000 -15.48028000 / -0.88937150 -0.45717850 0.00247950 / 172 178 0 255 / 0.62866210 0.16654970
				-16.02257000 22.56546000 -15.49005000 / -0.06675650 0.13236860 0.98895010 / 25 170 0 255 / 0.85087580 0.99867250
				-16.30741000 23.12479000 -15.91241000 / -0.43604650 0.86350940 0.25340670 / 22 150 0 255 / 0.93911730 0.99867250
				-15.79553000 22.01001000 -15.55450000 / -0.88155870 -0.47205920 0.00381460 / 170 180 0 255 / 0.63897710 0.29792790
				-15.79553000 22.01001000 -15.55450000 / -0.88937150 -0.45717850 0.00247950 / 170 180 0 255 / 0.63897710 0.29792790
				-16.07868000 22.56703000 -15.18780000 / 0.09669920 -0.19149110 -0.97671930 / 25 81 0 255 / 0.91036990 0.77926640
				-15.80423000 22.02696000 -15.55011000 / -0.89418920 -0.44766680 0.00448240 / 173 177 0 255 / 0.60585020 0.29046630
				-15.80423000 22.02696000 -15.55011000 / -0.88937150 -0.45717850 0.00247950 / 173 177 0 255 / 0.60585020 0.29046630
				-15.32813000 21.09131000 -15.74882000 / -0.88946560 -0.45698710 -0.00371920 / 176 165 0 255 / 0.45915220 0.62591550
				-15.32813000 21.09131000 -15.74882000 / -0.89179650 -0.45243100 0.00228890 / 176 165 0 255 / 0.45915220 0.62591550
				-15.30228000 21.04106000 -15.75713000 / -0.88946560 -0.45698710 -0.00371920 / 175 168 0 255 / 0.55990600 0.64022830
				-15.30228000 21.04106000 -15.75713000 / -0.89073070 -0.45452060 -0.00314710 / 175 168 0 255 / 0.55990600 0.64022830
				-16.02257000 22.56546000 -15.49005000 / -0.21628280 0.42836960 0.87733760 / 25 170 0 255 / 0.85087580 0.99867250
				-15.29601000 21.02831000 -15.68876000 / -0.88946560 -0.45698710 -0.00371920 / 176 169 0 255 / 0.58493040 0.51885980
				-15.29601000 21.02831000 -15.68876000 / -0.89073070 -0.45452060 -0.00314710 / 176 169 0 255 / 0.58493040 0.51885980
				-15.29601000 21.02831000 -15.68876000 / -0.89179650 -0.45243100 0.00228890 / 176 169 0 255 / 0.58493040 0.51885980
				-15.29601000 21.02831000 -15.68876000 / -0.89302300 -0.44994470 -0.00772480 / 176 169 0 255 / 0.58493040 0.51885980
				-15.29601000 21.02831000 -15.68876000 / -0.89032180 -0.45526950 -0.00753380 / 176 169 0 255 / 0.58493040 0.51885980
				-15.27190000 20.98145000 -15.74736000 / -0.89073070 -0.45452060 -0.00314710 / 175 176 0 255 / 0.67793280 0.62294010
				-15.27190000 20.98145000 -15.74736000 / -0.89302300 -0.44994470 -0.00772480 / 175 176 0 255 / 0.67793280 0.62294010
				-15.27190000 20.98145000 -15.74736000 / -0.88975640 -0.45641740 -0.00410070 / 175 176 0 255 / 0.67793280 0.62294010
				-15.34658000 21.12781000 -15.72441000 / -0.89179650 -0.45243100 0.00228890 / 179 168 0 255 / 0.38621520 0.58277900
				-15.34658000 21.12781000 -15.72441000 / -0.89032180 -0.45526950 -0.00753380 / 179 168 0 255 / 0.38621520 0.58277900
				-16.02257000 22.56546000 -15.49005000 / -0.21801840 0.42497370 0.87855870 / 25 170 0 255 / 0.85087580 0.99867250
				-15.34658000 21.12781000 -15.72441000 / -0.89367710 -0.44860290 0.00982270 / 179 168 0 255 / 0.38621520 0.58277900
				-15.34658000 21.12781000 -15.72441000 / -0.89083200 -0.45433290 0.00009540 / 179 168 0 255 / 0.38621520 0.58277900
				-15.28654000 21.00943000 -15.68437000 / -0.89302300 -0.44994470 -0.00772480 / 176 176 0 255 / 0.62237550 0.51145930
				-15.28654000 21.00943000 -15.68437000 / -0.88975640 -0.45641740 -0.00410070 / 176 176 0 255 / 0.62237550 0.51145930
				-15.28654000 21.00943000 -15.68437000 / -0.88937320 -0.45717940 -0.00152580 / 176 176 0 255 / 0.62237550 0.51145930
				-15.30473000 21.04528000 -15.68437000 / -0.89032180 -0.45526950 -0.00753380 / 179 167 0 255 / 0.55075070 0.51135260
				-15.30473000 21.04528000 -15.68437000 / -0.89367710 -0.44860290 0.00982270 / 179 167 0 255 / 0.55075070 0.51135260
				-15.55028000 21.52850000 -15.90557000 / 0.00171660 -0.00343310 -0.99999270 / 30 86 0 255 / 0.93911730 0.77926640
				-15.55028000 21.52850000 -15.90557000 / 0.00171660 -0.00343310 -0.99999270 / 30 86 0 255 / 0.93911730 0.77926640
				-15.24701000 20.93267000 -15.71806000 / -0.88975640 -0.45641740 -0.00410070 / 177 170 0 255 / 0.77510070 0.57106020
				-16.09158000 22.59161000 -15.51982000 / -0.21628280 0.42836960 0.87733760 / 26 170 0 255 / 0.93911730 0.77926640
				-15.24701000 20.93267000 -15.71806000 / -0.88937320 -0.45717940 -0.00152580 / 177 170 0 255 / 0.77510070 0.57106020
				-15.24701000 20.93267000 -15.71806000 / -0.88908130 -0.45774860 -0.00076290 / 177 170 0 255 / 0.77510070 0.57106020
				-15.24701000 20.93267000 -15.71806000 / -0.89226410 -0.45147270 -0.00610360 / 177 170 0 255 / 0.77510070 0.57106020
				-15.31098000 21.05802000 -15.67167000 / -0.89367710 -0.44860290 0.00982270 / 181 173 0 255 / 0.52621460 0.48881530
				-15.31098000 21.05802000 -15.67167000 / -0.89083200 -0.45433290 0.00009540 / 181 173 0 255 / 0.52621460 0.48881530
				-15.31098000 21.05802000 -15.67167000 / -0.89061940 -0.45470320 -0.00648490 / 181 173 0 255 / 0.52621460 0.48881530
				-16.03476000 22.58922000 -15.18780000 / 0.09669920 -0.19149110 -0.97671930 / 19 82 0 255 / 0.91036990 0.99867250
				-16.03476000 22.58922000 -15.18780000 / 0.09975510 -0.19455100 -0.97580670 / 19 82 0 255 / 0.91036990 0.99867250
				-15.27784000 20.99246000 -15.67168000 / -0.88937320 -0.45717940 -0.00152580 / 177 169 0 255 / 0.65574650 0.48924250
				-15.27784000 20.99246000 -15.67168000 / -0.88908130 -0.45774860 -0.00076290 / 177 169 0 255 / 0.65574650 0.48924250
				-16.09158000 22.59161000 -15.51982000 / -0.21801840 0.42497370 0.87855870 / 26 170 0 255 / 0.93911730 0.77926640
				-15.35902000 21.15218000 -15.67802000 / -0.89083200 -0.45433290 0.00009540 / 181 173 0 255 / 0.33767700 0.50061040
				-15.35902000 21.15218000 -15.67802000 / -0.89061940 -0.45470320 -0.00648490 / 181 173 0 255 / 0.33767700 0.50061040
				-15.35902000 21.15218000 -15.67802000 / -0.89160510 -0.45281220 0.00114440 / 181 173 0 255 / 0.33767700 0.50061040
				-15.27087000 20.97890000 -15.65020000 / -0.88908130 -0.45774860 -0.00076290 / 179 165 0 255 / 0.68255610 0.45068360
				-15.27087000 20.97890000 -15.65020000 / -0.89226410 -0.45147270 -0.00610360 / 179 165 0 255 / 0.68255610 0.45068360
				-15.27087000 20.97890000 -15.65020000 / -0.89207990 -0.45185740 -0.00429160 / 179 165 0 255 / 0.68255610 0.45068360
				-15.31395000 21.06353000 -15.65019000 / -0.89061940 -0.45470320 -0.00648490 / 180 177 0 255 / 0.51461790 0.45057680
				-15.31395000 21.06353000 -15.65019000 / -0.89160510 -0.45281220 0.00114440 / 180 177 0 255 / 0.51461790 0.45057680
				-15.31395000 21.06353000 -15.65019000 / -0.89111360 -0.45375840 0.00448230 / 180 177 0 255 / 0.51461790 0.45057680
				-15.22928000 20.89701000 -15.67363000 / -0.89226410 -0.45147270 -0.00610360 / 180 169 0 255 / 0.84564210 0.49211120
				-16.04747000 22.61425000 -15.51983000 / -0.21801840 0.42497370 0.87855870 / 31 156 0 255 / 0.93911730 0.99867250
				-15.22928000 20.89701000 -15.67363000 / -0.89207990 -0.45185740 -0.00429160 / 180 169 0 255 / 0.84564210 0.49211120
				-15.22928000 20.89701000 -15.67363000 / -0.88995550 -0.45604020 0.00257490 / 180 169 0 255 / 0.84564210 0.49211120
				-15.35928000 21.15284000 -15.61943000 / -0.89160510 -0.45281220 0.00114440 / 178 173 0 255 / 0.33712770 0.39625550
				-15.35928000 21.15284000 -15.61943000 / -0.89111360 -0.45375840 0.00448230 / 178 173 0 255 / 0.33712770 0.39625550
				-15.35928000 21.15284000 -15.61943000 / -0.89111750 -0.45376040 0.00333790 / 178 173 0 255 / 0.33712770 0.39625550
				-15.26661000 20.97019000 -15.61846000 / -0.89207990 -0.45185740 -0.00429160 / 181 174 0 255 / 0.70031740 0.39421080
				-15.26661000 20.97019000 -15.61846000 / -0.88995550 -0.45604020 0.00257490 / 181 174 0 255 / 0.70031740 0.39421080
				-15.26661000 20.97019000 -15.61846000 / -0.88995090 -0.45603780 0.00410070 / 181 174 0 255 / 0.70031740 0.39421080
				-16.35133000 23.10262000 -15.91241000 / 0.00171660 -0.00343310 -0.99999270 / 24 90 0 255 / 0.56410220 0.77926640
				-15.31272000 21.06142000 -15.61943000 / -0.89111360 -0.45375840 0.00448230 / 177 171 0 255 / 0.51921080 0.39599610
				-16.02432000 22.56886000 -15.58868000 / 0.37228630 -0.72550060 -0.57883660 / 62 105 0 255 / 0.86172490 0.99867250
				-15.31272000 21.06142000 -15.61943000 / -0.89111750 -0.45376040 0.00333790 / 177 171 0 255 / 0.51921080 0.39599610
				-15.31272000 21.06142000 -15.61943000 / -0.89062840 -0.45470780 0.00467300 / 177 171 0 255 / 0.51921080 0.39599610
				-15.21935000 20.87794000 -15.61797000 / -0.88995550 -0.45604020 0.00257490 / 180 180 0 255 / 0.88375850 0.39361570
				-15.21935000 20.87794000 -15.61797000 / -0.88995090 -0.45603780 0.00410070 / 180 180 0 255 / 0.88375850 0.39361570
				-15.21935000 20.87794000 -15.61797000 / -0.89004980 -0.45584890 0.00362390 / 180 180 0 255 / 0.88375850 0.39361570
				-15.34935000 21.13376000 -15.56425000 / -0.89111750 -0.45376040 0.00333790 / 177 169 0 255 / 0.37530520 0.29829410
				-15.34935000 21.13376000 -15.56425000 / -0.89062840 -0.45470780 0.00467300 / 177 169 0 255 / 0.37530520 0.29829410
				-15.34935000 21.13376000 -15.56425000 / -0.89131560 -0.45338260 -0.00085830 / 177 169 0 255 / 0.37530520 0.29829410
				-16.02779000 22.57564000 -15.18438000 / 0.09975510 -0.19455100 -0.97580670 / 14 80 0 255 / 0.93911730 0.99867250
				-15.26539000 20.96808000 -15.58819000 / -0.88995090 -0.45603780 0.00410070 / 179 178 0 255 / 0.70468140 0.34101870
				-16.02432000 22.56886000 -15.58868000 / 0.37228630 -0.72550060 -0.57883660 / 62 105 0 255 / 0.86172490 0.99867250
				-15.26539000 20.96808000 -15.58819000 / -0.89004980 -0.45584890 0.00362390 / 179 178 0 255 / 0.70468140 0.34101870
				-15.26539000 20.96808000 -15.58819000 / -0.88916460 -0.45755170 -0.00572180 / 179 178 0 255 / 0.70468140 0.34101870
				-15.26539000 20.96808000 -15.58819000 / -0.89396970 -0.44803390 0.00915520 / 179 178 0 255 / 0.70468140 0.34101870
				-15.30802000 21.05252000 -15.58867000 / -0.89062840 -0.45470780 0.00467300 / 176 166 0 255 / 0.53663630 0.34201050
				-15.30802000 21.05252000 -15.58867000 / -0.89131560 -0.45338260 -0.00085830 / 176 166 0 255 / 0.53663630 0.34201050
				-15.30802000 21.05252000 -15.58867000 / -0.89034690 -0.45528230 0.00076290 / 176 166 0 255 / 0.53663630 0.34201050
				-15.21839000 20.87647000 -15.56767000 / -0.89004980 -0.45584890 0.00362390 / 179 183 0 255 / 0.88706970 0.30487060
				-15.21839000 20.87647000 -15.56767000 / -0.88916460 -0.45755170 -0.00572180 / 179 183 0 255 / 0.88706970 0.30487060
				-15.33117000 21.09791000 -15.51982000 / -0.89131560 -0.45338260 -0.00085830 / 176 168 0 255 / 0.44636540 0.21923830
				-15.33117000 21.09791000 -15.51982000 / -0.89034690 -0.45528230 0.00076290 / 176 168 0 255 / 0.44636540 0.21923830
				-16.02432000 22.56886000 -15.58868000 / 0.43544690 -0.84857790 -0.30050220 / 62 105 0 255 / 0.86172490 0.99867250
				-15.33117000 21.09791000 -15.51982000 / -0.89217390 -0.45166600 -0.00486380 / 176 168 0 255 / 0.44636540 0.21923830
				-15.22606000 20.89087000 -15.52666000 / -0.88916460 -0.45755170 -0.00572180 / 179 171 0 255 / 0.85795590 0.23139950
				-15.22606000 20.89087000 -15.52666000 / -0.89396970 -0.44803390 0.00915520 / 179 171 0 255 / 0.85795590 0.23139950
				-15.22606000 20.89087000 -15.52666000 / -0.89199140 -0.45205170 -0.00085830 / 179 171 0 255 / 0.85795590 0.23139950
				-15.30105000 21.03895000 -15.56718000 / -0.89034690 -0.45528230 0.00076290 / 175 170 0 255 / 0.56387330 0.30383300
				-15.30105000 21.03895000 -15.56718000 / -0.89217390 -0.45166600 -0.00486380 / 175 170 0 255 / 0.56387330 0.30383300
				-15.30105000 21.03895000 -15.56718000 / -0.89636550 -0.44327130 -0.00629430 / 175 170 0 255 / 0.56387330 0.30383300
				-16.30741000 23.12479000 -15.91241000 / 0.00171660 -0.00343310 -0.99999270 / 30 86 0 255 / 0.56410220 0.99867250
				-16.30741000 23.12479000 -15.91241000 / 0.00171660 -0.00343310 -0.99999270 / 30 86 0 255 / 0.56410220 0.99867250
				-15.26816000 20.97404000 -15.56719000 / -0.89396970 -0.44803390 0.00915520 / 180 162 0 255 / 0.69313050 0.30339050
				-16.21828000 22.95004000 -15.32891000 / 0.44805260 -0.87283470 -0.19341220 / 45 99 0 255 / 0.56410220 0.99867250
				-15.26816000 20.97404000 -15.56719000 / -0.89199140 -0.45205170 -0.00085830 / 180 162 0 255 / 0.69313050 0.30339050
				-15.26816000 20.97404000 -15.56719000 / -0.89179840 -0.45243200 -0.00104910 / 180 162 0 255 / 0.69313050 0.30339050
				-15.26816000 20.97404000 -15.56719000 / -0.88135740 -0.47243500 0.00381460 / 180 162 0 255 / 0.69313050 0.30339050
				-15.30672000 21.04931000 -15.49003000 / -0.89217390 -0.45166600 -0.00486380 / 176 175 0 255 / 0.54319760 0.16703800
				-15.30672000 21.04931000 -15.49003000 / -0.89636550 -0.44327130 -0.00629430 / 176 175 0 255 / 0.54319760 0.16703800
				-15.30672000 21.04931000 -15.49003000 / -0.89015280 -0.45566210 0.00038150 / 176 175 0 255 / 0.54319760 0.16703800
				-15.24598000 20.93012000 -15.49198000 / -0.89199140 -0.45205170 -0.00085830 / 180 162 0 255 / 0.77995300 0.17005920
				-15.24598000 20.93012000 -15.49198000 / -0.89179840 -0.45243200 -0.00104910 / 180 162 0 255 / 0.77995300 0.17005920
				-15.29253000 21.02154000 -15.55449000 / -0.89636550 -0.44327130 -0.00629430 / 178 175 0 255 / 0.59796140 0.28112790
				-15.29253000 21.02154000 -15.55449000 / -0.89015280 -0.45566210 0.00038150 / 178 175 0 255 / 0.59796140 0.28112790
				-16.21828000 22.95004000 -15.32891000 / 0.44190370 -0.87522490 -0.19673010 / 45 99 0 255 / 0.56410220 0.99867250
				-15.29253000 21.02154000 -15.55449000 / -0.89418920 -0.44766680 0.00448240 / 178 175 0 255 / 0.59796140 0.28112790
				-16.06616000 22.54155000 -15.18633000 / -0.06866690 0.13390050 -0.98861290 / 15 86 0 255 / 0.93911730 0.77926640
				-16.06616000 22.54155000 -15.18633000 / -0.06866690 0.13390050 -0.98861290 / 15 86 0 255 / 0.93911730 0.77926640
				-15.27687000 20.99099000 -15.48028000 / -0.89179840 -0.45243200 -0.00104910 / 180 166 0 255 / 0.65873720 0.14962770
				-15.27687000 20.99099000 -15.48028000 / -0.89015280 -0.45566210 0.00038150 / 180 166 0 255 / 0.65873720 0.14962770
				-15.27687000 20.99099000 -15.48028000 / -0.88135740 -0.47243500 0.00381460 / 180 166 0 255 / 0.65873720 0.14962770
				-15.27687000 20.99099000 -15.48028000 / -0.89418920 -0.44766680 0.00448240 / 180 166 0 255 / 0.65873720 0.14962770
				-15.27687000 20.99099000 -15.48028000 / -0.88937150 -0.45717850 0.00247950 / 180 166 0 255 / 0.65873720 0.14962770
				-15.27435000 20.98569000 -15.55449000 / -0.88135740 -0.47243500 0.00381460 / 181 162 0 255 / 0.66906740 0.28102110
				-15.27435000 20.98569000 -15.55449000 / -0.88937150 -0.45717850 0.00247950 / 181 162 0 255 / 0.66906740 0.28102110
				-16.01735000 22.55529000 -15.56719000 / 0.37228630 -0.72550060 -0.57883660 / 46 96 0 255 / 0.93911730 0.99867250
				-15.28306000 21.00265000 -15.55010000 / -0.89418920 -0.44766680 0.00448240 / 181 166 0 255 / 0.63594060 0.27355960
				-15.28306000 21.00265000 -15.55010000 / -0.88937150 -0.45717850 0.00247950 / 181 166 0 255 / 0.63594060 0.27355960
				-16.07190000 22.55301000 -15.18438000 / -0.06866690 0.13390050 -0.98861290 / 16 80 0 255 / 0.91036990 0.77926640
				-16.02779000 22.57564000 -15.18438000 / -0.06866690 0.13390050 -0.98861290 / 14 80 0 255 / 0.91036990 0.99867250
				-16.02779000 22.57564000 -15.18438000 / -0.06866690 0.13390050 -0.98861290 / 14 80 0 255 / 0.91036990 0.99867250
				-15.50637000 21.55068000 -15.90557000 / 0.00171660 -0.00343310 -0.99999270 / 37 83 0 255 / 0.93911730 0.99867250
				-16.02205000 22.56418000 -15.18633000 / -0.06866690 0.13390050 -0.98861290 / 16 91 0 255 / 0.93911730 0.99867250
				-16.06197000 22.53394000 -15.19317000 / -0.28228640 0.55026780 -0.78582430 / 17 91 0 255 / 0.93911730 0.77926640
				-16.06197000 22.53394000 -15.19317000 / -0.27257030 0.53979980 -0.79644310 / 17 91 0 255 / 0.93911730 0.77926640
				-16.06616000 22.54155000 -15.18633000 / -0.28228640 0.55026780 -0.78582430 / 15 86 0 255 / 0.91036990 0.77926640
				-16.06146000 22.53266000 -15.56719000 / 0.37228630 -0.72550060 -0.57883660 / 55 100 0 255 / 0.93911730 0.77926640
				-16.02205000 22.56418000 -15.18633000 / -0.28228640 0.55026780 -0.78582430 / 16 91 0 255 / 0.91036990 0.99867250
				-16.02205000 22.56418000 -15.18633000 / -0.27257030 0.53979980 -0.79644310 / 16 91 0 255 / 0.91036990 0.99867250
				-16.01806000 22.55611000 -15.19317000 / -0.27257030 0.53979980 -0.79644310 / 17 84 0 255 / 0.93911730 0.99867250
				-16.05971000 22.52925000 -15.20440000 / -0.40913340 0.81006500 -0.42000540 / 16 91 0 255 / 0.93911730 0.77926640
				-16.05971000 22.52925000 -15.20440000 / -0.41869780 0.81603150 -0.39847820 / 16 91 0 255 / 0.93911730 0.77926640
				-16.06197000 22.53394000 -15.19317000 / -0.40913340 0.81006500 -0.42000540 / 17 91 0 255 / 0.91036990 0.77926640
				-16.01806000 22.55611000 -15.19317000 / -0.40913340 0.81006500 -0.42000540 / 17 84 0 255 / 0.91036990 0.99867250
				-16.01806000 22.55611000 -15.19317000 / -0.41869780 0.81603150 -0.39847820 / 17 84 0 255 / 0.91036990 0.99867250
				-16.01561000 22.55189000 -15.20440000 / -0.41869780 0.81603150 -0.39847820 / 16 90 0 255 / 0.93911730 0.99867250
				-16.05971000 22.52926000 -15.22198000 / -0.45657220 0.88968640 0.00019070 / 16 93 0 255 / 0.93911730 0.77926640
				-16.06146000 22.53266000 -15.56719000 / 0.37228630 -0.72550060 -0.57883660 / 55 100 0 255 / 0.93911730 0.77926640
				-16.05971000 22.52926000 -15.22198000 / -0.45087910 0.89241250 -0.01754690 / 16 93 0 255 / 0.93911730 0.77926640
				-15.54351000 21.51449000 -15.81377000 / 0.44458570 -0.88001640 -0.16707720 / 172 122 0 255 / 0.93911730 0.77926640
				-15.54351000 21.51449000 -15.81377000 / 0.45037800 -0.87767920 -0.16382580 / 172 122 0 255 / 0.93911730 0.77926640
				-16.05971000 22.52925000 -15.20440000 / -0.45657220 0.88968640 0.00019070 / 16 91 0 255 / 0.91036990 0.77926640
				-16.01561000 22.55189000 -15.20440000 / -0.45657220 0.88968640 0.00019070 / 16 90 0 255 / 0.91036990 0.99867250
				-16.01561000 22.55189000 -15.20440000 / -0.45087910 0.89241250 -0.01754690 / 16 90 0 255 / 0.91036990 0.99867250
				-16.01580000 22.55145000 -15.22198000 / -0.45087910 0.89241250 -0.01754690 / 16 76 0 255 / 0.93911730 0.99867250
				-16.09086000 22.59078000 -15.22197000 / 0.00000000 0.00000000 1.00000000 / 15 113 0 255 / 0.93911730 0.77926640
				-16.09086000 22.59078000 -15.22197000 / 0.00000000 0.00000000 1.00000000 / 15 113 0 255 / 0.93911730 0.77926640
				-16.05971000 22.52926000 -15.22198000 / 0.00000000 0.00000000 1.00000000 / 13 139 0 255 / 0.56410220 0.77926640
				-16.06842000 22.54622000 -15.58868000 / 0.37228630 -0.72550060 -0.57883660 / 71 116 0 255 / 0.86172490 0.77926640
				-16.01580000 22.55145000 -15.22198000 / 0.00000000 0.00000000 1.00000000 / 15 113 0 255 / 0.56410220 0.99867250
				-16.01580000 22.55145000 -15.22198000 / 0.00000000 0.00000000 1.00000000 / 15 113 0 255 / 0.56410220 0.99867250
				-16.04695000 22.61296000 -15.22198000 / 0.00000000 0.00000000 1.00000000 / 17 80 0 255 / 0.93911730 0.99867250
				-15.99775000 22.40795000 -15.32890000 / 0.00009540 0.00000000 -1.00000000 / 52 95 0 255 / 0.93911730 0.77926640
				-15.99775000 22.40795000 -15.32890000 / 0.00000000 0.00000000 -1.00000000 / 52 95 0 255 / 0.93911730 0.77926640
				-16.02961000 22.47030000 -15.32891000 / 0.00000000 0.00000000 -1.00000000 / 51 96 0 255 / 0.56410220 0.77926640
				-15.98569000 22.49249000 -15.32891000 / 0.00009540 0.00000000 -1.00000000 / 50 90 0 255 / 0.56410220 0.99867250
				-15.98569000 22.49249000 -15.32891000 / 0.00000000 0.00000000 -1.00000000 / 50 90 0 255 / 0.56410220 0.99867250
				-15.55028000 21.52850000 -15.90557000 / 0.44458570 -0.88001640 -0.16707720 / 174 126 0 255 / 0.56410220 0.77926640
				-15.95383000 22.43013000 -15.32890000 / 0.00000000 0.00000000 -1.00000000 / 53 97 0 255 / 0.93911730 0.99867250
				-16.06842000 22.54622000 -15.58868000 / 0.43544690 -0.84857790 -0.30050220 / 71 116 0 255 / 0.86172490 0.77926640
				-15.98975000 22.39181000 -15.23662000 / 0.44251070 -0.87605660 -0.19159570 / 58 106 0 255 / 0.93911730 0.77926640
				-15.98975000 22.39181000 -15.23662000 / 0.44242590 -0.87607770 -0.19169560 / 58 106 0 255 / 0.93911730 0.77926640
				-15.99775000 22.40795000 -15.32890000 / 0.44251070 -0.87605660 -0.19159570 / 52 95 0 255 / 0.91036990 0.77926640
				-15.95383000 22.43013000 -15.32890000 / 0.44251070 -0.87605660 -0.19159570 / 53 97 0 255 / 0.91036990 0.99867250
				-15.95383000 22.43013000 -15.32890000 / 0.44242590 -0.87607770 -0.19169560 / 53 97 0 255 / 0.91036990 0.99867250
				-15.94583000 22.41399000 -15.23662000 / 0.44242590 -0.87607770 -0.19169560 / 57 110 0 255 / 0.93911730 0.99867250
				-15.98704000 22.38694000 -15.21855000 / 0.43075000 -0.85310810 -0.29438240 / 56 114 0 255 / 0.93911730 0.77926640
				-15.98704000 22.38694000 -15.21855000 / 0.43095370 -0.85313380 -0.29400980 / 56 114 0 255 / 0.93911730 0.77926640
				-15.98975000 22.39181000 -15.23662000 / 0.43075000 -0.85310810 -0.29438240 / 58 106 0 255 / 0.91036990 0.77926640
				-15.94583000 22.41399000 -15.23662000 / 0.43075000 -0.85310810 -0.29438240 / 57 110 0 255 / 0.91036990 0.99867250
				-16.06842000 22.54622000 -15.58868000 / 0.42762910 -0.84877320 -0.31099430 / 71 116 0 255 / 0.86172490 0.77926640
				-15.94583000 22.41399000 -15.23662000 / 0.43095370 -0.85313380 -0.29400980 / 57 110 0 255 / 0.91036990 0.99867250
				-15.94313000 22.40913000 -15.21855000 / 0.43095370 -0.85313380 -0.29400980 / 49 112 0 255 / 0.93911730 0.99867250
				-15.98330000 22.37952000 -15.20684000 / 0.36772030 -0.72781150 -0.57885430 / 41 103 0 255 / 0.93911730 0.77926640
				-15.98330000 22.37952000 -15.20684000 / 0.36763780 -0.72783700 -0.57887460 / 41 103 0 255 / 0.93911730 0.77926640
				-15.50637000 21.55068000 -15.90557000 / 0.44458570 -0.88001640 -0.16707720 / 172 122 0 255 / 0.56410220 0.99867250
				-15.50637000 21.55068000 -15.90557000 / 0.45037800 -0.87767920 -0.16382580 / 172 122 0 255 / 0.56410220 0.99867250
				-15.98704000 22.38694000 -15.21855000 / 0.36772030 -0.72781150 -0.57885430 / 56 114 0 255 / 0.91036990 0.77926640
				-15.94313000 22.40913000 -15.21855000 / 0.36772030 -0.72781150 -0.57885430 / 49 112 0 255 / 0.91036990 0.99867250
				-15.94313000 22.40913000 -15.21855000 / 0.36763780 -0.72783700 -0.57887460 / 49 112 0 255 / 0.91036990 0.99867250
				-15.93938000 22.40170000 -15.20684000 / 0.36763780 -0.72783700 -0.57887460 / 31 99 0 255 / 0.93911730 0.99867250
				-16.02858000 22.57757000 -15.61944000 / 0.43544690 -0.84857790 -0.30050220 / 83 120 0 255 / 0.75227360 0.99867250
				-15.97879000 22.37016000 -15.20001000 / 0.24794380 -0.49073800 -0.83528450 / 25 90 0 255 / 0.93911730 0.77926640
				-15.97879000 22.37016000 -15.20001000 / 0.25653630 -0.49991200 -0.82721040 / 25 90 0 255 / 0.93911730 0.77926640
				-15.98330000 22.37952000 -15.20684000 / 0.24794380 -0.49073800 -0.83528450 / 41 103 0 255 / 0.91036990 0.77926640
				-15.93938000 22.40170000 -15.20684000 / 0.24794380 -0.49073800 -0.83528450 / 31 99 0 255 / 0.91036990 0.99867250
				-15.93938000 22.40170000 -15.20684000 / 0.25653630 -0.49991200 -0.82721040 / 31 99 0 255 / 0.91036990 0.99867250
				-15.93468000 22.39280000 -15.20001000 / 0.25653630 -0.49991200 -0.82721040 / 21 88 0 255 / 0.93911730 0.99867250
				-15.97382000 22.36063000 -15.19756000 / 0.10118780 -0.19703490 -0.97516070 / 19 81 0 255 / 0.93911730 0.77926640
				-15.97382000 22.36063000 -15.19756000 / 0.09278830 -0.18710240 -0.97794850 / 19 81 0 255 / 0.93911730 0.77926640
				-15.97879000 22.37016000 -15.20001000 / 0.10118780 -0.19703490 -0.97516070 / 25 90 0 255 / 0.91036990 0.77926640
				-15.93468000 22.39280000 -15.20001000 / 0.10118780 -0.19703490 -0.97516070 / 21 88 0 255 / 0.91036990 0.99867250
				-16.02858000 22.57757000 -15.61944000 / 0.42762910 -0.84877320 -0.31099430 / 83 120 0 255 / 0.75227360 0.99867250
				-15.93468000 22.39280000 -15.20001000 / 0.09278830 -0.18710240 -0.97794850 / 21 88 0 255 / 0.91036990 0.99867250
				-15.49941000 21.53712000 -15.81377000 / 0.45037800 -0.87767920 -0.16382580 / 165 118 0 255 / 0.93911730 0.99867250
				-15.92946000 22.38263000 -15.19756000 / 0.09278830 -0.18710240 -0.97794850 / 17 82 0 255 / 0.93911730 0.99867250
				-15.97060000 22.35449000 -15.19854000 / -0.06189550 0.12493540 -0.99023230 / 17 82 0 255 / 0.93911730 0.77926640
				-15.97060000 22.35449000 -15.19854000 / -0.06627930 0.13122340 -0.98913470 / 17 82 0 255 / 0.93911730 0.77926640
				-15.97382000 22.36063000 -15.19756000 / -0.06189550 0.12493540 -0.99023230 / 19 81 0 255 / 0.91036990 0.77926640
				-15.92946000 22.38263000 -15.19756000 / -0.06189550 0.12493540 -0.99023230 / 17 82 0 255 / 0.91036990 0.99867250
				-15.92946000 22.38263000 -15.19756000 / -0.06627930 0.13122340 -0.98913470 / 17 82 0 255 / 0.91036990 0.99867250
				-15.92668000 22.37666000 -15.19854000 / -0.06627930 0.13122340 -0.98913470 / 17 82 0 255 / 0.93911730 0.99867250
				-15.96834000 22.34981000 -15.20196000 / -0.24796010 0.49096090 -0.83514860 / 18 79 0 255 / 0.93911730 0.77926640
				-16.02858000 22.57757000 -15.61944000 / 0.44804270 -0.88940960 -0.09060040 / 83 120 0 255 / 0.75227360 0.99867250
				-15.96834000 22.34981000 -15.20196000 / -0.24785080 0.49093340 -0.83519720 / 18 79 0 255 / 0.93911730 0.77926640
				-15.97060000 22.35449000 -15.19854000 / -0.24796010 0.49096090 -0.83514860 / 17 82 0 255 / 0.91036990 0.77926640
				-15.92668000 22.37666000 -15.19854000 / -0.24796010 0.49096090 -0.83514860 / 17 82 0 255 / 0.91036990 0.99867250
				-15.92668000 22.37666000 -15.19854000 / -0.24785080 0.49093340 -0.83519720 / 17 82 0 255 / 0.91036990 0.99867250
				-15.92442000 22.37199000 -15.20196000 / -0.24785080 0.49093340 -0.83519720 / 19 90 0 255 / 0.93911730 0.99867250
				-15.96660000 22.34642000 -15.20684000 / -0.35505220 0.70304720 -0.61616770 / 20 97 0 255 / 0.93911730 0.77926640
				-15.96660000 22.34642000 -15.20684000 / -0.35533210 0.70341640 -0.61558470 / 20 97 0 255 / 0.93911730 0.77926640
				-16.34010000 23.08034000 -15.81720000 / -0.00076290 0.00171660 0.99999830 / 33 153 0 255 / 0.93911730 0.77926640
				-16.34010000 23.08034000 -15.81720000 / -0.00095370 0.00171660 0.99999800 / 33 153 0 255 / 0.93911730 0.77926640
				-15.96834000 22.34981000 -15.20196000 / -0.35505220 0.70304720 -0.61616770 / 18 79 0 255 / 0.91036990 0.77926640
				-16.07313000 22.55512000 -15.61944000 / 0.42762910 -0.84877320 -0.31099430 / 98 129 0 255 / 0.75227360 0.77926640
				-15.92442000 22.37199000 -15.20196000 / -0.35505220 0.70304720 -0.61616770 / 19 90 0 255 / 0.91036990 0.99867250
				-15.92442000 22.37199000 -15.20196000 / -0.35533210 0.70341640 -0.61558470 / 19 90 0 255 / 0.91036990 0.99867250
				-15.92269000 22.36860000 -15.20684000 / -0.35533210 0.70341640 -0.61558470 / 21 101 0 255 / 0.93911730 0.99867250
				-15.96583000 22.34449000 -15.21270000 / -0.42534200 0.84191010 -0.33207190 / 22 106 0 255 / 0.93911730 0.77926640
				-15.96583000 22.34449000 -15.21270000 / -0.43753740 0.85256860 -0.28581070 / 22 106 0 255 / 0.93911730 0.77926640
				-15.96660000 22.34642000 -15.20684000 / -0.42534200 0.84191010 -0.33207190 / 20 97 0 255 / 0.91036990 0.77926640
				-15.92269000 22.36860000 -15.20684000 / -0.42534200 0.84191010 -0.33207190 / 21 101 0 255 / 0.91036990 0.99867250
				-15.92269000 22.36860000 -15.20684000 / -0.43753740 0.85256860 -0.28581070 / 21 101 0 255 / 0.91036990 0.99867250
				-15.92172000 22.36713000 -15.21270000 / -0.43753740 0.85256860 -0.28581070 / 22 97 0 255 / 0.93911730 0.99867250
				-15.96564000 22.34494000 -15.21905000 / -0.45602460 0.88859000 0.04949330 / 21 108 0 255 / 0.93911730 0.77926640
				-16.07313000 22.55512000 -15.61944000 / 0.44804270 -0.88940960 -0.09060040 / 98 129 0 255 / 0.75227360 0.77926640
				-15.96564000 22.34494000 -15.21905000 / -0.45087170 0.89258870 0.00000000 / 21 108 0 255 / 0.93911730 0.77926640
				-15.96583000 22.34449000 -15.21270000 / -0.45602460 0.88859000 0.04949330 / 22 106 0 255 / 0.91036990 0.77926640
				-15.92172000 22.36713000 -15.21270000 / -0.45602460 0.88859000 0.04949330 / 22 97 0 255 / 0.91036990 0.99867250
				-15.92172000 22.36713000 -15.21270000 / -0.45087170 0.89258870 0.00000000 / 22 97 0 255 / 0.91036990 0.99867250
				-15.54351000 21.51449000 -15.81377000 / -0.00085830 0.00171660 0.99999820 / 46 167 0 255 / 0.56410220 0.77926640
				-15.92172000 22.36713000 -15.21905000 / -0.45087170 0.89258870 0.00000000 / 21 94 0 255 / 0.93911730 0.99867250
				-15.96660000 22.34642000 -15.22930000 / -0.44452690 0.87989820 0.16785400 / 21 108 0 255 / 0.93911730 0.77926640
				-15.96660000 22.34642000 -15.22930000 / -0.44452690 0.87989820 0.16785400 / 21 108 0 255 / 0.93911730 0.77926640
				-15.96564000 22.34494000 -15.21905000 / -0.44452690 0.87989820 0.16785400 / 21 108 0 255 / 0.91036990 0.77926640
				-15.92172000 22.36713000 -15.21905000 / -0.44452690 0.87989820 0.16785400 / 21 94 0 255 / 0.91036990 0.99867250
				-16.07313000 22.55512000 -15.61944000 / 0.44902580 -0.88908640 -0.08888960 / 98 129 0 255 / 0.75227360 0.77926640
				-15.92172000 22.36713000 -15.21905000 / -0.44452690 0.87989820 0.16785400 / 21 94 0 255 / 0.91036990 0.99867250
				-15.92269000 22.36860000 -15.22930000 / -0.44452690 0.87989820 0.16785400 / 21 104 0 255 / 0.93911730 0.99867250
				-15.97557000 22.36403000 -15.32891000 / -0.44224150 0.87551800 0.19465490 / 21 115 0 255 / 0.93911730 0.77926640
				-15.97557000 22.36403000 -15.32891000 / -0.44216480 0.87555500 0.19466320 / 21 115 0 255 / 0.93911730 0.77926640
				-15.96660000 22.34642000 -15.22930000 / -0.44224150 0.87551800 0.19465490 / 21 108 0 255 / 0.91036990 0.77926640
				-15.92269000 22.36860000 -15.22930000 / -0.44224150 0.87551800 0.19465490 / 21 104 0 255 / 0.91036990 0.99867250
				-15.92269000 22.36860000 -15.22930000 / -0.44216480 0.87555500 0.19466320 / 21 104 0 255 / 0.91036990 0.99867250
				-15.93165000 22.38621000 -15.32891000 / -0.44216480 0.87555500 0.19466320 / 22 111 0 255 / 0.93911730 0.99867250
				-15.94416000 22.30187000 -15.32891000 / 0.00000000 0.00000000 -1.00000000 / 64 94 0 255 / 0.93911730 0.77926640
				-15.94416000 22.30187000 -15.32891000 / 0.00000000 0.00000000 -1.00000000 / 64 94 0 255 / 0.93911730 0.77926640
				-16.03024000 22.57986000 -15.65020000 / 0.44804270 -0.88940960 -0.09060040 / 106 129 0 255 / 0.64161680 0.99867250
				-15.49941000 21.53712000 -15.81377000 / -0.00085830 0.00171660 0.99999820 / 39 155 0 255 / 0.56410220 0.99867250
				-15.49941000 21.53712000 -15.81377000 / -0.00085830 0.00171660 0.99999820 / 39 155 0 255 / 0.56410220 0.99867250
				-15.97557000 22.36403000 -15.32891000 / 0.00000000 0.00000000 -1.00000000 / 47 92 0 255 / 0.56410220 0.77926640
				-15.93165000 22.38621000 -15.32891000 / 0.00000000 0.00000000 -1.00000000 / 55 91 0 255 / 0.56410220 0.99867250
				-15.93165000 22.38621000 -15.32891000 / 0.00000000 0.00000000 -1.00000000 / 55 91 0 255 / 0.56410220 0.99867250
				-15.90005000 22.32450000 -15.32891000 / 0.00000000 0.00000000 -1.00000000 / 77 94 0 255 / 0.93911730 0.99867250
				-15.93526000 22.28534000 -15.23516000 / 0.44772340 -0.87236920 -0.19625450 / 84 104 0 255 / 0.93911730 0.77926640
				-15.93526000 22.28534000 -15.23516000 / 0.44181450 -0.87466480 -0.19940300 / 84 104 0 255 / 0.93911730 0.77926640
				-15.94416000 22.30187000 -15.32891000 / 0.44772340 -0.87236920 -0.19625450 / 64 94 0 255 / 0.91036990 0.77926640
				-15.90005000 22.32450000 -15.32891000 / 0.44772340 -0.87236920 -0.19625450 / 77 94 0 255 / 0.91036990 0.99867250
				-16.03024000 22.57986000 -15.65020000 / 0.44902580 -0.88908640 -0.08888960 / 106 129 0 255 / 0.64161680 0.99867250
				-15.90005000 22.32450000 -15.32891000 / 0.44181450 -0.87466480 -0.19940300 / 77 94 0 255 / 0.91036990 0.99867250
				-15.89134000 22.30753000 -15.23516000 / 0.44181450 -0.87466480 -0.19940300 / 81 102 0 255 / 0.93911730 0.99867250
				-15.93300000 22.28067000 -15.21807000 / 0.43144740 -0.85412100 -0.29039730 / 78 105 0 255 / 0.93911730 0.77926640
				-15.93300000 22.28067000 -15.21807000 / 0.43133390 -0.85408500 -0.29067120 / 78 105 0 255 / 0.93911730 0.77926640
				-15.93526000 22.28534000 -15.23516000 / 0.43144740 -0.85412100 -0.29039730 / 84 104 0 255 / 0.91036990 0.77926640
				-15.89134000 22.30753000 -15.23516000 / 0.43144740 -0.85412100 -0.29039730 / 81 102 0 255 / 0.91036990 0.99867250
				-15.89134000 22.30753000 -15.23516000 / 0.43133390 -0.85408500 -0.29067120 / 81 102 0 255 / 0.91036990 0.99867250
				-16.29619000 23.10252000 -15.81720000 / -0.00095370 0.00171660 0.99999800 / 25 147 0 255 / 0.93911730 0.99867250
				-15.88909000 22.30285000 -15.21807000 / 0.43133390 -0.85408500 -0.29067120 / 69 96 0 255 / 0.93911730 0.99867250
				-15.92972000 22.27344000 -15.20684000 / 0.36813940 -0.72883970 -0.57729210 / 60 96 0 255 / 0.93911730 0.77926640
				-16.03024000 22.57986000 -15.65020000 / 0.43087350 -0.85297320 0.29459240 / 106 129 0 255 / 0.64161680 0.99867250
				-15.92972000 22.27344000 -15.20684000 / 0.37772110 -0.73617940 -0.56157520 / 60 96 0 255 / 0.93911730 0.77926640
				-15.93300000 22.28067000 -15.21807000 / 0.36813940 -0.72883970 -0.57729210 / 78 105 0 255 / 0.91036990 0.77926640
				-15.88909000 22.30285000 -15.21807000 / 0.36813940 -0.72883970 -0.57729210 / 69 96 0 255 / 0.91036990 0.99867250
				-15.88909000 22.30285000 -15.21807000 / 0.37772110 -0.73617940 -0.56157520 / 69 96 0 255 / 0.91036990 0.99867250
				-15.88560000 22.29607000 -15.20684000 / 0.37772110 -0.73617940 -0.56157520 / 46 94 0 255 / 0.93911730 0.99867250
				-15.92501000 22.26453000 -15.20000000 / 0.25634630 -0.49953200 -0.82749890 / 37 94 0 255 / 0.93911730 0.77926640
				-15.92501000 22.26453000 -15.20000000 / 0.25634630 -0.49953200 -0.82749890 / 37 94 0 255 / 0.93911730 0.77926640
				-15.92972000 22.27344000 -15.20684000 / 0.25634630 -0.49953200 -0.82749890 / 60 96 0 255 / 0.91036990 0.77926640
				-15.88560000 22.29607000 -15.20684000 / 0.25634630 -0.49953200 -0.82749890 / 46 94 0 255 / 0.91036990 0.99867250
				-15.88560000 22.29607000 -15.20684000 / 0.25634630 -0.49953200 -0.82749890 / 46 94 0 255 / 0.91036990 0.99867250
				-16.07416000 22.55768000 -15.65020000 / 0.44902580 -0.88908640 -0.08888960 / 108 137 0 255 / 0.64161680 0.77926640
				-15.88090000 22.28717000 -15.20000000 / 0.25634630 -0.49953200 -0.82749890 / 29 92 0 255 / 0.93911730 0.99867250
				-15.91979000 22.25436000 -15.19756000 / 0.09517810 -0.18558770 -0.97800730 / 25 90 0 255 / 0.93911730 0.77926640
				-15.91979000 22.25436000 -15.19756000 / 0.09517810 -0.18558770 -0.97800730 / 25 90 0 255 / 0.93911730 0.77926640
				-15.45343000 21.33823000 -15.91240000 / -0.44167230 0.86064570 0.25340600 / 51 130 0 255 / 0.93911730 0.77926640
				-15.45343000 21.33823000 -15.91240000 / -0.43648040 0.86418740 0.25033020 / 51 130 0 255 / 0.93911730 0.77926640
				-15.92501000 22.26453000 -15.20000000 / 0.09517810 -0.18558770 -0.97800730 / 37 94 0 255 / 0.91036990 0.77926640
				-15.88090000 22.28717000 -15.20000000 / 0.09517810 -0.18558770 -0.97800730 / 29 92 0 255 / 0.91036990 0.99867250
				-15.88090000 22.28717000 -15.20000000 / 0.09517810 -0.18558770 -0.97800730 / 29 92 0 255 / 0.91036990 0.99867250
				-15.87567000 22.27700000 -15.19756000 / 0.09517810 -0.18558770 -0.97800730 / 23 90 0 255 / 0.93911730 0.99867250
				-15.91579000 22.24629000 -15.20001000 / -0.11949720 0.23289090 -0.96513330 / 22 90 0 255 / 0.93911730 0.77926640
				-16.07416000 22.55768000 -15.65020000 / 0.43087350 -0.85297320 0.29459240 / 108 137 0 255 / 0.64161680 0.77926640
				-15.91579000 22.24629000 -15.20001000 / -0.11940320 0.23289350 -0.96514430 / 22 90 0 255 / 0.93911730 0.77926640
				-15.91979000 22.25436000 -15.19756000 / -0.11949720 0.23289090 -0.96513330 / 25 90 0 255 / 0.91036990 0.77926640
				-15.87567000 22.27700000 -15.19756000 / -0.11949720 0.23289090 -0.96513330 / 23 90 0 255 / 0.91036990 0.99867250
				-15.87567000 22.27700000 -15.19756000 / -0.11940320 0.23289350 -0.96514430 / 23 90 0 255 / 0.91036990 0.99867250
				-15.87168000 22.26892000 -15.20001000 / -0.11940320 0.23289350 -0.96514430 / 23 91 0 255 / 0.93911730 0.99867250
				-15.91282000 22.24078000 -15.20733000 / -0.34705640 0.67637370 -0.64966960 / 23 92 0 255 / 0.93911730 0.77926640
				-15.91282000 22.24078000 -15.20733000 / -0.33589600 0.66473450 -0.66730950 / 23 92 0 255 / 0.93911730 0.77926640
				-15.91579000 22.24629000 -15.20001000 / -0.34705640 0.67637370 -0.64966960 / 22 90 0 255 / 0.91036990 0.77926640
				-15.87168000 22.26892000 -15.20001000 / -0.34705640 0.67637370 -0.64966960 / 23 91 0 255 / 0.91036990 0.99867250
				-15.87168000 22.26892000 -15.20001000 / -0.33589600 0.66473450 -0.66730950 / 23 91 0 255 / 0.91036990 0.99867250
				-16.07416000 22.55768000 -15.65020000 / 0.43433990 -0.84674350 0.30720440 / 108 137 0 255 / 0.64161680 0.77926640
				-15.44221000 21.31596000 -15.81719000 / -0.44167230 0.86064570 0.25340600 / 44 137 0 255 / 0.91036990 0.77926640
				-15.86890000 22.26297000 -15.20733000 / -0.33589600 0.66473450 -0.66730950 / 24 93 0 255 / 0.93911730 0.99867250
				-15.91160000 22.23867000 -15.21465000 / -0.42788960 0.84681520 -0.31593450 / 24 96 0 255 / 0.93911730 0.77926640
				-15.91160000 22.23867000 -15.21465000 / -0.42760880 0.84663490 -0.31679670 / 24 96 0 255 / 0.93911730 0.77926640
				-15.91282000 22.24078000 -15.20733000 / -0.42788960 0.84681520 -0.31593450 / 23 92 0 255 / 0.91036990 0.77926640
				-15.86890000 22.26297000 -15.20733000 / -0.42788960 0.84681520 -0.31593450 / 24 93 0 255 / 0.91036990 0.99867250
				-15.86890000 22.26297000 -15.20733000 / -0.42760880 0.84663490 -0.31679670 / 24 93 0 255 / 0.91036990 0.99867250
				-15.86768000 22.26085000 -15.21465000 / -0.42760880 0.84663490 -0.31679670 / 26 98 0 255 / 0.93911730 0.99867250
				-15.91230000 22.23950000 -15.22540000 / -0.44869660 0.88823800 0.09851300 / 31 110 0 255 / 0.93911730 0.77926640
				-15.91230000 22.23950000 -15.22540000 / -0.45279820 0.88251790 0.12702760 / 31 110 0 255 / 0.93911730 0.77926640
				-16.02683000 22.57417000 -15.67169000 / 0.43087350 -0.85297320 0.29459240 / 100 134 0 255 / 0.56410220 0.99867250
				-15.91160000 22.23867000 -15.21465000 / -0.44869660 0.88823800 0.09851300 / 24 96 0 255 / 0.91036990 0.77926640
				-15.86768000 22.26085000 -15.21465000 / -0.44869660 0.88823800 0.09851300 / 26 98 0 255 / 0.91036990 0.99867250
				-15.86768000 22.26085000 -15.21465000 / -0.45279820 0.88251790 0.12702760 / 26 98 0 255 / 0.91036990 0.99867250
				-15.86820000 22.26213000 -15.22540000 / -0.45279820 0.88251790 0.12702760 / 39 114 0 255 / 0.93911730 0.99867250
				-15.92153000 22.25776000 -15.32891000 / -0.44785880 0.87282880 0.19388780 / 43 122 0 255 / 0.93911730 0.77926640
				-15.92153000 22.25776000 -15.32891000 / -0.44785880 0.87282880 0.19388780 / 43 122 0 255 / 0.93911730 0.77926640
				-15.39811000 21.33860000 -15.81719000 / -0.44167230 0.86064570 0.25340600 / 47 131 0 255 / 0.91036990 0.99867250
				-15.39811000 21.33860000 -15.81719000 / -0.43648040 0.86418740 0.25033020 / 47 131 0 255 / 0.91036990 0.99867250
				-15.91230000 22.23950000 -15.22540000 / -0.44785880 0.87282880 0.19388780 / 31 110 0 255 / 0.91036990 0.77926640
				-15.86820000 22.26213000 -15.22540000 / -0.44785880 0.87282880 0.19388780 / 39 114 0 255 / 0.91036990 0.99867250
				-16.02683000 22.57417000 -15.67169000 / 0.43433990 -0.84674350 0.30720440 / 100 134 0 255 / 0.56410220 0.99867250
				-15.86820000 22.26213000 -15.22540000 / -0.44785880 0.87282880 0.19388780 / 39 114 0 255 / 0.91036990 0.99867250
				-15.87742000 22.28039000 -15.32891000 / -0.44785880 0.87282880 0.19388780 / 48 118 0 255 / 0.93911730 0.99867250
				-15.89012000 22.19559000 -15.32890000 / 0.00009540 -0.00019070 -1.00000000 / 60 89 0 255 / 0.93911730 0.77926640
				-15.89012000 22.19559000 -15.32890000 / 0.00000000 -0.00019070 -1.00000000 / 60 89 0 255 / 0.93911730 0.77926640
				-15.92153000 22.25776000 -15.32891000 / 0.00009540 -0.00019070 -1.00000000 / 53 92 0 255 / 0.56410220 0.77926640
				-15.87742000 22.28039000 -15.32891000 / 0.00009540 -0.00019070 -1.00000000 / 58 94 0 255 / 0.56410220 0.99867250
				-15.87742000 22.28039000 -15.32891000 / 0.00000000 -0.00019070 -1.00000000 / 58 94 0 255 / 0.56410220 0.99867250
				-15.84602000 22.21823000 -15.32890000 / 0.00000000 -0.00019070 -1.00000000 / 61 91 0 255 / 0.93911730 0.99867250
				-15.93571000 22.28554000 -15.16045000 / 0.41005730 -0.81153200 0.41625580 / 22 162 0 255 / 0.93911730 0.77926640
				-15.93571000 22.28554000 -15.16045000 / 0.41152990 -0.80207790 0.43279780 / 22 162 0 255 / 0.93911730 0.77926640
				-16.07094000 22.55154000 -15.67169000 / 0.43433990 -0.84674350 0.30720440 / 91 140 0 255 / 0.56410220 0.77926640
				-15.93274000 22.28003000 -15.17412000 / 0.41005730 -0.81153200 0.41625580 / 18 158 0 255 / 0.91036990 0.77926640
				-15.88883000 22.30222000 -15.17412000 / 0.41005730 -0.81153200 0.41625580 / 20 162 0 255 / 0.91036990 0.99867250
				-15.88883000 22.30222000 -15.17412000 / 0.41152990 -0.80207790 0.43279780 / 20 162 0 255 / 0.91036990 0.99867250
				-15.40951000 21.36042000 -15.91240000 / -0.43648040 0.86418740 0.25033020 / 53 129 0 255 / 0.93911730 0.99867250
				-15.89160000 22.30817000 -15.16045000 / 0.41152990 -0.80207790 0.43279780 / 28 162 0 255 / 0.93911730 0.99867250
				-15.98356000 22.38016000 -15.14727000 / 0.44142340 -0.87407370 -0.20283160 / 24 124 0 255 / 0.93911730 0.77926640
				-15.98356000 22.38016000 -15.14727000 / 0.44166760 -0.87398880 -0.20266540 / 24 124 0 255 / 0.93911730 0.77926640
				-15.98627000 22.38502000 -15.17412000 / 0.44142340 -0.87407370 -0.20283160 / 24 120 0 255 / 0.91036990 0.77926640
				-15.94235000 22.40721000 -15.17412000 / 0.44142340 -0.87407370 -0.20283160 / 24 124 0 255 / 0.91036990 0.99867250
				-15.94235000 22.40721000 -15.17412000 / 0.44166760 -0.87398880 -0.20266540 / 24 124 0 255 / 0.91036990 0.99867250
				-16.05276000 22.51569000 -15.55450000 / 0.25310210 -0.49323440 -0.83226170 / 37 90 0 255 / 0.66299440 0.77926640
				-15.93965000 22.40235000 -15.14727000 / 0.44166760 -0.87398880 -0.20266540 / 24 128 0 255 / 0.93911730 0.99867250
				-15.82692000 22.07217000 -15.12578000 / -0.00009540 0.00000000 -1.00000000 / 69 102 0 255 / 0.93911730 0.77926640
				-15.82692000 22.07217000 -15.12578000 / 0.00000000 0.00000000 -1.00000000 / 69 102 0 255 / 0.93911730 0.77926640
				-15.85878000 22.13452000 -15.12578000 / -0.00009540 0.00000000 -1.00000000 / 42 91 0 255 / 0.56410220 0.77926640
				-15.81487000 22.15670000 -15.12579000 / -0.00009540 0.00000000 -1.00000000 / 53 90 0 255 / 0.56410220 0.99867250
				-15.81487000 22.15670000 -15.12579000 / 0.00000000 0.00000000 -1.00000000 / 53 90 0 255 / 0.56410220 0.99867250
				-15.78301000 22.09435000 -15.12579000 / 0.00000000 0.00000000 -1.00000000 / 102 112 0 255 / 0.93911730 0.99867250
				-15.82294000 22.06410000 -15.07793000 / 0.44318310 -0.87721060 -0.18463580 / 121 122 0 255 / 0.93911730 0.77926640
				-15.82294000 22.06410000 -15.07793000 / 0.44301410 -0.87725380 -0.18483560 / 121 122 0 255 / 0.93911730 0.77926640
				-15.03530000 20.51583000 -15.90800000 / 0.00219340 -0.00419600 -0.99998890 / 102 88 0 255 / 0.93911730 0.77926640
				-16.05276000 22.51569000 -15.55450000 / 0.24700020 -0.48904130 -0.83655810 / 37 90 0 255 / 0.66299440 0.77926640
				-15.03530000 20.51583000 -15.90800000 / 0.00209800 -0.00419600 -0.99998900 / 102 88 0 255 / 0.93911730 0.77926640
				-15.82692000 22.07217000 -15.12578000 / 0.44318310 -0.87721060 -0.18463580 / 69 102 0 255 / 0.91036990 0.77926640
				-15.78301000 22.09435000 -15.12579000 / 0.44318310 -0.87721060 -0.18463580 / 102 112 0 255 / 0.91036990 0.99867250
				-15.78301000 22.09435000 -15.12579000 / 0.44301410 -0.87725380 -0.18483560 / 102 112 0 255 / 0.91036990 0.99867250
				-15.77901000 22.08629000 -15.07793000 / 0.44301410 -0.87725380 -0.18483560 / 140 120 0 255 / 0.93911730 0.99867250
				-15.85453000 22.12582000 -15.07793000 / 0.00000000 0.00000000 1.00000000 / 20 159 0 255 / 0.93911730 0.77926640
				-15.85453000 22.12582000 -15.07793000 / 0.00009540 0.00000000 1.00000000 / 20 159 0 255 / 0.93911730 0.77926640
				-15.82294000 22.06410000 -15.07793000 / 0.00000000 0.00000000 1.00000000 / 21 168 0 255 / 0.56410220 0.77926640
				-15.77901000 22.08629000 -15.07793000 / 0.00000000 0.00000000 1.00000000 / 21 163 0 255 / 0.56410220 0.99867250
				-15.77901000 22.08629000 -15.07793000 / 0.00009540 0.00000000 1.00000000 / 21 163 0 255 / 0.56410220 0.99867250
				-16.05276000 22.51569000 -15.55450000 / 0.09021630 -0.17852520 -0.97979070 / 37 90 0 255 / 0.66299440 0.77926640
				-15.81042000 22.14845000 -15.07793000 / 0.00009540 0.00000000 1.00000000 / 20 152 0 255 / 0.93911730 0.99867250
				-15.85878000 22.13452000 -15.12578000 / -0.44737350 0.87204930 0.19846180 / 20 149 0 255 / 0.93911730 0.77926640
				-15.85878000 22.13452000 -15.12578000 / -0.44230870 0.87603440 0.19216300 / 20 149 0 255 / 0.93911730 0.77926640
				-15.85453000 22.12582000 -15.07793000 / -0.44737350 0.87204930 0.19846180 / 20 159 0 255 / 0.56410220 0.77926640
				-15.81042000 22.14845000 -15.07793000 / -0.44737350 0.87204930 0.19846180 / 20 152 0 255 / 0.56410220 0.99867250
				-15.81042000 22.14845000 -15.07793000 / -0.44230870 0.87603440 0.19216300 / 20 152 0 255 / 0.56410220 0.99867250
				-15.45343000 21.33823000 -15.91240000 / 0.00219340 -0.00419600 -0.99998890 / 97 84 0 255 / 0.56410220 0.77926640
				-15.81487000 22.15670000 -15.12579000 / -0.44230870 0.87603440 0.19216300 / 20 148 0 255 / 0.93911730 0.99867250
				-15.84556000 22.10821000 -15.32891000 / 0.00000000 0.00000000 -1.00000000 / 69 88 0 255 / 0.93911730 0.77926640
				-15.84556000 22.10821000 -15.32891000 / -0.00009540 0.00000000 -1.00000000 / 69 88 0 255 / 0.93911730 0.77926640
				-16.21003000 22.93324000 -15.23565000 / 0.44190370 -0.87522490 -0.19673010 / 48 96 0 255 / 0.93911730 0.99867250
				-15.87697000 22.17037000 -15.32891000 / 0.00000000 0.00000000 -1.00000000 / 71 85 0 255 / 0.56410220 0.77926640
				-15.83305000 22.19256000 -15.32891000 / 0.00000000 0.00000000 -1.00000000 / 70 87 0 255 / 0.56410220 0.99867250
				-15.83305000 22.19256000 -15.32891000 / -0.00009540 0.00000000 -1.00000000 / 70 87 0 255 / 0.56410220 0.99867250
				-15.80165000 22.13039000 -15.32891000 / -0.00009540 0.00000000 -1.00000000 / 67 98 0 255 / 0.93911730 0.99867250
				-15.82892000 22.07620000 -15.14727000 / 0.44222510 -0.87548540 -0.19483840 / 66 103 0 255 / 0.93911730 0.77926640
				-15.82892000 22.07620000 -15.14727000 / 0.44222510 -0.87548540 -0.19483840 / 66 103 0 255 / 0.93911730 0.77926640
				-15.84556000 22.10821000 -15.32891000 / 0.44222510 -0.87548540 -0.19483840 / 69 88 0 255 / 0.56410220 0.77926640
				-15.80165000 22.13039000 -15.32891000 / 0.44222510 -0.87548540 -0.19483840 / 67 98 0 255 / 0.56410220 0.99867250
				-15.80165000 22.13039000 -15.32891000 / 0.44222510 -0.87548540 -0.19483840 / 67 98 0 255 / 0.56410220 0.99867250
				-15.78501000 22.09837000 -15.14727000 / 0.44222510 -0.87548540 -0.19483840 / 64 114 0 255 / 0.93911730 0.99867250
				-16.06146000 22.53266000 -15.56719000 / 0.25310210 -0.49323440 -0.83226170 / 55 100 0 255 / 0.56410220 0.77926640
				-15.76115000 21.94233000 -15.14727000 / -0.00009540 0.00019070 1.00000000 / 20 160 0 255 / 0.93911730 0.77926640
				-15.76115000 21.94233000 -15.14727000 / -0.00009540 0.00000000 1.00000000 / 20 160 0 255 / 0.93911730 0.77926640
				-15.40951000 21.36042000 -15.91240000 / 0.00219340 -0.00419600 -0.99998890 / 102 88 0 255 / 0.56410220 0.99867250
				-15.40951000 21.36042000 -15.91240000 / 0.00209800 -0.00419600 -0.99998900 / 102 88 0 255 / 0.56410220 0.99867250
				-15.72930000 21.87998000 -15.14726000 / -0.00009540 0.00019070 1.00000000 / 20 166 0 255 / 0.56410220 0.77926640
				-15.68518000 21.90261000 -15.14726000 / -0.00009540 0.00019070 1.00000000 / 20 162 0 255 / 0.56410220 0.99867250
				-15.68518000 21.90261000 -15.14726000 / -0.00009540 0.00000000 1.00000000 / 20 162 0 255 / 0.56410220 0.99867250
				-15.71678000 21.96432000 -15.14727000 / -0.00009540 0.00000000 1.00000000 / 19 151 0 255 / 0.93911730 0.99867250
				-15.76889000 21.95782000 -15.23468000 / -0.43563950 0.87890830 0.19426390 / 20 140 0 255 / 0.93911730 0.77926640
				-15.76889000 21.95782000 -15.23468000 / -0.44183290 0.87489200 0.19836230 / 20 140 0 255 / 0.93911730 0.77926640
				-16.01735000 22.55529000 -15.56719000 / 0.25310210 -0.49323440 -0.83226170 / 46 96 0 255 / 0.56410220 0.99867250
				-15.76115000 21.94233000 -15.14727000 / -0.43563950 0.87890830 0.19426390 / 20 160 0 255 / 0.91036990 0.77926640
				-15.71678000 21.96432000 -15.14727000 / -0.43563950 0.87890830 0.19426390 / 19 151 0 255 / 0.91036990 0.99867250
				-15.71678000 21.96432000 -15.14727000 / -0.44183290 0.87489200 0.19836230 / 19 151 0 255 / 0.91036990 0.99867250
				-15.72497000 21.98000000 -15.23467000 / -0.44183290 0.87489200 0.19836230 / 20 131 0 255 / 0.93911730 0.99867250
				-15.77140000 21.96313000 -15.25567000 / -0.43407440 0.85956660 0.26967540 / 20 130 0 255 / 0.93911730 0.77926640
				-15.77140000 21.96313000 -15.25567000 / -0.43417830 0.85939270 0.27006210 / 20 130 0 255 / 0.93911730 0.77926640
				-15.76889000 21.95782000 -15.23468000 / -0.43407440 0.85956660 0.26967540 / 20 140 0 255 / 0.91036990 0.77926640
				-15.72497000 21.98000000 -15.23467000 / -0.43407440 0.85956660 0.26967540 / 20 131 0 255 / 0.91036990 0.99867250
				-15.72497000 21.98000000 -15.23467000 / -0.43417830 0.85939270 0.27006210 / 20 131 0 255 / 0.91036990 0.99867250
				-14.99120000 20.53847000 -15.90800000 / 0.00209800 -0.00419600 -0.99998900 / 107 93 0 255 / 0.93911730 0.99867250
				-16.01735000 22.55529000 -15.56719000 / 0.24700020 -0.48904130 -0.83655810 / 46 96 0 255 / 0.56410220 0.99867250
				-15.72750000 21.98532000 -15.25567000 / -0.43417830 0.85939270 0.27006210 / 20 130 0 255 / 0.93911730 0.99867250
				-15.77559000 21.97075000 -15.26933000 / -0.38061850 0.75322590 0.53645170 / 19 137 0 255 / 0.93911730 0.77926640
				-15.77559000 21.97075000 -15.26933000 / -0.38136940 0.74309330 0.54988150 / 19 137 0 255 / 0.93911730 0.77926640
				-15.77140000 21.96313000 -15.25567000 / -0.38061850 0.75322590 0.53645170 / 20 130 0 255 / 0.91036990 0.77926640
				-15.72750000 21.98532000 -15.25567000 / -0.38061850 0.75322590 0.53645170 / 20 130 0 255 / 0.91036990 0.99867250
				-15.72750000 21.98532000 -15.25567000 / -0.38136940 0.74309330 0.54988150 / 20 130 0 255 / 0.91036990 0.99867250
				-15.73148000 21.99339000 -15.26933000 / -0.38136940 0.74309330 0.54988150 / 18 131 0 255 / 0.93911730 0.99867250
				-15.78011000 21.98010000 -15.27617000 / -0.25109790 0.48941680 0.83511750 / 17 144 0 255 / 0.93911730 0.77926640
				-15.78011000 21.98010000 -15.27617000 / -0.25339470 0.50163950 0.82713310 / 17 144 0 255 / 0.93911730 0.77926640
				-15.77559000 21.97075000 -15.26933000 / -0.25109790 0.48941680 0.83511750 / 19 137 0 255 / 0.91036990 0.77926640
				-16.00884000 22.53787000 -15.55450000 / 0.24700020 -0.48904130 -0.83655810 / 28 91 0 255 / 0.66299440 0.99867250
				-15.73148000 21.99339000 -15.26933000 / -0.25109790 0.48941680 0.83511750 / 18 131 0 255 / 0.91036990 0.99867250
				-15.73148000 21.99339000 -15.26933000 / -0.25339470 0.50163950 0.82713310 / 18 131 0 255 / 0.91036990 0.99867250
				-15.73619000 22.00228000 -15.27617000 / -0.25339470 0.50163950 0.82713310 / 17 139 0 255 / 0.93911730 0.99867250
				-15.78578000 21.99047000 -15.27861000 / -0.09126490 0.18062240 0.97930910 / 17 146 0 255 / 0.93911730 0.77926640
				-15.78578000 21.99047000 -15.27861000 / -0.09012520 0.17567270 0.98031450 / 17 146 0 255 / 0.93911730 0.77926640
				-15.02808000 20.50163000 -15.81572000 / 0.45005990 -0.87665840 -0.17004810 / 204 148 0 255 / 0.93911730 0.77926640
				-15.02808000 20.50163000 -15.81572000 / 0.44981790 -0.87674920 -0.17021940 / 204 148 0 255 / 0.93911730 0.77926640
				-15.78011000 21.98010000 -15.27617000 / -0.09126490 0.18062240 0.97930910 / 17 144 0 255 / 0.91036990 0.77926640
				-15.73619000 22.00228000 -15.27617000 / -0.09126490 0.18062240 0.97930910 / 17 139 0 255 / 0.91036990 0.99867250
				-15.73619000 22.00228000 -15.27617000 / -0.09012520 0.17567270 0.98031450 / 17 139 0 255 / 0.91036990 0.99867250
				-16.00884000 22.53787000 -15.55450000 / 0.09021630 -0.17852520 -0.97979070 / 28 91 0 255 / 0.66299440 0.99867250
				-15.74167000 22.01310000 -15.27861000 / -0.09012520 0.17567270 0.98031450 / 19 136 0 255 / 0.93911730 0.99867250
				-15.79004000 21.99917000 -15.27715000 / 0.06790210 -0.13237090 0.98887180 / 22 136 0 255 / 0.93911730 0.77926640
				-15.79004000 21.99917000 -15.27715000 / 0.06790210 -0.13237090 0.98887180 / 22 136 0 255 / 0.93911730 0.77926640
				-15.78578000 21.99047000 -15.27861000 / 0.06790210 -0.13237090 0.98887180 / 17 146 0 255 / 0.91036990 0.77926640
				-15.74167000 22.01310000 -15.27861000 / 0.06790210 -0.13237090 0.98887180 / 19 136 0 255 / 0.91036990 0.99867250
				-15.74167000 22.01310000 -15.27861000 / 0.06790210 -0.13237090 0.98887180 / 19 136 0 255 / 0.91036990 0.99867250
				-15.74593000 22.02181000 -15.27715000 / 0.06790210 -0.13237090 0.98887180 / 29 135 0 255 / 0.93911730 0.99867250
				-15.79281000 22.00513000 -15.27130000 / 0.30401800 -0.59258720 0.74593130 / 42 136 0 255 / 0.93911730 0.77926640
				-15.79281000 22.00513000 -15.27130000 / 0.30822400 -0.60996310 0.73002940 / 42 136 0 255 / 0.93911730 0.77926640
				-15.79004000 21.99917000 -15.27715000 / 0.30401800 -0.59258720 0.74593130 / 22 136 0 255 / 0.91036990 0.77926640
				-16.00884000 22.53787000 -15.55450000 / 0.09021630 -0.17852520 -0.97979070 / 28 91 0 255 / 0.66299440 0.99867250
				-15.74593000 22.02181000 -15.27715000 / 0.30401800 -0.59258720 0.74593130 / 29 135 0 255 / 0.91036990 0.99867250
				-15.74593000 22.02181000 -15.27715000 / 0.30822400 -0.60996310 0.73002940 / 29 135 0 255 / 0.91036990 0.99867250
				-15.03530000 20.51583000 -15.90800000 / 0.45005990 -0.87665840 -0.17004810 / 204 140 0 255 / 0.56410220 0.77926640
				-15.74890000 22.02732000 -15.27130000 / 0.30822400 -0.60996310 0.73002940 / 53 132 0 255 / 0.93911730 0.99867250
				-15.79430000 22.00788000 -15.26202000 / 0.42736060 -0.84556540 0.31997200 / 63 131 0 255 / 0.93911730 0.77926640
				-15.79430000 22.00788000 -15.26202000 / 0.42724890 -0.84591470 0.31919690 / 63 131 0 255 / 0.93911730 0.77926640
				-15.79281000 22.00513000 -15.27130000 / 0.42736060 -0.84556540 0.31997200 / 42 136 0 255 / 0.91036990 0.77926640
				-15.74890000 22.02732000 -15.27130000 / 0.42736060 -0.84556540 0.31997200 / 53 132 0 255 / 0.91036990 0.99867250
				-15.74890000 22.02732000 -15.27130000 / 0.42724890 -0.84591470 0.31919690 / 53 132 0 255 / 0.91036990 0.99867250
				-15.75038000 22.03007000 -15.26202000 / 0.42724890 -0.84591470 0.31919690 / 69 121 0 255 / 0.93911730 0.99867250
				-16.04283000 22.49661000 -15.55010000 / 0.09021630 -0.17852520 -0.97979070 / 24 90 0 255 / 0.77317810 0.77926640
				-15.79378000 22.00660000 -15.24737000 / 0.44889440 -0.88863360 -0.09393690 / 78 117 0 255 / 0.93911730 0.77926640
				-15.79378000 22.00660000 -15.24737000 / 0.44889440 -0.88863360 -0.09393690 / 78 117 0 255 / 0.93911730 0.77926640
				-15.79430000 22.00788000 -15.26202000 / 0.44889440 -0.88863360 -0.09393690 / 63 131 0 255 / 0.91036990 0.77926640
				-15.75038000 22.03007000 -15.26202000 / 0.44889440 -0.88863360 -0.09393690 / 69 121 0 255 / 0.91036990 0.99867250
				-15.75038000 22.03007000 -15.26202000 / 0.44889440 -0.88863360 -0.09393690 / 69 121 0 255 / 0.91036990 0.99867250
				-15.74986000 22.02878000 -15.24737000 / 0.44889440 -0.88863360 -0.09393690 / 84 111 0 255 / 0.93911730 0.99867250
				-15.78482000 21.98900000 -15.14726000 / 0.44234260 -0.87572010 -0.19351300 / 88 114 0 255 / 0.93911730 0.77926640
				-15.78482000 21.98900000 -15.14726000 / 0.44234260 -0.87572010 -0.19351300 / 88 114 0 255 / 0.93911730 0.77926640
				-14.99120000 20.53847000 -15.90800000 / 0.45005990 -0.87665840 -0.17004810 / 204 148 0 255 / 0.56410220 0.99867250
				-14.99120000 20.53847000 -15.90800000 / 0.44981790 -0.87674920 -0.17021940 / 204 148 0 255 / 0.56410220 0.99867250
				-16.04283000 22.49661000 -15.55010000 / 0.09021630 -0.17852520 -0.97979070 / 24 90 0 255 / 0.77317810 0.77926640
				-15.79378000 22.00660000 -15.24737000 / 0.44234260 -0.87572010 -0.19351300 / 78 117 0 255 / 0.91036990 0.77926640
				-15.74986000 22.02878000 -15.24737000 / 0.44234260 -0.87572010 -0.19351300 / 84 111 0 255 / 0.91036990 0.99867250
				-15.74986000 22.02878000 -15.24737000 / 0.44234260 -0.87572010 -0.19351300 / 84 111 0 255 / 0.91036990 0.99867250
				-15.74090000 22.01119000 -15.14726000 / 0.44234260 -0.87572010 -0.19351300 / 87 110 0 255 / 0.93911730 0.99867250
				-15.81667000 22.05135000 -15.14727000 / -0.00009540 0.00000000 1.00000000 / 30 149 0 255 / 0.93911730 0.77926640
				-15.81667000 22.05135000 -15.14727000 / 0.00000000 0.00019070 1.00000000 / 30 149 0 255 / 0.93911730 0.77926640
				-15.78482000 21.98900000 -15.14726000 / -0.00009540 0.00000000 1.00000000 / 24 158 0 255 / 0.56410220 0.77926640
				-15.74090000 22.01119000 -15.14726000 / -0.00009540 0.00000000 1.00000000 / 26 156 0 255 / 0.56410220 0.99867250
				-15.74090000 22.01119000 -15.14726000 / 0.00000000 0.00019070 1.00000000 / 26 156 0 255 / 0.56410220 0.99867250
				-15.77256000 22.07399000 -15.14727000 / 0.00000000 0.00019070 1.00000000 / 36 134 0 255 / 0.93911730 0.99867250
				-16.04283000 22.49661000 -15.55010000 / -0.10319200 0.20428580 -0.97345710 / 24 90 0 255 / 0.77317810 0.77926640
				-15.82712000 22.07171000 -15.26299000 / -0.44792680 0.87277540 0.19397130 / 38 117 0 255 / 0.93911730 0.77926640
				-15.82712000 22.07171000 -15.26299000 / -0.44785050 0.87281260 0.19397950 / 38 117 0 255 / 0.93911730 0.77926640
				-15.81667000 22.05135000 -15.14727000 / -0.44792680 0.87277540 0.19397130 / 30 149 0 255 / 0.91036990 0.77926640
				-15.77256000 22.07399000 -15.14727000 / -0.44792680 0.87277540 0.19397130 / 36 134 0 255 / 0.91036990 0.99867250
				-15.77256000 22.07399000 -15.14727000 / -0.44785050 0.87281260 0.19397950 / 36 134 0 255 / 0.91036990 0.99867250
				-14.98397000 20.52426000 -15.81572000 / 0.44981790 -0.87674920 -0.17021940 / 205 156 0 255 / 0.93911730 0.99867250
				-15.78301000 22.09434000 -15.26299000 / -0.44785050 0.87281260 0.19397950 / 37 105 0 255 / 0.93911730 0.99867250
				-15.82789000 22.07364000 -15.29424000 / -0.45544590 0.88781430 0.06599010 / 32 101 0 255 / 0.93911730 0.77926640
				-15.82789000 22.07364000 -15.29424000 / -0.45559570 0.88772980 0.06609330 / 32 101 0 255 / 0.93911730 0.77926640
				-15.82712000 22.07171000 -15.26299000 / -0.45544590 0.88781430 0.06599010 / 38 117 0 255 / 0.91036990 0.77926640
				-15.99891000 22.51880000 -15.55010000 / 0.09031090 -0.17852370 -0.97978230 / 23 91 0 255 / 0.77317810 0.99867250
				-15.78301000 22.09434000 -15.26299000 / -0.45544590 0.88781430 0.06599010 / 37 105 0 255 / 0.91036990 0.99867250
				-15.78301000 22.09434000 -15.26299000 / -0.45559570 0.88772980 0.06609330 / 37 105 0 255 / 0.91036990 0.99867250
				-15.78379000 22.09627000 -15.29424000 / -0.45559570 0.88772980 0.06609330 / 27 97 0 255 / 0.93911730 0.99867250
				-15.82397000 22.06666000 -15.31573000 / -0.42792760 0.83372920 -0.34896080 / 25 90 0 255 / 0.93911730 0.77926640
				-15.82397000 22.06666000 -15.31573000 / -0.42048970 0.83239600 -0.36097830 / 25 90 0 255 / 0.93911730 0.77926640
				-15.82789000 22.07364000 -15.29424000 / -0.42792760 0.83372920 -0.34896080 / 32 101 0 255 / 0.91036990 0.77926640
				-15.78379000 22.09627000 -15.29424000 / -0.42792760 0.83372920 -0.34896080 / 27 97 0 255 / 0.91036990 0.99867250
				-15.78379000 22.09627000 -15.29424000 / -0.42048970 0.83239600 -0.36097830 / 27 97 0 255 / 0.91036990 0.99867250
				-15.78005000 22.08885000 -15.31573000 / -0.42048970 0.83239600 -0.36097830 / 24 88 0 255 / 0.93911730 0.99867250
				-15.81668000 22.05136000 -15.32891000 / -0.27695060 0.54817900 -0.78917560 / 25 91 0 255 / 0.93911730 0.77926640
				-15.99891000 22.51880000 -15.55010000 / -0.10308810 0.20426880 -0.97347170 / 23 91 0 255 / 0.77317810 0.99867250
				-15.81668000 22.05136000 -15.32891000 / -0.28372360 0.55276040 -0.78355400 / 25 91 0 255 / 0.93911730 0.77926640
				-15.44221000 21.31596000 -15.81719000 / -0.00066760 0.00152580 0.99999860 / 44 137 0 255 / 0.93911730 0.77926640
				-15.44221000 21.31596000 -15.81719000 / -0.00076290 0.00133510 0.99999900 / 44 137 0 255 / 0.93911730 0.77926640
				-15.82397000 22.06666000 -15.31573000 / -0.27695060 0.54817900 -0.78917560 / 25 90 0 255 / 0.91036990 0.77926640
				-15.78005000 22.08885000 -15.31573000 / -0.27695060 0.54817900 -0.78917560 / 24 88 0 255 / 0.91036990 0.99867250
				-15.78005000 22.08885000 -15.31573000 / -0.28372360 0.55276040 -0.78355400 / 24 88 0 255 / 0.91036990 0.99867250
				-15.77256000 22.07399000 -15.32891000 / -0.28372360 0.55276040 -0.78355400 / 27 95 0 255 / 0.93911730 0.99867250
				-15.80526000 22.02953000 -15.33282000 / -0.07162191 0.13942910 -0.98763840 / 31 99 0 255 / 0.93911730 0.77926640
				-15.58034000 21.69621000 -15.56279000 / -0.45039720 0.89163950 0.04606010 / 18 95 0 255 / 0.77600090 0.99867250
				-15.80526000 22.02953000 -15.33282000 / -0.06971060 0.13808610 -0.98796390 / 31 99 0 255 / 0.93911730 0.77926640
				-15.81668000 22.05136000 -15.32891000 / -0.07162191 0.13942910 -0.98763840 / 25 91 0 255 / 0.91036990 0.77926640
				-15.99891000 22.51880000 -15.55010000 / -0.10614600 0.20695130 -0.97257600 / 23 91 0 255 / 0.77317810 0.99867250
				-15.77256000 22.07399000 -15.32891000 / -0.07162191 0.13942910 -0.98763840 / 27 95 0 255 / 0.91036990 0.99867250
				-15.77256000 22.07399000 -15.32891000 / -0.06971060 0.13808610 -0.98796390 / 27 95 0 255 / 0.91036990 0.99867250
				-15.76135000 22.05171000 -15.33282000 / -0.06971060 0.13808610 -0.98796390 / 35 96 0 255 / 0.93911730 0.99867250
				-15.79604000 22.01128000 -15.33136000 / 0.03213890 -0.06370560 -0.99745110 / 39 96 0 255 / 0.93911730 0.77926640
				-15.79604000 22.01128000 -15.33136000 / 0.03309310 -0.06446960 -0.99737080 / 39 96 0 255 / 0.93911730 0.77926640
				-15.80526000 22.02953000 -15.33282000 / 0.03213890 -0.06370560 -0.99745110 / 31 99 0 255 / 0.91036990 0.77926640
				-15.76135000 22.05171000 -15.33282000 / 0.03213890 -0.06370560 -0.99745110 / 35 96 0 255 / 0.91036990 0.99867250
				-15.62496000 21.67486000 -15.58574000 / -0.45032310 0.89168170 0.04596690 / 19 94 0 255 / 0.69421380 0.77926640
				-15.76135000 22.05171000 -15.33282000 / 0.03309310 -0.06446960 -0.99737080 / 35 96 0 255 / 0.91036990 0.99867250
				-15.02808000 20.50163000 -15.81572000 / -0.00066760 0.00152580 0.99999860 / 43 146 0 255 / 0.56410220 0.77926640
				-15.75193000 22.03392000 -15.33136000 / 0.03309310 -0.06446960 -0.99737080 / 42 92 0 255 / 0.93911730 0.99867250
				-16.03457000 22.47984000 -15.55450000 / -0.10319200 0.20428580 -0.97345710 / 22 89 0 255 / 0.86929320 0.77926640
				-15.78830000 21.99579000 -15.32549000 / 0.14648120 -0.28533310 -0.94716850 / 43 86 0 255 / 0.93911730 0.77926640
				-15.78830000 21.99579000 -15.32549000 / 0.14218730 -0.28151360 -0.94896410 / 43 86 0 255 / 0.93911730 0.77926640
				-15.79604000 22.01128000 -15.33136000 / 0.14648120 -0.28533310 -0.94716850 / 39 96 0 255 / 0.91036990 0.77926640
				-15.75193000 22.03392000 -15.33136000 / 0.14648120 -0.28533310 -0.94716850 / 42 92 0 255 / 0.91036990 0.99867250
				-15.75193000 22.03392000 -15.33136000 / 0.14218730 -0.28151360 -0.94896410 / 42 92 0 255 / 0.91036990 0.99867250
				-15.74438000 22.01797000 -15.32549000 / 0.14218730 -0.28151360 -0.94896410 / 40 81 0 255 / 0.93911730 0.99867250
				-15.62496000 21.67486000 -15.58574000 / -0.45039720 0.89163950 0.04606010 / 19 94 0 255 / 0.69421380 0.77926640
				-15.78037000 21.98075000 -15.31523000 / 0.23299270 -0.46121680 -0.85615040 / 32 68 0 255 / 0.93911730 0.77926640
				-15.78037000 21.98075000 -15.31523000 / 0.23308140 -0.46139440 -0.85603060 / 32 68 0 255 / 0.93911730 0.77926640
				-15.78830000 21.99579000 -15.32549000 / 0.23299270 -0.46121680 -0.85615040 / 43 86 0 255 / 0.91036990 0.77926640
				-15.74438000 22.01797000 -15.32549000 / 0.23299270 -0.46121680 -0.85615040 / 40 81 0 255 / 0.91036990 0.99867250
				-16.03457000 22.47984000 -15.55450000 / -0.10624030 0.20694930 -0.97256620 / 22 89 0 255 / 0.86929320 0.77926640
				-15.74438000 22.01797000 -15.32549000 / 0.23308140 -0.46139440 -0.85603060 / 40 81 0 255 / 0.91036990 0.99867250
				-15.73645000 22.00293000 -15.31523000 / 0.23308140 -0.46139440 -0.85603060 / 22 57 0 255 / 0.93911730 0.99867250
				-15.77263000 21.96526000 -15.29961000 / 0.30211830 -0.59794240 -0.74242130 / 18 44 0 255 / 0.93911730 0.77926640
				-15.77263000 21.96526000 -15.29961000 / 0.30213970 -0.59798480 -0.74237850 / 18 44 0 255 / 0.93911730 0.77926640
				-14.98397000 20.52426000 -15.81572000 / -0.00066760 0.00152580 0.99999860 / 42 140 0 255 / 0.56410220 0.99867250
				-15.62496000 21.67486000 -15.58574000 / -0.42598380 0.84338500 -0.32747440 / 19 94 0 255 / 0.69421380 0.77926640
				-14.98397000 20.52426000 -15.81572000 / -0.00076290 0.00133510 0.99999900 / 42 140 0 255 / 0.56410220 0.99867250
				-15.78037000 21.98075000 -15.31523000 / 0.30211830 -0.59794240 -0.74242130 / 32 68 0 255 / 0.91036990 0.77926640
				-15.73645000 22.00293000 -15.31523000 / 0.30211830 -0.59794240 -0.74242130 / 22 57 0 255 / 0.91036990 0.99867250
				-15.73645000 22.00293000 -15.31523000 / 0.30213970 -0.59798480 -0.74237850 / 22 57 0 255 / 0.91036990 0.99867250
				-15.72872000 21.98744000 -15.29961000 / 0.30213970 -0.59798480 -0.74237850 / 14 37 0 255 / 0.93911730 0.99867250
				-16.03457000 22.47984000 -15.55450000 / -0.31262040 0.60940950 -0.72862100 / 22 89 0 255 / 0.86929320 0.77926640
				-15.77533000 21.97011000 -15.32890000 / -0.44304730 0.87694000 0.18624010 / 12 54 0 255 / 0.56410220 0.77926640
				-15.77533000 21.97011000 -15.32890000 / -0.44763880 0.87239010 0.19635450 / 12 54 0 255 / 0.56410220 0.77926640
				-15.77263000 21.96526000 -15.29961000 / -0.44304730 0.87694000 0.18624010 / 13 57 0 255 / 0.56410220 0.99867250
				-15.72872000 21.98744000 -15.29961000 / -0.44304730 0.87694000 0.18624010 / 12 54 0 255 / 0.93911730 0.99867250
				-15.58104000 21.69704000 -15.58574000 / -0.45039720 0.89163950 0.04606010 / 20 95 0 255 / 0.69421380 0.99867250
				-15.72872000 21.98744000 -15.29961000 / -0.44763880 0.87239010 0.19635450 / 12 54 0 255 / 0.93911730 0.99867250
				-15.73123000 21.99275000 -15.32890000 / -0.44763880 0.87239010 0.19635450 / 11 52 0 255 / 0.93911730 0.77926640
				-15.74574000 21.91244000 -15.32891000 / 0.00000000 0.00000000 -1.00000000 / 59 96 0 255 / 0.93911730 0.77926640
				-15.74574000 21.91244000 -15.32891000 / 0.00000000 0.00000000 -1.00000000 / 59 96 0 255 / 0.93911730 0.77926640
				-15.77533000 21.97011000 -15.32890000 / 0.00000000 0.00000000 -1.00000000 / 59 95 0 255 / 0.56410220 0.77926640
				-15.73123000 21.99275000 -15.32890000 / 0.00000000 0.00000000 -1.00000000 / 59 94 0 255 / 0.56410220 0.99867250
				-15.99046000 22.50247000 -15.55450000 / -0.10614600 0.20695130 -0.97257600 / 23 86 0 255 / 0.86929320 0.99867250
				-15.73123000 21.99275000 -15.32890000 / 0.00000000 0.00000000 -1.00000000 / 59 94 0 255 / 0.56410220 0.99867250
				-15.39811000 21.33860000 -15.81719000 / -0.00076290 0.00133510 0.99999900 / 47 131 0 255 / 0.93911730 0.99867250
				-15.70182000 21.93462000 -15.32891000 / 0.00000000 0.00000000 -1.00000000 / 53 93 0 255 / 0.93911730 0.99867250
				-15.58104000 21.69704000 -15.58574000 / -0.42598380 0.84338500 -0.32747440 / 20 95 0 255 / 0.69421380 0.99867250
				-15.72930000 21.87998000 -15.14726000 / 0.44215570 -0.87515570 -0.19647130 / 50 93 0 255 / 0.93911730 0.77926640
				-15.72930000 21.87998000 -15.14726000 / 0.44777410 -0.87265880 -0.19484610 / 50 93 0 255 / 0.93911730 0.77926640
				-15.74574000 21.91244000 -15.32891000 / 0.44215570 -0.87515570 -0.19647130 / 59 96 0 255 / 0.56410220 0.77926640
				-15.70182000 21.93462000 -15.32891000 / 0.44215570 -0.87515570 -0.19647130 / 53 93 0 255 / 0.56410220 0.99867250
				-15.70182000 21.93462000 -15.32891000 / 0.44777410 -0.87265880 -0.19484610 / 53 93 0 255 / 0.56410220 0.99867250
				-15.68518000 21.90261000 -15.14726000 / 0.44777410 -0.87265880 -0.19484610 / 42 87 0 255 / 0.93911730 0.99867250
				-15.70189000 21.82588000 -15.32891000 / 0.00000000 0.00000000 -1.00000000 / 89 87 0 255 / 0.93911730 0.77926640
				-15.99046000 22.50247000 -15.55450000 / -0.31270640 0.60939130 -0.72859940 / 23 86 0 255 / 0.86929320 0.99867250
				-15.70189000 21.82588000 -15.32891000 / 0.00000000 0.00000000 -1.00000000 / 89 87 0 255 / 0.93911730 0.77926640
				-15.73330000 21.88805000 -15.32891000 / 0.00000000 0.00000000 -1.00000000 / 71 95 0 255 / 0.56410220 0.77926640
				-15.58104000 21.69704000 -15.58574000 / -0.43346150 0.84460620 -0.31424770 / 20 95 0 255 / 0.69421380 0.99867250
				-15.68938000 21.91023000 -15.32890000 / 0.00000000 0.00000000 -1.00000000 / 81 88 0 255 / 0.56410220 0.99867250
				-15.68938000 21.91023000 -15.32890000 / 0.00000000 0.00000000 -1.00000000 / 81 88 0 255 / 0.56410220 0.99867250
				-15.65779000 21.84852000 -15.32891000 / 0.00000000 0.00000000 -1.00000000 / 106 84 0 255 / 0.93911730 0.99867250
				-15.69344000 21.80954000 -15.23662000 / 0.44786650 -0.87246230 -0.19551240 / 118 83 0 255 / 0.93911730 0.77926640
				-15.69344000 21.80954000 -15.23662000 / 0.44786650 -0.87246230 -0.19551240 / 118 83 0 255 / 0.93911730 0.77926640
				-15.82692000 22.07217000 -15.12578000 / -0.89014970 -0.45566050 -0.00267030 / 126 158 0 255 / 0.66761780 0.18806460
				-15.82692000 22.07217000 -15.12578000 / -0.89053570 -0.45489990 -0.00352860 / 126 158 0 255 / 0.66761780 0.18806460
				-15.70189000 21.82588000 -15.32891000 / 0.44786650 -0.87246230 -0.19551240 / 89 87 0 255 / 0.91036990 0.77926640
				-15.99046000 22.50247000 -15.55450000 / -0.31281420 0.60941550 -0.72853290 / 23 86 0 255 / 0.86929320 0.99867250
				-15.65779000 21.84852000 -15.32891000 / 0.44786650 -0.87246230 -0.19551240 / 106 84 0 255 / 0.91036990 0.99867250
				-15.62174000 21.66871000 -15.60576000 / -0.42598380 0.84338500 -0.32747440 / 20 94 0 255 / 0.62188720 0.77926640
				-15.65779000 21.84852000 -15.32891000 / 0.44786650 -0.87246230 -0.19551240 / 106 84 0 255 / 0.91036990 0.99867250
				-15.64934000 21.83218000 -15.23662000 / 0.44786650 -0.87246230 -0.19551240 / 125 87 0 255 / 0.93911730 0.99867250
				-15.69073000 21.80468000 -15.21856000 / 0.43639960 -0.85029260 -0.29420730 / 124 90 0 255 / 0.93911730 0.77926640
				-15.69073000 21.80468000 -15.21856000 / 0.42886950 -0.84877440 -0.30927810 / 124 90 0 255 / 0.93911730 0.77926640
				-15.69344000 21.80954000 -15.23662000 / 0.43639960 -0.85029260 -0.29420730 / 118 83 0 255 / 0.91036990 0.77926640
				-15.64934000 21.83218000 -15.23662000 / 0.43639960 -0.85029260 -0.29420730 / 125 87 0 255 / 0.91036990 0.99867250
				-15.64934000 21.83218000 -15.23662000 / 0.42886950 -0.84877440 -0.30927810 / 125 87 0 255 / 0.91036990 0.99867250
				-15.64682000 21.82687000 -15.21856000 / 0.42886950 -0.84877440 -0.30927810 / 115 91 0 255 / 0.93911730 0.99867250
				-15.68744000 21.79745000 -15.20684000 / 0.37339410 -0.73896750 -0.56080650 / 102 91 0 255 / 0.93911730 0.77926640
				-16.02857000 22.46773000 -15.56720000 / -0.31262040 0.60940950 -0.72862100 / 24 88 0 255 / 0.93911730 0.77926640
				-15.62174000 21.66871000 -15.60576000 / -0.43346150 0.84460620 -0.31424770 / 20 94 0 255 / 0.62188720 0.77926640
				-15.68744000 21.79745000 -15.20684000 / 0.38251990 -0.74558470 -0.54569410 / 102 91 0 255 / 0.93911730 0.77926640
				-15.69073000 21.80468000 -15.21856000 / 0.37339410 -0.73896750 -0.56080650 / 124 90 0 255 / 0.91036990 0.77926640
				-15.64682000 21.82687000 -15.21856000 / 0.37339410 -0.73896750 -0.56080650 / 115 91 0 255 / 0.91036990 0.99867250
				-15.64682000 21.82687000 -15.21856000 / 0.38251990 -0.74558470 -0.54569410 / 115 91 0 255 / 0.91036990 0.99867250
				-15.82294000 22.06410000 -15.07793000 / -0.89014970 -0.45566050 -0.00267030 / 128 151 0 255 / 0.69371030 0.05616760
				-15.64333000 21.82008000 -15.20684000 / 0.38251990 -0.74558470 -0.54569410 / 88 86 0 255 / 0.93911730 0.99867250
				-15.68273000 21.78855000 -15.20000000 / 0.25653630 -0.49991200 -0.82721040 / 74 80 0 255 / 0.93911730 0.77926640
				-15.68273000 21.78855000 -15.20000000 / 0.24804610 -0.49113320 -0.83502170 / 74 80 0 255 / 0.93911730 0.77926640
				-15.68744000 21.79745000 -15.20684000 / 0.25653630 -0.49991200 -0.82721040 / 102 91 0 255 / 0.91036990 0.77926640
				-15.64333000 21.82008000 -15.20684000 / 0.25653630 -0.49991200 -0.82721040 / 88 86 0 255 / 0.91036990 0.99867250
				-15.62174000 21.66871000 -15.60576000 / -0.36067750 0.70285380 -0.61311360 / 20 94 0 255 / 0.62188720 0.77926640
				-16.02857000 22.46773000 -15.56720000 / -0.31281420 0.60941550 -0.72853290 / 24 88 0 255 / 0.93911730 0.77926640
				-15.64333000 21.82008000 -15.20684000 / 0.24804610 -0.49113320 -0.83502170 / 88 86 0 255 / 0.91036990 0.99867250
				-15.63882000 21.81073000 -15.20000000 / 0.24804610 -0.49113320 -0.83502170 / 64 72 0 255 / 0.93911730 0.99867250
				-15.67751000 21.77837000 -15.19755000 / 0.09441609 -0.18692480 -0.97782650 / 60 68 0 255 / 0.93911730 0.77926640
				-15.67751000 21.77837000 -15.19755000 / 0.09441609 -0.18692480 -0.97782650 / 60 68 0 255 / 0.93911730 0.77926640
				-15.68273000 21.78855000 -15.20000000 / 0.09441609 -0.18692480 -0.97782650 / 74 80 0 255 / 0.91036990 0.77926640
				-15.63882000 21.81073000 -15.20000000 / 0.09441609 -0.18692480 -0.97782650 / 64 72 0 255 / 0.91036990 0.99867250
				-15.63882000 21.81073000 -15.20000000 / 0.09441609 -0.18692480 -0.97782650 / 64 72 0 255 / 0.91036990 0.99867250
				-15.63360000 21.80056000 -15.19755000 / 0.09441609 -0.18692480 -0.97782650 / 61 69 0 255 / 0.93911730 0.99867250
				-15.67429000 21.77223000 -15.19853000 / -0.06284990 0.12436470 -0.99024410 / 59 69 0 255 / 0.93911730 0.77926640
				-15.57763000 21.69134000 -15.60576000 / -0.43346150 0.84460620 -0.31424770 / 20 92 0 255 / 0.62188720 0.99867250
				-15.67429000 21.77223000 -15.19853000 / -0.06284990 0.12436470 -0.99024410 / 59 69 0 255 / 0.93911730 0.77926640
				-15.98446000 22.49037000 -15.56720000 / -0.31281420 0.60941550 -0.72853290 / 26 95 0 255 / 0.93911730 0.99867250
				-15.85453000 22.12582000 -15.07793000 / -0.89014970 -0.45566050 -0.00267030 / 126 158 0 255 / 0.49996950 0.05616760
				-15.85453000 22.12582000 -15.07793000 / -0.89053570 -0.45489990 -0.00352860 / 126 158 0 255 / 0.49996950 0.05616760
				-15.67751000 21.77837000 -15.19755000 / -0.06284990 0.12436470 -0.99024410 / 60 68 0 255 / 0.91036990 0.77926640
				-15.63360000 21.80056000 -15.19755000 / -0.06284990 0.12436470 -0.99024410 / 61 69 0 255 / 0.91036990 0.99867250
				-15.63360000 21.80056000 -15.19755000 / -0.06284990 0.12436470 -0.99024410 / 61 69 0 255 / 0.91036990 0.99867250
				-15.63038000 21.79441000 -15.19853000 / -0.06284990 0.12436470 -0.99024410 / 55 71 0 255 / 0.93911730 0.99867250
				-15.67203000 21.76755000 -15.20195000 / -0.24804960 0.49094930 -0.83512880 / 55 73 0 255 / 0.93911730 0.77926640
				-15.67203000 21.76755000 -15.20195000 / -0.24768210 0.49040490 -0.83555770 / 55 73 0 255 / 0.93911730 0.77926640
				-15.57763000 21.69134000 -15.60576000 / -0.36067750 0.70285380 -0.61311360 / 20 92 0 255 / 0.62188720 0.99867250
				-15.67429000 21.77223000 -15.19853000 / -0.24804960 0.49094930 -0.83512880 / 59 69 0 255 / 0.91036990 0.77926640
				-15.63038000 21.79441000 -15.19853000 / -0.24804960 0.49094930 -0.83512880 / 55 71 0 255 / 0.91036990 0.99867250
				-16.04631000 22.50339000 -15.68438000 / -0.25330970 0.50146930 0.82726220 / 30 162 0 255 / 0.66070550 0.77926640
				-15.63038000 21.79441000 -15.19853000 / -0.24768210 0.49040490 -0.83555770 / 55 71 0 255 / 0.91036990 0.99867250
				-15.62811000 21.78973000 -15.20195000 / -0.24768210 0.49040490 -0.83555770 / 64 76 0 255 / 0.93911730 0.99867250
				-15.67029000 21.76416000 -15.20683000 / -0.35522790 0.70339890 -0.61566480 / 81 85 0 255 / 0.93911730 0.77926640
				-15.67029000 21.76416000 -15.20683000 / -0.37127830 0.72329180 -0.58223830 / 81 85 0 255 / 0.93911730 0.77926640
				-15.67203000 21.76755000 -15.20195000 / -0.35522790 0.70339890 -0.61566480 / 55 73 0 255 / 0.91036990 0.77926640
				-15.62811000 21.78973000 -15.20195000 / -0.35522790 0.70339890 -0.61566480 / 64 76 0 255 / 0.91036990 0.99867250
				-15.62811000 21.78973000 -15.20195000 / -0.37127830 0.72329180 -0.58223830 / 64 76 0 255 / 0.91036990 0.99867250
				-15.57763000 21.69134000 -15.60576000 / -0.35266440 0.69827160 -0.62293230 / 20 92 0 255 / 0.62188720 0.99867250
				-15.85878000 22.13452000 -15.12578000 / -0.89053570 -0.45489990 -0.00352860 / 125 164 0 255 / 0.47387700 0.18806460
				-15.62618000 21.78680000 -15.20683000 / -0.37127830 0.72329180 -0.58223830 / 96 86 0 255 / 0.93911730 0.99867250
				-15.66932000 21.76269000 -15.21269000 / -0.43744790 0.85238920 -0.28648210 / 102 96 0 255 / 0.93911730 0.77926640
				-16.04631000 22.50339000 -15.68438000 / -0.25328550 0.50161210 0.82718310 / 30 162 0 255 / 0.66070550 0.77926640
				-15.66932000 21.76269000 -15.21269000 / -0.42531500 0.84185670 -0.33224160 / 102 96 0 255 / 0.93911730 0.77926640
				-15.67029000 21.76416000 -15.20683000 / -0.43744790 0.85238920 -0.28648210 / 81 85 0 255 / 0.91036990 0.77926640
				-15.62618000 21.78680000 -15.20683000 / -0.43744790 0.85238920 -0.28648210 / 96 86 0 255 / 0.91036990 0.99867250
				-15.62618000 21.78680000 -15.20683000 / -0.42531500 0.84185670 -0.33224160 / 96 86 0 255 / 0.91036990 0.99867250
				-15.62541000 21.78487000 -15.21269000 / -0.42531500 0.84185670 -0.33224160 / 102 88 0 255 / 0.93911730 0.99867250
				-15.66978000 21.76288000 -15.21904000 / -0.45015050 0.89095470 0.05970220 / 102 95 0 255 / 0.93911730 0.77926640
				-15.61625000 21.65789000 -15.62139000 / -0.36067750 0.70285380 -0.61311360 / 20 84 0 255 / 0.56410220 0.77926640
				-15.66978000 21.76288000 -15.21904000 / -0.45002840 0.89109250 0.05855420 / 102 95 0 255 / 0.93911730 0.77926640
				-15.66932000 21.76269000 -15.21269000 / -0.45015050 0.89095470 0.05970220 / 102 96 0 255 / 0.91036990 0.77926640
				-15.62541000 21.78487000 -15.21269000 / -0.45015050 0.89095470 0.05970220 / 102 88 0 255 / 0.91036990 0.99867250
				-15.62541000 21.78487000 -15.21269000 / -0.45002840 0.89109250 0.05855420 / 102 88 0 255 / 0.91036990 0.99867250
				-16.04631000 22.50339000 -15.68438000 / -0.09174750 0.18158760 0.97908540 / 30 162 0 255 / 0.66070550 0.77926640
				-15.62586000 21.78507000 -15.21904000 / -0.45002840 0.89109250 0.05855420 / 103 87 0 255 / 0.93911730 0.99867250
				-15.67029000 21.76416000 -15.22929000 / -0.44684950 0.88473530 0.13254820 / 96 89 0 255 / 0.93911730 0.77926640
				-15.67029000 21.76416000 -15.22929000 / -0.45055210 0.87783280 0.16251920 / 96 89 0 255 / 0.93911730 0.77926640
				-15.86052000 22.13791000 -15.14727000 / -0.89256930 -0.45091010 0.00028610 / 137 168 0 255 / 0.46192930 0.24851990
				-15.86052000 22.13791000 -15.14727000 / -0.89015220 -0.45566180 0.00123980 / 137 168 0 255 / 0.46192930 0.24851990
				-15.61625000 21.65789000 -15.62139000 / -0.35266440 0.69827160 -0.62293230 / 20 84 0 255 / 0.56410220 0.77926640
				-15.66978000 21.76288000 -15.21904000 / -0.44684950 0.88473530 0.13254820 / 102 95 0 255 / 0.91036990 0.77926640
				-15.62586000 21.78507000 -15.21904000 / -0.44684950 0.88473530 0.13254820 / 103 87 0 255 / 0.91036990 0.99867250
				-15.62586000 21.78507000 -15.21904000 / -0.45055210 0.87783280 0.16251920 / 103 87 0 255 / 0.91036990 0.99867250
				-15.62618000 21.78680000 -15.22929000 / -0.45055210 0.87783280 0.16251920 / 80 93 0 255 / 0.93911730 0.99867250
				-15.67926000 21.78177000 -15.32890000 / -0.44786700 0.87265400 0.19465430 / 70 97 0 255 / 0.93911730 0.77926640
				-16.29754000 22.99699000 -15.32892000 / -0.44231810 0.87567160 0.19378830 / 21 129 0 255 / 0.93911730 0.77926640
				-15.67926000 21.78177000 -15.32890000 / -0.44786700 0.87265400 0.19465430 / 70 97 0 255 / 0.93911730 0.77926640
				-15.67029000 21.76416000 -15.22929000 / -0.44786700 0.87265400 0.19465430 / 96 89 0 255 / 0.91036990 0.77926640
				-15.62618000 21.78680000 -15.22929000 / -0.44786700 0.87265400 0.19465430 / 80 93 0 255 / 0.91036990 0.99867250
				-15.62618000 21.78680000 -15.22929000 / -0.44786700 0.87265400 0.19465430 / 80 93 0 255 / 0.91036990 0.99867250
				-15.61625000 21.65789000 -15.62139000 / -0.23766700 0.47037470 -0.84986000 / 20 84 0 255 / 0.56410220 0.77926640
				-15.63515000 21.80441000 -15.32890000 / -0.44786700 0.87265400 0.19465430 / 59 107 0 255 / 0.93911730 0.99867250
				-15.64785000 21.71961000 -15.32891000 / 0.00000000 0.00000000 -1.00000000 / 79 88 0 255 / 0.93911730 0.77926640
				-15.64785000 21.71961000 -15.32891000 / 0.00000000 0.00000000 -1.00000000 / 79 88 0 255 / 0.93911730 0.77926640
				-15.67926000 21.78177000 -15.32890000 / 0.00000000 0.00000000 -1.00000000 / 61 82 0 255 / 0.56410220 0.77926640
				-15.63515000 21.80441000 -15.32890000 / 0.00000000 0.00000000 -1.00000000 / 68 81 0 255 / 0.56410220 0.99867250
				-15.63515000 21.80441000 -15.32890000 / 0.00000000 0.00000000 -1.00000000 / 68 81 0 255 / 0.56410220 0.99867250
				-16.29754000 22.99699000 -15.32892000 / -0.44231810 0.87567160 0.19378830 / 21 129 0 255 / 0.93911730 0.77926640
				-15.87697000 22.17037000 -15.32891000 / -0.89256930 -0.45091010 0.00028610 / 129 178 0 255 / 0.36192320 0.75415040
				-15.60374000 21.74224000 -15.32891000 / 0.00000000 0.00000000 -1.00000000 / 95 95 0 255 / 0.93911730 0.99867250
				-15.63940000 21.70328000 -15.23515000 / 0.44806050 -0.87304080 -0.19246190 / 108 106 0 255 / 0.93911730 0.77926640
				-15.57233000 21.68008000 -15.62139000 / -0.35266440 0.69827160 -0.62293230 / 20 89 0 255 / 0.56410220 0.99867250
				-15.63940000 21.70328000 -15.23515000 / 0.44214810 -0.87533120 -0.19570490 / 108 106 0 255 / 0.93911730 0.77926640
				-15.64785000 21.71961000 -15.32891000 / 0.44806050 -0.87304080 -0.19246190 / 79 88 0 255 / 0.91036990 0.77926640
				-15.60374000 21.74224000 -15.32891000 / 0.44806050 -0.87304080 -0.19246190 / 95 95 0 255 / 0.91036990 0.99867250
				-15.60374000 21.74224000 -15.32891000 / 0.44214810 -0.87533120 -0.19570490 / 95 95 0 255 / 0.91036990 0.99867250
				-15.59548000 21.72546000 -15.23515000 / 0.44214810 -0.87533120 -0.19570490 / 110 103 0 255 / 0.93911730 0.99867250
				-15.63714000 21.69861000 -15.21807000 / 0.43136980 -0.85415610 -0.29040920 / 107 96 0 255 / 0.93911730 0.77926640
				-15.63714000 21.69861000 -15.21807000 / 0.43887870 -0.85563220 -0.27437070 / 107 96 0 255 / 0.93911730 0.77926640
				-16.03805000 22.48662000 -15.67169000 / -0.25330970 0.50146930 0.82726220 / 33 155 0 255 / 0.56410220 0.77926640
				-15.63940000 21.70328000 -15.23515000 / 0.43136980 -0.85415610 -0.29040920 / 108 106 0 255 / 0.91036990 0.77926640
				-15.59548000 21.72546000 -15.23515000 / 0.43136980 -0.85415610 -0.29040920 / 110 103 0 255 / 0.91036990 0.99867250
				-15.57233000 21.68008000 -15.62139000 / -0.23766700 0.47037470 -0.84986000 / 20 89 0 255 / 0.56410220 0.99867250
				-15.59548000 21.72546000 -15.23515000 / 0.43887870 -0.85563220 -0.27437070 / 110 103 0 255 / 0.91036990 0.99867250
				-15.59304000 21.72123000 -15.21807000 / 0.43887870 -0.85563220 -0.27437070 / 98 87 0 255 / 0.93911730 0.99867250
				-15.63321000 21.69163000 -15.20683000 / 0.37163930 -0.72458700 -0.58039440 / 89 84 0 255 / 0.93911730 0.77926640
				-15.63321000 21.69163000 -15.20683000 / 0.36247980 -0.71752110 -0.59478720 / 89 84 0 255 / 0.93911730 0.77926640
				-15.84556000 22.10821000 -15.32891000 / -0.89256930 -0.45091010 0.00028610 / 137 168 0 255 / 0.55566410 0.75415040
				-15.84556000 22.10821000 -15.32891000 / -0.89015220 -0.45566180 0.00123980 / 137 168 0 255 / 0.55566410 0.75415040
				-15.63714000 21.69861000 -15.21807000 / 0.37163930 -0.72458700 -0.58039440 / 107 96 0 255 / 0.91036990 0.77926640
				-15.59304000 21.72123000 -15.21807000 / 0.37163930 -0.72458700 -0.58039440 / 98 87 0 255 / 0.91036990 0.99867250
				-15.99414000 22.50880000 -15.67168000 / -0.25339900 0.50145720 0.82724220 / 31 152 0 255 / 0.56410220 0.99867250
				-15.59304000 21.72123000 -15.21807000 / 0.36247980 -0.71752110 -0.59478720 / 98 87 0 255 / 0.91036990 0.99867250
				-15.57233000 21.68008000 -15.62139000 / -0.24375000 0.47510270 -0.84549590 / 20 89 0 255 / 0.56410220 0.99867250
				-15.58930000 21.71381000 -15.20683000 / 0.36247980 -0.71752110 -0.59478720 / 76 87 0 255 / 0.93911730 0.99867250
				-15.62915000 21.68247000 -15.20000000 / 0.25442850 -0.50370730 -0.82555740 / 63 81 0 255 / 0.93911730 0.77926640
				-15.62915000 21.68247000 -15.20000000 / 0.25261650 -0.50179990 -0.82727370 / 63 81 0 255 / 0.93911730 0.77926640
				-15.63321000 21.69163000 -15.20683000 / 0.25442850 -0.50370730 -0.82555740 / 89 84 0 255 / 0.91036990 0.77926640
				-15.58930000 21.71381000 -15.20683000 / 0.25442850 -0.50370730 -0.82555740 / 76 87 0 255 / 0.91036990 0.99867250
				-15.58930000 21.71381000 -15.20683000 / 0.25261650 -0.50179990 -0.82727370 / 76 87 0 255 / 0.91036990 0.99867250
				-15.58459000 21.70491000 -15.20000000 / 0.25261650 -0.50179990 -0.82727370 / 49 81 0 255 / 0.93911730 0.99867250
				-15.62348000 21.67210000 -15.19756000 / 0.09097800 -0.18081160 -0.97930080 / 40 77 0 255 / 0.93911730 0.77926640
				-15.62348000 21.67210000 -15.19756000 / 0.09526921 -0.18577020 -0.97796370 / 40 77 0 255 / 0.93911730 0.77926640
				-15.99414000 22.50880000 -15.67168000 / -0.25339470 0.50163950 0.82713310 / 31 152 0 255 / 0.56410220 0.99867250
				-15.60852000 21.64240000 -15.63213000 / -0.23766700 0.47037470 -0.84986000 / 19 88 0 255 / 0.61068720 0.77926640
				-15.62915000 21.68247000 -15.20000000 / 0.09097800 -0.18081160 -0.97930080 / 63 81 0 255 / 0.91036990 0.77926640
				-15.58459000 21.70491000 -15.20000000 / 0.09097800 -0.18081160 -0.97930080 / 49 81 0 255 / 0.91036990 0.99867250
				-15.58459000 21.70491000 -15.20000000 / 0.09526921 -0.18577020 -0.97796370 / 49 81 0 255 / 0.91036990 0.99867250
				-15.82892000 22.07620000 -15.14727000 / -0.89015220 -0.45566180 0.00123980 / 145 158 0 255 / 0.65565490 0.24851990
				-15.57937000 21.69474000 -15.19756000 / 0.09526921 -0.18577020 -0.97796370 / 33 80 0 255 / 0.93911730 0.99867250
				-15.61948000 21.66403000 -15.20000000 / -0.11949720 0.23289090 -0.96513330 / 30 81 0 255 / 0.93911730 0.77926640
				-15.61948000 21.66403000 -15.20000000 / -0.11949150 0.23268900 -0.96518270 / 30 81 0 255 / 0.93911730 0.77926640
				-15.62348000 21.67210000 -15.19756000 / -0.11949720 0.23289090 -0.96513330 / 40 77 0 255 / 0.91036990 0.77926640
				-15.57937000 21.69474000 -15.19756000 / -0.11949720 0.23289090 -0.96513330 / 33 80 0 255 / 0.91036990 0.99867250
				-15.57937000 21.69474000 -15.19756000 / -0.11949150 0.23268900 -0.96518270 / 33 80 0 255 / 0.91036990 0.99867250
				-15.60852000 21.64240000 -15.63213000 / -0.24375000 0.47510270 -0.84549590 / 19 88 0 255 / 0.61068720 0.77926640
				-16.00239000 22.52557000 -15.68438000 / -0.25328550 0.50161210 0.82718310 / 32 162 0 255 / 0.66070550 0.99867250
				-15.57536000 21.68666000 -15.20000000 / -0.11949150 0.23268900 -0.96518270 / 30 84 0 255 / 0.93911730 0.99867250
				-15.61651000 21.65853000 -15.20732000 / -0.34732400 0.67690990 -0.64896760 / 31 84 0 255 / 0.93911730 0.77926640
				-15.61651000 21.65853000 -15.20732000 / -0.33581130 0.66475580 -0.66733090 / 31 84 0 255 / 0.93911730 0.77926640
				-15.61948000 21.66403000 -15.20000000 / -0.34732400 0.67690990 -0.64896760 / 30 81 0 255 / 0.91036990 0.77926640
				-15.57536000 21.68666000 -15.20000000 / -0.34732400 0.67690990 -0.64896760 / 30 84 0 255 / 0.91036990 0.99867250
				-15.57536000 21.68666000 -15.20000000 / -0.33581130 0.66475580 -0.66733090 / 30 84 0 255 / 0.91036990 0.99867250
				-15.57259000 21.68071000 -15.20732000 / -0.33581130 0.66475580 -0.66733090 / 33 82 0 255 / 0.93911730 0.99867250
				-15.61573000 21.65660000 -15.21465000 / -0.43390900 0.85904440 -0.27159840 / 31 84 0 255 / 0.93911730 0.77926640
				-15.61573000 21.65660000 -15.21465000 / -0.44411970 0.86535160 -0.23221630 / 31 84 0 255 / 0.93911730 0.77926640
				-15.60852000 21.64240000 -15.63213000 / -0.13246980 0.25826370 -0.95694910 / 19 88 0 255 / 0.61068720 0.77926640
				-15.28332000 21.00330000 -15.07793000 / -0.88808320 -0.45968230 -0.00066760 / 178 166 0 255 / 0.49850460 0.04827880
				-16.00239000 22.52557000 -15.68438000 / -0.09174750 0.18158760 0.97908540 / 32 162 0 255 / 0.66070550 0.99867250
				-15.28332000 21.00330000 -15.07793000 / -0.89054060 -0.45490240 -0.00114440 / 178 166 0 255 / 0.49850460 0.04827880
				-15.61651000 21.65853000 -15.20732000 / -0.43390900 0.85904440 -0.27159840 / 31 84 0 255 / 0.91036990 0.77926640
				-15.57259000 21.68071000 -15.20732000 / -0.43390900 0.85904440 -0.27159840 / 33 82 0 255 / 0.91036990 0.99867250
				-15.57259000 21.68071000 -15.20732000 / -0.44411970 0.86535160 -0.23221630 / 33 82 0 255 / 0.91036990 0.99867250
				-15.57163000 21.67924000 -15.21465000 / -0.44411970 0.86535160 -0.23221630 / 29 91 0 255 / 0.93911730 0.99867250
				-15.61599000 21.65725000 -15.22539000 / -0.45565080 0.88784190 0.06418020 / 25 107 0 255 / 0.93911730 0.77926640
				-15.61599000 21.65725000 -15.22539000 / -0.45558630 0.88790220 0.06380310 / 25 107 0 255 / 0.93911730 0.77926640
				-15.61573000 21.65660000 -15.21465000 / -0.45565080 0.88784190 0.06418020 / 31 84 0 255 / 0.91036990 0.77926640
				-15.98942000 22.49991000 -15.27080000 / 0.35563230 -0.69314440 -0.62695810 / 27 100 0 255 / 0.56410220 0.99867250
				-15.57163000 21.67924000 -15.21465000 / -0.45565080 0.88784190 0.06418020 / 29 91 0 255 / 0.91036990 0.99867250
				-15.57163000 21.67924000 -15.21465000 / -0.45558630 0.88790220 0.06380310 / 29 91 0 255 / 0.91036990 0.99867250
				-16.00239000 22.52557000 -15.68438000 / -0.09174440 0.18177210 0.97905150 / 32 162 0 255 / 0.66070550 0.99867250
				-15.57188000 21.67988000 -15.22539000 / -0.45558630 0.88790220 0.06380310 / 23 117 0 255 / 0.93911730 0.99867250
				-15.62522000 21.67550000 -15.32890000 / -0.44786710 0.87284490 0.19379600 / 23 124 0 255 / 0.93911730 0.77926640
				-15.62522000 21.67550000 -15.32890000 / -0.44793500 0.87279150 0.19387950 / 23 124 0 255 / 0.93911730 0.77926640
				-15.61599000 21.65725000 -15.22539000 / -0.44786710 0.87284490 0.19379600 / 25 107 0 255 / 0.91036990 0.77926640
				-15.57188000 21.67988000 -15.22539000 / -0.44786710 0.87284490 0.19379600 / 23 117 0 255 / 0.91036990 0.99867250
				-15.57188000 21.67988000 -15.22539000 / -0.44793500 0.87279150 0.19387950 / 23 117 0 255 / 0.91036990 0.99867250
				-15.30595000 21.04740000 -15.32890000 / -0.88808320 -0.45968230 -0.00066760 / 178 163 0 255 / 0.36643980 0.71603390
				-15.56441000 21.66502000 -15.63213000 / -0.24375000 0.47510270 -0.84549590 / 18 93 0 255 / 0.61068720 0.99867250
				-15.58111000 21.69814000 -15.32890000 / -0.44793500 0.87279150 0.19387950 / 22 124 0 255 / 0.93911730 0.99867250
				-15.59362000 21.61379000 -15.32891000 / -0.00009540 0.00000000 -1.00000000 / 105 94 0 255 / 0.93911730 0.77926640
				-15.59362000 21.61379000 -15.32891000 / -0.00009540 0.00000000 -1.00000000 / 105 94 0 255 / 0.93911730 0.77926640
				-16.05579000 22.52228000 -15.68878000 / -0.09174750 0.18158760 0.97908540 / 38 168 0 255 / 0.76910400 0.77926640
				-15.62522000 21.67550000 -15.32890000 / -0.00009540 0.00000000 -1.00000000 / 71 88 0 255 / 0.56410220 0.77926640
				-15.58111000 21.69814000 -15.32890000 / -0.00009540 0.00000000 -1.00000000 / 85 89 0 255 / 0.56410220 0.99867250
				-15.58111000 21.69814000 -15.32890000 / -0.00009540 0.00000000 -1.00000000 / 85 89 0 255 / 0.56410220 0.99867250
				-15.54971000 21.63597000 -15.32891000 / -0.00009540 0.00000000 -1.00000000 / 139 102 0 255 / 0.93911730 0.99867250
				-15.63966000 21.70392000 -15.16045000 / 0.40214230 -0.79589260 0.45258880 / 57 147 0 255 / 0.93911730 0.77926640
				-15.63966000 21.70392000 -15.16045000 / 0.40043740 -0.80774120 0.43267080 / 57 147 0 255 / 0.93911730 0.77926640
				-15.56441000 21.66502000 -15.63213000 / -0.13246980 0.25826370 -0.95694910 / 18 93 0 255 / 0.61068720 0.99867250
				-15.63644000 21.69777000 -15.17412000 / 0.40214230 -0.79589260 0.45258880 / 53 139 0 255 / 0.91036990 0.77926640
				-15.59252000 21.71996000 -15.17412000 / 0.40214230 -0.79589260 0.45258880 / 53 142 0 255 / 0.91036990 0.99867250
				-15.59252000 21.71996000 -15.17412000 / 0.40043740 -0.80774120 0.43267080 / 53 142 0 255 / 0.91036990 0.99867250
				-15.59529000 21.72591000 -15.16045000 / 0.40043740 -0.80774120 0.43267080 / 62 153 0 255 / 0.93911730 0.99867250
				-16.05579000 22.52228000 -15.68878000 / -0.09174440 0.18177210 0.97905150 / 38 168 0 255 / 0.76910400 0.77926640
				-15.68770000 21.79809000 -15.14727000 / 0.44822580 -0.87356350 -0.18968530 / 20 123 0 255 / 0.93911730 0.77926640
				-15.68770000 21.79809000 -15.14727000 / 0.44820960 -0.87353190 -0.18986920 / 20 123 0 255 / 0.93911730 0.77926640
				-15.27390000 20.98550000 -15.32891000 / -0.88808320 -0.45968230 -0.00066760 / 178 166 0 255 / 0.55178830 0.71603390
				-15.27390000 20.98550000 -15.32891000 / -0.89054060 -0.45490240 -0.00114440 / 178 166 0 255 / 0.55178830 0.71603390
				-15.68996000 21.80277000 -15.17413000 / 0.44822580 -0.87356350 -0.18968530 / 18 114 0 255 / 0.91036990 0.77926640
				-15.56441000 21.66502000 -15.63213000 / -0.13246980 0.25826370 -0.95694910 / 18 93 0 255 / 0.61068720 0.99867250
				-15.64585000 21.82540000 -15.17413000 / 0.44822580 -0.87356350 -0.18968530 / 20 123 0 255 / 0.91036990 0.99867250
				-15.64585000 21.82540000 -15.17413000 / 0.44820960 -0.87353190 -0.18986920 / 20 123 0 255 / 0.91036990 0.99867250
				-15.64359000 21.82072000 -15.14727000 / 0.44820960 -0.87353190 -0.18986920 / 22 132 0 255 / 0.93911730 0.99867250
				-15.43724000 21.30642000 -15.17070000 / -0.44114060 0.85996680 -0.25661680 / 25 101 0 255 / 0.93911730 0.77926640
				-15.43724000 21.30642000 -15.17070000 / -0.43412320 0.85947250 -0.26989650 / 25 101 0 255 / 0.93911730 0.77926640
				-16.05579000 22.52228000 -15.68878000 / 0.09937360 -0.19664900 0.97542500 / 38 168 0 255 / 0.76910400 0.77926640
				-15.43995000 21.31130000 -15.14971000 / -0.44114060 0.85996680 -0.25661680 / 26 95 0 255 / 0.91036990 0.77926640
				-15.39584000 21.33393000 -15.14971000 / -0.44114060 0.85996680 -0.25661680 / 25 97 0 255 / 0.91036990 0.99867250
				-15.39584000 21.33393000 -15.14971000 / -0.43412320 0.85947250 -0.26989650 / 25 97 0 255 / 0.91036990 0.99867250
				-15.39332000 21.32860000 -15.17070000 / -0.43412320 0.85947250 -0.26989650 / 25 96 0 255 / 0.93911730 0.99867250
				-15.59607000 21.61800000 -15.64043000 / -0.13246980 0.25826370 -0.95694910 / 19 87 0 255 / 0.68537910 0.77926640
				-15.43917000 21.30936000 -15.20440000 / -0.44840860 0.88785280 0.10318550 / 26 103 0 255 / 0.93911730 0.77926640
				-15.43917000 21.30936000 -15.20440000 / -0.45365630 0.88404330 0.11253190 / 26 103 0 255 / 0.93911730 0.77926640
				-15.43724000 21.30642000 -15.17070000 / -0.44840860 0.88785280 0.10318550 / 25 101 0 255 / 0.91036990 0.77926640
				-15.39332000 21.32860000 -15.17070000 / -0.44840860 0.88785280 0.10318550 / 25 96 0 255 / 0.91036990 0.99867250
				-15.39332000 21.32860000 -15.17070000 / -0.45365630 0.88404330 0.11253190 / 25 96 0 255 / 0.91036990 0.99867250
				-15.25147000 20.94095000 -15.07792000 / -0.89054060 -0.45490240 -0.00114440 / 177 169 0 255 / 0.68385310 0.04827880
				-16.01187000 22.54446000 -15.68878000 / -0.09174440 0.18177210 0.97905150 / 49 159 0 255 / 0.76910400 0.99867250
				-15.39506000 21.33200000 -15.20440000 / -0.45365630 0.88404330 0.11253190 / 27 112 0 255 / 0.93911730 0.99867250
				-15.44195000 21.31532000 -15.23027000 / -0.44254050 0.86238180 0.24587700 / 29 122 0 255 / 0.93911730 0.77926640
				-15.44195000 21.31532000 -15.23027000 / -0.44247810 0.86245090 0.24574700 / 29 122 0 255 / 0.93911730 0.77926640
				-15.59607000 21.61800000 -15.64043000 / -0.13246980 0.25826370 -0.95694910 / 19 87 0 255 / 0.68537910 0.77926640
				-15.43917000 21.30936000 -15.20440000 / -0.44254050 0.86238180 0.24587700 / 26 103 0 255 / 0.91036990 0.77926640
				-15.39506000 21.33200000 -15.20440000 / -0.44254050 0.86238180 0.24587700 / 27 112 0 255 / 0.91036990 0.99867250
				-15.39506000 21.33200000 -15.20440000 / -0.44247810 0.86245090 0.24574700 / 27 112 0 255 / 0.91036990 0.99867250
				-15.39784000 21.33795000 -15.23027000 / -0.44247810 0.86245090 0.24574700 / 30 119 0 255 / 0.93911730 0.99867250
				-15.44543000 21.32211000 -15.24785000 / -0.41874310 0.81612470 0.39823990 / 32 120 0 255 / 0.93911730 0.77926640
				-15.44543000 21.32211000 -15.24785000 / -0.41874310 0.81612470 0.39823990 / 32 120 0 255 / 0.93911730 0.77926640
				-15.44195000 21.31532000 -15.23027000 / -0.41874310 0.81612470 0.39823990 / 29 122 0 255 / 0.91036990 0.77926640
				-16.01187000 22.54446000 -15.68878000 / 0.09937360 -0.19664900 0.97542500 / 49 159 0 255 / 0.76910400 0.99867250
				-15.39784000 21.33795000 -15.23027000 / -0.41874310 0.81612470 0.39823990 / 30 119 0 255 / 0.91036990 0.99867250
				-15.39784000 21.33795000 -15.23027000 / -0.41874310 0.81612470 0.39823990 / 30 119 0 255 / 0.91036990 0.99867250
				-15.59607000 21.61800000 -15.64043000 / -0.09078600 0.17680380 -0.98005010 / 19 87 0 255 / 0.68537910 0.77926640
				-15.40132000 21.34474000 -15.24785000 / -0.41874310 0.81612470 0.39823990 / 34 122 0 255 / 0.93911730 0.99867250
				-15.44988000 21.33037000 -15.25957000 / -0.35636790 0.69461700 0.62490740 / 38 123 0 255 / 0.93911730 0.77926640
				-15.44988000 21.33037000 -15.25957000 / -0.35636310 0.69479850 0.62470830 / 38 123 0 255 / 0.93911730 0.77926640
				-15.55028000 21.52850000 -15.90557000 / -0.89131030 -0.45338000 -0.00352860 / 167 171 0 255 / 0.24404910 0.99736030
				-15.55028000 21.52850000 -15.90557000 / -0.89121870 -0.45357260 -0.00104910 / 167 171 0 255 / 0.24404910 0.99736030
				-15.44543000 21.32211000 -15.24785000 / -0.35636790 0.69461700 0.62490740 / 32 120 0 255 / 0.91036990 0.77926640
				-15.40132000 21.34474000 -15.24785000 / -0.35636790 0.69461700 0.62490740 / 34 122 0 255 / 0.91036990 0.99867250
				-15.40132000 21.34474000 -15.24785000 / -0.35636310 0.69479850 0.62470830 / 34 122 0 255 / 0.91036990 0.99867250
				-16.01187000 22.54446000 -15.68878000 / 0.09937360 -0.19664900 0.97542500 / 49 159 0 255 / 0.76910400 0.99867250
				-15.40577000 21.35300000 -15.25957000 / -0.35636310 0.69479850 0.62470830 / 41 114 0 255 / 0.93911730 0.99867250
				-15.55196000 21.64063000 -15.64043000 / -0.13246980 0.25826370 -0.95694910 / 20 89 0 255 / 0.68537910 0.99867250
				-15.46684000 21.36411000 -15.13505000 / 0.44214810 -0.87533120 -0.19570490 / 73 95 0 255 / 0.93911730 0.77926640
				-15.46684000 21.36411000 -15.13505000 / 0.44781740 -0.87293870 -0.19348840 / 73 95 0 255 / 0.93911730 0.77926640
				-15.47929000 21.38849000 -15.27227000 / 0.44214810 -0.87533120 -0.19570490 / 74 126 0 255 / 0.56410220 0.77926640
				-15.43536000 21.41068000 -15.27227000 / 0.44214810 -0.87533120 -0.19570490 / 79 111 0 255 / 0.56410220 0.99867250
				-15.43536000 21.41068000 -15.27227000 / 0.44781740 -0.87293870 -0.19348840 / 79 111 0 255 / 0.56410220 0.99867250
				-15.42273000 21.38674000 -15.13505000 / 0.44781740 -0.87293870 -0.19348840 / 58 84 0 255 / 0.93911730 0.99867250
				-15.31150000 21.05931000 -15.27470000 / 0.35114290 -0.69732670 -0.62484740 / 113 87 0 255 / 0.93911730 0.77926640
				-15.31150000 21.05931000 -15.27470000 / 0.35220390 -0.69754110 -0.62401030 / 113 87 0 255 / 0.93911730 0.77926640
				-15.32188000 21.07858000 -15.30205000 / 0.35114290 -0.69732670 -0.62484740 / 133 89 0 255 / 0.91036990 0.77926640
				-16.06494000 22.53944000 -15.68438000 / 0.09937360 -0.19664900 0.97542500 / 64 157 0 255 / 0.86808780 0.77926640
				-15.55196000 21.64063000 -15.64043000 / -0.09078600 0.17680380 -0.98005010 / 20 89 0 255 / 0.68537910 0.99867250
				-15.27732000 21.10103000 -15.30205000 / 0.35114290 -0.69732670 -0.62484740 / 120 85 0 255 / 0.91036990 0.99867250
				-15.27732000 21.10103000 -15.30205000 / 0.35220390 -0.69754110 -0.62401030 / 120 85 0 255 / 0.91036990 0.99867250
				-15.54351000 21.51449000 -15.81377000 / -0.89131030 -0.45338000 -0.00352860 / 165 173 0 255 / 0.24453730 0.77862550
				-15.26757000 21.08149000 -15.27470000 / 0.35220390 -0.69754110 -0.62401030 / 98 86 0 255 / 0.93911730 0.99867250
				-15.30724000 21.05060000 -15.25566000 / 0.00000000 0.00000000 -1.00000000 / 41 75 0 255 / 0.93911730 0.77926640
				-15.30724000 21.05060000 -15.25566000 / -0.00009540 0.00000000 -1.00000000 / 41 75 0 255 / 0.93911730 0.77926640
				-15.37095000 21.17531000 -15.25567000 / 0.00000000 0.00000000 -1.00000000 / 35 77 0 255 / 0.56410220 0.77926640
				-15.32684000 21.19793000 -15.25567000 / 0.00000000 0.00000000 -1.00000000 / 37 71 0 255 / 0.56410220 0.99867250
				-15.32684000 21.19793000 -15.25567000 / -0.00009540 0.00000000 -1.00000000 / 37 71 0 255 / 0.56410220 0.99867250
				-15.26313000 21.07323000 -15.25566000 / -0.00009540 0.00000000 -1.00000000 / 48 82 0 255 / 0.93911730 0.99867250
				-15.55196000 21.64063000 -15.64043000 / -0.09088910 0.17681880 -0.98003790 / 20 89 0 255 / 0.68537910 0.99867250
				-16.06494000 22.53944000 -15.68438000 / 0.09937360 -0.19664900 0.97542500 / 64 157 0 255 / 0.86808780 0.77926640
				-15.36772000 21.16916000 -15.22197000 / 0.00000000 0.00000000 1.00000000 / 194 103 0 255 / 0.93911730 0.77926640
				-15.36772000 21.16916000 -15.22197000 / 0.00000000 0.00000000 1.00000000 / 194 103 0 255 / 0.93911730 0.77926640
				-15.33639000 21.10809000 -15.22197000 / 0.00000000 0.00000000 1.00000000 / 193 112 0 255 / 0.56410220 0.77926640
				-15.29247000 21.13027000 -15.22197000 / 0.00000000 0.00000000 1.00000000 / 194 103 0 255 / 0.56410220 0.99867250
				-15.29247000 21.13027000 -15.22197000 / 0.00000000 0.00000000 1.00000000 / 194 103 0 255 / 0.56410220 0.99867250
				-15.32362000 21.19180000 -15.22197000 / 0.00000000 0.00000000 1.00000000 / 195 93 0 255 / 0.93911730 0.99867250
				-15.27390000 20.98550000 -15.32891000 / -0.00009540 0.00000000 -1.00000000 / 107 90 0 255 / 0.93911730 0.77926640
				-15.27390000 20.98550000 -15.32891000 / -0.00009540 0.00000000 -1.00000000 / 107 90 0 255 / 0.93911730 0.77926640
				-16.34010000 23.08034000 -15.81720000 / -0.89131030 -0.45338000 -0.00352860 / 167 171 0 255 / 0.01185610 0.77862550
				-15.57640000 21.57940000 -15.64922000 / -0.09078600 0.17680380 -0.98005010 / 21 87 0 255 / 0.80436700 0.77926640
				-16.34010000 23.08034000 -15.81720000 / -0.89123840 -0.45353410 -0.00104900 / 167 171 0 255 / 0.01185610 0.77862550
				-16.06494000 22.53944000 -15.68438000 / 0.30879070 -0.61128730 0.72868110 / 64 157 0 255 / 0.86808780 0.77926640
				-15.30595000 21.04740000 -15.32890000 / -0.00009540 0.00000000 -1.00000000 / 81 86 0 255 / 0.56410220 0.77926640
				-15.26139000 21.06985000 -15.32890000 / -0.00009540 0.00000000 -1.00000000 / 93 84 0 255 / 0.56410220 0.99867250
				-15.26139000 21.06985000 -15.32890000 / -0.00009540 0.00000000 -1.00000000 / 93 84 0 255 / 0.56410220 0.99867250
				-15.22998000 21.00768000 -15.32891000 / -0.00009540 0.00000000 -1.00000000 / 136 101 0 255 / 0.93911730 0.99867250
				-15.25147000 20.94095000 -15.07792000 / 0.44221690 -0.87546930 -0.19493020 / 152 110 0 255 / 0.93911730 0.77926640
				-15.25147000 20.94095000 -15.07792000 / 0.44787540 -0.87286110 -0.19370420 / 152 110 0 255 / 0.93911730 0.77926640
				-15.27390000 20.98550000 -15.32891000 / 0.44221690 -0.87546930 -0.19493020 / 107 90 0 255 / 0.56410220 0.77926640
				-15.22998000 21.00768000 -15.32891000 / 0.44221690 -0.87546930 -0.19493020 / 136 101 0 255 / 0.56410220 0.99867250
				-15.57640000 21.57940000 -15.64922000 / -0.09088910 0.17681880 -0.98003790 / 21 87 0 255 / 0.80436700 0.77926640
				-15.22998000 21.00768000 -15.32891000 / 0.44787540 -0.87286110 -0.19370420 / 136 101 0 255 / 0.56410220 0.99867250
				-15.20736000 20.96358000 -15.07792000 / 0.44787540 -0.87286110 -0.19370420 / 169 119 0 255 / 0.93911730 0.99867250
				-16.02102000 22.56162000 -15.68438000 / 0.09937360 -0.19664900 0.97542500 / 78 144 0 255 / 0.86808780 0.99867250
				-15.20387000 20.84696000 -15.32890000 / -0.44181620 0.87485900 0.19854550 / 14 67 0 255 / 0.56410220 0.77928160
				-15.20387000 20.84696000 -15.32890000 / -0.44648310 0.87007930 0.20884190 / 14 67 0 255 / 0.56410220 0.77928160
				-15.20072000 20.84190000 -15.29960000 / -0.44181620 0.87485900 0.19854550 / 13 60 0 255 / 0.56410220 0.99867250
				-15.15680000 20.86409000 -15.29960000 / -0.44181620 0.87485900 0.19854550 / 14 67 0 255 / 0.93911730 0.99867250
				-15.15680000 20.86409000 -15.29960000 / -0.44648310 0.87007930 0.20884190 / 14 67 0 255 / 0.93911730 0.99867250
				-16.35133000 23.10262000 -15.91241000 / -0.89123840 -0.45353410 -0.00104900 / 168 169 0 255 / 0.01016230 0.99736030
				-15.15976000 20.86960000 -15.32890000 / -0.44648310 0.87007930 0.20884190 / 14 74 0 255 / 0.93911730 0.77928160
				-15.57640000 21.57940000 -15.64922000 / -0.09432000 0.18349000 -0.97848620 / 21 87 0 255 / 0.80436700 0.77926640
				-15.17427000 20.78928000 -15.32890000 / 0.00000000 0.00000000 -1.00000000 / 149 87 0 255 / 0.93911730 0.77926640
				-15.17427000 20.78928000 -15.32890000 / 0.00000000 0.00000000 -1.00000000 / 149 87 0 255 / 0.93911730 0.77926640
				-15.20387000 20.84696000 -15.32890000 / 0.00000000 0.00000000 -1.00000000 / 143 88 0 255 / 0.56410220 0.77926640
				-16.02102000 22.56162000 -15.68438000 / 0.30879070 -0.61128730 0.72868110 / 78 144 0 255 / 0.86808780 0.99867250
				-15.15976000 20.86960000 -15.32890000 / 0.00000000 0.00000000 -1.00000000 / 144 85 0 255 / 0.56410220 0.99867250
				-15.15976000 20.86960000 -15.32890000 / 0.00000000 0.00000000 -1.00000000 / 144 85 0 255 / 0.56410220 0.99867250
				-15.13035000 20.81146000 -15.32890000 / 0.00000000 0.00000000 -1.00000000 / 154 99 0 255 / 0.93911730 0.99867250
				-15.15782000 20.75682000 -15.14727000 / 0.44200520 -0.87523720 -0.19644680 / 158 107 0 255 / 0.93911730 0.77926640
				-15.15782000 20.75682000 -15.14727000 / 0.44777410 -0.87265880 -0.19484610 / 158 107 0 255 / 0.93911730 0.77926640
				-15.17427000 20.78928000 -15.32890000 / 0.44200520 -0.87523720 -0.19644680 / 149 87 0 255 / 0.56410220 0.77926640
				-15.53229000 21.60203000 -15.64923000 / -0.09088910 0.17681880 -0.98003790 / 23 93 0 255 / 0.80436700 0.99867250
				-15.13035000 20.81146000 -15.32890000 / 0.44200520 -0.87523720 -0.19644680 / 154 99 0 255 / 0.56410220 0.99867250
				-15.13035000 20.81146000 -15.32890000 / 0.44777410 -0.87265880 -0.19484610 / 154 99 0 255 / 0.56410220 0.99867250
				-15.11371000 20.77945000 -15.14727000 / 0.44777410 -0.87265880 -0.19484610 / 158 120 0 255 / 0.93911730 0.99867250
				-15.13642000 20.71482000 -15.32889000 / 0.00009540 -0.00019070 -1.00000000 / 116 91 0 255 / 0.93911730 0.77926640
				-16.02102000 22.56162000 -15.68438000 / 0.30881570 -0.60199020 0.73636980 / 78 144 0 255 / 0.86808780 0.99867250
				-15.13642000 20.71482000 -15.32889000 / 0.00009540 -0.00019070 -1.00000000 / 116 91 0 255 / 0.93911730 0.77926640
				-15.03530000 20.51583000 -15.90800000 / -0.89131590 -0.45338280 -0.00009540 / 173 169 0 255 / 0.39454650 0.99736030
				-15.03530000 20.51583000 -15.90800000 / -0.89141210 -0.45319250 -0.00095370 / 173 169 0 255 / 0.39454650 0.99736030
				-15.16480000 20.77039000 -15.32890000 / 0.00009540 -0.00019070 -1.00000000 / 109 90 0 255 / 0.56410220 0.77926640
				-15.12068000 20.79302000 -15.32890000 / 0.00009540 -0.00019070 -1.00000000 / 112 92 0 255 / 0.56410220 0.99867250
				-15.53229000 21.60203000 -15.64923000 / -0.09432000 0.18349000 -0.97848620 / 23 93 0 255 / 0.80436700 0.99867250
				-15.12068000 20.79302000 -15.32890000 / 0.00009540 -0.00019070 -1.00000000 / 112 92 0 255 / 0.56410220 0.99867250
				-15.09231000 20.73746000 -15.32889000 / 0.00009540 -0.00019070 -1.00000000 / 115 86 0 255 / 0.93911730 0.99867250
				-15.11372000 20.66962000 -15.27031000 / 0.34552140 -0.67349490 -0.65346740 / 114 82 0 255 / 0.93911730 0.77926640
				-15.11372000 20.66962000 -15.27031000 / 0.34560540 -0.67347270 -0.65344590 / 114 82 0 255 / 0.93911730 0.77926640
				-15.13642000 20.71482000 -15.32889000 / 0.34552140 -0.67349490 -0.65346740 / 116 91 0 255 / 0.56410220 0.77926640
				-16.07094000 22.55154000 -15.67169000 / 0.30879070 -0.61128730 0.72868110 / 91 140 0 255 / 0.93911730 0.77926640
				-15.09231000 20.73746000 -15.32889000 / 0.34552140 -0.67349490 -0.65346740 / 115 86 0 255 / 0.56410220 0.99867250
				-15.09231000 20.73746000 -15.32889000 / 0.34560540 -0.67347270 -0.65344590 / 115 86 0 255 / 0.56410220 0.99867250
				-15.06961000 20.69225000 -15.27031000 / 0.34560540 -0.67347270 -0.65344590 / 105 74 0 255 / 0.93911730 0.99867250
				-15.10353000 20.64991000 -15.32890000 / -0.42697100 0.83200680 -0.35420380 / 38 94 0 255 / 0.56410220 0.99867250
				-15.53229000 21.60203000 -15.64923000 / -0.09203020 0.18215310 -0.97895380 / 23 93 0 255 / 0.80436700 0.99867250
				-15.10353000 20.64991000 -15.32890000 / -0.42706340 0.83200110 -0.35410590 / 38 94 0 255 / 0.56410220 0.99867250
				-15.11372000 20.66962000 -15.27031000 / -0.42697100 0.83200680 -0.35420380 / 26 102 0 255 / 0.93911730 0.99867250
				-15.06961000 20.69225000 -15.27031000 / -0.42697100 0.83200680 -0.35420380 / 31 94 0 255 / 0.93911730 0.77926640
				-15.06961000 20.69225000 -15.27031000 / -0.42706340 0.83200110 -0.35410590 / 31 94 0 255 / 0.93911730 0.77926640
				-15.02808000 20.50163000 -15.81572000 / -0.89131590 -0.45338280 -0.00009540 / 171 170 0 255 / 0.39503480 0.77862550
				-15.05942000 20.67254000 -15.32890000 / -0.42706340 0.83200110 -0.35410590 / 53 89 0 255 / 0.56410220 0.77926640
				-16.07094000 22.55154000 -15.67169000 / 0.30881570 -0.60199020 0.73636980 / 91 140 0 255 / 0.93911730 0.77926640
				-15.06691000 20.57756000 -15.32890000 / 0.00000000 0.00000000 -1.00000000 / 61 91 0 255 / 0.93911730 0.77926640
				-15.06691000 20.57756000 -15.32890000 / -0.00009540 0.00000000 -1.00000000 / 61 91 0 255 / 0.93911730 0.77926640
				-15.10353000 20.64991000 -15.32890000 / 0.00000000 0.00000000 -1.00000000 / 38 94 0 255 / 0.56410220 0.77926640
				-15.56351000 21.55482000 -15.65507000 / -0.09432000 0.18349000 -0.97848620 / 23 99 0 255 / 0.88035580 0.77926640
				-15.05942000 20.67254000 -15.32890000 / 0.00000000 0.00000000 -1.00000000 / 53 89 0 255 / 0.56410220 0.99867250
				-15.05942000 20.67254000 -15.32890000 / -0.00009540 0.00000000 -1.00000000 / 53 89 0 255 / 0.56410220 0.99867250
				-15.02280000 20.60020000 -15.32890000 / -0.00009540 0.00000000 -1.00000000 / 71 88 0 255 / 0.93911730 0.99867250
				-15.08811000 20.62000000 -15.23368000 / 0.40865400 -0.79632700 0.44594310 / 162 118 0 255 / 0.93911730 0.77926640
				-15.08811000 20.62000000 -15.23368000 / 0.40865400 -0.79632700 0.44594310 / 162 118 0 255 / 0.93911730 0.77926640
				-15.06691000 20.57756000 -15.32890000 / 0.40865400 -0.79632700 0.44594310 / 172 129 0 255 / 0.56410220 0.77926640
				-15.02280000 20.60020000 -15.32890000 / 0.40865400 -0.79632700 0.44594310 / 170 122 0 255 / 0.56410220 0.99867250
				-16.02683000 22.57417000 -15.67169000 / 0.30881570 -0.60199020 0.73636980 / 100 134 0 255 / 0.93911730 0.99867250
				-15.02280000 20.60020000 -15.32890000 / 0.40865400 -0.79632700 0.44594310 / 170 122 0 255 / 0.56410220 0.99867250
				-15.04401000 20.64264000 -15.23369000 / 0.40865400 -0.79632700 0.44594310 / 140 112 0 255 / 0.93911730 0.99867250
				-15.56351000 21.55482000 -15.65507000 / -0.09203020 0.18215310 -0.97895380 / 23 99 0 255 / 0.88035580 0.77926640
				-15.05226000 20.54958000 -15.14726000 / 0.33692770 -0.65668960 -0.67471370 / 128 109 0 255 / 0.93911730 0.77926640
				-15.05226000 20.54958000 -15.14726000 / 0.33218040 -0.65749410 -0.67628230 / 128 109 0 255 / 0.93911730 0.77926640
				-15.44221000 21.31596000 -15.81719000 / -0.89131590 -0.45338280 -0.00009540 / 173 169 0 255 / 0.27401730 0.77862550
				-15.44221000 21.31596000 -15.81719000 / -0.89141210 -0.45319250 -0.00095370 / 173 169 0 255 / 0.27401730 0.77862550
				-15.08811000 20.62000000 -15.23368000 / 0.33692770 -0.65668960 -0.67471370 / 162 118 0 255 / 0.56410220 0.77926640
				-15.04401000 20.64264000 -15.23369000 / 0.33692770 -0.65668960 -0.67471370 / 140 112 0 255 / 0.56410220 0.99867250
				-15.04401000 20.64264000 -15.23369000 / 0.33218040 -0.65749410 -0.67628230 / 140 112 0 255 / 0.56410220 0.99867250
				-15.00835000 20.57177000 -15.14727000 / 0.33218040 -0.65749410 -0.67628230 / 111 111 0 255 / 0.93911730 0.99867250
				-15.89534000 22.31559000 -15.40459000 / -0.44217530 0.87519620 0.19624690 / 22 143 0 255 / 0.93911730 0.99867250
				-15.08690000 20.61790000 -15.14726000 / 0.00009540 0.00000000 1.00000000 / 28 172 0 255 / 0.93911730 0.77926640
				-15.56351000 21.55482000 -15.65507000 / -0.13361230 0.26436350 -0.95512290 / 23 99 0 255 / 0.88035580 0.77926640
				-15.08690000 20.61790000 -15.14726000 / 0.00000000 0.00000000 1.00000000 / 28 172 0 255 / 0.93911730 0.77926640
				-15.05226000 20.54958000 -15.14726000 / 0.00009540 0.00000000 1.00000000 / 29 166 0 255 / 0.56410220 0.77926640
				-15.00835000 20.57177000 -15.14727000 / 0.00009540 0.00000000 1.00000000 / 29 174 0 255 / 0.56410220 0.99867250
				-15.00835000 20.57177000 -15.14727000 / 0.00000000 0.00000000 1.00000000 / 29 174 0 255 / 0.56410220 0.99867250
				-15.04298000 20.64009000 -15.14726000 / 0.00000000 0.00000000 1.00000000 / 26 169 0 255 / 0.93911730 0.99867250
				-15.10682000 20.65714000 -15.19804000 / -0.34077260 0.67448740 0.65493570 / 25 163 0 255 / 0.56410220 0.99867250
				-15.10682000 20.65714000 -15.19804000 / -0.34072870 0.67459140 0.65485140 / 25 163 0 255 / 0.56410220 0.99867250
				-15.08690000 20.61790000 -15.14726000 / -0.34077260 0.67448740 0.65493570 / 28 172 0 255 / 0.93911730 0.99867250
				-15.04298000 20.64009000 -15.14726000 / -0.34077260 0.67448740 0.65493570 / 26 169 0 255 / 0.93911730 0.77926640
				-15.89534000 22.31559000 -15.40459000 / -0.44725270 0.87180890 0.19978560 / 22 143 0 255 / 0.93911730 0.99867250
				-15.51959000 21.57700000 -15.65508000 / -0.09203020 0.18215310 -0.97895380 / 22 98 0 255 / 0.88035580 0.99867250
				-15.04298000 20.64009000 -15.14726000 / -0.34072870 0.67459140 0.65485140 / 26 169 0 255 / 0.93911730 0.77926640
				-15.45343000 21.33823000 -15.91240000 / -0.89141210 -0.45319250 -0.00095370 / 174 169 0 255 / 0.27232360 0.99736030
				-15.06290000 20.67932000 -15.19804000 / -0.34072870 0.67459140 0.65485140 / 24 157 0 255 / 0.56410220 0.77926640
				-15.11572000 20.67366000 -15.14726000 / 0.42293070 -0.83727870 0.34654570 / 71 174 0 255 / 0.93911730 0.77926640
				-15.11572000 20.67366000 -15.14726000 / 0.42733190 -0.83292060 0.35161190 / 71 174 0 255 / 0.93911730 0.77926640
				-15.10682000 20.65714000 -15.19804000 / 0.42293070 -0.83727870 0.34654570 / 58 176 0 255 / 0.56410220 0.77926640
				-15.06290000 20.67932000 -15.19804000 / 0.42293070 -0.83727870 0.34654570 / 68 169 0 255 / 0.56410220 0.99867250
				-15.06290000 20.67932000 -15.19804000 / 0.42733190 -0.83292060 0.35161190 / 68 169 0 255 / 0.56410220 0.99867250
				-15.07161000 20.69629000 -15.14726000 / 0.42733190 -0.83292060 0.35161190 / 71 180 0 255 / 0.93911730 0.99867250
				-15.14687000 20.73518000 -15.14725000 / 0.00000000 0.00000000 1.00000000 / 68 189 0 255 / 0.93911730 0.77926640
				-15.51959000 21.57700000 -15.65508000 / -0.13361230 0.26436350 -0.95512290 / 22 98 0 255 / 0.88035580 0.99867250
				-15.89534000 22.31559000 -15.40459000 / -0.00438700 0.00858330 0.99995350 / 22 143 0 255 / 0.93911730 0.99867250
				-15.14687000 20.73518000 -15.14725000 / 0.00000000 0.00000000 1.00000000 / 68 189 0 255 / 0.93911730 0.77926640
				-15.11572000 20.67366000 -15.14726000 / 0.00000000 0.00000000 1.00000000 / 71 174 0 255 / 0.56410220 0.77926640
				-15.07161000 20.69629000 -15.14726000 / 0.00000000 0.00000000 1.00000000 / 71 180 0 255 / 0.56410220 0.99867250
				-15.07161000 20.69629000 -15.14726000 / 0.00000000 0.00000000 1.00000000 / 71 180 0 255 / 0.56410220 0.99867250
				-15.10275000 20.75781000 -15.14725000 / 0.00000000 0.00000000 1.00000000 / 60 195 0 255 / 0.93911730 0.99867250
				-14.96959000 20.38710000 -15.27421000 / 0.35237100 -0.69749430 -0.62396850 / 194 122 0 255 / 0.93911730 0.77926640
				-14.96959000 20.38710000 -15.27421000 / 0.35237100 -0.69749430 -0.62396850 / 194 122 0 255 / 0.93911730 0.77926640
				-16.11079000 22.63003000 -15.15265000 / 0.38683640 -0.75402580 -0.53085090 / 25 89 0 255 / 0.93911730 0.77926640
				-16.11079000 22.63003000 -15.15265000 / 0.38106720 -0.75431460 -0.53460020 / 25 89 0 255 / 0.93911730 0.77926640
				-15.51959000 21.57700000 -15.65508000 / -0.13361230 0.26436350 -0.95512290 / 22 98 0 255 / 0.88035580 0.99867250
				-14.97934000 20.40664000 -15.30156000 / 0.35237100 -0.69749430 -0.62396850 / 189 113 0 255 / 0.56410220 0.77926640
				-16.27491000 22.95288000 -15.07794000 / -0.44231810 0.87567160 0.19378830 / 23 182 0 255 / 0.56410220 0.77926640
				-14.93542000 20.42882000 -15.30156000 / 0.35237100 -0.69749430 -0.62396850 / 193 119 0 255 / 0.56410220 0.99867250
				-14.93542000 20.42882000 -15.30156000 / 0.35237100 -0.69749430 -0.62396850 / 193 119 0 255 / 0.56410220 0.99867250
				-14.92567000 20.40928000 -15.27421000 / 0.35237100 -0.69749430 -0.62396850 / 196 115 0 255 / 0.93911730 0.99867250
				-15.02860000 20.50291000 -15.26982000 / 0.42263200 -0.83668180 0.34834720 / 181 111 0 255 / 0.93911730 0.77926640
				-15.02860000 20.50291000 -15.26982000 / 0.42267420 -0.83676530 0.34809580 / 181 111 0 255 / 0.93911730 0.77926640
				-15.02686000 20.49952000 -15.28007000 / 0.42263200 -0.83668180 0.34834720 / 173 119 0 255 / 0.91036990 0.77926640
				-14.98294000 20.52171000 -15.28008000 / 0.42263200 -0.83668180 0.34834720 / 178 110 0 255 / 0.91036990 0.99867250
				-14.98294000 20.52171000 -15.28008000 / 0.42267420 -0.83676530 0.34809580 / 178 110 0 255 / 0.91036990 0.99867250
				-15.55725000 21.54208000 -15.65947000 / -0.13361230 0.26436350 -0.95512290 / 22 99 0 255 / 0.91928100 0.77926640
				-14.98468000 20.52510000 -15.26982000 / 0.42267420 -0.83676530 0.34809580 / 182 97 0 255 / 0.93911730 0.99867250
				-15.02860000 20.50291000 -15.25566000 / 0.45079580 -0.89262710 0.00000000 / 182 86 0 255 / 0.93911730 0.77926640
				-15.90301000 22.33000000 -15.48613000 / -0.44217530 0.87519620 0.19624690 / 21 145 0 255 / 0.56410220 0.99867250
				-15.02860000 20.50291000 -15.25566000 / 0.45638600 -0.88950450 0.02221850 / 182 86 0 255 / 0.93911730 0.77926640
				-15.02860000 20.50291000 -15.26982000 / 0.45079580 -0.89262710 0.00000000 / 181 111 0 255 / 0.91036990 0.77926640
				-14.98468000 20.52510000 -15.26982000 / 0.45079580 -0.89262710 0.00000000 / 182 97 0 255 / 0.91036990 0.99867250
				-14.98468000 20.52510000 -15.26982000 / 0.45638600 -0.88950450 0.02221850 / 182 97 0 255 / 0.91036990 0.99867250
				-16.12498000 22.65781000 -15.20245000 / 0.38683640 -0.75402580 -0.53085090 / 23 86 0 255 / 0.56410220 0.77926640
				-14.98449000 20.52555000 -15.25566000 / 0.45638600 -0.88950450 0.02221850 / 181 69 0 255 / 0.93911730 0.99867250
				-14.96534000 20.37839000 -15.25566000 / 0.00000000 0.00000000 -1.00000000 / 167 85 0 255 / 0.93911730 0.77926640
				-15.55725000 21.54208000 -15.65947000 / -0.13361230 0.26436350 -0.95512290 / 22 99 0 255 / 0.91928100 0.77926640
				-14.96534000 20.37839000 -15.25566000 / 0.00000000 0.00000000 -1.00000000 / 167 85 0 255 / 0.93911730 0.77926640
				-15.02860000 20.50291000 -15.25566000 / 0.00000000 0.00000000 -1.00000000 / 122 64 0 255 / 0.56410220 0.77926640
				-14.98449000 20.52555000 -15.25566000 / 0.00000000 0.00000000 -1.00000000 / 139 65 0 255 / 0.56410220 0.99867250
				-15.94694000 22.30781000 -15.48613000 / -0.44217530 0.87519620 0.19624690 / 21 150 0 255 / 0.56410220 0.77926640
				-14.98449000 20.52555000 -15.25566000 / 0.00000000 0.00000000 -1.00000000 / 139 65 0 255 / 0.56410220 0.99867250
				-14.92123000 20.40103000 -15.25566000 / 0.00000000 0.00000000 -1.00000000 / 182 101 0 255 / 0.93911730 0.99867250
				-15.02312000 20.49210000 -15.20781000 / 0.42517110 -0.82821580 -0.36508640 / 180 118 0 255 / 0.93911730 0.77926640
				-15.02312000 20.49210000 -15.20781000 / 0.41640850 -0.82442410 -0.38331330 / 180 118 0 255 / 0.93911730 0.77926640
				-15.02582000 20.49695000 -15.22197000 / 0.42517110 -0.82821580 -0.36508640 / 181 124 0 255 / 0.91036990 0.77926640
				-14.98172000 20.51959000 -15.22197000 / 0.42517110 -0.82821580 -0.36508640 / 181 120 0 255 / 0.91036990 0.99867250
				-15.55725000 21.54208000 -15.65947000 / -0.32032930 0.63398310 -0.70388530 / 22 99 0 255 / 0.91928100 0.77926640
				-14.98172000 20.51959000 -15.22197000 / 0.41640850 -0.82442410 -0.38331330 / 181 120 0 255 / 0.91036990 0.99867250
				-14.97920000 20.51428000 -15.20781000 / 0.41640850 -0.82442410 -0.38331330 / 179 108 0 255 / 0.93911730 0.99867250
				-15.01964000 20.48531000 -15.19756000 / 0.36165670 -0.71606500 -0.59703880 / 176 102 0 255 / 0.93911730 0.77926640
				-15.01964000 20.48531000 -15.19756000 / 0.37173180 -0.72439060 -0.58058050 / 176 102 0 255 / 0.93911730 0.77926640
				-15.94694000 22.30781000 -15.48613000 / -0.44725270 0.87180890 0.19978560 / 21 150 0 255 / 0.56410220 0.77926640
				-16.08087000 22.68044000 -15.20245000 / 0.38683640 -0.75402580 -0.53085090 / 24 89 0 255 / 0.56410220 0.99867250
				-16.08087000 22.68044000 -15.20245000 / 0.38106720 -0.75431460 -0.53460020 / 24 89 0 255 / 0.56410220 0.99867250
				-16.08087000 22.68044000 -15.20245000 / -0.15982910 0.31164760 -0.93665920 / 24 89 0 255 / 0.56410220 0.99867250
				-15.02312000 20.49210000 -15.20781000 / 0.36165670 -0.71606500 -0.59703880 / 180 118 0 255 / 0.91036990 0.77926640
				-14.97920000 20.51428000 -15.20781000 / 0.36165670 -0.71606500 -0.59703880 / 179 108 0 255 / 0.91036990 0.99867250
				-15.51334000 21.56426000 -15.65948000 / -0.13361230 0.26436350 -0.95512290 / 23 99 0 255 / 0.91928100 0.99867250
				-14.97920000 20.51428000 -15.20781000 / 0.37173180 -0.72439060 -0.58058050 / 179 108 0 255 / 0.91036990 0.99867250
				-14.97553000 20.50794000 -15.19756000 / 0.37173180 -0.72439060 -0.58058050 / 172 95 0 255 / 0.93911730 0.99867250
				-14.99449000 20.43589000 -15.20439000 / -0.42389260 0.82604220 -0.37144240 / 50 94 0 255 / 0.93911730 0.77926640
				-14.99449000 20.43589000 -15.20439000 / -0.41437960 0.82036670 -0.39406590 / 50 94 0 255 / 0.93911730 0.77926640
				-14.99648000 20.43991000 -15.19315000 / -0.42389260 0.82604220 -0.37144240 / 67 92 0 255 / 0.91036990 0.77926640
				-15.93945000 22.29296000 -15.40459000 / -0.44725270 0.87180890 0.19978560 / 25 153 0 255 / 0.93911730 0.77926640
				-14.95237000 20.46255000 -15.19316000 / -0.42389260 0.82604220 -0.37144240 / 58 94 0 255 / 0.91036990 0.99867250
				-14.95237000 20.46255000 -15.19316000 / -0.41437960 0.82036670 -0.39406590 / 58 94 0 255 / 0.91036990 0.99867250
				-14.95057000 20.45807000 -15.20439000 / -0.41437960 0.82036670 -0.39406590 / 46 96 0 255 / 0.93911730 0.99867250
				-14.99423000 20.43525000 -15.22197000 / -0.45053340 0.89191120 -0.03891140 / 44 101 0 255 / 0.93911730 0.77926640
				-15.51334000 21.56426000 -15.65948000 / -0.32032930 0.63398310 -0.70388530 / 23 99 0 255 / 0.91928100 0.99867250
				-14.99423000 20.43525000 -15.22197000 / -0.45624160 0.88959490 -0.02155320 / 44 101 0 255 / 0.93911730 0.77926640
				-14.99449000 20.43589000 -15.20439000 / -0.45053340 0.89191120 -0.03891140 / 50 94 0 255 / 0.91036990 0.77926640
				-14.95057000 20.45807000 -15.20439000 / -0.45053340 0.89191120 -0.03891140 / 46 96 0 255 / 0.91036990 0.99867250
				-14.95057000 20.45807000 -15.20439000 / -0.45624160 0.88959490 -0.02155320 / 46 96 0 255 / 0.91036990 0.99867250
				-16.06688000 22.65221000 -15.15265000 / 0.38106720 -0.75431460 -0.53460020 / 25 93 0 255 / 0.93911730 0.99867250
				-14.95012000 20.45787000 -15.22197000 / -0.45624160 0.88959490 -0.02155320 / 47 103 0 255 / 0.93911730 0.99867250
				-15.93945000 22.29296000 -15.40459000 / -0.00438700 0.00858330 0.99995350 / 25 153 0 255 / 0.93911730 0.77926640
				-15.02582000 20.49695000 -15.22197000 / 0.00000000 0.00000000 1.00000000 / 44 112 0 255 / 0.93911730 0.77926640
				-15.02582000 20.49695000 -15.22197000 / 0.00000000 0.00000000 1.00000000 / 44 112 0 255 / 0.93911730 0.77926640
				-14.99423000 20.43525000 -15.22197000 / 0.00000000 0.00000000 1.00000000 / 40 121 0 255 / 0.56410220 0.77926640
				-15.51334000 21.56426000 -15.65948000 / -0.33118980 0.64559610 -0.68812720 / 23 99 0 255 / 0.91928100 0.99867250
				-14.95012000 20.45787000 -15.22197000 / 0.00000000 0.00000000 1.00000000 / 44 112 0 255 / 0.56410220 0.99867250
				-14.95012000 20.45787000 -15.22197000 / 0.00000000 0.00000000 1.00000000 / 44 112 0 255 / 0.56410220 0.99867250
				-14.98172000 20.51959000 -15.22197000 / 0.00000000 0.00000000 1.00000000 / 48 102 0 255 / 0.93911730 0.99867250
				-16.29328000 22.98827000 -15.75128000 / 0.00000000 0.00000000 -1.00000000 / 37 98 0 255 / 0.93911730 0.77926640
				-16.29328000 22.98827000 -15.75128000 / 0.00000000 0.00000000 -1.00000000 / 37 98 0 255 / 0.93911730 0.77926640
				-16.33540000 23.07143000 -15.75128000 / 0.00000000 0.00000000 -1.00000000 / 31 87 0 255 / 0.56410220 0.77926640
				-16.29148000 23.09362000 -15.75128000 / 0.00000000 0.00000000 -1.00000000 / 34 94 0 255 / 0.56410220 0.99867250
				-15.93945000 22.29296000 -15.40459000 / -0.00438700 0.00858330 0.99995350 / 25 153 0 255 / 0.93911730 0.77926640
				-16.29148000 23.09362000 -15.75128000 / 0.00000000 0.00000000 -1.00000000 / 34 94 0 255 / 0.56410220 0.99867250
				-16.24937000 23.01046000 -15.75128000 / 0.00000000 0.00000000 -1.00000000 / 40 94 0 255 / 0.93911730 0.99867250
				-15.55422000 21.53547000 -15.66680000 / -0.32032930 0.63398310 -0.70388530 / 24 103 0 255 / 0.93911730 0.77926640
				-16.26743000 22.93802000 -15.47247000 / 0.44195830 -0.87476080 -0.19866190 / 42 90 0 255 / 0.93911730 0.77926640
				-16.26743000 22.93802000 -15.47247000 / 0.44188450 -0.87480550 -0.19862870 / 42 90 0 255 / 0.93911730 0.77926640
				-16.08603000 22.68954000 -15.19855000 / -0.15982910 0.31164760 -0.93665920 / 21 84 0 255 / 0.56410220 0.94493090
				-16.08603000 22.68954000 -15.19855000 / -0.15411670 0.30480020 -0.93986430 / 21 84 0 255 / 0.56410220 0.94493090
				-16.08603000 22.68954000 -15.19855000 / -0.08201780 0.16212820 -0.98335520 / 21 84 0 255 / 0.56410220 0.94493090
				-16.29328000 22.98827000 -15.75128000 / 0.44195830 -0.87476080 -0.19866190 / 37 98 0 255 / 0.56410220 0.77926640
				-16.24937000 23.01046000 -15.75128000 / 0.44195830 -0.87476080 -0.19866190 / 40 94 0 255 / 0.56410220 0.99867250
				-16.24937000 23.01046000 -15.75128000 / 0.44188450 -0.87480550 -0.19862870 / 40 94 0 255 / 0.56410220 0.99867250
				-15.84949000 22.22501000 -15.40361000 / -0.00438700 0.00858330 0.99995350 / 28 150 0 255 / 0.56410220 0.99867250
				-16.22351000 22.96020000 -15.47247000 / 0.44195830 -0.87476080 -0.19866190 / 39 72 0 255 / 0.93911730 0.99867250
				-15.55422000 21.53547000 -15.66680000 / -0.33118980 0.64559610 -0.68812720 / 24 103 0 255 / 0.93911730 0.77926640
				-16.26021000 22.92381000 -15.75127000 / -0.45014410 0.89113280 -0.05703100 / 25 97 0 255 / 0.56410220 0.77926640
				-16.26021000 22.92381000 -15.75127000 / -0.44991310 0.89124380 -0.05712120 / 25 97 0 255 / 0.56410220 0.77926640
				-16.26743000 22.93802000 -15.47247000 / -0.45014410 0.89113280 -0.05703100 / 25 97 0 255 / 0.93911730 0.77926640
				-16.22351000 22.96020000 -15.47247000 / -0.45014410 0.89113280 -0.05703100 / 25 97 0 255 / 0.93911730 0.99867250
				-16.22351000 22.96020000 -15.47247000 / -0.44991310 0.89124380 -0.05712120 / 25 97 0 255 / 0.93911730 0.99867250
				-16.21628000 22.94598000 -15.75127000 / -0.44991310 0.89124380 -0.05712120 / 26 97 0 255 / 0.56410220 0.99867250
				-16.22229000 22.84827000 -15.75128000 / 0.00000000 0.00000000 -1.00000000 / 43 89 0 255 / 0.93911730 0.77926640
				-16.22229000 22.84827000 -15.75128000 / 0.00000000 0.00000000 -1.00000000 / 43 89 0 255 / 0.93911730 0.77926640
				-16.26021000 22.92381000 -15.75127000 / 0.00000000 0.00000000 -1.00000000 / 41 88 0 255 / 0.56410220 0.77926640
				-15.84949000 22.22501000 -15.40361000 / -0.00438700 0.00858330 0.99995350 / 28 150 0 255 / 0.56410220 0.99867250
				-16.03354000 22.47728000 -15.27081000 / 0.35571560 -0.69312090 -0.62693680 / 34 103 0 255 / 0.93911730 0.99867250
				-16.21628000 22.94598000 -15.75127000 / 0.00000000 0.00000000 -1.00000000 / 42 92 0 255 / 0.56410220 0.99867250
				-16.21628000 22.94598000 -15.75127000 / 0.00000000 0.00000000 -1.00000000 / 42 92 0 255 / 0.56410220 0.99867250
				-16.12498000 22.65781000 -15.20245000 / -0.15982910 0.31164760 -0.93665920 / 23 86 0 255 / 0.93911730 0.99867250
				-16.12498000 22.65781000 -15.20245000 / -0.15411670 0.30480020 -0.93986430 / 23 86 0 255 / 0.93911730 0.99867250
				-16.17818000 22.87089000 -15.75128000 / 0.00000000 0.00000000 -1.00000000 / 40 89 0 255 / 0.93911730 0.99867250
				-16.16335000 22.73354000 -15.47247000 / 0.41426890 -0.80755740 -0.41980020 / 38 85 0 255 / 0.93911730 0.77926640
				-16.16335000 22.73354000 -15.47247000 / 0.40892290 -0.80983530 -0.42065280 / 38 85 0 255 / 0.93911730 0.77926640
				-16.22229000 22.84827000 -15.75128000 / 0.41426890 -0.80755740 -0.41980020 / 43 89 0 255 / 0.56410220 0.77926640
				-16.17818000 22.87089000 -15.75128000 / 0.41426890 -0.80755740 -0.41980020 / 40 89 0 255 / 0.56410220 0.99867250
				-16.17818000 22.87089000 -15.75128000 / 0.40892290 -0.80983530 -0.42065280 / 40 89 0 255 / 0.56410220 0.99867250
				-16.03354000 22.47728000 -15.27081000 / 0.35571560 -0.69312090 -0.62693680 / 34 103 0 255 / 0.93911730 0.99867250
				-15.89341000 22.20282000 -15.40361000 / -0.00438700 0.00858330 0.99995350 / 32 157 0 255 / 0.56410220 0.77926640
				-16.11943000 22.75572000 -15.47247000 / 0.40892290 -0.80983530 -0.42065280 / 32 87 0 255 / 0.93911730 0.99867250
				-16.18921000 22.78379000 -15.75128000 / -0.44188450 0.87480550 0.19862870 / 18 101 0 255 / 0.56410220 0.77926640
				-16.18921000 22.78379000 -15.75128000 / -0.44195830 0.87476080 0.19866190 / 18 101 0 255 / 0.56410220 0.77926640
				-16.16335000 22.73354000 -15.47247000 / -0.44195830 0.87476080 0.19866190 / 18 90 0 255 / 0.93911730 0.77926640
				-16.11943000 22.75572000 -15.47247000 / -0.44195830 0.87476080 0.19866190 / 18 101 0 255 / 0.93911730 0.99867250
				-16.11943000 22.75572000 -15.47247000 / -0.44195830 0.87476080 0.19866190 / 18 101 0 255 / 0.93911730 0.99867250
				-16.14529000 22.80598000 -15.75128000 / -0.44195830 0.87476080 0.19866190 / 18 112 0 255 / 0.56410220 0.99867250
				-16.14709000 22.70063000 -15.75127000 / 0.00000000 0.00000000 -1.00000000 / 46 92 0 255 / 0.93911730 0.77926640
				-16.14709000 22.70063000 -15.75127000 / 0.00000000 0.00000000 -1.00000000 / 46 92 0 255 / 0.93911730 0.77926640
				-15.51010000 21.55811000 -15.66680000 / -0.33118980 0.64559610 -0.68812720 / 28 112 0 255 / 0.93911730 0.99867250
				-16.12994000 22.66735000 -15.19854000 / -0.15411670 0.30480020 -0.93986430 / 21 81 0 255 / 0.93911730 0.94493090
				-15.96390000 22.34156000 -15.48614000 / 0.00000000 0.00000000 1.00000000 / 22 153 0 255 / 0.93911730 0.77926640
				-16.12994000 22.66735000 -15.19854000 / -0.08201780 0.16212820 -0.98335520 / 21 81 0 255 / 0.93911730 0.94493090
				-16.12994000 22.66735000 -15.19854000 / -0.07705720 0.15525890 -0.98486390 / 21 81 0 255 / 0.93911730 0.94493090
				-16.18921000 22.78379000 -15.75128000 / 0.00000000 0.00000000 -1.00000000 / 38 86 0 255 / 0.56410220 0.77926640
				-16.14529000 22.80598000 -15.75128000 / 0.00000000 0.00000000 -1.00000000 / 42 93 0 255 / 0.56410220 0.99867250
				-16.14529000 22.80598000 -15.75128000 / 0.00000000 0.00000000 -1.00000000 / 42 93 0 255 / 0.56410220 0.99867250
				-16.10299000 22.72327000 -15.75128000 / 0.00000000 0.00000000 -1.00000000 / 53 101 0 255 / 0.93911730 0.99867250
				-16.11350000 22.63490000 -15.38507000 / 0.44745140 -0.87220590 -0.19759570 / 57 102 0 255 / 0.93911730 0.77926640
				-16.11350000 22.63490000 -15.38507000 / 0.43509910 -0.87801890 -0.19942840 / 57 102 0 255 / 0.93911730 0.77926640
				-15.55899000 21.54546000 -15.69268000 / -0.30947440 0.60330810 0.73501350 / 43 122 0 255 / 0.60711670 0.77926640
				-16.14709000 22.70063000 -15.75127000 / 0.44745140 -0.87220590 -0.19759570 / 46 92 0 255 / 0.56410220 0.77926640
				-16.10299000 22.72327000 -15.75128000 / 0.44745140 -0.87220590 -0.19759570 / 53 101 0 255 / 0.56410220 0.99867250
				-15.96390000 22.34156000 -15.48614000 / 0.00000000 0.00000000 1.00000000 / 22 153 0 255 / 0.93911730 0.77926640
				-16.10299000 22.72327000 -15.75128000 / 0.43509910 -0.87801890 -0.19942840 / 53 101 0 255 / 0.56410220 0.99867250
				-16.06914000 22.65688000 -15.38507000 / 0.43509910 -0.87801890 -0.19942840 / 57 111 0 255 / 0.93911730 0.99867250
				-16.23376000 22.87119000 -15.38507000 / 0.45583760 -0.88821580 0.05731350 / 73 119 0 255 / 0.93911730 0.77926640
				-16.23376000 22.87119000 -15.38507000 / 0.45583760 -0.88821580 0.05731350 / 73 119 0 255 / 0.93911730 0.77926640
				-16.22802000 22.85973000 -15.60821000 / 0.45583760 -0.88821580 0.05731350 / 66 107 0 255 / 0.56410220 0.77926640
				-16.18392000 22.88236000 -15.60821000 / 0.45583760 -0.88821580 0.05731350 / 73 119 0 255 / 0.56410220 0.99867250
				-16.18392000 22.88236000 -15.60821000 / 0.45583760 -0.88821580 0.05731350 / 73 119 0 255 / 0.56410220 0.99867250
				-15.55899000 21.54546000 -15.69268000 / -0.30946660 0.60310230 0.73518590 / 43 122 0 255 / 0.60711670 0.77926640
				-16.08931000 22.69677000 -15.19708000 / -0.08201780 0.16212820 -0.98335520 / 23 79 0 255 / 0.56410220 0.90193180
				-16.08931000 22.69677000 -15.19708000 / -0.07705720 0.15525890 -0.98486390 / 23 79 0 255 / 0.56410220 0.90193180
				-16.08931000 22.69677000 -15.19708000 / 0.09880070 -0.19931800 -0.97494150 / 23 79 0 255 / 0.56410220 0.90193180
				-15.96390000 22.34156000 -15.48614000 / -0.44061120 0.87225760 0.21219910 / 22 153 0 255 / 0.93911730 0.77926640
				-16.18966000 22.89382000 -15.38507000 / 0.45583760 -0.88821580 0.05731350 / 79 130 0 255 / 0.93911730 0.99867250
				-16.10679000 22.62196000 -15.72442000 / -0.39309660 0.76616640 -0.50839350 / 27 100 0 255 / 0.93911730 0.77926640
				-16.10679000 22.62196000 -15.72442000 / -0.39329600 0.76618330 -0.50821390 / 27 100 0 255 / 0.93911730 0.77926640
				-16.11924000 22.64635000 -15.67804000 / -0.39309660 0.76616640 -0.50839350 / 35 107 0 255 / 0.91036990 0.77926640
				-16.07513000 22.66898000 -15.67804000 / -0.39309660 0.76616640 -0.50839350 / 31 98 0 255 / 0.91036990 0.99867250
				-16.07513000 22.66898000 -15.67804000 / -0.39329600 0.76618330 -0.50821390 / 31 98 0 255 / 0.91036990 0.99867250
				-15.55899000 21.54546000 -15.69268000 / -0.18643800 0.36353030 0.91273580 / 43 122 0 255 / 0.60711670 0.77926640
				-16.06269000 22.64459000 -15.72443000 / -0.39329600 0.76618330 -0.50821390 / 24 95 0 255 / 0.93911730 0.99867250
				-16.10976000 22.62747000 -15.56427000 / -0.33857410 0.65979020 0.67085350 / 37 154 0 255 / 0.93911730 0.77926640
				-16.10976000 22.62747000 -15.56427000 / -0.33857410 0.65979020 0.67085350 / 37 154 0 255 / 0.93911730 0.77926640
				-16.09158000 22.59161000 -15.51982000 / -0.33857410 0.65979020 0.67085350 / 26 170 0 255 / 0.91036990 0.77926640
				-15.94694000 22.30781000 -15.48613000 / 0.00000000 0.00000000 1.00000000 / 21 150 0 255 / 0.91036990 0.77926640
				-16.04747000 22.61425000 -15.51983000 / -0.33857410 0.65979020 0.67085350 / 31 156 0 255 / 0.91036990 0.99867250
				-16.04747000 22.61425000 -15.51983000 / -0.33857410 0.65979020 0.67085350 / 31 156 0 255 / 0.91036990 0.99867250
				-16.06565000 22.65010000 -15.56427000 / -0.33857410 0.65979020 0.67085350 / 42 132 0 255 / 0.93911730 0.99867250
				-16.11969000 22.64654000 -15.61944000 / -0.42536860 0.82899190 0.36308930 / 42 128 0 255 / 0.93911730 0.77926640
				-16.11969000 22.64654000 -15.61944000 / -0.42531610 0.82908030 0.36294910 / 42 128 0 255 / 0.93911730 0.77926640
				-15.55570000 21.53823000 -15.68535000 / -0.30947440 0.60330810 0.73501350 / 32 121 0 255 / 0.56410220 0.77926640
				-16.13368000 22.67477000 -15.19708000 / -0.07705720 0.15525890 -0.98486390 / 25 81 0 255 / 0.93911730 0.90193180
				-16.13368000 22.67477000 -15.19708000 / 0.09880070 -0.19931800 -0.97494150 / 25 81 0 255 / 0.93911730 0.90193180
				-16.13368000 22.67477000 -15.19708000 / 0.10700030 -0.20846950 -0.97215820 / 25 81 0 255 / 0.93911730 0.90193180
				-16.10976000 22.62747000 -15.56427000 / -0.42536860 0.82899190 0.36308930 / 37 154 0 255 / 0.91036990 0.77926640
				-16.06565000 22.65010000 -15.56427000 / -0.42536860 0.82899190 0.36308930 / 42 132 0 255 / 0.91036990 0.99867250
				-15.90301000 22.33000000 -15.48613000 / 0.00000000 0.00000000 1.00000000 / 21 145 0 255 / 0.91036990 0.99867250
				-16.06565000 22.65010000 -15.56427000 / -0.42531610 0.82908030 0.36294910 / 42 132 0 255 / 0.91036990 0.99867250
				-16.07558000 22.66917000 -15.61945000 / -0.42531610 0.82908030 0.36294910 / 39 103 0 255 / 0.93911730 0.99867250
				-16.11924000 22.64635000 -15.67804000 / -0.45641190 0.88974570 -0.00638940 / 35 107 0 255 / 0.93911730 0.77926640
				-16.11924000 22.64635000 -15.67804000 / -0.45641160 0.88974520 -0.00648470 / 35 107 0 255 / 0.93911730 0.77926640
				-15.51159000 21.56086000 -15.68536000 / -0.30947440 0.60330810 0.73501350 / 37 121 0 255 / 0.56410220 0.99867250
				-16.11969000 22.64654000 -15.61944000 / -0.45641190 0.88974570 -0.00638940 / 42 128 0 255 / 0.91036990 0.77926640
				-16.07558000 22.66917000 -15.61945000 / -0.45641190 0.88974570 -0.00638940 / 39 103 0 255 / 0.91036990 0.99867250
				-16.07558000 22.66917000 -15.61945000 / -0.45641160 0.88974520 -0.00648470 / 39 103 0 255 / 0.91036990 0.99867250
				-16.07513000 22.66898000 -15.67804000 / -0.45641160 0.88974520 -0.00648470 / 31 98 0 255 / 0.93911730 0.99867250
				-16.02516000 22.46205000 -15.58819000 / -0.43542190 0.84852920 -0.30067570 / 29 100 0 255 / 0.93911730 0.77926640
				-16.02516000 22.46205000 -15.58819000 / -0.42805560 0.84752720 -0.31379300 / 29 100 0 255 / 0.93911730 0.77926640
				-15.90301000 22.33000000 -15.48613000 / 0.00000000 0.00000000 1.00000000 / 21 145 0 255 / 0.91036990 0.99867250
				-16.02857000 22.46773000 -15.56720000 / -0.43542190 0.84852920 -0.30067570 / 24 88 0 255 / 0.91036990 0.77926640
				-15.98446000 22.49037000 -15.56720000 / -0.43549920 0.84849400 -0.30066330 / 26 95 0 255 / 0.91036990 0.99867250
				-15.98446000 22.49037000 -15.56720000 / -0.42813350 0.84749260 -0.31378020 / 26 95 0 255 / 0.91036990 0.99867250
				-15.51159000 21.56086000 -15.68536000 / -0.30946660 0.60310230 0.73518590 / 37 121 0 255 / 0.56410220 0.99867250
				-16.09505000 22.70822000 -15.20001000 / 0.09880070 -0.19931800 -0.97494150 / 30 86 0 255 / 0.56410220 0.83552550
				-16.09505000 22.70822000 -15.20001000 / 0.10700030 -0.20846950 -0.97215820 / 30 86 0 255 / 0.56410220 0.83552550
				-16.09505000 22.70822000 -15.20001000 / 0.27886040 -0.54360620 -0.79166230 / 30 86 0 255 / 0.56410220 0.83552550
				-15.98124000 22.48423000 -15.58819000 / -0.42813350 0.84749260 -0.31378020 / 34 104 0 255 / 0.93911730 0.99867250
				-16.02638000 22.46415000 -15.61847000 / -0.44935850 0.88975270 0.08010640 / 36 122 0 255 / 0.93911730 0.77926640
				-16.02638000 22.46415000 -15.61847000 / -0.44936200 0.88975950 0.08001160 / 36 122 0 255 / 0.93911730 0.77926640
				-16.02516000 22.46205000 -15.58819000 / -0.44935850 0.88975270 0.08010640 / 29 100 0 255 / 0.91036990 0.77926640
				-15.91998000 22.36374000 -15.48614000 / 0.00000000 0.00000000 1.00000000 / 25 139 0 255 / 0.93911730 0.99867250
				-15.98124000 22.48423000 -15.58819000 / -0.44935850 0.88975270 0.08010640 / 34 104 0 255 / 0.91036990 0.99867250
				-15.98124000 22.48423000 -15.58819000 / -0.44936200 0.88975950 0.08001160 / 34 104 0 255 / 0.91036990 0.99867250
				-15.51488000 21.56810000 -15.69268000 / -0.30946660 0.60310230 0.73518590 / 48 113 0 255 / 0.60711670 0.99867250
				-15.98246000 22.48633000 -15.61846000 / -0.44936200 0.88975950 0.08001160 / 37 130 0 255 / 0.93911730 0.99867250
				-16.03109000 22.47305000 -15.65020000 / -0.42971810 0.85085340 0.30230950 / 36 146 0 255 / 0.93911730 0.77926640
				-16.03109000 22.47305000 -15.65020000 / -0.43375260 0.84576030 0.31072250 / 36 146 0 255 / 0.93911730 0.77926640
				-16.02638000 22.46415000 -15.61847000 / -0.42971810 0.85085340 0.30230950 / 36 122 0 255 / 0.91036990 0.77926640
				-15.98246000 22.48633000 -15.61846000 / -0.42971810 0.85085340 0.30230950 / 37 130 0 255 / 0.91036990 0.99867250
				-15.98246000 22.48633000 -15.61846000 / -0.43382990 0.84572520 0.31070960 / 37 130 0 255 / 0.91036990 0.99867250
				-15.98698000 22.49567000 -15.65020000 / -0.43382990 0.84572520 0.31070960 / 35 145 0 255 / 0.93911730 0.99867250
				-16.03805000 22.48662000 -15.67169000 / -0.37214260 0.72559220 0.57881430 / 33 155 0 255 / 0.93911730 0.77926640
				-15.91998000 22.36374000 -15.48614000 / -0.44061120 0.87225760 0.21219910 / 25 139 0 255 / 0.93911730 0.99867250
				-16.03805000 22.48662000 -15.67169000 / -0.37020500 0.73278080 0.57094720 / 33 155 0 255 / 0.93911730 0.77926640
				-15.51488000 21.56810000 -15.69268000 / -0.18643800 0.36353030 0.91273580 / 48 113 0 255 / 0.60711670 0.99867250
				-16.13916000 22.68559000 -15.20000000 / 0.10700030 -0.20846950 -0.97215820 / 37 89 0 255 / 0.93911730 0.83552550
				-16.13916000 22.68559000 -15.20000000 / 0.27886040 -0.54360620 -0.79166230 / 37 89 0 255 / 0.93911730 0.83552550
				-16.13916000 22.68559000 -15.20000000 / 0.27904950 -0.54379370 -0.79146690 / 37 89 0 255 / 0.93911730 0.83552550
				-16.03109000 22.47305000 -15.65020000 / -0.37214260 0.72559220 0.57881430 / 36 146 0 255 / 0.91036990 0.77926640
				-15.98698000 22.49567000 -15.65020000 / -0.37222470 0.72556640 0.57879370 / 35 145 0 255 / 0.91036990 0.99867250
				-15.98698000 22.49567000 -15.65020000 / -0.37020500 0.73278080 0.57094720 / 35 145 0 255 / 0.91036990 0.99867250
				-15.99414000 22.50880000 -15.67168000 / -0.37020500 0.73278080 0.57094720 / 31 152 0 255 / 0.93911730 0.99867250
				-15.95293000 22.31992000 -15.54863000 / 0.00009540 -0.00019070 -1.00000000 / 35 79 0 255 / 0.93911730 0.99867250
				-15.95293000 22.31992000 -15.54863000 / 0.00009540 -0.00019070 -1.00000000 / 35 79 0 255 / 0.93911730 0.99867250
				-15.91998000 22.36374000 -15.48614000 / -0.43956120 0.87301870 0.21124500 / 25 139 0 255 / 0.93911730 0.99867250
				-15.51488000 21.56810000 -15.69268000 / -0.18740300 0.37118180 0.90945270 / 48 113 0 255 / 0.60711670 0.99867250
				-15.97054000 22.35340000 -15.54864000 / 0.00009540 -0.00019070 -1.00000000 / 37 77 0 255 / 0.93911730 0.77926640
				-15.92598000 22.37584000 -15.54864000 / 0.00009540 -0.00019070 -1.00000000 / 35 79 0 255 / 0.56410220 0.77926640
				-15.92598000 22.37584000 -15.54864000 / 0.00009540 -0.00019070 -1.00000000 / 35 79 0 255 / 0.56410220 0.77926640
				-15.90902000 22.34210000 -15.54863000 / 0.00009540 -0.00019070 -1.00000000 / 34 82 0 255 / 0.56410220 0.99867250
				-15.89412000 22.20364000 -15.67852000 / 0.44763880 -0.88879280 -0.09832030 / 105 97 0 255 / 0.93911730 0.77926640
				-15.89412000 22.20364000 -15.67852000 / 0.45471550 -0.88577970 -0.09288860 / 105 97 0 255 / 0.93911730 0.77926640
				-15.89735000 22.20979000 -15.74883000 / 0.44763880 -0.88879280 -0.09832030 / 89 96 0 255 / 0.56410220 0.77926640
				-15.85278000 22.23224000 -15.74883000 / 0.44763880 -0.88879280 -0.09832030 / 100 97 0 255 / 0.56410220 0.99867250
				-15.85278000 22.23224000 -15.74883000 / 0.45471550 -0.88577970 -0.09288860 / 100 97 0 255 / 0.56410220 0.99867250
				-16.10002000 22.71776000 -15.20831000 / 0.27886040 -0.54360620 -0.79166230 / 44 89 0 255 / 0.56410220 0.77926640
				-15.56595000 21.55904000 -15.69951000 / -0.18643800 0.36353030 0.91273580 / 52 120 0 255 / 0.68688970 0.77926640
				-15.97054000 22.35340000 -15.54864000 / -0.44061120 0.87225760 0.21219910 / 28 136 0 255 / 0.56410220 0.77926640
				-16.10002000 22.71776000 -15.20831000 / 0.27904950 -0.54379370 -0.79146690 / 44 89 0 255 / 0.56410220 0.77926640
				-15.85001000 22.22628000 -15.67852000 / 0.45471550 -0.88577970 -0.09288860 / 102 87 0 255 / 0.93911730 0.99867250
				-15.90264000 22.22106000 -15.68341000 / -0.11158340 0.21763530 0.96963080 / 24 157 0 255 / 0.93911730 0.77926640
				-15.90264000 22.22106000 -15.68341000 / -0.11196510 0.22164120 0.96867900 / 24 157 0 255 / 0.93911730 0.77926640
				-15.89412000 22.20364000 -15.67852000 / -0.11158340 0.21763530 0.96963080 / 23 174 0 255 / 0.91036990 0.77926640
				-15.85001000 22.22628000 -15.67852000 / -0.11158340 0.21763530 0.96963080 / 23 157 0 255 / 0.91036990 0.99867250
				-15.85001000 22.22628000 -15.67852000 / -0.11196510 0.22164120 0.96867900 / 23 157 0 255 / 0.91036990 0.99867250
				-15.85871000 22.24324000 -15.68341000 / -0.11196510 0.22164120 0.96867900 / 25 143 0 255 / 0.93911730 0.99867250
				-15.90908000 22.23336000 -15.68487000 / -0.04720660 0.09365020 0.99448540 / 28 149 0 255 / 0.93911730 0.77926640
				-15.56595000 21.55904000 -15.69951000 / -0.18740300 0.37118180 0.90945270 / 52 120 0 255 / 0.68688970 0.77926640
				-15.90908000 22.23336000 -15.68487000 / -0.04682340 0.09116730 0.99473420 / 28 149 0 255 / 0.93911730 0.77926640
				-15.97054000 22.35340000 -15.54864000 / -0.43956120 0.87301870 0.21124500 / 28 136 0 255 / 0.56410220 0.77926640
				-15.90264000 22.22106000 -15.68341000 / -0.04720660 0.09365020 0.99448540 / 24 157 0 255 / 0.91036990 0.77926640
				-15.85871000 22.24324000 -15.68341000 / -0.04720660 0.09365020 0.99448540 / 25 143 0 255 / 0.91036990 0.99867250
				-15.85871000 22.24324000 -15.68341000 / -0.04682340 0.09116730 0.99473420 / 25 143 0 255 / 0.91036990 0.99867250
				-15.86497000 22.25599000 -15.68487000 / -0.04682340 0.09116730 0.99473420 / 33 137 0 255 / 0.93911730 0.99867250
				-15.91360000 22.24270000 -15.68292000 / 0.08439860 -0.16460110 0.98274270 / 41 136 0 255 / 0.93911730 0.77926640
				-15.91360000 22.24270000 -15.68292000 / 0.08592230 -0.17012800 0.98166890 / 41 136 0 255 / 0.93911730 0.77926640
				-16.14413000 22.69513000 -15.20831000 / 0.27904950 -0.54379370 -0.79146690 / 57 88 0 255 / 0.93911730 0.77926640
				-16.14413000 22.69513000 -15.20831000 / 0.39881320 -0.77683700 -0.48731120 / 57 88 0 255 / 0.93911730 0.77926640
				-15.56595000 21.55904000 -15.69951000 / -0.04682570 0.09269770 0.99459260 / 52 120 0 255 / 0.68688970 0.77926640
				-16.14413000 22.69513000 -15.20831000 / 0.39841820 -0.77681060 -0.48767610 / 57 88 0 255 / 0.93911730 0.77926640
				-15.90908000 22.23336000 -15.68487000 / 0.08439860 -0.16460110 0.98274270 / 28 149 0 255 / 0.91036990 0.77926640
				-16.23099000 22.97507000 -15.07794000 / -0.44231810 0.87567160 0.19378830 / 21 162 0 255 / 0.56410220 0.99867250
				-15.86497000 22.25599000 -15.68487000 / 0.08439860 -0.16460110 0.98274270 / 33 137 0 255 / 0.91036990 0.99867250
				-15.86497000 22.25599000 -15.68487000 / 0.08592230 -0.17012800 0.98166890 / 33 137 0 255 / 0.91036990 0.99867250
				-15.86968000 22.26488000 -15.68292000 / 0.08592230 -0.17012800 0.98166890 / 52 127 0 255 / 0.93911730 0.99867250
				-15.88071000 22.17780000 -15.54863000 / 0.00009540 -0.00019070 -1.00000000 / 50 84 0 255 / 0.93911730 0.77926640
				-15.88071000 22.17780000 -15.54863000 / 0.00000000 -0.00019070 -1.00000000 / 50 84 0 255 / 0.93911730 0.77926640
				-16.17527000 22.75666000 -15.14727000 / -0.89234470 -0.45132280 -0.00534110 / 87 178 0 255 / 0.32675170 0.16691590
				-15.90657000 22.22805000 -15.54864000 / 0.00009540 -0.00019070 -1.00000000 / 77 105 0 255 / 0.56410220 0.77926640
				-15.86246000 22.25068000 -15.54864000 / 0.00009540 -0.00019070 -1.00000000 / 58 91 0 255 / 0.56410220 0.99867250
				-15.52204000 21.58122000 -15.69951000 / -0.18740300 0.37118180 0.90945270 / 55 120 0 255 / 0.68688970 0.99867250
				-15.86246000 22.25068000 -15.54864000 / 0.00000000 -0.00019070 -1.00000000 / 58 91 0 255 / 0.56410220 0.99867250
				-15.83679000 22.19998000 -15.54863000 / 0.00000000 -0.00019070 -1.00000000 / 55 106 0 255 / 0.93911730 0.99867250
				-15.87472000 22.16569000 -15.48614000 / 0.44062690 -0.87247930 -0.21125290 / 61 117 0 255 / 0.93911730 0.77926640
				-16.23099000 22.97507000 -15.07794000 / -0.44231810 0.87567160 0.19378830 / 21 162 0 255 / 0.56410220 0.99867250
				-15.87472000 22.16569000 -15.48614000 / 0.44061800 -0.87246170 -0.21134400 / 61 117 0 255 / 0.93911730 0.77926640
				-15.88071000 22.17780000 -15.54863000 / 0.44062690 -0.87247930 -0.21125290 / 50 84 0 255 / 0.56410220 0.77926640
				-15.83679000 22.19998000 -15.54863000 / 0.44062690 -0.87247930 -0.21125290 / 55 106 0 255 / 0.56410220 0.99867250
				-16.14587000 22.69853000 -15.14727000 / -0.89234470 -0.45132280 -0.00534110 / 93 178 0 255 / 0.50849910 0.16691590
				-15.83679000 22.19998000 -15.54863000 / 0.44061800 -0.87246170 -0.21134400 / 55 106 0 255 / 0.56410220 0.99867250
				-16.10575000 22.72922000 -15.23126000 / 0.39881320 -0.77683700 -0.48731120 / 67 93 0 255 / 0.86796570 0.99867250
				-16.10575000 22.72922000 -15.23126000 / 0.39841820 -0.77681060 -0.48767610 / 67 93 0 255 / 0.86796570 0.99867250
				-15.52204000 21.58122000 -15.69951000 / -0.04682570 0.09269770 0.99459260 / 55 120 0 255 / 0.68688970 0.99867250
				-16.10575000 22.72922000 -15.23126000 / 0.44042130 -0.85871650 -0.26198290 / 67 93 0 255 / 0.86796570 0.99867250
				-15.83079000 22.18787000 -15.48614000 / 0.44061800 -0.87246170 -0.21134400 / 72 134 0 255 / 0.93911730 0.99867250
				-15.90038000 22.21639000 -15.48614000 / 0.00000000 0.00000000 1.00000000 / 61 150 0 255 / 0.93911730 0.77926640
				-15.90038000 22.21639000 -15.48614000 / 0.00000000 0.00000000 1.00000000 / 61 150 0 255 / 0.93911730 0.77926640
				-15.92598000 22.37584000 -15.54864000 / -0.43956120 0.87301870 0.21124500 / 31 120 0 255 / 0.56410220 0.99867250
				-15.87472000 22.16569000 -15.48614000 / 0.00000000 0.00000000 1.00000000 / 60 165 0 255 / 0.56410220 0.77926640
				-15.91230000 22.23950000 -15.22540000 / -0.89256930 -0.45091010 0.00009540 / 159 172 0 255 / 0.74224860 0.40466310
				-15.83079000 22.18787000 -15.48614000 / 0.00000000 0.00000000 1.00000000 / 61 150 0 255 / 0.56410220 0.99867250
				-15.83079000 22.18787000 -15.48614000 / 0.00000000 0.00000000 1.00000000 / 61 150 0 255 / 0.56410220 0.99867250
				-15.85646000 22.23858000 -15.48614000 / 0.00000000 0.00000000 1.00000000 / 62 133 0 255 / 0.93911730 0.99867250
				-15.89341000 22.20282000 -15.40361000 / 0.44334610 -0.87772790 -0.18176330 / 173 128 0 255 / 0.93911730 0.77926640
				-15.52204000 21.58122000 -15.69951000 / -0.04682480 0.09288680 0.99457500 / 55 120 0 255 / 0.68688970 0.99867250
				-15.89341000 22.20282000 -15.40361000 / 0.44343040 -0.87770610 -0.18166340 / 173 128 0 255 / 0.93911730 0.77926640
				-15.90038000 22.21639000 -15.48614000 / 0.44334610 -0.87772790 -0.18176330 / 174 125 0 255 / 0.56410220 0.77926640
				-15.85646000 22.23858000 -15.48614000 / 0.44334610 -0.87772790 -0.18176330 / 173 128 0 255 / 0.56410220 0.99867250
				-15.85646000 22.23858000 -15.48614000 / 0.44343040 -0.87770610 -0.18166340 / 173 128 0 255 / 0.56410220 0.99867250
				-15.84949000 22.22501000 -15.40361000 / 0.44343040 -0.87770610 -0.18166340 / 173 132 0 255 / 0.93911730 0.99867250
				-15.91230000 22.23950000 -15.22540000 / -0.88956450 -0.45679820 0.00324240 / 159 172 0 255 / 0.74224860 0.40466310
				-15.96235000 22.33771000 -15.65362000 / -0.44279940 0.87663400 0.18825890 / 90 118 0 255 / 0.72785950 0.77926640
				-15.69318000 21.80890000 -15.75127000 / 0.00000000 0.00000000 -1.00000000 / 75 95 0 255 / 0.93911730 0.77926640
				-15.69318000 21.80890000 -15.75127000 / 0.00000000 0.00000000 -1.00000000 / 75 95 0 255 / 0.93911730 0.77926640
				-16.10002000 22.71776000 -15.20831000 / 0.39881320 -0.77683700 -0.48731120 / 44 89 0 255 / 0.93911730 0.99867250
				-15.74000000 21.90097000 -15.75127000 / 0.00000000 0.00000000 -1.00000000 / 64 85 0 255 / 0.56410220 0.77926640
				-15.57421000 21.57581000 -15.70146000 / -0.04682570 0.09269770 0.99459260 / 61 134 0 255 / 0.78669740 0.77926640
				-15.69589000 21.92360000 -15.75127000 / 0.00000000 0.00000000 -1.00000000 / 68 92 0 255 / 0.56410220 0.99867250
				-15.69589000 21.92360000 -15.75127000 / 0.00000000 0.00000000 -1.00000000 / 68 92 0 255 / 0.56410220 0.99867250
				-15.64907000 21.83154000 -15.75127000 / 0.00000000 0.00000000 -1.00000000 / 86 99 0 255 / 0.93911730 0.99867250
				-15.62322000 21.67145000 -15.48711000 / 0.44259590 -0.86268520 -0.24471040 / 42 113 0 255 / 0.93911730 0.77926640
				-15.91230000 22.23950000 -15.22540000 / -0.89063440 -0.45413870 0.02298350 / 159 172 0 255 / 0.74224860 0.40466310
				-15.62322000 21.67145000 -15.48711000 / 0.44267260 -0.86264880 -0.24470010 / 42 113 0 255 / 0.93911730 0.77926640
				-15.63289000 21.68990000 -15.56963000 / 0.44259590 -0.86268520 -0.24471040 / 37 105 0 255 / 0.56410220 0.77926640
				-15.96235000 22.33771000 -15.65362000 / -0.44803410 0.87337090 0.19102010 / 90 118 0 255 / 0.72785950 0.77926640
				-15.58878000 21.71253000 -15.56963000 / 0.44259590 -0.86268520 -0.24471040 / 42 113 0 255 / 0.56410220 0.99867250
				-15.58878000 21.71253000 -15.56963000 / 0.44267260 -0.86264880 -0.24470010 / 42 113 0 255 / 0.56410220 0.99867250
				-15.57911000 21.69409000 -15.48711000 / 0.44267260 -0.86264880 -0.24470010 / 48 120 0 255 / 0.93911730 0.99867250
				-15.57421000 21.57581000 -15.70146000 / -0.04682480 0.09288680 0.99457500 / 61 134 0 255 / 0.78669740 0.77926640
				-15.67623000 21.77518000 -15.52958000 / -0.35476280 0.70227770 0.61721090 / 22 101 0 255 / 0.93911730 0.77926640
				-15.67623000 21.77518000 -15.52958000 / -0.35684000 0.69575210 0.62337330 / 22 101 0 255 / 0.93911730 0.77926640
				-15.66732000 21.75865000 -15.50566000 / -0.35476280 0.70227770 0.61721090 / 21 132 0 255 / 0.91036990 0.77926640
				-15.92153000 22.25776000 -15.32891000 / -0.89256930 -0.45091010 0.00009540 / 158 170 0 255 / 0.68522640 0.69294740
				-15.62341000 21.78084000 -15.50566000 / -0.35476280 0.70227770 0.61721090 / 21 116 0 255 / 0.91036990 0.99867250
				-15.62341000 21.78084000 -15.50566000 / -0.35684000 0.69575210 0.62337330 / 21 116 0 255 / 0.91036990 0.99867250
				-16.14987000 22.70659000 -15.23125000 / 0.39841820 -0.77681060 -0.48767610 / 80 100 0 255 / 0.86796570 0.77926640
				-16.14987000 22.70659000 -15.23125000 / 0.44042130 -0.85871650 -0.26198290 / 80 100 0 255 / 0.86796570 0.77926640
				-15.96235000 22.33771000 -15.65362000 / -0.45112790 0.87936560 0.15231530 / 90 118 0 255 / 0.72785950 0.77926640
				-16.14987000 22.70659000 -15.23125000 / 0.44060800 -0.85870870 -0.26169440 / 80 100 0 255 / 0.86796570 0.77926640
				-15.63211000 21.79781000 -15.52958000 / -0.35684000 0.69575210 0.62337330 / 21 93 0 255 / 0.93911730 0.99867250
				-15.57421000 21.57581000 -15.70146000 / 0.05245140 -0.10356760 0.99323840 / 61 134 0 255 / 0.78669740 0.77926640
				-15.67204000 21.76756000 -15.48613000 / 0.44749460 -0.87248100 -0.19627960 / 134 122 0 255 / 0.93911730 0.77926640
				-15.67204000 21.76756000 -15.48613000 / 0.44157380 -0.87399180 -0.20285690 / 134 122 0 255 / 0.93911730 0.77926640
				-15.89012000 22.19559000 -15.32890000 / -0.89256930 -0.45091010 0.00009540 / 158 172 0 255 / 0.87896730 0.69294740
				-15.67623000 21.77518000 -15.52958000 / 0.44749460 -0.87248100 -0.19627960 / 137 120 0 255 / 0.56410220 0.77926640
				-15.63211000 21.79781000 -15.52958000 / 0.44749460 -0.87248100 -0.19627960 / 134 122 0 255 / 0.56410220 0.99867250
				-15.63211000 21.79781000 -15.52958000 / 0.44157380 -0.87399180 -0.20285690 / 134 122 0 255 / 0.56410220 0.99867250
				-15.62812000 21.78974000 -15.48613000 / 0.44157380 -0.87399180 -0.20285690 / 131 124 0 255 / 0.93911730 0.99867250
				-15.58214000 21.59086000 -15.55450000 / 0.44757590 -0.88618690 0.11978590 / 106 103 0 255 / 0.93911730 0.77926640
				-15.58214000 21.59086000 -15.55450000 / 0.44753490 -0.88610570 0.12053780 / 106 103 0 255 / 0.93911730 0.77926640
				-15.95293000 22.31992000 -15.54863000 / -0.44279940 0.87663400 0.18825890 / 74 94 0 255 / 0.93911730 0.77926640
				-15.58144000 21.59003000 -15.56328000 / 0.44757590 -0.88618690 0.11978590 / 79 105 0 255 / 0.91036990 0.77926640
				-15.53029000 21.59799000 -15.70146000 / -0.04682480 0.09288680 0.99457500 / 66 132 0 255 / 0.78669740 0.99867250
				-15.53751000 21.61221000 -15.56329000 / 0.44757590 -0.88618690 0.11978590 / 95 100 0 255 / 0.91036990 0.99867250
				-15.89012000 22.19559000 -15.32890000 / -0.88956450 -0.45679820 0.00324240 / 158 172 0 255 / 0.87896730 0.69294740
				-15.53751000 21.61221000 -15.56329000 / 0.44753490 -0.88610570 0.12053780 / 95 100 0 255 / 0.91036990 0.99867250
				-15.53822000 21.61305000 -15.55450000 / 0.44753490 -0.88610570 0.12053780 / 100 98 0 255 / 0.93911730 0.99867250
				-15.58040000 21.58747000 -15.54668000 / 0.40518790 -0.80217470 -0.43856420 / 93 99 0 255 / 0.93911730 0.77926640
				-15.58040000 21.58747000 -15.54668000 / 0.40522180 -0.80224190 -0.43841010 / 93 99 0 255 / 0.93911730 0.77926640
				-16.11046000 22.73812000 -15.26836000 / 0.44042130 -0.85871650 -0.26198290 / 86 106 0 255 / 0.75373840 0.99867250
				-16.11046000 22.73812000 -15.26836000 / 0.44060800 -0.85870870 -0.26169440 / 86 106 0 255 / 0.75373840 0.99867250
				-16.11046000 22.73812000 -15.26836000 / 0.44762200 -0.87235740 -0.19653790 / 86 106 0 255 / 0.75373840 0.99867250
				-15.58214000 21.59086000 -15.55450000 / 0.40518790 -0.80217470 -0.43856420 / 106 103 0 255 / 0.91036990 0.77926640
				-15.90902000 22.34210000 -15.54863000 / -0.44279940 0.87663400 0.18825890 / 85 108 0 255 / 0.93911730 0.99867250
				-15.53029000 21.59799000 -15.70146000 / 0.05245140 -0.10356760 0.99323840 / 66 132 0 255 / 0.78669740 0.99867250
				-15.87948000 22.17567000 -15.21513000 / -0.88956450 -0.45679820 0.00324240 / 162 170 0 255 / 0.94171140 0.37564090
				-15.53822000 21.61305000 -15.55450000 / 0.40518790 -0.80217470 -0.43856420 / 100 98 0 255 / 0.91036990 0.99867250
				-15.53822000 21.61305000 -15.55450000 / 0.40522180 -0.80224190 -0.43841010 / 100 98 0 255 / 0.91036990 0.99867250
				-15.53649000 21.60966000 -15.54669000 / 0.40522180 -0.80224190 -0.43841010 / 82 99 0 255 / 0.93911730 0.99867250
				-15.54977000 21.52723000 -15.54913000 / -0.34722050 0.67670330 -0.64923850 / 19 82 0 255 / 0.93911730 0.77926640
				-15.54977000 21.52723000 -15.54913000 / -0.34703310 0.67651900 -0.64953070 / 19 82 0 255 / 0.93911730 0.77926640
				-15.55274000 21.53274000 -15.54180000 / -0.34722050 0.67670330 -0.64923850 / 20 83 0 255 / 0.91036990 0.77926640
				-15.50864000 21.55537000 -15.54180000 / -0.34722050 0.67670330 -0.64923850 / 19 81 0 255 / 0.91036990 0.99867250
				-15.50864000 21.55537000 -15.54180000 / -0.34703310 0.67651900 -0.64953070 / 19 81 0 255 / 0.91036990 0.99867250
				-15.50566000 21.54986000 -15.54913000 / -0.34703310 0.67651900 -0.64953070 / 18 84 0 255 / 0.93911730 0.99867250
				-15.54874000 21.52467000 -15.56035000 / -0.44332910 0.86415330 -0.23811420 / 20 86 0 255 / 0.93911730 0.77926640
				-15.87948000 22.17567000 -15.21513000 / -0.89063440 -0.45413870 0.02298350 / 162 170 0 255 / 0.94171140 0.37564090
				-15.53029000 21.59799000 -15.70146000 / 0.05245140 -0.10356760 0.99323840 / 66 132 0 255 / 0.78669740 0.99867250
				-15.90902000 22.34210000 -15.54863000 / -0.44803410 0.87337090 0.19102010 / 85 108 0 255 / 0.93911730 0.99867250
				-15.54874000 21.52467000 -15.56035000 / -0.44333920 0.86417280 -0.23802420 / 20 86 0 255 / 0.93911730 0.77926640
				-15.54977000 21.52723000 -15.54913000 / -0.44332910 0.86415330 -0.23811420 / 19 82 0 255 / 0.91036990 0.77926640
				-15.50566000 21.54986000 -15.54913000 / -0.44332910 0.86415330 -0.23811420 / 18 84 0 255 / 0.91036990 0.99867250
				-15.50566000 21.54986000 -15.54913000 / -0.44333920 0.86417280 -0.23802420 / 18 84 0 255 / 0.91036990 0.99867250
				-16.15457000 22.71549000 -15.26836000 / 0.44060800 -0.85870870 -0.26169440 / 91 105 0 255 / 0.75373840 0.77926640
				-16.15457000 22.71549000 -15.26836000 / 0.44762200 -0.87235740 -0.19653790 / 91 105 0 255 / 0.75373840 0.77926640
				-16.15457000 22.71549000 -15.26836000 / 0.44762200 -0.87235740 -0.19653790 / 91 105 0 255 / 0.75373840 0.77926640
				-15.50462000 21.54730000 -15.56036000 / -0.44333920 0.86417280 -0.23802420 / 22 87 0 255 / 0.93911730 0.99867250
				-15.87948000 22.17567000 -15.21513000 / -0.89091480 -0.45413570 -0.00562660 / 162 170 0 255 / 0.94171140 0.37564090
				-15.50347000 21.43645000 -15.56328000 / -0.01354240 0.02632180 -0.99956180 / 24 89 0 255 / 0.93911730 0.77926640
				-15.58169000 21.59066000 -15.69952000 / 0.05245140 -0.10356760 0.99323840 / 72 142 0 255 / 0.87507630 0.77926640
				-15.50347000 21.43645000 -15.56328000 / -0.01325630 0.02632190 -0.99956570 / 24 89 0 255 / 0.93911730 0.77926640
				-15.91823000 22.36034000 -15.65362000 / -0.44803410 0.87337090 0.19102010 / 94 124 0 255 / 0.72785950 0.99867250
				-15.54874000 21.52467000 -15.56035000 / -0.01354240 0.02632180 -0.99956180 / 20 86 0 255 / 0.56410220 0.77926640
				-15.50462000 21.54730000 -15.56036000 / -0.01354240 0.02632180 -0.99956180 / 22 87 0 255 / 0.56410220 0.99867250
				-15.50462000 21.54730000 -15.56036000 / -0.01325630 0.02632190 -0.99956570 / 22 87 0 255 / 0.56410220 0.99867250
				-15.45955000 21.45863000 -15.56328000 / -0.01325630 0.02632190 -0.99956570 / 25 93 0 255 / 0.93911730 0.99867250
				-15.55351000 21.53464000 -15.67657000 / -0.45388840 0.88450540 -0.10786880 / 29 116 0 255 / 0.93911730 0.77926640
				-15.55351000 21.53464000 -15.67657000 / -0.45379400 0.88450710 -0.10825060 / 29 116 0 255 / 0.93911730 0.77926640
				-15.91160000 22.23867000 -15.21465000 / -0.89063440 -0.45413870 0.02298350 / 160 171 0 255 / 0.74484250 0.37477110
				-15.55422000 21.53547000 -15.66680000 / -0.45388840 0.88450540 -0.10786880 / 24 103 0 255 / 0.91036990 0.77926640
				-15.51010000 21.55811000 -15.66680000 / -0.45388840 0.88450540 -0.10786880 / 28 112 0 255 / 0.91036990 0.99867250
				-15.58169000 21.59066000 -15.69952000 / 0.05245140 -0.10356760 0.99323840 / 72 142 0 255 / 0.87507630 0.77926640
				-15.51010000 21.55811000 -15.66680000 / -0.45379400 0.88450710 -0.10825060 / 28 112 0 255 / 0.91036990 0.99867250
				-15.50940000 21.55728000 -15.67657000 / -0.45379400 0.88450710 -0.10825060 / 30 119 0 255 / 0.93911730 0.99867250
				-15.91823000 22.36034000 -15.65362000 / -0.45112790 0.87936560 0.15231530 / 94 124 0 255 / 0.72785950 0.99867250
				-15.55570000 21.53823000 -15.68535000 / -0.41210130 0.80322080 0.43012650 / 32 121 0 255 / 0.93911730 0.77926640
				-15.55570000 21.53823000 -15.68535000 / -0.41206750 0.80315490 0.43028200 / 32 121 0 255 / 0.93911730 0.77926640
				-16.11595000 22.74895000 -15.32891000 / 0.44762200 -0.87235740 -0.19653790 / 85 101 0 255 / 0.56410220 0.99867250
				-16.11595000 22.74895000 -15.32891000 / 0.44762200 -0.87235740 -0.19653790 / 85 101 0 255 / 0.56410220 0.99867250
				-15.91160000 22.23867000 -15.21465000 / -0.89091480 -0.45413570 -0.00562660 / 160 171 0 255 / 0.74484250 0.37477110
				-15.55351000 21.53464000 -15.67657000 / -0.41210130 0.80322080 0.43012650 / 29 116 0 255 / 0.91036990 0.77926640
				-15.50940000 21.55728000 -15.67657000 / -0.41210130 0.80322080 0.43012650 / 30 119 0 255 / 0.91036990 0.99867250
				-15.50940000 21.55728000 -15.67657000 / -0.41206750 0.80315490 0.43028200 / 30 119 0 255 / 0.91036990 0.99867250
				-15.58169000 21.59066000 -15.69952000 / 0.20045920 -0.39653160 0.89586760 / 72 142 0 255 / 0.87507630 0.77926640
				-15.51159000 21.56086000 -15.68536000 / -0.41206750 0.80315490 0.43028200 / 37 121 0 255 / 0.93911730 0.99867250
				-15.59111000 21.60846000 -15.68340000 / 0.35457140 -0.69102330 0.62989360 / 102 111 0 255 / 0.93911730 0.77926640
				-15.59111000 21.60846000 -15.68340000 / 0.35543030 -0.70361270 0.61530350 / 102 111 0 255 / 0.93911730 0.77926640
				-15.91823000 22.36034000 -15.65362000 / -0.44624300 0.88313960 0.14467850 / 94 124 0 255 / 0.72785950 0.99867250
				-15.58737000 21.60103000 -15.69366000 / 0.35457140 -0.69102330 0.62989360 / 85 125 0 255 / 0.91036990 0.77926640
				-15.54325000 21.62367000 -15.69366000 / 0.35457140 -0.69102330 0.62989360 / 93 114 0 255 / 0.91036990 0.99867250
				-15.91160000 22.23867000 -15.21465000 / -0.88862760 -0.45833270 -0.01649850 / 160 171 0 255 / 0.74484250 0.37477110
				-15.54325000 21.62367000 -15.69366000 / 0.35543030 -0.70361270 0.61530350 / 93 114 0 255 / 0.91036990 0.99867250
				-15.54719000 21.63065000 -15.68340000 / 0.35543030 -0.70361270 0.61530350 / 102 106 0 255 / 0.93911730 0.99867250
				-15.59310000 21.61249000 -15.66778000 / 0.43337480 -0.85778460 0.27639090 / 92 115 0 255 / 0.93911730 0.77926640
				-15.59310000 21.61249000 -15.66778000 / 0.43335200 -0.85773930 0.27656700 / 92 115 0 255 / 0.93911730 0.77926640
				-16.04425000 22.49828000 -15.30010000 / 0.35571560 -0.69312090 -0.62693680 / 55 103 0 255 / 0.93911730 0.77926640
				-15.59111000 21.60846000 -15.68340000 / 0.43337480 -0.85778460 0.27639090 / 102 111 0 255 / 0.91036990 0.77926640
				-15.54719000 21.63065000 -15.68340000 / 0.43337480 -0.85778460 0.27639090 / 102 106 0 255 / 0.91036990 0.99867250
				-15.54719000 21.63065000 -15.68340000 / 0.43335200 -0.85773930 0.27656700 / 102 106 0 255 / 0.91036990 0.99867250
				-16.16005000 22.72632000 -15.32891000 / 0.44762200 -0.87235740 -0.19653790 / 74 95 0 255 / 0.56410220 0.77926640
				-15.96486000 22.34302000 -15.69170000 / -0.45112790 0.87936560 0.15231530 / 82 128 0 255 / 0.65101620 0.77926640
				-16.04546000 22.61021000 -15.14972000 / -0.21991780 0.42896380 0.87614280 / 29 170 0 255 / 0.85211180 0.99867250
				-15.54919000 21.63467000 -15.66778000 / 0.43335200 -0.85773930 0.27656700 / 73 120 0 255 / 0.93911730 0.99867250
				-15.63566000 21.69584000 -15.66582000 / 0.00944180 -0.01869280 0.99978070 / 63 131 0 255 / 0.93911730 0.77926640
				-15.63566000 21.69584000 -15.66582000 / 0.00944180 -0.01869280 0.99978070 / 63 131 0 255 / 0.93911730 0.77926640
				-15.59310000 21.61249000 -15.66778000 / 0.00944180 -0.01869280 0.99978070 / 92 115 0 255 / 0.56410220 0.77926640
				-15.54919000 21.63467000 -15.66778000 / 0.00944180 -0.01869280 0.99978070 / 73 120 0 255 / 0.56410220 0.99867250
				-16.04425000 22.49828000 -15.30010000 / 0.29392760 -0.57297770 -0.76505110 / 55 103 0 255 / 0.93911730 0.77926640
				-15.54919000 21.63467000 -15.66778000 / 0.00944180 -0.01869280 0.99978070 / 73 120 0 255 / 0.56410220 0.99867250
				-15.59175000 21.71803000 -15.66582000 / 0.00944180 -0.01869280 0.99978070 / 54 123 0 255 / 0.93911730 0.99867250
				-15.46291000 21.35713000 -15.72539000 / 0.44419680 -0.87923890 -0.17212860 / 169 117 0 255 / 0.93911730 0.77926640
				-15.46291000 21.35713000 -15.72539000 / 0.44412030 -0.87927610 -0.17213590 / 169 117 0 255 / 0.93911730 0.77926640
				-16.04546000 22.61021000 -15.14972000 / -0.21991780 0.42896380 0.87614280 / 29 170 0 255 / 0.85211180 0.99867250
				-15.47806000 21.38637000 -15.91387000 / 0.44419680 -0.87923890 -0.17212860 / 174 116 0 255 / 0.56410220 0.77926640
				-15.96486000 22.34302000 -15.69170000 / -0.44624300 0.88313960 0.14467850 / 82 128 0 255 / 0.65101620 0.77926640
				-15.43415000 21.40856000 -15.91387000 / 0.44419680 -0.87923890 -0.17212860 / 169 117 0 255 / 0.56410220 0.99867250
				-15.43415000 21.40856000 -15.91387000 / 0.44412030 -0.87927610 -0.17213590 / 169 117 0 255 / 0.56410220 0.99867250
				-15.41899000 21.37931000 -15.72538000 / 0.44412030 -0.87927610 -0.17213590 / 157 118 0 255 / 0.93911730 0.99867250
				-15.45691000 21.34502000 -15.73906000 / -0.32062440 0.63476400 -0.70304690 / 120 84 0 255 / 0.93911730 0.77926640
				-16.04425000 22.49828000 -15.30010000 / 0.28820860 -0.57050420 -0.76906480 / 55 103 0 255 / 0.93911730 0.77926640
				-15.45691000 21.34502000 -15.73906000 / -0.32071420 0.63494350 -0.70284370 / 120 84 0 255 / 0.93911730 0.77926640
				-16.14838000 22.70385000 -15.17706000 / -0.35284720 0.69844680 0.62263230 / 10 96 0 255 / 0.56410220 0.77926640
				-16.14838000 22.70385000 -15.17706000 / -0.35286300 0.69866880 0.62237410 / 10 96 0 255 / 0.56410220 0.77926640
				-16.04546000 22.61021000 -15.14972000 / -0.06465890 0.12607540 0.98991120 / 29 170 0 255 / 0.85211180 0.99867250
				-15.46291000 21.35713000 -15.72539000 / -0.32062440 0.63476400 -0.70304690 / 137 85 0 255 / 0.91036990 0.77926640
				-15.41899000 21.37931000 -15.72538000 / -0.32062440 0.63476400 -0.70304690 / 129 87 0 255 / 0.91036990 0.99867250
				-15.41899000 21.37931000 -15.72538000 / -0.32071420 0.63494350 -0.70284370 / 129 87 0 255 / 0.91036990 0.99867250
				-15.96486000 22.34302000 -15.69170000 / -0.45039950 0.89126270 -0.05283110 / 82 128 0 255 / 0.65101620 0.77926640
				-15.41299000 21.36720000 -15.73906000 / -0.32071420 0.63494350 -0.70284370 / 100 84 0 255 / 0.93911730 0.99867250
				-15.44447000 21.32064000 -15.48613000 / 0.44737350 -0.87204930 -0.19846180 / 26 115 0 255 / 0.93911730 0.99867250
				-15.44447000 21.32064000 -15.48613000 / 0.44114710 -0.87352100 -0.20579240 / 26 115 0 255 / 0.93911730 0.99867250
				-15.53778000 21.61285000 -15.69952000 / 0.05245140 -0.10356760 0.99323840 / 77 130 0 255 / 0.87507630 0.99867250
				-15.44840000 21.32762000 -15.52568000 / 0.44737350 -0.87204930 -0.19846180 / 23 107 0 255 / 0.93911730 0.77926640
				-15.40429000 21.35025000 -15.52568000 / 0.44737350 -0.87204930 -0.19846180 / 26 115 0 255 / 0.56410220 0.77926640
				-15.87871000 22.17376000 -15.18291000 / -0.89091480 -0.45413570 -0.00562660 / 155 172 0 255 / 0.94796750 0.28651430
				-15.40429000 21.35025000 -15.52568000 / 0.44114710 -0.87352100 -0.20579240 / 26 115 0 255 / 0.56410220 0.77926640
				-15.40055000 21.34282000 -15.48613000 / 0.44114710 -0.87352100 -0.20579240 / 31 123 0 255 / 0.56410220 0.99867250
				-15.47806000 21.38637000 -15.91387000 / 0.00000000 0.00000000 -1.00000000 / 64 90 0 255 / 0.93911730 0.77926640
				-15.47806000 21.38637000 -15.91387000 / 0.00000000 0.00000000 -1.00000000 / 64 90 0 255 / 0.93911730 0.77926640
				-15.52488000 21.47844000 -15.91387000 / 0.00000000 0.00000000 -1.00000000 / 64 90 0 255 / 0.56410220 0.77926640
				-15.92095000 22.36521000 -15.69170000 / -0.44624300 0.88313960 0.14467850 / 63 124 0 255 / 0.65101620 0.99867250
				-15.48096000 21.50062000 -15.91387000 / 0.00000000 0.00000000 -1.00000000 / 64 90 0 255 / 0.56410220 0.99867250
				-15.48096000 21.50062000 -15.91387000 / 0.00000000 0.00000000 -1.00000000 / 64 90 0 255 / 0.56410220 0.99867250
				-15.53778000 21.61285000 -15.69952000 / 0.20045920 -0.39653160 0.89586760 / 77 130 0 255 / 0.87507630 0.99867250
				-16.14265000 22.69238000 -15.16094000 / -0.35284720 0.69844680 0.62263230 / 13 144 0 255 / 0.56410220 0.99867250
				-15.87871000 22.17376000 -15.18291000 / -0.88862760 -0.45833270 -0.01649850 / 155 172 0 255 / 0.94796750 0.28651430
				-15.43415000 21.40856000 -15.91387000 / 0.00000000 0.00000000 -1.00000000 / 64 90 0 255 / 0.93911730 0.99867250
				-15.41184000 21.25636000 -15.58964000 / -0.43895560 0.85559630 -0.27435920 / 23 125 0 255 / 0.93911730 0.77926640
				-15.41184000 21.25636000 -15.58964000 / -0.43180880 0.85465340 -0.28828580 / 23 125 0 255 / 0.93911730 0.77926640
				-15.41455000 21.26123000 -15.57011000 / -0.43895560 0.85559630 -0.27435920 / 22 108 0 255 / 0.91036990 0.77926640
				-15.37044000 21.28386000 -15.57011000 / -0.43895560 0.85559630 -0.27435920 / 23 114 0 255 / 0.91036990 0.99867250
				-15.37044000 21.28386000 -15.57011000 / -0.43180880 0.85465340 -0.28828580 / 23 114 0 255 / 0.91036990 0.99867250
				-15.36792000 21.27855000 -15.58964000 / -0.43180880 0.85465340 -0.28828580 / 24 115 0 255 / 0.93911730 0.99867250
				-15.92095000 22.36521000 -15.69170000 / -0.45039950 0.89126270 -0.05283110 / 63 124 0 255 / 0.65101620 0.99867250
				-15.41306000 21.25847000 -15.61748000 / -0.44924590 0.88914640 0.08716000 / 24 122 0 255 / 0.93911730 0.77926640
				-15.53778000 21.61285000 -15.69952000 / 0.19875560 -0.38721100 0.90031320 / 77 130 0 255 / 0.87507630 0.99867250
				-15.87871000 22.17376000 -15.18291000 / -0.89102510 -0.45395260 -0.00114440 / 155 172 0 255 / 0.94796750 0.28651430
				-15.41306000 21.25847000 -15.61748000 / -0.44917720 0.88919920 0.08697440 / 24 122 0 255 / 0.93911730 0.77926640
				-15.41184000 21.25636000 -15.58964000 / -0.44924590 0.88914640 0.08716000 / 23 125 0 255 / 0.91036990 0.77926640
				-15.36792000 21.27855000 -15.58964000 / -0.44924590 0.88914640 0.08716000 / 24 115 0 255 / 0.91036990 0.99867250
				-15.36792000 21.27855000 -15.58964000 / -0.44917720 0.88919920 0.08697440 / 24 115 0 255 / 0.91036990 0.99867250
				-15.36914000 21.28065000 -15.61748000 / -0.44917720 0.88919920 0.08697440 / 24 115 0 255 / 0.93911730 0.99867250
				-15.16827000 20.77717000 -15.75127000 / 0.00000000 0.00000000 -1.00000000 / 138 102 0 255 / 0.93911730 0.77926640
				-15.16827000 20.77717000 -15.75127000 / 0.00000000 0.00000000 -1.00000000 / 138 102 0 255 / 0.93911730 0.77926640
				-16.09873000 22.71457000 -15.16094000 / -0.35284720 0.69844680 0.62263230 / 11 116 0 255 / 0.93911730 0.99867250
				-16.09873000 22.71457000 -15.16094000 / -0.35286300 0.69866880 0.62237410 / 11 116 0 255 / 0.93911730 0.99867250
				-15.92095000 22.36521000 -15.69170000 / -0.45612060 0.88897280 -0.04100600 / 63 124 0 255 / 0.65101620 0.99867250
				-15.91282000 22.24078000 -15.20733000 / -0.88862760 -0.45833270 -0.01649850 / 128 166 0 255 / 0.73905940 0.35368350
				-15.58737000 21.60103000 -15.69366000 / 0.20045920 -0.39653160 0.89586760 / 85 125 0 255 / 0.93911730 0.77926640
				-16.09873000 22.71457000 -15.16094000 / -0.29546160 0.58481940 0.75543940 / 11 116 0 255 / 0.93911730 0.99867250
				-15.21509000 20.86923000 -15.75127000 / 0.00000000 0.00000000 -1.00000000 / 102 100 0 255 / 0.56410220 0.77926640
				-15.17098000 20.89186000 -15.75126000 / 0.00000000 0.00000000 -1.00000000 / 117 96 0 255 / 0.56410220 0.99867250
				-15.17098000 20.89186000 -15.75126000 / 0.00000000 0.00000000 -1.00000000 / 117 96 0 255 / 0.56410220 0.99867250
				-15.12416000 20.79980000 -15.75127000 / 0.00000000 0.00000000 -1.00000000 / 172 108 0 255 / 0.93911730 0.99867250
				-15.10457000 20.65246000 -15.48222000 / 0.44238540 -0.87599750 -0.19215490 / 155 118 0 255 / 0.93911730 0.77926640
				-15.10457000 20.65246000 -15.48222000 / 0.44247030 -0.87597670 -0.19205500 / 155 118 0 255 / 0.93911730 0.77926640
				-15.11204000 20.66732000 -15.56718000 / 0.44238540 -0.87599750 -0.19215490 / 166 112 0 255 / 0.56410220 0.77926640
				-15.06813000 20.68950000 -15.56718000 / 0.44238540 -0.87599750 -0.19215490 / 155 118 0 255 / 0.56410220 0.99867250
				-15.91282000 22.24078000 -15.20733000 / -0.89102510 -0.45395260 -0.00114440 / 128 166 0 255 / 0.73905940 0.35368350
				-15.06813000 20.68950000 -15.56718000 / 0.44247030 -0.87597670 -0.19205500 / 155 118 0 255 / 0.56410220 0.99867250
				-15.58737000 21.60103000 -15.69366000 / 0.19875560 -0.38721100 0.90031320 / 85 125 0 255 / 0.93911730 0.77926640
				-15.96435000 22.34174000 -15.71758000 / -0.45039950 0.89126270 -0.05283110 / 46 130 0 255 / 0.59886170 0.77926640
				-15.06065000 20.67465000 -15.48222000 / 0.44247030 -0.87597670 -0.19205500 / 143 124 0 255 / 0.93911730 0.99867250
				-15.15087000 20.74325000 -15.52958000 / -0.35973880 0.70097560 0.61580940 / 20 97 0 255 / 0.93911730 0.77926640
				-15.15087000 20.74325000 -15.52958000 / -0.35973880 0.70097560 0.61580940 / 20 97 0 255 / 0.93911730 0.77926640
				-15.14261000 20.72646000 -15.50565000 / -0.35973880 0.70097560 0.61580940 / 25 138 0 255 / 0.91036990 0.77926640
				-15.09850000 20.74910000 -15.50565000 / -0.35973880 0.70097560 0.61580940 / 22 115 0 255 / 0.91036990 0.99867250
				-15.09850000 20.74910000 -15.50565000 / -0.35973880 0.70097560 0.61580940 / 22 115 0 255 / 0.91036990 0.99867250
				-16.10447000 22.72603000 -15.17706000 / -0.35286300 0.69866880 0.62237410 / 9 77 0 255 / 0.93911730 0.77926640
				-15.91282000 22.24078000 -15.20733000 / -0.88823490 -0.45928060 -0.01001340 / 128 166 0 255 / 0.73905940 0.35368350
				-15.10675000 20.76588000 -15.52958000 / -0.35973880 0.70097560 0.61580940 / 19 76 0 255 / 0.93911730 0.99867250
				-15.14712000 20.73582000 -15.48612000 / 0.44836460 -0.87383880 -0.18808230 / 26 110 0 255 / 0.93911730 0.99867250
				-15.54325000 21.62367000 -15.69366000 / 0.19875560 -0.38721100 0.90031320 / 93 114 0 255 / 0.93911730 0.99867250
				-15.14712000 20.73582000 -15.48612000 / 0.44221690 -0.87546930 -0.19493020 / 26 110 0 255 / 0.93911730 0.99867250
				-15.96435000 22.34174000 -15.71758000 / -0.45612060 0.88897280 -0.04100600 / 46 130 0 255 / 0.59886170 0.77926640
				-15.15087000 20.74325000 -15.52958000 / 0.44836460 -0.87383880 -0.18808230 / 23 108 0 255 / 0.93911730 0.77926640
				-15.10675000 20.76588000 -15.52958000 / 0.44836460 -0.87383880 -0.18808230 / 26 110 0 255 / 0.56410220 0.77926640
				-15.10675000 20.76588000 -15.52958000 / 0.44221690 -0.87546930 -0.19493020 / 26 110 0 255 / 0.56410220 0.77926640
				-15.10321000 20.75800000 -15.48612000 / 0.44221690 -0.87546930 -0.19493020 / 30 113 0 255 / 0.56410220 0.99867250
				-15.06645000 20.57737000 -15.48613000 / -0.44517740 0.88119950 0.15907370 / 51 133 0 255 / 0.56410220 0.77926640
				-15.91282000 22.24078000 -15.20733000 / -0.89885630 -0.43812690 0.01010920 / 128 166 0 255 / 0.73905940 0.35368350
				-15.06645000 20.57737000 -15.48613000 / -0.44488670 0.88138100 0.15888130 / 51 133 0 255 / 0.56410220 0.77926640
				-15.06071000 20.56590000 -15.40654000 / -0.44517740 0.88119950 0.15907370 / 46 136 0 255 / 0.93911730 0.77926640
				-15.01680000 20.58809000 -15.40654000 / -0.44517740 0.88119950 0.15907370 / 51 133 0 255 / 0.93911730 0.99867250
				-15.44943000 21.33017000 -15.74883000 / -0.22850170 0.45242570 -0.86203130 / 80 82 0 255 / 0.60646060 0.77926640
				-15.01680000 20.58809000 -15.40654000 / -0.44488670 0.88138100 0.15888130 / 51 133 0 255 / 0.93911730 0.99867250
				-15.02253000 20.59955000 -15.48613000 / -0.44488670 0.88138100 0.15888130 / 57 130 0 255 / 0.56410220 0.99867250
				-15.96435000 22.34174000 -15.71758000 / -0.41874310 0.81612470 -0.39823990 / 46 130 0 255 / 0.59886170 0.77926640
				-15.08341000 20.61111000 -15.48613000 / 0.00009540 0.00000000 1.00000000 / 49 150 0 255 / 0.93911730 0.77926640
				-15.08341000 20.61111000 -15.48613000 / 0.00009540 0.00000000 1.00000000 / 49 150 0 255 / 0.93911730 0.77926640
				-16.09305000 22.70420000 -15.15069000 / -0.29546160 0.58481940 0.75543940 / 16 165 0 255 / 0.87535100 0.99867250
				-15.91282000 22.24078000 -15.20733000 / -0.88818120 -0.45949290 0.00066760 / 128 166 0 255 / 0.73905940 0.35368350
				-16.09305000 22.70420000 -15.15069000 / -0.29468860 0.57449980 0.76361550 / 16 165 0 255 / 0.87535100 0.99867250
				-16.09305000 22.70420000 -15.15069000 / -0.18462800 0.36010080 0.91446160 / 16 165 0 255 / 0.87535100 0.99867250
				-15.06645000 20.57737000 -15.48613000 / 0.00009540 0.00000000 1.00000000 / 44 156 0 255 / 0.91036990 0.77926640
				-15.02253000 20.59955000 -15.48613000 / 0.00009540 0.00000000 1.00000000 / 47 151 0 255 / 0.91036990 0.99867250
				-15.44943000 21.33017000 -15.74883000 / -0.22841220 0.45224670 -0.86214890 / 80 82 0 255 / 0.60646060 0.77926640
				-15.02253000 20.59955000 -15.48613000 / 0.00009540 0.00000000 1.00000000 / 47 151 0 255 / 0.91036990 0.99867250
				-15.03949000 20.63329000 -15.48613000 / 0.00009540 0.00000000 1.00000000 / 52 138 0 255 / 0.93911730 0.99867250
				-15.08960000 20.62277000 -15.54911000 / -0.44114270 0.87370290 0.20502740 / 52 134 0 255 / 0.93911730 0.77926640
				-15.92024000 22.36438000 -15.71758000 / -0.45612060 0.88897280 -0.04100600 / 37 124 0 255 / 0.59886170 0.99867250
				-15.08960000 20.62277000 -15.54911000 / -0.44631530 0.86993330 0.20980630 / 52 134 0 255 / 0.93911730 0.77926640
				-15.91282000 22.24078000 -15.20733000 / -0.88103970 -0.47304140 -0.00095370 / 128 166 0 255 / 0.73905940 0.35368350
				-15.08341000 20.61111000 -15.48613000 / -0.44114270 0.87370290 0.20502740 / 49 150 0 255 / 0.91036990 0.77926640
				-15.03949000 20.63329000 -15.48613000 / -0.44114270 0.87370290 0.20502740 / 52 138 0 255 / 0.91036990 0.99867250
				-15.03949000 20.63329000 -15.48613000 / -0.44631530 0.86993330 0.20980630 / 52 138 0 255 / 0.91036990 0.99867250
				-15.04550000 20.64540000 -15.54911000 / -0.44631530 0.86993330 0.20980630 / 53 118 0 255 / 0.93911730 0.99867250
				-15.07264000 20.58902000 -15.54912000 / 0.00000000 0.00000000 -1.00000000 / 40 78 0 255 / 0.93911730 0.99867250
				-15.44943000 21.33017000 -15.74883000 / -0.14028210 0.27789400 -0.95031360 / 80 82 0 255 / 0.60646060 0.77926640
				-15.07264000 20.58902000 -15.54912000 / -0.00009540 0.00019070 -1.00000000 / 40 78 0 255 / 0.93911730 0.99867250
				-15.08960000 20.62277000 -15.54911000 / 0.00000000 0.00000000 -1.00000000 / 44 75 0 255 / 0.93911730 0.77926640
				-15.04550000 20.64540000 -15.54911000 / 0.00000000 0.00000000 -1.00000000 / 40 78 0 255 / 0.56410220 0.77926640
				-15.04550000 20.64540000 -15.54911000 / -0.00009540 0.00019070 -1.00000000 / 40 78 0 255 / 0.56410220 0.77926640
				-15.88219000 22.18055000 -15.16094000 / -0.89102510 -0.45395260 -0.00114440 / 135 173 0 255 / 0.92604060 0.22460940
				-15.92024000 22.36438000 -15.71758000 / -0.41874310 0.81612470 -0.39823990 / 37 124 0 255 / 0.59886170 0.99867250
				-16.14265000 22.69238000 -15.16094000 / -0.29546160 0.58481940 0.75543940 / 13 144 0 255 / 0.93911730 0.77926640
				-16.14265000 22.69238000 -15.16094000 / -0.29468860 0.57449980 0.76361550 / 13 144 0 255 / 0.93911730 0.77926640
				-15.02854000 20.61166000 -15.54912000 / -0.00009540 0.00019070 -1.00000000 / 36 81 0 255 / 0.56410220 0.99867250
				-15.01345000 20.47365000 -15.67851000 / 0.44790850 -0.88914170 -0.09383480 / 189 138 0 255 / 0.93911730 0.77926640
				-15.01345000 20.47365000 -15.67851000 / 0.44893050 -0.88870490 -0.09308610 / 189 138 0 255 / 0.93911730 0.77926640
				-15.45691000 21.34502000 -15.73906000 / -0.22850170 0.45242570 -0.86203130 / 120 84 0 255 / 0.56410220 0.77926640
				-15.01686000 20.47935000 -15.74882000 / 0.44790850 -0.88914170 -0.09383480 / 178 112 0 255 / 0.56410220 0.77926640
				-14.97231000 20.50179000 -15.74883000 / 0.44790850 -0.88914170 -0.09383480 / 185 130 0 255 / 0.56410220 0.99867250
				-14.97231000 20.50179000 -15.74883000 / 0.44893050 -0.88870490 -0.09308610 / 185 130 0 255 / 0.56410220 0.99867250
				-15.88219000 22.18055000 -15.16094000 / -0.88823490 -0.45928060 -0.01001340 / 135 173 0 255 / 0.92604060 0.22460940
				-14.96953000 20.49583000 -15.67851000 / 0.44893050 -0.88870490 -0.09308610 / 192 144 0 255 / 0.93911730 0.99867250
				-15.02216000 20.49062000 -15.68340000 / -0.11186530 0.22144180 0.96873620 / 60 162 0 255 / 0.93911730 0.77926640
				-15.92024000 22.36438000 -15.71758000 / -0.41863260 0.81609520 -0.39841620 / 37 124 0 255 / 0.59886170 0.99867250
				-15.02216000 20.49062000 -15.68340000 / -0.11186060 0.22162310 0.96869520 / 60 162 0 255 / 0.93911730 0.77926640
				-15.01345000 20.47365000 -15.67851000 / -0.11186530 0.22144180 0.96873620 / 45 162 0 255 / 0.91036990 0.77926640
				-14.96953000 20.49583000 -15.67851000 / -0.11186530 0.22144180 0.96873620 / 51 158 0 255 / 0.91036990 0.99867250
				-14.96953000 20.49583000 -15.67851000 / -0.11186060 0.22162310 0.96869520 / 51 158 0 255 / 0.91036990 0.99867250
				-15.41299000 21.36720000 -15.73906000 / -0.22850170 0.45242570 -0.86203130 / 100 84 0 255 / 0.56410220 0.99867250
				-14.97823000 20.51280000 -15.68340000 / -0.11186060 0.22162310 0.96869520 / 76 157 0 255 / 0.93911730 0.99867250
				-15.02860000 20.50290000 -15.68486000 / -0.04720660 0.09365020 0.99448540 / 95 158 0 255 / 0.93911730 0.77926640
				-15.89012000 22.19559000 -15.14775000 / -0.88823490 -0.45928060 -0.01001340 / 118 166 0 255 / 0.87876890 0.18840030
				-15.02860000 20.50290000 -15.68486000 / -0.04672820 0.09116770 0.99473850 / 95 158 0 255 / 0.93911730 0.77926640
				-16.13716000 22.68157000 -15.15069000 / -0.29468860 0.57449980 0.76361550 / 18 174 0 255 / 0.87535100 0.77926640
				-16.13716000 22.68157000 -15.15069000 / -0.18462800 0.36010080 0.91446160 / 18 174 0 255 / 0.87535100 0.77926640
				-16.13716000 22.68157000 -15.15069000 / -0.18462800 0.36010080 0.91446160 / 18 174 0 255 / 0.87535100 0.77926640
				-15.96086000 22.33496000 -15.73516000 / -0.41874310 0.81612470 -0.39823990 / 33 114 0 255 / 0.56410220 0.77926640
				-15.02216000 20.49062000 -15.68340000 / -0.04720660 0.09365020 0.99448540 / 60 162 0 255 / 0.91036990 0.77926640
				-14.97823000 20.51280000 -15.68340000 / -0.04720660 0.09365020 0.99448540 / 76 157 0 255 / 0.91036990 0.99867250
				-14.97823000 20.51280000 -15.68340000 / -0.04672820 0.09116770 0.99473850 / 76 157 0 255 / 0.91036990 0.99867250
				-15.41299000 21.36720000 -15.73906000 / -0.22841220 0.45224670 -0.86214890 / 100 84 0 255 / 0.56410220 0.99867250
				-14.98449000 20.52554000 -15.68486000 / -0.04672820 0.09116770 0.99473850 / 109 150 0 255 / 0.93911730 0.99867250
				-15.89012000 22.19559000 -15.14775000 / -0.89885630 -0.43812690 0.01010920 / 118 166 0 255 / 0.87876890 0.18840030
				-15.03311000 20.51225000 -15.68290000 / 0.08478520 -0.16518330 0.98261190 / 131 155 0 255 / 0.93911730 0.77926640
				-15.03311000 20.51225000 -15.68290000 / 0.08611679 -0.17032630 0.98161750 / 131 155 0 255 / 0.93911730 0.77926640
				-15.02860000 20.50290000 -15.68486000 / 0.08478520 -0.16518330 0.98261190 / 95 158 0 255 / 0.91036990 0.77926640
				-14.98449000 20.52554000 -15.68486000 / 0.08478520 -0.16518330 0.98261190 / 109 150 0 255 / 0.91036990 0.99867250
				-14.98449000 20.52554000 -15.68486000 / 0.08611679 -0.17032630 0.98161750 / 109 150 0 255 / 0.91036990 0.99867250
				-14.98920000 20.53444000 -15.68290000 / 0.08611679 -0.17032630 0.98161750 / 157 153 0 255 / 0.93911730 0.99867250
				-15.96086000 22.33496000 -15.73516000 / -0.41863260 0.81609520 -0.39841620 / 33 114 0 255 / 0.56410220 0.77926640
				-15.03582000 20.51712000 -15.67655000 / 0.33893310 -0.67080900 0.65965120 / 176 152 0 255 / 0.93911730 0.77926640
				-15.03582000 20.51712000 -15.67655000 / 0.33503360 -0.65290080 0.67931810 / 176 152 0 255 / 0.93911730 0.77926640
				-15.40551000 21.35235000 -15.74883000 / -0.22841220 0.45224670 -0.86214890 / 64 83 0 255 / 0.60646060 0.99867250
				-15.90115000 22.21832000 -15.14337000 / -0.89885630 -0.43812690 0.01010920 / 112 159 0 255 / 0.80891420 0.17633060
				-15.03311000 20.51225000 -15.68290000 / 0.33893310 -0.67080900 0.65965120 / 131 155 0 255 / 0.91036990 0.77926640
				-14.98920000 20.53444000 -15.68290000 / 0.33893310 -0.67080900 0.65965120 / 157 153 0 255 / 0.91036990 0.99867250
				-14.98920000 20.53444000 -15.68290000 / 0.33503360 -0.65290080 0.67931810 / 157 153 0 255 / 0.91036990 0.99867250
				-16.08758000 22.69338000 -15.14532000 / -0.18462800 0.36010080 0.91446160 / 19 182 0 255 / 0.80957030 0.99867250
				-16.08758000 22.69338000 -15.14532000 / -0.18462800 0.36010080 0.91446160 / 19 182 0 255 / 0.80957030 0.99867250
				-16.08758000 22.69338000 -15.14532000 / -0.06217890 0.12130600 0.99066580 / 19 182 0 255 / 0.80957030 0.99867250
				-14.99172000 20.53975000 -15.67655000 / 0.33503360 -0.65290080 0.67931810 / 182 146 0 255 / 0.93911730 0.99867250
				-15.00042000 20.44690000 -15.54911000 / -0.00009540 0.00000000 -1.00000000 / 183 88 0 255 / 0.93911730 0.77926640
				-15.96086000 22.33496000 -15.73516000 / -0.30995810 0.60408450 -0.73417150 / 33 114 0 255 / 0.56410220 0.77926640
				-15.00042000 20.44690000 -15.54911000 / 0.00000000 0.00000000 -1.00000000 / 183 88 0 255 / 0.93911730 0.77926640
				-15.90115000 22.21832000 -15.14337000 / -0.88818120 -0.45949290 0.00066760 / 112 159 0 255 / 0.80891420 0.17633060
				-15.40551000 21.35235000 -15.74883000 / -0.14028210 0.27789400 -0.95031360 / 64 83 0 255 / 0.60646060 0.99867250
				-15.02609000 20.49760000 -15.54912000 / -0.00009540 0.00000000 -1.00000000 / 185 103 0 255 / 0.56410220 0.77926640
				-16.13169000 22.67075000 -15.14532000 / -0.18462800 0.36010080 0.91446160 / 20 184 0 255 / 0.80957030 0.77926640
				-16.13169000 22.67075000 -15.14532000 / -0.06217890 0.12130600 0.99066580 / 20 184 0 255 / 0.80957030 0.77926640
				-16.13169000 22.67075000 -15.14532000 / -0.06274900 0.12435370 0.99025190 / 20 184 0 255 / 0.80957030 0.77926640
				-16.08131000 22.68064000 -15.14337000 / -0.06217890 0.12130600 0.99066580 / 21 183 0 255 / 0.73498540 0.99867250
				-16.08131000 22.68064000 -15.14337000 / -0.06274900 0.12435370 0.99025190 / 21 183 0 255 / 0.73498540 0.99867250
				-16.08131000 22.68064000 -15.14337000 / 0.07133350 -0.14114120 0.98741620 / 21 183 0 255 / 0.73498540 0.99867250
				-16.12523000 22.65845000 -15.14337000 / -0.06274900 0.12435370 0.99025190 / 22 186 0 255 / 0.73498540 0.77926640
				-16.12523000 22.65845000 -15.14337000 / 0.07133350 -0.14114120 0.98741620 / 22 186 0 255 / 0.73498540 0.77926640
				-15.90960000 22.23465000 -15.14483000 / -0.88818120 -0.45949290 0.00066760 / 116 158 0 255 / 0.75738530 0.18080140
				-16.25362000 23.01917000 -15.32892000 / -0.44231810 0.87567160 0.19378830 / 24 102 0 255 / 0.93911730 0.99867250
				-15.40551000 21.35235000 -15.74883000 / -0.14419010 0.28113260 -0.94877480 / 64 83 0 255 / 0.60646060 0.99867250
				-16.12523000 22.65845000 -15.14337000 / 0.07076291 -0.13790180 0.98791490 / 22 186 0 255 / 0.73498540 0.77926640
				-16.07435000 22.66707000 -15.14581000 / 0.07133350 -0.14114120 0.98741620 / 23 188 0 255 / 0.65095520 0.99867250
				-16.07435000 22.66707000 -15.14581000 / 0.07076291 -0.13790180 0.98791490 / 23 188 0 255 / 0.65095520 0.99867250
				-16.07435000 22.66707000 -15.14581000 / 0.17356400 -0.33816380 0.92494370 / 23 188 0 255 / 0.65095520 0.99867250
				-16.11846000 22.64443000 -15.14581000 / 0.07076291 -0.13790180 0.98791490 / 25 192 0 255 / 0.65095520 0.77926640
				-16.11846000 22.64443000 -15.14581000 / 0.17356400 -0.33816380 0.92494370 / 25 192 0 255 / 0.65095520 0.77926640
				-16.11846000 22.64443000 -15.14581000 / 0.17434020 -0.34505620 0.92224820 / 25 192 0 255 / 0.65095520 0.77926640
				-16.06688000 22.65221000 -15.15265000 / 0.17356400 -0.33816380 0.92494370 / 25 188 0 255 / 0.56410220 0.99867250
				-15.90960000 22.23465000 -15.14483000 / -0.88103970 -0.47304140 -0.00095370 / 116 158 0 255 / 0.75738530 0.18080140
				-16.06688000 22.65221000 -15.15265000 / 0.17434020 -0.34505620 0.92224820 / 25 188 0 255 / 0.56410220 0.99867250
				-16.11079000 22.63003000 -15.15265000 / 0.17434020 -0.34505620 0.92224820 / 26 188 0 255 / 0.56410220 0.77926640
				-15.44092000 21.31276000 -15.75518000 / -0.14028210 0.27789400 -0.95031360 / 54 82 0 255 / 0.65618900 0.77926640
				-15.91675000 22.35759000 -15.73516000 / -0.41863260 0.81609520 -0.39841620 / 32 102 0 255 / 0.56410220 0.99867250
				-16.04425000 22.49828000 -15.30010000 / -0.89304290 -0.44995470 0.00391020 / 108 162 0 255 / 0.63824460 0.59648130
				-16.04425000 22.49828000 -15.30010000 / -0.89613460 -0.44368000 -0.00953740 / 108 162 0 255 / 0.63824460 0.59648130
				-16.03354000 22.47728000 -15.27081000 / -0.89304290 -0.44995470 0.00391020 / 110 171 0 255 / 0.70388800 0.51582340
				-16.06519000 22.54008000 -15.27569000 / -0.89304290 -0.44995470 0.00391020 / 109 163 0 255 / 0.50746160 0.52925110
				-16.06519000 22.54008000 -15.27569000 / -0.89613460 -0.44368000 -0.00953740 / 109 163 0 255 / 0.50746160 0.52925110
				-16.06519000 22.54008000 -15.27569000 / -0.88878730 -0.45831670 -0.00171650 / 109 163 0 255 / 0.50746160 0.52925110
				-15.90960000 22.23465000 -15.14483000 / -0.89217420 -0.45166620 0.00476840 / 116 158 0 255 / 0.75738530 0.18080140
				-16.05527000 22.52101000 -15.32110000 / -0.89613460 -0.44368000 -0.00953740 / 113 158 0 255 / 0.56779480 0.65574650
				-16.05527000 22.52101000 -15.32110000 / -0.88878730 -0.45831670 -0.00171650 / 113 158 0 255 / 0.56779480 0.65574650
				-16.05527000 22.52101000 -15.32110000 / -0.88769100 -0.46043960 0.00009540 / 113 158 0 255 / 0.56779480 0.65574650
				-15.44092000 21.31276000 -15.75518000 / -0.14419010 0.28113260 -0.94877480 / 54 82 0 255 / 0.65618900 0.77926640
				-16.06868000 22.54686000 -15.28253000 / -0.88878730 -0.45831670 -0.00171650 / 119 160 0 255 / 0.48617550 0.54830930
				-15.91675000 22.35759000 -15.73516000 / -0.30995810 0.60408450 -0.73417150 / 32 102 0 255 / 0.56410220 0.99867250
				-16.06868000 22.54686000 -15.28253000 / -0.88769100 -0.46043960 0.00009540 / 119 160 0 255 / 0.48617550 0.54830930
				-16.06868000 22.54686000 -15.28253000 / -0.88540180 -0.46482640 0.00009540 / 119 160 0 255 / 0.48617550 0.54830930
				-16.06869000 22.54686000 -15.32989000 / -0.88769100 -0.46043960 0.00009540 / 125 159 0 255 / 0.48760990 0.68041990
				-16.06869000 22.54686000 -15.32989000 / -0.88540180 -0.46482640 0.00009540 / 125 159 0 255 / 0.48760990 0.68041990
				-15.91579000 22.24629000 -15.20001000 / -0.88103970 -0.47304140 -0.00095370 / 123 172 0 255 / 0.72116090 0.33401490
				-16.06869000 22.54686000 -15.32989000 / -0.89973000 -0.43641770 -0.00505470 / 125 159 0 255 / 0.48760990 0.68041990
				-16.06869000 22.54686000 -15.32989000 / -0.89285610 -0.45033830 0.00181200 / 125 159 0 255 / 0.48760990 0.68041990
				-16.07191000 22.55301000 -15.28692000 / -0.88540180 -0.46482640 0.00009540 / 126 156 0 255 / 0.46742250 0.56057740
				-16.07191000 22.55301000 -15.28692000 / -0.89973000 -0.43641770 -0.00505470 / 126 156 0 255 / 0.46742250 0.56057740
				-15.44092000 21.31276000 -15.75518000 / -0.03995730 0.07781660 -0.99616660 / 54 82 0 255 / 0.65618900 0.77926640
				-16.07642000 22.56237000 -15.29083000 / -0.89973000 -0.43641770 -0.00505470 / 131 159 0 255 / 0.43887330 0.57109070
				-16.07642000 22.56237000 -15.29083000 / -0.89285610 -0.45033830 0.00181200 / 131 159 0 255 / 0.43887330 0.57109070
				-15.91675000 22.35759000 -15.73516000 / -0.30242450 0.59855430 -0.74180320 / 32 102 0 255 / 0.56410220 0.99867250
				-16.07642000 22.56237000 -15.29083000 / -0.88346380 -0.46843420 -0.00782000 / 131 159 0 255 / 0.43887330 0.57109070
				-16.08538000 22.57997000 -15.33282000 / -0.89285610 -0.45033830 0.00181200 / 139 164 0 255 / 0.38378910 0.68864440
				-15.91579000 22.24629000 -15.20001000 / -0.89217420 -0.45166620 0.00476840 / 123 172 0 255 / 0.72116090 0.33401490
				-16.08538000 22.57997000 -15.33282000 / -0.88346380 -0.46843420 -0.00782000 / 139 164 0 255 / 0.38378910 0.68864440
				-16.08538000 22.57997000 -15.33282000 / -0.89772110 -0.44056420 -0.00028610 / 139 164 0 255 / 0.38378910 0.68864440
				-16.08538000 22.57997000 -15.33282000 / -0.89150870 -0.45300240 0.00104910 / 139 164 0 255 / 0.38378910 0.68864440
				-16.08113000 22.57127000 -15.29229000 / -0.88346380 -0.46843420 -0.00782000 / 142 160 0 255 / 0.41029360 0.57460020
				-16.08113000 22.57127000 -15.29229000 / -0.89772110 -0.44056420 -0.00028610 / 142 160 0 255 / 0.41029360 0.57460020
				-15.39681000 21.33539000 -15.75518000 / -0.14419010 0.28113260 -0.94877480 / 50 85 0 255 / 0.65618900 0.99867250
				-16.08738000 22.58400000 -15.28888000 / -0.89772110 -0.44056420 -0.00028610 / 144 168 0 255 / 0.37097170 0.56640620
				-16.08738000 22.58400000 -15.28888000 / -0.89150870 -0.45300240 0.00104910 / 144 168 0 255 / 0.37097170 0.56640620
				-16.08738000 22.58400000 -15.28888000 / -0.88637340 -0.46292840 -0.00629450 / 144 168 0 255 / 0.37097170 0.56640620
				-15.95467000 22.32330000 -15.74737000 / -0.30995810 0.60408450 -0.73417150 / 30 95 0 255 / 0.59960940 0.77926640
				-15.91579000 22.24629000 -15.20001000 / -0.88417450 -0.46712180 0.00572220 / 123 172 0 255 / 0.72116090 0.33401490
				-16.09983000 22.60839000 -15.33037000 / -0.89150870 -0.45300240 0.00104910 / 143 172 0 255 / 0.29550170 0.68156430
				-16.09983000 22.60839000 -15.33037000 / -0.88637340 -0.46292840 -0.00629450 / 143 172 0 255 / 0.29550170 0.68156430
				-16.09983000 22.60839000 -15.33037000 / -0.89014760 -0.45565940 -0.00343320 / 143 172 0 255 / 0.29550170 0.68156430
				-16.09209000 22.59289000 -15.28008000 / -0.88637340 -0.46292840 -0.00629450 / 141 176 0 255 / 0.34335330 0.54196170
				-16.09209000 22.59289000 -15.28008000 / -0.89014760 -0.45565940 -0.00343320 / 141 176 0 255 / 0.34335330 0.54196170
				-16.09209000 22.59289000 -15.28008000 / -0.89258770 -0.45087130 0.00152580 / 141 176 0 255 / 0.34335330 0.54196170
				-15.39681000 21.33539000 -15.75518000 / -0.03995730 0.07781660 -0.99616660 / 50 85 0 255 / 0.65618900 0.99867250
				-16.09209000 22.59289000 -15.28008000 / -0.89189450 -0.45224160 -0.00133520 / 141 176 0 255 / 0.34335330 0.54196170
				-16.11028000 22.62875000 -15.32306000 / -0.89014760 -0.45565940 -0.00343320 / 145 179 0 255 / 0.23141480 0.66035460
				-16.11028000 22.62875000 -15.32306000 / -0.89258770 -0.45087130 0.00152580 / 145 179 0 255 / 0.23141480 0.66035460
				-15.91579000 22.24629000 -15.20001000 / -0.89692600 -0.44212110 -0.00724790 / 123 172 0 255 / 0.72116090 0.33401490
				-16.11776000 22.64360000 -15.30987000 / -0.89258770 -0.45087130 0.00152580 / 131 178 0 255 / 0.18601990 0.62374880
				-15.95467000 22.32330000 -15.74737000 / -0.30242450 0.59855430 -0.74180320 / 30 95 0 255 / 0.59960940 0.77926640
				-16.11776000 22.64360000 -15.30987000 / -0.89189450 -0.45224160 -0.00133520 / 131 178 0 255 / 0.18601990 0.62374880
				-16.11776000 22.64360000 -15.30987000 / -0.89150640 -0.45300120 -0.00247960 / 131 178 0 255 / 0.18601990 0.62374880
				-16.09382000 22.59629000 -15.26983000 / -0.89189450 -0.45224160 -0.00133520 / 112 181 0 255 / 0.33271790 0.51333620
				-16.09382000 22.59629000 -15.26983000 / -0.89150640 -0.45300120 -0.00247960 / 112 181 0 255 / 0.33271790 0.51333620
				-16.09382000 22.59629000 -15.26983000 / -0.89246640 -0.45109700 0.00391010 / 112 181 0 255 / 0.33271790 0.51333620
				-15.39681000 21.33539000 -15.75518000 / -0.03890850 0.07705410 -0.99626730 / 50 85 0 255 / 0.65618900 0.99867250
				-16.09382000 22.59629000 -15.26983000 / -0.89163080 -0.45201390 0.02603370 / 112 181 0 255 / 0.33271790 0.51333620
				-16.12298000 22.65378000 -15.29083000 / -0.89150640 -0.45300120 -0.00247960 / 111 178 0 255 / 0.15377810 0.57052610
				-15.91682000 22.24886000 -15.14971000 / -0.89217420 -0.45166620 0.00476840 / 118 173 0 255 / 0.71287540 0.19421390
				-16.12298000 22.65378000 -15.29083000 / -0.89246640 -0.45109700 0.00391010 / 111 178 0 255 / 0.15377810 0.57052610
				-16.12523000 22.65845000 -15.26641000 / -0.89246640 -0.45109700 0.00391010 / 95 181 0 255 / 0.13865660 0.50355530
				-16.12523000 22.65845000 -15.26641000 / -0.89163080 -0.45201390 0.02603370 / 95 181 0 255 / 0.13865660 0.50355530
				-15.95467000 22.32330000 -15.74737000 / -0.14352420 0.28399670 -0.94802250 / 30 95 0 255 / 0.59960940 0.77926640
				-16.12523000 22.65845000 -15.26641000 / -0.88962670 -0.45663950 -0.00667600 / 95 181 0 255 / 0.13865660 0.50355530
				-16.09364000 22.59673000 -15.25567000 / -0.89163080 -0.45201390 0.02603370 / 89 177 0 255 / 0.33172610 0.47293090
				-16.09364000 22.59673000 -15.25567000 / -0.88962670 -0.45663950 -0.00667600 / 89 177 0 255 / 0.33172610 0.47293090
				-16.09364000 22.59673000 -15.25567000 / -0.88973930 -0.45640860 -0.00743830 / 89 177 0 255 / 0.33172610 0.47293090
				-15.43074000 21.29304000 -15.75713000 / -0.03995730 0.07781660 -0.99616660 / 54 85 0 255 / 0.71333300 0.77926640
				-16.09364000 22.59673000 -15.25567000 / -0.89272560 -0.45055940 -0.00610410 / 89 177 0 255 / 0.33172610 0.47293090
				-15.91682000 22.24886000 -15.14971000 / -0.88417450 -0.46712180 0.00572220 / 118 173 0 255 / 0.71287540 0.19421390
				-16.12445000 22.65652000 -15.23858000 / -0.88962670 -0.45663950 -0.00667600 / 91 173 0 255 / 0.14457700 0.42578120
				-16.12445000 22.65652000 -15.23858000 / -0.88973930 -0.45640860 -0.00743830 / 91 173 0 255 / 0.14457700 0.42578120
				-16.12445000 22.65652000 -15.23858000 / -0.89073240 -0.45452150 0.00247960 / 91 173 0 255 / 0.14457700 0.42578120
				-16.09086000 22.59078000 -15.22197000 / -0.88973930 -0.45640860 -0.00743830 / 101 167 0 255 / 0.35067750 0.37948610
				-16.09086000 22.59078000 -15.22197000 / -0.89272560 -0.45055940 -0.00610410 / 101 167 0 255 / 0.35067750 0.37948610
				-15.91076000 22.34549000 -15.74737000 / -0.30242450 0.59855430 -0.74180320 / 29 99 0 255 / 0.59960940 0.99867250
				-16.09086000 22.59078000 -15.22197000 / -0.89073240 -0.45452150 0.00247960 / 101 167 0 255 / 0.35067750 0.37948610
				-16.09086000 22.59078000 -15.22197000 / -0.89367740 -0.44846010 -0.01497410 / 101 167 0 255 / 0.35067750 0.37948610
				-16.09086000 22.59078000 -15.22197000 / -0.89280950 -0.45031470 -0.01039480 / 101 167 0 255 / 0.35067750 0.37948610
				-15.43074000 21.29304000 -15.75713000 / -0.03890850 0.07705410 -0.99626730 / 54 85 0 255 / 0.71333300 0.77926640
				-15.92449000 22.26326000 -15.15899000 / -0.88417450 -0.46712180 0.00572220 / 137 184 0 255 / 0.66827400 0.22001650
				-16.09086000 22.59078000 -15.22197000 / -0.89219890 -0.45163040 0.00333760 / 101 167 0 255 / 0.35067750 0.37948610
				-16.03057000 22.47177000 -15.25567000 / -0.89272560 -0.45055940 -0.00610410 / 96 165 0 255 / 0.72056580 0.47293090
				-16.03057000 22.47177000 -15.25567000 / -0.89367740 -0.44846010 -0.01497410 / 96 165 0 255 / 0.72056580 0.47293090
				-16.11775000 22.64360000 -15.20001000 / -0.89073240 -0.45452150 0.00247960 / 114 167 0 255 / 0.18472290 0.31871030
				-16.11775000 22.64360000 -15.20001000 / -0.89280950 -0.45031470 -0.01039480 / 114 167 0 255 / 0.18472290 0.31871030
				-16.11775000 22.64360000 -15.20001000 / -0.89257850 -0.45086660 -0.00476800 / 114 167 0 255 / 0.18472290 0.31871030
				-16.03006000 22.47049000 -15.24786000 / -0.89367740 -0.44846010 -0.01497410 / 110 159 0 255 / 0.72489930 0.45104980
				-15.91076000 22.34549000 -15.74737000 / -0.14352420 0.28399670 -0.94802250 / 29 99 0 255 / 0.59960940 0.99867250
				-16.03006000 22.47049000 -15.24786000 / -0.89219890 -0.45163040 0.00333760 / 110 159 0 255 / 0.72489930 0.45104980
				-16.03006000 22.47049000 -15.24786000 / -0.89063530 -0.45456930 0.01163610 / 110 159 0 255 / 0.72489930 0.45104980
				-15.92449000 22.26326000 -15.15899000 / -0.89692600 -0.44212110 -0.00724790 / 137 184 0 255 / 0.66827400 0.22001650
				-15.43074000 21.29304000 -15.75713000 / 0.08382760 -0.16593870 -0.98256670 / 54 85 0 255 / 0.71333300 0.77926640
				-16.08835000 22.58547000 -15.20782000 / -0.89280950 -0.45031470 -0.01039480 / 125 166 0 255 / 0.36654660 0.34001160
				-16.08835000 22.58547000 -15.20782000 / -0.89257850 -0.45086660 -0.00476800 / 125 166 0 255 / 0.36654660 0.34001160
				-16.08835000 22.58547000 -15.20782000 / -0.88866370 -0.45854210 0.00400560 / 125 166 0 255 / 0.36654660 0.34001160
				-16.05971000 22.52926000 -15.22198000 / -0.89219890 -0.45163040 0.00333760 / 111 166 0 255 / 0.54257200 0.37948610
				-16.05971000 22.52926000 -15.22198000 / -0.89063530 -0.45456930 0.01163610 / 111 166 0 255 / 0.54257200 0.37948610
				-16.05971000 22.52926000 -15.22198000 / -0.89015280 -0.45566210 0.00000000 / 111 166 0 255 / 0.54257200 0.37948610
				-16.10602000 22.62004000 -15.16973000 / -0.89257850 -0.45086660 -0.00476800 / 133 165 0 255 / 0.25836180 0.23422240
				-16.10602000 22.62004000 -15.16973000 / -0.88866370 -0.45854210 0.00400560 / 133 165 0 255 / 0.25836180 0.23422240
				-15.91076000 22.34549000 -15.74737000 / -0.14714980 0.28686100 -0.94660320 / 29 99 0 255 / 0.59960940 0.99867250
				-15.92449000 22.26326000 -15.15899000 / -0.89494400 -0.44613680 -0.00610360 / 137 184 0 255 / 0.66827400 0.22001650
				-16.10602000 22.62004000 -15.16973000 / -0.88774630 -0.46027760 0.00715310 / 133 165 0 255 / 0.25836180 0.23422240
				-16.01135000 22.54319000 -15.32110000 / 0.29392760 -0.57297770 -0.76505110 / 61 100 0 255 / 0.88069150 0.99867250
				-16.10602000 22.62004000 -15.16973000 / -0.88992780 -0.45602600 -0.00829660 / 133 165 0 255 / 0.25836180 0.23422240
				-16.02812000 22.46754000 -15.21515000 / -0.89063530 -0.45456930 0.01163610 / 106 173 0 255 / 0.73457330 0.36059570
				-16.02812000 22.46754000 -15.21515000 / -0.89015280 -0.45566210 0.00000000 / 106 173 0 255 / 0.73457330 0.36059570
				-16.02812000 22.46754000 -15.21515000 / -0.89015280 -0.45566210 0.00000000 / 106 173 0 255 / 0.73457330 0.36059570
				-16.08513000 22.57932000 -15.19757000 / -0.88866370 -0.45854210 0.00400560 / 135 168 0 255 / 0.38661190 0.31161500
				-16.08513000 22.57932000 -15.19757000 / -0.88774630 -0.46027760 0.00715310 / 135 168 0 255 / 0.38661190 0.31161500
				-16.05971000 22.52925000 -15.20440000 / -0.89015280 -0.45566210 0.00000000 / 94 174 0 255 / 0.54161070 0.33143620
				-16.05971000 22.52925000 -15.20440000 / -0.89015280 -0.45566210 0.00000000 / 94 174 0 255 / 0.54161070 0.33143620
				-15.91979000 22.25436000 -15.19756000 / -0.89692600 -0.44212110 -0.00724790 / 149 182 0 255 / 0.69592280 0.32746890
				-16.05971000 22.52925000 -15.20440000 / -0.88983630 -0.45626760 -0.00333810 / 94 174 0 255 / 0.54161070 0.33143620
				-15.94494000 22.30378000 -15.75469000 / -0.14352420 0.28399670 -0.94802250 / 28 95 0 255 / 0.65754700 0.77926640
				-16.01135000 22.54319000 -15.32110000 / 0.28820860 -0.57050420 -0.76906480 / 61 100 0 255 / 0.88069150 0.99867250
				-16.05971000 22.52925000 -15.20440000 / -0.89177410 -0.45246800 0.00343360 / 94 174 0 255 / 0.54161070 0.33143620
				-16.05971000 22.52925000 -15.20440000 / -0.89379440 -0.44842310 0.00696190 / 94 174 0 255 / 0.54161070 0.33143620
				-16.07868000 22.56703000 -15.18780000 / -0.88774630 -0.46027760 0.00715310 / 135 172 0 255 / 0.42448430 0.28424070
				-16.07868000 22.56703000 -15.18780000 / -0.88992780 -0.45602600 -0.00829660 / 135 172 0 255 / 0.42448430 0.28424070
				-16.07868000 22.56703000 -15.18780000 / -0.89822090 -0.43909630 -0.01983750 / 135 172 0 255 / 0.42448430 0.28424070
				-16.02986000 22.47094000 -15.18926000 / -0.89015280 -0.45566210 0.00000000 / 93 176 0 255 / 0.72412110 0.28892520
				-16.02986000 22.47094000 -15.18926000 / -0.88983630 -0.45626760 -0.00333810 / 93 176 0 255 / 0.72412110 0.28892520
				-15.91979000 22.25436000 -15.19756000 / -0.89494400 -0.44613680 -0.00610360 / 149 182 0 255 / 0.69592280 0.32746890
				-16.08957000 22.58759000 -15.14972000 / -0.88992780 -0.45602600 -0.00829660 / 129 173 0 255 / 0.35957340 0.17932130
				-16.08957000 22.58759000 -15.14972000 / -0.89822090 -0.43909630 -0.01983750 / 129 173 0 255 / 0.35957340 0.17932130
				-16.08957000 22.58759000 -15.14972000 / -0.88878070 -0.45831330 0.00419600 / 129 173 0 255 / 0.35957340 0.17932130
				-16.01135000 22.54319000 -15.32110000 / 0.13026720 -0.25786420 -0.95735920 / 61 100 0 255 / 0.88069150 0.99867250
				-15.94494000 22.30378000 -15.75469000 / -0.14714980 0.28686100 -0.94660320 / 28 95 0 255 / 0.65754700 0.77926640
				-16.03483000 22.48047000 -15.16973000 / -0.88983630 -0.45626760 -0.00333810 / 89 174 0 255 / 0.69465640 0.23400880
				-16.03483000 22.48047000 -15.16973000 / -0.89177410 -0.45246800 0.00343360 / 89 174 0 255 / 0.69465640 0.23400880
				-16.07190000 22.55301000 -15.18438000 / -0.89822090 -0.43909630 -0.01983750 / 119 173 0 255 / 0.46798710 0.27507020
				-16.07190000 22.55301000 -15.18438000 / -0.88878070 -0.45831330 0.00419600 / 119 173 0 255 / 0.46798710 0.27507020
				-16.07190000 22.55301000 -15.18438000 / -0.89372490 -0.44857900 0.00572170 / 119 173 0 255 / 0.46798710 0.27507020
				-15.91979000 22.25436000 -15.19756000 / -0.89032950 -0.45527340 0.00629410 / 149 182 0 255 / 0.69592280 0.32746890
				-16.04231000 22.49533000 -15.15508000 / -0.89177410 -0.45246800 0.00343360 / 86 168 0 255 / 0.64727780 0.19383240
				-16.04231000 22.49533000 -15.15508000 / -0.89379440 -0.44842310 0.00696190 / 86 168 0 255 / 0.64727780 0.19383240
				-16.04231000 22.49533000 -15.15508000 / -0.88845650 -0.45891510 -0.00648510 / 86 168 0 255 / 0.64727780 0.19383240
				-16.06920000 22.54815000 -15.14337000 / -0.88878070 -0.45831330 0.00419600 / 101 169 0 255 / 0.48246770 0.16102600
				-15.38681000 21.31522000 -15.75713000 / -0.03890850 0.07705410 -0.99626730 / 65 88 0 255 / 0.71333300 0.99867250
				-16.06920000 22.54815000 -15.14337000 / -0.89372490 -0.44857900 0.00572170 / 101 169 0 255 / 0.48246770 0.16102600
				-15.94494000 22.30378000 -15.75469000 / -0.03414280 0.06656880 -0.99719740 / 28 95 0 255 / 0.65754700 0.77926640
				-16.06920000 22.54815000 -15.14337000 / -0.87065960 -0.49168910 0.01392290 / 101 169 0 255 / 0.48246770 0.16102600
				-16.06920000 22.54815000 -15.14337000 / -0.89392930 -0.44820440 -0.00181190 / 101 169 0 255 / 0.48246770 0.16102600
				-16.06197000 22.53394000 -15.19317000 / -0.89379440 -0.44842310 0.00696190 / 88 167 0 255 / 0.52806090 0.29927060
				-16.08957000 22.58759000 -15.14972000 / -0.21991780 0.42896380 0.87614280 / 25 181 0 255 / 0.85211180 0.77926640
				-16.06197000 22.53394000 -15.19317000 / -0.87065960 -0.49168910 0.01392290 / 88 167 0 255 / 0.52806090 0.29927060
				-16.06197000 22.53394000 -15.19317000 / -0.88845650 -0.45891510 -0.00648510 / 88 167 0 255 / 0.52806090 0.29927060
				-16.06197000 22.53394000 -15.19317000 / -0.89392930 -0.44820440 -0.00181190 / 88 167 0 255 / 0.52806090 0.29927060
				-16.06616000 22.54155000 -15.18633000 / -0.89372490 -0.44857900 0.00572170 / 98 163 0 255 / 0.50311280 0.28111270
				-16.06616000 22.54155000 -15.18633000 / -0.87065960 -0.49168910 0.01392290 / 98 163 0 255 / 0.50311280 0.28111270
				-15.38681000 21.31522000 -15.75713000 / 0.08382760 -0.16593870 -0.98256670 / 65 88 0 255 / 0.71333300 0.99867250
				-16.05398000 22.51780000 -15.14629000 / -0.88845650 -0.45891510 -0.00648510 / 86 168 0 255 / 0.57791140 0.16923520
				-16.05398000 22.51780000 -15.14629000 / -0.89392930 -0.44820440 -0.00181190 / 86 168 0 255 / 0.57791140 0.16923520
				-15.90082000 22.32642000 -15.75469000 / -0.14714980 0.28686100 -0.94660320 / 30 95 0 255 / 0.65754700 0.99867250
				-15.32188000 21.07858000 -15.30205000 / -0.88884680 -0.45796590 0.01478230 / 134 175 0 255 / 0.70404050 0.59252930
				-16.08957000 22.58759000 -15.14972000 / -0.06465890 0.12607540 0.98991120 / 25 181 0 255 / 0.85211180 0.77926640
				-15.32188000 21.07858000 -15.30205000 / -0.89502490 -0.44593890 -0.00829700 / 134 175 0 255 / 0.70404050 0.59252930
				-15.31150000 21.05931000 -15.27470000 / -0.88884680 -0.45796590 0.01478230 / 133 180 0 255 / 0.76225280 0.52059940
				-15.34232000 21.11910000 -15.27568000 / -0.88884680 -0.45796590 0.01478230 / 138 174 0 255 / 0.58351140 0.52297980
				-15.34232000 21.11910000 -15.27568000 / -0.89502490 -0.44593890 -0.00829700 / 138 174 0 255 / 0.58351140 0.52297980
				-15.34232000 21.11910000 -15.27568000 / -0.88896240 -0.45797630 -0.00190740 / 138 174 0 255 / 0.58351140 0.52297980
				-15.33239000 21.10003000 -15.32109000 / -0.89502490 -0.44593890 -0.00829700 / 149 171 0 255 / 0.64123530 0.64399720
				-15.38681000 21.31522000 -15.75713000 / 0.08382760 -0.16593870 -0.98256670 / 65 88 0 255 / 0.71333300 0.99867250
				-15.33239000 21.10003000 -15.32109000 / -0.88896240 -0.45797630 -0.00190740 / 149 171 0 255 / 0.64123530 0.64399720
				-15.33239000 21.10003000 -15.32109000 / -0.89168300 -0.45261260 -0.00658030 / 149 171 0 255 / 0.64123530 0.64399720
				-15.34580000 21.12589000 -15.28252000 / -0.88896240 -0.45797630 -0.00190740 / 166 170 0 255 / 0.56314090 0.54121400
				-16.08957000 22.58759000 -15.14972000 / -0.06465890 0.12607540 0.98991120 / 25 181 0 255 / 0.85211180 0.77926640
				-15.90082000 22.32642000 -15.75469000 / -0.03414280 0.06656880 -0.99719740 / 30 95 0 255 / 0.65754700 0.99867250
				-15.34580000 21.12589000 -15.28252000 / -0.89168300 -0.45261260 -0.00658030 / 166 170 0 255 / 0.56314090 0.54121400
				-15.34580000 21.12589000 -15.28252000 / -0.90437820 -0.42667810 -0.00677120 / 166 170 0 255 / 0.56314090 0.54121400
				-15.34535000 21.12570000 -15.32988000 / -0.89168300 -0.45261260 -0.00658030 / 176 165 0 255 / 0.56451410 0.66760260
				-15.34535000 21.12570000 -15.32988000 / -0.90437820 -0.42667810 -0.00677120 / 176 165 0 255 / 0.56451410 0.66760260
				-15.34535000 21.12570000 -15.32988000 / -0.89956240 -0.43676410 -0.00495890 / 176 165 0 255 / 0.56451410 0.66760260
				-15.34535000 21.12570000 -15.32988000 / -0.89285610 -0.45033830 0.00181200 / 176 165 0 255 / 0.56451410 0.66760260
				-15.40957000 21.25168000 -15.74834000 / 0.08382760 -0.16593870 -0.98256670 / 82 89 0 255 / 0.83256530 0.77926640
				-15.34858000 21.13185000 -15.28691000 / -0.90437820 -0.42667810 -0.00677120 / 177 163 0 255 / 0.54521180 0.55294800
				-15.34858000 21.13185000 -15.28691000 / -0.89956240 -0.43676410 -0.00495890 / 177 163 0 255 / 0.54521180 0.55294800
				-15.93274000 22.28003000 -15.17412000 / -0.89494400 -0.44613680 -0.00610360 / 155 174 0 255 / 0.61651610 0.26167300
				-15.35309000 21.14119000 -15.29081000 / -0.89956240 -0.43676410 -0.00495890 / 180 162 0 255 / 0.51789860 0.56301880
				-15.35309000 21.14119000 -15.29081000 / -0.89285610 -0.45033830 0.00181200 / 180 162 0 255 / 0.51789860 0.56301880
				-15.90082000 22.32642000 -15.75469000 / -0.03337870 0.06599450 -0.99726150 / 30 95 0 255 / 0.65754700 0.99867250
				-15.35309000 21.14119000 -15.29081000 / -0.88346380 -0.46843420 -0.00782000 / 180 162 0 255 / 0.51789860 0.56301880
				-15.36206000 21.15880000 -15.33280000 / -0.89285610 -0.45033830 0.00181200 / 181 162 0 255 / 0.46519470 0.67546080
				-15.36206000 21.15880000 -15.33280000 / -0.88346380 -0.46843420 -0.00782000 / 181 162 0 255 / 0.46519470 0.67546080
				-15.36206000 21.15880000 -15.33280000 / -0.88826670 -0.45929710 -0.00534070 / 181 162 0 255 / 0.46519470 0.67546080
				-15.36206000 21.15880000 -15.33280000 / -0.88628180 -0.46312100 -0.00486390 / 181 162 0 255 / 0.46519470 0.67546080
				-15.40957000 21.25168000 -15.74834000 / 0.08382760 -0.16593870 -0.98256670 / 82 89 0 255 / 0.83256530 0.77926640
				-15.35780000 21.15009000 -15.29228000 / -0.88346380 -0.46843420 -0.00782000 / 182 165 0 255 / 0.49055480 0.56636050
				-15.93274000 22.28003000 -15.17412000 / -0.89032950 -0.45527340 0.00629410 / 155 174 0 255 / 0.61651610 0.26167300
				-15.35780000 21.15009000 -15.29228000 / -0.88826670 -0.45929710 -0.00534070 / 182 165 0 255 / 0.49055480 0.56636050
				-15.36451000 21.16303000 -15.28887000 / -0.88826670 -0.45929710 -0.00534070 / 180 162 0 255 / 0.45294190 0.55851740
				-15.36451000 21.16303000 -15.28887000 / -0.88628180 -0.46312100 -0.00486390 / 180 162 0 255 / 0.45294190 0.55851740
				-15.36451000 21.16303000 -15.28887000 / -0.89531280 -0.44536760 0.00791550 / 180 162 0 255 / 0.45294190 0.55851740
				-15.93024000 22.27472000 -15.75713000 / -0.03414280 0.06656880 -0.99719740 / 34 90 0 255 / 0.74501040 0.77926640
				-15.37669000 21.18677000 -15.33037000 / -0.88628180 -0.46312100 -0.00486390 / 176 162 0 255 / 0.38073730 0.66870120
				-15.37669000 21.18677000 -15.33037000 / -0.89531280 -0.44536760 0.00791550 / 176 162 0 255 / 0.38073730 0.66870120
				-15.37669000 21.18677000 -15.33037000 / -0.89578440 -0.44441130 0.00829690 / 176 162 0 255 / 0.38073730 0.66870120
				-15.36876000 21.17173000 -15.28008000 / -0.89531280 -0.44536760 0.00791550 / 169 166 0 255 / 0.42651370 0.53514100
				-15.40957000 21.25168000 -15.74834000 / 0.23994620 -0.47493330 -0.84667830 / 82 89 0 255 / 0.83256530 0.77926640
				-15.93274000 22.28003000 -15.17412000 / -0.88722620 -0.46120890 0.01077680 / 155 174 0 255 / 0.61651610 0.26167300
				-15.36876000 21.17173000 -15.28008000 / -0.89578440 -0.44441130 0.00829690 / 169 166 0 255 / 0.42651370 0.53514100
				-15.36876000 21.17173000 -15.28008000 / -0.88663630 -0.46234410 -0.01068120 / 169 166 0 255 / 0.42651370 0.53514100
				-15.36876000 21.17173000 -15.28008000 / -0.88917910 -0.45755910 -0.00028610 / 169 166 0 255 / 0.42651370 0.53514100
				-15.38694000 21.20758000 -15.32305000 / -0.89578440 -0.44441130 0.00829690 / 165 167 0 255 / 0.31942750 0.64840700
				-15.38694000 21.20758000 -15.32305000 / -0.88663630 -0.46234410 -0.01068120 / 165 167 0 255 / 0.31942750 0.64840700
				-15.39461000 21.22199000 -15.30986000 / -0.88663630 -0.46234410 -0.01068120 / 151 163 0 255 / 0.27598570 0.61338810
				-15.93024000 22.27472000 -15.75713000 / -0.03337870 0.06599450 -0.99726150 / 34 90 0 255 / 0.74501040 0.77926640
				-15.39461000 21.22199000 -15.30986000 / -0.88917910 -0.45755910 -0.00028610 / 151 163 0 255 / 0.27598570 0.61338810
				-15.39461000 21.22199000 -15.30986000 / -0.89380930 -0.44823990 0.01363790 / 151 163 0 255 / 0.27598570 0.61338810
				-15.37050000 21.17512000 -15.26983000 / -0.88917910 -0.45755910 -0.00028610 / 142 166 0 255 / 0.41633610 0.50775150
				-15.93274000 22.28003000 -15.17412000 / -0.90998050 -0.41465050 -0.00066760 / 155 174 0 255 / 0.61651610 0.26167300
				-15.36566000 21.27386000 -15.74834000 / 0.08382760 -0.16593870 -0.98256670 / 100 100 0 255 / 0.83256530 0.99867250
				-15.37050000 21.17512000 -15.26983000 / -0.89380930 -0.44823990 0.01363790 / 142 166 0 255 / 0.41633610 0.50775150
				-15.37050000 21.17512000 -15.26983000 / -0.89070510 -0.45450760 -0.00820140 / 142 166 0 255 / 0.41633610 0.50775150
				-15.37050000 21.17512000 -15.26983000 / -0.89084910 -0.45376940 -0.02193500 / 142 166 0 255 / 0.41633610 0.50775150
				-15.39965000 21.23262000 -15.29082000 / -0.89380930 -0.44823990 0.01363790 / 137 166 0 255 / 0.24514770 0.56246950
				-15.39965000 21.23262000 -15.29082000 / -0.89070510 -0.45450760 -0.00820140 / 137 166 0 255 / 0.24514770 0.56246950
				-15.40236000 21.23747000 -15.26640000 / -0.89070510 -0.45450760 -0.00820140 / 141 168 0 255 / 0.23068240 0.49839780
				-15.40236000 21.23747000 -15.26640000 / -0.89084910 -0.45376940 -0.02193500 / 141 168 0 255 / 0.23068240 0.49839780
				-15.93024000 22.27472000 -15.75713000 / 0.03128190 -0.06199150 -0.99758640 / 34 90 0 255 / 0.74501040 0.77926640
				-15.40236000 21.23747000 -15.26640000 / -0.89294180 -0.45014260 0.00514990 / 141 168 0 255 / 0.23068240 0.49839780
				-15.93274000 22.28003000 -15.17412000 / -0.88246770 -0.47036970 -0.00171670 / 155 174 0 255 / 0.61651610 0.26167300
				-15.37095000 21.17531000 -15.25567000 / -0.89084910 -0.45376940 -0.02193500 / 154 168 0 255 / 0.41539000 0.46908570
				-15.36566000 21.27386000 -15.74834000 / 0.23994620 -0.47493330 -0.84667830 / 100 100 0 255 / 0.83256530 0.99867250
				-15.37095000 21.17531000 -15.25567000 / -0.89294180 -0.45014260 0.00514990 / 154 168 0 255 / 0.41539000 0.46908570
				-15.37095000 21.17531000 -15.25567000 / -0.89314030 -0.44976510 0.00343330 / 154 168 0 255 / 0.41539000 0.46908570
				-15.37095000 21.17531000 -15.25567000 / -0.89053880 -0.45490150 0.00228880 / 154 168 0 255 / 0.41539000 0.46908570
				-15.40113000 21.23536000 -15.23857000 / -0.89294180 -0.45014260 0.00514990 / 158 168 0 255 / 0.23634340 0.42399600
				-15.40113000 21.23536000 -15.23857000 / -0.89314030 -0.44976510 0.00343330 / 158 168 0 255 / 0.23634340 0.42399600
				-15.40113000 21.23536000 -15.23857000 / -0.89227220 -0.45147680 -0.00438700 / 158 168 0 255 / 0.23634340 0.42399600
				-15.36772000 21.16916000 -15.22197000 / -0.89314030 -0.44976510 0.00343330 / 161 174 0 255 / 0.43353270 0.37969970
				-15.36772000 21.16916000 -15.22197000 / -0.89053880 -0.45490150 0.00228880 / 161 174 0 255 / 0.43353270 0.37969970
				-15.92501000 22.26453000 -15.20000000 / -0.89032950 -0.45527340 0.00629410 / 158 175 0 255 / 0.66389470 0.33366390
				-15.88632000 22.29690000 -15.75713000 / -0.03337870 0.06599450 -0.99726150 / 40 93 0 255 / 0.74501040 0.99867250
				-15.36772000 21.16916000 -15.22197000 / -0.89227220 -0.45147680 -0.00438700 / 161 174 0 255 / 0.43353270 0.37969970
				-15.36566000 21.27386000 -15.74834000 / 0.24003610 -0.47492240 -0.84665890 / 100 100 0 255 / 0.83256530 0.99867250
				-15.36772000 21.16916000 -15.22197000 / -0.89244870 -0.45089740 -0.01506810 / 161 174 0 255 / 0.43353270 0.37969970
				-15.36772000 21.16916000 -15.22197000 / -0.88937810 -0.45699120 0.01287430 / 161 174 0 255 / 0.43353270 0.37969970
				-15.36772000 21.16916000 -15.22197000 / -0.88959590 -0.45643290 0.01697560 / 161 174 0 255 / 0.43353270 0.37969970
				-15.30724000 21.05060000 -15.25566000 / -0.89053880 -0.45490150 0.00228880 / 163 175 0 255 / 0.78739930 0.46908570
				-15.30724000 21.05060000 -15.25566000 / -0.89244870 -0.45089740 -0.01506810 / 163 175 0 255 / 0.78739930 0.46908570
				-15.39487000 21.22262000 -15.20000000 / -0.89227220 -0.45147680 -0.00438700 / 156 170 0 255 / 0.27474980 0.32156370
				-15.39487000 21.22262000 -15.20000000 / -0.88937810 -0.45699120 0.01287430 / 156 170 0 255 / 0.27474980 0.32156370
				-15.92501000 22.26453000 -15.20000000 / -0.88722620 -0.46120890 0.01077680 / 158 175 0 255 / 0.66389470 0.33366390
				-15.39487000 21.22262000 -15.20000000 / -0.89015260 -0.45566200 0.00076290 / 156 170 0 255 / 0.27474980 0.32156370
				-15.30672000 21.04932000 -15.24785000 / -0.89244870 -0.45089740 -0.01506810 / 162 175 0 255 / 0.79153440 0.44816590
				-15.88632000 22.29690000 -15.75713000 / 0.03128190 -0.06199150 -0.99758640 / 40 93 0 255 / 0.74501040 0.99867250
				-15.39043000 21.21435000 -15.72197000 / 0.23994620 -0.47493330 -0.84667830 / 117 103 0 255 / 0.93911730 0.77926640
				-15.30672000 21.04932000 -15.24785000 / -0.88959590 -0.45643290 0.01697560 / 162 175 0 255 / 0.79153440 0.44816590
				-15.30672000 21.04932000 -15.24785000 / -0.89055720 -0.45472010 0.01173040 / 162 175 0 255 / 0.79153440 0.44816590
				-15.36502000 21.16430000 -15.20781000 / -0.88937810 -0.45699120 0.01287430 / 152 163 0 255 / 0.44869990 0.34193420
				-15.36502000 21.16430000 -15.20781000 / -0.89015260 -0.45566200 0.00076290 / 152 163 0 255 / 0.44869990 0.34193420
				-15.36502000 21.16430000 -15.20781000 / -0.89781500 -0.44003810 -0.01716660 / 152 163 0 255 / 0.44869990 0.34193420
				-15.33639000 21.10809000 -15.22197000 / -0.88959590 -0.45643290 0.01697560 / 162 171 0 255 / 0.61711120 0.37969970
				-15.92972000 22.27344000 -15.20684000 / -0.88722620 -0.46120890 0.01077680 / 156 173 0 255 / 0.63606260 0.35224910
				-15.33639000 21.10809000 -15.22197000 / -0.89055720 -0.45472010 0.01173040 / 162 171 0 255 / 0.61711120 0.37969970
				-15.33639000 21.10809000 -15.22197000 / -0.89015280 -0.45566210 0.00000000 / 162 171 0 255 / 0.61711120 0.37969970
				-15.38269000 21.19887000 -15.16973000 / -0.89015260 -0.45566200 0.00076290 / 153 160 0 255 / 0.34519960 0.24073790
				-15.38269000 21.19887000 -15.16973000 / -0.89781500 -0.44003810 -0.01716660 / 153 160 0 255 / 0.34519960 0.24073790
				-15.39043000 21.21435000 -15.72197000 / 0.24003610 -0.47492240 -0.84665890 / 117 103 0 255 / 0.93911730 0.77926640
				-15.88632000 22.29690000 -15.75713000 / 0.03194800 -0.06237020 -0.99754160 / 40 93 0 255 / 0.74501040 0.99867250
				-15.38269000 21.19887000 -15.16973000 / -0.88966580 -0.45641980 0.01325580 / 153 160 0 255 / 0.34519960 0.24073790
				-15.38269000 21.19887000 -15.16973000 / -0.89170160 -0.45262200 -0.00123980 / 153 160 0 255 / 0.34519960 0.24073790
				-15.30479000 21.04638000 -15.21513000 / -0.89055720 -0.45472010 0.01173040 / 161 159 0 255 / 0.80079650 0.36163330
				-15.30479000 21.04638000 -15.21513000 / -0.89015280 -0.45566210 0.00000000 / 161 159 0 255 / 0.80079650 0.36163330
				-15.92972000 22.27344000 -15.20684000 / -0.90998050 -0.41465050 -0.00066760 / 156 173 0 255 / 0.63606260 0.35224910
				-15.30479000 21.04638000 -15.21513000 / -0.89015280 -0.45566210 -0.00009540 / 161 159 0 255 / 0.80079650 0.36163330
				-15.36199000 21.15770000 -15.19755000 / -0.89781500 -0.44003810 -0.01716660 / 153 155 0 255 / 0.46789550 0.31475830
				-15.36199000 21.15770000 -15.19755000 / -0.88966580 -0.45641980 0.01325580 / 153 155 0 255 / 0.46789550 0.31475830
				-15.33639000 21.10809000 -15.20439000 / -0.89015280 -0.45566210 0.00000000 / 169 155 0 255 / 0.61619570 0.33372500
				-15.33639000 21.10809000 -15.20439000 / -0.89015280 -0.45566210 -0.00009540 / 169 155 0 255 / 0.61619570 0.33372500
				-15.34651000 21.23655000 -15.72197000 / 0.24003610 -0.47492240 -0.84665890 / 123 104 0 255 / 0.93911730 0.99867250
				-15.33639000 21.10809000 -15.20439000 / -0.88975920 -0.45641880 -0.00324240 / 169 155 0 255 / 0.61619570 0.33372500
				-15.91431000 22.24354000 -15.75469000 / 0.03128190 -0.06199150 -0.99758640 / 52 88 0 255 / 0.83758540 0.77926640
				-15.33639000 21.10809000 -15.20439000 / -0.88814710 -0.45947530 -0.00877370 / 169 155 0 255 / 0.61619570 0.33372500
				-15.33639000 21.10809000 -15.20439000 / -0.88345240 -0.46823740 -0.01630720 / 169 155 0 255 / 0.61619570 0.33372500
				-15.93300000 22.28067000 -15.21807000 / -0.90998050 -0.41465050 -0.00066760 / 140 167 0 255 / 0.61404420 0.38452150
				-15.35554000 21.14541000 -15.18778000 / -0.88966580 -0.45641980 0.01325580 / 159 160 0 255 / 0.50411990 0.28858950
				-15.35554000 21.14541000 -15.18778000 / -0.89170160 -0.45262200 -0.00123980 / 159 160 0 255 / 0.50411990 0.28858950
				-15.35554000 21.14541000 -15.18778000 / -0.88986030 -0.45623100 0.00143050 / 159 160 0 255 / 0.50411990 0.28858950
				-15.30653000 21.04977000 -15.18925000 / -0.89015280 -0.45566210 -0.00009540 / 164 153 0 255 / 0.79080200 0.29306030
				-15.30653000 21.04977000 -15.18925000 / -0.88975920 -0.45641880 -0.00324240 / 164 153 0 255 / 0.79080200 0.29306030
				-15.36624000 21.16641000 -15.14971000 / -0.89170160 -0.45262200 -0.00123980 / 166 162 0 255 / 0.44203180 0.18821720
				-15.37572000 21.18529000 -15.67949000 / 0.35791970 -0.70820980 -0.60854930 / 119 97 0 255 / 0.63302610 0.77926640
				-15.36624000 21.16641000 -15.14971000 / -0.88986030 -0.45623100 0.00143050 / 166 162 0 255 / 0.44203180 0.18821720
				-15.36624000 21.16641000 -15.14971000 / -0.89140960 -0.45319120 -0.00257500 / 166 162 0 255 / 0.44203180 0.18821720
				-15.91431000 22.24354000 -15.75469000 / 0.03194800 -0.06237020 -0.99754160 / 52 88 0 255 / 0.83758540 0.77926640
				-15.93300000 22.28067000 -15.21807000 / -0.88246770 -0.47036970 -0.00171670 / 140 167 0 255 / 0.61404420 0.38452150
				-15.31150000 21.05931000 -15.16972000 / -0.88975920 -0.45641880 -0.00324240 / 172 156 0 255 / 0.76260370 0.24052430
				-15.31150000 21.05931000 -15.16972000 / -0.88814710 -0.45947530 -0.00877370 / 172 156 0 255 / 0.76260370 0.24052430
				-15.34857000 21.13184000 -15.18437000 / -0.88986030 -0.45623100 0.00143050 / 172 161 0 255 / 0.54574590 0.27980040
				-15.34857000 21.13184000 -15.18437000 / -0.89140960 -0.45319120 -0.00257500 / 172 161 0 255 / 0.54574590 0.27980040
				-15.34857000 21.13184000 -15.18437000 / -0.89448310 -0.44709850 -0.00171670 / 172 161 0 255 / 0.54574590 0.27980040
				-15.31942000 21.07435000 -15.15507000 / -0.88814710 -0.45947530 -0.00877370 / 174 153 0 255 / 0.71728520 0.20208740
				-15.31942000 21.07435000 -15.15507000 / -0.88345240 -0.46823740 -0.01630720 / 174 153 0 255 / 0.71728520 0.20208740
				-15.37572000 21.18529000 -15.67949000 / 0.35764940 -0.70824120 -0.60867160 / 119 97 0 255 / 0.63302610 0.77926640
				-15.31942000 21.07435000 -15.15507000 / -0.89227060 -0.45147600 0.00476840 / 174 153 0 255 / 0.71728520 0.20208740
				-15.34631000 21.12717000 -15.14336000 / -0.89140960 -0.45319120 -0.00257500 / 174 157 0 255 / 0.55960080 0.17070010
				-15.93300000 22.28067000 -15.21807000 / -0.90056370 -0.43468910 -0.00553140 / 140 167 0 255 / 0.61404420 0.38452150
				-15.34631000 21.12717000 -15.14336000 / -0.89448310 -0.44709850 -0.00171670 / 174 157 0 255 / 0.55960080 0.17070010
				-15.91431000 22.24354000 -15.75469000 / 0.06999860 -0.13637320 -0.98818140 / 52 88 0 255 / 0.83758540 0.77926640
				-15.34631000 21.12717000 -15.14336000 / -0.89666380 -0.44270500 -0.00257500 / 174 157 0 255 / 0.55960080 0.17070010
				-15.34631000 21.12717000 -15.14336000 / -0.88966360 -0.45660940 0.00257490 / 174 157 0 255 / 0.55960080 0.17070010
				-15.33883000 21.11231000 -15.19316000 / -0.88345240 -0.46823740 -0.01630720 / 174 152 0 255 / 0.60322570 0.30296320
				-15.33883000 21.11231000 -15.19316000 / -0.89666380 -0.44270500 -0.00257500 / 174 152 0 255 / 0.60322570 0.30296320
				-15.33883000 21.11231000 -15.19316000 / -0.89227060 -0.45147600 0.00476840 / 174 152 0 255 / 0.60322570 0.30296320
				-15.33883000 21.11231000 -15.19316000 / -0.88966360 -0.45660940 0.00257490 / 174 152 0 255 / 0.60322570 0.30296320
				-15.37572000 21.18529000 -15.67949000 / 0.42676900 -0.84514570 -0.32186490 / 119 97 0 255 / 0.63302610 0.77926640
				-15.34284000 21.12038000 -15.18633000 / -0.89448310 -0.44709850 -0.00171670 / 175 152 0 255 / 0.57934570 0.28559870
				-15.93300000 22.28067000 -15.21807000 / -0.88520120 -0.46520270 0.00228880 / 140 167 0 255 / 0.61404420 0.38452150
				-15.34284000 21.12038000 -15.18633000 / -0.89666380 -0.44270500 -0.00257500 / 175 152 0 255 / 0.57934570 0.28559870
				-15.33065000 21.09663000 -15.14629000 / -0.89227060 -0.45147600 0.00476840 / 175 157 0 255 / 0.65090940 0.17854310
				-15.33065000 21.09663000 -15.14629000 / -0.88966360 -0.45660940 0.00257490 / 175 157 0 255 / 0.65090940 0.17854310
				-15.87020000 22.26618000 -15.75469000 / 0.03194800 -0.06237020 -0.99754160 / 70 90 0 255 / 0.83758540 0.99867250
				-14.97934000 20.40664000 -15.30156000 / -0.89090600 -0.45413130 -0.00715240 / 186 169 0 255 / 0.70565800 0.61383050
				-14.97934000 20.40664000 -15.30156000 / -0.88976050 -0.45641950 -0.00276560 / 186 169 0 255 / 0.70565800 0.61383050
				-14.96959000 20.38710000 -15.27421000 / -0.89090600 -0.45413130 -0.00715240 / 187 182 0 255 / 0.76376350 0.54098510
				-14.99997000 20.44671000 -15.27568000 / -0.89090600 -0.45413130 -0.00715240 / 185 169 0 255 / 0.58523560 0.54519650
				-14.99997000 20.44671000 -15.27568000 / -0.88976050 -0.45641950 -0.00276560 / 185 169 0 255 / 0.58523560 0.54519650
				-15.39043000 21.21435000 -15.72197000 / 0.35791970 -0.70820980 -0.60854930 / 117 103 0 255 / 0.56410220 0.77926640
				-15.93300000 22.28067000 -15.21807000 / -0.89063520 -0.45471130 -0.00257490 / 140 167 0 255 / 0.61404420 0.38452150
				-14.99997000 20.44671000 -15.27568000 / -0.88896240 -0.45797630 -0.00190740 / 185 169 0 255 / 0.58523560 0.54519650
				-14.99004000 20.42763000 -15.32108000 / -0.88976050 -0.45641950 -0.00276560 / 183 164 0 255 / 0.64295960 0.66619870
				-14.99004000 20.42763000 -15.32108000 / -0.88896240 -0.45797630 -0.00190740 / 183 164 0 255 / 0.64295960 0.66619870
				-14.99004000 20.42763000 -15.32108000 / -0.88690350 -0.46195270 0.00143050 / 183 164 0 255 / 0.64295960 0.66619870
				-15.00344000 20.45349000 -15.28251000 / -0.88896240 -0.45797630 -0.00190740 / 181 169 0 255 / 0.56488040 0.56341550
				-15.87020000 22.26618000 -15.75469000 / 0.06999860 -0.13637320 -0.98818140 / 70 90 0 255 / 0.83758540 0.99867250
				-15.00344000 20.45349000 -15.28251000 / -0.88690350 -0.46195270 0.00143050 / 181 169 0 255 / 0.56488040 0.56341550
				-15.00344000 20.45349000 -15.28251000 / -0.88621280 -0.46327580 0.00152580 / 181 169 0 255 / 0.56488040 0.56341550
				-15.00319000 20.45285000 -15.32988000 / -0.88690350 -0.46195270 0.00143050 / 179 172 0 255 / 0.56625370 0.68980400
				-15.00319000 20.45285000 -15.32988000 / -0.88621280 -0.46327580 0.00152580 / 179 172 0 255 / 0.56625370 0.68980400
				-15.93300000 22.28067000 -15.21807000 / -0.88762060 -0.45930810 0.03414290 / 140 167 0 255 / 0.61404420 0.38452150
				-15.34651000 21.23655000 -15.72197000 / 0.35791970 -0.70820980 -0.60854930 / 123 104 0 255 / 0.56410220 0.99867250
				-15.00319000 20.45285000 -15.32988000 / -0.89947410 -0.43695830 -0.00371920 / 179 172 0 255 / 0.56625370 0.68980400
				-15.00319000 20.45285000 -15.32988000 / -0.89354540 -0.44896610 0.00247940 / 179 172 0 255 / 0.56625370 0.68980400
				-15.00667000 20.45964000 -15.28691000 / -0.88621280 -0.46327580 0.00152580 / 179 171 0 255 / 0.54695130 0.57516480
				-15.00667000 20.45964000 -15.28691000 / -0.89947410 -0.43695830 -0.00371920 / 179 171 0 255 / 0.54695130 0.57516480
				-15.01120000 20.46899000 -15.29082000 / -0.89947410 -0.43695830 -0.00371920 / 178 172 0 255 / 0.51963810 0.58522040
				-15.01120000 20.46899000 -15.29082000 / -0.89354540 -0.44896610 0.00247940 / 178 172 0 255 / 0.51963810 0.58522040
				-15.87020000 22.26618000 -15.75469000 / 0.06828430 -0.13561490 -0.98840580 / 70 90 0 255 / 0.83758540 0.99867250
				-15.01120000 20.46899000 -15.29082000 / -0.88356430 -0.46824620 -0.00772460 / 178 172 0 255 / 0.51963810 0.58522040
				-15.02015000 20.48659000 -15.33281000 / -0.89354540 -0.44896610 0.00247940 / 182 169 0 255 / 0.46693420 0.69767760
				-15.93300000 22.28067000 -15.21807000 / -0.88978620 -0.45261790 -0.05846080 / 140 167 0 255 / 0.61404420 0.38452150
				-15.02015000 20.48659000 -15.33281000 / -0.88356430 -0.46824620 -0.00772460 / 182 169 0 255 / 0.46693420 0.69767760
				-15.34651000 21.23655000 -15.72197000 / 0.35764940 -0.70824120 -0.60867160 / 123 104 0 255 / 0.56410220 0.99867250
				-15.02015000 20.48659000 -15.33281000 / -0.89760850 -0.44079330 -0.00038150 / 182 169 0 255 / 0.46693420 0.69767760
				-15.02015000 20.48659000 -15.33281000 / -0.88599350 -0.46369220 0.00228890 / 182 169 0 255 / 0.46693420 0.69767760
				-15.01590000 20.47789000 -15.29228000 / -0.88356430 -0.46824620 -0.00772460 / 181 166 0 255 / 0.49229430 0.58857730
				-15.01590000 20.47789000 -15.29228000 / -0.89760850 -0.44079330 -0.00038150 / 181 166 0 255 / 0.49229430 0.58857730
				-15.02215000 20.49063000 -15.28886000 / -0.89760850 -0.44079330 -0.00038150 / 186 166 0 255 / 0.45466610 0.58073430
				-15.02215000 20.49063000 -15.28886000 / -0.88599350 -0.46369220 0.00228890 / 186 166 0 255 / 0.45466610 0.58073430
				-15.02215000 20.49063000 -15.28886000 / -0.88408930 -0.46731800 -0.00038150 / 186 166 0 255 / 0.45466610 0.58073430
				-15.89735000 22.20979000 -15.74883000 / 0.06999860 -0.13637320 -0.98818140 / 89 96 0 255 / 0.93911730 0.77926640
				-15.93300000 22.28067000 -15.21807000 / -0.89158960 -0.45280430 -0.00600810 / 140 167 0 255 / 0.61404420 0.38452150
				-15.03479000 20.51457000 -15.33036000 / -0.88599350 -0.46369220 0.00228890 / 189 168 0 255 / 0.38246150 0.69091810
				-15.03479000 20.51457000 -15.33036000 / -0.88408930 -0.46731800 -0.00038150 / 189 168 0 255 / 0.38246150 0.69091810
				-15.33180000 21.20747000 -15.67949000 / 0.35764940 -0.70824120 -0.60867160 / 102 93 0 255 / 0.63302610 0.99867250
				-15.03479000 20.51457000 -15.33036000 / -0.89578440 -0.44441130 0.00829690 / 189 168 0 255 / 0.38246150 0.69091810
				-15.02686000 20.49952000 -15.28007000 / -0.88408930 -0.46731800 -0.00038150 / 189 172 0 255 / 0.42823790 0.55735780
				-15.02686000 20.49952000 -15.28007000 / -0.89578440 -0.44441130 0.00829690 / 189 172 0 255 / 0.42823790 0.55735780
				-15.02686000 20.49952000 -15.28007000 / -0.89160570 -0.45281250 -0.00047680 / 189 172 0 255 / 0.42823790 0.55735780
				-15.02686000 20.49952000 -15.28007000 / -0.89141180 -0.45319230 -0.00133520 / 189 172 0 255 / 0.42823790 0.55735780
				-15.04504000 20.53538000 -15.32304000 / -0.89578440 -0.44441130 0.00829690 / 189 173 0 255 / 0.32115170 0.67060850
				-15.04504000 20.53538000 -15.32304000 / -0.89160570 -0.45281250 -0.00047680 / 189 173 0 255 / 0.32115170 0.67060850
				-15.93571000 22.28554000 -15.16045000 / -0.88246770 -0.47036970 -0.00171670 / 154 164 0 255 / 0.59828190 0.22448730
				-15.05227000 20.54959000 -15.30986000 / -0.89160570 -0.45281250 -0.00047680 / 187 174 0 255 / 0.27772520 0.63560490
				-15.89735000 22.20979000 -15.74883000 / 0.06828430 -0.13561490 -0.98840580 / 89 96 0 255 / 0.93911730 0.77926640
				-15.05227000 20.54959000 -15.30986000 / -0.89141180 -0.45319230 -0.00133520 / 187 174 0 255 / 0.27772520 0.63560490
				-15.33180000 21.20747000 -15.67949000 / 0.42676900 -0.84514570 -0.32186490 / 102 93 0 255 / 0.63302610 0.99867250
				-15.05227000 20.54959000 -15.30986000 / -0.88719980 -0.46119510 -0.01325600 / 187 174 0 255 / 0.27772520 0.63560490
				-15.02860000 20.50291000 -15.26982000 / -0.89141180 -0.45319230 -0.00133520 / 183 168 0 255 / 0.41806030 0.52995300
				-15.02860000 20.50291000 -15.26982000 / -0.88719980 -0.46119510 -0.01325600 / 183 168 0 255 / 0.41806030 0.52995300
				-15.02860000 20.50291000 -15.26982000 / -0.89197980 -0.45166440 0.01926440 / 183 168 0 255 / 0.41806030 0.52995300
				-15.02860000 20.50291000 -15.26982000 / -0.89256930 -0.45091010 0.00000000 / 183 168 0 255 / 0.41806030 0.52995300
				-15.05794000 20.55996000 -15.29082000 / -0.88719980 -0.46119510 -0.01325600 / 183 165 0 255 / 0.24688720 0.58467100
				-15.93571000 22.28554000 -15.16045000 / -0.90056370 -0.43468910 -0.00553140 / 154 164 0 255 / 0.59828190 0.22448730
				-15.05794000 20.55996000 -15.29082000 / -0.89197980 -0.45166440 0.01926440 / 183 165 0 255 / 0.24688720 0.58467100
				-15.06001000 20.56508000 -15.26640000 / -0.89197980 -0.45166440 0.01926440 / 180 164 0 255 / 0.23240660 0.52061460
				-15.06001000 20.56508000 -15.26640000 / -0.89256930 -0.45091010 0.00000000 / 180 164 0 255 / 0.23240660 0.52061460
				-16.24447000 22.89219000 -15.12921000 / 0.44228540 -0.87541600 -0.19501370 / 27 90 0 255 / 0.93911730 0.77926640
				-15.33180000 21.20747000 -15.67949000 / 0.42695120 -0.84512870 -0.32166770 / 102 93 0 255 / 0.63302610 0.99867250
				-15.06001000 20.56508000 -15.26640000 / -0.89206990 -0.45185240 -0.00638960 / 180 164 0 255 / 0.23240660 0.52061460
				-15.02860000 20.50291000 -15.25566000 / -0.89256930 -0.45091010 0.00000000 / 179 172 0 255 / 0.41712950 0.49130250
				-15.02860000 20.50291000 -15.25566000 / -0.89206990 -0.45185240 -0.00638960 / 179 172 0 255 / 0.41712950 0.49130250
				-15.02860000 20.50291000 -15.25566000 / -0.89206930 -0.45185210 -0.00648500 / 179 172 0 255 / 0.41712950 0.49130250
				-15.02860000 20.50291000 -15.25566000 / -0.89148880 -0.45299230 -0.00677100 / 179 172 0 255 / 0.41712950 0.49130250
				-15.93997000 22.29425000 -15.15117000 / -0.90056370 -0.43468910 -0.00553140 / 148 167 0 255 / 0.57157900 0.19778440
				-15.05923000 20.56315000 -15.23857000 / -0.89206990 -0.45185240 -0.00638960 / 177 170 0 255 / 0.23808290 0.44619750
				-15.05923000 20.56315000 -15.23857000 / -0.89206930 -0.45185210 -0.00648500 / 177 170 0 255 / 0.23808290 0.44619750
				-15.05923000 20.56315000 -15.23857000 / -0.89323230 -0.44957250 0.00457770 / 177 170 0 255 / 0.23808290 0.44619750
				-15.02582000 20.49695000 -15.22197000 / -0.89206930 -0.45185210 -0.00648500 / 179 176 0 255 / 0.43525700 0.40191650
				-15.02582000 20.49695000 -15.22197000 / -0.89148880 -0.45299230 -0.00677100 / 179 176 0 255 / 0.43525700 0.40191650
				-15.36676000 21.16769000 -15.62139000 / 0.42676900 -0.84514570 -0.32186490 / 89 93 0 255 / 0.72724920 0.77926640
				-16.24447000 22.89219000 -15.12921000 / 0.44822580 -0.87356350 -0.18968530 / 27 90 0 255 / 0.93911730 0.77926640
				-15.02582000 20.49695000 -15.22197000 / -0.89323230 -0.44957250 0.00457770 / 179 176 0 255 / 0.43525700 0.40191650
				-15.02582000 20.49695000 -15.22197000 / -0.88777650 -0.45967160 0.02355580 / 179 176 0 255 / 0.43525700 0.40191650
				-15.02582000 20.49695000 -15.22197000 / -0.89138970 -0.45299040 0.01497250 / 179 176 0 255 / 0.43525700 0.40191650
				-15.93997000 22.29425000 -15.15117000 / -0.88520120 -0.46520270 0.00228880 / 148 167 0 255 / 0.57157900 0.19778440
				-15.02582000 20.49695000 -15.22197000 / -0.89015280 -0.45566210 -0.00009540 / 179 176 0 255 / 0.43525700 0.40191650
				-14.96534000 20.37839000 -15.25566000 / -0.89148880 -0.45299230 -0.00677100 / 181 183 0 255 / 0.78912350 0.49130250
				-14.96534000 20.37839000 -15.25566000 / -0.88777650 -0.45967160 0.02355580 / 181 183 0 255 / 0.78912350 0.49130250
				-15.05253000 20.55022000 -15.20000000 / -0.89323230 -0.44957250 0.00457770 / 177 172 0 255 / 0.27648930 0.34376530
				-15.05253000 20.55022000 -15.20000000 / -0.89138970 -0.45299040 0.01497250 / 177 172 0 255 / 0.27648930 0.34376530
				-15.05253000 20.55022000 -15.20000000 / -0.89255960 -0.45090520 -0.00467310 / 177 172 0 255 / 0.27648930 0.34376530
				-15.36676000 21.16769000 -15.62139000 / 0.42695120 -0.84512870 -0.32166770 / 89 93 0 255 / 0.72724920 0.77926640
				-14.96437000 20.37692000 -15.24785000 / -0.88777650 -0.45967160 0.02355580 / 181 181 0 255 / 0.79327390 0.47036740
				-15.85278000 22.23224000 -15.74883000 / 0.06828430 -0.13561490 -0.98840580 / 100 97 0 255 / 0.93911730 0.99867250
				-14.96437000 20.37692000 -15.24785000 / -0.89015280 -0.45566210 -0.00009540 / 181 181 0 255 / 0.79327390 0.47036740
				-15.94642000 22.30654000 -15.14531000 / -0.88520120 -0.46520270 0.00228880 / 133 168 0 255 / 0.53324890 0.18168640
				-14.96437000 20.37692000 -15.24785000 / -0.88976240 -0.45642050 0.00181190 / 181 181 0 255 / 0.79327390 0.47036740
				-15.02312000 20.49210000 -15.20781000 / -0.89138970 -0.45299040 0.01497250 / 179 174 0 255 / 0.45042420 0.36413570
				-15.02312000 20.49210000 -15.20781000 / -0.89255960 -0.45090520 -0.00467310 / 179 174 0 255 / 0.45042420 0.36413570
				-15.02312000 20.49210000 -15.20781000 / -0.89024990 -0.45547230 0.00057220 / 179 174 0 255 / 0.45042420 0.36413570
				-14.99423000 20.43525000 -15.22197000 / -0.89015280 -0.45566210 -0.00009540 / 181 177 0 255 / 0.61883540 0.40191650
				-14.99423000 20.43525000 -15.22197000 / -0.88976240 -0.45642050 0.00181190 / 181 177 0 255 / 0.61883540 0.40191650
				-14.99423000 20.43525000 -15.22197000 / -0.88985500 -0.45622830 0.00371930 / 181 177 0 255 / 0.61883540 0.40191650
				-15.36676000 21.16769000 -15.62139000 / 0.44981340 -0.89047220 -0.06875460 / 89 93 0 255 / 0.72724920 0.77926640
				-15.04078000 20.52666000 -15.16971000 / -0.89255960 -0.45090520 -0.00467310 / 180 177 0 255 / 0.34693910 0.26293950
				-15.04078000 20.52666000 -15.16971000 / -0.89024990 -0.45547230 0.00057220 / 180 177 0 255 / 0.34693910 0.26293950
				-15.94642000 22.30654000 -15.14531000 / -0.89063520 -0.45471130 -0.00257490 / 133 168 0 255 / 0.53324890 0.18168640
				-15.91630000 22.24757000 -15.67657000 / 0.33903730 -0.67120800 0.65919150 / 68 133 0 255 / 0.58178710 0.77926640
				-15.04078000 20.52666000 -15.16971000 / -0.89281950 -0.45031980 -0.00925050 / 180 177 0 255 / 0.34693910 0.26293950
				-15.04078000 20.52666000 -15.16971000 / -0.89179820 -0.45243190 -0.00114440 / 180 177 0 255 / 0.34693910 0.26293950
				-14.96289000 20.37416000 -15.21513000 / -0.88976240 -0.45642050 0.00181190 / 181 174 0 255 / 0.80252080 0.38385010
				-14.96289000 20.37416000 -15.21513000 / -0.88985500 -0.45622830 0.00371930 / 181 174 0 255 / 0.80252080 0.38385010
				-14.96289000 20.37416000 -15.21513000 / -0.89015280 -0.45566210 -0.00019070 / 181 174 0 255 / 0.80252080 0.38385010
				-15.01964000 20.48531000 -15.19756000 / -0.89024990 -0.45547230 0.00057220 / 181 178 0 255 / 0.46963500 0.33697510
				-15.01964000 20.48531000 -15.19756000 / -0.89281950 -0.45031980 -0.00925050 / 181 178 0 255 / 0.46963500 0.33697510
				-16.00014000 22.52091000 -15.30010000 / 0.29401480 -0.57296160 -0.76502970 / 41 104 0 255 / 0.93911730 0.99867250
				-14.99449000 20.43589000 -15.20439000 / -0.88985500 -0.45622830 0.00371930 / 182 170 0 255 / 0.61791990 0.35594180
				-15.94642000 22.30654000 -15.14531000 / -0.89063520 -0.45471130 -0.00257490 / 133 168 0 255 / 0.53324890 0.18168640
				-14.99449000 20.43589000 -15.20439000 / -0.89015280 -0.45566210 -0.00019070 / 182 170 0 255 / 0.61791990 0.35594180
				-14.99449000 20.43589000 -15.20439000 / -0.88786180 -0.45966630 -0.02021770 / 182 170 0 255 / 0.61791990 0.35594180
				-15.91630000 22.24757000 -15.67657000 / 0.33492560 -0.65268520 0.67957850 / 68 133 0 255 / 0.58178710 0.77926640
				-14.99449000 20.43589000 -15.20439000 / -0.89759950 -0.44059810 0.01373290 / 182 170 0 255 / 0.61791990 0.35594180
				-14.99449000 20.43589000 -15.20439000 / -0.89179330 -0.45242940 0.00352860 / 182 170 0 255 / 0.61791990 0.35594180
				-15.01364000 20.47321000 -15.18779000 / -0.89281950 -0.45031980 -0.00925050 / 179 181 0 255 / 0.50585940 0.31079100
				-15.01364000 20.47321000 -15.18779000 / -0.89179820 -0.45243190 -0.00114440 / 179 181 0 255 / 0.50585940 0.31079100
				-15.01364000 20.47321000 -15.18779000 / -0.88157670 -0.47187810 0.01239780 / 179 181 0 255 / 0.50585940 0.31079100
				-14.96464000 20.37757000 -15.18926000 / -0.89015280 -0.45566210 -0.00019070 / 181 168 0 255 / 0.79252630 0.31527710
				-15.32284000 21.18988000 -15.62139000 / 0.42695120 -0.84512870 -0.32166770 / 79 100 0 255 / 0.72724920 0.99867250
				-15.94642000 22.30654000 -15.14531000 / -0.88995160 -0.45603820 -0.00391000 / 133 168 0 255 / 0.53324890 0.18168640
				-14.96464000 20.37757000 -15.18926000 / -0.88786180 -0.45966630 -0.02021770 / 181 168 0 255 / 0.79252630 0.31527710
				-15.02434000 20.49421000 -15.14970000 / -0.89179820 -0.45243190 -0.00114440 / 178 182 0 255 / 0.44377130 0.21041870
				-15.02434000 20.49421000 -15.14970000 / -0.88157670 -0.47187810 0.01239780 / 178 182 0 255 / 0.44377130 0.21041870
				-15.02434000 20.49421000 -15.14970000 / -0.88817620 -0.45949030 -0.00343330 / 178 182 0 255 / 0.44377130 0.21041870
				-15.91630000 22.24757000 -15.67657000 / 0.45497970 -0.88669070 0.08229880 / 68 133 0 255 / 0.58178710 0.77926640
				-14.96979000 20.38665000 -15.16972000 / -0.88786180 -0.45966630 -0.02021770 / 182 171 0 255 / 0.76434320 0.26272580
				-14.96979000 20.38665000 -15.16972000 / -0.89759950 -0.44059810 0.01373290 / 182 171 0 255 / 0.76434320 0.26272580
				-15.00622000 20.45944000 -15.18437000 / -0.88157670 -0.47187810 0.01239780 / 179 180 0 255 / 0.54748540 0.30201720
				-15.00622000 20.45944000 -15.18437000 / -0.88817620 -0.45949030 -0.00343330 / 179 180 0 255 / 0.54748540 0.30201720
				-15.00622000 20.45944000 -15.18437000 / -0.90521500 -0.42495130 0.00143050 / 179 180 0 255 / 0.54748540 0.30201720
				-15.96660000 22.34642000 -15.20684000 / -0.89063520 -0.45471130 -0.00257490 / 129 164 0 255 / 0.40913390 0.35260010
				-15.32284000 21.18988000 -15.62139000 / 0.44981340 -0.89047220 -0.06875460 / 79 100 0 255 / 0.72724920 0.99867250
				-14.97707000 20.40196000 -15.15507000 / -0.89759950 -0.44059810 0.01373290 / 184 169 0 255 / 0.71900940 0.22428890
				-14.97707000 20.40196000 -15.15507000 / -0.89179330 -0.45242940 0.00352860 / 184 169 0 255 / 0.71900940 0.22428890
				-14.97707000 20.40196000 -15.15507000 / -0.89227010 -0.45147570 0.00486380 / 184 169 0 255 / 0.71900940 0.22428890
				-15.00397000 20.45478000 -15.14335000 / -0.88817620 -0.45949030 -0.00343330 / 182 176 0 255 / 0.56134030 0.19291690
				-15.00397000 20.45478000 -15.14335000 / -0.90521500 -0.42495130 0.00143050 / 182 176 0 255 / 0.56134030 0.19291690
				-15.91360000 22.24270000 -15.68292000 / 0.33903730 -0.67120800 0.65919150 / 41 136 0 255 / 0.56410220 0.77926640
				-15.00397000 20.45478000 -15.14335000 / -0.87618480 -0.48182060 0.01220760 / 182 176 0 255 / 0.56134030 0.19291690
				-15.00397000 20.45478000 -15.14335000 / -0.88966330 -0.45660930 0.00267020 / 182 176 0 255 / 0.56134030 0.19291690
				-14.99648000 20.43991000 -15.19315000 / -0.89179330 -0.45242940 0.00352860 / 184 172 0 255 / 0.60494990 0.32516480
				-15.96660000 22.34642000 -15.20684000 / -0.88762060 -0.45930810 0.03414290 / 129 164 0 255 / 0.40913390 0.35260010
				-14.99648000 20.43991000 -15.19315000 / -0.87618480 -0.48182060 0.01220760 / 184 172 0 255 / 0.60494990 0.32516480
				-15.32284000 21.18988000 -15.62139000 / 0.44973140 -0.89049880 -0.06894740 / 79 100 0 255 / 0.72724920 0.99867250
				-14.99648000 20.43991000 -15.19315000 / -0.89227010 -0.45147570 0.00486380 / 184 172 0 255 / 0.60494990 0.32516480
				-14.99648000 20.43991000 -15.19315000 / -0.88966330 -0.45660930 0.00267020 / 184 172 0 255 / 0.60494990 0.32516480
				-15.00093000 20.44818000 -15.18632000 / -0.90521500 -0.42495130 0.00143050 / 182 170 0 255 / 0.58108520 0.30780030
				-15.00093000 20.44818000 -15.18632000 / -0.87618480 -0.48182060 0.01220760 / 182 170 0 255 / 0.58108520 0.30780030
				-14.98830000 20.42424000 -15.14628000 / -0.89227010 -0.45147570 0.00486380 / 185 175 0 255 / 0.65264890 0.20075990
				-14.98830000 20.42424000 -15.14628000 / -0.88966330 -0.45660930 0.00267020 / 185 175 0 255 / 0.65264890 0.20075990
				-15.86968000 22.26488000 -15.68292000 / 0.33903730 -0.67120800 0.65919150 / 52 127 0 255 / 0.56410220 0.99867250
				-15.89735000 22.20979000 -15.74883000 / -0.89863650 -0.43868490 0.00286100 / 125 173 0 255 / 0.64360040 0.65519710
				-15.96660000 22.34642000 -15.20684000 / -0.89063520 -0.45471130 -0.00257490 / 129 164 0 255 / 0.40913390 0.35260010
				-15.89735000 22.20979000 -15.74883000 / -0.89380500 -0.44842840 0.00495920 / 125 173 0 255 / 0.64360040 0.65519710
				-15.89412000 22.20364000 -15.67852000 / -0.89863650 -0.43868490 0.00286100 / 122 170 0 255 / 0.65536500 0.53059390
				-15.36502000 21.16431000 -15.56621000 / 0.44981340 -0.89047220 -0.06875460 / 82 124 0 255 / 0.81629940 0.77926640
				-15.90264000 22.22106000 -15.68341000 / -0.89863650 -0.43868490 0.00286100 / 128 174 0 255 / 0.62133790 0.53919980
				-15.90264000 22.22106000 -15.68341000 / -0.89380500 -0.44842840 0.00495920 / 128 174 0 255 / 0.62133790 0.53919980
				-15.90264000 22.22106000 -15.68341000 / -0.88559900 -0.46444830 -0.00152590 / 128 174 0 255 / 0.62133790 0.53919980
				-15.91431000 22.24354000 -15.75469000 / -0.89380500 -0.44842840 0.00495920 / 138 178 0 255 / 0.57611080 0.66616820
				-15.91431000 22.24354000 -15.75469000 / -0.88559900 -0.46444830 -0.00152590 / 138 178 0 255 / 0.57611080 0.66616820
				-15.91431000 22.24354000 -15.75469000 / -0.90010720 -0.43565260 0.00371950 / 138 178 0 255 / 0.57611080 0.66616820
				-15.91431000 22.24354000 -15.75469000 / -0.89053600 -0.45490010 0.00343320 / 138 178 0 255 / 0.57611080 0.66616820
				-15.96583000 22.34449000 -15.21270000 / -0.88762060 -0.45930810 0.03414290 / 126 162 0 255 / 0.41419980 0.36976620
				-15.86968000 22.26488000 -15.68292000 / 0.33492560 -0.65268520 0.67957850 / 52 127 0 255 / 0.56410220 0.99867250
				-15.90908000 22.23336000 -15.68487000 / -0.88559900 -0.46444830 -0.00152590 / 139 177 0 255 / 0.59655760 0.54206850
				-15.90908000 22.23336000 -15.68487000 / -0.90010720 -0.43565260 0.00371950 / 139 177 0 255 / 0.59655760 0.54206850
				-15.36502000 21.16431000 -15.56621000 / 0.44973140 -0.89049880 -0.06894740 / 82 124 0 255 / 0.81629940 0.77926640
				-15.91360000 22.24270000 -15.68292000 / -0.90010720 -0.43565260 0.00371950 / 148 177 0 255 / 0.57824700 0.53831480
				-15.91360000 22.24270000 -15.68292000 / -0.89053600 -0.45490010 0.00343320 / 148 177 0 255 / 0.57824700 0.53831480
				-15.91360000 22.24270000 -15.68292000 / -0.87883680 -0.47704190 -0.00877410 / 148 177 0 255 / 0.57824700 0.53831480
				-15.93024000 22.27472000 -15.75713000 / -0.89053600 -0.45490010 0.00343320 / 152 174 0 255 / 0.51460270 0.66983030
				-15.93024000 22.27472000 -15.75713000 / -0.87883680 -0.47704190 -0.00877410 / 152 174 0 255 / 0.51460270 0.66983030
				-15.93024000 22.27472000 -15.75713000 / -0.89227860 -0.45148000 0.00219350 / 152 174 0 255 / 0.51460270 0.66983030
				-15.96583000 22.34449000 -15.21270000 / -0.88978620 -0.45261790 -0.05846080 / 126 162 0 255 / 0.41419980 0.36976620
				-15.91630000 22.24757000 -15.67657000 / -0.87883680 -0.47704190 -0.00877410 / 157 177 0 255 / 0.56820680 0.52706910
				-15.91630000 22.24757000 -15.67657000 / -0.89227860 -0.45148000 0.00219350 / 157 177 0 255 / 0.56820680 0.52706910
				-15.87219000 22.27020000 -15.67657000 / 0.33492560 -0.65268520 0.67957850 / 84 134 0 255 / 0.58178710 0.99867250
				-15.91630000 22.24757000 -15.67657000 / -0.89399490 -0.44804650 0.00524530 / 157 177 0 255 / 0.56820680 0.52706910
				-15.36502000 21.16431000 -15.56621000 / 0.43384280 -0.85910220 0.27152130 / 82 124 0 255 / 0.81629940 0.77926640
				-15.91630000 22.24757000 -15.67657000 / -0.88791450 -0.45988440 -0.01068170 / 157 177 0 255 / 0.56820680 0.52706910
				-15.91630000 22.24757000 -15.67657000 / -0.89063780 -0.45471260 -0.00095370 / 157 177 0 255 / 0.56820680 0.52706910
				-15.91630000 22.24757000 -15.67657000 / -0.89159600 -0.45280760 0.00467300 / 157 177 0 255 / 0.56820680 0.52706910
				-15.91630000 22.24757000 -15.67657000 / -0.89168200 -0.45261200 0.00677110 / 157 177 0 255 / 0.56820680 0.52706910
				-15.94494000 22.30378000 -15.75469000 / -0.89227860 -0.45148000 0.00219350 / 160 173 0 255 / 0.45646670 0.66551210
				-15.96834000 22.34981000 -15.20196000 / -0.89063520 -0.45471130 -0.00257490 / 130 168 0 255 / 0.39878840 0.33911130
				-15.94494000 22.30378000 -15.75469000 / -0.89399490 -0.44804650 0.00524530 / 160 173 0 255 / 0.45646670 0.66551210
				-15.95467000 22.32330000 -15.74737000 / -0.89399490 -0.44804650 0.00524530 / 167 177 0 255 / 0.41796880 0.65258790
				-15.95467000 22.32330000 -15.74737000 / -0.88791450 -0.45988440 -0.01068170 / 167 177 0 255 / 0.41796880 0.65258790
				-15.96086000 22.33496000 -15.73516000 / -0.88791450 -0.45988440 -0.01068170 / 165 178 0 255 / 0.39436340 0.63087460
				-15.87219000 22.27020000 -15.67657000 / 0.45497970 -0.88669070 0.08229880 / 84 134 0 255 / 0.58178710 0.99867250
				-15.32110000 21.18648000 -15.56621000 / 0.44973140 -0.89049880 -0.06894740 / 87 135 0 255 / 0.81629940 0.99867250
				-15.96086000 22.33496000 -15.73516000 / -0.89063780 -0.45471260 -0.00095370 / 165 178 0 255 / 0.39436340 0.63087460
				-15.96435000 22.34174000 -15.71758000 / -0.89063780 -0.45471260 -0.00095370 / 154 179 0 255 / 0.38095090 0.60020450
				-15.96435000 22.34174000 -15.71758000 / -0.89159600 -0.45280760 0.00467300 / 154 179 0 255 / 0.38095090 0.60020450
				-15.96486000 22.34302000 -15.69170000 / -0.89159600 -0.45280760 0.00467300 / 141 186 0 255 / 0.37870790 0.55418400
				-15.96834000 22.34981000 -15.20196000 / -0.88995160 -0.45603820 -0.00391000 / 130 168 0 255 / 0.39878840 0.33911130
				-15.96486000 22.34302000 -15.69170000 / -0.89168200 -0.45261200 0.00677110 / 141 186 0 255 / 0.37870790 0.55418400
				-15.96486000 22.34302000 -15.69170000 / -0.89062840 -0.45470780 -0.00467300 / 141 186 0 255 / 0.37870790 0.55418400
				-15.91656000 22.24821000 -15.66827000 / -0.89168200 -0.45261200 0.00677110 / 133 186 0 255 / 0.56681820 0.51228330
				-15.91656000 22.24821000 -15.66827000 / -0.89062840 -0.45470780 -0.00467300 / 133 186 0 255 / 0.56681820 0.51228330
				-15.91656000 22.24821000 -15.66827000 / -0.89103220 -0.45376550 -0.01258870 / 133 186 0 255 / 0.56681820 0.51228330
				-15.96235000 22.33771000 -15.65362000 / -0.89062840 -0.45470780 -0.00467300 / 123 186 0 255 / 0.38858030 0.48637390
				-15.32110000 21.18648000 -15.56621000 / 0.43384280 -0.85910220 0.27152130 / 87 135 0 255 / 0.81629940 0.99867250
				-15.87219000 22.27020000 -15.67657000 / 0.45496180 -0.88665580 0.08277230 / 84 134 0 255 / 0.58178710 0.99867250
				-15.96235000 22.33771000 -15.65362000 / -0.89103220 -0.45376550 -0.01258870 / 123 186 0 255 / 0.38858030 0.48637390
				-15.96235000 22.33771000 -15.65362000 / -0.89111830 -0.45376080 0.00305180 / 123 186 0 255 / 0.38858030 0.48637390
				-15.96834000 22.34981000 -15.20196000 / -0.88936530 -0.45717530 -0.00448210 / 130 168 0 255 / 0.39878840 0.33911130
				-15.91579000 22.24629000 -15.65411000 / -0.89103220 -0.45376550 -0.01258870 / 118 183 0 255 / 0.57040410 0.48736570
				-15.91579000 22.24629000 -15.65411000 / -0.89111830 -0.45376080 0.00305180 / 118 183 0 255 / 0.57040410 0.48736570
				-15.91579000 22.24629000 -15.65411000 / -0.89276160 -0.45052940 0.00009540 / 118 183 0 255 / 0.57040410 0.48736570
				-15.95293000 22.31992000 -15.54863000 / -0.89111830 -0.45376080 0.00305180 / 119 172 0 255 / 0.42474360 0.29994200
				-15.95293000 22.31992000 -15.54863000 / -0.89276160 -0.45052940 0.00009540 / 119 172 0 255 / 0.42474360 0.29994200
				-15.95293000 22.31992000 -15.54863000 / -0.88508890 -0.46538450 0.00591270 / 119 172 0 255 / 0.42474360 0.29994200
				-15.95293000 22.31992000 -15.54863000 / -0.89352820 -0.44900530 -0.00123980 / 119 172 0 255 / 0.42474360 0.29994200
				-15.32110000 21.18648000 -15.56621000 / 0.43403500 -0.85891440 0.27180840 / 87 135 0 255 / 0.81629940 0.99867250
				-15.95293000 22.31992000 -15.54863000 / -0.89276040 -0.45052880 -0.00162130 / 119 172 0 255 / 0.42474360 0.29994200
				-15.91656000 22.24821000 -15.66827000 / 0.45497970 -0.88669070 0.08229880 / 98 137 0 255 / 0.60505690 0.77926640
				-15.96834000 22.34981000 -15.20196000 / -0.90048470 -0.43488780 0.00009540 / 130 168 0 255 / 0.39878840 0.33911130
				-15.90657000 22.22805000 -15.54864000 / -0.89276160 -0.45052940 0.00009540 / 119 171 0 255 / 0.60678100 0.29994200
				-15.90657000 22.22805000 -15.54864000 / -0.89276040 -0.45052880 -0.00162130 / 119 171 0 255 / 0.60678100 0.29994200
				-15.90657000 22.22805000 -15.54864000 / -0.89111660 -0.45375990 0.00362400 / 119 171 0 255 / 0.60678100 0.29994200
				-15.90657000 22.22805000 -15.54864000 / -0.88917570 -0.45755740 0.00276560 / 119 171 0 255 / 0.60678100 0.29994200
				-15.96390000 22.34156000 -15.48614000 / -0.88508890 -0.46538450 0.00591270 / 121 161 0 255 / 0.38154600 0.18945310
				-15.96390000 22.34156000 -15.48614000 / -0.89352820 -0.44900530 -0.00123980 / 121 161 0 255 / 0.38154600 0.18945310
				-15.97054000 22.35340000 -15.54864000 / -0.88508890 -0.46538450 0.00591270 / 121 169 0 255 / 0.35762020 0.29994200
				-15.94694000 22.30781000 -15.48613000 / -0.89352820 -0.44900530 -0.00123980 / 120 165 0 255 / 0.44868470 0.18945310
				-15.37076000 21.17576000 -15.52080000 / 0.43384280 -0.85910220 0.27152130 / 98 156 0 255 / 0.88980100 0.77926640
				-15.94694000 22.30781000 -15.48613000 / -0.89276040 -0.45052880 -0.00162130 / 120 165 0 255 / 0.44868470 0.18945310
				-16.02509000 22.57078000 -15.14337000 / -0.06465890 0.12607540 0.98991120 / 26 187 0 255 / 0.74649050 0.99867250
				-15.94694000 22.30781000 -15.48613000 / -0.89111660 -0.45375990 0.00362400 / 120 165 0 255 / 0.44868470 0.18945310
				-15.91656000 22.24821000 -15.66827000 / 0.45496180 -0.88665580 0.08277230 / 98 137 0 255 / 0.60505690 0.77926640
				-15.94694000 22.30781000 -15.48613000 / -0.89112220 -0.45376280 -0.00085830 / 120 165 0 255 / 0.44868470 0.18945310
				-15.90038000 22.21639000 -15.48614000 / -0.89111660 -0.45375990 0.00362400 / 120 165 0 255 / 0.63070680 0.18945310
				-15.90038000 22.21639000 -15.48614000 / -0.89112220 -0.45376280 -0.00085830 / 120 165 0 255 / 0.63070680 0.18945310
				-15.90038000 22.21639000 -15.48614000 / -0.89054110 -0.45490260 0.00038150 / 120 165 0 255 / 0.63070680 0.18945310
				-15.90038000 22.21639000 -15.48614000 / -0.88917570 -0.45755740 0.00276560 / 120 165 0 255 / 0.63070680 0.18945310
				-15.90038000 22.21639000 -15.48614000 / -0.89218280 -0.45167050 -0.00190740 / 120 165 0 255 / 0.63070680 0.18945310
				-15.93945000 22.29296000 -15.40459000 / -0.89112220 -0.45376280 -0.00085830 / 118 169 0 255 / 0.47805790 0.04498290
				-15.37076000 21.17576000 -15.52080000 / 0.43403500 -0.85891440 0.27180840 / 98 156 0 255 / 0.88980100 0.77926640
				-16.02509000 22.57078000 -15.14337000 / -0.06465890 0.12607540 0.98991120 / 26 187 0 255 / 0.74649050 0.99867250
				-15.93945000 22.29296000 -15.40459000 / -0.89054110 -0.45490260 0.00038150 / 118 169 0 255 / 0.47805790 0.04498290
				-15.89341000 22.20282000 -15.40361000 / -0.89054110 -0.45490260 0.00038150 / 117 173 0 255 / 0.65794370 0.04324340
				-15.88071000 22.17780000 -15.54863000 / -0.88917570 -0.45755740 0.00276560 / 122 157 0 255 / 0.70747370 0.29994200
				-15.91656000 22.24821000 -15.66827000 / 0.45182950 -0.88039040 -0.14409340 / 98 137 0 255 / 0.60505690 0.77926640
				-15.88071000 22.17780000 -15.54863000 / -0.89218280 -0.45167050 -0.00190740 / 122 157 0 255 / 0.70747370 0.29994200
				-15.87472000 22.16569000 -15.48614000 / -0.89218280 -0.45167050 -0.00190740 / 123 154 0 255 / 0.73141480 0.18945310
				-15.59310000 21.61249000 -15.66778000 / -0.89063360 -0.45471040 -0.00324250 / 161 165 0 255 / 0.44996640 0.51139830
				-15.59310000 21.61249000 -15.66778000 / -0.89179540 -0.45243050 0.00276570 / 161 165 0 255 / 0.44996640 0.51139830
				-15.63566000 21.69584000 -15.66582000 / -0.89063360 -0.45471040 -0.00324250 / 163 163 0 255 / 0.28396610 0.50817870
				-15.63444000 21.69373000 -15.70537000 / -0.89063360 -0.45471040 -0.00324250 / 158 163 0 255 / 0.28825380 0.57832340
				-16.02509000 22.57078000 -15.14337000 / 0.03929110 -0.07648410 0.99629630 / 26 187 0 255 / 0.74649050 0.99867250
				-15.37076000 21.17576000 -15.52080000 / 0.32499410 -0.64312200 0.69337790 / 98 156 0 255 / 0.88980100 0.77926640
				-15.63444000 21.69373000 -15.70537000 / -0.89179540 -0.45243050 0.00276570 / 158 163 0 255 / 0.28825380 0.57832340
				-15.63444000 21.69373000 -15.70537000 / -0.89131450 -0.45338210 -0.00181200 / 158 163 0 255 / 0.28825380 0.57832340
				-15.59111000 21.60846000 -15.68340000 / -0.89179540 -0.45243050 0.00276570 / 150 168 0 255 / 0.45779420 0.53907780
				-15.59111000 21.60846000 -15.68340000 / -0.89131450 -0.45338210 -0.00181200 / 150 168 0 255 / 0.45779420 0.53907780
				-15.87246000 22.27084000 -15.66827000 / 0.45496180 -0.88665580 0.08277230 / 105 132 0 255 / 0.60505690 0.99867250
				-15.59111000 21.60846000 -15.68340000 / -0.89092520 -0.45414110 -0.00286100 / 150 168 0 255 / 0.45779420 0.53907780
				-15.59111000 21.60846000 -15.68340000 / -0.89034090 -0.45527930 -0.00371930 / 150 168 0 255 / 0.45779420 0.53907780
				-15.59111000 21.60846000 -15.68340000 / -0.89795270 -0.44001210 -0.00839210 / 150 168 0 255 / 0.45779420 0.53907780
				-15.62747000 21.68017000 -15.73613000 / -0.89131450 -0.45338210 -0.00181200 / 148 164 0 255 / 0.31549070 0.63293460
				-15.96564000 22.34494000 -15.21905000 / -0.88978620 -0.45261790 -0.05846080 / 128 174 0 255 / 0.41366580 0.38699340
				-15.62747000 21.68017000 -15.73613000 / -0.89092520 -0.45414110 -0.00286100 / 148 164 0 255 / 0.31549070 0.63293460
				-15.32684000 21.19795000 -15.52080000 / 0.43403500 -0.85891440 0.27180840 / 104 152 0 255 / 0.88980100 0.99867250
				-15.60981000 21.64560000 -15.75175000 / -0.89092520 -0.45414110 -0.00286100 / 146 171 0 255 / 0.38381960 0.66059870
				-15.60981000 21.64560000 -15.75175000 / -0.89034090 -0.45527930 -0.00371930 / 146 171 0 255 / 0.38381960 0.66059870
				-15.58170000 21.59067000 -15.75713000 / -0.89034090 -0.45527930 -0.00371930 / 146 175 0 255 / 0.49333190 0.66983030
				-15.58170000 21.59067000 -15.75713000 / -0.89795270 -0.44001210 -0.00839210 / 146 175 0 255 / 0.49333190 0.66983030
				-15.58170000 21.59067000 -15.75713000 / -0.87711440 -0.48028140 0.00009540 / 146 175 0 255 / 0.49333190 0.66983030
				-15.87246000 22.27084000 -15.66827000 / 0.45182950 -0.88039040 -0.14409340 / 105 132 0 255 / 0.60505690 0.99867250
				-15.58170000 21.59067000 -15.75713000 / -0.89314560 -0.44976770 0.00009540 / 146 175 0 255 / 0.49333190 0.66983030
				-15.58170000 21.59067000 -15.75713000 / -0.89751070 -0.44098280 0.00295640 / 146 175 0 255 / 0.49333190 0.66983030
				-15.96564000 22.34494000 -15.21905000 / -0.89158960 -0.45280430 -0.00600810 / 128 174 0 255 / 0.41366580 0.38699340
				-15.58737000 21.60103000 -15.69366000 / -0.89795270 -0.44001210 -0.00839210 / 147 174 0 255 / 0.47193910 0.55755620
				-15.58737000 21.60103000 -15.69366000 / -0.87711440 -0.48028140 0.00009540 / 147 174 0 255 / 0.47193910 0.55755620
				-15.32684000 21.19795000 -15.52080000 / 0.32499410 -0.64312200 0.69337790 / 104 152 0 255 / 0.88980100 0.99867250
				-15.58169000 21.59066000 -15.69952000 / -0.87711440 -0.48028140 0.00009540 / 145 178 0 255 / 0.49333190 0.56797790
				-15.58169000 21.59066000 -15.69952000 / -0.89314560 -0.44976770 0.00009540 / 145 178 0 255 / 0.49333190 0.56797790
				-15.57421000 21.57581000 -15.70146000 / -0.89314560 -0.44976770 0.00009540 / 146 178 0 255 / 0.52282720 0.57145690
				-15.57421000 21.57581000 -15.70146000 / -0.89751070 -0.44098280 0.00295640 / 146 178 0 255 / 0.52282720 0.57145690
				-15.57421000 21.57581000 -15.70146000 / -0.89732190 -0.44136530 0.00314720 / 146 178 0 255 / 0.52282720 0.57145690
				-15.56092000 21.54841000 -15.75371000 / -0.89751070 -0.44098280 0.00295640 / 149 176 0 255 / 0.57691950 0.66413880
				-15.87246000 22.27084000 -15.66827000 / 0.45183570 -0.88040260 -0.14400000 / 105 132 0 255 / 0.60505690 0.99867250
				-15.96564000 22.34494000 -15.21905000 / -0.88891070 -0.45775900 0.01716600 / 128 174 0 255 / 0.41366580 0.38699340
				-15.56092000 21.54841000 -15.75371000 / -0.89732190 -0.44136530 0.00314720 / 149 176 0 255 / 0.57691950 0.66413880
				-15.56092000 21.54841000 -15.75371000 / -0.88982090 -0.45625970 0.00677140 / 149 176 0 255 / 0.57691950 0.66413880
				-15.56595000 21.55904000 -15.69951000 / -0.89732190 -0.44136530 0.00314720 / 153 175 0 255 / 0.55615240 0.56758120
				-15.32684000 21.19795000 -15.52080000 / 0.32731160 -0.63783790 0.69715840 / 104 152 0 255 / 0.88980100 0.99867250
				-15.56595000 21.55904000 -15.69951000 / -0.88982090 -0.45625970 0.00677140 / 153 175 0 255 / 0.55615240 0.56758120
				-15.56595000 21.55904000 -15.69951000 / -0.89072580 -0.45451810 0.00457760 / 153 175 0 255 / 0.55615240 0.56758120
				-15.54377000 21.51512000 -15.74394000 / -0.88982090 -0.45625970 0.00677140 / 159 168 0 255 / 0.64347840 0.64706420
				-15.54377000 21.51512000 -15.74394000 / -0.89072580 -0.45451810 0.00457760 / 159 168 0 255 / 0.64347840 0.64706420
				-15.54377000 21.51512000 -15.74394000 / -0.88923630 -0.45739780 0.00677130 / 159 168 0 255 / 0.64347840 0.64706420
				-15.55899000 21.54546000 -15.69268000 / -0.89072580 -0.45451810 0.00457760 / 166 165 0 255 / 0.58279420 0.55598450
				-15.95512000 22.32350000 -15.14336000 / -0.88995160 -0.45603820 -0.00391000 / 129 169 0 255 / 0.48019410 0.17633060
				-15.55899000 21.54546000 -15.69268000 / -0.88923630 -0.45739780 0.00677130 / 166 165 0 255 / 0.58279420 0.55598450
				-15.91579000 22.24629000 -15.65411000 / 0.45182950 -0.88039040 -0.14409340 / 107 128 0 255 / 0.64425660 0.77926640
				-15.55899000 21.54546000 -15.69268000 / -0.89825170 -0.43849250 -0.02946810 / 166 165 0 255 / 0.58279420 0.55598450
				-15.53036000 21.48926000 -15.72930000 / -0.88923630 -0.45739780 0.00677130 / 173 162 0 255 / 0.69515990 0.62039190
				-15.38417000 21.20162000 -15.49053000 / 0.32499410 -0.64312200 0.69337790 / 104 162 0 255 / 0.93911730 0.77926640
				-15.53036000 21.48926000 -15.72930000 / -0.89825170 -0.43849250 -0.02946810 / 173 162 0 255 / 0.69515990 0.62039190
				-15.53036000 21.48926000 -15.72930000 / -0.88827930 -0.45930350 -0.00047690 / 173 162 0 255 / 0.69515990 0.62039190
				-15.55570000 21.53823000 -15.68535000 / -0.89825170 -0.43849250 -0.02946810 / 174 162 0 255 / 0.59715270 0.54302980
				-15.55570000 21.53823000 -15.68535000 / -0.88827930 -0.45930350 -0.00047690 / 174 162 0 255 / 0.59715270 0.54302980
				-15.55570000 21.53823000 -15.68535000 / -0.88350650 -0.46750310 0.02927860 / 174 162 0 255 / 0.59715270 0.54302980
				-15.95512000 22.32350000 -15.14336000 / -0.88936530 -0.45717530 -0.00448210 / 129 169 0 255 / 0.48019410 0.17633060
				-15.52017000 21.46953000 -15.70976000 / -0.88827930 -0.45930350 -0.00047690 / 175 161 0 255 / 0.73411560 0.58586120
				-15.52017000 21.46953000 -15.70976000 / -0.88350650 -0.46750310 0.02927860 / 175 161 0 255 / 0.73411560 0.58586120
				-15.52017000 21.46953000 -15.70976000 / -0.89223070 -0.45145580 -0.01058550 / 175 161 0 255 / 0.73411560 0.58586120
				-15.91579000 22.24629000 -15.65411000 / 0.45183570 -0.88040260 -0.14400000 / 107 128 0 255 / 0.64425660 0.77926640
				-15.55351000 21.53464000 -15.67657000 / -0.88350650 -0.46750310 0.02927860 / 176 158 0 255 / 0.60426330 0.52722170
				-15.38417000 21.20162000 -15.49053000 / 0.32731160 -0.63783790 0.69715840 / 104 162 0 255 / 0.93911730 0.77926640
				-15.55351000 21.53464000 -15.67657000 / -0.89223070 -0.45145580 -0.01058550 / 176 158 0 255 / 0.60426330 0.52722170
				-15.55351000 21.53464000 -15.67657000 / -0.89285930 -0.44957690 -0.02613150 / 176 158 0 255 / 0.60426330 0.52722170
				-15.51366000 21.45616000 -15.68779000 / -0.89223070 -0.45145580 -0.01058550 / 176 157 0 255 / 0.76062010 0.54685970
				-15.51366000 21.45616000 -15.68779000 / -0.89285930 -0.44957690 -0.02613150 / 176 157 0 255 / 0.76062010 0.54685970
				-15.93526000 22.28534000 -15.23516000 / -0.89158960 -0.45280430 -0.00600810 / 131 178 0 255 / 0.59947200 0.43182370
				-15.51366000 21.45616000 -15.68779000 / -0.89053960 -0.45490190 -0.00190730 / 176 157 0 255 / 0.76062010 0.54685970
				-15.55422000 21.53547000 -15.66680000 / -0.89285930 -0.44957690 -0.02613150 / 174 169 0 255 / 0.60261540 0.50996400
				-15.55422000 21.53547000 -15.66680000 / -0.89053960 -0.45490190 -0.00190730 / 174 169 0 255 / 0.60261540 0.50996400
				-15.55422000 21.53547000 -15.66680000 / -0.89053770 -0.45490100 -0.00276560 / 174 169 0 255 / 0.60261540 0.50996400
				-15.55422000 21.53547000 -15.66680000 / -0.89167370 -0.45260790 0.00801080 / 174 169 0 255 / 0.60261540 0.50996400
				-15.91579000 22.24629000 -15.65411000 / 0.44825990 -0.87343900 -0.19017660 / 107 128 0 255 / 0.64425660 0.77926640
				-15.34006000 21.22426000 -15.49053000 / 0.32731160 -0.63783790 0.69715840 / 94 151 0 255 / 0.93911730 0.99867250
				-15.55422000 21.53547000 -15.66680000 / -0.89120610 -0.45356620 0.00543590 / 174 169 0 255 / 0.60261540 0.50996400
				-15.55422000 21.53547000 -15.66680000 / -0.88947160 -0.45699020 0.00047680 / 174 169 0 255 / 0.60261540 0.50996400
				-15.55422000 21.53547000 -15.66680000 / -0.89989500 -0.43564220 0.02012270 / 174 169 0 255 / 0.60261540 0.50996400
				-15.93526000 22.28534000 -15.23516000 / -0.88891070 -0.45775900 0.01716600 / 131 178 0 255 / 0.59947200 0.43182370
				-15.50992000 21.44873000 -15.66484000 / -0.89053960 -0.45490190 -0.00190730 / 176 156 0 255 / 0.77494810 0.50675970
				-15.50992000 21.44873000 -15.66484000 / -0.89053770 -0.45490100 -0.00276560 / 176 156 0 255 / 0.77494810 0.50675970
				-15.50966000 21.44810000 -15.64336000 / -0.89053770 -0.45490100 -0.00276560 / 175 162 0 255 / 0.77688600 0.46818540
				-15.50966000 21.44810000 -15.64336000 / -0.89167370 -0.45260790 0.00801080 / 175 162 0 255 / 0.77688600 0.46818540
				-15.51217000 21.45340000 -15.62334000 / -0.89167370 -0.45260790 0.00801080 / 174 171 0 255 / 0.76643370 0.43293760
				-15.51217000 21.45340000 -15.62334000 / -0.89120610 -0.45356620 0.00543590 / 174 171 0 255 / 0.76643370 0.43293760
				-15.51791000 21.46487000 -15.60674000 / -0.89120610 -0.45356620 0.00543590 / 173 177 0 255 / 0.74380480 0.40322870
				-15.40487000 21.24278000 -15.48027000 / 0.09918280 -0.19340650 0.97609250 / 82 160 0 255 / 0.68534850 0.77926640
				-15.87167000 22.26893000 -15.65411000 / 0.45183570 -0.88040260 -0.14400000 / 96 120 0 255 / 0.64425660 0.99867250
				-15.51791000 21.46487000 -15.60674000 / -0.88947160 -0.45699020 0.00047680 / 173 177 0 255 / 0.74380480 0.40322870
				-15.93526000 22.28534000 -15.23516000 / -0.88956230 -0.45679710 0.00391000 / 131 178 0 255 / 0.59947200 0.43182370
				-15.52662000 21.48184000 -15.59404000 / -0.88947160 -0.45699020 0.00047680 / 161 185 0 255 / 0.70924380 0.38124080
				-15.52662000 21.48184000 -15.59404000 / -0.89989500 -0.43564220 0.02012270 / 161 185 0 255 / 0.70924380 0.38124080
				-15.52662000 21.48184000 -15.59404000 / -0.88934500 -0.45721390 -0.00457790 / 161 185 0 255 / 0.70924380 0.38124080
				-15.55725000 21.54208000 -15.65947000 / -0.89989500 -0.43564220 0.02012270 / 149 185 0 255 / 0.58976750 0.49714660
				-15.55725000 21.54208000 -15.65947000 / -0.88934500 -0.45721390 -0.00457790 / 149 185 0 255 / 0.58976750 0.49714660
				-15.55725000 21.54208000 -15.65947000 / -0.89703630 -0.44193770 0.00410080 / 149 185 0 255 / 0.58976750 0.49714660
				-15.54029000 21.50834000 -15.58525000 / -0.88934500 -0.45721390 -0.00457790 / 144 179 0 255 / 0.65667730 0.36511230
				-15.54029000 21.50834000 -15.58525000 / -0.89703630 -0.44193770 0.00410080 / 144 179 0 255 / 0.65667730 0.36511230
				-15.40487000 21.24278000 -15.48027000 / 0.09860720 -0.19530710 0.97577240 / 82 160 0 255 / 0.68534850 0.77926640
				-15.54029000 21.50834000 -15.58525000 / -0.89140030 -0.45318650 -0.00524520 / 144 179 0 255 / 0.65667730 0.36511230
				-15.96383000 22.34047000 -15.14532000 / -0.88936530 -0.45717530 -0.00448210 / 133 169 0 255 / 0.42718510 0.18121340
				-15.87167000 22.26893000 -15.65411000 / 0.44825990 -0.87343900 -0.19017660 / 96 120 0 255 / 0.64425660 0.99867250
				-15.56351000 21.55482000 -15.65507000 / -0.89703630 -0.44193770 0.00410080 / 146 176 0 255 / 0.56455990 0.48872370
				-15.56351000 21.55482000 -15.65507000 / -0.89140030 -0.45318650 -0.00524520 / 146 176 0 255 / 0.56455990 0.48872370
				-15.56351000 21.55482000 -15.65507000 / -0.88627300 -0.46311650 -0.00658050 / 146 176 0 255 / 0.56455990 0.48872370
				-15.55996000 21.54694000 -15.57841000 / -0.89140030 -0.45318650 -0.00524520 / 150 170 0 255 / 0.58009340 0.35293580
				-15.55996000 21.54694000 -15.57841000 / -0.88627300 -0.46311650 -0.00658050 / 150 170 0 255 / 0.58009340 0.35293580
				-15.55996000 21.54694000 -15.57841000 / -0.89571300 -0.44461390 0.00410090 / 150 170 0 255 / 0.58009340 0.35293580
				-15.57640000 21.57940000 -15.64922000 / -0.88627300 -0.46311650 -0.00658050 / 159 170 0 255 / 0.51536560 0.47856140
				-15.57640000 21.57940000 -15.64922000 / -0.89571300 -0.44461390 0.00410090 / 159 170 0 255 / 0.51536560 0.47856140
				-15.40487000 21.24278000 -15.48027000 / -0.04911570 0.09727770 0.99404480 / 82 160 0 255 / 0.68534850 0.77926640
				-15.96383000 22.34047000 -15.14532000 / -0.90048470 -0.43488780 0.00009540 / 133 169 0 255 / 0.42718510 0.18121340
				-15.57640000 21.57940000 -15.64922000 / -0.87795370 -0.47874510 -0.00066760 / 159 170 0 255 / 0.51536560 0.47856140
				-15.57640000 21.57940000 -15.64922000 / -0.89121600 -0.45357130 -0.00267030 / 159 170 0 255 / 0.51536560 0.47856140
				-15.87167000 22.26893000 -15.65411000 / 0.44810090 -0.87350580 -0.19024500 / 96 120 0 255 / 0.64425660 0.99867250
				-15.57195000 21.57114000 -15.57402000 / -0.89571300 -0.44461390 0.00410090 / 153 169 0 255 / 0.53227230 0.34542850
				-15.57195000 21.57114000 -15.57402000 / -0.87795370 -0.47874510 -0.00066760 / 153 169 0 255 / 0.53227230 0.34542850
				-15.57911000 21.58426000 -15.56914000 / -0.87795370 -0.47874510 -0.00066760 / 172 169 0 255 / 0.50564570 0.33703610
				-15.57911000 21.58426000 -15.56914000 / -0.89121600 -0.45357130 -0.00267030 / 172 169 0 255 / 0.50564570 0.33703610
				-15.57911000 21.58426000 -15.56914000 / -0.91656420 -0.39882130 0.02918200 / 172 169 0 255 / 0.50564570 0.33703610
				-15.59607000 21.61800000 -15.64043000 / -0.89121600 -0.45357130 -0.00267030 / 176 168 0 255 / 0.43833920 0.46279910
				-15.59607000 21.61800000 -15.64043000 / -0.91656420 -0.39882130 0.02918200 / 176 168 0 255 / 0.43833920 0.46279910
				-15.96383000 22.34047000 -15.14532000 / -0.89246090 -0.45109420 -0.00524530 / 133 169 0 255 / 0.42718510 0.18121340
				-15.38417000 21.20162000 -15.49053000 / 0.09918280 -0.19340650 0.97609250 / 104 162 0 255 / 0.56410220 0.77926640
				-15.59607000 21.61800000 -15.64043000 / -0.89024380 -0.45546920 0.00371930 / 176 168 0 255 / 0.43833920 0.46279910
				-15.58144000 21.59003000 -15.56328000 / -0.91656420 -0.39882130 0.02918200 / 176 173 0 255 / 0.49450680 0.32608030
				-15.58144000 21.59003000 -15.56328000 / -0.89024380 -0.45546920 0.00371930 / 176 173 0 255 / 0.49450680 0.32608030
				-15.90657000 22.22805000 -15.54864000 / 0.44825990 -0.87343900 -0.19017660 / 77 105 0 255 / 0.93911730 0.77926640
				-15.58144000 21.59003000 -15.56328000 / -0.89244460 -0.45108600 0.00801080 / 176 173 0 255 / 0.49450680 0.32608030
				-15.58144000 21.59003000 -15.56328000 / -0.89053880 -0.45490150 0.00228880 / 176 173 0 255 / 0.49450680 0.32608030
				-15.58144000 21.59003000 -15.56328000 / -0.88937080 -0.45717820 -0.00276560 / 176 173 0 255 / 0.49450680 0.32608030
				-15.58144000 21.59003000 -15.56328000 / -0.89085560 -0.45415420 0.01096760 / 176 173 0 255 / 0.49450680 0.32608030
				-15.58144000 21.59003000 -15.56328000 / -0.89064960 -0.45376490 -0.02899210 / 176 173 0 255 / 0.49450680 0.32608030
				-15.96660000 22.34642000 -15.22930000 / -0.88891070 -0.45775900 0.01716600 / 132 178 0 255 / 0.40908810 0.41490170
				-15.60852000 21.64240000 -15.63213000 / -0.89024380 -0.45546920 0.00371930 / 178 171 0 255 / 0.38996890 0.44828800
				-15.34006000 21.22426000 -15.49053000 / 0.09918280 -0.19340650 0.97609250 / 94 151 0 255 / 0.56410220 0.99867250
				-15.60852000 21.64240000 -15.63213000 / -0.89244460 -0.45108600 0.00801080 / 178 171 0 255 / 0.38996890 0.44828800
				-15.61625000 21.65789000 -15.62139000 / -0.89244460 -0.45108600 0.00801080 / 178 171 0 255 / 0.35980230 0.42958070
				-15.61625000 21.65789000 -15.62139000 / -0.89053880 -0.45490150 0.00228880 / 178 171 0 255 / 0.35980230 0.42958070
				-15.62174000 21.66871000 -15.60576000 / -0.89053880 -0.45490150 0.00228880 / 177 172 0 255 / 0.33740240 0.40127560
				-15.90657000 22.22805000 -15.54864000 / 0.44810090 -0.87350580 -0.19024500 / 77 105 0 255 / 0.93911730 0.77926640
				-15.62174000 21.66871000 -15.60576000 / -0.88937080 -0.45717820 -0.00276560 / 177 172 0 255 / 0.33740240 0.40127560
				-15.62496000 21.67486000 -15.58574000 / -0.88937080 -0.45717820 -0.00276560 / 174 180 0 255 / 0.32563780 0.36586000
				-15.62496000 21.67486000 -15.58574000 / -0.89085560 -0.45415420 0.01096760 / 174 180 0 255 / 0.32563780 0.36586000
				-15.96660000 22.34642000 -15.22930000 / -0.88956230 -0.45679710 0.00391000 / 132 178 0 255 / 0.40908810 0.41490170
				-15.62425000 21.67403000 -15.56279000 / -0.89085560 -0.45415420 0.01096760 / 160 181 0 255 / 0.32743830 0.32579040
				-15.62425000 21.67403000 -15.56279000 / -0.89064960 -0.45376490 -0.02899210 / 160 181 0 255 / 0.32743830 0.32579040
				-15.34006000 21.22426000 -15.49053000 / 0.09860720 -0.19530710 0.97577240 / 94 151 0 255 / 0.56410220 0.99867250
				-15.62425000 21.67403000 -15.56279000 / -0.89198710 -0.45204940 -0.00324250 / 160 181 0 255 / 0.32743830 0.32579040
				-15.58214000 21.59086000 -15.55450000 / -0.89064960 -0.45376490 -0.02899210 / 157 178 0 255 / 0.49311830 0.31091310
				-15.58214000 21.59086000 -15.55450000 / -0.89198710 -0.45204940 -0.00324250 / 157 178 0 255 / 0.49311830 0.31091310
				-15.58214000 21.59086000 -15.55450000 / -0.89276540 -0.45034060 -0.01277970 / 157 178 0 255 / 0.49311830 0.31091310
				-15.58214000 21.59086000 -15.55450000 / -0.88976390 -0.45642120 0.00000000 / 157 178 0 255 / 0.49311830 0.31091310
				-16.24924000 22.90217000 -15.18487000 / 0.44228540 -0.87541600 -0.19501370 / 21 111 0 255 / 0.56410220 0.77926640
				-15.62026000 21.66596000 -15.53887000 / -0.89198710 -0.45204940 -0.00324250 / 146 178 0 255 / 0.34300230 0.28263860
				-15.96660000 22.34642000 -15.22930000 / -0.89256920 -0.45091010 0.00066760 / 132 178 0 255 / 0.40908810 0.41490170
				-15.62026000 21.66596000 -15.53887000 / -0.89276540 -0.45034060 -0.01277970 / 146 178 0 255 / 0.34300230 0.28263860
				-15.61348000 21.65194000 -15.51787000 / -0.89276540 -0.45034060 -0.01277970 / 168 180 0 255 / 0.37089540 0.24589540
				-15.61348000 21.65194000 -15.51787000 / -0.88976390 -0.45642120 0.00000000 / 168 180 0 255 / 0.37089540 0.24589540
				-16.05527000 22.52101000 -15.32110000 / 0.28820860 -0.57050420 -0.76906480 / 60 97 0 255 / 0.88069150 0.77926640
				-15.61348000 21.65194000 -15.51787000 / -0.88885580 -0.45816130 0.00486390 / 168 180 0 255 / 0.37089540 0.24589540
				-15.58040000 21.58747000 -15.54668000 / -0.88976390 -0.45642120 0.00000000 / 174 180 0 255 / 0.49952700 0.29660030
				-15.58040000 21.58747000 -15.54668000 / -0.88885580 -0.45816130 0.00486390 / 174 180 0 255 / 0.49952700 0.29660030
				-15.58040000 21.58747000 -15.54668000 / -0.89939380 -0.43658410 -0.02202950 / 174 180 0 255 / 0.49952700 0.29660030
				-15.60355000 21.63286000 -15.50127000 / -0.88885580 -0.45816130 0.00486390 / 174 178 0 255 / 0.40924070 0.21658320
				-15.60355000 21.63286000 -15.50127000 / -0.89939380 -0.43658410 -0.02202950 / 174 178 0 255 / 0.40924070 0.21658320
				-15.97060000 22.35449000 -15.19854000 / -0.90048470 -0.43488780 0.00009540 / 134 169 0 255 / 0.38394170 0.33038330
				-15.86246000 22.25068000 -15.54864000 / 0.44810090 -0.87350580 -0.19024500 / 58 91 0 255 / 0.93911730 0.99867250
				-15.60355000 21.63286000 -15.50127000 / -0.89100470 -0.45394220 0.00686640 / 174 178 0 255 / 0.40924070 0.21658320
				-15.57737000 21.58088000 -15.53985000 / -0.89939380 -0.43658410 -0.02202950 / 175 175 0 255 / 0.51251220 0.28460690
				-15.57737000 21.58088000 -15.53985000 / -0.89100470 -0.45394220 0.00686640 / 175 175 0 255 / 0.51251220 0.28460690
				-16.05527000 22.52101000 -15.32110000 / 0.13026720 -0.25786420 -0.95735920 / 60 97 0 255 / 0.88069150 0.77926640
				-15.57737000 21.58088000 -15.53985000 / -0.87856550 -0.47705000 0.02336610 / 175 175 0 255 / 0.51251220 0.28460690
				-15.59136000 21.60910000 -15.48955000 / -0.89100470 -0.45394220 0.00686640 / 174 171 0 255 / 0.45614620 0.19578550
				-15.59136000 21.60910000 -15.48955000 / -0.87856550 -0.47705000 0.02336610 / 174 171 0 255 / 0.45614620 0.19578550
				-15.59136000 21.60910000 -15.48955000 / -0.89198640 -0.45204910 -0.00343330 / 174 171 0 255 / 0.45614620 0.19578550
				-15.57195000 21.57115000 -15.53496000 / -0.87856550 -0.47705000 0.02336610 / 173 169 0 255 / 0.53239440 0.27647400
				-15.97060000 22.35449000 -15.19854000 / -0.89246090 -0.45109420 -0.00524530 / 134 169 0 255 / 0.38394170 0.33038330
				-15.57195000 21.57115000 -15.53496000 / -0.89198640 -0.45204910 -0.00343330 / 173 169 0 255 / 0.53239440 0.27647400
				-15.57195000 21.57115000 -15.53496000 / -0.90018450 -0.43545320 -0.00696190 / 173 169 0 255 / 0.53239440 0.27647400
				-15.74916000 22.02795000 -15.74737000 / 0.20953340 -0.42269090 -0.88171880 / 67 99 0 255 / 0.84541320 0.99867250
				-15.57666000 21.58004000 -15.48272000 / -0.89198640 -0.45204910 -0.00343330 / 166 167 0 255 / 0.51467900 0.18336490
				-15.57666000 21.58004000 -15.48272000 / -0.90018450 -0.43545320 -0.00696190 / 166 167 0 255 / 0.51467900 0.18336490
				-16.05527000 22.52101000 -15.32110000 / 0.13026720 -0.25786420 -0.95735920 / 60 97 0 255 / 0.88069150 0.77926640
				-15.57666000 21.58004000 -15.48272000 / -0.89314500 -0.44976740 0.00114440 / 166 167 0 255 / 0.51467900 0.18336490
				-15.56519000 21.55713000 -15.53349000 / -0.90018450 -0.43545320 -0.00696190 / 160 164 0 255 / 0.55953980 0.27377320
				-15.56519000 21.55713000 -15.53349000 / -0.89314500 -0.44976740 0.00114440 / 160 164 0 255 / 0.55953980 0.27377320
				-15.56519000 21.55713000 -15.53349000 / -0.88986070 -0.45623120 -0.00104900 / 160 164 0 255 / 0.55953980 0.27377320
				-15.97060000 22.35449000 -15.19854000 / -0.88588630 -0.46387680 -0.00486380 / 134 169 0 255 / 0.38394170 0.33038330
				-15.55796000 21.54290000 -15.48028000 / -0.89314500 -0.44976740 0.00114440 / 163 163 0 255 / 0.58786010 0.17922970
				-15.55796000 21.54290000 -15.48028000 / -0.88986070 -0.45623120 -0.00104900 / 163 163 0 255 / 0.58786010 0.17922970
				-15.55796000 21.54290000 -15.48028000 / -0.89228020 -0.45148080 -0.00104910 / 163 163 0 255 / 0.58786010 0.17922970
				-15.55796000 21.54290000 -15.48028000 / -0.88898390 -0.45793830 0.00038150 / 163 163 0 255 / 0.58786010 0.17922970
				-15.74916000 22.02795000 -15.74737000 / 0.21381340 -0.42343070 -0.88033530 / 67 99 0 255 / 0.84541320 0.99867250
				-15.55822000 21.54355000 -15.53545000 / -0.88986070 -0.45623120 -0.00104900 / 163 160 0 255 / 0.58695990 0.27726750
				-15.36095000 21.26496000 -15.48027000 / 0.09860720 -0.19530710 0.97577240 / 72 157 0 255 / 0.68534850 0.99867250
				-15.55822000 21.54355000 -15.53545000 / -0.89228020 -0.45148080 -0.00104910 / 163 160 0 255 / 0.58695990 0.27726750
				-15.55274000 21.53274000 -15.54180000 / -0.89228020 -0.45148080 -0.00104910 / 167 166 0 255 / 0.60844420 0.28790280
				-15.55274000 21.53274000 -15.54180000 / -0.88898390 -0.45793830 0.00038150 / 167 166 0 255 / 0.60844420 0.28790280
				-15.94416000 22.30187000 -15.32891000 / -0.88956230 -0.45679710 0.00391000 / 134 177 0 255 / 0.54783630 0.69294740
				-15.55274000 21.53274000 -15.54180000 / -0.88317560 -0.46900530 -0.00591260 / 167 166 0 255 / 0.60844420 0.28790280
				-15.53906000 21.50622000 -15.48223000 / -0.88898390 -0.45793830 0.00038150 / 167 165 0 255 / 0.66105650 0.18241880
				-15.53906000 21.50622000 -15.48223000 / -0.88317560 -0.46900530 -0.00591260 / 167 165 0 255 / 0.66105650 0.18241880
				-15.53906000 21.50622000 -15.48223000 / -0.89160570 -0.45281250 0.00047680 / 167 165 0 255 / 0.66105650 0.18241880
				-15.54977000 21.52723000 -15.54913000 / -0.88317560 -0.46900530 -0.00591260 / 159 162 0 255 / 0.61909490 0.30145260
				-15.54977000 21.52723000 -15.54913000 / -0.89160570 -0.45281250 0.00047680 / 159 162 0 255 / 0.61909490 0.30145260
				-15.74916000 22.02795000 -15.74737000 / 0.06503960 -0.12893490 -0.98951790 / 67 99 0 255 / 0.84541320 0.99867250
				-15.36095000 21.26496000 -15.48027000 / -0.04911570 0.09727770 0.99404480 / 72 157 0 255 / 0.68534850 0.99867250
				-15.54977000 21.52723000 -15.54913000 / -0.89024820 -0.45547140 -0.00200270 / 159 162 0 255 / 0.61909490 0.30145260
				-15.54977000 21.52723000 -15.54913000 / -0.89387560 -0.44822530 0.00896450 / 159 162 0 255 / 0.61909490 0.30145260
				-15.94416000 22.30187000 -15.32891000 / -0.89256920 -0.45091010 0.00066760 / 134 177 0 255 / 0.54783630 0.69294740
				-15.54977000 21.52723000 -15.54913000 / -0.89580420 -0.44403960 0.01907390 / 159 162 0 255 / 0.61909490 0.30145260
				-15.52636000 21.48119000 -15.48760000 / -0.89160570 -0.45281250 0.00047680 / 162 161 0 255 / 0.71069340 0.19201660
				-15.52636000 21.48119000 -15.48760000 / -0.89024820 -0.45547140 -0.00200270 / 162 161 0 255 / 0.71069340 0.19201660
				-15.51765000 21.46423000 -15.49687000 / -0.89024820 -0.45547140 -0.00200270 / 154 159 0 255 / 0.74450670 0.20832820
				-15.51765000 21.46423000 -15.49687000 / -0.89387560 -0.44822530 0.00896450 / 154 159 0 255 / 0.74450670 0.20832820
				-15.51140000 21.45149000 -15.51006000 / -0.89387560 -0.44822530 0.00896450 / 153 163 0 255 / 0.77018730 0.23168950
				-15.51140000 21.45149000 -15.51006000 / -0.89580420 -0.44403960 0.01907390 / 153 163 0 255 / 0.77018730 0.23168950
				-15.51140000 21.45149000 -15.51006000 / -0.88934290 -0.45721280 -0.00505470 / 153 163 0 255 / 0.77018730 0.23168950
				-15.36095000 21.26496000 -15.48027000 / -0.04911570 0.09727770 0.99404480 / 72 157 0 255 / 0.68534850 0.99867250
				-15.72427000 21.97917000 -15.71807000 / 0.20953340 -0.42269090 -0.88171880 / 83 97 0 255 / 0.93911730 0.99867250
				-15.97557000 22.36403000 -15.32891000 / -0.89256920 -0.45091010 0.00066760 / 134 174 0 255 / 0.35409550 0.69294740
				-15.54874000 21.52467000 -15.56035000 / -0.89580420 -0.44403960 0.01907390 / 157 169 0 255 / 0.62405390 0.32104490
				-15.54874000 21.52467000 -15.56035000 / -0.88934290 -0.45721280 -0.00505470 / 157 169 0 255 / 0.62405390 0.32104490
				-15.54874000 21.52467000 -15.56035000 / -0.88976190 -0.45642020 -0.00209800 / 157 169 0 255 / 0.62405390 0.32104490
				-15.50670000 21.44260000 -15.53399000 / -0.88934290 -0.45721280 -0.00505470 / 159 171 0 255 / 0.78831480 0.27442930
				-15.50670000 21.44260000 -15.53399000 / -0.88976190 -0.45642020 -0.00209800 / 159 171 0 255 / 0.78831480 0.27442930
				-15.50347000 21.43645000 -15.56328000 / -0.88976190 -0.45642020 -0.00209800 / 162 174 0 255 / 0.79994200 0.32664490
				-15.01686000 20.47935000 -15.74882000 / -0.89032950 -0.45527340 0.00629410 / 184 167 0 255 / 0.70047000 0.68478400
				-15.01686000 20.47935000 -15.74882000 / -0.89380540 -0.44842860 0.00486390 / 184 167 0 255 / 0.70047000 0.68478400
				-15.01345000 20.47365000 -15.67851000 / -0.89032950 -0.45527340 0.00629410 / 184 171 0 255 / 0.71223450 0.56018070
				-15.41705000 21.26654000 -15.48320000 / -0.04911570 0.09727770 0.99404480 / 63 162 0 255 / 0.75621040 0.77926640
				-15.97130000 22.35532000 -15.15020000 / -0.89246090 -0.45109420 -0.00524530 / 132 174 0 255 / 0.38044740 0.19587710
				-15.02216000 20.49062000 -15.68340000 / -0.89032950 -0.45527340 0.00629410 / 184 168 0 255 / 0.67822270 0.56878660
				-15.76864000 21.95718000 -15.71807000 / 0.20953340 -0.42269090 -0.88171880 / 78 97 0 255 / 0.93911730 0.77926640
				-15.02216000 20.49062000 -15.68340000 / -0.89380540 -0.44842860 0.00486390 / 184 168 0 255 / 0.67822270 0.56878660
				-15.02216000 20.49062000 -15.68340000 / -0.88549970 -0.46463700 -0.00162130 / 184 168 0 255 / 0.67822270 0.56878660
				-15.03382000 20.51310000 -15.75468000 / -0.89380540 -0.44842860 0.00486390 / 182 165 0 255 / 0.63299560 0.69577030
				-15.03382000 20.51310000 -15.75468000 / -0.88549970 -0.46463700 -0.00162130 / 182 165 0 255 / 0.63299560 0.69577030
				-15.03382000 20.51310000 -15.75468000 / -0.90010720 -0.43565260 0.00371950 / 182 165 0 255 / 0.63299560 0.69577030
				-15.03382000 20.51310000 -15.75468000 / -0.89053600 -0.45490010 0.00343320 / 182 165 0 255 / 0.63299560 0.69577030
				-15.02860000 20.50290000 -15.68486000 / -0.88549970 -0.46463700 -0.00162130 / 182 169 0 255 / 0.65342710 0.57165530
				-15.02860000 20.50290000 -15.68486000 / -0.90010720 -0.43565260 0.00371950 / 182 169 0 255 / 0.65342710 0.57165530
				-15.97130000 22.35532000 -15.15020000 / -0.88588630 -0.46387680 -0.00486380 / 132 174 0 255 / 0.38044740 0.19587710
				-15.41705000 21.26654000 -15.48320000 / -0.04911570 0.09727770 0.99404480 / 63 162 0 255 / 0.75621040 0.77926640
				-15.03311000 20.51225000 -15.68290000 / -0.90010720 -0.43565260 0.00371950 / 179 163 0 255 / 0.63513190 0.56791690
				-15.03311000 20.51225000 -15.68290000 / -0.89053600 -0.45490010 0.00343320 / 179 163 0 255 / 0.63513190 0.56791690
				-15.76864000 21.95718000 -15.71807000 / 0.21381340 -0.42343070 -0.88033530 / 78 97 0 255 / 0.93911730 0.77926640
				-15.03311000 20.51225000 -15.68290000 / -0.87883680 -0.47704190 -0.00877410 / 179 163 0 255 / 0.63513190 0.56791690
				-15.04975000 20.54427000 -15.75713000 / -0.89053600 -0.45490010 0.00343320 / 179 163 0 255 / 0.57147220 0.69941710
				-15.04975000 20.54427000 -15.75713000 / -0.87883680 -0.47704190 -0.00877410 / 179 163 0 255 / 0.57147220 0.69941710
				-15.04975000 20.54427000 -15.75713000 / -0.89227870 -0.45148010 0.00209810 / 179 163 0 255 / 0.57147220 0.69941710
				-15.03582000 20.51712000 -15.67655000 / -0.87883680 -0.47704190 -0.00877410 / 185 172 0 255 / 0.62507630 0.55667120
				-15.03582000 20.51712000 -15.67655000 / -0.89227870 -0.45148010 0.00209810 / 185 172 0 255 / 0.62507630 0.55667120
				-15.97130000 22.35532000 -15.15020000 / -0.90140980 -0.43296660 -0.00057220 / 132 174 0 255 / 0.38044740 0.19587710
				-15.03582000 20.51712000 -15.67655000 / -0.89399490 -0.44804650 0.00524530 / 185 172 0 255 / 0.62507630 0.55667120
				-15.41705000 21.26654000 -15.48320000 / -0.14790940 0.29276710 0.94467470 / 63 162 0 255 / 0.75621040 0.77926640
				-15.03582000 20.51712000 -15.67655000 / -0.88791360 -0.45988400 -0.01077700 / 185 172 0 255 / 0.62507630 0.55667120
				-15.03582000 20.51712000 -15.67655000 / -0.89063780 -0.45471260 -0.00095370 / 185 172 0 255 / 0.62507630 0.55667120
				-15.03582000 20.51712000 -15.67655000 / -0.89159600 -0.45280760 0.00467300 / 185 172 0 255 / 0.62507630 0.55667120
				-15.79308000 22.00577000 -15.74737000 / 0.21381340 -0.42343070 -0.88033530 / 55 94 0 255 / 0.84541320 0.77926640
				-15.03582000 20.51712000 -15.67655000 / -0.89168130 -0.45261170 0.00686640 / 185 172 0 255 / 0.62507630 0.55667120
				-15.06445000 20.57333000 -15.75469000 / -0.89227870 -0.45148010 0.00209810 / 181 170 0 255 / 0.51335140 0.69511410
				-15.06445000 20.57333000 -15.75469000 / -0.89399490 -0.44804650 0.00524530 / 181 170 0 255 / 0.51335140 0.69511410
				-15.07420000 20.59285000 -15.74736000 / -0.89399490 -0.44804650 0.00524530 / 183 172 0 255 / 0.47483830 0.68218990
				-15.97382000 22.36063000 -15.19756000 / -0.88588630 -0.46387680 -0.00486380 / 132 177 0 255 / 0.36532590 0.32746890
				-15.07420000 20.59285000 -15.74736000 / -0.88791360 -0.45988400 -0.01077700 / 183 172 0 255 / 0.47483830 0.68218990
				-15.08038000 20.60451000 -15.73515000 / -0.88791360 -0.45988400 -0.01077700 / 186 174 0 255 / 0.45124820 0.66047670
				-15.37315000 21.28873000 -15.48320000 / -0.04911570 0.09727770 0.99404480 / 51 156 0 255 / 0.75621040 0.99867250
				-15.08038000 20.60451000 -15.73515000 / -0.89063780 -0.45471260 -0.00095370 / 186 174 0 255 / 0.45124820 0.66047670
				-15.08386000 20.61129000 -15.71757000 / -0.89063780 -0.45471260 -0.00095370 / 189 174 0 255 / 0.43783570 0.62980650
				-15.08386000 20.61129000 -15.71757000 / -0.89159600 -0.45280760 0.00467300 / 189 174 0 255 / 0.43783570 0.62980650
				-15.08438000 20.61257000 -15.69169000 / -0.89159600 -0.45280760 0.00467300 / 191 177 0 255 / 0.43559270 0.58377070
				-15.79308000 22.00577000 -15.74737000 / 0.06503960 -0.12893490 -0.98951790 / 55 94 0 255 / 0.84541320 0.77926640
				-15.08438000 20.61257000 -15.69169000 / -0.89168130 -0.45261170 0.00686640 / 191 177 0 255 / 0.43559270 0.58377070
				-15.08438000 20.61257000 -15.69169000 / -0.89159110 -0.45280510 0.00572210 / 191 177 0 255 / 0.43559270 0.58377070
				-15.97382000 22.36063000 -15.19756000 / -0.90140980 -0.43296660 -0.00057220 / 132 177 0 255 / 0.36532590 0.32746890
				-15.03608000 20.51776000 -15.66825000 / -0.89168130 -0.45261170 0.00686640 / 191 178 0 255 / 0.62370300 0.54188540
				-15.03608000 20.51776000 -15.66825000 / -0.89159110 -0.45280510 0.00572210 / 191 178 0 255 / 0.62370300 0.54188540
				-15.03608000 20.51776000 -15.66825000 / -0.89101400 -0.45375630 0.01411430 / 191 178 0 255 / 0.62370300 0.54188540
				-15.37315000 21.28873000 -15.48320000 / -0.14790940 0.29276710 0.94467470 / 51 156 0 255 / 0.75621040 0.99867250
				-15.08167000 20.60771000 -15.65361000 / -0.89159110 -0.45280510 0.00572210 / 189 173 0 255 / 0.44546510 0.51596070
				-15.08167000 20.60771000 -15.65361000 / -0.89101400 -0.45375630 0.01411430 / 189 173 0 255 / 0.44546510 0.51596070
				-15.08167000 20.60771000 -15.65361000 / -0.89111470 -0.45375890 -0.00419620 / 189 173 0 255 / 0.44546510 0.51596070
				-15.03511000 20.51629000 -15.65409000 / -0.89101400 -0.45375630 0.01411430 / 186 171 0 255 / 0.62728880 0.51696780
				-15.03511000 20.51629000 -15.65409000 / -0.89111470 -0.45375890 -0.00419620 / 186 171 0 255 / 0.62728880 0.51696780
				-15.79308000 22.00577000 -15.74737000 / 0.06609030 -0.12893820 -0.98944780 / 55 94 0 255 / 0.84541320 0.77926640
				-15.97382000 22.36063000 -15.19756000 / -0.88786080 -0.46004730 0.00772470 / 132 177 0 255 / 0.36532590 0.32746890
				-15.03511000 20.51629000 -15.65409000 / -0.89111470 -0.45375890 -0.00419620 / 186 171 0 255 / 0.62728880 0.51696780
				-15.07264000 20.58902000 -15.54912000 / -0.89111470 -0.45375890 -0.00419620 / 182 172 0 255 / 0.48219300 0.33074950
				-15.07264000 20.58902000 -15.54912000 / -0.89111470 -0.45375890 -0.00419620 / 182 172 0 255 / 0.48219300 0.33074950
				-15.07264000 20.58902000 -15.54912000 / -0.89342340 -0.44919130 0.00467310 / 182 172 0 255 / 0.48219300 0.33074950
				-15.37315000 21.28873000 -15.48320000 / -0.14820150 0.28877360 0.94585730 / 51 156 0 255 / 0.75621040 0.99867250
				-15.07264000 20.58902000 -15.54912000 / -0.89342300 -0.44919110 0.00476850 / 182 172 0 255 / 0.48219300 0.33074950
				-15.07264000 20.58902000 -15.54912000 / -0.89111660 -0.45375990 0.00362400 / 182 172 0 255 / 0.48219300 0.33074950
				-15.02609000 20.49760000 -15.54912000 / -0.89111470 -0.45375890 -0.00419620 / 180 174 0 255 / 0.66421510 0.33074950
				-15.02609000 20.49760000 -15.54912000 / -0.89111660 -0.45375990 0.00362400 / 180 174 0 255 / 0.66421510 0.33074950
				-15.02609000 20.49760000 -15.54912000 / -0.89111660 -0.45375990 0.00362400 / 180 174 0 255 / 0.66421510 0.33074950
				-16.06920000 22.54815000 -15.14337000 / -0.06465890 0.12607540 0.98991120 / 33 186 0 255 / 0.74649050 0.77926640
				-15.02609000 20.49760000 -15.54912000 / -0.89217690 -0.45166750 0.00410090 / 180 174 0 255 / 0.66421510 0.33074950
				-15.77953000 22.08756000 -15.75713000 / 0.06503960 -0.12893490 -0.98951790 / 42 93 0 255 / 0.73159790 0.99867250
				-15.08341000 20.61111000 -15.48613000 / -0.89342340 -0.44919130 0.00467310 / 181 170 0 255 / 0.43843080 0.21903990
				-15.08341000 20.61111000 -15.48613000 / -0.89342300 -0.44919110 0.00476850 / 181 170 0 255 / 0.43843080 0.21903990
				-15.08960000 20.62277000 -15.54911000 / -0.89342340 -0.44919130 0.00467310 / 182 164 0 255 / 0.41505430 0.33074950
				-15.42873000 21.28901000 -15.49199000 / -0.14790940 0.29276710 0.94467470 / 36 150 0 255 / 0.82383730 0.77926640
				-15.06645000 20.57737000 -15.48613000 / -0.89342300 -0.44919110 0.00476850 / 179 169 0 255 / 0.50555420 0.21903990
				-15.06645000 20.57737000 -15.48613000 / -0.89111660 -0.45375990 0.00362400 / 179 169 0 255 / 0.50555420 0.21903990
				-15.06645000 20.57737000 -15.48613000 / -0.89111660 -0.45375990 0.00362400 / 179 169 0 255 / 0.50555420 0.21903990
				-15.06645000 20.57737000 -15.48613000 / -0.89112190 -0.45376260 -0.00114440 / 179 169 0 255 / 0.50555420 0.21903990
				-16.06920000 22.54815000 -15.14337000 / 0.03929110 -0.07648410 0.99629630 / 33 186 0 255 / 0.74649050 0.77926640
				-15.01990000 20.48595000 -15.48613000 / -0.89111660 -0.45375990 0.00362400 / 179 165 0 255 / 0.68759160 0.21903990
				-15.01990000 20.48595000 -15.48613000 / -0.89112190 -0.45376260 -0.00114440 / 179 165 0 255 / 0.68759160 0.21903990
				-15.01990000 20.48595000 -15.48613000 / -0.88995710 -0.45604100 0.00171660 / 179 165 0 255 / 0.68759160 0.21903990
				-15.77953000 22.08756000 -15.75713000 / 0.06609030 -0.12893820 -0.98944780 / 42 93 0 255 / 0.73159790 0.99867250
				-15.01990000 20.48595000 -15.48613000 / -0.89217690 -0.45166750 0.00410090 / 179 165 0 255 / 0.68759160 0.21903990
				-15.01990000 20.48595000 -15.48613000 / -0.89217690 -0.45166750 0.00410090 / 179 165 0 255 / 0.68759160 0.21903990
				-15.42873000 21.28901000 -15.49199000 / -0.14820150 0.28877360 0.94585730 / 36 150 0 255 / 0.82383730 0.77926640
				-15.06071000 20.56590000 -15.40654000 / -0.89112190 -0.45376260 -0.00114440 / 179 157 0 255 / 0.52847290 0.07754520
				-15.06071000 20.56590000 -15.40654000 / -0.88995710 -0.45604100 0.00171660 / 179 157 0 255 / 0.52847290 0.07754520
				-15.01519000 20.47705000 -15.40654000 / -0.88995710 -0.45604100 0.00171660 / 180 161 0 255 / 0.70539860 0.07778930
				-16.06920000 22.54815000 -15.14337000 / 0.03910070 -0.07648470 0.99630380 / 33 186 0 255 / 0.74649050 0.77926640
				-15.00042000 20.44690000 -15.54911000 / -0.89217690 -0.45166750 0.00410090 / 180 172 0 255 / 0.76492310 0.33074950
				-15.00042000 20.44690000 -15.54911000 / -0.89217690 -0.45166750 0.00410090 / 180 172 0 255 / 0.76492310 0.33074950
				-14.99423000 20.43525000 -15.48612000 / -0.89217690 -0.45166750 0.00410090 / 180 169 0 255 / 0.78828430 0.21903990
				-16.23453000 22.87310000 -15.23565000 / 0.00000000 0.00000000 -1.00000000 / 43 90 0 255 / 0.70083620 0.77926640
				-16.23453000 22.87310000 -15.23565000 / 0.00000000 0.00000000 -1.00000000 / 43 90 0 255 / 0.70083620 0.77926640
				-15.77953000 22.08756000 -15.75713000 / -0.06608740 0.12855090 -0.98949830 / 42 93 0 255 / 0.73159790 0.99867250
				-16.23453000 22.87310000 -15.23565000 / 0.05855680 -0.11406180 -0.99174640 / 43 90 0 255 / 0.70083620 0.77926640
				-15.42873000 21.28901000 -15.49199000 / -0.24414070 0.47569300 0.84505120 / 36 150 0 255 / 0.82383730 0.77926640
				-16.25395000 22.91107000 -15.23565000 / 0.00000000 0.00000000 -1.00000000 / 51 96 0 255 / 0.56410220 0.77926640
				-16.21003000 22.93324000 -15.23565000 / 0.00000000 0.00000000 -1.00000000 / 48 96 0 255 / 0.56410220 0.99867250
				-15.97834000 22.36998000 -15.15997000 / -0.90140980 -0.43296660 -0.00057220 / 133 179 0 255 / 0.33572390 0.22209170
				-16.21003000 22.93324000 -15.23565000 / 0.00000000 0.00000000 -1.00000000 / 48 96 0 255 / 0.56410220 0.99867250
				-16.19042000 22.89574000 -15.23565000 / 0.00000000 0.00000000 -1.00000000 / 38 90 0 255 / 0.70083620 0.99867250
				-16.19042000 22.89574000 -15.23565000 / 0.05855680 -0.11406180 -0.99174640 / 38 90 0 255 / 0.70083620 0.99867250
				-16.19042000 22.89574000 -15.23565000 / 0.05740910 -0.11348300 -0.99187990 / 38 90 0 255 / 0.70083620 0.99867250
				-16.21583000 22.83597000 -15.23028000 / 0.05855680 -0.11406180 -0.99174640 / 38 92 0 255 / 0.83592230 0.77926640
				-16.21583000 22.83597000 -15.23028000 / 0.05740910 -0.11348300 -0.99187990 / 38 92 0 255 / 0.83592230 0.77926640
				-16.21583000 22.83597000 -15.23028000 / 0.20161650 -0.39903670 -0.89449450 / 38 92 0 255 / 0.83592230 0.77926640
				-15.82364000 22.06493000 -15.75713000 / 0.06609030 -0.12893820 -0.98944780 / 33 92 0 255 / 0.73159790 0.77926640
				-15.38462000 21.31164000 -15.49199000 / -0.14820150 0.28877360 0.94585730 / 25 148 0 255 / 0.82383730 0.99867250
				-16.17192000 22.85815000 -15.23028000 / 0.05740910 -0.11348300 -0.99187990 / 40 98 0 255 / 0.83592230 0.99867250
				-15.97834000 22.36998000 -15.15997000 / -0.88786080 -0.46004730 0.00772470 / 133 179 0 255 / 0.33572390 0.22209170
				-16.17192000 22.85815000 -15.23028000 / 0.20161650 -0.39903670 -0.89449450 / 40 98 0 255 / 0.83592230 0.99867250
				-16.17192000 22.85815000 -15.23028000 / 0.20161650 -0.39903670 -0.89449450 / 40 98 0 255 / 0.83592230 0.99867250
				-16.20094000 22.80736000 -15.21416000 / 0.20161650 -0.39903670 -0.89449450 / 43 102 0 255 / 0.93911730 0.77926640
				-16.20094000 22.80736000 -15.21416000 / 0.20161650 -0.39903670 -0.89449450 / 43 102 0 255 / 0.93911730 0.77926640
				-16.15702000 22.82954000 -15.21416000 / 0.20161650 -0.39903670 -0.89449450 / 42 104 0 255 / 0.93911730 0.99867250
				-16.19120000 22.78783000 -15.18878000 / 0.34197660 -0.67689630 -0.65181550 / 41 110 0 255 / 0.64642340 0.77926640
				-16.19120000 22.78783000 -15.18878000 / 0.34197660 -0.67689630 -0.65181550 / 41 110 0 255 / 0.64642340 0.77926640
				-16.19120000 22.78783000 -15.18878000 / 0.42150350 -0.83423360 -0.35551240 / 41 110 0 255 / 0.64642340 0.77926640
				-16.20094000 22.80736000 -15.21416000 / 0.34197660 -0.67689630 -0.65181550 / 43 102 0 255 / 0.56410220 0.77926640
				-15.38462000 21.31164000 -15.49199000 / -0.24414070 0.47569300 0.84505120 / 25 148 0 255 / 0.82383730 0.99867250
				-15.97834000 22.36998000 -15.15997000 / -0.88756630 -0.46061520 0.00772460 / 133 179 0 255 / 0.33572390 0.22209170
				-15.82364000 22.06493000 -15.75713000 / -0.06608740 0.12855090 -0.98949830 / 33 92 0 255 / 0.73159790 0.77926640
				-16.15702000 22.82954000 -15.21416000 / 0.34197660 -0.67689630 -0.65181550 / 42 104 0 255 / 0.56410220 0.99867250
				-16.15702000 22.82954000 -15.21416000 / 0.34197660 -0.67689630 -0.65181550 / 42 104 0 255 / 0.56410220 0.99867250
				-16.14729000 22.81002000 -15.18878000 / 0.34197660 -0.67689630 -0.65181550 / 40 116 0 255 / 0.64642340 0.99867250
				-16.14729000 22.81002000 -15.18878000 / 0.42150350 -0.83423360 -0.35551240 / 40 116 0 255 / 0.64642340 0.99867250
				-16.14729000 22.81002000 -15.18878000 / 0.42799740 -0.83406080 -0.34808160 / 40 116 0 255 / 0.64642340 0.99867250
				-16.18546000 22.77637000 -15.15509000 / 0.42150350 -0.83423360 -0.35551240 / 49 128 0 255 / 0.75547790 0.77926640
				-16.18546000 22.77637000 -15.15509000 / 0.42799740 -0.83406080 -0.34808160 / 49 128 0 255 / 0.75547790 0.77926640
				-16.18546000 22.77637000 -15.15509000 / 0.45626400 -0.88925700 -0.03233140 / 49 128 0 255 / 0.75547790 0.77926640
				-16.14135000 22.79901000 -15.15509000 / 0.42799740 -0.83406080 -0.34808160 / 65 131 0 255 / 0.75547790 0.99867250
				-15.97879000 22.37016000 -15.20001000 / -0.88786080 -0.46004730 0.00772470 / 133 180 0 255 / 0.33366390 0.33377070
				-15.38462000 21.31164000 -15.49199000 / -0.24385080 0.48274260 0.84112800 / 25 148 0 255 / 0.82383730 0.99867250
				-16.14135000 22.79901000 -15.15509000 / 0.45626400 -0.88925700 -0.03233140 / 65 131 0 255 / 0.75547790 0.99867250
				-15.82364000 22.06493000 -15.75713000 / -0.06608740 0.12855090 -0.98949830 / 33 92 0 255 / 0.73159790 0.77926640
				-16.14135000 22.79901000 -15.15509000 / 0.45047960 -0.89180470 -0.04186290 / 65 131 0 255 / 0.75547790 0.99867250
				-16.18476000 22.77555000 -15.12237000 / 0.45626400 -0.88925700 -0.03233140 / 84 150 0 255 / 0.86094670 0.77926640
				-16.18476000 22.77555000 -15.12237000 / 0.45047960 -0.89180470 -0.04186290 / 84 150 0 255 / 0.86094670 0.77926640
				-16.18476000 22.77555000 -15.12237000 / 0.41028550 -0.81217830 0.41476790 / 84 150 0 255 / 0.86094670 0.77926640
				-16.14084000 22.79773000 -15.12237000 / 0.45047960 -0.89180470 -0.04186290 / 86 164 0 255 / 0.86094670 0.99867250
				-16.14084000 22.79773000 -15.12237000 / 0.41028550 -0.81217830 0.41476790 / 86 164 0 255 / 0.86094670 0.99867250
				-16.14084000 22.79773000 -15.12237000 / 0.40967200 -0.81343150 0.41291420 / 86 164 0 255 / 0.86094670 0.99867250
				-15.97879000 22.37016000 -15.20001000 / -0.88756630 -0.46061520 0.00772460 / 133 180 0 255 / 0.33366390 0.33377070
				-16.19018000 22.78528000 -15.09796000 / 0.41028550 -0.81217830 0.41476790 / 77 174 0 255 / 0.93911730 0.77926640
				-15.43750000 21.30706000 -15.50469000 / -0.24414070 0.47569300 0.84505120 / 21 140 0 255 / 0.87715150 0.77926640
				-16.19018000 22.78528000 -15.09796000 / 0.40967200 -0.81343150 0.41291420 / 77 174 0 255 / 0.93911730 0.77926640
				-16.14562000 22.80772000 -15.09796000 / 0.40967200 -0.81343150 0.41291420 / 63 179 0 255 / 0.93911730 0.99867250
				-15.80520000 22.13826000 -15.74883000 / -0.06608740 0.12855090 -0.98949830 / 27 95 0 255 / 0.63443000 0.99867250
				-16.20043000 22.80609000 -15.08330000 / 0.24013800 -0.47703350 0.84544230 / 54 183 0 255 / 0.61054990 0.77926640
				-16.20043000 22.80609000 -15.08330000 / 0.24033250 -0.47589650 0.84602770 / 54 183 0 255 / 0.61054990 0.77926640
				-16.20043000 22.80609000 -15.08330000 / 0.06695100 -0.13256680 0.98891030 / 54 183 0 255 / 0.61054990 0.77926640
				-16.19018000 22.78528000 -15.09796000 / 0.24013800 -0.47703350 0.84544230 / 77 174 0 255 / 0.56410220 0.77926640
				-16.14562000 22.80772000 -15.09796000 / 0.24013800 -0.47703350 0.84544230 / 63 179 0 255 / 0.56410220 0.99867250
				-15.97879000 22.37016000 -15.20001000 / -0.89833310 -0.43924870 -0.00762920 / 133 180 0 255 / 0.33366390 0.33377070
				-16.14562000 22.80772000 -15.09796000 / 0.24033250 -0.47589650 0.84602770 / 63 179 0 255 / 0.56410220 0.99867250
				-16.15651000 22.82828000 -15.08330000 / 0.24033250 -0.47589650 0.84602770 / 47 188 0 255 / 0.61054990 0.99867250
				-15.43750000 21.30706000 -15.50469000 / -0.24385080 0.48274260 0.84112800 / 21 140 0 255 / 0.87715150 0.77926640
				-16.15651000 22.82828000 -15.08330000 / 0.06695100 -0.13256680 0.98891030 / 47 188 0 255 / 0.61054990 0.99867250
				-16.15651000 22.82828000 -15.08330000 / 0.06695100 -0.13256680 0.98891030 / 47 188 0 255 / 0.61054990 0.99867250
				-16.21661000 22.83790000 -15.07794000 / 0.06695100 -0.13256680 0.98891030 / 39 189 0 255 / 0.68202210 0.77926640
				-15.80520000 22.13826000 -15.74883000 / -0.06608740 0.12855090 -0.98949830 / 27 95 0 255 / 0.63443000 0.99867250
				-16.21661000 22.83790000 -15.07794000 / 0.06695100 -0.13256680 0.98891030 / 39 189 0 255 / 0.68202210 0.77926640
				-16.21661000 22.83790000 -15.07794000 / 0.00000000 0.00000000 1.00000000 / 39 189 0 255 / 0.68202210 0.77926640
				-16.17269000 22.86009000 -15.07794000 / 0.06695100 -0.13256680 0.98891030 / 30 188 0 255 / 0.68202210 0.99867250
				-15.98627000 22.38502000 -15.17412000 / -0.88756630 -0.46061520 0.00772460 / 126 179 0 255 / 0.28871150 0.26167300
				-16.17269000 22.86009000 -15.07794000 / 0.00000000 0.00000000 1.00000000 / 30 188 0 255 / 0.68202210 0.99867250
				-16.17269000 22.86009000 -15.07794000 / 0.00000000 0.00000000 1.00000000 / 30 188 0 255 / 0.68202210 0.99867250
				-16.27491000 22.95288000 -15.07794000 / 0.00000000 0.00000000 1.00000000 / 23 182 0 255 / 0.93911730 0.77926640
				-15.43750000 21.30706000 -15.50469000 / -0.30201860 0.59812450 0.74231510 / 21 140 0 255 / 0.87715150 0.77926640
				-16.27491000 22.95288000 -15.07794000 / 0.00000000 0.00000000 1.00000000 / 23 182 0 255 / 0.93911730 0.77926640
				-16.23099000 22.97507000 -15.07794000 / 0.00000000 0.00000000 1.00000000 / 21 162 0 255 / 0.93911730 0.99867250
				-16.23427000 22.87247000 -15.12921000 / 0.00000000 0.00019070 -1.00000000 / 19 87 0 255 / 0.72950750 0.77926640
				-16.23427000 22.87247000 -15.12921000 / 0.00000000 0.00019070 -1.00000000 / 19 87 0 255 / 0.72950750 0.77926640
				-15.80520000 22.13826000 -15.74883000 / -0.23403970 0.45606260 -0.85862230 / 27 95 0 255 / 0.63443000 0.99867250
				-16.23427000 22.87247000 -15.12921000 / -0.05016510 0.09765970 -0.99395480 / 19 87 0 255 / 0.72950750 0.77926640
				-15.98627000 22.38502000 -15.17412000 / -0.89833310 -0.43924870 -0.00762920 / 126 179 0 255 / 0.28871150 0.26167300
				-16.24447000 22.89219000 -15.12921000 / 0.00000000 0.00019070 -1.00000000 / 27 90 0 255 / 0.56410220 0.77926640
				-16.20036000 22.91482000 -15.12921000 / 0.00000000 0.00019070 -1.00000000 / 23 90 0 255 / 0.56410220 0.99867250
				-16.20036000 22.91482000 -15.12921000 / 0.00000000 0.00019070 -1.00000000 / 23 90 0 255 / 0.56410220 0.99867250
				-16.19017000 22.89511000 -15.12921000 / 0.00000000 0.00019070 -1.00000000 / 15 90 0 255 / 0.72950750 0.99867250
				-15.39359000 21.32924000 -15.50469000 / -0.24385080 0.48274260 0.84112800 / 19 129 0 255 / 0.87715150 0.99867250
				-16.19017000 22.89511000 -15.12921000 / -0.05016510 0.09765970 -0.99395480 / 15 90 0 255 / 0.72950750 0.99867250
				-16.19017000 22.89511000 -15.12921000 / -0.04863530 0.09631690 -0.99416180 / 15 90 0 255 / 0.72950750 0.99867250
				-16.22609000 22.85679000 -15.13116000 / -0.05016510 0.09765970 -0.99395480 / 13 85 0 255 / 0.86332700 0.77926640
				-16.22609000 22.85679000 -15.13116000 / -0.04863530 0.09631690 -0.99416180 / 13 85 0 255 / 0.86332700 0.77926640
				-16.22609000 22.85679000 -15.13116000 / -0.23327630 0.46197480 -0.85566430 / 13 85 0 255 / 0.86332700 0.77926640
				-15.98627000 22.38502000 -15.17412000 / -0.89033960 -0.45527860 -0.00410080 / 126 179 0 255 / 0.28871150 0.26167300
				-15.84931000 22.11563000 -15.74883000 / -0.06608740 0.12855090 -0.98949830 / 25 101 0 255 / 0.63443000 0.77926640
				-16.18217000 22.87897000 -15.13116000 / -0.04863530 0.09631690 -0.99416180 / 13 84 0 255 / 0.86332700 0.99867250
				-16.18217000 22.87897000 -15.13116000 / -0.23327630 0.46197480 -0.85566430 / 13 84 0 255 / 0.86332700 0.99867250
				-16.18217000 22.87897000 -15.13116000 / -0.23325730 0.46193710 -0.85568990 / 13 84 0 255 / 0.86332700 0.99867250
				-16.22183000 22.84809000 -15.13702000 / -0.23327630 0.46197480 -0.85566430 / 12 84 0 255 / 0.93911730 0.77926640
				-15.39359000 21.32924000 -15.50469000 / -0.30201860 0.59812450 0.74231510 / 19 129 0 255 / 0.87715150 0.99867250
				-16.22183000 22.84809000 -15.13702000 / -0.23325730 0.46193710 -0.85568990 / 12 84 0 255 / 0.93911730 0.77926640
				-16.17792000 22.87026000 -15.13702000 / -0.23325730 0.46193710 -0.85568990 / 12 83 0 255 / 0.93911730 0.99867250
				-16.17792000 22.87026000 -15.13702000 / -0.40546650 0.80292280 -0.43693490 / 12 83 0 255 / 0.93911730 0.99867250
				-16.17792000 22.87026000 -15.13702000 / -0.41596690 0.81076360 -0.41186640 / 12 83 0 255 / 0.93911730 0.99867250
				-15.98627000 22.38502000 -15.17412000 / -0.86282020 -0.50546560 -0.00677130 / 126 179 0 255 / 0.28871150 0.26167300
				-16.21983000 22.84405000 -15.14630000 / -0.40546650 0.80292280 -0.43693490 / 12 91 0 255 / 0.56410220 0.94863890
				-16.21983000 22.84405000 -15.14630000 / -0.41596690 0.81076360 -0.41186640 / 12 91 0 255 / 0.56410220 0.94863890
				-15.84931000 22.11563000 -15.74883000 / -0.23403970 0.45606260 -0.85862230 / 25 101 0 255 / 0.63443000 0.77926640
				-16.21983000 22.84405000 -15.14630000 / -0.45622900 0.88918880 0.03461770 / 12 91 0 255 / 0.56410220 0.94863890
				-16.22183000 22.84809000 -15.13702000 / -0.40546650 0.80292280 -0.43693490 / 12 84 0 255 / 0.56410220 0.99867250
				-16.17572000 22.86668000 -15.14630000 / -0.41596690 0.81076360 -0.41186640 / 12 89 0 255 / 0.93911730 0.94863890
				-15.39359000 21.32924000 -15.50469000 / -0.30354950 0.59184040 0.74671460 / 19 129 0 255 / 0.87715150 0.99867250
				-16.17572000 22.86668000 -15.14630000 / -0.45622900 0.88918880 0.03461770 / 12 89 0 255 / 0.93911730 0.94863890
				-16.17572000 22.86668000 -15.14630000 / -0.44972940 0.89316490 0.00019070 / 12 89 0 255 / 0.93911730 0.94863890
				-16.22028000 22.84424000 -15.15704000 / -0.45622900 0.88918880 0.03461770 / 12 98 0 255 / 0.56410220 0.88874820
				-15.98627000 22.38502000 -15.17412000 / -0.90609320 -0.42305330 0.00457770 / 126 179 0 255 / 0.28871150 0.26167300
				-16.22028000 22.84424000 -15.15704000 / -0.44972940 0.89316490 0.00019070 / 12 98 0 255 / 0.56410220 0.88874820
				-16.22028000 22.84424000 -15.15704000 / -0.42226960 0.83843600 0.34454840 / 12 98 0 255 / 0.56410220 0.88874820
				-16.17572000 22.86668000 -15.15704000 / -0.44972940 0.89316490 0.00019070 / 12 91 0 255 / 0.93911730 0.88874820
				-16.17572000 22.86668000 -15.15704000 / -0.42226960 0.83843600 0.34454840 / 12 91 0 255 / 0.93911730 0.88874820
				-15.84931000 22.11563000 -15.74883000 / -0.22917870 0.45473330 -0.86063620 / 25 101 0 255 / 0.63443000 0.77926640
				-16.17572000 22.86668000 -15.15704000 / -0.42383610 0.82592710 0.37176260 / 12 91 0 255 / 0.93911730 0.88874820
				-16.22183000 22.84807000 -15.16827000 / -0.42226960 0.83843600 0.34454840 / 11 109 0 255 / 0.56410220 0.82801820
				-15.44840000 21.32762000 -15.52568000 / -0.30201860 0.59812450 0.74231510 / 18 114 0 255 / 0.93911730 0.77926640
				-16.22183000 22.84807000 -15.16827000 / -0.42383610 0.82592710 0.37176260 / 11 109 0 255 / 0.56410220 0.82801820
				-16.22183000 22.84807000 -15.16827000 / -0.32461590 0.63244770 0.70330260 / 11 109 0 255 / 0.56410220 0.82801820
				-15.98627000 22.38502000 -15.17412000 / -0.89054050 -0.45490240 -0.00133510 / 126 179 0 255 / 0.28871150 0.26167300
				-16.17772000 22.87071000 -15.16827000 / -0.42383610 0.82592710 0.37176260 / 12 102 0 255 / 0.93911730 0.82801820
				-16.17772000 22.87071000 -15.16827000 / -0.32461590 0.63244770 0.70330260 / 12 102 0 255 / 0.93911730 0.82801820
				-16.17772000 22.87071000 -15.16827000 / -0.32461140 0.63224850 0.70348370 / 12 102 0 255 / 0.93911730 0.82801820
				-16.22602000 22.85569000 -15.17706000 / -0.32461590 0.63244770 0.70330260 / 12 128 0 255 / 0.56410220 0.77926640
				-16.22602000 22.85569000 -15.17706000 / -0.32461140 0.63224850 0.70348370 / 12 128 0 255 / 0.56410220 0.77926640
				-16.22602000 22.85569000 -15.17706000 / -0.18176620 0.35399580 0.91741370 / 12 128 0 255 / 0.56410220 0.77926640
				-15.82364000 22.17475000 -15.72442000 / -0.23403970 0.45606260 -0.85862230 / 24 100 0 255 / 0.56410220 0.99867250
				-16.18191000 22.87833000 -15.17706000 / -0.32461140 0.63224850 0.70348370 / 12 116 0 255 / 0.93911730 0.77926640
				-15.44840000 21.32762000 -15.52568000 / -0.30354950 0.59184040 0.74671460 / 18 114 0 255 / 0.93911730 0.77926640
				-16.23202000 22.86779000 -15.18292000 / -0.18176620 0.35399580 0.91741370 / 12 137 0 255 / 0.66186520 0.77926640
				-15.98627000 22.38502000 -15.17412000 / -0.89121900 -0.45357280 -0.00028610 / 126 179 0 255 / 0.28871150 0.26167300
				-16.23202000 22.86779000 -15.18292000 / -0.18176980 0.35419360 0.91733660 / 12 137 0 255 / 0.66186520 0.77926640
				-16.23202000 22.86779000 -15.18292000 / -0.04577580 0.08926280 0.99495570 / 12 137 0 255 / 0.66186520 0.77926640
				-16.18191000 22.87833000 -15.17706000 / -0.18176620 0.35399580 0.91741370 / 12 116 0 255 / 0.56410220 0.99867250
				-16.18191000 22.87833000 -15.17706000 / -0.18176980 0.35419360 0.91733660 / 12 116 0 255 / 0.56410220 0.99867250
				-16.18791000 22.89043000 -15.18292000 / -0.18176980 0.35419360 0.91733660 / 12 114 0 255 / 0.66186520 0.99867250
				-16.18791000 22.89043000 -15.18292000 / -0.04577580 0.08926280 0.99495570 / 12 114 0 255 / 0.66186520 0.99867250
				-16.18791000 22.89043000 -15.18292000 / -0.04596770 0.09098180 0.99479100 / 12 114 0 255 / 0.66186520 0.99867250
				-16.24053000 22.88521000 -15.18487000 / -0.04577580 0.08926280 0.99495570 / 13 127 0 255 / 0.80218510 0.77926640
				-15.82364000 22.17475000 -15.72442000 / -0.22917870 0.45473330 -0.86063620 / 24 100 0 255 / 0.56410220 0.99867250
				-15.40429000 21.35025000 -15.52568000 / -0.30354950 0.59184040 0.74671460 / 18 102 0 255 / 0.93911730 0.99867250
				-15.98627000 22.38502000 -15.17412000 / -0.88972130 -0.45644830 0.00715290 / 126 179 0 255 / 0.28871150 0.26167300
				-16.24053000 22.88521000 -15.18487000 / -0.04596770 0.09098180 0.99479100 / 13 127 0 255 / 0.80218510 0.77926640
				-16.24053000 22.88521000 -15.18487000 / 0.00000000 -0.00019070 1.00000000 / 13 127 0 255 / 0.80218510 0.77926640
				-16.19662000 22.90739000 -15.18487000 / -0.04596770 0.09098180 0.99479100 / 16 109 0 255 / 0.80218510 0.99867250
				-16.19662000 22.90739000 -15.18487000 / 0.00000000 -0.00019070 1.00000000 / 16 109 0 255 / 0.80218510 0.99867250
				-16.19662000 22.90739000 -15.18487000 / 0.00000000 -0.00019070 1.00000000 / 16 109 0 255 / 0.80218510 0.99867250
				-16.24924000 22.90217000 -15.18487000 / 0.00000000 -0.00019070 1.00000000 / 21 111 0 255 / 0.93911730 0.77926640
				-16.24924000 22.90217000 -15.18487000 / 0.00000000 -0.00019070 1.00000000 / 21 111 0 255 / 0.93911730 0.77926640
				-16.20533000 22.92436000 -15.18487000 / 0.00000000 -0.00019070 1.00000000 / 25 95 0 255 / 0.93911730 0.99867250
				-15.98595000 22.49312000 -15.18926000 / 0.39500170 -0.78180210 0.48245140 / 29 140 0 255 / 0.85292040 0.99867250
				-15.98595000 22.49312000 -15.18926000 / 0.39491680 -0.78201350 0.48217810 / 29 140 0 255 / 0.85292040 0.99867250
				-15.98330000 22.37952000 -15.20684000 / -0.89833310 -0.43924870 -0.00762920 / 128 184 0 255 / 0.30546570 0.35266110
				-15.48825000 21.40610000 -15.48614000 / 0.00000000 0.00000000 1.00000000 / 25 137 0 255 / 0.93911730 0.77926640
				-15.82364000 22.17475000 -15.72442000 / -0.38758860 0.76907350 -0.50823320 / 24 100 0 255 / 0.56410220 0.99867250
				-15.98595000 22.49312000 -15.18926000 / 0.44601600 -0.88306790 0.14581110 / 29 140 0 255 / 0.85292040 0.99867250
				-15.99091000 22.50266000 -15.16973000 / 0.39500170 -0.78180210 0.48245140 / 39 149 0 255 / 0.93911730 0.99867250
				-16.03483000 22.48047000 -15.16973000 / 0.39500170 -0.78180210 0.48245140 / 34 145 0 255 / 0.93911730 0.77926640
				-16.03483000 22.48047000 -15.16973000 / 0.39499730 -0.78198410 0.48215990 / 34 145 0 255 / 0.93911730 0.77926640
				-16.02986000 22.47094000 -15.18926000 / 0.39499730 -0.78198410 0.48215990 / 25 138 0 255 / 0.85292040 0.77926640
				-16.02986000 22.47094000 -15.18926000 / 0.44593960 -0.88310540 0.14581730 / 25 138 0 255 / 0.85292040 0.77926640
				-16.02986000 22.47094000 -15.18926000 / 0.44593960 -0.88310540 0.14581730 / 25 138 0 255 / 0.85292040 0.77926640
				-15.98420000 22.48972000 -15.21514000 / 0.44601600 -0.88306790 0.14581110 / 23 130 0 255 / 0.74040220 0.99867250
				-15.98330000 22.37952000 -15.20684000 / -0.89033960 -0.45527860 -0.00410080 / 128 184 0 255 / 0.30546570 0.35266110
				-15.98420000 22.48972000 -15.21514000 / 0.44593960 -0.88310540 0.14581730 / 23 130 0 255 / 0.74040220 0.99867250
				-15.48825000 21.40610000 -15.48614000 / 0.00000000 0.00000000 1.00000000 / 25 137 0 255 / 0.93911730 0.77926640
				-15.98420000 22.48972000 -15.21514000 / 0.44777830 -0.88659160 -0.11597410 / 23 130 0 255 / 0.74040220 0.99867250
				-16.20533000 22.92436000 -15.18487000 / 0.44228540 -0.87541600 -0.19501370 / 25 95 0 255 / 0.56410220 0.99867250
				-16.02812000 22.46754000 -15.21515000 / 0.44593960 -0.88310540 0.14581730 / 21 128 0 255 / 0.74040220 0.77926640
				-16.02812000 22.46754000 -15.21515000 / 0.44785450 -0.88655360 -0.11596920 / 21 128 0 255 / 0.74040220 0.77926640
				-16.02812000 22.46754000 -15.21515000 / 0.45395710 -0.88464420 -0.10643200 / 21 128 0 255 / 0.74040220 0.77926640
				-15.98595000 22.49312000 -15.24786000 / 0.44777830 -0.88659160 -0.11597410 / 21 116 0 255 / 0.59844970 0.99867250
				-15.98595000 22.49312000 -15.24786000 / 0.45395710 -0.88464420 -0.10643200 / 21 116 0 255 / 0.59844970 0.99867250
				-15.98595000 22.49312000 -15.24786000 / 0.44977620 -0.87628160 -0.17271940 / 21 116 0 255 / 0.59844970 0.99867250
				-15.98704000 22.38694000 -15.21855000 / -0.89033960 -0.45527860 -0.00410080 / 124 187 0 255 / 0.28279110 0.38592530
				-16.03006000 22.47049000 -15.24786000 / 0.45395710 -0.88464420 -0.10643200 / 22 117 0 255 / 0.59844970 0.77926640
				-16.03006000 22.47049000 -15.24786000 / 0.44977620 -0.87628160 -0.17271940 / 22 117 0 255 / 0.59844970 0.77926640
				-15.48825000 21.40610000 -15.48614000 / -0.44289400 0.87701400 0.18625580 / 25 137 0 255 / 0.93911730 0.77926640
				-16.03006000 22.47049000 -15.24786000 / 0.44960180 -0.87631340 -0.17301180 / 22 117 0 255 / 0.59844970 0.77926640
				-15.98646000 22.49440000 -15.25567000 / 0.44977620 -0.87628160 -0.17271940 / 23 102 0 255 / 0.56410220 0.99867250
				-16.20533000 22.92436000 -15.18487000 / 0.44822580 -0.87356350 -0.18968530 / 25 95 0 255 / 0.56410220 0.99867250
				-15.98646000 22.49440000 -15.25567000 / 0.44967790 -0.87627580 -0.17300440 / 23 102 0 255 / 0.56410220 0.99867250
				-16.03057000 22.47177000 -15.25567000 / 0.44960180 -0.87631340 -0.17301180 / 26 92 0 255 / 0.56410220 0.77926640
				-16.06519000 22.54008000 -15.27569000 / -0.03166070 0.06160490 0.99759830 / 12 100 0 255 / 0.76841730 0.77926640
				-16.06519000 22.54008000 -15.27569000 / -0.03166070 0.06160490 0.99759830 / 12 100 0 255 / 0.76841730 0.77926640
				-15.98704000 22.38694000 -15.21855000 / -0.86282020 -0.50546560 -0.00677130 / 124 187 0 255 / 0.28279110 0.38592530
				-16.06519000 22.54008000 -15.27569000 / -0.30479770 0.59357360 0.74482800 / 12 100 0 255 / 0.76841730 0.77926640
				-16.03354000 22.47728000 -15.27081000 / -0.03166070 0.06160490 0.99759830 / 13 103 0 255 / 0.56410220 0.77926640
				-15.98942000 22.49991000 -15.27080000 / -0.03166070 0.06160490 0.99759830 / 12 95 0 255 / 0.56410220 0.99867250
				-16.02477000 22.56905000 -15.32989000 / 0.13026720 -0.25786420 -0.95735920 / 50 97 0 255 / 0.81419370 0.99867250
				-15.98942000 22.49991000 -15.27080000 / -0.03166070 0.06160490 0.99759830 / 12 95 0 255 / 0.56410220 0.99867250
				-16.02110000 22.56272000 -15.27569000 / -0.03166070 0.06160490 0.99759830 / 11 101 0 255 / 0.76841730 0.99867250
				-16.02110000 22.56272000 -15.27569000 / -0.30479770 0.59357360 0.74482800 / 11 101 0 255 / 0.76841730 0.99867250
				-15.86819000 22.15230000 -15.72442000 / -0.22917870 0.45473330 -0.86063620 / 24 106 0 255 / 0.56410220 0.77926640
				-16.02110000 22.56272000 -15.27569000 / -0.30480240 0.59415480 0.74436250 / 11 101 0 255 / 0.76841730 0.99867250
				-16.06868000 22.54686000 -15.28253000 / -0.30479770 0.59357360 0.74482800 / 10 110 0 255 / 0.79055790 0.77926640
				-15.98975000 22.39181000 -15.23662000 / -0.86282020 -0.50546560 -0.00677130 / 125 186 0 255 / 0.26763920 0.43534850
				-16.06868000 22.54686000 -15.28253000 / -0.30480240 0.59415480 0.74436250 / 10 110 0 255 / 0.79055790 0.77926640
				-16.06868000 22.54686000 -15.28253000 / -0.24413580 0.47606470 0.84484330 / 10 110 0 255 / 0.79055790 0.77926640
				-16.02457000 22.56950000 -15.28253000 / -0.30480240 0.59415480 0.74436250 / 11 106 0 255 / 0.79055790 0.99867250
				-16.02457000 22.56950000 -15.28253000 / -0.24413580 0.47606470 0.84484330 / 11 106 0 255 / 0.79055790 0.99867250
				-16.02477000 22.56905000 -15.32989000 / 0.13026720 -0.25786420 -0.95735920 / 50 97 0 255 / 0.81419370 0.99867250
				-16.02457000 22.56950000 -15.28253000 / -0.24413830 0.47587890 0.84494730 / 11 106 0 255 / 0.79055790 0.99867250
				-16.07191000 22.55301000 -15.28692000 / -0.24413580 0.47606470 0.84484330 / 11 101 0 255 / 0.81005860 0.77926640
				-16.07191000 22.55301000 -15.28692000 / -0.24413830 0.47587890 0.84494730 / 11 101 0 255 / 0.81005860 0.77926640
				-16.07191000 22.55301000 -15.28692000 / -0.16078670 0.31337190 0.93591970 / 11 101 0 255 / 0.81005860 0.77926640
				-15.86819000 22.15230000 -15.72442000 / -0.38758860 0.76907350 -0.50823320 / 24 106 0 255 / 0.56410220 0.77926640
				-15.98975000 22.39181000 -15.23662000 / -0.90609320 -0.42305330 0.00457770 / 125 186 0 255 / 0.26763920 0.43534850
				-16.02780000 22.57565000 -15.28692000 / -0.24413830 0.47587890 0.84494730 / 12 93 0 255 / 0.81005860 0.99867250
				-16.02780000 22.57565000 -15.28692000 / -0.16078670 0.31337190 0.93591970 / 12 93 0 255 / 0.81005860 0.99867250
				-16.02780000 22.57565000 -15.28692000 / -0.16326240 0.32309170 0.93217870 / 12 93 0 255 / 0.81005860 0.99867250
				-16.07642000 22.56237000 -15.29083000 / -0.16078670 0.31337190 0.93591970 / 12 101 0 255 / 0.83975220 0.77926640
				-16.07642000 22.56237000 -15.29083000 / -0.16326240 0.32309170 0.93217870 / 12 101 0 255 / 0.83975220 0.77926640
				-16.02477000 22.56905000 -15.32989000 / 0.03566770 -0.07038159 -0.99688230 / 50 97 0 255 / 0.81419370 0.99867250
				-16.07642000 22.56237000 -15.29083000 / -0.06484840 0.12836160 0.98960500 / 12 101 0 255 / 0.83975220 0.77926640
				-16.03251000 22.58454000 -15.29083000 / -0.16326240 0.32309170 0.93217870 / 13 106 0 255 / 0.83975220 0.99867250
				-16.03251000 22.58454000 -15.29083000 / -0.06484840 0.12836160 0.98960500 / 13 106 0 255 / 0.83975220 0.99867250
				-16.03251000 22.58454000 -15.29083000 / -0.06370480 0.12435790 0.99019030 / 13 106 0 255 / 0.83975220 0.99867250
				-15.99775000 22.40795000 -15.32890000 / -0.90609320 -0.42305330 0.00457770 / 128 184 0 255 / 0.21670530 0.69294740
				-16.08113000 22.57127000 -15.29229000 / -0.06484840 0.12836160 0.98960500 / 15 115 0 255 / 0.86947630 0.77926640
				-15.86819000 22.15230000 -15.72442000 / -0.39462340 0.76883860 -0.50314960 / 24 106 0 255 / 0.56410220 0.77926640
				-16.08113000 22.57127000 -15.29229000 / -0.06370480 0.12435790 0.99019030 / 15 115 0 255 / 0.86947630 0.77926640
				-16.08113000 22.57127000 -15.29229000 / 0.10700030 -0.20846950 0.97215820 / 15 115 0 255 / 0.86947630 0.77926640
				-16.03702000 22.59389000 -15.29229000 / -0.06370480 0.12435790 0.99019030 / 17 108 0 255 / 0.86947630 0.99867250
				-16.03702000 22.59389000 -15.29229000 / 0.10700030 -0.20846950 0.97215820 / 17 108 0 255 / 0.86947630 0.99867250
				-15.44447000 21.32064000 -15.48613000 / 0.00000000 0.00000000 1.00000000 / 24 134 0 255 / 0.56410220 0.77926640
				-16.03702000 22.59389000 -15.29229000 / 0.10776590 -0.21324300 0.97103760 / 17 108 0 255 / 0.86947630 0.99867250
				-16.08738000 22.58400000 -15.28888000 / 0.10700030 -0.20846950 0.97215820 / 22 107 0 255 / 0.91036990 0.77926640
				-16.08738000 22.58400000 -15.28888000 / 0.10776590 -0.21324300 0.97103760 / 22 107 0 255 / 0.91036990 0.77926640
				-15.99775000 22.40795000 -15.32890000 / -0.89052060 -0.45494090 -0.00133530 / 128 184 0 255 / 0.21670530 0.69294740
				-16.08738000 22.58400000 -15.28888000 / 0.29696250 -0.58782180 0.75251490 / 22 107 0 255 / 0.91036990 0.77926640
				-16.04347000 22.60619000 -15.28888000 / 0.10776590 -0.21324300 0.97103760 / 30 106 0 255 / 0.91036990 0.99867250
				-16.04347000 22.60619000 -15.28888000 / 0.29696250 -0.58782180 0.75251490 / 30 106 0 255 / 0.91036990 0.99867250
				-15.83609000 22.19914000 -15.67803000 / -0.38758860 0.76907350 -0.50823320 / 24 111 0 255 / 0.64886480 0.99867250
				-16.04347000 22.60619000 -15.28888000 / 0.29543770 -0.57580780 0.76233980 / 30 106 0 255 / 0.91036990 0.99867250
				-16.09209000 22.59289000 -15.28008000 / 0.29696250 -0.58782180 0.75251490 / 44 111 0 255 / 0.93911730 0.77926640
				-16.09209000 22.59289000 -15.28008000 / 0.29543770 -0.57580780 0.76233980 / 44 111 0 255 / 0.93911730 0.77926640
				-15.40055000 21.34282000 -15.48613000 / 0.00000000 0.00000000 1.00000000 / 24 149 0 255 / 0.56410220 0.99867250
				-16.04798000 22.61552000 -15.28008000 / 0.29543770 -0.57580780 0.76233980 / 57 105 0 255 / 0.93911730 0.99867250
				-15.87948000 22.17567000 -15.21513000 / 0.44794320 -0.87261660 -0.19464600 / 59 93 0 255 / 0.81817640 0.77926640
				-16.02961000 22.47030000 -15.32891000 / -0.89054050 -0.45490240 -0.00133510 / 126 178 0 255 / 0.02296450 0.69294740
				-15.87948000 22.17567000 -15.21513000 / 0.44216310 -0.87497940 -0.19723760 / 59 93 0 255 / 0.81817640 0.77926640
				-15.87948000 22.17567000 -15.21513000 / 0.45011300 -0.89068970 -0.06379780 / 59 93 0 255 / 0.81817640 0.77926640
				-15.89012000 22.19559000 -15.32890000 / 0.44794320 -0.87261660 -0.19464600 / 60 89 0 255 / 0.56410220 0.77926640
				-15.84602000 22.21823000 -15.32890000 / 0.44794320 -0.87261660 -0.19464600 / 61 91 0 255 / 0.56410220 0.99867250
				-15.84602000 22.21823000 -15.32890000 / 0.44216310 -0.87497940 -0.19723760 / 61 91 0 255 / 0.56410220 0.99867250
				-15.83609000 22.19914000 -15.67803000 / -0.39462340 0.76883860 -0.50314960 / 24 111 0 255 / 0.64886480 0.99867250
				-15.83557000 22.19787000 -15.21513000 / 0.44216310 -0.87497940 -0.19723760 / 54 98 0 255 / 0.81817640 0.99867250
				-15.83557000 22.19787000 -15.21513000 / 0.45011300 -0.89068970 -0.06379780 / 54 98 0 255 / 0.81817640 0.99867250
				-15.40055000 21.34282000 -15.48613000 / 0.00000000 0.00000000 1.00000000 / 24 149 0 255 / 0.56410220 0.99867250
				-15.83557000 22.19787000 -15.21513000 / 0.44995260 -0.89074980 -0.06408820 / 54 98 0 255 / 0.81817640 0.99867250
				-16.02961000 22.47030000 -15.32891000 / -0.89123880 -0.45353430 -0.00028610 / 126 178 0 255 / 0.02296450 0.69294740
				-15.87871000 22.17376000 -15.18291000 / 0.45011300 -0.89068970 -0.06379780 / 55 110 0 255 / 0.88955690 0.77926640
				-15.87871000 22.17376000 -15.18291000 / 0.44995260 -0.89074980 -0.06408820 / 55 110 0 255 / 0.88955690 0.77926640
				-15.87871000 22.17376000 -15.18291000 / 0.42588110 -0.84317960 0.32813630 / 55 110 0 255 / 0.88955690 0.77926640
				-15.83479000 22.19594000 -15.18291000 / 0.44995260 -0.89074980 -0.06408820 / 55 115 0 255 / 0.88955690 0.99867250
				-15.83479000 22.19594000 -15.18291000 / 0.42588110 -0.84317960 0.32813630 / 55 115 0 255 / 0.88955690 0.99867250
				-15.83479000 22.19594000 -15.18291000 / 0.42931240 -0.83669200 0.34005510 / 55 115 0 255 / 0.88955690 0.99867250
				-15.88219000 22.18055000 -15.16094000 / 0.42588110 -0.84317960 0.32813630 / 57 131 0 255 / 0.93911730 0.77926640
				-15.83609000 22.19914000 -15.67803000 / -0.45664010 0.88962780 -0.00648530 / 24 111 0 255 / 0.64886480 0.99867250
				-15.88219000 22.18055000 -15.16094000 / 0.42931240 -0.83669200 0.34005510 / 57 131 0 255 / 0.93911730 0.77926640
				-15.44433000 21.42828000 -15.48614000 / 0.00000000 0.00000000 1.00000000 / 29 127 0 255 / 0.93911730 0.99867250
				-16.01316000 22.43785000 -15.14728000 / -0.89123880 -0.45353430 -0.00028610 / 120 168 0 255 / 0.12297060 0.18731690
				-15.83809000 22.20318000 -15.16094000 / 0.42931240 -0.83669200 0.34005510 / 54 135 0 255 / 0.93911730 0.99867250
				-15.89012000 22.19559000 -15.14775000 / 0.27979470 -0.54528490 0.79017680 / 49 156 0 255 / 0.62138360 0.77926640
				-15.89012000 22.19559000 -15.14775000 / 0.27980270 -0.54510980 0.79029480 / 49 156 0 255 / 0.62138360 0.77926640
				-15.89012000 22.19559000 -15.14775000 / 0.07810951 -0.15202260 0.98528580 / 49 156 0 255 / 0.62138360 0.77926640
				-15.88219000 22.18055000 -15.16094000 / 0.27979470 -0.54528490 0.79017680 / 57 131 0 255 / 0.56410220 0.77926640
				-15.83809000 22.20318000 -15.16094000 / 0.27979470 -0.54528490 0.79017680 / 54 135 0 255 / 0.56410220 0.99867250
				-15.83809000 22.20318000 -15.16094000 / 0.27980270 -0.54510980 0.79029480 / 54 135 0 255 / 0.56410220 0.99867250
				-15.84601000 22.21822000 -15.14775000 / 0.27980270 -0.54510980 0.79029480 / 39 164 0 255 / 0.62138360 0.99867250
				-15.84601000 22.21822000 -15.14775000 / 0.07810951 -0.15202260 0.98528580 / 39 164 0 255 / 0.62138360 0.99867250
				-15.88019000 22.17651000 -15.67802000 / -0.39462340 0.76883860 -0.50314960 / 24 126 0 255 / 0.64886480 0.77926640
				-16.01316000 22.43785000 -15.14728000 / -0.88974110 -0.45640950 0.00715230 / 120 168 0 255 / 0.12297060 0.18731690
				-15.44433000 21.42828000 -15.48614000 / -0.44289400 0.87701400 0.18625580 / 29 127 0 255 / 0.93911730 0.99867250
				-15.84601000 22.21822000 -15.14775000 / 0.07810920 -0.15450160 0.98490010 / 39 164 0 255 / 0.62138360 0.99867250
				-15.90115000 22.21832000 -15.14337000 / 0.07810951 -0.15202260 0.98528580 / 29 176 0 255 / 0.70600890 0.77926640
				-15.90115000 22.21832000 -15.14337000 / 0.07810920 -0.15450160 0.98490010 / 29 176 0 255 / 0.70600890 0.77926640
				-15.90115000 22.21832000 -15.14337000 / -0.03576190 0.07076100 0.99685200 / 29 176 0 255 / 0.70600890 0.77926640
				-15.85723000 22.24050000 -15.14337000 / 0.07810920 -0.15450160 0.98490010 / 24 173 0 255 / 0.70600890 0.99867250
				-15.85723000 22.24050000 -15.14337000 / -0.03576190 0.07076100 0.99685200 / 24 173 0 255 / 0.70600890 0.99867250
				-15.85723000 22.24050000 -15.14337000 / -0.03576190 0.07076100 0.99685200 / 24 173 0 255 / 0.70600890 0.99867250
				-15.90960000 22.23465000 -15.14483000 / -0.03576190 0.07076100 0.99685200 / 23 180 0 255 / 0.76843260 0.77926640
				-15.90960000 22.23465000 -15.14483000 / -0.03576190 0.07076100 0.99685200 / 23 180 0 255 / 0.76843260 0.77926640
				-15.98356000 22.38016000 -15.14727000 / -0.88972130 -0.45644830 0.00715290 / 117 167 0 255 / 0.30340580 0.18731690
				-15.90960000 22.23465000 -15.14483000 / -0.13198640 0.26149330 0.95613860 / 23 180 0 255 / 0.76843260 0.77926640
				-15.44433000 21.42828000 -15.48614000 / -0.44297070 0.87697700 0.18624790 / 29 127 0 255 / 0.93911730 0.99867250
				-15.88019000 22.17651000 -15.67802000 / -0.45664010 0.88962780 -0.00648530 / 24 126 0 255 / 0.64886480 0.77926640
				-15.86568000 22.25683000 -15.14483000 / -0.03576190 0.07076100 0.99685200 / 22 177 0 255 / 0.76843260 0.99867250
				-15.86568000 22.25683000 -15.14483000 / -0.13198640 0.26149330 0.95613860 / 22 177 0 255 / 0.76843260 0.99867250
				-15.86568000 22.25683000 -15.14483000 / -0.13131460 0.25595380 0.95772860 / 22 177 0 255 / 0.76843260 0.99867250
				-15.91682000 22.24886000 -15.14971000 / -0.13198640 0.26149330 0.95613860 / 22 183 0 255 / 0.82237240 0.77926640
				-15.91682000 22.24886000 -15.14971000 / -0.13131460 0.25595380 0.95772860 / 22 183 0 255 / 0.82237240 0.77926640
				-15.91682000 22.24886000 -15.14971000 / -0.22563900 0.43964320 0.86936820 / 22 183 0 255 / 0.82237240 0.77926640
				-15.87271000 22.27150000 -15.14971000 / -0.13131460 0.25595380 0.95772860 / 22 182 0 255 / 0.82237240 0.99867250
				-16.00987000 22.54044000 -15.14629000 / 0.03929110 -0.07648410 0.99629630 / 40 184 0 255 / 0.66444390 0.99867250
				-15.87271000 22.27150000 -15.14971000 / -0.22563900 0.43964320 0.86936820 / 22 182 0 255 / 0.82237240 0.99867250
				-15.87271000 22.27150000 -15.14971000 / -0.22563900 0.43964320 0.86936820 / 22 182 0 255 / 0.82237240 0.99867250
				-15.52488000 21.47844000 -15.91387000 / -0.44289400 0.87701400 0.18625580 / 32 105 0 255 / 0.56410220 0.77926640
				-15.92449000 22.26326000 -15.15899000 / -0.22563900 0.43964320 0.86936820 / 21 180 0 255 / 0.87640380 0.77926640
				-15.88019000 22.17651000 -15.67802000 / -0.45099350 0.89245020 -0.01173020 / 24 126 0 255 / 0.64886480 0.77926640
				-15.92449000 22.26326000 -15.15899000 / -0.22563900 0.43964320 0.86936820 / 21 180 0 255 / 0.87640380 0.77926640
				-15.92449000 22.26326000 -15.15899000 / -0.28734560 0.56000440 0.77706340 / 21 180 0 255 / 0.87640380 0.77926640
				-15.88038000 22.28589000 -15.15899000 / -0.22563900 0.43964320 0.86936820 / 20 177 0 255 / 0.87640380 0.99867250
				-15.88038000 22.28589000 -15.15899000 / -0.28734560 0.56000440 0.77706340 / 20 177 0 255 / 0.87640380 0.99867250
				-15.88038000 22.28589000 -15.15899000 / -0.28676180 0.56742020 0.77188210 / 20 177 0 255 / 0.87640380 0.99867250
				-16.00987000 22.54044000 -15.14629000 / 0.03910070 -0.07648470 0.99630380 / 40 184 0 255 / 0.66444390 0.99867250
				-15.93274000 22.28003000 -15.17412000 / -0.28734560 0.56000440 0.77706340 / 20 173 0 255 / 0.93911730 0.77926640
				-15.93274000 22.28003000 -15.17412000 / -0.28676180 0.56742020 0.77188210 / 20 173 0 255 / 0.93911730 0.77926640
				-15.88883000 22.30222000 -15.17412000 / -0.28676180 0.56742020 0.77188210 / 20 181 0 255 / 0.93911730 0.99867250
				-15.52488000 21.47844000 -15.91387000 / -0.44297070 0.87697700 0.18624790 / 32 105 0 255 / 0.56410220 0.77926640
				-15.93997000 22.29425000 -15.15117000 / 0.31566800 -0.61531420 0.72231710 / 36 161 0 255 / 0.59646610 0.77926640
				-15.93997000 22.29425000 -15.15117000 / 0.31709560 -0.62789710 0.71077110 / 36 161 0 255 / 0.59646610 0.77926640
				-15.83653000 22.19934000 -15.61943000 / -0.45664010 0.88962780 -0.00648530 / 25 122 0 255 / 0.75651550 0.99867250
				-15.93997000 22.29425000 -15.15117000 / 0.17537230 -0.34731160 0.92120530 / 36 161 0 255 / 0.59646610 0.77926640
				-15.93571000 22.28554000 -15.16045000 / 0.31566800 -0.61531420 0.72231710 / 22 162 0 255 / 0.56410220 0.77926640
				-15.89160000 22.30817000 -15.16045000 / 0.31566800 -0.61531420 0.72231710 / 28 162 0 255 / 0.56410220 0.99867250
				-16.00987000 22.54044000 -15.14629000 / 0.14972270 -0.29181620 0.94468330 / 40 184 0 255 / 0.66444390 0.99867250
				-15.89160000 22.30817000 -15.16045000 / 0.31709560 -0.62789710 0.71077110 / 28 162 0 255 / 0.56410220 0.99867250
				-15.89604000 22.31643000 -15.15117000 / 0.31709560 -0.62789710 0.71077110 / 37 167 0 255 / 0.59646610 0.99867250
				-15.89604000 22.31643000 -15.15117000 / 0.17537230 -0.34731160 0.92120530 / 37 167 0 255 / 0.59646610 0.99867250
				-15.89604000 22.31643000 -15.15117000 / 0.17424010 -0.33951540 0.92432110 / 37 167 0 255 / 0.59646610 0.99867250
				-15.48096000 21.50062000 -15.91387000 / -0.44297070 0.87697700 0.18624790 / 38 101 0 255 / 0.56410220 0.99867250
				-15.94642000 22.30654000 -15.14531000 / 0.17537230 -0.34731160 0.92120530 / 33 170 0 255 / 0.64288330 0.77926640
				-15.94642000 22.30654000 -15.14531000 / 0.17424010 -0.33951540 0.92432110 / 33 170 0 255 / 0.64288330 0.77926640
				-15.94642000 22.30654000 -15.14531000 / 0.04644510 -0.09060140 0.99480360 / 33 170 0 255 / 0.64288330 0.77926640
				-15.83653000 22.19934000 -15.61943000 / -0.45099350 0.89245020 -0.01173020 / 25 122 0 255 / 0.75651550 0.99867250
				-15.90231000 22.32917000 -15.14531000 / 0.17424010 -0.33951540 0.92432110 / 26 176 0 255 / 0.64288330 0.99867250
				-15.79378000 22.00660000 -15.24737000 / -0.89054120 -0.45490270 -0.00028610 / 131 157 0 255 / 0.46472170 0.48562620
				-15.90231000 22.32917000 -15.14531000 / 0.04644510 -0.09060140 0.99480360 / 26 176 0 255 / 0.64288330 0.99867250
				-15.90231000 22.32917000 -15.14531000 / 0.04644510 -0.09060140 0.99480360 / 26 176 0 255 / 0.64288330 0.99867250
				-15.95512000 22.32350000 -15.14336000 / 0.04644510 -0.09060140 0.99480360 / 23 176 0 255 / 0.70716860 0.77926640
				-15.95512000 22.32350000 -15.14336000 / 0.04644510 -0.09060140 0.99480360 / 23 176 0 255 / 0.70716860 0.77926640
				-15.95512000 22.32350000 -15.14336000 / -0.04654030 0.09060100 0.99479930 / 23 176 0 255 / 0.70716860 0.77926640
				-15.40577000 21.35300000 -15.59014000 / 0.37211190 -0.72534160 -0.57914800 / 146 111 0 255 / 0.86119080 0.99867250
				-15.91101000 22.34614000 -15.14336000 / 0.04644510 -0.09060140 0.99480360 / 22 176 0 255 / 0.70716860 0.99867250
				-15.91101000 22.34614000 -15.14336000 / -0.04654030 0.09060100 0.99479930 / 22 176 0 255 / 0.70716860 0.99867250
				-15.91101000 22.34614000 -15.14336000 / -0.04654030 0.09060100 0.99479930 / 22 176 0 255 / 0.70716860 0.99867250
				-15.96383000 22.34047000 -15.14532000 / -0.04654030 0.09060100 0.99479930 / 21 177 0 255 / 0.77136230 0.77926640
				-15.79378000 22.00660000 -15.24737000 / -0.89005560 -0.45585190 0.00019070 / 131 157 0 255 / 0.46472170 0.48562620
				-15.83653000 22.19934000 -15.61943000 / -0.42018710 0.83160040 0.36315760 / 25 122 0 255 / 0.75651550 0.99867250
				-15.96383000 22.34047000 -15.14532000 / -0.04654030 0.09060100 0.99479930 / 21 177 0 255 / 0.77136230 0.77926640
				-15.96383000 22.34047000 -15.14532000 / -0.12875080 0.25082560 0.95943190 / 21 177 0 255 / 0.77136230 0.77926640
				-15.91971000 22.36310000 -15.14532000 / -0.04654030 0.09060100 0.99479930 / 21 176 0 255 / 0.77136230 0.99867250
				-15.91971000 22.36310000 -15.14532000 / -0.12875080 0.25082560 0.95943190 / 21 176 0 255 / 0.77136230 0.99867250
				-15.91971000 22.36310000 -15.14532000 / -0.12875080 0.25082560 0.95943190 / 21 176 0 255 / 0.77136230 0.99867250
				-15.40577000 21.35300000 -15.59014000 / 0.37221460 -0.72535580 -0.57906400 / 146 111 0 255 / 0.86119080 0.99867250
				-15.97130000 22.35532000 -15.15020000 / -0.12875080 0.25082560 0.95943190 / 20 183 0 255 / 0.82797240 0.77926640
				-15.97130000 22.35532000 -15.15020000 / -0.12875080 0.25082560 0.95943190 / 20 183 0 255 / 0.82797240 0.77926640
				-15.97130000 22.35532000 -15.15020000 / -0.23516350 0.45831130 0.85711660 / 20 183 0 255 / 0.82797240 0.77926640
				-15.79378000 22.00660000 -15.24737000 / -0.88922470 -0.45739190 -0.00848790 / 131 157 0 255 / 0.46472170 0.48562620
				-15.92720000 22.37795000 -15.15020000 / -0.12875080 0.25082560 0.95943190 / 19 182 0 255 / 0.82797240 0.99867250
				-15.92720000 22.37795000 -15.15020000 / -0.23516350 0.45831130 0.85711660 / 19 182 0 255 / 0.82797240 0.99867250
				-15.88045000 22.17715000 -15.61943000 / -0.45099350 0.89245020 -0.01173020 / 24 128 0 255 / 0.75651550 0.77926640
				-15.92720000 22.37795000 -15.15020000 / -0.23555400 0.46633970 0.85266740 / 19 182 0 255 / 0.82797240 0.99867250
				-15.97834000 22.36998000 -15.15997000 / -0.23516350 0.45831130 0.85711660 / 17 177 0 255 / 0.88217160 0.77926640
				-15.97834000 22.36998000 -15.15997000 / -0.23555400 0.46633970 0.85266740 / 17 177 0 255 / 0.88217160 0.77926640
				-15.97834000 22.36998000 -15.15997000 / -0.28848240 0.57105220 0.76855530 / 17 177 0 255 / 0.88217160 0.77926640
				-15.40577000 21.35300000 -15.59014000 / 0.43649170 -0.85047690 -0.29353760 / 146 111 0 255 / 0.86119080 0.99867250
				-15.93442000 22.39216000 -15.15997000 / -0.23555400 0.46633970 0.85266740 / 15 151 0 255 / 0.88217160 0.99867250
				-15.93442000 22.39216000 -15.15997000 / -0.28848240 0.57105220 0.76855530 / 15 151 0 255 / 0.88217160 0.99867250
				-15.78482000 21.98900000 -15.14726000 / -0.89054120 -0.45490270 -0.00028610 / 125 158 0 255 / 0.51969910 0.20771790
				-15.93442000 22.39216000 -15.15997000 / -0.28839500 0.57106790 0.76857640 / 15 151 0 255 / 0.88217160 0.99867250
				-15.98627000 22.38502000 -15.17412000 / -0.28848240 0.57105220 0.76855530 / 14 134 0 255 / 0.93911730 0.77926640
				-15.98627000 22.38502000 -15.17412000 / -0.28839500 0.57106790 0.76857640 / 14 134 0 255 / 0.93911730 0.77926640
				-15.94235000 22.40721000 -15.17412000 / -0.28839500 0.57106790 0.76857640 / 13 108 0 255 / 0.93911730 0.99867250
				-15.88045000 22.17715000 -15.61943000 / -0.42018710 0.83160040 0.36315760 / 24 128 0 255 / 0.75651550 0.77926640
				-16.01316000 22.43785000 -15.14728000 / 0.00000000 0.00000000 1.00000000 / 17 183 0 255 / 0.93911730 0.77926640
				-16.01316000 22.43785000 -15.14728000 / 0.00000000 0.00000000 1.00000000 / 17 183 0 255 / 0.93911730 0.77926640
				-16.01316000 22.43785000 -15.14728000 / -0.44747780 0.87244830 0.19646300 / 17 183 0 255 / 0.93911730 0.77926640
				-15.39932000 21.34071000 -15.57061000 / 0.37211190 -0.72534160 -0.57914800 / 115 100 0 255 / 0.93911730 0.99867250
				-15.98356000 22.38016000 -15.14727000 / 0.00000000 0.00000000 1.00000000 / 19 183 0 255 / 0.56410220 0.77926640
				-15.81667000 22.05135000 -15.14727000 / -0.89054120 -0.45490270 -0.00028610 / 128 154 0 255 / 0.32458500 0.20771790
				-15.93965000 22.40235000 -15.14727000 / 0.00000000 0.00000000 1.00000000 / 18 181 0 255 / 0.56410220 0.99867250
				-15.93965000 22.40235000 -15.14727000 / -0.00009540 0.00000000 1.00000000 / 18 181 0 255 / 0.56410220 0.99867250
				-15.96904000 22.46047000 -15.14727000 / -0.00009540 0.00000000 1.00000000 / 16 164 0 255 / 0.93911730 0.99867250
				-15.96904000 22.46047000 -15.14727000 / -0.44747780 0.87244830 0.19646300 / 16 164 0 255 / 0.93911730 0.99867250
				-15.96904000 22.46047000 -15.14727000 / -0.44230180 0.87544860 0.19483020 / 16 164 0 255 / 0.93911730 0.99867250
				-16.02961000 22.47030000 -15.32891000 / -0.44747780 0.87244830 0.19646300 / 15 156 0 255 / 0.56410220 0.77926640
				-15.88045000 22.17715000 -15.61943000 / -0.42007100 0.83175020 0.36294900 / 24 128 0 255 / 0.75651550 0.77926640
				-16.02961000 22.47030000 -15.32891000 / -0.44230180 0.87544860 0.19483020 / 15 156 0 255 / 0.56410220 0.77926640
				-15.98569000 22.49249000 -15.32891000 / -0.44230180 0.87544860 0.19483020 / 14 116 0 255 / 0.56410220 0.99867250
				-15.44344000 21.31808000 -15.57061000 / 0.37211190 -0.72534160 -0.57914800 / 134 106 0 255 / 0.93911730 0.77926640
				-15.81667000 22.05135000 -15.14727000 / -0.89005560 -0.45585190 0.00019070 / 128 154 0 255 / 0.32458500 0.20771790
				-15.86052000 22.13791000 -15.14727000 / 0.00000000 0.00000000 1.00000000 / 20 137 0 255 / 0.93911730 0.77926640
				-15.86052000 22.13791000 -15.14727000 / 0.00009540 0.00000000 1.00000000 / 20 137 0 255 / 0.93911730 0.77926640
				-15.86052000 22.13791000 -15.14727000 / -0.44763030 0.87237380 0.19644620 / 20 137 0 255 / 0.93911730 0.77926640
				-15.82892000 22.07620000 -15.14727000 / 0.00000000 0.00000000 1.00000000 / 18 138 0 255 / 0.56410220 0.77926640
				-15.78501000 22.09837000 -15.14727000 / 0.00000000 0.00000000 1.00000000 / 19 133 0 255 / 0.56410220 0.99867250
				-15.78501000 22.09837000 -15.14727000 / 0.00009540 0.00000000 1.00000000 / 19 133 0 255 / 0.56410220 0.99867250
				-15.81641000 22.16055000 -15.14727000 / 0.00009540 0.00000000 1.00000000 / 23 124 0 255 / 0.93911730 0.99867250
				-15.81641000 22.16055000 -15.14727000 / -0.44763030 0.87237380 0.19644620 / 23 124 0 255 / 0.93911730 0.99867250
				-15.82661000 22.18027000 -15.56426000 / -0.42018710 0.83160040 0.36315760 / 24 120 0 255 / 0.85755920 0.99867250
				-15.81641000 22.16055000 -15.14727000 / -0.44223330 0.87550180 0.19474670 / 23 124 0 255 / 0.93911730 0.99867250
				-15.82712000 22.07171000 -15.26299000 / -0.89005560 -0.45585190 0.00019070 / 137 158 0 255 / 0.26098630 0.52929690
				-15.44344000 21.31808000 -15.57061000 / 0.37223510 -0.72539590 -0.57900060 / 134 106 0 255 / 0.93911730 0.77926640
				-15.87697000 22.17037000 -15.32891000 / -0.44763030 0.87237380 0.19644620 / 24 121 0 255 / 0.56410220 0.77926640
				-15.87697000 22.17037000 -15.32891000 / -0.44223330 0.87550180 0.19474670 / 24 121 0 255 / 0.56410220 0.77926640
				-15.83305000 22.19256000 -15.32891000 / -0.44223330 0.87550180 0.19474670 / 27 94 0 255 / 0.56410220 0.99867250
				-15.58362000 21.59361000 -15.21514000 / 0.44243600 -0.87552540 -0.19417970 / 164 110 0 255 / 0.81817640 0.77926640
				-15.58362000 21.59361000 -15.21514000 / 0.44220870 -0.87564380 -0.19416370 / 164 110 0 255 / 0.81817640 0.77926640
				-15.58362000 21.59361000 -15.21514000 / 0.44952470 -0.89008560 -0.07533399 / 164 110 0 255 / 0.81817640 0.77926640
				-15.59362000 21.61379000 -15.32891000 / 0.44243600 -0.87552540 -0.19417970 / 105 94 0 255 / 0.56410220 0.77926640
				-15.54971000 21.63597000 -15.32891000 / 0.44243600 -0.87552540 -0.19417970 / 139 102 0 255 / 0.56410220 0.99867250
				-15.54971000 21.63597000 -15.32891000 / 0.44220870 -0.87564380 -0.19416370 / 139 102 0 255 / 0.56410220 0.99867250
				-15.82712000 22.07171000 -15.26299000 / -0.88922470 -0.45739190 -0.00848790 / 137 158 0 255 / 0.26098630 0.52929690
				-15.82661000 22.18027000 -15.56426000 / -0.42007100 0.83175020 0.36294900 / 24 120 0 255 / 0.85755920 0.99867250
				-15.44988000 21.33037000 -15.59014000 / 0.37221460 -0.72535580 -0.57906400 / 154 113 0 255 / 0.86119080 0.77926640
				-15.53971000 21.61579000 -15.21514000 / 0.44220870 -0.87564380 -0.19416370 / 166 120 0 255 / 0.81817640 0.99867250
				-15.53971000 21.61579000 -15.21514000 / 0.44952470 -0.89008560 -0.07533399 / 166 120 0 255 / 0.81817640 0.99867250
				-15.53971000 21.61579000 -15.21514000 / 0.45553290 -0.88779810 -0.06560740 / 166 120 0 255 / 0.81817640 0.99867250
				-15.58240000 21.59150000 -15.18291000 / 0.44952470 -0.89008560 -0.07533399 / 155 129 0 255 / 0.88955690 0.77926640
				-15.58240000 21.59150000 -15.18291000 / 0.45553290 -0.88779810 -0.06560740 / 155 129 0 255 / 0.88955690 0.77926640
				-15.58240000 21.59150000 -15.18291000 / 0.42904570 -0.83596690 0.34216850 / 155 129 0 255 / 0.88955690 0.77926640
				-15.53829000 21.61414000 -15.18292000 / 0.45553290 -0.88779810 -0.06560740 / 139 140 0 255 / 0.88955690 0.99867250
				-15.53829000 21.61414000 -15.18292000 / 0.42904570 -0.83596690 0.34216850 / 139 140 0 255 / 0.88955690 0.99867250
				-15.82712000 22.07171000 -15.26299000 / -0.88923850 -0.45739900 -0.00638990 / 137 158 0 255 / 0.26098630 0.52929690
				-15.53829000 21.61414000 -15.18292000 / 0.42903170 -0.83593960 0.34225270 / 139 140 0 255 / 0.88955690 0.99867250
				-15.58633000 21.59848000 -15.16094000 / 0.42904570 -0.83596690 0.34216850 / 127 149 0 255 / 0.93911730 0.77926640
				-15.44988000 21.33037000 -15.59014000 / 0.43649170 -0.85047690 -0.29353760 / 154 113 0 255 / 0.86119080 0.77926640
				-15.82661000 22.18027000 -15.56426000 / -0.33428000 0.66188400 0.67094440 / 24 120 0 255 / 0.85755920 0.99867250
				-15.58633000 21.59848000 -15.16094000 / 0.42903170 -0.83593960 0.34225270 / 127 149 0 255 / 0.93911730 0.77926640
				-15.54223000 21.62111000 -15.16095000 / 0.42903170 -0.83593960 0.34225270 / 113 155 0 255 / 0.93911730 0.99867250
				-15.59362000 21.61378000 -15.14776000 / 0.28046690 -0.54643840 0.78914100 / 93 159 0 255 / 0.62138360 0.77926640
				-15.59362000 21.61378000 -15.14776000 / 0.28018650 -0.55446030 0.78362580 / 93 159 0 255 / 0.62138360 0.77926640
				-15.59362000 21.61378000 -15.14776000 / 0.07724730 -0.15277800 0.98523690 / 93 159 0 255 / 0.62138360 0.77926640
				-15.58633000 21.59848000 -15.16094000 / 0.28046690 -0.54643840 0.78914100 / 127 149 0 255 / 0.56410220 0.77926640
				-15.79430000 22.00788000 -15.26202000 / -0.88922470 -0.45739190 -0.00848790 / 142 164 0 255 / 0.46107480 0.52632140
				-15.54223000 21.62111000 -15.16095000 / 0.28046690 -0.54643840 0.78914100 / 113 155 0 255 / 0.56410220 0.99867250
				-15.54223000 21.62111000 -15.16095000 / 0.28018650 -0.55446030 0.78362580 / 113 155 0 255 / 0.56410220 0.99867250
				-15.54971000 21.63597000 -15.14776000 / 0.28018650 -0.55446030 0.78362580 / 66 149 0 255 / 0.62138360 0.99867250
				-15.44988000 21.33037000 -15.59014000 / 0.43640220 -0.85048840 -0.29363690 / 154 113 0 255 / 0.86119080 0.77926640
				-15.54971000 21.63597000 -15.14776000 / 0.07724730 -0.15277800 0.98523690 / 66 149 0 255 / 0.62138360 0.99867250
				-15.87053000 22.15808000 -15.56426000 / -0.42007100 0.83175020 0.36294900 / 23 136 0 255 / 0.85755920 0.77926640
				-15.54971000 21.63597000 -15.14776000 / 0.07724730 -0.15277800 0.98523690 / 66 149 0 255 / 0.62138360 0.99867250
				-15.60529000 21.63626000 -15.14336000 / 0.07724730 -0.15277800 0.98523690 / 43 146 0 255 / 0.70600890 0.77926640
				-15.60529000 21.63626000 -15.14336000 / 0.07724730 -0.15277800 0.98523690 / 43 146 0 255 / 0.70600890 0.77926640
				-15.60529000 21.63626000 -15.14336000 / -0.03576150 0.07095070 0.99683860 / 43 146 0 255 / 0.70600890 0.77926640
				-15.79430000 22.00788000 -15.26202000 / -0.88923850 -0.45739900 -0.00638990 / 142 164 0 255 / 0.46107480 0.52632140
				-15.56137000 21.65844000 -15.14336000 / 0.07724730 -0.15277800 0.98523690 / 30 143 0 255 / 0.70600890 0.99867250
				-15.56137000 21.65844000 -15.14336000 / -0.03576150 0.07095070 0.99683860 / 30 143 0 255 / 0.70600890 0.99867250
				-15.56137000 21.65844000 -15.14336000 / -0.03566660 0.06942600 0.99694930 / 30 143 0 255 / 0.70600890 0.99867250
				-15.61373000 21.65257000 -15.14482000 / -0.03576150 0.07095070 0.99683860 / 25 154 0 255 / 0.76843260 0.77926640
				-15.40977000 21.36106000 -15.61943000 / 0.43649170 -0.85047690 -0.29353760 / 156 115 0 255 / 0.74627690 0.99867250
				-15.61373000 21.65257000 -15.14482000 / -0.03566660 0.06942600 0.99694930 / 25 154 0 255 / 0.76843260 0.77926640
				-15.61373000 21.65257000 -15.14482000 / -0.13370580 0.26054510 0.95615850 / 25 154 0 255 / 0.76843260 0.77926640
				-15.87053000 22.15808000 -15.56426000 / -0.33428000 0.66188400 0.67094440 / 23 136 0 255 / 0.85755920 0.77926640
				-15.56963000 21.67522000 -15.14482000 / -0.03566660 0.06942600 0.99694930 / 24 159 0 255 / 0.76843260 0.99867250
				-15.56963000 21.67522000 -15.14482000 / -0.13370580 0.26054510 0.95615850 / 24 159 0 255 / 0.76843260 0.99867250
				-15.79430000 22.00788000 -15.26202000 / -0.88923810 -0.45739870 -0.00648520 / 142 164 0 255 / 0.46107480 0.52632140
				-15.56963000 21.67522000 -15.14482000 / -0.13369910 0.26072290 0.95611100 / 24 159 0 255 / 0.76843260 0.99867250
				-15.62096000 21.66679000 -15.14971000 / -0.13370580 0.26054510 0.95615850 / 23 162 0 255 / 0.82237240 0.77926640
				-15.62096000 21.66679000 -15.14971000 / -0.13369910 0.26072290 0.95611100 / 23 162 0 255 / 0.82237240 0.77926640
				-15.62096000 21.66679000 -15.14971000 / -0.22955430 0.44747350 0.86433350 / 23 162 0 255 / 0.82237240 0.77926640
				-15.57685000 21.68942000 -15.14971000 / -0.13369910 0.26072290 0.95611100 / 22 159 0 255 / 0.82237240 0.99867250
				-15.40977000 21.36106000 -15.61943000 / 0.43640220 -0.85048840 -0.29363690 / 156 115 0 255 / 0.74627690 0.99867250
				-15.57685000 21.68942000 -15.14971000 / -0.22955430 0.44747350 0.86433350 / 22 159 0 255 / 0.82237240 0.99867250
				-15.57685000 21.68942000 -15.14971000 / -0.22955500 0.44728410 0.86443140 / 22 159 0 255 / 0.82237240 0.99867250
				-15.62818000 21.68100000 -15.15898000 / -0.22955430 0.44747350 0.86433350 / 21 162 0 255 / 0.87640380 0.77926640
				-15.87053000 22.15808000 -15.56426000 / -0.33428000 0.66188400 0.67094440 / 23 136 0 255 / 0.85755920 0.77926640
				-15.82789000 22.07364000 -15.29424000 / -0.88923850 -0.45739900 -0.00638990 / 146 162 0 255 / 0.25523380 0.61581420
				-15.62818000 21.68100000 -15.15898000 / -0.22955500 0.44728410 0.86443140 / 21 162 0 255 / 0.87640380 0.77926640
				-15.62818000 21.68100000 -15.15898000 / -0.28734560 0.56000440 0.77706340 / 21 162 0 255 / 0.87640380 0.77926640
				-15.58407000 21.70364000 -15.15898000 / -0.22955500 0.44728410 0.86443140 / 20 160 0 255 / 0.87640380 0.99867250
				-15.58407000 21.70364000 -15.15898000 / -0.28734560 0.56000440 0.77706340 / 20 160 0 255 / 0.87640380 0.99867250
				-15.58407000 21.70364000 -15.15898000 / -0.28667420 0.56743570 0.77190320 / 20 160 0 255 / 0.87640380 0.99867250
				-15.63644000 21.69777000 -15.17412000 / -0.28734560 0.56000440 0.77706340 / 20 165 0 255 / 0.93911730 0.77926640
				-15.40977000 21.36106000 -15.61943000 / 0.45530230 -0.88714330 -0.07534331 / 156 115 0 255 / 0.74627690 0.99867250
				-15.63644000 21.69777000 -15.17412000 / -0.28667420 0.56743570 0.77190320 / 20 165 0 255 / 0.93911730 0.77926640
				-15.59252000 21.71996000 -15.17412000 / -0.28667420 0.56743570 0.77190320 / 20 156 0 255 / 0.93911730 0.99867250
				-15.64411000 21.71218000 -15.15117000 / 0.31234150 -0.63002380 0.71099420 / 67 156 0 255 / 0.59646610 0.77926640
				-15.82789000 22.07364000 -15.29424000 / -0.88923810 -0.45739870 -0.00648520 / 146 162 0 255 / 0.25523380 0.61581420
				-15.64411000 21.71218000 -15.15117000 / 0.30938640 -0.60275040 0.73550800 / 67 156 0 255 / 0.59646610 0.77926640
				-15.80842000 22.14441000 -15.51983000 / -0.33428000 0.66188400 0.67094440 / 24 146 0 255 / 0.93911730 0.99867250
				-15.64411000 21.71218000 -15.15117000 / 0.18167400 -0.35400200 0.91742960 / 67 156 0 255 / 0.59646610 0.77926640
				-15.63966000 21.70392000 -15.16045000 / 0.31234150 -0.63002380 0.71099420 / 57 147 0 255 / 0.56410220 0.77926640
				-15.59529000 21.72591000 -15.16045000 / 0.31234150 -0.63002380 0.71099420 / 62 153 0 255 / 0.56410220 0.99867250
				-15.59529000 21.72591000 -15.16045000 / 0.30938640 -0.60275040 0.73550800 / 62 153 0 255 / 0.56410220 0.99867250
				-15.60000000 21.73482000 -15.15117000 / 0.30938640 -0.60275040 0.73550800 / 64 157 0 255 / 0.59646610 0.99867250
				-16.06869000 22.54686000 -15.32989000 / 0.13026720 -0.25786420 -0.95735920 / 41 96 0 255 / 0.81419370 0.77926640
				-15.60000000 21.73482000 -15.15117000 / 0.18167400 -0.35400200 0.91742960 / 64 157 0 255 / 0.59646610 0.99867250
				-15.60000000 21.73482000 -15.15117000 / 0.18167400 -0.35400200 0.91742960 / 64 157 0 255 / 0.59646610 0.99867250
				-15.82789000 22.07364000 -15.29424000 / -0.88828140 -0.45911390 -0.01306580 / 146 162 0 255 / 0.25523380 0.61581420
				-15.65011000 21.72428000 -15.14531000 / 0.18167400 -0.35400200 0.91742960 / 56 161 0 255 / 0.64288330 0.77926640
				-15.65011000 21.72428000 -15.14531000 / 0.18167400 -0.35400200 0.91742960 / 56 161 0 255 / 0.64288330 0.77926640
				-15.65011000 21.72428000 -15.14531000 / 0.04644510 -0.09060140 0.99480360 / 56 161 0 255 / 0.64288330 0.77926640
				-15.80842000 22.14441000 -15.51983000 / -0.33428000 0.66188400 0.67094440 / 24 146 0 255 / 0.93911730 0.99867250
				-15.60600000 21.74691000 -15.14531000 / 0.18167400 -0.35400200 0.91742960 / 44 167 0 255 / 0.64288330 0.99867250
				-15.60600000 21.74691000 -15.14531000 / 0.04644510 -0.09060140 0.99480360 / 44 167 0 255 / 0.64288330 0.99867250
				-15.60600000 21.74691000 -15.14531000 / 0.04644510 -0.09060140 0.99480360 / 44 167 0 255 / 0.64288330 0.99867250
				-15.65881000 21.74124000 -15.14336000 / 0.04644510 -0.09060140 0.99480360 / 33 170 0 255 / 0.70716860 0.77926640
				-16.06869000 22.54686000 -15.32989000 / 0.03566770 -0.07038159 -0.99688230 / 41 96 0 255 / 0.81419370 0.77926640
				-15.65881000 21.74124000 -15.14336000 / 0.04644510 -0.09060140 0.99480360 / 33 170 0 255 / 0.70716860 0.77926640
				-15.79281000 22.00513000 -15.27130000 / -0.88923810 -0.45739870 -0.00648520 / 148 159 0 255 / 0.46891790 0.55322260
				-15.65881000 21.74124000 -15.14336000 / -0.04558700 0.08888510 0.99499820 / 33 170 0 255 / 0.70716860 0.77926640
				-15.61470000 21.76388000 -15.14336000 / 0.04644510 -0.09060140 0.99480360 / 27 167 0 255 / 0.70716860 0.99867250
				-15.61470000 21.76388000 -15.14336000 / -0.04558700 0.08888510 0.99499820 / 27 167 0 255 / 0.70716860 0.99867250
				-15.61470000 21.76388000 -15.14336000 / -0.04577460 0.09059560 0.99483530 / 27 167 0 255 / 0.70716860 0.99867250
				-15.66732000 21.75866000 -15.14531000 / -0.04558700 0.08888510 0.99499820 / 24 169 0 255 / 0.77137760 0.77926640
				-15.80842000 22.14441000 -15.51983000 / -0.21648350 0.42877090 0.87709200 / 24 146 0 255 / 0.93911730 0.99867250
				-15.66732000 21.75866000 -15.14531000 / -0.04577460 0.09059560 0.99483530 / 24 169 0 255 / 0.77137760 0.77926640
				-15.66732000 21.75866000 -15.14531000 / -0.12703210 0.25139390 0.95951230 / 24 169 0 255 / 0.77137760 0.77926640
				-15.62340000 21.78084000 -15.14531000 / -0.04577460 0.09059560 0.99483530 / 23 171 0 255 / 0.77137760 0.99867250
				-16.06869000 22.54686000 -15.32989000 / 0.03547720 -0.07038210 -0.99688900 / 41 96 0 255 / 0.81419370 0.77926640
				-15.79281000 22.00513000 -15.27130000 / -0.88828140 -0.45911390 -0.01306580 / 148 159 0 255 / 0.46891790 0.55322260
				-15.62340000 21.78084000 -15.14531000 / -0.12703210 0.25139390 0.95951230 / 23 171 0 255 / 0.77137760 0.99867250
				-15.62340000 21.78084000 -15.14531000 / -0.12703210 0.25139390 0.95951230 / 23 171 0 255 / 0.77137760 0.99867250
				-15.67481000 21.77351000 -15.15019000 / -0.12703210 0.25139390 0.95951230 / 22 173 0 255 / 0.82797240 0.77926640
				-15.67481000 21.77351000 -15.15019000 / -0.12703210 0.25139390 0.95951230 / 22 173 0 255 / 0.82797240 0.77926640
				-15.67481000 21.77351000 -15.15019000 / -0.23174170 0.45890580 0.85773040 / 22 173 0 255 / 0.82797240 0.77926640
				-15.63089000 21.79570000 -15.15019000 / -0.12703210 0.25139390 0.95951230 / 20 163 0 255 / 0.82797240 0.99867250
				-15.63089000 21.79570000 -15.15019000 / -0.23174170 0.45890580 0.85773040 / 20 163 0 255 / 0.82797240 0.99867250
				-15.85234000 22.12223000 -15.51982000 / -0.33428000 0.66188400 0.67094440 / 24 166 0 255 / 0.93911730 0.77926640
				-15.63089000 21.79570000 -15.15019000 / -0.23174300 0.45871770 0.85783060 / 20 163 0 255 / 0.82797240 0.99867250
				-15.68248000 21.78791000 -15.15996000 / -0.23174170 0.45890580 0.85773040 / 19 142 0 255 / 0.88217160 0.77926640
				-15.79281000 22.00513000 -15.27130000 / -0.89689610 -0.44191560 0.01697470 / 148 159 0 255 / 0.46891790 0.55322260
				-15.45387000 21.33843000 -15.61943000 / 0.43640220 -0.85048840 -0.29363690 / 157 125 0 255 / 0.74627690 0.77926640
				-15.68248000 21.78791000 -15.15996000 / -0.23174300 0.45871770 0.85783060 / 19 142 0 255 / 0.88217160 0.77926640
				-15.68248000 21.78791000 -15.15996000 / -0.29239910 0.57869460 0.76132480 / 19 142 0 255 / 0.88217160 0.77926640
				-15.63856000 21.81010000 -15.15996000 / -0.23174300 0.45871770 0.85783060 / 17 119 0 255 / 0.88217160 0.99867250
				-15.63856000 21.81010000 -15.15996000 / -0.29239910 0.57869460 0.76132480 / 17 119 0 255 / 0.88217160 0.99867250
				-15.63856000 21.81010000 -15.15996000 / -0.29285990 0.57065240 0.76719560 / 17 119 0 255 / 0.88217160 0.99867250
				-15.68996000 21.80277000 -15.17413000 / -0.29239910 0.57869460 0.76132480 / 16 103 0 255 / 0.93911730 0.77926640
				-15.68996000 21.80277000 -15.17413000 / -0.29285990 0.57065240 0.76719560 / 16 103 0 255 / 0.93911730 0.77926640
				-15.64585000 21.82540000 -15.17413000 / -0.29285990 0.57065240 0.76719560 / 15 101 0 255 / 0.93911730 0.99867250
				-15.85234000 22.12223000 -15.51982000 / -0.21648350 0.42877090 0.87709200 / 24 166 0 255 / 0.93911730 0.77926640
				-15.79281000 22.00513000 -15.27130000 / -0.88648210 -0.46274460 -0.00410100 / 148 159 0 255 / 0.46891790 0.55322260
				-15.71730000 21.85578000 -15.14727000 / 0.00000000 0.00000000 1.00000000 / 27 146 0 255 / 0.93911730 0.77926640
				-15.45387000 21.33843000 -15.61943000 / 0.45530230 -0.88714330 -0.07534331 / 157 125 0 255 / 0.74627690 0.77926640
				-15.71730000 21.85578000 -15.14727000 / 0.00000000 0.00000000 1.00000000 / 27 146 0 255 / 0.93911730 0.77926640
				-15.71730000 21.85578000 -15.14727000 / -0.44780910 0.87273180 0.19443840 / 27 146 0 255 / 0.93911730 0.77926640
				-15.68770000 21.79809000 -15.14727000 / 0.00000000 0.00000000 1.00000000 / 23 165 0 255 / 0.56410220 0.77926640
				-15.64359000 21.82072000 -15.14727000 / 0.00000000 0.00000000 1.00000000 / 24 149 0 255 / 0.56410220 0.99867250
				-15.64359000 21.82072000 -15.14727000 / 0.00000000 0.00000000 1.00000000 / 24 149 0 255 / 0.56410220 0.99867250
				-15.67319000 21.87841000 -15.14727000 / 0.00000000 0.00000000 1.00000000 / 34 129 0 255 / 0.93911730 0.99867250
				-15.67319000 21.87841000 -15.14727000 / -0.44780910 0.87273180 0.19443840 / 34 129 0 255 / 0.93911730 0.99867250
				-15.67319000 21.87841000 -15.14727000 / -0.44240250 0.87584060 0.19282990 / 34 129 0 255 / 0.93911730 0.99867250
				-15.79281000 22.00513000 -15.27130000 / -0.89247190 -0.45109980 0.00171670 / 148 159 0 255 / 0.46891790 0.55322260
				-15.73330000 21.88805000 -15.32891000 / -0.44780910 0.87273180 0.19443840 / 38 129 0 255 / 0.56410220 0.77926640
				-15.85234000 22.12223000 -15.51982000 / -0.21648310 0.42857930 0.87718580 / 24 166 0 255 / 0.93911730 0.77926640
				-15.45387000 21.33843000 -15.61943000 / 0.45521690 -0.88716270 -0.07563100 / 157 125 0 255 / 0.74627690 0.77926640
				-15.73330000 21.88805000 -15.32891000 / -0.44240250 0.87584060 0.19282990 / 38 129 0 255 / 0.56410220 0.77926640
				-15.68938000 21.91023000 -15.32890000 / -0.44240250 0.87584060 0.19282990 / 42 118 0 255 / 0.56410220 0.99867250
				-15.38410000 21.31037000 -15.30254000 / 0.31728630 -0.61816950 -0.71916330 / 110 93 0 255 / 0.90869140 0.99867250
				-15.38410000 21.31037000 -15.30254000 / 0.31023500 -0.61436630 -0.72547110 / 110 93 0 255 / 0.90869140 0.99867250
				-15.38410000 21.31037000 -15.30254000 / 0.24300750 -0.48124640 -0.84222880 / 110 93 0 255 / 0.90869140 0.99867250
				-15.37592000 21.29468000 -15.28545000 / 0.31728630 -0.61816950 -0.71916330 / 84 89 0 255 / 0.93911730 0.99867250
				-15.42003000 21.27205000 -15.28545000 / 0.31728630 -0.61816950 -0.71916330 / 100 93 0 255 / 0.93911730 0.77926640
				-15.79281000 22.00513000 -15.27130000 / -0.90475140 -0.42591120 0.00495910 / 148 159 0 255 / 0.46891790 0.55322260
				-15.42003000 21.27205000 -15.28545000 / 0.31023500 -0.61436630 -0.72547110 / 100 93 0 255 / 0.93911730 0.77926640
				-15.42803000 21.28819000 -15.30254000 / 0.31023500 -0.61436630 -0.72547110 / 118 90 0 255 / 0.90869140 0.77926640
				-15.42803000 21.28819000 -15.30254000 / 0.24300750 -0.48124640 -0.84222880 / 118 90 0 255 / 0.90869140 0.77926640
				-15.41054000 21.36299000 -15.64677000 / 0.45530230 -0.88714330 -0.07534331 / 149 134 0 255 / 0.63935850 0.99867250
				-15.78398000 22.09581000 -15.49004000 / -0.21648350 0.42877090 0.87709200 / 25 169 0 255 / 0.85087580 0.99867250
				-15.42803000 21.28819000 -15.30254000 / 0.24309720 -0.48123520 -0.84220930 / 118 90 0 255 / 0.90869140 0.77926640
				-15.39281000 21.32734000 -15.31475000 / 0.24300750 -0.48124640 -0.84222880 / 119 86 0 255 / 0.87565610 0.99867250
				-15.39281000 21.32734000 -15.31475000 / 0.24309720 -0.48123520 -0.84220930 / 119 86 0 255 / 0.87565610 0.99867250
				-15.39281000 21.32734000 -15.31475000 / 0.15678290 -0.31051400 -0.93755010 / 119 86 0 255 / 0.87565610 0.99867250
				-15.43673000 21.30515000 -15.31475000 / 0.24309720 -0.48123520 -0.84220930 / 114 82 0 255 / 0.87565610 0.77926640
				-15.82397000 22.06666000 -15.31573000 / -0.88828140 -0.45911390 -0.01306580 / 152 160 0 255 / 0.27731320 0.67652900
				-15.43673000 21.30515000 -15.31475000 / 0.15678290 -0.31051400 -0.93755010 / 114 82 0 255 / 0.87565610 0.77926640
				-15.43673000 21.30515000 -15.31475000 / 0.15677810 -0.31031390 -0.93761720 / 114 82 0 255 / 0.87565610 0.77926640
				-15.40177000 21.34493000 -15.32207000 / 0.15678290 -0.31051400 -0.93755010 / 100 85 0 255 / 0.84226990 0.99867250
				-15.40177000 21.34493000 -15.32207000 / 0.15677810 -0.31031390 -0.93761720 / 100 85 0 255 / 0.84226990 0.99867250
				-15.41054000 21.36299000 -15.64677000 / 0.45521690 -0.88716270 -0.07563100 / 149 134 0 255 / 0.63935850 0.99867250
				-15.40177000 21.34493000 -15.32207000 / 0.09470380 -0.18769090 -0.97765200 / 100 85 0 255 / 0.84226990 0.99867250
				-15.78398000 22.09581000 -15.49004000 / -0.21648310 0.42857930 0.87718580 / 25 169 0 255 / 0.85087580 0.99867250
				-15.44569000 21.32275000 -15.32207000 / 0.15677810 -0.31031390 -0.93761720 / 82 84 0 255 / 0.84226990 0.77926640
				-15.44569000 21.32275000 -15.32207000 / 0.09470380 -0.18769090 -0.97765200 / 82 84 0 255 / 0.84226990 0.77926640
				-15.44569000 21.32275000 -15.32207000 / 0.09479830 -0.18768920 -0.97764310 / 82 84 0 255 / 0.84226990 0.77926640
				-15.82397000 22.06666000 -15.31573000 / -0.89689610 -0.44191560 0.01697470 / 152 160 0 255 / 0.27731320 0.67652900
				-15.41299000 21.36722000 -15.32743000 / 0.09470380 -0.18769090 -0.97765200 / 63 87 0 255 / 0.79899600 0.99867250
				-15.41299000 21.36722000 -15.32743000 / 0.09479830 -0.18768920 -0.97764310 / 63 87 0 255 / 0.79899600 0.99867250
				-15.41299000 21.36722000 -15.32743000 / 0.02927670 -0.05798130 -0.99788830 / 63 87 0 255 / 0.79899600 0.99867250
				-15.45691000 21.34503000 -15.32743000 / 0.09479830 -0.18768920 -0.97764310 / 50 87 0 255 / 0.79899600 0.77926640
				-15.45691000 21.34503000 -15.32743000 / 0.02927670 -0.05798130 -0.99788830 / 50 87 0 255 / 0.79899600 0.77926640
				-15.41054000 21.36299000 -15.64677000 / 0.43706590 -0.85200670 0.28819840 / 149 134 0 255 / 0.63935850 0.99867250
				-15.45691000 21.34503000 -15.32743000 / 0.03013580 -0.05874570 -0.99781800 / 50 87 0 255 / 0.79899600 0.77926640
				-15.42300000 21.38738000 -15.32890000 / 0.02927670 -0.05798130 -0.99788830 / 40 88 0 255 / 0.76097100 0.99867250
				-15.78398000 22.09581000 -15.49004000 / -0.06666330 0.13218210 0.98898130 / 25 169 0 255 / 0.85087580 0.99867250
				-15.42300000 21.38738000 -15.32890000 / 0.03013580 -0.05874570 -0.99781800 / 40 88 0 255 / 0.76097100 0.99867250
				-15.81668000 22.05136000 -15.32891000 / -0.89689610 -0.44191560 0.01697470 / 151 159 0 255 / 0.32429500 0.71238710
				-15.42300000 21.38738000 -15.32890000 / 0.00000000 0.00000000 -1.00000000 / 40 88 0 255 / 0.76097100 0.99867250
				-15.46709000 21.36474000 -15.32890000 / 0.03013580 -0.05874570 -0.99781800 / 32 87 0 255 / 0.76097100 0.77926640
				-15.46709000 21.36474000 -15.32890000 / 0.00000000 0.00000000 -1.00000000 / 32 87 0 255 / 0.76097100 0.77926640
				-15.46709000 21.36474000 -15.32890000 / 0.00000000 0.00000000 -1.00000000 / 32 87 0 255 / 0.76097100 0.77926640
				-15.47548000 21.48982000 -15.32890000 / 0.00000000 0.00000000 -1.00000000 / 27 101 0 255 / 0.56410220 0.99867250
				-15.47548000 21.48982000 -15.32890000 / 0.00000000 0.00000000 -1.00000000 / 27 101 0 255 / 0.56410220 0.99867250
				-15.45465000 21.34036000 -15.64677000 / 0.45521690 -0.88716270 -0.07563100 / 139 141 0 255 / 0.63935850 0.77926640
				-15.47548000 21.48982000 -15.32890000 / -0.44231810 0.87567160 0.19378830 / 27 101 0 255 / 0.56410220 0.99867250
				-15.51940000 21.46763000 -15.32890000 / 0.00000000 0.00000000 -1.00000000 / 25 118 0 255 / 0.56410220 0.77926640
				-15.51940000 21.46763000 -15.32890000 / -0.44231810 0.87567160 0.19378830 / 25 118 0 255 / 0.56410220 0.77926640
				-15.81668000 22.05136000 -15.32891000 / -0.88648210 -0.46274460 -0.00410100 / 151 159 0 255 / 0.32429500 0.71238710
				-16.20036000 22.91482000 -15.12921000 / 0.44822580 -0.87356350 -0.18968530 / 23 90 0 255 / 0.93911730 0.99867250
				-15.51940000 21.46763000 -15.32890000 / -0.44776580 0.87264260 0.19493790 / 25 118 0 255 / 0.56410220 0.77926640
				-15.45284000 21.44571000 -15.07793000 / -0.44231810 0.87567160 0.19378830 / 25 139 0 255 / 0.93911730 0.99867250
				-15.45284000 21.44571000 -15.07793000 / -0.44776580 0.87264260 0.19493790 / 25 139 0 255 / 0.93911730 0.99867250
				-15.45284000 21.44571000 -15.07793000 / 0.00000000 0.00000000 1.00000000 / 25 139 0 255 / 0.93911730 0.99867250
				-15.49695000 21.42308000 -15.07793000 / -0.44776580 0.87264260 0.19493790 / 27 150 0 255 / 0.93911730 0.77926640
				-15.49695000 21.42308000 -15.07793000 / 0.00000000 0.00000000 1.00000000 / 27 150 0 255 / 0.93911730 0.77926640
				-15.45465000 21.34036000 -15.64677000 / 0.43706590 -0.85200670 0.28819840 / 139 141 0 255 / 0.63935850 0.77926640
				-15.49695000 21.42308000 -15.07793000 / 0.00000000 0.00000000 1.00000000 / 27 150 0 255 / 0.93911730 0.77926640
				-15.40054000 21.34283000 -15.07793000 / 0.00000000 0.00000000 1.00000000 / 31 163 0 255 / 0.70600890 0.99867250
				-15.80526000 22.02953000 -15.33282000 / -0.88648210 -0.46274460 -0.00410100 / 146 157 0 255 / 0.39326480 0.72433470
				-15.40054000 21.34283000 -15.07793000 / 0.00000000 0.00000000 1.00000000 / 31 163 0 255 / 0.70600890 0.99867250
				-15.40054000 21.34283000 -15.07793000 / 0.03671630 -0.07266960 0.99668000 / 31 163 0 255 / 0.70600890 0.99867250
				-15.82789000 22.07363000 -15.49004000 / -0.21648310 0.42857930 0.87718580 / 26 173 0 255 / 0.85087580 0.77926640
				-15.44446000 21.32064000 -15.07793000 / 0.00000000 0.00000000 1.00000000 / 37 176 0 255 / 0.70600890 0.77926640
				-15.44446000 21.32064000 -15.07793000 / 0.03671630 -0.07266960 0.99668000 / 37 176 0 255 / 0.70600890 0.77926640
				-15.44446000 21.32064000 -15.07793000 / 0.03681060 -0.07171380 0.99674580 / 37 176 0 255 / 0.70600890 0.77926640
				-15.38688000 21.31633000 -15.08037000 / 0.03671630 -0.07266960 0.99668000 / 45 180 0 255 / 0.64462280 0.99867250
				-15.38688000 21.31633000 -15.08037000 / 0.03681060 -0.07171380 0.99674580 / 45 180 0 255 / 0.64462280 0.99867250
				-15.45465000 21.34036000 -15.64677000 / 0.43707790 -0.85203000 0.28811090 / 139 141 0 255 / 0.63935850 0.77926640
				-15.38688000 21.31633000 -15.08037000 / 0.12903100 -0.25157720 0.95919750 / 45 180 0 255 / 0.64462280 0.99867250
				-15.80526000 22.02953000 -15.33282000 / -0.89247190 -0.45109980 0.00171670 / 146 157 0 255 / 0.39326480 0.72433470
				-15.43099000 21.29369000 -15.08037000 / 0.03681060 -0.07171380 0.99674580 / 55 174 0 255 / 0.64462280 0.77926640
				-15.43099000 21.29369000 -15.08037000 / 0.12903100 -0.25157720 0.95919750 / 55 174 0 255 / 0.64462280 0.77926640
				-15.43099000 21.29369000 -15.08037000 / 0.12902980 -0.25558000 0.95813890 / 55 174 0 255 / 0.64462280 0.77926640
				-15.37663000 21.29552000 -15.08720000 / 0.12903100 -0.25157720 0.95919750 / 66 167 0 255 / 0.59834290 0.99867250
				-15.82789000 22.07363000 -15.49004000 / -0.06666330 0.13218210 0.98898130 / 26 173 0 255 / 0.85087580 0.77926640
				-15.37663000 21.29552000 -15.08720000 / 0.12902980 -0.25558000 0.95813890 / 66 167 0 255 / 0.59834290 0.99867250
				-15.37663000 21.29552000 -15.08720000 / 0.25234300 -0.49934540 0.82884080 / 66 167 0 255 / 0.59834290 0.99867250
				-15.42054000 21.27333000 -15.08720000 / 0.12902980 -0.25558000 0.95813890 / 79 164 0 255 / 0.59834290 0.77926640
				-15.42054000 21.27333000 -15.08720000 / 0.25234300 -0.49934540 0.82884080 / 79 164 0 255 / 0.59834290 0.77926640
				-15.40803000 21.35767000 -15.66631000 / 0.43706590 -0.85200670 0.28819840 / 122 135 0 255 / 0.56410220 0.99867250
				-16.05398000 22.51780000 -15.14629000 / 0.03910070 -0.07648470 0.99630380 / 45 184 0 255 / 0.66444390 0.77926640
				-15.42054000 21.27333000 -15.08720000 / 0.25233890 -0.49952800 0.82873200 / 79 164 0 255 / 0.59834290 0.77926640
				-15.36914000 21.28066000 -15.09843000 / 0.25234300 -0.49934540 0.82884080 / 96 173 0 255 / 0.56410220 0.99867250
				-15.36914000 21.28066000 -15.09843000 / 0.25233890 -0.49952800 0.82873200 / 96 173 0 255 / 0.56410220 0.99867250
				-15.41306000 21.25848000 -15.09843000 / 0.25233890 -0.49952800 0.82873200 / 116 171 0 255 / 0.56410220 0.77926640
				-15.41306000 21.25847000 -15.26494000 / 0.36638070 -0.71387980 -0.59677530 / 67 93 0 255 / 0.60498040 0.77926640
				-15.41306000 21.25847000 -15.26494000 / 0.36612030 -0.71373920 -0.59710330 / 67 93 0 255 / 0.60498040 0.77926640
				-15.82789000 22.07363000 -15.49004000 / -0.06723670 0.13104000 0.98909440 / 26 173 0 255 / 0.85087580 0.77926640
				-15.41306000 21.25847000 -15.26494000 / 0.41464400 -0.80830790 -0.41798180 / 67 93 0 255 / 0.60498040 0.77926640
				-15.42003000 21.27205000 -15.28545000 / 0.36638070 -0.71387980 -0.59677530 / 100 93 0 255 / 0.56410220 0.77926640
				-15.37592000 21.29468000 -15.28545000 / 0.36638070 -0.71387980 -0.59677530 / 84 89 0 255 / 0.56410220 0.99867250
				-16.05398000 22.51780000 -15.14629000 / 0.14972270 -0.29181620 0.94468330 / 45 184 0 255 / 0.66444390 0.77926640
				-15.40803000 21.35767000 -15.66631000 / 0.43707790 -0.85203000 0.28811090 / 122 135 0 255 / 0.56410220 0.99867250
				-15.37592000 21.29468000 -15.28545000 / 0.36612030 -0.71373920 -0.59710330 / 84 89 0 255 / 0.56410220 0.99867250
				-15.36895000 21.28110000 -15.26494000 / 0.36612030 -0.71373920 -0.59710330 / 48 85 0 255 / 0.60498040 0.99867250
				-15.36895000 21.28110000 -15.26494000 / 0.41464400 -0.80830790 -0.41798180 / 48 85 0 255 / 0.60498040 0.99867250
				-15.36895000 21.28110000 -15.26494000 / 0.41485150 -0.80834050 -0.41771250 / 48 85 0 255 / 0.60498040 0.99867250
				-15.40758000 21.24765000 -15.23857000 / 0.41464400 -0.80830790 -0.41798180 / 40 83 0 255 / 0.65852360 0.77926640
				-15.40758000 21.24765000 -15.23857000 / 0.41485150 -0.80834050 -0.41771250 / 40 83 0 255 / 0.65852360 0.77926640
				-15.40758000 21.24765000 -15.23857000 / 0.44272470 -0.86255970 -0.24491970 / 40 83 0 255 / 0.65852360 0.77926640
				-15.75393000 22.03793000 -15.48028000 / -0.06666330 0.13218210 0.98898130 / 30 164 0 255 / 0.74560550 0.99867250
				-15.36347000 21.27029000 -15.23857000 / 0.41485150 -0.80834050 -0.41771250 / 36 79 0 255 / 0.65852360 0.99867250
				-16.05398000 22.51780000 -15.14629000 / 0.14972270 -0.29181620 0.94468330 / 45 184 0 255 / 0.66444390 0.77926640
				-15.36347000 21.27029000 -15.23857000 / 0.44272470 -0.86255970 -0.24491970 / 36 79 0 255 / 0.65852360 0.99867250
				-15.45214000 21.33504000 -15.66631000 / 0.43707790 -0.85203000 0.28811090 / 103 138 0 255 / 0.56410220 0.77926640
				-15.36347000 21.27029000 -15.23857000 / 0.44263770 -0.86257590 -0.24501960 / 36 79 0 255 / 0.65852360 0.99867250
				-15.40358000 21.23958000 -15.20293000 / 0.44272470 -0.86255970 -0.24491970 / 45 101 0 255 / 0.73019410 0.77926640
				-15.40358000 21.23958000 -15.20293000 / 0.44263770 -0.86257590 -0.24501960 / 45 101 0 255 / 0.73019410 0.77926640
				-15.40358000 21.23958000 -15.20293000 / 0.45223110 -0.88138350 -0.13656580 / 45 101 0 255 / 0.73019410 0.77926640
				-15.35947000 21.26222000 -15.20293000 / 0.44263770 -0.86257590 -0.24501960 / 54 114 0 255 / 0.73019410 0.99867250
				-15.35947000 21.26222000 -15.20293000 / 0.45223110 -0.88138350 -0.13656580 / 54 114 0 255 / 0.73019410 0.99867250
				-15.35947000 21.26222000 -15.20293000 / 0.44600990 -0.88267430 -0.14819320 / 54 114 0 255 / 0.73019410 0.99867250
				-15.40165000 21.23664000 -15.17754000 / 0.45223110 -0.88138350 -0.13656580 / 71 129 0 255 / 0.78033450 0.77926640
				-15.79604000 22.01128000 -15.33136000 / -0.89247190 -0.45109980 0.00171670 / 146 151 0 255 / 0.44958490 0.71900940
				-15.75393000 22.03793000 -15.48028000 / -0.06723670 0.13104000 0.98909440 / 30 164 0 255 / 0.74560550 0.99867250
				-15.40165000 21.23664000 -15.17754000 / 0.44600990 -0.88267430 -0.14819320 / 71 129 0 255 / 0.78033450 0.77926640
				-15.43570000 21.30259000 -15.55888000 / 0.25585680 -0.49874430 -0.82812530 / 94 89 0 255 / 0.66465760 0.77926640
				-15.40165000 21.23664000 -15.17754000 / 0.45102450 -0.89251160 0.00000000 / 71 129 0 255 / 0.78033450 0.77926640
				-15.35774000 21.25883000 -15.17754000 / 0.44600990 -0.88267430 -0.14819320 / 86 141 0 255 / 0.78033450 0.99867250
				-15.35774000 21.25883000 -15.17754000 / 0.45102450 -0.89251160 0.00000000 / 86 141 0 255 / 0.78033450 0.99867250
				-15.35774000 21.25883000 -15.17754000 / 0.45110050 -0.89247320 0.00009540 / 86 141 0 255 / 0.78033450 0.99867250
				-15.40164000 21.23664000 -15.15410000 / 0.45102450 -0.89251160 0.00000000 / 107 150 0 255 / 0.82772830 0.77926640
				-15.40164000 21.23664000 -15.15410000 / 0.45110050 -0.89247320 0.00009540 / 107 150 0 255 / 0.82772830 0.77926640
				-15.40164000 21.23664000 -15.15410000 / 0.44413790 -0.87873880 0.17481310 / 107 150 0 255 / 0.82772830 0.77926640
				-15.79604000 22.01128000 -15.33136000 / -0.90475140 -0.42591120 0.00495910 / 146 151 0 255 / 0.44958490 0.71900940
				-15.35773000 21.25883000 -15.15410000 / 0.45110050 -0.89247320 0.00009540 / 128 161 0 255 / 0.82772830 0.99867250
				-15.35773000 21.25883000 -15.15410000 / 0.44413790 -0.87873880 0.17481310 / 128 161 0 255 / 0.82772830 0.99867250
				-15.75393000 22.03793000 -15.48028000 / 0.07715030 -0.15048600 0.98559720 / 30 164 0 255 / 0.74560550 0.99867250
				-15.43570000 21.30259000 -15.55888000 / 0.25596610 -0.49877150 -0.82807510 / 94 89 0 255 / 0.66465760 0.77926640
				-15.35773000 21.25883000 -15.15410000 / 0.44406870 -0.87879060 0.17472810 / 128 161 0 255 / 0.82772830 0.99867250
				-15.40339000 21.24004000 -15.13261000 / 0.44413790 -0.87873880 0.17481310 / 146 160 0 255 / 0.87092590 0.77926640
				-15.40339000 21.24004000 -15.13261000 / 0.44406870 -0.87879060 0.17472810 / 146 160 0 255 / 0.87092590 0.77926640
				-15.40339000 21.24004000 -15.13261000 / 0.41416870 -0.81956370 0.39595400 / 146 160 0 255 / 0.87092590 0.77926640
				-15.35947000 21.26223000 -15.13261000 / 0.44406870 -0.87879060 0.17472810 / 152 167 0 255 / 0.87092590 0.99867250
				-15.35947000 21.26223000 -15.13261000 / 0.41416870 -0.81956370 0.39595400 / 152 167 0 255 / 0.87092590 0.99867250
				-15.79604000 22.01128000 -15.33136000 / -0.89459840 -0.44687010 -0.00085830 / 146 151 0 255 / 0.44958490 0.71900940
				-15.35947000 21.26223000 -15.13261000 / 0.41666980 -0.81197690 0.40875410 / 152 167 0 255 / 0.87092590 0.99867250
				-15.40732000 21.24701000 -15.11406000 / 0.41416870 -0.81956370 0.39595400 / 149 165 0 255 / 0.90846250 0.77926640
				-15.40732000 21.24701000 -15.11406000 / 0.41666980 -0.81197690 0.40875410 / 149 165 0 255 / 0.90846250 0.77926640
				-15.40732000 21.24701000 -15.11406000 / 0.35294160 -0.68776400 0.63436030 / 149 165 0 255 / 0.90846250 0.77926640
				-15.43570000 21.30259000 -15.55888000 / 0.08191730 -0.15963860 -0.98377080 / 94 89 0 255 / 0.66465760 0.77926640
				-15.79804000 22.01530000 -15.48028000 / -0.06723670 0.13104000 0.98909440 / 37 164 0 255 / 0.74560550 0.77926640
				-15.36321000 21.26965000 -15.11406000 / 0.41666980 -0.81197690 0.40875410 / 135 173 0 255 / 0.90846250 0.99867250
				-15.36321000 21.26965000 -15.11406000 / 0.35294160 -0.68776400 0.63436030 / 135 173 0 255 / 0.90846250 0.99867250
				-15.36321000 21.26965000 -15.11406000 / 0.35198860 -0.69692020 0.62482500 / 135 173 0 255 / 0.90846250 0.99867250
				-15.41306000 21.25848000 -15.09843000 / 0.35294160 -0.68776400 0.63436030 / 116 171 0 255 / 0.93911730 0.77926640
				-15.79004000 21.99917000 -15.27715000 / -0.90475140 -0.42591120 0.00495910 / 147 152 0 255 / 0.48706060 0.56820680
				-15.41306000 21.25848000 -15.09843000 / 0.35198860 -0.69692020 0.62482500 / 116 171 0 255 / 0.93911730 0.77926640
				-15.36914000 21.28066000 -15.09843000 / 0.35198860 -0.69692020 0.62482500 / 96 173 0 255 / 0.93911730 0.99867250
				-15.40300000 21.34705000 -15.13848000 / -0.27427000 0.53461680 -0.79935030 / 29 90 0 255 / 0.84408570 0.99867250
				-15.40300000 21.34705000 -15.13848000 / -0.26721510 0.52928040 -0.80526910 / 29 90 0 255 / 0.84408570 0.99867250
				-15.40300000 21.34705000 -15.13848000 / -0.06132240 0.12150040 -0.99069530 / 29 90 0 255 / 0.84408570 0.99867250
				-15.44344000 21.31808000 -15.57061000 / 0.25585680 -0.49874430 -0.82812530 / 134 106 0 255 / 0.56410220 0.77926640
				-15.39584000 21.33393000 -15.14971000 / -0.27427000 0.53461680 -0.79935030 / 25 97 0 255 / 0.93911730 0.99867250
				-15.79804000 22.01530000 -15.48028000 / 0.07715030 -0.15048600 0.98559720 / 37 164 0 255 / 0.74560550 0.77926640
				-15.43995000 21.31130000 -15.14971000 / -0.27427000 0.53461680 -0.79935030 / 26 95 0 255 / 0.93911730 0.77926640
				-15.43995000 21.31130000 -15.14971000 / -0.26721510 0.52928040 -0.80526910 / 26 95 0 255 / 0.93911730 0.77926640
				-15.79004000 21.99917000 -15.27715000 / -0.89459840 -0.44687010 -0.00085830 / 147 152 0 255 / 0.48706060 0.56820680
				-15.44691000 21.32487000 -15.13848000 / -0.26721510 0.52928040 -0.80526910 / 32 89 0 255 / 0.84408570 0.77926640
				-15.44691000 21.32487000 -15.13848000 / -0.06132240 0.12150040 -0.99069530 / 32 89 0 255 / 0.84408570 0.77926640
				-15.44691000 21.32487000 -15.13848000 / -0.06132240 0.12150040 -0.99069530 / 32 89 0 255 / 0.84408570 0.77926640
				-15.41422000 21.36933000 -15.13505000 / -0.06132240 0.12150040 -0.99069530 / 37 83 0 255 / 0.68594360 0.99867250
				-15.41422000 21.36933000 -15.13505000 / -0.06132240 0.12150040 -0.99069530 / 37 83 0 255 / 0.68594360 0.99867250
				-15.41422000 21.36933000 -15.13505000 / 0.00000000 0.00000000 -1.00000000 / 37 83 0 255 / 0.68594360 0.99867250
				-15.39932000 21.34071000 -15.57061000 / 0.25585680 -0.49874430 -0.82812530 / 115 100 0 255 / 0.56410220 0.99867250
				-15.45814000 21.34715000 -15.13505000 / -0.06132240 0.12150040 -0.99069530 / 45 78 0 255 / 0.68594360 0.77926640
				-15.45814000 21.34715000 -15.13505000 / 0.00000000 0.00000000 -1.00000000 / 45 78 0 255 / 0.68594360 0.77926640
				-15.79804000 22.01530000 -15.48028000 / 0.07715030 -0.15048600 0.98559720 / 37 164 0 255 / 0.74560550 0.77926640
				-15.79004000 21.99917000 -15.27715000 / -0.88470680 -0.46614710 0.00085830 / 147 152 0 255 / 0.48706060 0.56820680
				-15.45814000 21.34715000 -15.13505000 / 0.00009540 0.00000000 -1.00000000 / 45 78 0 255 / 0.68594360 0.77926640
				-15.42273000 21.38674000 -15.13505000 / 0.00000000 0.00000000 -1.00000000 / 58 84 0 255 / 0.56410220 0.99867250
				-15.42273000 21.38674000 -15.13505000 / 0.00009540 0.00000000 -1.00000000 / 58 84 0 255 / 0.56410220 0.99867250
				-15.46684000 21.36411000 -15.13505000 / 0.00009540 0.00000000 -1.00000000 / 73 95 0 255 / 0.56410220 0.77926640
				-15.45440000 21.33972000 -15.26689000 / -0.26291730 0.51248370 0.81745650 / 41 115 0 255 / 0.62518310 0.77926640
				-15.45440000 21.33972000 -15.26689000 / -0.26293260 0.51270430 0.81731320 / 41 115 0 255 / 0.62518310 0.77926640
				-15.45440000 21.33972000 -15.26689000 / -0.11826140 0.23060970 0.96583310 / 41 115 0 255 / 0.62518310 0.77926640
				-15.39932000 21.34071000 -15.57061000 / 0.25596610 -0.49877150 -0.82807510 / 115 100 0 255 / 0.56410220 0.99867250
				-15.44988000 21.33037000 -15.25957000 / -0.26291730 0.51248370 0.81745650 / 38 123 0 255 / 0.56410220 0.77926640
				-15.40577000 21.35300000 -15.25957000 / -0.26291730 0.51248370 0.81745650 / 41 114 0 255 / 0.56410220 0.99867250
				-15.79004000 21.99917000 -15.27715000 / -0.89931430 -0.43697330 -0.01697540 / 147 152 0 255 / 0.48706060 0.56820680
				-15.40577000 21.35300000 -15.25957000 / -0.26293260 0.51270430 0.81731320 / 41 114 0 255 / 0.56410220 0.99867250
				-15.72304000 21.97706000 -15.49200000 / 0.07715030 -0.15048600 0.98559720 / 47 149 0 255 / 0.63516240 0.99867250
				-15.41029000 21.36234000 -15.26689000 / -0.26293260 0.51270430 0.81731320 / 39 109 0 255 / 0.62518310 0.99867250
				-15.41029000 21.36234000 -15.26689000 / -0.11826140 0.23060970 0.96583310 / 39 109 0 255 / 0.62518310 0.99867250
				-15.41029000 21.36234000 -15.26689000 / -0.11825570 0.23040780 0.96588190 / 39 109 0 255 / 0.62518310 0.99867250
				-15.46110000 21.35264000 -15.27079000 / -0.11826140 0.23060970 0.96583310 / 38 129 0 255 / 0.70895380 0.77926640
				-15.46110000 21.35264000 -15.27079000 / -0.11825570 0.23040780 0.96588190 / 38 129 0 255 / 0.70895380 0.77926640
				-15.46110000 21.35264000 -15.27079000 / -0.03175820 0.06199060 0.99757130 / 38 129 0 255 / 0.70895380 0.77926640
				-15.39159000 21.32522000 -15.55888000 / 0.25596610 -0.49877150 -0.82807510 / 71 91 0 255 / 0.66465760 0.99867250
				-15.41699000 21.37528000 -15.27079000 / -0.11825570 0.23040780 0.96588190 / 40 130 0 255 / 0.70895380 0.99867250
				-15.78830000 21.99579000 -15.32549000 / -0.89459840 -0.44687010 -0.00085830 / 149 149 0 255 / 0.49862670 0.70298770
				-15.41699000 21.37528000 -15.27079000 / -0.03175820 0.06199060 0.99757130 / 40 130 0 255 / 0.70895380 0.99867250
				-15.41699000 21.37528000 -15.27079000 / -0.03185120 0.06313029 0.99749690 / 40 130 0 255 / 0.70895380 0.99867250
				-15.47058000 21.37153000 -15.27227000 / -0.03175820 0.06199060 0.99757130 / 48 142 0 255 / 0.82995600 0.77926640
				-15.72304000 21.97706000 -15.49200000 / 0.07715030 -0.15048600 0.98559720 / 47 149 0 255 / 0.63516240 0.99867250
				-15.47058000 21.37153000 -15.27227000 / -0.03185120 0.06313029 0.99749690 / 48 142 0 255 / 0.82995600 0.77926640
				-15.47058000 21.37153000 -15.27227000 / -0.00009540 0.00019070 1.00000000 / 48 142 0 255 / 0.82995600 0.77926640
				-15.42666000 21.39371000 -15.27227000 / -0.03185120 0.06313029 0.99749690 / 60 132 0 255 / 0.82995600 0.99867250
				-15.42666000 21.39371000 -15.27227000 / -0.00009540 0.00019070 1.00000000 / 60 132 0 255 / 0.82995600 0.99867250
				-15.42666000 21.39371000 -15.27227000 / -0.00009540 0.00000000 1.00000000 / 60 132 0 255 / 0.82995600 0.99867250
				-15.39159000 21.32522000 -15.55888000 / 0.08191730 -0.15963860 -0.98377080 / 71 91 0 255 / 0.66465760 0.99867250
				-15.78830000 21.99579000 -15.32549000 / -0.88470680 -0.46614710 0.00085830 / 149 149 0 255 / 0.49862670 0.70298770
				-15.47929000 21.38849000 -15.27227000 / -0.00009540 0.00019070 1.00000000 / 74 126 0 255 / 0.93911730 0.77926640
				-15.47929000 21.38849000 -15.27227000 / -0.00009540 0.00000000 1.00000000 / 74 126 0 255 / 0.93911730 0.77926640
				-15.43536000 21.41068000 -15.27227000 / -0.00009540 0.00000000 1.00000000 / 79 111 0 255 / 0.93911730 0.99867250
				-15.26261000 21.07195000 -15.18925000 / 0.39493500 -0.78204950 0.48210490 / 81 136 0 255 / 0.85292040 0.99867250
				-15.26261000 21.07195000 -15.18925000 / 0.39498350 -0.78176600 0.48252450 / 81 136 0 255 / 0.85292040 0.99867250
				-15.72304000 21.97706000 -15.49200000 / 0.28246610 -0.55062770 0.78550760 / 47 149 0 255 / 0.63516240 0.99867250
				-15.26261000 21.07195000 -15.18925000 / 0.44609240 -0.88303040 0.14580490 / 81 136 0 255 / 0.85292040 0.99867250
				-15.26758000 21.08149000 -15.16972000 / 0.39493500 -0.78204950 0.48210490 / 70 145 0 255 / 0.93911730 0.99867250
				-15.31150000 21.05931000 -15.16972000 / 0.39493500 -0.78204950 0.48210490 / 79 144 0 255 / 0.93911730 0.77926640
				-15.31150000 21.05931000 -15.16972000 / 0.39498350 -0.78176600 0.48252450 / 79 144 0 255 / 0.93911730 0.77926640
				-15.78037000 21.98075000 -15.31523000 / -0.88470680 -0.46614710 0.00085830 / 142 159 0 255 / 0.54527280 0.67440790
				-15.39159000 21.32522000 -15.55888000 / 0.07953770 -0.15754950 -0.98430280 / 71 91 0 255 / 0.66465760 0.99867250
				-15.30653000 21.04977000 -15.18925000 / 0.39498350 -0.78176600 0.48252450 / 78 139 0 255 / 0.85292040 0.77926640
				-15.30653000 21.04977000 -15.18925000 / 0.44609240 -0.88303040 0.14580490 / 78 139 0 255 / 0.85292040 0.77926640
				-15.30653000 21.04977000 -15.18925000 / 0.44602840 -0.88309240 0.14562440 / 78 139 0 255 / 0.85292040 0.77926640
				-15.26087000 21.06856000 -15.21513000 / 0.44609240 -0.88303040 0.14580490 / 68 125 0 255 / 0.74040220 0.99867250
				-15.26087000 21.06856000 -15.21513000 / 0.44602840 -0.88309240 0.14562440 / 68 125 0 255 / 0.74040220 0.99867250
				-15.26087000 21.06856000 -15.21513000 / 0.44771750 -0.88666180 -0.11567230 / 68 125 0 255 / 0.74040220 0.99867250
				-15.76714000 21.95443000 -15.49200000 / 0.07715030 -0.15048600 0.98559720 / 59 154 0 255 / 0.63516240 0.77926640
				-15.30479000 21.04638000 -15.21513000 / 0.44602840 -0.88309240 0.14562440 / 63 123 0 255 / 0.74040220 0.77926640
				-15.30479000 21.04638000 -15.21513000 / 0.44771750 -0.88666180 -0.11567230 / 63 123 0 255 / 0.74040220 0.77926640
				-15.78037000 21.98075000 -15.31523000 / -0.89931430 -0.43697330 -0.01697540 / 142 159 0 255 / 0.54527280 0.67440790
				-15.30479000 21.04638000 -15.21513000 / 0.45388600 -0.88469150 -0.10634230 / 63 123 0 255 / 0.74040220 0.77926640
				-15.42680000 21.28607000 -15.55547000 / 0.08191730 -0.15963860 -0.98377080 / 51 88 0 255 / 0.77552800 0.77926640
				-15.26261000 21.07195000 -15.24785000 / 0.44771750 -0.88666180 -0.11567230 / 59 109 0 255 / 0.59844970 0.99867250
				-15.26261000 21.07195000 -15.24785000 / 0.45388600 -0.88469150 -0.10634230 / 59 109 0 255 / 0.59844970 0.99867250
				-15.26261000 21.07195000 -15.24785000 / 0.44949660 -0.87610350 -0.17434330 / 59 109 0 255 / 0.59844970 0.99867250
				-15.30672000 21.04932000 -15.24785000 / 0.45388600 -0.88469150 -0.10634230 / 56 101 0 255 / 0.59844970 0.77926640
				-15.30672000 21.04932000 -15.24785000 / 0.44949660 -0.87610350 -0.17434330 / 56 101 0 255 / 0.59844970 0.77926640
				-15.30672000 21.04932000 -15.24785000 / 0.44952740 -0.87616840 -0.17393680 / 56 101 0 255 / 0.59844970 0.77926640
				-15.26313000 21.07323000 -15.25566000 / 0.44949660 -0.87610350 -0.17434330 / 48 82 0 255 / 0.56410220 0.99867250
				-15.76714000 21.95443000 -15.49200000 / 0.28246610 -0.55062770 0.78550760 / 59 154 0 255 / 0.63516240 0.77926640
				-15.78037000 21.98075000 -15.31523000 / -0.89017950 -0.45548500 -0.01068140 / 142 159 0 255 / 0.54527280 0.67440790
				-15.26313000 21.07323000 -15.25566000 / 0.44952740 -0.87616840 -0.17393680 / 48 82 0 255 / 0.56410220 0.99867250
				-15.30724000 21.05060000 -15.25566000 / 0.44952740 -0.87616840 -0.17393680 / 41 75 0 255 / 0.56410220 0.77926640
				-15.42680000 21.28607000 -15.55547000 / 0.07953770 -0.15754950 -0.98430280 / 51 88 0 255 / 0.77552800 0.77926640
				-15.31942000 21.07435000 -15.15507000 / 0.29430980 -0.58270670 0.75751880 / 62 162 0 255 / 0.60482790 0.77926640
				-15.31942000 21.07435000 -15.15507000 / 0.29431140 -0.58232840 0.75780900 / 62 162 0 255 / 0.60482790 0.77926640
				-15.31942000 21.07435000 -15.15507000 / 0.14982150 -0.29659130 0.94317930 / 62 162 0 255 / 0.60482790 0.77926640
				-15.31150000 21.05931000 -15.16972000 / 0.29430980 -0.58270670 0.75751880 / 79 144 0 255 / 0.56410220 0.77926640
				-15.26758000 21.08149000 -15.16972000 / 0.29430980 -0.58270670 0.75751880 / 70 145 0 255 / 0.56410220 0.99867250
				-15.26758000 21.08149000 -15.16972000 / 0.29431140 -0.58232840 0.75780900 / 70 145 0 255 / 0.56410220 0.99867250
				-15.27551000 21.09654000 -15.15507000 / 0.29431140 -0.58232840 0.75780900 / 54 165 0 255 / 0.60482790 0.99867250
				-15.78578000 21.99047000 -15.27861000 / -0.89931430 -0.43697330 -0.01697540 / 136 162 0 255 / 0.51429750 0.57319640
				-15.27551000 21.09654000 -15.15507000 / 0.14982150 -0.29659130 0.94317930 / 54 165 0 255 / 0.60482790 0.99867250
				-15.76714000 21.95443000 -15.49200000 / 0.28246610 -0.55062770 0.78550760 / 59 154 0 255 / 0.63516240 0.77926640
				-15.27551000 21.09654000 -15.15507000 / 0.14982150 -0.29659130 0.94317930 / 54 165 0 255 / 0.60482790 0.99867250
				-15.42680000 21.28607000 -15.55547000 / -0.09441270 0.18710890 -0.97779160 / 51 88 0 255 / 0.77552800 0.77926640
				-15.33065000 21.09663000 -15.14629000 / 0.14982150 -0.29659130 0.94317930 / 45 170 0 255 / 0.66444390 0.77926640
				-15.33065000 21.09663000 -15.14629000 / 0.14982150 -0.29659130 0.94317930 / 45 170 0 255 / 0.66444390 0.77926640
				-15.33065000 21.09663000 -15.14629000 / 0.03833690 -0.07591080 0.99637730 / 45 170 0 255 / 0.66444390 0.77926640
				-15.28673000 21.11882000 -15.14629000 / 0.14982150 -0.29659130 0.94317930 / 35 168 0 255 / 0.66444390 0.99867250
				-15.28673000 21.11882000 -15.14629000 / 0.03833690 -0.07591080 0.99637730 / 35 168 0 255 / 0.66444390 0.99867250
				-15.28673000 21.11882000 -15.14629000 / 0.03833690 -0.07591080 0.99637730 / 35 168 0 255 / 0.66444390 0.99867250
				-15.78578000 21.99047000 -15.27861000 / -0.89017950 -0.45548500 -0.01068140 / 136 162 0 255 / 0.51429750 0.57319640
				-15.34631000 21.12717000 -15.14336000 / 0.03833690 -0.07591080 0.99637730 / 28 179 0 255 / 0.74649050 0.77926640
				-15.34631000 21.12717000 -15.14336000 / 0.03833690 -0.07591080 0.99637730 / 28 179 0 255 / 0.74649050 0.77926640
				-15.34631000 21.12717000 -15.14336000 / -0.06437531 0.12741540 0.98975820 / 28 179 0 255 / 0.74649050 0.77926640
				-15.70312000 21.93782000 -15.52666000 / 0.28246610 -0.55062770 0.78550760 / 67 142 0 255 / 0.56410220 0.99867250
				-16.04147000 22.60216000 -15.33282000 / 0.03566770 -0.07038159 -0.99688230 / 34 92 0 255 / 0.72811890 0.99867250
				-15.30240000 21.14936000 -15.14336000 / 0.03833690 -0.07591080 0.99637730 / 26 181 0 255 / 0.74649050 0.99867250
				-15.30240000 21.14936000 -15.14336000 / -0.06437531 0.12741540 0.98975820 / 26 181 0 255 / 0.74649050 0.99867250
				-15.30240000 21.14936000 -15.14336000 / -0.06475390 0.12607460 0.98990510 / 26 181 0 255 / 0.74649050 0.99867250
				-15.36624000 21.16641000 -15.14971000 / -0.06437531 0.12741540 0.98975820 / 26 182 0 255 / 0.85211180 0.77926640
				-15.36624000 21.16641000 -15.14971000 / -0.06475390 0.12607460 0.98990510 / 26 182 0 255 / 0.85211180 0.77926640
				-15.78578000 21.99047000 -15.27861000 / -0.87927170 -0.47587480 0.02059900 / 136 162 0 255 / 0.51429750 0.57319640
				-15.36624000 21.16641000 -15.14971000 / -0.22011740 0.42879020 0.87617780 / 26 182 0 255 / 0.85211180 0.77926640
				-15.32213000 21.18905000 -15.14971000 / -0.06475390 0.12607460 0.98990510 / 27 174 0 255 / 0.85211180 0.99867250
				-15.32213000 21.18905000 -15.14971000 / -0.22011740 0.42879020 0.87617780 / 27 174 0 255 / 0.85211180 0.99867250
				-15.32213000 21.18905000 -15.14971000 / -0.22009930 0.42894580 0.87610610 / 27 174 0 255 / 0.85211180 0.99867250
				-15.38269000 21.19887000 -15.16973000 / -0.22011740 0.42879020 0.87617780 / 28 165 0 255 / 0.93911730 0.77926640
				-16.04147000 22.60216000 -15.33282000 / 0.03547720 -0.07038210 -0.99688900 / 34 92 0 255 / 0.72811890 0.99867250
				-15.70312000 21.93782000 -15.52666000 / 0.28246610 -0.55062770 0.78550760 / 67 142 0 255 / 0.56410220 0.99867250
				-15.38269000 21.19887000 -15.16973000 / -0.22009930 0.42894580 0.87610610 / 28 165 0 255 / 0.93911730 0.77926640
				-15.38269000 21.19887000 -15.16973000 / -0.34236410 0.66737170 0.66136360 / 28 165 0 255 / 0.93911730 0.77926640
				-15.33858000 21.22150000 -15.16973000 / -0.22009930 0.42894580 0.87610610 / 27 156 0 255 / 0.93911730 0.99867250
				-15.77263000 21.96526000 -15.29961000 / -0.89017950 -0.45548500 -0.01068140 / 128 168 0 255 / 0.59440620 0.63136290
				-15.33858000 21.22150000 -15.16973000 / -0.34236410 0.66737170 0.66136360 / 27 156 0 255 / 0.93911730 0.99867250
				-15.33858000 21.22150000 -15.16973000 / -0.33989510 0.67292370 0.65699700 / 27 156 0 255 / 0.93911730 0.99867250
				-15.39487000 21.22262000 -15.20000000 / -0.34236410 0.66737170 0.66136360 / 24 135 0 255 / 0.85777280 0.77926640
				-15.39487000 21.22262000 -15.20000000 / -0.33989510 0.67292370 0.65699700 / 24 135 0 255 / 0.85777280 0.77926640
				-15.39487000 21.22262000 -15.20000000 / -0.42314750 0.83771180 0.34523190 / 24 135 0 255 / 0.85777280 0.77926640
				-15.35096000 21.24480000 -15.20000000 / -0.33989510 0.67292370 0.65699700 / 21 117 0 255 / 0.85777280 0.99867250
				-16.04147000 22.60216000 -15.33282000 / -0.03452310 0.06828320 -0.99706850 / 34 92 0 255 / 0.72811890 0.99867250
				-15.35096000 21.24480000 -15.20000000 / -0.42314750 0.83771180 0.34523190 / 21 117 0 255 / 0.85777280 0.99867250
				-15.74722000 21.91519000 -15.52666000 / 0.28246610 -0.55062770 0.78550760 / 72 140 0 255 / 0.56410220 0.77926640
				-15.35096000 21.24480000 -15.20000000 / -0.42316140 0.83773960 0.34514790 / 21 117 0 255 / 0.85777280 0.99867250
				-15.77263000 21.96526000 -15.29961000 / -0.87927170 -0.47587480 0.02059900 / 128 168 0 255 / 0.59440620 0.63136290
				-15.40113000 21.23536000 -15.23857000 / -0.42314750 0.83771180 0.34523190 / 18 86 0 255 / 0.75469970 0.77926640
				-15.40113000 21.23536000 -15.23857000 / -0.42316140 0.83773960 0.34514790 / 18 86 0 255 / 0.75469970 0.77926640
				-15.40113000 21.23536000 -15.23857000 / -0.44907860 0.88919290 0.08754600 / 18 86 0 255 / 0.75469970 0.77926640
				-15.35721000 21.25754000 -15.23857000 / -0.42316140 0.83773960 0.34514790 / 16 73 0 255 / 0.75469970 0.99867250
				-15.35721000 21.25754000 -15.23857000 / -0.44907860 0.88919290 0.08754600 / 16 73 0 255 / 0.75469970 0.99867250
				-15.35721000 21.25754000 -15.23857000 / -0.44907490 0.88918550 0.08764070 / 16 73 0 255 / 0.75469970 0.99867250
				-15.40236000 21.23747000 -15.26640000 / -0.44907860 0.88919290 0.08754600 / 18 74 0 255 / 0.67982480 0.77926640
				-15.38288000 21.30825000 -15.55547000 / 0.07953770 -0.15754950 -0.98430280 / 36 93 0 255 / 0.77552800 0.99867250
				-15.40236000 21.23747000 -15.26640000 / -0.44907490 0.88918550 0.08764070 / 18 74 0 255 / 0.67982480 0.77926640
				-15.40236000 21.23747000 -15.26640000 / -0.43964440 0.87032430 -0.22192030 / 18 74 0 255 / 0.67982480 0.77926640
				-15.77263000 21.96526000 -15.29961000 / -0.89795550 -0.44001340 -0.00801060 / 128 168 0 255 / 0.59440620 0.63136290
				-15.75045000 21.92132000 -15.67364000 / 0.32932110 -0.66436450 -0.67094520 / 85 90 0 255 / 0.65126040 0.77926640
				-15.35844000 21.25966000 -15.26640000 / -0.44907490 0.88918550 0.08764070 / 20 81 0 255 / 0.67982480 0.99867250
				-15.35844000 21.25966000 -15.26640000 / -0.43964440 0.87032430 -0.22192030 / 20 81 0 255 / 0.67982480 0.99867250
				-15.35844000 21.25966000 -15.26640000 / -0.43964440 0.87032430 -0.22192030 / 20 81 0 255 / 0.67982480 0.99867250
				-15.39965000 21.23262000 -15.29082000 / -0.43964440 0.87032430 -0.22192030 / 22 95 0 255 / 0.61535650 0.77926640
				-15.39965000 21.23262000 -15.29082000 / -0.43964440 0.87032430 -0.22192030 / 22 95 0 255 / 0.61535650 0.77926640
				-15.39965000 21.23262000 -15.29082000 / -0.38356840 0.75950730 -0.52538000 / 22 95 0 255 / 0.61535650 0.77926640
				-15.35573000 21.25480000 -15.29082000 / -0.43964440 0.87032430 -0.22192030 / 23 98 0 255 / 0.61535650 0.99867250
				-15.38288000 21.30825000 -15.55547000 / -0.09441270 0.18710890 -0.97779160 / 36 93 0 255 / 0.77552800 0.99867250
				-15.35573000 21.25480000 -15.29082000 / -0.38356840 0.75950730 -0.52538000 / 23 98 0 255 / 0.61535650 0.99867250
				-15.77263000 21.96526000 -15.29961000 / -0.87701110 -0.48046780 0.00143050 / 128 168 0 255 / 0.59440620 0.63136290
				-15.35573000 21.25480000 -15.29082000 / -0.39130990 0.76259170 -0.51510230 / 23 98 0 255 / 0.61535650 0.99867250
				-15.39461000 21.22199000 -15.30986000 / -0.38356840 0.75950730 -0.52538000 / 25 103 0 255 / 0.56410220 0.77926640
				-15.75045000 21.92132000 -15.67364000 / 0.34122650 -0.66490540 -0.66442850 / 85 90 0 255 / 0.65126040 0.77926640
				-15.39461000 21.22199000 -15.30986000 / -0.39130990 0.76259170 -0.51510230 / 25 103 0 255 / 0.56410220 0.77926640
				-15.39461000 21.22199000 -15.30986000 / -0.28686030 0.55922510 -0.77780350 / 25 103 0 255 / 0.56410220 0.77926640
				-15.35051000 21.24462000 -15.30986000 / -0.39130990 0.76259170 -0.51510230 / 27 98 0 255 / 0.56410220 0.99867250
				-15.35051000 21.24462000 -15.30986000 / -0.28686030 0.55922510 -0.77780350 / 27 98 0 255 / 0.56410220 0.99867250
				-15.35051000 21.24462000 -15.30986000 / -0.28009860 0.55447510 -0.78364670 / 27 98 0 255 / 0.56410220 0.99867250
				-15.38694000 21.20758000 -15.32305000 / -0.28686030 0.55922510 -0.77780350 / 33 91 0 255 / 0.60215760 0.77926640
				-15.38288000 21.30825000 -15.55547000 / -0.09450720 0.18710720 -0.97778280 / 36 93 0 255 / 0.77552800 0.99867250
				-15.77263000 21.96526000 -15.29961000 / -0.91280980 -0.40834220 0.00591250 / 128 168 0 255 / 0.59440620 0.63136290
				-15.38694000 21.20758000 -15.32305000 / -0.28009860 0.55447510 -0.78364670 / 33 91 0 255 / 0.60215760 0.77926640
				-15.38694000 21.20758000 -15.32305000 / -0.13571100 0.26875170 -0.95360110 / 33 91 0 255 / 0.60215760 0.77926640
				-15.34302000 21.22976000 -15.32305000 / -0.28009860 0.55447510 -0.78364670 / 39 86 0 255 / 0.60215760 0.99867250
				-15.34302000 21.22976000 -15.32305000 / -0.13571100 0.26875170 -0.95360110 / 39 86 0 255 / 0.60215760 0.99867250
				-15.75045000 21.92132000 -15.67364000 / 0.42592630 -0.82991730 -0.36031120 / 85 90 0 255 / 0.65126040 0.77926640
				-15.34302000 21.22976000 -15.32305000 / -0.13923080 0.27121390 -0.95239580 / 39 86 0 255 / 0.60215760 0.99867250
				-15.37669000 21.18677000 -15.33037000 / -0.13571100 0.26875170 -0.95360110 / 46 88 0 255 / 0.65586840 0.77926640
				-15.37669000 21.18677000 -15.33037000 / -0.13923080 0.27121390 -0.95239580 / 46 88 0 255 / 0.65586840 0.77926640
				-15.37669000 21.18677000 -15.33037000 / -0.03509460 0.06828190 -0.99704860 / 46 88 0 255 / 0.65586840 0.77926640
				-15.33258000 21.20941000 -15.33037000 / -0.13923080 0.27121390 -0.95239580 / 50 88 0 255 / 0.65586840 0.99867250
				-15.77263000 21.96526000 -15.29961000 / -0.89704330 -0.44194120 0.00114440 / 128 168 0 255 / 0.59440620 0.63136290
				-15.41958000 21.27185000 -15.55888000 / -0.09441270 0.18710890 -0.97779160 / 26 91 0 255 / 0.86997980 0.77926640
				-15.33258000 21.20941000 -15.33037000 / -0.03509460 0.06828190 -0.99704860 / 50 88 0 255 / 0.65586840 0.99867250
				-15.33258000 21.20941000 -15.33037000 / -0.03423820 0.06790420 -0.99710420 / 50 88 0 255 / 0.65586840 0.99867250
				-15.36206000 21.15880000 -15.33280000 / -0.03509460 0.06828190 -0.99704860 / 59 90 0 255 / 0.72987370 0.77926640
				-15.36206000 21.15880000 -15.33280000 / -0.03423820 0.06790420 -0.99710420 / 59 90 0 255 / 0.72987370 0.77926640
				-15.36206000 21.15880000 -15.33280000 / 0.03538240 -0.07019250 -0.99690580 / 59 90 0 255 / 0.72987370 0.77926640
				-15.76864000 21.95718000 -15.71807000 / 0.32932110 -0.66436450 -0.67094520 / 78 97 0 255 / 0.56410220 0.77926640
				-15.31813000 21.18098000 -15.33280000 / -0.03423820 0.06790420 -0.99710420 / 70 90 0 255 / 0.72987370 0.99867250
				-15.31813000 21.18098000 -15.33280000 / 0.03538240 -0.07019250 -0.99690580 / 70 90 0 255 / 0.72987370 0.99867250
				-15.31813000 21.18098000 -15.33280000 / 0.03538240 -0.07019250 -0.99690580 / 70 90 0 255 / 0.72987370 0.99867250
				-15.77263000 21.96526000 -15.29961000 / -0.89054050 -0.45490240 -0.00133510 / 128 168 0 255 / 0.59440620 0.63136290
				-15.34535000 21.12570000 -15.32988000 / 0.03538240 -0.07019250 -0.99690580 / 87 93 0 255 / 0.81687930 0.77926640
				-15.41958000 21.27185000 -15.55888000 / -0.09450720 0.18710720 -0.97778280 / 26 91 0 255 / 0.86997980 0.77926640
				-15.34535000 21.12570000 -15.32988000 / 0.03538240 -0.07019250 -0.99690580 / 87 93 0 255 / 0.81687930 0.77926640
				-15.34535000 21.12570000 -15.32988000 / 0.13179460 -0.26091910 -0.95632170 / 87 93 0 255 / 0.81687930 0.77926640
				-15.30144000 21.14788000 -15.32988000 / 0.03538240 -0.07019250 -0.99690580 / 103 88 0 255 / 0.81687930 0.99867250
				-15.30144000 21.14788000 -15.32988000 / 0.13179460 -0.26091910 -0.95632170 / 103 88 0 255 / 0.81687930 0.99867250
				-15.30144000 21.14788000 -15.32988000 / 0.13170090 -0.26092240 -0.95633380 / 103 88 0 255 / 0.81687930 0.99867250
				-15.33239000 21.10003000 -15.32109000 / 0.13179460 -0.26091910 -0.95632170 / 121 91 0 255 / 0.88409420 0.77926640
				-15.72427000 21.97917000 -15.71807000 / 0.32932110 -0.66436450 -0.67094520 / 83 97 0 255 / 0.56410220 0.99867250
				-15.33239000 21.10003000 -15.32109000 / 0.13170090 -0.26092240 -0.95633380 / 121 91 0 255 / 0.88409420 0.77926640
				-15.77263000 21.96526000 -15.29961000 / -0.89121900 -0.45357280 -0.00038150 / 128 168 0 255 / 0.59440620 0.63136290
				-15.33239000 21.10003000 -15.32109000 / 0.28104810 -0.55656500 -0.78182310 / 121 91 0 255 / 0.88409420 0.77926640
				-15.28847000 21.12221000 -15.32109000 / 0.13170090 -0.26092240 -0.95633380 / 131 87 0 255 / 0.88409420 0.99867250
				-15.41958000 21.27185000 -15.55888000 / -0.31147520 0.61665620 -0.72299270 / 26 91 0 255 / 0.86997980 0.77926640
				-15.28847000 21.12221000 -15.32109000 / 0.28104810 -0.55656500 -0.78182310 / 131 87 0 255 / 0.88409420 0.99867250
				-15.28847000 21.12221000 -15.32109000 / 0.28000350 -0.55600150 -0.78259840 / 131 87 0 255 / 0.88409420 0.99867250
				-15.32188000 21.07858000 -15.30205000 / 0.28104810 -0.55656500 -0.78182310 / 133 89 0 255 / 0.93911730 0.77926640
				-15.32188000 21.07858000 -15.30205000 / 0.28000350 -0.55600150 -0.78259840 / 133 89 0 255 / 0.93911730 0.77926640
				-15.27732000 21.10103000 -15.30205000 / 0.28000350 -0.55600150 -0.78259840 / 120 85 0 255 / 0.93911730 0.99867250
				-15.34232000 21.11910000 -15.27568000 / -0.00648480 0.01316020 0.99989240 / 16 95 0 255 / 0.76374820 0.77926640
				-15.34232000 21.11910000 -15.27568000 / -0.00658010 0.01296950 0.99989420 / 16 95 0 255 / 0.76374820 0.77926640
				-15.77263000 21.96526000 -15.29961000 / -0.88972580 -0.45645060 0.00638990 / 128 168 0 255 / 0.59440620 0.63136290
				-15.72427000 21.97917000 -15.71807000 / 0.34122650 -0.66490540 -0.66442850 / 83 97 0 255 / 0.56410220 0.99867250
				-15.34232000 21.11910000 -15.27568000 / -0.30478080 0.59411270 0.74440500 / 16 95 0 255 / 0.76374820 0.77926640
				-15.31150000 21.05931000 -15.27470000 / -0.00648480 0.01316020 0.99989240 / 14 91 0 255 / 0.56410220 0.77926640
				-15.37566000 21.29403000 -15.55888000 / -0.09450720 0.18710720 -0.97778280 / 23 95 0 255 / 0.86997980 0.99867250
				-15.26757000 21.08149000 -15.27470000 / -0.00648480 0.01316020 0.99989240 / 15 85 0 255 / 0.56410220 0.99867250
				-15.26757000 21.08149000 -15.27470000 / -0.00658010 0.01296950 0.99989420 / 15 85 0 255 / 0.56410220 0.99867250
				-15.29821000 21.14173000 -15.27568000 / -0.00658010 0.01296950 0.99989420 / 17 89 0 255 / 0.76374820 0.99867250
				-15.29821000 21.14173000 -15.27568000 / -0.30478080 0.59411270 0.74440500 / 17 89 0 255 / 0.76374820 0.99867250
				-15.29821000 21.14173000 -15.27568000 / -0.30469830 0.59375650 0.74472280 / 17 89 0 255 / 0.76374820 0.99867250
				-15.34580000 21.12589000 -15.28252000 / -0.30478080 0.59411270 0.74440500 / 19 98 0 255 / 0.78649900 0.77926640
				-15.78011000 21.98010000 -15.27617000 / -0.87927170 -0.47587480 0.02059900 / 129 165 0 255 / 0.54710390 0.56654360
				-15.34580000 21.12589000 -15.28252000 / -0.30469830 0.59375650 0.74472280 / 19 98 0 255 / 0.78649900 0.77926640
				-15.34580000 21.12589000 -15.28252000 / -0.25339880 0.49382730 0.83181940 / 19 98 0 255 / 0.78649900 0.77926640
				-16.16005000 22.72632000 -15.32891000 / 0.00000000 0.00000000 -1.00000000 / 74 95 0 255 / 0.93911730 0.77926640
				-15.30169000 21.14852000 -15.28252000 / -0.30469830 0.59375650 0.74472280 / 20 98 0 255 / 0.78649900 0.99867250
				-15.37566000 21.29403000 -15.55888000 / -0.31147520 0.61665620 -0.72299270 / 23 95 0 255 / 0.86997980 0.99867250
				-15.30169000 21.14852000 -15.28252000 / -0.25339880 0.49382730 0.83181940 / 20 98 0 255 / 0.78649900 0.99867250
				-15.30169000 21.14852000 -15.28252000 / -0.25358610 0.49439270 0.83142650 / 20 98 0 255 / 0.78649900 0.99867250
				-15.34858000 21.13185000 -15.28691000 / -0.25339880 0.49382730 0.83181940 / 19 111 0 255 / 0.80653380 0.77926640
				-15.34858000 21.13185000 -15.28691000 / -0.25358610 0.49439270 0.83142650 / 19 111 0 255 / 0.80653380 0.77926640
				-15.34858000 21.13185000 -15.28691000 / -0.16078670 0.31337190 0.93591970 / 19 111 0 255 / 0.80653380 0.77926640
				-15.78011000 21.98010000 -15.27617000 / -0.89795550 -0.44001340 -0.00801060 / 129 165 0 255 / 0.54710390 0.56654360
				-15.30447000 21.15447000 -15.28691000 / -0.25358610 0.49439270 0.83142650 / 19 110 0 255 / 0.80653380 0.99867250
				-15.30447000 21.15447000 -15.28691000 / -0.16078670 0.31337190 0.93591970 / 19 110 0 255 / 0.80653380 0.99867250
				-15.30447000 21.15447000 -15.28691000 / -0.16316960 0.32309680 0.93219320 / 19 110 0 255 / 0.80653380 0.99867250
				-15.35309000 21.14119000 -15.29081000 / -0.16078670 0.31337190 0.93591970 / 19 114 0 255 / 0.83703610 0.77926640
				-16.16005000 22.72632000 -15.32891000 / 0.00000000 0.00000000 -1.00000000 / 74 95 0 255 / 0.93911730 0.77926640
				-15.37566000 21.29403000 -15.55888000 / -0.31984930 0.62348690 -0.71341480 / 23 95 0 255 / 0.86997980 0.99867250
				-15.35309000 21.14119000 -15.29081000 / -0.16316960 0.32309680 0.93219320 / 19 114 0 255 / 0.83703610 0.77926640
				-15.35309000 21.14119000 -15.29081000 / -0.06494790 0.12856050 0.98957260 / 19 114 0 255 / 0.83703610 0.77926640
				-15.30918000 21.16337000 -15.29081000 / -0.16316960 0.32309680 0.93219320 / 19 106 0 255 / 0.83703610 0.99867250
				-15.30918000 21.16337000 -15.29081000 / -0.06494790 0.12856050 0.98957260 / 19 106 0 255 / 0.83703610 0.99867250
				-15.77559000 21.97075000 -15.26933000 / -0.89795550 -0.44001340 -0.00801060 / 124 166 0 255 / 0.57626340 0.54655460
				-15.30918000 21.16337000 -15.29081000 / -0.06370630 0.12417010 0.99021380 / 19 106 0 255 / 0.83703610 0.99867250
				-15.35780000 21.15009000 -15.29228000 / -0.06494790 0.12856050 0.98957260 / 20 111 0 255 / 0.86758420 0.77926640
				-15.35780000 21.15009000 -15.29228000 / -0.06370630 0.12417010 0.99021380 / 20 111 0 255 / 0.86758420 0.77926640
				-15.35780000 21.15009000 -15.29228000 / 0.10404440 -0.20274830 0.97368780 / 20 111 0 255 / 0.86758420 0.77926640
				-15.31369000 21.17273000 -15.29228000 / -0.06370630 0.12417010 0.99021380 / 23 101 0 255 / 0.86758420 0.99867250
				-15.31369000 21.17273000 -15.29228000 / 0.10404440 -0.20274830 0.97368780 / 23 101 0 255 / 0.86758420 0.99867250
				-15.41455000 21.26123000 -15.57011000 / -0.31147520 0.61665620 -0.72299270 / 22 108 0 255 / 0.93911730 0.77926640
				-15.70634000 21.94396000 -15.67363000 / 0.34122650 -0.66490540 -0.66442850 / 77 99 0 255 / 0.65126040 0.99867250
				-15.31369000 21.17273000 -15.29228000 / 0.10490340 -0.20770870 0.97254950 / 23 101 0 255 / 0.86758420 0.99867250
				-15.36451000 21.16303000 -15.28887000 / 0.10404440 -0.20274830 0.97368780 / 31 114 0 255 / 0.90959170 0.77926640
				-15.77559000 21.97075000 -15.26933000 / -0.87701110 -0.48046780 0.00143050 / 124 166 0 255 / 0.57626340 0.54655460
				-15.36451000 21.16303000 -15.28887000 / 0.10490340 -0.20770870 0.97254950 / 31 114 0 255 / 0.90959170 0.77926640
				-15.36451000 21.16303000 -15.28887000 / 0.30296700 -0.60002150 0.74039530 / 31 114 0 255 / 0.90959170 0.77926640
				-15.32059000 21.18521000 -15.28887000 / 0.10490340 -0.20770870 0.97254950 / 49 107 0 255 / 0.90959170 0.99867250
				-15.32059000 21.18521000 -15.28887000 / 0.30296700 -0.60002150 0.74039530 / 49 107 0 255 / 0.90959170 0.99867250
				-15.32059000 21.18521000 -15.28887000 / 0.30297510 -0.60022830 0.74022440 / 49 107 0 255 / 0.90959170 0.99867250
				-15.36876000 21.17173000 -15.28008000 / 0.30296700 -0.60002150 0.74039530 / 71 114 0 255 / 0.93911730 0.77928160
				-15.36876000 21.17173000 -15.28008000 / 0.30297510 -0.60022830 0.74022440 / 71 114 0 255 / 0.93911730 0.77928160
				-15.41455000 21.26123000 -15.57011000 / -0.31984930 0.62348690 -0.71341480 / 22 108 0 255 / 0.93911730 0.77926640
				-15.36876000 21.17173000 -15.28008000 / 0.42240830 -0.83661450 0.34878010 / 71 114 0 255 / 0.93911730 0.77928160
				-15.70634000 21.94396000 -15.67363000 / 0.42592630 -0.82991730 -0.36031120 / 77 99 0 255 / 0.65126040 0.99867250
				-15.77140000 21.96313000 -15.25567000 / -0.87701110 -0.48046780 0.00143050 / 118 167 0 255 / 0.60017390 0.50930790
				-15.32484000 21.19390000 -15.28008000 / 0.30297510 -0.60022830 0.74022440 / 86 107 0 255 / 0.93911730 0.99867250
				-15.37050000 21.17512000 -15.26983000 / 0.42240830 -0.83661450 0.34878010 / 93 105 0 255 / 0.93911730 0.87026980
				-15.37050000 21.17512000 -15.26983000 / 0.42244150 -0.83630060 0.34949170 / 93 105 0 255 / 0.93911730 0.87026980
				-15.37050000 21.17512000 -15.26983000 / 0.45071370 -0.89227190 0.02660790 / 93 105 0 255 / 0.93911730 0.87026980
				-15.32484000 21.19390000 -15.28008000 / 0.42240830 -0.83661450 0.34878010 / 86 107 0 255 / 0.56410220 0.77928160
				-15.32484000 21.19390000 -15.28008000 / 0.42244150 -0.83630060 0.34949170 / 86 107 0 255 / 0.56410220 0.77928160
				-15.32658000 21.19731000 -15.26983000 / 0.42244150 -0.83630060 0.34949170 / 86 92 0 255 / 0.56410220 0.87026980
				-15.32658000 21.19731000 -15.26983000 / 0.45071370 -0.89227190 0.02660790 / 86 92 0 255 / 0.56410220 0.87026980
				-15.37044000 21.28386000 -15.57011000 / -0.31984930 0.62348690 -0.71341480 / 23 114 0 255 / 0.93911730 0.99867250
				-15.32658000 21.19731000 -15.26983000 / 0.45575660 -0.88881610 0.04787400 / 86 92 0 255 / 0.56410220 0.87026980
				-15.77140000 21.96313000 -15.25567000 / -0.91280980 -0.40834220 0.00591250 / 118 167 0 255 / 0.60017390 0.50930790
				-15.37095000 21.17531000 -15.25567000 / 0.45071370 -0.89227190 0.02660790 / 83 84 0 255 / 0.93911730 0.99867250
				-15.70634000 21.94396000 -15.67363000 / 0.42592630 -0.82991730 -0.36031120 / 77 99 0 255 / 0.65126040 0.99867250
				-15.37095000 21.17531000 -15.25567000 / 0.45575660 -0.88881610 0.04787400 / 83 84 0 255 / 0.93911730 0.99867250
				-15.32684000 21.19793000 -15.25567000 / 0.45575660 -0.88881610 0.04787400 / 73 78 0 255 / 0.56410220 0.99867250
				-15.36502000 21.16430000 -15.20781000 / 0.42499310 -0.82804990 -0.36566960 / 164 83 0 255 / 0.93911730 0.90689090
				-15.36502000 21.16430000 -15.20781000 / 0.41636290 -0.82433360 -0.38355730 / 164 83 0 255 / 0.93911730 0.90689090
				-15.36502000 21.16430000 -15.20781000 / 0.36821120 -0.72898370 -0.57706440 / 164 83 0 255 / 0.93911730 0.90689090
				-15.36772000 21.16916000 -15.22197000 / 0.42499310 -0.82804990 -0.36566960 / 173 80 0 255 / 0.93911730 0.77926640
				-15.32362000 21.19180000 -15.22197000 / 0.42499310 -0.82804990 -0.36566960 / 171 81 0 255 / 0.56410220 0.77926640
				-15.41706000 21.26653000 -15.64726000 / -0.43151560 0.85444860 0.28933000 / 25 124 0 255 / 0.64033510 0.99867250
				-15.76889000 21.95782000 -15.23468000 / -0.91280980 -0.40834220 0.00591250 / 117 167 0 255 / 0.61723330 0.45089720
				-15.32362000 21.19180000 -15.22197000 / 0.41636290 -0.82433360 -0.38355730 / 171 81 0 255 / 0.56410220 0.77926640
				-15.32110000 21.18648000 -15.20781000 / 0.41636290 -0.82433360 -0.38355730 / 147 86 0 255 / 0.56410220 0.90689090
				-15.32110000 21.18648000 -15.20781000 / 0.36821120 -0.72898370 -0.57706440 / 147 86 0 255 / 0.56410220 0.90689090
				-15.74052000 21.90226000 -15.61797000 / 0.42592630 -0.82991730 -0.36031120 / 70 104 0 255 / 0.76002500 0.77926640
				-15.32110000 21.18648000 -15.20781000 / 0.37813890 -0.73701320 -0.56019870 / 147 86 0 255 / 0.56410220 0.90689090
				-15.36199000 21.15770000 -15.19755000 / 0.36821120 -0.72898370 -0.57706440 / 132 87 0 255 / 0.93911730 0.99867250
				-15.36199000 21.15770000 -15.19755000 / 0.37813890 -0.73701320 -0.56019870 / 132 87 0 255 / 0.93911730 0.99867250
				-15.31788000 21.18033000 -15.19755000 / 0.37813890 -0.73701320 -0.56019870 / 118 84 0 255 / 0.56410220 0.99867250
				-15.31788000 21.18033000 -15.19755000 / 0.26264600 -0.51194040 -0.81788390 / 118 84 0 255 / 0.56410220 0.99867250
				-15.31788000 21.18033000 -15.19755000 / 0.26272960 -0.51210820 -0.81775190 / 118 84 0 255 / 0.56410220 0.99867250
				-15.76889000 21.95782000 -15.23468000 / -0.89704330 -0.44194120 0.00114440 / 117 167 0 255 / 0.61723330 0.45089720
				-15.41706000 21.26653000 -15.64726000 / -0.43159320 0.85441340 0.28931810 / 25 124 0 255 / 0.64033510 0.99867250
				-15.35554000 21.14541000 -15.18778000 / 0.26264600 -0.51194040 -0.81788390 / 108 78 0 255 / 0.66450500 0.77926640
				-15.35554000 21.14541000 -15.18778000 / 0.26272960 -0.51210820 -0.81775190 / 108 78 0 255 / 0.66450500 0.77926640
				-15.35554000 21.14541000 -15.18778000 / 0.09984950 -0.19454910 -0.97579750 / 108 78 0 255 / 0.66450500 0.77926640
				-15.36199000 21.15770000 -15.19755000 / 0.26264600 -0.51194040 -0.81788390 / 132 87 0 255 / 0.56410220 0.77926640
				-15.74052000 21.90226000 -15.61797000 / 0.42592630 -0.82991730 -0.36031120 / 70 104 0 255 / 0.76002500 0.77926640
				-15.31143000 21.16805000 -15.18778000 / 0.26272960 -0.51210820 -0.81775190 / 104 77 0 255 / 0.66450500 0.99867250
				-15.31143000 21.16805000 -15.18778000 / 0.09984950 -0.19454910 -0.97579750 / 104 77 0 255 / 0.66450500 0.99867250
				-15.31143000 21.16805000 -15.18778000 / 0.09651380 -0.19131090 -0.97677290 / 104 77 0 255 / 0.66450500 0.99867250
				-15.34857000 21.13184000 -15.18437000 / 0.09984950 -0.19454910 -0.97579750 / 104 75 0 255 / 0.77986150 0.77926640
				-15.99820000 22.51797000 -15.15508000 / 0.14972270 -0.29181620 0.94468330 / 46 177 0 255 / 0.60482790 0.99867250
				-15.34857000 21.13184000 -15.18437000 / 0.09651380 -0.19131090 -0.97677290 / 104 75 0 255 / 0.77986150 0.77926640
				-15.41706000 21.26653000 -15.64726000 / -0.37364920 0.73966890 0.55971080 / 25 124 0 255 / 0.64033510 0.99867250
				-15.34857000 21.13184000 -15.18437000 / -0.06819000 0.13485400 -0.98851630 / 104 75 0 255 / 0.77986150 0.77926640
				-15.30466000 21.15402000 -15.18437000 / 0.09651380 -0.19131090 -0.97677290 / 103 76 0 255 / 0.77986150 0.99867250
				-15.30466000 21.15402000 -15.18437000 / -0.06819000 0.13485400 -0.98851630 / 103 76 0 255 / 0.77986150 0.99867250
				-15.30466000 21.15402000 -15.18437000 / -0.07076291 0.13790180 -0.98791490 / 103 76 0 255 / 0.77986150 0.99867250
				-15.34284000 21.12038000 -15.18633000 / -0.06819000 0.13485400 -0.98851630 / 104 73 0 255 / 0.87297060 0.77926640
				-15.74052000 21.90226000 -15.61797000 / 0.45630150 -0.88914420 -0.03480670 / 70 104 0 255 / 0.76002500 0.77926640
				-15.34284000 21.12038000 -15.18633000 / -0.07076291 0.13790180 -0.98791490 / 104 73 0 255 / 0.87297060 0.77926640
				-15.34284000 21.12038000 -15.18633000 / -0.27617530 0.53804590 -0.79638800 / 104 73 0 255 / 0.87297060 0.77926640
				-15.99820000 22.51797000 -15.15508000 / 0.14972270 -0.29181620 0.94468330 / 46 177 0 255 / 0.60482790 0.99867250
				-15.29872000 21.14302000 -15.18633000 / -0.07076291 0.13790180 -0.98791490 / 107 77 0 255 / 0.87297060 0.99867250
				-15.29872000 21.14302000 -15.18633000 / -0.27617530 0.53804590 -0.79638800 / 107 77 0 255 / 0.87297060 0.99867250
				-15.41306000 21.25847000 -15.61748000 / -0.43151560 0.85444860 0.28933000 / 24 122 0 255 / 0.75593580 0.99867250
				-15.29872000 21.14302000 -15.18633000 / -0.27619630 0.53808680 -0.79635330 / 107 77 0 255 / 0.87297060 0.99867250
				-15.33883000 21.11231000 -15.19316000 / -0.27617530 0.53804590 -0.79638800 / 121 80 0 255 / 0.93911730 0.77926640
				-15.33883000 21.11231000 -15.19316000 / -0.27619630 0.53808680 -0.79635330 / 121 80 0 255 / 0.93911730 0.77926640
				-15.29473000 21.13495000 -15.19317000 / -0.27619630 0.53808680 -0.79635330 / 139 83 0 255 / 0.93911730 0.99867250
				-15.29473000 21.13495000 -15.19317000 / -0.41887100 0.81599730 -0.39836620 / 139 83 0 255 / 0.93911730 0.99867250
				-15.29473000 21.13495000 -15.19317000 / -0.40913340 0.81006500 -0.42000540 / 139 83 0 255 / 0.93911730 0.99867250
				-15.69641000 21.92489000 -15.61797000 / 0.42592630 -0.82991730 -0.36031120 / 63 109 0 255 / 0.76002500 0.99867250
				-15.99820000 22.51797000 -15.15508000 / 0.29848290 -0.58189870 0.75650640 / 46 177 0 255 / 0.60482790 0.99867250
				-15.33639000 21.10809000 -15.20439000 / -0.41887100 0.81599730 -0.39836620 / 155 86 0 255 / 0.56410220 0.91072080
				-15.33639000 21.10809000 -15.20439000 / -0.40913340 0.81006500 -0.42000540 / 155 86 0 255 / 0.56410220 0.91072080
				-15.33639000 21.10809000 -15.20439000 / -0.45079580 0.89262710 -0.00019070 / 155 86 0 255 / 0.56410220 0.91072080
				-15.36914000 21.28065000 -15.61748000 / -0.43151560 0.85444860 0.28933000 / 24 115 0 255 / 0.75593580 0.77926640
				-15.33883000 21.11231000 -15.19316000 / -0.41887100 0.81599730 -0.39836620 / 121 80 0 255 / 0.56410220 0.99867250
				-15.29247000 21.13027000 -15.20440000 / -0.40913340 0.81006500 -0.42000540 / 168 97 0 255 / 0.93911730 0.91072080
				-15.29247000 21.13027000 -15.20440000 / -0.45079580 0.89262710 -0.00019070 / 168 97 0 255 / 0.93911730 0.91072080
				-15.29247000 21.13027000 -15.20440000 / -0.45079580 0.89262710 -0.00009540 / 168 97 0 255 / 0.93911730 0.91072080
				-15.33639000 21.10809000 -15.22197000 / -0.45079580 0.89262710 -0.00019070 / 172 104 0 255 / 0.56410220 0.77928160
				-15.33639000 21.10809000 -15.22197000 / -0.45079580 0.89262710 -0.00009540 / 172 104 0 255 / 0.56410220 0.77928160
				-15.76115000 21.94233000 -15.14727000 / -0.89704330 -0.44194120 0.00114440 / 125 169 0 255 / 0.66532900 0.20771790
				-15.29247000 21.13027000 -15.22197000 / -0.45079580 0.89262710 -0.00009540 / 173 116 0 255 / 0.93911730 0.77928160
				-15.69641000 21.92489000 -15.61797000 / 0.45630150 -0.88914420 -0.03480670 / 63 109 0 255 / 0.76002500 0.99867250
				-15.28332000 21.00330000 -15.07793000 / -0.00009540 0.00019070 1.00000000 / 23 168 0 255 / 0.93911730 0.77926640
				-15.28332000 21.00330000 -15.07793000 / 0.00000000 0.00019070 1.00000000 / 23 168 0 255 / 0.93911730 0.77926640
				-15.36914000 21.28065000 -15.61748000 / -0.43159320 0.85441340 0.28931810 / 24 115 0 255 / 0.75593580 0.77926640
				-15.28332000 21.00330000 -15.07793000 / -0.44771630 0.87292750 0.19377200 / 23 168 0 255 / 0.93911730 0.77926640
				-15.25147000 20.94095000 -15.07792000 / -0.00009540 0.00019070 1.00000000 / 22 193 0 255 / 0.56410220 0.77926640
				-15.20736000 20.96358000 -15.07792000 / -0.00009540 0.00019070 1.00000000 / 22 180 0 255 / 0.56410220 0.99867250
				-15.20736000 20.96358000 -15.07792000 / 0.00000000 0.00019070 1.00000000 / 22 180 0 255 / 0.56410220 0.99867250
				-15.23921000 21.02592000 -15.07793000 / 0.00000000 0.00019070 1.00000000 / 25 141 0 255 / 0.93911730 0.99867250
				-15.76115000 21.94233000 -15.14727000 / -0.89054050 -0.45490240 -0.00133510 / 125 169 0 255 / 0.66532900 0.20771790
				-15.23921000 21.02592000 -15.07793000 / -0.44771630 0.87292750 0.19377200 / 25 141 0 255 / 0.93911730 0.99867250
				-15.23921000 21.02592000 -15.07793000 / -0.44144600 0.87640710 0.19244720 / 25 141 0 255 / 0.93911730 0.99867250
				-15.30595000 21.04740000 -15.32890000 / -0.44771630 0.87292750 0.19377200 / 28 127 0 255 / 0.56410220 0.77926640
				-15.69641000 21.92489000 -15.61797000 / 0.45041790 -0.89187130 -0.04110310 / 63 109 0 255 / 0.76002500 0.99867250
				-15.30595000 21.04740000 -15.32890000 / -0.44144600 0.87640710 0.19244720 / 28 127 0 255 / 0.56410220 0.77926640
				-15.37313000 21.28872000 -15.64726000 / -0.43159320 0.85441340 0.28931810 / 28 129 0 255 / 0.64033510 0.77926640
				-15.26139000 21.06985000 -15.32890000 / -0.44144600 0.87640710 0.19244720 / 32 115 0 255 / 0.56410220 0.99867250
				-15.18923000 20.81898000 -15.14726000 / 0.00000000 0.00000000 1.00000000 / 25 173 0 255 / 0.93911730 0.77926640
				-15.18923000 20.81898000 -15.14726000 / 0.00000000 0.00000000 1.00000000 / 25 173 0 255 / 0.93911730 0.77926640
				-15.18923000 20.81898000 -15.14726000 / -0.44184120 0.87490860 0.19827070 / 25 173 0 255 / 0.93911730 0.77926640
				-15.72930000 21.87998000 -15.14726000 / -0.89054050 -0.45490240 -0.00133510 / 133 168 0 255 / 0.85906980 0.20771790
				-15.15782000 20.75682000 -15.14727000 / 0.00000000 0.00000000 1.00000000 / 23 190 0 255 / 0.56410220 0.77926640
				-15.11371000 20.77945000 -15.14727000 / 0.00000000 0.00000000 1.00000000 / 23 183 0 255 / 0.56410220 0.99867250
				-15.11371000 20.77945000 -15.14727000 / 0.00000000 0.00000000 1.00000000 / 23 183 0 255 / 0.56410220 0.99867250
				-15.14531000 20.84117000 -15.14726000 / 0.00000000 0.00000000 1.00000000 / 36 152 0 255 / 0.93911730 0.99867250
				-15.14531000 20.84117000 -15.14726000 / -0.44184120 0.87490860 0.19827070 / 36 152 0 255 / 0.93911730 0.99867250
				-15.73955000 21.90078000 -15.56768000 / 0.45630150 -0.88914420 -0.03480670 / 66 113 0 255 / 0.85800170 0.77926640
				-15.37313000 21.28872000 -15.64726000 / -0.37364920 0.73966890 0.55971080 / 28 129 0 255 / 0.64033510 0.77926640
				-15.14531000 20.84117000 -15.14726000 / -0.44191800 0.87487180 0.19826230 / 36 152 0 255 / 0.93911730 0.99867250
				-15.19742000 20.83466000 -15.23466000 / -0.44184120 0.87490860 0.19827070 / 56 136 0 255 / 0.66996760 0.77926640
				-15.19742000 20.83466000 -15.23466000 / -0.44191800 0.87487180 0.19826230 / 56 136 0 255 / 0.66996760 0.77926640
				-15.72930000 21.87998000 -15.14726000 / -0.89121900 -0.45357280 -0.00038150 / 133 168 0 255 / 0.85906980 0.20771790
				-15.19742000 20.83466000 -15.23466000 / -0.43408560 0.85958860 0.26958700 / 56 136 0 255 / 0.66996760 0.77926640
				-15.15351000 20.85684000 -15.23466000 / -0.44191800 0.87487180 0.19826230 / 72 126 0 255 / 0.66996760 0.99867250
				-15.15351000 20.85684000 -15.23466000 / -0.43408560 0.85958860 0.26958700 / 72 126 0 255 / 0.66996760 0.99867250
				-15.15351000 20.85684000 -15.23466000 / -0.43421180 0.85945900 0.26979690 / 72 126 0 255 / 0.66996760 0.99867250
				-15.19993000 20.83997000 -15.25566000 / -0.43408560 0.85958860 0.26958700 / 81 127 0 255 / 0.60531610 0.77926640
				-15.19993000 20.83997000 -15.25566000 / -0.43421180 0.85945900 0.26979690 / 81 127 0 255 / 0.60531610 0.77926640
				-15.19993000 20.83997000 -15.25566000 / -0.38060270 0.75338540 0.53623870 / 81 127 0 255 / 0.60531610 0.77926640
				-15.37313000 21.28872000 -15.64726000 / -0.37544730 0.73182170 0.56874970 / 28 129 0 255 / 0.64033510 0.77926640
				-15.73955000 21.90078000 -15.56768000 / 0.45041790 -0.89187130 -0.04110310 / 66 113 0 255 / 0.85800170 0.77926640
				-15.15602000 20.86216000 -15.25566000 / -0.43421180 0.85945900 0.26979690 / 84 124 0 255 / 0.60531610 0.99867250
				-15.74574000 21.91244000 -15.32891000 / -0.89121900 -0.45357280 -0.00038150 / 137 172 0 255 / 0.75906370 0.71334840
				-15.15602000 20.86216000 -15.25566000 / -0.38060270 0.75338540 0.53623870 / 84 124 0 255 / 0.60531610 0.99867250
				-15.15602000 20.86216000 -15.25566000 / -0.38138340 0.74293000 0.55009250 / 84 124 0 255 / 0.60531610 0.99867250
				-15.20412000 20.84759000 -15.26933000 / -0.38060270 0.75338540 0.53623870 / 87 132 0 255 / 0.56410220 0.77926640
				-15.20412000 20.84759000 -15.26933000 / -0.38138340 0.74293000 0.55009250 / 87 132 0 255 / 0.56410220 0.77926640
				-15.16002000 20.87023000 -15.26933000 / -0.38138340 0.74293000 0.55009250 / 94 142 0 255 / 0.56410220 0.99867250
				-15.20864000 20.85694000 -15.27617000 / -0.25121070 0.48926000 0.83517540 / 105 157 0 255 / 0.93911730 0.83886720
				-15.20864000 20.85694000 -15.27617000 / -0.25347540 0.50199190 0.82689440 / 105 157 0 255 / 0.93911730 0.83886720
				-15.20864000 20.85694000 -15.27617000 / -0.09126490 0.18062240 0.97930910 / 105 157 0 255 / 0.93911730 0.83886720
				-15.42325000 21.27819000 -15.66679000 / -0.37364920 0.73966890 0.55971080 / 29 146 0 255 / 0.56410220 0.99867250
				-15.20412000 20.84759000 -15.26933000 / -0.25121070 0.48926000 0.83517540 / 87 132 0 255 / 0.93911730 0.77926640
				-15.74574000 21.91244000 -15.32891000 / -0.88972580 -0.45645060 0.00638990 / 137 172 0 255 / 0.75906370 0.71334840
				-15.73955000 21.90078000 -15.56768000 / 0.41888750 -0.82938190 0.36967390 / 66 113 0 255 / 0.85800170 0.77926640
				-15.16002000 20.87023000 -15.26933000 / -0.25121070 0.48926000 0.83517540 / 94 142 0 255 / 0.56410220 0.77926640
				-15.16002000 20.87023000 -15.26933000 / -0.25347540 0.50199190 0.82689440 / 94 142 0 255 / 0.56410220 0.77926640
				-15.16472000 20.87912000 -15.27617000 / -0.25347540 0.50199190 0.82689440 / 117 155 0 255 / 0.56410220 0.83886720
				-15.16472000 20.87912000 -15.27617000 / -0.09126490 0.18062240 0.97930910 / 117 155 0 255 / 0.56410220 0.83886720
				-15.16472000 20.87912000 -15.27617000 / -0.09011980 0.17547140 0.98035110 / 117 155 0 255 / 0.56410220 0.83886720
				-15.21431000 20.86731000 -15.27861000 / -0.09126490 0.18062240 0.97930910 / 126 159 0 255 / 0.93911730 0.90589900
				-15.21431000 20.86731000 -15.27861000 / -0.09011980 0.17547140 0.98035110 / 126 159 0 255 / 0.93911730 0.90589900
				-15.21431000 20.86731000 -15.27861000 / 0.06818980 -0.13275560 0.98880030 / 126 159 0 255 / 0.93911730 0.90589900
				-15.42325000 21.27819000 -15.66679000 / -0.37544730 0.73182170 0.56874970 / 29 146 0 255 / 0.56410220 0.99867250
				-15.77533000 21.97011000 -15.32890000 / -0.88972580 -0.45645060 0.00638990 / 136 176 0 255 / 0.57820130 0.71334840
				-15.17020000 20.88995000 -15.27861000 / -0.09011980 0.17547140 0.98035110 / 128 147 0 255 / 0.56410220 0.90589900
				-15.17020000 20.88995000 -15.27861000 / 0.06818980 -0.13275560 0.98880030 / 128 147 0 255 / 0.56410220 0.90589900
				-15.69564000 21.92296000 -15.56767000 / 0.45041790 -0.89187130 -0.04110310 / 69 118 0 255 / 0.85800170 0.99867250
				-15.17020000 20.88995000 -15.27861000 / 0.06818640 -0.13313030 0.98875020 / 128 147 0 255 / 0.56410220 0.90589900
				-15.21857000 20.87602000 -15.27715000 / 0.06818980 -0.13275560 0.98880030 / 126 151 0 255 / 0.93911730 0.96159360
				-15.21857000 20.87602000 -15.27715000 / 0.06818640 -0.13313030 0.98875020 / 126 151 0 255 / 0.93911730 0.96159360
				-15.21857000 20.87602000 -15.27715000 / 0.30404850 -0.59283740 0.74572010 / 126 151 0 255 / 0.93911730 0.96159360
				-15.17446000 20.89865000 -15.27714000 / 0.06818640 -0.13313030 0.98875020 / 124 148 0 255 / 0.56410220 0.96159360
				-15.17446000 20.89865000 -15.27714000 / 0.30404850 -0.59283740 0.74572010 / 124 148 0 255 / 0.56410220 0.96159360
				-15.17446000 20.89865000 -15.27714000 / 0.30831000 -0.61051680 0.72953020 / 124 148 0 255 / 0.56410220 0.96159360
				-15.61599000 21.65725000 -15.22539000 / -0.89015220 -0.45566190 -0.00104900 / 127 155 0 255 / 0.78887940 0.40977480
				-16.08538000 22.57997000 -15.33282000 / 0.03547720 -0.07038210 -0.99688900 / 30 90 0 255 / 0.72811890 0.77926640
				-15.22134000 20.88197000 -15.27129000 / 0.30404850 -0.59283740 0.74572010 / 125 153 0 255 / 0.93911730 0.99867250
				-15.22134000 20.88197000 -15.27129000 / 0.30831000 -0.61051680 0.72953020 / 125 153 0 255 / 0.93911730 0.99867250
				-15.17743000 20.90415000 -15.27129000 / 0.30831000 -0.61051680 0.72953020 / 125 152 0 255 / 0.56410220 0.99867250
				-15.69564000 21.92296000 -15.56767000 / 0.41888750 -0.82938190 0.36967390 / 69 118 0 255 / 0.85800170 0.99867250
				-15.17743000 20.90415000 -15.27129000 / 0.42717480 -0.84576610 0.31968970 / 125 152 0 255 / 0.56410220 0.99867250
				-15.17743000 20.90415000 -15.27129000 / 0.42717480 -0.84576610 0.31968970 / 125 152 0 255 / 0.56410220 0.99867250
				-15.22283000 20.88473000 -15.26201000 / 0.42717480 -0.84576610 0.31968970 / 129 146 0 255 / 0.59329210 0.77926640
				-15.22283000 20.88473000 -15.26201000 / 0.42717480 -0.84576610 0.31968970 / 129 146 0 255 / 0.59329210 0.77926640
				-15.22283000 20.88473000 -15.26201000 / 0.44881430 -0.88866370 -0.09403550 / 129 146 0 255 / 0.59329210 0.77926640
				-15.61599000 21.65725000 -15.22539000 / -0.89121720 -0.45357190 -0.00209810 / 127 155 0 255 / 0.78887940 0.40977480
				-15.22134000 20.88197000 -15.27129000 / 0.42717480 -0.84576610 0.31968970 / 125 153 0 255 / 0.56410220 0.77926640
				-16.08538000 22.57997000 -15.33282000 / -0.03452310 0.06828320 -0.99706850 / 30 90 0 255 / 0.72811890 0.77926640
				-15.17891000 20.90691000 -15.26201000 / 0.42717480 -0.84576610 0.31968970 / 135 139 0 255 / 0.59329210 0.99867250
				-15.17891000 20.90691000 -15.26201000 / 0.44881430 -0.88866370 -0.09403550 / 135 139 0 255 / 0.59329210 0.99867250
				-15.17891000 20.90691000 -15.26201000 / 0.44881020 -0.88865580 -0.09413000 / 135 139 0 255 / 0.59329210 0.99867250
				-15.22231000 20.88344000 -15.24736000 / 0.44881430 -0.88866370 -0.09403550 / 146 131 0 255 / 0.63746640 0.77926640
				-15.69564000 21.92296000 -15.56767000 / 0.42309390 -0.82444180 0.37588210 / 69 118 0 255 / 0.85800170 0.99867250
				-15.22231000 20.88344000 -15.24736000 / 0.44881020 -0.88865580 -0.09413000 / 146 131 0 255 / 0.63746640 0.77926640
				-15.22231000 20.88344000 -15.24736000 / 0.44234260 -0.87572010 -0.19351300 / 146 131 0 255 / 0.63746640 0.77926640
				-15.17839000 20.90562000 -15.24736000 / 0.44881020 -0.88865580 -0.09413000 / 147 121 0 255 / 0.63746640 0.99867250
				-15.61599000 21.65725000 -15.22539000 / -0.89091280 -0.45413470 -0.00600810 / 127 155 0 255 / 0.78887940 0.40977480
				-15.17839000 20.90562000 -15.24736000 / 0.44234260 -0.87572010 -0.19351300 / 147 121 0 255 / 0.63746640 0.99867250
				-15.17839000 20.90562000 -15.24736000 / 0.44219200 -0.87580150 -0.19348880 / 147 121 0 255 / 0.63746640 0.99867250
				-16.08538000 22.57997000 -15.33282000 / -0.03452310 0.06828320 -0.99706850 / 30 90 0 255 / 0.72811890 0.77926640
				-15.21335000 20.86585000 -15.14726000 / 0.44234260 -0.87572010 -0.19351300 / 148 120 0 255 / 0.93911730 0.77926640
				-15.21335000 20.86585000 -15.14726000 / 0.44219200 -0.87580150 -0.19348880 / 148 120 0 255 / 0.93911730 0.77926640
				-15.16943000 20.88803000 -15.14726000 / 0.44219200 -0.87580150 -0.19348880 / 140 111 0 255 / 0.93911730 0.99867250
				-15.24520000 20.92820000 -15.14726000 / 0.00000000 0.00000000 1.00000000 / 35 156 0 255 / 0.93911730 0.77926640
				-15.24520000 20.92820000 -15.14726000 / 0.00000000 0.00000000 1.00000000 / 35 156 0 255 / 0.93911730 0.77926640
				-15.74722000 21.91519000 -15.52666000 / 0.41888750 -0.82938190 0.36967390 / 72 140 0 255 / 0.93911730 0.77926640
				-15.24520000 20.92820000 -15.14726000 / -0.44785050 0.87281260 0.19397950 / 35 156 0 255 / 0.93911730 0.77926640
				-15.62522000 21.67550000 -15.32890000 / -0.89015220 -0.45566190 -0.00104900 / 130 148 0 255 / 0.73187250 0.69804390
				-15.21335000 20.86585000 -15.14726000 / 0.00000000 0.00000000 1.00000000 / 25 179 0 255 / 0.56410220 0.77926640
				-15.16943000 20.88803000 -15.14726000 / 0.00000000 0.00000000 1.00000000 / 29 168 0 255 / 0.56410220 0.99867250
				-15.16943000 20.88803000 -15.14726000 / 0.00000000 0.00000000 1.00000000 / 29 168 0 255 / 0.56410220 0.99867250
				-15.37914000 21.30082000 -15.66679000 / -0.37544730 0.73182170 0.56874970 / 30 152 0 255 / 0.56410220 0.77926640
				-15.20109000 20.95083000 -15.14726000 / 0.00000000 0.00000000 1.00000000 / 49 135 0 255 / 0.93911730 0.99867250
				-15.20109000 20.95083000 -15.14726000 / -0.44785050 0.87281260 0.19397950 / 49 135 0 255 / 0.93911730 0.99867250
				-15.20109000 20.95083000 -15.14726000 / -0.44157810 0.87667090 0.19093720 / 49 135 0 255 / 0.93911730 0.99867250
				-15.25565000 20.94855000 -15.26298000 / -0.44785050 0.87281260 0.19397950 / 64 115 0 255 / 0.68188470 0.77926640
				-15.25565000 20.94855000 -15.26298000 / -0.44157810 0.87667090 0.19093720 / 64 115 0 255 / 0.68188470 0.77926640
				-15.25565000 20.94855000 -15.26298000 / -0.44881950 0.89115380 0.06637870 / 64 115 0 255 / 0.68188470 0.77926640
				-15.59362000 21.61379000 -15.32891000 / -0.89015220 -0.45566190 -0.00104900 / 129 151 0 255 / 0.92559820 0.69804390
				-15.74722000 21.91519000 -15.52666000 / 0.42309390 -0.82444180 0.37588210 / 72 140 0 255 / 0.93911730 0.77926640
				-15.21109000 20.97100000 -15.26298000 / -0.44157810 0.87667090 0.19093720 / 74 99 0 255 / 0.68188470 0.99867250
				-15.21109000 20.97100000 -15.26298000 / -0.44881950 0.89115380 0.06637870 / 74 99 0 255 / 0.68188470 0.99867250
				-15.21109000 20.97100000 -15.26298000 / -0.45498230 0.88707710 0.07800790 / 74 99 0 255 / 0.68188470 0.99867250
				-15.43002000 21.29221000 -15.67754000 / -0.25929380 0.50542740 0.82298840 / 31 158 0 255 / 0.65690610 0.77926640
				-15.25643000 20.95049000 -15.29423000 / -0.44881950 0.89115380 0.06637870 / 75 89 0 255 / 0.61267090 0.77926640
				-15.25643000 20.95049000 -15.29423000 / -0.45498230 0.88707710 0.07800790 / 75 89 0 255 / 0.61267090 0.77926640
				-15.25643000 20.95049000 -15.29423000 / -0.42763690 0.83372020 -0.34933850 / 75 89 0 255 / 0.61267090 0.77926640
				-15.21232000 20.97311000 -15.29423000 / -0.45498230 0.88707710 0.07800790 / 70 90 0 255 / 0.61267090 0.99867250
				-15.21232000 20.97311000 -15.29423000 / -0.42763690 0.83372020 -0.34933850 / 70 90 0 255 / 0.61267090 0.99867250
				-15.59362000 21.61379000 -15.32891000 / -0.89121720 -0.45357190 -0.00209810 / 129 151 0 255 / 0.92559820 0.69804390
				-15.21232000 20.97311000 -15.29423000 / -0.42048970 0.83239600 -0.36097830 / 70 90 0 255 / 0.61267090 0.99867250
				-15.25250000 20.94350000 -15.31572000 / -0.42763690 0.83372020 -0.34933850 / 61 95 0 255 / 0.56410220 0.77926640
				-15.70312000 21.93782000 -15.52666000 / 0.42309390 -0.82444180 0.37588210 / 67 142 0 255 / 0.93911730 0.99867250
				-15.25250000 20.94350000 -15.31572000 / -0.42048970 0.83239600 -0.36097830 / 61 95 0 255 / 0.56410220 0.77926640
				-15.25250000 20.94350000 -15.31572000 / -0.27686250 0.54819350 -0.78919640 / 61 95 0 255 / 0.56410220 0.77926640
				-15.43002000 21.29221000 -15.67754000 / -0.25969160 0.51404250 0.81750880 / 31 158 0 255 / 0.65690610 0.77926640
				-15.20858000 20.96569000 -15.31572000 / -0.42048970 0.83239600 -0.36097830 / 54 100 0 255 / 0.56410220 0.99867250
				-15.20858000 20.96569000 -15.31572000 / -0.27686250 0.54819350 -0.78919640 / 54 100 0 255 / 0.56410220 0.99867250
				-15.20858000 20.96569000 -15.31572000 / -0.28352700 0.55274900 -0.78363310 / 54 100 0 255 / 0.56410220 0.99867250
				-15.24521000 20.92820000 -15.32890000 / -0.27686250 0.54819350 -0.78919640 / 54 96 0 255 / 0.61967470 0.77926640
				-15.58362000 21.59361000 -15.21514000 / -0.89121720 -0.45357190 -0.00209810 / 123 154 0 255 / 0.98835750 0.38073730
				-15.24521000 20.92820000 -15.32890000 / -0.28352700 0.55274900 -0.78363310 / 54 96 0 255 / 0.61967470 0.77926640
				-15.24521000 20.92820000 -15.32890000 / -0.07162000 0.13961610 -0.98761220 / 54 96 0 255 / 0.61967470 0.77926640
				-15.20109000 20.95084000 -15.32890000 / -0.28352700 0.55274900 -0.78363310 / 59 95 0 255 / 0.61967470 0.99867250
				-15.20109000 20.95084000 -15.32890000 / -0.07162000 0.13961610 -0.98761220 / 59 95 0 255 / 0.61967470 0.99867250
				-15.78527000 22.09902000 -15.58868000 / 0.36765810 -0.72787720 -0.57881120 / 124 95 0 255 / 0.86172490 0.99867250
				-15.20109000 20.95084000 -15.32890000 / -0.06981020 0.13828530 -0.98792900 / 59 95 0 255 / 0.61967470 0.99867250
				-15.43002000 21.29221000 -15.67754000 / -0.09927360 0.19644930 0.97547550 / 31 158 0 255 / 0.65690610 0.77926640
				-15.23379000 20.90637000 -15.33281000 / -0.07162000 0.13961610 -0.98761220 / 70 88 0 255 / 0.70121770 0.77926640
				-15.23379000 20.90637000 -15.33281000 / -0.06981020 0.13828530 -0.98792900 / 70 88 0 255 / 0.70121770 0.77926640
				-15.23379000 20.90637000 -15.33281000 / 0.03232910 -0.06389520 -0.99743280 / 70 88 0 255 / 0.70121770 0.77926640
				-15.58362000 21.59361000 -15.21514000 / -0.89091280 -0.45413470 -0.00600810 / 123 154 0 255 / 0.98835750 0.38073730
				-15.18987000 20.92855000 -15.33281000 / -0.06981020 0.13828530 -0.98792900 / 83 88 0 255 / 0.70121770 0.99867250
				-15.18987000 20.92855000 -15.33281000 / 0.03232910 -0.06389520 -0.99743280 / 83 88 0 255 / 0.70121770 0.99867250
				-15.18987000 20.92855000 -15.33281000 / 0.03318800 -0.06465930 -0.99735540 / 83 88 0 255 / 0.70121770 0.99867250
				-15.22458000 20.88812000 -15.33135000 / 0.03232910 -0.06389520 -0.99743280 / 96 89 0 255 / 0.76785280 0.77926640
				-15.22458000 20.88812000 -15.33135000 / 0.03318800 -0.06465930 -0.99735540 / 96 89 0 255 / 0.76785280 0.77926640
				-15.22458000 20.88812000 -15.33135000 / 0.14361860 -0.27979870 -0.94925570 / 96 89 0 255 / 0.76785280 0.77926640
				-15.78527000 22.09902000 -15.58868000 / 0.36753500 -0.72782240 -0.57895830 / 124 95 0 255 / 0.86172490 0.99867250
				-15.42325000 21.27819000 -15.66679000 / -0.25929380 0.50542740 0.82298840 / 29 146 0 255 / 0.56410220 0.77926640
				-15.18046000 20.91075000 -15.33134000 / 0.03318800 -0.06465930 -0.99735540 / 105 96 0 255 / 0.76785280 0.99867250
				-15.18046000 20.91075000 -15.33134000 / 0.14361860 -0.27979870 -0.94925570 / 105 96 0 255 / 0.76785280 0.99867250
				-15.58362000 21.59361000 -15.21514000 / -0.89092170 -0.45413930 0.00400540 / 123 154 0 255 / 0.98835750 0.38073730
				-15.18046000 20.91075000 -15.33134000 / 0.13962340 -0.27638560 -0.95085040 / 105 96 0 255 / 0.76785280 0.99867250
				-15.21639000 20.87244000 -15.32548000 / 0.14361860 -0.27979870 -0.94925570 / 106 96 0 255 / 0.82583620 0.77926640
				-15.21639000 20.87244000 -15.32548000 / 0.13962340 -0.27638560 -0.95085040 / 106 96 0 255 / 0.82583620 0.77926640
				-15.21639000 20.87244000 -15.32548000 / 0.23668890 -0.46860960 -0.85110720 / 106 96 0 255 / 0.82583620 0.77926640
				-15.17246000 20.89462000 -15.32548000 / 0.13962340 -0.27638560 -0.95085040 / 94 93 0 255 / 0.82583620 0.99867250
				-15.17246000 20.89462000 -15.32548000 / 0.23668890 -0.46860960 -0.85110720 / 94 93 0 255 / 0.82583620 0.99867250
				-15.17246000 20.89462000 -15.32548000 / 0.23668890 -0.46860960 -0.85110720 / 94 93 0 255 / 0.82583620 0.99867250
				-15.20890000 20.85759000 -15.31523000 / 0.23668890 -0.46860960 -0.85110720 / 69 80 0 255 / 0.88099670 0.77926640
				-15.37914000 21.30082000 -15.66679000 / -0.25929380 0.50542740 0.82298840 / 30 152 0 255 / 0.56410220 0.99867250
				-15.78527000 22.09902000 -15.58868000 / 0.42840350 -0.84841440 -0.31090730 / 124 95 0 255 / 0.86172490 0.99867250
				-15.61573000 21.65660000 -15.21465000 / -0.89091280 -0.45413470 -0.00600810 / 119 156 0 255 / 0.79147340 0.37986760
				-15.20890000 20.85759000 -15.31523000 / 0.23668890 -0.46860960 -0.85110720 / 69 80 0 255 / 0.88099670 0.77926640
				-15.20890000 20.85759000 -15.31523000 / 0.29850000 -0.59089650 -0.74949250 / 69 80 0 255 / 0.88099670 0.77926640
				-15.16498000 20.87977000 -15.31523000 / 0.23668890 -0.46860960 -0.85110720 / 40 69 0 255 / 0.88099670 0.99867250
				-15.16498000 20.87977000 -15.31523000 / 0.29850000 -0.59089650 -0.74949250 / 40 69 0 255 / 0.88099670 0.99867250
				-15.16498000 20.87977000 -15.31523000 / 0.29850000 -0.59089650 -0.74949250 / 40 69 0 255 / 0.88099670 0.99867250
				-15.20072000 20.84190000 -15.29960000 / 0.29850000 -0.59089650 -0.74949250 / 28 62 0 255 / 0.93911730 0.77926640
				-15.20072000 20.84190000 -15.29960000 / 0.29850000 -0.59089650 -0.74949250 / 28 62 0 255 / 0.93911730 0.77926640
				-15.15680000 20.86409000 -15.29960000 / 0.29850000 -0.59089650 -0.74949250 / 21 54 0 255 / 0.93911730 0.99867250
				-15.08231000 20.71728000 -15.23369000 / -0.34074020 0.66412380 0.66545900 / 96 130 0 255 / 0.76043700 0.77926640
				-15.37914000 21.30082000 -15.66679000 / -0.25969160 0.51404250 0.81750880 / 30 152 0 255 / 0.56410220 0.99867250
				-15.61573000 21.65660000 -15.21465000 / -0.89092170 -0.45413930 0.00400540 / 119 156 0 255 / 0.79147340 0.37986760
				-15.08231000 20.71728000 -15.23369000 / -0.33701740 0.66735920 0.66411680 / 96 130 0 255 / 0.76043700 0.77926640
				-15.77830000 22.08545000 -15.56719000 / 0.36765810 -0.72787720 -0.57881120 / 85 90 0 255 / 0.93911730 0.99867250
				-15.08231000 20.71728000 -15.23369000 / -0.39913730 0.79026310 -0.46494480 / 96 130 0 255 / 0.76043700 0.77926640
				-15.12068000 20.79302000 -15.32890000 / -0.34074020 0.66412380 0.66545900 / 112 133 0 255 / 0.56410220 0.77926640
				-15.16480000 20.77039000 -15.32890000 / -0.34074020 0.66412380 0.66545900 / 105 139 0 255 / 0.56410220 0.99867250
				-15.16480000 20.77039000 -15.32890000 / -0.33701740 0.66735920 0.66411680 / 105 139 0 255 / 0.56410220 0.99867250
				-15.12623000 20.69510000 -15.23369000 / -0.33701740 0.66735920 0.66411680 / 81 120 0 255 / 0.76043700 0.99867250
				-15.12623000 20.69510000 -15.23369000 / -0.39913730 0.79026310 -0.46494480 / 81 120 0 255 / 0.76043700 0.99867250
				-15.12623000 20.69510000 -15.23369000 / -0.40466120 0.78891280 -0.46245630 / 81 120 0 255 / 0.76043700 0.99867250
				-15.10275000 20.75781000 -15.14725000 / -0.39913730 0.79026310 -0.46494480 / 73 107 0 255 / 0.93911730 0.77926640
				-15.61573000 21.65660000 -15.21465000 / -0.89438550 -0.44671590 0.02279360 / 119 156 0 255 / 0.79147340 0.37986760
				-15.38610000 21.31439000 -15.67754000 / -0.25969160 0.51404250 0.81750880 / 33 154 0 255 / 0.65690610 0.99867250
				-15.10275000 20.75781000 -15.14725000 / -0.40466120 0.78891280 -0.46245630 / 73 107 0 255 / 0.93911730 0.77926640
				-15.14687000 20.73518000 -15.14725000 / -0.40466120 0.78891280 -0.46245630 / 68 103 0 255 / 0.93911730 0.99867250
				-15.82222000 22.06326000 -15.56719000 / 0.36765810 -0.72787720 -0.57881120 / 105 88 0 255 / 0.93911730 0.77926640
				-14.92071000 20.39974000 -15.18925000 / 0.39707370 -0.78880730 0.46916490 / 187 175 0 255 / 0.85290530 0.99867250
				-14.92071000 20.39974000 -15.18925000 / 0.39749850 -0.78736750 0.47121890 / 187 175 0 255 / 0.85290530 0.99867250
				-14.92071000 20.39974000 -15.18925000 / 0.44587560 -0.88316750 0.14563680 / 187 175 0 255 / 0.85290530 0.99867250
				-14.92522000 20.40909000 -15.16972000 / 0.39707370 -0.78880730 0.46916490 / 173 190 0 255 / 0.93911730 0.99867250
				-14.96979000 20.38665000 -15.16972000 / 0.39707370 -0.78880730 0.46916490 / 181 187 0 255 / 0.93911730 0.77926640
				-14.96979000 20.38665000 -15.16972000 / 0.39749850 -0.78736750 0.47121890 / 181 187 0 255 / 0.93911730 0.77926640
				-15.58240000 21.59150000 -15.18291000 / -0.89092170 -0.45413930 0.00400540 / 120 153 0 255 / 0.99459840 0.29161070
				-14.96464000 20.37757000 -15.18926000 / 0.39749850 -0.78736750 0.47121890 / 192 170 0 255 / 0.85290530 0.77926640
				-15.38610000 21.31439000 -15.67754000 / -0.09927360 0.19644930 0.97547550 / 33 154 0 255 / 0.65690610 0.99867250
				-14.96464000 20.37757000 -15.18926000 / 0.44587560 -0.88316750 0.14563680 / 192 170 0 255 / 0.85290530 0.77926640
				-14.96464000 20.37757000 -15.18926000 / 0.44614270 -0.88293910 0.14620280 / 192 170 0 255 / 0.85290530 0.77926640
				-14.91897000 20.39635000 -15.21513000 / 0.44587560 -0.88316750 0.14563680 / 196 155 0 255 / 0.74040220 0.99867250
				-15.82222000 22.06326000 -15.56719000 / 0.36753500 -0.72782240 -0.57895830 / 105 88 0 255 / 0.93911730 0.77926640
				-14.91897000 20.39635000 -15.21513000 / 0.44614270 -0.88293910 0.14620280 / 196 155 0 255 / 0.74040220 0.99867250
				-14.91897000 20.39635000 -15.21513000 / 0.44849400 -0.88764240 -0.10461360 / 196 155 0 255 / 0.74040220 0.99867250
				-14.96289000 20.37416000 -15.21513000 / 0.44614270 -0.88293910 0.14620280 / 198 149 0 255 / 0.74040220 0.77926640
				-14.96289000 20.37416000 -15.21513000 / 0.44849400 -0.88764240 -0.10461360 / 198 149 0 255 / 0.74040220 0.77926640
				-15.58240000 21.59150000 -15.18291000 / -0.89438550 -0.44671590 0.02279360 / 120 153 0 255 / 0.99459840 0.29161070
				-14.96289000 20.37416000 -15.21513000 / 0.45453490 -0.88560860 -0.09537030 / 198 149 0 255 / 0.74040220 0.77926640
				-14.92027000 20.39956000 -15.24785000 / 0.44849400 -0.88764240 -0.10461360 / 197 132 0 255 / 0.59844970 0.99867250
				-15.38610000 21.31439000 -15.67754000 / -0.09927920 0.19665090 0.97543430 / 33 154 0 255 / 0.65690610 0.99867250
				-14.92027000 20.39956000 -15.24785000 / 0.45453490 -0.88560860 -0.09537030 / 197 132 0 255 / 0.59844970 0.99867250
				-14.92027000 20.39956000 -15.24785000 / 0.44554990 -0.86821190 -0.21838810 / 197 132 0 255 / 0.59844970 0.99867250
				-14.96437000 20.37692000 -15.24785000 / 0.45453490 -0.88560860 -0.09537030 / 192 125 0 255 / 0.59844970 0.77926640
				-14.96437000 20.37692000 -15.24785000 / 0.44554990 -0.86821190 -0.21838810 / 192 125 0 255 / 0.59844970 0.77926640
				-16.19192000 22.78867000 -15.32891000 / 0.00000000 0.00000000 -1.00000000 / 60 96 0 255 / 0.56410220 0.77926640
				-14.96437000 20.37692000 -15.24785000 / 0.44554990 -0.86821190 -0.21838810 / 192 125 0 255 / 0.59844970 0.77926640
				-14.92123000 20.40103000 -15.25566000 / 0.44554990 -0.86821190 -0.21838810 / 182 101 0 255 / 0.56410220 0.99867250
				-15.58240000 21.59150000 -15.18291000 / -0.88917520 -0.45736640 -0.01354170 / 120 153 0 255 / 0.99459840 0.29161070
				-14.92123000 20.40103000 -15.25566000 / 0.44554990 -0.86821190 -0.21838810 / 182 101 0 255 / 0.56410220 0.99867250
				-14.96534000 20.37839000 -15.25566000 / 0.44554990 -0.86821190 -0.21838810 / 167 85 0 255 / 0.56410220 0.77926640
				-14.97707000 20.40196000 -15.15507000 / 0.29402010 -0.58422560 0.75646050 / 144 192 0 255 / 0.60482790 0.77926640
				-15.43776000 21.30770000 -15.68145000 / -0.09927360 0.19644930 0.97547550 / 37 157 0 255 / 0.75816340 0.77926640
				-14.97707000 20.40196000 -15.15507000 / 0.29422430 -0.58234470 0.75783020 / 144 192 0 255 / 0.60482790 0.77926640
				-14.97707000 20.40196000 -15.15507000 / 0.14982150 -0.29659130 0.94317930 / 144 192 0 255 / 0.60482790 0.77926640
				-14.96979000 20.38665000 -15.16972000 / 0.29402010 -0.58422560 0.75646050 / 181 187 0 255 / 0.56410220 0.77926640
				-14.92522000 20.40909000 -15.16972000 / 0.29402010 -0.58422560 0.75646050 / 173 190 0 255 / 0.56410220 0.99867250
				-14.92522000 20.40909000 -15.16972000 / 0.29422430 -0.58234470 0.75783020 / 173 190 0 255 / 0.56410220 0.99867250
				-15.82919000 22.07684000 -15.58867000 / 0.36753500 -0.72782240 -0.57895830 / 141 109 0 255 / 0.86172490 0.77926640
				-16.04231000 22.49533000 -15.15508000 / 0.14972270 -0.29181620 0.94468330 / 44 163 0 255 / 0.60482790 0.77926640
				-14.93315000 20.42414000 -15.15507000 / 0.29422430 -0.58234470 0.75783020 / 114 187 0 255 / 0.60482790 0.99867250
				-14.93315000 20.42414000 -15.15507000 / 0.14982150 -0.29659130 0.94317930 / 114 187 0 255 / 0.60482790 0.99867250
				-14.93315000 20.42414000 -15.15507000 / 0.14982650 -0.29679190 0.94311540 / 114 187 0 255 / 0.60482790 0.99867250
				-14.98830000 20.42424000 -15.14628000 / 0.14982150 -0.29659130 0.94317930 / 92 186 0 255 / 0.66444390 0.77926640
				-15.43776000 21.30770000 -15.68145000 / -0.09927920 0.19665090 0.97543430 / 37 157 0 255 / 0.75816340 0.77926640
				-14.98830000 20.42424000 -15.14628000 / 0.14982650 -0.29679190 0.94311540 / 92 186 0 255 / 0.66444390 0.77926640
				-14.98830000 20.42424000 -15.14628000 / 0.03833690 -0.07591080 0.99637730 / 92 186 0 255 / 0.66444390 0.77926640
				-14.94437000 20.44642000 -15.14628000 / 0.14982650 -0.29679190 0.94311540 / 74 188 0 255 / 0.66444390 0.99867250
				-14.94437000 20.44642000 -15.14628000 / 0.03833690 -0.07591080 0.99637730 / 74 188 0 255 / 0.66444390 0.99867250
				-14.94437000 20.44642000 -15.14628000 / 0.03833690 -0.07591080 0.99637730 / 74 188 0 255 / 0.66444390 0.99867250
				-16.04231000 22.49533000 -15.15508000 / 0.29848290 -0.58189870 0.75650640 / 44 163 0 255 / 0.60482790 0.77926640
				-15.00397000 20.45478000 -15.14335000 / 0.03833690 -0.07591080 0.99637730 / 59 193 0 255 / 0.74649050 0.77926640
				-15.82919000 22.07684000 -15.58867000 / 0.42840350 -0.84841440 -0.31090730 / 141 109 0 255 / 0.86172490 0.77926640
				-15.00397000 20.45478000 -15.14335000 / 0.03833690 -0.07591080 0.99637730 / 59 193 0 255 / 0.74649050 0.77926640
				-15.00397000 20.45478000 -15.14335000 / -0.06380110 0.12645780 0.98991810 / 59 193 0 255 / 0.74649050 0.77926640
				-14.96004000 20.47696000 -15.14335000 / 0.03833690 -0.07591080 0.99637730 / 47 192 0 255 / 0.74649050 0.99867250
				-15.43776000 21.30770000 -15.68145000 / 0.09527150 -0.18863560 0.97741490 / 37 157 0 255 / 0.75816340 0.77926640
				-14.96004000 20.47696000 -15.14335000 / -0.06380110 0.12645780 0.98991810 / 47 192 0 255 / 0.74649050 0.99867250
				-14.96004000 20.47696000 -15.14335000 / -0.06379950 0.12664540 0.98989420 / 47 192 0 255 / 0.74649050 0.99867250
				-15.02434000 20.49421000 -15.14970000 / -0.06380110 0.12645780 0.98991810 / 38 188 0 255 / 0.85211180 0.77926640
				-15.02434000 20.49421000 -15.14970000 / -0.06379950 0.12664540 0.98989420 / 38 188 0 255 / 0.85211180 0.77926640
				-16.04231000 22.49533000 -15.15508000 / 0.29792420 -0.58974490 0.75062780 / 44 163 0 255 / 0.60482790 0.77926640
				-15.02434000 20.49421000 -15.14970000 / -0.21677720 0.43031180 0.87626450 / 38 188 0 255 / 0.85211180 0.77926640
				-14.97978000 20.51665000 -15.14971000 / -0.06379950 0.12664540 0.98989420 / 34 181 0 255 / 0.85211180 0.99867250
				-14.97978000 20.51665000 -15.14971000 / -0.21677720 0.43031180 0.87626450 / 34 181 0 255 / 0.85211180 0.99867250
				-15.82919000 22.07684000 -15.58867000 / 0.42857190 -0.84837030 -0.31079570 / 141 109 0 255 / 0.86172490 0.77926640
				-14.97978000 20.51665000 -15.14971000 / -0.21704880 0.42971090 0.87649200 / 34 181 0 255 / 0.85211180 0.99867250
				-15.04078000 20.52666000 -15.16971000 / -0.21677720 0.43031180 0.87626450 / 31 175 0 255 / 0.93911730 0.77926640
				-15.39384000 21.32988000 -15.68145000 / -0.09927920 0.19665090 0.97543430 / 45 147 0 255 / 0.75816340 0.99867250
				-15.04078000 20.52666000 -15.16971000 / -0.21704880 0.42971090 0.87649200 / 31 175 0 255 / 0.93911730 0.77926640
				-14.99686000 20.54885000 -15.16972000 / -0.21704880 0.42971090 0.87649200 / 29 160 0 255 / 0.93911730 0.99867250
				-15.05253000 20.55022000 -15.20000000 / -0.34027070 0.67367490 0.65603200 / 27 142 0 255 / 0.64544680 0.77926640
				-15.61651000 21.65853000 -15.20732000 / -0.89438550 -0.44671590 0.02279360 / 126 157 0 255 / 0.78569030 0.35877990
				-15.05253000 20.55022000 -15.20000000 / -0.34024830 0.67382120 0.65589340 / 27 142 0 255 / 0.64544680 0.77926640
				-15.05253000 20.55022000 -15.20000000 / -0.42169510 0.83518900 0.35303380 / 27 142 0 255 / 0.64544680 0.77926640
				-15.04078000 20.52666000 -15.16971000 / -0.34027070 0.67367490 0.65603200 / 31 175 0 255 / 0.56410220 0.77926640
				-14.99686000 20.54885000 -15.16972000 / -0.34027070 0.67367490 0.65603200 / 29 160 0 255 / 0.56410220 0.99867250
				-14.99686000 20.54885000 -15.16972000 / -0.34024830 0.67382120 0.65589340 / 29 160 0 255 / 0.56410220 0.99867250
				-15.78997000 22.10792000 -15.61944000 / 0.42840350 -0.84841440 -0.31090730 / 148 119 0 255 / 0.75227360 0.99867250
				-15.00861000 20.57240000 -15.20000000 / -0.34024830 0.67382120 0.65589340 / 27 122 0 255 / 0.64544680 0.99867250
				-15.39384000 21.32988000 -15.68145000 / 0.09527150 -0.18863560 0.97741490 / 45 147 0 255 / 0.75816340 0.99867250
				-15.00861000 20.57240000 -15.20000000 / -0.42169510 0.83518900 0.35303380 / 27 122 0 255 / 0.64544680 0.99867250
				-15.00861000 20.57240000 -15.20000000 / -0.42189060 0.83500780 0.35322850 / 27 122 0 255 / 0.64544680 0.99867250
				-15.61651000 21.65853000 -15.20732000 / -0.88917520 -0.45736640 -0.01354170 / 126 157 0 255 / 0.78569030 0.35877990
				-15.05923000 20.56315000 -15.23857000 / -0.42169510 0.83518900 0.35303380 / 27 115 0 255 / 0.74851990 0.77926640
				-15.05923000 20.56315000 -15.23857000 / -0.42189060 0.83500780 0.35322850 / 27 115 0 255 / 0.74851990 0.77926640
				-15.05923000 20.56315000 -15.23857000 / -0.44963290 0.89011100 0.07438250 / 27 115 0 255 / 0.74851990 0.77926640
				-15.01531000 20.58534000 -15.23857000 / -0.42189060 0.83500780 0.35322850 / 28 111 0 255 / 0.74851990 0.99867250
				-15.01531000 20.58534000 -15.23857000 / -0.44963290 0.89011100 0.07438250 / 28 111 0 255 / 0.74851990 0.99867250
				-15.01531000 20.58534000 -15.23857000 / -0.44956640 0.89016800 0.07410120 / 28 111 0 255 / 0.74851990 0.99867250
				-15.06001000 20.56508000 -15.26640000 / -0.44963290 0.89011100 0.07438250 / 30 112 0 255 / 0.82339480 0.77926640
				-15.78997000 22.10792000 -15.61944000 / 0.42857190 -0.84837030 -0.31079570 / 148 119 0 255 / 0.75227360 0.99867250
				-15.39384000 21.32988000 -15.68145000 / 0.09488690 -0.18500570 0.97814590 / 45 147 0 255 / 0.75816340 0.99867250
				-15.06001000 20.56508000 -15.26640000 / -0.44956640 0.89016800 0.07410120 / 30 112 0 255 / 0.82339480 0.77926640
				-15.61651000 21.65853000 -15.20732000 / -0.89778010 -0.44021170 0.01430500 / 126 157 0 255 / 0.78569030 0.35877990
				-15.06001000 20.56508000 -15.26640000 / -0.43980140 0.87082960 -0.21961460 / 30 112 0 255 / 0.82339480 0.77926640
				-15.01608000 20.58726000 -15.26641000 / -0.44956640 0.89016800 0.07410120 / 33 111 0 255 / 0.82339480 0.99867250
				-15.01608000 20.58726000 -15.26641000 / -0.43980140 0.87082960 -0.21961460 / 33 111 0 255 / 0.82339480 0.99867250
				-15.01608000 20.58726000 -15.26641000 / -0.44652420 0.87035030 -0.20762140 / 33 111 0 255 / 0.82339480 0.99867250
				-15.05794000 20.55996000 -15.29082000 / -0.43980140 0.87082960 -0.21961460 / 37 111 0 255 / 0.88786310 0.77926640
				-15.05794000 20.55996000 -15.29082000 / -0.44652420 0.87035030 -0.20762140 / 37 111 0 255 / 0.88786310 0.77926640
				-15.05794000 20.55996000 -15.29082000 / -0.38787400 0.75591080 -0.52740180 / 37 111 0 255 / 0.88786310 0.77926640
				-15.01383000 20.58259000 -15.29082000 / -0.44652420 0.87035030 -0.20762140 / 40 110 0 255 / 0.88786310 0.99867250
				-15.01383000 20.58259000 -15.29082000 / -0.38787400 0.75591080 -0.52740180 / 40 110 0 255 / 0.88786310 0.99867250
				-15.44640000 21.32358000 -15.67754000 / 0.09527150 -0.18863560 0.97741490 / 60 149 0 255 / 0.86352540 0.77926640
				-15.61651000 21.65853000 -15.20732000 / -0.88787840 -0.46005650 -0.00448230 / 126 157 0 255 / 0.78569030 0.35877990
				-15.78997000 22.10792000 -15.61944000 / 0.44909430 -0.88903320 -0.08907500 / 148 119 0 255 / 0.75227360 0.99867250
				-15.01383000 20.58259000 -15.29082000 / -0.38797450 0.75592080 -0.52731350 / 40 110 0 255 / 0.88786310 0.99867250
				-15.05227000 20.54959000 -15.30986000 / -0.38787400 0.75591080 -0.52740180 / 43 105 0 255 / 0.93911730 0.77926640
				-15.05227000 20.54959000 -15.30986000 / -0.38797450 0.75592080 -0.52731350 / 43 105 0 255 / 0.93911730 0.77926640
				-15.00816000 20.57222000 -15.30986000 / -0.38797450 0.75592080 -0.52731350 / 49 100 0 255 / 0.93911730 0.99867250
				-15.04504000 20.53538000 -15.32304000 / -0.29096770 0.56705800 -0.77057320 / 57 101 0 255 / 0.60217280 0.77926640
				-15.04504000 20.53538000 -15.32304000 / -0.28373270 0.56193370 -0.77699830 / 57 101 0 255 / 0.60217280 0.77926640
				-15.04504000 20.53538000 -15.32304000 / -0.13551840 0.26855720 -0.95368330 / 57 101 0 255 / 0.60217280 0.77926640
				-15.05227000 20.54959000 -15.30986000 / -0.29096770 0.56705800 -0.77057320 / 43 105 0 255 / 0.56410220 0.77926640
				-15.00816000 20.57222000 -15.30986000 / -0.29096770 0.56705800 -0.77057320 / 49 100 0 255 / 0.56410220 0.99867250
				-15.61651000 21.65853000 -15.20732000 / -0.88797720 -0.45986750 -0.00429160 / 126 157 0 255 / 0.78569030 0.35877990
				-15.44640000 21.32358000 -15.67754000 / 0.09488690 -0.18500570 0.97814590 / 60 149 0 255 / 0.86352540 0.77926640
				-15.00816000 20.57222000 -15.30986000 / -0.28373270 0.56193370 -0.77699830 / 49 100 0 255 / 0.56410220 0.99867250
				-15.83389000 22.08573000 -15.61944000 / 0.42857190 -0.84837030 -0.31079570 / 150 127 0 255 / 0.75227360 0.77926640
				-15.00112000 20.55756000 -15.32304000 / -0.28373270 0.56193370 -0.77699830 / 68 98 0 255 / 0.60217280 0.99867250
				-15.00112000 20.55756000 -15.32304000 / -0.13551840 0.26855720 -0.95368330 / 68 98 0 255 / 0.60217280 0.99867250
				-15.00112000 20.55756000 -15.32304000 / -0.13923080 0.27121390 -0.95239580 / 68 98 0 255 / 0.60217280 0.99867250
				-15.03479000 20.51457000 -15.33036000 / -0.13551840 0.26855720 -0.95368330 / 82 98 0 255 / 0.65589900 0.77926640
				-15.03479000 20.51457000 -15.33036000 / -0.13923080 0.27121390 -0.95239580 / 82 98 0 255 / 0.65589900 0.77926640
				-15.03479000 20.51457000 -15.33036000 / -0.03538230 0.06885720 -0.99699890 / 82 98 0 255 / 0.65589900 0.77926640
				-14.99068000 20.53720000 -15.33036000 / -0.13923080 0.27121390 -0.95239580 / 96 93 0 255 / 0.65589900 0.99867250
				-15.61651000 21.65853000 -15.20732000 / -0.88307800 -0.46919480 -0.00543580 / 126 157 0 255 / 0.78569030 0.35877990
				-14.99068000 20.53720000 -15.33036000 / -0.03538230 0.06885720 -0.99699890 / 96 93 0 255 / 0.65589900 0.99867250
				-15.44640000 21.32358000 -15.67754000 / 0.30079000 -0.58632110 0.75216560 / 60 149 0 255 / 0.86352540 0.77926640
				-14.99068000 20.53720000 -15.33036000 / -0.03452310 0.06828320 -0.99706850 / 96 93 0 255 / 0.65589900 0.99867250
				-15.02015000 20.48659000 -15.33281000 / -0.03538230 0.06885720 -0.99699890 / 111 91 0 255 / 0.72991950 0.77926640
				-15.83389000 22.08573000 -15.61944000 / 0.44909430 -0.88903320 -0.08907500 / 150 127 0 255 / 0.75227360 0.77926640
				-15.02015000 20.48659000 -15.33281000 / -0.03452310 0.06828320 -0.99706850 / 111 91 0 255 / 0.72991950 0.77926640
				-15.02015000 20.48659000 -15.33281000 / 0.03490510 -0.06923800 -0.99698950 / 111 91 0 255 / 0.72991950 0.77926640
				-14.97623000 20.50877000 -15.33281000 / -0.03452310 0.06828320 -0.99706850 / 128 91 0 255 / 0.72991950 0.99867250
				-14.97623000 20.50877000 -15.33281000 / 0.03490510 -0.06923800 -0.99698950 / 128 91 0 255 / 0.72991950 0.99867250
				-14.97623000 20.50877000 -15.33281000 / 0.03557140 -0.06942620 -0.99695270 / 128 91 0 255 / 0.72991950 0.99867250
				-15.58633000 21.59848000 -15.16094000 / -0.88917520 -0.45736640 -0.01354170 / 123 149 0 255 / 0.97267150 0.22970580
				-15.00319000 20.45285000 -15.32988000 / 0.03490510 -0.06923800 -0.99698950 / 149 92 0 255 / 0.81694030 0.77926640
				-15.00319000 20.45285000 -15.32988000 / 0.03557140 -0.06942620 -0.99695270 / 149 92 0 255 / 0.81694030 0.77926640
				-15.40229000 21.34620000 -15.67754000 / 0.09488690 -0.18500570 0.97814590 / 81 133 0 255 / 0.86352540 0.99867250
				-15.00319000 20.45285000 -15.32988000 / 0.13476020 -0.26265360 -0.95543330 / 149 92 0 255 / 0.81694030 0.77926640
				-14.95908000 20.47549000 -15.32988000 / 0.03557140 -0.06942620 -0.99695270 / 172 91 0 255 / 0.81694030 0.99867250
				-14.95908000 20.47549000 -15.32988000 / 0.13476020 -0.26265360 -0.95543330 / 172 91 0 255 / 0.81694030 0.99867250
				-15.83389000 22.08573000 -15.61944000 / 0.45517990 -0.88689980 -0.07886730 / 150 127 0 255 / 0.75227360 0.77926640
				-14.95908000 20.47549000 -15.32988000 / 0.13170090 -0.26092240 -0.95633380 / 172 91 0 255 / 0.81694030 0.99867250
				-14.99004000 20.42763000 -15.32108000 / 0.13476020 -0.26265360 -0.95543330 / 179 91 0 255 / 0.88417060 0.77926640
				-14.99004000 20.42763000 -15.32108000 / 0.13170090 -0.26092240 -0.95633380 / 179 91 0 255 / 0.88417060 0.77926640
				-15.58633000 21.59848000 -15.16094000 / -0.89778010 -0.44021170 0.01430500 / 123 149 0 255 / 0.97267150 0.22970580
				-14.99004000 20.42763000 -15.32108000 / 0.28754150 -0.56955160 -0.77002000 / 179 91 0 255 / 0.88417060 0.77926640
				-14.94612000 20.44981000 -15.32109000 / 0.13170090 -0.26092240 -0.95633380 / 184 98 0 255 / 0.88417060 0.99867250
				-14.94612000 20.44981000 -15.32109000 / 0.28754150 -0.56955160 -0.77002000 / 184 98 0 255 / 0.88417060 0.99867250
				-15.40229000 21.34620000 -15.67754000 / 0.30079000 -0.58632110 0.75216560 / 81 133 0 255 / 0.86352540 0.99867250
				-14.94612000 20.44981000 -15.32109000 / 0.28770640 -0.56969110 -0.76985530 / 184 98 0 255 / 0.88417060 0.99867250
				-14.97934000 20.40664000 -15.30156000 / 0.28754150 -0.56955160 -0.77002000 / 189 113 0 255 / 0.93911730 0.77926640
				-14.97934000 20.40664000 -15.30156000 / 0.28770640 -0.56969110 -0.76985530 / 189 113 0 255 / 0.93911730 0.77926640
				-14.93542000 20.42882000 -15.30156000 / 0.28770640 -0.56969110 -0.76985530 / 193 119 0 255 / 0.93911730 0.99867250
				-15.79100000 22.11048000 -15.65020000 / 0.44909430 -0.88903320 -0.08907500 / 140 129 0 255 / 0.64161680 0.99867250
				-14.99997000 20.44671000 -15.27568000 / -0.00991850 0.01945540 0.99976160 / 44 119 0 255 / 0.76364130 0.77926640
				-15.59362000 21.61378000 -15.14776000 / -0.89778010 -0.44021170 0.01430500 / 124 154 0 255 / 0.92539980 0.19349670
				-14.99997000 20.44671000 -15.27568000 / -0.00991850 0.01945540 0.99976160 / 44 119 0 255 / 0.76364130 0.77926640
				-14.99997000 20.44671000 -15.27568000 / -0.30488890 0.59413750 0.74434090 / 44 119 0 255 / 0.76364130 0.77926640
				-14.96959000 20.38710000 -15.27421000 / -0.00991850 0.01945540 0.99976160 / 34 131 0 255 / 0.56410220 0.77926640
				-14.92567000 20.40928000 -15.27421000 / -0.00991850 0.01945540 0.99976160 / 38 111 0 255 / 0.56410220 0.99867250
				-15.40229000 21.34620000 -15.67754000 / 0.30079000 -0.58632110 0.75216560 / 81 133 0 255 / 0.86352540 0.99867250
				-14.92567000 20.40928000 -15.27421000 / -0.00991850 0.01945540 0.99976160 / 38 111 0 255 / 0.56410220 0.99867250
				-14.95586000 20.46934000 -15.27568000 / -0.00991850 0.01945540 0.99976160 / 53 105 0 255 / 0.76364130 0.99867250
				-14.95586000 20.46934000 -15.27568000 / -0.30488890 0.59413750 0.74434090 / 53 105 0 255 / 0.76364130 0.99867250
				-14.95586000 20.46934000 -15.27568000 / -0.30487600 0.59430310 0.74421400 / 53 105 0 255 / 0.76364130 0.99867250
				-15.00344000 20.45349000 -15.28251000 / -0.30488890 0.59413750 0.74434090 / 60 112 0 255 / 0.78639220 0.77926640
				-15.59362000 21.61378000 -15.14776000 / -0.88787840 -0.46005650 -0.00448230 / 124 154 0 255 / 0.92539980 0.19349670
				-15.79100000 22.11048000 -15.65020000 / 0.45517990 -0.88689980 -0.07886730 / 140 129 0 255 / 0.64161680 0.99867250
				-15.00344000 20.45349000 -15.28251000 / -0.30487600 0.59430310 0.74421400 / 60 112 0 255 / 0.78639220 0.77926640
				-15.00344000 20.45349000 -15.28251000 / -0.24394420 0.47549090 0.84522180 / 60 112 0 255 / 0.78639220 0.77926640
				-14.95934000 20.47612000 -15.28251000 / -0.30487600 0.59430310 0.74421400 / 63 101 0 255 / 0.78639220 0.99867250
				-14.95934000 20.47612000 -15.28251000 / -0.24394420 0.47549090 0.84522180 / 63 101 0 255 / 0.78639220 0.99867250
				-15.45214000 21.33504000 -15.66631000 / 0.30079000 -0.58632110 0.75216560 / 103 138 0 255 / 0.93911730 0.77926640
				-14.95934000 20.47612000 -15.28251000 / -0.24394420 0.47549090 0.84522180 / 63 101 0 255 / 0.78639220 0.99867250
				-15.00667000 20.45964000 -15.28691000 / -0.24394420 0.47549090 0.84522180 / 64 110 0 255 / 0.80644220 0.77926640
				-15.00667000 20.45964000 -15.28691000 / -0.24394420 0.47549090 0.84522180 / 64 110 0 255 / 0.80644220 0.77926640
				-15.00667000 20.45964000 -15.28691000 / -0.16078670 0.31337190 0.93591970 / 64 110 0 255 / 0.80644220 0.77926640
				-15.60529000 21.63626000 -15.14336000 / -0.88787840 -0.46005650 -0.00448230 / 128 164 0 255 / 0.85554500 0.18142700
				-14.96256000 20.48228000 -15.28691000 / -0.24394420 0.47549090 0.84522180 / 63 106 0 255 / 0.80644220 0.99867250
				-14.96256000 20.48228000 -15.28691000 / -0.16078670 0.31337190 0.93591970 / 63 106 0 255 / 0.80644220 0.99867250
				-15.79100000 22.11048000 -15.65020000 / 0.43663220 -0.85075560 0.29251880 / 140 129 0 255 / 0.64161680 0.99867250
				-14.96256000 20.48228000 -15.28691000 / -0.16317400 0.32329630 0.93212320 / 63 106 0 255 / 0.80644220 0.99867250
				-15.01120000 20.46899000 -15.29082000 / -0.16078670 0.31337190 0.93591970 / 64 107 0 255 / 0.83695990 0.77926640
				-15.01120000 20.46899000 -15.29082000 / -0.16317400 0.32329630 0.93212320 / 64 107 0 255 / 0.83695990 0.77926640
				-15.45214000 21.33504000 -15.66631000 / 0.30079000 -0.58632110 0.75216560 / 103 138 0 255 / 0.93911730 0.77926640
				-15.01120000 20.46899000 -15.29082000 / -0.06494630 0.12874810 0.98954830 / 64 107 0 255 / 0.83695990 0.77926640
				-16.26239000 22.92740000 -15.32891000 / 0.00000000 0.00000000 -1.00000000 / 34 93 0 255 / 0.93911730 0.77926640
				-16.26239000 22.92740000 -15.32891000 / 0.00000000 0.00000000 -1.00000000 / 34 93 0 255 / 0.93911730 0.77926640
				-15.60529000 21.63626000 -15.14336000 / -0.88797720 -0.45986750 -0.00429160 / 128 164 0 255 / 0.85554500 0.18142700
				-14.96727000 20.49117000 -15.29082000 / -0.16317400 0.32329630 0.93212320 / 66 104 0 255 / 0.83695990 0.99867250
				-14.96727000 20.49117000 -15.29082000 / -0.06494630 0.12874810 0.98954830 / 66 104 0 255 / 0.83695990 0.99867250
				-14.96727000 20.49117000 -15.29082000 / -0.06379980 0.12435720 0.99018430 / 66 104 0 255 / 0.83695990 0.99867250
				-15.01590000 20.47789000 -15.29228000 / -0.06494630 0.12874810 0.98954830 / 76 101 0 255 / 0.86752320 0.77926640
				-15.83511000 22.08784000 -15.65020000 / 0.45517990 -0.88689980 -0.07886730 / 129 138 0 255 / 0.64161680 0.77926640
				-15.01590000 20.47789000 -15.29228000 / -0.06379980 0.12435720 0.99018430 / 76 101 0 255 / 0.86752320 0.77926640
				-15.01590000 20.47789000 -15.29228000 / 0.10691030 -0.20828910 0.97220670 / 76 101 0 255 / 0.86752320 0.77926640
				-16.05592000 22.63058000 -15.33037000 / -0.03452310 0.06828320 -0.99706850 / 27 96 0 255 / 0.65489190 0.99867250
				-14.97179000 20.50052000 -15.29228000 / -0.06379980 0.12435720 0.99018430 / 93 93 0 255 / 0.86752320 0.99867250
				-14.97179000 20.50052000 -15.29228000 / 0.10691030 -0.20828910 0.97220670 / 93 93 0 255 / 0.86752320 0.99867250
				-15.61373000 21.65257000 -15.14482000 / -0.88797720 -0.45986750 -0.00429160 / 137 168 0 255 / 0.80403130 0.18589780
				-14.97179000 20.50052000 -15.29228000 / 0.10786140 -0.21362460 0.97094310 / 93 93 0 255 / 0.86752320 0.99867250
				-15.02215000 20.49063000 -15.28886000 / 0.10691030 -0.20828910 0.97220670 / 120 108 0 255 / 0.90957640 0.77926640
				-15.02215000 20.49063000 -15.28886000 / 0.10786140 -0.21362460 0.97094310 / 120 108 0 255 / 0.90957640 0.77926640
				-15.02215000 20.49063000 -15.28886000 / 0.29658670 -0.58726070 0.75310120 / 120 108 0 255 / 0.90957640 0.77926640
				-14.97823000 20.51281000 -15.28887000 / 0.10786140 -0.21362460 0.97094310 / 147 110 0 255 / 0.90957640 0.99867250
				-14.97823000 20.51281000 -15.28887000 / 0.29658670 -0.58726070 0.75310120 / 147 110 0 255 / 0.90957640 0.99867250
				-15.83511000 22.08784000 -15.65020000 / 0.43663220 -0.85075560 0.29251880 / 129 138 0 255 / 0.64161680 0.77926640
				-14.97823000 20.51281000 -15.28887000 / 0.29657720 -0.58705120 0.75326800 / 147 110 0 255 / 0.90957640 0.99867250
				-16.05592000 22.63058000 -15.33037000 / -0.03452310 0.06828320 -0.99706850 / 27 96 0 255 / 0.65489190 0.99867250
				-15.02686000 20.49952000 -15.28007000 / 0.29658670 -0.58726070 0.75310120 / 173 119 0 255 / 0.93911730 0.77926640
				-15.61373000 21.65257000 -15.14482000 / -0.88307800 -0.46919480 -0.00543580 / 137 168 0 255 / 0.80403130 0.18589780
				-15.02686000 20.49952000 -15.28007000 / 0.29657720 -0.58705120 0.75326800 / 173 119 0 255 / 0.93911730 0.77926640
				-14.98294000 20.52171000 -15.28008000 / 0.29657720 -0.58705120 0.75326800 / 178 110 0 255 / 0.93911730 0.99867250
				-15.01364000 20.47321000 -15.18779000 / 0.26750820 -0.52147410 -0.81024940 / 148 92 0 255 / 0.66450500 0.77926640
				-15.01364000 20.47321000 -15.18779000 / 0.26751410 -0.52129490 -0.81036270 / 148 92 0 255 / 0.66450500 0.77926640
				-15.01364000 20.47321000 -15.18779000 / 0.09756510 -0.19017090 -0.97689100 / 148 92 0 255 / 0.66450500 0.77926640
				-15.01964000 20.48531000 -15.19756000 / 0.26750820 -0.52147410 -0.81024940 / 176 102 0 255 / 0.56410220 0.77926640
				-14.97553000 20.50794000 -15.19756000 / 0.26750820 -0.52147410 -0.81024940 / 172 95 0 255 / 0.56410220 0.99867250
				-14.97553000 20.50794000 -15.19756000 / 0.26751410 -0.52129490 -0.81036270 / 172 95 0 255 / 0.56410220 0.99867250
				-15.83511000 22.08784000 -15.65020000 / 0.43646200 -0.85099120 0.29208720 / 129 138 0 255 / 0.64161680 0.77926640
				-16.05592000 22.63058000 -15.33037000 / -0.13561900 0.26837670 -0.95371980 / 27 96 0 255 / 0.65489190 0.99867250
				-15.61373000 21.65257000 -15.14482000 / -0.89121840 -0.45357250 -0.00133520 / 137 168 0 255 / 0.80403130 0.18589780
				-16.29754000 22.99699000 -15.32892000 / 0.00000000 0.00000000 -1.00000000 / 21 129 0 255 / 0.56410220 0.77926640
				-14.96952000 20.49584000 -15.18779000 / 0.26751410 -0.52129490 -0.81036270 / 123 92 0 255 / 0.66450500 0.99867250
				-14.96952000 20.49584000 -15.18779000 / 0.09756510 -0.19017090 -0.97689100 / 123 92 0 255 / 0.66450500 0.99867250
				-14.96952000 20.49584000 -15.18779000 / 0.09460720 -0.18730700 -0.97773490 / 123 92 0 255 / 0.66450500 0.99867250
				-15.00622000 20.45944000 -15.18437000 / 0.09756510 -0.19017090 -0.97689100 / 103 91 0 255 / 0.77986150 0.77926640
				-15.00622000 20.45944000 -15.18437000 / 0.09460720 -0.18730700 -0.97773490 / 103 91 0 255 / 0.77986150 0.77926640
				-15.00622000 20.45944000 -15.18437000 / -0.06999820 0.13847050 -0.98788980 / 103 91 0 255 / 0.77986150 0.77926640
				-14.96230000 20.48163000 -15.18437000 / 0.09460720 -0.18730700 -0.97773490 / 90 93 0 255 / 0.77986150 0.99867250
				-14.96230000 20.48163000 -15.18437000 / -0.06999820 0.13847050 -0.98788980 / 90 93 0 255 / 0.77986150 0.99867250
				-14.96230000 20.48163000 -15.18437000 / -0.07247680 0.14132980 -0.98730580 / 90 93 0 255 / 0.77986150 0.99867250
				-15.61948000 21.66403000 -15.20000000 / -0.88307800 -0.46919480 -0.00543580 / 145 174 0 255 / 0.76779170 0.33912660
				-15.40803000 21.35767000 -15.66631000 / 0.30079000 -0.58632110 0.75216560 / 122 135 0 255 / 0.93911730 0.99867250
				-15.78823000 22.10451000 -15.67168000 / 0.43663220 -0.85075560 0.29251880 / 109 141 0 255 / 0.56410220 0.99867250
				-15.00093000 20.44818000 -15.18632000 / -0.06999820 0.13847050 -0.98788980 / 81 87 0 255 / 0.87297060 0.77926640
				-15.00093000 20.44818000 -15.18632000 / -0.07247680 0.14132980 -0.98730580 / 81 87 0 255 / 0.87297060 0.77926640
				-15.00093000 20.44818000 -15.18632000 / -0.26866360 0.52378420 -0.80837490 / 81 87 0 255 / 0.87297060 0.77926640
				-14.95682000 20.47080000 -15.18632000 / -0.07247680 0.14132980 -0.98730580 / 75 90 0 255 / 0.87297060 0.99867250
				-14.95682000 20.47080000 -15.18632000 / -0.26866360 0.52378420 -0.80837490 / 75 90 0 255 / 0.87297060 0.99867250
				-14.95682000 20.47080000 -15.18632000 / -0.26912890 0.52433410 -0.80786350 / 75 90 0 255 / 0.87297060 0.99867250
				-14.99648000 20.43991000 -15.19315000 / -0.26866360 0.52378420 -0.80837490 / 67 92 0 255 / 0.93911730 0.77926640
				-14.99648000 20.43991000 -15.19315000 / -0.26912890 0.52433410 -0.80786350 / 67 92 0 255 / 0.93911730 0.77926640
				-15.61948000 21.66403000 -15.20000000 / -0.89121840 -0.45357250 -0.00133520 / 145 174 0 255 / 0.76779170 0.33912660
				-14.95237000 20.46255000 -15.19316000 / -0.26912890 0.52433410 -0.80786350 / 58 94 0 255 / 0.93911730 0.99867250
				-15.22799000 21.00364000 -15.74737000 / 0.21276740 -0.42114780 -0.88168280 / 121 98 0 255 / 0.84541320 0.99867250
				-16.18101000 22.76812000 -15.38507000 / 0.00000000 0.00000000 1.00000000 / 17 156 0 255 / 0.93911730 0.77926640
				-15.78823000 22.10451000 -15.67168000 / 0.43646200 -0.85099120 0.29208720 / 109 141 0 255 / 0.56410220 0.99867250
				-16.18101000 22.76812000 -15.38507000 / 0.00000000 0.00000000 1.00000000 / 17 156 0 255 / 0.93911730 0.77926640
				-16.18101000 22.76812000 -15.38507000 / -0.40950460 0.81042610 0.41894590 / 17 156 0 255 / 0.93911730 0.77926640
				-16.11350000 22.63490000 -15.38507000 / 0.00000000 0.00000000 1.00000000 / 16 154 0 255 / 0.56410220 0.77926640
				-16.06914000 22.65688000 -15.38507000 / 0.00000000 0.00000000 1.00000000 / 17 153 0 255 / 0.56410220 0.99867250
				-16.06914000 22.65688000 -15.38507000 / 0.00000000 0.00000000 1.00000000 / 17 153 0 255 / 0.56410220 0.99867250
				-16.25362000 23.01917000 -15.32892000 / 0.00000000 0.00000000 -1.00000000 / 24 102 0 255 / 0.56410220 0.99867250
				-15.61948000 21.66403000 -15.20000000 / -0.89121840 -0.45357250 -0.00133520 / 145 174 0 255 / 0.76779170 0.33912660
				-16.25362000 23.01917000 -15.32892000 / 0.00000000 0.00000000 -1.00000000 / 24 102 0 255 / 0.56410220 0.99867250
				-16.13710000 22.79030000 -15.38507000 / 0.00000000 0.00000000 1.00000000 / 18 143 0 255 / 0.93911730 0.99867250
				-15.22799000 21.00364000 -15.74737000 / 0.21267630 -0.42115630 -0.88170070 / 121 98 0 255 / 0.84541320 0.99867250
				-16.13710000 22.79030000 -15.38507000 / -0.40950460 0.81042610 0.41894590 / 18 143 0 255 / 0.93911730 0.99867250
				-16.13710000 22.79030000 -15.38507000 / -0.41429960 0.80742650 0.42002200 / 18 143 0 255 / 0.93911730 0.99867250
				-15.83235000 22.08188000 -15.67168000 / 0.43646200 -0.85099120 0.29208720 / 93 145 0 255 / 0.56410220 0.77926640
				-16.22802000 22.85973000 -15.60821000 / -0.40950460 0.81042610 0.41894590 / 19 137 0 255 / 0.56410220 0.77926640
				-16.22802000 22.85973000 -15.60821000 / -0.41429960 0.80742650 0.42002200 / 19 137 0 255 / 0.56410220 0.77926640
				-16.18392000 22.88236000 -15.60821000 / -0.41429960 0.80742650 0.42002200 / 19 111 0 255 / 0.56410220 0.99867250
				-16.30199000 23.00524000 -15.38507000 / 0.00000000 0.00000000 1.00000000 / 18 155 0 255 / 0.93911730 0.77926640
				-15.61948000 21.66403000 -15.20000000 / -0.89683180 -0.44231240 -0.00724790 / 145 174 0 255 / 0.76779170 0.33912660
				-16.30199000 23.00524000 -15.38507000 / 0.00000000 0.00000000 1.00000000 / 18 155 0 255 / 0.93911730 0.77926640
				-16.30199000 23.00524000 -15.38507000 / -0.44744970 0.87201210 0.19845330 / 18 155 0 255 / 0.93911730 0.77926640
				-16.23376000 22.87119000 -15.38507000 / 0.00000000 0.00000000 1.00000000 / 17 166 0 255 / 0.56410220 0.77926640
				-15.22799000 21.00364000 -15.74737000 / 0.06503960 -0.12893490 -0.98951790 / 121 98 0 255 / 0.84541320 0.99867250
				-16.18966000 22.89382000 -15.38507000 / 0.00000000 0.00000000 1.00000000 / 17 151 0 255 / 0.56410220 0.99867250
				-16.18966000 22.89382000 -15.38507000 / 0.00000000 0.00000000 1.00000000 / 17 151 0 255 / 0.56410220 0.99867250
				-16.25788000 23.02787000 -15.38507000 / 0.00000000 0.00000000 1.00000000 / 19 157 0 255 / 0.93911730 0.99867250
				-15.81371000 22.04585000 -15.55450000 / 0.24700020 -0.48904130 -0.83655810 / 69 85 0 255 / 0.66299440 0.77926640
				-16.25788000 23.02787000 -15.38507000 / -0.44744970 0.87201210 0.19845330 / 19 157 0 255 / 0.93911730 0.99867250
				-16.25788000 23.02787000 -15.38507000 / -0.44197640 0.87498740 0.19762090 / 19 157 0 255 / 0.93911730 0.99867250
				-15.62096000 21.66679000 -15.14971000 / -0.89121840 -0.45357250 -0.00133520 / 144 183 0 255 / 0.75950620 0.19931030
				-16.33540000 23.07143000 -15.75128000 / -0.44744970 0.87201210 0.19845330 / 20 167 0 255 / 0.56410220 0.77926640
				-16.33540000 23.07143000 -15.75128000 / -0.44197640 0.87498740 0.19762090 / 20 167 0 255 / 0.56410220 0.77926640
				-16.29148000 23.09362000 -15.75128000 / -0.44197640 0.87498740 0.19762090 / 21 170 0 255 / 0.56410220 0.99867250
				-16.08835000 22.58546000 -15.74884000 / -0.23422000 0.45604230 -0.85858400 / 23 95 0 255 / 0.63443000 0.77926640
				-15.20309000 20.95486000 -15.71806000 / 0.21276740 -0.42114780 -0.88168280 / 151 94 0 255 / 0.93911730 0.99867250
				-16.08835000 22.58546000 -15.74884000 / -0.22984780 0.45492690 -0.86035550 / 23 95 0 255 / 0.63443000 0.77926640
				-16.08835000 22.58546000 -15.74884000 / -0.06522960 0.12893330 -0.98950560 / 23 95 0 255 / 0.63443000 0.77926640
				-16.21828000 22.95004000 -15.32891000 / 0.00000000 0.00000000 -1.00000000 / 45 99 0 255 / 0.93911730 0.99867250
				-16.10679000 22.62196000 -15.72442000 / -0.23422000 0.45604230 -0.85858400 / 27 100 0 255 / 0.56410220 0.77926640
				-15.81371000 22.04585000 -15.55450000 / 0.25291090 -0.49285200 -0.83254610 / 69 85 0 255 / 0.66299440 0.77926640
				-15.62096000 21.66679000 -15.14971000 / -0.89121840 -0.45357250 -0.00133520 / 144 183 0 255 / 0.75950620 0.19931030
				-16.06269000 22.64459000 -15.72443000 / -0.23422000 0.45604230 -0.85858400 / 24 95 0 255 / 0.56410220 0.99867250
				-16.06269000 22.64459000 -15.72443000 / -0.22984780 0.45492690 -0.86035550 / 24 95 0 255 / 0.56410220 0.99867250
				-16.04444000 22.60765000 -15.74884000 / -0.22984780 0.45492690 -0.86035550 / 23 96 0 255 / 0.63443000 0.99867250
				-16.04444000 22.60765000 -15.74884000 / -0.06522960 0.12893330 -0.98950560 / 23 96 0 255 / 0.63443000 0.99867250
				-16.04444000 22.60765000 -15.74884000 / -0.06484970 0.12893650 -0.98953020 / 23 96 0 255 / 0.63443000 0.99867250
				-15.24701000 20.93267000 -15.71806000 / 0.21276740 -0.42114780 -0.88168280 / 142 97 0 255 / 0.93911730 0.77926640
				-16.06269000 22.53476000 -15.75714000 / -0.06522960 0.12893330 -0.98950560 / 26 100 0 255 / 0.73159790 0.77926640
				-16.06269000 22.53476000 -15.75714000 / -0.06484970 0.12893650 -0.98953020 / 26 100 0 255 / 0.73159790 0.77926640
				-16.06269000 22.53476000 -15.75714000 / 0.06523090 -0.12950810 -0.98943050 / 26 100 0 255 / 0.73159790 0.77926640
				-16.01813000 22.55721000 -15.75714000 / -0.06484970 0.12893650 -0.98953020 / 34 104 0 255 / 0.73159790 0.99867250
				-15.62818000 21.68100000 -15.15898000 / -0.89121840 -0.45357250 -0.00133520 / 154 179 0 255 / 0.71490480 0.22511290
				-16.01813000 22.55721000 -15.75714000 / 0.06523090 -0.12950810 -0.98943050 / 34 104 0 255 / 0.73159790 0.99867250
				-15.81371000 22.04585000 -15.55450000 / 0.09289180 -0.18101510 -0.97908360 / 69 85 0 255 / 0.66299440 0.77926640
				-16.01813000 22.55721000 -15.75714000 / 0.06561529 -0.12970460 -0.98937930 / 34 104 0 255 / 0.73159790 0.99867250
				-16.03212000 22.47561000 -15.74737000 / 0.06523090 -0.12950810 -0.98943050 / 45 103 0 255 / 0.84541320 0.77926640
				-16.03212000 22.47561000 -15.74737000 / 0.06561529 -0.12970460 -0.98937930 / 45 103 0 255 / 0.84541320 0.77926640
				-16.03212000 22.47561000 -15.74737000 / 0.21172050 -0.41905400 -0.88293160 / 45 103 0 255 / 0.84541320 0.77926640
				-15.24701000 20.93267000 -15.71806000 / 0.21267630 -0.42115630 -0.88170070 / 142 97 0 255 / 0.93911730 0.77926640
				-15.98820000 22.49779000 -15.74737000 / 0.06552030 -0.12970540 -0.98938550 / 58 99 0 255 / 0.84541320 0.99867250
				-15.98820000 22.49779000 -15.74737000 / 0.21172050 -0.41905400 -0.88293160 / 58 99 0 255 / 0.84541320 0.99867250
				-15.98820000 22.49779000 -15.74737000 / 0.21534370 -0.41962450 -0.88178370 / 58 99 0 255 / 0.84541320 0.99867250
				-15.62818000 21.68100000 -15.15898000 / -0.89683180 -0.44231240 -0.00724790 / 154 179 0 255 / 0.71490480 0.22511290
				-16.00742000 22.42638000 -15.71808000 / 0.21172050 -0.41905400 -0.88293160 / 74 97 0 255 / 0.93911730 0.77926640
				-16.00742000 22.42638000 -15.71808000 / 0.21534370 -0.41962450 -0.88178370 / 74 97 0 255 / 0.93911730 0.77926640
				-15.96331000 22.44901000 -15.71808000 / 0.21534370 -0.41962450 -0.88178370 / 87 99 0 255 / 0.93911730 0.99867250
				-15.82222000 22.06326000 -15.56719000 / 0.24700020 -0.48904130 -0.83655810 / 105 88 0 255 / 0.56410220 0.77926640
				-15.98949000 22.39116000 -15.67363000 / 0.34114230 -0.66492700 -0.66445020 / 100 105 0 255 / 0.65126040 0.77926640
				-15.98949000 22.39116000 -15.67363000 / 0.34122650 -0.66490540 -0.66442850 / 100 105 0 255 / 0.65126040 0.77926640
				-15.98949000 22.39116000 -15.67363000 / 0.42592630 -0.82991730 -0.36031120 / 100 105 0 255 / 0.65126040 0.77926640
				-15.27190000 20.98145000 -15.74736000 / 0.21267630 -0.42115630 -0.88170070 / 96 98 0 255 / 0.84541320 0.77926640
				-16.25395000 22.91107000 -15.23565000 / 0.44805260 -0.87283470 -0.19341220 / 51 96 0 255 / 0.93911730 0.77926640
				-16.25395000 22.91107000 -15.23565000 / 0.44190370 -0.87522490 -0.19673010 / 51 96 0 255 / 0.93911730 0.77926640
				-15.62818000 21.68100000 -15.15898000 / -0.89475420 -0.44651870 -0.00600830 / 154 179 0 255 / 0.71490480 0.22511290
				-16.00742000 22.42638000 -15.71808000 / 0.34122650 -0.66490540 -0.66442850 / 74 97 0 255 / 0.56410220 0.77926640
				-15.96331000 22.44901000 -15.71808000 / 0.34114230 -0.66492700 -0.66445020 / 87 99 0 255 / 0.56410220 0.99867250
				-15.96331000 22.44901000 -15.71808000 / 0.34122650 -0.66490540 -0.66442850 / 87 99 0 255 / 0.56410220 0.99867250
				-15.94538000 22.41380000 -15.67363000 / 0.34122650 -0.66490540 -0.66442850 / 108 105 0 255 / 0.65126040 0.99867250
				-15.94538000 22.41380000 -15.67363000 / 0.42592630 -0.82991730 -0.36031120 / 108 105 0 255 / 0.65126040 0.99867250
				-15.77830000 22.08545000 -15.56719000 / 0.24700020 -0.48904130 -0.83655810 / 85 90 0 255 / 0.56410220 0.99867250
				-15.94538000 22.41380000 -15.67363000 / 0.41979570 -0.83100860 -0.36496090 / 108 105 0 255 / 0.65126040 0.99867250
				-15.97956000 22.37209000 -15.61798000 / 0.42592630 -0.82991730 -0.36031120 / 114 107 0 255 / 0.76002500 0.77926640
				-15.27190000 20.98145000 -15.74736000 / 0.06503960 -0.12893490 -0.98951790 / 96 98 0 255 / 0.84541320 0.77926640
				-15.97956000 22.37209000 -15.61798000 / 0.41979570 -0.83100860 -0.36496090 / 114 107 0 255 / 0.76002500 0.77926640
				-15.62348000 21.67210000 -15.19756000 / -0.89683180 -0.44231240 -0.00724790 / 164 172 0 255 / 0.74255370 0.33256530
				-15.97956000 22.37209000 -15.61798000 / 0.45049570 -0.89183650 -0.04100620 / 114 107 0 255 / 0.76002500 0.77926640
				-15.93564000 22.39428000 -15.61798000 / 0.41979570 -0.83100860 -0.36496090 / 111 105 0 255 / 0.76002500 0.99867250
				-15.93564000 22.39428000 -15.61798000 / 0.45049570 -0.89183650 -0.04100620 / 111 105 0 255 / 0.76002500 0.99867250
				-15.93564000 22.39428000 -15.61798000 / 0.45630300 -0.88914720 -0.03471150 / 111 105 0 255 / 0.76002500 0.99867250
				-15.97879000 22.37017000 -15.56768000 / 0.45049570 -0.89183650 -0.04100620 / 101 108 0 255 / 0.85800170 0.77926640
				-15.97879000 22.37017000 -15.56768000 / 0.45630300 -0.88914720 -0.03471150 / 101 108 0 255 / 0.85800170 0.77926640
				-15.97879000 22.37017000 -15.56768000 / 0.42315700 -0.82437890 0.37594880 / 101 108 0 255 / 0.85800170 0.77926640
				-15.77830000 22.08545000 -15.56719000 / 0.25291090 -0.49285200 -0.83254610 / 85 90 0 255 / 0.56410220 0.99867250
				-15.93468000 22.39280000 -15.56768000 / 0.45630300 -0.88914720 -0.03471150 / 86 111 0 255 / 0.85800170 0.99867250
				-15.27190000 20.98145000 -15.74736000 / 0.06503960 -0.12893490 -0.98951790 / 96 98 0 255 / 0.84541320 0.77926640
				-15.62348000 21.67210000 -15.19756000 / -0.89475420 -0.44651870 -0.00600830 / 164 172 0 255 / 0.74255370 0.33256530
				-15.93468000 22.39280000 -15.56768000 / 0.42315700 -0.82437890 0.37594880 / 86 111 0 255 / 0.85800170 0.99867250
				-15.93468000 22.39280000 -15.56768000 / 0.41888750 -0.82938190 0.36967390 / 86 111 0 255 / 0.85800170 0.99867250
				-15.98628000 22.38503000 -15.52666000 / 0.42315700 -0.82437890 0.37594880 / 73 138 0 255 / 0.93911730 0.77926640
				-15.98628000 22.38503000 -15.52666000 / 0.41888750 -0.82938190 0.36967390 / 73 138 0 255 / 0.93911730 0.77926640
				-16.14780000 22.81130000 -15.32891000 / 0.00000000 0.00000000 -1.00000000 / 67 95 0 255 / 0.56410220 0.99867250
				-16.14780000 22.81130000 -15.32891000 / 0.00000000 0.00000000 -1.00000000 / 67 95 0 255 / 0.56410220 0.99867250
				-15.76960000 22.06848000 -15.55450000 / 0.25291090 -0.49285200 -0.83254610 / 55 85 0 255 / 0.66299440 0.99867250
				-15.76960000 22.06848000 -15.55450000 / 0.09289180 -0.18101510 -0.97908360 / 55 85 0 255 / 0.66299440 0.99867250
				-15.76960000 22.06848000 -15.55450000 / 0.09298320 -0.18119790 -0.97904110 / 55 85 0 255 / 0.66299440 0.99867250
				-15.80423000 22.02696000 -15.55011000 / 0.09289180 -0.18101510 -0.97908360 / 47 80 0 255 / 0.77317810 0.77926640
				-15.62348000 21.67210000 -15.19756000 / -0.88015940 -0.47360180 0.03194860 / 164 172 0 255 / 0.74255370 0.33256530
				-15.25836000 21.06325000 -15.75713000 / 0.06503960 -0.12893490 -0.98951790 / 69 88 0 255 / 0.73159790 0.99867250
				-15.80423000 22.02696000 -15.55011000 / 0.09298320 -0.18119790 -0.97904110 / 47 80 0 255 / 0.77317810 0.77926640
				-15.80423000 22.02696000 -15.55011000 / -0.10261190 0.19988350 -0.97443190 / 47 80 0 255 / 0.77317810 0.77926640
				-15.76012000 22.04960000 -15.55011000 / 0.09298320 -0.18119790 -0.97904110 / 41 80 0 255 / 0.77317810 0.99867250
				-15.76012000 22.04960000 -15.55011000 / -0.10261190 0.19988350 -0.97443190 / 41 80 0 255 / 0.77317810 0.99867250
				-15.76012000 22.04960000 -15.55011000 / -0.10251760 0.19988540 -0.97444130 / 41 80 0 255 / 0.77317810 0.99867250
				-15.79553000 22.01001000 -15.55450000 / -0.10261190 0.19988350 -0.97443190 / 39 84 0 255 / 0.86930850 0.77926640
				-15.79553000 22.01001000 -15.55450000 / -0.10251760 0.19988540 -0.97444130 / 39 84 0 255 / 0.86930850 0.77926640
				-15.79553000 22.01001000 -15.55450000 / -0.31631980 0.61680920 -0.72075520 / 39 84 0 255 / 0.86930850 0.77926640
				-15.75142000 22.03263000 -15.55450000 / -0.10251760 0.19988540 -0.97444130 / 38 87 0 255 / 0.86930850 0.99867250
				-15.63644000 21.69777000 -15.17412000 / -0.89475420 -0.44651870 -0.00600830 / 169 168 0 255 / 0.66314700 0.26676940
				-15.75142000 22.03263000 -15.55450000 / -0.31631980 0.61680920 -0.72075520 / 38 87 0 255 / 0.86930850 0.99867250
				-15.25836000 21.06325000 -15.75713000 / 0.06503960 -0.12893490 -0.98951790 / 69 88 0 255 / 0.73159790 0.99867250
				-15.75142000 22.03263000 -15.55450000 / -0.30870440 0.61130520 -0.72870250 / 38 87 0 255 / 0.86930850 0.99867250
				-15.78934000 21.99835000 -15.56719000 / -0.31631980 0.61680920 -0.72075520 / 37 87 0 255 / 0.93911730 0.77926640
				-15.78934000 21.99835000 -15.56719000 / -0.30870440 0.61130520 -0.72870250 / 37 87 0 255 / 0.93911730 0.77926640
				-15.78934000 21.99835000 -15.56719000 / -0.43017690 0.85177120 -0.29905450 / 37 87 0 255 / 0.93911730 0.77926640
				-15.74542000 22.02053000 -15.56719000 / -0.30870440 0.61130520 -0.72870250 / 36 92 0 255 / 0.93911730 0.99867250
				-15.74542000 22.02053000 -15.56719000 / -0.43017690 0.85177120 -0.29905450 / 36 92 0 255 / 0.93911730 0.99867250
				-15.74542000 22.02053000 -15.56719000 / -0.43765030 0.85260280 -0.28553610 / 36 92 0 255 / 0.93911730 0.99867250
				-15.78655000 21.99239000 -15.58818000 / -0.43017690 0.85177120 -0.29905450 / 35 94 0 255 / 0.86320490 0.77926640
				-15.63644000 21.69777000 -15.17412000 / -0.88015940 -0.47360180 0.03194860 / 169 168 0 255 / 0.66314700 0.26676940
				-15.78655000 21.99239000 -15.58818000 / -0.43765030 0.85260280 -0.28553610 / 35 94 0 255 / 0.86320490 0.77926640
				-15.78655000 21.99239000 -15.58818000 / -0.45520160 0.88675140 0.08039700 / 35 94 0 255 / 0.86320490 0.77926640
				-15.25836000 21.06325000 -15.75713000 / -0.06522960 0.12893330 -0.98950560 / 69 88 0 255 / 0.73159790 0.99867250
				-15.74245000 22.01503000 -15.58818000 / -0.43765030 0.85260280 -0.28553610 / 37 102 0 255 / 0.86320490 0.99867250
				-15.74245000 22.01503000 -15.58818000 / -0.45520160 0.88675140 0.08039700 / 37 102 0 255 / 0.86320490 0.99867250
				-15.74245000 22.01503000 -15.58818000 / -0.45505940 0.88685090 0.08010270 / 37 102 0 255 / 0.86320490 0.99867250
				-15.78778000 21.99450000 -15.61846000 / -0.45520160 0.88675140 0.08039700 / 39 119 0 255 / 0.75585940 0.77926640
				-15.78778000 21.99450000 -15.61846000 / -0.45505940 0.88685090 0.08010270 / 39 119 0 255 / 0.75585940 0.77926640
				-15.78778000 21.99450000 -15.61846000 / -0.43666490 0.85101510 0.29171390 / 39 119 0 255 / 0.75585940 0.77926640
				-16.11595000 22.74895000 -15.32891000 / 0.00000000 0.00000000 -1.00000000 / 85 101 0 255 / 0.93911730 0.99867250
				-15.63644000 21.69777000 -15.17412000 / -0.91049670 -0.41333330 -0.01230270 / 169 168 0 255 / 0.66314700 0.26676940
				-15.74367000 22.01714000 -15.61846000 / -0.45505940 0.88685090 0.08010270 / 40 128 0 255 / 0.75585940 0.99867250
				-15.74367000 22.01714000 -15.61846000 / -0.43666490 0.85101510 0.29171390 / 40 128 0 255 / 0.75585940 0.99867250
				-15.74367000 22.01714000 -15.61846000 / -0.43665280 0.85099140 0.29180120 / 40 128 0 255 / 0.75585940 0.99867250
				-15.30228000 21.04106000 -15.75713000 / 0.06503960 -0.12893490 -0.98951790 / 50 87 0 255 / 0.73159790 0.77926640
				-15.79203000 22.00320000 -15.65020000 / -0.43666490 0.85101510 0.29171390 / 38 130 0 255 / 0.64192200 0.77926640
				-15.79203000 22.00320000 -15.65020000 / -0.43665280 0.85099140 0.29180120 / 38 130 0 255 / 0.64192200 0.77926640
				-15.79203000 22.00320000 -15.65020000 / -0.37219400 0.72531580 0.57912730 / 38 130 0 255 / 0.64192200 0.77926640
				-15.74793000 22.02583000 -15.65020000 / -0.43665280 0.85099140 0.29180120 / 36 117 0 255 / 0.64192200 0.99867250
				-15.74793000 22.02583000 -15.65020000 / -0.37219400 0.72531580 0.57912730 / 36 117 0 255 / 0.64192200 0.99867250
				-15.74793000 22.02583000 -15.65020000 / -0.37212200 0.72555210 0.57887770 / 36 117 0 255 / 0.64192200 0.99867250
				-15.63644000 21.69777000 -15.17412000 / -0.87459280 -0.48483590 0.00467290 / 169 168 0 255 / 0.66314700 0.26676940
				-15.79901000 22.01678000 -15.67169000 / -0.37219400 0.72531580 0.57912730 / 32 130 0 255 / 0.56410220 0.77926640
				-15.79901000 22.01678000 -15.67169000 / -0.37212200 0.72555210 0.57887770 / 32 130 0 255 / 0.56410220 0.77926640
				-15.79901000 22.01678000 -15.67169000 / -0.25292730 0.49307470 0.83240930 / 32 130 0 255 / 0.56410220 0.77926640
				-15.75490000 22.03940000 -15.67169000 / -0.37212200 0.72555210 0.57887770 / 31 133 0 255 / 0.56410220 0.99867250
				-15.30228000 21.04106000 -15.75713000 / -0.06522960 0.12893330 -0.98950560 / 50 87 0 255 / 0.73159790 0.77926640
				-15.75490000 22.03940000 -15.67169000 / -0.25292730 0.49307470 0.83240930 / 31 133 0 255 / 0.56410220 0.99867250
				-15.75490000 22.03940000 -15.67169000 / -0.25290720 0.49303560 0.83243850 / 31 133 0 255 / 0.56410220 0.99867250
				-15.80771000 22.03374000 -15.68438000 / -0.25292730 0.49307470 0.83240930 / 31 153 0 255 / 0.66070550 0.77926640
				-15.80771000 22.03374000 -15.68438000 / -0.25290720 0.49303560 0.83243850 / 31 153 0 255 / 0.66070550 0.77926640
				-15.80771000 22.03374000 -15.68438000 / -0.09289180 0.18101510 0.97908360 / 31 153 0 255 / 0.66070550 0.77926640
				-15.63644000 21.69777000 -15.17412000 / -0.88123040 -0.47265990 0.00505470 / 169 168 0 255 / 0.66314700 0.26676940
				-15.76360000 22.05638000 -15.68438000 / -0.25290720 0.49303560 0.83243850 / 33 147 0 255 / 0.66070550 0.99867250
				-15.76360000 22.05638000 -15.68438000 / -0.09289180 0.18101510 0.97908360 / 33 147 0 255 / 0.66070550 0.99867250
				-15.76360000 22.05638000 -15.68438000 / -0.09307790 0.18424850 0.97846250 / 33 147 0 255 / 0.66070550 0.99867250
				-15.81719000 22.05262000 -15.68877000 / -0.09289180 0.18101510 0.97908360 / 39 163 0 255 / 0.76910400 0.77926640
				-15.81719000 22.05262000 -15.68877000 / -0.09307790 0.18424850 0.97846250 / 39 163 0 255 / 0.76910400 0.77926640
				-15.30228000 21.04106000 -15.75713000 / -0.06637820 0.12932300 -0.98937830 / 50 87 0 255 / 0.73159790 0.77926640
				-15.81719000 22.05262000 -15.68877000 / 0.10137340 -0.20045800 0.97444330 / 39 163 0 255 / 0.76910400 0.77926640
				-15.77327000 22.07481000 -15.68878000 / -0.09307790 0.18424850 0.97846250 / 48 151 0 255 / 0.76910400 0.99867250
				-15.77327000 22.07481000 -15.68878000 / 0.10137340 -0.20045800 0.97444330 / 48 151 0 255 / 0.76910400 0.99867250
				-15.77327000 22.07481000 -15.68878000 / 0.10108780 -0.19683510 0.97521140 / 48 151 0 255 / 0.76910400 0.99867250
				-15.99091000 22.50266000 -15.16973000 / 0.29848290 -0.58189870 0.75650640 / 39 149 0 255 / 0.56410220 0.99867250
				-15.82589000 22.06959000 -15.68438000 / 0.10137340 -0.20045800 0.97444330 / 61 152 0 255 / 0.86808780 0.77926640
				-15.82589000 22.06959000 -15.68438000 / 0.10108780 -0.19683510 0.97521140 / 61 152 0 255 / 0.86808780 0.77926640
				-15.82589000 22.06959000 -15.68438000 / 0.30812590 -0.60042120 0.73793820 / 61 152 0 255 / 0.86808780 0.77926640
				-16.14587000 22.69853000 -15.14727000 / 0.44234260 -0.87572010 -0.19351300 / 10 101 0 255 / 0.93911730 0.99867250
				-16.14587000 22.69853000 -15.14727000 / 0.44882000 -0.87455990 -0.18359080 / 10 101 0 255 / 0.93911730 0.99867250
				-15.78179000 22.09223000 -15.68438000 / 0.10108780 -0.19683510 0.97521140 / 75 139 0 255 / 0.86808780 0.99867250
				-15.28402000 21.11395000 -15.74882000 / -0.06522960 0.12893330 -0.98950560 / 39 87 0 255 / 0.63443000 0.99867250
				-15.78179000 22.09223000 -15.68438000 / 0.30812590 -0.60042120 0.73793820 / 75 139 0 255 / 0.86808780 0.99867250
				-15.78179000 22.09223000 -15.68438000 / 0.30813400 -0.60062770 0.73776690 / 75 139 0 255 / 0.86808780 0.99867250
				-15.83235000 22.08188000 -15.67168000 / 0.30812590 -0.60042120 0.73793820 / 93 145 0 255 / 0.93911730 0.77926640
				-15.99091000 22.50266000 -15.16973000 / 0.29792420 -0.58974490 0.75062780 / 39 149 0 255 / 0.56410220 0.99867250
				-15.83235000 22.08188000 -15.67168000 / 0.30813400 -0.60062770 0.73776690 / 93 145 0 255 / 0.93911730 0.77926640
				-15.78823000 22.10451000 -15.67168000 / 0.30813400 -0.60062770 0.73776690 / 109 141 0 255 / 0.93911730 0.99867250
				-15.68500000 21.79322000 -15.66241000 / 0.44782540 -0.87257280 -0.19511300 / 96 103 0 255 / 0.75373840 0.77926640
				-15.68500000 21.79322000 -15.66241000 / 0.44181620 -0.87485900 -0.19854550 / 96 103 0 255 / 0.75373840 0.77926640
				-15.68500000 21.79322000 -15.66241000 / 0.43449250 -0.86021120 -0.26693250 / 96 103 0 255 / 0.75373840 0.77926640
				-15.69318000 21.80890000 -15.75127000 / 0.44782540 -0.87257280 -0.19511300 / 75 95 0 255 / 0.56410220 0.77926640
				-15.64907000 21.83154000 -15.75127000 / 0.44782540 -0.87257280 -0.19511300 / 86 99 0 255 / 0.56410220 0.99867250
				-15.28402000 21.11395000 -15.74882000 / -0.06637820 0.12932300 -0.98937830 / 39 87 0 255 / 0.63443000 0.99867250
				-15.64907000 21.83154000 -15.75127000 / 0.44181620 -0.87485900 -0.19854550 / 86 99 0 255 / 0.56410220 0.99867250
				-15.64108000 21.81541000 -15.66241000 / 0.44181620 -0.87485900 -0.19854550 / 101 106 0 255 / 0.75373840 0.99867250
				-15.62915000 21.68247000 -15.20000000 / -0.88015940 -0.47360180 0.03194860 / 173 164 0 255 / 0.71054080 0.33876040
				-15.64108000 21.81541000 -15.66241000 / 0.43449250 -0.86021120 -0.26693250 / 101 106 0 255 / 0.75373840 0.99867250
				-15.64108000 21.81541000 -15.66241000 / 0.43449250 -0.86021120 -0.26693250 / 101 106 0 255 / 0.75373840 0.99867250
				-15.67848000 21.77985000 -15.60869000 / 0.43449250 -0.86021120 -0.26693250 / 107 108 0 255 / 0.86796570 0.77926640
				-15.67848000 21.77985000 -15.60869000 / 0.43449250 -0.86021120 -0.26693250 / 107 108 0 255 / 0.86796570 0.77926640
				-15.67848000 21.77985000 -15.60869000 / 0.39101080 -0.77401060 -0.49801420 / 107 108 0 255 / 0.86796570 0.77926640
				-15.63457000 21.80203000 -15.60869000 / 0.43449250 -0.86021120 -0.26693250 / 112 105 0 255 / 0.86796570 0.99867250
				-15.63457000 21.80203000 -15.60869000 / 0.39101080 -0.77401060 -0.49801420 / 112 105 0 255 / 0.86796570 0.99867250
				-15.63457000 21.80203000 -15.60869000 / 0.39756310 -0.77471880 -0.49168520 / 112 105 0 255 / 0.86796570 0.99867250
				-15.28402000 21.11395000 -15.74882000 / -0.23403970 0.45606260 -0.85862230 / 39 87 0 255 / 0.63443000 0.99867250
				-15.66978000 21.76288000 -15.57548000 / 0.39101080 -0.77401060 -0.49801420 / 114 103 0 255 / 0.93911730 0.77926640
				-15.62915000 21.68247000 -15.20000000 / -0.91049670 -0.41333330 -0.01230270 / 173 164 0 255 / 0.71054080 0.33876040
				-15.66978000 21.76288000 -15.57548000 / 0.39756310 -0.77471880 -0.49168520 / 114 103 0 255 / 0.93911730 0.77926640
				-16.14838000 22.70385000 -15.17706000 / 0.44234260 -0.87572010 -0.19351300 / 10 97 0 255 / 0.93911730 0.77926640
				-15.62567000 21.78552000 -15.57548000 / 0.39756310 -0.77471880 -0.49168520 / 105 101 0 255 / 0.93911730 0.99867250
				-15.66236000 21.74911000 -15.56280000 / 0.28773120 -0.56058460 -0.77650220 / 85 95 0 255 / 0.63674920 0.77926640
				-15.66236000 21.74911000 -15.56280000 / 0.28084500 -0.55577740 -0.78245600 / 85 95 0 255 / 0.63674920 0.77926640
				-15.66236000 21.74911000 -15.56280000 / 0.09231610 -0.18253410 -0.97885600 / 85 95 0 255 / 0.63674920 0.77926640
				-15.66978000 21.76288000 -15.57548000 / 0.28773120 -0.56058460 -0.77650220 / 114 103 0 255 / 0.56410220 0.77926640
				-15.62567000 21.78552000 -15.57548000 / 0.28773120 -0.56058460 -0.77650220 / 105 101 0 255 / 0.56410220 0.99867250
				-15.62567000 21.78552000 -15.57548000 / 0.28084500 -0.55577740 -0.78245600 / 105 101 0 255 / 0.56410220 0.99867250
				-15.32813000 21.09131000 -15.74882000 / -0.06637820 0.12932300 -0.98937830 / 35 97 0 255 / 0.63443000 0.77926640
				-15.63321000 21.69163000 -15.20683000 / -0.91049670 -0.41333330 -0.01230270 / 171 165 0 255 / 0.68269350 0.35734560
				-15.61845000 21.77130000 -15.56280000 / 0.28084500 -0.55577740 -0.78245600 / 60 89 0 255 / 0.63674920 0.99867250
				-15.61845000 21.77130000 -15.56280000 / 0.09231610 -0.18253410 -0.97885600 / 60 89 0 255 / 0.63674920 0.99867250
				-15.61845000 21.77130000 -15.56280000 / 0.09222160 -0.18253570 -0.97886460 / 60 89 0 255 / 0.63674920 0.99867250
				-15.65411000 21.73235000 -15.55889000 / 0.09231610 -0.18253410 -0.97885600 / 41 84 0 255 / 0.72238160 0.77926640
				-15.65411000 21.73235000 -15.55889000 / 0.09222160 -0.18253570 -0.97886460 / 41 84 0 255 / 0.72238160 0.77926640
				-15.65411000 21.73235000 -15.55889000 / -0.06856730 0.13579950 -0.98836080 / 41 84 0 255 / 0.72238160 0.77926640
				-15.61019000 21.75453000 -15.55889000 / 0.09222160 -0.18253570 -0.97886460 / 29 84 0 255 / 0.72238160 0.99867250
				-15.61019000 21.75453000 -15.55889000 / -0.06856730 0.13579950 -0.98836080 / 29 84 0 255 / 0.72238160 0.99867250
				-15.61019000 21.75453000 -15.55889000 / -0.06856730 0.13579950 -0.98836080 / 29 84 0 255 / 0.72238160 0.99867250
				-15.64392000 21.71264000 -15.56230000 / -0.06856730 0.13579950 -0.98836080 / 25 86 0 255 / 0.82383730 0.77926640
				-15.63321000 21.69163000 -15.20683000 / -0.87459280 -0.48483590 0.00467290 / 171 165 0 255 / 0.68269350 0.35734560
				-15.32813000 21.09131000 -15.74882000 / -0.23403970 0.45606260 -0.85862230 / 35 97 0 255 / 0.63443000 0.77926640
				-15.64392000 21.71264000 -15.56230000 / -0.06856730 0.13579950 -0.98836080 / 25 86 0 255 / 0.82383730 0.77926640
				-15.64392000 21.71264000 -15.56230000 / -0.12550530 0.24853100 -0.96045870 / 25 86 0 255 / 0.82383730 0.77926640
				-15.60001000 21.73482000 -15.56230000 / -0.06856730 0.13579950 -0.98836080 / 24 84 0 255 / 0.82383730 0.99867250
				-15.60001000 21.73482000 -15.56230000 / -0.12550530 0.24853100 -0.96045870 / 24 84 0 255 / 0.82383730 0.99867250
				-15.60001000 21.73482000 -15.56230000 / -0.12865140 0.25062700 -0.95949720 / 24 84 0 255 / 0.82383730 0.99867250
				-15.63289000 21.68990000 -15.56963000 / -0.12550530 0.24853100 -0.96045870 / 23 84 0 255 / 0.93911730 0.77926640
				-15.63289000 21.68990000 -15.56963000 / -0.12865140 0.25062700 -0.95949720 / 23 84 0 255 / 0.93911730 0.77926640
				-16.10447000 22.72603000 -15.17706000 / 0.44234260 -0.87572010 -0.19351300 / 10 101 0 255 / 0.56410220 0.77926640
				-16.10447000 22.72603000 -15.17706000 / 0.44882000 -0.87455990 -0.18359080 / 10 101 0 255 / 0.56410220 0.77926640
				-15.63714000 21.69861000 -15.21807000 / -0.87459280 -0.48483590 0.00467290 / 149 163 0 255 / 0.66067500 0.38963320
				-15.58878000 21.71253000 -15.56963000 / -0.12865140 0.25062700 -0.95949720 / 23 80 0 255 / 0.93911730 0.99867250
				-15.32813000 21.09131000 -15.74882000 / -0.23402050 0.45602530 -0.85864730 / 35 97 0 255 / 0.63443000 0.77926640
				-15.63296000 21.69098000 -15.48174000 / 0.10910300 -0.21248380 0.97105470 / 63 164 0 255 / 0.64779670 0.77926640
				-15.63296000 21.69098000 -15.48174000 / 0.10929310 -0.21629740 0.97019080 / 63 164 0 255 / 0.64779670 0.77926640
				-15.63296000 21.69098000 -15.48174000 / 0.03337870 -0.06599450 0.99726150 / 63 164 0 255 / 0.64779670 0.77926640
				-15.62322000 21.67145000 -15.48711000 / 0.10910300 -0.21248380 0.97105470 / 78 185 0 255 / 0.56410220 0.77926640
				-15.57911000 21.69409000 -15.48711000 / 0.10910300 -0.21248380 0.97105470 / 72 167 0 255 / 0.56410220 0.99867250
				-15.57911000 21.69409000 -15.48711000 / 0.10929310 -0.21629740 0.97019080 / 72 167 0 255 / 0.56410220 0.99867250
				-15.58904000 21.71316000 -15.48174000 / 0.10929310 -0.21629740 0.97019080 / 49 149 0 255 / 0.64779670 0.99867250
				-15.58904000 21.71316000 -15.48174000 / 0.03337870 -0.06599450 0.99726150 / 49 149 0 255 / 0.64779670 0.99867250
				-15.63714000 21.69861000 -15.21807000 / -0.88123040 -0.47265990 0.00505470 / 149 163 0 255 / 0.66067500 0.38963320
				-15.58904000 21.71316000 -15.48174000 / 0.03337870 -0.06599450 0.99726150 / 49 149 0 255 / 0.64779670 0.99867250
				-15.64192000 21.70859000 -15.48027000 / 0.03337870 -0.06599450 0.99726150 / 35 155 0 255 / 0.72338870 0.77926640
				-15.30247000 21.15044000 -15.72441000 / -0.23403970 0.45606260 -0.85862230 / 33 104 0 255 / 0.56410220 0.99867250
				-15.64192000 21.70859000 -15.48027000 / 0.03337870 -0.06599450 0.99726150 / 35 155 0 255 / 0.72338870 0.77926640
				-15.64192000 21.70859000 -15.48027000 / -0.06399400 0.12684350 0.98985630 / 35 155 0 255 / 0.72338870 0.77926640
				-15.59800000 21.73077000 -15.48027000 / 0.03337870 -0.06599450 0.99726150 / 27 153 0 255 / 0.72338870 0.99867250
				-15.59800000 21.73077000 -15.48027000 / -0.06399400 0.12684350 0.98985630 / 27 153 0 255 / 0.72338870 0.99867250
				-15.59800000 21.73077000 -15.48027000 / -0.06399400 0.12684350 0.98985630 / 27 153 0 255 / 0.72338870 0.99867250
				-15.65114000 21.72684000 -15.48321000 / -0.06399400 0.12684350 0.98985630 / 24 158 0 255 / 0.80213930 0.77926640
				-15.65114000 21.72684000 -15.48321000 / -0.06399400 0.12684350 0.98985630 / 24 158 0 255 / 0.80213930 0.77926640
				-15.63714000 21.69861000 -15.21807000 / -0.87804150 -0.47855030 0.00572200 / 149 163 0 255 / 0.66067500 0.38963320
				-15.65114000 21.72684000 -15.48321000 / -0.17890720 0.35419040 0.91790060 / 24 158 0 255 / 0.80213930 0.77926640
				-15.60722000 21.74902000 -15.48321000 / -0.06399400 0.12684350 0.98985630 / 22 152 0 255 / 0.80213930 0.99867250
				-15.60722000 21.74902000 -15.48321000 / -0.17890720 0.35419040 0.91790060 / 22 152 0 255 / 0.80213930 0.99867250
				-15.30247000 21.15044000 -15.72441000 / -0.23402050 0.45602530 -0.85864730 / 33 104 0 255 / 0.56410220 0.99867250
				-15.60722000 21.74902000 -15.48321000 / -0.17852930 0.34809390 0.92030330 / 22 152 0 255 / 0.80213930 0.99867250
				-15.65978000 21.74272000 -15.49102000 / -0.17890720 0.35419040 0.91790060 / 21 149 0 255 / 0.87165830 0.77926640
				-15.65978000 21.74272000 -15.49102000 / -0.17852930 0.34809390 0.92030330 / 21 149 0 255 / 0.87165830 0.77926640
				-15.65978000 21.74272000 -15.49102000 / -0.29164700 0.56860680 0.76917370 / 21 149 0 255 / 0.87165830 0.77926640
				-16.10177000 22.72116000 -15.14727000 / 0.44882000 -0.87455990 -0.18359080 / 10 105 0 255 / 0.56410220 0.99867250
				-15.61567000 21.76534000 -15.49102000 / -0.17852930 0.34809390 0.92030330 / 21 143 0 255 / 0.87165830 0.99867250
				-15.63714000 21.69861000 -15.21807000 / -0.89656690 -0.44289510 -0.00343330 / 149 163 0 255 / 0.66067500 0.38963320
				-15.61567000 21.76534000 -15.49102000 / -0.29164700 0.56860680 0.76917370 / 21 143 0 255 / 0.87165830 0.99867250
				-15.61567000 21.76534000 -15.49102000 / -0.29105410 0.57638630 0.76358780 / 21 143 0 255 / 0.87165830 0.99867250
				-15.66732000 21.75865000 -15.50566000 / -0.29164700 0.56860680 0.76917370 / 21 132 0 255 / 0.93911730 0.77926640
				-15.66732000 21.75865000 -15.50566000 / -0.29105410 0.57638630 0.76358780 / 21 132 0 255 / 0.93911730 0.77926640
				-15.30247000 21.15044000 -15.72441000 / -0.39311560 0.76620360 -0.50832280 / 33 104 0 255 / 0.56410220 0.99867250
				-15.62341000 21.78084000 -15.50566000 / -0.29105410 0.57638630 0.76358780 / 21 116 0 255 / 0.93911730 0.99867250
				-15.71563000 21.85347000 -15.48613000 / 0.00000000 0.00000000 1.00000000 / 22 144 0 255 / 0.93911730 0.77926640
				-15.71563000 21.85347000 -15.48613000 / 0.00000000 0.00000000 1.00000000 / 22 144 0 255 / 0.93911730 0.77926640
				-15.71563000 21.85347000 -15.48613000 / -0.44199600 0.87502800 0.19739630 / 22 144 0 255 / 0.93911730 0.77926640
				-15.67204000 21.76756000 -15.48613000 / 0.00000000 0.00000000 1.00000000 / 21 158 0 255 / 0.56410220 0.77926640
				-15.63714000 21.69861000 -15.21807000 / -0.89237700 -0.45129080 0.00028610 / 149 163 0 255 / 0.66067500 0.38963320
				-15.62812000 21.78974000 -15.48613000 / 0.00000000 0.00000000 1.00000000 / 21 156 0 255 / 0.56410220 0.99867250
				-15.62812000 21.78974000 -15.48613000 / 0.00000000 0.00000000 1.00000000 / 21 156 0 255 / 0.56410220 0.99867250
				-15.67171000 21.87565000 -15.48613000 / 0.00000000 0.00000000 1.00000000 / 22 127 0 255 / 0.93911730 0.99867250
				-15.67171000 21.87565000 -15.48613000 / -0.44199600 0.87502800 0.19739630 / 22 127 0 255 / 0.93911730 0.99867250
				-15.67171000 21.87565000 -15.48613000 / -0.44744130 0.87199560 0.19854490 / 22 127 0 255 / 0.93911730 0.99867250
				-16.09983000 22.60839000 -15.33037000 / -0.03452310 0.06828320 -0.99706850 / 24 99 0 255 / 0.65489190 0.77926640
				-15.74000000 21.90097000 -15.75127000 / -0.44199600 0.87502800 0.19739630 / 23 112 0 255 / 0.56410220 0.77926640
				-15.74000000 21.90097000 -15.75127000 / -0.44744130 0.87199560 0.19854490 / 23 112 0 255 / 0.56410220 0.77926640
				-15.69589000 21.92360000 -15.75127000 / -0.44744130 0.87199560 0.19854490 / 23 106 0 255 / 0.56410220 0.99867250
				-15.48645000 21.51144000 -15.72930000 / 0.29793640 -0.58957830 -0.75075390 / 73 88 0 255 / 0.90422060 0.99867250
				-15.63714000 21.69861000 -15.21807000 / -0.89425840 -0.44612780 -0.03566730 / 149 163 0 255 / 0.66067500 0.38963320
				-15.48645000 21.51144000 -15.72930000 / 0.29782810 -0.58955280 -0.75081680 / 73 88 0 255 / 0.90422060 0.99867250
				-15.48645000 21.51144000 -15.72930000 / 0.20083690 -0.39766860 -0.89527890 / 73 88 0 255 / 0.90422060 0.99867250
				-16.17527000 22.75666000 -15.14727000 / 0.00000000 0.00000000 1.00000000 / 17 172 0 255 / 0.93911730 0.77926640
				-16.17527000 22.75666000 -15.14727000 / 0.00000000 0.00000000 1.00000000 / 17 172 0 255 / 0.93911730 0.77926640
				-15.47625000 21.49172000 -15.70976000 / 0.29793640 -0.58957830 -0.75075390 / 59 79 0 255 / 0.93911730 0.99867250
				-15.52017000 21.46953000 -15.70976000 / 0.29793640 -0.58957830 -0.75075390 / 68 84 0 255 / 0.93911730 0.77926640
				-16.09983000 22.60839000 -15.33037000 / -0.13561900 0.26837670 -0.95371980 / 24 99 0 255 / 0.65489190 0.77926640
				-15.52017000 21.46953000 -15.70976000 / 0.29782810 -0.58955280 -0.75081680 / 68 84 0 255 / 0.93911730 0.77926640
				-15.53036000 21.48926000 -15.72930000 / 0.29782810 -0.58955280 -0.75081680 / 78 93 0 255 / 0.90422060 0.77926640
				-15.53036000 21.48926000 -15.72930000 / 0.20083690 -0.39766860 -0.89527890 / 78 93 0 255 / 0.90422060 0.77926640
				-15.63714000 21.69861000 -15.21807000 / -0.89091060 -0.45146340 0.04959040 / 149 163 0 255 / 0.66067500 0.38963320
				-15.53036000 21.48926000 -15.72930000 / 0.20512800 -0.39976590 -0.89336990 / 78 93 0 255 / 0.90422060 0.77926640
				-15.49966000 21.53776000 -15.74395000 / 0.20083690 -0.39766860 -0.89527890 / 77 92 0 255 / 0.85792540 0.99867250
				-15.49966000 21.53776000 -15.74395000 / 0.20512800 -0.39976590 -0.89336990 / 77 92 0 255 / 0.85792540 0.99867250
				-15.49966000 21.53776000 -15.74395000 / 0.11501480 -0.22430750 -0.96770750 / 77 92 0 255 / 0.85792540 0.99867250
				-15.54377000 21.51512000 -15.74394000 / 0.20512800 -0.39976590 -0.89336990 / 73 89 0 255 / 0.85792540 0.77926640
				-15.54377000 21.51512000 -15.74394000 / 0.11501480 -0.22430750 -0.96770750 / 73 89 0 255 / 0.85792540 0.77926640
				-15.54377000 21.51512000 -15.74394000 / 0.11510890 -0.22430500 -0.96769680 / 73 89 0 255 / 0.85792540 0.77926640
				-16.09983000 22.60839000 -15.33037000 / -0.13904550 0.27084310 -0.95252850 / 24 99 0 255 / 0.65489190 0.77926640
				-15.51682000 21.57105000 -15.75371000 / 0.11501480 -0.22430750 -0.96770750 / 64 90 0 255 / 0.79830940 0.99867250
				-15.51682000 21.57105000 -15.75371000 / 0.11510890 -0.22430500 -0.96769680 / 64 90 0 255 / 0.79830940 0.99867250
				-15.63714000 21.69861000 -15.21807000 / -0.89159110 -0.45280510 -0.00572210 / 149 163 0 255 / 0.66067500 0.38963320
				-15.51682000 21.57105000 -15.75371000 / 0.03337770 -0.06503870 -0.99732430 / 64 90 0 255 / 0.79830940 0.99867250
				-15.56092000 21.54841000 -15.75371000 / 0.11510890 -0.22430500 -0.96769680 / 55 93 0 255 / 0.79830940 0.77926640
				-15.56092000 21.54841000 -15.75371000 / 0.03337770 -0.06503870 -0.99732430 / 55 93 0 255 / 0.79830940 0.77926640
				-15.56092000 21.54841000 -15.75371000 / 0.03261600 -0.06485050 -0.99736190 / 55 93 0 255 / 0.79830940 0.77926640
				-15.53777000 21.61285000 -15.75714000 / 0.03337770 -0.06503870 -0.99732430 / 47 97 0 255 / 0.72341920 0.99867250
				-15.53777000 21.61285000 -15.75714000 / 0.03261600 -0.06485050 -0.99736190 / 47 97 0 255 / 0.72341920 0.99867250
				-15.53777000 21.61285000 -15.75714000 / -0.03919670 0.07743980 -0.99622620 / 47 97 0 255 / 0.72341920 0.99867250
				-15.58170000 21.59067000 -15.75713000 / 0.03261600 -0.06485050 -0.99736190 / 42 96 0 255 / 0.72341920 0.77926640
				-15.34658000 21.12781000 -15.72441000 / -0.23402050 0.45602530 -0.85864730 / 32 106 0 255 / 0.56410220 0.77926640
				-15.58170000 21.59067000 -15.75713000 / -0.03919670 0.07743980 -0.99622620 / 42 96 0 255 / 0.72341920 0.77926640
				-15.63966000 21.70392000 -15.16045000 / -0.88123040 -0.47265990 0.00505470 / 166 167 0 255 / 0.64492800 0.22958370
				-15.58170000 21.59067000 -15.75713000 / -0.03919670 0.07743980 -0.99622620 / 42 96 0 255 / 0.72341920 0.77926640
				-15.56589000 21.66778000 -15.75176000 / -0.03919670 0.07743980 -0.99622620 / 37 96 0 255 / 0.62532040 0.99867250
				-15.56589000 21.66778000 -15.75176000 / -0.03919670 0.07743980 -0.99622620 / 37 96 0 255 / 0.62532040 0.99867250
				-15.56589000 21.66778000 -15.75176000 / -0.16842640 0.33322870 -0.92768050 / 37 96 0 255 / 0.62532040 0.99867250
				-16.14587000 22.69853000 -15.14727000 / 0.00000000 0.00000000 1.00000000 / 18 185 0 255 / 0.56410220 0.77926640
				-15.60981000 21.64560000 -15.75175000 / -0.03919670 0.07743980 -0.99622620 / 33 92 0 255 / 0.62532040 0.77926640
				-15.60981000 21.64560000 -15.75175000 / -0.16842640 0.33322870 -0.92768050 / 33 92 0 255 / 0.62532040 0.77926640
				-15.60981000 21.64560000 -15.75175000 / -0.16842640 0.33322870 -0.92768050 / 33 92 0 255 / 0.62532040 0.77926640
				-15.58356000 21.70235000 -15.73613000 / -0.16842640 0.33322870 -0.92768050 / 31 97 0 255 / 0.56410220 0.99867250
				-15.34658000 21.12781000 -15.72441000 / -0.39311560 0.76620360 -0.50832280 / 32 106 0 255 / 0.56410220 0.77926640
				-15.63966000 21.70392000 -15.16045000 / -0.87804150 -0.47855030 0.00572200 / 166 167 0 255 / 0.64492800 0.22958370
				-15.58356000 21.70235000 -15.73613000 / -0.16842640 0.33322870 -0.92768050 / 31 97 0 255 / 0.56410220 0.99867250
				-15.58356000 21.70235000 -15.73613000 / -0.40396690 0.79973240 -0.44411570 / 31 97 0 255 / 0.56410220 0.99867250
				-15.62747000 21.68017000 -15.73613000 / -0.16842640 0.33322870 -0.92768050 / 28 98 0 255 / 0.56410220 0.77926640
				-15.62747000 21.68017000 -15.73613000 / -0.40396690 0.79973240 -0.44411570 / 28 98 0 255 / 0.56410220 0.77926640
				-15.62747000 21.68017000 -15.73613000 / -0.40387000 0.79972930 -0.44420930 / 28 98 0 255 / 0.56410220 0.77926640
				-15.59052000 21.71591000 -15.70537000 / -0.40396690 0.79973240 -0.44411570 / 26 104 0 255 / 0.72822570 0.99867250
				-15.59052000 21.71591000 -15.70537000 / -0.40387000 0.79972930 -0.44420930 / 26 104 0 255 / 0.72822570 0.99867250
				-15.59052000 21.71591000 -15.70537000 / -0.44994370 0.89092280 -0.06170270 / 26 104 0 255 / 0.72822570 0.99867250
				-15.63444000 21.69373000 -15.70537000 / -0.40387000 0.79972930 -0.44420930 / 24 111 0 255 / 0.72822570 0.77926640
				-15.63444000 21.69373000 -15.70537000 / -0.44994370 0.89092280 -0.06170270 / 24 111 0 255 / 0.72822570 0.77926640
				-15.64411000 21.71218000 -15.15117000 / -0.87804150 -0.47855030 0.00572200 / 162 167 0 255 / 0.61820980 0.20288090
				-15.34658000 21.12781000 -15.72441000 / -0.39349530 0.76620010 -0.50803430 / 32 106 0 255 / 0.56410220 0.77926640
				-15.63444000 21.69373000 -15.70537000 / -0.45010370 0.89086200 -0.06141250 / 24 111 0 255 / 0.72822570 0.77926640
				-15.59175000 21.71803000 -15.66582000 / -0.44994370 0.89092280 -0.06170270 / 23 118 0 255 / 0.93911730 0.99867250
				-15.59175000 21.71803000 -15.66582000 / -0.45010370 0.89086200 -0.06141250 / 23 118 0 255 / 0.93911730 0.99867250
				-15.63566000 21.69584000 -15.66582000 / -0.45010370 0.89086200 -0.06141250 / 23 126 0 255 / 0.93911730 0.77926640
				-15.51366000 21.45616000 -15.68779000 / 0.37346350 -0.73910680 -0.56057670 / 52 78 0 255 / 0.64418030 0.77926640
				-15.51366000 21.45616000 -15.68779000 / 0.38052650 -0.74159750 -0.55247870 / 52 78 0 255 / 0.64418030 0.77926640
				-15.51366000 21.45616000 -15.68779000 / 0.42912780 -0.83651320 -0.34072750 / 52 78 0 255 / 0.64418030 0.77926640
				-15.52017000 21.46953000 -15.70976000 / 0.37346350 -0.73910680 -0.56057670 / 68 84 0 255 / 0.56410220 0.77926640
				-15.47625000 21.49172000 -15.70976000 / 0.37346350 -0.73910680 -0.56057670 / 59 79 0 255 / 0.56410220 0.99867250
				-15.64411000 21.71218000 -15.15117000 / -0.89656690 -0.44289510 -0.00343330 / 162 167 0 255 / 0.61820980 0.20288090
				-15.47625000 21.49172000 -15.70976000 / 0.38052650 -0.74159750 -0.55247870 / 59 79 0 255 / 0.56410220 0.99867250
				-15.31491000 21.17483000 -15.67802000 / -0.39311560 0.76620360 -0.50832280 / 31 97 0 255 / 0.64886480 0.99867250
				-16.10177000 22.72116000 -15.14727000 / 0.00000000 0.00000000 1.00000000 / 18 179 0 255 / 0.56410220 0.99867250
				-16.10177000 22.72116000 -15.14727000 / 0.00000000 0.00000000 1.00000000 / 18 179 0 255 / 0.56410220 0.99867250
				-15.46955000 21.47879000 -15.68779000 / 0.38052650 -0.74159750 -0.55247870 / 42 77 0 255 / 0.64418030 0.99867250
				-15.46955000 21.47879000 -15.68779000 / 0.42912780 -0.83651320 -0.34072750 / 42 77 0 255 / 0.64418030 0.99867250
				-15.46955000 21.47879000 -15.68779000 / 0.42932520 -0.83652610 -0.34044670 / 42 77 0 255 / 0.64418030 0.99867250
				-15.50992000 21.44873000 -15.66484000 / 0.42912780 -0.83651320 -0.34072750 / 38 87 0 255 / 0.72654730 0.77926640
				-15.50992000 21.44873000 -15.66484000 / 0.42932520 -0.83652610 -0.34044670 / 38 87 0 255 / 0.72654730 0.77926640
				-15.50992000 21.44873000 -15.66484000 / 0.45642330 -0.88919580 -0.03175700 / 38 87 0 255 / 0.72654730 0.77926640
				-15.65011000 21.72428000 -15.14531000 / -0.89656690 -0.44289510 -0.00343330 / 152 168 0 255 / 0.57989500 0.18679810
				-15.46581000 21.47137000 -15.66484000 / 0.42932520 -0.83652610 -0.34044670 / 35 88 0 255 / 0.72654730 0.99867250
				-15.46581000 21.47137000 -15.66484000 / 0.45642330 -0.88919580 -0.03175700 / 35 88 0 255 / 0.72654730 0.99867250
				-15.31491000 21.17483000 -15.67802000 / -0.39349530 0.76620010 -0.50803430 / 31 97 0 255 / 0.64886480 0.99867250
				-15.46581000 21.47137000 -15.66484000 / 0.45634510 -0.88922910 -0.03194890 / 35 88 0 255 / 0.72654730 0.99867250
				-15.50966000 21.44810000 -15.64336000 / 0.45642330 -0.88919580 -0.03175700 / 37 96 0 255 / 0.80572510 0.77926640
				-15.50966000 21.44810000 -15.64336000 / 0.45634510 -0.88922910 -0.03194890 / 37 96 0 255 / 0.80572510 0.77926640
				-15.50966000 21.44810000 -15.64336000 / 0.43812900 -0.85375090 0.28134100 / 37 96 0 255 / 0.80572510 0.77926640
				-15.46555000 21.47073000 -15.64336000 / 0.45634510 -0.88922910 -0.03194890 / 39 98 0 255 / 0.80572510 0.99867250
				-15.46555000 21.47073000 -15.64336000 / 0.43812900 -0.85375090 0.28134100 / 39 98 0 255 / 0.80572510 0.99867250
				-15.46555000 21.47073000 -15.64336000 / 0.43449730 -0.86003010 0.26750770 / 39 98 0 255 / 0.80572510 0.99867250
				-15.65011000 21.72428000 -15.14531000 / -0.89237700 -0.45129080 0.00028610 / 152 168 0 255 / 0.57989500 0.18679810
				-15.51217000 21.45340000 -15.62334000 / 0.43812900 -0.85375090 0.28134100 / 43 112 0 255 / 0.87809750 0.77926640
				-15.51217000 21.45340000 -15.62334000 / 0.43449730 -0.86003010 0.26750770 / 43 112 0 255 / 0.87809750 0.77926640
				-15.51217000 21.45340000 -15.62334000 / 0.35688390 -0.70632850 0.61133770 / 43 112 0 255 / 0.87809750 0.77926640
				-15.31491000 21.17483000 -15.67802000 / -0.45679130 0.88955100 -0.00638940 / 31 97 0 255 / 0.64886480 0.99867250
				-15.46825000 21.47559000 -15.62334000 / 0.43449730 -0.86003010 0.26750770 / 48 116 0 255 / 0.87809750 0.99867250
				-15.46825000 21.47559000 -15.62334000 / 0.35688390 -0.70632850 0.61133770 / 48 116 0 255 / 0.87809750 0.99867250
				-15.46825000 21.47559000 -15.62334000 / 0.35688390 -0.70632850 0.61133770 / 48 116 0 255 / 0.87809750 0.99867250
				-15.51791000 21.46487000 -15.60674000 / 0.35688390 -0.70632850 0.61133770 / 51 121 0 255 / 0.93911730 0.77926640
				-15.51791000 21.46487000 -15.60674000 / 0.35688390 -0.70632850 0.61133770 / 51 121 0 255 / 0.93911730 0.77926640
				-15.47400000 21.48706000 -15.60674000 / 0.35688390 -0.70632850 0.61133770 / 48 124 0 255 / 0.93911730 0.99867250
				-15.65011000 21.72428000 -15.14531000 / -0.89102410 -0.45395210 -0.00190740 / 152 168 0 255 / 0.57989500 0.18679810
				-15.52662000 21.48184000 -15.59404000 / 0.24985900 -0.49456810 0.83244990 / 38 131 0 255 / 0.61610410 0.77926640
				-15.52662000 21.48184000 -15.59404000 / 0.25013800 -0.48749730 0.83652700 / 38 131 0 255 / 0.61610410 0.77926640
				-15.52662000 21.48184000 -15.59404000 / 0.12912480 -0.25157410 0.95918570 / 38 131 0 255 / 0.61610410 0.77926640
				-16.13116000 22.77929000 -15.14727000 / 0.00000000 0.00000000 1.00000000 / 17 156 0 255 / 0.93911730 0.99867250
				-15.35902000 21.15218000 -15.67802000 / -0.39349530 0.76620010 -0.50803430 / 30 93 0 255 / 0.64886480 0.77926640
				-15.51791000 21.46487000 -15.60674000 / 0.24985900 -0.49456810 0.83244990 / 51 121 0 255 / 0.56410220 0.77926640
				-15.47400000 21.48706000 -15.60674000 / 0.24985900 -0.49456810 0.83244990 / 48 124 0 255 / 0.56410220 0.99867250
				-15.47400000 21.48706000 -15.60674000 / 0.25013800 -0.48749730 0.83652700 / 48 124 0 255 / 0.56410220 0.99867250
				-15.48251000 21.50447000 -15.59404000 / 0.25013800 -0.48749730 0.83652700 / 27 123 0 255 / 0.61610410 0.99867250
				-15.48251000 21.50447000 -15.59404000 / 0.12912480 -0.25157410 0.95918570 / 27 123 0 255 / 0.61610410 0.99867250
				-15.65011000 21.72428000 -15.14531000 / -0.88985360 -0.45622760 -0.00410070 / 152 168 0 255 / 0.57989500 0.18679810
				-15.48251000 21.50447000 -15.59404000 / 0.12912480 -0.25157410 0.95918570 / 27 123 0 255 / 0.61610410 0.99867250
				-15.54029000 21.50834000 -15.58525000 / 0.12912480 -0.25157410 0.95918570 / 22 122 0 255 / 0.69515990 0.77926640
				-15.54029000 21.50834000 -15.58525000 / 0.12912480 -0.25157410 0.95918570 / 22 122 0 255 / 0.69515990 0.77926640
				-15.54029000 21.50834000 -15.58525000 / 0.07123650 -0.13865850 0.98777480 / 22 122 0 255 / 0.69515990 0.77926640
				-15.49618000 21.53098000 -15.58525000 / 0.12912480 -0.25157410 0.95918570 / 21 113 0 255 / 0.69515990 0.99867250
				-15.35902000 21.15218000 -15.67802000 / -0.45679130 0.88955100 -0.00638940 / 30 93 0 255 / 0.64886480 0.77926640
				-15.49618000 21.53098000 -15.58525000 / 0.07123650 -0.13865850 0.98777480 / 21 113 0 255 / 0.69515990 0.99867250
				-15.49618000 21.53098000 -15.58525000 / 0.07123650 -0.13865850 0.98777480 / 21 113 0 255 / 0.69515990 0.99867250
				-15.55996000 21.54694000 -15.57841000 / 0.07123650 -0.13865850 0.98777480 / 22 125 0 255 / 0.81037900 0.77926640
				-15.55996000 21.54694000 -15.57841000 / 0.07123650 -0.13865850 0.98777480 / 22 125 0 255 / 0.81037900 0.77926640
				-15.67029000 21.76416000 -15.20683000 / -0.89237700 -0.45129080 0.00028610 / 142 165 0 255 / 0.45576480 0.35769650
				-15.55996000 21.54694000 -15.57841000 / 0.07333530 -0.14285610 0.98702290 / 22 125 0 255 / 0.81037900 0.77926640
				-15.51585000 21.56958000 -15.57842000 / 0.07123650 -0.13865850 0.98777480 / 24 119 0 255 / 0.81037900 0.99867250
				-15.51585000 21.56958000 -15.57842000 / 0.07333530 -0.14285610 0.98702290 / 24 119 0 255 / 0.81037900 0.99867250
				-15.51585000 21.56958000 -15.57842000 / 0.07323900 -0.14495230 0.98672430 / 24 119 0 255 / 0.81037900 0.99867250
				-15.57195000 21.57114000 -15.57402000 / 0.07333530 -0.14285610 0.98702290 / 27 132 0 255 / 0.88230890 0.77926640
				-15.57195000 21.57114000 -15.57402000 / 0.07323900 -0.14495230 0.98672430 / 27 132 0 255 / 0.88230890 0.77926640
				-15.35902000 21.15218000 -15.67802000 / -0.45076320 0.89256270 -0.01201530 / 30 93 0 255 / 0.64886480 0.77926640
				-15.57195000 21.57114000 -15.57402000 / 0.13990710 -0.27695310 0.95064340 / 27 132 0 255 / 0.88230890 0.77926640
				-15.52804000 21.59333000 -15.57402000 / 0.07323900 -0.14495230 0.98672430 / 32 120 0 255 / 0.88230890 0.99867250
				-15.52804000 21.59333000 -15.57402000 / 0.13990710 -0.27695310 0.95064340 / 32 120 0 255 / 0.88230890 0.99867250
				-15.67029000 21.76416000 -15.20683000 / -0.89425840 -0.44612780 -0.03566730 / 142 165 0 255 / 0.45576480 0.35769650
				-15.52804000 21.59333000 -15.57402000 / 0.13904010 -0.27064170 0.95258650 / 32 120 0 255 / 0.88230890 0.99867250
				-15.57911000 21.58426000 -15.56914000 / 0.13990710 -0.27695310 0.95064340 / 42 122 0 255 / 0.92234800 0.77926640
				-15.57911000 21.58426000 -15.56914000 / 0.13904010 -0.27064170 0.95258650 / 42 122 0 255 / 0.92234800 0.77926640
				-15.57911000 21.58426000 -15.56914000 / 0.31375910 -0.61111510 0.72670050 / 42 122 0 255 / 0.92234800 0.77926640
				-16.19192000 22.78867000 -15.32891000 / -0.44762330 0.87274150 0.19482200 / 17 147 0 255 / 0.93911730 0.77926640
				-16.19192000 22.78867000 -15.32891000 / -0.44769780 0.87269610 0.19485440 / 17 147 0 255 / 0.93911730 0.77926640
				-15.53500000 21.60690000 -15.56915000 / 0.13904010 -0.27064170 0.95258650 / 56 100 0 255 / 0.92234800 0.99867250
				-15.31537000 21.17502000 -15.61943000 / -0.45679130 0.88955100 -0.00638940 / 30 91 0 255 / 0.75651550 0.99867250
				-15.53500000 21.60690000 -15.56915000 / 0.31375910 -0.61111510 0.72670050 / 56 100 0 255 / 0.92234800 0.99867250
				-15.53500000 21.60690000 -15.56915000 / 0.31831650 -0.63033920 0.70805880 / 56 100 0 255 / 0.92234800 0.99867250
				-15.67029000 21.76416000 -15.20683000 / -0.89102410 -0.45395210 -0.00190740 / 142 165 0 255 / 0.45576480 0.35769650
				-15.58144000 21.59003000 -15.56328000 / 0.31375910 -0.61111510 0.72670050 / 79 105 0 255 / 0.93911730 0.77926640
				-15.58144000 21.59003000 -15.56328000 / 0.31831650 -0.63033920 0.70805880 / 79 105 0 255 / 0.93911730 0.77926640
				-15.53751000 21.61221000 -15.56329000 / 0.31831650 -0.63033920 0.70805880 / 95 100 0 255 / 0.93911730 0.99867250
				-15.57737000 21.58088000 -15.53985000 / 0.30918470 -0.61207500 -0.72785230 / 74 92 0 255 / 0.60877990 0.77926640
				-15.57737000 21.58088000 -15.53985000 / 0.30727500 -0.60997230 -0.73042180 / 74 92 0 255 / 0.60877990 0.77926640
				-15.57737000 21.58088000 -15.53985000 / 0.18101570 -0.35936110 -0.91547420 / 74 92 0 255 / 0.60877990 0.77926640
				-15.58040000 21.58747000 -15.54668000 / 0.30918470 -0.61207500 -0.72785230 / 93 99 0 255 / 0.56410220 0.77926640
				-15.53649000 21.60966000 -15.54669000 / 0.30918470 -0.61207500 -0.72785230 / 82 99 0 255 / 0.56410220 0.99867250
				-15.31537000 21.17502000 -15.61943000 / -0.45076320 0.89256270 -0.01201530 / 30 91 0 255 / 0.75651550 0.99867250
				-15.53649000 21.60966000 -15.54669000 / 0.30727500 -0.60997230 -0.73042180 / 82 99 0 255 / 0.56410220 0.99867250
				-15.66932000 21.76269000 -15.21269000 / -0.89425840 -0.44612780 -0.03566730 / 131 159 0 255 / 0.46083070 0.37486270
				-15.53282000 21.60332000 -15.53985000 / 0.30727500 -0.60997230 -0.73042180 / 61 86 0 255 / 0.60877990 0.99867250
				-15.53282000 21.60332000 -15.53985000 / 0.18101570 -0.35936110 -0.91547420 / 61 86 0 255 / 0.60877990 0.99867250
				-15.53282000 21.60332000 -15.53985000 / 0.18214610 -0.36066830 -0.91473570 / 61 86 0 255 / 0.60877990 0.99867250
				-15.57195000 21.57115000 -15.53496000 / 0.18101570 -0.35936110 -0.91547420 / 47 83 0 255 / 0.67724610 0.77926640
				-15.57195000 21.57115000 -15.53496000 / 0.18214610 -0.36066830 -0.91473570 / 47 83 0 255 / 0.67724610 0.77926640
				-15.57195000 21.57115000 -15.53496000 / 0.04224590 -0.08372900 -0.99559260 / 47 83 0 255 / 0.67724610 0.77926640
				-15.52803000 21.59333000 -15.53496000 / 0.18214610 -0.36066830 -0.91473570 / 32 83 0 255 / 0.67724610 0.99867250
				-15.52803000 21.59333000 -15.53496000 / 0.04224590 -0.08372900 -0.99559260 / 32 83 0 255 / 0.67724610 0.99867250
				-15.52803000 21.59333000 -15.53496000 / 0.04358190 -0.08506570 -0.99542170 / 32 83 0 255 / 0.67724610 0.99867250
				-15.31537000 21.17502000 -15.61943000 / -0.41997800 0.83175470 0.36304630 / 30 91 0 255 / 0.75651550 0.99867250
				-15.66932000 21.76269000 -15.21269000 / -0.89091060 -0.45146340 0.04959040 / 131 159 0 255 / 0.46083070 0.37486270
				-15.56519000 21.55713000 -15.53349000 / 0.04224590 -0.08372900 -0.99559260 / 24 83 0 255 / 0.77073670 0.77926640
				-15.56519000 21.55713000 -15.53349000 / 0.04358190 -0.08506570 -0.99542170 / 24 83 0 255 / 0.77073670 0.77926640
				-15.56519000 21.55713000 -15.53349000 / -0.05817620 0.11330050 -0.99185620 / 24 83 0 255 / 0.77073670 0.77926640
				-16.17527000 22.75666000 -15.14727000 / -0.44762330 0.87274150 0.19482200 / 17 172 0 255 / 0.56410220 0.77926640
				-15.52108000 21.57976000 -15.53349000 / 0.04358190 -0.08506570 -0.99542170 / 21 84 0 255 / 0.77073670 0.99867250
				-15.52108000 21.57976000 -15.53349000 / -0.05817620 0.11330050 -0.99185620 / 21 84 0 255 / 0.77073670 0.99867250
				-15.52108000 21.57976000 -15.53349000 / -0.05827000 0.11348810 -0.99182920 / 21 84 0 255 / 0.77073670 0.99867250
				-15.55822000 21.54355000 -15.53545000 / -0.05817620 0.11330050 -0.99185620 / 20 85 0 255 / 0.86515810 0.77926640
				-15.55822000 21.54355000 -15.53545000 / -0.05827000 0.11348810 -0.99182920 / 20 85 0 255 / 0.86515810 0.77926640
				-15.55822000 21.54355000 -15.53545000 / -0.21181220 0.41275250 -0.88587300 / 20 85 0 255 / 0.86515810 0.77926640
				-15.67203000 21.76755000 -15.20195000 / -0.89102410 -0.45395210 -0.00190740 / 154 167 0 255 / 0.44541930 0.34420780
				-15.35928000 21.15284000 -15.61943000 / -0.45076320 0.89256270 -0.01201530 / 30 104 0 255 / 0.75651550 0.77926640
				-15.51411000 21.56619000 -15.53545000 / -0.05827000 0.11348810 -0.99182920 / 20 87 0 255 / 0.86515810 0.99867250
				-15.51411000 21.56619000 -15.53545000 / -0.21181220 0.41275250 -0.88587300 / 20 87 0 255 / 0.86515810 0.99867250
				-15.51411000 21.56619000 -15.53545000 / -0.21181220 0.41275250 -0.88587300 / 20 87 0 255 / 0.86515810 0.99867250
				-15.55274000 21.53274000 -15.54180000 / -0.21181220 0.41275250 -0.88587300 / 20 83 0 255 / 0.93911730 0.77926640
				-15.55274000 21.53274000 -15.54180000 / -0.21181220 0.41275250 -0.88587300 / 20 83 0 255 / 0.93911730 0.77926640
				-15.50864000 21.55537000 -15.54180000 / -0.21181220 0.41275250 -0.88587300 / 19 81 0 255 / 0.93911730 0.99867250
				-15.50670000 21.44260000 -15.53399000 / 0.43858110 -0.86857940 0.23068660 / 75 117 0 255 / 0.77034000 0.77926640
				-15.50670000 21.44260000 -15.53399000 / 0.43858110 -0.86857940 0.23068660 / 75 117 0 255 / 0.77034000 0.77926640
				-15.50670000 21.44260000 -15.53399000 / 0.41559310 -0.82298490 0.38727020 / 75 117 0 255 / 0.77034000 0.77926640
				-15.67203000 21.76755000 -15.20195000 / -0.88985360 -0.45622760 -0.00410070 / 154 167 0 255 / 0.44541930 0.34420780
				-15.50347000 21.43645000 -15.56328000 / 0.43858110 -0.86857940 0.23068660 / 87 119 0 255 / 0.56410220 0.77926640
				-15.35928000 21.15284000 -15.61943000 / -0.41997800 0.83175470 0.36304630 / 30 104 0 255 / 0.75651550 0.77926640
				-15.45955000 21.45863000 -15.56328000 / 0.43858110 -0.86857940 0.23068660 / 80 110 0 255 / 0.56410220 0.99867250
				-15.45955000 21.45863000 -15.56328000 / 0.43858110 -0.86857940 0.23068660 / 80 110 0 255 / 0.56410220 0.99867250
				-15.46278000 21.46478000 -15.53398000 / 0.43858110 -0.86857940 0.23068660 / 69 126 0 255 / 0.77034000 0.99867250
				-15.46278000 21.46478000 -15.53398000 / 0.41559310 -0.82298490 0.38727020 / 69 126 0 255 / 0.77034000 0.99867250
				-15.46278000 21.46478000 -15.53398000 / 0.41881840 -0.81646700 0.39745790 / 69 126 0 255 / 0.77034000 0.99867250
				-15.51140000 21.45149000 -15.51006000 / 0.41559310 -0.82298490 0.38727020 / 71 144 0 255 / 0.93911730 0.77926640
				-15.51140000 21.45149000 -15.51006000 / 0.41881840 -0.81646700 0.39745790 / 71 144 0 255 / 0.93911730 0.77926640
				-16.13116000 22.77929000 -15.14727000 / -0.44762330 0.87274150 0.19482200 / 17 156 0 255 / 0.56410220 0.99867250
				-15.67203000 21.76755000 -15.20195000 / -0.89862490 -0.43867920 0.00581730 / 154 167 0 255 / 0.44541930 0.34420780
				-16.13116000 22.77929000 -15.14727000 / -0.44769780 0.87269610 0.19485440 / 17 156 0 255 / 0.56410220 0.99867250
				-15.46728000 21.47412000 -15.51006000 / 0.41881840 -0.81646700 0.39745790 / 78 148 0 255 / 0.93911730 0.99867250
				-15.35928000 21.15284000 -15.61943000 / -0.42010860 0.83163370 0.36317220 / 30 104 0 255 / 0.75651550 0.77926640
				-15.51765000 21.46423000 -15.49687000 / 0.31070850 -0.60558590 0.73261580 / 81 154 0 255 / 0.58821100 0.77926640
				-15.51765000 21.46423000 -15.49687000 / 0.31070090 -0.60538050 0.73278880 / 81 154 0 255 / 0.58821100 0.77926640
				-15.51765000 21.46423000 -15.49687000 / 0.19980360 -0.38911630 0.89925920 / 81 154 0 255 / 0.58821100 0.77926640
				-15.51140000 21.45149000 -15.51006000 / 0.31070850 -0.60558590 0.73261580 / 71 144 0 255 / 0.56410220 0.77926640
				-15.46728000 21.47412000 -15.51006000 / 0.31070850 -0.60558590 0.73261580 / 78 148 0 255 / 0.56410220 0.99867250
				-15.46728000 21.47412000 -15.51006000 / 0.31070090 -0.60538050 0.73278880 / 78 148 0 255 / 0.56410220 0.99867250
				-15.47355000 21.48686000 -15.49687000 / 0.31070090 -0.60538050 0.73278880 / 79 156 0 255 / 0.58821100 0.99867250
				-15.67203000 21.76755000 -15.20195000 / -0.89853190 -0.43887110 0.00572190 / 154 167 0 255 / 0.44541930 0.34420780
				-15.47355000 21.48686000 -15.49687000 / 0.19980360 -0.38911630 0.89925920 / 79 156 0 255 / 0.58821100 0.99867250
				-15.47355000 21.48686000 -15.49687000 / 0.19978870 -0.38927810 0.89919240 / 79 156 0 255 / 0.58821100 0.99867250
				-15.52636000 21.48119000 -15.48760000 / 0.19980360 -0.38911630 0.89925920 / 72 162 0 255 / 0.61996460 0.77926640
				-15.30543000 21.15595000 -15.56425000 / -0.41997800 0.83175470 0.36304630 / 30 122 0 255 / 0.85755920 0.99867250
				-15.52636000 21.48119000 -15.48760000 / 0.19978870 -0.38927810 0.89919240 / 72 162 0 255 / 0.61996460 0.77926640
				-15.52636000 21.48119000 -15.48760000 / 0.08582881 -0.16727090 0.98216790 / 72 162 0 255 / 0.61996460 0.77926640
				-15.48225000 21.50383000 -15.48760000 / 0.19978870 -0.38927810 0.89919240 / 66 160 0 255 / 0.61996460 0.99867250
				-15.48225000 21.50383000 -15.48760000 / 0.08582881 -0.16727090 0.98216790 / 66 160 0 255 / 0.61996460 0.99867250
				-15.48225000 21.50383000 -15.48760000 / 0.08582881 -0.16727090 0.98216790 / 66 160 0 255 / 0.61996460 0.99867250
				-15.53906000 21.50622000 -15.48223000 / 0.08582881 -0.16727090 0.98216790 / 63 165 0 255 / 0.66659550 0.77926640
				-15.66978000 21.76288000 -15.21904000 / -0.89091060 -0.45146340 0.04959040 / 129 160 0 255 / 0.46029660 0.39208980
				-15.53906000 21.50622000 -15.48223000 / 0.08582881 -0.16727090 0.98216790 / 63 165 0 255 / 0.66659550 0.77926640
				-15.53906000 21.50622000 -15.48223000 / 0.02155320 -0.04196200 0.99888680 / 63 165 0 255 / 0.66659550 0.77926640
				-15.49495000 21.52886000 -15.48223000 / 0.08582881 -0.16727090 0.98216790 / 61 163 0 255 / 0.66659550 0.99867250
				-15.49495000 21.52886000 -15.48223000 / 0.02155320 -0.04196200 0.99888680 / 61 163 0 255 / 0.66659550 0.99867250
				-15.30543000 21.15595000 -15.56425000 / -0.42010860 0.83163370 0.36317220 / 30 122 0 255 / 0.85755920 0.99867250
				-15.49495000 21.52886000 -15.48223000 / 0.02155320 -0.04196200 0.99888680 / 61 163 0 255 / 0.66659550 0.99867250
				-15.55796000 21.54290000 -15.48028000 / 0.02155320 -0.04196200 0.99888680 / 57 168 0 255 / 0.73533630 0.77926640
				-15.55796000 21.54290000 -15.48028000 / 0.02155320 -0.04196200 0.99888680 / 57 168 0 255 / 0.73533630 0.77926640
				-15.55796000 21.54290000 -15.48028000 / -0.02670210 0.05225980 0.99827640 / 57 168 0 255 / 0.73533630 0.77926640
				-16.14780000 22.81130000 -15.32891000 / -0.44769780 0.87269610 0.19485440 / 17 137 0 255 / 0.93911730 0.99867250
				-15.66978000 21.76288000 -15.21904000 / -0.89159110 -0.45280510 -0.00572210 / 129 160 0 255 / 0.46029660 0.39208980
				-15.51385000 21.56553000 -15.48028000 / 0.02155320 -0.04196200 0.99888680 / 51 167 0 255 / 0.73533630 0.99867250
				-15.51385000 21.56553000 -15.48028000 / -0.02670210 0.05225980 0.99827640 / 51 167 0 255 / 0.73533630 0.99867250
				-15.51385000 21.56553000 -15.48028000 / -0.02660850 0.05283560 0.99824870 / 51 167 0 255 / 0.73533630 0.99867250
				-15.57666000 21.58004000 -15.48272000 / -0.02670210 0.05225980 0.99827640 / 44 165 0 255 / 0.80407720 0.77926640
				-15.57666000 21.58004000 -15.48272000 / -0.02660850 0.05283560 0.99824870 / 44 165 0 255 / 0.80407720 0.77926640
				-15.30543000 21.15595000 -15.56425000 / -0.33436480 0.66186310 0.67092310 / 30 122 0 255 / 0.85755920 0.99867250
				-15.57666000 21.58004000 -15.48272000 / -0.09250960 0.18330250 0.97869420 / 44 165 0 255 / 0.80407720 0.77926640
				-15.53274000 21.60222000 -15.48272000 / -0.02660850 0.05283560 0.99824870 / 37 162 0 255 / 0.80407720 0.99867250
				-15.53274000 21.60222000 -15.48272000 / -0.09250960 0.18330250 0.97869420 / 37 162 0 255 / 0.80407720 0.99867250
				-15.53274000 21.60222000 -15.48272000 / -0.09289180 0.18101510 0.97908360 / 37 162 0 255 / 0.80407720 0.99867250
				-15.66978000 21.76288000 -15.21904000 / -0.89220370 -0.45149040 -0.01134930 / 129 160 0 255 / 0.46029660 0.39208980
				-15.59136000 21.60910000 -15.48955000 / -0.09250960 0.18330250 0.97869420 / 30 157 0 255 / 0.85903930 0.77926640
				-15.59136000 21.60910000 -15.48955000 / -0.09289180 0.18101510 0.97908360 / 30 157 0 255 / 0.85903930 0.77926640
				-15.59136000 21.60910000 -15.48955000 / -0.18349330 0.35764040 0.91565470 / 30 157 0 255 / 0.85903930 0.77926640
				-15.54725000 21.63174000 -15.48956000 / -0.09289180 0.18101510 0.97908360 / 25 157 0 255 / 0.85903930 0.99867250
				-15.54725000 21.63174000 -15.48956000 / -0.18349330 0.35764040 0.91565470 / 25 157 0 255 / 0.85903930 0.99867250
				-15.54725000 21.63174000 -15.48956000 / -0.18300570 0.36238750 0.91388420 / 25 157 0 255 / 0.85903930 0.99867250
				-15.34935000 21.13376000 -15.56425000 / -0.42010860 0.83163370 0.36317220 / 31 146 0 255 / 0.85755920 0.77926640
				-15.60355000 21.63286000 -15.50127000 / -0.18349330 0.35764040 0.91565470 / 22 148 0 255 / 0.90310670 0.77926640
				-15.60355000 21.63286000 -15.50127000 / -0.18300570 0.36238750 0.91388420 / 22 148 0 255 / 0.90310670 0.77926640
				-15.60355000 21.63286000 -15.50127000 / -0.27543180 0.54533200 0.79167570 / 22 148 0 255 / 0.90310670 0.77926640
				-16.03483000 22.48047000 -15.16973000 / 0.29792420 -0.58974490 0.75062780 / 34 145 0 255 / 0.56410220 0.77926640
				-15.55963000 21.65504000 -15.50127000 / -0.18300570 0.36238750 0.91388420 / 21 141 0 255 / 0.90310670 0.99867250
				-15.55963000 21.65504000 -15.50127000 / -0.27543180 0.54533200 0.79167570 / 21 141 0 255 / 0.90310670 0.99867250
				-15.55963000 21.65504000 -15.50127000 / -0.27637120 0.53862820 0.79592620 / 21 141 0 255 / 0.90310670 0.99867250
				-15.61348000 21.65194000 -15.51787000 / -0.27543180 0.54533200 0.79167570 / 21 130 0 255 / 0.93911730 0.77926640
				-15.61348000 21.65194000 -15.51787000 / -0.27637120 0.53862820 0.79592620 / 21 130 0 255 / 0.93911730 0.77926640
				-15.61348000 21.65194000 -15.51787000 / -0.36670790 0.71453200 0.59579300 / 21 130 0 255 / 0.93911730 0.77926640
				-15.56937000 21.67457000 -15.51787000 / -0.27637120 0.53862820 0.79592620 / 20 119 0 255 / 0.93911730 0.99867250
				-15.34935000 21.13376000 -15.56425000 / -0.33436480 0.66186310 0.67092310 / 31 146 0 255 / 0.85755920 0.77926640
				-15.56937000 21.67457000 -15.51787000 / -0.36670790 0.71453200 0.59579300 / 20 119 0 255 / 0.93911730 0.99867250
				-15.56937000 21.67457000 -15.51787000 / -0.36670790 0.71453200 0.59579300 / 20 119 0 255 / 0.93911730 0.99867250
				-15.65881000 21.74124000 -15.14336000 / -0.88985360 -0.45622760 -0.00410070 / 157 168 0 255 / 0.52682490 0.18142700
				-15.62026000 21.66596000 -15.53887000 / -0.36670790 0.71453200 0.59579300 / 19 110 0 255 / 0.86409000 0.77926640
				-15.62026000 21.66596000 -15.53887000 / -0.36670790 0.71453200 0.59579300 / 19 110 0 255 / 0.86409000 0.77926640
				-15.62026000 21.66596000 -15.53887000 / -0.42732810 0.83272240 0.35208550 / 19 110 0 255 / 0.86409000 0.77926640
				-16.00014000 22.52091000 -15.30010000 / 0.35563230 -0.69314440 -0.62695810 / 41 104 0 255 / 0.56410220 0.77926640
				-16.00014000 22.52091000 -15.30010000 / 0.35571560 -0.69312090 -0.62693680 / 41 104 0 255 / 0.56410220 0.77926640
				-15.57615000 21.68860000 -15.53887000 / -0.36670790 0.71453200 0.59579300 / 18 103 0 255 / 0.86409000 0.99867250
				-15.57615000 21.68860000 -15.53887000 / -0.42732810 0.83272240 0.35208550 / 18 103 0 255 / 0.86409000 0.99867250
				-15.57615000 21.68860000 -15.53887000 / -0.42380350 0.83902420 0.34121720 / 18 103 0 255 / 0.86409000 0.99867250
				-15.34935000 21.13376000 -15.56425000 / -0.33436480 0.66186310 0.67092310 / 31 146 0 255 / 0.85755920 0.77926640
				-15.62425000 21.67403000 -15.56279000 / -0.42732810 0.83272240 0.35208550 / 18 102 0 255 / 0.77600090 0.77926640
				-15.65881000 21.74124000 -15.14336000 / -0.89862490 -0.43867920 0.00581730 / 157 168 0 255 / 0.52682490 0.18142700
				-15.62425000 21.67403000 -15.56279000 / -0.42380350 0.83902420 0.34121720 / 18 102 0 255 / 0.77600090 0.77926640
				-15.62425000 21.67403000 -15.56279000 / -0.45032310 0.89168170 0.04596690 / 18 102 0 255 / 0.77600090 0.77926640
				-15.58034000 21.69621000 -15.56279000 / -0.42380350 0.83902420 0.34121720 / 18 95 0 255 / 0.77600090 0.99867250
				-15.58034000 21.69621000 -15.56279000 / -0.45032310 0.89168170 0.04596690 / 18 95 0 255 / 0.77600090 0.99867250
				-15.28725000 21.12010000 -15.51982000 / -0.33436480 0.66186310 0.67092310 / 32 157 0 255 / 0.93911730 0.99867250
				-15.28725000 21.12010000 -15.51982000 / -0.33436480 0.66186310 0.67092310 / 32 157 0 255 / 0.93911730 0.99867250
				-15.28725000 21.12010000 -15.51982000 / -0.21657440 0.42876200 0.87707390 / 32 157 0 255 / 0.93911730 0.99867250
				-15.33117000 21.09791000 -15.51982000 / -0.33436480 0.66186310 0.67092310 / 34 160 0 255 / 0.93911730 0.77926640
				-15.33117000 21.09791000 -15.51982000 / -0.21657440 0.42876200 0.87707390 / 34 160 0 255 / 0.93911730 0.77926640
				-15.33117000 21.09791000 -15.51982000 / -0.21648350 0.42877090 0.87709200 / 34 160 0 255 / 0.93911730 0.77926640
				-15.63940000 21.70328000 -15.23515000 / -0.89159110 -0.45280510 -0.00572210 / 129 161 0 255 / 0.64610290 0.43692020
				-15.26281000 21.07150000 -15.49004000 / -0.21657440 0.42876200 0.87707390 / 35 164 0 255 / 0.85087580 0.99867250
				-15.26281000 21.07150000 -15.49004000 / -0.21648350 0.42877090 0.87709200 / 35 164 0 255 / 0.85087580 0.99867250
				-15.26281000 21.07150000 -15.49004000 / -0.06666330 0.13218210 0.98898130 / 35 164 0 255 / 0.85087580 0.99867250
				-16.06617000 22.65139000 -15.32306000 / -0.13561900 0.26837670 -0.95371980 / 23 98 0 255 / 0.60176090 0.99867250
				-16.06617000 22.65139000 -15.32306000 / -0.13904550 0.27084310 -0.95252850 / 23 98 0 255 / 0.60176090 0.99867250
				-16.06617000 22.65139000 -15.32306000 / -0.28686970 0.55905250 -0.77792420 / 23 98 0 255 / 0.60176090 0.99867250
				-15.30672000 21.04931000 -15.49003000 / -0.21648350 0.42877090 0.87709200 / 36 165 0 255 / 0.85087580 0.77926640
				-15.30672000 21.04931000 -15.49003000 / -0.06666330 0.13218210 0.98898130 / 36 165 0 255 / 0.85087580 0.77926640
				-15.30672000 21.04931000 -15.49003000 / -0.06723670 0.13104000 0.98909440 / 36 165 0 255 / 0.85087580 0.77926640
				-15.23276000 21.01362000 -15.48028000 / -0.06666330 0.13218210 0.98898130 / 42 167 0 255 / 0.74560550 0.99867250
				-15.63940000 21.70328000 -15.23515000 / -0.89220370 -0.45149040 -0.01134930 / 129 161 0 255 / 0.64610290 0.43692020
				-15.23276000 21.01362000 -15.48028000 / -0.06723670 0.13104000 0.98909440 / 42 167 0 255 / 0.74560550 0.99867250
				-15.23276000 21.01362000 -15.48028000 / 0.07724730 -0.15029840 0.98561820 / 42 167 0 255 / 0.74560550 0.99867250
				-15.27687000 20.99099000 -15.48028000 / -0.06723670 0.13104000 0.98909440 / 55 171 0 255 / 0.74560550 0.77926640
				-15.27687000 20.99099000 -15.48028000 / 0.07724730 -0.15029840 0.98561820 / 55 171 0 255 / 0.74560550 0.77926640
				-15.27687000 20.99099000 -15.48028000 / 0.07715030 -0.15048600 0.98559720 / 55 171 0 255 / 0.74560550 0.77926640
				-15.20187000 20.95274000 -15.49198000 / 0.07724730 -0.15029840 0.98561820 / 80 169 0 255 / 0.63516240 0.99867250
				-15.20187000 20.95274000 -15.49198000 / 0.07715030 -0.15048600 0.98559720 / 80 169 0 255 / 0.63516240 0.99867250
				-15.20187000 20.95274000 -15.49198000 / 0.28247870 -0.55084310 0.78535190 / 80 169 0 255 / 0.63516240 0.99867250
				-15.24598000 20.93012000 -15.49198000 / 0.07715030 -0.15048600 0.98559720 / 109 166 0 255 / 0.63516240 0.77926640
				-15.24598000 20.93012000 -15.49198000 / 0.28247870 -0.55084310 0.78535190 / 109 166 0 255 / 0.63516240 0.77926640
				-15.63940000 21.70328000 -15.23515000 / -0.89170130 -0.45262180 0.00152590 / 129 161 0 255 / 0.64610290 0.43692020
				-15.24598000 20.93012000 -15.49198000 / 0.28257500 -0.55065410 0.78544980 / 109 166 0 255 / 0.63516240 0.77926640
				-15.18195000 20.91351000 -15.52666000 / 0.28247870 -0.55084310 0.78535190 / 133 155 0 255 / 0.56410220 0.99867250
				-15.18195000 20.91351000 -15.52666000 / 0.28257500 -0.55065410 0.78544980 / 133 155 0 255 / 0.56410220 0.99867250
				-15.22606000 20.89087000 -15.52666000 / 0.28257500 -0.55065410 0.78544980 / 147 144 0 255 / 0.56410220 0.77926640
				-15.22928000 20.89701000 -15.67363000 / 0.33587460 -0.66469220 -0.66736240 / 155 100 0 255 / 0.65126040 0.77926640
				-15.22928000 20.89701000 -15.67363000 / 0.34120490 -0.66486320 -0.66448180 / 155 100 0 255 / 0.65126040 0.77926640
				-15.22928000 20.89701000 -15.67363000 / 0.42592630 -0.82991730 -0.36031120 / 155 100 0 255 / 0.65126040 0.77926640
				-15.24701000 20.93267000 -15.71806000 / 0.33587460 -0.66469220 -0.66736240 / 142 97 0 255 / 0.56410220 0.77926640
				-15.20309000 20.95486000 -15.71806000 / 0.33587460 -0.66469220 -0.66736240 / 151 94 0 255 / 0.56410220 0.99867250
				-15.20309000 20.95486000 -15.71806000 / 0.34120490 -0.66486320 -0.66448180 / 151 94 0 255 / 0.56410220 0.99867250
				-15.66732000 21.75866000 -15.14531000 / -0.89862490 -0.43867920 0.00581730 / 155 164 0 255 / 0.47381590 0.18630980
				-16.11028000 22.62875000 -15.32306000 / -0.13904550 0.27084310 -0.95252850 / 22 93 0 255 / 0.60176090 0.77926640
				-16.11028000 22.62875000 -15.32306000 / -0.28686970 0.55905250 -0.77792420 / 22 93 0 255 / 0.60176090 0.77926640
				-16.11028000 22.62875000 -15.32306000 / -0.28037450 0.55464560 -0.78342740 / 22 93 0 255 / 0.60176090 0.77926640
				-15.18517000 20.91965000 -15.67363000 / 0.34120490 -0.66486320 -0.66448180 / 151 103 0 255 / 0.65126040 0.99867250
				-15.18517000 20.91965000 -15.67363000 / 0.42592630 -0.82991730 -0.36031120 / 151 103 0 255 / 0.65126040 0.99867250
				-15.18517000 20.91965000 -15.67363000 / 0.42600430 -0.82988350 -0.36029650 / 151 103 0 255 / 0.65126040 0.99867250
				-15.21935000 20.87794000 -15.61797000 / 0.42592630 -0.82991730 -0.36031120 / 150 107 0 255 / 0.76002500 0.77926640
				-15.21935000 20.87794000 -15.61797000 / 0.42600430 -0.82988350 -0.36029650 / 150 107 0 255 / 0.76002500 0.77926640
				-15.21935000 20.87794000 -15.61797000 / 0.45630460 -0.88915010 -0.03461620 / 150 107 0 255 / 0.76002500 0.77926640
				-15.17524000 20.90058000 -15.61796000 / 0.42600430 -0.82988350 -0.36029650 / 148 103 0 255 / 0.76002500 0.99867250
				-15.66732000 21.75866000 -15.14531000 / -0.89853190 -0.43887110 0.00572190 / 155 164 0 255 / 0.47381590 0.18630980
				-15.17524000 20.90058000 -15.61796000 / 0.45630460 -0.88915010 -0.03461620 / 148 103 0 255 / 0.76002500 0.99867250
				-15.17524000 20.90058000 -15.61796000 / 0.45034190 -0.89190950 -0.04110490 / 148 103 0 255 / 0.76002500 0.99867250
				-15.21839000 20.87647000 -15.56767000 / 0.45630460 -0.88915010 -0.03461620 / 150 111 0 255 / 0.85800170 0.77926640
				-15.21839000 20.87647000 -15.56767000 / 0.45034190 -0.89190950 -0.04110490 / 150 111 0 255 / 0.85800170 0.77926640
				-15.21839000 20.87647000 -15.56767000 / 0.41885070 -0.82950000 0.36945080 / 150 111 0 255 / 0.85800170 0.77926640
				-15.17446000 20.89865000 -15.56767000 / 0.45034190 -0.89190950 -0.04110490 / 151 125 0 255 / 0.85800170 0.99867250
				-15.17446000 20.89865000 -15.56767000 / 0.41885070 -0.82950000 0.36945080 / 151 125 0 255 / 0.85800170 0.99867250
				-15.17446000 20.89865000 -15.56767000 / 0.42317220 -0.82440850 0.37586690 / 151 125 0 255 / 0.85800170 0.99867250
				-15.22606000 20.89087000 -15.52666000 / 0.41885070 -0.82950000 0.36945080 / 147 144 0 255 / 0.93911730 0.77926640
				-15.22606000 20.89087000 -15.52666000 / 0.42317220 -0.82440850 0.37586690 / 147 144 0 255 / 0.93911730 0.77926640
				-15.66732000 21.75866000 -15.14531000 / -0.89333480 -0.44938550 0.00238430 / 155 164 0 255 / 0.47381590 0.18630980
				-15.18195000 20.91351000 -15.52666000 / 0.42317220 -0.82440850 0.37586690 / 133 155 0 255 / 0.93911730 0.99867250
				-15.26410000 21.07471000 -15.58867000 / 0.36772030 -0.72781150 -0.57885430 / 166 110 0 255 / 0.86172490 0.99867250
				-15.26410000 21.07471000 -15.58867000 / 0.36756580 -0.72769240 -0.57910200 / 166 110 0 255 / 0.86172490 0.99867250
				-15.26410000 21.07471000 -15.58867000 / 0.42857190 -0.84837030 -0.31079570 / 166 110 0 255 / 0.86172490 0.99867250
				-15.25713000 21.06114000 -15.56719000 / 0.36772030 -0.72781150 -0.57885430 / 112 94 0 255 / 0.93911730 0.99867250
				-15.30105000 21.03895000 -15.56718000 / 0.36772030 -0.72781150 -0.57885430 / 141 105 0 255 / 0.93911730 0.77926640
				-15.30105000 21.03895000 -15.56718000 / 0.36756580 -0.72769240 -0.57910200 / 141 105 0 255 / 0.93911730 0.77926640
				-16.07384000 22.66579000 -15.30988000 / -0.28686970 0.55905250 -0.77792420 / 23 90 0 255 / 0.56410220 0.99867250
				-16.07384000 22.66579000 -15.30988000 / -0.28037450 0.55464560 -0.78342740 / 23 90 0 255 / 0.56410220 0.99867250
				-16.07384000 22.66579000 -15.30988000 / -0.38662620 0.76505060 -0.51499300 / 23 90 0 255 / 0.56410220 0.99867250
				-15.67029000 21.76416000 -15.22929000 / -0.89220370 -0.45149040 -0.01134930 / 129 164 0 255 / 0.45571900 0.42001340
				-15.30802000 21.05252000 -15.58867000 / 0.36756580 -0.72769240 -0.57910200 / 174 118 0 255 / 0.86172490 0.77926640
				-15.30802000 21.05252000 -15.58867000 / 0.42857190 -0.84837030 -0.31079570 / 174 118 0 255 / 0.86172490 0.77926640
				-15.30802000 21.05252000 -15.58867000 / 0.42846870 -0.84835460 -0.31098070 / 174 118 0 255 / 0.86172490 0.77926640
				-15.26881000 21.08360000 -15.61943000 / 0.42857190 -0.84837030 -0.31079570 / 175 119 0 255 / 0.75227360 0.99867250
				-15.26881000 21.08360000 -15.61943000 / 0.42846870 -0.84835460 -0.31098070 / 175 119 0 255 / 0.75227360 0.99867250
				-15.26881000 21.08360000 -15.61943000 / 0.44901820 -0.88907130 -0.08907880 / 175 119 0 255 / 0.75227360 0.99867250
				-15.31272000 21.06142000 -15.61943000 / 0.42846870 -0.84835460 -0.31098070 / 174 121 0 255 / 0.75227360 0.77926640
				-15.31272000 21.06142000 -15.61943000 / 0.44901820 -0.88907130 -0.08907880 / 174 121 0 255 / 0.75227360 0.77926640
				-15.31272000 21.06142000 -15.61943000 / 0.45518330 -0.88690650 -0.07877260 / 174 121 0 255 / 0.75227360 0.77926640
				-15.26984000 21.08617000 -15.65019000 / 0.44901820 -0.88907130 -0.08907880 / 171 125 0 255 / 0.64161680 0.99867250
				-15.67029000 21.76416000 -15.22929000 / -0.89170130 -0.45262180 0.00152590 / 129 164 0 255 / 0.45571900 0.42001340
				-15.26984000 21.08617000 -15.65019000 / 0.45518330 -0.88690650 -0.07877260 / 171 125 0 255 / 0.64161680 0.99867250
				-15.26984000 21.08617000 -15.65019000 / 0.43666290 -0.85082030 0.29228470 / 171 125 0 255 / 0.64161680 0.99867250
				-15.31395000 21.06353000 -15.65019000 / 0.45518330 -0.88690650 -0.07877260 / 169 135 0 255 / 0.64161680 0.77926640
				-15.31395000 21.06353000 -15.65019000 / 0.43666290 -0.85082030 0.29228470 / 169 135 0 255 / 0.64161680 0.77926640
				-15.31395000 21.06353000 -15.65019000 / 0.43298090 -0.85699700 0.27943480 / 169 135 0 255 / 0.64161680 0.77926640
				-15.26707000 21.08021000 -15.67168000 / 0.43666290 -0.85082030 0.29228470 / 162 141 0 255 / 0.56410220 0.99867250
				-15.26707000 21.08021000 -15.67168000 / 0.43298090 -0.85699700 0.27943480 / 162 141 0 255 / 0.56410220 0.99867250
				-15.31098000 21.05802000 -15.67167000 / 0.43298090 -0.85699700 0.27943480 / 150 151 0 255 / 0.56410220 0.77926640
				-15.29253000 21.02154000 -15.55449000 / 0.24719570 -0.48924140 -0.83638350 / 88 87 0 255 / 0.66299440 0.77926640
				-15.29253000 21.02154000 -15.55449000 / 0.25310210 -0.49323440 -0.83226170 / 88 87 0 255 / 0.66299440 0.77926640
				-15.67029000 21.76416000 -15.22929000 / -0.89256920 -0.45091010 0.00066760 / 129 164 0 255 / 0.45571900 0.42001340
				-15.29253000 21.02154000 -15.55449000 / 0.09279181 -0.18081530 -0.97913000 / 88 87 0 255 / 0.66299440 0.77926640
				-15.30105000 21.03895000 -15.56718000 / 0.24719570 -0.48924140 -0.83638350 / 141 105 0 255 / 0.56410220 0.77926640
				-15.25713000 21.06114000 -15.56719000 / 0.24719570 -0.48924140 -0.83638350 / 112 94 0 255 / 0.56410220 0.99867250
				-15.25713000 21.06114000 -15.56719000 / 0.25310210 -0.49323440 -0.83226170 / 112 94 0 255 / 0.56410220 0.99867250
				-16.11776000 22.64360000 -15.30987000 / -0.28037450 0.55464560 -0.78342740 / 23 88 0 255 / 0.56410220 0.77926640
				-16.11776000 22.64360000 -15.30987000 / -0.38662620 0.76505060 -0.51499300 / 23 88 0 255 / 0.56410220 0.77926640
				-16.11776000 22.64360000 -15.30987000 / -0.38642600 0.76503190 -0.51517110 / 23 88 0 255 / 0.56410220 0.77926640
				-15.24843000 21.04418000 -15.55449000 / 0.25310210 -0.49323440 -0.83226170 / 71 82 0 255 / 0.66299440 0.99867250
				-15.24843000 21.04418000 -15.55449000 / 0.09279181 -0.18081530 -0.97913000 / 71 82 0 255 / 0.66299440 0.99867250
				-15.24843000 21.04418000 -15.55449000 / 0.08983790 -0.17853140 -0.97982440 / 71 82 0 255 / 0.66299440 0.99867250
				-15.67429000 21.77223000 -15.19853000 / -0.89853190 -0.43887110 0.00572190 / 154 163 0 255 / 0.43057250 0.33547970
				-15.28306000 21.00265000 -15.55010000 / 0.09279181 -0.18081530 -0.97913000 / 59 82 0 255 / 0.77317810 0.77926640
				-15.28306000 21.00265000 -15.55010000 / 0.08983790 -0.17853140 -0.97982440 / 59 82 0 255 / 0.77317810 0.77926640
				-15.28306000 21.00265000 -15.55010000 / -0.10108640 0.20064690 -0.97443430 / 59 82 0 255 / 0.77317810 0.77926640
				-15.23850000 21.02509000 -15.55010000 / 0.08983790 -0.17853140 -0.97982440 / 50 82 0 255 / 0.77317810 0.99867250
				-15.23850000 21.02509000 -15.55010000 / -0.10108640 0.20064690 -0.97443430 / 50 82 0 255 / 0.77317810 0.99867250
				-15.23850000 21.02509000 -15.55010000 / -0.10452490 0.20370910 -0.97343590 / 50 82 0 255 / 0.77317810 0.99867250
				-15.27435000 20.98569000 -15.55449000 / -0.10108640 0.20064690 -0.97443430 / 45 81 0 255 / 0.86930850 0.77926640
				-15.27435000 20.98569000 -15.55449000 / -0.10452490 0.20370910 -0.97343590 / 45 81 0 255 / 0.86930850 0.77926640
				-15.27435000 20.98569000 -15.55449000 / -0.31662070 0.61683820 -0.72059830 / 45 81 0 255 / 0.86930850 0.77926640
				-15.23025000 21.00832000 -15.55450000 / -0.10452490 0.20370910 -0.97343590 / 43 81 0 255 / 0.86930850 0.99867250
				-15.67429000 21.77223000 -15.19853000 / -0.89333480 -0.44938550 0.00238430 / 154 163 0 255 / 0.43057250 0.33547970
				-15.23025000 21.00832000 -15.55450000 / -0.31662070 0.61683820 -0.72059830 / 43 81 0 255 / 0.86930850 0.99867250
				-15.23025000 21.00832000 -15.55450000 / -0.30889840 0.61131170 -0.72861500 / 43 81 0 255 / 0.86930850 0.99867250
				-15.26816000 20.97404000 -15.56719000 / -0.31662070 0.61683820 -0.72059830 / 43 82 0 255 / 0.93911730 0.77926640
				-15.26816000 20.97404000 -15.56719000 / -0.30889840 0.61131170 -0.72861500 / 43 82 0 255 / 0.93911730 0.77926640
				-15.26816000 20.97404000 -15.56719000 / -0.43039360 0.85182270 -0.29859570 / 43 82 0 255 / 0.93911730 0.77926640
				-15.22425000 20.99623000 -15.56719000 / -0.30889840 0.61131170 -0.72861500 / 46 88 0 255 / 0.93911730 0.99867250
				-15.22425000 20.99623000 -15.56719000 / -0.43039360 0.85182270 -0.29859570 / 46 88 0 255 / 0.93911730 0.99867250
				-15.22425000 20.99623000 -15.56719000 / -0.43747230 0.85262750 -0.28573510 / 46 88 0 255 / 0.93911730 0.99867250
				-15.26539000 20.96808000 -15.58819000 / -0.43039360 0.85182270 -0.29859570 / 48 94 0 255 / 0.86320490 0.77926640
				-15.26539000 20.96808000 -15.58819000 / -0.43747230 0.85262750 -0.28573510 / 48 94 0 255 / 0.86320490 0.77926640
				-15.67429000 21.77223000 -15.19853000 / -0.88539830 -0.46482460 0.00286100 / 154 163 0 255 / 0.43057250 0.33547970
				-15.26539000 20.96808000 -15.58819000 / -0.45497680 0.88687580 0.08029560 / 48 94 0 255 / 0.86320490 0.77926640
				-15.22128000 20.99071000 -15.58819000 / -0.43747230 0.85262750 -0.28573510 / 51 104 0 255 / 0.86320490 0.99867250
				-15.22128000 20.99071000 -15.58819000 / -0.45497680 0.88687580 0.08029560 / 51 104 0 255 / 0.86320490 0.99867250
				-15.22128000 20.99071000 -15.58819000 / -0.45497680 0.88687580 0.08029560 / 51 104 0 255 / 0.86320490 0.99867250
				-15.26661000 20.97019000 -15.61846000 / -0.45497680 0.88687580 0.08029560 / 54 119 0 255 / 0.75585940 0.77926640
				-15.26661000 20.97019000 -15.61846000 / -0.45497680 0.88687580 0.08029560 / 54 119 0 255 / 0.75585940 0.77926640
				-15.26661000 20.97019000 -15.61846000 / -0.43662220 0.85092690 0.29203520 / 54 119 0 255 / 0.75585940 0.77926640
				-16.07906000 22.67597000 -15.29083000 / -0.38662620 0.76505060 -0.51499300 / 24 87 0 255 / 0.61535650 0.99867250
				-16.07906000 22.67597000 -15.29083000 / -0.38642600 0.76503190 -0.51517110 / 24 87 0 255 / 0.61535650 0.99867250
				-16.07906000 22.67597000 -15.29083000 / -0.44118490 0.87302350 -0.20781280 / 24 87 0 255 / 0.61535650 0.99867250
				-15.64785000 21.71961000 -15.32891000 / -0.89170130 -0.45262180 0.00152590 / 131 165 0 255 / 0.59446720 0.69804390
				-15.22250000 20.99282000 -15.61846000 / -0.45497680 0.88687580 0.08029560 / 58 126 0 255 / 0.75585940 0.99867250
				-15.22250000 20.99282000 -15.61846000 / -0.43662220 0.85092690 0.29203520 / 58 126 0 255 / 0.75585940 0.99867250
				-15.22250000 20.99282000 -15.61846000 / -0.43656350 0.85100320 0.29190060 / 58 126 0 255 / 0.75585940 0.99867250
				-15.27087000 20.97890000 -15.65020000 / -0.43662220 0.85092690 0.29203520 / 62 128 0 255 / 0.64192200 0.77926640
				-15.27087000 20.97890000 -15.65020000 / -0.43656350 0.85100320 0.29190060 / 62 128 0 255 / 0.64192200 0.77926640
				-15.27087000 20.97890000 -15.65020000 / -0.37222470 0.72556640 0.57879370 / 62 128 0 255 / 0.64192200 0.77926640
				-15.22676000 21.00153000 -15.65020000 / -0.43656350 0.85100320 0.29190060 / 65 127 0 255 / 0.64192200 0.99867250
				-15.22676000 21.00153000 -15.65020000 / -0.37222470 0.72556640 0.57879370 / 65 127 0 255 / 0.64192200 0.99867250
				-15.22676000 21.00153000 -15.65020000 / -0.37223510 0.72539590 0.57900060 / 65 127 0 255 / 0.64192200 0.99867250
				-15.27784000 20.99246000 -15.67168000 / -0.37222470 0.72556640 0.57879370 / 67 132 0 255 / 0.56410220 0.77926640
				-15.64785000 21.71961000 -15.32891000 / -0.89256920 -0.45091010 0.00066760 / 131 165 0 255 / 0.59446720 0.69804390
				-15.27784000 20.99246000 -15.67168000 / -0.37223510 0.72539590 0.57900060 / 67 132 0 255 / 0.56410220 0.77926640
				-15.27784000 20.99246000 -15.67168000 / -0.25301650 0.49306280 0.83238910 / 67 132 0 255 / 0.56410220 0.77926640
				-15.23373000 21.01509000 -15.67168000 / -0.37223510 0.72539590 0.57900060 / 66 135 0 255 / 0.56410220 0.99867250
				-15.23373000 21.01509000 -15.67168000 / -0.25301650 0.49306280 0.83238910 / 66 135 0 255 / 0.56410220 0.99867250
				-15.23373000 21.01509000 -15.67168000 / -0.25263640 0.50183950 0.82724360 / 66 135 0 255 / 0.56410220 0.99867250
				-15.28654000 21.00943000 -15.68437000 / -0.25301650 0.49306280 0.83238910 / 62 138 0 255 / 0.66070550 0.77926640
				-15.28654000 21.00943000 -15.68437000 / -0.25263640 0.50183950 0.82724360 / 62 138 0 255 / 0.66070550 0.77926640
				-15.28654000 21.00943000 -15.68437000 / -0.09146060 0.18177680 0.97907720 / 62 138 0 255 / 0.66070550 0.77926640
				-15.24198000 21.03186000 -15.68438000 / -0.25263640 0.50183950 0.82724360 / 57 140 0 255 / 0.66070550 0.99867250
				-15.24198000 21.03186000 -15.68438000 / -0.09146060 0.18177680 0.97907720 / 57 140 0 255 / 0.66070550 0.99867250
				-15.67926000 21.78177000 -15.32890000 / -0.89256920 -0.45091010 0.00066760 / 132 161 0 255 / 0.40072630 0.69804390
				-15.24198000 21.03186000 -15.68438000 / -0.09145310 0.18118960 0.97918680 / 57 140 0 255 / 0.66070550 0.99867250
				-15.29601000 21.02831000 -15.68876000 / -0.09146060 0.18177680 0.97907720 / 57 154 0 255 / 0.76910400 0.77926640
				-15.29601000 21.02831000 -15.68876000 / -0.09145310 0.18118960 0.97918680 / 57 154 0 255 / 0.76910400 0.77926640
				-15.29601000 21.02831000 -15.68876000 / 0.10137340 -0.20045800 0.97444330 / 57 154 0 255 / 0.76910400 0.77926640
				-15.25210000 21.05050000 -15.68877000 / -0.09145310 0.18118960 0.97918680 / 68 155 0 255 / 0.76910400 0.99867250
				-15.25210000 21.05050000 -15.68877000 / 0.10137340 -0.20045800 0.97444330 / 68 155 0 255 / 0.76910400 0.99867250
				-15.25210000 21.05050000 -15.68877000 / 0.10099340 -0.19683700 0.97522070 / 68 155 0 255 / 0.76910400 0.99867250
				-15.30473000 21.04528000 -15.68437000 / 0.10137340 -0.20045800 0.97444330 / 94 162 0 255 / 0.86808780 0.77926640
				-15.30473000 21.04528000 -15.68437000 / 0.10099340 -0.19683700 0.97522070 / 94 162 0 255 / 0.86808780 0.77926640
				-15.30473000 21.04528000 -15.68437000 / 0.30441240 -0.59318460 0.74529540 / 94 162 0 255 / 0.86808780 0.77926640
				-15.67481000 21.77351000 -15.15019000 / -0.89333480 -0.44938550 0.00238430 / 156 165 0 255 / 0.42709350 0.20097350
				-16.12298000 22.65378000 -15.29083000 / -0.38642600 0.76503190 -0.51517110 / 25 98 0 255 / 0.61535650 0.77926640
				-16.12298000 22.65378000 -15.29083000 / -0.44118490 0.87302350 -0.20781280 / 25 98 0 255 / 0.61535650 0.77926640
				-16.12298000 22.65378000 -15.29083000 / -0.44120230 0.87305800 -0.20763020 / 25 98 0 255 / 0.61535650 0.77926640
				-15.26062000 21.06791000 -15.68437000 / 0.10099340 -0.19683700 0.97522070 / 123 152 0 255 / 0.86808780 0.99867250
				-15.26062000 21.06791000 -15.68437000 / 0.30441240 -0.59318460 0.74529540 / 123 152 0 255 / 0.86808780 0.99867250
				-15.26062000 21.06791000 -15.68437000 / 0.30431770 -0.60234120 0.73795380 / 123 152 0 255 / 0.86808780 0.99867250
				-15.31098000 21.05802000 -15.67167000 / 0.30441240 -0.59318460 0.74529540 / 150 151 0 255 / 0.93911730 0.77926640
				-15.31098000 21.05802000 -15.67167000 / 0.30431770 -0.60234120 0.73795380 / 150 151 0 255 / 0.93911730 0.77926640
				-15.26707000 21.08021000 -15.67168000 / 0.30431770 -0.60234120 0.73795380 / 162 141 0 255 / 0.93911730 0.99867250
				-15.15983000 20.76084000 -15.66240000 / 0.44707430 -0.87126080 -0.20255670 / 179 120 0 255 / 0.75373840 0.77926640
				-15.67481000 21.77351000 -15.15019000 / -0.88539830 -0.46482460 0.00286100 / 156 165 0 255 / 0.42709350 0.20097350
				-15.15983000 20.76084000 -15.66240000 / 0.44707430 -0.87126080 -0.20255670 / 179 120 0 255 / 0.75373840 0.77926640
				-15.15983000 20.76084000 -15.66240000 / 0.44068480 -0.85867260 -0.26168340 / 179 120 0 255 / 0.75373840 0.77926640
				-15.16827000 20.77717000 -15.75127000 / 0.44707430 -0.87126080 -0.20255670 / 138 102 0 255 / 0.56410220 0.77926640
				-15.12416000 20.79980000 -15.75127000 / 0.44707430 -0.87126080 -0.20255670 / 172 108 0 255 / 0.56410220 0.99867250
				-15.12416000 20.79980000 -15.75127000 / 0.44707430 -0.87126080 -0.20255670 / 172 108 0 255 / 0.56410220 0.99867250
				-15.11572000 20.78348000 -15.66240000 / 0.44707430 -0.87126080 -0.20255670 / 182 123 0 255 / 0.75373840 0.99867250
				-15.11572000 20.78348000 -15.66240000 / 0.44068480 -0.85867260 -0.26168340 / 182 123 0 255 / 0.75373840 0.99867250
				-15.11572000 20.78348000 -15.66240000 / 0.43448140 -0.86018940 -0.26702110 / 182 123 0 255 / 0.75373840 0.99867250
				-15.15312000 20.74791000 -15.60869000 / 0.44068480 -0.85867260 -0.26168340 / 185 122 0 255 / 0.86796570 0.77926640
				-15.15312000 20.74791000 -15.60869000 / 0.43448140 -0.86018940 -0.26702110 / 185 122 0 255 / 0.86796570 0.77926640
				-15.67481000 21.77351000 -15.15019000 / -0.88318850 -0.46901210 0.00238420 / 156 165 0 255 / 0.42709350 0.20097350
				-15.15312000 20.74791000 -15.60869000 / 0.39294290 -0.77787440 -0.49041560 / 185 122 0 255 / 0.86796570 0.77926640
				-15.10920000 20.77010000 -15.60869000 / 0.43448140 -0.86018940 -0.26702110 / 184 118 0 255 / 0.86796570 0.99867250
				-15.10920000 20.77010000 -15.60869000 / 0.39294290 -0.77787440 -0.49041560 / 184 118 0 255 / 0.86796570 0.99867250
				-15.10920000 20.77010000 -15.60869000 / 0.39937160 -0.77852660 -0.48414740 / 184 118 0 255 / 0.86796570 0.99867250
				-15.14487000 20.73114000 -15.57548000 / 0.39294290 -0.77787440 -0.49041560 / 181 115 0 255 / 0.93911730 0.77926640
				-15.14487000 20.73114000 -15.57548000 / 0.39937160 -0.77852660 -0.48414740 / 181 115 0 255 / 0.93911730 0.77926640
				-16.08132000 22.68064000 -15.26642000 / -0.44118490 0.87302350 -0.20781280 / 29 101 0 255 / 0.67982480 0.99867250
				-16.08132000 22.68064000 -15.26642000 / -0.44120230 0.87305800 -0.20763020 / 29 101 0 255 / 0.67982480 0.99867250
				-16.08132000 22.68064000 -15.26642000 / -0.45013210 0.89072750 0.06313290 / 29 101 0 255 / 0.67982480 0.99867250
				-15.10075000 20.75377000 -15.57548000 / 0.39937160 -0.77852660 -0.48414740 / 175 108 0 255 / 0.93911730 0.99867250
				-15.67751000 21.77837000 -15.19755000 / -0.88539830 -0.46482460 0.00286100 / 160 168 0 255 / 0.41195680 0.33256530
				-15.13764000 20.71693000 -15.56278000 / 0.28439430 -0.55429240 -0.78222760 / 158 99 0 255 / 0.64720150 0.77926640
				-15.13764000 20.71693000 -15.56278000 / 0.28447310 -0.55445080 -0.78208660 / 158 99 0 255 / 0.64720150 0.77926640
				-15.13764000 20.71693000 -15.56278000 / 0.09469570 -0.18462330 -0.97823660 / 158 99 0 255 / 0.64720150 0.77926640
				-15.14487000 20.73114000 -15.57548000 / 0.28439430 -0.55429240 -0.78222760 / 181 115 0 255 / 0.56410220 0.77926640
				-15.10075000 20.75377000 -15.57548000 / 0.28439430 -0.55429240 -0.78222760 / 175 108 0 255 / 0.56410220 0.99867250
				-15.10075000 20.75377000 -15.57548000 / 0.28447310 -0.55445080 -0.78208660 / 175 108 0 255 / 0.56410220 0.99867250
				-15.09353000 20.73957000 -15.56278000 / 0.28447310 -0.55445080 -0.78208660 / 135 87 0 255 / 0.64720150 0.99867250
				-15.09353000 20.73957000 -15.56278000 / 0.09469570 -0.18462330 -0.97823660 / 135 87 0 255 / 0.64720150 0.99867250
				-15.09353000 20.73957000 -15.56278000 / 0.09212479 -0.18215150 -0.97894530 / 135 87 0 255 / 0.64720150 0.99867250
				-15.12920000 20.70060000 -15.55888000 / 0.09469570 -0.18462330 -0.97823660 / 120 85 0 255 / 0.74516290 0.77926640
				-15.67751000 21.77837000 -15.19755000 / -0.88318850 -0.46901210 0.00238420 / 160 168 0 255 / 0.41195680 0.33256530
				-15.12920000 20.70060000 -15.55888000 / 0.09212479 -0.18215150 -0.97894530 / 120 85 0 255 / 0.74516290 0.77926640
				-15.12920000 20.70060000 -15.55888000 / -0.06294340 0.12455170 -0.99021460 / 120 85 0 255 / 0.74516290 0.77926640
				-15.08528000 20.72280000 -15.55888000 / 0.09212479 -0.18215150 -0.97894530 / 109 85 0 255 / 0.74516290 0.99867250
				-15.08528000 20.72280000 -15.55888000 / -0.06294340 0.12455170 -0.99021460 / 109 85 0 255 / 0.74516290 0.99867250
				-15.08528000 20.72280000 -15.55888000 / -0.06485190 0.12646110 -0.98984940 / 109 85 0 255 / 0.74516290 0.99867250
				-15.12146000 20.68511000 -15.56132000 / -0.06294340 0.12455170 -0.99021460 / 99 84 0 255 / 0.83422850 0.77926640
				-15.12146000 20.68511000 -15.56132000 / -0.06485190 0.12646110 -0.98984940 / 99 84 0 255 / 0.83422850 0.77926640
				-15.12146000 20.68511000 -15.56132000 / -0.12751070 0.24853630 -0.96019310 / 99 84 0 255 / 0.83422850 0.77926640
				-15.07735000 20.70775000 -15.56132000 / -0.06485190 0.12646110 -0.98984940 / 89 87 0 255 / 0.83422850 0.99867250
				-15.07735000 20.70775000 -15.56132000 / -0.12751070 0.24853630 -0.96019310 / 89 87 0 255 / 0.83422850 0.99867250
				-15.67751000 21.77837000 -15.19755000 / -0.88966530 -0.45661030 -0.00162120 / 160 168 0 255 / 0.41195680 0.33256530
				-15.07735000 20.70775000 -15.56132000 / -0.12407090 0.24566230 -0.96138260 / 89 87 0 255 / 0.83422850 0.99867250
				-15.11204000 20.66732000 -15.56718000 / -0.12751070 0.24853630 -0.96019310 / 84 88 0 255 / 0.93911730 0.77926640
				-15.11204000 20.66732000 -15.56718000 / -0.12407090 0.24566230 -0.96138260 / 84 88 0 255 / 0.93911730 0.77926640
				-16.12523000 22.65845000 -15.26641000 / -0.44120230 0.87305800 -0.20763020 / 31 106 0 255 / 0.67982480 0.77926640
				-16.12523000 22.65845000 -15.26641000 / -0.45013210 0.89072750 0.06313290 / 31 106 0 255 / 0.67982480 0.77926640
				-16.12523000 22.65845000 -15.26641000 / -0.45526420 0.88725980 0.07419260 / 31 106 0 255 / 0.67982480 0.77926640
				-15.06813000 20.68950000 -15.56718000 / -0.12407090 0.24566230 -0.96138260 / 81 92 0 255 / 0.93911730 0.99867250
				-15.11101000 20.66475000 -15.47978000 / 0.07820160 -0.15468660 0.98486370 / 59 178 0 255 / 0.62710570 0.77926640
				-15.11101000 20.66475000 -15.47978000 / 0.07743750 -0.15086960 0.98551600 / 59 178 0 255 / 0.62710570 0.77926640
				-15.11101000 20.66475000 -15.47978000 / -0.01697470 0.03299570 0.99931130 / 59 178 0 255 / 0.62710570 0.77926640
				-15.68248000 21.78791000 -15.15996000 / -0.88318850 -0.46901210 0.00238420 / 161 171 0 255 / 0.38235470 0.22720340
				-15.10457000 20.65246000 -15.48222000 / 0.07820160 -0.15468660 0.98486370 / 67 181 0 255 / 0.56410220 0.77926640
				-15.06065000 20.67465000 -15.48222000 / 0.07820160 -0.15468660 0.98486370 / 63 176 0 255 / 0.56410220 0.99867250
				-15.06065000 20.67465000 -15.48222000 / 0.07743750 -0.15086960 0.98551600 / 63 176 0 255 / 0.56410220 0.99867250
				-15.06690000 20.68738000 -15.47978000 / 0.07743750 -0.15086960 0.98551600 / 52 174 0 255 / 0.62710570 0.99867250
				-15.06690000 20.68738000 -15.47978000 / -0.01697470 0.03299570 0.99931130 / 52 174 0 255 / 0.62710570 0.99867250
				-15.06690000 20.68738000 -15.47978000 / -0.01697470 0.03299570 0.99931130 / 52 174 0 255 / 0.62710570 0.99867250
				-15.11720000 20.67640000 -15.48027000 / -0.01697470 0.03299570 0.99931130 / 46 174 0 255 / 0.68635560 0.77926640
				-15.11720000 20.67640000 -15.48027000 / -0.01697470 0.03299570 0.99931130 / 46 174 0 255 / 0.68635560 0.77926640
				-15.11720000 20.67640000 -15.48027000 / -0.06475240 0.12626230 0.98988120 / 46 174 0 255 / 0.68635560 0.77926640
				-15.07309000 20.69904000 -15.48027000 / -0.01697470 0.03299570 0.99931130 / 41 162 0 255 / 0.68635560 0.99867250
				-15.68248000 21.78791000 -15.15996000 / -0.88966530 -0.45661030 -0.00162120 / 161 171 0 255 / 0.38235470 0.22720340
				-15.07309000 20.69904000 -15.48027000 / -0.06475240 0.12626230 0.98988120 / 41 162 0 255 / 0.68635560 0.99867250
				-15.07309000 20.69904000 -15.48027000 / -0.06475240 0.12626230 0.98988120 / 41 162 0 255 / 0.68635560 0.99867250
				-15.12642000 20.69465000 -15.48320000 / -0.06475240 0.12626230 0.98988120 / 38 164 0 255 / 0.77862550 0.77926640
				-15.12642000 20.69465000 -15.48320000 / -0.06475240 0.12626230 0.98988120 / 38 164 0 255 / 0.77862550 0.77926640
				-15.12642000 20.69465000 -15.48320000 / -0.18167400 0.35400200 0.91742960 / 38 164 0 255 / 0.77862550 0.77926640
				-15.08232000 20.71729000 -15.48320000 / -0.06475240 0.12626230 0.98988120 / 37 151 0 255 / 0.77862550 0.99867250
				-15.08232000 20.71729000 -15.48320000 / -0.18167400 0.35400200 0.91742960 / 37 151 0 255 / 0.77862550 0.99867250
				-15.08232000 20.71729000 -15.48320000 / -0.18167760 0.35419980 0.91735270 / 37 151 0 255 / 0.77862550 0.99867250
				-15.13442000 20.71079000 -15.49101000 / -0.18167400 0.35400200 0.91742960 / 35 153 0 255 / 0.86007690 0.77926640
				-15.13442000 20.71079000 -15.49101000 / -0.18167760 0.35419980 0.91735270 / 35 153 0 255 / 0.86007690 0.77926640
				-15.68248000 21.78791000 -15.15996000 / -0.89266440 -0.45071920 -0.00152590 / 161 171 0 255 / 0.38235470 0.22720340
				-15.13442000 20.71079000 -15.49101000 / -0.29105610 0.56742600 0.77026880 / 35 153 0 255 / 0.86007690 0.77926640
				-16.08035000 22.67916000 -15.23859000 / -0.45013210 0.89072750 0.06313290 / 31 101 0 255 / 0.75469970 0.99867250
				-16.08035000 22.67916000 -15.23859000 / -0.45526420 0.88725980 0.07419260 / 31 101 0 255 / 0.75469970 0.99867250
				-16.08035000 22.67916000 -15.23859000 / -0.42722780 0.83233120 0.35313050 / 31 101 0 255 / 0.75469970 0.99867250
				-15.09031000 20.73341000 -15.49101000 / -0.18167760 0.35419980 0.91735270 / 32 143 0 255 / 0.86007690 0.99867250
				-15.09031000 20.73341000 -15.49101000 / -0.29105610 0.56742600 0.77026880 / 32 143 0 255 / 0.86007690 0.99867250
				-15.09031000 20.73341000 -15.49101000 / -0.29106630 0.56725500 0.77039100 / 32 143 0 255 / 0.86007690 0.99867250
				-15.14261000 20.72646000 -15.50565000 / -0.29105610 0.56742600 0.77026880 / 25 138 0 255 / 0.93911730 0.77926640
				-15.14261000 20.72646000 -15.50565000 / -0.29106630 0.56725500 0.77039100 / 25 138 0 255 / 0.93911730 0.77926640
				-15.09850000 20.74910000 -15.50565000 / -0.29106630 0.56725500 0.77039100 / 22 115 0 255 / 0.93911730 0.99867250
				-16.09382000 22.59629000 -15.26983000 / 0.42781010 -0.83387680 0.34875200 / 68 96 0 255 / 0.93911730 0.77926640
				-15.19091000 20.82128000 -15.48613000 / 0.00000000 0.00000000 1.00000000 / 40 144 0 255 / 0.93911730 0.77926640
				-15.19091000 20.82128000 -15.48613000 / -0.00009540 0.00000000 1.00000000 / 40 144 0 255 / 0.93911730 0.77926640
				-15.19091000 20.82128000 -15.48613000 / -0.44752600 0.87197490 0.19844480 / 40 144 0 255 / 0.93911730 0.77926640
				-15.14712000 20.73582000 -15.48612000 / 0.00000000 0.00000000 1.00000000 / 40 160 0 255 / 0.56410220 0.77926640
				-15.10321000 20.75800000 -15.48612000 / 0.00000000 0.00000000 1.00000000 / 39 154 0 255 / 0.56410220 0.99867250
				-15.10321000 20.75800000 -15.48612000 / -0.00009540 0.00000000 1.00000000 / 39 154 0 255 / 0.56410220 0.99867250
				-15.14680000 20.84392000 -15.48613000 / -0.00009540 0.00000000 1.00000000 / 42 128 0 255 / 0.93911730 0.99867250
				-15.14680000 20.84392000 -15.48613000 / -0.44752600 0.87197490 0.19844480 / 42 128 0 255 / 0.93911730 0.99867250
				-15.14680000 20.84392000 -15.48613000 / -0.44744970 0.87201210 0.19845330 / 42 128 0 255 / 0.93911730 0.99867250
				-15.21509000 20.86923000 -15.75127000 / -0.44752600 0.87197490 0.19844480 / 44 116 0 255 / 0.56410220 0.77926640
				-16.09382000 22.59629000 -15.26983000 / 0.42781010 -0.83387680 0.34875200 / 68 96 0 255 / 0.93911730 0.77926640
				-15.21509000 20.86923000 -15.75127000 / -0.44744970 0.87201210 0.19845330 / 44 116 0 255 / 0.56410220 0.77926640
				-15.17098000 20.89186000 -15.75126000 / -0.44744970 0.87201210 0.19845330 / 48 110 0 255 / 0.56410220 0.99867250
				-15.08167000 20.60771000 -15.65361000 / -0.44793490 0.87260050 0.19473770 / 46 125 0 255 / 0.72845460 0.77926640
				-15.08167000 20.60771000 -15.65361000 / -0.44256310 0.87597180 0.19186320 / 46 125 0 255 / 0.72845460 0.77926640
				-15.08167000 20.60771000 -15.65361000 / -0.44624910 0.88315170 0.14458510 / 46 125 0 255 / 0.72845460 0.77926640
				-16.12445000 22.65652000 -15.23858000 / -0.45526420 0.88725980 0.07419260 / 31 108 0 255 / 0.75469970 0.77926640
				-16.12445000 22.65652000 -15.23858000 / -0.42722780 0.83233120 0.35313050 / 31 108 0 255 / 0.75469970 0.77926640
				-16.12445000 22.65652000 -15.23858000 / -0.42708620 0.83242710 0.35307580 / 31 108 0 255 / 0.75469970 0.77926640
				-15.07264000 20.58902000 -15.54912000 / -0.44793490 0.87260050 0.19473770 / 38 104 0 255 / 0.93911730 0.77926640
				-15.02854000 20.61166000 -15.54912000 / -0.44793490 0.87260050 0.19473770 / 42 122 0 255 / 0.93911730 0.99867250
				-15.68273000 21.78855000 -15.20000000 / -0.88966530 -0.45661030 -0.00162120 / 158 171 0 255 / 0.38029480 0.33886720
				-15.02854000 20.61166000 -15.54912000 / -0.44256310 0.87597180 0.19186320 / 42 122 0 255 / 0.93911730 0.99867250
				-15.03775000 20.62990000 -15.65361000 / -0.44256310 0.87597180 0.19186320 / 53 133 0 255 / 0.72845460 0.99867250
				-15.03775000 20.62990000 -15.65361000 / -0.44624910 0.88315170 0.14458510 / 53 133 0 255 / 0.72845460 0.99867250
				-15.03775000 20.62990000 -15.65361000 / -0.44610370 0.88324340 0.14447350 / 53 133 0 255 / 0.72845460 0.99867250
				-15.08438000 20.61257000 -15.69169000 / -0.44624910 0.88315170 0.14458510 / 55 130 0 255 / 0.65133670 0.77926640
				-15.08438000 20.61257000 -15.69169000 / -0.44610370 0.88324340 0.14447350 / 55 130 0 255 / 0.65133670 0.77926640
				-15.08438000 20.61257000 -15.69169000 / -0.45024290 0.89133020 -0.05302590 / 55 130 0 255 / 0.65133670 0.77926640
				-15.04046000 20.63475000 -15.69169000 / -0.44610370 0.88324340 0.14447350 / 54 127 0 255 / 0.65133670 0.99867250
				-15.04046000 20.63475000 -15.69169000 / -0.45024290 0.89133020 -0.05302590 / 54 127 0 255 / 0.65133670 0.99867250
				-15.04046000 20.63475000 -15.69169000 / -0.45619970 0.88894090 -0.04081390 / 54 127 0 255 / 0.65133670 0.99867250
				-15.68273000 21.78855000 -15.20000000 / -0.89266440 -0.45071920 -0.00152590 / 158 171 0 255 / 0.38029480 0.33886720
				-15.08386000 20.61129000 -15.71757000 / -0.45024290 0.89133020 -0.05302590 / 52 126 0 255 / 0.59898380 0.77926640
				-15.08386000 20.61129000 -15.71757000 / -0.45619970 0.88894090 -0.04081390 / 52 126 0 255 / 0.59898380 0.77926640
				-15.08386000 20.61129000 -15.71757000 / -0.41883760 0.81612290 -0.39814360 / 52 126 0 255 / 0.59898380 0.77926640
				-15.03976000 20.63393000 -15.71757000 / -0.45619970 0.88894090 -0.04081390 / 52 121 0 255 / 0.59898380 0.99867250
				-15.03976000 20.63393000 -15.71757000 / -0.41883760 0.81612290 -0.39814360 / 52 121 0 255 / 0.59898380 0.99867250
				-15.03976000 20.63393000 -15.71757000 / -0.41882170 0.81609200 -0.39822390 / 52 121 0 255 / 0.59898380 0.99867250
				-15.08038000 20.60451000 -15.73515000 / -0.41883760 0.81612290 -0.39814360 / 51 117 0 255 / 0.56410220 0.77926640
				-15.08038000 20.60451000 -15.73515000 / -0.41882170 0.81609200 -0.39822390 / 51 117 0 255 / 0.56410220 0.77926640
				-15.08038000 20.60451000 -15.73515000 / -0.31012420 0.60441790 -0.73382700 / 51 117 0 255 / 0.56410220 0.77926640
				-15.03627000 20.62714000 -15.73515000 / -0.41882170 0.81609200 -0.39822390 / 52 107 0 255 / 0.56410220 0.99867250
				-15.68273000 21.78855000 -15.20000000 / -0.88626970 -0.46311470 0.00715270 / 158 171 0 255 / 0.38029480 0.33886720
				-15.03627000 20.62714000 -15.73515000 / -0.31012420 0.60441790 -0.73382700 / 52 107 0 255 / 0.56410220 0.99867250
				-15.03627000 20.62714000 -15.73515000 / -0.30242450 0.59855430 -0.74180320 / 52 107 0 255 / 0.56410220 0.99867250
				-15.07420000 20.59285000 -15.74736000 / -0.31012420 0.60441790 -0.73382700 / 52 98 0 255 / 0.59960940 0.77926640
				-15.07420000 20.59285000 -15.74736000 / -0.30242450 0.59855430 -0.74180320 / 52 98 0 255 / 0.59960940 0.77926640
				-15.07420000 20.59285000 -15.74736000 / -0.14362280 0.28419380 -0.94794850 / 52 98 0 255 / 0.59960940 0.77926640
				-16.07365000 22.66623000 -15.20001000 / -0.42722780 0.83233120 0.35313050 / 35 103 0 255 / 0.85777280 0.99867250
				-16.07365000 22.66623000 -15.20001000 / -0.42708620 0.83242710 0.35307580 / 35 103 0 255 / 0.85777280 0.99867250
				-16.07365000 22.66623000 -15.20001000 / -0.34448070 0.67141310 0.65615370 / 35 103 0 255 / 0.85777280 0.99867250
				-15.03027000 20.61504000 -15.74736000 / -0.30242450 0.59855430 -0.74180320 / 53 96 0 255 / 0.59960940 0.99867250
				-15.03027000 20.61504000 -15.74736000 / -0.14362280 0.28419380 -0.94794850 / 53 96 0 255 / 0.59960940 0.99867250
				-15.68996000 21.80277000 -15.17413000 / -0.89266440 -0.45071920 -0.00152590 / 140 170 0 255 / 0.33534240 0.26676940
				-15.03027000 20.61504000 -15.74736000 / -0.14734160 0.28705390 -0.94651490 / 53 96 0 255 / 0.59960940 0.99867250
				-15.06445000 20.57333000 -15.75469000 / -0.14362280 0.28419380 -0.94794850 / 56 92 0 255 / 0.65754700 0.77926640
				-15.06445000 20.57333000 -15.75469000 / -0.14734160 0.28705390 -0.94651490 / 56 92 0 255 / 0.65754700 0.77926640
				-15.06445000 20.57333000 -15.75469000 / -0.03414280 0.06656880 -0.99719740 / 56 92 0 255 / 0.65754700 0.77926640
				-15.02035000 20.59597000 -15.75469000 / -0.14734160 0.28705390 -0.94651490 / 61 96 0 255 / 0.65754700 0.99867250
				-15.02035000 20.59597000 -15.75469000 / -0.03414280 0.06656880 -0.99719740 / 61 96 0 255 / 0.65754700 0.99867250
				-15.02035000 20.59597000 -15.75469000 / -0.03414280 0.06656880 -0.99719740 / 61 96 0 255 / 0.65754700 0.99867250
				-15.04975000 20.54427000 -15.75713000 / -0.03414280 0.06656880 -0.99719740 / 74 89 0 255 / 0.74501040 0.77926640
				-15.04975000 20.54427000 -15.75713000 / -0.03414280 0.06656880 -0.99719740 / 74 89 0 255 / 0.74501040 0.77926640
				-15.04975000 20.54427000 -15.75713000 / 0.03194840 -0.06218020 -0.99755350 / 74 89 0 255 / 0.74501040 0.77926640
				-15.68996000 21.80277000 -15.17413000 / -0.88626970 -0.46311470 0.00715270 / 140 170 0 255 / 0.33534240 0.26676940
				-15.00564000 20.56690000 -15.75713000 / -0.03414280 0.06656880 -0.99719740 / 95 91 0 255 / 0.74501040 0.99867250
				-15.00564000 20.56690000 -15.75713000 / 0.03194840 -0.06218020 -0.99755350 / 95 91 0 255 / 0.74501040 0.99867250
				-15.00564000 20.56690000 -15.75713000 / 0.03175790 -0.06218060 -0.99755950 / 95 91 0 255 / 0.74501040 0.99867250
				-15.03382000 20.51310000 -15.75468000 / 0.03194840 -0.06218020 -0.99755350 / 124 88 0 255 / 0.83758540 0.77926640
				-15.03382000 20.51310000 -15.75468000 / 0.03175790 -0.06218060 -0.99755950 / 124 88 0 255 / 0.83758540 0.77926640
				-15.03382000 20.51310000 -15.75468000 / 0.06981060 -0.13618790 -0.98822030 / 124 88 0 255 / 0.83758540 0.77926640
				-14.98972000 20.53572000 -15.75468000 / 0.03175790 -0.06218060 -0.99755950 / 157 98 0 255 / 0.83758540 0.99867250
				-14.98972000 20.53572000 -15.75468000 / 0.06981060 -0.13618790 -0.98822030 / 157 98 0 255 / 0.83758540 0.99867250
				-14.98972000 20.53572000 -15.75468000 / 0.06818470 -0.13541580 -0.98843990 / 157 98 0 255 / 0.83758540 0.99867250
				-15.01686000 20.47935000 -15.74882000 / 0.06981060 -0.13618790 -0.98822030 / 178 112 0 255 / 0.93911730 0.77926640
				-15.68996000 21.80277000 -15.17413000 / -0.90893190 -0.41693950 -0.00209800 / 140 170 0 255 / 0.33534240 0.26676940
				-15.01686000 20.47935000 -15.74882000 / 0.06818470 -0.13541580 -0.98843990 / 178 112 0 255 / 0.93911730 0.77926640
				-14.97231000 20.50179000 -15.74883000 / 0.06818470 -0.13541580 -0.98843990 / 185 130 0 255 / 0.93911730 0.99867250
				-15.03608000 20.51776000 -15.66825000 / 0.45491470 -0.88675000 0.08201819 / 187 145 0 255 / 0.60527040 0.77926640
				-15.03608000 20.51776000 -15.66825000 / 0.45496900 -0.88666980 0.08258290 / 187 145 0 255 / 0.60527040 0.77926640
				-15.03608000 20.51776000 -15.66825000 / 0.45312120 -0.88297120 -0.12265080 / 187 145 0 255 / 0.60527040 0.77926640
				-16.11775000 22.64360000 -15.20001000 / -0.42708620 0.83242710 0.35307580 / 40 106 0 255 / 0.85777280 0.77926640
				-16.11775000 22.64360000 -15.20001000 / -0.34448070 0.67141310 0.65615370 / 40 106 0 255 / 0.85777280 0.77926640
				-16.11775000 22.64360000 -15.20001000 / -0.34445810 0.67155980 0.65601530 / 40 106 0 255 / 0.85777280 0.77926640
				-15.03582000 20.51712000 -15.67655000 / 0.45491470 -0.88675000 0.08201819 / 176 152 0 255 / 0.58187870 0.77926640
				-14.99172000 20.53975000 -15.67655000 / 0.45491470 -0.88675000 0.08201819 / 182 146 0 255 / 0.58187870 0.99867250
				-15.68996000 21.80277000 -15.17413000 / -0.86306020 -0.50505710 -0.00667560 / 140 170 0 255 / 0.33534240 0.26676940
				-14.99172000 20.53975000 -15.67655000 / 0.45496900 -0.88666980 0.08258290 / 182 146 0 255 / 0.58187870 0.99867250
				-14.99197000 20.54039000 -15.66825000 / 0.45496900 -0.88666980 0.08258290 / 189 146 0 255 / 0.60527040 0.99867250
				-14.99197000 20.54039000 -15.66825000 / 0.45312120 -0.88297120 -0.12265080 / 189 146 0 255 / 0.60527040 0.99867250
				-14.99197000 20.54039000 -15.66825000 / 0.44612220 -0.88328000 -0.14419340 / 189 146 0 255 / 0.60527040 0.99867250
				-15.03511000 20.51629000 -15.65409000 / 0.45312120 -0.88297120 -0.12265080 / 190 139 0 255 / 0.64466860 0.77926640
				-15.03511000 20.51629000 -15.65409000 / 0.44612220 -0.88328000 -0.14419340 / 190 139 0 255 / 0.64466860 0.77926640
				-15.03511000 20.51629000 -15.65409000 / 0.44231000 -0.87565550 -0.19388020 / 190 139 0 255 / 0.64466860 0.77926640
				-14.99119000 20.53848000 -15.65409000 / 0.44612220 -0.88328000 -0.14419340 / 188 127 0 255 / 0.64466860 0.99867250
				-14.99119000 20.53848000 -15.65409000 / 0.44231000 -0.87565550 -0.19388020 / 188 127 0 255 / 0.64466860 0.99867250
				-14.99119000 20.53848000 -15.65409000 / 0.44802600 -0.87335500 -0.19111200 / 188 127 0 255 / 0.64466860 0.99867250
				-15.68996000 21.80277000 -15.17413000 / -0.88559950 -0.46444860 -0.00104910 / 140 170 0 255 / 0.33534240 0.26676940
				-15.02609000 20.49760000 -15.54912000 / 0.44231000 -0.87565550 -0.19388020 / 185 103 0 255 / 0.93911730 0.77926640
				-15.02609000 20.49760000 -15.54912000 / 0.44802600 -0.87335500 -0.19111200 / 185 103 0 255 / 0.93911730 0.77926640
				-14.98198000 20.52023000 -15.54912000 / 0.44802600 -0.87335500 -0.19111200 / 182 87 0 255 / 0.93911730 0.99867250
				-16.12498000 22.65781000 -15.20245000 / -0.88425670 -0.46692420 -0.00848780 / 112 169 0 255 / 0.63493350 0.31999210
				-16.12498000 22.65781000 -15.20245000 / -0.90029870 -0.43527160 0.00085830 / 112 169 0 255 / 0.63493350 0.31999210
				-16.12498000 22.65781000 -15.20245000 / -0.88702260 -0.46172480 0.00114430 / 112 169 0 255 / 0.63493350 0.31999210
				-16.11079000 22.63003000 -15.15265000 / -0.88425670 -0.46692420 -0.00848780 / 110 173 0 255 / 0.72219850 0.18211360
				-16.11846000 22.64443000 -15.14581000 / -0.88425670 -0.46692420 -0.00848780 / 112 169 0 255 / 0.67715450 0.16247560
				-16.11846000 22.64443000 -15.14581000 / -0.90029870 -0.43527160 0.00085830 / 112 169 0 255 / 0.67715450 0.16247560
				-16.06191000 22.64267000 -15.16974000 / -0.34448070 0.67141310 0.65615370 / 41 123 0 255 / 0.93911730 0.99867250
				-15.68996000 21.80277000 -15.17413000 / -0.89256830 -0.45090960 0.00152590 / 140 170 0 255 / 0.33534240 0.26676940
				-16.06191000 22.64267000 -15.16974000 / -0.34445810 0.67155980 0.65601530 / 41 123 0 255 / 0.93911730 0.99867250
				-16.06191000 22.64267000 -15.16974000 / -0.21991780 0.42896380 0.87614280 / 41 123 0 255 / 0.93911730 0.99867250
				-16.12523000 22.65845000 -15.14337000 / -0.90029870 -0.43527160 0.00085830 / 113 168 0 255 / 0.63356020 0.15592960
				-16.12523000 22.65845000 -15.14337000 / -0.88702260 -0.46172480 0.00114430 / 113 168 0 255 / 0.63356020 0.15592960
				-16.12523000 22.65845000 -15.14337000 / -0.88559990 -0.46444880 0.00057220 / 113 168 0 255 / 0.63356020 0.15592960
				-16.12994000 22.66735000 -15.19854000 / -0.88702260 -0.46172480 0.00114430 / 106 167 0 255 / 0.60633850 0.30926510
				-16.12994000 22.66735000 -15.19854000 / -0.88559990 -0.46444880 0.00057220 / 106 167 0 255 / 0.60633850 0.30926510
				-16.12994000 22.66735000 -15.19854000 / -0.89208800 -0.45186150 -0.00038150 / 106 167 0 255 / 0.60633850 0.30926510
				-16.12994000 22.66735000 -15.19854000 / -0.89297260 -0.45011000 -0.00104900 / 106 167 0 255 / 0.60633850 0.30926510
				-16.13169000 22.67075000 -15.14532000 / -0.88559990 -0.46444880 0.00057220 / 108 166 0 255 / 0.59487920 0.16094970
				-15.68996000 21.80277000 -15.17413000 / -0.88937060 -0.45717810 -0.00286090 / 140 170 0 255 / 0.33534240 0.26676940
				-16.13169000 22.67075000 -15.14532000 / -0.89208800 -0.45186150 -0.00038150 / 108 166 0 255 / 0.59487920 0.16094970
				-16.13716000 22.68157000 -15.15069000 / -0.89208800 -0.45186150 -0.00038150 / 98 168 0 255 / 0.56076050 0.17602540
				-16.13716000 22.68157000 -15.15069000 / -0.89297260 -0.45011000 -0.00104900 / 98 168 0 255 / 0.56076050 0.17602540
				-16.13716000 22.68157000 -15.15069000 / -0.89162520 -0.45277400 -0.00057220 / 98 168 0 255 / 0.56076050 0.17602540
				-16.13368000 22.67477000 -15.19708000 / -0.89297260 -0.45011000 -0.00104900 / 93 167 0 255 / 0.58346560 0.30569460
				-16.13368000 22.67477000 -15.19708000 / -0.89162520 -0.45277400 -0.00057220 / 93 167 0 255 / 0.58346560 0.30569460
				-16.13368000 22.67477000 -15.19708000 / -0.89304710 -0.44995690 -0.00238430 / 93 167 0 255 / 0.58346560 0.30569460
				-16.13368000 22.67477000 -15.19708000 / -0.89220350 -0.45163270 0.00095360 / 93 167 0 255 / 0.58346560 0.30569460
				-16.14265000 22.69238000 -15.16094000 / -0.89162520 -0.45277400 -0.00057220 / 92 169 0 255 / 0.52767940 0.20448300
				-16.14265000 22.69238000 -15.16094000 / -0.89304710 -0.44995690 -0.00238430 / 92 169 0 255 / 0.52767940 0.20448300
				-15.68996000 21.80277000 -15.17413000 / -0.88975330 -0.45641580 -0.00486360 / 140 170 0 255 / 0.33534240 0.26676940
				-16.14838000 22.70385000 -15.17706000 / -0.89304710 -0.44995690 -0.00238430 / 87 168 0 255 / 0.49215700 0.24961850
				-16.14838000 22.70385000 -15.17706000 / -0.89220350 -0.45163270 0.00095360 / 87 168 0 255 / 0.49215700 0.24961850
				-16.14838000 22.70385000 -15.17706000 / -0.88923700 -0.45739820 0.00667600 / 87 168 0 255 / 0.49215700 0.24961850
				-16.14838000 22.70385000 -15.17706000 / -0.89590810 -0.44423460 0.00209810 / 87 168 0 255 / 0.49215700 0.24961850
				-16.14838000 22.70385000 -15.17706000 / -0.88552130 -0.46459830 0.00076290 / 87 168 0 255 / 0.49215700 0.24961850
				-16.14838000 22.70385000 -15.17706000 / -0.91378860 -0.40606470 0.01010870 / 87 168 0 255 / 0.49215700 0.24961850
				-16.14838000 22.70385000 -15.17706000 / -0.89054060 -0.45490240 0.00114440 / 87 168 0 255 / 0.49215700 0.24961850
				-16.14838000 22.70385000 -15.17706000 / -0.89073410 -0.45452230 0.00152590 / 87 168 0 255 / 0.49215700 0.24961850
				-16.14838000 22.70385000 -15.17706000 / -0.89234470 -0.45132280 -0.00534110 / 87 168 0 255 / 0.49215700 0.24961850
				-16.13916000 22.68559000 -15.20000000 / -0.89220350 -0.45163270 0.00095360 / 85 162 0 255 / 0.54812620 0.31358340
				-15.68744000 21.79745000 -15.20684000 / -0.88626970 -0.46311470 0.00715270 / 152 166 0 255 / 0.35209660 0.35775760
				-16.13916000 22.68559000 -15.20000000 / -0.88923700 -0.45739820 0.00667600 / 85 162 0 255 / 0.54812620 0.31358340
				-16.14413000 22.69513000 -15.20831000 / -0.88923700 -0.45739820 0.00667600 / 79 159 0 255 / 0.51820370 0.33714290
				-16.14413000 22.69513000 -15.20831000 / -0.89590810 -0.44423460 0.00209810 / 79 159 0 255 / 0.51820370 0.33714290
				-16.14987000 22.70659000 -15.23125000 / -0.89590810 -0.44423460 0.00209810 / 84 161 0 255 / 0.48315430 0.40078730
				-16.14987000 22.70659000 -15.23125000 / -0.88552130 -0.46459830 0.00076290 / 84 161 0 255 / 0.48315430 0.40078730
				-16.10602000 22.62004000 -15.16973000 / -0.34445810 0.67155980 0.65601530 / 36 149 0 255 / 0.93911730 0.77926640
				-16.10602000 22.62004000 -15.16973000 / -0.21991780 0.42896380 0.87614280 / 36 149 0 255 / 0.93911730 0.77926640
				-16.10602000 22.62004000 -15.16973000 / -0.21991780 0.42896380 0.87614280 / 36 149 0 255 / 0.93911730 0.77926640
				-16.15457000 22.71549000 -15.26836000 / -0.88552130 -0.46459830 0.00076290 / 91 168 0 255 / 0.45539850 0.50294490
				-16.15457000 22.71549000 -15.26836000 / -0.91378860 -0.40606470 0.01010870 / 91 168 0 255 / 0.45539850 0.50294490
				-15.68744000 21.79745000 -15.20684000 / -0.90893190 -0.41693950 -0.00209800 / 152 166 0 255 / 0.35209660 0.35775760
				-16.16005000 22.72632000 -15.32891000 / -0.91378860 -0.40606470 0.01010870 / 88 172 0 255 / 0.42185970 0.67254640
				-16.16005000 22.72632000 -15.32891000 / -0.89054060 -0.45490240 0.00114440 / 88 172 0 255 / 0.42185970 0.67254640
				-16.19192000 22.78867000 -15.32891000 / -0.89054060 -0.45490240 0.00114440 / 83 176 0 255 / 0.22674560 0.67254640
				-16.19192000 22.78867000 -15.32891000 / -0.89073410 -0.45452230 0.00152590 / 83 176 0 255 / 0.22674560 0.67254640
				-16.17527000 22.75666000 -15.14727000 / -0.89073410 -0.45452230 0.00152590 / 87 178 0 255 / 0.32675170 0.16691590
				-15.69073000 21.80468000 -15.21856000 / -0.90893190 -0.41693950 -0.00209800 / 148 168 0 255 / 0.32942200 0.39103700
				-15.69073000 21.80468000 -15.21856000 / -0.86306020 -0.50505710 -0.00667560 / 148 168 0 255 / 0.32942200 0.39103700
				-15.69344000 21.80954000 -15.23662000 / -0.86306020 -0.50505710 -0.00667560 / 139 165 0 255 / 0.31428530 0.44044490
				-15.69344000 21.80954000 -15.23662000 / -0.88559950 -0.46444860 -0.00104910 / 139 165 0 255 / 0.31428530 0.44044490
				-15.70189000 21.82588000 -15.32891000 / -0.88559950 -0.46444860 -0.00104910 / 127 167 0 255 / 0.26333620 0.69804390
				-15.70189000 21.82588000 -15.32891000 / -0.89256830 -0.45090960 0.00152590 / 127 167 0 255 / 0.26333620 0.69804390
				-15.73330000 21.88805000 -15.32891000 / -0.89256830 -0.45090960 0.00152590 / 124 171 0 255 / 0.06959530 0.69804390
				-15.73330000 21.88805000 -15.32891000 / -0.88937060 -0.45717810 -0.00286090 / 124 171 0 255 / 0.06959530 0.69804390
				-15.71730000 21.85578000 -15.14727000 / -0.88937060 -0.45717810 -0.00286090 / 131 175 0 255 / 0.16960140 0.19241330
				-15.71730000 21.85578000 -15.14727000 / -0.88975330 -0.45641580 -0.00486360 / 131 175 0 255 / 0.16960140 0.19241330
				-15.68770000 21.79809000 -15.14727000 / -0.88975330 -0.45641580 -0.00486360 / 136 179 0 255 / 0.35005190 0.19241330
				-15.22231000 20.88344000 -15.24736000 / -0.89054120 -0.45490270 -0.00028610 / 178 172 0 255 / 0.46557620 0.45153810
				-15.22231000 20.88344000 -15.24736000 / -0.89015280 -0.45566210 0.00019070 / 178 172 0 255 / 0.46557620 0.45153810
				-15.22231000 20.88344000 -15.24736000 / -0.88922320 -0.45739110 -0.00867860 / 178 172 0 255 / 0.46557620 0.45153810
				-16.09209000 22.59289000 -15.28008000 / 0.42781010 -0.83387680 0.34875200 / 44 111 0 255 / 0.91036990 0.77926640
				-15.21335000 20.86585000 -15.14726000 / -0.89054120 -0.45490270 -0.00028610 / 177 171 0 255 / 0.51815790 0.18565370
				-15.24520000 20.92820000 -15.14726000 / -0.89054120 -0.45490270 -0.00028610 / 178 172 0 255 / 0.33149720 0.18565370
				-15.24520000 20.92820000 -15.14726000 / -0.89015280 -0.45566210 0.00019070 / 178 172 0 255 / 0.33149720 0.18565370
				-15.25565000 20.94855000 -15.26298000 / -0.89015280 -0.45566210 0.00019070 / 180 169 0 255 / 0.27064510 0.49331660
				-15.25565000 20.94855000 -15.26298000 / -0.88922320 -0.45739110 -0.00867860 / 180 169 0 255 / 0.27064510 0.49331660
				-15.25565000 20.94855000 -15.26298000 / -0.88924030 -0.45739980 -0.00610380 / 180 169 0 255 / 0.27064510 0.49331660
				-15.22283000 20.88473000 -15.26201000 / -0.88922320 -0.45739110 -0.00867860 / 181 164 0 255 / 0.46206660 0.49046320
				-15.22283000 20.88473000 -15.26201000 / -0.88924030 -0.45739980 -0.00610380 / 181 164 0 255 / 0.46206660 0.49046320
				-15.22283000 20.88473000 -15.26201000 / -0.88916110 -0.45754990 -0.00638930 / 181 164 0 255 / 0.46206660 0.49046320
				-15.25643000 20.95049000 -15.29423000 / -0.88924030 -0.45739980 -0.00610380 / 181 167 0 255 / 0.26515200 0.57608030
				-15.25643000 20.95049000 -15.29423000 / -0.88916110 -0.45754990 -0.00638930 / 181 167 0 255 / 0.26515200 0.57608030
				-15.25643000 20.95049000 -15.29423000 / -0.88818230 -0.45930270 -0.01316110 / 181 167 0 255 / 0.26515200 0.57608030
				-15.22134000 20.88197000 -15.27129000 / -0.88916110 -0.45754990 -0.00638930 / 178 166 0 255 / 0.46957400 0.51618960
				-15.22134000 20.88197000 -15.27129000 / -0.88818230 -0.45930270 -0.01316110 / 178 166 0 255 / 0.46957400 0.51618960
				-15.22134000 20.88197000 -15.27129000 / -0.89689740 -0.44191630 0.01687940 / 178 166 0 255 / 0.46957400 0.51618960
				-15.22134000 20.88197000 -15.27129000 / -0.88650260 -0.46270550 -0.00410060 / 178 166 0 255 / 0.46957400 0.51618960
				-15.22134000 20.88197000 -15.27129000 / -0.89266390 -0.45071900 0.00190740 / 178 166 0 255 / 0.46957400 0.51618960
				-15.22134000 20.88197000 -15.27129000 / -0.90475050 -0.42591080 0.00514980 / 178 166 0 255 / 0.46957400 0.51618960
				-15.25250000 20.94350000 -15.31572000 / -0.88818230 -0.45930270 -0.01316110 / 180 170 0 255 / 0.28627010 0.63417050
				-15.25250000 20.94350000 -15.31572000 / -0.89689740 -0.44191630 0.01687940 / 180 170 0 255 / 0.28627010 0.63417050
				-15.24521000 20.92820000 -15.32890000 / -0.89689740 -0.44191630 0.01687940 / 178 162 0 255 / 0.33122250 0.66847230
				-15.24521000 20.92820000 -15.32890000 / -0.88650260 -0.46270550 -0.00410060 / 178 162 0 255 / 0.33122250 0.66847230
				-15.23379000 20.90637000 -15.33281000 / -0.88650260 -0.46270550 -0.00410060 / 176 165 0 255 / 0.39720150 0.67990120
				-15.23379000 20.90637000 -15.33281000 / -0.89266390 -0.45071900 0.00190740 / 176 165 0 255 / 0.39720150 0.67990120
				-15.22458000 20.88812000 -15.33135000 / -0.89266390 -0.45071900 0.00190740 / 173 167 0 255 / 0.45109560 0.67480470
				-15.22458000 20.88812000 -15.33135000 / -0.90475050 -0.42591080 0.00514980 / 173 167 0 255 / 0.45109560 0.67480470
				-15.22458000 20.88812000 -15.33135000 / -0.88558600 -0.46444150 -0.00562670 / 173 167 0 255 / 0.45109560 0.67480470
				-16.04798000 22.61552000 -15.28008000 / 0.42781010 -0.83387680 0.34875200 / 57 105 0 255 / 0.91036990 0.99867250
				-16.04798000 22.61552000 -15.28008000 / 0.42781010 -0.83387680 0.34875200 / 57 105 0 255 / 0.91036990 0.99867250
				-15.21857000 20.87602000 -15.27715000 / -0.90475050 -0.42591080 0.00514980 / 168 166 0 255 / 0.48693850 0.53053280
				-15.21857000 20.87602000 -15.27715000 / -0.88558600 -0.46444150 -0.00562670 / 168 166 0 255 / 0.48693850 0.53053280
				-15.21857000 20.87602000 -15.27715000 / -0.89110260 -0.45375280 -0.00667560 / 168 166 0 255 / 0.48693850 0.53053280
				-15.21857000 20.87602000 -15.27715000 / -0.89922400 -0.43716650 -0.01678480 / 168 166 0 255 / 0.48693850 0.53053280
				-15.21639000 20.87244000 -15.32548000 / -0.88558600 -0.46444150 -0.00562670 / 162 164 0 255 / 0.49800110 0.65948490
				-15.21639000 20.87244000 -15.32548000 / -0.89110260 -0.45375280 -0.00667560 / 162 164 0 255 / 0.49800110 0.65948490
				-15.20890000 20.85759000 -15.31523000 / -0.89110260 -0.45375280 -0.00667560 / 164 168 0 255 / 0.54261780 0.63214110
				-15.20890000 20.85759000 -15.31523000 / -0.89922400 -0.43716650 -0.01678480 / 164 168 0 255 / 0.54261780 0.63214110
				-15.20890000 20.85759000 -15.31523000 / -0.88387200 -0.46768540 -0.00638970 / 164 168 0 255 / 0.54261780 0.63214110
				-15.21431000 20.86731000 -15.27861000 / -0.89922400 -0.43716650 -0.01678480 / 166 171 0 255 / 0.51300050 0.53530880
				-15.21431000 20.86731000 -15.27861000 / -0.88387200 -0.46768540 -0.00638970 / 166 171 0 255 / 0.51300050 0.53530880
				-15.21431000 20.86731000 -15.27861000 / -0.87832100 -0.47797440 0.00963200 / 166 171 0 255 / 0.51300050 0.53530880
				-15.20072000 20.84190000 -15.29960000 / -0.88387200 -0.46768540 -0.00638970 / 172 176 0 255 / 0.58963020 0.59095770
				-15.20072000 20.84190000 -15.29960000 / -0.87832100 -0.47797440 0.00963200 / 172 176 0 255 / 0.58963020 0.59095770
				-15.20072000 20.84190000 -15.29960000 / -0.89519150 -0.44535470 -0.01707030 / 172 176 0 255 / 0.58963020 0.59095770
				-15.20072000 20.84190000 -15.29960000 / -0.89742420 -0.44079650 -0.01812010 / 172 176 0 255 / 0.58963020 0.59095770
				-15.20072000 20.84190000 -15.29960000 / -0.88959590 -0.45643290 0.01697560 / 172 176 0 255 / 0.58963020 0.59095770
				-15.20864000 20.85694000 -15.27617000 / -0.87832100 -0.47797440 0.00963200 / 169 178 0 255 / 0.54438780 0.52894590
				-15.20864000 20.85694000 -15.27617000 / -0.89519150 -0.44535470 -0.01707030 / 169 178 0 255 / 0.54438780 0.52894590
				-15.20412000 20.84759000 -15.26933000 / -0.89519150 -0.44535470 -0.01707030 / 173 180 0 255 / 0.57228090 0.50981140
				-15.20412000 20.84759000 -15.26933000 / -0.89742420 -0.44079650 -0.01812010 / 173 180 0 255 / 0.57228090 0.50981140
				-15.20412000 20.84759000 -15.26933000 / -0.88512100 -0.46521070 0.01182580 / 173 180 0 255 / 0.57228090 0.50981140
				-15.17427000 20.78928000 -15.32890000 / -0.89742420 -0.44079650 -0.01812010 / 175 179 0 255 / 0.74716190 0.66938780
				-15.17427000 20.78928000 -15.32890000 / -0.88959590 -0.45643290 0.01697560 / 175 179 0 255 / 0.74716190 0.66938780
				-15.17427000 20.78928000 -15.32890000 / -0.88512100 -0.46521070 0.01182580 / 175 179 0 255 / 0.74716190 0.66938780
				-15.17427000 20.78928000 -15.32890000 / -0.89532760 -0.44537490 -0.00543610 / 175 179 0 255 / 0.74716190 0.66938780
				-15.17427000 20.78928000 -15.32890000 / -0.88956820 -0.45680010 0.00143050 / 175 179 0 255 / 0.74716190 0.66938780
				-15.17427000 20.78928000 -15.32890000 / -0.89256930 -0.45091010 0.00028610 / 175 179 0 255 / 0.74716190 0.66938780
				-15.20387000 20.84696000 -15.32890000 / -0.88959590 -0.45643290 0.01697560 / 173 176 0 255 / 0.57412720 0.66938780
				-15.19993000 20.83997000 -15.25566000 / -0.88512100 -0.46521070 0.01182580 / 176 185 0 255 / 0.59515380 0.47418210
				-15.19993000 20.83997000 -15.25566000 / -0.89532760 -0.44537490 -0.00543610 / 176 185 0 255 / 0.59515380 0.47418210
				-16.04972000 22.61892000 -15.26983000 / 0.42781010 -0.83387680 0.34875200 / 72 81 0 255 / 0.93911730 0.99867250
				-15.19742000 20.83466000 -15.23466000 / -0.89532760 -0.44537490 -0.00543610 / 176 185 0 255 / 0.61148070 0.41830450
				-15.19742000 20.83466000 -15.23466000 / -0.88956820 -0.45680010 0.00143050 / 176 185 0 255 / 0.61148070 0.41830450
				-15.18923000 20.81898000 -15.14726000 / -0.88956820 -0.45680010 0.00143050 / 175 180 0 255 / 0.65748600 0.18565370
				-15.18923000 20.81898000 -15.14726000 / -0.89256930 -0.45091010 0.00028610 / 175 180 0 255 / 0.65748600 0.18565370
				-15.15782000 20.75682000 -15.14727000 / -0.89256930 -0.45091010 0.00028610 / 175 175 0 255 / 0.84283450 0.18565370
				-16.30199000 23.00524000 -15.38507000 / -0.89208810 -0.45186160 -0.00028610 / 125 177 0 255 / 0.20655820 0.06976320
				-16.30199000 23.00524000 -15.38507000 / -0.88937420 -0.45717990 0.00009540 / 125 177 0 255 / 0.20655820 0.06976320
				-16.30199000 23.00524000 -15.38507000 / -0.89119400 -0.45360860 -0.00352890 / 125 177 0 255 / 0.20655820 0.06976320
				-16.33540000 23.07143000 -15.75128000 / -0.89208810 -0.45186160 -0.00028610 / 130 173 0 255 / 0.07519530 0.71879580
				-16.29328000 22.98827000 -15.75128000 / -0.89208810 -0.45186160 -0.00028610 / 128 177 0 255 / 0.24044800 0.71879580
				-16.29328000 22.98827000 -15.75128000 / -0.88937420 -0.45717990 0.00009540 / 128 177 0 255 / 0.24044800 0.71879580
				-16.26743000 22.93802000 -15.47247000 / -0.88937420 -0.45717990 0.00009540 / 117 178 0 255 / 0.34053040 0.22430420
				-16.26743000 22.93802000 -15.47247000 / -0.89119400 -0.45360860 -0.00352890 / 117 178 0 255 / 0.34053040 0.22430420
				-16.26743000 22.93802000 -15.47247000 / -0.89316490 -0.44972940 0.00009540 / 117 178 0 255 / 0.34053040 0.22430420
				-16.26743000 22.93802000 -15.47247000 / -0.89343320 -0.44919620 -0.00028610 / 117 178 0 255 / 0.34053040 0.22430420
				-16.23376000 22.87119000 -15.38507000 / -0.89119400 -0.45360860 -0.00352890 / 117 178 0 255 / 0.47311400 0.06976320
				-16.23376000 22.87119000 -15.38507000 / -0.89316490 -0.44972940 0.00009540 / 117 178 0 255 / 0.47311400 0.06976320
				-16.22802000 22.85973000 -15.60821000 / -0.89316490 -0.44972940 0.00009540 / 118 176 0 255 / 0.49562070 0.46490480
				-16.22802000 22.85973000 -15.60821000 / -0.89343320 -0.44919620 -0.00028610 / 118 176 0 255 / 0.49562070 0.46490480
				-16.22802000 22.85973000 -15.60821000 / -0.89373960 -0.44858630 0.00009540 / 118 176 0 255 / 0.49562070 0.46490480
				-16.22802000 22.85973000 -15.60821000 / -0.89026950 -0.45543350 0.00076290 / 118 176 0 255 / 0.49562070 0.46490480
				-16.22802000 22.85973000 -15.60821000 / -0.89015280 -0.45566210 0.00038150 / 118 176 0 255 / 0.49562070 0.46490480
				-16.26021000 22.92381000 -15.75127000 / -0.89343320 -0.44919620 -0.00028610 / 111 175 0 255 / 0.36869810 0.71879580
				-16.26021000 22.92381000 -15.75127000 / -0.89373960 -0.44858630 0.00009540 / 111 175 0 255 / 0.36869810 0.71879580
				-16.09364000 22.59673000 -15.25567000 / 0.45638980 -0.88951190 0.02183730 / 74 80 0 255 / 0.93911730 0.77926640
				-16.09364000 22.59673000 -15.25567000 / 0.45110050 -0.89247320 0.00028610 / 74 80 0 255 / 0.93911730 0.77926640
				-16.22229000 22.84827000 -15.75128000 / -0.89373960 -0.44858630 0.00009540 / 117 176 0 255 / 0.51860050 0.71879580
				-16.22229000 22.84827000 -15.75128000 / -0.89026950 -0.45543350 0.00076290 / 117 176 0 255 / 0.51860050 0.71879580
				-16.16335000 22.73354000 -15.47247000 / -0.89026950 -0.45543350 0.00076290 / 137 176 0 255 / 0.74720760 0.22430420
				-16.16335000 22.73354000 -15.47247000 / -0.89015280 -0.45566210 0.00038150 / 137 176 0 255 / 0.74720760 0.22430420
				-16.16335000 22.73354000 -15.47247000 / -0.89201030 -0.45201290 -0.00143040 / 137 176 0 255 / 0.74720760 0.22430420
				-16.16335000 22.73354000 -15.47247000 / -0.89285720 -0.45033880 0.00104910 / 137 176 0 255 / 0.74720760 0.22430420
				-16.16335000 22.73354000 -15.47247000 / -0.89208720 -0.45186120 0.00133520 / 137 176 0 255 / 0.74720760 0.22430420
				-16.18101000 22.76812000 -15.38507000 / -0.89015280 -0.45566210 0.00038150 / 139 177 0 255 / 0.67826850 0.06976320
				-16.18101000 22.76812000 -15.38507000 / -0.89201030 -0.45201290 -0.00143040 / 139 177 0 255 / 0.67826850 0.06976320
				-16.11350000 22.63490000 -15.38507000 / -0.89201030 -0.45201290 -0.00143040 / 147 176 0 255 / 0.94372560 0.06976320
				-16.11350000 22.63490000 -15.38507000 / -0.89285720 -0.45033880 0.00104910 / 147 176 0 255 / 0.94372560 0.06976320
				-16.14709000 22.70063000 -15.75127000 / -0.89285720 -0.45033880 0.00104910 / 141 175 0 255 / 0.81236270 0.71879580
				-16.14709000 22.70063000 -15.75127000 / -0.89208720 -0.45186120 0.00133520 / 141 175 0 255 / 0.81236270 0.71879580
				-16.18921000 22.78379000 -15.75128000 / -0.89208720 -0.45186120 0.00133520 / 135 179 0 255 / 0.64711000 0.71879580
				-15.08811000 20.62000000 -15.23368000 / -0.89189430 -0.45224150 0.00152590 / 178 175 0 255 / 0.69847120 0.44723510
				-15.08811000 20.62000000 -15.23368000 / -0.89247200 -0.45109990 0.00162130 / 178 175 0 255 / 0.69847120 0.44723510
				-15.08811000 20.62000000 -15.23368000 / -0.89218150 -0.45166980 0.00257500 / 178 175 0 255 / 0.69847120 0.44723510
				-15.08811000 20.62000000 -15.23368000 / -0.88857300 -0.45873520 -0.00028610 / 178 175 0 255 / 0.69847120 0.44723510
				-15.08811000 20.62000000 -15.23368000 / -0.89052250 -0.45489310 0.00648480 / 178 175 0 255 / 0.69847120 0.44723510
				-15.05226000 20.54958000 -15.14726000 / -0.89189430 -0.45224150 0.00152590 / 185 178 0 255 / 0.90895080 0.21675110
				-15.08690000 20.61790000 -15.14726000 / -0.89189430 -0.45224150 0.00152590 / 183 175 0 255 / 0.70520020 0.21675110
				-15.08690000 20.61790000 -15.14726000 / -0.89247200 -0.45109990 0.00162130 / 183 175 0 255 / 0.70520020 0.21675110
				-15.10682000 20.65714000 -15.19804000 / -0.89247200 -0.45109990 0.00162130 / 177 173 0 255 / 0.58850100 0.35157770
				-15.10682000 20.65714000 -15.19804000 / -0.89052250 -0.45489310 0.00648480 / 177 173 0 255 / 0.58850100 0.35157770
				-15.10682000 20.65714000 -15.19804000 / -0.89321550 -0.44956420 0.00762940 / 177 173 0 255 / 0.58850100 0.35157770
				-15.10682000 20.65714000 -15.19804000 / -0.88806740 -0.45967410 -0.00600820 / 177 173 0 255 / 0.58850100 0.35157770
				-16.09382000 22.59629000 -15.26983000 / 0.45638980 -0.88951190 0.02183730 / 68 96 0 255 / 0.91036990 0.77926640
				-15.10353000 20.64991000 -15.32890000 / -0.89218150 -0.45166980 0.00257500 / 173 176 0 255 / 0.60952760 0.70048530
				-15.10353000 20.64991000 -15.32890000 / -0.88857300 -0.45873520 -0.00028610 / 173 176 0 255 / 0.60952760 0.70048530
				-15.06691000 20.57756000 -15.32890000 / -0.89218150 -0.45166980 0.00257500 / 174 173 0 255 / 0.82510380 0.70048530
				-15.11372000 20.66962000 -15.27031000 / -0.88857300 -0.45873520 -0.00028610 / 174 175 0 255 / 0.55029300 0.54469300
				-15.11372000 20.66962000 -15.27031000 / -0.89052250 -0.45489310 0.00648480 / 174 175 0 255 / 0.55029300 0.54469300
				-15.11372000 20.66962000 -15.27031000 / -0.89321550 -0.44956420 0.00762940 / 174 175 0 255 / 0.55029300 0.54469300
				-15.11372000 20.66962000 -15.27031000 / -0.89552460 -0.44499660 0.00371940 / 174 175 0 255 / 0.55029300 0.54469300
				-15.12623000 20.69510000 -15.23369000 / -0.89321550 -0.44956420 0.00762940 / 175 172 0 255 / 0.47500610 0.44723510
				-15.12623000 20.69510000 -15.23369000 / -0.89552460 -0.44499660 0.00371940 / 175 172 0 255 / 0.47500610 0.44723510
				-15.12623000 20.69510000 -15.23369000 / -0.89063750 -0.45471250 0.00114440 / 175 172 0 255 / 0.47500610 0.44723510
				-15.12623000 20.69510000 -15.23369000 / -0.88806740 -0.45967410 -0.00600820 / 175 172 0 255 / 0.47500610 0.44723510
				-15.12623000 20.69510000 -15.23369000 / -0.89217880 -0.45166850 -0.00352870 / 175 172 0 255 / 0.47500610 0.44723510
				-15.13642000 20.71482000 -15.32889000 / -0.89552460 -0.44499660 0.00371940 / 175 177 0 255 / 0.41499330 0.70048530
				-15.13642000 20.71482000 -15.32889000 / -0.89063750 -0.45471250 0.00114440 / 175 177 0 255 / 0.41499330 0.70048530
				-15.16480000 20.77039000 -15.32890000 / -0.89063750 -0.45471250 0.00114440 / 175 179 0 255 / 0.24932860 0.70048530
				-15.11572000 20.67366000 -15.14726000 / -0.88806740 -0.45967410 -0.00600820 / 176 165 0 255 / 0.53825380 0.21675110
				-15.11572000 20.67366000 -15.14726000 / -0.89217880 -0.45166850 -0.00352870 / 176 165 0 255 / 0.53825380 0.21675110
				-15.14687000 20.73518000 -15.14725000 / -0.89217880 -0.45166850 -0.00352870 / 176 156 0 255 / 0.35420230 0.21675110
				-14.98198000 20.52023000 -15.54912000 / -0.00009540 0.00000000 -1.00000000 / 182 87 0 255 / 0.56410220 0.99867250
				-14.98198000 20.52023000 -15.54912000 / 0.00000000 0.00000000 -1.00000000 / 182 87 0 255 / 0.56410220 0.99867250
				-15.64392000 21.71264000 -15.56230000 / -0.89870940 -0.43848320 0.00734300 / 137 169 0 255 / 0.71147160 0.29083250
				-15.64392000 21.71264000 -15.56230000 / -0.89469260 -0.44667880 0.00181190 / 137 169 0 255 / 0.71147160 0.29083250
				-15.64392000 21.71264000 -15.56230000 / -0.89121900 -0.45357280 -0.00057220 / 137 169 0 255 / 0.71147160 0.29083250
				-15.64392000 21.71264000 -15.56230000 / -0.89247320 -0.45110040 -0.00038150 / 137 169 0 255 / 0.71147160 0.29083250
				-15.64392000 21.71264000 -15.56230000 / -0.88827850 -0.45930310 0.00143060 / 137 169 0 255 / 0.71147160 0.29083250
				-15.63289000 21.68990000 -15.56963000 / -0.89870940 -0.43848320 0.00734300 / 124 177 0 255 / 0.75617980 0.30366510
				-16.04972000 22.61892000 -15.26983000 / 0.45638980 -0.88951190 0.02183730 / 72 81 0 255 / 0.91036990 0.99867250
				-16.04972000 22.61892000 -15.26983000 / 0.45110050 -0.89247320 0.00028610 / 72 81 0 255 / 0.91036990 0.99867250
				-15.62322000 21.67145000 -15.48711000 / -0.89870940 -0.43848320 0.00734300 / 128 172 0 255 / 0.79309080 0.15783690
				-15.62322000 21.67145000 -15.48711000 / -0.89469260 -0.44667880 0.00181190 / 128 172 0 255 / 0.79309080 0.15783690
				-15.63296000 21.69098000 -15.48174000 / -0.89469260 -0.44667880 0.00181190 / 134 166 0 255 / 0.75445550 0.14759830
				-15.63296000 21.69098000 -15.48174000 / -0.89121900 -0.45357280 -0.00057220 / 134 166 0 255 / 0.75445550 0.14759830
				-15.64192000 21.70859000 -15.48027000 / -0.89121900 -0.45357280 -0.00057220 / 139 165 0 255 / 0.71954340 0.14540100
				-15.64192000 21.70859000 -15.48027000 / -0.89247320 -0.45110040 -0.00038150 / 139 165 0 255 / 0.71954340 0.14540100
				-15.65114000 21.72684000 -15.48321000 / -0.89247320 -0.45110040 -0.00038150 / 152 167 0 255 / 0.68319700 0.15008550
				-15.65114000 21.72684000 -15.48321000 / -0.88827850 -0.45930310 0.00143060 / 152 167 0 255 / 0.68319700 0.15008550
				-15.65114000 21.72684000 -15.48321000 / -0.87825980 -0.47818380 -0.00028610 / 152 167 0 255 / 0.68319700 0.15008550
				-15.65411000 21.73235000 -15.55889000 / -0.88827850 -0.45930310 0.00143060 / 170 160 0 255 / 0.67211920 0.28466800
				-15.65411000 21.73235000 -15.55889000 / -0.87825980 -0.47818380 -0.00028610 / 170 160 0 255 / 0.67211920 0.28466800
				-15.65411000 21.73235000 -15.55889000 / -0.90063460 -0.43448660 -0.00886900 / 170 160 0 255 / 0.67211920 0.28466800
				-15.65411000 21.73235000 -15.55889000 / -0.88585900 -0.46386240 0.00925050 / 170 160 0 255 / 0.67211920 0.28466800
				-15.65411000 21.73235000 -15.55889000 / -0.89474850 -0.44594370 -0.02365140 / 170 160 0 255 / 0.67211920 0.28466800
				-15.65978000 21.74272000 -15.49102000 / -0.87825980 -0.47818380 -0.00028610 / 170 164 0 255 / 0.65109250 0.16409300
				-15.65978000 21.74272000 -15.49102000 / -0.90063460 -0.43448660 -0.00886900 / 170 164 0 255 / 0.65109250 0.16409300
				-15.66732000 21.75865000 -15.50566000 / -0.90063460 -0.43448660 -0.00886900 / 173 159 0 255 / 0.61994930 0.19055180
				-15.66732000 21.75865000 -15.50566000 / -0.88585900 -0.46386240 0.00925050 / 173 159 0 255 / 0.61994930 0.19055180
				-14.95586000 20.46935000 -15.54912000 / 0.00000000 0.00000000 -1.00000000 / 187 106 0 255 / 0.93911730 0.99867250
				-15.67623000 21.77518000 -15.52958000 / -0.88585900 -0.46386240 0.00925050 / 173 167 0 255 / 0.58645630 0.23252870
				-15.67623000 21.77518000 -15.52958000 / -0.89474850 -0.44594370 -0.02365140 / 173 167 0 255 / 0.58645630 0.23252870
				-15.67623000 21.77518000 -15.52958000 / -0.88146140 -0.47224900 0.00257490 / 173 167 0 255 / 0.58645630 0.23252870
				-15.67623000 21.77518000 -15.52958000 / -0.89456360 -0.44690030 -0.00600830 / 173 167 0 255 / 0.58645630 0.23252870
				-15.67623000 21.77518000 -15.52958000 / -0.89177890 -0.45242210 0.00667570 / 173 167 0 255 / 0.58645630 0.23252870
				-15.66236000 21.74911000 -15.56280000 / -0.89474850 -0.44594370 -0.02365140 / 175 154 0 255 / 0.63890080 0.29199220
				-15.66236000 21.74911000 -15.56280000 / -0.88146140 -0.47224900 0.00257490 / 175 154 0 255 / 0.63890080 0.29199220
				-15.66978000 21.76288000 -15.57548000 / -0.88146140 -0.47224900 0.00257490 / 174 172 0 255 / 0.61071780 0.31390380
				-15.66978000 21.76288000 -15.57548000 / -0.89456360 -0.44690030 -0.00600830 / 174 172 0 255 / 0.61071780 0.31390380
				-15.66978000 21.76288000 -15.57548000 / -0.89131370 -0.45338170 0.00219350 / 174 172 0 255 / 0.61071780 0.31390380
				-16.04972000 22.61892000 -15.25567000 / 0.45110050 -0.89247320 0.00028610 / 71 71 0 255 / 0.93911730 0.99867250
				-15.71563000 21.85347000 -15.48613000 / -0.89456360 -0.44690030 -0.00600830 / 160 173 0 255 / 0.43124390 0.15562440
				-15.71563000 21.85347000 -15.48613000 / -0.89177890 -0.45242210 0.00667570 / 160 173 0 255 / 0.43124390 0.15562440
				-15.71563000 21.85347000 -15.48613000 / -0.89131370 -0.45338170 0.00219350 / 160 173 0 255 / 0.43124390 0.15562440
				-15.71563000 21.85347000 -15.48613000 / -0.89459530 -0.44686850 -0.00276550 / 160 173 0 255 / 0.43124390 0.15562440
				-15.71563000 21.85347000 -15.48613000 / -0.88976310 -0.45642080 0.00133510 / 160 173 0 255 / 0.43124390 0.15562440
				-15.71563000 21.85347000 -15.48613000 / -0.89131560 -0.45338270 0.00076290 / 160 173 0 255 / 0.43124390 0.15562440
				-15.67204000 21.76756000 -15.48613000 / -0.89177890 -0.45242210 0.00667570 / 161 181 0 255 / 0.60202030 0.15562440
				-15.67848000 21.77985000 -15.60869000 / -0.89131370 -0.45338170 0.00219350 / 163 170 0 255 / 0.57763670 0.37307740
				-15.67848000 21.77985000 -15.60869000 / -0.89459530 -0.44686850 -0.00276550 / 163 170 0 255 / 0.57763670 0.37307740
				-15.68500000 21.79322000 -15.66241000 / -0.89459530 -0.44686850 -0.00276550 / 154 169 0 255 / 0.55131530 0.46807860
				-15.68500000 21.79322000 -15.66241000 / -0.88976310 -0.45642080 0.00133510 / 154 169 0 255 / 0.55131530 0.46807860
				-15.69318000 21.80890000 -15.75127000 / -0.88976310 -0.45642080 0.00133510 / 148 166 0 255 / 0.51939390 0.62579340
				-15.69318000 21.80890000 -15.75127000 / -0.89131560 -0.45338270 0.00076290 / 148 166 0 255 / 0.51939390 0.62579340
				-15.74000000 21.90097000 -15.75127000 / -0.89131560 -0.45338270 0.00076290 / 145 169 0 255 / 0.33607480 0.62579340
				-14.99423000 20.43525000 -15.48612000 / 0.44031290 -0.87414070 -0.20494530 / 191 118 0 255 / 0.93911730 0.77926640
				-14.99423000 20.43525000 -15.48612000 / 0.44720190 -0.87189600 -0.19951940 / 191 118 0 255 / 0.93911730 0.77926640
				-15.12146000 20.68511000 -15.56132000 / -0.88440240 -0.46670960 -0.00381450 / 183 170 0 255 / 0.71791080 0.35653680
				-15.12146000 20.68511000 -15.56132000 / -0.88579540 -0.46406980 -0.00238420 / 183 170 0 255 / 0.71791080 0.35653680
				-15.12146000 20.68511000 -15.56132000 / -0.88308360 -0.46919780 -0.00410070 / 183 170 0 255 / 0.71791080 0.35653680
				-15.12146000 20.68511000 -15.56132000 / -0.89237580 -0.45129020 -0.00162130 / 183 170 0 255 / 0.71791080 0.35653680
				-15.12146000 20.68511000 -15.56132000 / -0.89467250 -0.44671630 -0.00238430 / 183 170 0 255 / 0.71791080 0.35653680
				-15.11204000 20.66732000 -15.56718000 / -0.88440240 -0.46670960 -0.00381450 / 185 166 0 255 / 0.75347900 0.36740110
				-15.10457000 20.65246000 -15.48222000 / -0.88440240 -0.46670960 -0.00381450 / 184 166 0 255 / 0.78332520 0.21659850
				-15.10457000 20.65246000 -15.48222000 / -0.88579540 -0.46406980 -0.00238420 / 184 166 0 255 / 0.78332520 0.21659850
				-15.11101000 20.66475000 -15.47978000 / -0.88579540 -0.46406980 -0.00238420 / 182 170 0 255 / 0.75849910 0.21185300
				-15.11101000 20.66475000 -15.47978000 / -0.88308360 -0.46919780 -0.00410070 / 182 170 0 255 / 0.75849910 0.21185300
				-16.03057000 22.47177000 -15.25567000 / 0.00000000 0.00000000 -1.00000000 / 26 92 0 255 / 0.93911730 0.77926640
				-16.03057000 22.47177000 -15.25567000 / 0.00000000 0.00000000 -1.00000000 / 26 92 0 255 / 0.93911730 0.77926640
				-15.11720000 20.67640000 -15.48027000 / -0.88308360 -0.46919780 -0.00410070 / 181 176 0 255 / 0.73515320 0.21304320
				-15.11720000 20.67640000 -15.48027000 / -0.89237580 -0.45129020 -0.00162130 / 181 176 0 255 / 0.73515320 0.21304320
				-15.12642000 20.69465000 -15.48320000 / -0.89237580 -0.45129020 -0.00162130 / 182 174 0 255 / 0.69879150 0.21772770
				-15.12642000 20.69465000 -15.48320000 / -0.89467250 -0.44671630 -0.00238430 / 182 174 0 255 / 0.69879150 0.21772770
				-15.12642000 20.69465000 -15.48320000 / -0.89562370 -0.44480770 -0.00209810 / 182 174 0 255 / 0.69879150 0.21772770
				-15.12920000 20.70060000 -15.55888000 / -0.89467250 -0.44671630 -0.00238430 / 183 171 0 255 / 0.68771360 0.35231020
				-15.12920000 20.70060000 -15.55888000 / -0.89562370 -0.44480770 -0.00209810 / 183 171 0 255 / 0.68771360 0.35231020
				-15.12920000 20.70060000 -15.55888000 / -0.88670670 -0.46233110 0.00114440 / 183 171 0 255 / 0.68771360 0.35231020
				-15.12920000 20.70060000 -15.55888000 / -0.89331680 -0.44937640 -0.00677120 / 183 171 0 255 / 0.68771360 0.35231020
				-15.12920000 20.70060000 -15.55888000 / -0.88902810 -0.45777030 0.00867860 / 183 171 0 255 / 0.68771360 0.35231020
				-15.13442000 20.71079000 -15.49101000 / -0.89562370 -0.44480770 -0.00209810 / 183 176 0 255 / 0.66668700 0.23173520
				-15.13442000 20.71079000 -15.49101000 / -0.88670670 -0.46233110 0.00114440 / 183 176 0 255 / 0.66668700 0.23173520
				-15.14261000 20.72646000 -15.50565000 / -0.88670670 -0.46233110 0.00114440 / 184 169 0 255 / 0.63554380 0.25819400
				-15.14261000 20.72646000 -15.50565000 / -0.89331680 -0.44937640 -0.00677120 / 184 169 0 255 / 0.63554380 0.25819400
				-15.00042000 20.44690000 -15.54911000 / 0.44031290 -0.87414070 -0.20494530 / 183 88 0 255 / 0.56410220 0.77926640
				-15.15087000 20.74325000 -15.52958000 / -0.89331680 -0.44937640 -0.00677120 / 180 167 0 255 / 0.60205080 0.30017090
				-15.15087000 20.74325000 -15.52958000 / -0.88902810 -0.45777030 0.00867860 / 180 167 0 255 / 0.60205080 0.30017090
				-15.15087000 20.74325000 -15.52958000 / -0.89237460 -0.45128960 0.00228890 / 180 167 0 255 / 0.60205080 0.30017090
				-15.15087000 20.74325000 -15.52958000 / -0.88866110 -0.45854070 0.00467310 / 180 167 0 255 / 0.60205080 0.30017090
				-15.15087000 20.74325000 -15.52958000 / -0.88995780 -0.45604140 -0.00123980 / 180 167 0 255 / 0.60205080 0.30017090
				-15.13764000 20.71693000 -15.56278000 / -0.88902810 -0.45777030 0.00867860 / 181 171 0 255 / 0.65449520 0.35963440
				-15.13764000 20.71693000 -15.56278000 / -0.89237460 -0.45128960 0.00228890 / 181 171 0 255 / 0.65449520 0.35963440
				-15.14487000 20.73114000 -15.57548000 / -0.89237460 -0.45128960 0.00228890 / 179 174 0 255 / 0.62632750 0.38154600
				-15.14487000 20.73114000 -15.57548000 / -0.88866110 -0.45854070 0.00467310 / 179 174 0 255 / 0.62632750 0.38154600
				-15.14487000 20.73114000 -15.57548000 / -0.89274780 -0.45052250 -0.00553140 / 179 174 0 255 / 0.62632750 0.38154600
				-15.19091000 20.82128000 -15.48613000 / -0.88866110 -0.45854070 0.00467310 / 176 174 0 255 / 0.44683840 0.22326660
				-15.19091000 20.82128000 -15.48613000 / -0.88995780 -0.45604140 -0.00123980 / 176 174 0 255 / 0.44683840 0.22326660
				-15.19091000 20.82128000 -15.48613000 / -0.89274780 -0.45052250 -0.00553140 / 176 174 0 255 / 0.44683840 0.22326660
				-15.19091000 20.82128000 -15.48613000 / -0.88867070 -0.45854570 0.00057220 / 176 174 0 255 / 0.44683840 0.22326660
				-15.19091000 20.82128000 -15.48613000 / -0.88888630 -0.45812780 0.00028610 / 176 174 0 255 / 0.44683840 0.22326660
				-15.19091000 20.82128000 -15.48613000 / -0.89131570 -0.45338270 -0.00066760 / 176 174 0 255 / 0.44683840 0.22326660
				-15.14712000 20.73582000 -15.48612000 / -0.88995780 -0.45604140 -0.00123980 / 179 162 0 255 / 0.61761470 0.22326660
				-16.09364000 22.59673000 -15.25567000 / 0.00000000 0.00000000 -1.00000000 / 32 68 0 255 / 0.56410220 0.77926640
				-15.15312000 20.74791000 -15.60869000 / -0.89274780 -0.45052250 -0.00553140 / 176 179 0 255 / 0.59323120 0.44071960
				-15.15312000 20.74791000 -15.60869000 / -0.88867070 -0.45854570 0.00057220 / 176 179 0 255 / 0.59323120 0.44071960
				-15.15983000 20.76084000 -15.66240000 / -0.88867070 -0.45854570 0.00057220 / 173 174 0 255 / 0.56690980 0.53572080
				-15.15983000 20.76084000 -15.66240000 / -0.88888630 -0.45812780 0.00028610 / 173 174 0 255 / 0.56690980 0.53572080
				-15.16827000 20.77717000 -15.75127000 / -0.88888630 -0.45812780 0.00028610 / 172 177 0 255 / 0.53500370 0.69343570
				-15.16827000 20.77717000 -15.75127000 / -0.89131570 -0.45338270 -0.00066760 / 172 177 0 255 / 0.53500370 0.69343570
				-15.21509000 20.86923000 -15.75127000 / -0.89131570 -0.45338270 -0.00066760 / 173 179 0 255 / 0.35166930 0.69343570
				-14.95586000 20.46935000 -15.54912000 / 0.44031290 -0.87414070 -0.20494530 / 187 106 0 255 / 0.56410220 0.99867250
				-14.95586000 20.46935000 -15.54912000 / 0.44720190 -0.87189600 -0.19951940 / 187 106 0 255 / 0.56410220 0.99867250
				-15.44840000 21.32762000 -15.52568000 / -0.88992980 -0.45602710 0.00801050 / 168 166 0 255 / 0.53524780 0.09828189
				-15.44840000 21.32762000 -15.52568000 / -0.89170240 -0.45262240 -0.00019070 / 168 166 0 255 / 0.53524780 0.09828189
				-15.44840000 21.32762000 -15.52568000 / -0.89131590 -0.45338280 -0.00047680 / 168 166 0 255 / 0.53524780 0.09828189
				-15.44840000 21.32762000 -15.52568000 / -0.69252480 -0.71922640 -0.05588260 / 168 166 0 255 / 0.53524780 0.09828189
				-15.44840000 21.32762000 -15.52568000 / -0.91516060 -0.40302930 0.00696190 / 168 166 0 255 / 0.53524780 0.09828189
				-15.44840000 21.32762000 -15.52568000 / -0.89863850 -0.43868590 0.00190730 / 168 166 0 255 / 0.53524780 0.09828189
				-15.44840000 21.32762000 -15.52568000 / -0.88599560 -0.46369330 0.00057220 / 168 166 0 255 / 0.53524780 0.09828189
				-15.44840000 21.32762000 -15.52568000 / -0.89361940 -0.44881250 -0.00343330 / 168 166 0 255 / 0.53524780 0.09828189
				-15.44840000 21.32762000 -15.52568000 / -0.88178010 -0.47131270 0.01812010 / 168 166 0 255 / 0.53524780 0.09828189
				-15.44840000 21.32762000 -15.52568000 / -0.88568680 -0.46425360 0.00524530 / 168 166 0 255 / 0.53524780 0.09828189
				-15.44447000 21.32064000 -15.48613000 / -0.88992980 -0.45602710 0.00801050 / 174 181 0 255 / 0.54872130 0.03173830
				-15.48825000 21.40610000 -15.48614000 / -0.88992980 -0.45602710 0.00801050 / 174 171 0 255 / 0.38725280 0.03173830
				-15.48825000 21.40610000 -15.48614000 / -0.89170240 -0.45262240 -0.00019070 / 174 171 0 255 / 0.38725280 0.03173830
				-15.52488000 21.47844000 -15.91387000 / -0.89170240 -0.45262240 -0.00019070 / 174 166 0 255 / 0.25061030 0.75265500
				-15.52488000 21.47844000 -15.91387000 / -0.89131590 -0.45338280 -0.00047680 / 174 166 0 255 / 0.25061030 0.75265500
				-15.47806000 21.38637000 -15.91387000 / -0.89131590 -0.45338280 -0.00047680 / 172 165 0 255 / 0.42477420 0.75265500
				-15.47806000 21.38637000 -15.91387000 / -0.69252480 -0.71922640 -0.05588260 / 172 165 0 255 / 0.42477420 0.75265500
				-15.46291000 21.35713000 -15.72539000 / -0.69252480 -0.71922640 -0.05588260 / 150 163 0 255 / 0.47982790 0.43490600
				-15.46291000 21.35713000 -15.72539000 / -0.90085330 -0.43411860 0.00209810 / 150 163 0 255 / 0.47982790 0.43490600
				-15.46291000 21.35713000 -15.72539000 / -0.89533650 -0.44537930 -0.00314720 / 150 163 0 255 / 0.47982790 0.43490600
				-15.46291000 21.35713000 -15.72539000 / -0.88100980 -0.47302540 -0.00829700 / 150 163 0 255 / 0.47982790 0.43490600
				-15.46291000 21.35713000 -15.72539000 / -0.91516060 -0.40302930 0.00696190 / 150 163 0 255 / 0.47982790 0.43490600
				-15.46291000 21.35713000 -15.72539000 / -0.88082850 -0.47264900 -0.02727550 / 150 163 0 255 / 0.47982790 0.43490600
				-15.46291000 21.35713000 -15.72539000 / -0.89313140 -0.44976060 0.00562680 / 150 163 0 255 / 0.47982790 0.43490600
				-16.04972000 22.61892000 -15.25567000 / 0.00000000 0.00000000 -1.00000000 / 28 69 0 255 / 0.56410220 0.99867250
				-16.04972000 22.61892000 -15.25567000 / 0.00000000 0.00000000 -1.00000000 / 28 69 0 255 / 0.56410220 0.99867250
				-15.45214000 21.33504000 -15.66631000 / -0.90085330 -0.43411860 0.00209810 / 133 163 0 255 / 0.52134700 0.33512880
				-15.45214000 21.33504000 -15.66631000 / -0.89533650 -0.44537930 -0.00314720 / 133 163 0 255 / 0.52134700 0.33512880
				-15.45465000 21.34036000 -15.64677000 / -0.90085330 -0.43411860 0.00209810 / 131 168 0 255 / 0.51095580 0.30276490
				-15.45465000 21.34036000 -15.64677000 / -0.88100980 -0.47302540 -0.00829700 / 131 168 0 255 / 0.51095580 0.30276490
				-15.44640000 21.32358000 -15.67754000 / -0.89533650 -0.44537930 -0.00314720 / 149 154 0 255 / 0.54304500 0.35430910
				-15.44640000 21.32358000 -15.67754000 / -0.88082850 -0.47264900 -0.02727550 / 149 154 0 255 / 0.54304500 0.35430910
				-14.95012000 20.45788000 -15.48613000 / 0.44720190 -0.87189600 -0.19951940 / 194 123 0 255 / 0.93911730 0.99867250
				-15.45387000 21.33843000 -15.61943000 / -0.88100980 -0.47302540 -0.00829700 / 150 169 0 255 / 0.51461790 0.25677490
				-15.45387000 21.33843000 -15.61943000 / -0.91516060 -0.40302930 0.00696190 / 150 169 0 255 / 0.51461790 0.25677490
				-15.45387000 21.33843000 -15.61943000 / -0.89863850 -0.43868590 0.00190730 / 150 169 0 255 / 0.51461790 0.25677490
				-15.43776000 21.30770000 -15.68145000 / -0.88082850 -0.47264900 -0.02727550 / 175 167 0 255 / 0.57328800 0.36068730
				-15.43776000 21.30770000 -15.68145000 / -0.89313140 -0.44976060 0.00562680 / 175 167 0 255 / 0.57328800 0.36068730
				-15.43776000 21.30770000 -15.68145000 / -0.89217760 -0.45166790 0.00391010 / 175 167 0 255 / 0.57328800 0.36068730
				-15.43776000 21.30770000 -15.68145000 / -0.89710860 -0.44173570 0.00810610 / 175 167 0 255 / 0.57328800 0.36068730
				-15.43776000 21.30770000 -15.68145000 / -0.88826010 -0.45929360 0.00658040 / 175 167 0 255 / 0.57328800 0.36068730
				-15.43776000 21.30770000 -15.68145000 / -0.89495570 -0.44614270 0.00333800 / 175 167 0 255 / 0.57328800 0.36068730
				-15.44988000 21.33037000 -15.59014000 / -0.89863850 -0.43868590 0.00190730 / 164 162 0 255 / 0.53015140 0.20733640
				-15.44988000 21.33037000 -15.59014000 / -0.88599560 -0.46369330 0.00057220 / 164 162 0 255 / 0.53015140 0.20733640
				-15.45691000 21.34502000 -15.73906000 / -0.89313140 -0.44976060 0.00562680 / 174 164 0 255 / 0.50285340 0.45805360
				-15.45691000 21.34502000 -15.73906000 / -0.89217760 -0.45166790 0.00391010 / 174 164 0 255 / 0.50285340 0.45805360
				-15.44344000 21.31808000 -15.57061000 / -0.88599560 -0.46369330 0.00057220 / 166 157 0 255 / 0.55355830 0.17382810
				-15.44344000 21.31808000 -15.57061000 / -0.89361940 -0.44881250 -0.00343330 / 166 157 0 255 / 0.55355830 0.17382810
				-15.44943000 21.33017000 -15.74883000 / -0.89217760 -0.45166790 0.00391010 / 177 168 0 255 / 0.53070070 0.47471620
				-15.44943000 21.33017000 -15.74883000 / -0.89710860 -0.44173570 0.00810610 / 177 168 0 255 / 0.53070070 0.47471620
				-15.43570000 21.30259000 -15.55888000 / -0.89361940 -0.44881250 -0.00343330 / 164 157 0 255 / 0.58238220 0.15466310
				-15.43570000 21.30259000 -15.55888000 / -0.88178010 -0.47131270 0.01812010 / 164 157 0 255 / 0.58238220 0.15466310
				-15.98646000 22.49440000 -15.25567000 / 0.00000000 0.00000000 -1.00000000 / 23 102 0 255 / 0.93911730 0.99867250
				-15.44092000 21.31276000 -15.75518000 / -0.89710860 -0.44173570 0.00810610 / 179 173 0 255 / 0.56340030 0.48478700
				-15.44092000 21.31276000 -15.75518000 / -0.88826010 -0.45929360 0.00658040 / 179 173 0 255 / 0.56340030 0.48478700
				-15.42680000 21.28607000 -15.55547000 / -0.88178010 -0.47131270 0.01812010 / 166 171 0 255 / 0.61415100 0.14826970
				-15.42680000 21.28607000 -15.55547000 / -0.88568680 -0.46425360 0.00524530 / 166 171 0 255 / 0.61415100 0.14826970
				-15.42680000 21.28607000 -15.55547000 / -0.89749340 -0.44097440 -0.00686640 / 166 171 0 255 / 0.61415100 0.14826970
				-15.42680000 21.28607000 -15.55547000 / -0.89197450 -0.45204310 -0.00619890 / 166 171 0 255 / 0.61415100 0.14826970
				-15.01990000 20.48595000 -15.48613000 / 0.00000000 0.00019070 1.00000000 / 80 166 0 255 / 0.93911730 0.77926640
				-15.01990000 20.48595000 -15.48613000 / 0.00000000 0.00019070 1.00000000 / 80 166 0 255 / 0.93911730 0.77926640
				-15.43074000 21.29304000 -15.75713000 / -0.88826010 -0.45929360 0.00658040 / 177 172 0 255 / 0.60098270 0.48814390
				-15.43074000 21.29304000 -15.75713000 / -0.89495570 -0.44614270 0.00333800 / 177 172 0 255 / 0.60098270 0.48814390
				-15.43074000 21.29304000 -15.75713000 / -0.89053650 -0.45490030 0.00324250 / 177 172 0 255 / 0.60098270 0.48814390
				-15.43750000 21.30706000 -15.50469000 / -0.88568680 -0.46425360 0.00524530 / 163 172 0 255 / 0.57455440 0.06330870
				-15.43750000 21.30706000 -15.50469000 / -0.89749340 -0.44097440 -0.00686640 / 163 172 0 255 / 0.57455440 0.06330870
				-15.43002000 21.29221000 -15.67754000 / -0.89495570 -0.44614270 0.00333800 / 176 170 0 255 / 0.60235600 0.35456850
				-15.43002000 21.29221000 -15.67754000 / -0.89053650 -0.45490030 0.00324250 / 176 170 0 255 / 0.60235600 0.35456850
				-15.43002000 21.29221000 -15.67754000 / -0.89063400 -0.45471070 0.00305170 / 176 170 0 255 / 0.60235600 0.35456850
				-15.43002000 21.29221000 -15.67754000 / -0.89519010 -0.44535400 -0.01716570 / 176 170 0 255 / 0.60235600 0.35456850
				-15.42873000 21.28901000 -15.49199000 / -0.89749340 -0.44097440 -0.00686640 / 172 178 0 255 / 0.60836790 0.04183960
				-15.42873000 21.28901000 -15.49199000 / -0.89197450 -0.45204310 -0.00619890 / 172 178 0 255 / 0.60836790 0.04183960
				-15.42873000 21.28901000 -15.49199000 / -0.88690050 -0.46195120 -0.00295630 / 172 178 0 255 / 0.60836790 0.04183960
				-15.40957000 21.25168000 -15.74834000 / -0.89053650 -0.45490030 0.00324250 / 176 169 0 255 / 0.67936710 0.47349550
				-15.40957000 21.25168000 -15.74834000 / -0.89063400 -0.45471070 0.00305170 / 176 169 0 255 / 0.67936710 0.47349550
				-15.41958000 21.27185000 -15.55888000 / -0.89197450 -0.45204310 -0.00619890 / 172 181 0 255 / 0.64122010 0.15460210
				-15.41958000 21.27185000 -15.55888000 / -0.88690050 -0.46195120 -0.00295630 / 172 181 0 255 / 0.64122010 0.15460210
				-15.41958000 21.27185000 -15.55888000 / -0.88966380 -0.45660950 -0.00247950 / 172 181 0 255 / 0.64122010 0.15460210
				-15.41958000 21.27185000 -15.55888000 / -0.90064250 -0.43449040 0.00782010 / 172 181 0 255 / 0.64122010 0.15460210
				-15.39043000 21.21435000 -15.72197000 / -0.89063400 -0.45471070 0.00305170 / 174 169 0 255 / 0.74943540 0.42956540
				-15.39043000 21.21435000 -15.72197000 / -0.89519010 -0.44535400 -0.01716570 / 174 169 0 255 / 0.74943540 0.42956540
				-15.39043000 21.21435000 -15.72197000 / -0.89043970 -0.45509030 -0.00314710 / 174 169 0 255 / 0.74943540 0.42956540
				-15.41705000 21.26654000 -15.48320000 / -0.88690050 -0.46195120 -0.00295630 / 172 182 0 255 / 0.65126040 0.02697750
				-15.41705000 21.26654000 -15.48320000 / -0.88966380 -0.45660950 -0.00247950 / 172 182 0 255 / 0.65126040 0.02697750
				-16.08835000 22.58547000 -15.20782000 / 0.41634760 -0.82430340 -0.38363870 / 54 96 0 255 / 0.93911730 0.77926640
				-16.08835000 22.58547000 -15.20782000 / 0.42480720 -0.82805930 -0.36586450 / 54 96 0 255 / 0.93911730 0.77926640
				-15.42325000 21.27819000 -15.66679000 / -0.89519010 -0.44535400 -0.01716570 / 173 166 0 255 / 0.62898260 0.33618160
				-15.42325000 21.27819000 -15.66679000 / -0.89043970 -0.45509030 -0.00314710 / 173 166 0 255 / 0.62898260 0.33618160
				-15.42325000 21.27819000 -15.66679000 / -0.88970020 -0.45643750 0.00991840 / 173 166 0 255 / 0.62898260 0.33618160
				-14.99423000 20.43525000 -15.48612000 / 0.00000000 0.00019070 1.00000000 / 71 178 0 255 / 0.56410220 0.77926640
				-15.40487000 21.24278000 -15.48027000 / -0.88966380 -0.45660950 -0.00247950 / 172 179 0 255 / 0.69619750 0.02203370
				-15.40487000 21.24278000 -15.48027000 / -0.90064250 -0.43449040 0.00782010 / 172 179 0 255 / 0.69619750 0.02203370
				-15.40487000 21.24278000 -15.48027000 / -0.89304320 -0.44995490 0.00381480 / 172 179 0 255 / 0.69619750 0.02203370
				-15.37572000 21.18529000 -15.67949000 / -0.89043970 -0.45509030 -0.00314710 / 172 170 0 255 / 0.80450440 0.35781860
				-15.37572000 21.18529000 -15.67949000 / -0.88970020 -0.45643750 0.00991840 / 172 170 0 255 / 0.80450440 0.35781860
				-15.37572000 21.18529000 -15.67949000 / -0.89121920 -0.45357290 0.00019070 / 172 170 0 255 / 0.80450440 0.35781860
				-15.41455000 21.26123000 -15.57011000 / -0.90064250 -0.43449040 0.00782010 / 166 171 0 255 / 0.66104120 0.17361450
				-15.41455000 21.26123000 -15.57011000 / -0.89304320 -0.44995490 0.00381480 / 166 171 0 255 / 0.66104120 0.17361450
				-15.41455000 21.26123000 -15.57011000 / -0.88925220 -0.45740590 -0.00324270 / 166 171 0 255 / 0.66104120 0.17361450
				-15.41455000 21.26123000 -15.57011000 / -0.88795340 -0.45985520 -0.00848760 / 166 171 0 255 / 0.66104120 0.17361450
				-15.41706000 21.26653000 -15.64726000 / -0.88970020 -0.45643750 0.00991840 / 170 166 0 255 / 0.65101620 0.30313110
				-15.41706000 21.26653000 -15.64726000 / -0.89121920 -0.45357290 0.00019070 / 170 166 0 255 / 0.65101620 0.30313110
				-15.41706000 21.26653000 -15.64726000 / -0.89092360 -0.45414030 -0.00343320 / 170 166 0 255 / 0.65101620 0.30313110
				-15.38417000 21.20162000 -15.49053000 / -0.89304320 -0.44995490 0.00381480 / 170 172 0 255 / 0.77310180 0.03913880
				-15.38417000 21.20162000 -15.49053000 / -0.88925220 -0.45740590 -0.00324270 / 170 172 0 255 / 0.77310180 0.03913880
				-15.36676000 21.16769000 -15.62139000 / -0.89121920 -0.45357290 0.00019070 / 159 163 0 255 / 0.83786010 0.25971990
				-15.36676000 21.16769000 -15.62139000 / -0.89092360 -0.45414030 -0.00343320 / 159 163 0 255 / 0.83786010 0.25971990
				-15.36676000 21.16769000 -15.62139000 / -0.89072580 -0.45451810 0.00457760 / 159 163 0 255 / 0.83786010 0.25971990
				-15.36676000 21.16769000 -15.62139000 / -0.89141250 -0.45319270 0.00028610 / 159 163 0 255 / 0.83786010 0.25971990
				-15.37076000 21.17576000 -15.52080000 / -0.88925220 -0.45740590 -0.00324270 / 153 158 0 255 / 0.82255560 0.09048460
				-15.37076000 21.17576000 -15.52080000 / -0.88795340 -0.45985520 -0.00848760 / 153 158 0 255 / 0.82255560 0.09048460
				-15.37076000 21.17576000 -15.52080000 / -0.89150820 -0.45300210 0.00152590 / 153 158 0 255 / 0.82255560 0.09048460
				-15.41306000 21.25847000 -15.61748000 / -0.89092360 -0.45414030 -0.00343320 / 162 158 0 255 / 0.66627500 0.25302120
				-15.41306000 21.25847000 -15.61748000 / -0.89072580 -0.45451810 0.00457760 / 162 158 0 255 / 0.66627500 0.25302120
				-15.41184000 21.25636000 -15.58964000 / -0.88795340 -0.45985520 -0.00848760 / 149 155 0 255 / 0.67044070 0.20614620
				-15.41184000 21.25636000 -15.58964000 / -0.89072580 -0.45451810 0.00457760 / 149 155 0 255 / 0.67044070 0.20614620
				-15.41184000 21.25636000 -15.58964000 / -0.89150820 -0.45300210 0.00152590 / 149 155 0 255 / 0.67044070 0.20614620
				-15.41184000 21.25636000 -15.58964000 / -0.89141250 -0.45319270 0.00028610 / 149 155 0 255 / 0.67044070 0.20614620
				-16.09086000 22.59078000 -15.22197000 / 0.41634760 -0.82430340 -0.38363870 / 52 97 0 255 / 0.91036990 0.77926640
				-14.95012000 20.45788000 -15.48613000 / 0.00000000 0.00019070 1.00000000 / 80 166 0 255 / 0.56410220 0.99867250
				-14.95012000 20.45788000 -15.48613000 / 0.00000000 0.00019070 1.00000000 / 80 166 0 255 / 0.56410220 0.99867250
				-15.36502000 21.16431000 -15.56621000 / -0.89150820 -0.45300210 0.00152590 / 142 153 0 255 / 0.84423830 0.16700740
				-15.36502000 21.16431000 -15.56621000 / -0.89141250 -0.45319270 0.00028610 / 142 153 0 255 / 0.84423830 0.16700740
				-16.29754000 22.99699000 -15.32892000 / -0.89258710 -0.45087090 0.00190720 / 131 180 0 255 / 0.14501950 0.74940490
				-16.29754000 22.99699000 -15.32892000 / -0.89361690 -0.44881120 0.00419630 / 131 180 0 255 / 0.14501950 0.74940490
				-16.29754000 22.99699000 -15.32892000 / -0.88668580 -0.46232010 -0.00696150 / 131 180 0 255 / 0.14501950 0.74940490
				-16.29754000 22.99699000 -15.32892000 / -0.89335550 -0.44934790 0.00162120 / 131 180 0 255 / 0.14501950 0.74940490
				-16.26239000 22.92740000 -15.32891000 / -0.89258710 -0.45087090 0.00190720 / 143 186 0 255 / 0.36210630 0.74940490
				-16.25395000 22.91107000 -15.23565000 / -0.89258710 -0.45087090 0.00190720 / 134 173 0 255 / 0.41346740 0.48973080
				-16.25395000 22.91107000 -15.23565000 / -0.89361690 -0.44881120 0.00419630 / 134 173 0 255 / 0.41346740 0.48973080
				-16.25395000 22.91107000 -15.23565000 / -0.88976090 -0.45641970 0.00257490 / 134 173 0 255 / 0.41346740 0.48973080
				-16.25395000 22.91107000 -15.23565000 / -0.89034210 -0.45527990 0.00333780 / 134 173 0 255 / 0.41346740 0.48973080
				-16.24924000 22.90217000 -15.18487000 / -0.89361690 -0.44881120 0.00419630 / 131 177 0 255 / 0.44145200 0.34820560
				-16.24924000 22.90217000 -15.18487000 / -0.88976090 -0.45641970 0.00257490 / 131 177 0 255 / 0.44145200 0.34820560
			}
		}
	}
}
