Version 165 32
{
	Locked False
	Skinned False
	BoneCount 0
	Mask 255
	Bounds
	{
		Aabb
		{
			Min -6.72744300 -5.68642900 -1.76662900
			Max 14.23870000 5.88583700 1.75191000
		}
		Aabb
		{
			Min -6.72744300 -4.97549100 1.74898000
			Max 5.85605400 5.16855200 1.74898000
		}
		Aabb
		{
			Min -5.17714900 -5.62685800 1.39692900
			Max 4.47324100 5.81943000 1.44233900
		}
		Aabb
		{
			Min -5.21572400 -5.68642900 1.39497600
			Max 4.51572200 5.88583700 1.75191000
		}
		Aabb
		{
			Min 14.02288000 0.98399760 -1.76662900
			Max 14.23870000 2.30706300 0.57169620
		}
	}
	Geometries
	{
		Geometry
		{
			ShaderIndex 9
			Flags -
			VertexDeclaration N209731BE
			Indices 96
			{
				0 17 33 34 50 1 67 83 92 91 93 66 94 2 3
				4 5 95 6 8 9 10 11 7 12 14 15 16 18 13
				19 21 22 23 24 20 25 27 28 29 30 26 31 35 36
				37 38 32 39 41 42 43 44 40 45 47 48 49 51 46
				52 54 55 56 57 53 58 60 61 62 63 59 64 68 69
				70 71 65 72 74 75 76 77 73 78 80 81 82 84 79
				85 87 88 89 90 86
			}
			Vertices 96
			{
				-2.22939600 -4.97549100 1.74898000 / 0.00000000 0.00000000 -1.00000000 / 255 0 255 255 / 0.00000000 1.00000000
				-2.22939600 -4.97549100 1.74898000 / 0.00000000 0.00000000 -1.00000000 / 255 0 255 255 / 0.00000000 1.00000000
				-6.72744300 -4.97549100 1.74898000 / 0.00000000 0.00000000 -1.00000000 / 255 0 255 255 / 1.00000000 1.00000000
				-6.72744300 -3.94326500 1.74898000 / 0.00000000 0.00000000 -1.00000000 / 255 0 255 255 / 1.00000000 0.00000000
				-6.72744300 -3.94326500 1.74898000 / 0.00000000 0.00000000 -1.00000000 / 255 0 255 255 / 1.00000000 0.00000000
				-5.69521600 -3.94326500 1.74898000 / 0.00000000 0.00000000 -1.00000000 / 255 0 255 255 / 0.00000000 0.00000000
				-5.69521600 -3.81875300 1.74898000 / 0.00000000 0.00000000 -1.00000000 / 255 0 255 255 / 0.00000000 1.00000000
				-5.69521600 -3.81875300 1.74898000 / 0.00000000 0.00000000 -1.00000000 / 255 0 255 255 / 0.00000000 1.00000000
				-6.72744300 -3.81875300 1.74898000 / 0.00000000 0.00000000 -1.00000000 / 255 0 255 255 / 1.00000000 1.00000000
				-6.72744300 -2.78652600 1.74898000 / 0.00000000 0.00000000 -1.00000000 / 255 0 255 255 / 1.00000000 0.00000000
				-6.72744300 -2.78652600 1.74898000 / 0.00000000 0.00000000 -1.00000000 / 255 0 255 255 / 1.00000000 0.00000000
				-5.69521600 -2.78652600 1.74898000 / 0.00000000 0.00000000 -1.00000000 / 255 0 255 255 / 0.00000000 0.00000000
				5.85605400 -4.97549100 1.74898000 / 0.00000000 0.00000000 -1.00000000 / 255 0 255 255 / 0.00000000 1.00000000
				5.85605400 -4.97549100 1.74898000 / 0.00000000 0.00000000 -1.00000000 / 255 0 255 255 / 0.00000000 1.00000000
				4.82382700 -4.97549100 1.74898000 / 0.00000000 0.00000000 -1.00000000 / 255 0 255 255 / 1.00000000 1.00000000
				4.82382700 -3.94326500 1.74898000 / 0.00000000 0.00000000 -1.00000000 / 255 0 255 255 / 1.00000000 0.00000000
				4.82382700 -3.94326500 1.74898000 / 0.00000000 0.00000000 -1.00000000 / 255 0 255 255 / 1.00000000 0.00000000
				-3.26162300 -4.97549100 1.74898000 / 0.00000000 0.00000000 -1.00000000 / 255 0 255 255 / 1.00000000 1.00000000
				5.85605400 -3.94326500 1.74898000 / 0.00000000 0.00000000 -1.00000000 / 255 0 255 255 / 0.00000000 0.00000000
				5.85605400 -3.81875300 1.74898000 / 0.00000000 0.00000000 -1.00000000 / 255 0 255 255 / 0.00000000 1.00000000
				5.85605400 -3.81875300 1.74898000 / 0.00000000 0.00000000 -1.00000000 / 255 0 255 255 / 0.00000000 1.00000000
				4.82382700 -3.81875300 1.74898000 / 0.00000000 0.00000000 -1.00000000 / 255 0 255 255 / 1.00000000 1.00000000
				4.82382700 -2.78652600 1.74898000 / 0.00000000 0.00000000 -1.00000000 / 255 0 255 255 / 1.00000000 0.00000000
				4.82382700 -2.78652600 1.74898000 / 0.00000000 0.00000000 -1.00000000 / 255 0 255 255 / 1.00000000 0.00000000
				5.85605400 -2.78652600 1.74898000 / 0.00000000 0.00000000 -1.00000000 / 255 0 255 255 / 0.00000000 0.00000000
				2.39023300 -4.97549100 1.74898000 / 0.00000000 0.00000000 -1.00000000 / 255 0 255 255 / 0.00000000 1.00000000
				2.39023300 -4.97549100 1.74898000 / 0.00000000 0.00000000 -1.00000000 / 255 0 255 255 / 0.00000000 1.00000000
				1.35800700 -4.97549100 1.74898000 / 0.00000000 0.00000000 -1.00000000 / 255 0 255 255 / 1.00000000 1.00000000
				1.35800700 -3.94326500 1.74898000 / 0.00000000 0.00000000 -1.00000000 / 255 0 255 255 / 1.00000000 0.00000000
				1.35800700 -3.94326500 1.74898000 / 0.00000000 0.00000000 -1.00000000 / 255 0 255 255 / 1.00000000 0.00000000
				2.39023300 -3.94326500 1.74898000 / 0.00000000 0.00000000 -1.00000000 / 255 0 255 255 / 0.00000000 0.00000000
				2.39023300 -3.81875300 1.74898000 / 0.00000000 0.00000000 -0.99999980 / 255 0 255 255 / 0.00000000 1.00000000
				2.39023300 -3.81875300 1.74898000 / 0.00000000 0.00000000 -0.99999980 / 255 0 255 255 / 0.00000000 1.00000000
				-3.26162300 -3.94326500 1.74898000 / 0.00000000 0.00000000 -1.00000000 / 255 0 255 255 / 1.00000000 0.00000000
				-3.26162300 -3.94326500 1.74898000 / 0.00000000 0.00000000 -1.00000000 / 255 0 255 255 / 1.00000000 0.00000000
				1.35800700 -3.81875300 1.74898000 / 0.00000000 0.00000000 -1.00000000 / 255 0 255 255 / 1.00000000 1.00000000
				1.35800700 -2.78652600 1.74898000 / 0.00000000 0.00000000 -0.99999980 / 255 0 255 255 / 1.00000000 0.00000000
				1.35800700 -2.78652600 1.74898000 / 0.00000000 0.00000000 -0.99999980 / 255 0 255 255 / 1.00000000 0.00000000
				2.39023300 -2.78652600 1.74898000 / 0.00000000 0.00000000 -1.00000000 / 255 0 255 255 / 0.00000000 0.00000000
				-2.22939600 2.97958700 1.74898000 / 0.00000000 0.00000000 -1.00000000 / 255 0 255 255 / 0.00000000 1.00000000
				-2.22939600 2.97958700 1.74898000 / 0.00000000 0.00000000 -1.00000000 / 255 0 255 255 / 0.00000000 1.00000000
				-3.26162300 2.97958700 1.74898000 / 0.00000000 0.00000000 -1.00000000 / 255 0 255 255 / 1.00000000 1.00000000
				-3.26162300 4.01132500 1.74898000 / 0.00000000 0.00000000 -1.00000000 / 255 0 255 255 / 1.00000000 0.00000000
				-3.26162300 4.01132500 1.74898000 / 0.00000000 0.00000000 -1.00000000 / 255 0 255 255 / 1.00000000 0.00000000
				-2.22939600 4.01132500 1.74898000 / 0.00000000 0.00000000 -1.00000000 / 255 0 255 255 / 0.00000000 0.00000000
				-2.22939600 4.13632500 1.74898000 / 0.00000000 0.00000000 -0.99999980 / 255 0 255 255 / 0.00000000 1.00000000
				-2.22939600 4.13632500 1.74898000 / 0.00000000 0.00000000 -0.99999980 / 255 0 255 255 / 0.00000000 1.00000000
				-3.26162300 4.13632500 1.74898000 / 0.00000000 0.00000000 -1.00000000 / 255 0 255 255 / 1.00000000 1.00000000
				-3.26162300 5.16855200 1.74898000 / 0.00000000 0.00000000 -0.99999980 / 255 0 255 255 / 1.00000000 0.00000000
				-3.26162300 5.16855200 1.74898000 / 0.00000000 0.00000000 -0.99999980 / 255 0 255 255 / 1.00000000 0.00000000
				-2.22939600 -3.94326500 1.74898000 / 0.00000000 0.00000000 -1.00000000 / 255 0 255 255 / 0.00000000 0.00000000
				-2.22939600 5.16855200 1.74898000 / 0.00000000 0.00000000 -1.00000000 / 255 0 255 255 / 0.00000000 0.00000000
				-5.69521600 2.97958700 1.74898000 / 0.00000000 0.00000000 -1.00000000 / 255 0 255 255 / 0.00000000 1.00000000
				-5.69521600 2.97958700 1.74898000 / 0.00000000 0.00000000 -1.00000000 / 255 0 255 255 / 0.00000000 1.00000000
				-6.72744300 2.97958700 1.74898000 / 0.00000000 0.00000000 -1.00000000 / 255 0 255 255 / 1.00000000 1.00000000
				-6.72744300 4.01132500 1.74898000 / 0.00000000 0.00000000 -1.00000000 / 255 0 255 255 / 1.00000000 0.00000000
				-6.72744300 4.01132500 1.74898000 / 0.00000000 0.00000000 -1.00000000 / 255 0 255 255 / 1.00000000 0.00000000
				-5.69521600 4.01132500 1.74898000 / 0.00000000 0.00000000 -1.00000000 / 255 0 255 255 / 0.00000000 0.00000000
				-5.69521600 4.13632500 1.74898000 / 0.00000000 0.00000000 -1.00000000 / 255 0 255 255 / 0.00000000 1.00000000
				-5.69521600 4.13632500 1.74898000 / 0.00000000 0.00000000 -1.00000000 / 255 0 255 255 / 0.00000000 1.00000000
				-6.72744300 4.13632500 1.74898000 / 0.00000000 0.00000000 -1.00000000 / 255 0 255 255 / 1.00000000 1.00000000
				-6.72744300 5.16855200 1.74898000 / 0.00000000 0.00000000 -1.00000000 / 255 0 255 255 / 1.00000000 0.00000000
				-6.72744300 5.16855200 1.74898000 / 0.00000000 0.00000000 -1.00000000 / 255 0 255 255 / 1.00000000 0.00000000
				-5.69521600 5.16855200 1.74898000 / 0.00000000 0.00000000 -1.00000000 / 255 0 255 255 / 0.00000000 0.00000000
				5.85605400 2.97958700 1.74898000 / 0.00000000 0.00000000 -1.00000000 / 255 0 255 255 / 0.00000000 1.00000000
				5.85605400 2.97958700 1.74898000 / 0.00000000 0.00000000 -1.00000000 / 255 0 255 255 / 0.00000000 1.00000000
				-2.22939600 -3.81875300 1.74898000 / 0.00000000 0.00000000 -0.99999980 / 255 0 255 255 / 0.00000000 1.00000000
				-2.22939600 -3.81875300 1.74898000 / 0.00000000 0.00000000 -0.99999980 / 255 0 255 255 / 0.00000000 1.00000000
				4.82382700 2.97958700 1.74898000 / 0.00000000 0.00000000 -1.00000000 / 255 0 255 255 / 1.00000000 1.00000000
				4.82382700 4.01132500 1.74898000 / 0.00000000 0.00000000 -1.00000000 / 255 0 255 255 / 1.00000000 0.00000000
				4.82382700 4.01132500 1.74898000 / 0.00000000 0.00000000 -1.00000000 / 255 0 255 255 / 1.00000000 0.00000000
				5.85605400 4.01132500 1.74898000 / 0.00000000 0.00000000 -1.00000000 / 255 0 255 255 / 0.00000000 0.00000000
				5.85605400 4.13632500 1.74898000 / 0.00000000 0.00000000 -1.00000000 / 255 0 255 255 / 0.00000000 1.00000000
				5.85605400 4.13632500 1.74898000 / 0.00000000 0.00000000 -1.00000000 / 255 0 255 255 / 0.00000000 1.00000000
				4.82382700 4.13632500 1.74898000 / 0.00000000 0.00000000 -1.00000000 / 255 0 255 255 / 1.00000000 1.00000000
				4.82382700 5.16855200 1.74898000 / 0.00000000 0.00000000 -1.00000000 / 255 0 255 255 / 1.00000000 0.00000000
				4.82382700 5.16855200 1.74898000 / 0.00000000 0.00000000 -1.00000000 / 255 0 255 255 / 1.00000000 0.00000000
				5.85605400 5.16855200 1.74898000 / 0.00000000 0.00000000 -1.00000000 / 255 0 255 255 / 0.00000000 0.00000000
				2.39023300 2.97958700 1.74898000 / 0.00000000 0.00000000 -1.00000000 / 255 0 255 255 / 0.00000000 1.00000000
				2.39023300 2.97958700 1.74898000 / 0.00000000 0.00000000 -1.00000000 / 255 0 255 255 / 0.00000000 1.00000000
				1.35800700 2.97958700 1.74898000 / 0.00000000 0.00000000 -1.00000000 / 255 0 255 255 / 1.00000000 1.00000000
				1.35800700 4.01132500 1.74898000 / 0.00000000 0.00000000 -1.00000000 / 255 0 255 255 / 1.00000000 0.00000000
				1.35800700 4.01132500 1.74898000 / 0.00000000 0.00000000 -1.00000000 / 255 0 255 255 / 1.00000000 0.00000000
				-3.26162300 -3.81875300 1.74898000 / 0.00000000 0.00000000 -1.00000000 / 255 0 255 255 / 1.00000000 1.00000000
				2.39023300 4.01132500 1.74898000 / 0.00000000 0.00000000 -1.00000000 / 255 0 255 255 / 0.00000000 0.00000000
				2.39023300 4.13632500 1.74898000 / 0.00000000 0.00000000 -0.99999980 / 255 0 255 255 / 0.00000000 1.00000000
				2.39023300 4.13632500 1.74898000 / 0.00000000 0.00000000 -0.99999980 / 255 0 255 255 / 0.00000000 1.00000000
				1.35800700 4.13632500 1.74898000 / 0.00000000 0.00000000 -1.00000000 / 255 0 255 255 / 1.00000000 1.00000000
				1.35800700 5.16855200 1.74898000 / 0.00000000 0.00000000 -0.99999980 / 255 0 255 255 / 1.00000000 0.00000000
				1.35800700 5.16855200 1.74898000 / 0.00000000 0.00000000 -0.99999980 / 255 0 255 255 / 1.00000000 0.00000000
				2.39023300 5.16855200 1.74898000 / 0.00000000 0.00000000 -1.00000000 / 255 0 255 255 / 0.00000000 0.00000000
				-3.26162300 -2.78652600 1.74898000 / 0.00000000 0.00000000 -0.99999980 / 255 0 255 255 / 1.00000000 0.00000000
				-3.26162300 -2.78652600 1.74898000 / 0.00000000 0.00000000 -0.99999980 / 255 0 255 255 / 1.00000000 0.00000000
				-2.22939600 -2.78652600 1.74898000 / 0.00000000 0.00000000 -1.00000000 / 255 0 255 255 / 0.00000000 0.00000000
				-5.69521600 -4.97549100 1.74898000 / 0.00000000 0.00000000 -1.00000000 / 255 0 255 255 / 0.00000000 1.00000000
				-5.69521600 -4.97549100 1.74898000 / 0.00000000 0.00000000 -1.00000000 / 255 0 255 255 / 0.00000000 1.00000000
			}
		}
		Geometry
		{
			ShaderIndex 10
			Flags -
			VertexDeclaration N209731BE
			Indices 768
			{
				716 717 719 718 720 715 721 723 724 725 726 722 727 729 730
				731 732 728 733 735 736 737 738 734 739 741 742 743 744 740
				745 747 748 749 750 746 751 753 754 755 756 752 757 759 760
				761 762 758 763 765 766 767 0 764 1 3 4 5 6 2
				7 9 10 11 12 8 13 15 16 17 18 14 19 21 22
				23 24 20 25 27 28 29 30 26 31 33 34 35 36 32
				37 39 40 41 42 38 43 45 46 47 48 44 49 51 52
				53 54 50 55 57 58 59 60 56 61 63 64 65 66 62
				67 69 70 71 72 68 73 75 76 77 78 74 79 81 82
				83 84 80 85 87 88 89 90 86 91 93 94 95 96 92
				97 99 100 101 102 98 103 105 106 107 108 104 109 111 112
				113 114 110 115 117 118 119 120 116 121 123 124 125 126 122
				127 129 130 131 132 128 133 135 136 137 138 134 139 142 143
				144 145 140 148 141 146 147 150 149 151 154 155 156 157 152
				160 153 158 159 162 161 163 166 167 168 169 164 172 165 170
				171 174 173 175 178 179 180 181 176 184 177 182 183 186 185
				187 190 191 192 193 188 196 189 194 195 198 197 199 202 203
				204 205 200 208 201 206 207 210 209 211 214 215 216 217 212
				220 213 218 219 222 221 223 226 227 228 229 224 232 225 230
				231 234 233 235 238 239 240 241 236 244 237 242 243 246 245
				247 250 251 252 253 248 256 249 254 255 258 257 259 262 263
				264 265 260 268 261 266 267 270 269 271 274 275 276 277 272
				280 273 278 279 282 281 283 286 287 288 289 284 292 285 290
				291 294 293 295 298 299 300 301 296 304 297 302 303 306 305
				307 310 311 312 313 308 316 309 314 315 318 317 319 322 323
				324 325 320 328 321 326 327 330 329 331 334 335 336 337 332
				340 333 338 339 342 341 343 346 347 348 349 344 352 345 350
				351 354 353 355 358 359 360 361 356 364 357 362 363 366 365
				367 370 371 372 373 368 376 369 374 375 378 377 379 382 383
				384 385 380 388 381 386 387 390 389 391 394 395 396 397 392
				400 393 398 399 402 401 403 406 407 408 409 404 412 405 410
				411 414 413 415 418 419 420 421 416 424 417 422 423 426 425
				427 430 431 432 433 428 436 429 434 435 438 437 439 442 443
				444 445 440 448 441 446 447 450 449 451 454 455 456 457 452
				460 453 458 459 462 461 463 466 467 468 469 464 472 465 470
				471 474 473 475 478 479 480 481 476 484 477 482 483 486 485
				487 490 491 492 493 488 496 489 494 495 498 497 499 502 503
				504 505 500 508 501 506 507 510 509 511 514 515 516 517 512
				520 513 518 519 522 521 523 526 527 528 529 524 532 525 530
				531 534 533 535 538 539 540 541 536 544 537 542 543 546 545
				547 550 551 552 553 548 556 549 554 555 558 557 559 562 563
				564 565 560 568 561 566 567 570 569 571 574 575 576 577 572
				580 573 578 579 582 581 583 586 587 588 589 584 592 585 590
				591 594 593 595 598 599 600 601 596 604 597 602 603 606 605
				607 610 611 612 613 608 616 609 614 615 618 617 619 622 623
				624 625 620 628 621 626 627 630 629 631 634 635 636 637 632
				640 633 638 639 642 641 643 646 647 648 649 644 652 645 650
				651 654 653 655 658 659 660 661 656 664 657 662 663 666 665
				667 670 671 672 673 668 676 669 674 675 678 677 679 682 683
				684 685 680 688 681 686 687 690 689 691 694 695 696 697 692
				700 693 698 699 702 701 703 706 707 708 709 704 712 705 710
				711 714 713
			}
			Vertices 768
			{
				2.78183500 2.33212600 1.41987800 / 0.00000000 -0.92058180 0.39054950 / 255 0 255 255 / 0.00000000 0.00000000
				4.47324100 2.37070000 1.40376500 / 0.00000000 0.40081660 -0.91615830 / 255 0 255 255 / 0.62500000 1.00000000
				4.47324100 2.37070000 1.40376500 / 0.00000000 0.40081660 -0.91615830 / 255 0 255 255 / 0.62500000 1.00000000
				4.47324100 2.35507500 1.39692900 / 0.00000000 0.40081660 -0.91615830 / 255 0 255 255 / 0.75000000 1.00000000
				2.78183500 2.35507500 1.39692900 / 0.00000000 0.40081660 -0.91615830 / 255 0 255 255 / 0.75000000 0.00000000
				2.78183500 2.35507500 1.39692900 / 0.00000000 0.40081660 -0.91615830 / 255 0 255 255 / 0.75000000 0.00000000
				2.78183500 2.37070000 1.40376500 / 0.00000000 0.40081660 -0.91615830 / 255 0 255 255 / 0.62500000 0.00000000
				4.47324100 2.41269200 1.41987800 / 0.00000000 -0.93040390 0.36653620 / 255 0 255 255 / 0.00000000 1.00000000
				4.47324100 2.41269200 1.41987800 / 0.00000000 -0.93040390 0.36653620 / 255 0 255 255 / 0.00000000 1.00000000
				4.47324100 2.41904000 1.43599200 / 0.00000000 -0.93040390 0.36653610 / 255 0 255 255 / 0.12500000 1.00000000
				2.78183500 2.41904000 1.43599200 / 0.00000000 -0.93040390 0.36653620 / 255 0 255 255 / 0.12500000 0.00000000
				2.78183500 2.41904000 1.43599200 / 0.00000000 -0.93040390 0.36653620 / 255 0 255 255 / 0.12500000 0.00000000
				2.78183500 2.41269200 1.41987800 / 0.00000000 -0.93040390 0.36653610 / 255 0 255 255 / 0.00000000 0.00000000
				4.47324100 2.45126600 1.40376500 / 0.00000000 0.39055260 -0.92058060 / 255 0 255 255 / 0.62500000 1.00000000
				4.47324100 2.45126600 1.40376500 / 0.00000000 0.39055260 -0.92058060 / 255 0 255 255 / 0.62500000 1.00000000
				4.47324100 2.43515300 1.39692900 / 0.00000000 0.39055260 -0.92058070 / 255 0 255 255 / 0.75000000 1.00000000
				2.78183500 2.43515300 1.39692900 / 0.00000000 0.39055260 -0.92058060 / 255 0 255 255 / 0.75000000 0.00000000
				2.78183500 2.43515300 1.39692900 / 0.00000000 0.39055260 -0.92058060 / 255 0 255 255 / 0.75000000 0.00000000
				2.78183500 2.45126600 1.40376500 / 0.00000000 0.39055260 -0.92058070 / 255 0 255 255 / 0.62500000 0.00000000
				4.47324100 5.69394200 1.41987800 / 0.00000000 -0.92057220 0.39057260 / 255 0 255 255 / 0.00000000 1.00000000
				4.47324100 5.69394200 1.41987800 / 0.00000000 -0.92057220 0.39057260 / 255 0 255 255 / 0.00000000 1.00000000
				4.47324100 5.70077800 1.43599200 / 0.00000000 -0.92057210 0.39057260 / 255 0 255 255 / 0.12500000 1.00000000
				2.78183500 5.70077800 1.43599200 / 0.00000000 -0.92057220 0.39057260 / 255 0 255 255 / 0.12500000 0.00000000
				2.78183500 5.70077800 1.43599200 / 0.00000000 -0.92057220 0.39057260 / 255 0 255 255 / 0.12500000 0.00000000
				2.78183500 5.69394200 1.41987800 / 0.00000000 -0.92057210 0.39057260 / 255 0 255 255 / 0.00000000 0.00000000
				4.47324100 5.73251700 1.40376500 / 0.00000000 0.39053790 -0.92058690 / 255 0 255 255 / 0.62500000 1.00000000
				4.47324100 5.73251700 1.40376500 / 0.00000000 0.39053790 -0.92058690 / 255 0 255 255 / 0.62500000 1.00000000
				4.47324100 5.71640300 1.39692900 / 0.00000000 0.39053780 -0.92058680 / 255 0 255 255 / 0.75000000 1.00000000
				2.78183500 5.71640300 1.39692900 / 0.00000000 0.39053790 -0.92058690 / 255 0 255 255 / 0.75000000 0.00000000
				2.78183500 5.71640300 1.39692900 / 0.00000000 0.39053790 -0.92058690 / 255 0 255 255 / 0.75000000 0.00000000
				2.78183500 5.73251700 1.40376500 / 0.00000000 0.39053780 -0.92058680 / 255 0 255 255 / 0.62500000 0.00000000
				4.47324100 5.77402000 1.41987800 / 0.00000000 -0.92058180 0.39054950 / 255 0 255 255 / 0.00000000 1.00000000
				4.47324100 5.77402000 1.41987800 / 0.00000000 -0.92058180 0.39054950 / 255 0 255 255 / 0.00000000 1.00000000
				4.47324100 5.78085600 1.43599200 / 0.00000000 -0.92058180 0.39054950 / 255 0 255 255 / 0.12500000 1.00000000
				2.78183500 5.78085600 1.43599200 / 0.00000000 -0.92058180 0.39054950 / 255 0 255 255 / 0.12500000 0.00000000
				2.78183500 5.78085600 1.43599200 / 0.00000000 -0.92058180 0.39054950 / 255 0 255 255 / 0.12500000 0.00000000
				2.78183500 5.77402000 1.41987800 / 0.00000000 -0.92058180 0.39054950 / 255 0 255 255 / 0.00000000 0.00000000
				4.47324100 5.81308300 1.40376500 / 0.00000000 0.39055740 -0.92057850 / 255 0 255 255 / 0.62500000 1.00000000
				4.47324100 5.81308300 1.40376500 / 0.00000000 0.39055740 -0.92057850 / 255 0 255 255 / 0.62500000 1.00000000
				4.47324100 5.79697000 1.39692900 / 0.00000000 0.39055740 -0.92057850 / 255 0 255 255 / 0.75000000 1.00000000
				2.78183500 5.79697000 1.39692900 / 0.00000000 0.39055740 -0.92057850 / 255 0 255 255 / 0.75000000 0.00000000
				2.78183500 5.79697000 1.39692900 / 0.00000000 0.39055740 -0.92057850 / 255 0 255 255 / 0.75000000 0.00000000
				2.78183500 5.81308300 1.40376500 / 0.00000000 0.39055740 -0.92057850 / 255 0 255 255 / 0.62500000 0.00000000
				-3.48574300 5.69394200 1.41987800 / 0.00000000 -0.92057220 0.39057260 / 255 0 255 255 / 0.00000000 1.00000000
				-3.48574300 5.69394200 1.41987800 / 0.00000000 -0.92057220 0.39057260 / 255 0 255 255 / 0.00000000 1.00000000
				-3.48574300 5.70077800 1.43599200 / 0.00000000 -0.92057210 0.39057260 / 255 0 255 255 / 0.12500000 1.00000000
				-5.17714900 5.70077800 1.43599200 / 0.00000000 -0.92057220 0.39057260 / 255 0 255 255 / 0.12500000 0.00000000
				-5.17714900 5.70077800 1.43599200 / 0.00000000 -0.92057220 0.39057260 / 255 0 255 255 / 0.12500000 0.00000000
				-5.17714900 5.69394200 1.41987800 / 0.00000000 -0.92057210 0.39057260 / 255 0 255 255 / 0.00000000 0.00000000
				-3.48574300 5.73251700 1.40376500 / 0.00000000 0.39053790 -0.92058680 / 255 0 255 255 / 0.62500000 1.00000000
				-3.48574300 5.73251700 1.40376500 / 0.00000000 0.39053790 -0.92058680 / 255 0 255 255 / 0.62500000 1.00000000
				-3.48574300 5.71640300 1.39692900 / 0.00000000 0.39053790 -0.92058690 / 255 0 255 255 / 0.75000000 1.00000000
				-5.17714900 5.71640300 1.39692900 / 0.00000000 0.39053790 -0.92058680 / 255 0 255 255 / 0.75000000 0.00000000
				-5.17714900 5.71640300 1.39692900 / 0.00000000 0.39053790 -0.92058680 / 255 0 255 255 / 0.75000000 0.00000000
				-5.17714900 5.73251700 1.40376500 / 0.00000000 0.39053790 -0.92058690 / 255 0 255 255 / 0.62500000 0.00000000
				-3.48574300 5.77402000 1.41987800 / 0.00000000 -0.92058180 0.39054950 / 255 0 255 255 / 0.00000000 1.00000000
				-3.48574300 5.77402000 1.41987800 / 0.00000000 -0.92058180 0.39054950 / 255 0 255 255 / 0.00000000 1.00000000
				-3.48574300 5.78085600 1.43599200 / 0.00000000 -0.92058180 0.39054950 / 255 0 255 255 / 0.12500000 1.00000000
				-5.17714900 5.78085600 1.43599200 / 0.00000000 -0.92058180 0.39054950 / 255 0 255 255 / 0.12500000 0.00000000
				-5.17714900 5.78085600 1.43599200 / 0.00000000 -0.92058180 0.39054950 / 255 0 255 255 / 0.12500000 0.00000000
				-5.17714900 5.77402000 1.41987800 / 0.00000000 -0.92058180 0.39054950 / 255 0 255 255 / 0.00000000 0.00000000
				-3.48574300 5.81308300 1.40376500 / 0.00000000 0.39055750 -0.92057860 / 255 0 255 255 / 0.62500000 1.00000000
				-3.48574300 5.81308300 1.40376500 / 0.00000000 0.39055750 -0.92057860 / 255 0 255 255 / 0.62500000 1.00000000
				-3.48574300 5.79697000 1.39692900 / 0.00000000 0.39055750 -0.92057850 / 255 0 255 255 / 0.75000000 1.00000000
				-5.17714900 5.79697000 1.39692900 / 0.00000000 0.39055750 -0.92057860 / 255 0 255 255 / 0.75000000 0.00000000
				-5.17714900 5.79697000 1.39692900 / 0.00000000 0.39055750 -0.92057860 / 255 0 255 255 / 0.75000000 0.00000000
				-5.17714900 5.81308300 1.40376500 / 0.00000000 0.39055750 -0.92057850 / 255 0 255 255 / 0.62500000 0.00000000
				-3.48574300 -2.26504200 1.41987800 / 0.00000000 -0.92057700 0.39056110 / 255 0 255 255 / 0.00000000 1.00000000
				-3.48574300 -2.26504200 1.41987800 / 0.00000000 -0.92057700 0.39056110 / 255 0 255 255 / 0.00000000 1.00000000
				-3.48574300 -2.25820600 1.43599200 / 0.00000000 -0.92057700 0.39056110 / 255 0 255 255 / 0.12500000 1.00000000
				-5.17714900 -2.25820600 1.43599200 / 0.00000000 -0.92057700 0.39056110 / 255 0 255 255 / 0.12500000 0.00000000
				-5.17714900 -2.25820600 1.43599200 / 0.00000000 -0.92057700 0.39056110 / 255 0 255 255 / 0.12500000 0.00000000
				-5.17714900 -2.26504200 1.41987800 / 0.00000000 -0.92057700 0.39056110 / 255 0 255 255 / 0.00000000 0.00000000
				-3.48574300 -2.22598000 1.40376500 / 0.00000000 0.39055260 -0.92058070 / 255 0 255 255 / 0.62500000 1.00000000
				-3.48574300 -2.22598000 1.40376500 / 0.00000000 0.39055260 -0.92058070 / 255 0 255 255 / 0.62500000 1.00000000
				-3.48574300 -2.24209300 1.39692900 / 0.00000000 0.39055260 -0.92058060 / 255 0 255 255 / 0.75000000 1.00000000
				-5.17714900 -2.24209300 1.39692900 / 0.00000000 0.39055260 -0.92058070 / 255 0 255 255 / 0.75000000 0.00000000
				-5.17714900 -2.24209300 1.39692900 / 0.00000000 0.39055260 -0.92058070 / 255 0 255 255 / 0.75000000 0.00000000
				-5.17714900 -2.22598000 1.40376500 / 0.00000000 0.39055260 -0.92058060 / 255 0 255 255 / 0.62500000 0.00000000
				-3.48574300 -2.18447600 1.41987800 / 0.00000000 -0.93040390 0.36653610 / 255 0 255 255 / 0.00000000 1.00000000
				-3.48574300 -2.18447600 1.41987800 / 0.00000000 -0.93040390 0.36653610 / 255 0 255 255 / 0.00000000 1.00000000
				-3.48574300 -2.17812800 1.43599200 / 0.00000000 -0.93040390 0.36653610 / 255 0 255 255 / 0.12500000 1.00000000
				-5.17714900 -2.17812800 1.43599200 / 0.00000000 -0.93040390 0.36653610 / 255 0 255 255 / 0.12500000 0.00000000
				-5.17714900 -2.17812800 1.43599200 / 0.00000000 -0.93040390 0.36653610 / 255 0 255 255 / 0.12500000 0.00000000
				-5.17714900 -2.18447600 1.41987800 / 0.00000000 -0.93040390 0.36653610 / 255 0 255 255 / 0.00000000 0.00000000
				-3.48574300 -2.14590100 1.40376500 / 0.00000000 0.39053300 -0.92058910 / 255 0 255 255 / 0.62500000 1.00000000
				-3.48574300 -2.14590100 1.40376500 / 0.00000000 0.39053300 -0.92058910 / 255 0 255 255 / 0.62500000 1.00000000
				-3.48574300 -2.16201500 1.39692900 / 0.00000000 0.39053300 -0.92058910 / 255 0 255 255 / 0.75000000 1.00000000
				-5.17714900 -2.16201500 1.39692900 / 0.00000000 0.39053300 -0.92058910 / 255 0 255 255 / 0.75000000 0.00000000
				-5.17714900 -2.16201500 1.39692900 / 0.00000000 0.39053300 -0.92058910 / 255 0 255 255 / 0.75000000 0.00000000
				-5.17714900 -2.14590100 1.40376500 / 0.00000000 0.39053300 -0.92058910 / 255 0 255 255 / 0.62500000 0.00000000
				-3.48574300 -5.62685800 1.41987800 / 0.00000000 -0.92058180 0.39054950 / 255 0 255 255 / 0.00000000 1.00000000
				-3.48574300 -5.62685800 1.41987800 / 0.00000000 -0.92058180 0.39054950 / 255 0 255 255 / 0.00000000 1.00000000
				-3.48574300 -5.62002200 1.43599200 / 0.00000000 -0.92058180 0.39054950 / 255 0 255 255 / 0.12500000 1.00000000
				-5.17714900 -5.62002200 1.43599200 / 0.00000000 -0.92058180 0.39054950 / 255 0 255 255 / 0.12500000 0.00000000
				-5.17714900 -5.62002200 1.43599200 / 0.00000000 -0.92058180 0.39054950 / 255 0 255 255 / 0.12500000 0.00000000
				-5.17714900 -5.62685800 1.41987800 / 0.00000000 -0.92058180 0.39054950 / 255 0 255 255 / 0.00000000 0.00000000
				-3.48574300 -5.58779600 1.40376500 / 0.00000000 0.39055750 -0.92057860 / 255 0 255 255 / 0.62500000 1.00000000
				-3.48574300 -5.58779600 1.40376500 / 0.00000000 0.39055750 -0.92057860 / 255 0 255 255 / 0.62500000 1.00000000
				-3.48574300 -5.60390900 1.39692900 / 0.00000000 0.39055750 -0.92057850 / 255 0 255 255 / 0.75000000 1.00000000
				-5.17714900 -5.60390900 1.39692900 / 0.00000000 0.39055750 -0.92057860 / 255 0 255 255 / 0.75000000 0.00000000
				-5.17714900 -5.60390900 1.39692900 / 0.00000000 0.39055750 -0.92057860 / 255 0 255 255 / 0.75000000 0.00000000
				-5.17714900 -5.58779600 1.40376500 / 0.00000000 0.39055750 -0.92057850 / 255 0 255 255 / 0.62500000 0.00000000
				-3.48574300 -5.54629200 1.41987800 / 0.00000000 -0.93039910 0.36654810 / 255 0 255 255 / 0.00000000 1.00000000
				-3.48574300 -5.54629200 1.41987800 / 0.00000000 -0.93039910 0.36654810 / 255 0 255 255 / 0.00000000 1.00000000
				-3.48574300 -5.53994400 1.43599200 / 0.00000000 -0.93039910 0.36654800 / 255 0 255 255 / 0.12500000 1.00000000
				-5.17714900 -5.53994400 1.43599200 / 0.00000000 -0.93039910 0.36654810 / 255 0 255 255 / 0.12500000 0.00000000
				-5.17714900 -5.53994400 1.43599200 / 0.00000000 -0.93039910 0.36654810 / 255 0 255 255 / 0.12500000 0.00000000
				-5.17714900 -5.54629200 1.41987800 / 0.00000000 -0.93039910 0.36654800 / 255 0 255 255 / 0.00000000 0.00000000
				-3.48574300 -5.50771800 1.40376500 / 0.00000000 0.39054770 -0.92058270 / 255 0 255 255 / 0.62500000 1.00000000
				-3.48574300 -5.50771800 1.40376500 / 0.00000000 0.39054770 -0.92058270 / 255 0 255 255 / 0.62500000 1.00000000
				-3.48574300 -5.52383100 1.39692900 / 0.00000000 0.39054770 -0.92058270 / 255 0 255 255 / 0.75000000 1.00000000
				-5.17714900 -5.52383100 1.39692900 / 0.00000000 0.39054770 -0.92058270 / 255 0 255 255 / 0.75000000 0.00000000
				-5.17714900 -5.52383100 1.39692900 / 0.00000000 0.39054770 -0.92058270 / 255 0 255 255 / 0.75000000 0.00000000
				-5.17714900 -5.50771800 1.40376500 / 0.00000000 0.39054770 -0.92058270 / 255 0 255 255 / 0.62500000 0.00000000
				-3.48574300 2.33212600 1.41987800 / 0.00000000 -0.92058180 0.39054950 / 255 0 255 255 / 0.00000000 1.00000000
				-3.48574300 2.33212600 1.41987800 / 0.00000000 -0.92058180 0.39054950 / 255 0 255 255 / 0.00000000 1.00000000
				-3.48574300 2.33896200 1.43599200 / 0.00000000 -0.92058180 0.39054950 / 255 0 255 255 / 0.12500000 1.00000000
				-5.17714900 2.33896200 1.43599200 / 0.00000000 -0.92058180 0.39054950 / 255 0 255 255 / 0.12500000 0.00000000
				-5.17714900 2.33896200 1.43599200 / 0.00000000 -0.92058180 0.39054950 / 255 0 255 255 / 0.12500000 0.00000000
				-5.17714900 2.33212600 1.41987800 / 0.00000000 -0.92058180 0.39054950 / 255 0 255 255 / 0.00000000 0.00000000
				-3.48574300 2.37070000 1.40376500 / 0.00000000 0.40081660 -0.91615830 / 255 0 255 255 / 0.62500000 1.00000000
				-3.48574300 2.37070000 1.40376500 / 0.00000000 0.40081660 -0.91615830 / 255 0 255 255 / 0.62500000 1.00000000
				-3.48574300 2.35507500 1.39692900 / 0.00000000 0.40081660 -0.91615830 / 255 0 255 255 / 0.75000000 1.00000000
				-5.17714900 2.35507500 1.39692900 / 0.00000000 0.40081660 -0.91615830 / 255 0 255 255 / 0.75000000 0.00000000
				-5.17714900 2.35507500 1.39692900 / 0.00000000 0.40081660 -0.91615830 / 255 0 255 255 / 0.75000000 0.00000000
				-5.17714900 2.37070000 1.40376500 / 0.00000000 0.40081660 -0.91615830 / 255 0 255 255 / 0.62500000 0.00000000
				-3.48574300 2.41269200 1.41987800 / 0.00000000 -0.93040390 0.36653610 / 255 0 255 255 / 0.00000000 1.00000000
				-3.48574300 2.41269200 1.41987800 / 0.00000000 -0.93040390 0.36653610 / 255 0 255 255 / 0.00000000 1.00000000
				-3.48574300 2.41904000 1.43599200 / 0.00000000 -0.93040390 0.36653610 / 255 0 255 255 / 0.12500000 1.00000000
				-5.17714900 2.41904000 1.43599200 / 0.00000000 -0.93040390 0.36653610 / 255 0 255 255 / 0.12500000 0.00000000
				-5.17714900 2.41904000 1.43599200 / 0.00000000 -0.93040390 0.36653610 / 255 0 255 255 / 0.12500000 0.00000000
				-5.17714900 2.41269200 1.41987800 / 0.00000000 -0.93040390 0.36653610 / 255 0 255 255 / 0.00000000 0.00000000
				-3.48574300 2.45126600 1.40376500 / 0.00000000 0.39055260 -0.92058070 / 255 0 255 255 / 0.62500000 1.00000000
				-3.48574300 2.45126600 1.40376500 / 0.00000000 0.39055260 -0.92058070 / 255 0 255 255 / 0.62500000 1.00000000
				-3.48574300 2.43515300 1.39692900 / 0.00000000 0.39055260 -0.92058060 / 255 0 255 255 / 0.75000000 1.00000000
				-5.17714900 2.43515300 1.39692900 / 0.00000000 0.39055260 -0.92058070 / 255 0 255 255 / 0.75000000 0.00000000
				-5.17714900 2.43515300 1.39692900 / 0.00000000 0.39055260 -0.92058070 / 255 0 255 255 / 0.75000000 0.00000000
				-5.17714900 2.45126600 1.40376500 / 0.00000000 0.39055260 -0.92058060 / 255 0 255 255 / 0.62500000 0.00000000
				2.78183500 -2.25820600 1.40376500 / 0.00000000 -0.70710550 -0.70710790 / 255 0 255 255 / 0.87500000 0.00000000
				2.78183500 -2.25820600 1.40376500 / 0.00000000 -0.70710550 -0.70710790 / 255 0 255 255 / 0.87500000 0.00000000
				2.78183500 -2.25820600 1.40376500 / 0.00000000 -0.70710550 -0.70710790 / 255 0 255 255 / 0.87500000 0.00000000
				2.78183500 -2.24209300 1.39692900 / 0.00000000 -0.39055740 -0.92057850 / 255 0 255 255 / 0.75000000 0.00000000
				4.47324100 -2.24209300 1.39692900 / 0.00000000 -0.39055740 -0.92057850 / 255 0 255 255 / 0.75000000 1.00000000
				4.47324100 -2.24209300 1.39692900 / 0.00000000 -0.39055740 -0.92057850 / 255 0 255 255 / 0.75000000 1.00000000
				4.47324100 -2.25820600 1.40376500 / 0.00000000 -0.70710530 -0.70710820 / 255 0 255 255 / 0.87500000 1.00000000
				4.47324100 -2.25820600 1.40376500 / 0.00000000 -0.70710530 -0.70710820 / 255 0 255 255 / 0.87500000 1.00000000
				4.47324100 -2.25820600 1.40376500 / 0.00000000 -0.70710530 -0.70710820 / 255 0 255 255 / 0.87500000 1.00000000
				2.78183500 -2.26504200 1.41987800 / 0.00000000 -0.92057720 -0.39056080 / 255 0 255 255 / 1.00000000 0.00000000
				2.78183500 -2.26504200 1.41987800 / 0.00000000 -0.92057720 -0.39056080 / 255 0 255 255 / 1.00000000 0.00000000
				4.47324100 -2.26504200 1.41987800 / 0.00000000 -0.92057710 -0.39056080 / 255 0 255 255 / 1.00000000 1.00000000
				2.78183500 -2.24209300 1.44233900 / 0.00000000 -0.00000300 1.00000000 / 255 0 255 255 / 0.25000000 0.00000000
				2.78183500 -2.24209300 1.44233900 / 0.00000000 -0.00000300 1.00000000 / 255 0 255 255 / 0.25000000 0.00000000
				2.78183500 -2.24209300 1.44233900 / 0.00000000 -0.00000300 1.00000000 / 255 0 255 255 / 0.25000000 0.00000000
				2.78183500 -2.25820600 1.43599200 / 0.00000000 -0.36653610 0.93040390 / 255 0 255 255 / 0.12500000 0.00000000
				4.47324100 -2.25820600 1.43599200 / 0.00000000 -0.36653610 0.93040390 / 255 0 255 255 / 0.12500000 1.00000000
				4.47324100 -2.25820600 1.43599200 / 0.00000000 -0.36653610 0.93040390 / 255 0 255 255 / 0.12500000 1.00000000
				4.47324100 -2.24209300 1.44233900 / 0.00000000 -0.00000210 1.00000000 / 255 0 255 255 / 0.25000000 1.00000000
				4.47324100 -2.24209300 1.44233900 / 0.00000000 -0.00000210 1.00000000 / 255 0 255 255 / 0.25000000 1.00000000
				4.47324100 -2.24209300 1.44233900 / 0.00000000 -0.00000210 1.00000000 / 255 0 255 255 / 0.25000000 1.00000000
				2.78183500 -2.22598000 1.43599200 / 0.00000000 0.36653150 0.93040570 / 255 0 255 255 / 0.37500000 0.00000000
				2.78183500 -2.22598000 1.43599200 / 0.00000000 0.36653150 0.93040570 / 255 0 255 255 / 0.37500000 0.00000000
				4.47324100 -2.22598000 1.43599200 / 0.00000000 0.36653140 0.93040570 / 255 0 255 255 / 0.37500000 1.00000000
				2.78183500 -2.21963200 1.41987800 / 0.00000000 1.00000000 0.00000060 / 255 0 255 255 / 0.50000000 0.00000000
				2.78183500 -2.21963200 1.41987800 / 0.00000000 1.00000000 0.00000060 / 255 0 255 255 / 0.50000000 0.00000000
				2.78183500 -2.21963200 1.41987800 / 0.00000000 1.00000000 0.00000060 / 255 0 255 255 / 0.50000000 0.00000000
				2.78183500 -2.22598000 1.43599200 / 0.00000000 0.93039910 0.36654800 / 255 0 255 255 / 0.37500000 0.00000000
				4.47324100 -2.22598000 1.43599200 / 0.00000000 0.93039910 0.36654810 / 255 0 255 255 / 0.37500000 1.00000000
				4.47324100 -2.22598000 1.43599200 / 0.00000000 0.93039910 0.36654810 / 255 0 255 255 / 0.37500000 1.00000000
				4.47324100 -2.21963200 1.41987800 / 0.00000000 1.00000000 -0.00000030 / 255 0 255 255 / 0.50000000 1.00000000
				4.47324100 -2.21963200 1.41987800 / 0.00000000 1.00000000 -0.00000030 / 255 0 255 255 / 0.50000000 1.00000000
				4.47324100 -2.21963200 1.41987800 / 0.00000000 1.00000000 -0.00000030 / 255 0 255 255 / 0.50000000 1.00000000
				2.78183500 -2.22598000 1.40376500 / 0.00000000 0.93039930 -0.36654780 / 255 0 255 255 / 0.62500000 0.00000000
				2.78183500 -2.22598000 1.40376500 / 0.00000000 0.93039930 -0.36654780 / 255 0 255 255 / 0.62500000 0.00000000
				4.47324100 -2.22598000 1.40376500 / 0.00000000 0.93039930 -0.36654780 / 255 0 255 255 / 0.62500000 1.00000000
				2.78183500 -2.17812800 1.40376500 / 0.00000000 -0.71622150 -0.69787310 / 255 0 255 255 / 0.87500000 0.00000000
				2.78183500 -2.17812800 1.40376500 / 0.00000000 -0.71622150 -0.69787310 / 255 0 255 255 / 0.87500000 0.00000000
				2.78183500 -2.17812800 1.40376500 / 0.00000000 -0.71622150 -0.69787310 / 255 0 255 255 / 0.87500000 0.00000000
				2.78183500 -2.16201500 1.39692900 / 0.00000000 -0.39055260 -0.92058070 / 255 0 255 255 / 0.75000000 0.00000000
				4.47324100 -2.16201500 1.39692900 / 0.00000000 -0.39055260 -0.92058060 / 255 0 255 255 / 0.75000000 1.00000000
				4.47324100 -2.16201500 1.39692900 / 0.00000000 -0.39055260 -0.92058060 / 255 0 255 255 / 0.75000000 1.00000000
				4.47324100 -2.17812800 1.40376500 / 0.00000000 -0.71622160 -0.69787290 / 255 0 255 255 / 0.87500000 1.00000000
				4.47324100 -2.17812800 1.40376500 / 0.00000000 -0.71622160 -0.69787290 / 255 0 255 255 / 0.87500000 1.00000000
				4.47324100 -2.17812800 1.40376500 / 0.00000000 -0.71622160 -0.69787290 / 255 0 255 255 / 0.87500000 1.00000000
				2.78183500 -2.18447600 1.41987800 / 0.00000000 -0.93040390 -0.36653590 / 255 0 255 255 / 1.00000000 0.00000000
				2.78183500 -2.18447600 1.41987800 / 0.00000000 -0.93040390 -0.36653590 / 255 0 255 255 / 1.00000000 0.00000000
				4.47324100 -2.18447600 1.41987800 / 0.00000000 -0.93040390 -0.36653590 / 255 0 255 255 / 1.00000000 1.00000000
				2.78183500 -2.16201500 1.44233900 / 0.00000000 -0.00001060 1.00000000 / 255 0 255 255 / 0.25000000 0.00000000
				2.78183500 -2.16201500 1.44233900 / 0.00000000 -0.00001060 1.00000000 / 255 0 255 255 / 0.25000000 0.00000000
				2.78183500 -2.16201500 1.44233900 / 0.00000000 -0.00001060 1.00000000 / 255 0 255 255 / 0.25000000 0.00000000
				2.78183500 -2.17812800 1.43599200 / 0.00000000 -0.36653140 0.93040570 / 255 0 255 255 / 0.12500000 0.00000000
				4.47324100 -2.17812800 1.43599200 / 0.00000000 -0.36653150 0.93040570 / 255 0 255 255 / 0.12500000 1.00000000
				4.47324100 -2.17812800 1.43599200 / 0.00000000 -0.36653150 0.93040570 / 255 0 255 255 / 0.12500000 1.00000000
				4.47324100 -2.16201500 1.44233900 / 0.00000000 -0.00000970 1.00000000 / 255 0 255 255 / 0.25000000 1.00000000
				4.47324100 -2.16201500 1.44233900 / 0.00000000 -0.00000970 1.00000000 / 255 0 255 255 / 0.25000000 1.00000000
				4.47324100 -2.16201500 1.44233900 / 0.00000000 -0.00000970 1.00000000 / 255 0 255 255 / 0.25000000 1.00000000
				2.78183500 -2.14590100 1.43599200 / 0.00000000 0.36651270 0.93041300 / 255 0 255 255 / 0.37500000 0.00000000
				2.78183500 -2.14590100 1.43599200 / 0.00000000 0.36651270 0.93041300 / 255 0 255 255 / 0.37500000 0.00000000
				4.47324100 -2.14590100 1.43599200 / 0.00000000 0.36651270 0.93041310 / 255 0 255 255 / 0.37500000 1.00000000
				2.78183500 -2.13906600 1.41987800 / 0.00000000 1.00000000 0.00000000 / 255 0 255 255 / 0.50000000 0.00000000
				2.78183500 -2.13906600 1.41987800 / 0.00000000 1.00000000 0.00000000 / 255 0 255 255 / 0.50000000 0.00000000
				2.78183500 -2.13906600 1.41987800 / 0.00000000 1.00000000 0.00000000 / 255 0 255 255 / 0.50000000 0.00000000
				2.78183500 -2.14590100 1.43599200 / 0.00000000 0.92060150 0.39050340 / 255 0 255 255 / 0.37500000 0.00000000
				4.47324100 -2.14590100 1.43599200 / 0.00000000 0.92060150 0.39050340 / 255 0 255 255 / 0.37500000 1.00000000
				4.47324100 -2.14590100 1.43599200 / 0.00000000 0.92060150 0.39050340 / 255 0 255 255 / 0.37500000 1.00000000
				4.47324100 -2.13906600 1.41987800 / 0.00000000 1.00000000 0.00000030 / 255 0 255 255 / 0.50000000 1.00000000
				4.47324100 -2.13906600 1.41987800 / 0.00000000 1.00000000 0.00000030 / 255 0 255 255 / 0.50000000 1.00000000
				4.47324100 -2.13906600 1.41987800 / 0.00000000 1.00000000 0.00000030 / 255 0 255 255 / 0.50000000 1.00000000
				2.78183500 -2.14590100 1.40376500 / 0.00000000 0.92060150 -0.39050300 / 255 0 255 255 / 0.62500000 0.00000000
				2.78183500 -2.14590100 1.40376500 / 0.00000000 0.92060150 -0.39050300 / 255 0 255 255 / 0.62500000 0.00000000
				4.47324100 -2.14590100 1.40376500 / 0.00000000 0.92060160 -0.39050310 / 255 0 255 255 / 0.62500000 1.00000000
				2.78183500 -5.62002200 1.40376500 / 0.00000000 -0.70710640 -0.70710720 / 255 0 255 255 / 0.87500000 0.00000000
				2.78183500 -5.62002200 1.40376500 / 0.00000000 -0.70710640 -0.70710720 / 255 0 255 255 / 0.87500000 0.00000000
				2.78183500 -5.62002200 1.40376500 / 0.00000000 -0.70710640 -0.70710720 / 255 0 255 255 / 0.87500000 0.00000000
				2.78183500 -5.60390900 1.39692900 / 0.00000000 -0.39054770 -0.92058270 / 255 0 255 255 / 0.75000000 0.00000000
				4.47324100 -5.60390900 1.39692900 / 0.00000000 -0.39054770 -0.92058270 / 255 0 255 255 / 0.75000000 1.00000000
				4.47324100 -5.60390900 1.39692900 / 0.00000000 -0.39054770 -0.92058270 / 255 0 255 255 / 0.75000000 1.00000000
				4.47324100 -5.62002200 1.40376500 / 0.00000000 -0.70710600 -0.70710750 / 255 0 255 255 / 0.87500000 1.00000000
				4.47324100 -5.62002200 1.40376500 / 0.00000000 -0.70710600 -0.70710750 / 255 0 255 255 / 0.87500000 1.00000000
				4.47324100 -5.62002200 1.40376500 / 0.00000000 -0.70710600 -0.70710750 / 255 0 255 255 / 0.87500000 1.00000000
				2.78183500 -5.62685800 1.41987800 / 0.00000000 -0.92058200 -0.39054920 / 255 0 255 255 / 1.00000000 0.00000000
				2.78183500 -5.62685800 1.41987800 / 0.00000000 -0.92058200 -0.39054920 / 255 0 255 255 / 1.00000000 0.00000000
				4.47324100 -5.62685800 1.41987800 / 0.00000000 -0.92058210 -0.39054920 / 255 0 255 255 / 1.00000000 1.00000000
				2.78183500 -5.60390900 1.44233900 / 0.00000000 0.00000460 0.99999980 / 255 0 255 255 / 0.25000000 0.00000000
				2.78183500 -5.60390900 1.44233900 / 0.00000000 0.00000460 0.99999980 / 255 0 255 255 / 0.25000000 0.00000000
				2.78183500 -5.60390900 1.44233900 / 0.00000000 0.00000460 0.99999980 / 255 0 255 255 / 0.25000000 0.00000000
				2.78183500 -5.62002200 1.43599200 / 0.00000000 -0.36652680 0.93040750 / 255 0 255 255 / 0.12500000 0.00000000
				4.47324100 -5.62002200 1.43599200 / 0.00000000 -0.36652680 0.93040750 / 255 0 255 255 / 0.12500000 1.00000000
				4.47324100 -5.62002200 1.43599200 / 0.00000000 -0.36652680 0.93040750 / 255 0 255 255 / 0.12500000 1.00000000
				4.47324100 -5.60390900 1.44233900 / 0.00000000 0.00000550 1.00000000 / 255 0 255 255 / 0.25000000 1.00000000
				4.47324100 -5.60390900 1.44233900 / 0.00000000 0.00000550 1.00000000 / 255 0 255 255 / 0.25000000 1.00000000
				4.47324100 -5.60390900 1.44233900 / 0.00000000 0.00000550 1.00000000 / 255 0 255 255 / 0.25000000 1.00000000
				2.78183500 -5.58779600 1.43599200 / 0.00000000 0.36653610 0.93040390 / 255 0 255 255 / 0.37500000 0.00000000
				2.78183500 -5.58779600 1.43599200 / 0.00000000 0.36653610 0.93040390 / 255 0 255 255 / 0.37500000 0.00000000
				4.47324100 -5.58779600 1.43599200 / 0.00000000 0.36653610 0.93040390 / 255 0 255 255 / 0.37500000 1.00000000
				2.78183500 -5.58144800 1.41987800 / 0.00000000 1.00000000 0.00000060 / 255 0 255 255 / 0.50000000 0.00000000
				2.78183500 -5.58144800 1.41987800 / 0.00000000 1.00000000 0.00000060 / 255 0 255 255 / 0.50000000 0.00000000
				2.78183500 -5.58144800 1.41987800 / 0.00000000 1.00000000 0.00000060 / 255 0 255 255 / 0.50000000 0.00000000
				2.78183500 -5.58779600 1.43599200 / 0.00000000 0.93039910 0.36654800 / 255 0 255 255 / 0.37500000 0.00000000
				4.47324100 -5.58779600 1.43599200 / 0.00000000 0.93039910 0.36654810 / 255 0 255 255 / 0.37500000 1.00000000
				4.47324100 -5.58779600 1.43599200 / 0.00000000 0.93039910 0.36654810 / 255 0 255 255 / 0.37500000 1.00000000
				4.47324100 -5.58144800 1.41987800 / 0.00000000 1.00000000 -0.00000030 / 255 0 255 255 / 0.50000000 1.00000000
				4.47324100 -5.58144800 1.41987800 / 0.00000000 1.00000000 -0.00000030 / 255 0 255 255 / 0.50000000 1.00000000
				4.47324100 -5.58144800 1.41987800 / 0.00000000 1.00000000 -0.00000030 / 255 0 255 255 / 0.50000000 1.00000000
				2.78183500 -5.58779600 1.40376500 / 0.00000000 0.93039930 -0.36654780 / 255 0 255 255 / 0.62500000 0.00000000
				2.78183500 -5.58779600 1.40376500 / 0.00000000 0.93039930 -0.36654780 / 255 0 255 255 / 0.62500000 0.00000000
				4.47324100 -5.58779600 1.40376500 / 0.00000000 0.93039930 -0.36654780 / 255 0 255 255 / 0.62500000 1.00000000
				2.78183500 -5.53994400 1.40376500 / 0.00000000 -0.71621890 -0.69787590 / 255 0 255 255 / 0.87500000 0.00000000
				2.78183500 -5.53994400 1.40376500 / 0.00000000 -0.71621890 -0.69787590 / 255 0 255 255 / 0.87500000 0.00000000
				2.78183500 -5.53994400 1.40376500 / 0.00000000 -0.71621890 -0.69787590 / 255 0 255 255 / 0.87500000 0.00000000
				2.78183500 -5.52383100 1.39692900 / 0.00000000 -0.39055740 -0.92057850 / 255 0 255 255 / 0.75000000 0.00000000
				4.47324100 -5.52383100 1.39692900 / 0.00000000 -0.39055740 -0.92057850 / 255 0 255 255 / 0.75000000 1.00000000
				4.47324100 -5.52383100 1.39692900 / 0.00000000 -0.39055740 -0.92057850 / 255 0 255 255 / 0.75000000 1.00000000
				4.47324100 -5.53994400 1.40376500 / 0.00000000 -0.71621900 -0.69787560 / 255 0 255 255 / 0.87500000 1.00000000
				4.47324100 -5.53994400 1.40376500 / 0.00000000 -0.71621900 -0.69787560 / 255 0 255 255 / 0.87500000 1.00000000
				4.47324100 -5.53994400 1.40376500 / 0.00000000 -0.71621900 -0.69787560 / 255 0 255 255 / 0.87500000 1.00000000
				2.78183500 -5.54629200 1.41987800 / 0.00000000 -0.93039930 -0.36654780 / 255 0 255 255 / 1.00000000 0.00000000
				2.78183500 -5.54629200 1.41987800 / 0.00000000 -0.93039930 -0.36654780 / 255 0 255 255 / 1.00000000 0.00000000
				4.47324100 -5.54629200 1.41987800 / 0.00000000 -0.93039930 -0.36654780 / 255 0 255 255 / 1.00000000 1.00000000
				2.78183500 -5.52383100 1.44233900 / 0.00000000 -0.00000550 1.00000000 / 255 0 255 255 / 0.25000000 0.00000000
				2.78183500 -5.52383100 1.44233900 / 0.00000000 -0.00000550 1.00000000 / 255 0 255 255 / 0.25000000 0.00000000
				2.78183500 -5.52383100 1.44233900 / 0.00000000 -0.00000550 1.00000000 / 255 0 255 255 / 0.25000000 0.00000000
				2.78183500 -5.53994400 1.43599200 / 0.00000000 -0.36653610 0.93040390 / 255 0 255 255 / 0.12500000 0.00000000
				4.47324100 -5.53994400 1.43599200 / 0.00000000 -0.36653610 0.93040390 / 255 0 255 255 / 0.12500000 1.00000000
				4.47324100 -5.53994400 1.43599200 / 0.00000000 -0.36653610 0.93040390 / 255 0 255 255 / 0.12500000 1.00000000
				4.47324100 -5.52383100 1.44233900 / 0.00000000 -0.00000460 0.99999980 / 255 0 255 255 / 0.25000000 1.00000000
				4.47324100 -5.52383100 1.44233900 / 0.00000000 -0.00000460 0.99999980 / 255 0 255 255 / 0.25000000 1.00000000
				4.47324100 -5.52383100 1.44233900 / 0.00000000 -0.00000460 0.99999980 / 255 0 255 255 / 0.25000000 1.00000000
				2.78183500 -5.50771800 1.43599200 / 0.00000000 0.36652680 0.93040750 / 255 0 255 255 / 0.37500000 0.00000000
				2.78183500 -5.50771800 1.43599200 / 0.00000000 0.36652680 0.93040750 / 255 0 255 255 / 0.37500000 0.00000000
				4.47324100 -5.50771800 1.43599200 / 0.00000000 0.36652680 0.93040750 / 255 0 255 255 / 0.37500000 1.00000000
				2.78183500 -5.50088200 1.41987800 / 0.00000000 1.00000000 0.00000000 / 255 0 255 255 / 0.50000000 0.00000000
				2.78183500 -5.50088200 1.41987800 / 0.00000000 1.00000000 0.00000000 / 255 0 255 255 / 0.50000000 0.00000000
				2.78183500 -5.50088200 1.41987800 / 0.00000000 1.00000000 0.00000000 / 255 0 255 255 / 0.50000000 0.00000000
				2.78183500 -5.50771800 1.43599200 / 0.00000000 0.92058180 0.39054950 / 255 0 255 255 / 0.37500000 0.00000000
				4.47324100 -5.50771800 1.43599200 / 0.00000000 0.92058180 0.39054950 / 255 0 255 255 / 0.37500000 1.00000000
				4.47324100 -5.50771800 1.43599200 / 0.00000000 0.92058180 0.39054950 / 255 0 255 255 / 0.37500000 1.00000000
				4.47324100 -5.50088200 1.41987800 / 0.00000000 1.00000000 0.00000040 / 255 0 255 255 / 0.50000000 1.00000000
				4.47324100 -5.50088200 1.41987800 / 0.00000000 1.00000000 0.00000040 / 255 0 255 255 / 0.50000000 1.00000000
				4.47324100 -5.50088200 1.41987800 / 0.00000000 1.00000000 0.00000040 / 255 0 255 255 / 0.50000000 1.00000000
				2.78183500 -5.50771800 1.40376500 / 0.00000000 0.92058200 -0.39054920 / 255 0 255 255 / 0.62500000 0.00000000
				2.78183500 -5.50771800 1.40376500 / 0.00000000 0.92058200 -0.39054920 / 255 0 255 255 / 0.62500000 0.00000000
				4.47324100 -5.50771800 1.40376500 / 0.00000000 0.92058210 -0.39054920 / 255 0 255 255 / 0.62500000 1.00000000
				2.78183500 2.33896200 1.40376500 / 0.00000000 -0.70710820 -0.70710530 / 255 0 255 255 / 0.87500000 0.00000000
				2.78183500 2.33896200 1.40376500 / 0.00000000 -0.70710820 -0.70710530 / 255 0 255 255 / 0.87500000 0.00000000
				2.78183500 2.33896200 1.40376500 / 0.00000000 -0.70710820 -0.70710530 / 255 0 255 255 / 0.87500000 0.00000000
				2.78183500 2.35507500 1.39692900 / 0.00000000 -0.39055260 -0.92058070 / 255 0 255 255 / 0.75000000 0.00000000
				4.47324100 2.35507500 1.39692900 / 0.00000000 -0.39055260 -0.92058060 / 255 0 255 255 / 0.75000000 1.00000000
				4.47324100 2.35507500 1.39692900 / 0.00000000 -0.39055260 -0.92058060 / 255 0 255 255 / 0.75000000 1.00000000
				4.47324100 2.33896200 1.40376500 / 0.00000000 -0.70710790 -0.70710550 / 255 0 255 255 / 0.87500000 1.00000000
				4.47324100 2.33896200 1.40376500 / 0.00000000 -0.70710790 -0.70710550 / 255 0 255 255 / 0.87500000 1.00000000
				4.47324100 2.33896200 1.40376500 / 0.00000000 -0.70710790 -0.70710550 / 255 0 255 255 / 0.87500000 1.00000000
				2.78183500 2.33212600 1.41987800 / 0.00000000 -0.92058200 -0.39054920 / 255 0 255 255 / 1.00000000 0.00000000
				2.78183500 2.33212600 1.41987800 / 0.00000000 -0.92058200 -0.39054920 / 255 0 255 255 / 1.00000000 0.00000000
				4.47324100 2.33212600 1.41987800 / 0.00000000 -0.92058210 -0.39054920 / 255 0 255 255 / 1.00000000 1.00000000
				2.78183500 2.35507500 1.44233900 / 0.00000000 0.00530290 0.99998600 / 255 0 255 255 / 0.25000000 0.00000000
				2.78183500 2.35507500 1.44233900 / 0.00000000 0.00530290 0.99998600 / 255 0 255 255 / 0.25000000 0.00000000
				2.78183500 2.35507500 1.44233900 / 0.00000000 0.00530290 0.99998600 / 255 0 255 255 / 0.25000000 0.00000000
				2.78183500 2.33896200 1.43599200 / 0.00000000 -0.36653140 0.93040570 / 255 0 255 255 / 0.12500000 0.00000000
				4.47324100 2.33896200 1.43599200 / 0.00000000 -0.36653150 0.93040570 / 255 0 255 255 / 0.12500000 1.00000000
				4.47324100 2.33896200 1.43599200 / 0.00000000 -0.36653150 0.93040570 / 255 0 255 255 / 0.12500000 1.00000000
				4.47324100 2.35507500 1.44233900 / 0.00000000 0.00530340 0.99998600 / 255 0 255 255 / 0.25000000 1.00000000
				4.47324100 2.35507500 1.44233900 / 0.00000000 0.00530340 0.99998600 / 255 0 255 255 / 0.25000000 1.00000000
				4.47324100 2.35507500 1.44233900 / 0.00000000 0.00530340 0.99998600 / 255 0 255 255 / 0.25000000 1.00000000
				2.78183500 2.37070000 1.43599200 / 0.00000000 0.37637930 0.92646550 / 255 0 255 255 / 0.37500000 0.00000000
				2.78183500 2.37070000 1.43599200 / 0.00000000 0.37637930 0.92646550 / 255 0 255 255 / 0.37500000 0.00000000
				4.47324100 2.37070000 1.43599200 / 0.00000000 0.37637930 0.92646550 / 255 0 255 255 / 0.37500000 1.00000000
				2.78183500 2.37753600 1.41987800 / 0.00000000 1.00000000 0.00000000 / 255 0 255 255 / 0.50000000 0.00000000
				2.78183500 2.37753600 1.41987800 / 0.00000000 1.00000000 0.00000000 / 255 0 255 255 / 0.50000000 0.00000000
				2.78183500 2.37753600 1.41987800 / 0.00000000 1.00000000 0.00000000 / 255 0 255 255 / 0.50000000 0.00000000
				2.78183500 2.37070000 1.43599200 / 0.00000000 0.92058180 0.39054950 / 255 0 255 255 / 0.37500000 0.00000000
				4.47324100 2.37070000 1.43599200 / 0.00000000 0.92058180 0.39054950 / 255 0 255 255 / 0.37500000 1.00000000
				4.47324100 2.37070000 1.43599200 / 0.00000000 0.92058180 0.39054950 / 255 0 255 255 / 0.37500000 1.00000000
				4.47324100 2.37753600 1.41987800 / 0.00000000 1.00000000 0.00000040 / 255 0 255 255 / 0.50000000 1.00000000
				4.47324100 2.37753600 1.41987800 / 0.00000000 1.00000000 0.00000040 / 255 0 255 255 / 0.50000000 1.00000000
				4.47324100 2.37753600 1.41987800 / 0.00000000 1.00000000 0.00000040 / 255 0 255 255 / 0.50000000 1.00000000
				2.78183500 2.37070000 1.40376500 / 0.00000000 0.92058200 -0.39054920 / 255 0 255 255 / 0.62500000 0.00000000
				2.78183500 2.37070000 1.40376500 / 0.00000000 0.92058200 -0.39054920 / 255 0 255 255 / 0.62500000 0.00000000
				4.47324100 2.37070000 1.40376500 / 0.00000000 0.92058210 -0.39054920 / 255 0 255 255 / 0.62500000 1.00000000
				2.78183500 2.41904000 1.40376500 / 0.00000000 -0.71622150 -0.69787310 / 255 0 255 255 / 0.87500000 0.00000000
				2.78183500 2.41904000 1.40376500 / 0.00000000 -0.71622150 -0.69787310 / 255 0 255 255 / 0.87500000 0.00000000
				2.78183500 2.41904000 1.40376500 / 0.00000000 -0.71622150 -0.69787310 / 255 0 255 255 / 0.87500000 0.00000000
				2.78183500 2.43515300 1.39692900 / 0.00000000 -0.39055260 -0.92058070 / 255 0 255 255 / 0.75000000 0.00000000
				4.47324100 2.43515300 1.39692900 / 0.00000000 -0.39055260 -0.92058060 / 255 0 255 255 / 0.75000000 1.00000000
				4.47324100 2.43515300 1.39692900 / 0.00000000 -0.39055260 -0.92058060 / 255 0 255 255 / 0.75000000 1.00000000
				4.47324100 2.41904000 1.40376500 / 0.00000000 -0.71622160 -0.69787290 / 255 0 255 255 / 0.87500000 1.00000000
				4.47324100 2.41904000 1.40376500 / 0.00000000 -0.71622160 -0.69787290 / 255 0 255 255 / 0.87500000 1.00000000
				4.47324100 2.41904000 1.40376500 / 0.00000000 -0.71622160 -0.69787290 / 255 0 255 255 / 0.87500000 1.00000000
				2.78183500 2.41269200 1.41987800 / 0.00000000 -0.93040390 -0.36653590 / 255 0 255 255 / 1.00000000 0.00000000
				2.78183500 2.41269200 1.41987800 / 0.00000000 -0.93040390 -0.36653590 / 255 0 255 255 / 1.00000000 0.00000000
				4.47324100 2.41269200 1.41987800 / 0.00000000 -0.93040390 -0.36653590 / 255 0 255 255 / 1.00000000 1.00000000
				2.78183500 2.43515300 1.44233900 / 0.00000000 -0.00000050 1.00000000 / 255 0 255 255 / 0.25000000 0.00000000
				2.78183500 2.43515300 1.44233900 / 0.00000000 -0.00000050 1.00000000 / 255 0 255 255 / 0.25000000 0.00000000
				2.78183500 2.43515300 1.44233900 / 0.00000000 -0.00000050 1.00000000 / 255 0 255 255 / 0.25000000 0.00000000
				2.78183500 2.41904000 1.43599200 / 0.00000000 -0.36653140 0.93040570 / 255 0 255 255 / 0.12500000 0.00000000
				4.47324100 2.41904000 1.43599200 / 0.00000000 -0.36653150 0.93040570 / 255 0 255 255 / 0.12500000 1.00000000
				4.47324100 2.41904000 1.43599200 / 0.00000000 -0.36653150 0.93040570 / 255 0 255 255 / 0.12500000 1.00000000
				4.47324100 2.43515300 1.44233900 / 0.00000000 0.00000050 1.00000000 / 255 0 255 255 / 0.25000000 1.00000000
				4.47324100 2.43515300 1.44233900 / 0.00000000 0.00000050 1.00000000 / 255 0 255 255 / 0.25000000 1.00000000
				4.47324100 2.43515300 1.44233900 / 0.00000000 0.00000050 1.00000000 / 255 0 255 255 / 0.25000000 1.00000000
				2.78183500 2.45126600 1.43599200 / 0.00000000 0.36653150 0.93040570 / 255 0 255 255 / 0.37500000 0.00000000
				2.78183500 2.45126600 1.43599200 / 0.00000000 0.36653150 0.93040570 / 255 0 255 255 / 0.37500000 0.00000000
				4.47324100 2.45126600 1.43599200 / 0.00000000 0.36653140 0.93040570 / 255 0 255 255 / 0.37500000 1.00000000
				2.78183500 2.45810200 1.41987800 / 0.00000000 1.00000000 0.00000000 / 255 0 255 255 / 0.50000000 0.00000000
				2.78183500 2.45810200 1.41987800 / 0.00000000 1.00000000 0.00000000 / 255 0 255 255 / 0.50000000 0.00000000
				2.78183500 2.45810200 1.41987800 / 0.00000000 1.00000000 0.00000000 / 255 0 255 255 / 0.50000000 0.00000000
				2.78183500 2.45126600 1.43599200 / 0.00000000 0.92058180 0.39054950 / 255 0 255 255 / 0.37500000 0.00000000
				4.47324100 2.45126600 1.43599200 / 0.00000000 0.92058180 0.39054950 / 255 0 255 255 / 0.37500000 1.00000000
				4.47324100 2.45126600 1.43599200 / 0.00000000 0.92058180 0.39054950 / 255 0 255 255 / 0.37500000 1.00000000
				4.47324100 2.45810200 1.41987800 / 0.00000000 1.00000000 0.00000040 / 255 0 255 255 / 0.50000000 1.00000000
				4.47324100 2.45810200 1.41987800 / 0.00000000 1.00000000 0.00000040 / 255 0 255 255 / 0.50000000 1.00000000
				4.47324100 2.45810200 1.41987800 / 0.00000000 1.00000000 0.00000040 / 255 0 255 255 / 0.50000000 1.00000000
				2.78183500 2.45126600 1.40376500 / 0.00000000 0.92058200 -0.39054920 / 255 0 255 255 / 0.62500000 0.00000000
				2.78183500 2.45126600 1.40376500 / 0.00000000 0.92058200 -0.39054920 / 255 0 255 255 / 0.62500000 0.00000000
				4.47324100 2.45126600 1.40376500 / 0.00000000 0.92058210 -0.39054920 / 255 0 255 255 / 0.62500000 1.00000000
				2.78183500 5.70077800 1.40376500 / 0.00000000 -0.71103950 -0.70315210 / 255 0 255 255 / 0.87500000 0.00000000
				2.78183500 5.70077800 1.40376500 / 0.00000000 -0.71103950 -0.70315210 / 255 0 255 255 / 0.87500000 0.00000000
				2.78183500 5.70077800 1.40376500 / 0.00000000 -0.71103950 -0.70315210 / 255 0 255 255 / 0.87500000 0.00000000
				2.78183500 5.71640300 1.39692900 / 0.00000000 -0.40081660 -0.91615830 / 255 0 255 255 / 0.75000000 0.00000000
				4.47324100 5.71640300 1.39692900 / 0.00000000 -0.40081660 -0.91615830 / 255 0 255 255 / 0.75000000 1.00000000
				4.47324100 5.71640300 1.39692900 / 0.00000000 -0.40081660 -0.91615830 / 255 0 255 255 / 0.75000000 1.00000000
				4.47324100 5.70077800 1.40376500 / 0.00000000 -0.71103950 -0.70315210 / 255 0 255 255 / 0.87500000 1.00000000
				4.47324100 5.70077800 1.40376500 / 0.00000000 -0.71103950 -0.70315210 / 255 0 255 255 / 0.87500000 1.00000000
				4.47324100 5.70077800 1.40376500 / 0.00000000 -0.71103950 -0.70315210 / 255 0 255 255 / 0.87500000 1.00000000
				2.78183500 5.69394200 1.41987800 / 0.00000000 -0.92057220 -0.39057230 / 255 0 255 255 / 1.00000000 0.00000000
				2.78183500 5.69394200 1.41987800 / 0.00000000 -0.92057220 -0.39057230 / 255 0 255 255 / 1.00000000 0.00000000
				4.47324100 5.69394200 1.41987800 / 0.00000000 -0.92057230 -0.39057240 / 255 0 255 255 / 1.00000000 1.00000000
				2.78183500 5.71640300 1.44233900 / 0.00000000 -0.00531100 0.99998590 / 255 0 255 255 / 0.25000000 0.00000000
				2.78183500 5.71640300 1.44233900 / 0.00000000 -0.00531100 0.99998590 / 255 0 255 255 / 0.25000000 0.00000000
				2.78183500 5.71640300 1.44233900 / 0.00000000 -0.00531100 0.99998590 / 255 0 255 255 / 0.25000000 0.00000000
				2.78183500 5.70077800 1.43599200 / 0.00000000 -0.37637930 0.92646550 / 255 0 255 255 / 0.12500000 0.00000000
				4.47324100 5.70077800 1.43599200 / 0.00000000 -0.37637930 0.92646550 / 255 0 255 255 / 0.12500000 1.00000000
				4.47324100 5.70077800 1.43599200 / 0.00000000 -0.37637930 0.92646550 / 255 0 255 255 / 0.12500000 1.00000000
				4.47324100 5.71640300 1.44233900 / 0.00000000 -0.00531060 0.99998590 / 255 0 255 255 / 0.25000000 1.00000000
				4.47324100 5.71640300 1.44233900 / 0.00000000 -0.00531060 0.99998590 / 255 0 255 255 / 0.25000000 1.00000000
				4.47324100 5.71640300 1.44233900 / 0.00000000 -0.00531060 0.99998590 / 255 0 255 255 / 0.25000000 1.00000000
				2.78183500 5.73251700 1.43599200 / 0.00000000 0.36651740 0.93041120 / 255 0 255 255 / 0.37500000 0.00000000
				2.78183500 5.73251700 1.43599200 / 0.00000000 0.36651740 0.93041120 / 255 0 255 255 / 0.37500000 0.00000000
				4.47324100 5.73251700 1.43599200 / 0.00000000 0.36651730 0.93041120 / 255 0 255 255 / 0.37500000 1.00000000
				2.78183500 5.73935200 1.41987800 / 0.00000000 1.00000000 0.00000000 / 255 0 255 255 / 0.50000000 0.00000000
				2.78183500 5.73935200 1.41987800 / 0.00000000 1.00000000 0.00000000 / 255 0 255 255 / 0.50000000 0.00000000
				2.78183500 5.73935200 1.41987800 / 0.00000000 1.00000000 0.00000000 / 255 0 255 255 / 0.50000000 0.00000000
				2.78183500 5.73251700 1.43599200 / 0.00000000 0.92060150 0.39050340 / 255 0 255 255 / 0.37500000 0.00000000
				4.47324100 5.73251700 1.43599200 / 0.00000000 0.92060150 0.39050340 / 255 0 255 255 / 0.37500000 1.00000000
				4.47324100 5.73251700 1.43599200 / 0.00000000 0.92060150 0.39050340 / 255 0 255 255 / 0.37500000 1.00000000
				4.47324100 5.73935200 1.41987800 / 0.00000000 1.00000000 0.00000030 / 255 0 255 255 / 0.50000000 1.00000000
				4.47324100 5.73935200 1.41987800 / 0.00000000 1.00000000 0.00000030 / 255 0 255 255 / 0.50000000 1.00000000
				4.47324100 5.73935200 1.41987800 / 0.00000000 1.00000000 0.00000030 / 255 0 255 255 / 0.50000000 1.00000000
				2.78183500 5.73251700 1.40376500 / 0.00000000 0.92060150 -0.39050300 / 255 0 255 255 / 0.62500000 0.00000000
				2.78183500 5.73251700 1.40376500 / 0.00000000 0.92060150 -0.39050300 / 255 0 255 255 / 0.62500000 0.00000000
				4.47324100 5.73251700 1.40376500 / 0.00000000 0.92060160 -0.39050310 / 255 0 255 255 / 0.62500000 1.00000000
				2.78183500 5.78085600 1.40376500 / 0.00000000 -0.70709880 -0.70711470 / 255 0 255 255 / 0.87500000 0.00000000
				2.78183500 5.78085600 1.40376500 / 0.00000000 -0.70709880 -0.70711470 / 255 0 255 255 / 0.87500000 0.00000000
				2.78183500 5.78085600 1.40376500 / 0.00000000 -0.70709880 -0.70711470 / 255 0 255 255 / 0.87500000 0.00000000
				2.78183500 5.79697000 1.39692900 / 0.00000000 -0.39052810 -0.92059100 / 255 0 255 255 / 0.75000000 0.00000000
				4.47324100 5.79697000 1.39692900 / 0.00000000 -0.39052810 -0.92059110 / 255 0 255 255 / 0.75000000 1.00000000
				4.47324100 5.79697000 1.39692900 / 0.00000000 -0.39052810 -0.92059110 / 255 0 255 255 / 0.75000000 1.00000000
				4.47324100 5.78085600 1.40376500 / 0.00000000 -0.70709850 -0.70711510 / 255 0 255 255 / 0.87500000 1.00000000
				4.47324100 5.78085600 1.40376500 / 0.00000000 -0.70709850 -0.70711510 / 255 0 255 255 / 0.87500000 1.00000000
				4.47324100 5.78085600 1.40376500 / 0.00000000 -0.70709850 -0.70711510 / 255 0 255 255 / 0.87500000 1.00000000
				2.78183500 5.77402000 1.41987800 / 0.00000000 -0.92058200 -0.39054920 / 255 0 255 255 / 1.00000000 0.00000000
				2.78183500 5.77402000 1.41987800 / 0.00000000 -0.92058200 -0.39054920 / 255 0 255 255 / 1.00000000 0.00000000
				4.47324100 5.77402000 1.41987800 / 0.00000000 -0.92058210 -0.39054920 / 255 0 255 255 / 1.00000000 1.00000000
				2.78183500 5.79697000 1.44233900 / 0.00000000 0.00001480 1.00000000 / 255 0 255 255 / 0.25000000 0.00000000
				2.78183500 5.79697000 1.44233900 / 0.00000000 0.00001480 1.00000000 / 255 0 255 255 / 0.25000000 0.00000000
				2.78183500 5.79697000 1.44233900 / 0.00000000 0.00001480 1.00000000 / 255 0 255 255 / 0.25000000 0.00000000
				2.78183500 5.78085600 1.43599200 / 0.00000000 -0.36650790 0.93041490 / 255 0 255 255 / 0.12500000 0.00000000
				4.47324100 5.78085600 1.43599200 / 0.00000000 -0.36650790 0.93041490 / 255 0 255 255 / 0.12500000 1.00000000
				4.47324100 5.78085600 1.43599200 / 0.00000000 -0.36650790 0.93041490 / 255 0 255 255 / 0.12500000 1.00000000
				4.47324100 5.79697000 1.44233900 / 0.00000000 0.00001560 1.00000000 / 255 0 255 255 / 0.25000000 1.00000000
				4.47324100 5.79697000 1.44233900 / 0.00000000 0.00001560 1.00000000 / 255 0 255 255 / 0.25000000 1.00000000
				4.47324100 5.79697000 1.44233900 / 0.00000000 0.00001560 1.00000000 / 255 0 255 255 / 0.25000000 1.00000000
				2.78183500 5.81308300 1.43599200 / 0.00000000 0.36653610 0.93040390 / 255 0 255 255 / 0.37500000 0.00000000
				2.78183500 5.81308300 1.43599200 / 0.00000000 0.36653610 0.93040390 / 255 0 255 255 / 0.37500000 0.00000000
				4.47324100 5.81308300 1.43599200 / 0.00000000 0.36653610 0.93040390 / 255 0 255 255 / 0.37500000 1.00000000
				2.78183500 5.81943000 1.41987800 / 0.00000000 1.00000000 0.00000060 / 255 0 255 255 / 0.50000000 0.00000000
				2.78183500 5.81943000 1.41987800 / 0.00000000 1.00000000 0.00000060 / 255 0 255 255 / 0.50000000 0.00000000
				2.78183500 5.81943000 1.41987800 / 0.00000000 1.00000000 0.00000060 / 255 0 255 255 / 0.50000000 0.00000000
				2.78183500 5.81308300 1.43599200 / 0.00000000 0.93041790 0.36650040 / 255 0 255 255 / 0.37500000 0.00000000
				4.47324100 5.81308300 1.43599200 / 0.00000000 0.93041800 0.36650040 / 255 0 255 255 / 0.37500000 1.00000000
				4.47324100 5.81308300 1.43599200 / 0.00000000 0.93041800 0.36650040 / 255 0 255 255 / 0.37500000 1.00000000
				4.47324100 5.81943000 1.41987800 / 0.00000000 1.00000000 -0.00000030 / 255 0 255 255 / 0.50000000 1.00000000
				4.47324100 5.81943000 1.41987800 / 0.00000000 1.00000000 -0.00000030 / 255 0 255 255 / 0.50000000 1.00000000
				4.47324100 5.81943000 1.41987800 / 0.00000000 1.00000000 -0.00000030 / 255 0 255 255 / 0.50000000 1.00000000
				2.78183500 5.81308300 1.40376500 / 0.00000000 0.93041800 -0.36650000 / 255 0 255 255 / 0.62500000 0.00000000
				2.78183500 5.81308300 1.40376500 / 0.00000000 0.93041800 -0.36650000 / 255 0 255 255 / 0.62500000 0.00000000
				4.47324100 5.81308300 1.40376500 / 0.00000000 0.93041800 -0.36650010 / 255 0 255 255 / 0.62500000 1.00000000
				-5.17714900 5.70077800 1.40376500 / 0.00000000 -0.71103890 -0.70315270 / 255 0 255 255 / 0.87500000 0.00000000
				-5.17714900 5.70077800 1.40376500 / 0.00000000 -0.71103890 -0.70315270 / 255 0 255 255 / 0.87500000 0.00000000
				-5.17714900 5.70077800 1.40376500 / 0.00000000 -0.71103890 -0.70315270 / 255 0 255 255 / 0.87500000 0.00000000
				-5.17714900 5.71640300 1.39692900 / 0.00000000 -0.40081660 -0.91615830 / 255 0 255 255 / 0.75000000 0.00000000
				-3.48574300 5.71640300 1.39692900 / 0.00000000 -0.40081660 -0.91615830 / 255 0 255 255 / 0.75000000 1.00000000
				-3.48574300 5.71640300 1.39692900 / 0.00000000 -0.40081660 -0.91615830 / 255 0 255 255 / 0.75000000 1.00000000
				-3.48574300 5.70077800 1.40376500 / 0.00000000 -0.71104040 -0.70315110 / 255 0 255 255 / 0.87500000 1.00000000
				-3.48574300 5.70077800 1.40376500 / 0.00000000 -0.71104040 -0.70315110 / 255 0 255 255 / 0.87500000 1.00000000
				-3.48574300 5.70077800 1.40376500 / 0.00000000 -0.71104040 -0.70315110 / 255 0 255 255 / 0.87500000 1.00000000
				-5.17714900 5.69394200 1.41987800 / 0.00000000 -0.92057230 -0.39057230 / 255 0 255 255 / 1.00000000 0.00000000
				-5.17714900 5.69394200 1.41987800 / 0.00000000 -0.92057230 -0.39057230 / 255 0 255 255 / 1.00000000 0.00000000
				-3.48574300 5.69394200 1.41987800 / 0.00000000 -0.92057230 -0.39057240 / 255 0 255 255 / 1.00000000 1.00000000
				-5.17714900 5.71640300 1.44233900 / 0.00000000 -0.00531250 0.99998590 / 255 0 255 255 / 0.25000000 0.00000000
				-5.17714900 5.71640300 1.44233900 / 0.00000000 -0.00531250 0.99998590 / 255 0 255 255 / 0.25000000 0.00000000
				-5.17714900 5.71640300 1.44233900 / 0.00000000 -0.00531250 0.99998590 / 255 0 255 255 / 0.25000000 0.00000000
				-5.17714900 5.70077800 1.43599200 / 0.00000000 -0.37637930 0.92646550 / 255 0 255 255 / 0.12500000 0.00000000
				-3.48574300 5.70077800 1.43599200 / 0.00000000 -0.37637930 0.92646550 / 255 0 255 255 / 0.12500000 1.00000000
				-3.48574300 5.70077800 1.43599200 / 0.00000000 -0.37637930 0.92646550 / 255 0 255 255 / 0.12500000 1.00000000
				-3.48574300 5.71640300 1.44233900 / 0.00000000 -0.00530980 0.99998590 / 255 0 255 255 / 0.25000000 1.00000000
				-3.48574300 5.71640300 1.44233900 / 0.00000000 -0.00530980 0.99998590 / 255 0 255 255 / 0.25000000 1.00000000
				-3.48574300 5.71640300 1.44233900 / 0.00000000 -0.00530980 0.99998590 / 255 0 255 255 / 0.25000000 1.00000000
				-5.17714900 5.73251700 1.43599200 / 0.00000000 0.36651740 0.93041120 / 255 0 255 255 / 0.37500000 0.00000000
				-5.17714900 5.73251700 1.43599200 / 0.00000000 0.36651740 0.93041120 / 255 0 255 255 / 0.37500000 0.00000000
				-3.48574300 5.73251700 1.43599200 / 0.00000000 0.36651730 0.93041120 / 255 0 255 255 / 0.37500000 1.00000000
				-5.17714900 5.73935200 1.41987800 / 0.00000000 1.00000000 0.00000150 / 255 0 255 255 / 0.50000000 0.00000000
				-5.17714900 5.73935200 1.41987800 / 0.00000000 1.00000000 0.00000150 / 255 0 255 255 / 0.50000000 0.00000000
				-5.17714900 5.73935200 1.41987800 / 0.00000000 1.00000000 0.00000150 / 255 0 255 255 / 0.50000000 0.00000000
				-5.17714900 5.73251700 1.43599200 / 0.00000000 0.92060150 0.39050340 / 255 0 255 255 / 0.37500000 0.00000000
				-3.48574300 5.73251700 1.43599200 / 0.00000000 0.92060150 0.39050330 / 255 0 255 255 / 0.37500000 1.00000000
				-3.48574300 5.73251700 1.43599200 / 0.00000000 0.92060150 0.39050330 / 255 0 255 255 / 0.37500000 1.00000000
				-3.48574300 5.73935200 1.41987800 / 0.00000000 1.00000000 -0.00000120 / 255 0 255 255 / 0.50000000 1.00000000
				-3.48574300 5.73935200 1.41987800 / 0.00000000 1.00000000 -0.00000120 / 255 0 255 255 / 0.50000000 1.00000000
				-3.48574300 5.73935200 1.41987800 / 0.00000000 1.00000000 -0.00000120 / 255 0 255 255 / 0.50000000 1.00000000
				-5.17714900 5.73251700 1.40376500 / 0.00000000 0.92060170 -0.39050300 / 255 0 255 255 / 0.62500000 0.00000000
				-5.17714900 5.73251700 1.40376500 / 0.00000000 0.92060170 -0.39050300 / 255 0 255 255 / 0.62500000 0.00000000
				-3.48574300 5.73251700 1.40376500 / 0.00000000 0.92060160 -0.39050300 / 255 0 255 255 / 0.62500000 1.00000000
				-5.17714900 5.78085600 1.40376500 / 0.00000000 -0.70709790 -0.70711590 / 255 0 255 255 / 0.87500000 0.00000000
				-5.17714900 5.78085600 1.40376500 / 0.00000000 -0.70709790 -0.70711590 / 255 0 255 255 / 0.87500000 0.00000000
				-5.17714900 5.78085600 1.40376500 / 0.00000000 -0.70709790 -0.70711590 / 255 0 255 255 / 0.87500000 0.00000000
				-5.17714900 5.79697000 1.39692900 / 0.00000000 -0.39052810 -0.92059110 / 255 0 255 255 / 0.75000000 0.00000000
				-3.48574300 5.79697000 1.39692900 / 0.00000000 -0.39052810 -0.92059100 / 255 0 255 255 / 0.75000000 1.00000000
				-3.48574300 5.79697000 1.39692900 / 0.00000000 -0.39052810 -0.92059100 / 255 0 255 255 / 0.75000000 1.00000000
				-3.48574300 5.78085600 1.40376500 / 0.00000000 -0.70709960 -0.70711400 / 255 0 255 255 / 0.87500000 1.00000000
				-3.48574300 5.78085600 1.40376500 / 0.00000000 -0.70709960 -0.70711400 / 255 0 255 255 / 0.87500000 1.00000000
				-3.48574300 5.78085600 1.40376500 / 0.00000000 -0.70709960 -0.70711400 / 255 0 255 255 / 0.87500000 1.00000000
				-5.17714900 5.77402000 1.41987800 / 0.00000000 -0.92058200 -0.39054920 / 255 0 255 255 / 1.00000000 0.00000000
				-5.17714900 5.77402000 1.41987800 / 0.00000000 -0.92058200 -0.39054920 / 255 0 255 255 / 1.00000000 0.00000000
				-3.48574300 5.77402000 1.41987800 / 0.00000000 -0.92058210 -0.39054920 / 255 0 255 255 / 1.00000000 1.00000000
				-5.17714900 5.79697000 1.44233900 / 0.00000000 0.00001400 1.00000000 / 255 0 255 255 / 0.25000000 0.00000000
				-5.17714900 5.79697000 1.44233900 / 0.00000000 0.00001400 1.00000000 / 255 0 255 255 / 0.25000000 0.00000000
				-5.17714900 5.79697000 1.44233900 / 0.00000000 0.00001400 1.00000000 / 255 0 255 255 / 0.25000000 0.00000000
				-5.17714900 5.78085600 1.43599200 / 0.00000000 -0.36650800 0.93041490 / 255 0 255 255 / 0.12500000 0.00000000
				-3.48574300 5.78085600 1.43599200 / 0.00000000 -0.36650800 0.93041490 / 255 0 255 255 / 0.12500000 1.00000000
				-3.48574300 5.78085600 1.43599200 / 0.00000000 -0.36650800 0.93041490 / 255 0 255 255 / 0.12500000 1.00000000
				-3.48574300 5.79697000 1.44233900 / 0.00000000 0.00001630 1.00000000 / 255 0 255 255 / 0.25000000 1.00000000
				-3.48574300 5.79697000 1.44233900 / 0.00000000 0.00001630 1.00000000 / 255 0 255 255 / 0.25000000 1.00000000
				-3.48574300 5.79697000 1.44233900 / 0.00000000 0.00001630 1.00000000 / 255 0 255 255 / 0.25000000 1.00000000
				-5.17714900 5.81308300 1.43599200 / 0.00000000 0.36653610 0.93040390 / 255 0 255 255 / 0.37500000 0.00000000
				-5.17714900 5.81308300 1.43599200 / 0.00000000 0.36653610 0.93040390 / 255 0 255 255 / 0.37500000 0.00000000
				-3.48574300 5.81308300 1.43599200 / 0.00000000 0.36653610 0.93040390 / 255 0 255 255 / 0.37500000 1.00000000
				-5.17714900 5.81943000 1.41987800 / 0.00000000 1.00000000 0.00000130 / 255 0 255 255 / 0.50000000 0.00000000
				-5.17714900 5.81943000 1.41987800 / 0.00000000 1.00000000 0.00000130 / 255 0 255 255 / 0.50000000 0.00000000
				-5.17714900 5.81943000 1.41987800 / 0.00000000 1.00000000 0.00000130 / 255 0 255 255 / 0.50000000 0.00000000
				-5.17714900 5.81308300 1.43599200 / 0.00000000 0.93041790 0.36650030 / 255 0 255 255 / 0.37500000 0.00000000
				-3.48574300 5.81308300 1.43599200 / 0.00000000 0.93041780 0.36650030 / 255 0 255 255 / 0.37500000 1.00000000
				-3.48574300 5.81308300 1.43599200 / 0.00000000 0.93041780 0.36650030 / 255 0 255 255 / 0.37500000 1.00000000
				-3.48574300 5.81943000 1.41987800 / 0.00000000 1.00000000 -0.00000100 / 255 0 255 255 / 0.50000000 1.00000000
				-3.48574300 5.81943000 1.41987800 / 0.00000000 1.00000000 -0.00000100 / 255 0 255 255 / 0.50000000 1.00000000
				-3.48574300 5.81943000 1.41987800 / 0.00000000 1.00000000 -0.00000100 / 255 0 255 255 / 0.50000000 1.00000000
				-5.17714900 5.81308300 1.40376500 / 0.00000000 0.93041800 -0.36650000 / 255 0 255 255 / 0.62500000 0.00000000
				-5.17714900 5.81308300 1.40376500 / 0.00000000 0.93041800 -0.36650000 / 255 0 255 255 / 0.62500000 0.00000000
				-3.48574300 5.81308300 1.40376500 / 0.00000000 0.93041810 -0.36650010 / 255 0 255 255 / 0.62500000 1.00000000
				-5.17714900 -2.25820600 1.40376500 / 0.00000000 -0.70710450 -0.70710900 / 255 0 255 255 / 0.87500000 0.00000000
				-5.17714900 -2.25820600 1.40376500 / 0.00000000 -0.70710450 -0.70710900 / 255 0 255 255 / 0.87500000 0.00000000
				-5.17714900 -2.25820600 1.40376500 / 0.00000000 -0.70710450 -0.70710900 / 255 0 255 255 / 0.87500000 0.00000000
				-5.17714900 -2.24209300 1.39692900 / 0.00000000 -0.39055750 -0.92057850 / 255 0 255 255 / 0.75000000 0.00000000
				-3.48574300 -2.24209300 1.39692900 / 0.00000000 -0.39055750 -0.92057860 / 255 0 255 255 / 0.75000000 1.00000000
				-3.48574300 -2.24209300 1.39692900 / 0.00000000 -0.39055750 -0.92057860 / 255 0 255 255 / 0.75000000 1.00000000
				-3.48574300 -2.25820600 1.40376500 / 0.00000000 -0.70710640 -0.70710720 / 255 0 255 255 / 0.87500000 1.00000000
				-3.48574300 -2.25820600 1.40376500 / 0.00000000 -0.70710640 -0.70710720 / 255 0 255 255 / 0.87500000 1.00000000
				-3.48574300 -2.25820600 1.40376500 / 0.00000000 -0.70710640 -0.70710720 / 255 0 255 255 / 0.87500000 1.00000000
				-5.17714900 -2.26504200 1.41987800 / 0.00000000 -0.92057720 -0.39056080 / 255 0 255 255 / 1.00000000 0.00000000
				-5.17714900 -2.26504200 1.41987800 / 0.00000000 -0.92057720 -0.39056080 / 255 0 255 255 / 1.00000000 0.00000000
				-3.48574300 -2.26504200 1.41987800 / 0.00000000 -0.92057720 -0.39056080 / 255 0 255 255 / 1.00000000 1.00000000
				-5.17714900 -2.24209300 1.44233900 / 0.00000000 -0.00000370 1.00000000 / 255 0 255 255 / 0.25000000 0.00000000
				-5.17714900 -2.24209300 1.44233900 / 0.00000000 -0.00000370 1.00000000 / 255 0 255 255 / 0.25000000 0.00000000
				-5.17714900 -2.24209300 1.44233900 / 0.00000000 -0.00000370 1.00000000 / 255 0 255 255 / 0.25000000 0.00000000
				-5.17714900 -2.25820600 1.43599200 / 0.00000000 -0.36653610 0.93040390 / 255 0 255 255 / 0.12500000 0.00000000
				-3.48574300 -2.25820600 1.43599200 / 0.00000000 -0.36653610 0.93040390 / 255 0 255 255 / 0.12500000 1.00000000
				-3.48574300 -2.25820600 1.43599200 / 0.00000000 -0.36653610 0.93040390 / 255 0 255 255 / 0.12500000 1.00000000
				-3.48574300 -2.24209300 1.44233900 / 0.00000000 -0.00000130 1.00000000 / 255 0 255 255 / 0.25000000 1.00000000
				-3.48574300 -2.24209300 1.44233900 / 0.00000000 -0.00000130 1.00000000 / 255 0 255 255 / 0.25000000 1.00000000
				-3.48574300 -2.24209300 1.44233900 / 0.00000000 -0.00000130 1.00000000 / 255 0 255 255 / 0.25000000 1.00000000
				-5.17714900 -2.22598000 1.43599200 / 0.00000000 0.36653150 0.93040560 / 255 0 255 255 / 0.37500000 0.00000000
				-5.17714900 -2.22598000 1.43599200 / 0.00000000 0.36653150 0.93040560 / 255 0 255 255 / 0.37500000 0.00000000
				-3.48574300 -2.22598000 1.43599200 / 0.00000000 0.36653150 0.93040570 / 255 0 255 255 / 0.37500000 1.00000000
				-5.17714900 -2.21963200 1.41987800 / 0.00000000 1.00000000 0.00000130 / 255 0 255 255 / 0.50000000 0.00000000
				-5.17714900 -2.21963200 1.41987800 / 0.00000000 1.00000000 0.00000130 / 255 0 255 255 / 0.50000000 0.00000000
				-5.17714900 -2.21963200 1.41987800 / 0.00000000 1.00000000 0.00000130 / 255 0 255 255 / 0.50000000 0.00000000
				-5.17714900 -2.22598000 1.43599200 / 0.00000000 0.93039910 0.36654800 / 255 0 255 255 / 0.37500000 0.00000000
				-3.48574300 -2.22598000 1.43599200 / 0.00000000 0.93039910 0.36654810 / 255 0 255 255 / 0.37500000 1.00000000
				-3.48574300 -2.22598000 1.43599200 / 0.00000000 0.93039910 0.36654810 / 255 0 255 255 / 0.37500000 1.00000000
				-3.48574300 -2.21963200 1.41987800 / 0.00000000 1.00000000 -0.00000100 / 255 0 255 255 / 0.50000000 1.00000000
				-3.48574300 -2.21963200 1.41987800 / 0.00000000 1.00000000 -0.00000100 / 255 0 255 255 / 0.50000000 1.00000000
				-3.48574300 -2.21963200 1.41987800 / 0.00000000 1.00000000 -0.00000100 / 255 0 255 255 / 0.50000000 1.00000000
				-5.17714900 -2.22598000 1.40376500 / 0.00000000 0.93039930 -0.36654770 / 255 0 255 255 / 0.62500000 0.00000000
				-5.17714900 -2.22598000 1.40376500 / 0.00000000 0.93039930 -0.36654770 / 255 0 255 255 / 0.62500000 0.00000000
				-3.48574300 -2.22598000 1.40376500 / 0.00000000 0.93039930 -0.36654780 / 255 0 255 255 / 0.62500000 1.00000000
				-5.17714900 -2.17812800 1.40376500 / 0.00000000 -0.71622040 -0.69787420 / 255 0 255 255 / 0.87500000 0.00000000
				-5.17714900 -2.17812800 1.40376500 / 0.00000000 -0.71622040 -0.69787420 / 255 0 255 255 / 0.87500000 0.00000000
				-5.17714900 -2.17812800 1.40376500 / 0.00000000 -0.71622040 -0.69787420 / 255 0 255 255 / 0.87500000 0.00000000
				-5.17714900 -2.16201500 1.39692900 / 0.00000000 -0.39055260 -0.92058060 / 255 0 255 255 / 0.75000000 0.00000000
				-3.48574300 -2.16201500 1.39692900 / 0.00000000 -0.39055260 -0.92058070 / 255 0 255 255 / 0.75000000 1.00000000
				-3.48574300 -2.16201500 1.39692900 / 0.00000000 -0.39055260 -0.92058070 / 255 0 255 255 / 0.75000000 1.00000000
				-3.48574300 -2.17812800 1.40376500 / 0.00000000 -0.71622220 -0.69787240 / 255 0 255 255 / 0.87500000 1.00000000
				-3.48574300 -2.17812800 1.40376500 / 0.00000000 -0.71622220 -0.69787240 / 255 0 255 255 / 0.87500000 1.00000000
				-3.48574300 -2.17812800 1.40376500 / 0.00000000 -0.71622220 -0.69787240 / 255 0 255 255 / 0.87500000 1.00000000
				-5.17714900 -2.18447600 1.41987800 / 0.00000000 -0.93040400 -0.36653580 / 255 0 255 255 / 1.00000000 0.00000000
				-5.17714900 -2.18447600 1.41987800 / 0.00000000 -0.93040400 -0.36653580 / 255 0 255 255 / 1.00000000 0.00000000
				-3.48574300 -2.18447600 1.41987800 / 0.00000000 -0.93040390 -0.36653590 / 255 0 255 255 / 1.00000000 1.00000000
				-5.17714900 -2.16201500 1.44233900 / 0.00000000 -0.00001130 1.00000000 / 255 0 255 255 / 0.25000000 0.00000000
				-5.17714900 -2.16201500 1.44233900 / 0.00000000 -0.00001130 1.00000000 / 255 0 255 255 / 0.25000000 0.00000000
				-5.17714900 -2.16201500 1.44233900 / 0.00000000 -0.00001130 1.00000000 / 255 0 255 255 / 0.25000000 0.00000000
				-5.17714900 -2.17812800 1.43599200 / 0.00000000 -0.36653150 0.93040570 / 255 0 255 255 / 0.12500000 0.00000000
				-3.48574300 -2.17812800 1.43599200 / 0.00000000 -0.36653150 0.93040560 / 255 0 255 255 / 0.12500000 1.00000000
				-3.48574300 -2.17812800 1.43599200 / 0.00000000 -0.36653150 0.93040560 / 255 0 255 255 / 0.12500000 1.00000000
				-3.48574300 -2.16201500 1.44233900 / 0.00000000 -0.00000900 1.00000000 / 255 0 255 255 / 0.25000000 1.00000000
				-3.48574300 -2.16201500 1.44233900 / 0.00000000 -0.00000900 1.00000000 / 255 0 255 255 / 0.25000000 1.00000000
				-3.48574300 -2.16201500 1.44233900 / 0.00000000 -0.00000900 1.00000000 / 255 0 255 255 / 0.25000000 1.00000000
				-5.17714900 -2.14590100 1.43599200 / 0.00000000 0.36651270 0.93041310 / 255 0 255 255 / 0.37500000 0.00000000
				-5.17714900 -2.14590100 1.43599200 / 0.00000000 0.36651270 0.93041310 / 255 0 255 255 / 0.37500000 0.00000000
				-3.48574300 -2.14590100 1.43599200 / 0.00000000 0.36651270 0.93041300 / 255 0 255 255 / 0.37500000 1.00000000
				-5.17714900 -2.13906600 1.41987800 / 0.00000000 1.00000000 0.00000150 / 255 0 255 255 / 0.50000000 0.00000000
				-5.17714900 -2.13906600 1.41987800 / 0.00000000 1.00000000 0.00000150 / 255 0 255 255 / 0.50000000 0.00000000
				-5.17714900 -2.13906600 1.41987800 / 0.00000000 1.00000000 0.00000150 / 255 0 255 255 / 0.50000000 0.00000000
				-5.17714900 -2.14590100 1.43599200 / 0.00000000 0.92060150 0.39050340 / 255 0 255 255 / 0.37500000 0.00000000
				-3.48574300 -2.14590100 1.43599200 / 0.00000000 0.92060150 0.39050330 / 255 0 255 255 / 0.37500000 1.00000000
				-3.48574300 -2.14590100 1.43599200 / 0.00000000 0.92060150 0.39050330 / 255 0 255 255 / 0.37500000 1.00000000
				-3.48574300 -2.13906600 1.41987800 / 0.00000000 1.00000000 -0.00000120 / 255 0 255 255 / 0.50000000 1.00000000
				-3.48574300 -2.13906600 1.41987800 / 0.00000000 1.00000000 -0.00000120 / 255 0 255 255 / 0.50000000 1.00000000
				-3.48574300 -2.13906600 1.41987800 / 0.00000000 1.00000000 -0.00000120 / 255 0 255 255 / 0.50000000 1.00000000
				-5.17714900 -2.14590100 1.40376500 / 0.00000000 0.92060170 -0.39050300 / 255 0 255 255 / 0.62500000 0.00000000
				-5.17714900 -2.14590100 1.40376500 / 0.00000000 0.92060170 -0.39050300 / 255 0 255 255 / 0.62500000 0.00000000
				-3.48574300 -2.14590100 1.40376500 / 0.00000000 0.92060160 -0.39050300 / 255 0 255 255 / 0.62500000 1.00000000
				-5.17714900 -5.62002200 1.40376500 / 0.00000000 -0.70710530 -0.70710830 / 255 0 255 255 / 0.87500000 0.00000000
				-5.17714900 -5.62002200 1.40376500 / 0.00000000 -0.70710530 -0.70710830 / 255 0 255 255 / 0.87500000 0.00000000
				-5.17714900 -5.62002200 1.40376500 / 0.00000000 -0.70710530 -0.70710830 / 255 0 255 255 / 0.87500000 0.00000000
				-5.17714900 -5.60390900 1.39692900 / 0.00000000 -0.39054770 -0.92058270 / 255 0 255 255 / 0.75000000 0.00000000
				-3.48574300 -5.60390900 1.39692900 / 0.00000000 -0.39054770 -0.92058270 / 255 0 255 255 / 0.75000000 1.00000000
				-3.48574300 -5.60390900 1.39692900 / 0.00000000 -0.39054770 -0.92058270 / 255 0 255 255 / 0.75000000 1.00000000
				-3.48574300 -5.62002200 1.40376500 / 0.00000000 -0.70710710 -0.70710640 / 255 0 255 255 / 0.87500000 1.00000000
				-3.48574300 -5.62002200 1.40376500 / 0.00000000 -0.70710710 -0.70710640 / 255 0 255 255 / 0.87500000 1.00000000
				-3.48574300 -5.62002200 1.40376500 / 0.00000000 -0.70710710 -0.70710640 / 255 0 255 255 / 0.87500000 1.00000000
				-5.17714900 -5.62685800 1.41987800 / 0.00000000 -0.92058200 -0.39054920 / 255 0 255 255 / 1.00000000 0.00000000
				-5.17714900 -5.62685800 1.41987800 / 0.00000000 -0.92058200 -0.39054920 / 255 0 255 255 / 1.00000000 0.00000000
				-3.48574300 -5.62685800 1.41987800 / 0.00000000 -0.92058210 -0.39054920 / 255 0 255 255 / 1.00000000 1.00000000
				-5.17714900 -5.60390900 1.44233900 / 0.00000000 0.00000390 1.00000000 / 255 0 255 255 / 0.25000000 0.00000000
				-5.17714900 -5.60390900 1.44233900 / 0.00000000 0.00000390 1.00000000 / 255 0 255 255 / 0.25000000 0.00000000
				-5.17714900 -5.60390900 1.44233900 / 0.00000000 0.00000390 1.00000000 / 255 0 255 255 / 0.25000000 0.00000000
				-5.17714900 -5.62002200 1.43599200 / 0.00000000 -0.36652680 0.93040750 / 255 0 255 255 / 0.12500000 0.00000000
				-3.48574300 -5.62002200 1.43599200 / 0.00000000 -0.36652680 0.93040750 / 255 0 255 255 / 0.12500000 1.00000000
				-3.48574300 -5.62002200 1.43599200 / 0.00000000 -0.36652680 0.93040750 / 255 0 255 255 / 0.12500000 1.00000000
				-3.48574300 -5.60390900 1.44233900 / 0.00000000 0.00000630 1.00000000 / 255 0 255 255 / 0.25000000 1.00000000
				-3.48574300 -5.60390900 1.44233900 / 0.00000000 0.00000630 1.00000000 / 255 0 255 255 / 0.25000000 1.00000000
				-3.48574300 -5.60390900 1.44233900 / 0.00000000 0.00000630 1.00000000 / 255 0 255 255 / 0.25000000 1.00000000
				-5.17714900 -5.58779600 1.43599200 / 0.00000000 0.36653610 0.93040390 / 255 0 255 255 / 0.37500000 0.00000000
				-5.17714900 -5.58779600 1.43599200 / 0.00000000 0.36653610 0.93040390 / 255 0 255 255 / 0.37500000 0.00000000
				-3.48574300 -5.58779600 1.43599200 / 0.00000000 0.36653610 0.93040390 / 255 0 255 255 / 0.37500000 1.00000000
				-5.17714900 -5.58144800 1.41987800 / 0.00000000 1.00000000 0.00000130 / 255 0 255 255 / 0.50000000 0.00000000
				-5.17714900 -5.58144800 1.41987800 / 0.00000000 1.00000000 0.00000130 / 255 0 255 255 / 0.50000000 0.00000000
				-5.17714900 -5.58144800 1.41987800 / 0.00000000 1.00000000 0.00000130 / 255 0 255 255 / 0.50000000 0.00000000
				-5.17714900 -5.58779600 1.43599200 / 0.00000000 0.93039910 0.36654800 / 255 0 255 255 / 0.37500000 0.00000000
				-3.48574300 -5.58779600 1.43599200 / 0.00000000 0.93039910 0.36654810 / 255 0 255 255 / 0.37500000 1.00000000
				-3.48574300 -5.58779600 1.43599200 / 0.00000000 0.93039910 0.36654810 / 255 0 255 255 / 0.37500000 1.00000000
				-3.48574300 -5.58144800 1.41987800 / 0.00000000 1.00000000 -0.00000100 / 255 0 255 255 / 0.50000000 1.00000000
				-3.48574300 -5.58144800 1.41987800 / 0.00000000 1.00000000 -0.00000100 / 255 0 255 255 / 0.50000000 1.00000000
				-3.48574300 -5.58144800 1.41987800 / 0.00000000 1.00000000 -0.00000100 / 255 0 255 255 / 0.50000000 1.00000000
				-5.17714900 -5.58779600 1.40376500 / 0.00000000 0.93039930 -0.36654770 / 255 0 255 255 / 0.62500000 0.00000000
				-5.17714900 -5.58779600 1.40376500 / 0.00000000 0.93039930 -0.36654770 / 255 0 255 255 / 0.62500000 0.00000000
				-3.48574300 -5.58779600 1.40376500 / 0.00000000 0.93039930 -0.36654780 / 255 0 255 255 / 0.62500000 1.00000000
				-5.17714900 -5.53994400 1.40376500 / 0.00000000 -0.71621770 -0.69787690 / 255 0 255 255 / 0.87500000 0.00000000
				-5.17714900 -5.53994400 1.40376500 / 0.00000000 -0.71621770 -0.69787690 / 255 0 255 255 / 0.87500000 0.00000000
				-5.17714900 -5.53994400 1.40376500 / 0.00000000 -0.71621770 -0.69787690 / 255 0 255 255 / 0.87500000 0.00000000
				-5.17714900 -5.52383100 1.39692900 / 0.00000000 -0.39055750 -0.92057850 / 255 0 255 255 / 0.75000000 0.00000000
				-3.48574300 -5.52383100 1.39692900 / 0.00000000 -0.39055750 -0.92057860 / 255 0 255 255 / 0.75000000 1.00000000
				-3.48574300 -5.52383100 1.39692900 / 0.00000000 -0.39055750 -0.92057860 / 255 0 255 255 / 0.75000000 1.00000000
				-3.48574300 -5.53994400 1.40376500 / 0.00000000 -0.71621950 -0.69787500 / 255 0 255 255 / 0.87500000 1.00000000
				-3.48574300 -5.53994400 1.40376500 / 0.00000000 -0.71621950 -0.69787500 / 255 0 255 255 / 0.87500000 1.00000000
				-3.48574300 -5.53994400 1.40376500 / 0.00000000 -0.71621950 -0.69787500 / 255 0 255 255 / 0.87500000 1.00000000
				-5.17714900 -5.54629200 1.41987800 / 0.00000000 -0.93039930 -0.36654770 / 255 0 255 255 / 1.00000000 0.00000000
				-5.17714900 -5.54629200 1.41987800 / 0.00000000 -0.93039930 -0.36654770 / 255 0 255 255 / 1.00000000 0.00000000
				-3.48574300 -5.54629200 1.41987800 / 0.00000000 -0.93039930 -0.36654780 / 255 0 255 255 / 1.00000000 1.00000000
				-5.17714900 -5.52383100 1.44233900 / 0.00000000 -0.00000630 1.00000000 / 255 0 255 255 / 0.25000000 0.00000000
				-5.17714900 -5.52383100 1.44233900 / 0.00000000 -0.00000630 1.00000000 / 255 0 255 255 / 0.25000000 0.00000000
				-5.17714900 -5.52383100 1.44233900 / 0.00000000 -0.00000630 1.00000000 / 255 0 255 255 / 0.25000000 0.00000000
				-5.17714900 -5.53994400 1.43599200 / 0.00000000 -0.36653610 0.93040390 / 255 0 255 255 / 0.12500000 0.00000000
				-3.48574300 -5.53994400 1.43599200 / 0.00000000 -0.36653610 0.93040390 / 255 0 255 255 / 0.12500000 1.00000000
				-3.48574300 -5.53994400 1.43599200 / 0.00000000 -0.36653610 0.93040390 / 255 0 255 255 / 0.12500000 1.00000000
				-3.48574300 -5.52383100 1.44233900 / 0.00000000 -0.00000390 1.00000000 / 255 0 255 255 / 0.25000000 1.00000000
				-3.48574300 -5.52383100 1.44233900 / 0.00000000 -0.00000390 1.00000000 / 255 0 255 255 / 0.25000000 1.00000000
				-3.48574300 -5.52383100 1.44233900 / 0.00000000 -0.00000390 1.00000000 / 255 0 255 255 / 0.25000000 1.00000000
				-5.17714900 -5.50771800 1.43599200 / 0.00000000 0.36652680 0.93040750 / 255 0 255 255 / 0.37500000 0.00000000
				-5.17714900 -5.50771800 1.43599200 / 0.00000000 0.36652680 0.93040750 / 255 0 255 255 / 0.37500000 0.00000000
				-3.48574300 -5.50771800 1.43599200 / 0.00000000 0.36652680 0.93040750 / 255 0 255 255 / 0.37500000 1.00000000
				-5.17714900 -5.50088200 1.41987800 / 0.00000000 1.00000000 0.00000150 / 255 0 255 255 / 0.50000000 0.00000000
				-5.17714900 -5.50088200 1.41987800 / 0.00000000 1.00000000 0.00000150 / 255 0 255 255 / 0.50000000 0.00000000
				-5.17714900 -5.50088200 1.41987800 / 0.00000000 1.00000000 0.00000150 / 255 0 255 255 / 0.50000000 0.00000000
				-5.17714900 -5.50771800 1.43599200 / 0.00000000 0.92058180 0.39054950 / 255 0 255 255 / 0.37500000 0.00000000
				-3.48574300 -5.50771800 1.43599200 / 0.00000000 0.92058180 0.39054950 / 255 0 255 255 / 0.37500000 1.00000000
				-3.48574300 -5.50771800 1.43599200 / 0.00000000 0.92058180 0.39054950 / 255 0 255 255 / 0.37500000 1.00000000
				-3.48574300 -5.50088200 1.41987800 / 0.00000000 1.00000000 -0.00000120 / 255 0 255 255 / 0.50000000 1.00000000
				-3.48574300 -5.50088200 1.41987800 / 0.00000000 1.00000000 -0.00000120 / 255 0 255 255 / 0.50000000 1.00000000
				-3.48574300 -5.50088200 1.41987800 / 0.00000000 1.00000000 -0.00000120 / 255 0 255 255 / 0.50000000 1.00000000
				-5.17714900 -5.50771800 1.40376500 / 0.00000000 0.92058200 -0.39054920 / 255 0 255 255 / 0.62500000 0.00000000
				-5.17714900 -5.50771800 1.40376500 / 0.00000000 0.92058200 -0.39054920 / 255 0 255 255 / 0.62500000 0.00000000
				-3.48574300 -5.50771800 1.40376500 / 0.00000000 0.92058210 -0.39054920 / 255 0 255 255 / 0.62500000 1.00000000
				-5.17714900 2.33896200 1.40376500 / 0.00000000 -0.70710720 -0.70710640 / 255 0 255 255 / 0.87500000 0.00000000
				-5.17714900 2.33896200 1.40376500 / 0.00000000 -0.70710720 -0.70710640 / 255 0 255 255 / 0.87500000 0.00000000
				-5.17714900 2.33896200 1.40376500 / 0.00000000 -0.70710720 -0.70710640 / 255 0 255 255 / 0.87500000 0.00000000
				-5.17714900 2.35507500 1.39692900 / 0.00000000 -0.39055260 -0.92058060 / 255 0 255 255 / 0.75000000 0.00000000
				-3.48574300 2.35507500 1.39692900 / 0.00000000 -0.39055260 -0.92058070 / 255 0 255 255 / 0.75000000 1.00000000
				-3.48574300 2.35507500 1.39692900 / 0.00000000 -0.39055260 -0.92058070 / 255 0 255 255 / 0.75000000 1.00000000
				-3.48574300 2.33896200 1.40376500 / 0.00000000 -0.70710900 -0.70710470 / 255 0 255 255 / 0.87500000 1.00000000
				-3.48574300 2.33896200 1.40376500 / 0.00000000 -0.70710900 -0.70710470 / 255 0 255 255 / 0.87500000 1.00000000
				-3.48574300 2.33896200 1.40376500 / 0.00000000 -0.70710900 -0.70710470 / 255 0 255 255 / 0.87500000 1.00000000
				-5.17714900 2.33212600 1.41987800 / 0.00000000 -0.92058200 -0.39054920 / 255 0 255 255 / 1.00000000 0.00000000
				-5.17714900 2.33212600 1.41987800 / 0.00000000 -0.92058200 -0.39054920 / 255 0 255 255 / 1.00000000 0.00000000
				-3.48574300 2.33212600 1.41987800 / 0.00000000 -0.92058210 -0.39054920 / 255 0 255 255 / 1.00000000 1.00000000
				-5.17714900 2.35507500 1.44233900 / 0.00000000 0.00530220 0.99998590 / 255 0 255 255 / 0.25000000 0.00000000
				-5.17714900 2.35507500 1.44233900 / 0.00000000 0.00530220 0.99998590 / 255 0 255 255 / 0.25000000 0.00000000
				-5.17714900 2.35507500 1.44233900 / 0.00000000 0.00530220 0.99998590 / 255 0 255 255 / 0.25000000 0.00000000
				-5.17714900 2.33896200 1.43599200 / 0.00000000 -0.36653150 0.93040570 / 255 0 255 255 / 0.12500000 0.00000000
				-3.48574300 2.33896200 1.43599200 / 0.00000000 -0.36653150 0.93040560 / 255 0 255 255 / 0.12500000 1.00000000
				-3.48574300 2.33896200 1.43599200 / 0.00000000 -0.36653150 0.93040560 / 255 0 255 255 / 0.12500000 1.00000000
				-3.48574300 2.35507500 1.44233900 / 0.00000000 0.00530490 0.99998590 / 255 0 255 255 / 0.25000000 1.00000000
				-3.48574300 2.35507500 1.44233900 / 0.00000000 0.00530490 0.99998590 / 255 0 255 255 / 0.25000000 1.00000000
				-3.48574300 2.35507500 1.44233900 / 0.00000000 0.00530490 0.99998590 / 255 0 255 255 / 0.25000000 1.00000000
				-5.17714900 2.37070000 1.43599200 / 0.00000000 0.37637930 0.92646550 / 255 0 255 255 / 0.37500000 0.00000000
				-5.17714900 2.37070000 1.43599200 / 0.00000000 0.37637930 0.92646550 / 255 0 255 255 / 0.37500000 0.00000000
				-3.48574300 2.37070000 1.43599200 / 0.00000000 0.37637930 0.92646550 / 255 0 255 255 / 0.37500000 1.00000000
				-5.17714900 2.37753600 1.41987800 / 0.00000000 1.00000000 0.00000150 / 255 0 255 255 / 0.50000000 0.00000000
				-5.17714900 2.37753600 1.41987800 / 0.00000000 1.00000000 0.00000150 / 255 0 255 255 / 0.50000000 0.00000000
				-5.17714900 2.37753600 1.41987800 / 0.00000000 1.00000000 0.00000150 / 255 0 255 255 / 0.50000000 0.00000000
				-5.17714900 2.37070000 1.43599200 / 0.00000000 0.92058180 0.39054950 / 255 0 255 255 / 0.37500000 0.00000000
				-3.48574300 2.37070000 1.43599200 / 0.00000000 0.92058180 0.39054950 / 255 0 255 255 / 0.37500000 1.00000000
				-3.48574300 2.37070000 1.43599200 / 0.00000000 0.92058180 0.39054950 / 255 0 255 255 / 0.37500000 1.00000000
				-3.48574300 2.37753600 1.41987800 / 0.00000000 1.00000000 -0.00000120 / 255 0 255 255 / 0.50000000 1.00000000
				-3.48574300 2.37753600 1.41987800 / 0.00000000 1.00000000 -0.00000120 / 255 0 255 255 / 0.50000000 1.00000000
				-3.48574300 2.37753600 1.41987800 / 0.00000000 1.00000000 -0.00000120 / 255 0 255 255 / 0.50000000 1.00000000
				-5.17714900 2.37070000 1.40376500 / 0.00000000 0.92058200 -0.39054920 / 255 0 255 255 / 0.62500000 0.00000000
				-5.17714900 2.37070000 1.40376500 / 0.00000000 0.92058200 -0.39054920 / 255 0 255 255 / 0.62500000 0.00000000
				-3.48574300 2.37070000 1.40376500 / 0.00000000 0.92058210 -0.39054920 / 255 0 255 255 / 0.62500000 1.00000000
				-5.17714900 2.41904000 1.40376500 / 0.00000000 -0.71622040 -0.69787420 / 255 0 255 255 / 0.87500000 0.00000000
				-5.17714900 2.41904000 1.40376500 / 0.00000000 -0.71622040 -0.69787420 / 255 0 255 255 / 0.87500000 0.00000000
				-5.17714900 2.41904000 1.40376500 / 0.00000000 -0.71622040 -0.69787420 / 255 0 255 255 / 0.87500000 0.00000000
				-5.17714900 2.43515300 1.39692900 / 0.00000000 -0.39055260 -0.92058060 / 255 0 255 255 / 0.75000000 0.00000000
				-3.48574300 2.43515300 1.39692900 / 0.00000000 -0.39055260 -0.92058070 / 255 0 255 255 / 0.75000000 1.00000000
				-3.48574300 2.43515300 1.39692900 / 0.00000000 -0.39055260 -0.92058070 / 255 0 255 255 / 0.75000000 1.00000000
				-3.48574300 2.41904000 1.40376500 / 0.00000000 -0.71622220 -0.69787240 / 255 0 255 255 / 0.87500000 1.00000000
				-3.48574300 2.41904000 1.40376500 / 0.00000000 -0.71622220 -0.69787240 / 255 0 255 255 / 0.87500000 1.00000000
				-3.48574300 2.41904000 1.40376500 / 0.00000000 -0.71622220 -0.69787240 / 255 0 255 255 / 0.87500000 1.00000000
				-5.17714900 2.41269200 1.41987800 / 0.00000000 -0.93040400 -0.36653580 / 255 0 255 255 / 1.00000000 0.00000000
				-5.17714900 2.41269200 1.41987800 / 0.00000000 -0.93040400 -0.36653580 / 255 0 255 255 / 1.00000000 0.00000000
				-3.48574300 2.41269200 1.41987800 / 0.00000000 -0.93040390 -0.36653590 / 255 0 255 255 / 1.00000000 1.00000000
				-5.17714900 2.43515300 1.44233900 / 0.00000000 -0.00000120 1.00000000 / 255 0 255 255 / 0.25000000 0.00000000
				-5.17714900 2.43515300 1.44233900 / 0.00000000 -0.00000120 1.00000000 / 255 0 255 255 / 0.25000000 0.00000000
				-5.17714900 2.43515300 1.44233900 / 0.00000000 -0.00000120 1.00000000 / 255 0 255 255 / 0.25000000 0.00000000
				-5.17714900 2.41904000 1.43599200 / 0.00000000 -0.36653150 0.93040570 / 255 0 255 255 / 0.12500000 0.00000000
				-3.48574300 2.41904000 1.43599200 / 0.00000000 -0.36653150 0.93040560 / 255 0 255 255 / 0.12500000 1.00000000
				-3.48574300 2.41904000 1.43599200 / 0.00000000 -0.36653150 0.93040560 / 255 0 255 255 / 0.12500000 1.00000000
				-3.48574300 2.43515300 1.44233900 / 0.00000000 0.00000120 1.00000000 / 255 0 255 255 / 0.25000000 1.00000000
				-3.48574300 2.43515300 1.44233900 / 0.00000000 0.00000120 1.00000000 / 255 0 255 255 / 0.25000000 1.00000000
				-3.48574300 2.43515300 1.44233900 / 0.00000000 0.00000120 1.00000000 / 255 0 255 255 / 0.25000000 1.00000000
				-5.17714900 2.45126600 1.43599200 / 0.00000000 0.36653150 0.93040560 / 255 0 255 255 / 0.37500000 0.00000000
				-5.17714900 2.45126600 1.43599200 / 0.00000000 0.36653150 0.93040560 / 255 0 255 255 / 0.37500000 0.00000000
				-3.48574300 2.45126600 1.43599200 / 0.00000000 0.36653150 0.93040570 / 255 0 255 255 / 0.37500000 1.00000000
				-5.17714900 2.45810200 1.41987800 / 0.00000000 1.00000000 0.00000150 / 255 0 255 255 / 0.50000000 0.00000000
				-5.17714900 2.45810200 1.41987800 / 0.00000000 1.00000000 0.00000150 / 255 0 255 255 / 0.50000000 0.00000000
				-5.17714900 2.45810200 1.41987800 / 0.00000000 1.00000000 0.00000150 / 255 0 255 255 / 0.50000000 0.00000000
				-5.17714900 2.45126600 1.43599200 / 0.00000000 0.92058180 0.39054950 / 255 0 255 255 / 0.37500000 0.00000000
				-3.48574300 2.45126600 1.43599200 / 0.00000000 0.92058180 0.39054950 / 255 0 255 255 / 0.37500000 1.00000000
				-3.48574300 2.45126600 1.43599200 / 0.00000000 0.92058180 0.39054950 / 255 0 255 255 / 0.37500000 1.00000000
				-3.48574300 2.45810200 1.41987800 / 0.00000000 1.00000000 -0.00000120 / 255 0 255 255 / 0.50000000 1.00000000
				-3.48574300 2.45810200 1.41987800 / 0.00000000 1.00000000 -0.00000120 / 255 0 255 255 / 0.50000000 1.00000000
				-3.48574300 2.45810200 1.41987800 / 0.00000000 1.00000000 -0.00000120 / 255 0 255 255 / 0.50000000 1.00000000
				-5.17714900 2.45126600 1.40376500 / 0.00000000 0.92058200 -0.39054920 / 255 0 255 255 / 0.62500000 0.00000000
				-5.17714900 2.45126600 1.40376500 / 0.00000000 0.92058200 -0.39054920 / 255 0 255 255 / 0.62500000 0.00000000
				-3.48574300 2.45126600 1.40376500 / 0.00000000 0.92058210 -0.39054920 / 255 0 255 255 / 0.62500000 1.00000000
				4.47324100 -2.26504200 1.41987800 / 0.00000000 -0.92057700 0.39056110 / 255 0 255 255 / 0.00000000 1.00000000
				4.47324100 -2.26504200 1.41987800 / 0.00000000 -0.92057700 0.39056110 / 255 0 255 255 / 0.00000000 1.00000000
				4.47324100 -2.25820600 1.43599200 / 0.00000000 -0.92057700 0.39056100 / 255 0 255 255 / 0.12500000 1.00000000
				2.78183500 -2.25820600 1.43599200 / 0.00000000 -0.92057700 0.39056110 / 255 0 255 255 / 0.12500000 0.00000000
				2.78183500 -2.25820600 1.43599200 / 0.00000000 -0.92057700 0.39056110 / 255 0 255 255 / 0.12500000 0.00000000
				2.78183500 -2.26504200 1.41987800 / 0.00000000 -0.92057700 0.39056100 / 255 0 255 255 / 0.00000000 0.00000000
				4.47324100 -2.22598000 1.40376500 / 0.00000000 0.39055260 -0.92058060 / 255 0 255 255 / 0.62500000 1.00000000
				4.47324100 -2.22598000 1.40376500 / 0.00000000 0.39055260 -0.92058060 / 255 0 255 255 / 0.62500000 1.00000000
				4.47324100 -2.24209300 1.39692900 / 0.00000000 0.39055260 -0.92058070 / 255 0 255 255 / 0.75000000 1.00000000
				2.78183500 -2.24209300 1.39692900 / 0.00000000 0.39055260 -0.92058060 / 255 0 255 255 / 0.75000000 0.00000000
				2.78183500 -2.24209300 1.39692900 / 0.00000000 0.39055260 -0.92058060 / 255 0 255 255 / 0.75000000 0.00000000
				2.78183500 -2.22598000 1.40376500 / 0.00000000 0.39055260 -0.92058070 / 255 0 255 255 / 0.62500000 0.00000000
				4.47324100 -2.18447600 1.41987800 / 0.00000000 -0.93040390 0.36653620 / 255 0 255 255 / 0.00000000 1.00000000
				4.47324100 -2.18447600 1.41987800 / 0.00000000 -0.93040390 0.36653620 / 255 0 255 255 / 0.00000000 1.00000000
				4.47324100 -2.17812800 1.43599200 / 0.00000000 -0.93040390 0.36653610 / 255 0 255 255 / 0.12500000 1.00000000
				2.78183500 -2.17812800 1.43599200 / 0.00000000 -0.93040390 0.36653620 / 255 0 255 255 / 0.12500000 0.00000000
				2.78183500 -2.17812800 1.43599200 / 0.00000000 -0.93040390 0.36653620 / 255 0 255 255 / 0.12500000 0.00000000
				2.78183500 -2.18447600 1.41987800 / 0.00000000 -0.93040390 0.36653610 / 255 0 255 255 / 0.00000000 0.00000000
				4.47324100 -2.14590100 1.40376500 / 0.00000000 0.39053300 -0.92058890 / 255 0 255 255 / 0.62500000 1.00000000
				4.47324100 -2.14590100 1.40376500 / 0.00000000 0.39053300 -0.92058890 / 255 0 255 255 / 0.62500000 1.00000000
				4.47324100 -2.16201500 1.39692900 / 0.00000000 0.39053300 -0.92058910 / 255 0 255 255 / 0.75000000 1.00000000
				2.78183500 -2.16201500 1.39692900 / 0.00000000 0.39053300 -0.92058890 / 255 0 255 255 / 0.75000000 0.00000000
				2.78183500 -2.16201500 1.39692900 / 0.00000000 0.39053300 -0.92058890 / 255 0 255 255 / 0.75000000 0.00000000
				2.78183500 -2.14590100 1.40376500 / 0.00000000 0.39053300 -0.92058910 / 255 0 255 255 / 0.62500000 0.00000000
				4.47324100 -5.62685800 1.41987800 / 0.00000000 -0.92058180 0.39054950 / 255 0 255 255 / 0.00000000 1.00000000
				4.47324100 -5.62685800 1.41987800 / 0.00000000 -0.92058180 0.39054950 / 255 0 255 255 / 0.00000000 1.00000000
				4.47324100 -5.62002200 1.43599200 / 0.00000000 -0.92058180 0.39054950 / 255 0 255 255 / 0.12500000 1.00000000
				2.78183500 -5.62002200 1.43599200 / 0.00000000 -0.92058180 0.39054950 / 255 0 255 255 / 0.12500000 0.00000000
				2.78183500 -5.62002200 1.43599200 / 0.00000000 -0.92058180 0.39054950 / 255 0 255 255 / 0.12500000 0.00000000
				2.78183500 -5.62685800 1.41987800 / 0.00000000 -0.92058180 0.39054950 / 255 0 255 255 / 0.00000000 0.00000000
				4.47324100 -5.58779600 1.40376500 / 0.00000000 0.39055740 -0.92057850 / 255 0 255 255 / 0.62500000 1.00000000
				4.47324100 -5.58779600 1.40376500 / 0.00000000 0.39055740 -0.92057850 / 255 0 255 255 / 0.62500000 1.00000000
				4.47324100 -5.60390900 1.39692900 / 0.00000000 0.39055740 -0.92057850 / 255 0 255 255 / 0.75000000 1.00000000
				2.78183500 -5.60390900 1.39692900 / 0.00000000 0.39055740 -0.92057850 / 255 0 255 255 / 0.75000000 0.00000000
				2.78183500 -5.60390900 1.39692900 / 0.00000000 0.39055740 -0.92057850 / 255 0 255 255 / 0.75000000 0.00000000
				2.78183500 -5.58779600 1.40376500 / 0.00000000 0.39055740 -0.92057850 / 255 0 255 255 / 0.62500000 0.00000000
				4.47324100 -5.54629200 1.41987800 / 0.00000000 -0.93039910 0.36654810 / 255 0 255 255 / 0.00000000 1.00000000
				4.47324100 -5.54629200 1.41987800 / 0.00000000 -0.93039910 0.36654810 / 255 0 255 255 / 0.00000000 1.00000000
				4.47324100 -5.53994400 1.43599200 / 0.00000000 -0.93039910 0.36654800 / 255 0 255 255 / 0.12500000 1.00000000
				2.78183500 -5.53994400 1.43599200 / 0.00000000 -0.93039910 0.36654810 / 255 0 255 255 / 0.12500000 0.00000000
				2.78183500 -5.53994400 1.43599200 / 0.00000000 -0.93039910 0.36654810 / 255 0 255 255 / 0.12500000 0.00000000
				2.78183500 -5.54629200 1.41987800 / 0.00000000 -0.93039910 0.36654800 / 255 0 255 255 / 0.00000000 0.00000000
				4.47324100 -5.50771800 1.40376500 / 0.00000000 0.39054770 -0.92058270 / 255 0 255 255 / 0.62500000 1.00000000
				4.47324100 -5.50771800 1.40376500 / 0.00000000 0.39054770 -0.92058270 / 255 0 255 255 / 0.62500000 1.00000000
				4.47324100 -5.52383100 1.39692900 / 0.00000000 0.39054770 -0.92058270 / 255 0 255 255 / 0.75000000 1.00000000
				2.78183500 -5.52383100 1.39692900 / 0.00000000 0.39054770 -0.92058270 / 255 0 255 255 / 0.75000000 0.00000000
				2.78183500 -5.52383100 1.39692900 / 0.00000000 0.39054770 -0.92058270 / 255 0 255 255 / 0.75000000 0.00000000
				2.78183500 -5.50771800 1.40376500 / 0.00000000 0.39054770 -0.92058270 / 255 0 255 255 / 0.62500000 0.00000000
				4.47324100 2.33212600 1.41987800 / 0.00000000 -0.92058180 0.39054950 / 255 0 255 255 / 0.00000000 1.00000000
				4.47324100 2.33212600 1.41987800 / 0.00000000 -0.92058180 0.39054950 / 255 0 255 255 / 0.00000000 1.00000000
				4.47324100 2.33896200 1.43599200 / 0.00000000 -0.92058180 0.39054950 / 255 0 255 255 / 0.12500000 1.00000000
				2.78183500 2.33896200 1.43599200 / 0.00000000 -0.92058180 0.39054950 / 255 0 255 255 / 0.12500000 0.00000000
				2.78183500 2.33896200 1.43599200 / 0.00000000 -0.92058180 0.39054950 / 255 0 255 255 / 0.12500000 0.00000000
			}
		}
		Geometry
		{
			ShaderIndex 11
			Flags -
			VertexDeclaration N51263BB5
			Indices 3360
			{
				2581 2583 2584 2585 2586 2582 2587 2589 2590 2591 2592 2588 2593 2595 2596
				2597 2598 2594 2599 2601 2602 2603 2604 2600 2605 2607 2608 2609 2610 2606
				2611 2613 2614 2615 2616 2612 2617 2619 2620 2621 2622 2618 2623 2625 2626
				2627 2628 2624 2629 2631 2632 2633 2634 2630 2635 2637 2638 2639 2640 2636
				2641 2643 2644 2645 2646 2642 2647 2649 2650 2651 2652 2648 2653 2655 2656
				2657 2658 2654 2659 2661 2662 2663 2664 2660 2665 2667 2668 2669 2670 2666
				2671 2673 2674 2675 2676 2672 2677 2679 2680 2681 2682 2678 2683 2685 2686
				2687 2688 2684 2689 2691 2692 2693 2694 2690 2695 2697 2698 2699 2700 2696
				2701 2703 2704 2705 2706 2702 2707 2709 2710 2711 2712 2708 2714 2715 2717
				2716 2718 2713 2719 2721 2722 2723 2724 2720 2725 2727 2728 2729 2730 2726
				2731 2733 2734 2735 2736 2732 2737 2739 2740 2741 2742 2738 2743 2745 2746
				2747 2748 2744 2749 2751 2752 2753 2754 2750 2755 2757 2758 2759 2760 2756
				2761 2763 2764 2765 2766 2762 2767 2769 2770 2771 2772 2768 2773 2775 2776
				2777 2778 2774 2779 2781 2782 2783 2784 2780 2785 2787 2788 2789 2790 2786
				2791 2793 2794 2795 2796 2792 2797 2799 2800 2801 2802 2798 2803 2805 2806
				2807 2808 2804 2809 2811 2812 2813 2814 2810 2815 2817 2818 2819 2820 2816
				2821 2823 2824 2825 2826 2822 2827 2829 2830 2831 2832 2828 2833 2835 2836
				2837 2838 2834 2839 2841 2842 2843 2844 2840 2845 2847 2848 2849 2850 2846
				2851 2853 2854 2855 2856 2852 2857 2859 2860 2861 2862 2858 2863 2865 2866
				2867 2868 2864 2869 2871 2872 2873 2874 2870 2875 2877 2878 2879 2880 2876
				2881 2883 2884 2885 2886 2882 2887 2889 2890 2891 2892 2888 2893 2895 2896
				2897 2898 2894 2899 2901 2902 2903 2904 2900 2905 2907 2908 2909 2910 2906
				2911 2913 2914 2915 2916 2912 2917 2919 2920 2921 2922 2918 2923 2925 2926
				2927 2928 2924 2929 2931 2932 2933 2934 2930 2935 2937 2938 2939 2940 2936
				2941 2943 2944 2945 2946 2942 2947 2949 2950 2951 2952 2948 2953 2955 2956
				2957 2958 2954 2959 2961 2962 2963 2964 2960 2965 2967 2968 2969 2970 2966
				2971 2973 2974 2975 2976 2972 2977 2979 2980 2981 2982 2978 2983 2985 2986
				2987 2988 2984 2989 2991 2992 2993 2994 2990 2995 2997 2998 2999 3000 2996
				3001 3003 3004 3005 3006 3002 3007 3009 3010 3011 3012 3008 3013 3015 3016
				3017 3018 3014 3019 3021 3022 3023 3024 3020 3025 3027 3028 3029 3030 3026
				3031 3033 3034 3035 3036 3032 3037 3039 3040 3041 3042 3038 3043 3045 3046
				3047 3048 3044 3049 3051 3052 3053 3054 3050 3055 3057 3058 3059 3060 3056
				3061 3063 3064 3065 3066 3062 3067 3069 3070 3071 3072 3068 3073 3075 3076
				3077 3078 3074 3079 3081 3082 3083 3084 3080 3085 3087 3088 3089 3090 3086
				3091 3093 3094 3095 3096 3092 3097 3099 3100 3101 3102 3098 3103 3105 3106
				3107 3108 3104 3109 3111 3112 3113 3114 3110 3115 3117 3118 3119 3120 3116
				3121 3123 3124 3125 3126 3122 3127 3129 3130 3131 3132 3128 3133 3135 3136
				3137 3138 3134 3139 3141 3142 3143 3144 3140 3145 3147 3148 3149 3150 3146
				3151 3153 3154 3155 3156 3152 3157 3159 3160 3161 3162 3158 3163 3165 3166
				3167 3168 3164 3169 3171 3172 3173 3174 3170 3175 3177 3178 3179 3180 3176
				3181 3183 3184 3185 3186 3182 3187 3189 3190 3191 3192 3188 3193 3195 3196
				3197 3198 3194 3199 3201 3202 3203 3204 3200 3205 3207 3208 3209 3210 3206
				3211 3213 3214 3215 3216 3212 3217 3219 3220 3221 3222 3218 3223 3225 3226
				3227 3228 3224 3229 3231 3232 3233 3234 3230 3235 3237 3238 3239 3240 3236
				3241 3243 3244 3245 3246 3242 3247 3249 3250 3251 3252 3248 3253 3255 3256
				3257 3258 3254 3259 3261 3262 3263 3264 3260 3265 3267 3268 3269 3270 3266
				3271 3273 3274 3275 3276 3272 3277 3279 3280 3281 3282 3278 3283 3285 3286
				3287 3288 3284 3289 3291 3292 3293 3294 3290 3295 3297 3298 3299 3300 3296
				3301 3303 3304 3305 3306 3302 3307 3309 3310 3311 3312 3308 3313 3315 3316
				3317 3318 3314 3319 3321 3322 3323 3324 3320 3325 3327 3328 3329 3330 3326
				3331 3333 3334 3335 3336 3332 3337 3339 3340 3341 3342 3338 3343 3345 3346
				3347 3348 3344 3349 3351 3352 3353 3354 3350 3355 3357 3358 3359 0 3356
				1 3 4 5 6 2 7 9 10 11 12 8 13 15 16
				17 18 14 19 21 22 23 24 20 25 27 28 29 30 26
				31 33 34 35 36 32 37 39 40 41 42 38 43 45 46
				47 48 44 49 51 52 53 54 50 55 57 58 59 60 56
				61 63 64 65 66 62 67 69 70 71 72 68 73 75 76
				77 78 74 79 81 82 83 84 80 85 87 88 89 90 86
				91 93 94 95 96 92 97 99 100 101 102 98 103 105 106
				107 108 104 109 111 112 113 114 110 115 117 118 119 120 116
				121 123 124 125 126 122 127 129 130 131 132 128 133 135 136
				137 138 134 139 141 142 143 144 140 145 147 148 149 150 146
				151 153 154 155 156 152 157 159 160 161 162 158 163 165 166
				167 168 164 169 171 172 173 174 170 175 177 178 179 180 176
				181 183 184 185 186 182 187 189 190 191 192 188 193 195 196
				197 198 194 199 201 202 203 204 200 205 207 208 209 210 206
				211 213 214 215 216 212 217 219 220 221 222 218 223 225 226
				227 228 224 229 231 232 233 234 230 235 237 238 239 240 236
				241 243 244 245 246 242 247 249 250 251 252 248 253 255 256
				257 258 254 259 261 262 263 264 260 265 267 268 269 270 266
				271 273 274 275 276 272 277 279 280 281 282 278 283 285 286
				287 288 284 289 291 292 293 294 290 295 297 298 299 300 296
				301 303 304 305 306 302 307 309 310 311 312 308 313 315 316
				317 318 314 319 321 322 323 324 320 325 327 328 329 330 326
				331 333 334 335 336 332 337 339 340 341 342 338 343 345 346
				347 348 344 349 351 352 353 354 350 355 357 358 359 360 356
				361 363 364 365 366 362 367 369 370 371 372 368 373 375 376
				377 378 374 379 381 382 383 384 380 385 387 388 389 390 386
				391 393 394 395 396 392 397 399 400 401 402 398 403 405 406
				407 408 404 409 411 412 413 414 410 415 417 418 419 420 416
				421 423 424 425 426 422 427 429 430 431 432 428 433 435 436
				437 438 434 439 441 442 443 444 440 445 447 448 449 450 446
				451 453 454 455 456 452 457 459 460 461 462 458 463 465 466
				467 468 464 469 471 472 473 474 470 475 477 478 479 480 476
				481 483 484 485 486 482 487 489 490 491 492 488 493 495 496
				497 498 494 499 501 502 503 504 500 505 507 508 509 510 506
				511 513 514 515 516 512 517 519 520 521 522 518 523 525 526
				527 528 524 529 531 532 533 534 530 535 537 538 539 540 536
				541 543 544 545 546 542 547 549 550 551 552 548 553 555 556
				557 558 554 559 561 562 563 564 560 565 567 568 569 570 566
				571 573 574 575 576 572 577 579 580 581 582 578 583 585 586
				587 588 584 589 591 592 593 594 590 595 597 598 599 600 596
				601 603 604 605 606 602 607 609 610 611 612 608 613 615 616
				617 618 614 619 621 622 623 624 620 625 627 628 629 630 626
				631 633 634 635 636 632 637 639 640 641 642 638 643 645 646
				647 648 644 649 651 652 653 654 650 655 657 658 659 660 656
				661 663 664 665 666 662 667 669 670 671 672 668 673 675 676
				677 678 674 679 681 682 683 684 680 685 687 688 689 690 686
				691 693 694 695 696 692 697 699 700 701 702 698 703 705 706
				707 708 704 709 711 712 713 714 710 715 717 718 719 720 716
				721 723 724 725 726 722 727 729 730 731 732 728 733 735 736
				737 738 734 739 741 742 743 744 740 745 747 748 749 750 746
				751 753 754 755 756 752 757 759 760 761 762 758 763 765 766
				767 768 764 769 771 772 773 774 770 775 777 778 779 780 776
				781 783 784 785 786 782 787 789 790 791 792 788 793 795 796
				797 798 794 799 801 802 803 804 800 805 807 808 809 810 806
				811 813 814 815 816 812 817 819 820 821 822 818 823 825 826
				827 828 824 829 831 832 833 834 830 835 837 838 839 840 836
				841 843 844 845 846 842 847 849 850 851 852 848 853 855 856
				857 858 854 859 861 862 863 864 860 865 867 868 869 870 866
				871 873 874 875 876 872 877 879 880 881 882 878 883 885 886
				887 888 884 889 891 892 893 894 890 895 897 898 899 900 896
				901 903 904 905 906 902 907 909 910 911 912 908 913 915 916
				917 918 914 919 921 922 923 924 920 925 927 928 929 930 926
				931 933 934 935 936 932 937 939 940 941 942 938 943 945 946
				947 948 944 949 951 952 953 954 950 955 957 958 959 960 956
				961 963 964 965 966 962 967 969 970 971 972 968 973 975 976
				977 978 974 979 981 982 983 984 980 985 987 988 989 990 986
				991 993 994 995 996 992 997 999 1000 1001 1002 998 1003 1005 1006
				1007 1008 1004 1009 1011 1012 1013 1014 1010 1015 1017 1018 1019 1020 1016
				1021 1023 1024 1025 1026 1022 1027 1029 1030 1031 1032 1028 1033 1035 1036
				1037 1038 1034 1039 1041 1042 1043 1044 1040 1045 1047 1048 1049 1050 1046
				1051 1053 1054 1055 1056 1052 1057 1059 1060 1061 1062 1058 1063 1065 1066
				1067 1068 1064 1069 1071 1072 1073 1074 1070 1075 1077 1078 1079 1080 1076
				1081 1083 1084 1085 1086 1082 1087 1089 1090 1091 1092 1088 1093 1095 1096
				1097 1098 1094 1099 1101 1102 1103 1104 1100 1105 1107 1108 1109 1110 1106
				1111 1113 1114 1115 1116 1112 1117 1119 1120 1121 1122 1118 1123 1125 1126
				1127 1128 1124 1129 1131 1132 1133 1134 1130 1135 1137 1138 1139 1140 1136
				1141 1143 1144 1145 1146 1142 1147 1149 1150 1151 1152 1148 1153 1155 1156
				1157 1158 1154 1159 1161 1162 1163 1164 1160 1165 1167 1168 1169 1170 1166
				1171 1173 1174 1175 1176 1172 1177 1179 1180 1181 1182 1178 1183 1185 1186
				1187 1188 1184 1189 1191 1192 1193 1194 1190 1195 1197 1198 1199 1200 1196
				1201 1203 1204 1205 1206 1202 1207 1209 1210 1211 1212 1208 1213 1215 1216
				1217 1218 1214 1219 1221 1222 1223 1224 1220 1225 1227 1228 1229 1230 1226
				1231 1233 1234 1235 1236 1232 1237 1239 1240 1241 1242 1238 1243 1245 1246
				1247 1248 1244 1249 1251 1252 1253 1254 1250 1255 1257 1258 1259 1260 1256
				1261 1263 1264 1265 1266 1262 1267 1269 1270 1271 1272 1268 1273 1275 1276
				1277 1278 1274 1279 1281 1282 1283 1284 1280 1285 1287 1288 1289 1290 1286
				1291 1293 1294 1295 1296 1292 1297 1299 1300 1301 1302 1298 1303 1305 1306
				1307 1308 1304 1309 1311 1312 1313 1314 1310 1315 1317 1318 1319 1320 1316
				1321 1323 1324 1325 1326 1322 1327 1329 1330 1331 1332 1328 1333 1335 1336
				1337 1338 1334 1339 1341 1342 1343 1344 1340 1345 1347 1348 1349 1350 1346
				1351 1353 1354 1355 1356 1352 1357 1359 1360 1361 1362 1358 1363 1365 1366
				1367 1368 1364 1369 1371 1372 1373 1374 1370 1375 1377 1378 1379 1380 1376
				1381 1383 1384 1385 1386 1382 1387 1389 1390 1391 1392 1388 1393 1395 1396
				1397 1398 1394 1399 1401 1402 1403 1404 1400 1405 1407 1408 1409 1410 1406
				1411 1413 1414 1415 1416 1412 1417 1419 1420 1421 1422 1418 1423 1425 1426
				1427 1428 1424 1429 1431 1432 1433 1434 1430 1435 1437 1438 1439 1440 1436
				1441 1443 1444 1445 1446 1442 1447 1449 1450 1451 1452 1448 1453 1455 1456
				1457 1458 1454 1459 1461 1462 1463 1464 1460 1465 1467 1468 1469 1470 1466
				1471 1473 1474 1475 1476 1472 1477 1479 1480 1481 1482 1478 1483 1485 1486
				1487 1488 1484 1489 1491 1492 1493 1494 1490 1495 1497 1498 1499 1500 1496
				1501 1503 1504 1505 1506 1502 1507 1509 1510 1511 1512 1508 1513 1515 1516
				1517 1518 1514 1519 1521 1522 1523 1524 1520 1525 1527 1528 1529 1530 1526
				1531 1533 1534 1535 1536 1532 1537 1539 1540 1541 1542 1538 1543 1545 1546
				1547 1548 1544 1549 1551 1552 1553 1554 1550 1555 1557 1558 1559 1560 1556
				1561 1563 1564 1565 1566 1562 1567 1569 1570 1571 1572 1568 1573 1575 1576
				1577 1578 1574 1579 1581 1582 1583 1584 1580 1585 1587 1588 1589 1590 1586
				1591 1593 1594 1595 1596 1592 1597 1599 1600 1601 1602 1598 1603 1605 1606
				1607 1608 1604 1609 1611 1612 1613 1614 1610 1615 1617 1618 1619 1620 1616
				1621 1623 1624 1625 1626 1622 1627 1629 1630 1631 1632 1628 1633 1635 1636
				1637 1638 1634 1639 1641 1642 1643 1644 1640 1645 1647 1648 1649 1650 1646
				1651 1653 1654 1655 1656 1652 1657 1659 1660 1661 1662 1658 1663 1665 1666
				1667 1668 1664 1669 1671 1672 1673 1674 1670 1675 1677 1678 1679 1680 1676
				1681 1683 1684 1685 1686 1682 1687 1689 1690 1691 1692 1688 1693 1695 1696
				1697 1698 1694 1699 1701 1702 1703 1704 1700 1705 1707 1708 1709 1710 1706
				1711 1713 1714 1715 1716 1712 1717 1719 1720 1721 1722 1718 1723 1725 1726
				1727 1728 1724 1729 1731 1732 1733 1734 1730 1735 1737 1738 1739 1740 1736
				1741 1743 1744 1745 1746 1742 1747 1749 1750 1751 1752 1748 1753 1755 1756
				1757 1758 1754 1759 1761 1762 1763 1764 1760 1765 1767 1768 1769 1770 1766
				1771 1773 1774 1775 1776 1772 1777 1779 1780 1781 1782 1778 1783 1785 1786
				1787 1788 1784 1789 1791 1792 1793 1794 1790 1795 1797 1798 1799 1800 1796
				1801 1803 1804 1805 1806 1802 1807 1809 1810 1811 1812 1808 1813 1815 1816
				1817 1819 1814 1820 1818 1822 1823 1824 1821 1825 1827 1828 1829 1831 1826
				1832 1830 1834 1835 1836 1833 1837 1839 1840 1841 1843 1838 1844 1842 1846
				1847 1848 1845 1849 1851 1852 1853 1855 1850 1856 1854 1858 1859 1860 1857
				1861 1863 1864 1865 1867 1862 1868 1866 1870 1871 1872 1869 1873 1875 1876
				1877 1879 1874 1880 1878 1882 1883 1884 1881 1885 1887 1888 1889 1891 1886
				1892 1890 1894 1895 1896 1893 1897 1899 1900 1901 1903 1898 1904 1902 1906
				1907 1908 1905 1909 1911 1912 1913 1915 1910 1916 1914 1918 1919 1920 1917
				1921 1923 1924 1925 1927 1922 1928 1926 1930 1931 1932 1929 1933 1935 1936
				1937 1939 1934 1940 1938 1942 1943 1944 1941 1945 1947 1948 1949 1951 1946
				1952 1950 1954 1955 1956 1953 1957 1959 1960 1961 1963 1958 1964 1962 1966
				1967 1968 1965 1969 1971 1972 1973 1975 1970 1976 1974 1978 1979 1980 1977
				1981 1983 1984 1985 1987 1982 1988 1986 1990 1991 1992 1989 1993 1995 1996
				1997 1999 1994 2000 1998 2002 2003 2004 2001 2005 2007 2008 2009 2011 2006
				2012 2010 2014 2015 2016 2013 2017 2019 2020 2021 2023 2018 2024 2022 2026
				2027 2028 2025 2029 2031 2032 2033 2035 2030 2036 2034 2038 2039 2040 2037
				2041 2043 2044 2045 2047 2042 2048 2046 2050 2051 2052 2049 2053 2055 2056
				2057 2059 2054 2060 2058 2062 2063 2064 2061 2065 2067 2068 2069 2071 2066
				2072 2070 2074 2075 2076 2073 2077 2079 2080 2081 2083 2078 2084 2082 2086
				2087 2088 2085 2089 2091 2092 2093 2095 2090 2096 2094 2098 2099 2100 2097
				2101 2103 2104 2105 2107 2102 2108 2106 2110 2111 2112 2109 2113 2115 2116
				2117 2119 2114 2120 2118 2122 2123 2124 2121 2125 2127 2128 2129 2131 2126
				2132 2130 2134 2135 2136 2133 2137 2139 2140 2141 2143 2138 2144 2142 2146
				2147 2148 2145 2149 2151 2152 2153 2155 2150 2156 2154 2158 2159 2160 2157
				2161 2163 2164 2165 2167 2162 2168 2166 2170 2171 2172 2169 2173 2175 2176
				2177 2179 2174 2180 2178 2182 2183 2184 2181 2185 2187 2188 2189 2191 2186
				2192 2190 2194 2195 2196 2193 2197 2200 2201 2198 2202 2204 2203 2207 2205
				2199 2206 2208 2209 2212 2213 2210 2214 2216 2215 2219 2217 2211 2218 2220
				2221 2224 2225 2222 2226 2228 2227 2231 2229 2223 2230 2232 2233 2236 2237
				2234 2238 2240 2239 2243 2241 2235 2242 2244 2245 2248 2249 2246 2250 2252
				2251 2255 2253 2247 2254 2256 2257 2260 2261 2258 2262 2264 2263 2267 2265
				2259 2266 2268 2269 2272 2273 2270 2274 2276 2275 2279 2277 2271 2278 2280
				2281 2284 2285 2282 2286 2288 2287 2291 2289 2283 2290 2292 2293 2296 2297
				2294 2298 2300 2299 2303 2301 2295 2302 2304 2305 2308 2309 2306 2310 2312
				2311 2315 2313 2307 2314 2316 2317 2320 2321 2318 2322 2324 2323 2327 2325
				2319 2326 2328 2329 2332 2333 2330 2334 2336 2335 2339 2337 2331 2338 2340
				2341 2344 2345 2342 2346 2348 2347 2351 2349 2343 2350 2352 2353 2356 2357
				2354 2358 2360 2359 2363 2361 2355 2362 2364 2365 2368 2369 2366 2370 2372
				2371 2375 2373 2367 2374 2376 2377 2380 2381 2378 2382 2384 2383 2387 2385
				2379 2386 2388 2389 2392 2393 2390 2394 2396 2395 2399 2397 2391 2398 2400
				2401 2404 2405 2402 2406 2408 2407 2411 2409 2403 2410 2412 2413 2416 2417
				2414 2418 2420 2419 2423 2421 2415 2422 2424 2425 2428 2429 2426 2430 2432
				2431 2435 2433 2427 2434 2436 2437 2440 2441 2438 2442 2444 2443 2447 2445
				2439 2446 2448 2449 2452 2453 2450 2454 2456 2455 2459 2457 2451 2458 2460
				2461 2464 2465 2462 2466 2468 2467 2471 2469 2463 2470 2472 2473 2476 2477
				2474 2478 2480 2479 2483 2481 2475 2482 2484 2485 2488 2489 2486 2490 2492
				2491 2495 2493 2487 2494 2496 2497 2500 2501 2498 2502 2504 2503 2507 2505
				2499 2506 2508 2509 2512 2513 2510 2514 2516 2515 2519 2517 2511 2518 2520
				2521 2524 2525 2522 2526 2528 2527 2531 2529 2523 2530 2532 2533 2536 2537
				2534 2538 2540 2539 2543 2541 2535 2542 2544 2545 2548 2549 2546 2550 2552
				2551 2555 2553 2547 2554 2556 2557 2560 2561 2558 2562 2564 2563 2567 2565
				2559 2566 2568 2569 2572 2573 2570 2574 2576 2575 2579 2577 2571 2578 2580
			}
			Vertices 3360
			{
				2.86728400 2.39413800 1.73335500 / 0.94871410 -0.31613510 0.00000000 / 255 0 255 255 / 0.50000000 0.51277160 / 0.31613510 0.94871420 0.00000000 1.00000000
				2.86484300 2.38681300 1.73775000 / 0.19609770 -0.98058430 0.00000000 / 255 0 255 255 / 0.53933720 0.48722840 / 0.98058440 0.19609770 0.00000000 1.00000000
				2.86484300 2.38681300 1.73775000 / 0.19609770 -0.98058430 0.00000000 / 255 0 255 255 / 0.53933720 0.48722840 / 0.98058440 0.19609770 0.00000000 1.00000000
				2.85751800 2.38534800 1.73775000 / 0.19609770 -0.98058430 0.00000000 / 255 0 255 255 / 0.46066280 0.48722840 / 0.98058440 0.19609770 0.00000000 1.00000000
				2.85751800 2.38534800 1.73335500 / 0.19609770 -0.98058430 0.00000000 / 255 0 255 255 / 0.46066280 0.51277160 / 0.98058440 0.19609770 0.00000000 1.00000000
				2.85751800 2.38534800 1.73335500 / 0.19609770 -0.98058430 0.00000000 / 255 0 255 255 / 0.46066280 0.51277160 / 0.98058440 0.19609770 0.00000000 1.00000000
				2.86484300 2.38681300 1.73335500 / 0.19609770 -0.98058430 0.00000000 / 255 0 255 255 / 0.53933720 0.51277160 / 0.98058440 0.19609770 0.00000000 1.00000000
				2.85751800 2.38534800 1.73775000 / -0.76829300 -0.64009830 0.00000000 / 255 0 255 255 / 0.57865910 0.48722840 / 0.64009830 -0.76829300 0.00000000 1.00000000
				2.85751800 2.38534800 1.73775000 / -0.76829300 -0.64009830 0.00000000 / 255 0 255 255 / 0.57865910 0.48722840 / 0.64009830 -0.76829300 0.00000000 1.00000000
				2.85263600 2.39120800 1.73775000 / -0.76829300 -0.64009830 0.00000000 / 255 0 255 255 / 0.50000000 0.48722840 / 0.64009830 -0.76829300 0.00000000 1.00000000
				2.85263600 2.39120800 1.73335500 / -0.76829300 -0.64009830 0.00000000 / 255 0 255 255 / 0.50000000 0.51277160 / 0.64009830 -0.76829300 0.00000000 1.00000000
				2.85263600 2.39120800 1.73335500 / -0.76829300 -0.64009830 0.00000000 / 255 0 255 255 / 0.50000000 0.51277160 / 0.64009830 -0.76829300 0.00000000 1.00000000
				2.85751800 2.38534800 1.73335500 / -0.76829300 -0.64009830 0.00000000 / 255 0 255 255 / 0.57865910 0.51277160 / 0.64009830 -0.76829300 0.00000000 1.00000000
				2.85263600 2.39120800 1.73775000 / -0.94176640 0.33626780 0.00000000 / 255 0 255 255 / 0.50000000 0.48722840 / -0.33626780 -0.94176640 0.00000000 1.00000000
				2.85263600 2.39120800 1.73775000 / -0.94176640 0.33626780 0.00000000 / 255 0 255 255 / 0.50000000 0.48722840 / -0.33626780 -0.94176640 0.00000000 1.00000000
				2.85507700 2.39804400 1.73775000 / -0.94176640 0.33626770 0.00000000 / 255 0 255 255 / 0.42134090 0.48722840 / -0.33626780 -0.94176640 0.00000000 1.00000000
				2.85507700 2.39804400 1.73335500 / -0.94176640 0.33626780 0.00000000 / 255 0 255 255 / 0.42134090 0.51277160 / -0.33626780 -0.94176640 0.00000000 1.00000000
				2.85507700 2.39804400 1.73335500 / -0.94176640 0.33626780 0.00000000 / 255 0 255 255 / 0.42134090 0.51277160 / -0.33626780 -0.94176640 0.00000000 1.00000000
				2.85263600 2.39120800 1.73335500 / -0.94176640 0.33626770 0.00000000 / 255 0 255 255 / 0.50000000 0.51277160 / -0.33626780 -0.94176640 0.00000000 1.00000000
				2.85507700 2.39804400 1.73775000 / -0.19611610 0.98058070 0.00000000 / 255 0 255 255 / 0.53933720 0.48722840 / -0.98058070 -0.19611610 0.00000000 1.00000000
				2.85507700 2.39804400 1.73775000 / -0.19611610 0.98058070 0.00000000 / 255 0 255 255 / 0.53933720 0.48722840 / -0.98058070 -0.19611610 0.00000000 1.00000000
				2.86240100 2.39950900 1.73775000 / -0.19611610 0.98058070 0.00000000 / 255 0 255 255 / 0.46067810 0.48722840 / -0.98058070 -0.19611610 0.00000000 1.00000000
				2.86240100 2.39950900 1.73335500 / -0.19611610 0.98058070 0.00000000 / 255 0 255 255 / 0.46067810 0.51277160 / -0.98058070 -0.19611610 0.00000000 1.00000000
				2.86240100 2.39950900 1.73335500 / -0.19611610 0.98058070 0.00000000 / 255 0 255 255 / 0.46067810 0.51277160 / -0.98058070 -0.19611610 0.00000000 1.00000000
				2.85507700 2.39804400 1.73335500 / -0.19611610 0.98058070 0.00000000 / 255 0 255 255 / 0.53933720 0.51277160 / -0.98058070 -0.19611610 0.00000000 1.00000000
				2.86240100 2.39950900 1.73775000 / 0.73992520 0.67268900 0.00000000 / 255 0 255 255 / 0.57865910 0.48722840 / -0.67268900 0.73992520 0.00000000 1.00000000
				2.86240100 2.39950900 1.73775000 / 0.73992520 0.67268900 0.00000000 / 255 0 255 255 / 0.57865910 0.48722840 / -0.67268900 0.73992520 0.00000000 1.00000000
				2.86728400 2.39413800 1.73775000 / 0.73992520 0.67268900 0.00000000 / 255 0 255 255 / 0.50000000 0.48722840 / -0.67268900 0.73992520 0.00000000 1.00000000
				2.86728400 2.39413800 1.73335500 / 0.73992520 0.67268900 0.00000000 / 255 0 255 255 / 0.50000000 0.51277160 / -0.67268900 0.73992520 0.00000000 1.00000000
				2.86728400 2.39413800 1.73335500 / 0.73992520 0.67268900 0.00000000 / 255 0 255 255 / 0.50000000 0.51277160 / -0.67268900 0.73992520 0.00000000 1.00000000
				2.86240100 2.39950900 1.73335500 / 0.73992520 0.67268900 0.00000000 / 255 0 255 255 / 0.57865910 0.51277160 / -0.67268900 0.73992520 0.00000000 1.00000000
				2.93515500 2.39413800 1.73775000 / 0.94871420 -0.31613510 0.00000000 / 255 0 255 255 / 0.50000000 0.48722840 / 0.31613510 0.94871420 0.00000000 1.00000000
				2.93515500 2.39413800 1.73775000 / 0.94871420 -0.31613510 0.00000000 / 255 0 255 255 / 0.50000000 0.48722840 / 0.31613510 0.94871420 0.00000000 1.00000000
				2.93271400 2.38681300 1.73775000 / 0.94871410 -0.31613510 0.00000000 / 255 0 255 255 / 0.42134090 0.48722840 / 0.31613510 0.94871420 0.00000000 1.00000000
				2.93271400 2.38681300 1.73335500 / 0.94871420 -0.31613510 0.00000000 / 255 0 255 255 / 0.42134090 0.51277160 / 0.31613510 0.94871420 0.00000000 1.00000000
				2.93271400 2.38681300 1.73335500 / 0.94871420 -0.31613510 0.00000000 / 255 0 255 255 / 0.42134090 0.51277160 / 0.31613510 0.94871420 0.00000000 1.00000000
				2.93515500 2.39413800 1.73335500 / 0.94871410 -0.31613510 0.00000000 / 255 0 255 255 / 0.50000000 0.51277160 / 0.31613510 0.94871420 0.00000000 1.00000000
				2.93271400 2.38681300 1.73775000 / 0.19612230 -0.98057950 0.00000000 / 255 0 255 255 / 0.53933720 0.48722840 / 0.98057940 0.19612230 0.00000000 1.00000000
				2.93271400 2.38681300 1.73775000 / 0.19612230 -0.98057950 0.00000000 / 255 0 255 255 / 0.53933720 0.48722840 / 0.98057940 0.19612230 0.00000000 1.00000000
				2.92539000 2.38534800 1.73775000 / 0.19612230 -0.98057940 0.00000000 / 255 0 255 255 / 0.46066280 0.48722840 / 0.98057940 0.19612230 0.00000000 1.00000000
				2.92539000 2.38534800 1.73335500 / 0.19612230 -0.98057950 0.00000000 / 255 0 255 255 / 0.46066280 0.51277160 / 0.98057940 0.19612230 0.00000000 1.00000000
				2.92539000 2.38534800 1.73335500 / 0.19612230 -0.98057950 0.00000000 / 255 0 255 255 / 0.46066280 0.51277160 / 0.98057940 0.19612230 0.00000000 1.00000000
				2.93271400 2.38681300 1.73335500 / 0.19612230 -0.98057940 0.00000000 / 255 0 255 255 / 0.53933720 0.51277160 / 0.98057940 0.19612230 0.00000000 1.00000000
				2.92539000 2.38534800 1.73775000 / -0.76823160 -0.64017220 0.00000000 / 255 0 255 255 / 0.57865910 0.48722840 / 0.64017210 -0.76823150 0.00000000 1.00000000
				2.92539000 2.38534800 1.73775000 / -0.76823160 -0.64017220 0.00000000 / 255 0 255 255 / 0.57865910 0.48722840 / 0.64017210 -0.76823150 0.00000000 1.00000000
				2.92050700 2.39120800 1.73775000 / -0.76823150 -0.64017210 0.00000000 / 255 0 255 255 / 0.50000000 0.48722840 / 0.64017210 -0.76823150 0.00000000 1.00000000
				2.92050700 2.39120800 1.73335500 / -0.76823160 -0.64017220 0.00000000 / 255 0 255 255 / 0.50000000 0.51277160 / 0.64017210 -0.76823150 0.00000000 1.00000000
				2.92050700 2.39120800 1.73335500 / -0.76823160 -0.64017220 0.00000000 / 255 0 255 255 / 0.50000000 0.51277160 / 0.64017210 -0.76823150 0.00000000 1.00000000
				2.92539000 2.38534800 1.73335500 / -0.76823150 -0.64017210 0.00000000 / 255 0 255 255 / 0.57865910 0.51277160 / 0.64017210 -0.76823150 0.00000000 1.00000000
				2.92050700 2.39120800 1.73775000 / -0.94176640 0.33626780 0.00000000 / 255 0 255 255 / 0.50000000 0.48722840 / -0.33626780 -0.94176640 0.00000000 1.00000000
				2.92050700 2.39120800 1.73775000 / -0.94176640 0.33626780 0.00000000 / 255 0 255 255 / 0.50000000 0.48722840 / -0.33626780 -0.94176640 0.00000000 1.00000000
				2.92294800 2.39804400 1.73775000 / -0.94176640 0.33626770 0.00000000 / 255 0 255 255 / 0.42134090 0.48722840 / -0.33626780 -0.94176640 0.00000000 1.00000000
				2.92294800 2.39804400 1.73335500 / -0.94176640 0.33626780 0.00000000 / 255 0 255 255 / 0.42134090 0.51277160 / -0.33626780 -0.94176640 0.00000000 1.00000000
				2.92294800 2.39804400 1.73335500 / -0.94176640 0.33626780 0.00000000 / 255 0 255 255 / 0.42134090 0.51277160 / -0.33626780 -0.94176640 0.00000000 1.00000000
				2.92050700 2.39120800 1.73335500 / -0.94176640 0.33626770 0.00000000 / 255 0 255 255 / 0.50000000 0.51277160 / -0.33626780 -0.94176640 0.00000000 1.00000000
				2.92294800 2.39804400 1.73775000 / -0.19612230 0.98057950 0.00000000 / 255 0 255 255 / 0.53933720 0.48722840 / -0.98057940 -0.19612230 0.00000000 1.00000000
				2.92294800 2.39804400 1.73775000 / -0.19612230 0.98057950 0.00000000 / 255 0 255 255 / 0.53933720 0.48722840 / -0.98057940 -0.19612230 0.00000000 1.00000000
				2.93027200 2.39950900 1.73775000 / -0.19612230 0.98057940 0.00000000 / 255 0 255 255 / 0.46067810 0.48722840 / -0.98057940 -0.19612230 0.00000000 1.00000000
				2.93027200 2.39950900 1.73335500 / -0.19612230 0.98057950 0.00000000 / 255 0 255 255 / 0.46067810 0.51277160 / -0.98057940 -0.19612230 0.00000000 1.00000000
				2.93027200 2.39950900 1.73335500 / -0.19612230 0.98057950 0.00000000 / 255 0 255 255 / 0.46067810 0.51277160 / -0.98057940 -0.19612230 0.00000000 1.00000000
				2.92294800 2.39804400 1.73335500 / -0.19612230 0.98057940 0.00000000 / 255 0 255 255 / 0.53933720 0.51277160 / -0.98057940 -0.19612230 0.00000000 1.00000000
				2.93027200 2.39950900 1.73775000 / 0.73990890 0.67270720 0.00000000 / 255 0 255 255 / 0.57865910 0.48722840 / -0.67270710 0.73990880 0.00000000 1.00000000
				2.93027200 2.39950900 1.73775000 / 0.73990890 0.67270720 0.00000000 / 255 0 255 255 / 0.57865910 0.48722840 / -0.67270710 0.73990880 0.00000000 1.00000000
				2.93515500 2.39413800 1.73775000 / 0.73990880 0.67270710 0.00000000 / 255 0 255 255 / 0.50000000 0.48722840 / -0.67270710 0.73990890 0.00000000 1.00000000
				2.93515500 2.39413800 1.73335500 / 0.73990890 0.67270720 0.00000000 / 255 0 255 255 / 0.50000000 0.51277160 / -0.67270710 0.73990880 0.00000000 1.00000000
				2.93515500 2.39413800 1.73335500 / 0.73990890 0.67270720 0.00000000 / 255 0 255 255 / 0.50000000 0.51277160 / -0.67270710 0.73990880 0.00000000 1.00000000
				2.93027200 2.39950900 1.73335500 / 0.73990880 0.67270710 0.00000000 / 255 0 255 255 / 0.57865910 0.51277160 / -0.67270710 0.73990890 0.00000000 1.00000000
				4.40146400 2.40341500 1.75191000 / 0.99999980 0.00000000 0.00000000 / 255 0 255 255 / 0.51956180 0.36059570 / 0.00000000 1.00000000 0.00000000 1.00000000
				4.40146400 2.40341500 1.75191000 / 0.99999980 0.00000000 0.00000000 / 255 0 255 255 / 0.51956180 0.36059570 / 0.00000000 1.00000000 0.00000000 1.00000000
				4.40146400 2.38193100 1.75191000 / 1.00000000 0.00000000 0.00000000 / 255 0 255 255 / 0.36059570 0.36059570 / 0.00000000 1.00000000 0.00000000 1.00000000
				4.40146400 2.38193100 1.73726100 / 0.99999980 0.00000000 0.00000000 / 255 0 255 255 / 0.36059570 0.63940430 / 0.00000000 1.00000000 0.00000000 1.00000000
				4.40146400 2.38193100 1.73726100 / 0.99999980 0.00000000 0.00000000 / 255 0 255 255 / 0.36059570 0.63940430 / 0.00000000 1.00000000 0.00000000 1.00000000
				4.40146400 2.40341500 1.73726100 / 1.00000000 0.00000000 0.00000000 / 255 0 255 255 / 0.51956180 0.63940430 / 0.00000000 1.00000000 0.00000000 1.00000000
				4.40146400 2.38193100 1.75191000 / 0.00000000 -1.00000000 0.00000000 / 255 0 255 255 / 0.62362670 0.36059570 / 1.00000000 0.00000000 0.00000000 1.00000000
				4.40146400 2.38193100 1.75191000 / 0.00000000 -1.00000000 0.00000000 / 255 0 255 255 / 0.62362670 0.36059570 / 1.00000000 0.00000000 0.00000000 1.00000000
				4.30673700 2.38193100 1.75191000 / 0.00000000 -1.00000000 0.00000000 / 255 0 255 255 / 0.36059570 0.36059570 / 1.00000000 0.00000000 0.00000000 1.00000000
				4.30673700 2.38193100 1.73726100 / 0.00000000 -1.00000000 0.00000000 / 255 0 255 255 / 0.36059570 0.63940430 / 1.00000000 0.00000000 0.00000000 1.00000000
				4.30673700 2.38193100 1.73726100 / 0.00000000 -1.00000000 0.00000000 / 255 0 255 255 / 0.36059570 0.63940430 / 1.00000000 0.00000000 0.00000000 1.00000000
				4.40146400 2.38193100 1.73726100 / 0.00000000 -1.00000000 0.00000000 / 255 0 255 255 / 0.62362670 0.63940430 / 1.00000000 0.00000000 0.00000000 1.00000000
				4.30673700 2.38193100 1.75191000 / -0.99999980 0.00000000 0.00000000 / 255 0 255 255 / 0.51956180 0.36059570 / 0.00000000 -1.00000000 0.00000000 1.00000000
				4.30673700 2.38193100 1.75191000 / -0.99999980 0.00000000 0.00000000 / 255 0 255 255 / 0.51956180 0.36059570 / 0.00000000 -1.00000000 0.00000000 1.00000000
				4.30673700 2.40341500 1.75191000 / -1.00000000 0.00000000 0.00000000 / 255 0 255 255 / 0.36059570 0.36059570 / 0.00000000 -1.00000000 0.00000000 1.00000000
				4.30673700 2.40341500 1.73726100 / -0.99999980 0.00000000 0.00000000 / 255 0 255 255 / 0.36061100 0.63940430 / 0.00000000 -1.00000000 0.00000000 1.00000000
				4.30673700 2.40341500 1.73726100 / -0.99999980 0.00000000 0.00000000 / 255 0 255 255 / 0.36061100 0.63940430 / 0.00000000 -1.00000000 0.00000000 1.00000000
				4.30673700 2.38193100 1.73726100 / -1.00000000 0.00000000 0.00000000 / 255 0 255 255 / 0.51956180 0.63940430 / 0.00000000 -1.00000000 0.00000000 1.00000000
				4.30673700 2.40341500 1.75191000 / 0.00000000 1.00000000 0.00000000 / 255 0 255 255 / 0.62362670 0.36059570 / -1.00000000 0.00000000 0.00000000 1.00000000
				4.30673700 2.40341500 1.75191000 / 0.00000000 1.00000000 0.00000000 / 255 0 255 255 / 0.62362670 0.36059570 / -1.00000000 0.00000000 0.00000000 1.00000000
				4.40146400 2.40341500 1.75191000 / 0.00000000 1.00000000 0.00000000 / 255 0 255 255 / 0.36059570 0.36059570 / -1.00000000 0.00000000 0.00000000 1.00000000
				4.40146400 2.40341500 1.73726100 / 0.00000000 1.00000000 0.00000000 / 255 0 255 255 / 0.36059570 0.63940430 / -1.00000000 0.00000000 0.00000000 1.00000000
				4.40146400 2.40341500 1.73726100 / 0.00000000 1.00000000 0.00000000 / 255 0 255 255 / 0.36059570 0.63940430 / -1.00000000 0.00000000 0.00000000 1.00000000
				4.30673700 2.40341500 1.73726100 / 0.00000000 1.00000000 0.00000000 / 255 0 255 255 / 0.62362670 0.63940430 / -1.00000000 0.00000000 0.00000000 1.00000000
				4.30673700 2.40341500 1.73726100 / 0.00000000 0.00000000 -1.00000000 / 255 0 255 255 / 0.37637330 0.63938900 / 0.98569630 0.16853170 0.00000000 1.00000000
				4.30673700 2.40341500 1.73726100 / 0.00000000 0.00000000 -1.00000000 / 255 0 255 255 / 0.37637330 0.63938900 / 0.98569630 0.16853170 0.00000000 1.00000000
				4.40146400 2.40341500 1.73726100 / 0.00000000 0.00000000 -1.00000000 / 255 0 255 255 / 0.63940430 0.51956180 / 0.98569940 0.16851330 0.00000000 1.00000000
				4.40146400 2.38193100 1.73726100 / 0.00000000 0.00000000 -1.00000000 / 255 0 255 255 / 0.62362670 0.36059570 / 0.98569630 0.16853170 0.00000000 1.00000000
				4.40146400 2.38193100 1.73726100 / 0.00000000 0.00000000 -1.00000000 / 255 0 255 255 / 0.62362670 0.36059570 / 0.98569630 0.16853170 0.00000000 1.00000000
				4.30673700 2.38193100 1.73726100 / 0.00000000 0.00000000 -1.00000000 / 255 0 255 255 / 0.36059570 0.48043820 / 0.98569310 0.16855010 0.00000000 1.00000000
				4.32773200 2.39413800 1.73775000 / 0.94176640 -0.33626780 0.00000000 / 255 0 255 255 / 0.50000000 0.48722840 / 0.33626780 0.94176640 0.00000000 1.00000000
				4.32773200 2.39413800 1.73775000 / 0.94176640 -0.33626780 0.00000000 / 255 0 255 255 / 0.50000000 0.48722840 / 0.33626780 0.94176640 0.00000000 1.00000000
				4.32529100 2.38730200 1.73775000 / 0.94176640 -0.33626770 0.00000000 / 255 0 255 255 / 0.42134090 0.48722840 / 0.33626780 0.94176640 0.00000000 1.00000000
				4.32529100 2.38730200 1.73335500 / 0.94176640 -0.33626780 0.00000000 / 255 0 255 255 / 0.42134090 0.51277160 / 0.33626780 0.94176640 0.00000000 1.00000000
				4.32529100 2.38730200 1.73335500 / 0.94176640 -0.33626780 0.00000000 / 255 0 255 255 / 0.42134090 0.51277160 / 0.33626780 0.94176640 0.00000000 1.00000000
				4.32773200 2.39413800 1.73335500 / 0.94176640 -0.33626770 0.00000000 / 255 0 255 255 / 0.50000000 0.51277160 / 0.33626780 0.94176640 0.00000000 1.00000000
				4.32529100 2.38730200 1.73775000 / 0.25776640 -0.96620730 0.00000000 / 255 0 255 255 / 0.53933720 0.48722840 / 0.96620730 0.25776640 0.00000000 1.00000000
				4.32529100 2.38730200 1.73775000 / 0.25776640 -0.96620730 0.00000000 / 255 0 255 255 / 0.53933720 0.48722840 / 0.96620730 0.25776640 0.00000000 1.00000000
				4.31796800 2.38534800 1.73775000 / 0.25776640 -0.96620730 0.00000000 / 255 0 255 255 / 0.46066280 0.48722840 / 0.96620730 0.25776640 0.00000000 1.00000000
				4.31796800 2.38534800 1.73335500 / 0.25776640 -0.96620730 0.00000000 / 255 0 255 255 / 0.46066280 0.51277160 / 0.96620730 0.25776640 0.00000000 1.00000000
				4.31796800 2.38534800 1.73335500 / 0.25776640 -0.96620730 0.00000000 / 255 0 255 255 / 0.46066280 0.51277160 / 0.96620730 0.25776640 0.00000000 1.00000000
				4.32529100 2.38730200 1.73335500 / 0.25776640 -0.96620730 0.00000000 / 255 0 255 255 / 0.53933720 0.51277160 / 0.96620730 0.25776640 0.00000000 1.00000000
				4.31796800 2.38534800 1.73775000 / -0.76821610 -0.64019050 0.00000000 / 255 0 255 255 / 0.57865910 0.48722840 / 0.64019050 -0.76821610 0.00000000 1.00000000
				4.31796800 2.38534800 1.73775000 / -0.76821610 -0.64019050 0.00000000 / 255 0 255 255 / 0.57865910 0.48722840 / 0.64019050 -0.76821610 0.00000000 1.00000000
				4.31308400 2.39120800 1.73775000 / -0.76821610 -0.64019050 0.00000000 / 255 0 255 255 / 0.50000000 0.48722840 / 0.64019050 -0.76821610 0.00000000 1.00000000
				4.31308400 2.39120800 1.73335500 / -0.76821610 -0.64019050 0.00000000 / 255 0 255 255 / 0.50000000 0.51277160 / 0.64019050 -0.76821610 0.00000000 1.00000000
				4.31308400 2.39120800 1.73335500 / -0.76821610 -0.64019050 0.00000000 / 255 0 255 255 / 0.50000000 0.51277160 / 0.64019050 -0.76821610 0.00000000 1.00000000
				4.31796800 2.38534800 1.73335500 / -0.76821610 -0.64019050 0.00000000 / 255 0 255 255 / 0.57865910 0.51277160 / 0.64019050 -0.76821610 0.00000000 1.00000000
				4.31308400 2.39120800 1.73775000 / -0.94176640 0.33626780 0.00000000 / 255 0 255 255 / 0.50000000 0.48722840 / -0.33626780 -0.94176640 0.00000000 1.00000000
				4.31308400 2.39120800 1.73775000 / -0.94176640 0.33626780 0.00000000 / 255 0 255 255 / 0.50000000 0.48722840 / -0.33626780 -0.94176640 0.00000000 1.00000000
				4.31552500 2.39804400 1.73775000 / -0.94176640 0.33626770 0.00000000 / 255 0 255 255 / 0.42134090 0.48722840 / -0.33626780 -0.94176640 0.00000000 1.00000000
				4.31552500 2.39804400 1.73335500 / -0.94176640 0.33626780 0.00000000 / 255 0 255 255 / 0.42134090 0.51277160 / -0.33626780 -0.94176640 0.00000000 1.00000000
				4.31552500 2.39804400 1.73335500 / -0.94176640 0.33626780 0.00000000 / 255 0 255 255 / 0.42134090 0.51277160 / -0.33626780 -0.94176640 0.00000000 1.00000000
				4.31308400 2.39120800 1.73335500 / -0.94176640 0.33626770 0.00000000 / 255 0 255 255 / 0.50000000 0.51277160 / -0.33626780 -0.94176640 0.00000000 1.00000000
				4.31552500 2.39804400 1.73775000 / -0.19609160 0.98058560 0.00000000 / 255 0 255 255 / 0.53933720 0.48722840 / -0.98058560 -0.19609160 0.00000000 1.00000000
				4.31552500 2.39804400 1.73775000 / -0.19609160 0.98058560 0.00000000 / 255 0 255 255 / 0.53933720 0.48722840 / -0.98058560 -0.19609160 0.00000000 1.00000000
				4.32285100 2.39950900 1.73775000 / -0.19609160 0.98058560 0.00000000 / 255 0 255 255 / 0.46067810 0.48722840 / -0.98058560 -0.19609160 0.00000000 1.00000000
				4.32285100 2.39950900 1.73335500 / -0.19609160 0.98058560 0.00000000 / 255 0 255 255 / 0.46067810 0.51277160 / -0.98058560 -0.19609160 0.00000000 1.00000000
				4.32285100 2.39950900 1.73335500 / -0.19609160 0.98058560 0.00000000 / 255 0 255 255 / 0.46067810 0.51277160 / -0.98058560 -0.19609160 0.00000000 1.00000000
				4.31552500 2.39804400 1.73335500 / -0.19609160 0.98058560 0.00000000 / 255 0 255 255 / 0.53933720 0.51277160 / -0.98058560 -0.19609160 0.00000000 1.00000000
				4.32285100 2.39950900 1.73775000 / 0.73999070 0.67261730 0.00000000 / 255 0 255 255 / 0.57865910 0.48722840 / -0.67261730 0.73999060 0.00000000 1.00000000
				4.32285100 2.39950900 1.73775000 / 0.73999070 0.67261730 0.00000000 / 255 0 255 255 / 0.57865910 0.48722840 / -0.67261730 0.73999060 0.00000000 1.00000000
				4.32773200 2.39413800 1.73775000 / 0.73999060 0.67261720 0.00000000 / 255 0 255 255 / 0.50000000 0.48722840 / -0.67261730 0.73999060 0.00000000 1.00000000
				4.32773200 2.39413800 1.73335500 / 0.73999070 0.67261730 0.00000000 / 255 0 255 255 / 0.50000000 0.51277160 / -0.67261730 0.73999060 0.00000000 1.00000000
				4.32773200 2.39413800 1.73335500 / 0.73999070 0.67261730 0.00000000 / 255 0 255 255 / 0.50000000 0.51277160 / -0.67261730 0.73999060 0.00000000 1.00000000
				4.32285100 2.39950900 1.73335500 / 0.73999060 0.67261720 0.00000000 / 255 0 255 255 / 0.57865910 0.51277160 / -0.67261730 0.73999060 0.00000000 1.00000000
				4.39560500 2.39413800 1.73775000 / 0.94867710 -0.31624630 0.00000000 / 255 0 255 255 / 0.50000000 0.48722840 / 0.31624630 0.94867710 0.00000000 1.00000000
				4.39560500 2.39413800 1.73775000 / 0.94867710 -0.31624630 0.00000000 / 255 0 255 255 / 0.50000000 0.48722840 / 0.31624630 0.94867710 0.00000000 1.00000000
				4.39316300 2.38681300 1.73775000 / 0.94867710 -0.31624630 0.00000000 / 255 0 255 255 / 0.42134090 0.48722840 / 0.31624630 0.94867710 0.00000000 1.00000000
				4.39316300 2.38681300 1.73335500 / 0.94867710 -0.31624630 0.00000000 / 255 0 255 255 / 0.42134090 0.51277160 / 0.31624630 0.94867710 0.00000000 1.00000000
				4.39316300 2.38681300 1.73335500 / 0.94867710 -0.31624630 0.00000000 / 255 0 255 255 / 0.42134090 0.51277160 / 0.31624630 0.94867710 0.00000000 1.00000000
				4.39560500 2.39413800 1.73335500 / 0.94867710 -0.31624630 0.00000000 / 255 0 255 255 / 0.50000000 0.51277160 / 0.31624630 0.94867710 0.00000000 1.00000000
				4.39316300 2.38681300 1.73775000 / 0.19611610 -0.98058070 0.00000000 / 255 0 255 255 / 0.53933720 0.48722840 / 0.98058070 0.19611610 0.00000000 1.00000000
				4.39316300 2.38681300 1.73775000 / 0.19611610 -0.98058070 0.00000000 / 255 0 255 255 / 0.53933720 0.48722840 / 0.98058070 0.19611610 0.00000000 1.00000000
				4.38583800 2.38534800 1.73775000 / 0.19611610 -0.98058070 0.00000000 / 255 0 255 255 / 0.46066280 0.48722840 / 0.98058070 0.19611610 0.00000000 1.00000000
				4.38583800 2.38534800 1.73335500 / 0.19611610 -0.98058070 0.00000000 / 255 0 255 255 / 0.46066280 0.51277160 / 0.98058070 0.19611610 0.00000000 1.00000000
				4.38583800 2.38534800 1.73335500 / 0.19611610 -0.98058070 0.00000000 / 255 0 255 255 / 0.46066280 0.51277160 / 0.98058070 0.19611610 0.00000000 1.00000000
				4.39316300 2.38681300 1.73335500 / 0.19611610 -0.98058070 0.00000000 / 255 0 255 255 / 0.53933720 0.51277160 / 0.98058070 0.19611610 0.00000000 1.00000000
				4.38583800 2.38534800 1.73775000 / -0.76824690 -0.64015360 0.00000000 / 255 0 255 255 / 0.57865910 0.48722840 / 0.64015360 -0.76824690 0.00000000 1.00000000
				4.38583800 2.38534800 1.73775000 / -0.76824690 -0.64015360 0.00000000 / 255 0 255 255 / 0.57865910 0.48722840 / 0.64015360 -0.76824690 0.00000000 1.00000000
				4.38095600 2.39120800 1.73775000 / -0.76824690 -0.64015360 0.00000000 / 255 0 255 255 / 0.50000000 0.48722840 / 0.64015360 -0.76824690 0.00000000 1.00000000
				4.38095600 2.39120800 1.73335500 / -0.76824690 -0.64015360 0.00000000 / 255 0 255 255 / 0.50000000 0.51277160 / 0.64015360 -0.76824690 0.00000000 1.00000000
				4.38095600 2.39120800 1.73335500 / -0.76824690 -0.64015360 0.00000000 / 255 0 255 255 / 0.50000000 0.51277160 / 0.64015360 -0.76824690 0.00000000 1.00000000
				4.38583800 2.38534800 1.73335500 / -0.76824690 -0.64015360 0.00000000 / 255 0 255 255 / 0.57865910 0.51277160 / 0.64015360 -0.76824690 0.00000000 1.00000000
				4.38095600 2.39120800 1.73775000 / -0.94172480 0.33638430 0.00000000 / 255 0 255 255 / 0.50000000 0.48722840 / -0.33638430 -0.94172480 0.00000000 1.00000000
				4.38095600 2.39120800 1.73775000 / -0.94172480 0.33638430 0.00000000 / 255 0 255 255 / 0.50000000 0.48722840 / -0.33638430 -0.94172480 0.00000000 1.00000000
				4.38339800 2.39804400 1.73775000 / -0.94172480 0.33638430 0.00000000 / 255 0 255 255 / 0.42134090 0.48722840 / -0.33638430 -0.94172480 0.00000000 1.00000000
				4.38339800 2.39804400 1.73335500 / -0.94172480 0.33638430 0.00000000 / 255 0 255 255 / 0.42134090 0.51277160 / -0.33638430 -0.94172480 0.00000000 1.00000000
				4.38339800 2.39804400 1.73335500 / -0.94172480 0.33638430 0.00000000 / 255 0 255 255 / 0.42134090 0.51277160 / -0.33638430 -0.94172480 0.00000000 1.00000000
				4.38095600 2.39120800 1.73335500 / -0.94172480 0.33638430 0.00000000 / 255 0 255 255 / 0.50000000 0.51277160 / -0.33638430 -0.94172480 0.00000000 1.00000000
				4.38339800 2.39804400 1.73775000 / -0.19611610 0.98058070 0.00000000 / 255 0 255 255 / 0.53933720 0.48722840 / -0.98058070 -0.19611610 0.00000000 1.00000000
				4.38339800 2.39804400 1.73775000 / -0.19611610 0.98058070 0.00000000 / 255 0 255 255 / 0.53933720 0.48722840 / -0.98058070 -0.19611610 0.00000000 1.00000000
				4.39072200 2.39950900 1.73775000 / -0.19611610 0.98058070 0.00000000 / 255 0 255 255 / 0.46067810 0.48722840 / -0.98058070 -0.19611610 0.00000000 1.00000000
				4.39072200 2.39950900 1.73335500 / -0.19611610 0.98058070 0.00000000 / 255 0 255 255 / 0.46067810 0.51277160 / -0.98058070 -0.19611610 0.00000000 1.00000000
				4.39072200 2.39950900 1.73335500 / -0.19611610 0.98058070 0.00000000 / 255 0 255 255 / 0.46067810 0.51277160 / -0.98058070 -0.19611610 0.00000000 1.00000000
				4.38339800 2.39804400 1.73335500 / -0.19611610 0.98058070 0.00000000 / 255 0 255 255 / 0.53933720 0.51277160 / -0.98058070 -0.19611610 0.00000000 1.00000000
				4.39072200 2.39950900 1.73775000 / 0.73992520 0.67268900 0.00000000 / 255 0 255 255 / 0.57865910 0.48722840 / -0.67268900 0.73992520 0.00000000 1.00000000
				4.39072200 2.39950900 1.73775000 / 0.73992520 0.67268900 0.00000000 / 255 0 255 255 / 0.57865910 0.48722840 / -0.67268900 0.73992520 0.00000000 1.00000000
				4.39560500 2.39413800 1.73775000 / 0.73992520 0.67268900 0.00000000 / 255 0 255 255 / 0.50000000 0.48722840 / -0.67268900 0.73992520 0.00000000 1.00000000
				4.39560500 2.39413800 1.73335500 / 0.73992520 0.67268900 0.00000000 / 255 0 255 255 / 0.50000000 0.51277160 / -0.67268900 0.73992520 0.00000000 1.00000000
				4.39560500 2.39413800 1.73335500 / 0.73992520 0.67268900 0.00000000 / 255 0 255 255 / 0.50000000 0.51277160 / -0.67268900 0.73992520 0.00000000 1.00000000
				4.39072200 2.39950900 1.73335500 / 0.73992520 0.67268900 0.00000000 / 255 0 255 255 / 0.57865910 0.51277160 / -0.67268900 0.73992520 0.00000000 1.00000000
				4.36240100 2.39950900 1.73775000 / 1.00000000 0.00000000 0.00000000 / 255 0 255 255 / -0.28169250 0.33567810 / 0.00000000 1.00000000 0.00000000 1.00000000
				4.36240100 2.39950900 1.73775000 / 1.00000000 0.00000000 0.00000000 / 255 0 255 255 / -0.28169250 0.33567810 / 0.00000000 1.00000000 0.00000000 1.00000000
				4.36240100 2.38583700 1.73775000 / 1.00000000 0.00000000 0.00000000 / 255 0 255 255 / -0.30404660 0.33567810 / 0.00000000 1.00000000 0.00000000 1.00000000
				4.36240100 2.38583700 1.51753500 / 1.00000000 0.00000000 0.00000000 / 255 0 255 255 / -0.30404660 0.69075010 / 0.00000000 1.00000000 0.00000000 1.00000000
				4.36240100 2.38583700 1.51753500 / 1.00000000 0.00000000 0.00000000 / 255 0 255 255 / -0.30404660 0.69075010 / 0.00000000 1.00000000 0.00000000 1.00000000
				4.36240100 2.39950900 1.51753500 / 1.00000000 0.00000000 0.00000000 / 255 0 255 255 / -0.28169250 0.69075010 / 0.00000000 1.00000000 0.00000000 1.00000000
				4.36240100 2.38583700 1.73775000 / 0.00000000 -1.00000000 0.00000000 / 255 0 255 255 / -3.19882200 0.33567810 / 1.00000000 0.00000000 0.00000000 1.00000000
				4.36240100 2.38583700 1.73775000 / 0.00000000 -1.00000000 0.00000000 / 255 0 255 255 / -3.19882200 0.33567810 / 1.00000000 0.00000000 0.00000000 1.00000000
				4.34872900 2.38583700 1.73775000 / 0.00000000 -1.00000000 0.00000000 / 255 0 255 255 / -3.20990000 0.33567810 / 1.00000000 0.00000000 0.00000000 1.00000000
				4.34872900 2.38583700 1.51753500 / 0.00000000 -1.00000000 0.00000000 / 255 0 255 255 / -3.20990000 0.69075010 / 1.00000000 0.00000000 0.00000000 1.00000000
				4.34872900 2.38583700 1.51753500 / 0.00000000 -1.00000000 0.00000000 / 255 0 255 255 / -3.20990000 0.69075010 / 1.00000000 0.00000000 0.00000000 1.00000000
				4.36240100 2.38583700 1.51753500 / 0.00000000 -1.00000000 0.00000000 / 255 0 255 255 / -3.19882200 0.69075010 / 1.00000000 0.00000000 0.00000000 1.00000000
				4.34872900 2.38583700 1.73775000 / -1.00000000 0.00000000 0.00000000 / 255 0 255 255 / 1.29933200 0.33567810 / 0.00000000 -1.00000000 0.00000000 1.00000000
				4.34872900 2.38583700 1.73775000 / -1.00000000 0.00000000 0.00000000 / 255 0 255 255 / 1.29933200 0.33567810 / 0.00000000 -1.00000000 0.00000000 1.00000000
				4.34872900 2.39950900 1.73775000 / -1.00000000 0.00000000 0.00000000 / 255 0 255 255 / 1.27697800 0.33567810 / 0.00000000 -1.00000000 0.00000000 1.00000000
				4.34872900 2.39950900 1.51753500 / -1.00000000 0.00000000 0.00000000 / 255 0 255 255 / 1.27697800 0.69075010 / 0.00000000 -1.00000000 0.00000000 1.00000000
				4.34872900 2.39950900 1.51753500 / -1.00000000 0.00000000 0.00000000 / 255 0 255 255 / 1.27697800 0.69075010 / 0.00000000 -1.00000000 0.00000000 1.00000000
				4.34872900 2.38583700 1.51753500 / -1.00000000 0.00000000 0.00000000 / 255 0 255 255 / 1.29933200 0.69075010 / 0.00000000 -1.00000000 0.00000000 1.00000000
				4.34872900 2.39950900 1.73775000 / 0.00000000 1.00000000 0.00000000 / 255 0 255 255 / 4.20753500 0.33567810 / -1.00000000 0.00000000 0.00000000 1.00000000
				4.34872900 2.39950900 1.73775000 / 0.00000000 1.00000000 0.00000000 / 255 0 255 255 / 4.20753500 0.33567810 / -1.00000000 0.00000000 0.00000000 1.00000000
				4.36240100 2.39950900 1.73775000 / 0.00000000 1.00000000 0.00000000 / 255 0 255 255 / 4.19645700 0.33567810 / -1.00000000 0.00000000 0.00000000 1.00000000
				4.36240100 2.39950900 1.51753500 / 0.00000000 1.00000000 0.00000000 / 255 0 255 255 / 4.19645700 0.69075010 / -1.00000000 0.00000000 0.00000000 1.00000000
				4.36240100 2.39950900 1.51753500 / 0.00000000 1.00000000 0.00000000 / 255 0 255 255 / 4.19645700 0.69075010 / -1.00000000 0.00000000 0.00000000 1.00000000
				4.34872900 2.39950900 1.51753500 / 0.00000000 1.00000000 0.00000000 / 255 0 255 255 / 4.20753500 0.69075010 / -1.00000000 0.00000000 0.00000000 1.00000000
				4.51572200 5.88583700 1.44526900 / 0.00000000 0.00000000 -1.00000000 / 255 0 255 255 / 0.99949650 0.99949650 / 1.00000000 0.00000130 0.00000000 1.00000000
				4.51572200 5.88583700 1.44526900 / 0.00000000 0.00000000 -1.00000000 / 255 0 255 255 / 0.99949650 0.99949650 / 1.00000000 0.00000130 0.00000000 1.00000000
				4.51572200 5.63437200 1.44526900 / 0.00000000 0.00000000 -1.00000000 / 255 0 255 255 / 0.99949650 0.15357970 / 1.00000000 0.00000260 0.00000000 1.00000000
				2.74326100 5.63437200 1.44526900 / 0.00000000 0.00000000 -1.00000000 / 255 0 255 255 / 0.00050350 0.15359500 / 1.00000000 0.00000130 0.00000000 1.00000000
				2.74326100 5.63437200 1.44526900 / 0.00000000 0.00000000 -1.00000000 / 255 0 255 255 / 0.00050350 0.15359500 / 1.00000000 0.00000130 0.00000000 1.00000000
				2.74326100 5.88583700 1.44526900 / 0.00000000 0.00000000 -1.00000000 / 255 0 255 255 / 0.00050350 0.99949650 / 1.00000000 0.00000000 0.00000000 1.00000000
				4.51572200 5.85849300 1.51851100 / 0.00000000 0.00000000 1.00000000 / 255 0 255 255 / 0.00050350 0.90705870 / -1.00000000 0.00000000 0.00000000 1.00000000
				4.51572200 5.85849300 1.51851100 / 0.00000000 0.00000000 1.00000000 / 255 0 255 255 / 0.00050350 0.90705870 / -1.00000000 0.00000000 0.00000000 1.00000000
				2.74326100 5.85849300 1.51851100 / 0.00000000 0.00000000 1.00000000 / 255 0 255 255 / 0.99949650 0.90705870 / -1.00000000 0.00000000 0.00000000 1.00000000
				2.74326100 5.66171600 1.51851100 / 0.00000000 0.00000000 1.00000000 / 255 0 255 255 / 0.99949650 0.24601750 / -1.00000000 0.00000000 0.00000000 1.00000000
				2.74326100 5.66171600 1.51851100 / 0.00000000 0.00000000 1.00000000 / 255 0 255 255 / 0.99949650 0.24601750 / -1.00000000 0.00000000 0.00000000 1.00000000
				4.51572200 5.66171600 1.51851100 / 0.00000000 0.00000000 1.00000000 / 255 0 255 255 / 0.00050350 0.24601750 / -1.00000000 0.00000000 0.00000000 1.00000000
				2.78183500 5.69150100 1.39497600 / 0.00000000 0.00000000 -0.99999980 / 255 0 255 255 / 0.00000000 1.00000000 / -1.00000000 0.00000000 0.00000000 1.00000000
				2.78183500 5.69150100 1.39497600 / 0.00000000 0.00000000 -0.99999980 / 255 0 255 255 / 0.00000000 1.00000000 / -1.00000000 0.00000000 0.00000000 1.00000000
				2.75302600 5.69150100 1.39497600 / 0.00000000 0.00000000 -1.00000000 / 255 0 255 255 / 1.00000000 1.00000000 / -1.00000000 0.00000000 0.00000000 1.00000000
				2.75302600 5.82870800 1.39497600 / 0.00000000 0.00000000 -0.99999980 / 255 0 255 255 / 1.00000000 0.00000000 / -1.00000000 0.00000000 0.00000000 1.00000000
				2.75302600 5.82870800 1.39497600 / 0.00000000 0.00000000 -0.99999980 / 255 0 255 255 / 1.00000000 0.00000000 / -1.00000000 0.00000000 0.00000000 1.00000000
				2.78183500 5.82870800 1.39497600 / 0.00000000 0.00000000 -1.00000000 / 255 0 255 255 / 0.00000000 0.00000000 / -1.00000000 0.00000000 0.00000000 1.00000000
				2.78183500 5.67196900 1.44526900 / 0.00000000 -0.93217130 -0.36201760 / 255 0 255 255 / 0.00000000 1.00000000 / -1.00000000 0.00000000 0.00000000 1.00000000
				2.78183500 5.67196900 1.44526900 / 0.00000000 -0.93217130 -0.36201760 / 255 0 255 255 / 0.00000000 1.00000000 / -1.00000000 0.00000000 0.00000000 1.00000000
				2.75302600 5.67196900 1.44526900 / 0.00000000 -0.93217130 -0.36201760 / 255 0 255 255 / 1.00000000 1.00000000 / -1.00000000 0.00000000 0.00000000 1.00000000
				2.75302600 5.69150100 1.39497600 / 0.00000000 -0.93217130 -0.36201760 / 255 0 255 255 / 1.00000000 0.00000000 / -1.00000000 0.00000000 0.00000000 1.00000000
				2.75302600 5.69150100 1.39497600 / 0.00000000 -0.93217130 -0.36201760 / 255 0 255 255 / 1.00000000 0.00000000 / -1.00000000 0.00000000 0.00000000 1.00000000
				2.78183500 5.69150100 1.39497600 / 0.00000000 -0.93217130 -0.36201760 / 255 0 255 255 / 0.00000000 0.00000000 / -1.00000000 0.00000000 0.00000000 1.00000000
				2.75302600 5.67196900 1.44526900 / -1.00000000 0.00000000 0.00000000 / 255 0 255 255 / 0.00000000 1.00000000 / 0.00000000 1.00000000 0.00000000 1.00000000
				2.75302600 5.67196900 1.44526900 / -1.00000000 0.00000000 0.00000000 / 255 0 255 255 / 0.00000000 1.00000000 / 0.00000000 1.00000000 0.00000000 1.00000000
				2.75302600 5.84775100 1.44526900 / -1.00000000 0.00000000 0.00000000 / 255 0 255 255 / 1.00000000 1.00000000 / 0.00000000 1.00000000 0.00000000 1.00000000
				2.75302600 5.82870800 1.39497600 / -0.99999980 0.00000000 0.00000000 / 255 0 255 255 / 1.00000000 0.00000000 / 0.00000000 1.00000000 0.00000000 1.00000000
				2.75302600 5.82870800 1.39497600 / -0.99999980 0.00000000 0.00000000 / 255 0 255 255 / 1.00000000 0.00000000 / 0.00000000 1.00000000 0.00000000 1.00000000
				2.75302600 5.69150100 1.39497600 / -1.00000000 0.00000000 0.00000000 / 255 0 255 255 / 0.00000000 0.00000000 / 0.00000000 1.00000000 0.00000000 1.00000000
				2.75302600 5.84775100 1.44526900 / 0.00000000 0.93520490 -0.35410720 / 255 0 255 255 / 0.00000000 1.00000000 / 1.00000000 0.00000000 0.00000000 1.00000000
				2.75302600 5.84775100 1.44526900 / 0.00000000 0.93520490 -0.35410720 / 255 0 255 255 / 0.00000000 1.00000000 / 1.00000000 0.00000000 0.00000000 1.00000000
				2.78183500 5.84775100 1.44526900 / 0.00000000 0.93520490 -0.35410720 / 255 0 255 255 / 1.00000000 1.00000000 / 1.00000000 0.00000000 0.00000000 1.00000000
				2.78183500 5.82870800 1.39497600 / 0.00000000 0.93520490 -0.35410720 / 255 0 255 255 / 1.00000000 0.00000000 / 1.00000000 0.00000000 0.00000000 1.00000000
				2.78183500 5.82870800 1.39497600 / 0.00000000 0.93520490 -0.35410720 / 255 0 255 255 / 1.00000000 0.00000000 / 1.00000000 0.00000000 0.00000000 1.00000000
				2.75302600 5.82870800 1.39497600 / 0.00000000 0.93520490 -0.35410720 / 255 0 255 255 / 0.00000000 0.00000000 / 1.00000000 0.00000000 0.00000000 1.00000000
				2.78183500 5.84775100 1.44526900 / 1.00000000 0.00000000 0.00000000 / 255 0 255 255 / 0.00000000 1.00000000 / 0.00000000 -1.00000000 0.00000000 1.00000000
				2.78183500 5.84775100 1.44526900 / 1.00000000 0.00000000 0.00000000 / 255 0 255 255 / 0.00000000 1.00000000 / 0.00000000 -1.00000000 0.00000000 1.00000000
				2.78183500 5.67196900 1.44526900 / 1.00000000 0.00000000 0.00000000 / 255 0 255 255 / 1.00000000 1.00000000 / 0.00000000 -1.00000000 0.00000000 1.00000000
				2.78183500 5.69150100 1.39497600 / 1.00000000 0.00000000 0.00000000 / 255 0 255 255 / 1.00000000 0.00000000 / 0.00000000 -1.00000000 0.00000000 1.00000000
				2.78183500 5.69150100 1.39497600 / 1.00000000 0.00000000 0.00000000 / 255 0 255 255 / 1.00000000 0.00000000 / 0.00000000 -1.00000000 0.00000000 1.00000000
				2.78183500 5.82870800 1.39497600 / 0.99999980 0.00000000 0.00000000 / 255 0 255 255 / 0.00000000 0.00000000 / 0.00000000 -1.00000000 0.00000000 1.00000000
				4.49814400 5.69150100 1.39497600 / 0.00000000 0.00000000 -1.00000000 / 255 0 255 255 / 0.00000000 1.00000000 / -1.00000000 0.00000000 0.00000000 1.00000000
				4.49814400 5.69150100 1.39497600 / 0.00000000 0.00000000 -1.00000000 / 255 0 255 255 / 0.00000000 1.00000000 / -1.00000000 0.00000000 0.00000000 1.00000000
				4.46982300 5.69150100 1.39497600 / 0.00000000 0.00000000 -1.00000000 / 255 0 255 255 / 1.00000000 1.00000000 / -1.00000000 0.00000000 0.00000000 1.00000000
				4.46982300 5.82870800 1.39497600 / 0.00000000 0.00000000 -1.00000000 / 255 0 255 255 / 1.00000000 0.00000000 / -1.00000000 0.00000000 0.00000000 1.00000000
				4.46982300 5.82870800 1.39497600 / 0.00000000 0.00000000 -1.00000000 / 255 0 255 255 / 1.00000000 0.00000000 / -1.00000000 0.00000000 0.00000000 1.00000000
				4.49814400 5.82870800 1.39497600 / 0.00000000 0.00000000 -1.00000000 / 255 0 255 255 / 0.00000000 0.00000000 / -1.00000000 0.00000000 0.00000000 1.00000000
				4.49814400 5.67196900 1.44526900 / 0.00000000 -0.93217130 -0.36201770 / 255 0 255 255 / 0.00000000 1.00000000 / -1.00000000 0.00000000 0.00000000 1.00000000
				4.49814400 5.67196900 1.44526900 / 0.00000000 -0.93217130 -0.36201770 / 255 0 255 255 / 0.00000000 1.00000000 / -1.00000000 0.00000000 0.00000000 1.00000000
				4.46982300 5.67196900 1.44526900 / 0.00000000 -0.93217120 -0.36201760 / 255 0 255 255 / 1.00000000 1.00000000 / -1.00000000 0.00000000 0.00000000 1.00000000
				4.46982300 5.69150100 1.39497600 / 0.00000000 -0.93217130 -0.36201770 / 255 0 255 255 / 1.00000000 0.00000000 / -1.00000000 0.00000000 0.00000000 1.00000000
				4.46982300 5.69150100 1.39497600 / 0.00000000 -0.93217130 -0.36201770 / 255 0 255 255 / 1.00000000 0.00000000 / -1.00000000 0.00000000 0.00000000 1.00000000
				4.49814400 5.69150100 1.39497600 / 0.00000000 -0.93217120 -0.36201760 / 255 0 255 255 / 0.00000000 0.00000000 / -1.00000000 0.00000000 0.00000000 1.00000000
				4.46982300 5.67196900 1.44526900 / -1.00000000 0.00000000 0.00000000 / 255 0 255 255 / 0.00000000 1.00000000 / 0.00000000 1.00000000 0.00000000 1.00000000
				4.46982300 5.67196900 1.44526900 / -1.00000000 0.00000000 0.00000000 / 255 0 255 255 / 0.00000000 1.00000000 / 0.00000000 1.00000000 0.00000000 1.00000000
				4.46982300 5.84775100 1.44526900 / -1.00000000 0.00000000 0.00000000 / 255 0 255 255 / 1.00000000 1.00000000 / 0.00000000 1.00000000 0.00000000 1.00000000
				4.46982300 5.82870800 1.39497600 / -0.99999980 0.00000000 0.00000000 / 255 0 255 255 / 1.00000000 0.00000000 / 0.00000000 1.00000000 0.00000000 1.00000000
				4.46982300 5.82870800 1.39497600 / -0.99999980 0.00000000 0.00000000 / 255 0 255 255 / 1.00000000 0.00000000 / 0.00000000 1.00000000 0.00000000 1.00000000
				4.46982300 5.69150100 1.39497600 / -1.00000000 0.00000000 0.00000000 / 255 0 255 255 / 0.00000000 0.00000000 / 0.00000000 1.00000000 0.00000000 1.00000000
				4.46982300 5.84775100 1.44526900 / 0.00000000 0.93520490 -0.35410720 / 255 0 255 255 / 0.00000000 1.00000000 / 1.00000000 0.00000000 0.00000000 1.00000000
				4.46982300 5.84775100 1.44526900 / 0.00000000 0.93520490 -0.35410720 / 255 0 255 255 / 0.00000000 1.00000000 / 1.00000000 0.00000000 0.00000000 1.00000000
				4.49814400 5.84775100 1.44526900 / 0.00000000 0.93520480 -0.35410720 / 255 0 255 255 / 1.00000000 1.00000000 / 1.00000000 0.00000000 0.00000000 1.00000000
				4.49814400 5.82870800 1.39497600 / 0.00000000 0.93520490 -0.35410720 / 255 0 255 255 / 1.00000000 0.00000000 / 1.00000000 0.00000000 0.00000000 1.00000000
				4.49814400 5.82870800 1.39497600 / 0.00000000 0.93520490 -0.35410720 / 255 0 255 255 / 1.00000000 0.00000000 / 1.00000000 0.00000000 0.00000000 1.00000000
				4.46982300 5.82870800 1.39497600 / 0.00000000 0.93520480 -0.35410720 / 255 0 255 255 / 0.00000000 0.00000000 / 1.00000000 0.00000000 0.00000000 1.00000000
				4.49814400 5.84775100 1.44526900 / 1.00000000 0.00000000 0.00000000 / 255 0 255 255 / 0.00000000 1.00000000 / 0.00000000 -1.00000000 0.00000000 1.00000000
				4.49814400 5.84775100 1.44526900 / 1.00000000 0.00000000 0.00000000 / 255 0 255 255 / 0.00000000 1.00000000 / 0.00000000 -1.00000000 0.00000000 1.00000000
				4.49814400 5.67196900 1.44526900 / 1.00000000 0.00000000 0.00000000 / 255 0 255 255 / 1.00000000 1.00000000 / 0.00000000 -1.00000000 0.00000000 1.00000000
				4.49814400 5.69150100 1.39497600 / 1.00000000 0.00000000 0.00000000 / 255 0 255 255 / 1.00000000 0.00000000 / 0.00000000 -1.00000000 0.00000000 1.00000000
				4.49814400 5.69150100 1.39497600 / 1.00000000 0.00000000 0.00000000 / 255 0 255 255 / 1.00000000 0.00000000 / 0.00000000 -1.00000000 0.00000000 1.00000000
				4.49814400 5.82870800 1.39497600 / 0.99999980 0.00000000 0.00000000 / 255 0 255 255 / 0.00000000 0.00000000 / 0.00000000 -1.00000000 0.00000000 1.00000000
				2.90048700 5.76132500 1.73775000 / 1.00000000 0.00000000 0.00000000 / 255 0 255 255 / -0.28169250 0.33567810 / 0.00000000 1.00000000 0.00000000 1.00000000
				2.90048700 5.76132500 1.73775000 / 1.00000000 0.00000000 0.00000000 / 255 0 255 255 / -0.28169250 0.33567810 / 0.00000000 1.00000000 0.00000000 1.00000000
				2.90048700 5.74765300 1.73775000 / 1.00000000 0.00000000 0.00000000 / 255 0 255 255 / -0.30404660 0.33567810 / 0.00000000 1.00000000 0.00000000 1.00000000
				2.90048700 5.74765300 1.51753500 / 1.00000000 0.00000000 0.00000000 / 255 0 255 255 / -0.30404660 0.69075010 / 0.00000000 1.00000000 0.00000000 1.00000000
				2.90048700 5.74765300 1.51753500 / 1.00000000 0.00000000 0.00000000 / 255 0 255 255 / -0.30404660 0.69075010 / 0.00000000 1.00000000 0.00000000 1.00000000
				2.90048700 5.76132500 1.51753500 / 1.00000000 0.00000000 0.00000000 / 255 0 255 255 / -0.28169250 0.69075010 / 0.00000000 1.00000000 0.00000000 1.00000000
				2.90048700 5.74765300 1.73775000 / 0.00000000 -1.00000000 0.00000000 / 255 0 255 255 / -3.19882200 0.33567810 / 1.00000000 0.00000000 0.00000000 1.00000000
				2.90048700 5.74765300 1.73775000 / 0.00000000 -1.00000000 0.00000000 / 255 0 255 255 / -3.19882200 0.33567810 / 1.00000000 0.00000000 0.00000000 1.00000000
				2.88681600 5.74765300 1.73775000 / 0.00000000 -1.00000000 0.00000000 / 255 0 255 255 / -3.20990000 0.33567810 / 1.00000000 0.00000000 0.00000000 1.00000000
				2.88681600 5.74765300 1.51753500 / 0.00000000 -1.00000000 0.00000000 / 255 0 255 255 / -3.20990000 0.69075010 / 1.00000000 0.00000000 0.00000000 1.00000000
				2.88681600 5.74765300 1.51753500 / 0.00000000 -1.00000000 0.00000000 / 255 0 255 255 / -3.20990000 0.69075010 / 1.00000000 0.00000000 0.00000000 1.00000000
				2.90048700 5.74765300 1.51753500 / 0.00000000 -1.00000000 0.00000000 / 255 0 255 255 / -3.19882200 0.69075010 / 1.00000000 0.00000000 0.00000000 1.00000000
				2.88681600 5.74765300 1.73775000 / -1.00000000 0.00000000 0.00000000 / 255 0 255 255 / 1.29933200 0.33567810 / 0.00000000 -1.00000000 0.00000000 1.00000000
				2.88681600 5.74765300 1.73775000 / -1.00000000 0.00000000 0.00000000 / 255 0 255 255 / 1.29933200 0.33567810 / 0.00000000 -1.00000000 0.00000000 1.00000000
				2.88681600 5.76132500 1.73775000 / -1.00000000 0.00000000 0.00000000 / 255 0 255 255 / 1.27697800 0.33567810 / 0.00000000 -1.00000000 0.00000000 1.00000000
				2.88681600 5.76132500 1.51753500 / -1.00000000 0.00000000 0.00000000 / 255 0 255 255 / 1.27697800 0.69075010 / 0.00000000 -1.00000000 0.00000000 1.00000000
				2.88681600 5.76132500 1.51753500 / -1.00000000 0.00000000 0.00000000 / 255 0 255 255 / 1.27697800 0.69075010 / 0.00000000 -1.00000000 0.00000000 1.00000000
				2.88681600 5.74765300 1.51753500 / -1.00000000 0.00000000 0.00000000 / 255 0 255 255 / 1.29933200 0.69075010 / 0.00000000 -1.00000000 0.00000000 1.00000000
				2.88681600 5.76132500 1.73775000 / 0.00000000 1.00000000 0.00000000 / 255 0 255 255 / 4.20753500 0.33567810 / -1.00000000 0.00000000 0.00000000 1.00000000
				2.88681600 5.76132500 1.73775000 / 0.00000000 1.00000000 0.00000000 / 255 0 255 255 / 4.20753500 0.33567810 / -1.00000000 0.00000000 0.00000000 1.00000000
				2.90048700 5.76132500 1.73775000 / 0.00000000 1.00000000 0.00000000 / 255 0 255 255 / 4.19645700 0.33567810 / -1.00000000 0.00000000 0.00000000 1.00000000
				2.90048700 5.76132500 1.51753500 / 0.00000000 1.00000000 0.00000000 / 255 0 255 255 / 4.19645700 0.69075010 / -1.00000000 0.00000000 0.00000000 1.00000000
				2.90048700 5.76132500 1.51753500 / 0.00000000 1.00000000 0.00000000 / 255 0 255 255 / 4.19645700 0.69075010 / -1.00000000 0.00000000 0.00000000 1.00000000
				2.88681600 5.76132500 1.51753500 / 0.00000000 1.00000000 0.00000000 / 255 0 255 255 / 4.20753500 0.69075010 / -1.00000000 0.00000000 0.00000000 1.00000000
				2.94101500 5.76474300 1.75191000 / 1.00000000 0.00000000 0.00000000 / 255 0 255 255 / 0.51956180 0.36059570 / 0.00000000 1.00000000 0.00000000 1.00000000
				2.94101500 5.76474300 1.75191000 / 1.00000000 0.00000000 0.00000000 / 255 0 255 255 / 0.51956180 0.36059570 / 0.00000000 1.00000000 0.00000000 1.00000000
				2.94101500 5.74374700 1.75191000 / 1.00000000 0.00000000 0.00000000 / 255 0 255 255 / 0.36059570 0.36059570 / 0.00000000 1.00000000 0.00000000 1.00000000
				2.94101500 5.74374700 1.73726100 / 1.00000000 0.00000000 0.00000000 / 255 0 255 255 / 0.36059570 0.63940430 / 0.00000000 1.00000000 0.00000000 1.00000000
				2.94101500 5.74374700 1.73726100 / 1.00000000 0.00000000 0.00000000 / 255 0 255 255 / 0.36059570 0.63940430 / 0.00000000 1.00000000 0.00000000 1.00000000
				2.94101500 5.76474300 1.73726100 / 1.00000000 0.00000000 0.00000000 / 255 0 255 255 / 0.51956180 0.63940430 / 0.00000000 1.00000000 0.00000000 1.00000000
				2.94101500 5.74374700 1.75191000 / 0.00000000 -1.00000000 0.00000000 / 255 0 255 255 / 0.62362670 0.36059570 / 1.00000000 0.00000000 0.00000000 1.00000000
				2.94101500 5.74374700 1.75191000 / 0.00000000 -1.00000000 0.00000000 / 255 0 255 255 / 0.62362670 0.36059570 / 1.00000000 0.00000000 0.00000000 1.00000000
				2.84628800 5.74374700 1.75191000 / 0.00000000 -1.00000000 0.00000000 / 255 0 255 255 / 0.36059570 0.36059570 / 1.00000000 0.00000000 0.00000000 1.00000000
				2.84628800 5.74374700 1.73726100 / 0.00000000 -1.00000000 0.00000000 / 255 0 255 255 / 0.36059570 0.63940430 / 1.00000000 0.00000000 0.00000000 1.00000000
				2.84628800 5.74374700 1.73726100 / 0.00000000 -1.00000000 0.00000000 / 255 0 255 255 / 0.36059570 0.63940430 / 1.00000000 0.00000000 0.00000000 1.00000000
				2.94101500 5.74374700 1.73726100 / 0.00000000 -1.00000000 0.00000000 / 255 0 255 255 / 0.62362670 0.63940430 / 1.00000000 0.00000000 0.00000000 1.00000000
				2.84628800 5.74374700 1.75191000 / -1.00000000 0.00000000 0.00000000 / 255 0 255 255 / 0.51956180 0.36059570 / 0.00000000 -1.00000000 0.00000000 1.00000000
				2.84628800 5.74374700 1.75191000 / -1.00000000 0.00000000 0.00000000 / 255 0 255 255 / 0.51956180 0.36059570 / 0.00000000 -1.00000000 0.00000000 1.00000000
				2.84628800 5.76474300 1.75191000 / -1.00000000 0.00000000 0.00000000 / 255 0 255 255 / 0.36059570 0.36059570 / 0.00000000 -1.00000000 0.00000000 1.00000000
				2.84628800 5.76474300 1.73726100 / -1.00000000 0.00000000 0.00000000 / 255 0 255 255 / 0.36061100 0.63940430 / 0.00000000 -1.00000000 0.00000000 1.00000000
				2.84628800 5.76474300 1.73726100 / -1.00000000 0.00000000 0.00000000 / 255 0 255 255 / 0.36061100 0.63940430 / 0.00000000 -1.00000000 0.00000000 1.00000000
				2.84628800 5.74374700 1.73726100 / -1.00000000 0.00000000 0.00000000 / 255 0 255 255 / 0.51956180 0.63940430 / 0.00000000 -1.00000000 0.00000000 1.00000000
				2.84628800 5.76474300 1.75191000 / 0.00000000 1.00000000 0.00000000 / 255 0 255 255 / 0.62362670 0.36059570 / -1.00000000 0.00000000 0.00000000 1.00000000
				2.84628800 5.76474300 1.75191000 / 0.00000000 1.00000000 0.00000000 / 255 0 255 255 / 0.62362670 0.36059570 / -1.00000000 0.00000000 0.00000000 1.00000000
				2.94101500 5.76474300 1.75191000 / 0.00000000 1.00000000 0.00000000 / 255 0 255 255 / 0.36059570 0.36059570 / -1.00000000 0.00000000 0.00000000 1.00000000
				2.94101500 5.76474300 1.73726100 / 0.00000000 1.00000000 0.00000000 / 255 0 255 255 / 0.36059570 0.63940430 / -1.00000000 0.00000000 0.00000000 1.00000000
				2.94101500 5.76474300 1.73726100 / 0.00000000 1.00000000 0.00000000 / 255 0 255 255 / 0.36059570 0.63940430 / -1.00000000 0.00000000 0.00000000 1.00000000
				2.84628800 5.76474300 1.73726100 / 0.00000000 1.00000000 0.00000000 / 255 0 255 255 / 0.62362670 0.63940430 / -1.00000000 0.00000000 0.00000000 1.00000000
				2.84628800 5.76474300 1.73726100 / 0.00000000 0.00000000 -1.00000000 / 255 0 255 255 / 0.37637330 0.63938900 / 0.98632530 0.16481020 0.00000000 1.00000000
				2.84628800 5.76474300 1.73726100 / 0.00000000 0.00000000 -1.00000000 / 255 0 255 255 / 0.37637330 0.63938900 / 0.98632530 0.16481020 0.00000000 1.00000000
				2.94101500 5.76474300 1.73726100 / 0.00000000 0.00000000 -1.00000000 / 255 0 255 255 / 0.63940430 0.51956180 / 0.98632830 0.16479220 0.00000000 1.00000000
				2.94101500 5.74374700 1.73726100 / 0.00000000 0.00000000 -1.00000000 / 255 0 255 255 / 0.62362670 0.36059570 / 0.98632530 0.16481020 0.00000000 1.00000000
				2.94101500 5.74374700 1.73726100 / 0.00000000 0.00000000 -1.00000000 / 255 0 255 255 / 0.62362670 0.36059570 / 0.98632530 0.16481020 0.00000000 1.00000000
				2.84628800 5.74374700 1.73726100 / 0.00000000 0.00000000 -1.00000000 / 255 0 255 255 / 0.36059570 0.48043820 / 0.98632230 0.16482820 0.00000000 1.00000000
				2.86728400 5.75595400 1.73775000 / 0.94870190 -0.31617220 0.00000000 / 255 0 255 255 / 0.50000000 0.48722840 / 0.31617220 0.94870190 0.00000000 1.00000000
				2.86728400 5.75595400 1.73775000 / 0.94870190 -0.31617220 0.00000000 / 255 0 255 255 / 0.50000000 0.48722840 / 0.31617220 0.94870190 0.00000000 1.00000000
				2.86484300 5.74863000 1.73775000 / 0.94870190 -0.31617220 0.00000000 / 255 0 255 255 / 0.42134090 0.48722840 / 0.31617220 0.94870190 0.00000000 1.00000000
				2.86484300 5.74863000 1.73335500 / 0.94870190 -0.31617220 0.00000000 / 255 0 255 255 / 0.42134090 0.51277160 / 0.31617220 0.94870190 0.00000000 1.00000000
				2.86484300 5.74863000 1.73335500 / 0.94870190 -0.31617220 0.00000000 / 255 0 255 255 / 0.42134090 0.51277160 / 0.31617220 0.94870190 0.00000000 1.00000000
				2.86728400 5.75595400 1.73335500 / 0.94870190 -0.31617220 0.00000000 / 255 0 255 255 / 0.50000000 0.51277160 / 0.31617220 0.94870190 0.00000000 1.00000000
				2.86484300 5.74863000 1.73775000 / 0.19609770 -0.98058430 0.00000000 / 255 0 255 255 / 0.53933720 0.48722840 / 0.98058440 0.19609770 0.00000000 1.00000000
				2.86484300 5.74863000 1.73775000 / 0.19609770 -0.98058430 0.00000000 / 255 0 255 255 / 0.53933720 0.48722840 / 0.98058440 0.19609770 0.00000000 1.00000000
				2.85751800 5.74716500 1.73775000 / 0.19609770 -0.98058430 0.00000000 / 255 0 255 255 / 0.46066280 0.48722840 / 0.98058440 0.19609770 0.00000000 1.00000000
				2.85751800 5.74716500 1.73335500 / 0.19609770 -0.98058430 0.00000000 / 255 0 255 255 / 0.46066280 0.51277160 / 0.98058440 0.19609770 0.00000000 1.00000000
				2.85751800 5.74716500 1.73335500 / 0.19609770 -0.98058430 0.00000000 / 255 0 255 255 / 0.46066280 0.51277160 / 0.98058440 0.19609770 0.00000000 1.00000000
				2.86484300 5.74863000 1.73335500 / 0.19609770 -0.98058430 0.00000000 / 255 0 255 255 / 0.53933720 0.51277160 / 0.98058440 0.19609770 0.00000000 1.00000000
				2.85751800 5.74716500 1.73775000 / -0.73998910 -0.67261900 0.00000000 / 255 0 255 255 / 0.57865910 0.48722840 / 0.67261900 -0.73998910 0.00000000 1.00000000
				2.85751800 5.74716500 1.73775000 / -0.73998910 -0.67261900 0.00000000 / 255 0 255 255 / 0.57865910 0.48722840 / 0.67261900 -0.73998910 0.00000000 1.00000000
				2.85263600 5.75253600 1.73775000 / -0.73998920 -0.67261900 0.00000000 / 255 0 255 255 / 0.50000000 0.48722840 / 0.67261900 -0.73998910 0.00000000 1.00000000
				2.85263600 5.75253600 1.73335500 / -0.73998910 -0.67261900 0.00000000 / 255 0 255 255 / 0.50000000 0.51277160 / 0.67261900 -0.73998910 0.00000000 1.00000000
				2.85263600 5.75253600 1.73335500 / -0.73998910 -0.67261900 0.00000000 / 255 0 255 255 / 0.50000000 0.51277160 / 0.67261900 -0.73998910 0.00000000 1.00000000
				2.85751800 5.74716500 1.73335500 / -0.73998920 -0.67261900 0.00000000 / 255 0 255 255 / 0.57865910 0.51277160 / 0.67261900 -0.73998910 0.00000000 1.00000000
				2.85263600 5.75253600 1.73775000 / -0.94869570 0.31619070 0.00000000 / 255 0 255 255 / 0.50000000 0.48722840 / -0.31619070 -0.94869570 0.00000000 1.00000000
				2.85263600 5.75253600 1.73775000 / -0.94869570 0.31619070 0.00000000 / 255 0 255 255 / 0.50000000 0.48722840 / -0.31619070 -0.94869570 0.00000000 1.00000000
				2.85507700 5.75986000 1.73775000 / -0.94869560 0.31619070 0.00000000 / 255 0 255 255 / 0.42134090 0.48722840 / -0.31619070 -0.94869570 0.00000000 1.00000000
				2.85507700 5.75986000 1.73335500 / -0.94869570 0.31619070 0.00000000 / 255 0 255 255 / 0.42134090 0.51277160 / -0.31619070 -0.94869570 0.00000000 1.00000000
				2.85507700 5.75986000 1.73335500 / -0.94869570 0.31619070 0.00000000 / 255 0 255 255 / 0.42134090 0.51277160 / -0.31619070 -0.94869570 0.00000000 1.00000000
				2.85263600 5.75253600 1.73335500 / -0.94869560 0.31619070 0.00000000 / 255 0 255 255 / 0.50000000 0.51277160 / -0.31619070 -0.94869570 0.00000000 1.00000000
				2.85507700 5.75986000 1.73775000 / -0.19617750 0.98056830 0.00000000 / 255 0 255 255 / 0.53933720 0.48722840 / -0.98056840 -0.19617750 0.00000000 1.00000000
				2.85507700 5.75986000 1.73775000 / -0.19617750 0.98056830 0.00000000 / 255 0 255 255 / 0.53933720 0.48722840 / -0.98056840 -0.19617750 0.00000000 1.00000000
				2.86240100 5.76132500 1.73775000 / -0.19617750 0.98056840 0.00000000 / 255 0 255 255 / 0.46067810 0.48722840 / -0.98056840 -0.19617750 0.00000000 1.00000000
				2.86240100 5.76132500 1.73335500 / -0.19617750 0.98056830 0.00000000 / 255 0 255 255 / 0.46067810 0.51277160 / -0.98056840 -0.19617750 0.00000000 1.00000000
				2.86240100 5.76132500 1.73335500 / -0.19617750 0.98056830 0.00000000 / 255 0 255 255 / 0.46067810 0.51277160 / -0.98056840 -0.19617750 0.00000000 1.00000000
				2.85507700 5.75986000 1.73335500 / -0.19617750 0.98056840 0.00000000 / 255 0 255 255 / 0.53933720 0.51277160 / -0.98056840 -0.19617750 0.00000000 1.00000000
				2.86240100 5.76132500 1.73775000 / 0.73994010 0.67267280 0.00000000 / 255 0 255 255 / 0.57865910 0.48722840 / -0.67267270 0.73994010 0.00000000 1.00000000
				2.86240100 5.76132500 1.73775000 / 0.73994010 0.67267280 0.00000000 / 255 0 255 255 / 0.57865910 0.48722840 / -0.67267270 0.73994010 0.00000000 1.00000000
				2.86728400 5.75595400 1.73775000 / 0.73994010 0.67267280 0.00000000 / 255 0 255 255 / 0.50000000 0.48722840 / -0.67267270 0.73994010 0.00000000 1.00000000
				2.86728400 5.75595400 1.73335500 / 0.73994010 0.67267280 0.00000000 / 255 0 255 255 / 0.50000000 0.51277160 / -0.67267270 0.73994010 0.00000000 1.00000000
				2.86728400 5.75595400 1.73335500 / 0.73994010 0.67267280 0.00000000 / 255 0 255 255 / 0.50000000 0.51277160 / -0.67267270 0.73994010 0.00000000 1.00000000
				2.86240100 5.76132500 1.73335500 / 0.73994010 0.67267280 0.00000000 / 255 0 255 255 / 0.57865910 0.51277160 / -0.67267270 0.73994010 0.00000000 1.00000000
				2.93515500 5.75595400 1.73775000 / 0.94870190 -0.31617220 0.00000000 / 255 0 255 255 / 0.50000000 0.48722840 / 0.31617220 0.94870190 0.00000000 1.00000000
				2.93515500 5.75595400 1.73775000 / 0.94870190 -0.31617220 0.00000000 / 255 0 255 255 / 0.50000000 0.48722840 / 0.31617220 0.94870190 0.00000000 1.00000000
				2.93271400 5.74863000 1.73775000 / 0.94870190 -0.31617220 0.00000000 / 255 0 255 255 / 0.42134090 0.48722840 / 0.31617220 0.94870190 0.00000000 1.00000000
				2.93271400 5.74863000 1.73335500 / 0.94870190 -0.31617220 0.00000000 / 255 0 255 255 / 0.42134090 0.51277160 / 0.31617220 0.94870190 0.00000000 1.00000000
				2.93271400 5.74863000 1.73335500 / 0.94870190 -0.31617220 0.00000000 / 255 0 255 255 / 0.42134090 0.51277160 / 0.31617220 0.94870190 0.00000000 1.00000000
				2.93515500 5.75595400 1.73335500 / 0.94870190 -0.31617220 0.00000000 / 255 0 255 255 / 0.50000000 0.51277160 / 0.31617220 0.94870190 0.00000000 1.00000000
				2.93271400 5.74863000 1.73775000 / 0.19612230 -0.98057950 0.00000000 / 255 0 255 255 / 0.53933720 0.48722840 / 0.98057940 0.19612230 0.00000000 1.00000000
				2.93271400 5.74863000 1.73775000 / 0.19612230 -0.98057950 0.00000000 / 255 0 255 255 / 0.53933720 0.48722840 / 0.98057940 0.19612230 0.00000000 1.00000000
				2.92539000 5.74716500 1.73775000 / 0.19612230 -0.98057940 0.00000000 / 255 0 255 255 / 0.46066280 0.48722840 / 0.98057940 0.19612230 0.00000000 1.00000000
				2.92539000 5.74716500 1.73335500 / 0.19612230 -0.98057950 0.00000000 / 255 0 255 255 / 0.46066280 0.51277160 / 0.98057940 0.19612230 0.00000000 1.00000000
				2.92539000 5.74716500 1.73335500 / 0.19612230 -0.98057950 0.00000000 / 255 0 255 255 / 0.46066280 0.51277160 / 0.98057940 0.19612230 0.00000000 1.00000000
				2.93271400 5.74863000 1.73335500 / 0.19612230 -0.98057940 0.00000000 / 255 0 255 255 / 0.53933720 0.51277160 / 0.98057940 0.19612230 0.00000000 1.00000000
				2.92539000 5.74716500 1.73775000 / -0.73992370 -0.67269080 0.00000000 / 255 0 255 255 / 0.57865910 0.48722840 / 0.67269080 -0.73992370 0.00000000 1.00000000
				2.92539000 5.74716500 1.73775000 / -0.73992370 -0.67269080 0.00000000 / 255 0 255 255 / 0.57865910 0.48722840 / 0.67269080 -0.73992370 0.00000000 1.00000000
				2.92050700 5.75253600 1.73775000 / -0.73992370 -0.67269080 0.00000000 / 255 0 255 255 / 0.50000000 0.48722840 / 0.67269080 -0.73992370 0.00000000 1.00000000
				2.92050700 5.75253600 1.73335500 / -0.73992370 -0.67269080 0.00000000 / 255 0 255 255 / 0.50000000 0.51277160 / 0.67269080 -0.73992370 0.00000000 1.00000000
				2.92050700 5.75253600 1.73335500 / -0.73992370 -0.67269080 0.00000000 / 255 0 255 255 / 0.50000000 0.51277160 / 0.67269080 -0.73992370 0.00000000 1.00000000
				2.92539000 5.74716500 1.73335500 / -0.73992370 -0.67269080 0.00000000 / 255 0 255 255 / 0.57865910 0.51277160 / 0.67269080 -0.73992370 0.00000000 1.00000000
				2.92050700 5.75253600 1.73775000 / -0.94869570 0.31619070 0.00000000 / 255 0 255 255 / 0.50000000 0.48722840 / -0.31619070 -0.94869570 0.00000000 1.00000000
				2.92050700 5.75253600 1.73775000 / -0.94869570 0.31619070 0.00000000 / 255 0 255 255 / 0.50000000 0.48722840 / -0.31619070 -0.94869570 0.00000000 1.00000000
				2.92294800 5.75986000 1.73775000 / -0.94869560 0.31619070 0.00000000 / 255 0 255 255 / 0.42134090 0.48722840 / -0.31619070 -0.94869570 0.00000000 1.00000000
				2.92294800 5.75986000 1.73335500 / -0.94869570 0.31619070 0.00000000 / 255 0 255 255 / 0.42134090 0.51277160 / -0.31619070 -0.94869570 0.00000000 1.00000000
				2.92294800 5.75986000 1.73335500 / -0.94869570 0.31619070 0.00000000 / 255 0 255 255 / 0.42134090 0.51277160 / -0.31619070 -0.94869570 0.00000000 1.00000000
				2.92050700 5.75253600 1.73335500 / -0.94869560 0.31619070 0.00000000 / 255 0 255 255 / 0.50000000 0.51277160 / -0.31619070 -0.94869570 0.00000000 1.00000000
				2.92294800 5.75986000 1.73775000 / -0.19618370 0.98056720 0.00000000 / 255 0 255 255 / 0.53933720 0.48722840 / -0.98056720 -0.19618370 0.00000000 1.00000000
				2.92294800 5.75986000 1.73775000 / -0.19618370 0.98056720 0.00000000 / 255 0 255 255 / 0.53933720 0.48722840 / -0.98056720 -0.19618370 0.00000000 1.00000000
				2.93027200 5.76132500 1.73775000 / -0.19618370 0.98056720 0.00000000 / 255 0 255 255 / 0.46067810 0.48722840 / -0.98056720 -0.19618370 0.00000000 1.00000000
				2.93027200 5.76132500 1.73335500 / -0.19618370 0.98056720 0.00000000 / 255 0 255 255 / 0.46067810 0.51277160 / -0.98056720 -0.19618370 0.00000000 1.00000000
				2.93027200 5.76132500 1.73335500 / -0.19618370 0.98056720 0.00000000 / 255 0 255 255 / 0.46067810 0.51277160 / -0.98056720 -0.19618370 0.00000000 1.00000000
				2.92294800 5.75986000 1.73335500 / -0.19618370 0.98056720 0.00000000 / 255 0 255 255 / 0.53933720 0.51277160 / -0.98056720 -0.19618370 0.00000000 1.00000000
				2.93027200 5.76132500 1.73775000 / 0.73992370 0.67269080 0.00000000 / 255 0 255 255 / 0.57865910 0.48722840 / -0.67269080 0.73992370 0.00000000 1.00000000
				2.93027200 5.76132500 1.73775000 / 0.73992370 0.67269080 0.00000000 / 255 0 255 255 / 0.57865910 0.48722840 / -0.67269080 0.73992370 0.00000000 1.00000000
				2.93515500 5.75595400 1.73775000 / 0.73992370 0.67269080 0.00000000 / 255 0 255 255 / 0.50000000 0.48722840 / -0.67269080 0.73992370 0.00000000 1.00000000
				2.93515500 5.75595400 1.73335500 / 0.73992370 0.67269080 0.00000000 / 255 0 255 255 / 0.50000000 0.51277160 / -0.67269080 0.73992370 0.00000000 1.00000000
				2.93515500 5.75595400 1.73335500 / 0.73992370 0.67269080 0.00000000 / 255 0 255 255 / 0.50000000 0.51277160 / -0.67269080 0.73992370 0.00000000 1.00000000
				2.93027200 5.76132500 1.73335500 / 0.73992370 0.67269080 0.00000000 / 255 0 255 255 / 0.57865910 0.51277160 / -0.67269080 0.73992370 0.00000000 1.00000000
				4.40146400 5.76474300 1.75191000 / 1.00000000 0.00000000 0.00000000 / 255 0 255 255 / 0.51956180 0.36059570 / 0.00000000 1.00000000 0.00000000 1.00000000
				4.40146400 5.76474300 1.75191000 / 1.00000000 0.00000000 0.00000000 / 255 0 255 255 / 0.51956180 0.36059570 / 0.00000000 1.00000000 0.00000000 1.00000000
				4.40146400 5.74374700 1.75191000 / 1.00000000 0.00000000 0.00000000 / 255 0 255 255 / 0.36059570 0.36059570 / 0.00000000 1.00000000 0.00000000 1.00000000
				4.40146400 5.74374700 1.73726100 / 1.00000000 0.00000000 0.00000000 / 255 0 255 255 / 0.36059570 0.63940430 / 0.00000000 1.00000000 0.00000000 1.00000000
				4.40146400 5.74374700 1.73726100 / 1.00000000 0.00000000 0.00000000 / 255 0 255 255 / 0.36059570 0.63940430 / 0.00000000 1.00000000 0.00000000 1.00000000
				4.40146400 5.76474300 1.73726100 / 1.00000000 0.00000000 0.00000000 / 255 0 255 255 / 0.51956180 0.63940430 / 0.00000000 1.00000000 0.00000000 1.00000000
				4.40146400 5.74374700 1.75191000 / 0.00000000 -1.00000000 0.00000000 / 255 0 255 255 / 0.62362670 0.36059570 / 1.00000000 0.00000000 0.00000000 1.00000000
				4.40146400 5.74374700 1.75191000 / 0.00000000 -1.00000000 0.00000000 / 255 0 255 255 / 0.62362670 0.36059570 / 1.00000000 0.00000000 0.00000000 1.00000000
				4.30673700 5.74374700 1.75191000 / 0.00000000 -1.00000000 0.00000000 / 255 0 255 255 / 0.36059570 0.36059570 / 1.00000000 0.00000000 0.00000000 1.00000000
				4.30673700 5.74374700 1.73726100 / 0.00000000 -1.00000000 0.00000000 / 255 0 255 255 / 0.36059570 0.63940430 / 1.00000000 0.00000000 0.00000000 1.00000000
				4.30673700 5.74374700 1.73726100 / 0.00000000 -1.00000000 0.00000000 / 255 0 255 255 / 0.36059570 0.63940430 / 1.00000000 0.00000000 0.00000000 1.00000000
				4.40146400 5.74374700 1.73726100 / 0.00000000 -1.00000000 0.00000000 / 255 0 255 255 / 0.62362670 0.63940430 / 1.00000000 0.00000000 0.00000000 1.00000000
				4.30673700 5.74374700 1.75191000 / -1.00000000 0.00000000 0.00000000 / 255 0 255 255 / 0.51956180 0.36059570 / 0.00000000 -1.00000000 0.00000000 1.00000000
				4.30673700 5.74374700 1.75191000 / -1.00000000 0.00000000 0.00000000 / 255 0 255 255 / 0.51956180 0.36059570 / 0.00000000 -1.00000000 0.00000000 1.00000000
				4.30673700 5.76474300 1.75191000 / -1.00000000 0.00000000 0.00000000 / 255 0 255 255 / 0.36059570 0.36059570 / 0.00000000 -1.00000000 0.00000000 1.00000000
				4.30673700 5.76474300 1.73726100 / -1.00000000 0.00000000 0.00000000 / 255 0 255 255 / 0.36061100 0.63940430 / 0.00000000 -1.00000000 0.00000000 1.00000000
				4.30673700 5.76474300 1.73726100 / -1.00000000 0.00000000 0.00000000 / 255 0 255 255 / 0.36061100 0.63940430 / 0.00000000 -1.00000000 0.00000000 1.00000000
				4.30673700 5.74374700 1.73726100 / -1.00000000 0.00000000 0.00000000 / 255 0 255 255 / 0.51956180 0.63940430 / 0.00000000 -1.00000000 0.00000000 1.00000000
				4.30673700 5.76474300 1.75191000 / 0.00000000 1.00000000 0.00000000 / 255 0 255 255 / 0.62362670 0.36059570 / -1.00000000 0.00000000 0.00000000 1.00000000
				4.30673700 5.76474300 1.75191000 / 0.00000000 1.00000000 0.00000000 / 255 0 255 255 / 0.62362670 0.36059570 / -1.00000000 0.00000000 0.00000000 1.00000000
				4.40146400 5.76474300 1.75191000 / 0.00000000 1.00000000 0.00000000 / 255 0 255 255 / 0.36059570 0.36059570 / -1.00000000 0.00000000 0.00000000 1.00000000
				4.40146400 5.76474300 1.73726100 / 0.00000000 1.00000000 0.00000000 / 255 0 255 255 / 0.36059570 0.63940430 / -1.00000000 0.00000000 0.00000000 1.00000000
				4.40146400 5.76474300 1.73726100 / 0.00000000 1.00000000 0.00000000 / 255 0 255 255 / 0.36059570 0.63940430 / -1.00000000 0.00000000 0.00000000 1.00000000
				4.30673700 5.76474300 1.73726100 / 0.00000000 1.00000000 0.00000000 / 255 0 255 255 / 0.62362670 0.63940430 / -1.00000000 0.00000000 0.00000000 1.00000000
				4.30673700 5.76474300 1.73726100 / 0.00000000 0.00000000 -1.00000000 / 255 0 255 255 / 0.37637330 0.63938900 / 0.98632530 0.16481020 0.00000000 1.00000000
				4.30673700 5.76474300 1.73726100 / 0.00000000 0.00000000 -1.00000000 / 255 0 255 255 / 0.37637330 0.63938900 / 0.98632530 0.16481020 0.00000000 1.00000000
				4.40146400 5.76474300 1.73726100 / 0.00000000 0.00000000 -1.00000000 / 255 0 255 255 / 0.63940430 0.51956180 / 0.98632830 0.16479220 0.00000000 1.00000000
				4.40146400 5.74374700 1.73726100 / 0.00000000 0.00000000 -1.00000000 / 255 0 255 255 / 0.62362670 0.36059570 / 0.98632530 0.16481020 0.00000000 1.00000000
				4.40146400 5.74374700 1.73726100 / 0.00000000 0.00000000 -1.00000000 / 255 0 255 255 / 0.62362670 0.36059570 / 0.98632530 0.16481020 0.00000000 1.00000000
				4.30673700 5.74374700 1.73726100 / 0.00000000 0.00000000 -1.00000000 / 255 0 255 255 / 0.36059570 0.48043820 / 0.98632230 0.16482820 0.00000000 1.00000000
				4.32773200 5.75595400 1.73775000 / 0.94870190 -0.31617220 0.00000000 / 255 0 255 255 / 0.50000000 0.48722840 / 0.31617220 0.94870190 0.00000000 1.00000000
				4.32773200 5.75595400 1.73775000 / 0.94870190 -0.31617220 0.00000000 / 255 0 255 255 / 0.50000000 0.48722840 / 0.31617220 0.94870190 0.00000000 1.00000000
				4.32529100 5.74863000 1.73775000 / 0.94870190 -0.31617220 0.00000000 / 255 0 255 255 / 0.42134090 0.48722840 / 0.31617220 0.94870190 0.00000000 1.00000000
				4.32529100 5.74863000 1.73335500 / 0.94870190 -0.31617220 0.00000000 / 255 0 255 255 / 0.42134090 0.51277160 / 0.31617220 0.94870190 0.00000000 1.00000000
				4.32529100 5.74863000 1.73335500 / 0.94870190 -0.31617220 0.00000000 / 255 0 255 255 / 0.42134090 0.51277160 / 0.31617220 0.94870190 0.00000000 1.00000000
				4.32773200 5.75595400 1.73335500 / 0.94870190 -0.31617220 0.00000000 / 255 0 255 255 / 0.50000000 0.51277160 / 0.31617220 0.94870190 0.00000000 1.00000000
				4.32529100 5.74863000 1.73775000 / 0.19612840 -0.98057830 0.00000000 / 255 0 255 255 / 0.53933720 0.48722840 / 0.98057820 0.19612840 0.00000000 1.00000000
				4.32529100 5.74863000 1.73775000 / 0.19612840 -0.98057830 0.00000000 / 255 0 255 255 / 0.53933720 0.48722840 / 0.98057820 0.19612840 0.00000000 1.00000000
				4.31796800 5.74716500 1.73775000 / 0.19612840 -0.98057820 0.00000000 / 255 0 255 255 / 0.46066280 0.48722840 / 0.98057820 0.19612840 0.00000000 1.00000000
				4.31796800 5.74716500 1.73335500 / 0.19612840 -0.98057830 0.00000000 / 255 0 255 255 / 0.46066280 0.51277160 / 0.98057820 0.19612840 0.00000000 1.00000000
				4.31796800 5.74716500 1.73335500 / 0.19612840 -0.98057830 0.00000000 / 255 0 255 255 / 0.46066280 0.51277160 / 0.98057820 0.19612840 0.00000000 1.00000000
				4.32529100 5.74863000 1.73335500 / 0.19612840 -0.98057820 0.00000000 / 255 0 255 255 / 0.53933720 0.51277160 / 0.98057820 0.19612840 0.00000000 1.00000000
				4.31796800 5.74716500 1.73775000 / -0.76816490 -0.64025210 0.00000000 / 255 0 255 255 / 0.57865910 0.48722840 / 0.64025210 -0.76816490 0.00000000 1.00000000
				4.31796800 5.74716500 1.73775000 / -0.76816490 -0.64025210 0.00000000 / 255 0 255 255 / 0.57865910 0.48722840 / 0.64025210 -0.76816490 0.00000000 1.00000000
				4.31308400 5.75302300 1.73775000 / -0.76816490 -0.64025200 0.00000000 / 255 0 255 255 / 0.50000000 0.48722840 / 0.64025210 -0.76816490 0.00000000 1.00000000
				4.31308400 5.75302300 1.73335500 / -0.76816490 -0.64025210 0.00000000 / 255 0 255 255 / 0.50000000 0.51277160 / 0.64025210 -0.76816490 0.00000000 1.00000000
				4.31308400 5.75302300 1.73335500 / -0.76816490 -0.64025210 0.00000000 / 255 0 255 255 / 0.50000000 0.51277160 / 0.64025210 -0.76816490 0.00000000 1.00000000
				4.31796800 5.74716500 1.73335500 / -0.76816490 -0.64025200 0.00000000 / 255 0 255 255 / 0.57865910 0.51277160 / 0.64025210 -0.76816490 0.00000000 1.00000000
				4.31308400 5.75302300 1.73775000 / -0.94176270 0.33627810 0.00000000 / 255 0 255 255 / 0.50000000 0.48722840 / -0.33627810 -0.94176270 0.00000000 1.00000000
				4.31308400 5.75302300 1.73775000 / -0.94176270 0.33627810 0.00000000 / 255 0 255 255 / 0.50000000 0.48722840 / -0.33627810 -0.94176270 0.00000000 1.00000000
				4.31552500 5.75986000 1.73775000 / -0.94176270 0.33627810 0.00000000 / 255 0 255 255 / 0.42134090 0.48722840 / -0.33627810 -0.94176270 0.00000000 1.00000000
				4.31552500 5.75986000 1.73335500 / -0.94176270 0.33627810 0.00000000 / 255 0 255 255 / 0.42134090 0.51277160 / -0.33627810 -0.94176270 0.00000000 1.00000000
				4.31552500 5.75986000 1.73335500 / -0.94176270 0.33627810 0.00000000 / 255 0 255 255 / 0.42134090 0.51277160 / -0.33627810 -0.94176270 0.00000000 1.00000000
				4.31308400 5.75302300 1.73335500 / -0.94176270 0.33627810 0.00000000 / 255 0 255 255 / 0.50000000 0.51277160 / -0.33627810 -0.94176270 0.00000000 1.00000000
				4.31552500 5.75986000 1.73775000 / -0.19615300 0.98057320 0.00000000 / 255 0 255 255 / 0.53933720 0.48722840 / -0.98057330 -0.19615300 0.00000000 1.00000000
				4.31552500 5.75986000 1.73775000 / -0.19615300 0.98057320 0.00000000 / 255 0 255 255 / 0.53933720 0.48722840 / -0.98057330 -0.19615300 0.00000000 1.00000000
				4.32285100 5.76132500 1.73775000 / -0.19615300 0.98057340 0.00000000 / 255 0 255 255 / 0.46067810 0.48722840 / -0.98057330 -0.19615300 0.00000000 1.00000000
				4.32285100 5.76132500 1.73335500 / -0.19615300 0.98057320 0.00000000 / 255 0 255 255 / 0.46067810 0.51277160 / -0.98057330 -0.19615300 0.00000000 1.00000000
				4.32285100 5.76132500 1.73335500 / -0.19615300 0.98057320 0.00000000 / 255 0 255 255 / 0.46067810 0.51277160 / -0.98057330 -0.19615300 0.00000000 1.00000000
				4.31552500 5.75986000 1.73335500 / -0.19615300 0.98057340 0.00000000 / 255 0 255 255 / 0.53933720 0.51277160 / -0.98057330 -0.19615300 0.00000000 1.00000000
				4.32285100 5.76132500 1.73775000 / 0.74000550 0.67260090 0.00000000 / 255 0 255 255 / 0.57865910 0.48722840 / -0.67260090 0.74000530 0.00000000 1.00000000
				4.32285100 5.76132500 1.73775000 / 0.74000550 0.67260090 0.00000000 / 255 0 255 255 / 0.57865910 0.48722840 / -0.67260090 0.74000530 0.00000000 1.00000000
				4.32773200 5.75595400 1.73775000 / 0.74000550 0.67260090 0.00000000 / 255 0 255 255 / 0.50000000 0.48722840 / -0.67260090 0.74000550 0.00000000 1.00000000
				4.32773200 5.75595400 1.73335500 / 0.74000550 0.67260090 0.00000000 / 255 0 255 255 / 0.50000000 0.51277160 / -0.67260090 0.74000530 0.00000000 1.00000000
				4.32773200 5.75595400 1.73335500 / 0.74000550 0.67260090 0.00000000 / 255 0 255 255 / 0.50000000 0.51277160 / -0.67260090 0.74000530 0.00000000 1.00000000
				4.32285100 5.76132500 1.73335500 / 0.74000550 0.67260090 0.00000000 / 255 0 255 255 / 0.57865910 0.51277160 / -0.67260090 0.74000550 0.00000000 1.00000000
				4.39560500 5.75595400 1.73775000 / 0.94866480 -0.31628330 0.00000000 / 255 0 255 255 / 0.50000000 0.48722840 / 0.31628330 0.94866480 0.00000000 1.00000000
				4.39560500 5.75595400 1.73775000 / 0.94866480 -0.31628330 0.00000000 / 255 0 255 255 / 0.50000000 0.48722840 / 0.31628330 0.94866480 0.00000000 1.00000000
				4.39316300 5.74863000 1.73775000 / 0.94866470 -0.31628340 0.00000000 / 255 0 255 255 / 0.42134090 0.48722840 / 0.31628340 0.94866480 0.00000000 1.00000000
				4.39316300 5.74863000 1.73335500 / 0.94866480 -0.31628330 0.00000000 / 255 0 255 255 / 0.42134090 0.51277160 / 0.31628330 0.94866480 0.00000000 1.00000000
				4.39316300 5.74863000 1.73335500 / 0.94866480 -0.31628330 0.00000000 / 255 0 255 255 / 0.42134090 0.51277160 / 0.31628330 0.94866480 0.00000000 1.00000000
				4.39560500 5.75595400 1.73335500 / 0.94866470 -0.31628340 0.00000000 / 255 0 255 255 / 0.50000000 0.51277160 / 0.31628340 0.94866480 0.00000000 1.00000000
				4.39316300 5.74863000 1.73775000 / 0.19611610 -0.98058070 0.00000000 / 255 0 255 255 / 0.53933720 0.48722840 / 0.98058070 0.19611610 0.00000000 1.00000000
				4.39316300 5.74863000 1.73775000 / 0.19611610 -0.98058070 0.00000000 / 255 0 255 255 / 0.53933720 0.48722840 / 0.98058070 0.19611610 0.00000000 1.00000000
				4.38583800 5.74716500 1.73775000 / 0.19611610 -0.98058070 0.00000000 / 255 0 255 255 / 0.46066280 0.48722840 / 0.98058070 0.19611610 0.00000000 1.00000000
				4.38583800 5.74716500 1.73335500 / 0.19611610 -0.98058070 0.00000000 / 255 0 255 255 / 0.46066280 0.51277160 / 0.98058070 0.19611610 0.00000000 1.00000000
				4.38583800 5.74716500 1.73335500 / 0.19611610 -0.98058070 0.00000000 / 255 0 255 255 / 0.46066280 0.51277160 / 0.98058070 0.19611610 0.00000000 1.00000000
				4.39316300 5.74863000 1.73335500 / 0.19611610 -0.98058070 0.00000000 / 255 0 255 255 / 0.53933720 0.51277160 / 0.98058070 0.19611610 0.00000000 1.00000000
				4.38583800 5.74716500 1.73775000 / -0.73994010 -0.67267280 0.00000000 / 255 0 255 255 / 0.57865910 0.48722840 / 0.67267270 -0.73994010 0.00000000 1.00000000
				4.38583800 5.74716500 1.73775000 / -0.73994010 -0.67267280 0.00000000 / 255 0 255 255 / 0.57865910 0.48722840 / 0.67267270 -0.73994010 0.00000000 1.00000000
				4.38095600 5.75253600 1.73775000 / -0.73994010 -0.67267280 0.00000000 / 255 0 255 255 / 0.50000000 0.48722840 / 0.67267270 -0.73994010 0.00000000 1.00000000
				4.38095600 5.75253600 1.73335500 / -0.73994010 -0.67267280 0.00000000 / 255 0 255 255 / 0.50000000 0.51277160 / 0.67267270 -0.73994010 0.00000000 1.00000000
				4.38095600 5.75253600 1.73335500 / -0.73994010 -0.67267280 0.00000000 / 255 0 255 255 / 0.50000000 0.51277160 / 0.67267270 -0.73994010 0.00000000 1.00000000
				4.38583800 5.74716500 1.73335500 / -0.73994010 -0.67267280 0.00000000 / 255 0 255 255 / 0.57865910 0.51277160 / 0.67267270 -0.73994010 0.00000000 1.00000000
				4.38095600 5.75253600 1.73775000 / -0.94865860 0.31630190 0.00000000 / 255 0 255 255 / 0.50000000 0.48722840 / -0.31630190 -0.94865860 0.00000000 1.00000000
				4.38095600 5.75253600 1.73775000 / -0.94865860 0.31630190 0.00000000 / 255 0 255 255 / 0.50000000 0.48722840 / -0.31630190 -0.94865860 0.00000000 1.00000000
				4.38339800 5.75986000 1.73775000 / -0.94865860 0.31630190 0.00000000 / 255 0 255 255 / 0.42134090 0.48722840 / -0.31630190 -0.94865860 0.00000000 1.00000000
				4.38339800 5.75986000 1.73335500 / -0.94865860 0.31630190 0.00000000 / 255 0 255 255 / 0.42134090 0.51277160 / -0.31630190 -0.94865860 0.00000000 1.00000000
				4.38339800 5.75986000 1.73335500 / -0.94865860 0.31630190 0.00000000 / 255 0 255 255 / 0.42134090 0.51277160 / -0.31630190 -0.94865860 0.00000000 1.00000000
				4.38095600 5.75253600 1.73335500 / -0.94865860 0.31630190 0.00000000 / 255 0 255 255 / 0.50000000 0.51277160 / -0.31630190 -0.94865860 0.00000000 1.00000000
				4.38339800 5.75986000 1.73775000 / -0.19617750 0.98056830 0.00000000 / 255 0 255 255 / 0.53933720 0.48722840 / -0.98056840 -0.19617750 0.00000000 1.00000000
				4.38339800 5.75986000 1.73775000 / -0.19617750 0.98056830 0.00000000 / 255 0 255 255 / 0.53933720 0.48722840 / -0.98056840 -0.19617750 0.00000000 1.00000000
				4.39072200 5.76132500 1.73775000 / -0.19617750 0.98056840 0.00000000 / 255 0 255 255 / 0.46067810 0.48722840 / -0.98056840 -0.19617750 0.00000000 1.00000000
				4.39072200 5.76132500 1.73335500 / -0.19617750 0.98056830 0.00000000 / 255 0 255 255 / 0.46067810 0.51277160 / -0.98056840 -0.19617750 0.00000000 1.00000000
				4.39072200 5.76132500 1.73335500 / -0.19617750 0.98056830 0.00000000 / 255 0 255 255 / 0.46067810 0.51277160 / -0.98056840 -0.19617750 0.00000000 1.00000000
				4.38339800 5.75986000 1.73335500 / -0.19617750 0.98056840 0.00000000 / 255 0 255 255 / 0.53933720 0.51277160 / -0.98056840 -0.19617750 0.00000000 1.00000000
				4.39072200 5.76132500 1.73775000 / 0.73994010 0.67267280 0.00000000 / 255 0 255 255 / 0.57865910 0.48722840 / -0.67267270 0.73994010 0.00000000 1.00000000
				4.39072200 5.76132500 1.73775000 / 0.73994010 0.67267280 0.00000000 / 255 0 255 255 / 0.57865910 0.48722840 / -0.67267270 0.73994010 0.00000000 1.00000000
				4.39560500 5.75595400 1.73775000 / 0.73994010 0.67267280 0.00000000 / 255 0 255 255 / 0.50000000 0.48722840 / -0.67267270 0.73994010 0.00000000 1.00000000
				4.39560500 5.75595400 1.73335500 / 0.73994010 0.67267280 0.00000000 / 255 0 255 255 / 0.50000000 0.51277160 / -0.67267270 0.73994010 0.00000000 1.00000000
				4.39560500 5.75595400 1.73335500 / 0.73994010 0.67267280 0.00000000 / 255 0 255 255 / 0.50000000 0.51277160 / -0.67267270 0.73994010 0.00000000 1.00000000
				4.39072200 5.76132500 1.73335500 / 0.73994010 0.67267280 0.00000000 / 255 0 255 255 / 0.57865910 0.51277160 / -0.67267270 0.73994010 0.00000000 1.00000000
				4.36240100 5.76132500 1.73775000 / 1.00000000 0.00000000 0.00000000 / 255 0 255 255 / -0.28169250 0.33567810 / 0.00000000 1.00000000 0.00000000 1.00000000
				4.36240100 5.76132500 1.73775000 / 1.00000000 0.00000000 0.00000000 / 255 0 255 255 / -0.28169250 0.33567810 / 0.00000000 1.00000000 0.00000000 1.00000000
				4.36240100 5.74765300 1.73775000 / 1.00000000 0.00000000 0.00000000 / 255 0 255 255 / -0.30404660 0.33567810 / 0.00000000 1.00000000 0.00000000 1.00000000
				4.36240100 5.74765300 1.51753500 / 1.00000000 0.00000000 0.00000000 / 255 0 255 255 / -0.30404660 0.69075010 / 0.00000000 1.00000000 0.00000000 1.00000000
				4.36240100 5.74765300 1.51753500 / 1.00000000 0.00000000 0.00000000 / 255 0 255 255 / -0.30404660 0.69075010 / 0.00000000 1.00000000 0.00000000 1.00000000
				4.36240100 5.76132500 1.51753500 / 1.00000000 0.00000000 0.00000000 / 255 0 255 255 / -0.28169250 0.69075010 / 0.00000000 1.00000000 0.00000000 1.00000000
				4.36240100 5.74765300 1.73775000 / 0.00000000 -1.00000000 0.00000000 / 255 0 255 255 / -3.19882200 0.33567810 / 1.00000000 0.00000000 0.00000000 1.00000000
				4.36240100 5.74765300 1.73775000 / 0.00000000 -1.00000000 0.00000000 / 255 0 255 255 / -3.19882200 0.33567810 / 1.00000000 0.00000000 0.00000000 1.00000000
				4.34872900 5.74765300 1.73775000 / 0.00000000 -1.00000000 0.00000000 / 255 0 255 255 / -3.20990000 0.33567810 / 1.00000000 0.00000000 0.00000000 1.00000000
				4.34872900 5.74765300 1.51753500 / 0.00000000 -1.00000000 0.00000000 / 255 0 255 255 / -3.20990000 0.69075010 / 1.00000000 0.00000000 0.00000000 1.00000000
				4.34872900 5.74765300 1.51753500 / 0.00000000 -1.00000000 0.00000000 / 255 0 255 255 / -3.20990000 0.69075010 / 1.00000000 0.00000000 0.00000000 1.00000000
				4.36240100 5.74765300 1.51753500 / 0.00000000 -1.00000000 0.00000000 / 255 0 255 255 / -3.19882200 0.69075010 / 1.00000000 0.00000000 0.00000000 1.00000000
				4.34872900 5.74765300 1.73775000 / -1.00000000 0.00000000 0.00000000 / 255 0 255 255 / 1.29933200 0.33567810 / 0.00000000 -1.00000000 0.00000000 1.00000000
				4.34872900 5.74765300 1.73775000 / -1.00000000 0.00000000 0.00000000 / 255 0 255 255 / 1.29933200 0.33567810 / 0.00000000 -1.00000000 0.00000000 1.00000000
				4.34872900 5.76132500 1.73775000 / -1.00000000 0.00000000 0.00000000 / 255 0 255 255 / 1.27697800 0.33567810 / 0.00000000 -1.00000000 0.00000000 1.00000000
				4.34872900 5.76132500 1.51753500 / -1.00000000 0.00000000 0.00000000 / 255 0 255 255 / 1.27697800 0.69075010 / 0.00000000 -1.00000000 0.00000000 1.00000000
				4.34872900 5.76132500 1.51753500 / -1.00000000 0.00000000 0.00000000 / 255 0 255 255 / 1.27697800 0.69075010 / 0.00000000 -1.00000000 0.00000000 1.00000000
				4.34872900 5.74765300 1.51753500 / -1.00000000 0.00000000 0.00000000 / 255 0 255 255 / 1.29933200 0.69075010 / 0.00000000 -1.00000000 0.00000000 1.00000000
				4.34872900 5.76132500 1.73775000 / 0.00000000 1.00000000 0.00000000 / 255 0 255 255 / 4.20753500 0.33567810 / -1.00000000 0.00000000 0.00000000 1.00000000
				4.34872900 5.76132500 1.73775000 / 0.00000000 1.00000000 0.00000000 / 255 0 255 255 / 4.20753500 0.33567810 / -1.00000000 0.00000000 0.00000000 1.00000000
				4.36240100 5.76132500 1.73775000 / 0.00000000 1.00000000 0.00000000 / 255 0 255 255 / 4.19645700 0.33567810 / -1.00000000 0.00000000 0.00000000 1.00000000
				4.36240100 5.76132500 1.51753500 / 0.00000000 1.00000000 0.00000000 / 255 0 255 255 / 4.19645700 0.69075010 / -1.00000000 0.00000000 0.00000000 1.00000000
				4.36240100 5.76132500 1.51753500 / 0.00000000 1.00000000 0.00000000 / 255 0 255 255 / 4.19645700 0.69075010 / -1.00000000 0.00000000 0.00000000 1.00000000
				4.34872900 5.76132500 1.51753500 / 0.00000000 1.00000000 0.00000000 / 255 0 255 255 / 4.20753500 0.69075010 / -1.00000000 0.00000000 0.00000000 1.00000000
				-3.44326300 5.88583700 1.44526900 / 0.00000000 0.00000000 -1.00000000 / 255 0 255 255 / 0.99949650 0.99949650 / 1.00000000 0.00000130 0.00000000 1.00000000
				-3.44326300 5.88583700 1.44526900 / 0.00000000 0.00000000 -1.00000000 / 255 0 255 255 / 0.99949650 0.99949650 / 1.00000000 0.00000130 0.00000000 1.00000000
				-3.44326300 5.63437200 1.44526900 / 0.00000000 0.00000000 -1.00000000 / 255 0 255 255 / 0.99949650 0.15357970 / 1.00000000 0.00000260 0.00000000 1.00000000
				-5.21572400 5.63437200 1.44526900 / 0.00000000 0.00000000 -1.00000000 / 255 0 255 255 / 0.00050350 0.15359500 / 1.00000000 0.00000130 0.00000000 1.00000000
				-5.21572400 5.63437200 1.44526900 / 0.00000000 0.00000000 -1.00000000 / 255 0 255 255 / 0.00050350 0.15359500 / 1.00000000 0.00000130 0.00000000 1.00000000
				-5.21572400 5.88583700 1.44526900 / 0.00000000 0.00000000 -1.00000000 / 255 0 255 255 / 0.00050350 0.99949650 / 1.00000000 0.00000000 0.00000000 1.00000000
				-3.44326300 5.85849300 1.51851100 / 0.00000000 0.00000000 1.00000000 / 255 0 255 255 / 0.00050350 0.90705870 / -1.00000000 0.00000000 0.00000000 1.00000000
				-3.44326300 5.85849300 1.51851100 / 0.00000000 0.00000000 1.00000000 / 255 0 255 255 / 0.00050350 0.90705870 / -1.00000000 0.00000000 0.00000000 1.00000000
				-5.21572400 5.85849300 1.51851100 / 0.00000000 0.00000000 1.00000000 / 255 0 255 255 / 0.99949650 0.90705870 / -1.00000000 0.00000000 0.00000000 1.00000000
				-5.21572400 5.66171600 1.51851100 / 0.00000000 0.00000000 1.00000000 / 255 0 255 255 / 0.99949650 0.24601750 / -1.00000000 0.00000000 0.00000000 1.00000000
				-5.21572400 5.66171600 1.51851100 / 0.00000000 0.00000000 1.00000000 / 255 0 255 255 / 0.99949650 0.24601750 / -1.00000000 0.00000000 0.00000000 1.00000000
				-3.44326300 5.66171600 1.51851100 / 0.00000000 0.00000000 1.00000000 / 255 0 255 255 / 0.00050350 0.24601750 / -1.00000000 0.00000000 0.00000000 1.00000000
				-5.17714900 5.69150100 1.39497600 / 0.00000000 0.00000000 -1.00000000 / 255 0 255 255 / 0.00000000 1.00000000 / -1.00000000 0.00000000 0.00000000 1.00000000
				-5.17714900 5.69150100 1.39497600 / 0.00000000 0.00000000 -1.00000000 / 255 0 255 255 / 0.00000000 1.00000000 / -1.00000000 0.00000000 0.00000000 1.00000000
				-5.20547000 5.69150100 1.39497600 / 0.00000000 0.00000000 -1.00000000 / 255 0 255 255 / 1.00000000 1.00000000 / -1.00000000 0.00000000 0.00000000 1.00000000
				-5.20547000 5.82870800 1.39497600 / 0.00000000 0.00000000 -1.00000000 / 255 0 255 255 / 1.00000000 0.00000000 / -1.00000000 0.00000000 0.00000000 1.00000000
				-5.20547000 5.82870800 1.39497600 / 0.00000000 0.00000000 -1.00000000 / 255 0 255 255 / 1.00000000 0.00000000 / -1.00000000 0.00000000 0.00000000 1.00000000
				-5.17714900 5.82870800 1.39497600 / 0.00000000 0.00000000 -1.00000000 / 255 0 255 255 / 0.00000000 0.00000000 / -1.00000000 0.00000000 0.00000000 1.00000000
				-5.17714900 5.67196900 1.44526900 / 0.00000000 -0.93217130 -0.36201770 / 255 0 255 255 / 0.00000000 1.00000000 / -1.00000000 0.00000000 0.00000000 1.00000000
				-5.17714900 5.67196900 1.44526900 / 0.00000000 -0.93217130 -0.36201770 / 255 0 255 255 / 0.00000000 1.00000000 / -1.00000000 0.00000000 0.00000000 1.00000000
				-5.20547000 5.67196900 1.44526900 / 0.00000000 -0.93217130 -0.36201770 / 255 0 255 255 / 1.00000000 1.00000000 / -1.00000000 0.00000000 0.00000000 1.00000000
				-5.20547000 5.69150100 1.39497600 / 0.00000000 -0.93217130 -0.36201770 / 255 0 255 255 / 1.00000000 0.00000000 / -1.00000000 0.00000000 0.00000000 1.00000000
				-5.20547000 5.69150100 1.39497600 / 0.00000000 -0.93217130 -0.36201770 / 255 0 255 255 / 1.00000000 0.00000000 / -1.00000000 0.00000000 0.00000000 1.00000000
				-5.17714900 5.69150100 1.39497600 / 0.00000000 -0.93217130 -0.36201770 / 255 0 255 255 / 0.00000000 0.00000000 / -1.00000000 0.00000000 0.00000000 1.00000000
				-5.20547000 5.67196900 1.44526900 / -1.00000000 0.00000000 0.00000000 / 255 0 255 255 / 0.00000000 1.00000000 / 0.00000000 1.00000000 0.00000000 1.00000000
				-5.20547000 5.67196900 1.44526900 / -1.00000000 0.00000000 0.00000000 / 255 0 255 255 / 0.00000000 1.00000000 / 0.00000000 1.00000000 0.00000000 1.00000000
				-5.20547000 5.84775100 1.44526900 / -1.00000000 0.00000000 0.00000000 / 255 0 255 255 / 1.00000000 1.00000000 / 0.00000000 1.00000000 0.00000000 1.00000000
				-5.20547000 5.82870800 1.39497600 / -0.99999980 0.00000000 0.00000000 / 255 0 255 255 / 1.00000000 0.00000000 / 0.00000000 1.00000000 0.00000000 1.00000000
				-5.20547000 5.82870800 1.39497600 / -0.99999980 0.00000000 0.00000000 / 255 0 255 255 / 1.00000000 0.00000000 / 0.00000000 1.00000000 0.00000000 1.00000000
				-5.20547000 5.69150100 1.39497600 / -1.00000000 0.00000000 0.00000000 / 255 0 255 255 / 0.00000000 0.00000000 / 0.00000000 1.00000000 0.00000000 1.00000000
				-5.20547000 5.84775100 1.44526900 / 0.00000000 0.93520480 -0.35410720 / 255 0 255 255 / 0.00000000 1.00000000 / 1.00000000 0.00000000 0.00000000 1.00000000
				-5.20547000 5.84775100 1.44526900 / 0.00000000 0.93520480 -0.35410720 / 255 0 255 255 / 0.00000000 1.00000000 / 1.00000000 0.00000000 0.00000000 1.00000000
				-5.17714900 5.84775100 1.44526900 / 0.00000000 0.93520490 -0.35410720 / 255 0 255 255 / 1.00000000 1.00000000 / 1.00000000 0.00000000 0.00000000 1.00000000
				-5.17714900 5.82870800 1.39497600 / 0.00000000 0.93520480 -0.35410720 / 255 0 255 255 / 1.00000000 0.00000000 / 1.00000000 0.00000000 0.00000000 1.00000000
				-5.17714900 5.82870800 1.39497600 / 0.00000000 0.93520480 -0.35410720 / 255 0 255 255 / 1.00000000 0.00000000 / 1.00000000 0.00000000 0.00000000 1.00000000
				-5.20547000 5.82870800 1.39497600 / 0.00000000 0.93520490 -0.35410720 / 255 0 255 255 / 0.00000000 0.00000000 / 1.00000000 0.00000000 0.00000000 1.00000000
				-5.17714900 5.84775100 1.44526900 / 1.00000000 0.00000000 0.00000000 / 255 0 255 255 / 0.00000000 1.00000000 / 0.00000000 -1.00000000 0.00000000 1.00000000
				-5.17714900 5.84775100 1.44526900 / 1.00000000 0.00000000 0.00000000 / 255 0 255 255 / 0.00000000 1.00000000 / 0.00000000 -1.00000000 0.00000000 1.00000000
				-5.17714900 5.67196900 1.44526900 / 1.00000000 0.00000000 0.00000000 / 255 0 255 255 / 1.00000000 1.00000000 / 0.00000000 -1.00000000 0.00000000 1.00000000
				-5.17714900 5.69150100 1.39497600 / 1.00000000 0.00000000 0.00000000 / 255 0 255 255 / 1.00000000 0.00000000 / 0.00000000 -1.00000000 0.00000000 1.00000000
				-5.17714900 5.69150100 1.39497600 / 1.00000000 0.00000000 0.00000000 / 255 0 255 255 / 1.00000000 0.00000000 / 0.00000000 -1.00000000 0.00000000 1.00000000
				-5.17714900 5.82870800 1.39497600 / 0.99999980 0.00000000 0.00000000 / 255 0 255 255 / 0.00000000 0.00000000 / 0.00000000 -1.00000000 0.00000000 1.00000000
				-3.46035200 5.69150100 1.39497600 / 0.00000000 0.00000000 -0.99999980 / 255 0 255 255 / 0.00000000 1.00000000 / -1.00000000 0.00000000 0.00000000 1.00000000
				-3.46035200 5.69150100 1.39497600 / 0.00000000 0.00000000 -0.99999980 / 255 0 255 255 / 0.00000000 1.00000000 / -1.00000000 0.00000000 0.00000000 1.00000000
				-3.48916100 5.69150100 1.39497600 / 0.00000000 0.00000000 -1.00000000 / 255 0 255 255 / 1.00000000 1.00000000 / -1.00000000 0.00000000 0.00000000 1.00000000
				-3.48916100 5.82870800 1.39497600 / 0.00000000 0.00000000 -0.99999980 / 255 0 255 255 / 1.00000000 0.00000000 / -1.00000000 0.00000000 0.00000000 1.00000000
				-3.48916100 5.82870800 1.39497600 / 0.00000000 0.00000000 -0.99999980 / 255 0 255 255 / 1.00000000 0.00000000 / -1.00000000 0.00000000 0.00000000 1.00000000
				-3.46035200 5.82870800 1.39497600 / 0.00000000 0.00000000 -1.00000000 / 255 0 255 255 / 0.00000000 0.00000000 / -1.00000000 0.00000000 0.00000000 1.00000000
				-3.46035200 5.67196900 1.44526900 / 0.00000000 -0.93217130 -0.36201760 / 255 0 255 255 / 0.00000000 1.00000000 / -1.00000000 0.00000000 0.00000000 1.00000000
				-3.46035200 5.67196900 1.44526900 / 0.00000000 -0.93217130 -0.36201760 / 255 0 255 255 / 0.00000000 1.00000000 / -1.00000000 0.00000000 0.00000000 1.00000000
				-3.48916100 5.67196900 1.44526900 / 0.00000000 -0.93217130 -0.36201760 / 255 0 255 255 / 1.00000000 1.00000000 / -1.00000000 0.00000000 0.00000000 1.00000000
				-3.48916100 5.69150100 1.39497600 / 0.00000000 -0.93217130 -0.36201760 / 255 0 255 255 / 1.00000000 0.00000000 / -1.00000000 0.00000000 0.00000000 1.00000000
				-3.48916100 5.69150100 1.39497600 / 0.00000000 -0.93217130 -0.36201760 / 255 0 255 255 / 1.00000000 0.00000000 / -1.00000000 0.00000000 0.00000000 1.00000000
				-3.46035200 5.69150100 1.39497600 / 0.00000000 -0.93217130 -0.36201760 / 255 0 255 255 / 0.00000000 0.00000000 / -1.00000000 0.00000000 0.00000000 1.00000000
				-3.48916100 5.67196900 1.44526900 / -1.00000000 0.00000000 0.00000000 / 255 0 255 255 / 0.00000000 1.00000000 / 0.00000000 1.00000000 0.00000000 1.00000000
				-3.48916100 5.67196900 1.44526900 / -1.00000000 0.00000000 0.00000000 / 255 0 255 255 / 0.00000000 1.00000000 / 0.00000000 1.00000000 0.00000000 1.00000000
				-3.48916100 5.84775100 1.44526900 / -1.00000000 0.00000000 0.00000000 / 255 0 255 255 / 1.00000000 1.00000000 / 0.00000000 1.00000000 0.00000000 1.00000000
				-3.48916100 5.82870800 1.39497600 / -0.99999980 0.00000000 0.00000000 / 255 0 255 255 / 1.00000000 0.00000000 / 0.00000000 1.00000000 0.00000000 1.00000000
				-3.48916100 5.82870800 1.39497600 / -0.99999980 0.00000000 0.00000000 / 255 0 255 255 / 1.00000000 0.00000000 / 0.00000000 1.00000000 0.00000000 1.00000000
				-3.48916100 5.69150100 1.39497600 / -1.00000000 0.00000000 0.00000000 / 255 0 255 255 / 0.00000000 0.00000000 / 0.00000000 1.00000000 0.00000000 1.00000000
				-3.48916100 5.84775100 1.44526900 / 0.00000000 0.93520490 -0.35410720 / 255 0 255 255 / 0.00000000 1.00000000 / 1.00000000 0.00000000 0.00000000 1.00000000
				-3.48916100 5.84775100 1.44526900 / 0.00000000 0.93520490 -0.35410720 / 255 0 255 255 / 0.00000000 1.00000000 / 1.00000000 0.00000000 0.00000000 1.00000000
				-3.46035200 5.84775100 1.44526900 / 0.00000000 0.93520490 -0.35410720 / 255 0 255 255 / 1.00000000 1.00000000 / 1.00000000 0.00000000 0.00000000 1.00000000
				-3.46035200 5.82870800 1.39497600 / 0.00000000 0.93520490 -0.35410720 / 255 0 255 255 / 1.00000000 0.00000000 / 1.00000000 0.00000000 0.00000000 1.00000000
				-3.46035200 5.82870800 1.39497600 / 0.00000000 0.93520490 -0.35410720 / 255 0 255 255 / 1.00000000 0.00000000 / 1.00000000 0.00000000 0.00000000 1.00000000
				-3.48916100 5.82870800 1.39497600 / 0.00000000 0.93520490 -0.35410720 / 255 0 255 255 / 0.00000000 0.00000000 / 1.00000000 0.00000000 0.00000000 1.00000000
				-3.46035200 5.84775100 1.44526900 / 1.00000000 0.00000000 0.00000000 / 255 0 255 255 / 0.00000000 1.00000000 / 0.00000000 -1.00000000 0.00000000 1.00000000
				-3.46035200 5.84775100 1.44526900 / 1.00000000 0.00000000 0.00000000 / 255 0 255 255 / 0.00000000 1.00000000 / 0.00000000 -1.00000000 0.00000000 1.00000000
				-3.46035200 5.67196900 1.44526900 / 1.00000000 0.00000000 0.00000000 / 255 0 255 255 / 1.00000000 1.00000000 / 0.00000000 -1.00000000 0.00000000 1.00000000
				-3.46035200 5.69150100 1.39497600 / 1.00000000 0.00000000 0.00000000 / 255 0 255 255 / 1.00000000 0.00000000 / 0.00000000 -1.00000000 0.00000000 1.00000000
				-3.46035200 5.69150100 1.39497600 / 1.00000000 0.00000000 0.00000000 / 255 0 255 255 / 1.00000000 0.00000000 / 0.00000000 -1.00000000 0.00000000 1.00000000
				-3.46035200 5.82870800 1.39497600 / 0.99999980 0.00000000 0.00000000 / 255 0 255 255 / 0.00000000 0.00000000 / 0.00000000 -1.00000000 0.00000000 1.00000000
				-5.05849700 5.76132500 1.73775000 / 1.00000000 0.00000000 0.00000000 / 255 0 255 255 / -0.28169250 0.33567810 / 0.00000000 1.00000000 0.00000000 1.00000000
				-5.05849700 5.76132500 1.73775000 / 1.00000000 0.00000000 0.00000000 / 255 0 255 255 / -0.28169250 0.33567810 / 0.00000000 1.00000000 0.00000000 1.00000000
				-5.05849700 5.74765300 1.73775000 / 1.00000000 0.00000000 0.00000000 / 255 0 255 255 / -0.30404660 0.33567810 / 0.00000000 1.00000000 0.00000000 1.00000000
				-5.05849700 5.74765300 1.51753500 / 1.00000000 0.00000000 0.00000000 / 255 0 255 255 / -0.30404660 0.69075010 / 0.00000000 1.00000000 0.00000000 1.00000000
				-5.05849700 5.74765300 1.51753500 / 1.00000000 0.00000000 0.00000000 / 255 0 255 255 / -0.30404660 0.69075010 / 0.00000000 1.00000000 0.00000000 1.00000000
				-5.05849700 5.76132500 1.51753500 / 1.00000000 0.00000000 0.00000000 / 255 0 255 255 / -0.28169250 0.69075010 / 0.00000000 1.00000000 0.00000000 1.00000000
				-5.05849700 5.74765300 1.73775000 / 0.00000000 -1.00000000 0.00000000 / 255 0 255 255 / -3.19882200 0.33567810 / 1.00000000 0.00000000 0.00000000 1.00000000
				-5.05849700 5.74765300 1.73775000 / 0.00000000 -1.00000000 0.00000000 / 255 0 255 255 / -3.19882200 0.33567810 / 1.00000000 0.00000000 0.00000000 1.00000000
				-5.07168200 5.74765300 1.73775000 / 0.00000000 -1.00000000 0.00000000 / 255 0 255 255 / -3.20990000 0.33567810 / 1.00000000 0.00000000 0.00000000 1.00000000
				-5.07168200 5.74765300 1.51753500 / 0.00000000 -1.00000000 0.00000000 / 255 0 255 255 / -3.20990000 0.69075010 / 1.00000000 0.00000000 0.00000000 1.00000000
				-5.07168200 5.74765300 1.51753500 / 0.00000000 -1.00000000 0.00000000 / 255 0 255 255 / -3.20990000 0.69075010 / 1.00000000 0.00000000 0.00000000 1.00000000
				-5.05849700 5.74765300 1.51753500 / 0.00000000 -1.00000000 0.00000000 / 255 0 255 255 / -3.19882200 0.69075010 / 1.00000000 0.00000000 0.00000000 1.00000000
				-5.07168200 5.74765300 1.73775000 / -1.00000000 0.00000000 0.00000000 / 255 0 255 255 / 1.29933200 0.33567810 / 0.00000000 -1.00000000 0.00000000 1.00000000
				-5.07168200 5.74765300 1.73775000 / -1.00000000 0.00000000 0.00000000 / 255 0 255 255 / 1.29933200 0.33567810 / 0.00000000 -1.00000000 0.00000000 1.00000000
				-5.07168200 5.76132500 1.73775000 / -1.00000000 0.00000000 0.00000000 / 255 0 255 255 / 1.27697800 0.33567810 / 0.00000000 -1.00000000 0.00000000 1.00000000
				-5.07168200 5.76132500 1.51753500 / -1.00000000 0.00000000 0.00000000 / 255 0 255 255 / 1.27697800 0.69075010 / 0.00000000 -1.00000000 0.00000000 1.00000000
				-5.07168200 5.76132500 1.51753500 / -1.00000000 0.00000000 0.00000000 / 255 0 255 255 / 1.27697800 0.69075010 / 0.00000000 -1.00000000 0.00000000 1.00000000
				-5.07168200 5.74765300 1.51753500 / -1.00000000 0.00000000 0.00000000 / 255 0 255 255 / 1.29933200 0.69075010 / 0.00000000 -1.00000000 0.00000000 1.00000000
				-5.07168200 5.76132500 1.73775000 / 0.00000000 1.00000000 0.00000000 / 255 0 255 255 / 4.20753500 0.33567810 / -1.00000000 0.00000000 0.00000000 1.00000000
				-5.07168200 5.76132500 1.73775000 / 0.00000000 1.00000000 0.00000000 / 255 0 255 255 / 4.20753500 0.33567810 / -1.00000000 0.00000000 0.00000000 1.00000000
				-5.05849700 5.76132500 1.73775000 / 0.00000000 1.00000000 0.00000000 / 255 0 255 255 / 4.19645700 0.33567810 / -1.00000000 0.00000000 0.00000000 1.00000000
				-5.05849700 5.76132500 1.51753500 / 0.00000000 1.00000000 0.00000000 / 255 0 255 255 / 4.19645700 0.69075010 / -1.00000000 0.00000000 0.00000000 1.00000000
				-5.05849700 5.76132500 1.51753500 / 0.00000000 1.00000000 0.00000000 / 255 0 255 255 / 4.19645700 0.69075010 / -1.00000000 0.00000000 0.00000000 1.00000000
				-5.07168200 5.76132500 1.51753500 / 0.00000000 1.00000000 0.00000000 / 255 0 255 255 / 4.20753500 0.69075010 / -1.00000000 0.00000000 0.00000000 1.00000000
				-5.01797000 5.76474300 1.75191000 / 1.00000000 0.00000000 0.00000000 / 255 0 255 255 / 0.51956180 0.36059570 / 0.00000000 1.00000000 0.00000000 1.00000000
				-5.01797000 5.76474300 1.75191000 / 1.00000000 0.00000000 0.00000000 / 255 0 255 255 / 0.51956180 0.36059570 / 0.00000000 1.00000000 0.00000000 1.00000000
				-5.01797000 5.74374700 1.75191000 / 1.00000000 0.00000000 0.00000000 / 255 0 255 255 / 0.36059570 0.36059570 / 0.00000000 1.00000000 0.00000000 1.00000000
				-5.01797000 5.74374700 1.73726100 / 1.00000000 0.00000000 0.00000000 / 255 0 255 255 / 0.36059570 0.63940430 / 0.00000000 1.00000000 0.00000000 1.00000000
				-5.01797000 5.74374700 1.73726100 / 1.00000000 0.00000000 0.00000000 / 255 0 255 255 / 0.36059570 0.63940430 / 0.00000000 1.00000000 0.00000000 1.00000000
				-5.01797000 5.76474300 1.73726100 / 1.00000000 0.00000000 0.00000000 / 255 0 255 255 / 0.51956180 0.63940430 / 0.00000000 1.00000000 0.00000000 1.00000000
				-5.01797000 5.74374700 1.75191000 / 0.00000000 -0.99999980 0.00000000 / 255 0 255 255 / 0.62362670 0.36059570 / 1.00000000 0.00000000 0.00000000 1.00000000
				-5.01797000 5.74374700 1.75191000 / 0.00000000 -0.99999980 0.00000000 / 255 0 255 255 / 0.62362670 0.36059570 / 1.00000000 0.00000000 0.00000000 1.00000000
				-5.11220900 5.74374700 1.75191000 / 0.00000000 -1.00000000 0.00000000 / 255 0 255 255 / 0.36059570 0.36059570 / 1.00000000 0.00000000 0.00000000 1.00000000
				-5.11220900 5.74374700 1.73726100 / 0.00000000 -0.99999980 0.00000000 / 255 0 255 255 / 0.36059570 0.63940430 / 1.00000000 0.00000000 0.00000000 1.00000000
				-5.11220900 5.74374700 1.73726100 / 0.00000000 -0.99999980 0.00000000 / 255 0 255 255 / 0.36059570 0.63940430 / 1.00000000 0.00000000 0.00000000 1.00000000
				-5.01797000 5.74374700 1.73726100 / 0.00000000 -1.00000000 0.00000000 / 255 0 255 255 / 0.62362670 0.63940430 / 1.00000000 0.00000000 0.00000000 1.00000000
				-5.11220900 5.74374700 1.75191000 / -1.00000000 0.00000000 0.00000000 / 255 0 255 255 / 0.51956180 0.36059570 / 0.00000000 -1.00000000 0.00000000 1.00000000
				-5.11220900 5.74374700 1.75191000 / -1.00000000 0.00000000 0.00000000 / 255 0 255 255 / 0.51956180 0.36059570 / 0.00000000 -1.00000000 0.00000000 1.00000000
				-5.11220900 5.76474300 1.75191000 / -1.00000000 0.00000000 0.00000000 / 255 0 255 255 / 0.36059570 0.36059570 / 0.00000000 -1.00000000 0.00000000 1.00000000
				-5.11220900 5.76474300 1.73726100 / -1.00000000 0.00000000 0.00000000 / 255 0 255 255 / 0.36061100 0.63940430 / 0.00000000 -1.00000000 0.00000000 1.00000000
				-5.11220900 5.76474300 1.73726100 / -1.00000000 0.00000000 0.00000000 / 255 0 255 255 / 0.36061100 0.63940430 / 0.00000000 -1.00000000 0.00000000 1.00000000
				-5.11220900 5.74374700 1.73726100 / -1.00000000 0.00000000 0.00000000 / 255 0 255 255 / 0.51956180 0.63940430 / 0.00000000 -1.00000000 0.00000000 1.00000000
				-5.11220900 5.76474300 1.75191000 / 0.00000000 0.99999980 0.00000000 / 255 0 255 255 / 0.62362670 0.36059570 / -1.00000000 0.00000000 0.00000000 1.00000000
				-5.11220900 5.76474300 1.75191000 / 0.00000000 0.99999980 0.00000000 / 255 0 255 255 / 0.62362670 0.36059570 / -1.00000000 0.00000000 0.00000000 1.00000000
				-5.01797000 5.76474300 1.75191000 / 0.00000000 1.00000000 0.00000000 / 255 0 255 255 / 0.36059570 0.36059570 / -1.00000000 0.00000000 0.00000000 1.00000000
				-5.01797000 5.76474300 1.73726100 / 0.00000000 0.99999980 0.00000000 / 255 0 255 255 / 0.36059570 0.63940430 / -1.00000000 0.00000000 0.00000000 1.00000000
				-5.01797000 5.76474300 1.73726100 / 0.00000000 0.99999980 0.00000000 / 255 0 255 255 / 0.36059570 0.63940430 / -1.00000000 0.00000000 0.00000000 1.00000000
				-5.11220900 5.76474300 1.73726100 / 0.00000000 1.00000000 0.00000000 / 255 0 255 255 / 0.62362670 0.63940430 / -1.00000000 0.00000000 0.00000000 1.00000000
				-5.11220900 5.76474300 1.73726100 / 0.00000000 0.00000000 -1.00000000 / 255 0 255 255 / 0.37637330 0.63938900 / 0.98618590 0.16564240 0.00000000 1.00000000
				-5.11220900 5.76474300 1.73726100 / 0.00000000 0.00000000 -1.00000000 / 255 0 255 255 / 0.37637330 0.63938900 / 0.98618590 0.16564240 0.00000000 1.00000000
				-5.01797000 5.76474300 1.73726100 / 0.00000000 0.00000000 -1.00000000 / 255 0 255 255 / 0.63940430 0.51956180 / 0.98618890 0.16562430 0.00000000 1.00000000
				-5.01797000 5.74374700 1.73726100 / 0.00000000 0.00000000 -1.00000000 / 255 0 255 255 / 0.62362670 0.36059570 / 0.98618590 0.16564240 0.00000000 1.00000000
				-5.01797000 5.74374700 1.73726100 / 0.00000000 0.00000000 -1.00000000 / 255 0 255 255 / 0.62362670 0.36059570 / 0.98618590 0.16564240 0.00000000 1.00000000
				-5.11220900 5.74374700 1.73726100 / 0.00000000 0.00000000 -1.00000000 / 255 0 255 255 / 0.36059570 0.48043820 / 0.98618290 0.16566050 0.00000000 1.00000000
				-5.09170100 5.75595400 1.73775000 / 0.96625070 -0.25760390 0.00000000 / 255 0 255 255 / 0.50000000 0.48722840 / 0.25760390 0.96625060 0.00000000 1.00000000
				-5.09170100 5.75595400 1.73775000 / 0.96625070 -0.25760390 0.00000000 / 255 0 255 255 / 0.50000000 0.48722840 / 0.25760390 0.96625060 0.00000000 1.00000000
				-5.09365300 5.74863000 1.73775000 / 0.96625050 -0.25760390 0.00000000 / 255 0 255 255 / 0.42134090 0.48722840 / 0.25760390 0.96625060 0.00000000 1.00000000
				-5.09365300 5.74863000 1.73335500 / 0.96625070 -0.25760390 0.00000000 / 255 0 255 255 / 0.42134090 0.51277160 / 0.25760390 0.96625060 0.00000000 1.00000000
				-5.09365300 5.74863000 1.73335500 / 0.96625070 -0.25760390 0.00000000 / 255 0 255 255 / 0.42134090 0.51277160 / 0.25760390 0.96625060 0.00000000 1.00000000
				-5.09170100 5.75595400 1.73335500 / 0.96625050 -0.25760390 0.00000000 / 255 0 255 255 / 0.50000000 0.51277160 / 0.25760390 0.96625060 0.00000000 1.00000000
				-5.09365300 5.74863000 1.73775000 / 0.19609160 -0.98058560 0.00000000 / 255 0 255 255 / 0.53933720 0.48722840 / 0.98058560 0.19609160 0.00000000 1.00000000
				-5.09365300 5.74863000 1.73775000 / 0.19609160 -0.98058560 0.00000000 / 255 0 255 255 / 0.53933720 0.48722840 / 0.98058560 0.19609160 0.00000000 1.00000000
				-5.10097800 5.74716500 1.73775000 / 0.19609160 -0.98058560 0.00000000 / 255 0 255 255 / 0.46066280 0.48722840 / 0.98058560 0.19609160 0.00000000 1.00000000
				-5.10097800 5.74716500 1.73335500 / 0.19609160 -0.98058560 0.00000000 / 255 0 255 255 / 0.46066280 0.51277160 / 0.98058560 0.19609160 0.00000000 1.00000000
				-5.10097800 5.74716500 1.73335500 / 0.19609160 -0.98058560 0.00000000 / 255 0 255 255 / 0.46066280 0.51277160 / 0.98058560 0.19609160 0.00000000 1.00000000
				-5.09365300 5.74863000 1.73335500 / 0.19609160 -0.98058560 0.00000000 / 255 0 255 255 / 0.53933720 0.51277160 / 0.98058560 0.19609160 0.00000000 1.00000000
				-5.10097800 5.74716500 1.73775000 / -0.70710690 -0.70710690 0.00000000 / 255 0 255 255 / 0.57865910 0.48722840 / 0.70710690 -0.70710690 0.00000000 1.00000000
				-5.10097800 5.74716500 1.73775000 / -0.70710690 -0.70710690 0.00000000 / 255 0 255 255 / 0.57865910 0.48722840 / 0.70710690 -0.70710690 0.00000000 1.00000000
				-5.10634900 5.75253600 1.73775000 / -0.70710690 -0.70710690 0.00000000 / 255 0 255 255 / 0.50000000 0.48722840 / 0.70710690 -0.70710690 0.00000000 1.00000000
				-5.10634900 5.75253600 1.73335500 / -0.70710690 -0.70710690 0.00000000 / 255 0 255 255 / 0.50000000 0.51277160 / 0.70710690 -0.70710690 0.00000000 1.00000000
				-5.10634900 5.75253600 1.73335500 / -0.70710690 -0.70710690 0.00000000 / 255 0 255 255 / 0.50000000 0.51277160 / 0.70710690 -0.70710690 0.00000000 1.00000000
				-5.10097800 5.74716500 1.73335500 / -0.70710690 -0.70710690 0.00000000 / 255 0 255 255 / 0.57865910 0.51277160 / 0.70710690 -0.70710690 0.00000000 1.00000000
				-5.10634900 5.75253600 1.73775000 / -0.94864010 0.31635750 0.00000000 / 255 0 255 255 / 0.50000000 0.48722840 / -0.31635750 -0.94864000 0.00000000 1.00000000
				-5.10634900 5.75253600 1.73775000 / -0.94864010 0.31635750 0.00000000 / 255 0 255 255 / 0.50000000 0.48722840 / -0.31635750 -0.94864000 0.00000000 1.00000000
				-5.10390700 5.75986000 1.73775000 / -0.94864010 0.31635750 0.00000000 / 255 0 255 255 / 0.42134090 0.48722840 / -0.31635750 -0.94864000 0.00000000 1.00000000
				-5.10390700 5.75986000 1.73335500 / -0.94864010 0.31635750 0.00000000 / 255 0 255 255 / 0.42134090 0.51277160 / -0.31635750 -0.94864000 0.00000000 1.00000000
				-5.10390700 5.75986000 1.73335500 / -0.94864010 0.31635750 0.00000000 / 255 0 255 255 / 0.42134090 0.51277160 / -0.31635750 -0.94864000 0.00000000 1.00000000
				-5.10634900 5.75253600 1.73335500 / -0.94864010 0.31635750 0.00000000 / 255 0 255 255 / 0.50000000 0.51277160 / -0.31635750 -0.94864000 0.00000000 1.00000000
				-5.10390700 5.75986000 1.73775000 / -0.19618980 0.98056590 0.00000000 / 255 0 255 255 / 0.53933720 0.48722840 / -0.98056600 -0.19618980 0.00000000 1.00000000
				-5.10390700 5.75986000 1.73775000 / -0.19618980 0.98056590 0.00000000 / 255 0 255 255 / 0.53933720 0.48722840 / -0.98056600 -0.19618980 0.00000000 1.00000000
				-5.09658300 5.76132500 1.73775000 / -0.19618980 0.98056590 0.00000000 / 255 0 255 255 / 0.46067810 0.48722840 / -0.98056600 -0.19618980 0.00000000 1.00000000
				-5.09658300 5.76132500 1.73335500 / -0.19618980 0.98056590 0.00000000 / 255 0 255 255 / 0.46067810 0.51277160 / -0.98056600 -0.19618980 0.00000000 1.00000000
				-5.09658300 5.76132500 1.73335500 / -0.19618980 0.98056590 0.00000000 / 255 0 255 255 / 0.46067810 0.51277160 / -0.98056600 -0.19618980 0.00000000 1.00000000
				-5.10390700 5.75986000 1.73335500 / -0.19618980 0.98056590 0.00000000 / 255 0 255 255 / 0.53933720 0.51277160 / -0.98056600 -0.19618980 0.00000000 1.00000000
				-5.09658300 5.76132500 1.73775000 / 0.73994010 0.67267280 0.00000000 / 255 0 255 255 / 0.57865910 0.48722840 / -0.67267270 0.73994010 0.00000000 1.00000000
				-5.09658300 5.76132500 1.73775000 / 0.73994010 0.67267280 0.00000000 / 255 0 255 255 / 0.57865910 0.48722840 / -0.67267270 0.73994010 0.00000000 1.00000000
				-5.09170100 5.75595400 1.73775000 / 0.73994010 0.67267280 0.00000000 / 255 0 255 255 / 0.50000000 0.48722840 / -0.67267270 0.73994010 0.00000000 1.00000000
				-5.09170100 5.75595400 1.73335500 / 0.73994010 0.67267280 0.00000000 / 255 0 255 255 / 0.50000000 0.51277160 / -0.67267270 0.73994010 0.00000000 1.00000000
				-5.09170100 5.75595400 1.73335500 / 0.73994010 0.67267280 0.00000000 / 255 0 255 255 / 0.50000000 0.51277160 / -0.67267270 0.73994010 0.00000000 1.00000000
				-5.09658300 5.76132500 1.73335500 / 0.73994010 0.67267280 0.00000000 / 255 0 255 255 / 0.57865910 0.51277160 / -0.67267270 0.73994010 0.00000000 1.00000000
				-5.02382900 5.75595400 1.73775000 / 0.96625070 -0.25760390 0.00000000 / 255 0 255 255 / 0.50000000 0.48722840 / 0.25760390 0.96625060 0.00000000 1.00000000
				-5.02382900 5.75595400 1.73775000 / 0.96625070 -0.25760390 0.00000000 / 255 0 255 255 / 0.50000000 0.48722840 / 0.25760390 0.96625060 0.00000000 1.00000000
				-5.02578200 5.74863000 1.73775000 / 0.96625050 -0.25760390 0.00000000 / 255 0 255 255 / 0.42134090 0.48722840 / 0.25760390 0.96625060 0.00000000 1.00000000
				-5.02578200 5.74863000 1.73335500 / 0.96625070 -0.25760390 0.00000000 / 255 0 255 255 / 0.42134090 0.51277160 / 0.25760390 0.96625060 0.00000000 1.00000000
				-5.02578200 5.74863000 1.73335500 / 0.96625070 -0.25760390 0.00000000 / 255 0 255 255 / 0.42134090 0.51277160 / 0.25760390 0.96625060 0.00000000 1.00000000
				-5.02382900 5.75595400 1.73335500 / 0.96625050 -0.25760390 0.00000000 / 255 0 255 255 / 0.50000000 0.51277160 / 0.25760390 0.96625060 0.00000000 1.00000000
				-5.02578200 5.74863000 1.73775000 / 0.19609160 -0.98058560 0.00000000 / 255 0 255 255 / 0.53933720 0.48722840 / 0.98058560 0.19609160 0.00000000 1.00000000
				-5.02578200 5.74863000 1.73775000 / 0.19609160 -0.98058560 0.00000000 / 255 0 255 255 / 0.53933720 0.48722840 / 0.98058560 0.19609160 0.00000000 1.00000000
				-5.03310700 5.74716500 1.73775000 / 0.19609160 -0.98058560 0.00000000 / 255 0 255 255 / 0.46066280 0.48722840 / 0.98058560 0.19609160 0.00000000 1.00000000
				-5.03310700 5.74716500 1.73335500 / 0.19609160 -0.98058560 0.00000000 / 255 0 255 255 / 0.46066280 0.51277160 / 0.98058560 0.19609160 0.00000000 1.00000000
				-5.03310700 5.74716500 1.73335500 / 0.19609160 -0.98058560 0.00000000 / 255 0 255 255 / 0.46066280 0.51277160 / 0.98058560 0.19609160 0.00000000 1.00000000
				-5.02578200 5.74863000 1.73335500 / 0.19609160 -0.98058560 0.00000000 / 255 0 255 255 / 0.53933720 0.51277160 / 0.98058560 0.19609160 0.00000000 1.00000000
				-5.03310700 5.74716500 1.73775000 / -0.70710690 -0.70710690 0.00000000 / 255 0 255 255 / 0.57865910 0.48722840 / 0.70710690 -0.70710690 0.00000000 1.00000000
				-5.03310700 5.74716500 1.73775000 / -0.70710690 -0.70710690 0.00000000 / 255 0 255 255 / 0.57865910 0.48722840 / 0.70710690 -0.70710690 0.00000000 1.00000000
				-5.03847800 5.75253600 1.73775000 / -0.70710690 -0.70710690 0.00000000 / 255 0 255 255 / 0.50000000 0.48722840 / 0.70710690 -0.70710690 0.00000000 1.00000000
				-5.03847800 5.75253600 1.73335500 / -0.70710690 -0.70710690 0.00000000 / 255 0 255 255 / 0.50000000 0.51277160 / 0.70710690 -0.70710690 0.00000000 1.00000000
				-5.03847800 5.75253600 1.73335500 / -0.70710690 -0.70710690 0.00000000 / 255 0 255 255 / 0.50000000 0.51277160 / 0.70710690 -0.70710690 0.00000000 1.00000000
				-5.03310700 5.74716500 1.73335500 / -0.70710690 -0.70710690 0.00000000 / 255 0 255 255 / 0.57865910 0.51277160 / 0.70710690 -0.70710690 0.00000000 1.00000000
				-5.03847800 5.75253600 1.73775000 / -0.94865860 0.31630190 0.00000000 / 255 0 255 255 / 0.50000000 0.48722840 / -0.31630190 -0.94865860 0.00000000 1.00000000
				-5.03847800 5.75253600 1.73775000 / -0.94865860 0.31630190 0.00000000 / 255 0 255 255 / 0.50000000 0.48722840 / -0.31630190 -0.94865860 0.00000000 1.00000000
				-5.03603600 5.75986000 1.73775000 / -0.94865860 0.31630190 0.00000000 / 255 0 255 255 / 0.42134090 0.48722840 / -0.31630190 -0.94865860 0.00000000 1.00000000
				-5.03603600 5.75986000 1.73335500 / -0.94865860 0.31630190 0.00000000 / 255 0 255 255 / 0.42134090 0.51277160 / -0.31630190 -0.94865860 0.00000000 1.00000000
				-5.03603600 5.75986000 1.73335500 / -0.94865860 0.31630190 0.00000000 / 255 0 255 255 / 0.42134090 0.51277160 / -0.31630190 -0.94865860 0.00000000 1.00000000
				-5.03847800 5.75253600 1.73335500 / -0.94865860 0.31630190 0.00000000 / 255 0 255 255 / 0.50000000 0.51277160 / -0.31630190 -0.94865860 0.00000000 1.00000000
				-5.03603600 5.75986000 1.73775000 / -0.19617750 0.98056830 0.00000000 / 255 0 255 255 / 0.53933720 0.48722840 / -0.98056840 -0.19617750 0.00000000 1.00000000
				-5.03603600 5.75986000 1.73775000 / -0.19617750 0.98056830 0.00000000 / 255 0 255 255 / 0.53933720 0.48722840 / -0.98056840 -0.19617750 0.00000000 1.00000000
				-5.02871200 5.76132500 1.73775000 / -0.19617750 0.98056840 0.00000000 / 255 0 255 255 / 0.46067810 0.48722840 / -0.98056840 -0.19617750 0.00000000 1.00000000
				-5.02871200 5.76132500 1.73335500 / -0.19617750 0.98056830 0.00000000 / 255 0 255 255 / 0.46067810 0.51277160 / -0.98056840 -0.19617750 0.00000000 1.00000000
				-5.02871200 5.76132500 1.73335500 / -0.19617750 0.98056830 0.00000000 / 255 0 255 255 / 0.46067810 0.51277160 / -0.98056840 -0.19617750 0.00000000 1.00000000
				-5.03603600 5.75986000 1.73335500 / -0.19617750 0.98056840 0.00000000 / 255 0 255 255 / 0.53933720 0.51277160 / -0.98056840 -0.19617750 0.00000000 1.00000000
				-5.02871200 5.76132500 1.73775000 / 0.73994010 0.67267280 0.00000000 / 255 0 255 255 / 0.57865910 0.48722840 / -0.67267270 0.73994010 0.00000000 1.00000000
				-5.02871200 5.76132500 1.73775000 / 0.73994010 0.67267280 0.00000000 / 255 0 255 255 / 0.57865910 0.48722840 / -0.67267270 0.73994010 0.00000000 1.00000000
				-5.02382900 5.75595400 1.73775000 / 0.73994010 0.67267280 0.00000000 / 255 0 255 255 / 0.50000000 0.48722840 / -0.67267270 0.73994010 0.00000000 1.00000000
				-5.02382900 5.75595400 1.73335500 / 0.73994010 0.67267280 0.00000000 / 255 0 255 255 / 0.50000000 0.51277160 / -0.67267270 0.73994010 0.00000000 1.00000000
				-5.02382900 5.75595400 1.73335500 / 0.73994010 0.67267280 0.00000000 / 255 0 255 255 / 0.50000000 0.51277160 / -0.67267270 0.73994010 0.00000000 1.00000000
				-5.02871200 5.76132500 1.73335500 / 0.73994010 0.67267280 0.00000000 / 255 0 255 255 / 0.57865910 0.51277160 / -0.67267270 0.73994010 0.00000000 1.00000000
				-3.55752000 5.76474300 1.75191000 / 1.00000000 0.00000000 0.00000000 / 255 0 255 255 / 0.51956180 0.36059570 / 0.00000000 1.00000000 0.00000000 1.00000000
				-3.55752000 5.76474300 1.75191000 / 1.00000000 0.00000000 0.00000000 / 255 0 255 255 / 0.51956180 0.36059570 / 0.00000000 1.00000000 0.00000000 1.00000000
				-3.55752000 5.74374700 1.75191000 / 1.00000000 0.00000000 0.00000000 / 255 0 255 255 / 0.36059570 0.36059570 / 0.00000000 1.00000000 0.00000000 1.00000000
				-3.55752000 5.74374700 1.73726100 / 1.00000000 0.00000000 0.00000000 / 255 0 255 255 / 0.36059570 0.63940430 / 0.00000000 1.00000000 0.00000000 1.00000000
				-3.55752000 5.74374700 1.73726100 / 1.00000000 0.00000000 0.00000000 / 255 0 255 255 / 0.36059570 0.63940430 / 0.00000000 1.00000000 0.00000000 1.00000000
				-3.55752000 5.76474300 1.73726100 / 1.00000000 0.00000000 0.00000000 / 255 0 255 255 / 0.51956180 0.63940430 / 0.00000000 1.00000000 0.00000000 1.00000000
				-3.55752000 5.74374700 1.75191000 / 0.00000000 -1.00000000 0.00000000 / 255 0 255 255 / 0.62362670 0.36059570 / 1.00000000 0.00000000 0.00000000 1.00000000
				-3.55752000 5.74374700 1.75191000 / 0.00000000 -1.00000000 0.00000000 / 255 0 255 255 / 0.62362670 0.36059570 / 1.00000000 0.00000000 0.00000000 1.00000000
				-3.65224700 5.74374700 1.75191000 / 0.00000000 -1.00000000 0.00000000 / 255 0 255 255 / 0.36059570 0.36059570 / 1.00000000 0.00000000 0.00000000 1.00000000
				-3.65224700 5.74374700 1.73726100 / 0.00000000 -1.00000000 0.00000000 / 255 0 255 255 / 0.36059570 0.63940430 / 1.00000000 0.00000000 0.00000000 1.00000000
				-3.65224700 5.74374700 1.73726100 / 0.00000000 -1.00000000 0.00000000 / 255 0 255 255 / 0.36059570 0.63940430 / 1.00000000 0.00000000 0.00000000 1.00000000
				-3.55752000 5.74374700 1.73726100 / 0.00000000 -1.00000000 0.00000000 / 255 0 255 255 / 0.62362670 0.63940430 / 1.00000000 0.00000000 0.00000000 1.00000000
				-3.65224700 5.74374700 1.75191000 / -1.00000000 0.00000000 0.00000000 / 255 0 255 255 / 0.51956180 0.36059570 / 0.00000000 -1.00000000 0.00000000 1.00000000
				-3.65224700 5.74374700 1.75191000 / -1.00000000 0.00000000 0.00000000 / 255 0 255 255 / 0.51956180 0.36059570 / 0.00000000 -1.00000000 0.00000000 1.00000000
				-3.65224700 5.76474300 1.75191000 / -1.00000000 0.00000000 0.00000000 / 255 0 255 255 / 0.36059570 0.36059570 / 0.00000000 -1.00000000 0.00000000 1.00000000
				-3.65224700 5.76474300 1.73726100 / -1.00000000 0.00000000 0.00000000 / 255 0 255 255 / 0.36061100 0.63940430 / 0.00000000 -1.00000000 0.00000000 1.00000000
				-3.65224700 5.76474300 1.73726100 / -1.00000000 0.00000000 0.00000000 / 255 0 255 255 / 0.36061100 0.63940430 / 0.00000000 -1.00000000 0.00000000 1.00000000
				-3.65224700 5.74374700 1.73726100 / -1.00000000 0.00000000 0.00000000 / 255 0 255 255 / 0.51956180 0.63940430 / 0.00000000 -1.00000000 0.00000000 1.00000000
				-3.65224700 5.76474300 1.75191000 / 0.00000000 1.00000000 0.00000000 / 255 0 255 255 / 0.62362670 0.36059570 / -1.00000000 0.00000000 0.00000000 1.00000000
				-3.65224700 5.76474300 1.75191000 / 0.00000000 1.00000000 0.00000000 / 255 0 255 255 / 0.62362670 0.36059570 / -1.00000000 0.00000000 0.00000000 1.00000000
				-3.55752000 5.76474300 1.75191000 / 0.00000000 1.00000000 0.00000000 / 255 0 255 255 / 0.36059570 0.36059570 / -1.00000000 0.00000000 0.00000000 1.00000000
				-3.55752000 5.76474300 1.73726100 / 0.00000000 1.00000000 0.00000000 / 255 0 255 255 / 0.36059570 0.63940430 / -1.00000000 0.00000000 0.00000000 1.00000000
				-3.55752000 5.76474300 1.73726100 / 0.00000000 1.00000000 0.00000000 / 255 0 255 255 / 0.36059570 0.63940430 / -1.00000000 0.00000000 0.00000000 1.00000000
				-3.65224700 5.76474300 1.73726100 / 0.00000000 1.00000000 0.00000000 / 255 0 255 255 / 0.62362670 0.63940430 / -1.00000000 0.00000000 0.00000000 1.00000000
				-3.65224700 5.76474300 1.73726100 / 0.00000000 0.00000000 -1.00000000 / 255 0 255 255 / 0.37637330 0.63938900 / 0.98632530 0.16481020 0.00000000 1.00000000
				-3.65224700 5.76474300 1.73726100 / 0.00000000 0.00000000 -1.00000000 / 255 0 255 255 / 0.37637330 0.63938900 / 0.98632530 0.16481020 0.00000000 1.00000000
				-3.55752000 5.76474300 1.73726100 / 0.00000000 0.00000000 -1.00000000 / 255 0 255 255 / 0.63940430 0.51956180 / 0.98632830 0.16479220 0.00000000 1.00000000
				-3.55752000 5.74374700 1.73726100 / 0.00000000 0.00000000 -1.00000000 / 255 0 255 255 / 0.62362670 0.36059570 / 0.98632530 0.16481020 0.00000000 1.00000000
				-3.55752000 5.74374700 1.73726100 / 0.00000000 0.00000000 -1.00000000 / 255 0 255 255 / 0.62362670 0.36059570 / 0.98632530 0.16481020 0.00000000 1.00000000
				-3.65224700 5.74374700 1.73726100 / 0.00000000 0.00000000 -1.00000000 / 255 0 255 255 / 0.36059570 0.48043820 / 0.98632230 0.16482820 0.00000000 1.00000000
				-3.63125100 5.75595400 1.73775000 / 0.94870190 -0.31617220 0.00000000 / 255 0 255 255 / 0.50000000 0.48722840 / 0.31617220 0.94870190 0.00000000 1.00000000
				-3.63125100 5.75595400 1.73775000 / 0.94870190 -0.31617220 0.00000000 / 255 0 255 255 / 0.50000000 0.48722840 / 0.31617220 0.94870190 0.00000000 1.00000000
				-3.63369200 5.74863000 1.73775000 / 0.94870190 -0.31617220 0.00000000 / 255 0 255 255 / 0.42134090 0.48722840 / 0.31617220 0.94870190 0.00000000 1.00000000
				-3.63369200 5.74863000 1.73335500 / 0.94870190 -0.31617220 0.00000000 / 255 0 255 255 / 0.42134090 0.51277160 / 0.31617220 0.94870190 0.00000000 1.00000000
				-3.63369200 5.74863000 1.73335500 / 0.94870190 -0.31617220 0.00000000 / 255 0 255 255 / 0.42134090 0.51277160 / 0.31617220 0.94870190 0.00000000 1.00000000
				-3.63125100 5.75595400 1.73335500 / 0.94870190 -0.31617220 0.00000000 / 255 0 255 255 / 0.50000000 0.51277160 / 0.31617220 0.94870190 0.00000000 1.00000000
				-3.63369200 5.74863000 1.73775000 / 0.20952210 -0.97780390 0.00000000 / 255 0 255 255 / 0.53933720 0.48722840 / 0.97780390 0.20952210 0.00000000 1.00000000
				-3.63369200 5.74863000 1.73775000 / 0.20952210 -0.97780390 0.00000000 / 255 0 255 255 / 0.53933720 0.48722840 / 0.97780390 0.20952210 0.00000000 1.00000000
				-3.64052800 5.74716500 1.73775000 / 0.20952210 -0.97780390 0.00000000 / 255 0 255 255 / 0.46066280 0.48722840 / 0.97780390 0.20952210 0.00000000 1.00000000
				-3.64052800 5.74716500 1.73335500 / 0.20952210 -0.97780390 0.00000000 / 255 0 255 255 / 0.46066280 0.51277160 / 0.97780390 0.20952210 0.00000000 1.00000000
				-3.64052800 5.74716500 1.73335500 / 0.20952210 -0.97780390 0.00000000 / 255 0 255 255 / 0.46066280 0.51277160 / 0.97780390 0.20952210 0.00000000 1.00000000
				-3.63369200 5.74863000 1.73335500 / 0.20952210 -0.97780390 0.00000000 / 255 0 255 255 / 0.53933720 0.51277160 / 0.97780390 0.20952210 0.00000000 1.00000000
				-3.64052800 5.74716500 1.73775000 / -0.73714170 -0.67573820 0.00000000 / 255 0 255 255 / 0.57865910 0.48722840 / 0.67573820 -0.73714170 0.00000000 1.00000000
				-3.64052800 5.74716500 1.73775000 / -0.73714170 -0.67573820 0.00000000 / 255 0 255 255 / 0.57865910 0.48722840 / 0.67573820 -0.73714170 0.00000000 1.00000000
				-3.64589900 5.75302300 1.73775000 / -0.73714170 -0.67573820 0.00000000 / 255 0 255 255 / 0.50000000 0.48722840 / 0.67573820 -0.73714170 0.00000000 1.00000000
				-3.64589900 5.75302300 1.73335500 / -0.73714170 -0.67573820 0.00000000 / 255 0 255 255 / 0.50000000 0.51277160 / 0.67573820 -0.73714170 0.00000000 1.00000000
				-3.64589900 5.75302300 1.73335500 / -0.73714170 -0.67573820 0.00000000 / 255 0 255 255 / 0.50000000 0.51277160 / 0.67573820 -0.73714170 0.00000000 1.00000000
				-3.64052800 5.74716500 1.73335500 / -0.73714170 -0.67573820 0.00000000 / 255 0 255 255 / 0.57865910 0.51277160 / 0.67573820 -0.73714170 0.00000000 1.00000000
				-3.64589900 5.75302300 1.73775000 / -0.94176270 0.33627810 0.00000000 / 255 0 255 255 / 0.50000000 0.48722840 / -0.33627810 -0.94176270 0.00000000 1.00000000
				-3.64589900 5.75302300 1.73775000 / -0.94176270 0.33627810 0.00000000 / 255 0 255 255 / 0.50000000 0.48722840 / -0.33627810 -0.94176270 0.00000000 1.00000000
				-3.64345800 5.75986000 1.73775000 / -0.94176270 0.33627810 0.00000000 / 255 0 255 255 / 0.42134090 0.48722840 / -0.33627810 -0.94176270 0.00000000 1.00000000
				-3.64345800 5.75986000 1.73335500 / -0.94176270 0.33627810 0.00000000 / 255 0 255 255 / 0.42134090 0.51277160 / -0.33627810 -0.94176270 0.00000000 1.00000000
				-3.64345800 5.75986000 1.73335500 / -0.94176270 0.33627810 0.00000000 / 255 0 255 255 / 0.42134090 0.51277160 / -0.33627810 -0.94176270 0.00000000 1.00000000
				-3.64589900 5.75302300 1.73335500 / -0.94176270 0.33627810 0.00000000 / 255 0 255 255 / 0.50000000 0.51277160 / -0.33627810 -0.94176270 0.00000000 1.00000000
				-3.64345800 5.75986000 1.73775000 / -0.19618370 0.98056720 0.00000000 / 255 0 255 255 / 0.53933720 0.48722840 / -0.98056720 -0.19618370 0.00000000 1.00000000
				-3.64345800 5.75986000 1.73775000 / -0.19618370 0.98056720 0.00000000 / 255 0 255 255 / 0.53933720 0.48722840 / -0.98056720 -0.19618370 0.00000000 1.00000000
				-3.63613400 5.76132500 1.73775000 / -0.19618370 0.98056720 0.00000000 / 255 0 255 255 / 0.46067810 0.48722840 / -0.98056720 -0.19618370 0.00000000 1.00000000
				-3.63613400 5.76132500 1.73335500 / -0.19618370 0.98056720 0.00000000 / 255 0 255 255 / 0.46067810 0.51277160 / -0.98056720 -0.19618370 0.00000000 1.00000000
				-3.63613400 5.76132500 1.73335500 / -0.19618370 0.98056720 0.00000000 / 255 0 255 255 / 0.46067810 0.51277160 / -0.98056720 -0.19618370 0.00000000 1.00000000
				-3.64345800 5.75986000 1.73335500 / -0.19618370 0.98056720 0.00000000 / 255 0 255 255 / 0.53933720 0.51277160 / -0.98056720 -0.19618370 0.00000000 1.00000000
				-3.63613400 5.76132500 1.73775000 / 0.73992370 0.67269080 0.00000000 / 255 0 255 255 / 0.57865910 0.48722840 / -0.67269080 0.73992370 0.00000000 1.00000000
				-3.63613400 5.76132500 1.73775000 / 0.73992370 0.67269080 0.00000000 / 255 0 255 255 / 0.57865910 0.48722840 / -0.67269080 0.73992370 0.00000000 1.00000000
				-3.63125100 5.75595400 1.73775000 / 0.73992370 0.67269080 0.00000000 / 255 0 255 255 / 0.50000000 0.48722840 / -0.67269080 0.73992370 0.00000000 1.00000000
				-3.63125100 5.75595400 1.73335500 / 0.73992370 0.67269080 0.00000000 / 255 0 255 255 / 0.50000000 0.51277160 / -0.67269080 0.73992370 0.00000000 1.00000000
				-3.63125100 5.75595400 1.73335500 / 0.73992370 0.67269080 0.00000000 / 255 0 255 255 / 0.50000000 0.51277160 / -0.67269080 0.73992370 0.00000000 1.00000000
				-3.63613400 5.76132500 1.73335500 / 0.73992370 0.67269080 0.00000000 / 255 0 255 255 / 0.57865910 0.51277160 / -0.67269080 0.73992370 0.00000000 1.00000000
				-3.56338000 5.75595400 1.73775000 / 0.94869260 -0.31620000 0.00000000 / 255 0 255 255 / 0.50000000 0.48722840 / 0.31620000 0.94869260 0.00000000 1.00000000
				-3.56338000 5.75595400 1.73775000 / 0.94869260 -0.31620000 0.00000000 / 255 0 255 255 / 0.50000000 0.48722840 / 0.31620000 0.94869260 0.00000000 1.00000000
				-3.56582100 5.74863000 1.73775000 / 0.94869260 -0.31620000 0.00000000 / 255 0 255 255 / 0.42134090 0.48722840 / 0.31620000 0.94869260 0.00000000 1.00000000
				-3.56582100 5.74863000 1.73335500 / 0.94869260 -0.31620000 0.00000000 / 255 0 255 255 / 0.42134090 0.51277160 / 0.31620000 0.94869260 0.00000000 1.00000000
				-3.56582100 5.74863000 1.73335500 / 0.94869260 -0.31620000 0.00000000 / 255 0 255 255 / 0.42134090 0.51277160 / 0.31620000 0.94869260 0.00000000 1.00000000
				-3.56338000 5.75595400 1.73335500 / 0.94869260 -0.31620000 0.00000000 / 255 0 255 255 / 0.50000000 0.51277160 / 0.31620000 0.94869260 0.00000000 1.00000000
				-3.56582100 5.74863000 1.73775000 / 0.20952910 -0.97780250 0.00000000 / 255 0 255 255 / 0.53933720 0.48722840 / 0.97780240 0.20952910 0.00000000 1.00000000
				-3.56582100 5.74863000 1.73775000 / 0.20952910 -0.97780250 0.00000000 / 255 0 255 255 / 0.53933720 0.48722840 / 0.97780240 0.20952910 0.00000000 1.00000000
				-3.57265700 5.74716500 1.73775000 / 0.20952910 -0.97780240 0.00000000 / 255 0 255 255 / 0.46066280 0.48722840 / 0.97780240 0.20952910 0.00000000 1.00000000
				-3.57265700 5.74716500 1.73335500 / 0.20952910 -0.97780250 0.00000000 / 255 0 255 255 / 0.46066280 0.51277160 / 0.97780240 0.20952910 0.00000000 1.00000000
				-3.57265700 5.74716500 1.73335500 / 0.20952910 -0.97780250 0.00000000 / 255 0 255 255 / 0.46066280 0.51277160 / 0.97780240 0.20952910 0.00000000 1.00000000
				-3.56582100 5.74863000 1.73335500 / 0.20952910 -0.97780240 0.00000000 / 255 0 255 255 / 0.53933720 0.51277160 / 0.97780240 0.20952910 0.00000000 1.00000000
				-3.57265700 5.74716500 1.73775000 / -0.70710690 -0.70710690 0.00000000 / 255 0 255 255 / 0.57865910 0.48722840 / 0.70710690 -0.70710690 0.00000000 1.00000000
				-3.57265700 5.74716500 1.73775000 / -0.70710690 -0.70710690 0.00000000 / 255 0 255 255 / 0.57865910 0.48722840 / 0.70710690 -0.70710690 0.00000000 1.00000000
				-3.57802800 5.75253600 1.73775000 / -0.70710690 -0.70710690 0.00000000 / 255 0 255 255 / 0.50000000 0.48722840 / 0.70710690 -0.70710690 0.00000000 1.00000000
				-3.57802800 5.75253600 1.73335500 / -0.70710690 -0.70710690 0.00000000 / 255 0 255 255 / 0.50000000 0.51277160 / 0.70710690 -0.70710690 0.00000000 1.00000000
				-3.57802800 5.75253600 1.73335500 / -0.70710690 -0.70710690 0.00000000 / 255 0 255 255 / 0.50000000 0.51277160 / 0.70710690 -0.70710690 0.00000000 1.00000000
				-3.57265700 5.74716500 1.73335500 / -0.70710690 -0.70710690 0.00000000 / 255 0 255 255 / 0.57865910 0.51277160 / 0.70710690 -0.70710690 0.00000000 1.00000000
				-3.57802800 5.75253600 1.73775000 / -0.94868640 0.31621850 0.00000000 / 255 0 255 255 / 0.50000000 0.48722840 / -0.31621850 -0.94868640 0.00000000 1.00000000
				-3.57802800 5.75253600 1.73775000 / -0.94868640 0.31621850 0.00000000 / 255 0 255 255 / 0.50000000 0.48722840 / -0.31621850 -0.94868640 0.00000000 1.00000000
				-3.57558700 5.75986000 1.73775000 / -0.94868640 0.31621850 0.00000000 / 255 0 255 255 / 0.42134090 0.48722840 / -0.31621850 -0.94868640 0.00000000 1.00000000
				-3.57558700 5.75986000 1.73335500 / -0.94868640 0.31621850 0.00000000 / 255 0 255 255 / 0.42134090 0.51277160 / -0.31621850 -0.94868640 0.00000000 1.00000000
				-3.57558700 5.75986000 1.73335500 / -0.94868640 0.31621850 0.00000000 / 255 0 255 255 / 0.42134090 0.51277160 / -0.31621850 -0.94868640 0.00000000 1.00000000
				-3.57802800 5.75253600 1.73335500 / -0.94868640 0.31621850 0.00000000 / 255 0 255 255 / 0.50000000 0.51277160 / -0.31621850 -0.94868640 0.00000000 1.00000000
				-3.57558700 5.75986000 1.73775000 / -0.19618370 0.98056720 0.00000000 / 255 0 255 255 / 0.53933720 0.48722840 / -0.98056720 -0.19618370 0.00000000 1.00000000
				-3.57558700 5.75986000 1.73775000 / -0.19618370 0.98056720 0.00000000 / 255 0 255 255 / 0.53933720 0.48722840 / -0.98056720 -0.19618370 0.00000000 1.00000000
				-3.56826300 5.76132500 1.73775000 / -0.19618370 0.98056720 0.00000000 / 255 0 255 255 / 0.46067810 0.48722840 / -0.98056720 -0.19618370 0.00000000 1.00000000
				-3.56826300 5.76132500 1.73335500 / -0.19618370 0.98056720 0.00000000 / 255 0 255 255 / 0.46067810 0.51277160 / -0.98056720 -0.19618370 0.00000000 1.00000000
				-3.56826300 5.76132500 1.73335500 / -0.19618370 0.98056720 0.00000000 / 255 0 255 255 / 0.46067810 0.51277160 / -0.98056720 -0.19618370 0.00000000 1.00000000
				-3.57558700 5.75986000 1.73335500 / -0.19618370 0.98056720 0.00000000 / 255 0 255 255 / 0.53933720 0.51277160 / -0.98056720 -0.19618370 0.00000000 1.00000000
				-3.56826300 5.76132500 1.73775000 / 0.73992370 0.67269080 0.00000000 / 255 0 255 255 / 0.57865910 0.48722840 / -0.67269080 0.73992370 0.00000000 1.00000000
				-3.56826300 5.76132500 1.73775000 / 0.73992370 0.67269080 0.00000000 / 255 0 255 255 / 0.57865910 0.48722840 / -0.67269080 0.73992370 0.00000000 1.00000000
				-3.56338000 5.75595400 1.73775000 / 0.73992370 0.67269080 0.00000000 / 255 0 255 255 / 0.50000000 0.48722840 / -0.67269080 0.73992370 0.00000000 1.00000000
				-3.56338000 5.75595400 1.73335500 / 0.73992370 0.67269080 0.00000000 / 255 0 255 255 / 0.50000000 0.51277160 / -0.67269080 0.73992370 0.00000000 1.00000000
				-3.56338000 5.75595400 1.73335500 / 0.73992370 0.67269080 0.00000000 / 255 0 255 255 / 0.50000000 0.51277160 / -0.67269080 0.73992370 0.00000000 1.00000000
				-3.56826300 5.76132500 1.73335500 / 0.73992370 0.67269080 0.00000000 / 255 0 255 255 / 0.57865910 0.51277160 / -0.67269080 0.73992370 0.00000000 1.00000000
				-3.59658300 5.76132500 1.73775000 / 1.00000000 0.00000000 0.00000000 / 255 0 255 255 / -0.28169250 0.33567810 / 0.00000000 1.00000000 0.00000000 1.00000000
				-3.59658300 5.76132500 1.73775000 / 1.00000000 0.00000000 0.00000000 / 255 0 255 255 / -0.28169250 0.33567810 / 0.00000000 1.00000000 0.00000000 1.00000000
				-3.59658300 5.74765300 1.73775000 / 1.00000000 0.00000000 0.00000000 / 255 0 255 255 / -0.30404660 0.33567810 / 0.00000000 1.00000000 0.00000000 1.00000000
				-3.59658300 5.74765300 1.51753500 / 1.00000000 0.00000000 0.00000000 / 255 0 255 255 / -0.30404660 0.69075010 / 0.00000000 1.00000000 0.00000000 1.00000000
				-3.59658300 5.74765300 1.51753500 / 1.00000000 0.00000000 0.00000000 / 255 0 255 255 / -0.30404660 0.69075010 / 0.00000000 1.00000000 0.00000000 1.00000000
				-3.59658300 5.76132500 1.51753500 / 1.00000000 0.00000000 0.00000000 / 255 0 255 255 / -0.28169250 0.69075010 / 0.00000000 1.00000000 0.00000000 1.00000000
				-3.59658300 5.74765300 1.73775000 / 0.00000000 -1.00000000 0.00000000 / 255 0 255 255 / -3.19882200 0.33567810 / 1.00000000 0.00000000 0.00000000 1.00000000
				-3.59658300 5.74765300 1.73775000 / 0.00000000 -1.00000000 0.00000000 / 255 0 255 255 / -3.19882200 0.33567810 / 1.00000000 0.00000000 0.00000000 1.00000000
				-3.60976700 5.74765300 1.73775000 / 0.00000000 -1.00000000 0.00000000 / 255 0 255 255 / -3.20990000 0.33567810 / 1.00000000 0.00000000 0.00000000 1.00000000
				-3.60976700 5.74765300 1.51753500 / 0.00000000 -1.00000000 0.00000000 / 255 0 255 255 / -3.20990000 0.69075010 / 1.00000000 0.00000000 0.00000000 1.00000000
				-3.60976700 5.74765300 1.51753500 / 0.00000000 -1.00000000 0.00000000 / 255 0 255 255 / -3.20990000 0.69075010 / 1.00000000 0.00000000 0.00000000 1.00000000
				-3.59658300 5.74765300 1.51753500 / 0.00000000 -1.00000000 0.00000000 / 255 0 255 255 / -3.19882200 0.69075010 / 1.00000000 0.00000000 0.00000000 1.00000000
				-3.60976700 5.74765300 1.73775000 / -1.00000000 0.00000000 0.00000000 / 255 0 255 255 / 1.29933200 0.33567810 / 0.00000000 -1.00000000 0.00000000 1.00000000
				-3.60976700 5.74765300 1.73775000 / -1.00000000 0.00000000 0.00000000 / 255 0 255 255 / 1.29933200 0.33567810 / 0.00000000 -1.00000000 0.00000000 1.00000000
				-3.60976700 5.76132500 1.73775000 / -1.00000000 0.00000000 0.00000000 / 255 0 255 255 / 1.27697800 0.33567810 / 0.00000000 -1.00000000 0.00000000 1.00000000
				-3.60976700 5.76132500 1.51753500 / -1.00000000 0.00000000 0.00000000 / 255 0 255 255 / 1.27697800 0.69075010 / 0.00000000 -1.00000000 0.00000000 1.00000000
				-3.60976700 5.76132500 1.51753500 / -1.00000000 0.00000000 0.00000000 / 255 0 255 255 / 1.27697800 0.69075010 / 0.00000000 -1.00000000 0.00000000 1.00000000
				-3.60976700 5.74765300 1.51753500 / -1.00000000 0.00000000 0.00000000 / 255 0 255 255 / 1.29933200 0.69075010 / 0.00000000 -1.00000000 0.00000000 1.00000000
				-3.60976700 5.76132500 1.73775000 / 0.00000000 1.00000000 0.00000000 / 255 0 255 255 / 4.20753500 0.33567810 / -1.00000000 0.00000000 0.00000000 1.00000000
				-3.60976700 5.76132500 1.73775000 / 0.00000000 1.00000000 0.00000000 / 255 0 255 255 / 4.20753500 0.33567810 / -1.00000000 0.00000000 0.00000000 1.00000000
				-3.59658300 5.76132500 1.73775000 / 0.00000000 1.00000000 0.00000000 / 255 0 255 255 / 4.19645700 0.33567810 / -1.00000000 0.00000000 0.00000000 1.00000000
				-3.59658300 5.76132500 1.51753500 / 0.00000000 1.00000000 0.00000000 / 255 0 255 255 / 4.19645700 0.69075010 / -1.00000000 0.00000000 0.00000000 1.00000000
				-3.59658300 5.76132500 1.51753500 / 0.00000000 1.00000000 0.00000000 / 255 0 255 255 / 4.19645700 0.69075010 / -1.00000000 0.00000000 0.00000000 1.00000000
				-3.60976700 5.76132500 1.51753500 / 0.00000000 1.00000000 0.00000000 / 255 0 255 255 / 4.20753500 0.69075010 / -1.00000000 0.00000000 0.00000000 1.00000000
				-3.44326300 -2.07314800 1.44526900 / 0.00000000 0.00000000 -1.00000000 / 255 0 255 255 / 0.99949650 0.99949650 / 1.00000000 0.00000130 0.00000000 1.00000000
				-3.44326300 -2.07314800 1.44526900 / 0.00000000 0.00000000 -1.00000000 / 255 0 255 255 / 0.99949650 0.99949650 / 1.00000000 0.00000130 0.00000000 1.00000000
				-3.44326300 -2.32461200 1.44526900 / 0.00000000 0.00000000 -1.00000000 / 255 0 255 255 / 0.99949650 0.15357970 / 1.00000000 0.00000260 0.00000000 1.00000000
				-5.21572400 -2.32461200 1.44526900 / 0.00000000 0.00000000 -1.00000000 / 255 0 255 255 / 0.00050350 0.15359500 / 1.00000000 0.00000130 0.00000000 1.00000000
				-5.21572400 -2.32461200 1.44526900 / 0.00000000 0.00000000 -1.00000000 / 255 0 255 255 / 0.00050350 0.15359500 / 1.00000000 0.00000130 0.00000000 1.00000000
				-5.21572400 -2.07314800 1.44526900 / 0.00000000 0.00000000 -1.00000000 / 255 0 255 255 / 0.00050350 0.99949650 / 1.00000000 0.00000000 0.00000000 1.00000000
				-3.44326300 -2.10049100 1.51851100 / 0.00000000 0.00000000 1.00000000 / 255 0 255 255 / 0.00050350 0.90705870 / -1.00000000 0.00000000 0.00000000 1.00000000
				-3.44326300 -2.10049100 1.51851100 / 0.00000000 0.00000000 1.00000000 / 255 0 255 255 / 0.00050350 0.90705870 / -1.00000000 0.00000000 0.00000000 1.00000000
				-5.21572400 -2.10049100 1.51851100 / 0.00000000 0.00000000 1.00000000 / 255 0 255 255 / 0.99949650 0.90705870 / -1.00000000 0.00000000 0.00000000 1.00000000
				-5.21572400 -2.29726900 1.51851100 / 0.00000000 0.00000000 1.00000000 / 255 0 255 255 / 0.99949650 0.24601750 / -1.00000000 0.00000000 0.00000000 1.00000000
				-5.21572400 -2.29726900 1.51851100 / 0.00000000 0.00000000 1.00000000 / 255 0 255 255 / 0.99949650 0.24601750 / -1.00000000 0.00000000 0.00000000 1.00000000
				-3.44326300 -2.29726900 1.51851100 / 0.00000000 0.00000000 1.00000000 / 255 0 255 255 / 0.00050350 0.24601750 / -1.00000000 0.00000000 0.00000000 1.00000000
				-5.17714900 -2.26748400 1.39497600 / 0.00000000 0.00000000 -1.00000000 / 255 0 255 255 / 0.00000000 1.00000000 / -1.00000000 0.00000000 0.00000000 1.00000000
				-5.17714900 -2.26748400 1.39497600 / 0.00000000 0.00000000 -1.00000000 / 255 0 255 255 / 0.00000000 1.00000000 / -1.00000000 0.00000000 0.00000000 1.00000000
				-5.20547000 -2.26748400 1.39497600 / 0.00000000 0.00000000 -1.00000000 / 255 0 255 255 / 1.00000000 1.00000000 / -1.00000000 0.00000000 0.00000000 1.00000000
				-5.20547000 -2.13027700 1.39497600 / 0.00000000 0.00000000 -1.00000000 / 255 0 255 255 / 1.00000000 0.00000000 / -1.00000000 0.00000000 0.00000000 1.00000000
				-5.20547000 -2.13027700 1.39497600 / 0.00000000 0.00000000 -1.00000000 / 255 0 255 255 / 1.00000000 0.00000000 / -1.00000000 0.00000000 0.00000000 1.00000000
				-5.17714900 -2.13027700 1.39497600 / 0.00000000 0.00000000 -1.00000000 / 255 0 255 255 / 0.00000000 0.00000000 / -1.00000000 0.00000000 0.00000000 1.00000000
				-5.17714900 -2.28652600 1.44526900 / 0.00000000 -0.93521070 -0.35409170 / 255 0 255 255 / 0.00000000 1.00000000 / -1.00000000 0.00000000 0.00000000 1.00000000
				-5.17714900 -2.28652600 1.44526900 / 0.00000000 -0.93521070 -0.35409170 / 255 0 255 255 / 0.00000000 1.00000000 / -1.00000000 0.00000000 0.00000000 1.00000000
				-5.20547000 -2.28652600 1.44526900 / 0.00000000 -0.93521070 -0.35409170 / 255 0 255 255 / 1.00000000 1.00000000 / -1.00000000 0.00000000 0.00000000 1.00000000
				-5.20547000 -2.26748400 1.39497600 / 0.00000000 -0.93521070 -0.35409170 / 255 0 255 255 / 1.00000000 0.00000000 / -1.00000000 0.00000000 0.00000000 1.00000000
				-5.20547000 -2.26748400 1.39497600 / 0.00000000 -0.93521070 -0.35409170 / 255 0 255 255 / 1.00000000 0.00000000 / -1.00000000 0.00000000 0.00000000 1.00000000
				-5.17714900 -2.26748400 1.39497600 / 0.00000000 -0.93521070 -0.35409170 / 255 0 255 255 / 0.00000000 0.00000000 / -1.00000000 0.00000000 0.00000000 1.00000000
				-5.20547000 -2.28652600 1.44526900 / -1.00000000 0.00000000 0.00000000 / 255 0 255 255 / 0.00000000 1.00000000 / 0.00000000 1.00000000 0.00000000 1.00000000
				-5.20547000 -2.28652600 1.44526900 / -1.00000000 0.00000000 0.00000000 / 255 0 255 255 / 0.00000000 1.00000000 / 0.00000000 1.00000000 0.00000000 1.00000000
				-5.20547000 -2.11123300 1.44526900 / -1.00000000 0.00000000 0.00000000 / 255 0 255 255 / 1.00000000 1.00000000 / 0.00000000 1.00000000 0.00000000 1.00000000
				-5.20547000 -2.13027700 1.39497600 / -0.99999980 0.00000000 0.00000000 / 255 0 255 255 / 1.00000000 0.00000000 / 0.00000000 1.00000000 0.00000000 1.00000000
				-5.20547000 -2.13027700 1.39497600 / -0.99999980 0.00000000 0.00000000 / 255 0 255 255 / 1.00000000 0.00000000 / 0.00000000 1.00000000 0.00000000 1.00000000
				-5.20547000 -2.26748400 1.39497600 / -1.00000000 0.00000000 0.00000000 / 255 0 255 255 / 0.00000000 0.00000000 / 0.00000000 1.00000000 0.00000000 1.00000000
				-5.20547000 -2.11123300 1.44526900 / 0.00000000 0.93519900 -0.35412270 / 255 0 255 255 / 0.00000000 1.00000000 / 1.00000000 0.00000000 0.00000000 1.00000000
				-5.20547000 -2.11123300 1.44526900 / 0.00000000 0.93519900 -0.35412270 / 255 0 255 255 / 0.00000000 1.00000000 / 1.00000000 0.00000000 0.00000000 1.00000000
				-5.17714900 -2.11123300 1.44526900 / 0.00000000 0.93519900 -0.35412270 / 255 0 255 255 / 1.00000000 1.00000000 / 1.00000000 0.00000000 0.00000000 1.00000000
				-5.17714900 -2.13027700 1.39497600 / 0.00000000 0.93519900 -0.35412270 / 255 0 255 255 / 1.00000000 0.00000000 / 1.00000000 0.00000000 0.00000000 1.00000000
				-5.17714900 -2.13027700 1.39497600 / 0.00000000 0.93519900 -0.35412270 / 255 0 255 255 / 1.00000000 0.00000000 / 1.00000000 0.00000000 0.00000000 1.00000000
				-5.20547000 -2.13027700 1.39497600 / 0.00000000 0.93519900 -0.35412270 / 255 0 255 255 / 0.00000000 0.00000000 / 1.00000000 0.00000000 0.00000000 1.00000000
				-5.17714900 -2.11123300 1.44526900 / 1.00000000 0.00000000 0.00000000 / 255 0 255 255 / 0.00000000 1.00000000 / 0.00000000 -1.00000000 0.00000000 1.00000000
				-5.17714900 -2.11123300 1.44526900 / 1.00000000 0.00000000 0.00000000 / 255 0 255 255 / 0.00000000 1.00000000 / 0.00000000 -1.00000000 0.00000000 1.00000000
				-5.17714900 -2.28652600 1.44526900 / 1.00000000 0.00000000 0.00000000 / 255 0 255 255 / 1.00000000 1.00000000 / 0.00000000 -1.00000000 0.00000000 1.00000000
				-5.17714900 -2.26748400 1.39497600 / 1.00000000 0.00000000 0.00000000 / 255 0 255 255 / 1.00000000 0.00000000 / 0.00000000 -1.00000000 0.00000000 1.00000000
				-5.17714900 -2.26748400 1.39497600 / 1.00000000 0.00000000 0.00000000 / 255 0 255 255 / 1.00000000 0.00000000 / 0.00000000 -1.00000000 0.00000000 1.00000000
				-5.17714900 -2.13027700 1.39497600 / 1.00000000 0.00000000 0.00000000 / 255 0 255 255 / 0.00000000 0.00000000 / 0.00000000 -1.00000000 0.00000000 1.00000000
				-3.46035200 -2.26748400 1.39497600 / 0.00000000 0.00000000 -0.99999980 / 255 0 255 255 / 0.00000000 1.00000000 / -1.00000000 0.00000000 0.00000000 1.00000000
				-3.46035200 -2.26748400 1.39497600 / 0.00000000 0.00000000 -0.99999980 / 255 0 255 255 / 0.00000000 1.00000000 / -1.00000000 0.00000000 0.00000000 1.00000000
				-3.48916100 -2.26748400 1.39497600 / 0.00000000 0.00000000 -1.00000000 / 255 0 255 255 / 1.00000000 1.00000000 / -1.00000000 0.00000000 0.00000000 1.00000000
				-3.48916100 -2.13027700 1.39497600 / 0.00000000 0.00000000 -0.99999980 / 255 0 255 255 / 1.00000000 0.00000000 / -1.00000000 0.00000000 0.00000000 1.00000000
				-3.48916100 -2.13027700 1.39497600 / 0.00000000 0.00000000 -0.99999980 / 255 0 255 255 / 1.00000000 0.00000000 / -1.00000000 0.00000000 0.00000000 1.00000000
				-3.46035200 -2.13027700 1.39497600 / 0.00000000 0.00000000 -1.00000000 / 255 0 255 255 / 0.00000000 0.00000000 / -1.00000000 0.00000000 0.00000000 1.00000000
				-3.46035200 -2.28652600 1.44526900 / 0.00000000 -0.93521080 -0.35409170 / 255 0 255 255 / 0.00000000 1.00000000 / -1.00000000 0.00000000 0.00000000 1.00000000
				-3.46035200 -2.28652600 1.44526900 / 0.00000000 -0.93521080 -0.35409170 / 255 0 255 255 / 0.00000000 1.00000000 / -1.00000000 0.00000000 0.00000000 1.00000000
				-3.48916100 -2.28652600 1.44526900 / 0.00000000 -0.93521070 -0.35409170 / 255 0 255 255 / 1.00000000 1.00000000 / -1.00000000 0.00000000 0.00000000 1.00000000
				-3.48916100 -2.26748400 1.39497600 / 0.00000000 -0.93521080 -0.35409170 / 255 0 255 255 / 1.00000000 0.00000000 / -1.00000000 0.00000000 0.00000000 1.00000000
				-3.48916100 -2.26748400 1.39497600 / 0.00000000 -0.93521080 -0.35409170 / 255 0 255 255 / 1.00000000 0.00000000 / -1.00000000 0.00000000 0.00000000 1.00000000
				-3.46035200 -2.26748400 1.39497600 / 0.00000000 -0.93521070 -0.35409170 / 255 0 255 255 / 0.00000000 0.00000000 / -1.00000000 0.00000000 0.00000000 1.00000000
				-3.48916100 -2.28652600 1.44526900 / -1.00000000 0.00000000 0.00000000 / 255 0 255 255 / 0.00000000 1.00000000 / 0.00000000 1.00000000 0.00000000 1.00000000
				-3.48916100 -2.28652600 1.44526900 / -1.00000000 0.00000000 0.00000000 / 255 0 255 255 / 0.00000000 1.00000000 / 0.00000000 1.00000000 0.00000000 1.00000000
				-3.48916100 -2.11123300 1.44526900 / -1.00000000 0.00000000 0.00000000 / 255 0 255 255 / 1.00000000 1.00000000 / 0.00000000 1.00000000 0.00000000 1.00000000
				-3.48916100 -2.13027700 1.39497600 / -0.99999980 0.00000000 0.00000000 / 255 0 255 255 / 1.00000000 0.00000000 / 0.00000000 1.00000000 0.00000000 1.00000000
				-3.48916100 -2.13027700 1.39497600 / -0.99999980 0.00000000 0.00000000 / 255 0 255 255 / 1.00000000 0.00000000 / 0.00000000 1.00000000 0.00000000 1.00000000
				-3.48916100 -2.26748400 1.39497600 / -1.00000000 0.00000000 0.00000000 / 255 0 255 255 / 0.00000000 0.00000000 / 0.00000000 1.00000000 0.00000000 1.00000000
				-3.48916100 -2.11123300 1.44526900 / 0.00000000 0.93519900 -0.35412270 / 255 0 255 255 / 0.00000000 1.00000000 / 1.00000000 0.00000000 0.00000000 1.00000000
				-3.48916100 -2.11123300 1.44526900 / 0.00000000 0.93519900 -0.35412270 / 255 0 255 255 / 0.00000000 1.00000000 / 1.00000000 0.00000000 0.00000000 1.00000000
				-3.46035200 -2.11123300 1.44526900 / 0.00000000 0.93519900 -0.35412280 / 255 0 255 255 / 1.00000000 1.00000000 / 1.00000000 0.00000000 0.00000000 1.00000000
				-3.46035200 -2.13027700 1.39497600 / 0.00000000 0.93519900 -0.35412270 / 255 0 255 255 / 1.00000000 0.00000000 / 1.00000000 0.00000000 0.00000000 1.00000000
				-3.46035200 -2.13027700 1.39497600 / 0.00000000 0.93519900 -0.35412270 / 255 0 255 255 / 1.00000000 0.00000000 / 1.00000000 0.00000000 0.00000000 1.00000000
				-3.48916100 -2.13027700 1.39497600 / 0.00000000 0.93519900 -0.35412280 / 255 0 255 255 / 0.00000000 0.00000000 / 1.00000000 0.00000000 0.00000000 1.00000000
				-3.46035200 -2.11123300 1.44526900 / 1.00000000 0.00000000 0.00000000 / 255 0 255 255 / 0.00000000 1.00000000 / 0.00000000 -1.00000000 0.00000000 1.00000000
				-3.46035200 -2.11123300 1.44526900 / 1.00000000 0.00000000 0.00000000 / 255 0 255 255 / 0.00000000 1.00000000 / 0.00000000 -1.00000000 0.00000000 1.00000000
				-3.46035200 -2.28652600 1.44526900 / 1.00000000 0.00000000 0.00000000 / 255 0 255 255 / 1.00000000 1.00000000 / 0.00000000 -1.00000000 0.00000000 1.00000000
				-3.46035200 -2.26748400 1.39497600 / 1.00000000 0.00000000 0.00000000 / 255 0 255 255 / 1.00000000 0.00000000 / 0.00000000 -1.00000000 0.00000000 1.00000000
				-3.46035200 -2.26748400 1.39497600 / 1.00000000 0.00000000 0.00000000 / 255 0 255 255 / 1.00000000 0.00000000 / 0.00000000 -1.00000000 0.00000000 1.00000000
				-3.46035200 -2.13027700 1.39497600 / 1.00000000 0.00000000 0.00000000 / 255 0 255 255 / 0.00000000 0.00000000 / 0.00000000 -1.00000000 0.00000000 1.00000000
				-5.05849700 -2.19765900 1.73775000 / 1.00000000 0.00000000 0.00000000 / 255 0 255 255 / -0.28169250 0.33567810 / 0.00000000 1.00000000 0.00000000 1.00000000
				-5.05849700 -2.19765900 1.73775000 / 1.00000000 0.00000000 0.00000000 / 255 0 255 255 / -0.28169250 0.33567810 / 0.00000000 1.00000000 0.00000000 1.00000000
				-5.05849700 -2.21133100 1.73775000 / 1.00000000 0.00000000 0.00000000 / 255 0 255 255 / -0.30404660 0.33567810 / 0.00000000 1.00000000 0.00000000 1.00000000
				-5.05849700 -2.21133100 1.51753500 / 1.00000000 0.00000000 0.00000000 / 255 0 255 255 / -0.30404660 0.69075010 / 0.00000000 1.00000000 0.00000000 1.00000000
				-5.05849700 -2.21133100 1.51753500 / 1.00000000 0.00000000 0.00000000 / 255 0 255 255 / -0.30404660 0.69075010 / 0.00000000 1.00000000 0.00000000 1.00000000
				-5.05849700 -2.19765900 1.51753500 / 1.00000000 0.00000000 0.00000000 / 255 0 255 255 / -0.28169250 0.69075010 / 0.00000000 1.00000000 0.00000000 1.00000000
				-5.05849700 -2.21133100 1.73775000 / 0.00000000 -1.00000000 0.00000000 / 255 0 255 255 / -3.19882200 0.33567810 / 1.00000000 0.00000000 0.00000000 1.00000000
				-5.05849700 -2.21133100 1.73775000 / 0.00000000 -1.00000000 0.00000000 / 255 0 255 255 / -3.19882200 0.33567810 / 1.00000000 0.00000000 0.00000000 1.00000000
				-5.07168200 -2.21133100 1.73775000 / 0.00000000 -1.00000000 0.00000000 / 255 0 255 255 / -3.20990000 0.33567810 / 1.00000000 0.00000000 0.00000000 1.00000000
				-5.07168200 -2.21133100 1.51753500 / 0.00000000 -1.00000000 0.00000000 / 255 0 255 255 / -3.20990000 0.69075010 / 1.00000000 0.00000000 0.00000000 1.00000000
				-5.07168200 -2.21133100 1.51753500 / 0.00000000 -1.00000000 0.00000000 / 255 0 255 255 / -3.20990000 0.69075010 / 1.00000000 0.00000000 0.00000000 1.00000000
				-5.05849700 -2.21133100 1.51753500 / 0.00000000 -1.00000000 0.00000000 / 255 0 255 255 / -3.19882200 0.69075010 / 1.00000000 0.00000000 0.00000000 1.00000000
				-5.07168200 -2.21133100 1.73775000 / -1.00000000 0.00000000 0.00000000 / 255 0 255 255 / 1.29933200 0.33567810 / 0.00000000 -1.00000000 0.00000000 1.00000000
				-5.07168200 -2.21133100 1.73775000 / -1.00000000 0.00000000 0.00000000 / 255 0 255 255 / 1.29933200 0.33567810 / 0.00000000 -1.00000000 0.00000000 1.00000000
				-5.07168200 -2.19765900 1.73775000 / -1.00000000 0.00000000 0.00000000 / 255 0 255 255 / 1.27697800 0.33567810 / 0.00000000 -1.00000000 0.00000000 1.00000000
				-5.07168200 -2.19765900 1.51753500 / -1.00000000 0.00000000 0.00000000 / 255 0 255 255 / 1.27697800 0.69075010 / 0.00000000 -1.00000000 0.00000000 1.00000000
				-5.07168200 -2.19765900 1.51753500 / -1.00000000 0.00000000 0.00000000 / 255 0 255 255 / 1.27697800 0.69075010 / 0.00000000 -1.00000000 0.00000000 1.00000000
				-5.07168200 -2.21133100 1.51753500 / -1.00000000 0.00000000 0.00000000 / 255 0 255 255 / 1.29933200 0.69075010 / 0.00000000 -1.00000000 0.00000000 1.00000000
				-5.07168200 -2.19765900 1.73775000 / 0.00000000 1.00000000 0.00000000 / 255 0 255 255 / 4.20753500 0.33567810 / -1.00000000 0.00000000 0.00000000 1.00000000
				-5.07168200 -2.19765900 1.73775000 / 0.00000000 1.00000000 0.00000000 / 255 0 255 255 / 4.20753500 0.33567810 / -1.00000000 0.00000000 0.00000000 1.00000000
				-5.05849700 -2.19765900 1.73775000 / 0.00000000 1.00000000 0.00000000 / 255 0 255 255 / 4.19645700 0.33567810 / -1.00000000 0.00000000 0.00000000 1.00000000
				-5.05849700 -2.19765900 1.51753500 / 0.00000000 1.00000000 0.00000000 / 255 0 255 255 / 4.19645700 0.69075010 / -1.00000000 0.00000000 0.00000000 1.00000000
				-5.05849700 -2.19765900 1.51753500 / 0.00000000 1.00000000 0.00000000 / 255 0 255 255 / 4.19645700 0.69075010 / -1.00000000 0.00000000 0.00000000 1.00000000
				-5.07168200 -2.19765900 1.51753500 / 0.00000000 1.00000000 0.00000000 / 255 0 255 255 / 4.20753500 0.69075010 / -1.00000000 0.00000000 0.00000000 1.00000000
				-5.01797000 -2.19375300 1.75191000 / 0.99999980 0.00000000 0.00000000 / 255 0 255 255 / 0.51956180 0.36059570 / 0.00000000 1.00000000 0.00000000 1.00000000
				-5.01797000 -2.19375300 1.75191000 / 0.99999980 0.00000000 0.00000000 / 255 0 255 255 / 0.51956180 0.36059570 / 0.00000000 1.00000000 0.00000000 1.00000000
				-5.01797000 -2.21523700 1.75191000 / 1.00000000 0.00000000 0.00000000 / 255 0 255 255 / 0.36059570 0.36059570 / 0.00000000 1.00000000 0.00000000 1.00000000
				-5.01797000 -2.21523700 1.73726100 / 0.99999980 0.00000000 0.00000000 / 255 0 255 255 / 0.36059570 0.63940430 / 0.00000000 1.00000000 0.00000000 1.00000000
				-5.01797000 -2.21523700 1.73726100 / 0.99999980 0.00000000 0.00000000 / 255 0 255 255 / 0.36059570 0.63940430 / 0.00000000 1.00000000 0.00000000 1.00000000
				-5.01797000 -2.19375300 1.73726100 / 1.00000000 0.00000000 0.00000000 / 255 0 255 255 / 0.51956180 0.63940430 / 0.00000000 1.00000000 0.00000000 1.00000000
				-5.01797000 -2.21523700 1.75191000 / 0.00000000 -0.99999980 0.00000000 / 255 0 255 255 / 0.62362670 0.36059570 / 1.00000000 0.00000000 0.00000000 1.00000000
				-5.01797000 -2.21523700 1.75191000 / 0.00000000 -0.99999980 0.00000000 / 255 0 255 255 / 0.62362670 0.36059570 / 1.00000000 0.00000000 0.00000000 1.00000000
				-5.11220900 -2.21523700 1.75191000 / 0.00000000 -1.00000000 0.00000000 / 255 0 255 255 / 0.36059570 0.36059570 / 1.00000000 0.00000000 0.00000000 1.00000000
				-5.11220900 -2.21523700 1.73726100 / 0.00000000 -0.99999980 0.00000000 / 255 0 255 255 / 0.36059570 0.63940430 / 1.00000000 0.00000000 0.00000000 1.00000000
				-5.11220900 -2.21523700 1.73726100 / 0.00000000 -0.99999980 0.00000000 / 255 0 255 255 / 0.36059570 0.63940430 / 1.00000000 0.00000000 0.00000000 1.00000000
				-5.01797000 -2.21523700 1.73726100 / 0.00000000 -1.00000000 0.00000000 / 255 0 255 255 / 0.62362670 0.63940430 / 1.00000000 0.00000000 0.00000000 1.00000000
				-5.11220900 -2.21523700 1.75191000 / -0.99999980 0.00000000 0.00000000 / 255 0 255 255 / 0.51956180 0.36059570 / 0.00000000 -1.00000000 0.00000000 1.00000000
				-5.11220900 -2.21523700 1.75191000 / -0.99999980 0.00000000 0.00000000 / 255 0 255 255 / 0.51956180 0.36059570 / 0.00000000 -1.00000000 0.00000000 1.00000000
				-5.11220900 -2.19375300 1.75191000 / -1.00000000 0.00000000 0.00000000 / 255 0 255 255 / 0.36059570 0.36059570 / 0.00000000 -1.00000000 0.00000000 1.00000000
				-5.11220900 -2.19375300 1.73726100 / -0.99999980 0.00000000 0.00000000 / 255 0 255 255 / 0.36061100 0.63940430 / 0.00000000 -1.00000000 0.00000000 1.00000000
				-5.11220900 -2.19375300 1.73726100 / -0.99999980 0.00000000 0.00000000 / 255 0 255 255 / 0.36061100 0.63940430 / 0.00000000 -1.00000000 0.00000000 1.00000000
				-5.11220900 -2.21523700 1.73726100 / -1.00000000 0.00000000 0.00000000 / 255 0 255 255 / 0.51956180 0.63940430 / 0.00000000 -1.00000000 0.00000000 1.00000000
				-5.11220900 -2.19375300 1.75191000 / 0.00000000 0.99999980 0.00000000 / 255 0 255 255 / 0.62362670 0.36059570 / -1.00000000 0.00000000 0.00000000 1.00000000
				-5.11220900 -2.19375300 1.75191000 / 0.00000000 0.99999980 0.00000000 / 255 0 255 255 / 0.62362670 0.36059570 / -1.00000000 0.00000000 0.00000000 1.00000000
				-5.01797000 -2.19375300 1.75191000 / 0.00000000 1.00000000 0.00000000 / 255 0 255 255 / 0.36059570 0.36059570 / -1.00000000 0.00000000 0.00000000 1.00000000
				-5.01797000 -2.19375300 1.73726100 / 0.00000000 0.99999980 0.00000000 / 255 0 255 255 / 0.36059570 0.63940430 / -1.00000000 0.00000000 0.00000000 1.00000000
				-5.01797000 -2.19375300 1.73726100 / 0.00000000 0.99999980 0.00000000 / 255 0 255 255 / 0.36059570 0.63940430 / -1.00000000 0.00000000 0.00000000 1.00000000
				-5.11220900 -2.19375300 1.73726100 / 0.00000000 1.00000000 0.00000000 / 255 0 255 255 / 0.62362670 0.63940430 / -1.00000000 0.00000000 0.00000000 1.00000000
				-5.11220900 -2.19375300 1.73726100 / 0.00000000 0.00000000 -1.00000000 / 255 0 255 255 / 0.37637330 0.63938900 / 0.98555050 0.16938160 0.00000000 1.00000000
				-5.11220900 -2.19375300 1.73726100 / 0.00000000 0.00000000 -1.00000000 / 255 0 255 255 / 0.37637330 0.63938900 / 0.98555050 0.16938160 0.00000000 1.00000000
				-5.01797000 -2.19375300 1.73726100 / 0.00000000 0.00000000 -1.00000000 / 255 0 255 255 / 0.63940430 0.51956180 / 0.98555370 0.16936310 0.00000000 1.00000000
				-5.01797000 -2.21523700 1.73726100 / 0.00000000 0.00000000 -1.00000000 / 255 0 255 255 / 0.62362670 0.36059570 / 0.98555050 0.16938160 0.00000000 1.00000000
				-5.01797000 -2.21523700 1.73726100 / 0.00000000 0.00000000 -1.00000000 / 255 0 255 255 / 0.62362670 0.36059570 / 0.98555050 0.16938160 0.00000000 1.00000000
				-5.11220900 -2.21523700 1.73726100 / 0.00000000 0.00000000 -1.00000000 / 255 0 255 255 / 0.36059570 0.48043820 / 0.98554750 0.16940010 0.00000000 1.00000000
				-5.09170100 -2.20303000 1.73775000 / 0.96154420 -0.27465020 0.00000000 / 255 0 255 255 / 0.50000000 0.48722840 / 0.27465030 0.96154420 0.00000000 1.00000000
				-5.09170100 -2.20303000 1.73775000 / 0.96154420 -0.27465020 0.00000000 / 255 0 255 255 / 0.50000000 0.48722840 / 0.27465030 0.96154420 0.00000000 1.00000000
				-5.09365300 -2.20986600 1.73775000 / 0.96154420 -0.27465030 0.00000000 / 255 0 255 255 / 0.42134090 0.48722840 / 0.27465030 0.96154420 0.00000000 1.00000000
				-5.09365300 -2.20986600 1.73335500 / 0.96154420 -0.27465020 0.00000000 / 255 0 255 255 / 0.42134090 0.51277160 / 0.27465030 0.96154420 0.00000000 1.00000000
				-5.09365300 -2.20986600 1.73335500 / 0.96154420 -0.27465020 0.00000000 / 255 0 255 255 / 0.42134090 0.51277160 / 0.27465030 0.96154420 0.00000000 1.00000000
				-5.09170100 -2.20303000 1.73335500 / 0.96154420 -0.27465030 0.00000000 / 255 0 255 255 / 0.50000000 0.51277160 / 0.27465030 0.96154420 0.00000000 1.00000000
				-5.09365300 -2.20986600 1.73775000 / 0.25760200 -0.96625110 0.00000000 / 255 0 255 255 / 0.53933720 0.48722840 / 0.96625110 0.25760200 0.00000000 1.00000000
				-5.09365300 -2.20986600 1.73775000 / 0.25760200 -0.96625110 0.00000000 / 255 0 255 255 / 0.53933720 0.48722840 / 0.96625110 0.25760200 0.00000000 1.00000000
				-5.10097800 -2.21181900 1.73775000 / 0.25760200 -0.96625110 0.00000000 / 255 0 255 255 / 0.46066280 0.48722840 / 0.96625110 0.25760200 0.00000000 1.00000000
				-5.10097800 -2.21181900 1.73335500 / 0.25760200 -0.96625110 0.00000000 / 255 0 255 255 / 0.46066280 0.51277160 / 0.96625110 0.25760200 0.00000000 1.00000000
				-5.10097800 -2.21181900 1.73335500 / 0.25760200 -0.96625110 0.00000000 / 255 0 255 255 / 0.46066280 0.51277160 / 0.96625110 0.25760200 0.00000000 1.00000000
				-5.09365300 -2.20986600 1.73335500 / 0.25760200 -0.96625110 0.00000000 / 255 0 255 255 / 0.53933720 0.51277160 / 0.96625110 0.25760200 0.00000000 1.00000000
				-5.10097800 -2.21181900 1.73775000 / -0.73712680 -0.67575450 0.00000000 / 255 0 255 255 / 0.57865910 0.48722840 / 0.67575450 -0.73712680 0.00000000 1.00000000
				-5.10097800 -2.21181900 1.73775000 / -0.73712680 -0.67575450 0.00000000 / 255 0 255 255 / 0.57865910 0.48722840 / 0.67575450 -0.73712680 0.00000000 1.00000000
				-5.10634900 -2.20596000 1.73775000 / -0.73712660 -0.67575450 0.00000000 / 255 0 255 255 / 0.50000000 0.48722840 / 0.67575450 -0.73712680 0.00000000 1.00000000
				-5.10634900 -2.20596000 1.73335500 / -0.73712680 -0.67575450 0.00000000 / 255 0 255 255 / 0.50000000 0.51277160 / 0.67575450 -0.73712680 0.00000000 1.00000000
				-5.10634900 -2.20596000 1.73335500 / -0.73712680 -0.67575450 0.00000000 / 255 0 255 255 / 0.50000000 0.51277160 / 0.67575450 -0.73712680 0.00000000 1.00000000
				-5.10097800 -2.21181900 1.73335500 / -0.73712660 -0.67575450 0.00000000 / 255 0 255 255 / 0.57865910 0.51277160 / 0.67575450 -0.73712680 0.00000000 1.00000000
				-5.10634900 -2.20596000 1.73775000 / -0.94170390 0.33644250 0.00000000 / 255 0 255 255 / 0.50000000 0.48722840 / -0.33644250 -0.94170390 0.00000000 1.00000000
				-5.10634900 -2.20596000 1.73775000 / -0.94170390 0.33644250 0.00000000 / 255 0 255 255 / 0.50000000 0.48722840 / -0.33644250 -0.94170390 0.00000000 1.00000000
				-5.10390700 -2.19912400 1.73775000 / -0.94170390 0.33644250 0.00000000 / 255 0 255 255 / 0.42134090 0.48722840 / -0.33644250 -0.94170390 0.00000000 1.00000000
				-5.10390700 -2.19912400 1.73335500 / -0.94170390 0.33644250 0.00000000 / 255 0 255 255 / 0.42134090 0.51277160 / -0.33644250 -0.94170390 0.00000000 1.00000000
				-5.10390700 -2.19912400 1.73335500 / -0.94170390 0.33644250 0.00000000 / 255 0 255 255 / 0.42134090 0.51277160 / -0.33644250 -0.94170390 0.00000000 1.00000000
				-5.10634900 -2.20596000 1.73335500 / -0.94170390 0.33644250 0.00000000 / 255 0 255 255 / 0.50000000 0.51277160 / -0.33644250 -0.94170390 0.00000000 1.00000000
				-5.10390700 -2.19912400 1.73775000 / -0.19612840 0.98057830 0.00000000 / 255 0 255 255 / 0.53933720 0.48722840 / -0.98057820 -0.19612840 0.00000000 1.00000000
				-5.10390700 -2.19912400 1.73775000 / -0.19612840 0.98057830 0.00000000 / 255 0 255 255 / 0.53933720 0.48722840 / -0.98057820 -0.19612840 0.00000000 1.00000000
				-5.09658300 -2.19765900 1.73775000 / -0.19612840 0.98057820 0.00000000 / 255 0 255 255 / 0.46067810 0.48722840 / -0.98057820 -0.19612840 0.00000000 1.00000000
				-5.09658300 -2.19765900 1.73335500 / -0.19612840 0.98057830 0.00000000 / 255 0 255 255 / 0.46067810 0.51277160 / -0.98057820 -0.19612840 0.00000000 1.00000000
				-5.09658300 -2.19765900 1.73335500 / -0.19612840 0.98057830 0.00000000 / 255 0 255 255 / 0.46067810 0.51277160 / -0.98057820 -0.19612840 0.00000000 1.00000000
				-5.10390700 -2.19912400 1.73335500 / -0.19612840 0.98057820 0.00000000 / 255 0 255 255 / 0.53933720 0.51277160 / -0.98057820 -0.19612840 0.00000000 1.00000000
				-5.09658300 -2.19765900 1.73775000 / 0.73992520 0.67268900 0.00000000 / 255 0 255 255 / 0.57865910 0.48722840 / -0.67268900 0.73992520 0.00000000 1.00000000
				-5.09658300 -2.19765900 1.73775000 / 0.73992520 0.67268900 0.00000000 / 255 0 255 255 / 0.57865910 0.48722840 / -0.67268900 0.73992520 0.00000000 1.00000000
				-5.09170100 -2.20303000 1.73775000 / 0.73992520 0.67268900 0.00000000 / 255 0 255 255 / 0.50000000 0.48722840 / -0.67268900 0.73992520 0.00000000 1.00000000
				-5.09170100 -2.20303000 1.73335500 / 0.73992520 0.67268900 0.00000000 / 255 0 255 255 / 0.50000000 0.51277160 / -0.67268900 0.73992520 0.00000000 1.00000000
				-5.09170100 -2.20303000 1.73335500 / 0.73992520 0.67268900 0.00000000 / 255 0 255 255 / 0.50000000 0.51277160 / -0.67268900 0.73992520 0.00000000 1.00000000
				-5.09658300 -2.19765900 1.73335500 / 0.73992520 0.67268900 0.00000000 / 255 0 255 255 / 0.57865910 0.51277160 / -0.67268900 0.73992520 0.00000000 1.00000000
				-5.02382900 -2.20303000 1.73775000 / 0.96154420 -0.27465020 0.00000000 / 255 0 255 255 / 0.50000000 0.48722840 / 0.27465030 0.96154420 0.00000000 1.00000000
				-5.02382900 -2.20303000 1.73775000 / 0.96154420 -0.27465020 0.00000000 / 255 0 255 255 / 0.50000000 0.48722840 / 0.27465030 0.96154420 0.00000000 1.00000000
				-5.02578200 -2.20986600 1.73775000 / 0.96154420 -0.27465030 0.00000000 / 255 0 255 255 / 0.42134090 0.48722840 / 0.27465030 0.96154420 0.00000000 1.00000000
				-5.02578200 -2.20986600 1.73335500 / 0.96154420 -0.27465020 0.00000000 / 255 0 255 255 / 0.42134090 0.51277160 / 0.27465030 0.96154420 0.00000000 1.00000000
				-5.02578200 -2.20986600 1.73335500 / 0.96154420 -0.27465020 0.00000000 / 255 0 255 255 / 0.42134090 0.51277160 / 0.27465030 0.96154420 0.00000000 1.00000000
				-5.02382900 -2.20303000 1.73335500 / 0.96154420 -0.27465030 0.00000000 / 255 0 255 255 / 0.50000000 0.51277160 / 0.27465030 0.96154420 0.00000000 1.00000000
				-5.02578200 -2.20986600 1.73775000 / 0.25760200 -0.96625110 0.00000000 / 255 0 255 255 / 0.53933720 0.48722840 / 0.96625110 0.25760200 0.00000000 1.00000000
				-5.02578200 -2.20986600 1.73775000 / 0.25760200 -0.96625110 0.00000000 / 255 0 255 255 / 0.53933720 0.48722840 / 0.96625110 0.25760200 0.00000000 1.00000000
				-5.03310700 -2.21181900 1.73775000 / 0.25760200 -0.96625110 0.00000000 / 255 0 255 255 / 0.46066280 0.48722840 / 0.96625110 0.25760200 0.00000000 1.00000000
				-5.03310700 -2.21181900 1.73335500 / 0.25760200 -0.96625110 0.00000000 / 255 0 255 255 / 0.46066280 0.51277160 / 0.96625110 0.25760200 0.00000000 1.00000000
				-5.03310700 -2.21181900 1.73335500 / 0.25760200 -0.96625110 0.00000000 / 255 0 255 255 / 0.46066280 0.51277160 / 0.96625110 0.25760200 0.00000000 1.00000000
				-5.02578200 -2.20986600 1.73335500 / 0.25760200 -0.96625110 0.00000000 / 255 0 255 255 / 0.53933720 0.51277160 / 0.96625110 0.25760200 0.00000000 1.00000000
				-5.03310700 -2.21181900 1.73775000 / -0.73712680 -0.67575450 0.00000000 / 255 0 255 255 / 0.57865910 0.48722840 / 0.67575450 -0.73712680 0.00000000 1.00000000
				-5.03310700 -2.21181900 1.73775000 / -0.73712680 -0.67575450 0.00000000 / 255 0 255 255 / 0.57865910 0.48722840 / 0.67575450 -0.73712680 0.00000000 1.00000000
				-5.03847800 -2.20596000 1.73775000 / -0.73712660 -0.67575450 0.00000000 / 255 0 255 255 / 0.50000000 0.48722840 / 0.67575450 -0.73712680 0.00000000 1.00000000
				-5.03847800 -2.20596000 1.73335500 / -0.73712680 -0.67575450 0.00000000 / 255 0 255 255 / 0.50000000 0.51277160 / 0.67575450 -0.73712680 0.00000000 1.00000000
				-5.03847800 -2.20596000 1.73335500 / -0.73712680 -0.67575450 0.00000000 / 255 0 255 255 / 0.50000000 0.51277160 / 0.67575450 -0.73712680 0.00000000 1.00000000
				-5.03310700 -2.21181900 1.73335500 / -0.73712660 -0.67575450 0.00000000 / 255 0 255 255 / 0.57865910 0.51277160 / 0.67575450 -0.73712680 0.00000000 1.00000000
				-5.03847800 -2.20596000 1.73775000 / -0.94172480 0.33638430 0.00000000 / 255 0 255 255 / 0.50000000 0.48722840 / -0.33638430 -0.94172480 0.00000000 1.00000000
				-5.03847800 -2.20596000 1.73775000 / -0.94172480 0.33638430 0.00000000 / 255 0 255 255 / 0.50000000 0.48722840 / -0.33638430 -0.94172480 0.00000000 1.00000000
				-5.03603600 -2.19912400 1.73775000 / -0.94172480 0.33638430 0.00000000 / 255 0 255 255 / 0.42134090 0.48722840 / -0.33638430 -0.94172480 0.00000000 1.00000000
				-5.03603600 -2.19912400 1.73335500 / -0.94172480 0.33638430 0.00000000 / 255 0 255 255 / 0.42134090 0.51277160 / -0.33638430 -0.94172480 0.00000000 1.00000000
				-5.03603600 -2.19912400 1.73335500 / -0.94172480 0.33638430 0.00000000 / 255 0 255 255 / 0.42134090 0.51277160 / -0.33638430 -0.94172480 0.00000000 1.00000000
				-5.03847800 -2.20596000 1.73335500 / -0.94172480 0.33638430 0.00000000 / 255 0 255 255 / 0.50000000 0.51277160 / -0.33638430 -0.94172480 0.00000000 1.00000000
				-5.03603600 -2.19912400 1.73775000 / -0.19611610 0.98058070 0.00000000 / 255 0 255 255 / 0.53933720 0.48722840 / -0.98058070 -0.19611610 0.00000000 1.00000000
				-5.03603600 -2.19912400 1.73775000 / -0.19611610 0.98058070 0.00000000 / 255 0 255 255 / 0.53933720 0.48722840 / -0.98058070 -0.19611610 0.00000000 1.00000000
				-5.02871200 -2.19765900 1.73775000 / -0.19611610 0.98058070 0.00000000 / 255 0 255 255 / 0.46067810 0.48722840 / -0.98058070 -0.19611610 0.00000000 1.00000000
				-5.02871200 -2.19765900 1.73335500 / -0.19611610 0.98058070 0.00000000 / 255 0 255 255 / 0.46067810 0.51277160 / -0.98058070 -0.19611610 0.00000000 1.00000000
				-5.02871200 -2.19765900 1.73335500 / -0.19611610 0.98058070 0.00000000 / 255 0 255 255 / 0.46067810 0.51277160 / -0.98058070 -0.19611610 0.00000000 1.00000000
				-5.03603600 -2.19912400 1.73335500 / -0.19611610 0.98058070 0.00000000 / 255 0 255 255 / 0.53933720 0.51277160 / -0.98058070 -0.19611610 0.00000000 1.00000000
				-5.02871200 -2.19765900 1.73775000 / 0.73992520 0.67268900 0.00000000 / 255 0 255 255 / 0.57865910 0.48722840 / -0.67268900 0.73992520 0.00000000 1.00000000
				-5.02871200 -2.19765900 1.73775000 / 0.73992520 0.67268900 0.00000000 / 255 0 255 255 / 0.57865910 0.48722840 / -0.67268900 0.73992520 0.00000000 1.00000000
				-5.02382900 -2.20303000 1.73775000 / 0.73992520 0.67268900 0.00000000 / 255 0 255 255 / 0.50000000 0.48722840 / -0.67268900 0.73992520 0.00000000 1.00000000
				-5.02382900 -2.20303000 1.73335500 / 0.73992520 0.67268900 0.00000000 / 255 0 255 255 / 0.50000000 0.51277160 / -0.67268900 0.73992520 0.00000000 1.00000000
				-5.02382900 -2.20303000 1.73335500 / 0.73992520 0.67268900 0.00000000 / 255 0 255 255 / 0.50000000 0.51277160 / -0.67268900 0.73992520 0.00000000 1.00000000
				-5.02871200 -2.19765900 1.73335500 / 0.73992520 0.67268900 0.00000000 / 255 0 255 255 / 0.57865910 0.51277160 / -0.67268900 0.73992520 0.00000000 1.00000000
				-3.55752000 -2.19375300 1.75191000 / 0.99999980 0.00000000 0.00000000 / 255 0 255 255 / 0.51956180 0.36059570 / 0.00000000 1.00000000 0.00000000 1.00000000
				-3.55752000 -2.19375300 1.75191000 / 0.99999980 0.00000000 0.00000000 / 255 0 255 255 / 0.51956180 0.36059570 / 0.00000000 1.00000000 0.00000000 1.00000000
				-3.55752000 -2.21523700 1.75191000 / 1.00000000 0.00000000 0.00000000 / 255 0 255 255 / 0.36059570 0.36059570 / 0.00000000 1.00000000 0.00000000 1.00000000
				-3.55752000 -2.21523700 1.73726100 / 0.99999980 0.00000000 0.00000000 / 255 0 255 255 / 0.36059570 0.63940430 / 0.00000000 1.00000000 0.00000000 1.00000000
				-3.55752000 -2.21523700 1.73726100 / 0.99999980 0.00000000 0.00000000 / 255 0 255 255 / 0.36059570 0.63940430 / 0.00000000 1.00000000 0.00000000 1.00000000
				-3.55752000 -2.19375300 1.73726100 / 1.00000000 0.00000000 0.00000000 / 255 0 255 255 / 0.51956180 0.63940430 / 0.00000000 1.00000000 0.00000000 1.00000000
				-3.55752000 -2.21523700 1.75191000 / 0.00000000 -1.00000000 0.00000000 / 255 0 255 255 / 0.62362670 0.36059570 / 1.00000000 0.00000000 0.00000000 1.00000000
				-3.55752000 -2.21523700 1.75191000 / 0.00000000 -1.00000000 0.00000000 / 255 0 255 255 / 0.62362670 0.36059570 / 1.00000000 0.00000000 0.00000000 1.00000000
				-3.65224700 -2.21523700 1.75191000 / 0.00000000 -1.00000000 0.00000000 / 255 0 255 255 / 0.36059570 0.36059570 / 1.00000000 0.00000000 0.00000000 1.00000000
				-3.65224700 -2.21523700 1.73726100 / 0.00000000 -1.00000000 0.00000000 / 255 0 255 255 / 0.36059570 0.63940430 / 1.00000000 0.00000000 0.00000000 1.00000000
				-3.65224700 -2.21523700 1.73726100 / 0.00000000 -1.00000000 0.00000000 / 255 0 255 255 / 0.36059570 0.63940430 / 1.00000000 0.00000000 0.00000000 1.00000000
				-3.55752000 -2.21523700 1.73726100 / 0.00000000 -1.00000000 0.00000000 / 255 0 255 255 / 0.62362670 0.63940430 / 1.00000000 0.00000000 0.00000000 1.00000000
				-3.65224700 -2.21523700 1.75191000 / -0.99999980 0.00000000 0.00000000 / 255 0 255 255 / 0.51956180 0.36059570 / 0.00000000 -1.00000000 0.00000000 1.00000000
				-3.65224700 -2.21523700 1.75191000 / -0.99999980 0.00000000 0.00000000 / 255 0 255 255 / 0.51956180 0.36059570 / 0.00000000 -1.00000000 0.00000000 1.00000000
				-3.65224700 -2.19375300 1.75191000 / -1.00000000 0.00000000 0.00000000 / 255 0 255 255 / 0.36059570 0.36059570 / 0.00000000 -1.00000000 0.00000000 1.00000000
				-3.65224700 -2.19375300 1.73726100 / -0.99999980 0.00000000 0.00000000 / 255 0 255 255 / 0.36061100 0.63940430 / 0.00000000 -1.00000000 0.00000000 1.00000000
				-3.65224700 -2.19375300 1.73726100 / -0.99999980 0.00000000 0.00000000 / 255 0 255 255 / 0.36061100 0.63940430 / 0.00000000 -1.00000000 0.00000000 1.00000000
				-3.65224700 -2.21523700 1.73726100 / -1.00000000 0.00000000 0.00000000 / 255 0 255 255 / 0.51956180 0.63940430 / 0.00000000 -1.00000000 0.00000000 1.00000000
				-3.65224700 -2.19375300 1.75191000 / 0.00000000 1.00000000 0.00000000 / 255 0 255 255 / 0.62362670 0.36059570 / -1.00000000 0.00000000 0.00000000 1.00000000
				-3.65224700 -2.19375300 1.75191000 / 0.00000000 1.00000000 0.00000000 / 255 0 255 255 / 0.62362670 0.36059570 / -1.00000000 0.00000000 0.00000000 1.00000000
				-3.55752000 -2.19375300 1.75191000 / 0.00000000 1.00000000 0.00000000 / 255 0 255 255 / 0.36059570 0.36059570 / -1.00000000 0.00000000 0.00000000 1.00000000
				-3.55752000 -2.19375300 1.73726100 / 0.00000000 1.00000000 0.00000000 / 255 0 255 255 / 0.36059570 0.63940430 / -1.00000000 0.00000000 0.00000000 1.00000000
				-3.55752000 -2.19375300 1.73726100 / 0.00000000 1.00000000 0.00000000 / 255 0 255 255 / 0.36059570 0.63940430 / -1.00000000 0.00000000 0.00000000 1.00000000
				-3.65224700 -2.19375300 1.73726100 / 0.00000000 1.00000000 0.00000000 / 255 0 255 255 / 0.62362670 0.63940430 / -1.00000000 0.00000000 0.00000000 1.00000000
				-3.65224700 -2.19375300 1.73726100 / 0.00000000 0.00000000 -1.00000000 / 255 0 255 255 / 0.37637330 0.63938900 / 0.98569630 0.16853170 0.00000000 1.00000000
				-3.65224700 -2.19375300 1.73726100 / 0.00000000 0.00000000 -1.00000000 / 255 0 255 255 / 0.37637330 0.63938900 / 0.98569630 0.16853170 0.00000000 1.00000000
				-3.55752000 -2.19375300 1.73726100 / 0.00000000 0.00000000 -1.00000000 / 255 0 255 255 / 0.63940430 0.51956180 / 0.98569940 0.16851330 0.00000000 1.00000000
				-3.55752000 -2.21523700 1.73726100 / 0.00000000 0.00000000 -1.00000000 / 255 0 255 255 / 0.62362670 0.36059570 / 0.98569630 0.16853170 0.00000000 1.00000000
				-3.55752000 -2.21523700 1.73726100 / 0.00000000 0.00000000 -1.00000000 / 255 0 255 255 / 0.62362670 0.36059570 / 0.98569630 0.16853170 0.00000000 1.00000000
				-3.65224700 -2.21523700 1.73726100 / 0.00000000 0.00000000 -1.00000000 / 255 0 255 255 / 0.36059570 0.48043820 / 0.98569310 0.16855010 0.00000000 1.00000000
				-3.63125100 -2.20303000 1.73775000 / 0.94176640 -0.33626780 0.00000000 / 255 0 255 255 / 0.50000000 0.48722840 / 0.33626780 0.94176640 0.00000000 1.00000000
				-3.63125100 -2.20303000 1.73775000 / 0.94176640 -0.33626780 0.00000000 / 255 0 255 255 / 0.50000000 0.48722840 / 0.33626780 0.94176640 0.00000000 1.00000000
				-3.63369200 -2.20986600 1.73775000 / 0.94176640 -0.33626770 0.00000000 / 255 0 255 255 / 0.42134090 0.48722840 / 0.33626780 0.94176640 0.00000000 1.00000000
				-3.63369200 -2.20986600 1.73335500 / 0.94176640 -0.33626780 0.00000000 / 255 0 255 255 / 0.42134090 0.51277160 / 0.33626780 0.94176640 0.00000000 1.00000000
				-3.63369200 -2.20986600 1.73335500 / 0.94176640 -0.33626780 0.00000000 / 255 0 255 255 / 0.42134090 0.51277160 / 0.33626780 0.94176640 0.00000000 1.00000000
				-3.63125100 -2.20303000 1.73335500 / 0.94176640 -0.33626770 0.00000000 / 255 0 255 255 / 0.50000000 0.51277160 / 0.33626780 0.94176640 0.00000000 1.00000000
				-3.63369200 -2.20986600 1.73775000 / 0.27468130 -0.96153530 0.00000000 / 255 0 255 255 / 0.53933720 0.48722840 / 0.96153530 0.27468130 0.00000000 1.00000000
				-3.63369200 -2.20986600 1.73775000 / 0.27468130 -0.96153530 0.00000000 / 255 0 255 255 / 0.53933720 0.48722840 / 0.96153530 0.27468130 0.00000000 1.00000000
				-3.64052800 -2.21181900 1.73775000 / 0.27468130 -0.96153530 0.00000000 / 255 0 255 255 / 0.46066280 0.48722840 / 0.96153530 0.27468130 0.00000000 1.00000000
				-3.64052800 -2.21181900 1.73335500 / 0.27468130 -0.96153530 0.00000000 / 255 0 255 255 / 0.46066280 0.51277160 / 0.96153530 0.27468130 0.00000000 1.00000000
				-3.64052800 -2.21181900 1.73335500 / 0.27468130 -0.96153530 0.00000000 / 255 0 255 255 / 0.46066280 0.51277160 / 0.96153530 0.27468130 0.00000000 1.00000000
				-3.63369200 -2.20986600 1.73335500 / 0.27468130 -0.96153530 0.00000000 / 255 0 255 255 / 0.53933720 0.51277160 / 0.96153530 0.27468130 0.00000000 1.00000000
				-3.64052800 -2.21181900 1.73775000 / -0.73714170 -0.67573820 0.00000000 / 255 0 255 255 / 0.57865910 0.48722840 / 0.67573820 -0.73714170 0.00000000 1.00000000
				-3.64052800 -2.21181900 1.73775000 / -0.73714170 -0.67573820 0.00000000 / 255 0 255 255 / 0.57865910 0.48722840 / 0.67573820 -0.73714170 0.00000000 1.00000000
				-3.64589900 -2.20596000 1.73775000 / -0.73714170 -0.67573820 0.00000000 / 255 0 255 255 / 0.50000000 0.48722840 / 0.67573820 -0.73714170 0.00000000 1.00000000
				-3.64589900 -2.20596000 1.73335500 / -0.73714170 -0.67573820 0.00000000 / 255 0 255 255 / 0.50000000 0.51277160 / 0.67573820 -0.73714170 0.00000000 1.00000000
				-3.64589900 -2.20596000 1.73335500 / -0.73714170 -0.67573820 0.00000000 / 255 0 255 255 / 0.50000000 0.51277160 / 0.67573820 -0.73714170 0.00000000 1.00000000
				-3.64052800 -2.21181900 1.73335500 / -0.73714170 -0.67573820 0.00000000 / 255 0 255 255 / 0.57865910 0.51277160 / 0.67573820 -0.73714170 0.00000000 1.00000000
				-3.64589900 -2.20596000 1.73775000 / -0.94176640 0.33626780 0.00000000 / 255 0 255 255 / 0.50000000 0.48722840 / -0.33626780 -0.94176640 0.00000000 1.00000000
				-3.64589900 -2.20596000 1.73775000 / -0.94176640 0.33626780 0.00000000 / 255 0 255 255 / 0.50000000 0.48722840 / -0.33626780 -0.94176640 0.00000000 1.00000000
				-3.64345800 -2.19912400 1.73775000 / -0.94176640 0.33626770 0.00000000 / 255 0 255 255 / 0.42134090 0.48722840 / -0.33626780 -0.94176640 0.00000000 1.00000000
				-3.64345800 -2.19912400 1.73335500 / -0.94176640 0.33626780 0.00000000 / 255 0 255 255 / 0.42134090 0.51277160 / -0.33626780 -0.94176640 0.00000000 1.00000000
				-3.64345800 -2.19912400 1.73335500 / -0.94176640 0.33626780 0.00000000 / 255 0 255 255 / 0.42134090 0.51277160 / -0.33626780 -0.94176640 0.00000000 1.00000000
				-3.64589900 -2.20596000 1.73335500 / -0.94176640 0.33626770 0.00000000 / 255 0 255 255 / 0.50000000 0.51277160 / -0.33626780 -0.94176640 0.00000000 1.00000000
				-3.64345800 -2.19912400 1.73775000 / -0.19612230 0.98057950 0.00000000 / 255 0 255 255 / 0.53933720 0.48722840 / -0.98057940 -0.19612230 0.00000000 1.00000000
				-3.64345800 -2.19912400 1.73775000 / -0.19612230 0.98057950 0.00000000 / 255 0 255 255 / 0.53933720 0.48722840 / -0.98057940 -0.19612230 0.00000000 1.00000000
				-3.63613400 -2.19765900 1.73775000 / -0.19612230 0.98057940 0.00000000 / 255 0 255 255 / 0.46067810 0.48722840 / -0.98057940 -0.19612230 0.00000000 1.00000000
				-3.63613400 -2.19765900 1.73335500 / -0.19612230 0.98057950 0.00000000 / 255 0 255 255 / 0.46067810 0.51277160 / -0.98057940 -0.19612230 0.00000000 1.00000000
				-3.63613400 -2.19765900 1.73335500 / -0.19612230 0.98057950 0.00000000 / 255 0 255 255 / 0.46067810 0.51277160 / -0.98057940 -0.19612230 0.00000000 1.00000000
				-3.64345800 -2.19912400 1.73335500 / -0.19612230 0.98057940 0.00000000 / 255 0 255 255 / 0.53933720 0.51277160 / -0.98057940 -0.19612230 0.00000000 1.00000000
				-3.63613400 -2.19765900 1.73775000 / 0.73990890 0.67270720 0.00000000 / 255 0 255 255 / 0.57865910 0.48722840 / -0.67270710 0.73990880 0.00000000 1.00000000
				-3.63613400 -2.19765900 1.73775000 / 0.73990890 0.67270720 0.00000000 / 255 0 255 255 / 0.57865910 0.48722840 / -0.67270710 0.73990880 0.00000000 1.00000000
				-3.63125100 -2.20303000 1.73775000 / 0.73990880 0.67270710 0.00000000 / 255 0 255 255 / 0.50000000 0.48722840 / -0.67270710 0.73990890 0.00000000 1.00000000
				-3.63125100 -2.20303000 1.73335500 / 0.73990890 0.67270720 0.00000000 / 255 0 255 255 / 0.50000000 0.51277160 / -0.67270710 0.73990880 0.00000000 1.00000000
				-3.63125100 -2.20303000 1.73335500 / 0.73990890 0.67270720 0.00000000 / 255 0 255 255 / 0.50000000 0.51277160 / -0.67270710 0.73990880 0.00000000 1.00000000
				-3.63613400 -2.19765900 1.73335500 / 0.73990880 0.67270710 0.00000000 / 255 0 255 255 / 0.57865910 0.51277160 / -0.67270710 0.73990890 0.00000000 1.00000000
				-3.56338000 -2.20303000 1.73775000 / 0.94175610 -0.33629690 0.00000000 / 255 0 255 255 / 0.50000000 0.48722840 / 0.33629690 0.94175600 0.00000000 1.00000000
				-3.56338000 -2.20303000 1.73775000 / 0.94175610 -0.33629690 0.00000000 / 255 0 255 255 / 0.50000000 0.48722840 / 0.33629690 0.94175600 0.00000000 1.00000000
				-3.56582100 -2.20986600 1.73775000 / 0.94175600 -0.33629680 0.00000000 / 255 0 255 255 / 0.42134090 0.48722840 / 0.33629680 0.94175610 0.00000000 1.00000000
				-3.56582100 -2.20986600 1.73335500 / 0.94175610 -0.33629690 0.00000000 / 255 0 255 255 / 0.42134090 0.51277160 / 0.33629690 0.94175600 0.00000000 1.00000000
				-3.56582100 -2.20986600 1.73335500 / 0.94175610 -0.33629690 0.00000000 / 255 0 255 255 / 0.42134090 0.51277160 / 0.33629690 0.94175600 0.00000000 1.00000000
				-3.56338000 -2.20303000 1.73335500 / 0.94175600 -0.33629680 0.00000000 / 255 0 255 255 / 0.50000000 0.51277160 / 0.33629680 0.94175610 0.00000000 1.00000000
				-3.56582100 -2.20986600 1.73775000 / 0.27469020 -0.96153290 0.00000000 / 255 0 255 255 / 0.53933720 0.48722840 / 0.96153270 0.27469010 0.00000000 1.00000000
				-3.56582100 -2.20986600 1.73775000 / 0.27469020 -0.96153290 0.00000000 / 255 0 255 255 / 0.53933720 0.48722840 / 0.96153270 0.27469010 0.00000000 1.00000000
				-3.57265700 -2.21181900 1.73775000 / 0.27469020 -0.96153270 0.00000000 / 255 0 255 255 / 0.46066280 0.48722840 / 0.96153270 0.27469020 0.00000000 1.00000000
				-3.57265700 -2.21181900 1.73335500 / 0.27469020 -0.96153290 0.00000000 / 255 0 255 255 / 0.46066280 0.51277160 / 0.96153270 0.27469010 0.00000000 1.00000000
				-3.57265700 -2.21181900 1.73335500 / 0.27469020 -0.96153290 0.00000000 / 255 0 255 255 / 0.46066280 0.51277160 / 0.96153270 0.27469010 0.00000000 1.00000000
				-3.56582100 -2.20986600 1.73335500 / 0.27469020 -0.96153270 0.00000000 / 255 0 255 255 / 0.53933720 0.51277160 / 0.96153270 0.27469020 0.00000000 1.00000000
				-3.57265700 -2.21181900 1.73775000 / -0.73712680 -0.67575450 0.00000000 / 255 0 255 255 / 0.57865910 0.48722840 / 0.67575450 -0.73712680 0.00000000 1.00000000
				-3.57265700 -2.21181900 1.73775000 / -0.73712680 -0.67575450 0.00000000 / 255 0 255 255 / 0.57865910 0.48722840 / 0.67575450 -0.73712680 0.00000000 1.00000000
				-3.57802800 -2.20596000 1.73775000 / -0.73712660 -0.67575450 0.00000000 / 255 0 255 255 / 0.50000000 0.48722840 / 0.67575450 -0.73712680 0.00000000 1.00000000
				-3.57802800 -2.20596000 1.73335500 / -0.73712680 -0.67575450 0.00000000 / 255 0 255 255 / 0.50000000 0.51277160 / 0.67575450 -0.73712680 0.00000000 1.00000000
				-3.57802800 -2.20596000 1.73335500 / -0.73712680 -0.67575450 0.00000000 / 255 0 255 255 / 0.50000000 0.51277160 / 0.67575450 -0.73712680 0.00000000 1.00000000
				-3.57265700 -2.21181900 1.73335500 / -0.73712660 -0.67575450 0.00000000 / 255 0 255 255 / 0.57865910 0.51277160 / 0.67575450 -0.73712680 0.00000000 1.00000000
				-3.57802800 -2.20596000 1.73775000 / -0.94175610 0.33629690 0.00000000 / 255 0 255 255 / 0.50000000 0.48722840 / -0.33629690 -0.94175600 0.00000000 1.00000000
				-3.57802800 -2.20596000 1.73775000 / -0.94175610 0.33629690 0.00000000 / 255 0 255 255 / 0.50000000 0.48722840 / -0.33629690 -0.94175600 0.00000000 1.00000000
				-3.57558700 -2.19912400 1.73775000 / -0.94175600 0.33629680 0.00000000 / 255 0 255 255 / 0.42134090 0.48722840 / -0.33629680 -0.94175610 0.00000000 1.00000000
				-3.57558700 -2.19912400 1.73335500 / -0.94175610 0.33629690 0.00000000 / 255 0 255 255 / 0.42134090 0.51277160 / -0.33629690 -0.94175600 0.00000000 1.00000000
				-3.57558700 -2.19912400 1.73335500 / -0.94175610 0.33629690 0.00000000 / 255 0 255 255 / 0.42134090 0.51277160 / -0.33629690 -0.94175600 0.00000000 1.00000000
				-3.57802800 -2.20596000 1.73335500 / -0.94175600 0.33629680 0.00000000 / 255 0 255 255 / 0.50000000 0.51277160 / -0.33629680 -0.94175610 0.00000000 1.00000000
				-3.57558700 -2.19912400 1.73775000 / -0.19612230 0.98057950 0.00000000 / 255 0 255 255 / 0.53933720 0.48722840 / -0.98057940 -0.19612230 0.00000000 1.00000000
				-3.57558700 -2.19912400 1.73775000 / -0.19612230 0.98057950 0.00000000 / 255 0 255 255 / 0.53933720 0.48722840 / -0.98057940 -0.19612230 0.00000000 1.00000000
				-3.56826300 -2.19765900 1.73775000 / -0.19612230 0.98057940 0.00000000 / 255 0 255 255 / 0.46067810 0.48722840 / -0.98057940 -0.19612230 0.00000000 1.00000000
				-3.56826300 -2.19765900 1.73335500 / -0.19612230 0.98057950 0.00000000 / 255 0 255 255 / 0.46067810 0.51277160 / -0.98057940 -0.19612230 0.00000000 1.00000000
				-3.56826300 -2.19765900 1.73335500 / -0.19612230 0.98057950 0.00000000 / 255 0 255 255 / 0.46067810 0.51277160 / -0.98057940 -0.19612230 0.00000000 1.00000000
				-3.57558700 -2.19912400 1.73335500 / -0.19612230 0.98057940 0.00000000 / 255 0 255 255 / 0.53933720 0.51277160 / -0.98057940 -0.19612230 0.00000000 1.00000000
				-3.56826300 -2.19765900 1.73775000 / 0.73990890 0.67270720 0.00000000 / 255 0 255 255 / 0.57865910 0.48722840 / -0.67270710 0.73990880 0.00000000 1.00000000
				-3.56826300 -2.19765900 1.73775000 / 0.73990890 0.67270720 0.00000000 / 255 0 255 255 / 0.57865910 0.48722840 / -0.67270710 0.73990880 0.00000000 1.00000000
				-3.56338000 -2.20303000 1.73775000 / 0.73990880 0.67270710 0.00000000 / 255 0 255 255 / 0.50000000 0.48722840 / -0.67270710 0.73990890 0.00000000 1.00000000
				-3.56338000 -2.20303000 1.73335500 / 0.73990890 0.67270720 0.00000000 / 255 0 255 255 / 0.50000000 0.51277160 / -0.67270710 0.73990880 0.00000000 1.00000000
				-3.56338000 -2.20303000 1.73335500 / 0.73990890 0.67270720 0.00000000 / 255 0 255 255 / 0.50000000 0.51277160 / -0.67270710 0.73990880 0.00000000 1.00000000
				-3.56826300 -2.19765900 1.73335500 / 0.73990880 0.67270710 0.00000000 / 255 0 255 255 / 0.57865910 0.51277160 / -0.67270710 0.73990890 0.00000000 1.00000000
				-3.59658300 -2.19765900 1.73775000 / 1.00000000 0.00000000 0.00000000 / 255 0 255 255 / -0.28169250 0.33567810 / 0.00000000 1.00000000 0.00000000 1.00000000
				-3.59658300 -2.19765900 1.73775000 / 1.00000000 0.00000000 0.00000000 / 255 0 255 255 / -0.28169250 0.33567810 / 0.00000000 1.00000000 0.00000000 1.00000000
				-3.59658300 -2.21133100 1.73775000 / 1.00000000 0.00000000 0.00000000 / 255 0 255 255 / -0.30404660 0.33567810 / 0.00000000 1.00000000 0.00000000 1.00000000
				-3.59658300 -2.21133100 1.51753500 / 1.00000000 0.00000000 0.00000000 / 255 0 255 255 / -0.30404660 0.69075010 / 0.00000000 1.00000000 0.00000000 1.00000000
				-3.59658300 -2.21133100 1.51753500 / 1.00000000 0.00000000 0.00000000 / 255 0 255 255 / -0.30404660 0.69075010 / 0.00000000 1.00000000 0.00000000 1.00000000
				-3.59658300 -2.19765900 1.51753500 / 1.00000000 0.00000000 0.00000000 / 255 0 255 255 / -0.28169250 0.69075010 / 0.00000000 1.00000000 0.00000000 1.00000000
				-3.59658300 -2.21133100 1.73775000 / 0.00000000 -1.00000000 0.00000000 / 255 0 255 255 / -3.19882200 0.33567810 / 1.00000000 0.00000000 0.00000000 1.00000000
				-3.59658300 -2.21133100 1.73775000 / 0.00000000 -1.00000000 0.00000000 / 255 0 255 255 / -3.19882200 0.33567810 / 1.00000000 0.00000000 0.00000000 1.00000000
				-3.60976700 -2.21133100 1.73775000 / 0.00000000 -1.00000000 0.00000000 / 255 0 255 255 / -3.20990000 0.33567810 / 1.00000000 0.00000000 0.00000000 1.00000000
				-3.60976700 -2.21133100 1.51753500 / 0.00000000 -1.00000000 0.00000000 / 255 0 255 255 / -3.20990000 0.69075010 / 1.00000000 0.00000000 0.00000000 1.00000000
				-3.60976700 -2.21133100 1.51753500 / 0.00000000 -1.00000000 0.00000000 / 255 0 255 255 / -3.20990000 0.69075010 / 1.00000000 0.00000000 0.00000000 1.00000000
				-3.59658300 -2.21133100 1.51753500 / 0.00000000 -1.00000000 0.00000000 / 255 0 255 255 / -3.19882200 0.69075010 / 1.00000000 0.00000000 0.00000000 1.00000000
				-3.60976700 -2.21133100 1.73775000 / -1.00000000 0.00000000 0.00000000 / 255 0 255 255 / 1.29933200 0.33567810 / 0.00000000 -1.00000000 0.00000000 1.00000000
				-3.60976700 -2.21133100 1.73775000 / -1.00000000 0.00000000 0.00000000 / 255 0 255 255 / 1.29933200 0.33567810 / 0.00000000 -1.00000000 0.00000000 1.00000000
				-3.60976700 -2.19765900 1.73775000 / -1.00000000 0.00000000 0.00000000 / 255 0 255 255 / 1.27697800 0.33567810 / 0.00000000 -1.00000000 0.00000000 1.00000000
				-3.60976700 -2.19765900 1.51753500 / -1.00000000 0.00000000 0.00000000 / 255 0 255 255 / 1.27697800 0.69075010 / 0.00000000 -1.00000000 0.00000000 1.00000000
				-3.60976700 -2.19765900 1.51753500 / -1.00000000 0.00000000 0.00000000 / 255 0 255 255 / 1.27697800 0.69075010 / 0.00000000 -1.00000000 0.00000000 1.00000000
				-3.60976700 -2.21133100 1.51753500 / -1.00000000 0.00000000 0.00000000 / 255 0 255 255 / 1.29933200 0.69075010 / 0.00000000 -1.00000000 0.00000000 1.00000000
				-3.60976700 -2.19765900 1.73775000 / 0.00000000 1.00000000 0.00000000 / 255 0 255 255 / 4.20753500 0.33567810 / -1.00000000 0.00000000 0.00000000 1.00000000
				-3.60976700 -2.19765900 1.73775000 / 0.00000000 1.00000000 0.00000000 / 255 0 255 255 / 4.20753500 0.33567810 / -1.00000000 0.00000000 0.00000000 1.00000000
				-3.59658300 -2.19765900 1.73775000 / 0.00000000 1.00000000 0.00000000 / 255 0 255 255 / 4.19645700 0.33567810 / -1.00000000 0.00000000 0.00000000 1.00000000
				-3.59658300 -2.19765900 1.51753500 / 0.00000000 1.00000000 0.00000000 / 255 0 255 255 / 4.19645700 0.69075010 / -1.00000000 0.00000000 0.00000000 1.00000000
				-3.59658300 -2.19765900 1.51753500 / 0.00000000 1.00000000 0.00000000 / 255 0 255 255 / 4.19645700 0.69075010 / -1.00000000 0.00000000 0.00000000 1.00000000
				-3.60976700 -2.19765900 1.51753500 / 0.00000000 1.00000000 0.00000000 / 255 0 255 255 / 4.20753500 0.69075010 / -1.00000000 0.00000000 0.00000000 1.00000000
				-3.44326300 -5.43496400 1.44526900 / 0.00000000 0.00000000 -1.00000000 / 255 0 255 255 / 0.99949650 0.99949650 / 1.00000000 0.00000130 0.00000000 1.00000000
				-3.44326300 -5.43496400 1.44526900 / 0.00000000 0.00000000 -1.00000000 / 255 0 255 255 / 0.99949650 0.99949650 / 1.00000000 0.00000130 0.00000000 1.00000000
				-3.44326300 -5.68642900 1.44526900 / 0.00000000 0.00000000 -1.00000000 / 255 0 255 255 / 0.99949650 0.15357970 / 1.00000000 0.00000260 0.00000000 1.00000000
				-5.21572400 -5.68642900 1.44526900 / 0.00000000 0.00000000 -1.00000000 / 255 0 255 255 / 0.00050350 0.15359500 / 1.00000000 0.00000130 0.00000000 1.00000000
				-5.21572400 -5.68642900 1.44526900 / 0.00000000 0.00000000 -1.00000000 / 255 0 255 255 / 0.00050350 0.15359500 / 1.00000000 0.00000130 0.00000000 1.00000000
				-5.21572400 -5.43496400 1.44526900 / 0.00000000 0.00000000 -1.00000000 / 255 0 255 255 / 0.00050350 0.99949650 / 1.00000000 0.00000000 0.00000000 1.00000000
				-3.44326300 -5.46230800 1.51851100 / 0.00000000 0.00000000 1.00000000 / 255 0 255 255 / 0.00050350 0.90705870 / -1.00000000 0.00000000 0.00000000 1.00000000
				-3.44326300 -5.46230800 1.51851100 / 0.00000000 0.00000000 1.00000000 / 255 0 255 255 / 0.00050350 0.90705870 / -1.00000000 0.00000000 0.00000000 1.00000000
				-5.21572400 -5.46230800 1.51851100 / 0.00000000 0.00000000 1.00000000 / 255 0 255 255 / 0.99949650 0.90705870 / -1.00000000 0.00000000 0.00000000 1.00000000
				-5.21572400 -5.65908500 1.51851100 / 0.00000000 0.00000000 1.00000000 / 255 0 255 255 / 0.99949650 0.24601750 / -1.00000000 0.00000000 0.00000000 1.00000000
				-5.21572400 -5.65908500 1.51851100 / 0.00000000 0.00000000 1.00000000 / 255 0 255 255 / 0.99949650 0.24601750 / -1.00000000 0.00000000 0.00000000 1.00000000
				-3.44326300 -5.65908500 1.51851100 / 0.00000000 0.00000000 1.00000000 / 255 0 255 255 / 0.00050350 0.24601750 / -1.00000000 0.00000000 0.00000000 1.00000000
				-5.17714900 -5.62930000 1.39497600 / 0.00000000 0.00000000 -1.00000000 / 255 0 255 255 / 0.00000000 1.00000000 / -1.00000000 0.00000000 0.00000000 1.00000000
				-5.17714900 -5.62930000 1.39497600 / 0.00000000 0.00000000 -1.00000000 / 255 0 255 255 / 0.00000000 1.00000000 / -1.00000000 0.00000000 0.00000000 1.00000000
				-5.20547000 -5.62930000 1.39497600 / 0.00000000 0.00000000 -1.00000000 / 255 0 255 255 / 1.00000000 1.00000000 / -1.00000000 0.00000000 0.00000000 1.00000000
				-5.20547000 -5.49209300 1.39497600 / 0.00000000 0.00000000 -1.00000000 / 255 0 255 255 / 1.00000000 0.00000000 / -1.00000000 0.00000000 0.00000000 1.00000000
				-5.20547000 -5.49209300 1.39497600 / 0.00000000 0.00000000 -1.00000000 / 255 0 255 255 / 1.00000000 0.00000000 / -1.00000000 0.00000000 0.00000000 1.00000000
				-5.17714900 -5.49209300 1.39497600 / 0.00000000 0.00000000 -1.00000000 / 255 0 255 255 / 0.00000000 0.00000000 / -1.00000000 0.00000000 0.00000000 1.00000000
				-5.17714900 -5.64834300 1.44526900 / 0.00000000 -0.93520480 -0.35410720 / 255 0 255 255 / 0.00000000 1.00000000 / -1.00000000 0.00000000 0.00000000 1.00000000
				-5.17714900 -5.64834300 1.44526900 / 0.00000000 -0.93520480 -0.35410720 / 255 0 255 255 / 0.00000000 1.00000000 / -1.00000000 0.00000000 0.00000000 1.00000000
				-5.20547000 -5.64834300 1.44526900 / 0.00000000 -0.93520490 -0.35410720 / 255 0 255 255 / 1.00000000 1.00000000 / -1.00000000 0.00000000 0.00000000 1.00000000
				-5.20547000 -5.62930000 1.39497600 / 0.00000000 -0.93520480 -0.35410720 / 255 0 255 255 / 1.00000000 0.00000000 / -1.00000000 0.00000000 0.00000000 1.00000000
				-5.20547000 -5.62930000 1.39497600 / 0.00000000 -0.93520480 -0.35410720 / 255 0 255 255 / 1.00000000 0.00000000 / -1.00000000 0.00000000 0.00000000 1.00000000
				-5.17714900 -5.62930000 1.39497600 / 0.00000000 -0.93520490 -0.35410720 / 255 0 255 255 / 0.00000000 0.00000000 / -1.00000000 0.00000000 0.00000000 1.00000000
				-5.20547000 -5.64834300 1.44526900 / -1.00000000 0.00000000 0.00000000 / 255 0 255 255 / 0.00000000 1.00000000 / 0.00000000 1.00000000 0.00000000 1.00000000
				-5.20547000 -5.64834300 1.44526900 / -1.00000000 0.00000000 0.00000000 / 255 0 255 255 / 0.00000000 1.00000000 / 0.00000000 1.00000000 0.00000000 1.00000000
				-5.20547000 -5.47256100 1.44526900 / -1.00000000 0.00000000 0.00000000 / 255 0 255 255 / 1.00000000 1.00000000 / 0.00000000 1.00000000 0.00000000 1.00000000
				-5.20547000 -5.49209300 1.39497600 / -1.00000000 0.00000000 0.00000000 / 255 0 255 255 / 1.00000000 0.00000000 / 0.00000000 1.00000000 0.00000000 1.00000000
				-5.20547000 -5.49209300 1.39497600 / -1.00000000 0.00000000 0.00000000 / 255 0 255 255 / 1.00000000 0.00000000 / 0.00000000 1.00000000 0.00000000 1.00000000
				-5.20547000 -5.62930000 1.39497600 / -0.99999980 0.00000000 0.00000000 / 255 0 255 255 / 0.00000000 0.00000000 / 0.00000000 1.00000000 0.00000000 1.00000000
				-5.20547000 -5.47256100 1.44526900 / 0.00000000 0.93217130 -0.36201770 / 255 0 255 255 / 0.00000000 1.00000000 / 1.00000000 0.00000000 0.00000000 1.00000000
				-5.20547000 -5.47256100 1.44526900 / 0.00000000 0.93217130 -0.36201770 / 255 0 255 255 / 0.00000000 1.00000000 / 1.00000000 0.00000000 0.00000000 1.00000000
				-5.17714900 -5.47256100 1.44526900 / 0.00000000 0.93217130 -0.36201770 / 255 0 255 255 / 1.00000000 1.00000000 / 1.00000000 0.00000000 0.00000000 1.00000000
				-5.17714900 -5.49209300 1.39497600 / 0.00000000 0.93217130 -0.36201770 / 255 0 255 255 / 1.00000000 0.00000000 / 1.00000000 0.00000000 0.00000000 1.00000000
				-5.17714900 -5.49209300 1.39497600 / 0.00000000 0.93217130 -0.36201770 / 255 0 255 255 / 1.00000000 0.00000000 / 1.00000000 0.00000000 0.00000000 1.00000000
				-5.20547000 -5.49209300 1.39497600 / 0.00000000 0.93217130 -0.36201770 / 255 0 255 255 / 0.00000000 0.00000000 / 1.00000000 0.00000000 0.00000000 1.00000000
				-5.17714900 -5.47256100 1.44526900 / 1.00000000 0.00000000 0.00000000 / 255 0 255 255 / 0.00000000 1.00000000 / 0.00000000 -1.00000000 0.00000000 1.00000000
				-5.17714900 -5.47256100 1.44526900 / 1.00000000 0.00000000 0.00000000 / 255 0 255 255 / 0.00000000 1.00000000 / 0.00000000 -1.00000000 0.00000000 1.00000000
				-5.17714900 -5.64834300 1.44526900 / 1.00000000 0.00000000 0.00000000 / 255 0 255 255 / 1.00000000 1.00000000 / 0.00000000 -1.00000000 0.00000000 1.00000000
				-5.17714900 -5.62930000 1.39497600 / 0.99999980 0.00000000 0.00000000 / 255 0 255 255 / 1.00000000 0.00000000 / 0.00000000 -1.00000000 0.00000000 1.00000000
				-5.17714900 -5.62930000 1.39497600 / 0.99999980 0.00000000 0.00000000 / 255 0 255 255 / 1.00000000 0.00000000 / 0.00000000 -1.00000000 0.00000000 1.00000000
				-5.17714900 -5.49209300 1.39497600 / 1.00000000 0.00000000 0.00000000 / 255 0 255 255 / 0.00000000 0.00000000 / 0.00000000 -1.00000000 0.00000000 1.00000000
				-3.46035200 -5.62930000 1.39497600 / 0.00000000 0.00000000 -0.99999980 / 255 0 255 255 / 0.00000000 1.00000000 / -1.00000000 0.00000000 0.00000000 1.00000000
				-3.46035200 -5.62930000 1.39497600 / 0.00000000 0.00000000 -0.99999980 / 255 0 255 255 / 0.00000000 1.00000000 / -1.00000000 0.00000000 0.00000000 1.00000000
				-3.48916100 -5.62930000 1.39497600 / 0.00000000 0.00000000 -1.00000000 / 255 0 255 255 / 1.00000000 1.00000000 / -1.00000000 0.00000000 0.00000000 1.00000000
				-3.48916100 -5.49209300 1.39497600 / 0.00000000 0.00000000 -0.99999980 / 255 0 255 255 / 1.00000000 0.00000000 / -1.00000000 0.00000000 0.00000000 1.00000000
				-3.48916100 -5.49209300 1.39497600 / 0.00000000 0.00000000 -0.99999980 / 255 0 255 255 / 1.00000000 0.00000000 / -1.00000000 0.00000000 0.00000000 1.00000000
				-3.46035200 -5.49209300 1.39497600 / 0.00000000 0.00000000 -1.00000000 / 255 0 255 255 / 0.00000000 0.00000000 / -1.00000000 0.00000000 0.00000000 1.00000000
				-3.46035200 -5.64834300 1.44526900 / 0.00000000 -0.93520490 -0.35410720 / 255 0 255 255 / 0.00000000 1.00000000 / -1.00000000 0.00000000 0.00000000 1.00000000
				-3.46035200 -5.64834300 1.44526900 / 0.00000000 -0.93520490 -0.35410720 / 255 0 255 255 / 0.00000000 1.00000000 / -1.00000000 0.00000000 0.00000000 1.00000000
				-3.48916100 -5.64834300 1.44526900 / 0.00000000 -0.93520490 -0.35410720 / 255 0 255 255 / 1.00000000 1.00000000 / -1.00000000 0.00000000 0.00000000 1.00000000
				-3.48916100 -5.62930000 1.39497600 / 0.00000000 -0.93520490 -0.35410720 / 255 0 255 255 / 1.00000000 0.00000000 / -1.00000000 0.00000000 0.00000000 1.00000000
				-3.48916100 -5.62930000 1.39497600 / 0.00000000 -0.93520490 -0.35410720 / 255 0 255 255 / 1.00000000 0.00000000 / -1.00000000 0.00000000 0.00000000 1.00000000
				-3.46035200 -5.62930000 1.39497600 / 0.00000000 -0.93520490 -0.35410720 / 255 0 255 255 / 0.00000000 0.00000000 / -1.00000000 0.00000000 0.00000000 1.00000000
				-3.48916100 -5.64834300 1.44526900 / -1.00000000 0.00000000 0.00000000 / 255 0 255 255 / 0.00000000 1.00000000 / 0.00000000 1.00000000 0.00000000 1.00000000
				-3.48916100 -5.64834300 1.44526900 / -1.00000000 0.00000000 0.00000000 / 255 0 255 255 / 0.00000000 1.00000000 / 0.00000000 1.00000000 0.00000000 1.00000000
				-3.48916100 -5.47256100 1.44526900 / -1.00000000 0.00000000 0.00000000 / 255 0 255 255 / 1.00000000 1.00000000 / 0.00000000 1.00000000 0.00000000 1.00000000
				-3.48916100 -5.49209300 1.39497600 / -1.00000000 0.00000000 0.00000000 / 255 0 255 255 / 1.00000000 0.00000000 / 0.00000000 1.00000000 0.00000000 1.00000000
				-3.48916100 -5.49209300 1.39497600 / -1.00000000 0.00000000 0.00000000 / 255 0 255 255 / 1.00000000 0.00000000 / 0.00000000 1.00000000 0.00000000 1.00000000
				-3.48916100 -5.62930000 1.39497600 / -0.99999980 0.00000000 0.00000000 / 255 0 255 255 / 0.00000000 0.00000000 / 0.00000000 1.00000000 0.00000000 1.00000000
				-3.48916100 -5.47256100 1.44526900 / 0.00000000 0.93217130 -0.36201760 / 255 0 255 255 / 0.00000000 1.00000000 / 1.00000000 0.00000000 0.00000000 1.00000000
				-3.48916100 -5.47256100 1.44526900 / 0.00000000 0.93217130 -0.36201760 / 255 0 255 255 / 0.00000000 1.00000000 / 1.00000000 0.00000000 0.00000000 1.00000000
				-3.46035200 -5.47256100 1.44526900 / 0.00000000 0.93217130 -0.36201760 / 255 0 255 255 / 1.00000000 1.00000000 / 1.00000000 0.00000000 0.00000000 1.00000000
				-3.46035200 -5.49209300 1.39497600 / 0.00000000 0.93217130 -0.36201760 / 255 0 255 255 / 1.00000000 0.00000000 / 1.00000000 0.00000000 0.00000000 1.00000000
				-3.46035200 -5.49209300 1.39497600 / 0.00000000 0.93217130 -0.36201760 / 255 0 255 255 / 1.00000000 0.00000000 / 1.00000000 0.00000000 0.00000000 1.00000000
				-3.48916100 -5.49209300 1.39497600 / 0.00000000 0.93217130 -0.36201760 / 255 0 255 255 / 0.00000000 0.00000000 / 1.00000000 0.00000000 0.00000000 1.00000000
				-3.46035200 -5.47256100 1.44526900 / 1.00000000 0.00000000 0.00000000 / 255 0 255 255 / 0.00000000 1.00000000 / 0.00000000 -1.00000000 0.00000000 1.00000000
				-3.46035200 -5.47256100 1.44526900 / 1.00000000 0.00000000 0.00000000 / 255 0 255 255 / 0.00000000 1.00000000 / 0.00000000 -1.00000000 0.00000000 1.00000000
				-3.46035200 -5.64834300 1.44526900 / 1.00000000 0.00000000 0.00000000 / 255 0 255 255 / 1.00000000 1.00000000 / 0.00000000 -1.00000000 0.00000000 1.00000000
				-3.46035200 -5.62930000 1.39497600 / 0.99999980 0.00000000 0.00000000 / 255 0 255 255 / 1.00000000 0.00000000 / 0.00000000 -1.00000000 0.00000000 1.00000000
				-3.46035200 -5.62930000 1.39497600 / 0.99999980 0.00000000 0.00000000 / 255 0 255 255 / 1.00000000 0.00000000 / 0.00000000 -1.00000000 0.00000000 1.00000000
				-3.46035200 -5.49209300 1.39497600 / 1.00000000 0.00000000 0.00000000 / 255 0 255 255 / 0.00000000 0.00000000 / 0.00000000 -1.00000000 0.00000000 1.00000000
				-5.05849700 -5.55947600 1.73775000 / 1.00000000 0.00000000 0.00000000 / 255 0 255 255 / -0.28169250 0.33567810 / 0.00000000 1.00000000 0.00000000 1.00000000
				-5.05849700 -5.55947600 1.73775000 / 1.00000000 0.00000000 0.00000000 / 255 0 255 255 / -0.28169250 0.33567810 / 0.00000000 1.00000000 0.00000000 1.00000000
				-5.05849700 -5.57314800 1.73775000 / 1.00000000 0.00000000 0.00000000 / 255 0 255 255 / -0.30404660 0.33567810 / 0.00000000 1.00000000 0.00000000 1.00000000
				-5.05849700 -5.57314800 1.51753500 / 1.00000000 0.00000000 0.00000000 / 255 0 255 255 / -0.30404660 0.69075010 / 0.00000000 1.00000000 0.00000000 1.00000000
				-5.05849700 -5.57314800 1.51753500 / 1.00000000 0.00000000 0.00000000 / 255 0 255 255 / -0.30404660 0.69075010 / 0.00000000 1.00000000 0.00000000 1.00000000
				-5.05849700 -5.55947600 1.51753500 / 1.00000000 0.00000000 0.00000000 / 255 0 255 255 / -0.28169250 0.69075010 / 0.00000000 1.00000000 0.00000000 1.00000000
				-5.05849700 -5.57314800 1.73775000 / 0.00000000 -1.00000000 0.00000000 / 255 0 255 255 / -3.19882200 0.33567810 / 1.00000000 0.00000000 0.00000000 1.00000000
				-5.05849700 -5.57314800 1.73775000 / 0.00000000 -1.00000000 0.00000000 / 255 0 255 255 / -3.19882200 0.33567810 / 1.00000000 0.00000000 0.00000000 1.00000000
				-5.07168200 -5.57314800 1.73775000 / 0.00000000 -1.00000000 0.00000000 / 255 0 255 255 / -3.20990000 0.33567810 / 1.00000000 0.00000000 0.00000000 1.00000000
				-5.07168200 -5.57314800 1.51753500 / 0.00000000 -1.00000000 0.00000000 / 255 0 255 255 / -3.20990000 0.69075010 / 1.00000000 0.00000000 0.00000000 1.00000000
				-5.07168200 -5.57314800 1.51753500 / 0.00000000 -1.00000000 0.00000000 / 255 0 255 255 / -3.20990000 0.69075010 / 1.00000000 0.00000000 0.00000000 1.00000000
				-5.05849700 -5.57314800 1.51753500 / 0.00000000 -1.00000000 0.00000000 / 255 0 255 255 / -3.19882200 0.69075010 / 1.00000000 0.00000000 0.00000000 1.00000000
				-5.07168200 -5.57314800 1.73775000 / -1.00000000 0.00000000 0.00000000 / 255 0 255 255 / 1.29933200 0.33567810 / 0.00000000 -1.00000000 0.00000000 1.00000000
				-5.07168200 -5.57314800 1.73775000 / -1.00000000 0.00000000 0.00000000 / 255 0 255 255 / 1.29933200 0.33567810 / 0.00000000 -1.00000000 0.00000000 1.00000000
				-5.07168200 -5.55947600 1.73775000 / -1.00000000 0.00000000 0.00000000 / 255 0 255 255 / 1.27697800 0.33567810 / 0.00000000 -1.00000000 0.00000000 1.00000000
				-5.07168200 -5.55947600 1.51753500 / -1.00000000 0.00000000 0.00000000 / 255 0 255 255 / 1.27697800 0.69075010 / 0.00000000 -1.00000000 0.00000000 1.00000000
				-5.07168200 -5.55947600 1.51753500 / -1.00000000 0.00000000 0.00000000 / 255 0 255 255 / 1.27697800 0.69075010 / 0.00000000 -1.00000000 0.00000000 1.00000000
				-5.07168200 -5.57314800 1.51753500 / -1.00000000 0.00000000 0.00000000 / 255 0 255 255 / 1.29933200 0.69075010 / 0.00000000 -1.00000000 0.00000000 1.00000000
				-5.07168200 -5.55947600 1.73775000 / 0.00000000 1.00000000 0.00000000 / 255 0 255 255 / 4.20753500 0.33567810 / -1.00000000 0.00000000 0.00000000 1.00000000
				-5.07168200 -5.55947600 1.73775000 / 0.00000000 1.00000000 0.00000000 / 255 0 255 255 / 4.20753500 0.33567810 / -1.00000000 0.00000000 0.00000000 1.00000000
				-5.05849700 -5.55947600 1.73775000 / 0.00000000 1.00000000 0.00000000 / 255 0 255 255 / 4.19645700 0.33567810 / -1.00000000 0.00000000 0.00000000 1.00000000
				-5.05849700 -5.55947600 1.51753500 / 0.00000000 1.00000000 0.00000000 / 255 0 255 255 / 4.19645700 0.69075010 / -1.00000000 0.00000000 0.00000000 1.00000000
				-5.05849700 -5.55947600 1.51753500 / 0.00000000 1.00000000 0.00000000 / 255 0 255 255 / 4.19645700 0.69075010 / -1.00000000 0.00000000 0.00000000 1.00000000
				-5.07168200 -5.55947600 1.51753500 / 0.00000000 1.00000000 0.00000000 / 255 0 255 255 / 4.20753500 0.69075010 / -1.00000000 0.00000000 0.00000000 1.00000000
				-5.01797000 -5.55556900 1.75191000 / 1.00000000 0.00000000 0.00000000 / 255 0 255 255 / 0.51956180 0.36059570 / 0.00000000 1.00000000 0.00000000 1.00000000
				-5.01797000 -5.55556900 1.75191000 / 1.00000000 0.00000000 0.00000000 / 255 0 255 255 / 0.51956180 0.36059570 / 0.00000000 1.00000000 0.00000000 1.00000000
				-5.01797000 -5.57705400 1.75191000 / 1.00000000 0.00000000 0.00000000 / 255 0 255 255 / 0.36059570 0.36059570 / 0.00000000 1.00000000 0.00000000 1.00000000
				-5.01797000 -5.57705400 1.73726100 / 1.00000000 0.00000000 0.00000000 / 255 0 255 255 / 0.36059570 0.63940430 / 0.00000000 1.00000000 0.00000000 1.00000000
				-5.01797000 -5.57705400 1.73726100 / 1.00000000 0.00000000 0.00000000 / 255 0 255 255 / 0.36059570 0.63940430 / 0.00000000 1.00000000 0.00000000 1.00000000
				-5.01797000 -5.55556900 1.73726100 / 1.00000000 0.00000000 0.00000000 / 255 0 255 255 / 0.51956180 0.63940430 / 0.00000000 1.00000000 0.00000000 1.00000000
				-5.01797000 -5.57705400 1.75191000 / 0.00000000 -0.99999980 0.00000000 / 255 0 255 255 / 0.62362670 0.36059570 / 1.00000000 0.00000000 0.00000000 1.00000000
				-5.01797000 -5.57705400 1.75191000 / 0.00000000 -0.99999980 0.00000000 / 255 0 255 255 / 0.62362670 0.36059570 / 1.00000000 0.00000000 0.00000000 1.00000000
				-5.11220900 -5.57705400 1.75191000 / 0.00000000 -1.00000000 0.00000000 / 255 0 255 255 / 0.36059570 0.36059570 / 1.00000000 0.00000000 0.00000000 1.00000000
				-5.11220900 -5.57705400 1.73726100 / 0.00000000 -0.99999980 0.00000000 / 255 0 255 255 / 0.36059570 0.63940430 / 1.00000000 0.00000000 0.00000000 1.00000000
				-5.11220900 -5.57705400 1.73726100 / 0.00000000 -0.99999980 0.00000000 / 255 0 255 255 / 0.36059570 0.63940430 / 1.00000000 0.00000000 0.00000000 1.00000000
				-5.01797000 -5.57705400 1.73726100 / 0.00000000 -1.00000000 0.00000000 / 255 0 255 255 / 0.62362670 0.63940430 / 1.00000000 0.00000000 0.00000000 1.00000000
				-5.11220900 -5.57705400 1.75191000 / -1.00000000 0.00000000 0.00000000 / 255 0 255 255 / 0.51956180 0.36059570 / 0.00000000 -1.00000000 0.00000000 1.00000000
				-5.11220900 -5.57705400 1.75191000 / -1.00000000 0.00000000 0.00000000 / 255 0 255 255 / 0.51956180 0.36059570 / 0.00000000 -1.00000000 0.00000000 1.00000000
				-5.11220900 -5.55556900 1.75191000 / -1.00000000 0.00000000 0.00000000 / 255 0 255 255 / 0.36059570 0.36059570 / 0.00000000 -1.00000000 0.00000000 1.00000000
				-5.11220900 -5.55556900 1.73726100 / -1.00000000 0.00000000 0.00000000 / 255 0 255 255 / 0.36061100 0.63940430 / 0.00000000 -1.00000000 0.00000000 1.00000000
				-5.11220900 -5.55556900 1.73726100 / -1.00000000 0.00000000 0.00000000 / 255 0 255 255 / 0.36061100 0.63940430 / 0.00000000 -1.00000000 0.00000000 1.00000000
				-5.11220900 -5.57705400 1.73726100 / -1.00000000 0.00000000 0.00000000 / 255 0 255 255 / 0.51956180 0.63940430 / 0.00000000 -1.00000000 0.00000000 1.00000000
				-5.11220900 -5.55556900 1.75191000 / 0.00000000 0.99999980 0.00000000 / 255 0 255 255 / 0.62362670 0.36059570 / -1.00000000 0.00000000 0.00000000 1.00000000
				-5.11220900 -5.55556900 1.75191000 / 0.00000000 0.99999980 0.00000000 / 255 0 255 255 / 0.62362670 0.36059570 / -1.00000000 0.00000000 0.00000000 1.00000000
				-5.01797000 -5.55556900 1.75191000 / 0.00000000 1.00000000 0.00000000 / 255 0 255 255 / 0.36059570 0.36059570 / -1.00000000 0.00000000 0.00000000 1.00000000
				-5.01797000 -5.55556900 1.73726100 / 0.00000000 0.99999980 0.00000000 / 255 0 255 255 / 0.36059570 0.63940430 / -1.00000000 0.00000000 0.00000000 1.00000000
				-5.01797000 -5.55556900 1.73726100 / 0.00000000 0.99999980 0.00000000 / 255 0 255 255 / 0.36059570 0.63940430 / -1.00000000 0.00000000 0.00000000 1.00000000
				-5.11220900 -5.55556900 1.73726100 / 0.00000000 1.00000000 0.00000000 / 255 0 255 255 / 0.62362670 0.63940430 / -1.00000000 0.00000000 0.00000000 1.00000000
				-5.11220900 -5.55556900 1.73726100 / 0.00000000 0.00000000 -1.00000000 / 255 0 255 255 / 0.37637330 0.63938900 / 0.98554920 0.16938890 0.00000000 1.00000000
				-5.11220900 -5.55556900 1.73726100 / 0.00000000 0.00000000 -1.00000000 / 255 0 255 255 / 0.37637330 0.63938900 / 0.98554920 0.16938890 0.00000000 1.00000000
				-5.01797000 -5.55556900 1.73726100 / 0.00000000 0.00000000 -1.00000000 / 255 0 255 255 / 0.63940430 0.51956180 / 0.98555250 0.16937040 0.00000000 1.00000000
				-5.01797000 -5.57705400 1.73726100 / 0.00000000 0.00000000 -1.00000000 / 255 0 255 255 / 0.62362670 0.36059570 / 0.98554920 0.16938890 0.00000000 1.00000000
				-5.01797000 -5.57705400 1.73726100 / 0.00000000 0.00000000 -1.00000000 / 255 0 255 255 / 0.62362670 0.36059570 / 0.98554920 0.16938890 0.00000000 1.00000000
				-5.11220900 -5.57705400 1.73726100 / 0.00000000 0.00000000 -1.00000000 / 255 0 255 255 / 0.36059570 0.48043820 / 0.98554610 0.16940740 0.00000000 1.00000000
				-5.09170100 -5.56484700 1.73775000 / 0.96154670 -0.27464140 0.00000000 / 255 0 255 255 / 0.50000000 0.48722840 / 0.27464140 0.96154670 0.00000000 1.00000000
				-5.09170100 -5.56484700 1.73775000 / 0.96154670 -0.27464140 0.00000000 / 255 0 255 255 / 0.50000000 0.48722840 / 0.27464140 0.96154670 0.00000000 1.00000000
				-5.09365300 -5.57168300 1.73775000 / 0.96154670 -0.27464140 0.00000000 / 255 0 255 255 / 0.42134090 0.48722840 / 0.27464140 0.96154670 0.00000000 1.00000000
				-5.09365300 -5.57168300 1.73335500 / 0.96154670 -0.27464140 0.00000000 / 255 0 255 255 / 0.42134090 0.51277160 / 0.27464140 0.96154670 0.00000000 1.00000000
				-5.09365300 -5.57168300 1.73335500 / 0.96154670 -0.27464140 0.00000000 / 255 0 255 255 / 0.42134090 0.51277160 / 0.27464140 0.96154670 0.00000000 1.00000000
				-5.09170100 -5.56484700 1.73335500 / 0.96154670 -0.27464140 0.00000000 / 255 0 255 255 / 0.50000000 0.51277160 / 0.27464140 0.96154670 0.00000000 1.00000000
				-5.09365300 -5.57168300 1.73775000 / 0.19609160 -0.98058560 0.00000000 / 255 0 255 255 / 0.53933720 0.48722840 / 0.98058560 0.19609160 0.00000000 1.00000000
				-5.09365300 -5.57168300 1.73775000 / 0.19609160 -0.98058560 0.00000000 / 255 0 255 255 / 0.53933720 0.48722840 / 0.98058560 0.19609160 0.00000000 1.00000000
				-5.10097800 -5.57314800 1.73775000 / 0.19609160 -0.98058560 0.00000000 / 255 0 255 255 / 0.46066280 0.48722840 / 0.98058560 0.19609160 0.00000000 1.00000000
				-5.10097800 -5.57314800 1.73335500 / 0.19609160 -0.98058560 0.00000000 / 255 0 255 255 / 0.46066280 0.51277160 / 0.98058560 0.19609160 0.00000000 1.00000000
				-5.10097800 -5.57314800 1.73335500 / 0.19609160 -0.98058560 0.00000000 / 255 0 255 255 / 0.46066280 0.51277160 / 0.98058560 0.19609160 0.00000000 1.00000000
				-5.09365300 -5.57168300 1.73335500 / 0.19609160 -0.98058560 0.00000000 / 255 0 255 255 / 0.53933720 0.51277160 / 0.98058560 0.19609160 0.00000000 1.00000000
				-5.10097800 -5.57314800 1.73775000 / -0.70716950 -0.70704400 0.00000000 / 255 0 255 255 / 0.57865910 0.48722840 / 0.70704400 -0.70716950 0.00000000 1.00000000
				-5.10097800 -5.57314800 1.73775000 / -0.70716950 -0.70704400 0.00000000 / 255 0 255 255 / 0.57865910 0.48722840 / 0.70704400 -0.70716950 0.00000000 1.00000000
				-5.10634900 -5.56777600 1.73775000 / -0.70716950 -0.70704400 0.00000000 / 255 0 255 255 / 0.50000000 0.48722840 / 0.70704400 -0.70716950 0.00000000 1.00000000
				-5.10634900 -5.56777600 1.73335500 / -0.70716950 -0.70704400 0.00000000 / 255 0 255 255 / 0.50000000 0.51277160 / 0.70704400 -0.70716950 0.00000000 1.00000000
				-5.10634900 -5.56777600 1.73335500 / -0.70716950 -0.70704400 0.00000000 / 255 0 255 255 / 0.50000000 0.51277160 / 0.70704400 -0.70716950 0.00000000 1.00000000
				-5.10097800 -5.57314800 1.73335500 / -0.70716950 -0.70704400 0.00000000 / 255 0 255 255 / 0.57865910 0.51277160 / 0.70704400 -0.70716950 0.00000000 1.00000000
				-5.10634900 -5.56777600 1.73775000 / -0.94168540 0.33649460 0.00000000 / 255 0 255 255 / 0.50000000 0.48722840 / -0.33649460 -0.94168540 0.00000000 1.00000000
				-5.10634900 -5.56777600 1.73775000 / -0.94168540 0.33649460 0.00000000 / 255 0 255 255 / 0.50000000 0.48722840 / -0.33649460 -0.94168540 0.00000000 1.00000000
				-5.10390700 -5.56094100 1.73775000 / -0.94168540 0.33649460 0.00000000 / 255 0 255 255 / 0.42134090 0.48722840 / -0.33649460 -0.94168540 0.00000000 1.00000000
				-5.10390700 -5.56094100 1.73335500 / -0.94168540 0.33649460 0.00000000 / 255 0 255 255 / 0.42134090 0.51277160 / -0.33649460 -0.94168540 0.00000000 1.00000000
				-5.10390700 -5.56094100 1.73335500 / -0.94168540 0.33649460 0.00000000 / 255 0 255 255 / 0.42134090 0.51277160 / -0.33649460 -0.94168540 0.00000000 1.00000000
				-5.10634900 -5.56777600 1.73335500 / -0.94168540 0.33649460 0.00000000 / 255 0 255 255 / 0.50000000 0.51277160 / -0.33649460 -0.94168540 0.00000000 1.00000000
				-5.10390700 -5.56094100 1.73775000 / -0.19612840 0.98057830 0.00000000 / 255 0 255 255 / 0.53933720 0.48722840 / -0.98057820 -0.19612840 0.00000000 1.00000000
				-5.10390700 -5.56094100 1.73775000 / -0.19612840 0.98057830 0.00000000 / 255 0 255 255 / 0.53933720 0.48722840 / -0.98057820 -0.19612840 0.00000000 1.00000000
				-5.09658300 -5.55947600 1.73775000 / -0.19612840 0.98057820 0.00000000 / 255 0 255 255 / 0.46067810 0.48722840 / -0.98057820 -0.19612840 0.00000000 1.00000000
				-5.09658300 -5.55947600 1.73335500 / -0.19612840 0.98057830 0.00000000 / 255 0 255 255 / 0.46067810 0.51277160 / -0.98057820 -0.19612840 0.00000000 1.00000000
				-5.09658300 -5.55947600 1.73335500 / -0.19612840 0.98057830 0.00000000 / 255 0 255 255 / 0.46067810 0.51277160 / -0.98057820 -0.19612840 0.00000000 1.00000000
				-5.10390700 -5.56094100 1.73335500 / -0.19612840 0.98057820 0.00000000 / 255 0 255 255 / 0.53933720 0.51277160 / -0.98057820 -0.19612840 0.00000000 1.00000000
				-5.09658300 -5.55947600 1.73775000 / 0.73991030 0.67270550 0.00000000 / 255 0 255 255 / 0.57865910 0.48722840 / -0.67270550 0.73991030 0.00000000 1.00000000
				-5.09658300 -5.55947600 1.73775000 / 0.73991030 0.67270550 0.00000000 / 255 0 255 255 / 0.57865910 0.48722840 / -0.67270550 0.73991030 0.00000000 1.00000000
				-5.09170100 -5.56484700 1.73775000 / 0.73991030 0.67270550 0.00000000 / 255 0 255 255 / 0.50000000 0.48722840 / -0.67270550 0.73991030 0.00000000 1.00000000
				-5.09170100 -5.56484700 1.73335500 / 0.73991030 0.67270550 0.00000000 / 255 0 255 255 / 0.50000000 0.51277160 / -0.67270550 0.73991030 0.00000000 1.00000000
				-5.09170100 -5.56484700 1.73335500 / 0.73991030 0.67270550 0.00000000 / 255 0 255 255 / 0.50000000 0.51277160 / -0.67270550 0.73991030 0.00000000 1.00000000
				-5.09658300 -5.55947600 1.73335500 / 0.73991030 0.67270550 0.00000000 / 255 0 255 255 / 0.57865910 0.51277160 / -0.67270550 0.73991030 0.00000000 1.00000000
				-5.02382900 -5.56484700 1.73775000 / 0.96154670 -0.27464140 0.00000000 / 255 0 255 255 / 0.50000000 0.48722840 / 0.27464140 0.96154670 0.00000000 1.00000000
				-5.02382900 -5.56484700 1.73775000 / 0.96154670 -0.27464140 0.00000000 / 255 0 255 255 / 0.50000000 0.48722840 / 0.27464140 0.96154670 0.00000000 1.00000000
				-5.02578200 -5.57168300 1.73775000 / 0.96154670 -0.27464140 0.00000000 / 255 0 255 255 / 0.42134090 0.48722840 / 0.27464140 0.96154670 0.00000000 1.00000000
				-5.02578200 -5.57168300 1.73335500 / 0.96154670 -0.27464140 0.00000000 / 255 0 255 255 / 0.42134090 0.51277160 / 0.27464140 0.96154670 0.00000000 1.00000000
				-5.02578200 -5.57168300 1.73335500 / 0.96154670 -0.27464140 0.00000000 / 255 0 255 255 / 0.42134090 0.51277160 / 0.27464140 0.96154670 0.00000000 1.00000000
				-5.02382900 -5.56484700 1.73335500 / 0.96154670 -0.27464140 0.00000000 / 255 0 255 255 / 0.50000000 0.51277160 / 0.27464140 0.96154670 0.00000000 1.00000000
				-5.02578200 -5.57168300 1.73775000 / 0.19609160 -0.98058560 0.00000000 / 255 0 255 255 / 0.53933720 0.48722840 / 0.98058560 0.19609160 0.00000000 1.00000000
				-5.02578200 -5.57168300 1.73775000 / 0.19609160 -0.98058560 0.00000000 / 255 0 255 255 / 0.53933720 0.48722840 / 0.98058560 0.19609160 0.00000000 1.00000000
				-5.03310700 -5.57314800 1.73775000 / 0.19609160 -0.98058560 0.00000000 / 255 0 255 255 / 0.46066280 0.48722840 / 0.98058560 0.19609160 0.00000000 1.00000000
				-5.03310700 -5.57314800 1.73335500 / 0.19609160 -0.98058560 0.00000000 / 255 0 255 255 / 0.46066280 0.51277160 / 0.98058560 0.19609160 0.00000000 1.00000000
				-5.03310700 -5.57314800 1.73335500 / 0.19609160 -0.98058560 0.00000000 / 255 0 255 255 / 0.46066280 0.51277160 / 0.98058560 0.19609160 0.00000000 1.00000000
				-5.02578200 -5.57168300 1.73335500 / 0.19609160 -0.98058560 0.00000000 / 255 0 255 255 / 0.53933720 0.51277160 / 0.98058560 0.19609160 0.00000000 1.00000000
				-5.03310700 -5.57314800 1.73775000 / -0.70716950 -0.70704400 0.00000000 / 255 0 255 255 / 0.57865910 0.48722840 / 0.70704400 -0.70716950 0.00000000 1.00000000
				-5.03310700 -5.57314800 1.73775000 / -0.70716950 -0.70704400 0.00000000 / 255 0 255 255 / 0.57865910 0.48722840 / 0.70704400 -0.70716950 0.00000000 1.00000000
				-5.03847800 -5.56777600 1.73775000 / -0.70716950 -0.70704400 0.00000000 / 255 0 255 255 / 0.50000000 0.48722840 / 0.70704400 -0.70716950 0.00000000 1.00000000
				-5.03847800 -5.56777600 1.73335500 / -0.70716950 -0.70704400 0.00000000 / 255 0 255 255 / 0.50000000 0.51277160 / 0.70704400 -0.70716950 0.00000000 1.00000000
				-5.03847800 -5.56777600 1.73335500 / -0.70716950 -0.70704400 0.00000000 / 255 0 255 255 / 0.50000000 0.51277160 / 0.70704400 -0.70716950 0.00000000 1.00000000
				-5.03310700 -5.57314800 1.73335500 / -0.70716950 -0.70704400 0.00000000 / 255 0 255 255 / 0.57865910 0.51277160 / 0.70704400 -0.70716950 0.00000000 1.00000000
				-5.03847800 -5.56777600 1.73775000 / -0.94170620 0.33643620 0.00000000 / 255 0 255 255 / 0.50000000 0.48722840 / -0.33643620 -0.94170620 0.00000000 1.00000000
				-5.03847800 -5.56777600 1.73775000 / -0.94170620 0.33643620 0.00000000 / 255 0 255 255 / 0.50000000 0.48722840 / -0.33643620 -0.94170620 0.00000000 1.00000000
				-5.03603600 -5.56094100 1.73775000 / -0.94170620 0.33643630 0.00000000 / 255 0 255 255 / 0.42134090 0.48722840 / -0.33643630 -0.94170620 0.00000000 1.00000000
				-5.03603600 -5.56094100 1.73335500 / -0.94170620 0.33643620 0.00000000 / 255 0 255 255 / 0.42134090 0.51277160 / -0.33643620 -0.94170620 0.00000000 1.00000000
				-5.03603600 -5.56094100 1.73335500 / -0.94170620 0.33643620 0.00000000 / 255 0 255 255 / 0.42134090 0.51277160 / -0.33643620 -0.94170620 0.00000000 1.00000000
				-5.03847800 -5.56777600 1.73335500 / -0.94170620 0.33643630 0.00000000 / 255 0 255 255 / 0.50000000 0.51277160 / -0.33643630 -0.94170620 0.00000000 1.00000000
				-5.03603600 -5.56094100 1.73775000 / -0.19611610 0.98058070 0.00000000 / 255 0 255 255 / 0.53933720 0.48722840 / -0.98058070 -0.19611610 0.00000000 1.00000000
				-5.03603600 -5.56094100 1.73775000 / -0.19611610 0.98058070 0.00000000 / 255 0 255 255 / 0.53933720 0.48722840 / -0.98058070 -0.19611610 0.00000000 1.00000000
				-5.02871200 -5.55947600 1.73775000 / -0.19611610 0.98058070 0.00000000 / 255 0 255 255 / 0.46067810 0.48722840 / -0.98058070 -0.19611610 0.00000000 1.00000000
				-5.02871200 -5.55947600 1.73335500 / -0.19611610 0.98058070 0.00000000 / 255 0 255 255 / 0.46067810 0.51277160 / -0.98058070 -0.19611610 0.00000000 1.00000000
				-5.02871200 -5.55947600 1.73335500 / -0.19611610 0.98058070 0.00000000 / 255 0 255 255 / 0.46067810 0.51277160 / -0.98058070 -0.19611610 0.00000000 1.00000000
				-5.03603600 -5.56094100 1.73335500 / -0.19611610 0.98058070 0.00000000 / 255 0 255 255 / 0.53933720 0.51277160 / -0.98058070 -0.19611610 0.00000000 1.00000000
				-5.02871200 -5.55947600 1.73775000 / 0.73991030 0.67270550 0.00000000 / 255 0 255 255 / 0.57865910 0.48722840 / -0.67270550 0.73991030 0.00000000 1.00000000
				-5.02871200 -5.55947600 1.73775000 / 0.73991030 0.67270550 0.00000000 / 255 0 255 255 / 0.57865910 0.48722840 / -0.67270550 0.73991030 0.00000000 1.00000000
				-5.02382900 -5.56484700 1.73775000 / 0.73991030 0.67270550 0.00000000 / 255 0 255 255 / 0.50000000 0.48722840 / -0.67270550 0.73991030 0.00000000 1.00000000
				-5.02382900 -5.56484700 1.73335500 / 0.73991030 0.67270550 0.00000000 / 255 0 255 255 / 0.50000000 0.51277160 / -0.67270550 0.73991030 0.00000000 1.00000000
				-5.02382900 -5.56484700 1.73335500 / 0.73991030 0.67270550 0.00000000 / 255 0 255 255 / 0.50000000 0.51277160 / -0.67270550 0.73991030 0.00000000 1.00000000
				-5.02871200 -5.55947600 1.73335500 / 0.73991030 0.67270550 0.00000000 / 255 0 255 255 / 0.57865910 0.51277160 / -0.67270550 0.73991030 0.00000000 1.00000000
				-3.55752000 -5.55556900 1.75191000 / 1.00000000 0.00000000 0.00000000 / 255 0 255 255 / 0.51956180 0.36059570 / 0.00000000 1.00000000 0.00000000 1.00000000
				-3.55752000 -5.55556900 1.75191000 / 1.00000000 0.00000000 0.00000000 / 255 0 255 255 / 0.51956180 0.36059570 / 0.00000000 1.00000000 0.00000000 1.00000000
				-3.55752000 -5.57705400 1.75191000 / 1.00000000 0.00000000 0.00000000 / 255 0 255 255 / 0.36059570 0.36059570 / 0.00000000 1.00000000 0.00000000 1.00000000
				-3.55752000 -5.57705400 1.73726100 / 1.00000000 0.00000000 0.00000000 / 255 0 255 255 / 0.36059570 0.63940430 / 0.00000000 1.00000000 0.00000000 1.00000000
				-3.55752000 -5.57705400 1.73726100 / 1.00000000 0.00000000 0.00000000 / 255 0 255 255 / 0.36059570 0.63940430 / 0.00000000 1.00000000 0.00000000 1.00000000
				-3.55752000 -5.55556900 1.73726100 / 1.00000000 0.00000000 0.00000000 / 255 0 255 255 / 0.51956180 0.63940430 / 0.00000000 1.00000000 0.00000000 1.00000000
				-3.55752000 -5.57705400 1.75191000 / 0.00000000 -1.00000000 0.00000000 / 255 0 255 255 / 0.62362670 0.36059570 / 1.00000000 0.00000000 0.00000000 1.00000000
				-3.55752000 -5.57705400 1.75191000 / 0.00000000 -1.00000000 0.00000000 / 255 0 255 255 / 0.62362670 0.36059570 / 1.00000000 0.00000000 0.00000000 1.00000000
				-3.65224700 -5.57705400 1.75191000 / 0.00000000 -1.00000000 0.00000000 / 255 0 255 255 / 0.36059570 0.36059570 / 1.00000000 0.00000000 0.00000000 1.00000000
				-3.65224700 -5.57705400 1.73726100 / 0.00000000 -1.00000000 0.00000000 / 255 0 255 255 / 0.36059570 0.63940430 / 1.00000000 0.00000000 0.00000000 1.00000000
				-3.65224700 -5.57705400 1.73726100 / 0.00000000 -1.00000000 0.00000000 / 255 0 255 255 / 0.36059570 0.63940430 / 1.00000000 0.00000000 0.00000000 1.00000000
				-3.55752000 -5.57705400 1.73726100 / 0.00000000 -1.00000000 0.00000000 / 255 0 255 255 / 0.62362670 0.63940430 / 1.00000000 0.00000000 0.00000000 1.00000000
				-3.65224700 -5.57705400 1.75191000 / -1.00000000 0.00000000 0.00000000 / 255 0 255 255 / 0.51956180 0.36059570 / 0.00000000 -1.00000000 0.00000000 1.00000000
				-3.65224700 -5.57705400 1.75191000 / -1.00000000 0.00000000 0.00000000 / 255 0 255 255 / 0.51956180 0.36059570 / 0.00000000 -1.00000000 0.00000000 1.00000000
				-3.65224700 -5.55556900 1.75191000 / -1.00000000 0.00000000 0.00000000 / 255 0 255 255 / 0.36059570 0.36059570 / 0.00000000 -1.00000000 0.00000000 1.00000000
				-3.65224700 -5.55556900 1.73726100 / -1.00000000 0.00000000 0.00000000 / 255 0 255 255 / 0.36061100 0.63940430 / 0.00000000 -1.00000000 0.00000000 1.00000000
				-3.65224700 -5.55556900 1.73726100 / -1.00000000 0.00000000 0.00000000 / 255 0 255 255 / 0.36061100 0.63940430 / 0.00000000 -1.00000000 0.00000000 1.00000000
				-3.65224700 -5.57705400 1.73726100 / -1.00000000 0.00000000 0.00000000 / 255 0 255 255 / 0.51956180 0.63940430 / 0.00000000 -1.00000000 0.00000000 1.00000000
				-3.65224700 -5.55556900 1.75191000 / 0.00000000 1.00000000 0.00000000 / 255 0 255 255 / 0.62362670 0.36059570 / -1.00000000 0.00000000 0.00000000 1.00000000
				-3.65224700 -5.55556900 1.75191000 / 0.00000000 1.00000000 0.00000000 / 255 0 255 255 / 0.62362670 0.36059570 / -1.00000000 0.00000000 0.00000000 1.00000000
				-3.55752000 -5.55556900 1.75191000 / 0.00000000 1.00000000 0.00000000 / 255 0 255 255 / 0.36059570 0.36059570 / -1.00000000 0.00000000 0.00000000 1.00000000
				-3.55752000 -5.55556900 1.73726100 / 0.00000000 1.00000000 0.00000000 / 255 0 255 255 / 0.36059570 0.63940430 / -1.00000000 0.00000000 0.00000000 1.00000000
				-3.55752000 -5.55556900 1.73726100 / 0.00000000 1.00000000 0.00000000 / 255 0 255 255 / 0.36059570 0.63940430 / -1.00000000 0.00000000 0.00000000 1.00000000
				-3.65224700 -5.55556900 1.73726100 / 0.00000000 1.00000000 0.00000000 / 255 0 255 255 / 0.62362670 0.63940430 / -1.00000000 0.00000000 0.00000000 1.00000000
				-3.65224700 -5.55556900 1.73726100 / 0.00000000 0.00000000 -1.00000000 / 255 0 255 255 / 0.37637330 0.63938900 / 0.98569500 0.16853900 0.00000000 1.00000000
				-3.65224700 -5.55556900 1.73726100 / 0.00000000 0.00000000 -1.00000000 / 255 0 255 255 / 0.37637330 0.63938900 / 0.98569500 0.16853900 0.00000000 1.00000000
				-3.55752000 -5.55556900 1.73726100 / 0.00000000 0.00000000 -1.00000000 / 255 0 255 255 / 0.63940430 0.51956180 / 0.98569810 0.16852060 0.00000000 1.00000000
				-3.55752000 -5.57705400 1.73726100 / 0.00000000 0.00000000 -1.00000000 / 255 0 255 255 / 0.62362670 0.36059570 / 0.98569500 0.16853900 0.00000000 1.00000000
				-3.55752000 -5.57705400 1.73726100 / 0.00000000 0.00000000 -1.00000000 / 255 0 255 255 / 0.62362670 0.36059570 / 0.98569500 0.16853900 0.00000000 1.00000000
				-3.65224700 -5.57705400 1.73726100 / 0.00000000 0.00000000 -1.00000000 / 255 0 255 255 / 0.36059570 0.48043820 / 0.98569180 0.16855740 0.00000000 1.00000000
				-3.63125100 -5.56484700 1.73775000 / 0.94177010 -0.33625730 0.00000000 / 255 0 255 255 / 0.50000000 0.48722840 / 0.33625730 0.94177010 0.00000000 1.00000000
				-3.63125100 -5.56484700 1.73775000 / 0.94177010 -0.33625730 0.00000000 / 255 0 255 255 / 0.50000000 0.48722840 / 0.33625730 0.94177010 0.00000000 1.00000000
				-3.63369200 -5.57168300 1.73775000 / 0.94177010 -0.33625730 0.00000000 / 255 0 255 255 / 0.42134090 0.48722840 / 0.33625730 0.94177010 0.00000000 1.00000000
				-3.63369200 -5.57168300 1.73335500 / 0.94177010 -0.33625730 0.00000000 / 255 0 255 255 / 0.42134090 0.51277160 / 0.33625730 0.94177010 0.00000000 1.00000000
				-3.63369200 -5.57168300 1.73335500 / 0.94177010 -0.33625730 0.00000000 / 255 0 255 255 / 0.42134090 0.51277160 / 0.33625730 0.94177010 0.00000000 1.00000000
				-3.63125100 -5.56484700 1.73335500 / 0.94177010 -0.33625730 0.00000000 / 255 0 255 255 / 0.50000000 0.51277160 / 0.33625730 0.94177010 0.00000000 1.00000000
				-3.63369200 -5.57168300 1.73775000 / 0.20952210 -0.97780390 0.00000000 / 255 0 255 255 / 0.53933720 0.48722840 / 0.97780390 0.20952210 0.00000000 1.00000000
				-3.63369200 -5.57168300 1.73775000 / 0.20952210 -0.97780390 0.00000000 / 255 0 255 255 / 0.53933720 0.48722840 / 0.97780390 0.20952210 0.00000000 1.00000000
				-3.64052800 -5.57314800 1.73775000 / 0.20952210 -0.97780390 0.00000000 / 255 0 255 255 / 0.46066280 0.48722840 / 0.97780390 0.20952210 0.00000000 1.00000000
				-3.64052800 -5.57314800 1.73335500 / 0.20952210 -0.97780390 0.00000000 / 255 0 255 255 / 0.46066280 0.51277160 / 0.97780390 0.20952210 0.00000000 1.00000000
				-3.64052800 -5.57314800 1.73335500 / 0.20952210 -0.97780390 0.00000000 / 255 0 255 255 / 0.46066280 0.51277160 / 0.97780390 0.20952210 0.00000000 1.00000000
				-3.63369200 -5.57168300 1.73335500 / 0.20952210 -0.97780390 0.00000000 / 255 0 255 255 / 0.53933720 0.51277160 / 0.97780390 0.20952210 0.00000000 1.00000000
				-3.64052800 -5.57314800 1.73775000 / -0.70718520 -0.70702830 0.00000000 / 255 0 255 255 / 0.57865910 0.48722840 / 0.70702830 -0.70718520 0.00000000 1.00000000
				-3.64052800 -5.57314800 1.73775000 / -0.70718520 -0.70702830 0.00000000 / 255 0 255 255 / 0.57865910 0.48722840 / 0.70702830 -0.70718520 0.00000000 1.00000000
				-3.64589900 -5.56777600 1.73775000 / -0.70718520 -0.70702830 0.00000000 / 255 0 255 255 / 0.50000000 0.48722840 / 0.70702830 -0.70718520 0.00000000 1.00000000
				-3.64589900 -5.56777600 1.73335500 / -0.70718520 -0.70702830 0.00000000 / 255 0 255 255 / 0.50000000 0.51277160 / 0.70702830 -0.70718520 0.00000000 1.00000000
				-3.64589900 -5.56777600 1.73335500 / -0.70718520 -0.70702830 0.00000000 / 255 0 255 255 / 0.50000000 0.51277160 / 0.70702830 -0.70718520 0.00000000 1.00000000
				-3.64052800 -5.57314800 1.73335500 / -0.70718520 -0.70702830 0.00000000 / 255 0 255 255 / 0.57865910 0.51277160 / 0.70702830 -0.70718520 0.00000000 1.00000000
				-3.64589900 -5.56777600 1.73775000 / -0.94174780 0.33631970 0.00000000 / 255 0 255 255 / 0.50000000 0.48722840 / -0.33631970 -0.94174780 0.00000000 1.00000000
				-3.64589900 -5.56777600 1.73775000 / -0.94174780 0.33631970 0.00000000 / 255 0 255 255 / 0.50000000 0.48722840 / -0.33631970 -0.94174780 0.00000000 1.00000000
				-3.64345800 -5.56094100 1.73775000 / -0.94174790 0.33631980 0.00000000 / 255 0 255 255 / 0.42134090 0.48722840 / -0.33631980 -0.94174780 0.00000000 1.00000000
				-3.64345800 -5.56094100 1.73335500 / -0.94174780 0.33631970 0.00000000 / 255 0 255 255 / 0.42134090 0.51277160 / -0.33631970 -0.94174780 0.00000000 1.00000000
				-3.64345800 -5.56094100 1.73335500 / -0.94174780 0.33631970 0.00000000 / 255 0 255 255 / 0.42134090 0.51277160 / -0.33631970 -0.94174780 0.00000000 1.00000000
				-3.64589900 -5.56777600 1.73335500 / -0.94174790 0.33631980 0.00000000 / 255 0 255 255 / 0.50000000 0.51277160 / -0.33631980 -0.94174780 0.00000000 1.00000000
				-3.64345800 -5.56094100 1.73775000 / -0.19612230 0.98057950 0.00000000 / 255 0 255 255 / 0.53933720 0.48722840 / -0.98057940 -0.19612230 0.00000000 1.00000000
				-3.64345800 -5.56094100 1.73775000 / -0.19612230 0.98057950 0.00000000 / 255 0 255 255 / 0.53933720 0.48722840 / -0.98057940 -0.19612230 0.00000000 1.00000000
				-3.63613400 -5.55947600 1.73775000 / -0.19612230 0.98057940 0.00000000 / 255 0 255 255 / 0.46067810 0.48722840 / -0.98057940 -0.19612230 0.00000000 1.00000000
				-3.63613400 -5.55947600 1.73335500 / -0.19612230 0.98057950 0.00000000 / 255 0 255 255 / 0.46067810 0.51277160 / -0.98057940 -0.19612230 0.00000000 1.00000000
				-3.63613400 -5.55947600 1.73335500 / -0.19612230 0.98057950 0.00000000 / 255 0 255 255 / 0.46067810 0.51277160 / -0.98057940 -0.19612230 0.00000000 1.00000000
				-3.64345800 -5.56094100 1.73335500 / -0.19612230 0.98057940 0.00000000 / 255 0 255 255 / 0.53933720 0.51277160 / -0.98057940 -0.19612230 0.00000000 1.00000000
				-3.63613400 -5.55947600 1.73775000 / 0.73989390 0.67272350 0.00000000 / 255 0 255 255 / 0.57865910 0.48722840 / -0.67272350 0.73989390 0.00000000 1.00000000
				-3.63613400 -5.55947600 1.73775000 / 0.73989390 0.67272350 0.00000000 / 255 0 255 255 / 0.57865910 0.48722840 / -0.67272350 0.73989390 0.00000000 1.00000000
				-3.63125100 -5.56484700 1.73775000 / 0.73989390 0.67272340 0.00000000 / 255 0 255 255 / 0.50000000 0.48722840 / -0.67272340 0.73989390 0.00000000 1.00000000
				-3.63125100 -5.56484700 1.73335500 / 0.73989390 0.67272350 0.00000000 / 255 0 255 255 / 0.50000000 0.51277160 / -0.67272350 0.73989390 0.00000000 1.00000000
				-3.63125100 -5.56484700 1.73335500 / 0.73989390 0.67272350 0.00000000 / 255 0 255 255 / 0.50000000 0.51277160 / -0.67272350 0.73989390 0.00000000 1.00000000
				-3.63613400 -5.55947600 1.73335500 / 0.73989390 0.67272340 0.00000000 / 255 0 255 255 / 0.57865910 0.51277160 / -0.67272340 0.73989390 0.00000000 1.00000000
				-3.56338000 -5.56484700 1.73775000 / 0.94175980 -0.33628650 0.00000000 / 255 0 255 255 / 0.50000000 0.48722840 / 0.33628650 0.94175980 0.00000000 1.00000000
				-3.56338000 -5.56484700 1.73775000 / 0.94175980 -0.33628650 0.00000000 / 255 0 255 255 / 0.50000000 0.48722840 / 0.33628650 0.94175980 0.00000000 1.00000000
				-3.56582100 -5.57168300 1.73775000 / 0.94175980 -0.33628650 0.00000000 / 255 0 255 255 / 0.42134090 0.48722840 / 0.33628650 0.94175970 0.00000000 1.00000000
				-3.56582100 -5.57168300 1.73335500 / 0.94175980 -0.33628650 0.00000000 / 255 0 255 255 / 0.42134090 0.51277160 / 0.33628650 0.94175980 0.00000000 1.00000000
				-3.56582100 -5.57168300 1.73335500 / 0.94175980 -0.33628650 0.00000000 / 255 0 255 255 / 0.42134090 0.51277160 / 0.33628650 0.94175980 0.00000000 1.00000000
				-3.56338000 -5.56484700 1.73335500 / 0.94175980 -0.33628650 0.00000000 / 255 0 255 255 / 0.50000000 0.51277160 / 0.33628650 0.94175970 0.00000000 1.00000000
				-3.56582100 -5.57168300 1.73775000 / 0.20952910 -0.97780250 0.00000000 / 255 0 255 255 / 0.53933720 0.48722840 / 0.97780240 0.20952910 0.00000000 1.00000000
				-3.56582100 -5.57168300 1.73775000 / 0.20952910 -0.97780250 0.00000000 / 255 0 255 255 / 0.53933720 0.48722840 / 0.97780240 0.20952910 0.00000000 1.00000000
				-3.57265700 -5.57314800 1.73775000 / 0.20952910 -0.97780240 0.00000000 / 255 0 255 255 / 0.46066280 0.48722840 / 0.97780240 0.20952910 0.00000000 1.00000000
				-3.57265700 -5.57314800 1.73335500 / 0.20952910 -0.97780250 0.00000000 / 255 0 255 255 / 0.46066280 0.51277160 / 0.97780240 0.20952910 0.00000000 1.00000000
				-3.57265700 -5.57314800 1.73335500 / 0.20952910 -0.97780250 0.00000000 / 255 0 255 255 / 0.46066280 0.51277160 / 0.97780240 0.20952910 0.00000000 1.00000000
				-3.56582100 -5.57168300 1.73335500 / 0.20952910 -0.97780240 0.00000000 / 255 0 255 255 / 0.53933720 0.51277160 / 0.97780240 0.20952910 0.00000000 1.00000000
				-3.57265700 -5.57314800 1.73775000 / -0.70716950 -0.70704400 0.00000000 / 255 0 255 255 / 0.57865910 0.48722840 / 0.70704400 -0.70716950 0.00000000 1.00000000
				-3.57265700 -5.57314800 1.73775000 / -0.70716950 -0.70704400 0.00000000 / 255 0 255 255 / 0.57865910 0.48722840 / 0.70704400 -0.70716950 0.00000000 1.00000000
				-3.57802800 -5.56777600 1.73775000 / -0.70716950 -0.70704400 0.00000000 / 255 0 255 255 / 0.50000000 0.48722840 / 0.70704400 -0.70716950 0.00000000 1.00000000
				-3.57802800 -5.56777600 1.73335500 / -0.70716950 -0.70704400 0.00000000 / 255 0 255 255 / 0.50000000 0.51277160 / 0.70704400 -0.70716950 0.00000000 1.00000000
				-3.57802800 -5.56777600 1.73335500 / -0.70716950 -0.70704400 0.00000000 / 255 0 255 255 / 0.50000000 0.51277160 / 0.70704400 -0.70716950 0.00000000 1.00000000
				-3.57265700 -5.57314800 1.73335500 / -0.70716950 -0.70704400 0.00000000 / 255 0 255 255 / 0.57865910 0.51277160 / 0.70704400 -0.70716950 0.00000000 1.00000000
				-3.57802800 -5.56777600 1.73775000 / -0.94173740 0.33634890 0.00000000 / 255 0 255 255 / 0.50000000 0.48722840 / -0.33634890 -0.94173750 0.00000000 1.00000000
				-3.57802800 -5.56777600 1.73775000 / -0.94173740 0.33634890 0.00000000 / 255 0 255 255 / 0.50000000 0.48722840 / -0.33634890 -0.94173750 0.00000000 1.00000000
				-3.57558700 -5.56094100 1.73775000 / -0.94173740 0.33634890 0.00000000 / 255 0 255 255 / 0.42134090 0.48722840 / -0.33634890 -0.94173750 0.00000000 1.00000000
				-3.57558700 -5.56094100 1.73335500 / -0.94173740 0.33634890 0.00000000 / 255 0 255 255 / 0.42134090 0.51277160 / -0.33634890 -0.94173750 0.00000000 1.00000000
				-3.57558700 -5.56094100 1.73335500 / -0.94173740 0.33634890 0.00000000 / 255 0 255 255 / 0.42134090 0.51277160 / -0.33634890 -0.94173750 0.00000000 1.00000000
				-3.57802800 -5.56777600 1.73335500 / -0.94173740 0.33634890 0.00000000 / 255 0 255 255 / 0.50000000 0.51277160 / -0.33634890 -0.94173750 0.00000000 1.00000000
				-3.57558700 -5.56094100 1.73775000 / -0.19612230 0.98057950 0.00000000 / 255 0 255 255 / 0.53933720 0.48722840 / -0.98057940 -0.19612230 0.00000000 1.00000000
				-3.57558700 -5.56094100 1.73775000 / -0.19612230 0.98057950 0.00000000 / 255 0 255 255 / 0.53933720 0.48722840 / -0.98057940 -0.19612230 0.00000000 1.00000000
				-3.56826300 -5.55947600 1.73775000 / -0.19612230 0.98057940 0.00000000 / 255 0 255 255 / 0.46067810 0.48722840 / -0.98057940 -0.19612230 0.00000000 1.00000000
				-3.56826300 -5.55947600 1.73335500 / -0.19612230 0.98057950 0.00000000 / 255 0 255 255 / 0.46067810 0.51277160 / -0.98057940 -0.19612230 0.00000000 1.00000000
				-3.56826300 -5.55947600 1.73335500 / -0.19612230 0.98057950 0.00000000 / 255 0 255 255 / 0.46067810 0.51277160 / -0.98057940 -0.19612230 0.00000000 1.00000000
				-3.57558700 -5.56094100 1.73335500 / -0.19612230 0.98057940 0.00000000 / 255 0 255 255 / 0.53933720 0.51277160 / -0.98057940 -0.19612230 0.00000000 1.00000000
				-3.56826300 -5.55947600 1.73775000 / 0.73989390 0.67272350 0.00000000 / 255 0 255 255 / 0.57865910 0.48722840 / -0.67272350 0.73989390 0.00000000 1.00000000
				-3.56826300 -5.55947600 1.73775000 / 0.73989390 0.67272350 0.00000000 / 255 0 255 255 / 0.57865910 0.48722840 / -0.67272350 0.73989390 0.00000000 1.00000000
				-3.56338000 -5.56484700 1.73775000 / 0.73989390 0.67272340 0.00000000 / 255 0 255 255 / 0.50000000 0.48722840 / -0.67272340 0.73989390 0.00000000 1.00000000
				-3.56338000 -5.56484700 1.73335500 / 0.73989390 0.67272350 0.00000000 / 255 0 255 255 / 0.50000000 0.51277160 / -0.67272350 0.73989390 0.00000000 1.00000000
				-3.56338000 -5.56484700 1.73335500 / 0.73989390 0.67272350 0.00000000 / 255 0 255 255 / 0.50000000 0.51277160 / -0.67272350 0.73989390 0.00000000 1.00000000
				-3.56826300 -5.55947600 1.73335500 / 0.73989390 0.67272340 0.00000000 / 255 0 255 255 / 0.57865910 0.51277160 / -0.67272340 0.73989390 0.00000000 1.00000000
				-3.59658300 -5.55947600 1.73775000 / 1.00000000 0.00000000 0.00000000 / 255 0 255 255 / -0.28169250 0.33567810 / 0.00000000 1.00000000 0.00000000 1.00000000
				-3.59658300 -5.55947600 1.73775000 / 1.00000000 0.00000000 0.00000000 / 255 0 255 255 / -0.28169250 0.33567810 / 0.00000000 1.00000000 0.00000000 1.00000000
				-3.59658300 -5.57314800 1.73775000 / 1.00000000 0.00000000 0.00000000 / 255 0 255 255 / -0.30404660 0.33567810 / 0.00000000 1.00000000 0.00000000 1.00000000
				-3.59658300 -5.57314800 1.51753500 / 1.00000000 0.00000000 0.00000000 / 255 0 255 255 / -0.30404660 0.69075010 / 0.00000000 1.00000000 0.00000000 1.00000000
				-3.59658300 -5.57314800 1.51753500 / 1.00000000 0.00000000 0.00000000 / 255 0 255 255 / -0.30404660 0.69075010 / 0.00000000 1.00000000 0.00000000 1.00000000
				-3.59658300 -5.55947600 1.51753500 / 1.00000000 0.00000000 0.00000000 / 255 0 255 255 / -0.28169250 0.69075010 / 0.00000000 1.00000000 0.00000000 1.00000000
				-3.59658300 -5.57314800 1.73775000 / 0.00000000 -1.00000000 0.00000000 / 255 0 255 255 / -3.19882200 0.33567810 / 1.00000000 0.00000000 0.00000000 1.00000000
				-3.59658300 -5.57314800 1.73775000 / 0.00000000 -1.00000000 0.00000000 / 255 0 255 255 / -3.19882200 0.33567810 / 1.00000000 0.00000000 0.00000000 1.00000000
				-3.60976700 -5.57314800 1.73775000 / 0.00000000 -1.00000000 0.00000000 / 255 0 255 255 / -3.20990000 0.33567810 / 1.00000000 0.00000000 0.00000000 1.00000000
				-3.60976700 -5.57314800 1.51753500 / 0.00000000 -1.00000000 0.00000000 / 255 0 255 255 / -3.20990000 0.69075010 / 1.00000000 0.00000000 0.00000000 1.00000000
				-3.60976700 -5.57314800 1.51753500 / 0.00000000 -1.00000000 0.00000000 / 255 0 255 255 / -3.20990000 0.69075010 / 1.00000000 0.00000000 0.00000000 1.00000000
				-3.59658300 -5.57314800 1.51753500 / 0.00000000 -1.00000000 0.00000000 / 255 0 255 255 / -3.19882200 0.69075010 / 1.00000000 0.00000000 0.00000000 1.00000000
				-3.60976700 -5.57314800 1.73775000 / -1.00000000 0.00000000 0.00000000 / 255 0 255 255 / 1.29933200 0.33567810 / 0.00000000 -1.00000000 0.00000000 1.00000000
				-3.60976700 -5.57314800 1.73775000 / -1.00000000 0.00000000 0.00000000 / 255 0 255 255 / 1.29933200 0.33567810 / 0.00000000 -1.00000000 0.00000000 1.00000000
				-3.60976700 -5.55947600 1.73775000 / -1.00000000 0.00000000 0.00000000 / 255 0 255 255 / 1.27697800 0.33567810 / 0.00000000 -1.00000000 0.00000000 1.00000000
				-3.60976700 -5.55947600 1.51753500 / -1.00000000 0.00000000 0.00000000 / 255 0 255 255 / 1.27697800 0.69075010 / 0.00000000 -1.00000000 0.00000000 1.00000000
				-3.60976700 -5.55947600 1.51753500 / -1.00000000 0.00000000 0.00000000 / 255 0 255 255 / 1.27697800 0.69075010 / 0.00000000 -1.00000000 0.00000000 1.00000000
				-3.60976700 -5.57314800 1.51753500 / -1.00000000 0.00000000 0.00000000 / 255 0 255 255 / 1.29933200 0.69075010 / 0.00000000 -1.00000000 0.00000000 1.00000000
				-3.60976700 -5.55947600 1.73775000 / 0.00000000 1.00000000 0.00000000 / 255 0 255 255 / 4.20753500 0.33567810 / -1.00000000 0.00000000 0.00000000 1.00000000
				-3.60976700 -5.55947600 1.73775000 / 0.00000000 1.00000000 0.00000000 / 255 0 255 255 / 4.20753500 0.33567810 / -1.00000000 0.00000000 0.00000000 1.00000000
				-3.59658300 -5.55947600 1.73775000 / 0.00000000 1.00000000 0.00000000 / 255 0 255 255 / 4.19645700 0.33567810 / -1.00000000 0.00000000 0.00000000 1.00000000
				-3.59658300 -5.55947600 1.51753500 / 0.00000000 1.00000000 0.00000000 / 255 0 255 255 / 4.19645700 0.69075010 / -1.00000000 0.00000000 0.00000000 1.00000000
				-3.59658300 -5.55947600 1.51753500 / 0.00000000 1.00000000 0.00000000 / 255 0 255 255 / 4.19645700 0.69075010 / -1.00000000 0.00000000 0.00000000 1.00000000
				-3.60976700 -5.55947600 1.51753500 / 0.00000000 1.00000000 0.00000000 / 255 0 255 255 / 4.20753500 0.69075010 / -1.00000000 0.00000000 0.00000000 1.00000000
				-3.44326300 2.52402000 1.44526900 / 0.00000000 0.00000000 -1.00000000 / 255 0 255 255 / 0.99949650 0.99949650 / 1.00000000 0.00000130 0.00000000 1.00000000
				-3.44326300 2.52402000 1.44526900 / 0.00000000 0.00000000 -1.00000000 / 255 0 255 255 / 0.99949650 0.99949650 / 1.00000000 0.00000130 0.00000000 1.00000000
				-3.44326300 2.27255600 1.44526900 / 0.00000000 0.00000000 -1.00000000 / 255 0 255 255 / 0.99949650 0.15357970 / 1.00000000 0.00000260 0.00000000 1.00000000
				-5.21572400 2.27255600 1.44526900 / 0.00000000 0.00000000 -1.00000000 / 255 0 255 255 / 0.00050350 0.15359500 / 1.00000000 0.00000130 0.00000000 1.00000000
				-5.21572400 2.27255600 1.44526900 / 0.00000000 0.00000000 -1.00000000 / 255 0 255 255 / 0.00050350 0.15359500 / 1.00000000 0.00000130 0.00000000 1.00000000
				-5.21572400 2.52402000 1.44526900 / 0.00000000 0.00000000 -1.00000000 / 255 0 255 255 / 0.00050350 0.99949650 / 1.00000000 0.00000000 0.00000000 1.00000000
				-3.44326300 2.49667700 1.51851100 / 0.00000000 0.00000000 1.00000000 / 255 0 255 255 / 0.00050350 0.90705870 / -1.00000000 0.00000000 0.00000000 1.00000000
				-3.44326300 2.49667700 1.51851100 / 0.00000000 0.00000000 1.00000000 / 255 0 255 255 / 0.00050350 0.90705870 / -1.00000000 0.00000000 0.00000000 1.00000000
				-5.21572400 2.49667700 1.51851100 / 0.00000000 0.00000000 1.00000000 / 255 0 255 255 / 0.99949650 0.90705870 / -1.00000000 0.00000000 0.00000000 1.00000000
				-5.21572400 2.29989900 1.51851100 / 0.00000000 0.00000000 1.00000000 / 255 0 255 255 / 0.99949650 0.24601750 / -1.00000000 0.00000000 0.00000000 1.00000000
				-5.21572400 2.29989900 1.51851100 / 0.00000000 0.00000000 1.00000000 / 255 0 255 255 / 0.99949650 0.24601750 / -1.00000000 0.00000000 0.00000000 1.00000000
				-3.44326300 2.29989900 1.51851100 / 0.00000000 0.00000000 1.00000000 / 255 0 255 255 / 0.00050350 0.24601750 / -1.00000000 0.00000000 0.00000000 1.00000000
				-5.17714900 2.32968500 1.39497600 / 0.00000000 0.00000000 -1.00000000 / 255 0 255 255 / 0.00000000 1.00000000 / -1.00000000 0.00000000 0.00000000 1.00000000
				-5.17714900 2.32968500 1.39497600 / 0.00000000 0.00000000 -1.00000000 / 255 0 255 255 / 0.00000000 1.00000000 / -1.00000000 0.00000000 0.00000000 1.00000000
				-5.20547000 2.32968500 1.39497600 / 0.00000000 0.00000000 -1.00000000 / 255 0 255 255 / 1.00000000 1.00000000 / -1.00000000 0.00000000 0.00000000 1.00000000
				-5.20547000 2.46689200 1.39497600 / 0.00000000 0.00000000 -1.00000000 / 255 0 255 255 / 1.00000000 0.00000000 / -1.00000000 0.00000000 0.00000000 1.00000000
				-5.20547000 2.46689200 1.39497600 / 0.00000000 0.00000000 -1.00000000 / 255 0 255 255 / 1.00000000 0.00000000 / -1.00000000 0.00000000 0.00000000 1.00000000
				-5.17714900 2.46689200 1.39497600 / 0.00000000 0.00000000 -1.00000000 / 255 0 255 255 / 0.00000000 0.00000000 / -1.00000000 0.00000000 0.00000000 1.00000000
				-5.17714900 2.31064100 1.44526900 / 0.00000000 -0.93519900 -0.35412270 / 255 0 255 255 / 0.00000000 1.00000000 / -1.00000000 0.00000000 0.00000000 1.00000000
				-5.17714900 2.31064100 1.44526900 / 0.00000000 -0.93519900 -0.35412270 / 255 0 255 255 / 0.00000000 1.00000000 / -1.00000000 0.00000000 0.00000000 1.00000000
				-5.20547000 2.31064100 1.44526900 / 0.00000000 -0.93519900 -0.35412270 / 255 0 255 255 / 1.00000000 1.00000000 / -1.00000000 0.00000000 0.00000000 1.00000000
				-5.20547000 2.32968500 1.39497600 / 0.00000000 -0.93519900 -0.35412270 / 255 0 255 255 / 1.00000000 0.00000000 / -1.00000000 0.00000000 0.00000000 1.00000000
				-5.20547000 2.32968500 1.39497600 / 0.00000000 -0.93519900 -0.35412270 / 255 0 255 255 / 1.00000000 0.00000000 / -1.00000000 0.00000000 0.00000000 1.00000000
				-5.17714900 2.32968500 1.39497600 / 0.00000000 -0.93519900 -0.35412270 / 255 0 255 255 / 0.00000000 0.00000000 / -1.00000000 0.00000000 0.00000000 1.00000000
				-5.20547000 2.31064100 1.44526900 / -1.00000000 0.00000000 0.00000000 / 255 0 255 255 / 0.00000000 1.00000000 / 0.00000000 1.00000000 0.00000000 1.00000000
				-5.20547000 2.31064100 1.44526900 / -1.00000000 0.00000000 0.00000000 / 255 0 255 255 / 0.00000000 1.00000000 / 0.00000000 1.00000000 0.00000000 1.00000000
				-5.20547000 2.48593400 1.44526900 / -1.00000000 0.00000000 0.00000000 / 255 0 255 255 / 1.00000000 1.00000000 / 0.00000000 1.00000000 0.00000000 1.00000000
				-5.20547000 2.46689200 1.39497600 / -1.00000000 0.00000000 0.00000000 / 255 0 255 255 / 1.00000000 0.00000000 / 0.00000000 1.00000000 0.00000000 1.00000000
				-5.20547000 2.46689200 1.39497600 / -1.00000000 0.00000000 0.00000000 / 255 0 255 255 / 1.00000000 0.00000000 / 0.00000000 1.00000000 0.00000000 1.00000000
				-5.20547000 2.32968500 1.39497600 / -1.00000000 0.00000000 0.00000000 / 255 0 255 255 / 0.00000000 0.00000000 / 0.00000000 1.00000000 0.00000000 1.00000000
				-5.20547000 2.48593400 1.44526900 / 0.00000000 0.93521070 -0.35409170 / 255 0 255 255 / 0.00000000 1.00000000 / 1.00000000 0.00000000 0.00000000 1.00000000
				-5.20547000 2.48593400 1.44526900 / 0.00000000 0.93521070 -0.35409170 / 255 0 255 255 / 0.00000000 1.00000000 / 1.00000000 0.00000000 0.00000000 1.00000000
				-5.17714900 2.48593400 1.44526900 / 0.00000000 0.93521070 -0.35409170 / 255 0 255 255 / 1.00000000 1.00000000 / 1.00000000 0.00000000 0.00000000 1.00000000
				-5.17714900 2.46689200 1.39497600 / 0.00000000 0.93521070 -0.35409170 / 255 0 255 255 / 1.00000000 0.00000000 / 1.00000000 0.00000000 0.00000000 1.00000000
				-5.17714900 2.46689200 1.39497600 / 0.00000000 0.93521070 -0.35409170 / 255 0 255 255 / 1.00000000 0.00000000 / 1.00000000 0.00000000 0.00000000 1.00000000
				-5.20547000 2.46689200 1.39497600 / 0.00000000 0.93521070 -0.35409170 / 255 0 255 255 / 0.00000000 0.00000000 / 1.00000000 0.00000000 0.00000000 1.00000000
				-5.17714900 2.48593400 1.44526900 / 1.00000000 0.00000000 0.00000000 / 255 0 255 255 / 0.00000000 1.00000000 / 0.00000000 -1.00000000 0.00000000 1.00000000
				-5.17714900 2.48593400 1.44526900 / 1.00000000 0.00000000 0.00000000 / 255 0 255 255 / 0.00000000 1.00000000 / 0.00000000 -1.00000000 0.00000000 1.00000000
				-5.17714900 2.31064100 1.44526900 / 1.00000000 0.00000000 0.00000000 / 255 0 255 255 / 1.00000000 1.00000000 / 0.00000000 -1.00000000 0.00000000 1.00000000
				-5.17714900 2.32968500 1.39497600 / 0.99999980 0.00000000 0.00000000 / 255 0 255 255 / 1.00000000 0.00000000 / 0.00000000 -1.00000000 0.00000000 1.00000000
				-5.17714900 2.32968500 1.39497600 / 0.99999980 0.00000000 0.00000000 / 255 0 255 255 / 1.00000000 0.00000000 / 0.00000000 -1.00000000 0.00000000 1.00000000
				-5.17714900 2.46689200 1.39497600 / 1.00000000 0.00000000 0.00000000 / 255 0 255 255 / 0.00000000 0.00000000 / 0.00000000 -1.00000000 0.00000000 1.00000000
				-3.46035200 2.32968500 1.39497600 / 0.00000000 0.00000000 -0.99999980 / 255 0 255 255 / 0.00000000 1.00000000 / -1.00000000 0.00000000 0.00000000 1.00000000
				-3.46035200 2.32968500 1.39497600 / 0.00000000 0.00000000 -0.99999980 / 255 0 255 255 / 0.00000000 1.00000000 / -1.00000000 0.00000000 0.00000000 1.00000000
				-3.48916100 2.32968500 1.39497600 / 0.00000000 0.00000000 -1.00000000 / 255 0 255 255 / 1.00000000 1.00000000 / -1.00000000 0.00000000 0.00000000 1.00000000
				-3.48916100 2.46689200 1.39497600 / 0.00000000 0.00000000 -0.99999980 / 255 0 255 255 / 1.00000000 0.00000000 / -1.00000000 0.00000000 0.00000000 1.00000000
				-3.48916100 2.46689200 1.39497600 / 0.00000000 0.00000000 -0.99999980 / 255 0 255 255 / 1.00000000 0.00000000 / -1.00000000 0.00000000 0.00000000 1.00000000
				-3.46035200 2.46689200 1.39497600 / 0.00000000 0.00000000 -1.00000000 / 255 0 255 255 / 0.00000000 0.00000000 / -1.00000000 0.00000000 0.00000000 1.00000000
				-3.46035200 2.31064100 1.44526900 / 0.00000000 -0.93519900 -0.35412270 / 255 0 255 255 / 0.00000000 1.00000000 / -1.00000000 0.00000000 0.00000000 1.00000000
				-3.46035200 2.31064100 1.44526900 / 0.00000000 -0.93519900 -0.35412270 / 255 0 255 255 / 0.00000000 1.00000000 / -1.00000000 0.00000000 0.00000000 1.00000000
				-3.48916100 2.31064100 1.44526900 / 0.00000000 -0.93519900 -0.35412280 / 255 0 255 255 / 1.00000000 1.00000000 / -1.00000000 0.00000000 0.00000000 1.00000000
				-3.48916100 2.32968500 1.39497600 / 0.00000000 -0.93519900 -0.35412270 / 255 0 255 255 / 1.00000000 0.00000000 / -1.00000000 0.00000000 0.00000000 1.00000000
				-3.48916100 2.32968500 1.39497600 / 0.00000000 -0.93519900 -0.35412270 / 255 0 255 255 / 1.00000000 0.00000000 / -1.00000000 0.00000000 0.00000000 1.00000000
				-3.46035200 2.32968500 1.39497600 / 0.00000000 -0.93519900 -0.35412280 / 255 0 255 255 / 0.00000000 0.00000000 / -1.00000000 0.00000000 0.00000000 1.00000000
				-3.48916100 2.31064100 1.44526900 / -1.00000000 0.00000000 0.00000000 / 255 0 255 255 / 0.00000000 1.00000000 / 0.00000000 1.00000000 0.00000000 1.00000000
				-3.48916100 2.31064100 1.44526900 / -1.00000000 0.00000000 0.00000000 / 255 0 255 255 / 0.00000000 1.00000000 / 0.00000000 1.00000000 0.00000000 1.00000000
				-3.48916100 2.48593400 1.44526900 / -1.00000000 0.00000000 0.00000000 / 255 0 255 255 / 1.00000000 1.00000000 / 0.00000000 1.00000000 0.00000000 1.00000000
				-3.48916100 2.46689200 1.39497600 / -1.00000000 0.00000000 0.00000000 / 255 0 255 255 / 1.00000000 0.00000000 / 0.00000000 1.00000000 0.00000000 1.00000000
				-3.48916100 2.46689200 1.39497600 / -1.00000000 0.00000000 0.00000000 / 255 0 255 255 / 1.00000000 0.00000000 / 0.00000000 1.00000000 0.00000000 1.00000000
				-3.48916100 2.32968500 1.39497600 / -1.00000000 0.00000000 0.00000000 / 255 0 255 255 / 0.00000000 0.00000000 / 0.00000000 1.00000000 0.00000000 1.00000000
				-3.48916100 2.48593400 1.44526900 / 0.00000000 0.93521080 -0.35409170 / 255 0 255 255 / 0.00000000 1.00000000 / 1.00000000 0.00000000 0.00000000 1.00000000
				-3.48916100 2.48593400 1.44526900 / 0.00000000 0.93521080 -0.35409170 / 255 0 255 255 / 0.00000000 1.00000000 / 1.00000000 0.00000000 0.00000000 1.00000000
				-3.46035200 2.48593400 1.44526900 / 0.00000000 0.93521070 -0.35409170 / 255 0 255 255 / 1.00000000 1.00000000 / 1.00000000 0.00000000 0.00000000 1.00000000
				-3.46035200 2.46689200 1.39497600 / 0.00000000 0.93521080 -0.35409170 / 255 0 255 255 / 1.00000000 0.00000000 / 1.00000000 0.00000000 0.00000000 1.00000000
				-3.46035200 2.46689200 1.39497600 / 0.00000000 0.93521080 -0.35409170 / 255 0 255 255 / 1.00000000 0.00000000 / 1.00000000 0.00000000 0.00000000 1.00000000
				-3.48916100 2.46689200 1.39497600 / 0.00000000 0.93521070 -0.35409170 / 255 0 255 255 / 0.00000000 0.00000000 / 1.00000000 0.00000000 0.00000000 1.00000000
				-3.46035200 2.48593400 1.44526900 / 1.00000000 0.00000000 0.00000000 / 255 0 255 255 / 0.00000000 1.00000000 / 0.00000000 -1.00000000 0.00000000 1.00000000
				-3.46035200 2.48593400 1.44526900 / 1.00000000 0.00000000 0.00000000 / 255 0 255 255 / 0.00000000 1.00000000 / 0.00000000 -1.00000000 0.00000000 1.00000000
				-3.46035200 2.31064100 1.44526900 / 1.00000000 0.00000000 0.00000000 / 255 0 255 255 / 1.00000000 1.00000000 / 0.00000000 -1.00000000 0.00000000 1.00000000
				-3.46035200 2.32968500 1.39497600 / 0.99999980 0.00000000 0.00000000 / 255 0 255 255 / 1.00000000 0.00000000 / 0.00000000 -1.00000000 0.00000000 1.00000000
				-3.46035200 2.32968500 1.39497600 / 0.99999980 0.00000000 0.00000000 / 255 0 255 255 / 1.00000000 0.00000000 / 0.00000000 -1.00000000 0.00000000 1.00000000
				-3.46035200 2.46689200 1.39497600 / 1.00000000 0.00000000 0.00000000 / 255 0 255 255 / 0.00000000 0.00000000 / 0.00000000 -1.00000000 0.00000000 1.00000000
				-5.05849700 2.39950900 1.73775000 / 1.00000000 0.00000000 0.00000000 / 255 0 255 255 / -0.28169250 0.33567810 / 0.00000000 1.00000000 0.00000000 1.00000000
				-5.05849700 2.39950900 1.73775000 / 1.00000000 0.00000000 0.00000000 / 255 0 255 255 / -0.28169250 0.33567810 / 0.00000000 1.00000000 0.00000000 1.00000000
				-5.05849700 2.38583700 1.73775000 / 1.00000000 0.00000000 0.00000000 / 255 0 255 255 / -0.30404660 0.33567810 / 0.00000000 1.00000000 0.00000000 1.00000000
				-5.05849700 2.38583700 1.51753500 / 1.00000000 0.00000000 0.00000000 / 255 0 255 255 / -0.30404660 0.69075010 / 0.00000000 1.00000000 0.00000000 1.00000000
				-5.05849700 2.38583700 1.51753500 / 1.00000000 0.00000000 0.00000000 / 255 0 255 255 / -0.30404660 0.69075010 / 0.00000000 1.00000000 0.00000000 1.00000000
				-5.05849700 2.39950900 1.51753500 / 1.00000000 0.00000000 0.00000000 / 255 0 255 255 / -0.28169250 0.69075010 / 0.00000000 1.00000000 0.00000000 1.00000000
				-5.05849700 2.38583700 1.73775000 / 0.00000000 -1.00000000 0.00000000 / 255 0 255 255 / -3.19882200 0.33567810 / 1.00000000 0.00000000 0.00000000 1.00000000
				-5.05849700 2.38583700 1.73775000 / 0.00000000 -1.00000000 0.00000000 / 255 0 255 255 / -3.19882200 0.33567810 / 1.00000000 0.00000000 0.00000000 1.00000000
				-5.07168200 2.38583700 1.73775000 / 0.00000000 -1.00000000 0.00000000 / 255 0 255 255 / -3.20990000 0.33567810 / 1.00000000 0.00000000 0.00000000 1.00000000
				-5.07168200 2.38583700 1.51753500 / 0.00000000 -1.00000000 0.00000000 / 255 0 255 255 / -3.20990000 0.69075010 / 1.00000000 0.00000000 0.00000000 1.00000000
				-5.07168200 2.38583700 1.51753500 / 0.00000000 -1.00000000 0.00000000 / 255 0 255 255 / -3.20990000 0.69075010 / 1.00000000 0.00000000 0.00000000 1.00000000
				-5.05849700 2.38583700 1.51753500 / 0.00000000 -1.00000000 0.00000000 / 255 0 255 255 / -3.19882200 0.69075010 / 1.00000000 0.00000000 0.00000000 1.00000000
				-5.07168200 2.38583700 1.73775000 / -1.00000000 0.00000000 0.00000000 / 255 0 255 255 / 1.29933200 0.33567810 / 0.00000000 -1.00000000 0.00000000 1.00000000
				-5.07168200 2.38583700 1.73775000 / -1.00000000 0.00000000 0.00000000 / 255 0 255 255 / 1.29933200 0.33567810 / 0.00000000 -1.00000000 0.00000000 1.00000000
				-5.07168200 2.39950900 1.73775000 / -1.00000000 0.00000000 0.00000000 / 255 0 255 255 / 1.27697800 0.33567810 / 0.00000000 -1.00000000 0.00000000 1.00000000
				-5.07168200 2.39950900 1.51753500 / -1.00000000 0.00000000 0.00000000 / 255 0 255 255 / 1.27697800 0.69075010 / 0.00000000 -1.00000000 0.00000000 1.00000000
				-5.07168200 2.39950900 1.51753500 / -1.00000000 0.00000000 0.00000000 / 255 0 255 255 / 1.27697800 0.69075010 / 0.00000000 -1.00000000 0.00000000 1.00000000
				-5.07168200 2.38583700 1.51753500 / -1.00000000 0.00000000 0.00000000 / 255 0 255 255 / 1.29933200 0.69075010 / 0.00000000 -1.00000000 0.00000000 1.00000000
				-5.07168200 2.39950900 1.73775000 / 0.00000000 1.00000000 0.00000000 / 255 0 255 255 / 4.20753500 0.33567810 / -1.00000000 0.00000000 0.00000000 1.00000000
				-5.07168200 2.39950900 1.73775000 / 0.00000000 1.00000000 0.00000000 / 255 0 255 255 / 4.20753500 0.33567810 / -1.00000000 0.00000000 0.00000000 1.00000000
				-5.05849700 2.39950900 1.73775000 / 0.00000000 1.00000000 0.00000000 / 255 0 255 255 / 4.19645700 0.33567810 / -1.00000000 0.00000000 0.00000000 1.00000000
				-5.05849700 2.39950900 1.51753500 / 0.00000000 1.00000000 0.00000000 / 255 0 255 255 / 4.19645700 0.69075010 / -1.00000000 0.00000000 0.00000000 1.00000000
				-5.05849700 2.39950900 1.51753500 / 0.00000000 1.00000000 0.00000000 / 255 0 255 255 / 4.19645700 0.69075010 / -1.00000000 0.00000000 0.00000000 1.00000000
				-5.07168200 2.39950900 1.51753500 / 0.00000000 1.00000000 0.00000000 / 255 0 255 255 / 4.20753500 0.69075010 / -1.00000000 0.00000000 0.00000000 1.00000000
				-5.01797000 2.40341500 1.75191000 / 0.99999980 0.00000000 0.00000000 / 255 0 255 255 / 0.51956180 0.36059570 / 0.00000000 1.00000000 0.00000000 1.00000000
				-5.01797000 2.40341500 1.75191000 / 0.99999980 0.00000000 0.00000000 / 255 0 255 255 / 0.51956180 0.36059570 / 0.00000000 1.00000000 0.00000000 1.00000000
				-5.01797000 2.38193100 1.75191000 / 1.00000000 0.00000000 0.00000000 / 255 0 255 255 / 0.36059570 0.36059570 / 0.00000000 1.00000000 0.00000000 1.00000000
				-5.01797000 2.38193100 1.73726100 / 0.99999980 0.00000000 0.00000000 / 255 0 255 255 / 0.36059570 0.63940430 / 0.00000000 1.00000000 0.00000000 1.00000000
				-5.01797000 2.38193100 1.73726100 / 0.99999980 0.00000000 0.00000000 / 255 0 255 255 / 0.36059570 0.63940430 / 0.00000000 1.00000000 0.00000000 1.00000000
				-5.01797000 2.40341500 1.73726100 / 1.00000000 0.00000000 0.00000000 / 255 0 255 255 / 0.51956180 0.63940430 / 0.00000000 1.00000000 0.00000000 1.00000000
				-5.01797000 2.38193100 1.75191000 / 0.00000000 -0.99999980 0.00000000 / 255 0 255 255 / 0.62362670 0.36059570 / 1.00000000 0.00000000 0.00000000 1.00000000
				-5.01797000 2.38193100 1.75191000 / 0.00000000 -0.99999980 0.00000000 / 255 0 255 255 / 0.62362670 0.36059570 / 1.00000000 0.00000000 0.00000000 1.00000000
				-5.11220900 2.38193100 1.75191000 / 0.00000000 -1.00000000 0.00000000 / 255 0 255 255 / 0.36059570 0.36059570 / 1.00000000 0.00000000 0.00000000 1.00000000
				-5.11220900 2.38193100 1.73726100 / 0.00000000 -0.99999980 0.00000000 / 255 0 255 255 / 0.36059570 0.63940430 / 1.00000000 0.00000000 0.00000000 1.00000000
				-5.11220900 2.38193100 1.73726100 / 0.00000000 -0.99999980 0.00000000 / 255 0 255 255 / 0.36059570 0.63940430 / 1.00000000 0.00000000 0.00000000 1.00000000
				-5.01797000 2.38193100 1.73726100 / 0.00000000 -1.00000000 0.00000000 / 255 0 255 255 / 0.62362670 0.63940430 / 1.00000000 0.00000000 0.00000000 1.00000000
				-5.11220900 2.38193100 1.75191000 / -0.99999980 0.00000000 0.00000000 / 255 0 255 255 / 0.51956180 0.36059570 / 0.00000000 -1.00000000 0.00000000 1.00000000
				-5.11220900 2.38193100 1.75191000 / -0.99999980 0.00000000 0.00000000 / 255 0 255 255 / 0.51956180 0.36059570 / 0.00000000 -1.00000000 0.00000000 1.00000000
				-5.11220900 2.40341500 1.75191000 / -1.00000000 0.00000000 0.00000000 / 255 0 255 255 / 0.36059570 0.36059570 / 0.00000000 -1.00000000 0.00000000 1.00000000
				-5.11220900 2.40341500 1.73726100 / -0.99999980 0.00000000 0.00000000 / 255 0 255 255 / 0.36061100 0.63940430 / 0.00000000 -1.00000000 0.00000000 1.00000000
				-5.11220900 2.40341500 1.73726100 / -0.99999980 0.00000000 0.00000000 / 255 0 255 255 / 0.36061100 0.63940430 / 0.00000000 -1.00000000 0.00000000 1.00000000
				-5.11220900 2.38193100 1.73726100 / -1.00000000 0.00000000 0.00000000 / 255 0 255 255 / 0.51956180 0.63940430 / 0.00000000 -1.00000000 0.00000000 1.00000000
				-5.11220900 2.40341500 1.75191000 / 0.00000000 0.99999980 0.00000000 / 255 0 255 255 / 0.62362670 0.36059570 / -1.00000000 0.00000000 0.00000000 1.00000000
				-5.11220900 2.40341500 1.75191000 / 0.00000000 0.99999980 0.00000000 / 255 0 255 255 / 0.62362670 0.36059570 / -1.00000000 0.00000000 0.00000000 1.00000000
				-5.01797000 2.40341500 1.75191000 / 0.00000000 1.00000000 0.00000000 / 255 0 255 255 / 0.36059570 0.36059570 / -1.00000000 0.00000000 0.00000000 1.00000000
				-5.01797000 2.40341500 1.73726100 / 0.00000000 0.99999980 0.00000000 / 255 0 255 255 / 0.36059570 0.63940430 / -1.00000000 0.00000000 0.00000000 1.00000000
				-5.01797000 2.40341500 1.73726100 / 0.00000000 0.99999980 0.00000000 / 255 0 255 255 / 0.36059570 0.63940430 / -1.00000000 0.00000000 0.00000000 1.00000000
				-5.11220900 2.40341500 1.73726100 / 0.00000000 1.00000000 0.00000000 / 255 0 255 255 / 0.62362670 0.63940430 / -1.00000000 0.00000000 0.00000000 1.00000000
				-5.11220900 2.40341500 1.73726100 / 0.00000000 0.00000000 -1.00000000 / 255 0 255 255 / 0.37637330 0.63938900 / 0.98555050 0.16938160 0.00000000 1.00000000
				-5.11220900 2.40341500 1.73726100 / 0.00000000 0.00000000 -1.00000000 / 255 0 255 255 / 0.37637330 0.63938900 / 0.98555050 0.16938160 0.00000000 1.00000000
				-5.01797000 2.40341500 1.73726100 / 0.00000000 0.00000000 -1.00000000 / 255 0 255 255 / 0.63940430 0.51956180 / 0.98555370 0.16936310 0.00000000 1.00000000
				-5.01797000 2.38193100 1.73726100 / 0.00000000 0.00000000 -1.00000000 / 255 0 255 255 / 0.62362670 0.36059570 / 0.98555050 0.16938160 0.00000000 1.00000000
				-5.01797000 2.38193100 1.73726100 / 0.00000000 0.00000000 -1.00000000 / 255 0 255 255 / 0.62362670 0.36059570 / 0.98555050 0.16938160 0.00000000 1.00000000
				-5.11220900 2.38193100 1.73726100 / 0.00000000 0.00000000 -1.00000000 / 255 0 255 255 / 0.36059570 0.48043820 / 0.98554750 0.16940010 0.00000000 1.00000000
				-5.09170100 2.39413800 1.73775000 / 0.96625890 -0.25757260 0.00000000 / 255 0 255 255 / 0.50000000 0.48722840 / 0.25757260 0.96625890 0.00000000 1.00000000
				-5.09170100 2.39413800 1.73775000 / 0.96625890 -0.25757260 0.00000000 / 255 0 255 255 / 0.50000000 0.48722840 / 0.25757260 0.96625890 0.00000000 1.00000000
				-5.09365300 2.38681300 1.73775000 / 0.96625890 -0.25757260 0.00000000 / 255 0 255 255 / 0.42134090 0.48722840 / 0.25757260 0.96625890 0.00000000 1.00000000
				-5.09365300 2.38681300 1.73335500 / 0.96625890 -0.25757260 0.00000000 / 255 0 255 255 / 0.42134090 0.51277160 / 0.25757260 0.96625890 0.00000000 1.00000000
				-5.09365300 2.38681300 1.73335500 / 0.96625890 -0.25757260 0.00000000 / 255 0 255 255 / 0.42134090 0.51277160 / 0.25757260 0.96625890 0.00000000 1.00000000
				-5.09170100 2.39413800 1.73335500 / 0.96625890 -0.25757260 0.00000000 / 255 0 255 255 / 0.50000000 0.51277160 / 0.25757260 0.96625890 0.00000000 1.00000000
				-5.09365300 2.38681300 1.73775000 / 0.19609160 -0.98058560 0.00000000 / 255 0 255 255 / 0.53933720 0.48722840 / 0.98058560 0.19609160 0.00000000 1.00000000
				-5.09365300 2.38681300 1.73775000 / 0.19609160 -0.98058560 0.00000000 / 255 0 255 255 / 0.53933720 0.48722840 / 0.98058560 0.19609160 0.00000000 1.00000000
				-5.10097800 2.38534800 1.73775000 / 0.19609160 -0.98058560 0.00000000 / 255 0 255 255 / 0.46066280 0.48722840 / 0.98058560 0.19609160 0.00000000 1.00000000
				-5.10097800 2.38534800 1.73335500 / 0.19609160 -0.98058560 0.00000000 / 255 0 255 255 / 0.46066280 0.51277160 / 0.98058560 0.19609160 0.00000000 1.00000000
				-5.10097800 2.38534800 1.73335500 / 0.19609160 -0.98058560 0.00000000 / 255 0 255 255 / 0.46066280 0.51277160 / 0.98058560 0.19609160 0.00000000 1.00000000
				-5.09365300 2.38681300 1.73335500 / 0.19609160 -0.98058560 0.00000000 / 255 0 255 255 / 0.53933720 0.51277160 / 0.98058560 0.19609160 0.00000000 1.00000000
				-5.10097800 2.38534800 1.73775000 / -0.73718150 -0.67569470 0.00000000 / 255 0 255 255 / 0.57865910 0.48722840 / 0.67569480 -0.73718150 0.00000000 1.00000000
				-5.10097800 2.38534800 1.73775000 / -0.73718150 -0.67569470 0.00000000 / 255 0 255 255 / 0.57865910 0.48722840 / 0.67569480 -0.73718150 0.00000000 1.00000000
				-5.10634900 2.39120800 1.73775000 / -0.73718150 -0.67569480 0.00000000 / 255 0 255 255 / 0.50000000 0.48722840 / 0.67569480 -0.73718150 0.00000000 1.00000000
				-5.10634900 2.39120800 1.73335500 / -0.73718150 -0.67569470 0.00000000 / 255 0 255 255 / 0.50000000 0.51277160 / 0.67569480 -0.73718150 0.00000000 1.00000000
				-5.10634900 2.39120800 1.73335500 / -0.73718150 -0.67569470 0.00000000 / 255 0 255 255 / 0.50000000 0.51277160 / 0.67569480 -0.73718150 0.00000000 1.00000000
				-5.10097800 2.38534800 1.73335500 / -0.73718150 -0.67569480 0.00000000 / 255 0 255 255 / 0.57865910 0.51277160 / 0.67569480 -0.73718150 0.00000000 1.00000000
				-5.10634900 2.39120800 1.73775000 / -0.94170390 0.33644250 0.00000000 / 255 0 255 255 / 0.50000000 0.48722840 / -0.33644250 -0.94170390 0.00000000 1.00000000
				-5.10634900 2.39120800 1.73775000 / -0.94170390 0.33644250 0.00000000 / 255 0 255 255 / 0.50000000 0.48722840 / -0.33644250 -0.94170390 0.00000000 1.00000000
				-5.10390700 2.39804400 1.73775000 / -0.94170390 0.33644250 0.00000000 / 255 0 255 255 / 0.42134090 0.48722840 / -0.33644250 -0.94170390 0.00000000 1.00000000
				-5.10390700 2.39804400 1.73335500 / -0.94170390 0.33644250 0.00000000 / 255 0 255 255 / 0.42134090 0.51277160 / -0.33644250 -0.94170390 0.00000000 1.00000000
				-5.10390700 2.39804400 1.73335500 / -0.94170390 0.33644250 0.00000000 / 255 0 255 255 / 0.42134090 0.51277160 / -0.33644250 -0.94170390 0.00000000 1.00000000
				-5.10634900 2.39120800 1.73335500 / -0.94170390 0.33644250 0.00000000 / 255 0 255 255 / 0.50000000 0.51277160 / -0.33644250 -0.94170390 0.00000000 1.00000000
				-5.10390700 2.39804400 1.73775000 / -0.19612840 0.98057830 0.00000000 / 255 0 255 255 / 0.53933720 0.48722840 / -0.98057820 -0.19612840 0.00000000 1.00000000
				-5.10390700 2.39804400 1.73775000 / -0.19612840 0.98057830 0.00000000 / 255 0 255 255 / 0.53933720 0.48722840 / -0.98057820 -0.19612840 0.00000000 1.00000000
				-5.09658300 2.39950900 1.73775000 / -0.19612840 0.98057820 0.00000000 / 255 0 255 255 / 0.46067810 0.48722840 / -0.98057820 -0.19612840 0.00000000 1.00000000
				-5.09658300 2.39950900 1.73335500 / -0.19612840 0.98057830 0.00000000 / 255 0 255 255 / 0.46067810 0.51277160 / -0.98057820 -0.19612840 0.00000000 1.00000000
				-5.09658300 2.39950900 1.73335500 / -0.19612840 0.98057830 0.00000000 / 255 0 255 255 / 0.46067810 0.51277160 / -0.98057820 -0.19612840 0.00000000 1.00000000
				-5.10390700 2.39804400 1.73335500 / -0.19612840 0.98057820 0.00000000 / 255 0 255 255 / 0.53933720 0.51277160 / -0.98057820 -0.19612840 0.00000000 1.00000000
				-5.09658300 2.39950900 1.73775000 / 0.73992520 0.67268900 0.00000000 / 255 0 255 255 / 0.57865910 0.48722840 / -0.67268900 0.73992520 0.00000000 1.00000000
				-5.09658300 2.39950900 1.73775000 / 0.73992520 0.67268900 0.00000000 / 255 0 255 255 / 0.57865910 0.48722840 / -0.67268900 0.73992520 0.00000000 1.00000000
				-5.09170100 2.39413800 1.73775000 / 0.73992520 0.67268900 0.00000000 / 255 0 255 255 / 0.50000000 0.48722840 / -0.67268900 0.73992520 0.00000000 1.00000000
				-5.09170100 2.39413800 1.73335500 / 0.73992520 0.67268900 0.00000000 / 255 0 255 255 / 0.50000000 0.51277160 / -0.67268900 0.73992520 0.00000000 1.00000000
				-5.09170100 2.39413800 1.73335500 / 0.73992520 0.67268900 0.00000000 / 255 0 255 255 / 0.50000000 0.51277160 / -0.67268900 0.73992520 0.00000000 1.00000000
				-5.09658300 2.39950900 1.73335500 / 0.73992520 0.67268900 0.00000000 / 255 0 255 255 / 0.57865910 0.51277160 / -0.67268900 0.73992520 0.00000000 1.00000000
				-5.02382900 2.39413800 1.73775000 / 0.96625890 -0.25757260 0.00000000 / 255 0 255 255 / 0.50000000 0.48722840 / 0.25757260 0.96625890 0.00000000 1.00000000
				-5.02382900 2.39413800 1.73775000 / 0.96625890 -0.25757260 0.00000000 / 255 0 255 255 / 0.50000000 0.48722840 / 0.25757260 0.96625890 0.00000000 1.00000000
				-5.02578200 2.38681300 1.73775000 / 0.96625890 -0.25757260 0.00000000 / 255 0 255 255 / 0.42134090 0.48722840 / 0.25757260 0.96625890 0.00000000 1.00000000
				-5.02578200 2.38681300 1.73335500 / 0.96625890 -0.25757260 0.00000000 / 255 0 255 255 / 0.42134090 0.51277160 / 0.25757260 0.96625890 0.00000000 1.00000000
				-5.02578200 2.38681300 1.73335500 / 0.96625890 -0.25757260 0.00000000 / 255 0 255 255 / 0.42134090 0.51277160 / 0.25757260 0.96625890 0.00000000 1.00000000
				-5.02382900 2.39413800 1.73335500 / 0.96625890 -0.25757260 0.00000000 / 255 0 255 255 / 0.50000000 0.51277160 / 0.25757260 0.96625890 0.00000000 1.00000000
				-5.02578200 2.38681300 1.73775000 / 0.19609160 -0.98058560 0.00000000 / 255 0 255 255 / 0.53933720 0.48722840 / 0.98058560 0.19609160 0.00000000 1.00000000
				-5.02578200 2.38681300 1.73775000 / 0.19609160 -0.98058560 0.00000000 / 255 0 255 255 / 0.53933720 0.48722840 / 0.98058560 0.19609160 0.00000000 1.00000000
				-5.03310700 2.38534800 1.73775000 / 0.19609160 -0.98058560 0.00000000 / 255 0 255 255 / 0.46066280 0.48722840 / 0.98058560 0.19609160 0.00000000 1.00000000
				-5.03310700 2.38534800 1.73335500 / 0.19609160 -0.98058560 0.00000000 / 255 0 255 255 / 0.46066280 0.51277160 / 0.98058560 0.19609160 0.00000000 1.00000000
				-5.03310700 2.38534800 1.73335500 / 0.19609160 -0.98058560 0.00000000 / 255 0 255 255 / 0.46066280 0.51277160 / 0.98058560 0.19609160 0.00000000 1.00000000
				-5.02578200 2.38681300 1.73335500 / 0.19609160 -0.98058560 0.00000000 / 255 0 255 255 / 0.53933720 0.51277160 / 0.98058560 0.19609160 0.00000000 1.00000000
				-5.03310700 2.38534800 1.73775000 / -0.73718150 -0.67569470 0.00000000 / 255 0 255 255 / 0.57865910 0.48722840 / 0.67569480 -0.73718150 0.00000000 1.00000000
				-5.03310700 2.38534800 1.73775000 / -0.73718150 -0.67569470 0.00000000 / 255 0 255 255 / 0.57865910 0.48722840 / 0.67569480 -0.73718150 0.00000000 1.00000000
				-5.03847800 2.39120800 1.73775000 / -0.73718150 -0.67569480 0.00000000 / 255 0 255 255 / 0.50000000 0.48722840 / 0.67569480 -0.73718150 0.00000000 1.00000000
				-5.03847800 2.39120800 1.73335500 / -0.73718150 -0.67569470 0.00000000 / 255 0 255 255 / 0.50000000 0.51277160 / 0.67569480 -0.73718150 0.00000000 1.00000000
				-5.03847800 2.39120800 1.73335500 / -0.73718150 -0.67569470 0.00000000 / 255 0 255 255 / 0.50000000 0.51277160 / 0.67569480 -0.73718150 0.00000000 1.00000000
				-5.03310700 2.38534800 1.73335500 / -0.73718150 -0.67569480 0.00000000 / 255 0 255 255 / 0.57865910 0.51277160 / 0.67569480 -0.73718150 0.00000000 1.00000000
				-5.03847800 2.39120800 1.73775000 / -0.94172480 0.33638430 0.00000000 / 255 0 255 255 / 0.50000000 0.48722840 / -0.33638430 -0.94172480 0.00000000 1.00000000
				-5.03847800 2.39120800 1.73775000 / -0.94172480 0.33638430 0.00000000 / 255 0 255 255 / 0.50000000 0.48722840 / -0.33638430 -0.94172480 0.00000000 1.00000000
				-5.03603600 2.39804400 1.73775000 / -0.94172480 0.33638430 0.00000000 / 255 0 255 255 / 0.42134090 0.48722840 / -0.33638430 -0.94172480 0.00000000 1.00000000
				-5.03603600 2.39804400 1.73335500 / -0.94172480 0.33638430 0.00000000 / 255 0 255 255 / 0.42134090 0.51277160 / -0.33638430 -0.94172480 0.00000000 1.00000000
				-5.03603600 2.39804400 1.73335500 / -0.94172480 0.33638430 0.00000000 / 255 0 255 255 / 0.42134090 0.51277160 / -0.33638430 -0.94172480 0.00000000 1.00000000
				-5.03847800 2.39120800 1.73335500 / -0.94172480 0.33638430 0.00000000 / 255 0 255 255 / 0.50000000 0.51277160 / -0.33638430 -0.94172480 0.00000000 1.00000000
				-5.03603600 2.39804400 1.73775000 / -0.19611610 0.98058070 0.00000000 / 255 0 255 255 / 0.53933720 0.48722840 / -0.98058070 -0.19611610 0.00000000 1.00000000
				-5.03603600 2.39804400 1.73775000 / -0.19611610 0.98058070 0.00000000 / 255 0 255 255 / 0.53933720 0.48722840 / -0.98058070 -0.19611610 0.00000000 1.00000000
				-5.02871200 2.39950900 1.73775000 / -0.19611610 0.98058070 0.00000000 / 255 0 255 255 / 0.46067810 0.48722840 / -0.98058070 -0.19611610 0.00000000 1.00000000
				-5.02871200 2.39950900 1.73335500 / -0.19611610 0.98058070 0.00000000 / 255 0 255 255 / 0.46067810 0.51277160 / -0.98058070 -0.19611610 0.00000000 1.00000000
				-5.02871200 2.39950900 1.73335500 / -0.19611610 0.98058070 0.00000000 / 255 0 255 255 / 0.46067810 0.51277160 / -0.98058070 -0.19611610 0.00000000 1.00000000
				-5.03603600 2.39804400 1.73335500 / -0.19611610 0.98058070 0.00000000 / 255 0 255 255 / 0.53933720 0.51277160 / -0.98058070 -0.19611610 0.00000000 1.00000000
				-5.02871200 2.39950900 1.73775000 / 0.73992520 0.67268900 0.00000000 / 255 0 255 255 / 0.57865910 0.48722840 / -0.67268900 0.73992520 0.00000000 1.00000000
				-5.02871200 2.39950900 1.73775000 / 0.73992520 0.67268900 0.00000000 / 255 0 255 255 / 0.57865910 0.48722840 / -0.67268900 0.73992520 0.00000000 1.00000000
				-5.02382900 2.39413800 1.73775000 / 0.73992520 0.67268900 0.00000000 / 255 0 255 255 / 0.50000000 0.48722840 / -0.67268900 0.73992520 0.00000000 1.00000000
				-5.02382900 2.39413800 1.73335500 / 0.73992520 0.67268900 0.00000000 / 255 0 255 255 / 0.50000000 0.51277160 / -0.67268900 0.73992520 0.00000000 1.00000000
				-5.02382900 2.39413800 1.73335500 / 0.73992520 0.67268900 0.00000000 / 255 0 255 255 / 0.50000000 0.51277160 / -0.67268900 0.73992520 0.00000000 1.00000000
				-5.02871200 2.39950900 1.73335500 / 0.73992520 0.67268900 0.00000000 / 255 0 255 255 / 0.57865910 0.51277160 / -0.67268900 0.73992520 0.00000000 1.00000000
				-3.55752000 2.40341500 1.75191000 / 0.99999980 0.00000000 0.00000000 / 255 0 255 255 / 0.51956180 0.36059570 / 0.00000000 1.00000000 0.00000000 1.00000000
				-3.55752000 2.40341500 1.75191000 / 0.99999980 0.00000000 0.00000000 / 255 0 255 255 / 0.51956180 0.36059570 / 0.00000000 1.00000000 0.00000000 1.00000000
				-3.55752000 2.38193100 1.75191000 / 1.00000000 0.00000000 0.00000000 / 255 0 255 255 / 0.36059570 0.36059570 / 0.00000000 1.00000000 0.00000000 1.00000000
				-3.55752000 2.38193100 1.73726100 / 0.99999980 0.00000000 0.00000000 / 255 0 255 255 / 0.36059570 0.63940430 / 0.00000000 1.00000000 0.00000000 1.00000000
				-3.55752000 2.38193100 1.73726100 / 0.99999980 0.00000000 0.00000000 / 255 0 255 255 / 0.36059570 0.63940430 / 0.00000000 1.00000000 0.00000000 1.00000000
				-3.55752000 2.40341500 1.73726100 / 1.00000000 0.00000000 0.00000000 / 255 0 255 255 / 0.51956180 0.63940430 / 0.00000000 1.00000000 0.00000000 1.00000000
				-3.55752000 2.38193100 1.75191000 / 0.00000000 -1.00000000 0.00000000 / 255 0 255 255 / 0.62362670 0.36059570 / 1.00000000 0.00000000 0.00000000 1.00000000
				-3.55752000 2.38193100 1.75191000 / 0.00000000 -1.00000000 0.00000000 / 255 0 255 255 / 0.62362670 0.36059570 / 1.00000000 0.00000000 0.00000000 1.00000000
				-3.65224700 2.38193100 1.75191000 / 0.00000000 -1.00000000 0.00000000 / 255 0 255 255 / 0.36059570 0.36059570 / 1.00000000 0.00000000 0.00000000 1.00000000
				-3.65224700 2.38193100 1.73726100 / 0.00000000 -1.00000000 0.00000000 / 255 0 255 255 / 0.36059570 0.63940430 / 1.00000000 0.00000000 0.00000000 1.00000000
				-3.65224700 2.38193100 1.73726100 / 0.00000000 -1.00000000 0.00000000 / 255 0 255 255 / 0.36059570 0.63940430 / 1.00000000 0.00000000 0.00000000 1.00000000
				-3.55752000 2.38193100 1.73726100 / 0.00000000 -1.00000000 0.00000000 / 255 0 255 255 / 0.62362670 0.63940430 / 1.00000000 0.00000000 0.00000000 1.00000000
				-3.65224700 2.38193100 1.75191000 / -0.99999980 0.00000000 0.00000000 / 255 0 255 255 / 0.51956180 0.36059570 / 0.00000000 -1.00000000 0.00000000 1.00000000
				-3.65224700 2.38193100 1.75191000 / -0.99999980 0.00000000 0.00000000 / 255 0 255 255 / 0.51956180 0.36059570 / 0.00000000 -1.00000000 0.00000000 1.00000000
				-3.65224700 2.40341500 1.75191000 / -1.00000000 0.00000000 0.00000000 / 255 0 255 255 / 0.36059570 0.36059570 / 0.00000000 -1.00000000 0.00000000 1.00000000
				-3.65224700 2.40341500 1.73726100 / -0.99999980 0.00000000 0.00000000 / 255 0 255 255 / 0.36061100 0.63940430 / 0.00000000 -1.00000000 0.00000000 1.00000000
				-3.65224700 2.40341500 1.73726100 / -0.99999980 0.00000000 0.00000000 / 255 0 255 255 / 0.36061100 0.63940430 / 0.00000000 -1.00000000 0.00000000 1.00000000
				-3.65224700 2.38193100 1.73726100 / -1.00000000 0.00000000 0.00000000 / 255 0 255 255 / 0.51956180 0.63940430 / 0.00000000 -1.00000000 0.00000000 1.00000000
				-3.65224700 2.40341500 1.75191000 / 0.00000000 1.00000000 0.00000000 / 255 0 255 255 / 0.62362670 0.36059570 / -1.00000000 0.00000000 0.00000000 1.00000000
				-3.65224700 2.40341500 1.75191000 / 0.00000000 1.00000000 0.00000000 / 255 0 255 255 / 0.62362670 0.36059570 / -1.00000000 0.00000000 0.00000000 1.00000000
				-3.55752000 2.40341500 1.75191000 / 0.00000000 1.00000000 0.00000000 / 255 0 255 255 / 0.36059570 0.36059570 / -1.00000000 0.00000000 0.00000000 1.00000000
				-3.55752000 2.40341500 1.73726100 / 0.00000000 1.00000000 0.00000000 / 255 0 255 255 / 0.36059570 0.63940430 / -1.00000000 0.00000000 0.00000000 1.00000000
				-3.55752000 2.40341500 1.73726100 / 0.00000000 1.00000000 0.00000000 / 255 0 255 255 / 0.36059570 0.63940430 / -1.00000000 0.00000000 0.00000000 1.00000000
				-3.65224700 2.40341500 1.73726100 / 0.00000000 1.00000000 0.00000000 / 255 0 255 255 / 0.62362670 0.63940430 / -1.00000000 0.00000000 0.00000000 1.00000000
				-3.65224700 2.40341500 1.73726100 / 0.00000000 0.00000000 -1.00000000 / 255 0 255 255 / 0.37637330 0.63938900 / 0.98569630 0.16853170 0.00000000 1.00000000
				-3.65224700 2.40341500 1.73726100 / 0.00000000 0.00000000 -1.00000000 / 255 0 255 255 / 0.37637330 0.63938900 / 0.98569630 0.16853170 0.00000000 1.00000000
				-3.55752000 2.40341500 1.73726100 / 0.00000000 0.00000000 -1.00000000 / 255 0 255 255 / 0.63940430 0.51956180 / 0.98569940 0.16851330 0.00000000 1.00000000
				-3.55752000 2.38193100 1.73726100 / 0.00000000 0.00000000 -1.00000000 / 255 0 255 255 / 0.62362670 0.36059570 / 0.98569630 0.16853170 0.00000000 1.00000000
				-3.55752000 2.38193100 1.73726100 / 0.00000000 0.00000000 -1.00000000 / 255 0 255 255 / 0.62362670 0.36059570 / 0.98569630 0.16853170 0.00000000 1.00000000
				-3.65224700 2.38193100 1.73726100 / 0.00000000 0.00000000 -1.00000000 / 255 0 255 255 / 0.36059570 0.48043820 / 0.98569310 0.16855010 0.00000000 1.00000000
				-3.63125100 2.39413800 1.73775000 / 0.94176640 -0.33626780 0.00000000 / 255 0 255 255 / 0.50000000 0.48722840 / 0.33626780 0.94176640 0.00000000 1.00000000
				-3.63125100 2.39413800 1.73775000 / 0.94176640 -0.33626780 0.00000000 / 255 0 255 255 / 0.50000000 0.48722840 / 0.33626780 0.94176640 0.00000000 1.00000000
				-3.63369200 2.38730200 1.73775000 / 0.94176640 -0.33626770 0.00000000 / 255 0 255 255 / 0.42134090 0.48722840 / 0.33626780 0.94176640 0.00000000 1.00000000
				-3.63369200 2.38730200 1.73335500 / 0.94176640 -0.33626780 0.00000000 / 255 0 255 255 / 0.42134090 0.51277160 / 0.33626780 0.94176640 0.00000000 1.00000000
				-3.63369200 2.38730200 1.73335500 / 0.94176640 -0.33626780 0.00000000 / 255 0 255 255 / 0.42134090 0.51277160 / 0.33626780 0.94176640 0.00000000 1.00000000
				-3.63125100 2.39413800 1.73335500 / 0.94176640 -0.33626770 0.00000000 / 255 0 255 255 / 0.50000000 0.51277160 / 0.33626780 0.94176640 0.00000000 1.00000000
				-3.63369200 2.38730200 1.73775000 / 0.27480520 -0.96149990 0.00000000 / 255 0 255 255 / 0.53933720 0.48722840 / 0.96149990 0.27480520 0.00000000 1.00000000
				-3.63369200 2.38730200 1.73775000 / 0.27480520 -0.96149990 0.00000000 / 255 0 255 255 / 0.53933720 0.48722840 / 0.96149990 0.27480520 0.00000000 1.00000000
				-3.64052800 2.38534800 1.73775000 / 0.27480530 -0.96150000 0.00000000 / 255 0 255 255 / 0.46066280 0.48722840 / 0.96149990 0.27480530 0.00000000 1.00000000
				-3.64052800 2.38534800 1.73335500 / 0.27480520 -0.96149990 0.00000000 / 255 0 255 255 / 0.46066280 0.51277160 / 0.96149990 0.27480520 0.00000000 1.00000000
				-3.64052800 2.38534800 1.73335500 / 0.27480520 -0.96149990 0.00000000 / 255 0 255 255 / 0.46066280 0.51277160 / 0.96149990 0.27480520 0.00000000 1.00000000
				-3.63369200 2.38730200 1.73335500 / 0.27480530 -0.96150000 0.00000000 / 255 0 255 255 / 0.53933720 0.51277160 / 0.96149990 0.27480530 0.00000000 1.00000000
				-3.64052800 2.38534800 1.73775000 / -0.73719650 -0.67567830 0.00000000 / 255 0 255 255 / 0.57865910 0.48722840 / 0.67567830 -0.73719650 0.00000000 1.00000000
				-3.64052800 2.38534800 1.73775000 / -0.73719650 -0.67567830 0.00000000 / 255 0 255 255 / 0.57865910 0.48722840 / 0.67567830 -0.73719650 0.00000000 1.00000000
				-3.64589900 2.39120800 1.73775000 / -0.73719650 -0.67567830 0.00000000 / 255 0 255 255 / 0.50000000 0.48722840 / 0.67567830 -0.73719650 0.00000000 1.00000000
				-3.64589900 2.39120800 1.73335500 / -0.73719650 -0.67567830 0.00000000 / 255 0 255 255 / 0.50000000 0.51277160 / 0.67567830 -0.73719650 0.00000000 1.00000000
				-3.64589900 2.39120800 1.73335500 / -0.73719650 -0.67567830 0.00000000 / 255 0 255 255 / 0.50000000 0.51277160 / 0.67567830 -0.73719650 0.00000000 1.00000000
				-3.64052800 2.38534800 1.73335500 / -0.73719650 -0.67567830 0.00000000 / 255 0 255 255 / 0.57865910 0.51277160 / 0.67567830 -0.73719650 0.00000000 1.00000000
				-3.64589900 2.39120800 1.73775000 / -0.94176640 0.33626780 0.00000000 / 255 0 255 255 / 0.50000000 0.48722840 / -0.33626780 -0.94176640 0.00000000 1.00000000
				-3.64589900 2.39120800 1.73775000 / -0.94176640 0.33626780 0.00000000 / 255 0 255 255 / 0.50000000 0.48722840 / -0.33626780 -0.94176640 0.00000000 1.00000000
				-3.64345800 2.39804400 1.73775000 / -0.94176640 0.33626770 0.00000000 / 255 0 255 255 / 0.42134090 0.48722840 / -0.33626780 -0.94176640 0.00000000 1.00000000
				-3.64345800 2.39804400 1.73335500 / -0.94176640 0.33626780 0.00000000 / 255 0 255 255 / 0.42134090 0.51277160 / -0.33626780 -0.94176640 0.00000000 1.00000000
				-3.64345800 2.39804400 1.73335500 / -0.94176640 0.33626780 0.00000000 / 255 0 255 255 / 0.42134090 0.51277160 / -0.33626780 -0.94176640 0.00000000 1.00000000
				-3.64589900 2.39120800 1.73335500 / -0.94176640 0.33626770 0.00000000 / 255 0 255 255 / 0.50000000 0.51277160 / -0.33626780 -0.94176640 0.00000000 1.00000000
				-3.64345800 2.39804400 1.73775000 / -0.19612230 0.98057950 0.00000000 / 255 0 255 255 / 0.53933720 0.48722840 / -0.98057940 -0.19612230 0.00000000 1.00000000
				-3.64345800 2.39804400 1.73775000 / -0.19612230 0.98057950 0.00000000 / 255 0 255 255 / 0.53933720 0.48722840 / -0.98057940 -0.19612230 0.00000000 1.00000000
				-3.63613400 2.39950900 1.73775000 / -0.19612230 0.98057940 0.00000000 / 255 0 255 255 / 0.46067810 0.48722840 / -0.98057940 -0.19612230 0.00000000 1.00000000
				-3.63613400 2.39950900 1.73335500 / -0.19612230 0.98057950 0.00000000 / 255 0 255 255 / 0.46067810 0.51277160 / -0.98057940 -0.19612230 0.00000000 1.00000000
				-3.63613400 2.39950900 1.73335500 / -0.19612230 0.98057950 0.00000000 / 255 0 255 255 / 0.46067810 0.51277160 / -0.98057940 -0.19612230 0.00000000 1.00000000
				-3.64345800 2.39804400 1.73335500 / -0.19612230 0.98057940 0.00000000 / 255 0 255 255 / 0.53933720 0.51277160 / -0.98057940 -0.19612230 0.00000000 1.00000000
				-3.63613400 2.39950900 1.73775000 / 0.73990890 0.67270720 0.00000000 / 255 0 255 255 / 0.57865910 0.48722840 / -0.67270710 0.73990880 0.00000000 1.00000000
				-3.63613400 2.39950900 1.73775000 / 0.73990890 0.67270720 0.00000000 / 255 0 255 255 / 0.57865910 0.48722840 / -0.67270710 0.73990880 0.00000000 1.00000000
				-3.63125100 2.39413800 1.73775000 / 0.73990880 0.67270710 0.00000000 / 255 0 255 255 / 0.50000000 0.48722840 / -0.67270710 0.73990890 0.00000000 1.00000000
				-3.63125100 2.39413800 1.73335500 / 0.73990890 0.67270720 0.00000000 / 255 0 255 255 / 0.50000000 0.51277160 / -0.67270710 0.73990880 0.00000000 1.00000000
				-3.63125100 2.39413800 1.73335500 / 0.73990890 0.67270720 0.00000000 / 255 0 255 255 / 0.50000000 0.51277160 / -0.67270710 0.73990880 0.00000000 1.00000000
				-3.63613400 2.39950900 1.73335500 / 0.73990880 0.67270710 0.00000000 / 255 0 255 255 / 0.57865910 0.51277160 / -0.67270710 0.73990890 0.00000000 1.00000000
				-3.56338000 2.39413800 1.73775000 / 0.94870500 -0.31616290 0.00000000 / 255 0 255 255 / 0.50000000 0.48722840 / 0.31616290 0.94870490 0.00000000 1.00000000
				-3.56338000 2.39413800 1.73775000 / 0.94870500 -0.31616290 0.00000000 / 255 0 255 255 / 0.50000000 0.48722840 / 0.31616290 0.94870490 0.00000000 1.00000000
				-3.56582100 2.38681300 1.73775000 / 0.94870490 -0.31616290 0.00000000 / 255 0 255 255 / 0.42134090 0.48722840 / 0.31616290 0.94870490 0.00000000 1.00000000
				-3.56582100 2.38681300 1.73335500 / 0.94870500 -0.31616290 0.00000000 / 255 0 255 255 / 0.42134090 0.51277160 / 0.31616290 0.94870490 0.00000000 1.00000000
				-3.56582100 2.38681300 1.73335500 / 0.94870500 -0.31616290 0.00000000 / 255 0 255 255 / 0.42134090 0.51277160 / 0.31616290 0.94870490 0.00000000 1.00000000
				-3.56338000 2.39413800 1.73335500 / 0.94870490 -0.31616290 0.00000000 / 255 0 255 255 / 0.50000000 0.51277160 / 0.31616290 0.94870490 0.00000000 1.00000000
				-3.56582100 2.38681300 1.73775000 / 0.20952910 -0.97780250 0.00000000 / 255 0 255 255 / 0.53933720 0.48722840 / 0.97780240 0.20952910 0.00000000 1.00000000
				-3.56582100 2.38681300 1.73775000 / 0.20952910 -0.97780250 0.00000000 / 255 0 255 255 / 0.53933720 0.48722840 / 0.97780240 0.20952910 0.00000000 1.00000000
				-3.57265700 2.38534800 1.73775000 / 0.20952910 -0.97780240 0.00000000 / 255 0 255 255 / 0.46066280 0.48722840 / 0.97780240 0.20952910 0.00000000 1.00000000
				-3.57265700 2.38534800 1.73335500 / 0.20952910 -0.97780250 0.00000000 / 255 0 255 255 / 0.46066280 0.51277160 / 0.97780240 0.20952910 0.00000000 1.00000000
				-3.57265700 2.38534800 1.73335500 / 0.20952910 -0.97780250 0.00000000 / 255 0 255 255 / 0.46066280 0.51277160 / 0.97780240 0.20952910 0.00000000 1.00000000
				-3.56582100 2.38681300 1.73335500 / 0.20952910 -0.97780240 0.00000000 / 255 0 255 255 / 0.53933720 0.51277160 / 0.97780240 0.20952910 0.00000000 1.00000000
				-3.57265700 2.38534800 1.73775000 / -0.73718150 -0.67569470 0.00000000 / 255 0 255 255 / 0.57865910 0.48722840 / 0.67569480 -0.73718150 0.00000000 1.00000000
				-3.57265700 2.38534800 1.73775000 / -0.73718150 -0.67569470 0.00000000 / 255 0 255 255 / 0.57865910 0.48722840 / 0.67569480 -0.73718150 0.00000000 1.00000000
				-3.57802800 2.39120800 1.73775000 / -0.73718150 -0.67569480 0.00000000 / 255 0 255 255 / 0.50000000 0.48722840 / 0.67569480 -0.73718150 0.00000000 1.00000000
				-3.57802800 2.39120800 1.73335500 / -0.73718150 -0.67569470 0.00000000 / 255 0 255 255 / 0.50000000 0.51277160 / 0.67569480 -0.73718150 0.00000000 1.00000000
				-3.57802800 2.39120800 1.73335500 / -0.73718150 -0.67569470 0.00000000 / 255 0 255 255 / 0.50000000 0.51277160 / 0.67569480 -0.73718150 0.00000000 1.00000000
				-3.57265700 2.38534800 1.73335500 / -0.73718150 -0.67569480 0.00000000 / 255 0 255 255 / 0.57865910 0.51277160 / 0.67569480 -0.73718150 0.00000000 1.00000000
				-3.57802800 2.39120800 1.73775000 / -0.94175610 0.33629690 0.00000000 / 255 0 255 255 / 0.50000000 0.48722840 / -0.33629690 -0.94175600 0.00000000 1.00000000
				-3.57802800 2.39120800 1.73775000 / -0.94175610 0.33629690 0.00000000 / 255 0 255 255 / 0.50000000 0.48722840 / -0.33629690 -0.94175600 0.00000000 1.00000000
				-3.57558700 2.39804400 1.73775000 / -0.94175600 0.33629680 0.00000000 / 255 0 255 255 / 0.42134090 0.48722840 / -0.33629680 -0.94175610 0.00000000 1.00000000
				-3.57558700 2.39804400 1.73335500 / -0.94175610 0.33629690 0.00000000 / 255 0 255 255 / 0.42134090 0.51277160 / -0.33629690 -0.94175600 0.00000000 1.00000000
				-3.57558700 2.39804400 1.73335500 / -0.94175610 0.33629690 0.00000000 / 255 0 255 255 / 0.42134090 0.51277160 / -0.33629690 -0.94175600 0.00000000 1.00000000
				-3.57802800 2.39120800 1.73335500 / -0.94175600 0.33629680 0.00000000 / 255 0 255 255 / 0.50000000 0.51277160 / -0.33629680 -0.94175610 0.00000000 1.00000000
				-3.57558700 2.39804400 1.73775000 / -0.19612230 0.98057950 0.00000000 / 255 0 255 255 / 0.53933720 0.48722840 / -0.98057940 -0.19612230 0.00000000 1.00000000
				-3.57558700 2.39804400 1.73775000 / -0.19612230 0.98057950 0.00000000 / 255 0 255 255 / 0.53933720 0.48722840 / -0.98057940 -0.19612230 0.00000000 1.00000000
				-3.56826300 2.39950900 1.73775000 / -0.19612230 0.98057940 0.00000000 / 255 0 255 255 / 0.46067810 0.48722840 / -0.98057940 -0.19612230 0.00000000 1.00000000
				-3.56826300 2.39950900 1.73335500 / -0.19612230 0.98057950 0.00000000 / 255 0 255 255 / 0.46067810 0.51277160 / -0.98057940 -0.19612230 0.00000000 1.00000000
				-3.56826300 2.39950900 1.73335500 / -0.19612230 0.98057950 0.00000000 / 255 0 255 255 / 0.46067810 0.51277160 / -0.98057940 -0.19612230 0.00000000 1.00000000
				-3.57558700 2.39804400 1.73335500 / -0.19612230 0.98057940 0.00000000 / 255 0 255 255 / 0.53933720 0.51277160 / -0.98057940 -0.19612230 0.00000000 1.00000000
				-3.56826300 2.39950900 1.73775000 / 0.73990890 0.67270720 0.00000000 / 255 0 255 255 / 0.57865910 0.48722840 / -0.67270710 0.73990880 0.00000000 1.00000000
				-3.56826300 2.39950900 1.73775000 / 0.73990890 0.67270720 0.00000000 / 255 0 255 255 / 0.57865910 0.48722840 / -0.67270710 0.73990880 0.00000000 1.00000000
				-3.56338000 2.39413800 1.73775000 / 0.73990880 0.67270710 0.00000000 / 255 0 255 255 / 0.50000000 0.48722840 / -0.67270710 0.73990890 0.00000000 1.00000000
				-3.56338000 2.39413800 1.73335500 / 0.73990890 0.67270720 0.00000000 / 255 0 255 255 / 0.50000000 0.51277160 / -0.67270710 0.73990880 0.00000000 1.00000000
				-3.56338000 2.39413800 1.73335500 / 0.73990890 0.67270720 0.00000000 / 255 0 255 255 / 0.50000000 0.51277160 / -0.67270710 0.73990880 0.00000000 1.00000000
				-3.56826300 2.39950900 1.73335500 / 0.73990880 0.67270710 0.00000000 / 255 0 255 255 / 0.57865910 0.51277160 / -0.67270710 0.73990890 0.00000000 1.00000000
				-3.59658300 2.39950900 1.73775000 / 1.00000000 0.00000000 0.00000000 / 255 0 255 255 / -0.28169250 0.33567810 / 0.00000000 1.00000000 0.00000000 1.00000000
				-3.59658300 2.39950900 1.73775000 / 1.00000000 0.00000000 0.00000000 / 255 0 255 255 / -0.28169250 0.33567810 / 0.00000000 1.00000000 0.00000000 1.00000000
				-3.59658300 2.38583700 1.73775000 / 1.00000000 0.00000000 0.00000000 / 255 0 255 255 / -0.30404660 0.33567810 / 0.00000000 1.00000000 0.00000000 1.00000000
				-3.59658300 2.38583700 1.51753500 / 1.00000000 0.00000000 0.00000000 / 255 0 255 255 / -0.30404660 0.69075010 / 0.00000000 1.00000000 0.00000000 1.00000000
				-3.59658300 2.38583700 1.51753500 / 1.00000000 0.00000000 0.00000000 / 255 0 255 255 / -0.30404660 0.69075010 / 0.00000000 1.00000000 0.00000000 1.00000000
				-3.59658300 2.39950900 1.51753500 / 1.00000000 0.00000000 0.00000000 / 255 0 255 255 / -0.28169250 0.69075010 / 0.00000000 1.00000000 0.00000000 1.00000000
				-3.59658300 2.38583700 1.73775000 / 0.00000000 -1.00000000 0.00000000 / 255 0 255 255 / -3.19882200 0.33567810 / 1.00000000 0.00000000 0.00000000 1.00000000
				-3.59658300 2.38583700 1.73775000 / 0.00000000 -1.00000000 0.00000000 / 255 0 255 255 / -3.19882200 0.33567810 / 1.00000000 0.00000000 0.00000000 1.00000000
				-3.60976700 2.38583700 1.73775000 / 0.00000000 -1.00000000 0.00000000 / 255 0 255 255 / -3.20990000 0.33567810 / 1.00000000 0.00000000 0.00000000 1.00000000
				-3.60976700 2.38583700 1.51753500 / 0.00000000 -1.00000000 0.00000000 / 255 0 255 255 / -3.20990000 0.69075010 / 1.00000000 0.00000000 0.00000000 1.00000000
				-3.60976700 2.38583700 1.51753500 / 0.00000000 -1.00000000 0.00000000 / 255 0 255 255 / -3.20990000 0.69075010 / 1.00000000 0.00000000 0.00000000 1.00000000
				-3.59658300 2.38583700 1.51753500 / 0.00000000 -1.00000000 0.00000000 / 255 0 255 255 / -3.19882200 0.69075010 / 1.00000000 0.00000000 0.00000000 1.00000000
				-3.60976700 2.38583700 1.73775000 / -1.00000000 0.00000000 0.00000000 / 255 0 255 255 / 1.29933200 0.33567810 / 0.00000000 -1.00000000 0.00000000 1.00000000
				-3.60976700 2.38583700 1.73775000 / -1.00000000 0.00000000 0.00000000 / 255 0 255 255 / 1.29933200 0.33567810 / 0.00000000 -1.00000000 0.00000000 1.00000000
				-3.60976700 2.39950900 1.73775000 / -1.00000000 0.00000000 0.00000000 / 255 0 255 255 / 1.27697800 0.33567810 / 0.00000000 -1.00000000 0.00000000 1.00000000
				-3.60976700 2.39950900 1.51753500 / -1.00000000 0.00000000 0.00000000 / 255 0 255 255 / 1.27697800 0.69075010 / 0.00000000 -1.00000000 0.00000000 1.00000000
				-3.60976700 2.39950900 1.51753500 / -1.00000000 0.00000000 0.00000000 / 255 0 255 255 / 1.27697800 0.69075010 / 0.00000000 -1.00000000 0.00000000 1.00000000
				-3.60976700 2.38583700 1.51753500 / -1.00000000 0.00000000 0.00000000 / 255 0 255 255 / 1.29933200 0.69075010 / 0.00000000 -1.00000000 0.00000000 1.00000000
				-3.60976700 2.39950900 1.73775000 / 0.00000000 1.00000000 0.00000000 / 255 0 255 255 / 4.20753500 0.33567810 / -1.00000000 0.00000000 0.00000000 1.00000000
				-3.60976700 2.39950900 1.73775000 / 0.00000000 1.00000000 0.00000000 / 255 0 255 255 / 4.20753500 0.33567810 / -1.00000000 0.00000000 0.00000000 1.00000000
				-3.59658300 2.39950900 1.73775000 / 0.00000000 1.00000000 0.00000000 / 255 0 255 255 / 4.19645700 0.33567810 / -1.00000000 0.00000000 0.00000000 1.00000000
				-3.59658300 2.39950900 1.51753500 / 0.00000000 1.00000000 0.00000000 / 255 0 255 255 / 4.19645700 0.69075010 / -1.00000000 0.00000000 0.00000000 1.00000000
				-3.59658300 2.39950900 1.51753500 / 0.00000000 1.00000000 0.00000000 / 255 0 255 255 / 4.19645700 0.69075010 / -1.00000000 0.00000000 0.00000000 1.00000000
				-3.60976700 2.39950900 1.51753500 / 0.00000000 1.00000000 0.00000000 / 255 0 255 255 / 4.20753500 0.69075010 / -1.00000000 0.00000000 0.00000000 1.00000000
				2.74326100 -2.10049100 1.51851100 / 0.00000000 0.88419850 0.46711150 / 255 0 255 255 / 1.83050500 -0.17877200 / -1.00000000 0.00000000 0.00000000 1.00000000
				2.74326100 -2.10049100 1.51851100 / 0.00000000 0.88419850 0.46711150 / 255 0 255 255 / 1.83050500 -0.17877200 / -1.00000000 0.00000000 0.00000000 1.00000000
				4.51572200 -2.10049100 1.51851100 / 0.00000000 0.88419850 0.46711150 / 255 0 255 255 / -0.86914060 -0.17877200 / -1.00000000 0.00000000 0.00000000 1.00000000
				4.51572200 -2.07314800 1.46675300 / 0.00000000 0.97061790 0.24062610 / 255 0 255 255 / -0.86912550 -0.01010130 / -1.00000000 0.00000000 0.00000000 1.00000000
				4.51572200 -2.07314800 1.46675300 / 0.00000000 0.97061790 0.24062610 / 255 0 255 255 / -0.86912550 -0.01010130 / -1.00000000 0.00000000 0.00000000 1.00000000
				4.51572200 -2.07314800 1.46675300 / 0.00000000 0.97061790 0.24062610 / 255 0 255 255 / -0.86912550 -0.01010130 / -1.00000000 0.00000000 0.00000000 1.00000000
				2.74326100 -2.07314800 1.46675300 / 0.00000000 0.97061810 0.24062520 / 255 0 255 255 / 1.83050500 -0.01010130 / -1.00000000 0.00000000 0.00000000 1.00000000
				2.74326100 -2.07314800 1.46675300 / 0.00000000 0.97061810 0.24062520 / 255 0 255 255 / 1.83050500 -0.01010130 / -1.00000000 0.00000000 0.00000000 1.00000000
				2.74326100 -2.07314800 1.46675300 / 0.00000000 0.97061810 0.24062520 / 255 0 255 255 / 1.83050500 -0.01010130 / -1.00000000 0.00000000 0.00000000 1.00000000
				4.51572200 -2.07314800 1.44526900 / 0.00000000 1.00000000 0.00000000 / 255 0 255 255 / -0.86912550 0.05937190 / -1.00000000 0.00000000 0.00000000 1.00000000
				4.51572200 -2.07314800 1.44526900 / 0.00000000 1.00000000 0.00000000 / 255 0 255 255 / -0.86912550 0.05937190 / -1.00000000 0.00000000 0.00000000 1.00000000
				2.74326100 -2.07314800 1.44526900 / 0.00000000 1.00000000 0.00000000 / 255 0 255 255 / 1.83050500 0.05937190 / -1.00000000 0.00000000 0.00000000 1.00000000
				2.74326100 -2.29726900 1.51851100 / -1.00000000 0.00000000 0.00000000 / 255 0 255 255 / 0.79762270 -0.17877200 / 0.00000000 -1.00000000 0.00000000 1.00000000
				2.74326100 -2.29726900 1.51851100 / -1.00000000 0.00000000 0.00000000 / 255 0 255 255 / 0.79762270 -0.17877200 / 0.00000000 -1.00000000 0.00000000 1.00000000
				2.74326100 -2.10049100 1.51851100 / -1.00000000 0.00000000 0.00000000 / 255 0 255 255 / 0.38746640 -0.17877200 / 0.00000000 -1.00000000 0.00000000 1.00000000
				2.74326100 -2.07314800 1.46675300 / -0.99999980 0.00000000 0.00000000 / 255 0 255 255 / 0.33009340 -0.01010130 / 0.00000000 -1.00000000 0.00000000 1.00000000
				2.74326100 -2.07314800 1.46675300 / -0.99999980 0.00000000 0.00000000 / 255 0 255 255 / 0.33009340 -0.01010130 / 0.00000000 -1.00000000 0.00000000 1.00000000
				2.74326100 -2.07314800 1.46675300 / -0.99999980 0.00000000 0.00000000 / 255 0 255 255 / 0.33009340 -0.01010130 / 0.00000000 -1.00000000 0.00000000 1.00000000
				2.74326100 -2.32461200 1.46675300 / -0.99999980 0.00000000 0.00000000 / 255 0 255 255 / 0.85498040 -0.01010130 / 0.00000000 -1.00000000 0.00000000 1.00000000
				2.74326100 -2.32461200 1.46675300 / -0.99999980 0.00000000 0.00000000 / 255 0 255 255 / 0.85498040 -0.01010130 / 0.00000000 -1.00000000 0.00000000 1.00000000
				2.74326100 -2.32461200 1.46675300 / -0.99999980 0.00000000 0.00000000 / 255 0 255 255 / 0.85498040 -0.01010130 / 0.00000000 -1.00000000 0.00000000 1.00000000
				2.74326100 -2.07314800 1.44526900 / -1.00000000 0.00000000 0.00000000 / 255 0 255 255 / 0.33009340 0.05937190 / 0.00000000 -1.00000000 0.00000000 1.00000000
				2.74326100 -2.07314800 1.44526900 / -1.00000000 0.00000000 0.00000000 / 255 0 255 255 / 0.33009340 0.05937190 / 0.00000000 -1.00000000 0.00000000 1.00000000
				2.74326100 -2.32461200 1.44526900 / -1.00000000 0.00000000 0.00000000 / 255 0 255 255 / 0.85498040 0.05937190 / 0.00000000 -1.00000000 0.00000000 1.00000000
				4.51572200 -2.29726900 1.51851100 / 0.00000000 -0.88419850 0.46711150 / 255 0 255 255 / 1.86914100 -0.17877200 / 1.00000000 0.00000000 0.00000000 1.00000000
				4.51572200 -2.29726900 1.51851100 / 0.00000000 -0.88419850 0.46711150 / 255 0 255 255 / 1.86914100 -0.17877200 / 1.00000000 0.00000000 0.00000000 1.00000000
				2.74326100 -2.29726900 1.51851100 / 0.00000000 -0.88419850 0.46711150 / 255 0 255 255 / -0.83050540 -0.17877200 / 1.00000000 0.00000000 0.00000000 1.00000000
				2.74326100 -2.32461200 1.46675300 / 0.00000000 -0.97061790 0.24062610 / 255 0 255 255 / -0.83050540 -0.01010130 / 1.00000000 0.00000000 0.00000000 1.00000000
				2.74326100 -2.32461200 1.46675300 / 0.00000000 -0.97061790 0.24062610 / 255 0 255 255 / -0.83050540 -0.01010130 / 1.00000000 0.00000000 0.00000000 1.00000000
				2.74326100 -2.32461200 1.46675300 / 0.00000000 -0.97061790 0.24062610 / 255 0 255 255 / -0.83050540 -0.01010130 / 1.00000000 0.00000000 0.00000000 1.00000000
				4.51572200 -2.32461200 1.46675300 / 0.00000000 -0.97061810 0.24062520 / 255 0 255 255 / 1.86914100 -0.01010130 / 1.00000000 0.00000000 0.00000000 1.00000000
				4.51572200 -2.32461200 1.46675300 / 0.00000000 -0.97061810 0.24062520 / 255 0 255 255 / 1.86914100 -0.01010130 / 1.00000000 0.00000000 0.00000000 1.00000000
				4.51572200 -2.32461200 1.46675300 / 0.00000000 -0.97061810 0.24062520 / 255 0 255 255 / 1.86914100 -0.01010130 / 1.00000000 0.00000000 0.00000000 1.00000000
				2.74326100 -2.32461200 1.44526900 / 0.00000000 -1.00000000 0.00000000 / 255 0 255 255 / -0.83050540 0.05937190 / 1.00000000 0.00000000 0.00000000 1.00000000
				2.74326100 -2.32461200 1.44526900 / 0.00000000 -1.00000000 0.00000000 / 255 0 255 255 / -0.83050540 0.05937190 / 1.00000000 0.00000000 0.00000000 1.00000000
				4.51572200 -2.32461200 1.44526900 / 0.00000000 -1.00000000 0.00000000 / 255 0 255 255 / 1.86914100 0.05937190 / 1.00000000 0.00000000 0.00000000 1.00000000
				4.51572200 -2.10049100 1.51851100 / 1.00000000 0.00000000 0.00000000 / 255 0 255 255 / 0.61254890 -0.17877200 / 0.00000000 1.00000000 0.00000000 1.00000000
				4.51572200 -2.10049100 1.51851100 / 1.00000000 0.00000000 0.00000000 / 255 0 255 255 / 0.61254890 -0.17877200 / 0.00000000 1.00000000 0.00000000 1.00000000
				4.51572200 -2.29726900 1.51851100 / 1.00000000 0.00000000 0.00000000 / 255 0 255 255 / 0.20237730 -0.17877200 / 0.00000000 1.00000000 0.00000000 1.00000000
				4.51572200 -2.32461200 1.46675300 / 0.99999980 0.00000000 0.00000000 / 255 0 255 255 / 0.14501950 -0.01010130 / 0.00000000 1.00000000 0.00000000 1.00000000
				4.51572200 -2.32461200 1.46675300 / 0.99999980 0.00000000 0.00000000 / 255 0 255 255 / 0.14501950 -0.01010130 / 0.00000000 1.00000000 0.00000000 1.00000000
				4.51572200 -2.32461200 1.46675300 / 0.99999980 0.00000000 0.00000000 / 255 0 255 255 / 0.14501950 -0.01010130 / 0.00000000 1.00000000 0.00000000 1.00000000
				4.51572200 -2.07314800 1.46675300 / 0.99999980 0.00000000 0.00000000 / 255 0 255 255 / 0.66989130 -0.01010130 / 0.00000000 1.00000000 0.00000000 1.00000000
				4.51572200 -2.07314800 1.46675300 / 0.99999980 0.00000000 0.00000000 / 255 0 255 255 / 0.66989130 -0.01010130 / 0.00000000 1.00000000 0.00000000 1.00000000
				4.51572200 -2.07314800 1.46675300 / 0.99999980 0.00000000 0.00000000 / 255 0 255 255 / 0.66989130 -0.01010130 / 0.00000000 1.00000000 0.00000000 1.00000000
				4.51572200 -2.32461200 1.44526900 / 1.00000000 0.00000000 0.00000000 / 255 0 255 255 / 0.14501950 0.05937190 / 0.00000000 1.00000000 0.00000000 1.00000000
				4.51572200 -2.32461200 1.44526900 / 1.00000000 0.00000000 0.00000000 / 255 0 255 255 / 0.14501950 0.05937190 / 0.00000000 1.00000000 0.00000000 1.00000000
				4.51572200 -2.07314800 1.44526900 / 1.00000000 0.00000000 0.00000000 / 255 0 255 255 / 0.66989130 0.05937190 / 0.00000000 1.00000000 0.00000000 1.00000000
				2.74326100 -5.46230800 1.51851100 / 0.00000000 0.88419000 0.46712740 / 255 0 255 255 / 1.83050500 -0.17877200 / -1.00000000 0.00000000 0.00000000 1.00000000
				2.74326100 -5.46230800 1.51851100 / 0.00000000 0.88419000 0.46712740 / 255 0 255 255 / 1.83050500 -0.17877200 / -1.00000000 0.00000000 0.00000000 1.00000000
				4.51572200 -5.46230800 1.51851100 / 0.00000000 0.88419000 0.46712740 / 255 0 255 255 / -0.86914060 -0.17877200 / -1.00000000 0.00000000 0.00000000 1.00000000
				4.51572200 -5.43496400 1.46675300 / 0.00000000 0.97061570 0.24063480 / 255 0 255 255 / -0.86912550 -0.01010130 / -1.00000000 0.00000000 0.00000000 1.00000000
				4.51572200 -5.43496400 1.46675300 / 0.00000000 0.97061570 0.24063480 / 255 0 255 255 / -0.86912550 -0.01010130 / -1.00000000 0.00000000 0.00000000 1.00000000
				4.51572200 -5.43496400 1.46675300 / 0.00000000 0.97061570 0.24063480 / 255 0 255 255 / -0.86912550 -0.01010130 / -1.00000000 0.00000000 0.00000000 1.00000000
				2.74326100 -5.43496400 1.46675300 / 0.00000000 0.97061600 0.24063390 / 255 0 255 255 / 1.83050500 -0.01010130 / -1.00000000 0.00000000 0.00000000 1.00000000
				2.74326100 -5.43496400 1.46675300 / 0.00000000 0.97061600 0.24063390 / 255 0 255 255 / 1.83050500 -0.01010130 / -1.00000000 0.00000000 0.00000000 1.00000000
				2.74326100 -5.43496400 1.46675300 / 0.00000000 0.97061600 0.24063390 / 255 0 255 255 / 1.83050500 -0.01010130 / -1.00000000 0.00000000 0.00000000 1.00000000
				4.51572200 -5.43496400 1.44526900 / 0.00000000 1.00000000 0.00000000 / 255 0 255 255 / -0.86912550 0.05937190 / -1.00000000 0.00000000 0.00000000 1.00000000
				4.51572200 -5.43496400 1.44526900 / 0.00000000 1.00000000 0.00000000 / 255 0 255 255 / -0.86912550 0.05937190 / -1.00000000 0.00000000 0.00000000 1.00000000
				2.74326100 -5.43496400 1.44526900 / 0.00000000 1.00000000 0.00000000 / 255 0 255 255 / 1.83050500 0.05937190 / -1.00000000 0.00000000 0.00000000 1.00000000
				2.74326100 -5.65908500 1.51851100 / -1.00000000 0.00000000 0.00000000 / 255 0 255 255 / 0.79762270 -0.17877200 / 0.00000000 -1.00000000 0.00000000 1.00000000
				2.74326100 -5.65908500 1.51851100 / -1.00000000 0.00000000 0.00000000 / 255 0 255 255 / 0.79762270 -0.17877200 / 0.00000000 -1.00000000 0.00000000 1.00000000
				2.74326100 -5.46230800 1.51851100 / -1.00000000 0.00000000 0.00000000 / 255 0 255 255 / 0.38746640 -0.17877200 / 0.00000000 -1.00000000 0.00000000 1.00000000
				2.74326100 -5.43496400 1.46675300 / -0.99999980 0.00000000 0.00000000 / 255 0 255 255 / 0.33009340 -0.01010130 / 0.00000000 -1.00000000 0.00000000 1.00000000
				2.74326100 -5.43496400 1.46675300 / -0.99999980 0.00000000 0.00000000 / 255 0 255 255 / 0.33009340 -0.01010130 / 0.00000000 -1.00000000 0.00000000 1.00000000
				2.74326100 -5.43496400 1.46675300 / -0.99999980 0.00000000 0.00000000 / 255 0 255 255 / 0.33009340 -0.01010130 / 0.00000000 -1.00000000 0.00000000 1.00000000
				2.74326100 -5.68642900 1.46675300 / -1.00000000 0.00000000 0.00000000 / 255 0 255 255 / 0.85498040 -0.01010130 / 0.00000000 -1.00000000 0.00000000 1.00000000
				2.74326100 -5.68642900 1.46675300 / -1.00000000 0.00000000 0.00000000 / 255 0 255 255 / 0.85498040 -0.01010130 / 0.00000000 -1.00000000 0.00000000 1.00000000
				2.74326100 -5.68642900 1.46675300 / -1.00000000 0.00000000 0.00000000 / 255 0 255 255 / 0.85498040 -0.01010130 / 0.00000000 -1.00000000 0.00000000 1.00000000
				2.74326100 -5.43496400 1.44526900 / -1.00000000 0.00000000 0.00000000 / 255 0 255 255 / 0.33009340 0.05937190 / 0.00000000 -1.00000000 0.00000000 1.00000000
				2.74326100 -5.43496400 1.44526900 / -1.00000000 0.00000000 0.00000000 / 255 0 255 255 / 0.33009340 0.05937190 / 0.00000000 -1.00000000 0.00000000 1.00000000
				2.74326100 -5.68642900 1.44526900 / -1.00000000 0.00000000 0.00000000 / 255 0 255 255 / 0.85498040 0.05937190 / 0.00000000 -1.00000000 0.00000000 1.00000000
				4.51572200 -5.65908500 1.51851100 / 0.00000000 -0.88419340 0.46712100 / 255 0 255 255 / 1.86914100 -0.17877200 / 1.00000000 0.00000000 0.00000000 1.00000000
				4.51572200 -5.65908500 1.51851100 / 0.00000000 -0.88419340 0.46712100 / 255 0 255 255 / 1.86914100 -0.17877200 / 1.00000000 0.00000000 0.00000000 1.00000000
				2.74326100 -5.65908500 1.51851100 / 0.00000000 -0.88419350 0.46712100 / 255 0 255 255 / -0.83050540 -0.17877200 / 1.00000000 0.00000000 0.00000000 1.00000000
				2.74326100 -5.68642900 1.46675300 / 0.00000000 -0.97061660 0.24063130 / 255 0 255 255 / -0.83050540 -0.01010130 / 1.00000000 0.00000000 0.00000000 1.00000000
				2.74326100 -5.68642900 1.46675300 / 0.00000000 -0.97061660 0.24063130 / 255 0 255 255 / -0.83050540 -0.01010130 / 1.00000000 0.00000000 0.00000000 1.00000000
				2.74326100 -5.68642900 1.46675300 / 0.00000000 -0.97061660 0.24063130 / 255 0 255 255 / -0.83050540 -0.01010130 / 1.00000000 0.00000000 0.00000000 1.00000000
				4.51572200 -5.68642900 1.46675300 / 0.00000000 -0.97061680 0.24063040 / 255 0 255 255 / 1.86914100 -0.01010130 / 1.00000000 0.00000000 0.00000000 1.00000000
				4.51572200 -5.68642900 1.46675300 / 0.00000000 -0.97061680 0.24063040 / 255 0 255 255 / 1.86914100 -0.01010130 / 1.00000000 0.00000000 0.00000000 1.00000000
				4.51572200 -5.68642900 1.46675300 / 0.00000000 -0.97061680 0.24063040 / 255 0 255 255 / 1.86914100 -0.01010130 / 1.00000000 0.00000000 0.00000000 1.00000000
				2.74326100 -5.68642900 1.44526900 / 0.00000000 -1.00000000 0.00000000 / 255 0 255 255 / -0.83050540 0.05937190 / 1.00000000 0.00000000 0.00000000 1.00000000
				2.74326100 -5.68642900 1.44526900 / 0.00000000 -1.00000000 0.00000000 / 255 0 255 255 / -0.83050540 0.05937190 / 1.00000000 0.00000000 0.00000000 1.00000000
				4.51572200 -5.68642900 1.44526900 / 0.00000000 -1.00000000 0.00000000 / 255 0 255 255 / 1.86914100 0.05937190 / 1.00000000 0.00000000 0.00000000 1.00000000
				4.51572200 -5.46230800 1.51851100 / 1.00000000 0.00000000 0.00000000 / 255 0 255 255 / 0.61254890 -0.17877200 / 0.00000000 1.00000000 0.00000000 1.00000000
				4.51572200 -5.46230800 1.51851100 / 1.00000000 0.00000000 0.00000000 / 255 0 255 255 / 0.61254890 -0.17877200 / 0.00000000 1.00000000 0.00000000 1.00000000
				4.51572200 -5.65908500 1.51851100 / 1.00000000 0.00000000 0.00000000 / 255 0 255 255 / 0.20237730 -0.17877200 / 0.00000000 1.00000000 0.00000000 1.00000000
				4.51572200 -5.68642900 1.46675300 / 0.99999980 0.00000000 0.00000000 / 255 0 255 255 / 0.14501950 -0.01010130 / 0.00000000 1.00000000 0.00000000 1.00000000
				4.51572200 -5.68642900 1.46675300 / 0.99999980 0.00000000 0.00000000 / 255 0 255 255 / 0.14501950 -0.01010130 / 0.00000000 1.00000000 0.00000000 1.00000000
				4.51572200 -5.68642900 1.46675300 / 0.99999980 0.00000000 0.00000000 / 255 0 255 255 / 0.14501950 -0.01010130 / 0.00000000 1.00000000 0.00000000 1.00000000
				4.51572200 -5.43496400 1.46675300 / 0.99999980 0.00000000 0.00000000 / 255 0 255 255 / 0.66989130 -0.01010130 / 0.00000000 1.00000000 0.00000000 1.00000000
				4.51572200 -5.43496400 1.46675300 / 0.99999980 0.00000000 0.00000000 / 255 0 255 255 / 0.66989130 -0.01010130 / 0.00000000 1.00000000 0.00000000 1.00000000
				4.51572200 -5.43496400 1.46675300 / 0.99999980 0.00000000 0.00000000 / 255 0 255 255 / 0.66989130 -0.01010130 / 0.00000000 1.00000000 0.00000000 1.00000000
				4.51572200 -5.68642900 1.44526900 / 1.00000000 0.00000000 0.00000000 / 255 0 255 255 / 0.14501950 0.05937190 / 0.00000000 1.00000000 0.00000000 1.00000000
				4.51572200 -5.68642900 1.44526900 / 1.00000000 0.00000000 0.00000000 / 255 0 255 255 / 0.14501950 0.05937190 / 0.00000000 1.00000000 0.00000000 1.00000000
				4.51572200 -5.43496400 1.44526900 / 1.00000000 0.00000000 0.00000000 / 255 0 255 255 / 0.66989130 0.05937190 / 0.00000000 1.00000000 0.00000000 1.00000000
				2.74326100 2.49667700 1.51851100 / 0.00000000 0.88419850 0.46711150 / 255 0 255 255 / 1.83050500 -0.17877200 / -1.00000000 0.00000000 0.00000000 1.00000000
				2.74326100 2.49667700 1.51851100 / 0.00000000 0.88419850 0.46711150 / 255 0 255 255 / 1.83050500 -0.17877200 / -1.00000000 0.00000000 0.00000000 1.00000000
				4.51572200 2.49667700 1.51851100 / 0.00000000 0.88419850 0.46711150 / 255 0 255 255 / -0.86914060 -0.17877200 / -1.00000000 0.00000000 0.00000000 1.00000000
				4.51572200 2.52402000 1.46675300 / 0.00000000 0.97061790 0.24062610 / 255 0 255 255 / -0.86912550 -0.01010130 / -1.00000000 0.00000000 0.00000000 1.00000000
				4.51572200 2.52402000 1.46675300 / 0.00000000 0.97061790 0.24062610 / 255 0 255 255 / -0.86912550 -0.01010130 / -1.00000000 0.00000000 0.00000000 1.00000000
				4.51572200 2.52402000 1.46675300 / 0.00000000 0.97061790 0.24062610 / 255 0 255 255 / -0.86912550 -0.01010130 / -1.00000000 0.00000000 0.00000000 1.00000000
				2.74326100 2.52402000 1.46675300 / 0.00000000 0.97061810 0.24062520 / 255 0 255 255 / 1.83050500 -0.01010130 / -1.00000000 0.00000000 0.00000000 1.00000000
				2.74326100 2.52402000 1.46675300 / 0.00000000 0.97061810 0.24062520 / 255 0 255 255 / 1.83050500 -0.01010130 / -1.00000000 0.00000000 0.00000000 1.00000000
				2.74326100 2.52402000 1.46675300 / 0.00000000 0.97061810 0.24062520 / 255 0 255 255 / 1.83050500 -0.01010130 / -1.00000000 0.00000000 0.00000000 1.00000000
				4.51572200 2.52402000 1.44526900 / 0.00000000 1.00000000 0.00000000 / 255 0 255 255 / -0.86912550 0.05937190 / -1.00000000 0.00000000 0.00000000 1.00000000
				4.51572200 2.52402000 1.44526900 / 0.00000000 1.00000000 0.00000000 / 255 0 255 255 / -0.86912550 0.05937190 / -1.00000000 0.00000000 0.00000000 1.00000000
				2.74326100 2.52402000 1.44526900 / 0.00000000 1.00000000 0.00000000 / 255 0 255 255 / 1.83050500 0.05937190 / -1.00000000 0.00000000 0.00000000 1.00000000
				2.74326100 2.29989900 1.51851100 / -1.00000000 0.00000000 0.00000000 / 255 0 255 255 / 0.79762270 -0.17877200 / 0.00000000 -1.00000000 0.00000000 1.00000000
				2.74326100 2.29989900 1.51851100 / -1.00000000 0.00000000 0.00000000 / 255 0 255 255 / 0.79762270 -0.17877200 / 0.00000000 -1.00000000 0.00000000 1.00000000
				2.74326100 2.49667700 1.51851100 / -1.00000000 0.00000000 0.00000000 / 255 0 255 255 / 0.38746640 -0.17877200 / 0.00000000 -1.00000000 0.00000000 1.00000000
				2.74326100 2.52402000 1.46675300 / -0.99999980 0.00000000 0.00000000 / 255 0 255 255 / 0.33009340 -0.01010130 / 0.00000000 -1.00000000 0.00000000 1.00000000
				2.74326100 2.52402000 1.46675300 / -0.99999980 0.00000000 0.00000000 / 255 0 255 255 / 0.33009340 -0.01010130 / 0.00000000 -1.00000000 0.00000000 1.00000000
				2.74326100 2.52402000 1.46675300 / -0.99999980 0.00000000 0.00000000 / 255 0 255 255 / 0.33009340 -0.01010130 / 0.00000000 -1.00000000 0.00000000 1.00000000
				2.74326100 2.27255600 1.46675300 / -0.99999980 0.00000000 0.00000000 / 255 0 255 255 / 0.85498040 -0.01010130 / 0.00000000 -1.00000000 0.00000000 1.00000000
				2.74326100 2.27255600 1.46675300 / -0.99999980 0.00000000 0.00000000 / 255 0 255 255 / 0.85498040 -0.01010130 / 0.00000000 -1.00000000 0.00000000 1.00000000
				2.74326100 2.27255600 1.46675300 / -0.99999980 0.00000000 0.00000000 / 255 0 255 255 / 0.85498040 -0.01010130 / 0.00000000 -1.00000000 0.00000000 1.00000000
				2.74326100 2.52402000 1.44526900 / -1.00000000 0.00000000 0.00000000 / 255 0 255 255 / 0.33009340 0.05937190 / 0.00000000 -1.00000000 0.00000000 1.00000000
				2.74326100 2.52402000 1.44526900 / -1.00000000 0.00000000 0.00000000 / 255 0 255 255 / 0.33009340 0.05937190 / 0.00000000 -1.00000000 0.00000000 1.00000000
				2.74326100 2.27255600 1.44526900 / -1.00000000 0.00000000 0.00000000 / 255 0 255 255 / 0.85498040 0.05937190 / 0.00000000 -1.00000000 0.00000000 1.00000000
				4.51572200 2.29989900 1.51851100 / 0.00000000 -0.88419850 0.46711150 / 255 0 255 255 / 1.86914100 -0.17877200 / 1.00000000 0.00000000 0.00000000 1.00000000
				4.51572200 2.29989900 1.51851100 / 0.00000000 -0.88419850 0.46711150 / 255 0 255 255 / 1.86914100 -0.17877200 / 1.00000000 0.00000000 0.00000000 1.00000000
				2.74326100 2.29989900 1.51851100 / 0.00000000 -0.88419850 0.46711150 / 255 0 255 255 / -0.83050540 -0.17877200 / 1.00000000 0.00000000 0.00000000 1.00000000
				2.74326100 2.27255600 1.46675300 / 0.00000000 -0.97061790 0.24062610 / 255 0 255 255 / -0.83050540 -0.01010130 / 1.00000000 0.00000000 0.00000000 1.00000000
				2.74326100 2.27255600 1.46675300 / 0.00000000 -0.97061790 0.24062610 / 255 0 255 255 / -0.83050540 -0.01010130 / 1.00000000 0.00000000 0.00000000 1.00000000
				2.74326100 2.27255600 1.46675300 / 0.00000000 -0.97061790 0.24062610 / 255 0 255 255 / -0.83050540 -0.01010130 / 1.00000000 0.00000000 0.00000000 1.00000000
				4.51572200 2.27255600 1.46675300 / 0.00000000 -0.97061810 0.24062520 / 255 0 255 255 / 1.86914100 -0.01010130 / 1.00000000 0.00000000 0.00000000 1.00000000
				4.51572200 2.27255600 1.46675300 / 0.00000000 -0.97061810 0.24062520 / 255 0 255 255 / 1.86914100 -0.01010130 / 1.00000000 0.00000000 0.00000000 1.00000000
				4.51572200 2.27255600 1.46675300 / 0.00000000 -0.97061810 0.24062520 / 255 0 255 255 / 1.86914100 -0.01010130 / 1.00000000 0.00000000 0.00000000 1.00000000
				2.74326100 2.27255600 1.44526900 / 0.00000000 -1.00000000 0.00000000 / 255 0 255 255 / -0.83050540 0.05937190 / 1.00000000 0.00000000 0.00000000 1.00000000
				2.74326100 2.27255600 1.44526900 / 0.00000000 -1.00000000 0.00000000 / 255 0 255 255 / -0.83050540 0.05937190 / 1.00000000 0.00000000 0.00000000 1.00000000
				4.51572200 2.27255600 1.44526900 / 0.00000000 -1.00000000 0.00000000 / 255 0 255 255 / 1.86914100 0.05937190 / 1.00000000 0.00000000 0.00000000 1.00000000
				4.51572200 2.49667700 1.51851100 / 1.00000000 0.00000000 0.00000000 / 255 0 255 255 / 0.61254890 -0.17877200 / 0.00000000 1.00000000 0.00000000 1.00000000
				4.51572200 2.49667700 1.51851100 / 1.00000000 0.00000000 0.00000000 / 255 0 255 255 / 0.61254890 -0.17877200 / 0.00000000 1.00000000 0.00000000 1.00000000
				4.51572200 2.29989900 1.51851100 / 1.00000000 0.00000000 0.00000000 / 255 0 255 255 / 0.20237730 -0.17877200 / 0.00000000 1.00000000 0.00000000 1.00000000
				4.51572200 2.27255600 1.46675300 / 0.99999980 0.00000000 0.00000000 / 255 0 255 255 / 0.14501950 -0.01010130 / 0.00000000 1.00000000 0.00000000 1.00000000
				4.51572200 2.27255600 1.46675300 / 0.99999980 0.00000000 0.00000000 / 255 0 255 255 / 0.14501950 -0.01010130 / 0.00000000 1.00000000 0.00000000 1.00000000
				4.51572200 2.27255600 1.46675300 / 0.99999980 0.00000000 0.00000000 / 255 0 255 255 / 0.14501950 -0.01010130 / 0.00000000 1.00000000 0.00000000 1.00000000
				4.51572200 2.52402000 1.46675300 / 0.99999980 0.00000000 0.00000000 / 255 0 255 255 / 0.66989130 -0.01010130 / 0.00000000 1.00000000 0.00000000 1.00000000
				4.51572200 2.52402000 1.46675300 / 0.99999980 0.00000000 0.00000000 / 255 0 255 255 / 0.66989130 -0.01010130 / 0.00000000 1.00000000 0.00000000 1.00000000
				4.51572200 2.52402000 1.46675300 / 0.99999980 0.00000000 0.00000000 / 255 0 255 255 / 0.66989130 -0.01010130 / 0.00000000 1.00000000 0.00000000 1.00000000
				4.51572200 2.27255600 1.44526900 / 1.00000000 0.00000000 0.00000000 / 255 0 255 255 / 0.14501950 0.05937190 / 0.00000000 1.00000000 0.00000000 1.00000000
				4.51572200 2.27255600 1.44526900 / 1.00000000 0.00000000 0.00000000 / 255 0 255 255 / 0.14501950 0.05937190 / 0.00000000 1.00000000 0.00000000 1.00000000
				4.51572200 2.52402000 1.44526900 / 1.00000000 0.00000000 0.00000000 / 255 0 255 255 / 0.66989130 0.05937190 / 0.00000000 1.00000000 0.00000000 1.00000000
				2.74326100 5.85849300 1.51851100 / 0.00000000 0.88419340 0.46712100 / 255 0 255 255 / 1.83050500 -0.17877200 / -1.00000000 0.00000000 0.00000000 1.00000000
				2.74326100 5.85849300 1.51851100 / 0.00000000 0.88419340 0.46712100 / 255 0 255 255 / 1.83050500 -0.17877200 / -1.00000000 0.00000000 0.00000000 1.00000000
				4.51572200 5.85849300 1.51851100 / 0.00000000 0.88419350 0.46712100 / 255 0 255 255 / -0.86914060 -0.17877200 / -1.00000000 0.00000000 0.00000000 1.00000000
				4.51572200 5.88583700 1.46675300 / 0.00000000 0.97061660 0.24063130 / 255 0 255 255 / -0.86912550 -0.01010130 / -1.00000000 0.00000000 0.00000000 1.00000000
				4.51572200 5.88583700 1.46675300 / 0.00000000 0.97061660 0.24063130 / 255 0 255 255 / -0.86912550 -0.01010130 / -1.00000000 0.00000000 0.00000000 1.00000000
				4.51572200 5.88583700 1.46675300 / 0.00000000 0.97061660 0.24063130 / 255 0 255 255 / -0.86912550 -0.01010130 / -1.00000000 0.00000000 0.00000000 1.00000000
				2.74326100 5.88583700 1.46675300 / 0.00000000 0.97061680 0.24063040 / 255 0 255 255 / 1.83050500 -0.01010130 / -1.00000000 0.00000000 0.00000000 1.00000000
				2.74326100 5.88583700 1.46675300 / 0.00000000 0.97061680 0.24063040 / 255 0 255 255 / 1.83050500 -0.01010130 / -1.00000000 0.00000000 0.00000000 1.00000000
				2.74326100 5.88583700 1.46675300 / 0.00000000 0.97061680 0.24063040 / 255 0 255 255 / 1.83050500 -0.01010130 / -1.00000000 0.00000000 0.00000000 1.00000000
				4.51572200 5.88583700 1.44526900 / 0.00000000 1.00000000 0.00000000 / 255 0 255 255 / -0.86912550 0.05937190 / -1.00000000 0.00000000 0.00000000 1.00000000
				4.51572200 5.88583700 1.44526900 / 0.00000000 1.00000000 0.00000000 / 255 0 255 255 / -0.86912550 0.05937190 / -1.00000000 0.00000000 0.00000000 1.00000000
				2.74326100 5.88583700 1.44526900 / 0.00000000 1.00000000 0.00000000 / 255 0 255 255 / 1.83050500 0.05937190 / -1.00000000 0.00000000 0.00000000 1.00000000
				2.74326100 5.66171600 1.51851100 / -1.00000000 0.00000000 0.00000000 / 255 0 255 255 / 0.79762270 -0.17877200 / 0.00000000 -1.00000000 0.00000000 1.00000000
				2.74326100 5.66171600 1.51851100 / -1.00000000 0.00000000 0.00000000 / 255 0 255 255 / 0.79762270 -0.17877200 / 0.00000000 -1.00000000 0.00000000 1.00000000
				2.74326100 5.85849300 1.51851100 / -1.00000000 0.00000000 0.00000000 / 255 0 255 255 / 0.38746640 -0.17877200 / 0.00000000 -1.00000000 0.00000000 1.00000000
				2.74326100 5.88583700 1.46675300 / -0.99999980 0.00000000 0.00000000 / 255 0 255 255 / 0.33009340 -0.01010130 / 0.00000000 -1.00000000 0.00000000 1.00000000
				2.74326100 5.88583700 1.46675300 / -0.99999980 0.00000000 0.00000000 / 255 0 255 255 / 0.33009340 -0.01010130 / 0.00000000 -1.00000000 0.00000000 1.00000000
				2.74326100 5.88583700 1.46675300 / -0.99999980 0.00000000 0.00000000 / 255 0 255 255 / 0.33009340 -0.01010130 / 0.00000000 -1.00000000 0.00000000 1.00000000
				2.74326100 5.63437200 1.46675300 / -0.99999980 0.00000000 0.00000000 / 255 0 255 255 / 0.85498040 -0.01010130 / 0.00000000 -1.00000000 0.00000000 1.00000000
				2.74326100 5.63437200 1.46675300 / -0.99999980 0.00000000 0.00000000 / 255 0 255 255 / 0.85498040 -0.01010130 / 0.00000000 -1.00000000 0.00000000 1.00000000
				2.74326100 5.63437200 1.46675300 / -0.99999980 0.00000000 0.00000000 / 255 0 255 255 / 0.85498040 -0.01010130 / 0.00000000 -1.00000000 0.00000000 1.00000000
				2.74326100 5.88583700 1.44526900 / -1.00000000 0.00000000 0.00000000 / 255 0 255 255 / 0.33009340 0.05937190 / 0.00000000 -1.00000000 0.00000000 1.00000000
				2.74326100 5.88583700 1.44526900 / -1.00000000 0.00000000 0.00000000 / 255 0 255 255 / 0.33009340 0.05937190 / 0.00000000 -1.00000000 0.00000000 1.00000000
				2.74326100 5.63437200 1.44526900 / -1.00000000 0.00000000 0.00000000 / 255 0 255 255 / 0.85498040 0.05937190 / 0.00000000 -1.00000000 0.00000000 1.00000000
				4.51572200 5.66171600 1.51851100 / 0.00000000 -0.88419000 0.46712740 / 255 0 255 255 / 1.86914100 -0.17877200 / 1.00000000 0.00000000 0.00000000 1.00000000
				4.51572200 5.66171600 1.51851100 / 0.00000000 -0.88419000 0.46712740 / 255 0 255 255 / 1.86914100 -0.17877200 / 1.00000000 0.00000000 0.00000000 1.00000000
				2.74326100 5.66171600 1.51851100 / 0.00000000 -0.88419000 0.46712740 / 255 0 255 255 / -0.83050540 -0.17877200 / 1.00000000 0.00000000 0.00000000 1.00000000
				2.74326100 5.63437200 1.46675300 / 0.00000000 -0.97061570 0.24063480 / 255 0 255 255 / -0.83050540 -0.01010130 / 1.00000000 0.00000000 0.00000000 1.00000000
				2.74326100 5.63437200 1.46675300 / 0.00000000 -0.97061570 0.24063480 / 255 0 255 255 / -0.83050540 -0.01010130 / 1.00000000 0.00000000 0.00000000 1.00000000
				2.74326100 5.63437200 1.46675300 / 0.00000000 -0.97061570 0.24063480 / 255 0 255 255 / -0.83050540 -0.01010130 / 1.00000000 0.00000000 0.00000000 1.00000000
				4.51572200 5.63437200 1.46675300 / 0.00000000 -0.97061600 0.24063390 / 255 0 255 255 / 1.86914100 -0.01010130 / 1.00000000 0.00000000 0.00000000 1.00000000
				4.51572200 5.63437200 1.46675300 / 0.00000000 -0.97061600 0.24063390 / 255 0 255 255 / 1.86914100 -0.01010130 / 1.00000000 0.00000000 0.00000000 1.00000000
				4.51572200 5.63437200 1.46675300 / 0.00000000 -0.97061600 0.24063390 / 255 0 255 255 / 1.86914100 -0.01010130 / 1.00000000 0.00000000 0.00000000 1.00000000
				2.74326100 5.63437200 1.44526900 / 0.00000000 -1.00000000 0.00000000 / 255 0 255 255 / -0.83050540 0.05937190 / 1.00000000 0.00000000 0.00000000 1.00000000
				2.74326100 5.63437200 1.44526900 / 0.00000000 -1.00000000 0.00000000 / 255 0 255 255 / -0.83050540 0.05937190 / 1.00000000 0.00000000 0.00000000 1.00000000
				4.51572200 5.63437200 1.44526900 / 0.00000000 -1.00000000 0.00000000 / 255 0 255 255 / 1.86914100 0.05937190 / 1.00000000 0.00000000 0.00000000 1.00000000
				4.51572200 5.85849300 1.51851100 / 1.00000000 0.00000000 0.00000000 / 255 0 255 255 / 0.61254890 -0.17877200 / 0.00000000 1.00000000 0.00000000 1.00000000
				4.51572200 5.85849300 1.51851100 / 1.00000000 0.00000000 0.00000000 / 255 0 255 255 / 0.61254890 -0.17877200 / 0.00000000 1.00000000 0.00000000 1.00000000
				4.51572200 5.66171600 1.51851100 / 1.00000000 0.00000000 0.00000000 / 255 0 255 255 / 0.20237730 -0.17877200 / 0.00000000 1.00000000 0.00000000 1.00000000
				4.51572200 5.63437200 1.46675300 / 0.99999980 0.00000000 0.00000000 / 255 0 255 255 / 0.14501950 -0.01010130 / 0.00000000 1.00000000 0.00000000 1.00000000
				4.51572200 5.63437200 1.46675300 / 0.99999980 0.00000000 0.00000000 / 255 0 255 255 / 0.14501950 -0.01010130 / 0.00000000 1.00000000 0.00000000 1.00000000
				4.51572200 5.63437200 1.46675300 / 0.99999980 0.00000000 0.00000000 / 255 0 255 255 / 0.14501950 -0.01010130 / 0.00000000 1.00000000 0.00000000 1.00000000
				4.51572200 5.88583700 1.46675300 / 1.00000000 0.00000000 0.00000000 / 255 0 255 255 / 0.66989130 -0.01010130 / 0.00000000 1.00000000 0.00000000 1.00000000
				4.51572200 5.88583700 1.46675300 / 1.00000000 0.00000000 0.00000000 / 255 0 255 255 / 0.66989130 -0.01010130 / 0.00000000 1.00000000 0.00000000 1.00000000
				4.51572200 5.88583700 1.46675300 / 1.00000000 0.00000000 0.00000000 / 255 0 255 255 / 0.66989130 -0.01010130 / 0.00000000 1.00000000 0.00000000 1.00000000
				4.51572200 5.63437200 1.44526900 / 1.00000000 0.00000000 0.00000000 / 255 0 255 255 / 0.14501950 0.05937190 / 0.00000000 1.00000000 0.00000000 1.00000000
				4.51572200 5.63437200 1.44526900 / 1.00000000 0.00000000 0.00000000 / 255 0 255 255 / 0.14501950 0.05937190 / 0.00000000 1.00000000 0.00000000 1.00000000
				4.51572200 5.88583700 1.44526900 / 1.00000000 0.00000000 0.00000000 / 255 0 255 255 / 0.66989130 0.05937190 / 0.00000000 1.00000000 0.00000000 1.00000000
				-5.21572400 5.85849300 1.51851100 / 0.00000000 0.88419340 0.46712100 / 255 0 255 255 / 1.83050500 -0.17877200 / -1.00000000 0.00000000 0.00000000 1.00000000
				-5.21572400 5.85849300 1.51851100 / 0.00000000 0.88419340 0.46712100 / 255 0 255 255 / 1.83050500 -0.17877200 / -1.00000000 0.00000000 0.00000000 1.00000000
				-3.44326300 5.85849300 1.51851100 / 0.00000000 0.88419350 0.46712100 / 255 0 255 255 / -0.86914060 -0.17877200 / -1.00000000 0.00000000 0.00000000 1.00000000
				-3.44326300 5.88583700 1.46675300 / 0.00000000 0.97061660 0.24063130 / 255 0 255 255 / -0.86912550 -0.01010130 / -1.00000000 0.00000000 0.00000000 1.00000000
				-3.44326300 5.88583700 1.46675300 / 0.00000000 0.97061660 0.24063130 / 255 0 255 255 / -0.86912550 -0.01010130 / -1.00000000 0.00000000 0.00000000 1.00000000
				-3.44326300 5.88583700 1.46675300 / 0.00000000 0.97061660 0.24063130 / 255 0 255 255 / -0.86912550 -0.01010130 / -1.00000000 0.00000000 0.00000000 1.00000000
				-5.21572400 5.88583700 1.46675300 / 0.00000000 0.97061680 0.24063040 / 255 0 255 255 / 1.83050500 -0.01010130 / -1.00000000 0.00000000 0.00000000 1.00000000
				-5.21572400 5.88583700 1.46675300 / 0.00000000 0.97061680 0.24063040 / 255 0 255 255 / 1.83050500 -0.01010130 / -1.00000000 0.00000000 0.00000000 1.00000000
				-5.21572400 5.88583700 1.46675300 / 0.00000000 0.97061680 0.24063040 / 255 0 255 255 / 1.83050500 -0.01010130 / -1.00000000 0.00000000 0.00000000 1.00000000
				-3.44326300 5.88583700 1.44526900 / 0.00000000 1.00000000 0.00000000 / 255 0 255 255 / -0.86912550 0.05937190 / -1.00000000 0.00000000 0.00000000 1.00000000
				-3.44326300 5.88583700 1.44526900 / 0.00000000 1.00000000 0.00000000 / 255 0 255 255 / -0.86912550 0.05937190 / -1.00000000 0.00000000 0.00000000 1.00000000
				-5.21572400 5.88583700 1.44526900 / 0.00000000 1.00000000 0.00000000 / 255 0 255 255 / 1.83050500 0.05937190 / -1.00000000 0.00000000 0.00000000 1.00000000
				-5.21572400 5.66171600 1.51851100 / -1.00000000 0.00000000 0.00000000 / 255 0 255 255 / 0.79762270 -0.17877200 / 0.00000000 -1.00000000 0.00000000 1.00000000
				-5.21572400 5.66171600 1.51851100 / -1.00000000 0.00000000 0.00000000 / 255 0 255 255 / 0.79762270 -0.17877200 / 0.00000000 -1.00000000 0.00000000 1.00000000
				-5.21572400 5.85849300 1.51851100 / -1.00000000 0.00000000 0.00000000 / 255 0 255 255 / 0.38746640 -0.17877200 / 0.00000000 -1.00000000 0.00000000 1.00000000
				-5.21572400 5.88583700 1.46675300 / -0.99999980 0.00000000 0.00000000 / 255 0 255 255 / 0.33009340 -0.01010130 / 0.00000000 -1.00000000 0.00000000 1.00000000
				-5.21572400 5.88583700 1.46675300 / -0.99999980 0.00000000 0.00000000 / 255 0 255 255 / 0.33009340 -0.01010130 / 0.00000000 -1.00000000 0.00000000 1.00000000
				-5.21572400 5.88583700 1.46675300 / -0.99999980 0.00000000 0.00000000 / 255 0 255 255 / 0.33009340 -0.01010130 / 0.00000000 -1.00000000 0.00000000 1.00000000
				-5.21572400 5.63437200 1.46675300 / -0.99999980 0.00000000 0.00000000 / 255 0 255 255 / 0.85498040 -0.01010130 / 0.00000000 -1.00000000 0.00000000 1.00000000
				-5.21572400 5.63437200 1.46675300 / -0.99999980 0.00000000 0.00000000 / 255 0 255 255 / 0.85498040 -0.01010130 / 0.00000000 -1.00000000 0.00000000 1.00000000
				-5.21572400 5.63437200 1.46675300 / -0.99999980 0.00000000 0.00000000 / 255 0 255 255 / 0.85498040 -0.01010130 / 0.00000000 -1.00000000 0.00000000 1.00000000
				-5.21572400 5.88583700 1.44526900 / -1.00000000 0.00000000 0.00000000 / 255 0 255 255 / 0.33009340 0.05937190 / 0.00000000 -1.00000000 0.00000000 1.00000000
				-5.21572400 5.88583700 1.44526900 / -1.00000000 0.00000000 0.00000000 / 255 0 255 255 / 0.33009340 0.05937190 / 0.00000000 -1.00000000 0.00000000 1.00000000
				-5.21572400 5.63437200 1.44526900 / -1.00000000 0.00000000 0.00000000 / 255 0 255 255 / 0.85498040 0.05937190 / 0.00000000 -1.00000000 0.00000000 1.00000000
				-3.44326300 5.66171600 1.51851100 / 0.00000000 -0.88419000 0.46712740 / 255 0 255 255 / 1.86914100 -0.17877200 / 1.00000000 0.00000000 0.00000000 1.00000000
				-3.44326300 5.66171600 1.51851100 / 0.00000000 -0.88419000 0.46712740 / 255 0 255 255 / 1.86914100 -0.17877200 / 1.00000000 0.00000000 0.00000000 1.00000000
				-5.21572400 5.66171600 1.51851100 / 0.00000000 -0.88419000 0.46712740 / 255 0 255 255 / -0.83050540 -0.17877200 / 1.00000000 0.00000000 0.00000000 1.00000000
				-5.21572400 5.63437200 1.46675300 / 0.00000000 -0.97061570 0.24063480 / 255 0 255 255 / -0.83050540 -0.01010130 / 1.00000000 0.00000000 0.00000000 1.00000000
				-5.21572400 5.63437200 1.46675300 / 0.00000000 -0.97061570 0.24063480 / 255 0 255 255 / -0.83050540 -0.01010130 / 1.00000000 0.00000000 0.00000000 1.00000000
				-5.21572400 5.63437200 1.46675300 / 0.00000000 -0.97061570 0.24063480 / 255 0 255 255 / -0.83050540 -0.01010130 / 1.00000000 0.00000000 0.00000000 1.00000000
				-3.44326300 5.63437200 1.46675300 / 0.00000000 -0.97061600 0.24063390 / 255 0 255 255 / 1.86914100 -0.01010130 / 1.00000000 0.00000000 0.00000000 1.00000000
				-3.44326300 5.63437200 1.46675300 / 0.00000000 -0.97061600 0.24063390 / 255 0 255 255 / 1.86914100 -0.01010130 / 1.00000000 0.00000000 0.00000000 1.00000000
				-3.44326300 5.63437200 1.46675300 / 0.00000000 -0.97061600 0.24063390 / 255 0 255 255 / 1.86914100 -0.01010130 / 1.00000000 0.00000000 0.00000000 1.00000000
				-5.21572400 5.63437200 1.44526900 / 0.00000000 -1.00000000 0.00000000 / 255 0 255 255 / -0.83050540 0.05937190 / 1.00000000 0.00000000 0.00000000 1.00000000
				-5.21572400 5.63437200 1.44526900 / 0.00000000 -1.00000000 0.00000000 / 255 0 255 255 / -0.83050540 0.05937190 / 1.00000000 0.00000000 0.00000000 1.00000000
				-3.44326300 5.63437200 1.44526900 / 0.00000000 -1.00000000 0.00000000 / 255 0 255 255 / 1.86914100 0.05937190 / 1.00000000 0.00000000 0.00000000 1.00000000
				-3.44326300 5.85849300 1.51851100 / 1.00000000 0.00000000 0.00000000 / 255 0 255 255 / 0.61254890 -0.17877200 / 0.00000000 1.00000000 0.00000000 1.00000000
				-3.44326300 5.85849300 1.51851100 / 1.00000000 0.00000000 0.00000000 / 255 0 255 255 / 0.61254890 -0.17877200 / 0.00000000 1.00000000 0.00000000 1.00000000
				-3.44326300 5.66171600 1.51851100 / 1.00000000 0.00000000 0.00000000 / 255 0 255 255 / 0.20237730 -0.17877200 / 0.00000000 1.00000000 0.00000000 1.00000000
				-3.44326300 5.63437200 1.46675300 / 0.99999980 0.00000000 0.00000000 / 255 0 255 255 / 0.14501950 -0.01010130 / 0.00000000 1.00000000 0.00000000 1.00000000
				-3.44326300 5.63437200 1.46675300 / 0.99999980 0.00000000 0.00000000 / 255 0 255 255 / 0.14501950 -0.01010130 / 0.00000000 1.00000000 0.00000000 1.00000000
				-3.44326300 5.63437200 1.46675300 / 0.99999980 0.00000000 0.00000000 / 255 0 255 255 / 0.14501950 -0.01010130 / 0.00000000 1.00000000 0.00000000 1.00000000
				-3.44326300 5.88583700 1.46675300 / 1.00000000 0.00000000 0.00000000 / 255 0 255 255 / 0.66989130 -0.01010130 / 0.00000000 1.00000000 0.00000000 1.00000000
				-3.44326300 5.88583700 1.46675300 / 1.00000000 0.00000000 0.00000000 / 255 0 255 255 / 0.66989130 -0.01010130 / 0.00000000 1.00000000 0.00000000 1.00000000
				-3.44326300 5.88583700 1.46675300 / 1.00000000 0.00000000 0.00000000 / 255 0 255 255 / 0.66989130 -0.01010130 / 0.00000000 1.00000000 0.00000000 1.00000000
				-3.44326300 5.63437200 1.44526900 / 1.00000000 0.00000000 0.00000000 / 255 0 255 255 / 0.14501950 0.05937190 / 0.00000000 1.00000000 0.00000000 1.00000000
				-3.44326300 5.63437200 1.44526900 / 1.00000000 0.00000000 0.00000000 / 255 0 255 255 / 0.14501950 0.05937190 / 0.00000000 1.00000000 0.00000000 1.00000000
				-3.44326300 5.88583700 1.44526900 / 1.00000000 0.00000000 0.00000000 / 255 0 255 255 / 0.66989130 0.05937190 / 0.00000000 1.00000000 0.00000000 1.00000000
				-5.21572400 -2.10049100 1.51851100 / 0.00000000 0.88419850 0.46711150 / 255 0 255 255 / 1.83050500 -0.17877200 / -1.00000000 0.00000000 0.00000000 1.00000000
				-5.21572400 -2.10049100 1.51851100 / 0.00000000 0.88419850 0.46711150 / 255 0 255 255 / 1.83050500 -0.17877200 / -1.00000000 0.00000000 0.00000000 1.00000000
				-3.44326300 -2.10049100 1.51851100 / 0.00000000 0.88419850 0.46711150 / 255 0 255 255 / -0.86914060 -0.17877200 / -1.00000000 0.00000000 0.00000000 1.00000000
				-3.44326300 -2.07314800 1.46675300 / 0.00000000 0.97061790 0.24062610 / 255 0 255 255 / -0.86912550 -0.01010130 / -1.00000000 0.00000000 0.00000000 1.00000000
				-3.44326300 -2.07314800 1.46675300 / 0.00000000 0.97061790 0.24062610 / 255 0 255 255 / -0.86912550 -0.01010130 / -1.00000000 0.00000000 0.00000000 1.00000000
				-3.44326300 -2.07314800 1.46675300 / 0.00000000 0.97061790 0.24062610 / 255 0 255 255 / -0.86912550 -0.01010130 / -1.00000000 0.00000000 0.00000000 1.00000000
				-5.21572400 -2.07314800 1.46675300 / 0.00000000 0.97061810 0.24062520 / 255 0 255 255 / 1.83050500 -0.01010130 / -1.00000000 0.00000000 0.00000000 1.00000000
				-5.21572400 -2.07314800 1.46675300 / 0.00000000 0.97061810 0.24062520 / 255 0 255 255 / 1.83050500 -0.01010130 / -1.00000000 0.00000000 0.00000000 1.00000000
				-5.21572400 -2.07314800 1.46675300 / 0.00000000 0.97061810 0.24062520 / 255 0 255 255 / 1.83050500 -0.01010130 / -1.00000000 0.00000000 0.00000000 1.00000000
				-3.44326300 -2.07314800 1.44526900 / 0.00000000 1.00000000 0.00000000 / 255 0 255 255 / -0.86912550 0.05937190 / -1.00000000 0.00000000 0.00000000 1.00000000
				-3.44326300 -2.07314800 1.44526900 / 0.00000000 1.00000000 0.00000000 / 255 0 255 255 / -0.86912550 0.05937190 / -1.00000000 0.00000000 0.00000000 1.00000000
				-5.21572400 -2.07314800 1.44526900 / 0.00000000 1.00000000 0.00000000 / 255 0 255 255 / 1.83050500 0.05937190 / -1.00000000 0.00000000 0.00000000 1.00000000
				-5.21572400 -2.29726900 1.51851100 / -1.00000000 0.00000000 0.00000000 / 255 0 255 255 / 0.79762270 -0.17877200 / 0.00000000 -1.00000000 0.00000000 1.00000000
				-5.21572400 -2.29726900 1.51851100 / -1.00000000 0.00000000 0.00000000 / 255 0 255 255 / 0.79762270 -0.17877200 / 0.00000000 -1.00000000 0.00000000 1.00000000
				-5.21572400 -2.10049100 1.51851100 / -1.00000000 0.00000000 0.00000000 / 255 0 255 255 / 0.38746640 -0.17877200 / 0.00000000 -1.00000000 0.00000000 1.00000000
				-5.21572400 -2.07314800 1.46675300 / -0.99999980 0.00000000 0.00000000 / 255 0 255 255 / 0.33009340 -0.01010130 / 0.00000000 -1.00000000 0.00000000 1.00000000
				-5.21572400 -2.07314800 1.46675300 / -0.99999980 0.00000000 0.00000000 / 255 0 255 255 / 0.33009340 -0.01010130 / 0.00000000 -1.00000000 0.00000000 1.00000000
				-5.21572400 -2.07314800 1.46675300 / -0.99999980 0.00000000 0.00000000 / 255 0 255 255 / 0.33009340 -0.01010130 / 0.00000000 -1.00000000 0.00000000 1.00000000
				-5.21572400 -2.32461200 1.46675300 / -0.99999980 0.00000000 0.00000000 / 255 0 255 255 / 0.85498040 -0.01010130 / 0.00000000 -1.00000000 0.00000000 1.00000000
				-5.21572400 -2.32461200 1.46675300 / -0.99999980 0.00000000 0.00000000 / 255 0 255 255 / 0.85498040 -0.01010130 / 0.00000000 -1.00000000 0.00000000 1.00000000
				-5.21572400 -2.32461200 1.46675300 / -0.99999980 0.00000000 0.00000000 / 255 0 255 255 / 0.85498040 -0.01010130 / 0.00000000 -1.00000000 0.00000000 1.00000000
				-5.21572400 -2.07314800 1.44526900 / -1.00000000 0.00000000 0.00000000 / 255 0 255 255 / 0.33009340 0.05937190 / 0.00000000 -1.00000000 0.00000000 1.00000000
				-5.21572400 -2.07314800 1.44526900 / -1.00000000 0.00000000 0.00000000 / 255 0 255 255 / 0.33009340 0.05937190 / 0.00000000 -1.00000000 0.00000000 1.00000000
				-5.21572400 -2.32461200 1.44526900 / -1.00000000 0.00000000 0.00000000 / 255 0 255 255 / 0.85498040 0.05937190 / 0.00000000 -1.00000000 0.00000000 1.00000000
				-3.44326300 -2.29726900 1.51851100 / 0.00000000 -0.88419850 0.46711150 / 255 0 255 255 / 1.86914100 -0.17877200 / 1.00000000 0.00000000 0.00000000 1.00000000
				-3.44326300 -2.29726900 1.51851100 / 0.00000000 -0.88419850 0.46711150 / 255 0 255 255 / 1.86914100 -0.17877200 / 1.00000000 0.00000000 0.00000000 1.00000000
				-5.21572400 -2.29726900 1.51851100 / 0.00000000 -0.88419850 0.46711150 / 255 0 255 255 / -0.83050540 -0.17877200 / 1.00000000 0.00000000 0.00000000 1.00000000
				-5.21572400 -2.32461200 1.46675300 / 0.00000000 -0.97061790 0.24062610 / 255 0 255 255 / -0.83050540 -0.01010130 / 1.00000000 0.00000000 0.00000000 1.00000000
				-5.21572400 -2.32461200 1.46675300 / 0.00000000 -0.97061790 0.24062610 / 255 0 255 255 / -0.83050540 -0.01010130 / 1.00000000 0.00000000 0.00000000 1.00000000
				-5.21572400 -2.32461200 1.46675300 / 0.00000000 -0.97061790 0.24062610 / 255 0 255 255 / -0.83050540 -0.01010130 / 1.00000000 0.00000000 0.00000000 1.00000000
				-3.44326300 -2.32461200 1.46675300 / 0.00000000 -0.97061810 0.24062520 / 255 0 255 255 / 1.86914100 -0.01010130 / 1.00000000 0.00000000 0.00000000 1.00000000
				-3.44326300 -2.32461200 1.46675300 / 0.00000000 -0.97061810 0.24062520 / 255 0 255 255 / 1.86914100 -0.01010130 / 1.00000000 0.00000000 0.00000000 1.00000000
				-3.44326300 -2.32461200 1.46675300 / 0.00000000 -0.97061810 0.24062520 / 255 0 255 255 / 1.86914100 -0.01010130 / 1.00000000 0.00000000 0.00000000 1.00000000
				-5.21572400 -2.32461200 1.44526900 / 0.00000000 -1.00000000 0.00000000 / 255 0 255 255 / -0.83050540 0.05937190 / 1.00000000 0.00000000 0.00000000 1.00000000
				-5.21572400 -2.32461200 1.44526900 / 0.00000000 -1.00000000 0.00000000 / 255 0 255 255 / -0.83050540 0.05937190 / 1.00000000 0.00000000 0.00000000 1.00000000
				-3.44326300 -2.32461200 1.44526900 / 0.00000000 -1.00000000 0.00000000 / 255 0 255 255 / 1.86914100 0.05937190 / 1.00000000 0.00000000 0.00000000 1.00000000
				-3.44326300 -2.10049100 1.51851100 / 1.00000000 0.00000000 0.00000000 / 255 0 255 255 / 0.61254890 -0.17877200 / 0.00000000 1.00000000 0.00000000 1.00000000
				-3.44326300 -2.10049100 1.51851100 / 1.00000000 0.00000000 0.00000000 / 255 0 255 255 / 0.61254890 -0.17877200 / 0.00000000 1.00000000 0.00000000 1.00000000
				-3.44326300 -2.29726900 1.51851100 / 1.00000000 0.00000000 0.00000000 / 255 0 255 255 / 0.20237730 -0.17877200 / 0.00000000 1.00000000 0.00000000 1.00000000
				-3.44326300 -2.32461200 1.46675300 / 0.99999980 0.00000000 0.00000000 / 255 0 255 255 / 0.14501950 -0.01010130 / 0.00000000 1.00000000 0.00000000 1.00000000
				-3.44326300 -2.32461200 1.46675300 / 0.99999980 0.00000000 0.00000000 / 255 0 255 255 / 0.14501950 -0.01010130 / 0.00000000 1.00000000 0.00000000 1.00000000
				-3.44326300 -2.32461200 1.46675300 / 0.99999980 0.00000000 0.00000000 / 255 0 255 255 / 0.14501950 -0.01010130 / 0.00000000 1.00000000 0.00000000 1.00000000
				-3.44326300 -2.07314800 1.46675300 / 0.99999980 0.00000000 0.00000000 / 255 0 255 255 / 0.66989130 -0.01010130 / 0.00000000 1.00000000 0.00000000 1.00000000
				-3.44326300 -2.07314800 1.46675300 / 0.99999980 0.00000000 0.00000000 / 255 0 255 255 / 0.66989130 -0.01010130 / 0.00000000 1.00000000 0.00000000 1.00000000
				-3.44326300 -2.07314800 1.46675300 / 0.99999980 0.00000000 0.00000000 / 255 0 255 255 / 0.66989130 -0.01010130 / 0.00000000 1.00000000 0.00000000 1.00000000
				-3.44326300 -2.32461200 1.44526900 / 1.00000000 0.00000000 0.00000000 / 255 0 255 255 / 0.14501950 0.05937190 / 0.00000000 1.00000000 0.00000000 1.00000000
				-3.44326300 -2.32461200 1.44526900 / 1.00000000 0.00000000 0.00000000 / 255 0 255 255 / 0.14501950 0.05937190 / 0.00000000 1.00000000 0.00000000 1.00000000
				-3.44326300 -2.07314800 1.44526900 / 1.00000000 0.00000000 0.00000000 / 255 0 255 255 / 0.66989130 0.05937190 / 0.00000000 1.00000000 0.00000000 1.00000000
				-5.21572400 -5.46230800 1.51851100 / 0.00000000 0.88419000 0.46712740 / 255 0 255 255 / 1.83050500 -0.17877200 / -1.00000000 0.00000000 0.00000000 1.00000000
				-5.21572400 -5.46230800 1.51851100 / 0.00000000 0.88419000 0.46712740 / 255 0 255 255 / 1.83050500 -0.17877200 / -1.00000000 0.00000000 0.00000000 1.00000000
				-3.44326300 -5.46230800 1.51851100 / 0.00000000 0.88419000 0.46712740 / 255 0 255 255 / -0.86914060 -0.17877200 / -1.00000000 0.00000000 0.00000000 1.00000000
				-3.44326300 -5.43496400 1.46675300 / 0.00000000 0.97061570 0.24063480 / 255 0 255 255 / -0.86912550 -0.01010130 / -1.00000000 0.00000000 0.00000000 1.00000000
				-3.44326300 -5.43496400 1.46675300 / 0.00000000 0.97061570 0.24063480 / 255 0 255 255 / -0.86912550 -0.01010130 / -1.00000000 0.00000000 0.00000000 1.00000000
				-3.44326300 -5.43496400 1.46675300 / 0.00000000 0.97061570 0.24063480 / 255 0 255 255 / -0.86912550 -0.01010130 / -1.00000000 0.00000000 0.00000000 1.00000000
				-5.21572400 -5.43496400 1.46675300 / 0.00000000 0.97061600 0.24063390 / 255 0 255 255 / 1.83050500 -0.01010130 / -1.00000000 0.00000000 0.00000000 1.00000000
				-5.21572400 -5.43496400 1.46675300 / 0.00000000 0.97061600 0.24063390 / 255 0 255 255 / 1.83050500 -0.01010130 / -1.00000000 0.00000000 0.00000000 1.00000000
				-5.21572400 -5.43496400 1.46675300 / 0.00000000 0.97061600 0.24063390 / 255 0 255 255 / 1.83050500 -0.01010130 / -1.00000000 0.00000000 0.00000000 1.00000000
				-3.44326300 -5.43496400 1.44526900 / 0.00000000 1.00000000 0.00000000 / 255 0 255 255 / -0.86912550 0.05937190 / -1.00000000 0.00000000 0.00000000 1.00000000
				-3.44326300 -5.43496400 1.44526900 / 0.00000000 1.00000000 0.00000000 / 255 0 255 255 / -0.86912550 0.05937190 / -1.00000000 0.00000000 0.00000000 1.00000000
				-5.21572400 -5.43496400 1.44526900 / 0.00000000 1.00000000 0.00000000 / 255 0 255 255 / 1.83050500 0.05937190 / -1.00000000 0.00000000 0.00000000 1.00000000
				-5.21572400 -5.65908500 1.51851100 / -1.00000000 0.00000000 0.00000000 / 255 0 255 255 / 0.79762270 -0.17877200 / 0.00000000 -1.00000000 0.00000000 1.00000000
				-5.21572400 -5.65908500 1.51851100 / -1.00000000 0.00000000 0.00000000 / 255 0 255 255 / 0.79762270 -0.17877200 / 0.00000000 -1.00000000 0.00000000 1.00000000
				-5.21572400 -5.46230800 1.51851100 / -1.00000000 0.00000000 0.00000000 / 255 0 255 255 / 0.38746640 -0.17877200 / 0.00000000 -1.00000000 0.00000000 1.00000000
				-5.21572400 -5.43496400 1.46675300 / -0.99999980 0.00000000 0.00000000 / 255 0 255 255 / 0.33009340 -0.01010130 / 0.00000000 -1.00000000 0.00000000 1.00000000
				-5.21572400 -5.43496400 1.46675300 / -0.99999980 0.00000000 0.00000000 / 255 0 255 255 / 0.33009340 -0.01010130 / 0.00000000 -1.00000000 0.00000000 1.00000000
				-5.21572400 -5.43496400 1.46675300 / -0.99999980 0.00000000 0.00000000 / 255 0 255 255 / 0.33009340 -0.01010130 / 0.00000000 -1.00000000 0.00000000 1.00000000
				-5.21572400 -5.68642900 1.46675300 / -1.00000000 0.00000000 0.00000000 / 255 0 255 255 / 0.85498040 -0.01010130 / 0.00000000 -1.00000000 0.00000000 1.00000000
				-5.21572400 -5.68642900 1.46675300 / -1.00000000 0.00000000 0.00000000 / 255 0 255 255 / 0.85498040 -0.01010130 / 0.00000000 -1.00000000 0.00000000 1.00000000
				-5.21572400 -5.68642900 1.46675300 / -1.00000000 0.00000000 0.00000000 / 255 0 255 255 / 0.85498040 -0.01010130 / 0.00000000 -1.00000000 0.00000000 1.00000000
				-5.21572400 -5.43496400 1.44526900 / -1.00000000 0.00000000 0.00000000 / 255 0 255 255 / 0.33009340 0.05937190 / 0.00000000 -1.00000000 0.00000000 1.00000000
				-5.21572400 -5.43496400 1.44526900 / -1.00000000 0.00000000 0.00000000 / 255 0 255 255 / 0.33009340 0.05937190 / 0.00000000 -1.00000000 0.00000000 1.00000000
				-5.21572400 -5.68642900 1.44526900 / -1.00000000 0.00000000 0.00000000 / 255 0 255 255 / 0.85498040 0.05937190 / 0.00000000 -1.00000000 0.00000000 1.00000000
				-3.44326300 -5.65908500 1.51851100 / 0.00000000 -0.88419340 0.46712100 / 255 0 255 255 / 1.86914100 -0.17877200 / 1.00000000 0.00000000 0.00000000 1.00000000
				-3.44326300 -5.65908500 1.51851100 / 0.00000000 -0.88419340 0.46712100 / 255 0 255 255 / 1.86914100 -0.17877200 / 1.00000000 0.00000000 0.00000000 1.00000000
				-5.21572400 -5.65908500 1.51851100 / 0.00000000 -0.88419350 0.46712100 / 255 0 255 255 / -0.83050540 -0.17877200 / 1.00000000 0.00000000 0.00000000 1.00000000
				-5.21572400 -5.68642900 1.46675300 / 0.00000000 -0.97061660 0.24063130 / 255 0 255 255 / -0.83050540 -0.01010130 / 1.00000000 0.00000000 0.00000000 1.00000000
				-5.21572400 -5.68642900 1.46675300 / 0.00000000 -0.97061660 0.24063130 / 255 0 255 255 / -0.83050540 -0.01010130 / 1.00000000 0.00000000 0.00000000 1.00000000
				-5.21572400 -5.68642900 1.46675300 / 0.00000000 -0.97061660 0.24063130 / 255 0 255 255 / -0.83050540 -0.01010130 / 1.00000000 0.00000000 0.00000000 1.00000000
				-3.44326300 -5.68642900 1.46675300 / 0.00000000 -0.97061680 0.24063040 / 255 0 255 255 / 1.86914100 -0.01010130 / 1.00000000 0.00000000 0.00000000 1.00000000
				-3.44326300 -5.68642900 1.46675300 / 0.00000000 -0.97061680 0.24063040 / 255 0 255 255 / 1.86914100 -0.01010130 / 1.00000000 0.00000000 0.00000000 1.00000000
				-3.44326300 -5.68642900 1.46675300 / 0.00000000 -0.97061680 0.24063040 / 255 0 255 255 / 1.86914100 -0.01010130 / 1.00000000 0.00000000 0.00000000 1.00000000
				-5.21572400 -5.68642900 1.44526900 / 0.00000000 -1.00000000 0.00000000 / 255 0 255 255 / -0.83050540 0.05937190 / 1.00000000 0.00000000 0.00000000 1.00000000
				-5.21572400 -5.68642900 1.44526900 / 0.00000000 -1.00000000 0.00000000 / 255 0 255 255 / -0.83050540 0.05937190 / 1.00000000 0.00000000 0.00000000 1.00000000
				-3.44326300 -5.68642900 1.44526900 / 0.00000000 -1.00000000 0.00000000 / 255 0 255 255 / 1.86914100 0.05937190 / 1.00000000 0.00000000 0.00000000 1.00000000
				-3.44326300 -5.46230800 1.51851100 / 1.00000000 0.00000000 0.00000000 / 255 0 255 255 / 0.61254890 -0.17877200 / 0.00000000 1.00000000 0.00000000 1.00000000
				-3.44326300 -5.46230800 1.51851100 / 1.00000000 0.00000000 0.00000000 / 255 0 255 255 / 0.61254890 -0.17877200 / 0.00000000 1.00000000 0.00000000 1.00000000
				-3.44326300 -5.65908500 1.51851100 / 1.00000000 0.00000000 0.00000000 / 255 0 255 255 / 0.20237730 -0.17877200 / 0.00000000 1.00000000 0.00000000 1.00000000
				-3.44326300 -5.68642900 1.46675300 / 0.99999980 0.00000000 0.00000000 / 255 0 255 255 / 0.14501950 -0.01010130 / 0.00000000 1.00000000 0.00000000 1.00000000
				-3.44326300 -5.68642900 1.46675300 / 0.99999980 0.00000000 0.00000000 / 255 0 255 255 / 0.14501950 -0.01010130 / 0.00000000 1.00000000 0.00000000 1.00000000
				-3.44326300 -5.68642900 1.46675300 / 0.99999980 0.00000000 0.00000000 / 255 0 255 255 / 0.14501950 -0.01010130 / 0.00000000 1.00000000 0.00000000 1.00000000
				-3.44326300 -5.43496400 1.46675300 / 0.99999980 0.00000000 0.00000000 / 255 0 255 255 / 0.66989130 -0.01010130 / 0.00000000 1.00000000 0.00000000 1.00000000
				-3.44326300 -5.43496400 1.46675300 / 0.99999980 0.00000000 0.00000000 / 255 0 255 255 / 0.66989130 -0.01010130 / 0.00000000 1.00000000 0.00000000 1.00000000
				-3.44326300 -5.43496400 1.46675300 / 0.99999980 0.00000000 0.00000000 / 255 0 255 255 / 0.66989130 -0.01010130 / 0.00000000 1.00000000 0.00000000 1.00000000
				-3.44326300 -5.68642900 1.44526900 / 1.00000000 0.00000000 0.00000000 / 255 0 255 255 / 0.14501950 0.05937190 / 0.00000000 1.00000000 0.00000000 1.00000000
				-3.44326300 -5.68642900 1.44526900 / 1.00000000 0.00000000 0.00000000 / 255 0 255 255 / 0.14501950 0.05937190 / 0.00000000 1.00000000 0.00000000 1.00000000
				-3.44326300 -5.43496400 1.44526900 / 1.00000000 0.00000000 0.00000000 / 255 0 255 255 / 0.66989130 0.05937190 / 0.00000000 1.00000000 0.00000000 1.00000000
				-5.21572400 2.49667700 1.51851100 / 0.00000000 0.88419850 0.46711150 / 255 0 255 255 / 1.83050500 -0.17877200 / -1.00000000 0.00000000 0.00000000 1.00000000
				-5.21572400 2.49667700 1.51851100 / 0.00000000 0.88419850 0.46711150 / 255 0 255 255 / 1.83050500 -0.17877200 / -1.00000000 0.00000000 0.00000000 1.00000000
				-3.44326300 2.49667700 1.51851100 / 0.00000000 0.88419850 0.46711150 / 255 0 255 255 / -0.86914060 -0.17877200 / -1.00000000 0.00000000 0.00000000 1.00000000
				-3.44326300 2.52402000 1.46675300 / 0.00000000 0.97061790 0.24062610 / 255 0 255 255 / -0.86912550 -0.01010130 / -1.00000000 0.00000000 0.00000000 1.00000000
				-3.44326300 2.52402000 1.46675300 / 0.00000000 0.97061790 0.24062610 / 255 0 255 255 / -0.86912550 -0.01010130 / -1.00000000 0.00000000 0.00000000 1.00000000
				-3.44326300 2.52402000 1.46675300 / 0.00000000 0.97061790 0.24062610 / 255 0 255 255 / -0.86912550 -0.01010130 / -1.00000000 0.00000000 0.00000000 1.00000000
				-5.21572400 2.52402000 1.46675300 / 0.00000000 0.97061810 0.24062520 / 255 0 255 255 / 1.83050500 -0.01010130 / -1.00000000 0.00000000 0.00000000 1.00000000
				-5.21572400 2.52402000 1.46675300 / 0.00000000 0.97061810 0.24062520 / 255 0 255 255 / 1.83050500 -0.01010130 / -1.00000000 0.00000000 0.00000000 1.00000000
				-5.21572400 2.52402000 1.46675300 / 0.00000000 0.97061810 0.24062520 / 255 0 255 255 / 1.83050500 -0.01010130 / -1.00000000 0.00000000 0.00000000 1.00000000
				-3.44326300 2.52402000 1.44526900 / 0.00000000 1.00000000 0.00000000 / 255 0 255 255 / -0.86912550 0.05937190 / -1.00000000 0.00000000 0.00000000 1.00000000
				-3.44326300 2.52402000 1.44526900 / 0.00000000 1.00000000 0.00000000 / 255 0 255 255 / -0.86912550 0.05937190 / -1.00000000 0.00000000 0.00000000 1.00000000
				-5.21572400 2.52402000 1.44526900 / 0.00000000 1.00000000 0.00000000 / 255 0 255 255 / 1.83050500 0.05937190 / -1.00000000 0.00000000 0.00000000 1.00000000
				-5.21572400 2.29989900 1.51851100 / -1.00000000 0.00000000 0.00000000 / 255 0 255 255 / 0.79762270 -0.17877200 / 0.00000000 -1.00000000 0.00000000 1.00000000
				-5.21572400 2.29989900 1.51851100 / -1.00000000 0.00000000 0.00000000 / 255 0 255 255 / 0.79762270 -0.17877200 / 0.00000000 -1.00000000 0.00000000 1.00000000
				-5.21572400 2.49667700 1.51851100 / -1.00000000 0.00000000 0.00000000 / 255 0 255 255 / 0.38746640 -0.17877200 / 0.00000000 -1.00000000 0.00000000 1.00000000
				-5.21572400 2.52402000 1.46675300 / -0.99999980 0.00000000 0.00000000 / 255 0 255 255 / 0.33009340 -0.01010130 / 0.00000000 -1.00000000 0.00000000 1.00000000
				-5.21572400 2.52402000 1.46675300 / -0.99999980 0.00000000 0.00000000 / 255 0 255 255 / 0.33009340 -0.01010130 / 0.00000000 -1.00000000 0.00000000 1.00000000
				-5.21572400 2.52402000 1.46675300 / -0.99999980 0.00000000 0.00000000 / 255 0 255 255 / 0.33009340 -0.01010130 / 0.00000000 -1.00000000 0.00000000 1.00000000
				-5.21572400 2.27255600 1.46675300 / -0.99999980 0.00000000 0.00000000 / 255 0 255 255 / 0.85498040 -0.01010130 / 0.00000000 -1.00000000 0.00000000 1.00000000
				-5.21572400 2.27255600 1.46675300 / -0.99999980 0.00000000 0.00000000 / 255 0 255 255 / 0.85498040 -0.01010130 / 0.00000000 -1.00000000 0.00000000 1.00000000
				-5.21572400 2.27255600 1.46675300 / -0.99999980 0.00000000 0.00000000 / 255 0 255 255 / 0.85498040 -0.01010130 / 0.00000000 -1.00000000 0.00000000 1.00000000
				-5.21572400 2.52402000 1.44526900 / -1.00000000 0.00000000 0.00000000 / 255 0 255 255 / 0.33009340 0.05937190 / 0.00000000 -1.00000000 0.00000000 1.00000000
				-5.21572400 2.52402000 1.44526900 / -1.00000000 0.00000000 0.00000000 / 255 0 255 255 / 0.33009340 0.05937190 / 0.00000000 -1.00000000 0.00000000 1.00000000
				-5.21572400 2.27255600 1.44526900 / -1.00000000 0.00000000 0.00000000 / 255 0 255 255 / 0.85498040 0.05937190 / 0.00000000 -1.00000000 0.00000000 1.00000000
				-3.44326300 2.29989900 1.51851100 / 0.00000000 -0.88419850 0.46711150 / 255 0 255 255 / 1.86914100 -0.17877200 / 1.00000000 0.00000000 0.00000000 1.00000000
				-3.44326300 2.29989900 1.51851100 / 0.00000000 -0.88419850 0.46711150 / 255 0 255 255 / 1.86914100 -0.17877200 / 1.00000000 0.00000000 0.00000000 1.00000000
				-5.21572400 2.29989900 1.51851100 / 0.00000000 -0.88419850 0.46711150 / 255 0 255 255 / -0.83050540 -0.17877200 / 1.00000000 0.00000000 0.00000000 1.00000000
				-5.21572400 2.27255600 1.46675300 / 0.00000000 -0.97061790 0.24062610 / 255 0 255 255 / -0.83050540 -0.01010130 / 1.00000000 0.00000000 0.00000000 1.00000000
				-5.21572400 2.27255600 1.46675300 / 0.00000000 -0.97061790 0.24062610 / 255 0 255 255 / -0.83050540 -0.01010130 / 1.00000000 0.00000000 0.00000000 1.00000000
				-5.21572400 2.27255600 1.46675300 / 0.00000000 -0.97061790 0.24062610 / 255 0 255 255 / -0.83050540 -0.01010130 / 1.00000000 0.00000000 0.00000000 1.00000000
				-3.44326300 2.27255600 1.46675300 / 0.00000000 -0.97061810 0.24062520 / 255 0 255 255 / 1.86914100 -0.01010130 / 1.00000000 0.00000000 0.00000000 1.00000000
				-3.44326300 2.27255600 1.46675300 / 0.00000000 -0.97061810 0.24062520 / 255 0 255 255 / 1.86914100 -0.01010130 / 1.00000000 0.00000000 0.00000000 1.00000000
				-3.44326300 2.27255600 1.46675300 / 0.00000000 -0.97061810 0.24062520 / 255 0 255 255 / 1.86914100 -0.01010130 / 1.00000000 0.00000000 0.00000000 1.00000000
				-5.21572400 2.27255600 1.44526900 / 0.00000000 -1.00000000 0.00000000 / 255 0 255 255 / -0.83050540 0.05937190 / 1.00000000 0.00000000 0.00000000 1.00000000
				-5.21572400 2.27255600 1.44526900 / 0.00000000 -1.00000000 0.00000000 / 255 0 255 255 / -0.83050540 0.05937190 / 1.00000000 0.00000000 0.00000000 1.00000000
				-3.44326300 2.27255600 1.44526900 / 0.00000000 -1.00000000 0.00000000 / 255 0 255 255 / 1.86914100 0.05937190 / 1.00000000 0.00000000 0.00000000 1.00000000
				-3.44326300 2.49667700 1.51851100 / 1.00000000 0.00000000 0.00000000 / 255 0 255 255 / 0.61254890 -0.17877200 / 0.00000000 1.00000000 0.00000000 1.00000000
				-3.44326300 2.49667700 1.51851100 / 1.00000000 0.00000000 0.00000000 / 255 0 255 255 / 0.61254890 -0.17877200 / 0.00000000 1.00000000 0.00000000 1.00000000
				-3.44326300 2.29989900 1.51851100 / 1.00000000 0.00000000 0.00000000 / 255 0 255 255 / 0.20237730 -0.17877200 / 0.00000000 1.00000000 0.00000000 1.00000000
				-3.44326300 2.27255600 1.46675300 / 0.99999980 0.00000000 0.00000000 / 255 0 255 255 / 0.14501950 -0.01010130 / 0.00000000 1.00000000 0.00000000 1.00000000
				-3.44326300 2.27255600 1.46675300 / 0.99999980 0.00000000 0.00000000 / 255 0 255 255 / 0.14501950 -0.01010130 / 0.00000000 1.00000000 0.00000000 1.00000000
				-3.44326300 2.27255600 1.46675300 / 0.99999980 0.00000000 0.00000000 / 255 0 255 255 / 0.14501950 -0.01010130 / 0.00000000 1.00000000 0.00000000 1.00000000
				-3.44326300 2.52402000 1.46675300 / 0.99999980 0.00000000 0.00000000 / 255 0 255 255 / 0.66989130 -0.01010130 / 0.00000000 1.00000000 0.00000000 1.00000000
				-3.44326300 2.52402000 1.46675300 / 0.99999980 0.00000000 0.00000000 / 255 0 255 255 / 0.66989130 -0.01010130 / 0.00000000 1.00000000 0.00000000 1.00000000
				-3.44326300 2.52402000 1.46675300 / 0.99999980 0.00000000 0.00000000 / 255 0 255 255 / 0.66989130 -0.01010130 / 0.00000000 1.00000000 0.00000000 1.00000000
				-3.44326300 2.27255600 1.44526900 / 1.00000000 0.00000000 0.00000000 / 255 0 255 255 / 0.14501950 0.05937190 / 0.00000000 1.00000000 0.00000000 1.00000000
				-3.44326300 2.27255600 1.44526900 / 1.00000000 0.00000000 0.00000000 / 255 0 255 255 / 0.14501950 0.05937190 / 0.00000000 1.00000000 0.00000000 1.00000000
				-3.44326300 2.52402000 1.44526900 / 1.00000000 0.00000000 0.00000000 / 255 0 255 255 / 0.66989130 0.05937190 / 0.00000000 1.00000000 0.00000000 1.00000000
				2.86484300 -2.20986600 1.73335500 / 0.00000000 0.00000000 -1.00000000 / 255 0 255 255 / 0.53933720 0.42134090 / 0.97618420 0.21694300 0.00000000 1.00000000
				2.86484300 -2.20986600 1.73335500 / 0.00000000 0.00000000 -1.00000000 / 255 0 255 255 / 0.53933720 0.42134090 / 0.97618420 0.21694300 0.00000000 1.00000000
				2.86484300 -2.20986600 1.73335500 / 0.00000000 0.00000000 -1.00000000 / 255 0 255 255 / 0.53933720 0.42134090 / 0.97618420 0.21694300 0.00000000 1.00000000
				2.85751800 -2.21181900 1.73335500 / 0.00000000 0.00000000 -1.00000000 / 255 0 255 255 / 0.46066280 0.42134090 / 0.96624900 0.25760980 0.00000000 1.00000000
				2.85263600 -2.20596000 1.73335500 / 0.00000000 0.00000000 -1.00000000 / 255 0 255 255 / 0.42134090 0.50000000 / 0.97618920 0.21692090 0.00000000 1.00000000
				2.85263600 -2.20596000 1.73335500 / 0.00000000 0.00000000 -1.00000000 / 255 0 255 255 / 0.42134090 0.50000000 / 0.97618920 0.21692090 0.00000000 1.00000000
				2.85263600 -2.20596000 1.73335500 / 0.00000000 0.00000000 -1.00000000 / 255 0 255 255 / 0.42134090 0.50000000 / 0.97618920 0.21692090 0.00000000 1.00000000
				2.86240100 -2.19765900 1.73335500 / 0.00000000 0.00000000 -1.00000000 / 255 0 255 255 / 0.53933720 0.57865910 / 0.98057410 0.19614900 0.00000000 1.00000000
				2.86240100 -2.19765900 1.73335500 / 0.00000000 0.00000000 -1.00000000 / 255 0 255 255 / 0.53933720 0.57865910 / 0.98057410 0.19614900 0.00000000 1.00000000
				2.86240100 -2.19765900 1.73335500 / 0.00000000 0.00000000 -1.00000000 / 255 0 255 255 / 0.53933720 0.57865910 / 0.98057410 0.19614900 0.00000000 1.00000000
				2.85507700 -2.19912400 1.73335500 / 0.00000000 0.00000000 -0.99999980 / 255 0 255 255 / 0.46066280 0.57865910 / 0.98058070 0.19611620 0.00000000 1.00000000
				2.86728400 -2.20303000 1.73335500 / 0.00000000 0.00000000 -1.00000000 / 255 0 255 255 / 0.57865910 0.50000000 / 0.98056590 0.19619000 0.00000000 1.00000000
				2.93271400 -2.20986600 1.73335500 / 0.00000000 0.00000000 -0.99999980 / 255 0 255 255 / 0.53933720 0.42134090 / 0.97618260 0.21695050 0.00000000 1.00000000
				2.93271400 -2.20986600 1.73335500 / 0.00000000 0.00000000 -0.99999980 / 255 0 255 255 / 0.53933720 0.42134090 / 0.97618260 0.21695050 0.00000000 1.00000000
				2.93271400 -2.20986600 1.73335500 / 0.00000000 0.00000000 -0.99999980 / 255 0 255 255 / 0.53933720 0.42134090 / 0.97618260 0.21695050 0.00000000 1.00000000
				2.92539000 -2.21181900 1.73335500 / 0.00000000 0.00000000 -1.00000000 / 255 0 255 255 / 0.46066280 0.42134090 / 0.96624070 0.25764110 0.00000000 1.00000000
				2.92050700 -2.20596000 1.73335500 / 0.00000000 0.00000000 -1.00000000 / 255 0 255 255 / 0.42134090 0.50000000 / 0.97618650 0.21693290 0.00000000 1.00000000
				2.92050700 -2.20596000 1.73335500 / 0.00000000 0.00000000 -1.00000000 / 255 0 255 255 / 0.42134090 0.50000000 / 0.97618650 0.21693290 0.00000000 1.00000000
				2.92050700 -2.20596000 1.73335500 / 0.00000000 0.00000000 -1.00000000 / 255 0 255 255 / 0.42134090 0.50000000 / 0.97618650 0.21693290 0.00000000 1.00000000
				2.93027200 -2.19765900 1.73335500 / 0.00000000 0.00000000 -1.00000000 / 255 0 255 255 / 0.53933720 0.57865910 / 0.98057400 0.19614960 0.00000000 1.00000000
				2.93027200 -2.19765900 1.73335500 / 0.00000000 0.00000000 -1.00000000 / 255 0 255 255 / 0.53933720 0.57865910 / 0.98057400 0.19614960 0.00000000 1.00000000
				2.93027200 -2.19765900 1.73335500 / 0.00000000 0.00000000 -1.00000000 / 255 0 255 255 / 0.53933720 0.57865910 / 0.98057400 0.19614960 0.00000000 1.00000000
				2.92294800 -2.19912400 1.73335500 / 0.00000000 0.00000000 -1.00000000 / 255 0 255 255 / 0.46066280 0.57865910 / 0.98057940 0.19612230 0.00000000 1.00000000
				2.93515500 -2.20303000 1.73335500 / 0.00000000 0.00000000 -1.00000000 / 255 0 255 255 / 0.57865910 0.50000000 / 0.98056710 0.19618390 0.00000000 1.00000000
				4.32529100 -2.20986600 1.73335500 / 0.00000000 0.00000000 -1.00000000 / 255 0 255 255 / 0.53933720 0.42134090 / 0.97618040 0.21696020 0.00000000 1.00000000
				4.32529100 -2.20986600 1.73335500 / 0.00000000 0.00000000 -1.00000000 / 255 0 255 255 / 0.53933720 0.42134090 / 0.97618040 0.21696020 0.00000000 1.00000000
				4.32529100 -2.20986600 1.73335500 / 0.00000000 0.00000000 -1.00000000 / 255 0 255 255 / 0.53933720 0.42134090 / 0.97618040 0.21696020 0.00000000 1.00000000
				4.31796800 -2.21181900 1.73335500 / 0.00000000 0.00000000 -1.00000000 / 255 0 255 255 / 0.46066280 0.42134090 / 0.96623860 0.25764890 0.00000000 1.00000000
				4.31308400 -2.20596000 1.73335500 / 0.00000000 0.00000000 -1.00000000 / 255 0 255 255 / 0.42134090 0.50000000 / 0.97618930 0.21692020 0.00000000 1.00000000
				4.31308400 -2.20596000 1.73335500 / 0.00000000 0.00000000 -1.00000000 / 255 0 255 255 / 0.42134090 0.50000000 / 0.97618930 0.21692020 0.00000000 1.00000000
				4.31308400 -2.20596000 1.73335500 / 0.00000000 0.00000000 -1.00000000 / 255 0 255 255 / 0.42134090 0.50000000 / 0.97618930 0.21692020 0.00000000 1.00000000
				4.32285100 -2.19765900 1.73335500 / 0.00000000 0.00000000 -1.00000000 / 255 0 255 255 / 0.53933720 0.57865910 / 0.98057470 0.19614620 0.00000000 1.00000000
				4.32285100 -2.19765900 1.73335500 / 0.00000000 0.00000000 -1.00000000 / 255 0 255 255 / 0.53933720 0.57865910 / 0.98057470 0.19614620 0.00000000 1.00000000
				4.32285100 -2.19765900 1.73335500 / 0.00000000 0.00000000 -1.00000000 / 255 0 255 255 / 0.53933720 0.57865910 / 0.98057470 0.19614620 0.00000000 1.00000000
				4.31552500 -2.19912400 1.73335500 / 0.00000000 0.00000000 -1.00000000 / 255 0 255 255 / 0.46066280 0.57865910 / 0.98058560 0.19609160 0.00000000 1.00000000
				4.32773200 -2.20303000 1.73335500 / 0.00000000 0.00000000 -1.00000000 / 255 0 255 255 / 0.57865910 0.50000000 / 0.98056100 0.19621460 0.00000000 1.00000000
				4.39316300 -2.20986600 1.73335500 / 0.00000000 0.00000000 -1.00000000 / 255 0 255 255 / 0.53933720 0.42134090 / 0.97618540 0.21693780 0.00000000 1.00000000
				4.39316300 -2.20986600 1.73335500 / 0.00000000 0.00000000 -1.00000000 / 255 0 255 255 / 0.53933720 0.42134090 / 0.97618540 0.21693780 0.00000000 1.00000000
				4.39316300 -2.20986600 1.73335500 / 0.00000000 0.00000000 -1.00000000 / 255 0 255 255 / 0.53933720 0.42134090 / 0.97618540 0.21693780 0.00000000 1.00000000
				4.38583800 -2.21181900 1.73335500 / 0.00000000 0.00000000 -1.00000000 / 255 0 255 255 / 0.46066280 0.42134090 / 0.96624280 0.25763330 0.00000000 1.00000000
				4.38095600 -2.20596000 1.73335500 / 0.00000000 0.00000000 -1.00000000 / 255 0 255 255 / 0.42134090 0.50000000 / 0.97618840 0.21692470 0.00000000 1.00000000
				4.38095600 -2.20596000 1.73335500 / 0.00000000 0.00000000 -1.00000000 / 255 0 255 255 / 0.42134090 0.50000000 / 0.97618840 0.21692470 0.00000000 1.00000000
				4.38095600 -2.20596000 1.73335500 / 0.00000000 0.00000000 -1.00000000 / 255 0 255 255 / 0.42134090 0.50000000 / 0.97618840 0.21692470 0.00000000 1.00000000
				4.39072200 -2.19765900 1.73335500 / 0.00000000 0.00000000 -1.00000000 / 255 0 255 255 / 0.53933720 0.57865910 / 0.98057630 0.19613800 0.00000000 1.00000000
				4.39072200 -2.19765900 1.73335500 / 0.00000000 0.00000000 -1.00000000 / 255 0 255 255 / 0.53933720 0.57865910 / 0.98057630 0.19613800 0.00000000 1.00000000
				4.39072200 -2.19765900 1.73335500 / 0.00000000 0.00000000 -1.00000000 / 255 0 255 255 / 0.53933720 0.57865910 / 0.98057630 0.19613800 0.00000000 1.00000000
				4.38339800 -2.19912400 1.73335500 / 0.00000000 0.00000000 -1.00000000 / 255 0 255 255 / 0.46066280 0.57865910 / 0.98058070 0.19611620 0.00000000 1.00000000
				4.39560500 -2.20303000 1.73335500 / 0.00000000 0.00000000 -1.00000000 / 255 0 255 255 / 0.57865910 0.50000000 / 0.98057080 0.19616550 0.00000000 1.00000000
				2.86484300 -5.57168300 1.73335500 / 0.00000000 0.00000000 -1.00000000 / 255 0 255 255 / 0.53933720 0.42134090 / 0.98057810 0.19612920 0.00000000 1.00000000
				2.86484300 -5.57168300 1.73335500 / 0.00000000 0.00000000 -1.00000000 / 255 0 255 255 / 0.53933720 0.42134090 / 0.98057810 0.19612920 0.00000000 1.00000000
				2.86484300 -5.57168300 1.73335500 / 0.00000000 0.00000000 -1.00000000 / 255 0 255 255 / 0.53933720 0.42134090 / 0.98057810 0.19612920 0.00000000 1.00000000
				2.85751800 -5.57314800 1.73335500 / 0.00000000 0.00000000 -1.00000000 / 255 0 255 255 / 0.46066280 0.42134090 / 0.98058440 0.19609770 0.00000000 1.00000000
				2.85263600 -5.56777600 1.73335500 / 0.00000000 0.00000000 -1.00000000 / 255 0 255 255 / 0.42134090 0.50000000 / 0.98058710 0.19608400 0.00000000 1.00000000
				2.85263600 -5.56777600 1.73335500 / 0.00000000 0.00000000 -1.00000000 / 255 0 255 255 / 0.42134090 0.50000000 / 0.98058710 0.19608400 0.00000000 1.00000000
				2.85263600 -5.56777600 1.73335500 / 0.00000000 0.00000000 -1.00000000 / 255 0 255 255 / 0.42134090 0.50000000 / 0.98058710 0.19608400 0.00000000 1.00000000
				2.86240100 -5.55947600 1.73335500 / 0.00000000 0.00000000 -1.00000000 / 255 0 255 255 / 0.53933720 0.57865910 / 0.98057680 0.19613540 0.00000000 1.00000000
				2.86240100 -5.55947600 1.73335500 / 0.00000000 0.00000000 -1.00000000 / 255 0 255 255 / 0.53933720 0.57865910 / 0.98057680 0.19613540 0.00000000 1.00000000
				2.86240100 -5.55947600 1.73335500 / 0.00000000 0.00000000 -1.00000000 / 255 0 255 255 / 0.53933720 0.57865910 / 0.98057680 0.19613540 0.00000000 1.00000000
				2.85507700 -5.56094100 1.73335500 / 0.00000000 0.00000000 -1.00000000 / 255 0 255 255 / 0.46066280 0.57865910 / 0.98058070 0.19611620 0.00000000 1.00000000
				2.86728400 -5.56484700 1.73335500 / 0.00000000 0.00000000 -1.00000000 / 255 0 255 255 / 0.57865910 0.50000000 / 0.98055360 0.19625160 0.00000000 1.00000000
				2.93271400 -5.57168300 1.73335500 / 0.00000000 0.00000000 -1.00000000 / 255 0 255 255 / 0.53933720 0.42134090 / 0.98057670 0.19613600 0.00000000 1.00000000
				2.93271400 -5.57168300 1.73335500 / 0.00000000 0.00000000 -1.00000000 / 255 0 255 255 / 0.53933720 0.42134090 / 0.98057670 0.19613600 0.00000000 1.00000000
				2.93271400 -5.57168300 1.73335500 / 0.00000000 0.00000000 -1.00000000 / 255 0 255 255 / 0.53933720 0.42134090 / 0.98057670 0.19613600 0.00000000 1.00000000
				2.92539000 -5.57314800 1.73335500 / 0.00000000 0.00000000 -1.00000000 / 255 0 255 255 / 0.46066280 0.42134090 / 0.98057940 0.19612230 0.00000000 1.00000000
				2.92050700 -5.56777600 1.73335500 / 0.00000000 0.00000000 -1.00000000 / 255 0 255 255 / 0.42134090 0.50000000 / 0.98058490 0.19609490 0.00000000 1.00000000
				2.92050700 -5.56777600 1.73335500 / 0.00000000 0.00000000 -1.00000000 / 255 0 255 255 / 0.42134090 0.50000000 / 0.98058490 0.19609490 0.00000000 1.00000000
				2.92050700 -5.56777600 1.73335500 / 0.00000000 0.00000000 -1.00000000 / 255 0 255 255 / 0.42134090 0.50000000 / 0.98058490 0.19609490 0.00000000 1.00000000
				2.93027200 -5.55947600 1.73335500 / 0.00000000 0.00000000 -1.00000000 / 255 0 255 255 / 0.53933720 0.57865910 / 0.98057670 0.19613610 0.00000000 1.00000000
				2.93027200 -5.55947600 1.73335500 / 0.00000000 0.00000000 -1.00000000 / 255 0 255 255 / 0.53933720 0.57865910 / 0.98057670 0.19613610 0.00000000 1.00000000
				2.93027200 -5.55947600 1.73335500 / 0.00000000 0.00000000 -1.00000000 / 255 0 255 255 / 0.53933720 0.57865910 / 0.98057670 0.19613610 0.00000000 1.00000000
				2.92294800 -5.56094100 1.73335500 / 0.00000000 0.00000000 -1.00000000 / 255 0 255 255 / 0.46066280 0.57865910 / 0.98057940 0.19612230 0.00000000 1.00000000
				2.93515500 -5.56484700 1.73335500 / 0.00000000 0.00000000 -1.00000000 / 255 0 255 255 / 0.57865910 0.50000000 / 0.98055480 0.19624540 0.00000000 1.00000000
				4.32529100 -5.57168300 1.73335500 / 0.00000000 0.00000000 -1.00000000 / 255 0 255 255 / 0.53933720 0.42134090 / 0.98057490 0.19614490 0.00000000 1.00000000
				4.32529100 -5.57168300 1.73335500 / 0.00000000 0.00000000 -1.00000000 / 255 0 255 255 / 0.53933720 0.42134090 / 0.98057490 0.19614490 0.00000000 1.00000000
				4.32529100 -5.57168300 1.73335500 / 0.00000000 0.00000000 -1.00000000 / 255 0 255 255 / 0.53933720 0.42134090 / 0.98057490 0.19614490 0.00000000 1.00000000
				4.31796800 -5.57314800 1.73335500 / 0.00000000 0.00000000 -1.00000000 / 255 0 255 255 / 0.46066280 0.42134090 / 0.98057820 0.19612840 0.00000000 1.00000000
				4.31308400 -5.56777600 1.73335500 / 0.00000000 0.00000000 -1.00000000 / 255 0 255 255 / 0.42134090 0.50000000 / 0.98058720 0.19608340 0.00000000 1.00000000
				4.31308400 -5.56777600 1.73335500 / 0.00000000 0.00000000 -1.00000000 / 255 0 255 255 / 0.42134090 0.50000000 / 0.98058720 0.19608340 0.00000000 1.00000000
				4.31308400 -5.56777600 1.73335500 / 0.00000000 0.00000000 -1.00000000 / 255 0 255 255 / 0.42134090 0.50000000 / 0.98058720 0.19608340 0.00000000 1.00000000
				4.32285100 -5.55947600 1.73335500 / 0.00000000 0.00000000 -1.00000000 / 255 0 255 255 / 0.53933720 0.57865910 / 0.98057730 0.19613260 0.00000000 1.00000000
				4.32285100 -5.55947600 1.73335500 / 0.00000000 0.00000000 -1.00000000 / 255 0 255 255 / 0.53933720 0.57865910 / 0.98057730 0.19613260 0.00000000 1.00000000
				4.32285100 -5.55947600 1.73335500 / 0.00000000 0.00000000 -1.00000000 / 255 0 255 255 / 0.53933720 0.57865910 / 0.98057730 0.19613260 0.00000000 1.00000000
				4.31552500 -5.56094100 1.73335500 / 0.00000000 0.00000000 -1.00000000 / 255 0 255 255 / 0.46066280 0.57865910 / 0.98058560 0.19609160 0.00000000 1.00000000
				4.32773200 -5.56484700 1.73335500 / 0.00000000 0.00000000 -1.00000000 / 255 0 255 255 / 0.57865910 0.50000000 / 0.98054870 0.19627620 0.00000000 1.00000000
				4.39316300 -5.57168300 1.73335500 / 0.00000000 0.00000000 -1.00000000 / 255 0 255 255 / 0.53933720 0.42134090 / 0.98057900 0.19612440 0.00000000 1.00000000
				4.39316300 -5.57168300 1.73335500 / 0.00000000 0.00000000 -1.00000000 / 255 0 255 255 / 0.53933720 0.42134090 / 0.98057900 0.19612440 0.00000000 1.00000000
				4.39316300 -5.57168300 1.73335500 / 0.00000000 0.00000000 -1.00000000 / 255 0 255 255 / 0.53933720 0.42134090 / 0.98057900 0.19612440 0.00000000 1.00000000
				4.38583800 -5.57314800 1.73335500 / 0.00000000 0.00000000 -1.00000000 / 255 0 255 255 / 0.46066280 0.42134090 / 0.98058070 0.19611610 0.00000000 1.00000000
				4.38095600 -5.56777600 1.73335500 / 0.00000000 0.00000000 -1.00000000 / 255 0 255 255 / 0.42134090 0.50000000 / 0.98058640 0.19608740 0.00000000 1.00000000
				4.38095600 -5.56777600 1.73335500 / 0.00000000 0.00000000 -1.00000000 / 255 0 255 255 / 0.42134090 0.50000000 / 0.98058640 0.19608740 0.00000000 1.00000000
				4.38095600 -5.56777600 1.73335500 / 0.00000000 0.00000000 -1.00000000 / 255 0 255 255 / 0.42134090 0.50000000 / 0.98058640 0.19608740 0.00000000 1.00000000
				4.39072200 -5.55947600 1.73335500 / 0.00000000 0.00000000 -1.00000000 / 255 0 255 255 / 0.53933720 0.57865910 / 0.98057900 0.19612440 0.00000000 1.00000000
				4.39072200 -5.55947600 1.73335500 / 0.00000000 0.00000000 -1.00000000 / 255 0 255 255 / 0.53933720 0.57865910 / 0.98057900 0.19612440 0.00000000 1.00000000
				4.39072200 -5.55947600 1.73335500 / 0.00000000 0.00000000 -1.00000000 / 255 0 255 255 / 0.53933720 0.57865910 / 0.98057900 0.19612440 0.00000000 1.00000000
				4.38339800 -5.56094100 1.73335500 / 0.00000000 0.00000000 -1.00000000 / 255 0 255 255 / 0.46066280 0.57865910 / 0.98058070 0.19611620 0.00000000 1.00000000
				4.39560500 -5.56484700 1.73335500 / 0.00000000 0.00000000 -1.00000000 / 255 0 255 255 / 0.57865910 0.50000000 / 0.98055850 0.19622700 0.00000000 1.00000000
				2.86484300 2.38681300 1.73335500 / 0.00000000 0.00000000 -1.00000000 / 255 0 255 255 / 0.53933720 0.42134090 / 0.97768530 0.21007510 0.00000000 1.00000000
				2.86484300 2.38681300 1.73335500 / 0.00000000 0.00000000 -1.00000000 / 255 0 255 255 / 0.53933720 0.42134090 / 0.97768530 0.21007510 0.00000000 1.00000000
				2.86484300 2.38681300 1.73335500 / 0.00000000 0.00000000 -1.00000000 / 255 0 255 255 / 0.53933720 0.42134090 / 0.97768530 0.21007510 0.00000000 1.00000000
				2.85751800 2.38534800 1.73335500 / 0.00000000 0.00000000 -0.99999980 / 255 0 255 255 / 0.46066280 0.42134090 / 0.98058440 0.19609770 0.00000000 1.00000000
				2.85263600 2.39120800 1.73335500 / 0.00000000 0.00000000 -1.00000000 / 255 0 255 255 / 0.42134090 0.50000000 / 0.98195620 0.18910850 0.00000000 1.00000000
				2.85263600 2.39120800 1.73335500 / 0.00000000 0.00000000 -1.00000000 / 255 0 255 255 / 0.42134090 0.50000000 / 0.98195620 0.18910850 0.00000000 1.00000000
				2.85263600 2.39120800 1.73335500 / 0.00000000 0.00000000 -1.00000000 / 255 0 255 255 / 0.42134090 0.50000000 / 0.98195620 0.18910850 0.00000000 1.00000000
				2.86240100 2.39950900 1.73335500 / 0.00000000 0.00000000 -1.00000000 / 255 0 255 255 / 0.53933720 0.57865910 / 0.97768380 0.21008160 0.00000000 1.00000000
				2.86240100 2.39950900 1.73335500 / 0.00000000 0.00000000 -1.00000000 / 255 0 255 255 / 0.53933720 0.57865910 / 0.97768380 0.21008160 0.00000000 1.00000000
				2.86240100 2.39950900 1.73335500 / 0.00000000 0.00000000 -1.00000000 / 255 0 255 255 / 0.53933720 0.57865910 / 0.97768380 0.21008160 0.00000000 1.00000000
				2.85507700 2.39804400 1.73335500 / 0.00000000 0.00000000 -0.99999980 / 255 0 255 255 / 0.46066280 0.57865910 / 0.98058070 0.19611620 0.00000000 1.00000000
				2.86728400 2.39413800 1.73335500 / 0.00000000 0.00000000 -1.00000000 / 255 0 255 255 / 0.57865910 0.50000000 / 0.96619140 0.25782530 0.00000000 1.00000000
				2.93271400 2.38681300 1.73335500 / 0.00000000 0.00000000 -1.00000000 / 255 0 255 255 / 0.53933720 0.42134090 / 0.97768370 0.21008230 0.00000000 1.00000000
				2.93271400 2.38681300 1.73335500 / 0.00000000 0.00000000 -1.00000000 / 255 0 255 255 / 0.53933720 0.42134090 / 0.97768370 0.21008230 0.00000000 1.00000000
				2.93271400 2.38681300 1.73335500 / 0.00000000 0.00000000 -1.00000000 / 255 0 255 255 / 0.53933720 0.42134090 / 0.97768370 0.21008230 0.00000000 1.00000000
				2.92539000 2.38534800 1.73335500 / 0.00000000 0.00000000 -1.00000000 / 255 0 255 255 / 0.46066280 0.42134090 / 0.98057940 0.19612230 0.00000000 1.00000000
				2.92050700 2.39120800 1.73335500 / 0.00000000 0.00000000 -1.00000000 / 255 0 255 255 / 0.42134090 0.50000000 / 0.98195420 0.18911900 0.00000000 1.00000000
				2.92050700 2.39120800 1.73335500 / 0.00000000 0.00000000 -1.00000000 / 255 0 255 255 / 0.42134090 0.50000000 / 0.98195420 0.18911900 0.00000000 1.00000000
				2.92050700 2.39120800 1.73335500 / 0.00000000 0.00000000 -1.00000000 / 255 0 255 255 / 0.42134090 0.50000000 / 0.98195420 0.18911900 0.00000000 1.00000000
				2.93027200 2.39950900 1.73335500 / 0.00000000 0.00000000 -1.00000000 / 255 0 255 255 / 0.53933720 0.57865910 / 0.97768370 0.21008240 0.00000000 1.00000000
				2.93027200 2.39950900 1.73335500 / 0.00000000 0.00000000 -1.00000000 / 255 0 255 255 / 0.53933720 0.57865910 / 0.97768370 0.21008240 0.00000000 1.00000000
				2.93027200 2.39950900 1.73335500 / 0.00000000 0.00000000 -1.00000000 / 255 0 255 255 / 0.53933720 0.57865910 / 0.97768370 0.21008240 0.00000000 1.00000000
				2.92294800 2.39804400 1.73335500 / 0.00000000 0.00000000 -1.00000000 / 255 0 255 255 / 0.46066280 0.57865910 / 0.98057940 0.19612230 0.00000000 1.00000000
				2.93515500 2.39413800 1.73335500 / 0.00000000 0.00000000 -1.00000000 / 255 0 255 255 / 0.57865910 0.50000000 / 0.96619360 0.25781740 0.00000000 1.00000000
				4.32529100 2.38730200 1.73335500 / 0.00000000 0.00000000 -1.00000000 / 255 0 255 255 / 0.53933720 0.42134090 / 0.97617150 0.21700060 0.00000000 1.00000000
				4.32529100 2.38730200 1.73335500 / 0.00000000 0.00000000 -1.00000000 / 255 0 255 255 / 0.53933720 0.42134090 / 0.97617150 0.21700060 0.00000000 1.00000000
				4.32529100 2.38730200 1.73335500 / 0.00000000 0.00000000 -1.00000000 / 255 0 255 255 / 0.53933720 0.42134090 / 0.97617150 0.21700060 0.00000000 1.00000000
				4.31796800 2.38534800 1.73335500 / 0.00000000 0.00000000 -1.00000000 / 255 0 255 255 / 0.46066280 0.42134090 / 0.96620730 0.25776640 0.00000000 1.00000000
				4.31308400 2.39120800 1.73335500 / 0.00000000 0.00000000 -1.00000000 / 255 0 255 255 / 0.42134090 0.50000000 / 0.97618040 0.21696050 0.00000000 1.00000000
				4.31308400 2.39120800 1.73335500 / 0.00000000 0.00000000 -1.00000000 / 255 0 255 255 / 0.42134090 0.50000000 / 0.97618040 0.21696050 0.00000000 1.00000000
				4.31308400 2.39120800 1.73335500 / 0.00000000 0.00000000 -1.00000000 / 255 0 255 255 / 0.42134090 0.50000000 / 0.97618040 0.21696050 0.00000000 1.00000000
				4.32285100 2.39950900 1.73335500 / 0.00000000 0.00000000 -1.00000000 / 255 0 255 255 / 0.53933720 0.57865910 / 0.98057470 0.19614620 0.00000000 1.00000000
				4.32285100 2.39950900 1.73335500 / 0.00000000 0.00000000 -1.00000000 / 255 0 255 255 / 0.53933720 0.57865910 / 0.98057470 0.19614620 0.00000000 1.00000000
				4.32285100 2.39950900 1.73335500 / 0.00000000 0.00000000 -1.00000000 / 255 0 255 255 / 0.53933720 0.57865910 / 0.98057470 0.19614620 0.00000000 1.00000000
				4.31552500 2.39804400 1.73335500 / 0.00000000 0.00000000 -1.00000000 / 255 0 255 255 / 0.46066280 0.57865910 / 0.98058560 0.19609160 0.00000000 1.00000000
				4.32773200 2.39413800 1.73335500 / 0.00000000 0.00000000 -1.00000000 / 255 0 255 255 / 0.57865910 0.50000000 / 0.98056100 0.19621460 0.00000000 1.00000000
				4.39316300 2.38681300 1.73335500 / 0.00000000 0.00000000 -1.00000000 / 255 0 255 255 / 0.53933720 0.42134090 / 0.97768630 0.21007000 0.00000000 1.00000000
				4.39316300 2.38681300 1.73335500 / 0.00000000 0.00000000 -1.00000000 / 255 0 255 255 / 0.53933720 0.42134090 / 0.97768630 0.21007000 0.00000000 1.00000000
				4.39316300 2.38681300 1.73335500 / 0.00000000 0.00000000 -1.00000000 / 255 0 255 255 / 0.53933720 0.42134090 / 0.97768630 0.21007000 0.00000000 1.00000000
				4.38583800 2.38534800 1.73335500 / 0.00000000 0.00000000 -1.00000000 / 255 0 255 255 / 0.46066280 0.42134090 / 0.98058070 0.19611610 0.00000000 1.00000000
				4.38095600 2.39120800 1.73335500 / 0.00000000 0.00000000 -1.00000000 / 255 0 255 255 / 0.42134090 0.50000000 / 0.98195560 0.18911180 0.00000000 1.00000000
				4.38095600 2.39120800 1.73335500 / 0.00000000 0.00000000 -1.00000000 / 255 0 255 255 / 0.42134090 0.50000000 / 0.98195560 0.18911180 0.00000000 1.00000000
				4.38095600 2.39120800 1.73335500 / 0.00000000 0.00000000 -1.00000000 / 255 0 255 255 / 0.42134090 0.50000000 / 0.98195560 0.18911180 0.00000000 1.00000000
				4.39072200 2.39950900 1.73335500 / 0.00000000 0.00000000 -1.00000000 / 255 0 255 255 / 0.53933720 0.57865910 / 0.97768630 0.21007000 0.00000000 1.00000000
				4.39072200 2.39950900 1.73335500 / 0.00000000 0.00000000 -1.00000000 / 255 0 255 255 / 0.53933720 0.57865910 / 0.97768630 0.21007000 0.00000000 1.00000000
				4.39072200 2.39950900 1.73335500 / 0.00000000 0.00000000 -1.00000000 / 255 0 255 255 / 0.53933720 0.57865910 / 0.97768630 0.21007000 0.00000000 1.00000000
				4.38339800 2.39804400 1.73335500 / 0.00000000 0.00000000 -1.00000000 / 255 0 255 255 / 0.46066280 0.57865910 / 0.98058070 0.19611620 0.00000000 1.00000000
				4.39560500 2.39413800 1.73335500 / 0.00000000 0.00000000 -1.00000000 / 255 0 255 255 / 0.57865910 0.50000000 / 0.96619990 0.25779400 0.00000000 1.00000000
				2.86484300 5.74863000 1.73335500 / 0.00000000 0.00000000 -1.00000000 / 255 0 255 255 / 0.53933720 0.42134090 / 0.97463320 0.22380830 0.00000000 1.00000000
				2.86484300 5.74863000 1.73335500 / 0.00000000 0.00000000 -1.00000000 / 255 0 255 255 / 0.53933720 0.42134090 / 0.97463320 0.22380830 0.00000000 1.00000000
				2.86484300 5.74863000 1.73335500 / 0.00000000 0.00000000 -1.00000000 / 255 0 255 255 / 0.53933720 0.42134090 / 0.97463320 0.22380830 0.00000000 1.00000000
				2.85751800 5.74716500 1.73335500 / 0.00000000 0.00000000 -1.00000000 / 255 0 255 255 / 0.46066280 0.42134090 / 0.98058440 0.19609770 0.00000000 1.00000000
				2.85263600 5.75253600 1.73335500 / 0.00000000 0.00000000 -1.00000000 / 255 0 255 255 / 0.42134090 0.50000000 / 0.97915770 0.20310130 0.00000000 1.00000000
				2.85263600 5.75253600 1.73335500 / 0.00000000 0.00000000 -1.00000000 / 255 0 255 255 / 0.42134090 0.50000000 / 0.97915770 0.20310130 0.00000000 1.00000000
				2.85263600 5.75253600 1.73335500 / 0.00000000 0.00000000 -1.00000000 / 255 0 255 255 / 0.42134090 0.50000000 / 0.97915770 0.20310130 0.00000000 1.00000000
				2.86240100 5.76132500 1.73335500 / 0.00000000 0.00000000 -1.00000000 / 255 0 255 255 / 0.53933720 0.57865910 / 0.97462700 0.22383530 0.00000000 1.00000000
				2.86240100 5.76132500 1.73335500 / 0.00000000 0.00000000 -1.00000000 / 255 0 255 255 / 0.53933720 0.57865910 / 0.97462700 0.22383530 0.00000000 1.00000000
				2.86240100 5.76132500 1.73335500 / 0.00000000 0.00000000 -1.00000000 / 255 0 255 255 / 0.53933720 0.57865910 / 0.97462700 0.22383530 0.00000000 1.00000000
				2.85507700 5.75986000 1.73335500 / 0.00000000 0.00000000 -1.00000000 / 255 0 255 255 / 0.46066280 0.57865910 / 0.98056840 0.19617750 0.00000000 1.00000000
				2.86728400 5.75595400 1.73335500 / 0.00000000 0.00000000 -1.00000000 / 255 0 255 255 / 0.57865910 0.50000000 / 0.96623050 0.25767870 0.00000000 1.00000000
				2.93271400 5.74863000 1.73335500 / 0.00000000 0.00000000 -1.00000000 / 255 0 255 255 / 0.53933720 0.42134090 / 0.97463140 0.22381600 0.00000000 1.00000000
				2.93271400 5.74863000 1.73335500 / 0.00000000 0.00000000 -1.00000000 / 255 0 255 255 / 0.53933720 0.42134090 / 0.97463140 0.22381600 0.00000000 1.00000000
				2.93271400 5.74863000 1.73335500 / 0.00000000 0.00000000 -1.00000000 / 255 0 255 255 / 0.53933720 0.42134090 / 0.97463140 0.22381600 0.00000000 1.00000000
				2.92539000 5.74716500 1.73335500 / 0.00000000 0.00000000 -1.00000000 / 255 0 255 255 / 0.46066280 0.42134090 / 0.98057940 0.19612230 0.00000000 1.00000000
				2.92050700 5.75253600 1.73335500 / 0.00000000 0.00000000 -1.00000000 / 255 0 255 255 / 0.42134090 0.50000000 / 0.97915540 0.20311250 0.00000000 1.00000000
				2.92050700 5.75253600 1.73335500 / 0.00000000 0.00000000 -1.00000000 / 255 0 255 255 / 0.42134090 0.50000000 / 0.97915540 0.20311250 0.00000000 1.00000000
				2.92050700 5.75253600 1.73335500 / 0.00000000 0.00000000 -1.00000000 / 255 0 255 255 / 0.42134090 0.50000000 / 0.97915540 0.20311250 0.00000000 1.00000000
				2.93027200 5.76132500 1.73335500 / 0.00000000 0.00000000 -1.00000000 / 255 0 255 255 / 0.53933720 0.57865910 / 0.97462680 0.22383610 0.00000000 1.00000000
				2.93027200 5.76132500 1.73335500 / 0.00000000 0.00000000 -1.00000000 / 255 0 255 255 / 0.53933720 0.57865910 / 0.97462680 0.22383610 0.00000000 1.00000000
				2.93027200 5.76132500 1.73335500 / 0.00000000 0.00000000 -1.00000000 / 255 0 255 255 / 0.53933720 0.57865910 / 0.97462680 0.22383610 0.00000000 1.00000000
				2.92294800 5.75986000 1.73335500 / 0.00000000 0.00000000 -1.00000000 / 255 0 255 255 / 0.46066280 0.57865910 / 0.98056720 0.19618370 0.00000000 1.00000000
				2.93515500 5.75595400 1.73335500 / 0.00000000 0.00000000 -1.00000000 / 255 0 255 255 / 0.57865910 0.50000000 / 0.96623270 0.25767090 0.00000000 1.00000000
				4.32529100 5.74863000 1.73335500 / 0.00000000 0.00000000 -1.00000000 / 255 0 255 255 / 0.53933720 0.42134090 / 0.97768890 0.21005800 0.00000000 1.00000000
				4.32529100 5.74863000 1.73335500 / 0.00000000 0.00000000 -1.00000000 / 255 0 255 255 / 0.53933720 0.42134090 / 0.97768890 0.21005800 0.00000000 1.00000000
				4.32529100 5.74863000 1.73335500 / 0.00000000 0.00000000 -1.00000000 / 255 0 255 255 / 0.53933720 0.42134090 / 0.97768890 0.21005800 0.00000000 1.00000000
				4.31796800 5.74716500 1.73335500 / 0.00000000 0.00000000 -1.00000000 / 255 0 255 255 / 0.46066280 0.42134090 / 0.98057820 0.19612840 0.00000000 1.00000000
				4.31308400 5.75302300 1.73335500 / 0.00000000 0.00000000 -1.00000000 / 255 0 255 255 / 0.42134090 0.50000000 / 0.98194910 0.18914550 0.00000000 1.00000000
				4.31308400 5.75302300 1.73335500 / 0.00000000 0.00000000 -1.00000000 / 255 0 255 255 / 0.42134090 0.50000000 / 0.98194910 0.18914550 0.00000000 1.00000000
				4.31308400 5.75302300 1.73335500 / 0.00000000 0.00000000 -1.00000000 / 255 0 255 255 / 0.42134090 0.50000000 / 0.98194910 0.18914550 0.00000000 1.00000000
				4.32285100 5.76132500 1.73335500 / 0.00000000 0.00000000 -1.00000000 / 255 0 255 255 / 0.53933720 0.57865910 / 0.97768740 0.21006520 0.00000000 1.00000000
				4.32285100 5.76132500 1.73335500 / 0.00000000 0.00000000 -1.00000000 / 255 0 255 255 / 0.53933720 0.57865910 / 0.97768740 0.21006520 0.00000000 1.00000000
				4.32285100 5.76132500 1.73335500 / 0.00000000 0.00000000 -1.00000000 / 255 0 255 255 / 0.53933720 0.57865910 / 0.97768740 0.21006520 0.00000000 1.00000000
				4.31552500 5.75986000 1.73335500 / 0.00000000 0.00000000 -1.00000000 / 255 0 255 255 / 0.46066280 0.57865910 / 0.98057330 0.19615300 0.00000000 1.00000000
				4.32773200 5.75595400 1.73335500 / 0.00000000 0.00000000 -1.00000000 / 255 0 255 255 / 0.57865910 0.50000000 / 0.96622230 0.25771010 0.00000000 1.00000000
				4.39316300 5.74863000 1.73335500 / 0.00000000 0.00000000 -1.00000000 / 255 0 255 255 / 0.53933720 0.42134090 / 0.97463440 0.22380290 0.00000000 1.00000000
				4.39316300 5.74863000 1.73335500 / 0.00000000 0.00000000 -1.00000000 / 255 0 255 255 / 0.53933720 0.42134090 / 0.97463440 0.22380290 0.00000000 1.00000000
				4.39316300 5.74863000 1.73335500 / 0.00000000 0.00000000 -1.00000000 / 255 0 255 255 / 0.53933720 0.42134090 / 0.97463440 0.22380290 0.00000000 1.00000000
				4.38583800 5.74716500 1.73335500 / 0.00000000 0.00000000 -1.00000000 / 255 0 255 255 / 0.46066280 0.42134090 / 0.98058070 0.19611610 0.00000000 1.00000000
				4.38095600 5.75253600 1.73335500 / 0.00000000 0.00000000 -1.00000000 / 255 0 255 255 / 0.42134090 0.50000000 / 0.97915700 0.20310480 0.00000000 1.00000000
				4.38095600 5.75253600 1.73335500 / 0.00000000 0.00000000 -1.00000000 / 255 0 255 255 / 0.42134090 0.50000000 / 0.97915700 0.20310480 0.00000000 1.00000000
				4.38095600 5.75253600 1.73335500 / 0.00000000 0.00000000 -1.00000000 / 255 0 255 255 / 0.42134090 0.50000000 / 0.97915700 0.20310480 0.00000000 1.00000000
				4.39072200 5.76132500 1.73335500 / 0.00000000 0.00000000 -1.00000000 / 255 0 255 255 / 0.53933720 0.57865910 / 0.97462990 0.22382300 0.00000000 1.00000000
				4.39072200 5.76132500 1.73335500 / 0.00000000 0.00000000 -1.00000000 / 255 0 255 255 / 0.53933720 0.57865910 / 0.97462990 0.22382300 0.00000000 1.00000000
				4.39072200 5.76132500 1.73335500 / 0.00000000 0.00000000 -1.00000000 / 255 0 255 255 / 0.53933720 0.57865910 / 0.97462990 0.22382300 0.00000000 1.00000000
				4.38339800 5.75986000 1.73335500 / 0.00000000 0.00000000 -0.99999980 / 255 0 255 255 / 0.46066280 0.57865910 / 0.98056840 0.19617750 0.00000000 1.00000000
				4.39560500 5.75595400 1.73335500 / 0.00000000 0.00000000 -1.00000000 / 255 0 255 255 / 0.57865910 0.50000000 / 0.96623900 0.25764740 0.00000000 1.00000000
				-5.09365300 5.74863000 1.73335500 / 0.00000000 0.00000000 -1.00000000 / 255 0 255 255 / 0.53933720 0.42134090 / 0.97389610 0.22699410 0.00000000 1.00000000
				-5.09365300 5.74863000 1.73335500 / 0.00000000 0.00000000 -1.00000000 / 255 0 255 255 / 0.53933720 0.42134090 / 0.97389610 0.22699410 0.00000000 1.00000000
				-5.09365300 5.74863000 1.73335500 / 0.00000000 0.00000000 -1.00000000 / 255 0 255 255 / 0.53933720 0.42134090 / 0.97389610 0.22699410 0.00000000 1.00000000
				-5.10097800 5.74716500 1.73335500 / 0.00000000 0.00000000 -1.00000000 / 255 0 255 255 / 0.46066280 0.42134090 / 0.98058560 0.19609160 0.00000000 1.00000000
				-5.10634900 5.75253600 1.73335500 / 0.00000000 0.00000000 -1.00000000 / 255 0 255 255 / 0.42134090 0.50000000 / 0.97945450 0.20166530 0.00000000 1.00000000
				-5.10634900 5.75253600 1.73335500 / 0.00000000 0.00000000 -1.00000000 / 255 0 255 255 / 0.42134090 0.50000000 / 0.97945450 0.20166530 0.00000000 1.00000000
				-5.10634900 5.75253600 1.73335500 / 0.00000000 0.00000000 -1.00000000 / 255 0 255 255 / 0.42134090 0.50000000 / 0.97945450 0.20166530 0.00000000 1.00000000
				-5.09658300 5.76132500 1.73335500 / 0.00000000 0.00000000 -1.00000000 / 255 0 255 255 / 0.53933720 0.57865910 / 0.97388810 0.22702870 0.00000000 1.00000000
				-5.09658300 5.76132500 1.73335500 / 0.00000000 0.00000000 -1.00000000 / 255 0 255 255 / 0.53933720 0.57865910 / 0.97388810 0.22702870 0.00000000 1.00000000
				-5.09658300 5.76132500 1.73335500 / 0.00000000 0.00000000 -1.00000000 / 255 0 255 255 / 0.53933720 0.57865910 / 0.97388810 0.22702870 0.00000000 1.00000000
				-5.10390700 5.75986000 1.73335500 / 0.00000000 0.00000000 -1.00000000 / 255 0 255 255 / 0.46066280 0.57865910 / 0.98056600 0.19618980 0.00000000 1.00000000
				-5.09170100 5.75595400 1.73335500 / 0.00000000 0.00000000 -1.00000000 / 255 0 255 255 / 0.57865910 0.50000000 / 0.96151880 0.27473930 0.00000000 1.00000000
				-5.02578200 5.74863000 1.73335500 / 0.00000000 0.00000000 -1.00000000 / 255 0 255 255 / 0.53933720 0.42134090 / 0.97389610 0.22699410 0.00000000 1.00000000
				-5.02578200 5.74863000 1.73335500 / 0.00000000 0.00000000 -1.00000000 / 255 0 255 255 / 0.53933720 0.42134090 / 0.97389610 0.22699410 0.00000000 1.00000000
				-5.02578200 5.74863000 1.73335500 / 0.00000000 0.00000000 -1.00000000 / 255 0 255 255 / 0.53933720 0.42134090 / 0.97389610 0.22699410 0.00000000 1.00000000
				-5.03310700 5.74716500 1.73335500 / 0.00000000 0.00000000 -1.00000000 / 255 0 255 255 / 0.46066280 0.42134090 / 0.98058560 0.19609160 0.00000000 1.00000000
				-5.03847800 5.75253600 1.73335500 / 0.00000000 0.00000000 -1.00000000 / 255 0 255 255 / 0.42134090 0.50000000 / 0.97945540 0.20166110 0.00000000 1.00000000
				-5.03847800 5.75253600 1.73335500 / 0.00000000 0.00000000 -1.00000000 / 255 0 255 255 / 0.42134090 0.50000000 / 0.97945540 0.20166110 0.00000000 1.00000000
				-5.03847800 5.75253600 1.73335500 / 0.00000000 0.00000000 -1.00000000 / 255 0 255 255 / 0.42134090 0.50000000 / 0.97945540 0.20166110 0.00000000 1.00000000
				-5.02871200 5.76132500 1.73335500 / 0.00000000 0.00000000 -1.00000000 / 255 0 255 255 / 0.53933720 0.57865910 / 0.97388920 0.22702390 0.00000000 1.00000000
				-5.02871200 5.76132500 1.73335500 / 0.00000000 0.00000000 -1.00000000 / 255 0 255 255 / 0.53933720 0.57865910 / 0.97388920 0.22702390 0.00000000 1.00000000
				-5.02871200 5.76132500 1.73335500 / 0.00000000 0.00000000 -1.00000000 / 255 0 255 255 / 0.53933720 0.57865910 / 0.97388920 0.22702390 0.00000000 1.00000000
				-5.03603600 5.75986000 1.73335500 / 0.00000000 0.00000000 -0.99999980 / 255 0 255 255 / 0.46066280 0.57865910 / 0.98056840 0.19617750 0.00000000 1.00000000
				-5.02382900 5.75595400 1.73335500 / 0.00000000 0.00000000 -1.00000000 / 255 0 255 255 / 0.57865910 0.50000000 / 0.96151880 0.27473930 0.00000000 1.00000000
				-3.63369200 5.74863000 1.73335500 / 0.00000000 0.00000000 -1.00000000 / 255 0 255 255 / 0.53933720 0.42134090 / 0.97670210 0.21459970 0.00000000 1.00000000
				-3.63369200 5.74863000 1.73335500 / 0.00000000 0.00000000 -1.00000000 / 255 0 255 255 / 0.53933720 0.42134090 / 0.97670210 0.21459970 0.00000000 1.00000000
				-3.63369200 5.74863000 1.73335500 / 0.00000000 0.00000000 -1.00000000 / 255 0 255 255 / 0.53933720 0.42134090 / 0.97670210 0.21459970 0.00000000 1.00000000
				-3.64052800 5.74716500 1.73335500 / 0.00000000 0.00000000 -1.00000000 / 255 0 255 255 / 0.46066280 0.42134090 / 0.97780390 0.20952210 0.00000000 1.00000000
				-3.64589900 5.75302300 1.73335500 / 0.00000000 0.00000000 -1.00000000 / 255 0 255 255 / 0.42134090 0.50000000 / 0.98114110 0.19329260 0.00000000 1.00000000
				-3.64589900 5.75302300 1.73335500 / 0.00000000 0.00000000 -1.00000000 / 255 0 255 255 / 0.42134090 0.50000000 / 0.98114110 0.19329260 0.00000000 1.00000000
				-3.64589900 5.75302300 1.73335500 / 0.00000000 0.00000000 -1.00000000 / 255 0 255 255 / 0.42134090 0.50000000 / 0.98114110 0.19329260 0.00000000 1.00000000
				-3.63613400 5.76132500 1.73335500 / 0.00000000 0.00000000 -1.00000000 / 255 0 255 255 / 0.53933720 0.57865910 / 0.97768660 0.21006890 0.00000000 1.00000000
				-3.63613400 5.76132500 1.73335500 / 0.00000000 0.00000000 -1.00000000 / 255 0 255 255 / 0.53933720 0.57865910 / 0.97768660 0.21006890 0.00000000 1.00000000
				-3.63613400 5.76132500 1.73335500 / 0.00000000 0.00000000 -1.00000000 / 255 0 255 255 / 0.53933720 0.57865910 / 0.97768660 0.21006890 0.00000000 1.00000000
				-3.64345800 5.75986000 1.73335500 / 0.00000000 0.00000000 -1.00000000 / 255 0 255 255 / 0.46066280 0.57865910 / 0.98056720 0.19618370 0.00000000 1.00000000
				-3.63125100 5.75595400 1.73335500 / 0.00000000 0.00000000 -1.00000000 / 255 0 255 255 / 0.57865910 0.50000000 / 0.96623270 0.25767090 0.00000000 1.00000000
				-3.56582100 5.74863000 1.73335500 / 0.00000000 0.00000000 -1.00000000 / 255 0 255 255 / 0.53933720 0.42134090 / 0.97351260 0.22863330 0.00000000 1.00000000
				-3.56582100 5.74863000 1.73335500 / 0.00000000 0.00000000 -1.00000000 / 255 0 255 255 / 0.53933720 0.42134090 / 0.97351260 0.22863330 0.00000000 1.00000000
				-3.56582100 5.74863000 1.73335500 / 0.00000000 0.00000000 -1.00000000 / 255 0 255 255 / 0.53933720 0.42134090 / 0.97351260 0.22863330 0.00000000 1.00000000
				-3.57265700 5.74716500 1.73335500 / 0.00000000 0.00000000 -1.00000000 / 255 0 255 255 / 0.46066280 0.42134090 / 0.97780240 0.20952910 0.00000000 1.00000000
				-3.57802800 5.75253600 1.73335500 / 0.00000000 0.00000000 -1.00000000 / 255 0 255 255 / 0.42134090 0.50000000 / 0.97822890 0.20752900 0.00000000 1.00000000
				-3.57802800 5.75253600 1.73335500 / 0.00000000 0.00000000 -1.00000000 / 255 0 255 255 / 0.42134090 0.50000000 / 0.97822890 0.20752900 0.00000000 1.00000000
				-3.57802800 5.75253600 1.73335500 / 0.00000000 0.00000000 -1.00000000 / 255 0 255 255 / 0.42134090 0.50000000 / 0.97822890 0.20752900 0.00000000 1.00000000
				-3.56826300 5.76132500 1.73335500 / 0.00000000 0.00000000 -1.00000000 / 255 0 255 255 / 0.53933720 0.57865910 / 0.97462750 0.22383300 0.00000000 1.00000000
				-3.56826300 5.76132500 1.73335500 / 0.00000000 0.00000000 -1.00000000 / 255 0 255 255 / 0.53933720 0.57865910 / 0.97462750 0.22383300 0.00000000 1.00000000
				-3.56826300 5.76132500 1.73335500 / 0.00000000 0.00000000 -1.00000000 / 255 0 255 255 / 0.53933720 0.57865910 / 0.97462750 0.22383300 0.00000000 1.00000000
				-3.57558700 5.75986000 1.73335500 / 0.00000000 0.00000000 -1.00000000 / 255 0 255 255 / 0.46066280 0.57865910 / 0.98056720 0.19618370 0.00000000 1.00000000
				-3.56338000 5.75595400 1.73335500 / 0.00000000 0.00000000 -1.00000000 / 255 0 255 255 / 0.57865910 0.50000000 / 0.96623480 0.25766310 0.00000000 1.00000000
				-5.09365300 -2.20986600 1.73335500 / 0.00000000 0.00000000 -1.00000000 / 255 0 255 255 / 0.53933720 0.42134090 / 0.97549060 0.22004110 0.00000000 1.00000000
				-5.09365300 -2.20986600 1.73335500 / 0.00000000 0.00000000 -1.00000000 / 255 0 255 255 / 0.53933720 0.42134090 / 0.97549060 0.22004110 0.00000000 1.00000000
				-5.09365300 -2.20986600 1.73335500 / 0.00000000 0.00000000 -1.00000000 / 255 0 255 255 / 0.53933720 0.42134090 / 0.97549060 0.22004110 0.00000000 1.00000000
				-5.10097800 -2.21181900 1.73335500 / 0.00000000 0.00000000 -1.00000000 / 255 0 255 255 / 0.46066280 0.42134090 / 0.96625110 0.25760190 0.00000000 1.00000000
				-5.10634900 -2.20596000 1.73335500 / 0.00000000 0.00000000 -1.00000000 / 255 0 255 255 / 0.42134090 0.50000000 / 0.97652660 0.21539640 0.00000000 1.00000000
				-5.10634900 -2.20596000 1.73335500 / 0.00000000 0.00000000 -1.00000000 / 255 0 255 255 / 0.42134090 0.50000000 / 0.97652660 0.21539640 0.00000000 1.00000000
				-5.10634900 -2.20596000 1.73335500 / 0.00000000 0.00000000 -1.00000000 / 255 0 255 255 / 0.42134090 0.50000000 / 0.97652660 0.21539640 0.00000000 1.00000000
				-5.09658300 -2.19765900 1.73335500 / 0.00000000 0.00000000 -1.00000000 / 255 0 255 255 / 0.53933720 0.57865910 / 0.98000310 0.19898230 0.00000000 1.00000000
				-5.09658300 -2.19765900 1.73335500 / 0.00000000 0.00000000 -1.00000000 / 255 0 255 255 / 0.53933720 0.57865910 / 0.98000310 0.19898230 0.00000000 1.00000000
				-5.09658300 -2.19765900 1.73335500 / 0.00000000 0.00000000 -1.00000000 / 255 0 255 255 / 0.53933720 0.57865910 / 0.98000310 0.19898230 0.00000000 1.00000000
				-5.10390700 -2.19912400 1.73335500 / 0.00000000 0.00000000 -1.00000000 / 255 0 255 255 / 0.46066280 0.57865910 / 0.98057820 0.19612850 0.00000000 1.00000000
				-5.09170100 -2.20303000 1.73335500 / 0.00000000 0.00000000 -1.00000000 / 255 0 255 255 / 0.57865910 0.50000000 / 0.97778540 0.20960850 0.00000000 1.00000000
				-5.02578200 -2.20986600 1.73335500 / 0.00000000 0.00000000 -1.00000000 / 255 0 255 255 / 0.53933720 0.42134090 / 0.97549060 0.22004110 0.00000000 1.00000000
				-5.02578200 -2.20986600 1.73335500 / 0.00000000 0.00000000 -1.00000000 / 255 0 255 255 / 0.53933720 0.42134090 / 0.97549060 0.22004110 0.00000000 1.00000000
				-5.02578200 -2.20986600 1.73335500 / 0.00000000 0.00000000 -1.00000000 / 255 0 255 255 / 0.53933720 0.42134090 / 0.97549060 0.22004110 0.00000000 1.00000000
				-5.03310700 -2.21181900 1.73335500 / 0.00000000 0.00000000 -1.00000000 / 255 0 255 255 / 0.46066280 0.42134090 / 0.96625110 0.25760190 0.00000000 1.00000000
				-5.03847800 -2.20596000 1.73335500 / 0.00000000 0.00000000 -1.00000000 / 255 0 255 255 / 0.42134090 0.50000000 / 0.97652770 0.21539200 0.00000000 1.00000000
				-5.03847800 -2.20596000 1.73335500 / 0.00000000 0.00000000 -1.00000000 / 255 0 255 255 / 0.42134090 0.50000000 / 0.97652770 0.21539200 0.00000000 1.00000000
				-5.03847800 -2.20596000 1.73335500 / 0.00000000 0.00000000 -1.00000000 / 255 0 255 255 / 0.42134090 0.50000000 / 0.97652770 0.21539200 0.00000000 1.00000000
				-5.02871200 -2.19765900 1.73335500 / 0.00000000 0.00000000 -1.00000000 / 255 0 255 255 / 0.53933720 0.57865910 / 0.98000400 0.19897810 0.00000000 1.00000000
				-5.02871200 -2.19765900 1.73335500 / 0.00000000 0.00000000 -1.00000000 / 255 0 255 255 / 0.53933720 0.57865910 / 0.98000400 0.19897810 0.00000000 1.00000000
				-5.02871200 -2.19765900 1.73335500 / 0.00000000 0.00000000 -1.00000000 / 255 0 255 255 / 0.53933720 0.57865910 / 0.98000400 0.19897810 0.00000000 1.00000000
				-5.03603600 -2.19912400 1.73335500 / 0.00000000 0.00000000 -1.00000000 / 255 0 255 255 / 0.46066280 0.57865910 / 0.98058070 0.19611620 0.00000000 1.00000000
				-5.02382900 -2.20303000 1.73335500 / 0.00000000 0.00000000 -1.00000000 / 255 0 255 255 / 0.57865910 0.50000000 / 0.97778540 0.20960850 0.00000000 1.00000000
				-3.63369200 -2.20986600 1.73335500 / 0.00000000 0.00000000 -0.99999980 / 255 0 255 255 / 0.53933720 0.42134090 / 0.97512940 0.22163620 0.00000000 1.00000000
				-3.63369200 -2.20986600 1.73335500 / 0.00000000 0.00000000 -0.99999980 / 255 0 255 255 / 0.53933720 0.42134090 / 0.97512940 0.22163620 0.00000000 1.00000000
				-3.63369200 -2.20986600 1.73335500 / 0.00000000 0.00000000 -0.99999980 / 255 0 255 255 / 0.53933720 0.42134090 / 0.97512940 0.22163620 0.00000000 1.00000000
				-3.64052800 -2.21181900 1.73335500 / 0.00000000 0.00000000 -1.00000000 / 255 0 255 255 / 0.46066280 0.42134090 / 0.96153530 0.27468130 0.00000000 1.00000000
				-3.64589900 -2.20596000 1.73335500 / 0.00000000 0.00000000 -1.00000000 / 255 0 255 255 / 0.42134090 0.50000000 / 0.97513340 0.22161890 0.00000000 1.00000000
				-3.64589900 -2.20596000 1.73335500 / 0.00000000 0.00000000 -1.00000000 / 255 0 255 255 / 0.42134090 0.50000000 / 0.97513340 0.22161890 0.00000000 1.00000000
				-3.64589900 -2.20596000 1.73335500 / 0.00000000 0.00000000 -1.00000000 / 255 0 255 255 / 0.42134090 0.50000000 / 0.97513340 0.22161890 0.00000000 1.00000000
				-3.63613400 -2.19765900 1.73335500 / 0.00000000 0.00000000 -1.00000000 / 255 0 255 255 / 0.53933720 0.57865910 / 0.98057400 0.19614960 0.00000000 1.00000000
				-3.63613400 -2.19765900 1.73335500 / 0.00000000 0.00000000 -1.00000000 / 255 0 255 255 / 0.53933720 0.57865910 / 0.98057400 0.19614960 0.00000000 1.00000000
				-3.63613400 -2.19765900 1.73335500 / 0.00000000 0.00000000 -1.00000000 / 255 0 255 255 / 0.53933720 0.57865910 / 0.98057400 0.19614960 0.00000000 1.00000000
				-3.64345800 -2.19912400 1.73335500 / 0.00000000 0.00000000 -1.00000000 / 255 0 255 255 / 0.46066280 0.57865910 / 0.98057940 0.19612230 0.00000000 1.00000000
				-3.63125100 -2.20303000 1.73335500 / 0.00000000 0.00000000 -1.00000000 / 255 0 255 255 / 0.57865910 0.50000000 / 0.98056710 0.19618390 0.00000000 1.00000000
				-3.56582100 -2.20986600 1.73335500 / 0.00000000 0.00000000 -1.00000000 / 255 0 255 255 / 0.53933720 0.42134090 / 0.97512960 0.22163540 0.00000000 1.00000000
				-3.56582100 -2.20986600 1.73335500 / 0.00000000 0.00000000 -1.00000000 / 255 0 255 255 / 0.53933720 0.42134090 / 0.97512960 0.22163540 0.00000000 1.00000000
				-3.56582100 -2.20986600 1.73335500 / 0.00000000 0.00000000 -1.00000000 / 255 0 255 255 / 0.53933720 0.42134090 / 0.97512960 0.22163540 0.00000000 1.00000000
				-3.57265700 -2.21181900 1.73335500 / 0.00000000 0.00000000 -1.00000000 / 255 0 255 255 / 0.46066280 0.42134090 / 0.96153270 0.27469010 0.00000000 1.00000000
				-3.57802800 -2.20596000 1.73335500 / 0.00000000 0.00000000 -1.00000000 / 255 0 255 255 / 0.42134090 0.50000000 / 0.97513300 0.22162040 0.00000000 1.00000000
				-3.57802800 -2.20596000 1.73335500 / 0.00000000 0.00000000 -1.00000000 / 255 0 255 255 / 0.42134090 0.50000000 / 0.97513300 0.22162040 0.00000000 1.00000000
				-3.57802800 -2.20596000 1.73335500 / 0.00000000 0.00000000 -1.00000000 / 255 0 255 255 / 0.42134090 0.50000000 / 0.97513300 0.22162040 0.00000000 1.00000000
				-3.56826300 -2.19765900 1.73335500 / 0.00000000 0.00000000 -1.00000000 / 255 0 255 255 / 0.53933720 0.57865910 / 0.98057450 0.19614690 0.00000000 1.00000000
				-3.56826300 -2.19765900 1.73335500 / 0.00000000 0.00000000 -1.00000000 / 255 0 255 255 / 0.53933720 0.57865910 / 0.98057450 0.19614690 0.00000000 1.00000000
				-3.56826300 -2.19765900 1.73335500 / 0.00000000 0.00000000 -1.00000000 / 255 0 255 255 / 0.53933720 0.57865910 / 0.98057450 0.19614690 0.00000000 1.00000000
				-3.57558700 -2.19912400 1.73335500 / 0.00000000 0.00000000 -1.00000000 / 255 0 255 255 / 0.46066280 0.57865910 / 0.98057940 0.19612230 0.00000000 1.00000000
				-3.56338000 -2.20303000 1.73335500 / 0.00000000 0.00000000 -1.00000000 / 255 0 255 255 / 0.57865910 0.50000000 / 0.98056830 0.19617780 0.00000000 1.00000000
				-5.09365300 -5.57168300 1.73335500 / 0.00000000 0.00000000 -1.00000000 / 255 0 255 255 / 0.53933720 0.42134090 / 0.98000850 0.19895580 0.00000000 1.00000000
				-5.09365300 -5.57168300 1.73335500 / 0.00000000 0.00000000 -1.00000000 / 255 0 255 255 / 0.53933720 0.42134090 / 0.98000850 0.19895580 0.00000000 1.00000000
				-5.09365300 -5.57168300 1.73335500 / 0.00000000 0.00000000 -1.00000000 / 255 0 255 255 / 0.53933720 0.42134090 / 0.98000850 0.19895580 0.00000000 1.00000000
				-5.10097800 -5.57314800 1.73335500 / 0.00000000 0.00000000 -1.00000000 / 255 0 255 255 / 0.46066280 0.42134090 / 0.98058560 0.19609160 0.00000000 1.00000000
				-5.10634900 -5.56777600 1.73335500 / 0.00000000 0.00000000 -1.00000000 / 255 0 255 255 / 0.42134090 0.50000000 / 0.98086410 0.19469370 0.00000000 1.00000000
				-5.10634900 -5.56777600 1.73335500 / 0.00000000 0.00000000 -1.00000000 / 255 0 255 255 / 0.42134090 0.50000000 / 0.98086410 0.19469370 0.00000000 1.00000000
				-5.10634900 -5.56777600 1.73335500 / 0.00000000 0.00000000 -1.00000000 / 255 0 255 255 / 0.42134090 0.50000000 / 0.98086410 0.19469370 0.00000000 1.00000000
				-5.09658300 -5.55947600 1.73335500 / 0.00000000 0.00000000 -1.00000000 / 255 0 255 255 / 0.53933720 0.57865910 / 0.98000590 0.19896850 0.00000000 1.00000000
				-5.09658300 -5.55947600 1.73335500 / 0.00000000 0.00000000 -1.00000000 / 255 0 255 255 / 0.53933720 0.57865910 / 0.98000590 0.19896850 0.00000000 1.00000000
				-5.09658300 -5.55947600 1.73335500 / 0.00000000 0.00000000 -1.00000000 / 255 0 255 255 / 0.53933720 0.57865910 / 0.98000590 0.19896850 0.00000000 1.00000000
				-5.10390700 -5.56094100 1.73335500 / 0.00000000 0.00000000 -1.00000000 / 255 0 255 255 / 0.46066280 0.57865910 / 0.98057820 0.19612850 0.00000000 1.00000000
				-5.09170100 -5.56484700 1.73335500 / 0.00000000 0.00000000 -1.00000000 / 255 0 255 255 / 0.57865910 0.50000000 / 0.97777130 0.20967390 0.00000000 1.00000000
				-5.02578200 -5.57168300 1.73335500 / 0.00000000 0.00000000 -1.00000000 / 255 0 255 255 / 0.53933720 0.42134090 / 0.98000850 0.19895580 0.00000000 1.00000000
				-5.02578200 -5.57168300 1.73335500 / 0.00000000 0.00000000 -1.00000000 / 255 0 255 255 / 0.53933720 0.42134090 / 0.98000850 0.19895580 0.00000000 1.00000000
				-5.02578200 -5.57168300 1.73335500 / 0.00000000 0.00000000 -1.00000000 / 255 0 255 255 / 0.53933720 0.42134090 / 0.98000850 0.19895580 0.00000000 1.00000000
				-5.03310700 -5.57314800 1.73335500 / 0.00000000 0.00000000 -1.00000000 / 255 0 255 255 / 0.46066280 0.42134090 / 0.98058560 0.19609160 0.00000000 1.00000000
				-5.03847800 -5.56777600 1.73335500 / 0.00000000 0.00000000 -1.00000000 / 255 0 255 255 / 0.42134090 0.50000000 / 0.98086490 0.19468960 0.00000000 1.00000000
				-5.03847800 -5.56777600 1.73335500 / 0.00000000 0.00000000 -1.00000000 / 255 0 255 255 / 0.42134090 0.50000000 / 0.98086490 0.19468960 0.00000000 1.00000000
				-5.03847800 -5.56777600 1.73335500 / 0.00000000 0.00000000 -1.00000000 / 255 0 255 255 / 0.42134090 0.50000000 / 0.98086490 0.19468960 0.00000000 1.00000000
				-5.02871200 -5.55947600 1.73335500 / 0.00000000 0.00000000 -1.00000000 / 255 0 255 255 / 0.53933720 0.57865910 / 0.98000680 0.19896430 0.00000000 1.00000000
				-5.02871200 -5.55947600 1.73335500 / 0.00000000 0.00000000 -1.00000000 / 255 0 255 255 / 0.53933720 0.57865910 / 0.98000680 0.19896430 0.00000000 1.00000000
				-5.02871200 -5.55947600 1.73335500 / 0.00000000 0.00000000 -1.00000000 / 255 0 255 255 / 0.53933720 0.57865910 / 0.98000680 0.19896430 0.00000000 1.00000000
				-5.03603600 -5.56094100 1.73335500 / 0.00000000 0.00000000 -1.00000000 / 255 0 255 255 / 0.46066280 0.57865910 / 0.98058070 0.19611620 0.00000000 1.00000000
				-5.02382900 -5.56484700 1.73335500 / 0.00000000 0.00000000 -1.00000000 / 255 0 255 255 / 0.57865910 0.50000000 / 0.97777130 0.20967390 0.00000000 1.00000000
				-3.63369200 -5.57168300 1.73335500 / 0.00000000 0.00000000 -1.00000000 / 255 0 255 255 / 0.53933720 0.42134090 / 0.97971180 0.20041160 0.00000000 1.00000000
				-3.63369200 -5.57168300 1.73335500 / 0.00000000 0.00000000 -1.00000000 / 255 0 255 255 / 0.53933720 0.42134090 / 0.97971180 0.20041160 0.00000000 1.00000000
				-3.63369200 -5.57168300 1.73335500 / 0.00000000 0.00000000 -1.00000000 / 255 0 255 255 / 0.53933720 0.42134090 / 0.97971180 0.20041160 0.00000000 1.00000000
				-3.64052800 -5.57314800 1.73335500 / 0.00000000 0.00000000 -1.00000000 / 255 0 255 255 / 0.46066280 0.42134090 / 0.97780390 0.20952210 0.00000000 1.00000000
				-3.64589900 -5.56777600 1.73335500 / 0.00000000 0.00000000 -1.00000000 / 255 0 255 255 / 0.42134090 0.50000000 / 0.97972020 0.20037030 0.00000000 1.00000000
				-3.64589900 -5.56777600 1.73335500 / 0.00000000 0.00000000 -1.00000000 / 255 0 255 255 / 0.42134090 0.50000000 / 0.97972020 0.20037030 0.00000000 1.00000000
				-3.64589900 -5.56777600 1.73335500 / 0.00000000 0.00000000 -1.00000000 / 255 0 255 255 / 0.42134090 0.50000000 / 0.97972020 0.20037030 0.00000000 1.00000000
				-3.63613400 -5.55947600 1.73335500 / 0.00000000 0.00000000 -1.00000000 / 255 0 255 255 / 0.53933720 0.57865910 / 0.98057670 0.19613610 0.00000000 1.00000000
				-3.63613400 -5.55947600 1.73335500 / 0.00000000 0.00000000 -1.00000000 / 255 0 255 255 / 0.53933720 0.57865910 / 0.98057670 0.19613610 0.00000000 1.00000000
				-3.63613400 -5.55947600 1.73335500 / 0.00000000 0.00000000 -1.00000000 / 255 0 255 255 / 0.53933720 0.57865910 / 0.98057670 0.19613610 0.00000000 1.00000000
				-3.64345800 -5.56094100 1.73335500 / 0.00000000 0.00000000 -1.00000000 / 255 0 255 255 / 0.46066280 0.57865910 / 0.98057940 0.19612230 0.00000000 1.00000000
				-3.63125100 -5.56484700 1.73335500 / 0.00000000 0.00000000 -1.00000000 / 255 0 255 255 / 0.57865910 0.50000000 / 0.98055480 0.19624540 0.00000000 1.00000000
				-3.56582100 -5.57168300 1.73335500 / 0.00000000 0.00000000 -1.00000000 / 255 0 255 255 / 0.53933720 0.42134090 / 0.97971190 0.20041090 0.00000000 1.00000000
				-3.56582100 -5.57168300 1.73335500 / 0.00000000 0.00000000 -1.00000000 / 255 0 255 255 / 0.53933720 0.42134090 / 0.97971190 0.20041090 0.00000000 1.00000000
				-3.56582100 -5.57168300 1.73335500 / 0.00000000 0.00000000 -1.00000000 / 255 0 255 255 / 0.53933720 0.42134090 / 0.97971190 0.20041090 0.00000000 1.00000000
				-3.57265700 -5.57314800 1.73335500 / 0.00000000 0.00000000 -1.00000000 / 255 0 255 255 / 0.46066280 0.42134090 / 0.97780240 0.20952910 0.00000000 1.00000000
				-3.57802800 -5.56777600 1.73335500 / 0.00000000 0.00000000 -1.00000000 / 255 0 255 255 / 0.42134090 0.50000000 / 0.97971990 0.20037170 0.00000000 1.00000000
				-3.57802800 -5.56777600 1.73335500 / 0.00000000 0.00000000 -1.00000000 / 255 0 255 255 / 0.42134090 0.50000000 / 0.97971990 0.20037170 0.00000000 1.00000000
				-3.57802800 -5.56777600 1.73335500 / 0.00000000 0.00000000 -1.00000000 / 255 0 255 255 / 0.42134090 0.50000000 / 0.97971990 0.20037170 0.00000000 1.00000000
				-3.56826300 -5.55947600 1.73335500 / 0.00000000 0.00000000 -1.00000000 / 255 0 255 255 / 0.53933720 0.57865910 / 0.98057720 0.19613330 0.00000000 1.00000000
				-3.56826300 -5.55947600 1.73335500 / 0.00000000 0.00000000 -1.00000000 / 255 0 255 255 / 0.53933720 0.57865910 / 0.98057720 0.19613330 0.00000000 1.00000000
				-3.56826300 -5.55947600 1.73335500 / 0.00000000 0.00000000 -1.00000000 / 255 0 255 255 / 0.53933720 0.57865910 / 0.98057720 0.19613330 0.00000000 1.00000000
				-3.57558700 -5.56094100 1.73335500 / 0.00000000 0.00000000 -1.00000000 / 255 0 255 255 / 0.46066280 0.57865910 / 0.98057940 0.19612230 0.00000000 1.00000000
				-3.56338000 -5.56484700 1.73335500 / 0.00000000 0.00000000 -1.00000000 / 255 0 255 255 / 0.57865910 0.50000000 / 0.98055600 0.19623930 0.00000000 1.00000000
				-5.09365300 2.38681300 1.73335500 / 0.00000000 0.00000000 -1.00000000 / 255 0 255 255 / 0.53933720 0.42134090 / 0.97703380 0.21308450 0.00000000 1.00000000
				-5.09365300 2.38681300 1.73335500 / 0.00000000 0.00000000 -1.00000000 / 255 0 255 255 / 0.53933720 0.42134090 / 0.97703380 0.21308450 0.00000000 1.00000000
				-5.09365300 2.38681300 1.73335500 / 0.00000000 0.00000000 -1.00000000 / 255 0 255 255 / 0.53933720 0.42134090 / 0.97703380 0.21308450 0.00000000 1.00000000
				-5.10097800 2.38534800 1.73335500 / 0.00000000 0.00000000 -1.00000000 / 255 0 255 255 / 0.46066280 0.42134090 / 0.98058560 0.19609160 0.00000000 1.00000000
				-5.10634900 2.39120800 1.73335500 / 0.00000000 0.00000000 -1.00000000 / 255 0 255 255 / 0.42134090 0.50000000 / 0.98221420 0.18776390 0.00000000 1.00000000
				-5.10634900 2.39120800 1.73335500 / 0.00000000 0.00000000 -1.00000000 / 255 0 255 255 / 0.42134090 0.50000000 / 0.98221420 0.18776390 0.00000000 1.00000000
				-5.10634900 2.39120800 1.73335500 / 0.00000000 0.00000000 -1.00000000 / 255 0 255 255 / 0.42134090 0.50000000 / 0.98221420 0.18776390 0.00000000 1.00000000
				-5.09658300 2.39950900 1.73335500 / 0.00000000 0.00000000 -1.00000000 / 255 0 255 255 / 0.53933720 0.57865910 / 0.97703080 0.21309800 0.00000000 1.00000000
				-5.09658300 2.39950900 1.73335500 / 0.00000000 0.00000000 -1.00000000 / 255 0 255 255 / 0.53933720 0.57865910 / 0.97703080 0.21309800 0.00000000 1.00000000
				-5.09658300 2.39950900 1.73335500 / 0.00000000 0.00000000 -1.00000000 / 255 0 255 255 / 0.53933720 0.57865910 / 0.97703080 0.21309800 0.00000000 1.00000000
				-5.10390700 2.39804400 1.73335500 / 0.00000000 0.00000000 -1.00000000 / 255 0 255 255 / 0.46066280 0.57865910 / 0.98057820 0.19612850 0.00000000 1.00000000
				-5.09170100 2.39413800 1.73335500 / 0.00000000 0.00000000 -1.00000000 / 255 0 255 255 / 0.57865910 0.50000000 / 0.96147450 0.27489400 0.00000000 1.00000000
				-5.02578200 2.38681300 1.73335500 / 0.00000000 0.00000000 -1.00000000 / 255 0 255 255 / 0.53933720 0.42134090 / 0.97703380 0.21308450 0.00000000 1.00000000
				-5.02578200 2.38681300 1.73335500 / 0.00000000 0.00000000 -1.00000000 / 255 0 255 255 / 0.53933720 0.42134090 / 0.97703380 0.21308450 0.00000000 1.00000000
				-5.02578200 2.38681300 1.73335500 / 0.00000000 0.00000000 -1.00000000 / 255 0 255 255 / 0.53933720 0.42134090 / 0.97703380 0.21308450 0.00000000 1.00000000
				-5.03310700 2.38534800 1.73335500 / 0.00000000 0.00000000 -1.00000000 / 255 0 255 255 / 0.46066280 0.42134090 / 0.98058560 0.19609160 0.00000000 1.00000000
				-5.03847800 2.39120800 1.73335500 / 0.00000000 0.00000000 -1.00000000 / 255 0 255 255 / 0.42134090 0.50000000 / 0.98221490 0.18776000 0.00000000 1.00000000
				-5.03847800 2.39120800 1.73335500 / 0.00000000 0.00000000 -1.00000000 / 255 0 255 255 / 0.42134090 0.50000000 / 0.98221490 0.18776000 0.00000000 1.00000000
				-5.03847800 2.39120800 1.73335500 / 0.00000000 0.00000000 -1.00000000 / 255 0 255 255 / 0.42134090 0.50000000 / 0.98221490 0.18776000 0.00000000 1.00000000
				-5.02871200 2.39950900 1.73335500 / 0.00000000 0.00000000 -1.00000000 / 255 0 255 255 / 0.53933720 0.57865910 / 0.97703180 0.21309350 0.00000000 1.00000000
				-5.02871200 2.39950900 1.73335500 / 0.00000000 0.00000000 -1.00000000 / 255 0 255 255 / 0.53933720 0.57865910 / 0.97703180 0.21309350 0.00000000 1.00000000
				-5.02871200 2.39950900 1.73335500 / 0.00000000 0.00000000 -1.00000000 / 255 0 255 255 / 0.53933720 0.57865910 / 0.97703180 0.21309350 0.00000000 1.00000000
				-5.03603600 2.39804400 1.73335500 / 0.00000000 0.00000000 -1.00000000 / 255 0 255 255 / 0.46066280 0.57865910 / 0.98058070 0.19611620 0.00000000 1.00000000
				-5.02382900 2.39413800 1.73335500 / 0.00000000 0.00000000 -1.00000000 / 255 0 255 255 / 0.57865910 0.50000000 / 0.96147450 0.27489400 0.00000000 1.00000000
				-3.63369200 2.38730200 1.73335500 / 0.00000000 0.00000000 -1.00000000 / 255 0 255 255 / 0.53933720 0.42134090 / 0.97512010 0.22167730 0.00000000 1.00000000
				-3.63369200 2.38730200 1.73335500 / 0.00000000 0.00000000 -1.00000000 / 255 0 255 255 / 0.53933720 0.42134090 / 0.97512010 0.22167730 0.00000000 1.00000000
				-3.63369200 2.38730200 1.73335500 / 0.00000000 0.00000000 -1.00000000 / 255 0 255 255 / 0.53933720 0.42134090 / 0.97512010 0.22167730 0.00000000 1.00000000
				-3.64052800 2.38534800 1.73335500 / 0.00000000 0.00000000 -1.00000000 / 255 0 255 255 / 0.46066280 0.42134090 / 0.96149990 0.27480520 0.00000000 1.00000000
				-3.64589900 2.39120800 1.73335500 / 0.00000000 0.00000000 -1.00000000 / 255 0 255 255 / 0.42134090 0.50000000 / 0.97512400 0.22166000 0.00000000 1.00000000
				-3.64589900 2.39120800 1.73335500 / 0.00000000 0.00000000 -1.00000000 / 255 0 255 255 / 0.42134090 0.50000000 / 0.97512400 0.22166000 0.00000000 1.00000000
				-3.64589900 2.39120800 1.73335500 / 0.00000000 0.00000000 -1.00000000 / 255 0 255 255 / 0.42134090 0.50000000 / 0.97512400 0.22166000 0.00000000 1.00000000
				-3.63613400 2.39950900 1.73335500 / 0.00000000 0.00000000 -1.00000000 / 255 0 255 255 / 0.53933720 0.57865910 / 0.98057400 0.19614960 0.00000000 1.00000000
				-3.63613400 2.39950900 1.73335500 / 0.00000000 0.00000000 -1.00000000 / 255 0 255 255 / 0.53933720 0.57865910 / 0.98057400 0.19614960 0.00000000 1.00000000
				-3.63613400 2.39950900 1.73335500 / 0.00000000 0.00000000 -1.00000000 / 255 0 255 255 / 0.53933720 0.57865910 / 0.98057400 0.19614960 0.00000000 1.00000000
				-3.64345800 2.39804400 1.73335500 / 0.00000000 0.00000000 -1.00000000 / 255 0 255 255 / 0.46066280 0.57865910 / 0.98057940 0.19612230 0.00000000 1.00000000
				-3.63125100 2.39413800 1.73335500 / 0.00000000 0.00000000 -1.00000000 / 255 0 255 255 / 0.57865910 0.50000000 / 0.98056710 0.19618390 0.00000000 1.00000000
				-3.56582100 2.38681300 1.73335500 / 0.00000000 0.00000000 -1.00000000 / 255 0 255 255 / 0.53933720 0.42134090 / 0.97669470 0.21463330 0.00000000 1.00000000
				-3.56582100 2.38681300 1.73335500 / 0.00000000 0.00000000 -1.00000000 / 255 0 255 255 / 0.53933720 0.42134090 / 0.97669470 0.21463330 0.00000000 1.00000000
				-3.56582100 2.38681300 1.73335500 / 0.00000000 0.00000000 -1.00000000 / 255 0 255 255 / 0.53933720 0.42134090 / 0.97669470 0.21463330 0.00000000 1.00000000
				-3.57265700 2.38534800 1.73335500 / 0.00000000 0.00000000 -1.00000000 / 255 0 255 255 / 0.46066280 0.42134090 / 0.97780240 0.20952910 0.00000000 1.00000000
				-3.57802800 2.39120800 1.73335500 / 0.00000000 0.00000000 -1.00000000 / 255 0 255 255 / 0.42134090 0.50000000 / 0.98114840 0.19325560 0.00000000 1.00000000
				-3.57802800 2.39120800 1.73335500 / 0.00000000 0.00000000 -1.00000000 / 255 0 255 255 / 0.42134090 0.50000000 / 0.98114840 0.19325560 0.00000000 1.00000000
				-3.57802800 2.39120800 1.73335500 / 0.00000000 0.00000000 -1.00000000 / 255 0 255 255 / 0.42134090 0.50000000 / 0.98114840 0.19325560 0.00000000 1.00000000
				-3.56826300 2.39950900 1.73335500 / 0.00000000 0.00000000 -1.00000000 / 255 0 255 255 / 0.53933720 0.57865910 / 0.97768430 0.21007940 0.00000000 1.00000000
				-3.56826300 2.39950900 1.73335500 / 0.00000000 0.00000000 -1.00000000 / 255 0 255 255 / 0.53933720 0.57865910 / 0.97768430 0.21007940 0.00000000 1.00000000
				-3.56826300 2.39950900 1.73335500 / 0.00000000 0.00000000 -1.00000000 / 255 0 255 255 / 0.53933720 0.57865910 / 0.97768430 0.21007940 0.00000000 1.00000000
				-3.57558700 2.39804400 1.73335500 / 0.00000000 0.00000000 -1.00000000 / 255 0 255 255 / 0.46066280 0.57865910 / 0.98057940 0.19612230 0.00000000 1.00000000
				-3.56338000 2.39413800 1.73335500 / 0.00000000 0.00000000 -1.00000000 / 255 0 255 255 / 0.57865910 0.50000000 / 0.96619580 0.25780960 0.00000000 1.00000000
				4.51572200 -2.07314800 1.44526900 / 0.00000000 0.00000000 -1.00000000 / 255 0 255 255 / 0.99949650 0.99949650 / 1.00000000 0.00000130 0.00000000 1.00000000
				4.51572200 -2.07314800 1.44526900 / 0.00000000 0.00000000 -1.00000000 / 255 0 255 255 / 0.99949650 0.99949650 / 1.00000000 0.00000130 0.00000000 1.00000000
				4.51572200 -2.32461200 1.44526900 / 0.00000000 0.00000000 -1.00000000 / 255 0 255 255 / 0.99949650 0.15357970 / 1.00000000 0.00000260 0.00000000 1.00000000
				2.74326100 -2.32461200 1.44526900 / 0.00000000 0.00000000 -1.00000000 / 255 0 255 255 / 0.00050350 0.15359500 / 1.00000000 0.00000130 0.00000000 1.00000000
				2.74326100 -2.32461200 1.44526900 / 0.00000000 0.00000000 -1.00000000 / 255 0 255 255 / 0.00050350 0.15359500 / 1.00000000 0.00000130 0.00000000 1.00000000
				2.74326100 -2.07314800 1.44526900 / 0.00000000 0.00000000 -1.00000000 / 255 0 255 255 / 0.00050350 0.99949650 / 1.00000000 0.00000000 0.00000000 1.00000000
				4.51572200 -2.10049100 1.51851100 / 0.00000000 0.00000000 1.00000000 / 255 0 255 255 / 0.00050350 0.90705870 / -1.00000000 0.00000000 0.00000000 1.00000000
				4.51572200 -2.10049100 1.51851100 / 0.00000000 0.00000000 1.00000000 / 255 0 255 255 / 0.00050350 0.90705870 / -1.00000000 0.00000000 0.00000000 1.00000000
				2.74326100 -2.10049100 1.51851100 / 0.00000000 0.00000000 1.00000000 / 255 0 255 255 / 0.99949650 0.90705870 / -1.00000000 0.00000000 0.00000000 1.00000000
				2.74326100 -2.29726900 1.51851100 / 0.00000000 0.00000000 1.00000000 / 255 0 255 255 / 0.99949650 0.24601750 / -1.00000000 0.00000000 0.00000000 1.00000000
				2.74326100 -2.29726900 1.51851100 / 0.00000000 0.00000000 1.00000000 / 255 0 255 255 / 0.99949650 0.24601750 / -1.00000000 0.00000000 0.00000000 1.00000000
				4.51572200 -2.29726900 1.51851100 / 0.00000000 0.00000000 1.00000000 / 255 0 255 255 / 0.00050350 0.24601750 / -1.00000000 0.00000000 0.00000000 1.00000000
				2.78183500 -2.26748400 1.39497600 / 0.00000000 0.00000000 -0.99999980 / 255 0 255 255 / 0.00000000 1.00000000 / -1.00000000 0.00000000 0.00000000 1.00000000
				2.78183500 -2.26748400 1.39497600 / 0.00000000 0.00000000 -0.99999980 / 255 0 255 255 / 0.00000000 1.00000000 / -1.00000000 0.00000000 0.00000000 1.00000000
				2.75302600 -2.26748400 1.39497600 / 0.00000000 0.00000000 -1.00000000 / 255 0 255 255 / 1.00000000 1.00000000 / -1.00000000 0.00000000 0.00000000 1.00000000
				2.75302600 -2.13027700 1.39497600 / 0.00000000 0.00000000 -0.99999980 / 255 0 255 255 / 1.00000000 0.00000000 / -1.00000000 0.00000000 0.00000000 1.00000000
				2.75302600 -2.13027700 1.39497600 / 0.00000000 0.00000000 -0.99999980 / 255 0 255 255 / 1.00000000 0.00000000 / -1.00000000 0.00000000 0.00000000 1.00000000
				2.78183500 -2.13027700 1.39497600 / 0.00000000 0.00000000 -1.00000000 / 255 0 255 255 / 0.00000000 0.00000000 / -1.00000000 0.00000000 0.00000000 1.00000000
				2.78183500 -2.28652600 1.44526900 / 0.00000000 -0.93521080 -0.35409170 / 255 0 255 255 / 0.00000000 1.00000000 / -1.00000000 0.00000000 0.00000000 1.00000000
				2.78183500 -2.28652600 1.44526900 / 0.00000000 -0.93521080 -0.35409170 / 255 0 255 255 / 0.00000000 1.00000000 / -1.00000000 0.00000000 0.00000000 1.00000000
				2.75302600 -2.28652600 1.44526900 / 0.00000000 -0.93521070 -0.35409170 / 255 0 255 255 / 1.00000000 1.00000000 / -1.00000000 0.00000000 0.00000000 1.00000000
				2.75302600 -2.26748400 1.39497600 / 0.00000000 -0.93521080 -0.35409170 / 255 0 255 255 / 1.00000000 0.00000000 / -1.00000000 0.00000000 0.00000000 1.00000000
				2.75302600 -2.26748400 1.39497600 / 0.00000000 -0.93521080 -0.35409170 / 255 0 255 255 / 1.00000000 0.00000000 / -1.00000000 0.00000000 0.00000000 1.00000000
				2.78183500 -2.26748400 1.39497600 / 0.00000000 -0.93521070 -0.35409170 / 255 0 255 255 / 0.00000000 0.00000000 / -1.00000000 0.00000000 0.00000000 1.00000000
				2.75302600 -2.28652600 1.44526900 / -1.00000000 0.00000000 0.00000000 / 255 0 255 255 / 0.00000000 1.00000000 / 0.00000000 1.00000000 0.00000000 1.00000000
				2.75302600 -2.28652600 1.44526900 / -1.00000000 0.00000000 0.00000000 / 255 0 255 255 / 0.00000000 1.00000000 / 0.00000000 1.00000000 0.00000000 1.00000000
				2.75302600 -2.11123300 1.44526900 / -1.00000000 0.00000000 0.00000000 / 255 0 255 255 / 1.00000000 1.00000000 / 0.00000000 1.00000000 0.00000000 1.00000000
				2.75302600 -2.13027700 1.39497600 / -0.99999980 0.00000000 0.00000000 / 255 0 255 255 / 1.00000000 0.00000000 / 0.00000000 1.00000000 0.00000000 1.00000000
				2.75302600 -2.13027700 1.39497600 / -0.99999980 0.00000000 0.00000000 / 255 0 255 255 / 1.00000000 0.00000000 / 0.00000000 1.00000000 0.00000000 1.00000000
				2.75302600 -2.26748400 1.39497600 / -1.00000000 0.00000000 0.00000000 / 255 0 255 255 / 0.00000000 0.00000000 / 0.00000000 1.00000000 0.00000000 1.00000000
				2.75302600 -2.11123300 1.44526900 / 0.00000000 0.93519900 -0.35412270 / 255 0 255 255 / 0.00000000 1.00000000 / 1.00000000 0.00000000 0.00000000 1.00000000
				2.75302600 -2.11123300 1.44526900 / 0.00000000 0.93519900 -0.35412270 / 255 0 255 255 / 0.00000000 1.00000000 / 1.00000000 0.00000000 0.00000000 1.00000000
				2.78183500 -2.11123300 1.44526900 / 0.00000000 0.93519900 -0.35412280 / 255 0 255 255 / 1.00000000 1.00000000 / 1.00000000 0.00000000 0.00000000 1.00000000
				2.78183500 -2.13027700 1.39497600 / 0.00000000 0.93519900 -0.35412270 / 255 0 255 255 / 1.00000000 0.00000000 / 1.00000000 0.00000000 0.00000000 1.00000000
				2.78183500 -2.13027700 1.39497600 / 0.00000000 0.93519900 -0.35412270 / 255 0 255 255 / 1.00000000 0.00000000 / 1.00000000 0.00000000 0.00000000 1.00000000
				2.75302600 -2.13027700 1.39497600 / 0.00000000 0.93519900 -0.35412280 / 255 0 255 255 / 0.00000000 0.00000000 / 1.00000000 0.00000000 0.00000000 1.00000000
				2.78183500 -2.11123300 1.44526900 / 1.00000000 0.00000000 0.00000000 / 255 0 255 255 / 0.00000000 1.00000000 / 0.00000000 -1.00000000 0.00000000 1.00000000
				2.78183500 -2.11123300 1.44526900 / 1.00000000 0.00000000 0.00000000 / 255 0 255 255 / 0.00000000 1.00000000 / 0.00000000 -1.00000000 0.00000000 1.00000000
				2.78183500 -2.28652600 1.44526900 / 1.00000000 0.00000000 0.00000000 / 255 0 255 255 / 1.00000000 1.00000000 / 0.00000000 -1.00000000 0.00000000 1.00000000
				2.78183500 -2.26748400 1.39497600 / 1.00000000 0.00000000 0.00000000 / 255 0 255 255 / 1.00000000 0.00000000 / 0.00000000 -1.00000000 0.00000000 1.00000000
				2.78183500 -2.26748400 1.39497600 / 1.00000000 0.00000000 0.00000000 / 255 0 255 255 / 1.00000000 0.00000000 / 0.00000000 -1.00000000 0.00000000 1.00000000
				2.78183500 -2.13027700 1.39497600 / 1.00000000 0.00000000 0.00000000 / 255 0 255 255 / 0.00000000 0.00000000 / 0.00000000 -1.00000000 0.00000000 1.00000000
				4.49814400 -2.26748400 1.39497600 / 0.00000000 0.00000000 -1.00000000 / 255 0 255 255 / 0.00000000 1.00000000 / -1.00000000 0.00000000 0.00000000 1.00000000
				4.49814400 -2.26748400 1.39497600 / 0.00000000 0.00000000 -1.00000000 / 255 0 255 255 / 0.00000000 1.00000000 / -1.00000000 0.00000000 0.00000000 1.00000000
				4.46982300 -2.26748400 1.39497600 / 0.00000000 0.00000000 -1.00000000 / 255 0 255 255 / 1.00000000 1.00000000 / -1.00000000 0.00000000 0.00000000 1.00000000
				4.46982300 -2.13027700 1.39497600 / 0.00000000 0.00000000 -1.00000000 / 255 0 255 255 / 1.00000000 0.00000000 / -1.00000000 0.00000000 0.00000000 1.00000000
				4.46982300 -2.13027700 1.39497600 / 0.00000000 0.00000000 -1.00000000 / 255 0 255 255 / 1.00000000 0.00000000 / -1.00000000 0.00000000 0.00000000 1.00000000
				4.49814400 -2.13027700 1.39497600 / 0.00000000 0.00000000 -1.00000000 / 255 0 255 255 / 0.00000000 0.00000000 / -1.00000000 0.00000000 0.00000000 1.00000000
				4.49814400 -2.28652600 1.44526900 / 0.00000000 -0.93521070 -0.35409170 / 255 0 255 255 / 0.00000000 1.00000000 / -1.00000000 0.00000000 0.00000000 1.00000000
				4.49814400 -2.28652600 1.44526900 / 0.00000000 -0.93521070 -0.35409170 / 255 0 255 255 / 0.00000000 1.00000000 / -1.00000000 0.00000000 0.00000000 1.00000000
				4.46982300 -2.28652600 1.44526900 / 0.00000000 -0.93521070 -0.35409170 / 255 0 255 255 / 1.00000000 1.00000000 / -1.00000000 0.00000000 0.00000000 1.00000000
				4.46982300 -2.26748400 1.39497600 / 0.00000000 -0.93521070 -0.35409170 / 255 0 255 255 / 1.00000000 0.00000000 / -1.00000000 0.00000000 0.00000000 1.00000000
				4.46982300 -2.26748400 1.39497600 / 0.00000000 -0.93521070 -0.35409170 / 255 0 255 255 / 1.00000000 0.00000000 / -1.00000000 0.00000000 0.00000000 1.00000000
				4.49814400 -2.26748400 1.39497600 / 0.00000000 -0.93521070 -0.35409170 / 255 0 255 255 / 0.00000000 0.00000000 / -1.00000000 0.00000000 0.00000000 1.00000000
				4.46982300 -2.28652600 1.44526900 / -1.00000000 0.00000000 0.00000000 / 255 0 255 255 / 0.00000000 1.00000000 / 0.00000000 1.00000000 0.00000000 1.00000000
				4.46982300 -2.28652600 1.44526900 / -1.00000000 0.00000000 0.00000000 / 255 0 255 255 / 0.00000000 1.00000000 / 0.00000000 1.00000000 0.00000000 1.00000000
				4.46982300 -2.11123300 1.44526900 / -1.00000000 0.00000000 0.00000000 / 255 0 255 255 / 1.00000000 1.00000000 / 0.00000000 1.00000000 0.00000000 1.00000000
				4.46982300 -2.13027700 1.39497600 / -0.99999980 0.00000000 0.00000000 / 255 0 255 255 / 1.00000000 0.00000000 / 0.00000000 1.00000000 0.00000000 1.00000000
				4.46982300 -2.13027700 1.39497600 / -0.99999980 0.00000000 0.00000000 / 255 0 255 255 / 1.00000000 0.00000000 / 0.00000000 1.00000000 0.00000000 1.00000000
				4.46982300 -2.26748400 1.39497600 / -1.00000000 0.00000000 0.00000000 / 255 0 255 255 / 0.00000000 0.00000000 / 0.00000000 1.00000000 0.00000000 1.00000000
				4.46982300 -2.11123300 1.44526900 / 0.00000000 0.93519900 -0.35412270 / 255 0 255 255 / 0.00000000 1.00000000 / 1.00000000 0.00000000 0.00000000 1.00000000
				4.46982300 -2.11123300 1.44526900 / 0.00000000 0.93519900 -0.35412270 / 255 0 255 255 / 0.00000000 1.00000000 / 1.00000000 0.00000000 0.00000000 1.00000000
				4.49814400 -2.11123300 1.44526900 / 0.00000000 0.93519900 -0.35412270 / 255 0 255 255 / 1.00000000 1.00000000 / 1.00000000 0.00000000 0.00000000 1.00000000
				4.49814400 -2.13027700 1.39497600 / 0.00000000 0.93519900 -0.35412270 / 255 0 255 255 / 1.00000000 0.00000000 / 1.00000000 0.00000000 0.00000000 1.00000000
				4.49814400 -2.13027700 1.39497600 / 0.00000000 0.93519900 -0.35412270 / 255 0 255 255 / 1.00000000 0.00000000 / 1.00000000 0.00000000 0.00000000 1.00000000
				4.46982300 -2.13027700 1.39497600 / 0.00000000 0.93519900 -0.35412270 / 255 0 255 255 / 0.00000000 0.00000000 / 1.00000000 0.00000000 0.00000000 1.00000000
				4.49814400 -2.11123300 1.44526900 / 1.00000000 0.00000000 0.00000000 / 255 0 255 255 / 0.00000000 1.00000000 / 0.00000000 -1.00000000 0.00000000 1.00000000
				4.49814400 -2.11123300 1.44526900 / 1.00000000 0.00000000 0.00000000 / 255 0 255 255 / 0.00000000 1.00000000 / 0.00000000 -1.00000000 0.00000000 1.00000000
				4.49814400 -2.28652600 1.44526900 / 1.00000000 0.00000000 0.00000000 / 255 0 255 255 / 1.00000000 1.00000000 / 0.00000000 -1.00000000 0.00000000 1.00000000
				4.49814400 -2.26748400 1.39497600 / 1.00000000 0.00000000 0.00000000 / 255 0 255 255 / 1.00000000 0.00000000 / 0.00000000 -1.00000000 0.00000000 1.00000000
				4.49814400 -2.26748400 1.39497600 / 1.00000000 0.00000000 0.00000000 / 255 0 255 255 / 1.00000000 0.00000000 / 0.00000000 -1.00000000 0.00000000 1.00000000
				4.49814400 -2.13027700 1.39497600 / 1.00000000 0.00000000 0.00000000 / 255 0 255 255 / 0.00000000 0.00000000 / 0.00000000 -1.00000000 0.00000000 1.00000000
				2.90048700 -2.19765900 1.73775000 / 1.00000000 0.00000000 0.00000000 / 255 0 255 255 / -0.28169250 0.33567810 / 0.00000000 1.00000000 0.00000000 1.00000000
				2.90048700 -2.19765900 1.73775000 / 1.00000000 0.00000000 0.00000000 / 255 0 255 255 / -0.28169250 0.33567810 / 0.00000000 1.00000000 0.00000000 1.00000000
				2.90048700 -2.21133100 1.73775000 / 1.00000000 0.00000000 0.00000000 / 255 0 255 255 / -0.30404660 0.33567810 / 0.00000000 1.00000000 0.00000000 1.00000000
				2.90048700 -2.21133100 1.51753500 / 1.00000000 0.00000000 0.00000000 / 255 0 255 255 / -0.30404660 0.69075010 / 0.00000000 1.00000000 0.00000000 1.00000000
				2.90048700 -2.21133100 1.51753500 / 1.00000000 0.00000000 0.00000000 / 255 0 255 255 / -0.30404660 0.69075010 / 0.00000000 1.00000000 0.00000000 1.00000000
				2.90048700 -2.19765900 1.51753500 / 1.00000000 0.00000000 0.00000000 / 255 0 255 255 / -0.28169250 0.69075010 / 0.00000000 1.00000000 0.00000000 1.00000000
				2.90048700 -2.21133100 1.73775000 / 0.00000000 -1.00000000 0.00000000 / 255 0 255 255 / -3.19882200 0.33567810 / 1.00000000 0.00000000 0.00000000 1.00000000
				2.90048700 -2.21133100 1.73775000 / 0.00000000 -1.00000000 0.00000000 / 255 0 255 255 / -3.19882200 0.33567810 / 1.00000000 0.00000000 0.00000000 1.00000000
				2.88681600 -2.21133100 1.73775000 / 0.00000000 -1.00000000 0.00000000 / 255 0 255 255 / -3.20990000 0.33567810 / 1.00000000 0.00000000 0.00000000 1.00000000
				2.88681600 -2.21133100 1.51753500 / 0.00000000 -1.00000000 0.00000000 / 255 0 255 255 / -3.20990000 0.69075010 / 1.00000000 0.00000000 0.00000000 1.00000000
				2.88681600 -2.21133100 1.51753500 / 0.00000000 -1.00000000 0.00000000 / 255 0 255 255 / -3.20990000 0.69075010 / 1.00000000 0.00000000 0.00000000 1.00000000
				2.90048700 -2.21133100 1.51753500 / 0.00000000 -1.00000000 0.00000000 / 255 0 255 255 / -3.19882200 0.69075010 / 1.00000000 0.00000000 0.00000000 1.00000000
				2.88681600 -2.21133100 1.73775000 / -1.00000000 0.00000000 0.00000000 / 255 0 255 255 / 1.29933200 0.33567810 / 0.00000000 -1.00000000 0.00000000 1.00000000
				2.88681600 -2.21133100 1.73775000 / -1.00000000 0.00000000 0.00000000 / 255 0 255 255 / 1.29933200 0.33567810 / 0.00000000 -1.00000000 0.00000000 1.00000000
				2.88681600 -2.19765900 1.73775000 / -1.00000000 0.00000000 0.00000000 / 255 0 255 255 / 1.27697800 0.33567810 / 0.00000000 -1.00000000 0.00000000 1.00000000
				2.88681600 -2.19765900 1.51753500 / -1.00000000 0.00000000 0.00000000 / 255 0 255 255 / 1.27697800 0.69075010 / 0.00000000 -1.00000000 0.00000000 1.00000000
				2.88681600 -2.19765900 1.51753500 / -1.00000000 0.00000000 0.00000000 / 255 0 255 255 / 1.27697800 0.69075010 / 0.00000000 -1.00000000 0.00000000 1.00000000
				2.88681600 -2.21133100 1.51753500 / -1.00000000 0.00000000 0.00000000 / 255 0 255 255 / 1.29933200 0.69075010 / 0.00000000 -1.00000000 0.00000000 1.00000000
				2.88681600 -2.19765900 1.73775000 / 0.00000000 1.00000000 0.00000000 / 255 0 255 255 / 4.20753500 0.33567810 / -1.00000000 0.00000000 0.00000000 1.00000000
				2.88681600 -2.19765900 1.73775000 / 0.00000000 1.00000000 0.00000000 / 255 0 255 255 / 4.20753500 0.33567810 / -1.00000000 0.00000000 0.00000000 1.00000000
				2.90048700 -2.19765900 1.73775000 / 0.00000000 1.00000000 0.00000000 / 255 0 255 255 / 4.19645700 0.33567810 / -1.00000000 0.00000000 0.00000000 1.00000000
				2.90048700 -2.19765900 1.51753500 / 0.00000000 1.00000000 0.00000000 / 255 0 255 255 / 4.19645700 0.69075010 / -1.00000000 0.00000000 0.00000000 1.00000000
				2.90048700 -2.19765900 1.51753500 / 0.00000000 1.00000000 0.00000000 / 255 0 255 255 / 4.19645700 0.69075010 / -1.00000000 0.00000000 0.00000000 1.00000000
				2.88681600 -2.19765900 1.51753500 / 0.00000000 1.00000000 0.00000000 / 255 0 255 255 / 4.20753500 0.69075010 / -1.00000000 0.00000000 0.00000000 1.00000000
				2.94101500 -2.19375300 1.75191000 / 0.99999980 0.00000000 0.00000000 / 255 0 255 255 / 0.51956180 0.36059570 / 0.00000000 1.00000000 0.00000000 1.00000000
				2.94101500 -2.19375300 1.75191000 / 0.99999980 0.00000000 0.00000000 / 255 0 255 255 / 0.51956180 0.36059570 / 0.00000000 1.00000000 0.00000000 1.00000000
				2.94101500 -2.21523700 1.75191000 / 1.00000000 0.00000000 0.00000000 / 255 0 255 255 / 0.36059570 0.36059570 / 0.00000000 1.00000000 0.00000000 1.00000000
				2.94101500 -2.21523700 1.73726100 / 0.99999980 0.00000000 0.00000000 / 255 0 255 255 / 0.36059570 0.63940430 / 0.00000000 1.00000000 0.00000000 1.00000000
				2.94101500 -2.21523700 1.73726100 / 0.99999980 0.00000000 0.00000000 / 255 0 255 255 / 0.36059570 0.63940430 / 0.00000000 1.00000000 0.00000000 1.00000000
				2.94101500 -2.19375300 1.73726100 / 1.00000000 0.00000000 0.00000000 / 255 0 255 255 / 0.51956180 0.63940430 / 0.00000000 1.00000000 0.00000000 1.00000000
				2.94101500 -2.21523700 1.75191000 / 0.00000000 -1.00000000 0.00000000 / 255 0 255 255 / 0.62362670 0.36059570 / 1.00000000 0.00000000 0.00000000 1.00000000
				2.94101500 -2.21523700 1.75191000 / 0.00000000 -1.00000000 0.00000000 / 255 0 255 255 / 0.62362670 0.36059570 / 1.00000000 0.00000000 0.00000000 1.00000000
				2.84628800 -2.21523700 1.75191000 / 0.00000000 -1.00000000 0.00000000 / 255 0 255 255 / 0.36059570 0.36059570 / 1.00000000 0.00000000 0.00000000 1.00000000
				2.84628800 -2.21523700 1.73726100 / 0.00000000 -1.00000000 0.00000000 / 255 0 255 255 / 0.36059570 0.63940430 / 1.00000000 0.00000000 0.00000000 1.00000000
				2.84628800 -2.21523700 1.73726100 / 0.00000000 -1.00000000 0.00000000 / 255 0 255 255 / 0.36059570 0.63940430 / 1.00000000 0.00000000 0.00000000 1.00000000
				2.94101500 -2.21523700 1.73726100 / 0.00000000 -1.00000000 0.00000000 / 255 0 255 255 / 0.62362670 0.63940430 / 1.00000000 0.00000000 0.00000000 1.00000000
				2.84628800 -2.21523700 1.75191000 / -0.99999980 0.00000000 0.00000000 / 255 0 255 255 / 0.51956180 0.36059570 / 0.00000000 -1.00000000 0.00000000 1.00000000
				2.84628800 -2.21523700 1.75191000 / -0.99999980 0.00000000 0.00000000 / 255 0 255 255 / 0.51956180 0.36059570 / 0.00000000 -1.00000000 0.00000000 1.00000000
				2.84628800 -2.19375300 1.75191000 / -1.00000000 0.00000000 0.00000000 / 255 0 255 255 / 0.36059570 0.36059570 / 0.00000000 -1.00000000 0.00000000 1.00000000
				2.84628800 -2.19375300 1.73726100 / -0.99999980 0.00000000 0.00000000 / 255 0 255 255 / 0.36061100 0.63940430 / 0.00000000 -1.00000000 0.00000000 1.00000000
				2.84628800 -2.19375300 1.73726100 / -0.99999980 0.00000000 0.00000000 / 255 0 255 255 / 0.36061100 0.63940430 / 0.00000000 -1.00000000 0.00000000 1.00000000
				2.84628800 -2.21523700 1.73726100 / -1.00000000 0.00000000 0.00000000 / 255 0 255 255 / 0.51956180 0.63940430 / 0.00000000 -1.00000000 0.00000000 1.00000000
				2.84628800 -2.19375300 1.75191000 / 0.00000000 1.00000000 0.00000000 / 255 0 255 255 / 0.62362670 0.36059570 / -1.00000000 0.00000000 0.00000000 1.00000000
				2.84628800 -2.19375300 1.75191000 / 0.00000000 1.00000000 0.00000000 / 255 0 255 255 / 0.62362670 0.36059570 / -1.00000000 0.00000000 0.00000000 1.00000000
				2.94101500 -2.19375300 1.75191000 / 0.00000000 1.00000000 0.00000000 / 255 0 255 255 / 0.36059570 0.36059570 / -1.00000000 0.00000000 0.00000000 1.00000000
				2.94101500 -2.19375300 1.73726100 / 0.00000000 1.00000000 0.00000000 / 255 0 255 255 / 0.36059570 0.63940430 / -1.00000000 0.00000000 0.00000000 1.00000000
				2.94101500 -2.19375300 1.73726100 / 0.00000000 1.00000000 0.00000000 / 255 0 255 255 / 0.36059570 0.63940430 / -1.00000000 0.00000000 0.00000000 1.00000000
				2.84628800 -2.19375300 1.73726100 / 0.00000000 1.00000000 0.00000000 / 255 0 255 255 / 0.62362670 0.63940430 / -1.00000000 0.00000000 0.00000000 1.00000000
				2.84628800 -2.19375300 1.73726100 / 0.00000000 0.00000000 -1.00000000 / 255 0 255 255 / 0.37637330 0.63938900 / 0.98569630 0.16853170 0.00000000 1.00000000
				2.84628800 -2.19375300 1.73726100 / 0.00000000 0.00000000 -1.00000000 / 255 0 255 255 / 0.37637330 0.63938900 / 0.98569630 0.16853170 0.00000000 1.00000000
				2.94101500 -2.19375300 1.73726100 / 0.00000000 0.00000000 -1.00000000 / 255 0 255 255 / 0.63940430 0.51956180 / 0.98569940 0.16851330 0.00000000 1.00000000
				2.94101500 -2.21523700 1.73726100 / 0.00000000 0.00000000 -1.00000000 / 255 0 255 255 / 0.62362670 0.36059570 / 0.98569630 0.16853170 0.00000000 1.00000000
				2.94101500 -2.21523700 1.73726100 / 0.00000000 0.00000000 -1.00000000 / 255 0 255 255 / 0.62362670 0.36059570 / 0.98569630 0.16853170 0.00000000 1.00000000
				2.84628800 -2.21523700 1.73726100 / 0.00000000 0.00000000 -1.00000000 / 255 0 255 255 / 0.36059570 0.48043820 / 0.98569310 0.16855010 0.00000000 1.00000000
				2.86728400 -2.20303000 1.73775000 / 0.94176640 -0.33626780 0.00000000 / 255 0 255 255 / 0.50000000 0.48722840 / 0.33626780 0.94176640 0.00000000 1.00000000
				2.86728400 -2.20303000 1.73775000 / 0.94176640 -0.33626780 0.00000000 / 255 0 255 255 / 0.50000000 0.48722840 / 0.33626780 0.94176640 0.00000000 1.00000000
				2.86484300 -2.20986600 1.73775000 / 0.94176640 -0.33626770 0.00000000 / 255 0 255 255 / 0.42134090 0.48722840 / 0.33626780 0.94176640 0.00000000 1.00000000
				2.86484300 -2.20986600 1.73335500 / 0.94176640 -0.33626780 0.00000000 / 255 0 255 255 / 0.42134090 0.51277160 / 0.33626780 0.94176640 0.00000000 1.00000000
				2.86484300 -2.20986600 1.73335500 / 0.94176640 -0.33626780 0.00000000 / 255 0 255 255 / 0.42134090 0.51277160 / 0.33626780 0.94176640 0.00000000 1.00000000
				2.86728400 -2.20303000 1.73335500 / 0.94176640 -0.33626770 0.00000000 / 255 0 255 255 / 0.50000000 0.51277160 / 0.33626780 0.94176640 0.00000000 1.00000000
				2.86484300 -2.20986600 1.73775000 / 0.25760980 -0.96624900 0.00000000 / 255 0 255 255 / 0.53933720 0.48722840 / 0.96624900 0.25760980 0.00000000 1.00000000
				2.86484300 -2.20986600 1.73775000 / 0.25760980 -0.96624900 0.00000000 / 255 0 255 255 / 0.53933720 0.48722840 / 0.96624900 0.25760980 0.00000000 1.00000000
				2.85751800 -2.21181900 1.73775000 / 0.25760980 -0.96624900 0.00000000 / 255 0 255 255 / 0.46066280 0.48722840 / 0.96624900 0.25760980 0.00000000 1.00000000
				2.85751800 -2.21181900 1.73335500 / 0.25760980 -0.96624900 0.00000000 / 255 0 255 255 / 0.46066280 0.51277160 / 0.96624900 0.25760980 0.00000000 1.00000000
				2.85751800 -2.21181900 1.73335500 / 0.25760980 -0.96624900 0.00000000 / 255 0 255 255 / 0.46066280 0.51277160 / 0.96624900 0.25760980 0.00000000 1.00000000
				2.86484300 -2.20986600 1.73335500 / 0.25760980 -0.96624900 0.00000000 / 255 0 255 255 / 0.53933720 0.51277160 / 0.96624900 0.25760980 0.00000000 1.00000000
				2.85751800 -2.21181900 1.73775000 / -0.76824180 -0.64015980 0.00000000 / 255 0 255 255 / 0.57865910 0.48722840 / 0.64015980 -0.76824180 0.00000000 1.00000000
				2.85751800 -2.21181900 1.73775000 / -0.76824180 -0.64015980 0.00000000 / 255 0 255 255 / 0.57865910 0.48722840 / 0.64015980 -0.76824180 0.00000000 1.00000000
				2.85263600 -2.20596000 1.73775000 / -0.76824180 -0.64015980 0.00000000 / 255 0 255 255 / 0.50000000 0.48722840 / 0.64015980 -0.76824180 0.00000000 1.00000000
				2.85263600 -2.20596000 1.73335500 / -0.76824180 -0.64015980 0.00000000 / 255 0 255 255 / 0.50000000 0.51277160 / 0.64015980 -0.76824180 0.00000000 1.00000000
				2.85263600 -2.20596000 1.73335500 / -0.76824180 -0.64015980 0.00000000 / 255 0 255 255 / 0.50000000 0.51277160 / 0.64015980 -0.76824180 0.00000000 1.00000000
				2.85751800 -2.21181900 1.73335500 / -0.76824180 -0.64015980 0.00000000 / 255 0 255 255 / 0.57865910 0.51277160 / 0.64015980 -0.76824180 0.00000000 1.00000000
				2.85263600 -2.20596000 1.73775000 / -0.94176640 0.33626780 0.00000000 / 255 0 255 255 / 0.50000000 0.48722840 / -0.33626780 -0.94176640 0.00000000 1.00000000
				2.85263600 -2.20596000 1.73775000 / -0.94176640 0.33626780 0.00000000 / 255 0 255 255 / 0.50000000 0.48722840 / -0.33626780 -0.94176640 0.00000000 1.00000000
				2.85507700 -2.19912400 1.73775000 / -0.94176640 0.33626770 0.00000000 / 255 0 255 255 / 0.42134090 0.48722840 / -0.33626780 -0.94176640 0.00000000 1.00000000
				2.85507700 -2.19912400 1.73335500 / -0.94176640 0.33626780 0.00000000 / 255 0 255 255 / 0.42134090 0.51277160 / -0.33626780 -0.94176640 0.00000000 1.00000000
				2.85507700 -2.19912400 1.73335500 / -0.94176640 0.33626780 0.00000000 / 255 0 255 255 / 0.42134090 0.51277160 / -0.33626780 -0.94176640 0.00000000 1.00000000
				2.85263600 -2.20596000 1.73335500 / -0.94176640 0.33626770 0.00000000 / 255 0 255 255 / 0.50000000 0.51277160 / -0.33626780 -0.94176640 0.00000000 1.00000000
				2.85507700 -2.19912400 1.73775000 / -0.19611610 0.98058070 0.00000000 / 255 0 255 255 / 0.53933720 0.48722840 / -0.98058070 -0.19611610 0.00000000 1.00000000
				2.85507700 -2.19912400 1.73775000 / -0.19611610 0.98058070 0.00000000 / 255 0 255 255 / 0.53933720 0.48722840 / -0.98058070 -0.19611610 0.00000000 1.00000000
				2.86240100 -2.19765900 1.73775000 / -0.19611610 0.98058070 0.00000000 / 255 0 255 255 / 0.46067810 0.48722840 / -0.98058070 -0.19611610 0.00000000 1.00000000
				2.86240100 -2.19765900 1.73335500 / -0.19611610 0.98058070 0.00000000 / 255 0 255 255 / 0.46067810 0.51277160 / -0.98058070 -0.19611610 0.00000000 1.00000000
				2.86240100 -2.19765900 1.73335500 / -0.19611610 0.98058070 0.00000000 / 255 0 255 255 / 0.46067810 0.51277160 / -0.98058070 -0.19611610 0.00000000 1.00000000
				2.85507700 -2.19912400 1.73335500 / -0.19611610 0.98058070 0.00000000 / 255 0 255 255 / 0.53933720 0.51277160 / -0.98058070 -0.19611610 0.00000000 1.00000000
				2.86240100 -2.19765900 1.73775000 / 0.73992520 0.67268900 0.00000000 / 255 0 255 255 / 0.57865910 0.48722840 / -0.67268900 0.73992520 0.00000000 1.00000000
				2.86240100 -2.19765900 1.73775000 / 0.73992520 0.67268900 0.00000000 / 255 0 255 255 / 0.57865910 0.48722840 / -0.67268900 0.73992520 0.00000000 1.00000000
				2.86728400 -2.20303000 1.73775000 / 0.73992520 0.67268900 0.00000000 / 255 0 255 255 / 0.50000000 0.48722840 / -0.67268900 0.73992520 0.00000000 1.00000000
				2.86728400 -2.20303000 1.73335500 / 0.73992520 0.67268900 0.00000000 / 255 0 255 255 / 0.50000000 0.51277160 / -0.67268900 0.73992520 0.00000000 1.00000000
				2.86728400 -2.20303000 1.73335500 / 0.73992520 0.67268900 0.00000000 / 255 0 255 255 / 0.50000000 0.51277160 / -0.67268900 0.73992520 0.00000000 1.00000000
				2.86240100 -2.19765900 1.73335500 / 0.73992520 0.67268900 0.00000000 / 255 0 255 255 / 0.57865910 0.51277160 / -0.67268900 0.73992520 0.00000000 1.00000000
				2.93515500 -2.20303000 1.73775000 / 0.94176640 -0.33626780 0.00000000 / 255 0 255 255 / 0.50000000 0.48722840 / 0.33626780 0.94176640 0.00000000 1.00000000
				2.93515500 -2.20303000 1.73775000 / 0.94176640 -0.33626780 0.00000000 / 255 0 255 255 / 0.50000000 0.48722840 / 0.33626780 0.94176640 0.00000000 1.00000000
				2.93271400 -2.20986600 1.73775000 / 0.94176640 -0.33626770 0.00000000 / 255 0 255 255 / 0.42134090 0.48722840 / 0.33626780 0.94176640 0.00000000 1.00000000
				2.93271400 -2.20986600 1.73335500 / 0.94176640 -0.33626780 0.00000000 / 255 0 255 255 / 0.42134090 0.51277160 / 0.33626780 0.94176640 0.00000000 1.00000000
				2.93271400 -2.20986600 1.73335500 / 0.94176640 -0.33626780 0.00000000 / 255 0 255 255 / 0.42134090 0.51277160 / 0.33626780 0.94176640 0.00000000 1.00000000
				2.93515500 -2.20303000 1.73335500 / 0.94176640 -0.33626770 0.00000000 / 255 0 255 255 / 0.50000000 0.51277160 / 0.33626780 0.94176640 0.00000000 1.00000000
				2.93271400 -2.20986600 1.73775000 / 0.25764110 -0.96624060 0.00000000 / 255 0 255 255 / 0.53933720 0.48722840 / 0.96624070 0.25764110 0.00000000 1.00000000
				2.93271400 -2.20986600 1.73775000 / 0.25764110 -0.96624060 0.00000000 / 255 0 255 255 / 0.53933720 0.48722840 / 0.96624070 0.25764110 0.00000000 1.00000000
				2.92539000 -2.21181900 1.73775000 / 0.25764110 -0.96624060 0.00000000 / 255 0 255 255 / 0.46066280 0.48722840 / 0.96624070 0.25764110 0.00000000 1.00000000
				2.92539000 -2.21181900 1.73335500 / 0.25764110 -0.96624060 0.00000000 / 255 0 255 255 / 0.46066280 0.51277160 / 0.96624070 0.25764110 0.00000000 1.00000000
				2.92539000 -2.21181900 1.73335500 / 0.25764110 -0.96624060 0.00000000 / 255 0 255 255 / 0.46066280 0.51277160 / 0.96624070 0.25764110 0.00000000 1.00000000
				2.93271400 -2.20986600 1.73335500 / 0.25764110 -0.96624060 0.00000000 / 255 0 255 255 / 0.53933720 0.51277160 / 0.96624070 0.25764110 0.00000000 1.00000000
				2.92539000 -2.21181900 1.73775000 / -0.76818030 -0.64023360 0.00000000 / 255 0 255 255 / 0.57865910 0.48722840 / 0.64023360 -0.76818030 0.00000000 1.00000000
				2.92539000 -2.21181900 1.73775000 / -0.76818030 -0.64023360 0.00000000 / 255 0 255 255 / 0.57865910 0.48722840 / 0.64023360 -0.76818030 0.00000000 1.00000000
				2.92050700 -2.20596000 1.73775000 / -0.76818030 -0.64023360 0.00000000 / 255 0 255 255 / 0.50000000 0.48722840 / 0.64023360 -0.76818030 0.00000000 1.00000000
				2.92050700 -2.20596000 1.73335500 / -0.76818030 -0.64023360 0.00000000 / 255 0 255 255 / 0.50000000 0.51277160 / 0.64023360 -0.76818030 0.00000000 1.00000000
				2.92050700 -2.20596000 1.73335500 / -0.76818030 -0.64023360 0.00000000 / 255 0 255 255 / 0.50000000 0.51277160 / 0.64023360 -0.76818030 0.00000000 1.00000000
				2.92539000 -2.21181900 1.73335500 / -0.76818030 -0.64023360 0.00000000 / 255 0 255 255 / 0.57865910 0.51277160 / 0.64023360 -0.76818030 0.00000000 1.00000000
				2.92050700 -2.20596000 1.73775000 / -0.94176640 0.33626780 0.00000000 / 255 0 255 255 / 0.50000000 0.48722840 / -0.33626780 -0.94176640 0.00000000 1.00000000
				2.92050700 -2.20596000 1.73775000 / -0.94176640 0.33626780 0.00000000 / 255 0 255 255 / 0.50000000 0.48722840 / -0.33626780 -0.94176640 0.00000000 1.00000000
				2.92294800 -2.19912400 1.73775000 / -0.94176640 0.33626770 0.00000000 / 255 0 255 255 / 0.42134090 0.48722840 / -0.33626780 -0.94176640 0.00000000 1.00000000
				2.92294800 -2.19912400 1.73335500 / -0.94176640 0.33626780 0.00000000 / 255 0 255 255 / 0.42134090 0.51277160 / -0.33626780 -0.94176640 0.00000000 1.00000000
				2.92294800 -2.19912400 1.73335500 / -0.94176640 0.33626780 0.00000000 / 255 0 255 255 / 0.42134090 0.51277160 / -0.33626780 -0.94176640 0.00000000 1.00000000
				2.92050700 -2.20596000 1.73335500 / -0.94176640 0.33626770 0.00000000 / 255 0 255 255 / 0.50000000 0.51277160 / -0.33626780 -0.94176640 0.00000000 1.00000000
				2.92294800 -2.19912400 1.73775000 / -0.19612230 0.98057950 0.00000000 / 255 0 255 255 / 0.53933720 0.48722840 / -0.98057940 -0.19612230 0.00000000 1.00000000
				2.92294800 -2.19912400 1.73775000 / -0.19612230 0.98057950 0.00000000 / 255 0 255 255 / 0.53933720 0.48722840 / -0.98057940 -0.19612230 0.00000000 1.00000000
				2.93027200 -2.19765900 1.73775000 / -0.19612230 0.98057940 0.00000000 / 255 0 255 255 / 0.46067810 0.48722840 / -0.98057940 -0.19612230 0.00000000 1.00000000
				2.93027200 -2.19765900 1.73335500 / -0.19612230 0.98057950 0.00000000 / 255 0 255 255 / 0.46067810 0.51277160 / -0.98057940 -0.19612230 0.00000000 1.00000000
				2.93027200 -2.19765900 1.73335500 / -0.19612230 0.98057950 0.00000000 / 255 0 255 255 / 0.46067810 0.51277160 / -0.98057940 -0.19612230 0.00000000 1.00000000
				2.92294800 -2.19912400 1.73335500 / -0.19612230 0.98057940 0.00000000 / 255 0 255 255 / 0.53933720 0.51277160 / -0.98057940 -0.19612230 0.00000000 1.00000000
				2.93027200 -2.19765900 1.73775000 / 0.73990890 0.67270720 0.00000000 / 255 0 255 255 / 0.57865910 0.48722840 / -0.67270710 0.73990880 0.00000000 1.00000000
				2.93027200 -2.19765900 1.73775000 / 0.73990890 0.67270720 0.00000000 / 255 0 255 255 / 0.57865910 0.48722840 / -0.67270710 0.73990880 0.00000000 1.00000000
				2.93515500 -2.20303000 1.73775000 / 0.73990880 0.67270710 0.00000000 / 255 0 255 255 / 0.50000000 0.48722840 / -0.67270710 0.73990890 0.00000000 1.00000000
				2.93515500 -2.20303000 1.73335500 / 0.73990890 0.67270720 0.00000000 / 255 0 255 255 / 0.50000000 0.51277160 / -0.67270710 0.73990880 0.00000000 1.00000000
				2.93515500 -2.20303000 1.73335500 / 0.73990890 0.67270720 0.00000000 / 255 0 255 255 / 0.50000000 0.51277160 / -0.67270710 0.73990880 0.00000000 1.00000000
				2.93027200 -2.19765900 1.73335500 / 0.73990880 0.67270710 0.00000000 / 255 0 255 255 / 0.57865910 0.51277160 / -0.67270710 0.73990890 0.00000000 1.00000000
				4.40146400 -2.19375300 1.75191000 / 0.99999980 0.00000000 0.00000000 / 255 0 255 255 / 0.51956180 0.36059570 / 0.00000000 1.00000000 0.00000000 1.00000000
				4.40146400 -2.19375300 1.75191000 / 0.99999980 0.00000000 0.00000000 / 255 0 255 255 / 0.51956180 0.36059570 / 0.00000000 1.00000000 0.00000000 1.00000000
				4.40146400 -2.21523700 1.75191000 / 1.00000000 0.00000000 0.00000000 / 255 0 255 255 / 0.36059570 0.36059570 / 0.00000000 1.00000000 0.00000000 1.00000000
				4.40146400 -2.21523700 1.73726100 / 0.99999980 0.00000000 0.00000000 / 255 0 255 255 / 0.36059570 0.63940430 / 0.00000000 1.00000000 0.00000000 1.00000000
				4.40146400 -2.21523700 1.73726100 / 0.99999980 0.00000000 0.00000000 / 255 0 255 255 / 0.36059570 0.63940430 / 0.00000000 1.00000000 0.00000000 1.00000000
				4.40146400 -2.19375300 1.73726100 / 1.00000000 0.00000000 0.00000000 / 255 0 255 255 / 0.51956180 0.63940430 / 0.00000000 1.00000000 0.00000000 1.00000000
				4.40146400 -2.21523700 1.75191000 / 0.00000000 -1.00000000 0.00000000 / 255 0 255 255 / 0.62362670 0.36059570 / 1.00000000 0.00000000 0.00000000 1.00000000
				4.40146400 -2.21523700 1.75191000 / 0.00000000 -1.00000000 0.00000000 / 255 0 255 255 / 0.62362670 0.36059570 / 1.00000000 0.00000000 0.00000000 1.00000000
				4.30673700 -2.21523700 1.75191000 / 0.00000000 -1.00000000 0.00000000 / 255 0 255 255 / 0.36059570 0.36059570 / 1.00000000 0.00000000 0.00000000 1.00000000
				4.30673700 -2.21523700 1.73726100 / 0.00000000 -1.00000000 0.00000000 / 255 0 255 255 / 0.36059570 0.63940430 / 1.00000000 0.00000000 0.00000000 1.00000000
				4.30673700 -2.21523700 1.73726100 / 0.00000000 -1.00000000 0.00000000 / 255 0 255 255 / 0.36059570 0.63940430 / 1.00000000 0.00000000 0.00000000 1.00000000
				4.40146400 -2.21523700 1.73726100 / 0.00000000 -1.00000000 0.00000000 / 255 0 255 255 / 0.62362670 0.63940430 / 1.00000000 0.00000000 0.00000000 1.00000000
				4.30673700 -2.21523700 1.75191000 / -0.99999980 0.00000000 0.00000000 / 255 0 255 255 / 0.51956180 0.36059570 / 0.00000000 -1.00000000 0.00000000 1.00000000
				4.30673700 -2.21523700 1.75191000 / -0.99999980 0.00000000 0.00000000 / 255 0 255 255 / 0.51956180 0.36059570 / 0.00000000 -1.00000000 0.00000000 1.00000000
				4.30673700 -2.19375300 1.75191000 / -1.00000000 0.00000000 0.00000000 / 255 0 255 255 / 0.36059570 0.36059570 / 0.00000000 -1.00000000 0.00000000 1.00000000
				4.30673700 -2.19375300 1.73726100 / -0.99999980 0.00000000 0.00000000 / 255 0 255 255 / 0.36061100 0.63940430 / 0.00000000 -1.00000000 0.00000000 1.00000000
				4.30673700 -2.19375300 1.73726100 / -0.99999980 0.00000000 0.00000000 / 255 0 255 255 / 0.36061100 0.63940430 / 0.00000000 -1.00000000 0.00000000 1.00000000
				4.30673700 -2.21523700 1.73726100 / -1.00000000 0.00000000 0.00000000 / 255 0 255 255 / 0.51956180 0.63940430 / 0.00000000 -1.00000000 0.00000000 1.00000000
				4.30673700 -2.19375300 1.75191000 / 0.00000000 1.00000000 0.00000000 / 255 0 255 255 / 0.62362670 0.36059570 / -1.00000000 0.00000000 0.00000000 1.00000000
				4.30673700 -2.19375300 1.75191000 / 0.00000000 1.00000000 0.00000000 / 255 0 255 255 / 0.62362670 0.36059570 / -1.00000000 0.00000000 0.00000000 1.00000000
				4.40146400 -2.19375300 1.75191000 / 0.00000000 1.00000000 0.00000000 / 255 0 255 255 / 0.36059570 0.36059570 / -1.00000000 0.00000000 0.00000000 1.00000000
				4.40146400 -2.19375300 1.73726100 / 0.00000000 1.00000000 0.00000000 / 255 0 255 255 / 0.36059570 0.63940430 / -1.00000000 0.00000000 0.00000000 1.00000000
				4.40146400 -2.19375300 1.73726100 / 0.00000000 1.00000000 0.00000000 / 255 0 255 255 / 0.36059570 0.63940430 / -1.00000000 0.00000000 0.00000000 1.00000000
				4.30673700 -2.19375300 1.73726100 / 0.00000000 1.00000000 0.00000000 / 255 0 255 255 / 0.62362670 0.63940430 / -1.00000000 0.00000000 0.00000000 1.00000000
				4.30673700 -2.19375300 1.73726100 / 0.00000000 0.00000000 -1.00000000 / 255 0 255 255 / 0.37637330 0.63938900 / 0.98569630 0.16853170 0.00000000 1.00000000
				4.30673700 -2.19375300 1.73726100 / 0.00000000 0.00000000 -1.00000000 / 255 0 255 255 / 0.37637330 0.63938900 / 0.98569630 0.16853170 0.00000000 1.00000000
				4.40146400 -2.19375300 1.73726100 / 0.00000000 0.00000000 -1.00000000 / 255 0 255 255 / 0.63940430 0.51956180 / 0.98569940 0.16851330 0.00000000 1.00000000
				4.40146400 -2.21523700 1.73726100 / 0.00000000 0.00000000 -1.00000000 / 255 0 255 255 / 0.62362670 0.36059570 / 0.98569630 0.16853170 0.00000000 1.00000000
				4.40146400 -2.21523700 1.73726100 / 0.00000000 0.00000000 -1.00000000 / 255 0 255 255 / 0.62362670 0.36059570 / 0.98569630 0.16853170 0.00000000 1.00000000
				4.30673700 -2.21523700 1.73726100 / 0.00000000 0.00000000 -1.00000000 / 255 0 255 255 / 0.36059570 0.48043820 / 0.98569310 0.16855010 0.00000000 1.00000000
				4.32773200 -2.20303000 1.73775000 / 0.94176640 -0.33626780 0.00000000 / 255 0 255 255 / 0.50000000 0.48722840 / 0.33626780 0.94176640 0.00000000 1.00000000
				4.32773200 -2.20303000 1.73775000 / 0.94176640 -0.33626780 0.00000000 / 255 0 255 255 / 0.50000000 0.48722840 / 0.33626780 0.94176640 0.00000000 1.00000000
				4.32529100 -2.20986600 1.73775000 / 0.94176640 -0.33626770 0.00000000 / 255 0 255 255 / 0.42134090 0.48722840 / 0.33626780 0.94176640 0.00000000 1.00000000
				4.32529100 -2.20986600 1.73335500 / 0.94176640 -0.33626780 0.00000000 / 255 0 255 255 / 0.42134090 0.51277160 / 0.33626780 0.94176640 0.00000000 1.00000000
				4.32529100 -2.20986600 1.73335500 / 0.94176640 -0.33626780 0.00000000 / 255 0 255 255 / 0.42134090 0.51277160 / 0.33626780 0.94176640 0.00000000 1.00000000
				4.32773200 -2.20303000 1.73335500 / 0.94176640 -0.33626770 0.00000000 / 255 0 255 255 / 0.50000000 0.51277160 / 0.33626780 0.94176640 0.00000000 1.00000000
				4.32529100 -2.20986600 1.73775000 / 0.25764890 -0.96623860 0.00000000 / 255 0 255 255 / 0.53933720 0.48722840 / 0.96623860 0.25764890 0.00000000 1.00000000
				4.32529100 -2.20986600 1.73775000 / 0.25764890 -0.96623860 0.00000000 / 255 0 255 255 / 0.53933720 0.48722840 / 0.96623860 0.25764890 0.00000000 1.00000000
				4.31796800 -2.21181900 1.73775000 / 0.25764890 -0.96623860 0.00000000 / 255 0 255 255 / 0.46066280 0.48722840 / 0.96623860 0.25764890 0.00000000 1.00000000
				4.31796800 -2.21181900 1.73335500 / 0.25764890 -0.96623860 0.00000000 / 255 0 255 255 / 0.46066280 0.51277160 / 0.96623860 0.25764890 0.00000000 1.00000000
				4.31796800 -2.21181900 1.73335500 / 0.25764890 -0.96623860 0.00000000 / 255 0 255 255 / 0.46066280 0.51277160 / 0.96623860 0.25764890 0.00000000 1.00000000
				4.32529100 -2.20986600 1.73335500 / 0.25764890 -0.96623860 0.00000000 / 255 0 255 255 / 0.53933720 0.51277160 / 0.96623860 0.25764890 0.00000000 1.00000000
				4.31796800 -2.21181900 1.73775000 / -0.76816490 -0.64025210 0.00000000 / 255 0 255 255 / 0.57865910 0.48722840 / 0.64025210 -0.76816490 0.00000000 1.00000000
				4.31796800 -2.21181900 1.73775000 / -0.76816490 -0.64025210 0.00000000 / 255 0 255 255 / 0.57865910 0.48722840 / 0.64025210 -0.76816490 0.00000000 1.00000000
				4.31308400 -2.20596000 1.73775000 / -0.76816490 -0.64025200 0.00000000 / 255 0 255 255 / 0.50000000 0.48722840 / 0.64025210 -0.76816490 0.00000000 1.00000000
				4.31308400 -2.20596000 1.73335500 / -0.76816490 -0.64025210 0.00000000 / 255 0 255 255 / 0.50000000 0.51277160 / 0.64025210 -0.76816490 0.00000000 1.00000000
				4.31308400 -2.20596000 1.73335500 / -0.76816490 -0.64025210 0.00000000 / 255 0 255 255 / 0.50000000 0.51277160 / 0.64025210 -0.76816490 0.00000000 1.00000000
				4.31796800 -2.21181900 1.73335500 / -0.76816490 -0.64025200 0.00000000 / 255 0 255 255 / 0.57865910 0.51277160 / 0.64025210 -0.76816490 0.00000000 1.00000000
				4.31308400 -2.20596000 1.73775000 / -0.94176640 0.33626780 0.00000000 / 255 0 255 255 / 0.50000000 0.48722840 / -0.33626780 -0.94176640 0.00000000 1.00000000
				4.31308400 -2.20596000 1.73775000 / -0.94176640 0.33626780 0.00000000 / 255 0 255 255 / 0.50000000 0.48722840 / -0.33626780 -0.94176640 0.00000000 1.00000000
				4.31552500 -2.19912400 1.73775000 / -0.94176640 0.33626770 0.00000000 / 255 0 255 255 / 0.42134090 0.48722840 / -0.33626780 -0.94176640 0.00000000 1.00000000
				4.31552500 -2.19912400 1.73335500 / -0.94176640 0.33626780 0.00000000 / 255 0 255 255 / 0.42134090 0.51277160 / -0.33626780 -0.94176640 0.00000000 1.00000000
				4.31552500 -2.19912400 1.73335500 / -0.94176640 0.33626780 0.00000000 / 255 0 255 255 / 0.42134090 0.51277160 / -0.33626780 -0.94176640 0.00000000 1.00000000
				4.31308400 -2.20596000 1.73335500 / -0.94176640 0.33626770 0.00000000 / 255 0 255 255 / 0.50000000 0.51277160 / -0.33626780 -0.94176640 0.00000000 1.00000000
				4.31552500 -2.19912400 1.73775000 / -0.19609160 0.98058560 0.00000000 / 255 0 255 255 / 0.53933720 0.48722840 / -0.98058560 -0.19609160 0.00000000 1.00000000
				4.31552500 -2.19912400 1.73775000 / -0.19609160 0.98058560 0.00000000 / 255 0 255 255 / 0.53933720 0.48722840 / -0.98058560 -0.19609160 0.00000000 1.00000000
				4.32285100 -2.19765900 1.73775000 / -0.19609160 0.98058560 0.00000000 / 255 0 255 255 / 0.46067810 0.48722840 / -0.98058560 -0.19609160 0.00000000 1.00000000
				4.32285100 -2.19765900 1.73335500 / -0.19609160 0.98058560 0.00000000 / 255 0 255 255 / 0.46067810 0.51277160 / -0.98058560 -0.19609160 0.00000000 1.00000000
				4.32285100 -2.19765900 1.73335500 / -0.19609160 0.98058560 0.00000000 / 255 0 255 255 / 0.46067810 0.51277160 / -0.98058560 -0.19609160 0.00000000 1.00000000
				4.31552500 -2.19912400 1.73335500 / -0.19609160 0.98058560 0.00000000 / 255 0 255 255 / 0.53933720 0.51277160 / -0.98058560 -0.19609160 0.00000000 1.00000000
				4.32285100 -2.19765900 1.73775000 / 0.73999070 0.67261730 0.00000000 / 255 0 255 255 / 0.57865910 0.48722840 / -0.67261730 0.73999060 0.00000000 1.00000000
				4.32285100 -2.19765900 1.73775000 / 0.73999070 0.67261730 0.00000000 / 255 0 255 255 / 0.57865910 0.48722840 / -0.67261730 0.73999060 0.00000000 1.00000000
				4.32773200 -2.20303000 1.73775000 / 0.73999060 0.67261720 0.00000000 / 255 0 255 255 / 0.50000000 0.48722840 / -0.67261730 0.73999060 0.00000000 1.00000000
				4.32773200 -2.20303000 1.73335500 / 0.73999070 0.67261730 0.00000000 / 255 0 255 255 / 0.50000000 0.51277160 / -0.67261730 0.73999060 0.00000000 1.00000000
				4.32773200 -2.20303000 1.73335500 / 0.73999070 0.67261730 0.00000000 / 255 0 255 255 / 0.50000000 0.51277160 / -0.67261730 0.73999060 0.00000000 1.00000000
				4.32285100 -2.19765900 1.73335500 / 0.73999060 0.67261720 0.00000000 / 255 0 255 255 / 0.57865910 0.51277160 / -0.67261730 0.73999060 0.00000000 1.00000000
				4.39560500 -2.20303000 1.73775000 / 0.94172480 -0.33638430 0.00000000 / 255 0 255 255 / 0.50000000 0.48722840 / 0.33638430 0.94172480 0.00000000 1.00000000
				4.39560500 -2.20303000 1.73775000 / 0.94172480 -0.33638430 0.00000000 / 255 0 255 255 / 0.50000000 0.48722840 / 0.33638430 0.94172480 0.00000000 1.00000000
				4.39316300 -2.20986600 1.73775000 / 0.94172480 -0.33638430 0.00000000 / 255 0 255 255 / 0.42134090 0.48722840 / 0.33638430 0.94172480 0.00000000 1.00000000
				4.39316300 -2.20986600 1.73335500 / 0.94172480 -0.33638430 0.00000000 / 255 0 255 255 / 0.42134090 0.51277160 / 0.33638430 0.94172480 0.00000000 1.00000000
				4.39316300 -2.20986600 1.73335500 / 0.94172480 -0.33638430 0.00000000 / 255 0 255 255 / 0.42134090 0.51277160 / 0.33638430 0.94172480 0.00000000 1.00000000
				4.39560500 -2.20303000 1.73335500 / 0.94172480 -0.33638430 0.00000000 / 255 0 255 255 / 0.50000000 0.51277160 / 0.33638430 0.94172480 0.00000000 1.00000000
				4.39316300 -2.20986600 1.73775000 / 0.25763330 -0.96624280 0.00000000 / 255 0 255 255 / 0.53933720 0.48722840 / 0.96624280 0.25763330 0.00000000 1.00000000
				4.39316300 -2.20986600 1.73775000 / 0.25763330 -0.96624280 0.00000000 / 255 0 255 255 / 0.53933720 0.48722840 / 0.96624280 0.25763330 0.00000000 1.00000000
				4.38583800 -2.21181900 1.73775000 / 0.25763330 -0.96624280 0.00000000 / 255 0 255 255 / 0.46066280 0.48722840 / 0.96624280 0.25763330 0.00000000 1.00000000
				4.38583800 -2.21181900 1.73335500 / 0.25763330 -0.96624280 0.00000000 / 255 0 255 255 / 0.46066280 0.51277160 / 0.96624280 0.25763330 0.00000000 1.00000000
				4.38583800 -2.21181900 1.73335500 / 0.25763330 -0.96624280 0.00000000 / 255 0 255 255 / 0.46066280 0.51277160 / 0.96624280 0.25763330 0.00000000 1.00000000
				4.39316300 -2.20986600 1.73335500 / 0.25763330 -0.96624280 0.00000000 / 255 0 255 255 / 0.53933720 0.51277160 / 0.96624280 0.25763330 0.00000000 1.00000000
				4.38583800 -2.21181900 1.73775000 / -0.76819570 -0.64021520 0.00000000 / 255 0 255 255 / 0.57865910 0.48722840 / 0.64021520 -0.76819570 0.00000000 1.00000000
				4.38583800 -2.21181900 1.73775000 / -0.76819570 -0.64021520 0.00000000 / 255 0 255 255 / 0.57865910 0.48722840 / 0.64021520 -0.76819570 0.00000000 1.00000000
				4.38095600 -2.20596000 1.73775000 / -0.76819570 -0.64021520 0.00000000 / 255 0 255 255 / 0.50000000 0.48722840 / 0.64021520 -0.76819570 0.00000000 1.00000000
				4.38095600 -2.20596000 1.73335500 / -0.76819570 -0.64021520 0.00000000 / 255 0 255 255 / 0.50000000 0.51277160 / 0.64021520 -0.76819570 0.00000000 1.00000000
				4.38095600 -2.20596000 1.73335500 / -0.76819570 -0.64021520 0.00000000 / 255 0 255 255 / 0.50000000 0.51277160 / 0.64021520 -0.76819570 0.00000000 1.00000000
				4.38583800 -2.21181900 1.73335500 / -0.76819570 -0.64021520 0.00000000 / 255 0 255 255 / 0.57865910 0.51277160 / 0.64021520 -0.76819570 0.00000000 1.00000000
				4.38095600 -2.20596000 1.73775000 / -0.94172480 0.33638430 0.00000000 / 255 0 255 255 / 0.50000000 0.48722840 / -0.33638430 -0.94172480 0.00000000 1.00000000
				4.38095600 -2.20596000 1.73775000 / -0.94172480 0.33638430 0.00000000 / 255 0 255 255 / 0.50000000 0.48722840 / -0.33638430 -0.94172480 0.00000000 1.00000000
				4.38339800 -2.19912400 1.73775000 / -0.94172480 0.33638430 0.00000000 / 255 0 255 255 / 0.42134090 0.48722840 / -0.33638430 -0.94172480 0.00000000 1.00000000
				4.38339800 -2.19912400 1.73335500 / -0.94172480 0.33638430 0.00000000 / 255 0 255 255 / 0.42134090 0.51277160 / -0.33638430 -0.94172480 0.00000000 1.00000000
				4.38339800 -2.19912400 1.73335500 / -0.94172480 0.33638430 0.00000000 / 255 0 255 255 / 0.42134090 0.51277160 / -0.33638430 -0.94172480 0.00000000 1.00000000
				4.38095600 -2.20596000 1.73335500 / -0.94172480 0.33638430 0.00000000 / 255 0 255 255 / 0.50000000 0.51277160 / -0.33638430 -0.94172480 0.00000000 1.00000000
				4.38339800 -2.19912400 1.73775000 / -0.19611610 0.98058070 0.00000000 / 255 0 255 255 / 0.53933720 0.48722840 / -0.98058070 -0.19611610 0.00000000 1.00000000
				4.38339800 -2.19912400 1.73775000 / -0.19611610 0.98058070 0.00000000 / 255 0 255 255 / 0.53933720 0.48722840 / -0.98058070 -0.19611610 0.00000000 1.00000000
				4.39072200 -2.19765900 1.73775000 / -0.19611610 0.98058070 0.00000000 / 255 0 255 255 / 0.46067810 0.48722840 / -0.98058070 -0.19611610 0.00000000 1.00000000
				4.39072200 -2.19765900 1.73335500 / -0.19611610 0.98058070 0.00000000 / 255 0 255 255 / 0.46067810 0.51277160 / -0.98058070 -0.19611610 0.00000000 1.00000000
				4.39072200 -2.19765900 1.73335500 / -0.19611610 0.98058070 0.00000000 / 255 0 255 255 / 0.46067810 0.51277160 / -0.98058070 -0.19611610 0.00000000 1.00000000
				4.38339800 -2.19912400 1.73335500 / -0.19611610 0.98058070 0.00000000 / 255 0 255 255 / 0.53933720 0.51277160 / -0.98058070 -0.19611610 0.00000000 1.00000000
				4.39072200 -2.19765900 1.73775000 / 0.73992520 0.67268900 0.00000000 / 255 0 255 255 / 0.57865910 0.48722840 / -0.67268900 0.73992520 0.00000000 1.00000000
				4.39072200 -2.19765900 1.73775000 / 0.73992520 0.67268900 0.00000000 / 255 0 255 255 / 0.57865910 0.48722840 / -0.67268900 0.73992520 0.00000000 1.00000000
				4.39560500 -2.20303000 1.73775000 / 0.73992520 0.67268900 0.00000000 / 255 0 255 255 / 0.50000000 0.48722840 / -0.67268900 0.73992520 0.00000000 1.00000000
				4.39560500 -2.20303000 1.73335500 / 0.73992520 0.67268900 0.00000000 / 255 0 255 255 / 0.50000000 0.51277160 / -0.67268900 0.73992520 0.00000000 1.00000000
				4.39560500 -2.20303000 1.73335500 / 0.73992520 0.67268900 0.00000000 / 255 0 255 255 / 0.50000000 0.51277160 / -0.67268900 0.73992520 0.00000000 1.00000000
				4.39072200 -2.19765900 1.73335500 / 0.73992520 0.67268900 0.00000000 / 255 0 255 255 / 0.57865910 0.51277160 / -0.67268900 0.73992520 0.00000000 1.00000000
				4.36240100 -2.19765900 1.73775000 / 1.00000000 0.00000000 0.00000000 / 255 0 255 255 / -0.28169250 0.33567810 / 0.00000000 1.00000000 0.00000000 1.00000000
				4.36240100 -2.19765900 1.73775000 / 1.00000000 0.00000000 0.00000000 / 255 0 255 255 / -0.28169250 0.33567810 / 0.00000000 1.00000000 0.00000000 1.00000000
				4.36240100 -2.21133100 1.73775000 / 1.00000000 0.00000000 0.00000000 / 255 0 255 255 / -0.30404660 0.33567810 / 0.00000000 1.00000000 0.00000000 1.00000000
				4.36240100 -2.21133100 1.51753500 / 1.00000000 0.00000000 0.00000000 / 255 0 255 255 / -0.30404660 0.69075010 / 0.00000000 1.00000000 0.00000000 1.00000000
				4.36240100 -2.21133100 1.51753500 / 1.00000000 0.00000000 0.00000000 / 255 0 255 255 / -0.30404660 0.69075010 / 0.00000000 1.00000000 0.00000000 1.00000000
				4.36240100 -2.19765900 1.51753500 / 1.00000000 0.00000000 0.00000000 / 255 0 255 255 / -0.28169250 0.69075010 / 0.00000000 1.00000000 0.00000000 1.00000000
				4.36240100 -2.21133100 1.73775000 / 0.00000000 -1.00000000 0.00000000 / 255 0 255 255 / -3.19882200 0.33567810 / 1.00000000 0.00000000 0.00000000 1.00000000
				4.36240100 -2.21133100 1.73775000 / 0.00000000 -1.00000000 0.00000000 / 255 0 255 255 / -3.19882200 0.33567810 / 1.00000000 0.00000000 0.00000000 1.00000000
				4.34872900 -2.21133100 1.73775000 / 0.00000000 -1.00000000 0.00000000 / 255 0 255 255 / -3.20990000 0.33567810 / 1.00000000 0.00000000 0.00000000 1.00000000
				4.34872900 -2.21133100 1.51753500 / 0.00000000 -1.00000000 0.00000000 / 255 0 255 255 / -3.20990000 0.69075010 / 1.00000000 0.00000000 0.00000000 1.00000000
				4.34872900 -2.21133100 1.51753500 / 0.00000000 -1.00000000 0.00000000 / 255 0 255 255 / -3.20990000 0.69075010 / 1.00000000 0.00000000 0.00000000 1.00000000
				4.36240100 -2.21133100 1.51753500 / 0.00000000 -1.00000000 0.00000000 / 255 0 255 255 / -3.19882200 0.69075010 / 1.00000000 0.00000000 0.00000000 1.00000000
				4.34872900 -2.21133100 1.73775000 / -1.00000000 0.00000000 0.00000000 / 255 0 255 255 / 1.29933200 0.33567810 / 0.00000000 -1.00000000 0.00000000 1.00000000
				4.34872900 -2.21133100 1.73775000 / -1.00000000 0.00000000 0.00000000 / 255 0 255 255 / 1.29933200 0.33567810 / 0.00000000 -1.00000000 0.00000000 1.00000000
				4.34872900 -2.19765900 1.73775000 / -1.00000000 0.00000000 0.00000000 / 255 0 255 255 / 1.27697800 0.33567810 / 0.00000000 -1.00000000 0.00000000 1.00000000
				4.34872900 -2.19765900 1.51753500 / -1.00000000 0.00000000 0.00000000 / 255 0 255 255 / 1.27697800 0.69075010 / 0.00000000 -1.00000000 0.00000000 1.00000000
				4.34872900 -2.19765900 1.51753500 / -1.00000000 0.00000000 0.00000000 / 255 0 255 255 / 1.27697800 0.69075010 / 0.00000000 -1.00000000 0.00000000 1.00000000
				4.34872900 -2.21133100 1.51753500 / -1.00000000 0.00000000 0.00000000 / 255 0 255 255 / 1.29933200 0.69075010 / 0.00000000 -1.00000000 0.00000000 1.00000000
				4.34872900 -2.19765900 1.73775000 / 0.00000000 1.00000000 0.00000000 / 255 0 255 255 / 4.20753500 0.33567810 / -1.00000000 0.00000000 0.00000000 1.00000000
				4.34872900 -2.19765900 1.73775000 / 0.00000000 1.00000000 0.00000000 / 255 0 255 255 / 4.20753500 0.33567810 / -1.00000000 0.00000000 0.00000000 1.00000000
				4.36240100 -2.19765900 1.73775000 / 0.00000000 1.00000000 0.00000000 / 255 0 255 255 / 4.19645700 0.33567810 / -1.00000000 0.00000000 0.00000000 1.00000000
				4.36240100 -2.19765900 1.51753500 / 0.00000000 1.00000000 0.00000000 / 255 0 255 255 / 4.19645700 0.69075010 / -1.00000000 0.00000000 0.00000000 1.00000000
				4.36240100 -2.19765900 1.51753500 / 0.00000000 1.00000000 0.00000000 / 255 0 255 255 / 4.19645700 0.69075010 / -1.00000000 0.00000000 0.00000000 1.00000000
				4.34872900 -2.19765900 1.51753500 / 0.00000000 1.00000000 0.00000000 / 255 0 255 255 / 4.20753500 0.69075010 / -1.00000000 0.00000000 0.00000000 1.00000000
				4.51572200 -5.43496400 1.44526900 / 0.00000000 0.00000000 -1.00000000 / 255 0 255 255 / 0.99949650 0.99949650 / 1.00000000 0.00000130 0.00000000 1.00000000
				4.51572200 -5.43496400 1.44526900 / 0.00000000 0.00000000 -1.00000000 / 255 0 255 255 / 0.99949650 0.99949650 / 1.00000000 0.00000130 0.00000000 1.00000000
				4.51572200 -5.68642900 1.44526900 / 0.00000000 0.00000000 -1.00000000 / 255 0 255 255 / 0.99949650 0.15357970 / 1.00000000 0.00000260 0.00000000 1.00000000
				2.74326100 -5.68642900 1.44526900 / 0.00000000 0.00000000 -1.00000000 / 255 0 255 255 / 0.00050350 0.15359500 / 1.00000000 0.00000130 0.00000000 1.00000000
				2.74326100 -5.68642900 1.44526900 / 0.00000000 0.00000000 -1.00000000 / 255 0 255 255 / 0.00050350 0.15359500 / 1.00000000 0.00000130 0.00000000 1.00000000
				2.74326100 -5.43496400 1.44526900 / 0.00000000 0.00000000 -1.00000000 / 255 0 255 255 / 0.00050350 0.99949650 / 1.00000000 0.00000000 0.00000000 1.00000000
				4.51572200 -5.46230800 1.51851100 / 0.00000000 0.00000000 1.00000000 / 255 0 255 255 / 0.00050350 0.90705870 / -1.00000000 0.00000000 0.00000000 1.00000000
				4.51572200 -5.46230800 1.51851100 / 0.00000000 0.00000000 1.00000000 / 255 0 255 255 / 0.00050350 0.90705870 / -1.00000000 0.00000000 0.00000000 1.00000000
				2.74326100 -5.46230800 1.51851100 / 0.00000000 0.00000000 1.00000000 / 255 0 255 255 / 0.99949650 0.90705870 / -1.00000000 0.00000000 0.00000000 1.00000000
				2.74326100 -5.65908500 1.51851100 / 0.00000000 0.00000000 1.00000000 / 255 0 255 255 / 0.99949650 0.24601750 / -1.00000000 0.00000000 0.00000000 1.00000000
				2.74326100 -5.65908500 1.51851100 / 0.00000000 0.00000000 1.00000000 / 255 0 255 255 / 0.99949650 0.24601750 / -1.00000000 0.00000000 0.00000000 1.00000000
				4.51572200 -5.65908500 1.51851100 / 0.00000000 0.00000000 1.00000000 / 255 0 255 255 / 0.00050350 0.24601750 / -1.00000000 0.00000000 0.00000000 1.00000000
				2.78183500 -5.62930000 1.39497600 / 0.00000000 0.00000000 -0.99999980 / 255 0 255 255 / 0.00000000 1.00000000 / -1.00000000 0.00000000 0.00000000 1.00000000
				2.78183500 -5.62930000 1.39497600 / 0.00000000 0.00000000 -0.99999980 / 255 0 255 255 / 0.00000000 1.00000000 / -1.00000000 0.00000000 0.00000000 1.00000000
				2.75302600 -5.62930000 1.39497600 / 0.00000000 0.00000000 -1.00000000 / 255 0 255 255 / 1.00000000 1.00000000 / -1.00000000 0.00000000 0.00000000 1.00000000
				2.75302600 -5.49209300 1.39497600 / 0.00000000 0.00000000 -0.99999980 / 255 0 255 255 / 1.00000000 0.00000000 / -1.00000000 0.00000000 0.00000000 1.00000000
				2.75302600 -5.49209300 1.39497600 / 0.00000000 0.00000000 -0.99999980 / 255 0 255 255 / 1.00000000 0.00000000 / -1.00000000 0.00000000 0.00000000 1.00000000
				2.78183500 -5.49209300 1.39497600 / 0.00000000 0.00000000 -1.00000000 / 255 0 255 255 / 0.00000000 0.00000000 / -1.00000000 0.00000000 0.00000000 1.00000000
				2.78183500 -5.64834300 1.44526900 / 0.00000000 -0.93520490 -0.35410720 / 255 0 255 255 / 0.00000000 1.00000000 / -1.00000000 0.00000000 0.00000000 1.00000000
				2.78183500 -5.64834300 1.44526900 / 0.00000000 -0.93520490 -0.35410720 / 255 0 255 255 / 0.00000000 1.00000000 / -1.00000000 0.00000000 0.00000000 1.00000000
				2.75302600 -5.64834300 1.44526900 / 0.00000000 -0.93520490 -0.35410720 / 255 0 255 255 / 1.00000000 1.00000000 / -1.00000000 0.00000000 0.00000000 1.00000000
				2.75302600 -5.62930000 1.39497600 / 0.00000000 -0.93520490 -0.35410720 / 255 0 255 255 / 1.00000000 0.00000000 / -1.00000000 0.00000000 0.00000000 1.00000000
				2.75302600 -5.62930000 1.39497600 / 0.00000000 -0.93520490 -0.35410720 / 255 0 255 255 / 1.00000000 0.00000000 / -1.00000000 0.00000000 0.00000000 1.00000000
				2.78183500 -5.62930000 1.39497600 / 0.00000000 -0.93520490 -0.35410720 / 255 0 255 255 / 0.00000000 0.00000000 / -1.00000000 0.00000000 0.00000000 1.00000000
				2.75302600 -5.64834300 1.44526900 / -1.00000000 0.00000000 0.00000000 / 255 0 255 255 / 0.00000000 1.00000000 / 0.00000000 1.00000000 0.00000000 1.00000000
				2.75302600 -5.64834300 1.44526900 / -1.00000000 0.00000000 0.00000000 / 255 0 255 255 / 0.00000000 1.00000000 / 0.00000000 1.00000000 0.00000000 1.00000000
				2.75302600 -5.47256100 1.44526900 / -1.00000000 0.00000000 0.00000000 / 255 0 255 255 / 1.00000000 1.00000000 / 0.00000000 1.00000000 0.00000000 1.00000000
				2.75302600 -5.49209300 1.39497600 / -1.00000000 0.00000000 0.00000000 / 255 0 255 255 / 1.00000000 0.00000000 / 0.00000000 1.00000000 0.00000000 1.00000000
				2.75302600 -5.49209300 1.39497600 / -1.00000000 0.00000000 0.00000000 / 255 0 255 255 / 1.00000000 0.00000000 / 0.00000000 1.00000000 0.00000000 1.00000000
				2.75302600 -5.62930000 1.39497600 / -0.99999980 0.00000000 0.00000000 / 255 0 255 255 / 0.00000000 0.00000000 / 0.00000000 1.00000000 0.00000000 1.00000000
				2.75302600 -5.47256100 1.44526900 / 0.00000000 0.93217130 -0.36201760 / 255 0 255 255 / 0.00000000 1.00000000 / 1.00000000 0.00000000 0.00000000 1.00000000
				2.75302600 -5.47256100 1.44526900 / 0.00000000 0.93217130 -0.36201760 / 255 0 255 255 / 0.00000000 1.00000000 / 1.00000000 0.00000000 0.00000000 1.00000000
				2.78183500 -5.47256100 1.44526900 / 0.00000000 0.93217130 -0.36201760 / 255 0 255 255 / 1.00000000 1.00000000 / 1.00000000 0.00000000 0.00000000 1.00000000
				2.78183500 -5.49209300 1.39497600 / 0.00000000 0.93217130 -0.36201760 / 255 0 255 255 / 1.00000000 0.00000000 / 1.00000000 0.00000000 0.00000000 1.00000000
				2.78183500 -5.49209300 1.39497600 / 0.00000000 0.93217130 -0.36201760 / 255 0 255 255 / 1.00000000 0.00000000 / 1.00000000 0.00000000 0.00000000 1.00000000
				2.75302600 -5.49209300 1.39497600 / 0.00000000 0.93217130 -0.36201760 / 255 0 255 255 / 0.00000000 0.00000000 / 1.00000000 0.00000000 0.00000000 1.00000000
				2.78183500 -5.47256100 1.44526900 / 1.00000000 0.00000000 0.00000000 / 255 0 255 255 / 0.00000000 1.00000000 / 0.00000000 -1.00000000 0.00000000 1.00000000
				2.78183500 -5.47256100 1.44526900 / 1.00000000 0.00000000 0.00000000 / 255 0 255 255 / 0.00000000 1.00000000 / 0.00000000 -1.00000000 0.00000000 1.00000000
				2.78183500 -5.64834300 1.44526900 / 1.00000000 0.00000000 0.00000000 / 255 0 255 255 / 1.00000000 1.00000000 / 0.00000000 -1.00000000 0.00000000 1.00000000
				2.78183500 -5.62930000 1.39497600 / 0.99999980 0.00000000 0.00000000 / 255 0 255 255 / 1.00000000 0.00000000 / 0.00000000 -1.00000000 0.00000000 1.00000000
				2.78183500 -5.62930000 1.39497600 / 0.99999980 0.00000000 0.00000000 / 255 0 255 255 / 1.00000000 0.00000000 / 0.00000000 -1.00000000 0.00000000 1.00000000
				2.78183500 -5.49209300 1.39497600 / 1.00000000 0.00000000 0.00000000 / 255 0 255 255 / 0.00000000 0.00000000 / 0.00000000 -1.00000000 0.00000000 1.00000000
				4.49814400 -5.62930000 1.39497600 / 0.00000000 0.00000000 -1.00000000 / 255 0 255 255 / 0.00000000 1.00000000 / -1.00000000 0.00000000 0.00000000 1.00000000
				4.49814400 -5.62930000 1.39497600 / 0.00000000 0.00000000 -1.00000000 / 255 0 255 255 / 0.00000000 1.00000000 / -1.00000000 0.00000000 0.00000000 1.00000000
				4.46982300 -5.62930000 1.39497600 / 0.00000000 0.00000000 -1.00000000 / 255 0 255 255 / 1.00000000 1.00000000 / -1.00000000 0.00000000 0.00000000 1.00000000
				4.46982300 -5.49209300 1.39497600 / 0.00000000 0.00000000 -1.00000000 / 255 0 255 255 / 1.00000000 0.00000000 / -1.00000000 0.00000000 0.00000000 1.00000000
				4.46982300 -5.49209300 1.39497600 / 0.00000000 0.00000000 -1.00000000 / 255 0 255 255 / 1.00000000 0.00000000 / -1.00000000 0.00000000 0.00000000 1.00000000
				4.49814400 -5.49209300 1.39497600 / 0.00000000 0.00000000 -1.00000000 / 255 0 255 255 / 0.00000000 0.00000000 / -1.00000000 0.00000000 0.00000000 1.00000000
				4.49814400 -5.64834300 1.44526900 / 0.00000000 -0.93520490 -0.35410720 / 255 0 255 255 / 0.00000000 1.00000000 / -1.00000000 0.00000000 0.00000000 1.00000000
				4.49814400 -5.64834300 1.44526900 / 0.00000000 -0.93520490 -0.35410720 / 255 0 255 255 / 0.00000000 1.00000000 / -1.00000000 0.00000000 0.00000000 1.00000000
				4.46982300 -5.64834300 1.44526900 / 0.00000000 -0.93520480 -0.35410720 / 255 0 255 255 / 1.00000000 1.00000000 / -1.00000000 0.00000000 0.00000000 1.00000000
				4.46982300 -5.62930000 1.39497600 / 0.00000000 -0.93520490 -0.35410720 / 255 0 255 255 / 1.00000000 0.00000000 / -1.00000000 0.00000000 0.00000000 1.00000000
				4.46982300 -5.62930000 1.39497600 / 0.00000000 -0.93520490 -0.35410720 / 255 0 255 255 / 1.00000000 0.00000000 / -1.00000000 0.00000000 0.00000000 1.00000000
				4.49814400 -5.62930000 1.39497600 / 0.00000000 -0.93520480 -0.35410720 / 255 0 255 255 / 0.00000000 0.00000000 / -1.00000000 0.00000000 0.00000000 1.00000000
				4.46982300 -5.64834300 1.44526900 / -1.00000000 0.00000000 0.00000000 / 255 0 255 255 / 0.00000000 1.00000000 / 0.00000000 1.00000000 0.00000000 1.00000000
				4.46982300 -5.64834300 1.44526900 / -1.00000000 0.00000000 0.00000000 / 255 0 255 255 / 0.00000000 1.00000000 / 0.00000000 1.00000000 0.00000000 1.00000000
				4.46982300 -5.47256100 1.44526900 / -1.00000000 0.00000000 0.00000000 / 255 0 255 255 / 1.00000000 1.00000000 / 0.00000000 1.00000000 0.00000000 1.00000000
				4.46982300 -5.49209300 1.39497600 / -1.00000000 0.00000000 0.00000000 / 255 0 255 255 / 1.00000000 0.00000000 / 0.00000000 1.00000000 0.00000000 1.00000000
				4.46982300 -5.49209300 1.39497600 / -1.00000000 0.00000000 0.00000000 / 255 0 255 255 / 1.00000000 0.00000000 / 0.00000000 1.00000000 0.00000000 1.00000000
				4.46982300 -5.62930000 1.39497600 / -0.99999980 0.00000000 0.00000000 / 255 0 255 255 / 0.00000000 0.00000000 / 0.00000000 1.00000000 0.00000000 1.00000000
				4.46982300 -5.47256100 1.44526900 / 0.00000000 0.93217130 -0.36201770 / 255 0 255 255 / 0.00000000 1.00000000 / 1.00000000 0.00000000 0.00000000 1.00000000
				4.46982300 -5.47256100 1.44526900 / 0.00000000 0.93217130 -0.36201770 / 255 0 255 255 / 0.00000000 1.00000000 / 1.00000000 0.00000000 0.00000000 1.00000000
				4.49814400 -5.47256100 1.44526900 / 0.00000000 0.93217120 -0.36201760 / 255 0 255 255 / 1.00000000 1.00000000 / 1.00000000 0.00000000 0.00000000 1.00000000
				4.49814400 -5.49209300 1.39497600 / 0.00000000 0.93217130 -0.36201770 / 255 0 255 255 / 1.00000000 0.00000000 / 1.00000000 0.00000000 0.00000000 1.00000000
				4.49814400 -5.49209300 1.39497600 / 0.00000000 0.93217130 -0.36201770 / 255 0 255 255 / 1.00000000 0.00000000 / 1.00000000 0.00000000 0.00000000 1.00000000
				4.46982300 -5.49209300 1.39497600 / 0.00000000 0.93217120 -0.36201760 / 255 0 255 255 / 0.00000000 0.00000000 / 1.00000000 0.00000000 0.00000000 1.00000000
				4.49814400 -5.47256100 1.44526900 / 1.00000000 0.00000000 0.00000000 / 255 0 255 255 / 0.00000000 1.00000000 / 0.00000000 -1.00000000 0.00000000 1.00000000
				4.49814400 -5.47256100 1.44526900 / 1.00000000 0.00000000 0.00000000 / 255 0 255 255 / 0.00000000 1.00000000 / 0.00000000 -1.00000000 0.00000000 1.00000000
				4.49814400 -5.64834300 1.44526900 / 1.00000000 0.00000000 0.00000000 / 255 0 255 255 / 1.00000000 1.00000000 / 0.00000000 -1.00000000 0.00000000 1.00000000
				4.49814400 -5.62930000 1.39497600 / 0.99999980 0.00000000 0.00000000 / 255 0 255 255 / 1.00000000 0.00000000 / 0.00000000 -1.00000000 0.00000000 1.00000000
				4.49814400 -5.62930000 1.39497600 / 0.99999980 0.00000000 0.00000000 / 255 0 255 255 / 1.00000000 0.00000000 / 0.00000000 -1.00000000 0.00000000 1.00000000
				4.49814400 -5.49209300 1.39497600 / 1.00000000 0.00000000 0.00000000 / 255 0 255 255 / 0.00000000 0.00000000 / 0.00000000 -1.00000000 0.00000000 1.00000000
				2.90048700 -5.55947600 1.73775000 / 1.00000000 0.00000000 0.00000000 / 255 0 255 255 / -0.28169250 0.33567810 / 0.00000000 1.00000000 0.00000000 1.00000000
				2.90048700 -5.55947600 1.73775000 / 1.00000000 0.00000000 0.00000000 / 255 0 255 255 / -0.28169250 0.33567810 / 0.00000000 1.00000000 0.00000000 1.00000000
				2.90048700 -5.57314800 1.73775000 / 1.00000000 0.00000000 0.00000000 / 255 0 255 255 / -0.30404660 0.33567810 / 0.00000000 1.00000000 0.00000000 1.00000000
				2.90048700 -5.57314800 1.51753500 / 1.00000000 0.00000000 0.00000000 / 255 0 255 255 / -0.30404660 0.69075010 / 0.00000000 1.00000000 0.00000000 1.00000000
				2.90048700 -5.57314800 1.51753500 / 1.00000000 0.00000000 0.00000000 / 255 0 255 255 / -0.30404660 0.69075010 / 0.00000000 1.00000000 0.00000000 1.00000000
				2.90048700 -5.55947600 1.51753500 / 1.00000000 0.00000000 0.00000000 / 255 0 255 255 / -0.28169250 0.69075010 / 0.00000000 1.00000000 0.00000000 1.00000000
				2.90048700 -5.57314800 1.73775000 / 0.00000000 -1.00000000 0.00000000 / 255 0 255 255 / -3.19882200 0.33567810 / 1.00000000 0.00000000 0.00000000 1.00000000
				2.90048700 -5.57314800 1.73775000 / 0.00000000 -1.00000000 0.00000000 / 255 0 255 255 / -3.19882200 0.33567810 / 1.00000000 0.00000000 0.00000000 1.00000000
				2.88681600 -5.57314800 1.73775000 / 0.00000000 -1.00000000 0.00000000 / 255 0 255 255 / -3.20990000 0.33567810 / 1.00000000 0.00000000 0.00000000 1.00000000
				2.88681600 -5.57314800 1.51753500 / 0.00000000 -1.00000000 0.00000000 / 255 0 255 255 / -3.20990000 0.69075010 / 1.00000000 0.00000000 0.00000000 1.00000000
				2.88681600 -5.57314800 1.51753500 / 0.00000000 -1.00000000 0.00000000 / 255 0 255 255 / -3.20990000 0.69075010 / 1.00000000 0.00000000 0.00000000 1.00000000
				2.90048700 -5.57314800 1.51753500 / 0.00000000 -1.00000000 0.00000000 / 255 0 255 255 / -3.19882200 0.69075010 / 1.00000000 0.00000000 0.00000000 1.00000000
				2.88681600 -5.57314800 1.73775000 / -1.00000000 0.00000000 0.00000000 / 255 0 255 255 / 1.29933200 0.33567810 / 0.00000000 -1.00000000 0.00000000 1.00000000
				2.88681600 -5.57314800 1.73775000 / -1.00000000 0.00000000 0.00000000 / 255 0 255 255 / 1.29933200 0.33567810 / 0.00000000 -1.00000000 0.00000000 1.00000000
				2.88681600 -5.55947600 1.73775000 / -1.00000000 0.00000000 0.00000000 / 255 0 255 255 / 1.27697800 0.33567810 / 0.00000000 -1.00000000 0.00000000 1.00000000
				2.88681600 -5.55947600 1.51753500 / -1.00000000 0.00000000 0.00000000 / 255 0 255 255 / 1.27697800 0.69075010 / 0.00000000 -1.00000000 0.00000000 1.00000000
				2.88681600 -5.55947600 1.51753500 / -1.00000000 0.00000000 0.00000000 / 255 0 255 255 / 1.27697800 0.69075010 / 0.00000000 -1.00000000 0.00000000 1.00000000
				2.88681600 -5.57314800 1.51753500 / -1.00000000 0.00000000 0.00000000 / 255 0 255 255 / 1.29933200 0.69075010 / 0.00000000 -1.00000000 0.00000000 1.00000000
				2.88681600 -5.55947600 1.73775000 / 0.00000000 1.00000000 0.00000000 / 255 0 255 255 / 4.20753500 0.33567810 / -1.00000000 0.00000000 0.00000000 1.00000000
				2.88681600 -5.55947600 1.73775000 / 0.00000000 1.00000000 0.00000000 / 255 0 255 255 / 4.20753500 0.33567810 / -1.00000000 0.00000000 0.00000000 1.00000000
				2.90048700 -5.55947600 1.73775000 / 0.00000000 1.00000000 0.00000000 / 255 0 255 255 / 4.19645700 0.33567810 / -1.00000000 0.00000000 0.00000000 1.00000000
				2.90048700 -5.55947600 1.51753500 / 0.00000000 1.00000000 0.00000000 / 255 0 255 255 / 4.19645700 0.69075010 / -1.00000000 0.00000000 0.00000000 1.00000000
				2.90048700 -5.55947600 1.51753500 / 0.00000000 1.00000000 0.00000000 / 255 0 255 255 / 4.19645700 0.69075010 / -1.00000000 0.00000000 0.00000000 1.00000000
				2.88681600 -5.55947600 1.51753500 / 0.00000000 1.00000000 0.00000000 / 255 0 255 255 / 4.20753500 0.69075010 / -1.00000000 0.00000000 0.00000000 1.00000000
				2.94101500 -5.55556900 1.75191000 / 1.00000000 0.00000000 0.00000000 / 255 0 255 255 / 0.51956180 0.36059570 / 0.00000000 1.00000000 0.00000000 1.00000000
				2.94101500 -5.55556900 1.75191000 / 1.00000000 0.00000000 0.00000000 / 255 0 255 255 / 0.51956180 0.36059570 / 0.00000000 1.00000000 0.00000000 1.00000000
				2.94101500 -5.57705400 1.75191000 / 1.00000000 0.00000000 0.00000000 / 255 0 255 255 / 0.36059570 0.36059570 / 0.00000000 1.00000000 0.00000000 1.00000000
				2.94101500 -5.57705400 1.73726100 / 1.00000000 0.00000000 0.00000000 / 255 0 255 255 / 0.36059570 0.63940430 / 0.00000000 1.00000000 0.00000000 1.00000000
				2.94101500 -5.57705400 1.73726100 / 1.00000000 0.00000000 0.00000000 / 255 0 255 255 / 0.36059570 0.63940430 / 0.00000000 1.00000000 0.00000000 1.00000000
				2.94101500 -5.55556900 1.73726100 / 1.00000000 0.00000000 0.00000000 / 255 0 255 255 / 0.51956180 0.63940430 / 0.00000000 1.00000000 0.00000000 1.00000000
				2.94101500 -5.57705400 1.75191000 / 0.00000000 -1.00000000 0.00000000 / 255 0 255 255 / 0.62362670 0.36059570 / 1.00000000 0.00000000 0.00000000 1.00000000
				2.94101500 -5.57705400 1.75191000 / 0.00000000 -1.00000000 0.00000000 / 255 0 255 255 / 0.62362670 0.36059570 / 1.00000000 0.00000000 0.00000000 1.00000000
				2.84628800 -5.57705400 1.75191000 / 0.00000000 -1.00000000 0.00000000 / 255 0 255 255 / 0.36059570 0.36059570 / 1.00000000 0.00000000 0.00000000 1.00000000
				2.84628800 -5.57705400 1.73726100 / 0.00000000 -1.00000000 0.00000000 / 255 0 255 255 / 0.36059570 0.63940430 / 1.00000000 0.00000000 0.00000000 1.00000000
				2.84628800 -5.57705400 1.73726100 / 0.00000000 -1.00000000 0.00000000 / 255 0 255 255 / 0.36059570 0.63940430 / 1.00000000 0.00000000 0.00000000 1.00000000
				2.94101500 -5.57705400 1.73726100 / 0.00000000 -1.00000000 0.00000000 / 255 0 255 255 / 0.62362670 0.63940430 / 1.00000000 0.00000000 0.00000000 1.00000000
				2.84628800 -5.57705400 1.75191000 / -1.00000000 0.00000000 0.00000000 / 255 0 255 255 / 0.51956180 0.36059570 / 0.00000000 -1.00000000 0.00000000 1.00000000
				2.84628800 -5.57705400 1.75191000 / -1.00000000 0.00000000 0.00000000 / 255 0 255 255 / 0.51956180 0.36059570 / 0.00000000 -1.00000000 0.00000000 1.00000000
				2.84628800 -5.55556900 1.75191000 / -1.00000000 0.00000000 0.00000000 / 255 0 255 255 / 0.36059570 0.36059570 / 0.00000000 -1.00000000 0.00000000 1.00000000
				2.84628800 -5.55556900 1.73726100 / -1.00000000 0.00000000 0.00000000 / 255 0 255 255 / 0.36061100 0.63940430 / 0.00000000 -1.00000000 0.00000000 1.00000000
				2.84628800 -5.55556900 1.73726100 / -1.00000000 0.00000000 0.00000000 / 255 0 255 255 / 0.36061100 0.63940430 / 0.00000000 -1.00000000 0.00000000 1.00000000
				2.84628800 -5.57705400 1.73726100 / -1.00000000 0.00000000 0.00000000 / 255 0 255 255 / 0.51956180 0.63940430 / 0.00000000 -1.00000000 0.00000000 1.00000000
				2.84628800 -5.55556900 1.75191000 / 0.00000000 1.00000000 0.00000000 / 255 0 255 255 / 0.62362670 0.36059570 / -1.00000000 0.00000000 0.00000000 1.00000000
				2.84628800 -5.55556900 1.75191000 / 0.00000000 1.00000000 0.00000000 / 255 0 255 255 / 0.62362670 0.36059570 / -1.00000000 0.00000000 0.00000000 1.00000000
				2.94101500 -5.55556900 1.75191000 / 0.00000000 1.00000000 0.00000000 / 255 0 255 255 / 0.36059570 0.36059570 / -1.00000000 0.00000000 0.00000000 1.00000000
				2.94101500 -5.55556900 1.73726100 / 0.00000000 1.00000000 0.00000000 / 255 0 255 255 / 0.36059570 0.63940430 / -1.00000000 0.00000000 0.00000000 1.00000000
				2.94101500 -5.55556900 1.73726100 / 0.00000000 1.00000000 0.00000000 / 255 0 255 255 / 0.36059570 0.63940430 / -1.00000000 0.00000000 0.00000000 1.00000000
				2.84628800 -5.55556900 1.73726100 / 0.00000000 1.00000000 0.00000000 / 255 0 255 255 / 0.62362670 0.63940430 / -1.00000000 0.00000000 0.00000000 1.00000000
				2.84628800 -5.55556900 1.73726100 / 0.00000000 0.00000000 -1.00000000 / 255 0 255 255 / 0.37637330 0.63938900 / 0.98569500 0.16853900 0.00000000 1.00000000
				2.84628800 -5.55556900 1.73726100 / 0.00000000 0.00000000 -1.00000000 / 255 0 255 255 / 0.37637330 0.63938900 / 0.98569500 0.16853900 0.00000000 1.00000000
				2.94101500 -5.55556900 1.73726100 / 0.00000000 0.00000000 -1.00000000 / 255 0 255 255 / 0.63940430 0.51956180 / 0.98569810 0.16852060 0.00000000 1.00000000
				2.94101500 -5.57705400 1.73726100 / 0.00000000 0.00000000 -1.00000000 / 255 0 255 255 / 0.62362670 0.36059570 / 0.98569500 0.16853900 0.00000000 1.00000000
				2.94101500 -5.57705400 1.73726100 / 0.00000000 0.00000000 -1.00000000 / 255 0 255 255 / 0.62362670 0.36059570 / 0.98569500 0.16853900 0.00000000 1.00000000
				2.84628800 -5.57705400 1.73726100 / 0.00000000 0.00000000 -1.00000000 / 255 0 255 255 / 0.36059570 0.48043820 / 0.98569180 0.16855740 0.00000000 1.00000000
				2.86728400 -5.56484700 1.73775000 / 0.94177010 -0.33625730 0.00000000 / 255 0 255 255 / 0.50000000 0.48722840 / 0.33625730 0.94177010 0.00000000 1.00000000
				2.86728400 -5.56484700 1.73775000 / 0.94177010 -0.33625730 0.00000000 / 255 0 255 255 / 0.50000000 0.48722840 / 0.33625730 0.94177010 0.00000000 1.00000000
				2.86484300 -5.57168300 1.73775000 / 0.94177010 -0.33625730 0.00000000 / 255 0 255 255 / 0.42134090 0.48722840 / 0.33625730 0.94177010 0.00000000 1.00000000
				2.86484300 -5.57168300 1.73335500 / 0.94177010 -0.33625730 0.00000000 / 255 0 255 255 / 0.42134090 0.51277160 / 0.33625730 0.94177010 0.00000000 1.00000000
				2.86484300 -5.57168300 1.73335500 / 0.94177010 -0.33625730 0.00000000 / 255 0 255 255 / 0.42134090 0.51277160 / 0.33625730 0.94177010 0.00000000 1.00000000
				2.86728400 -5.56484700 1.73335500 / 0.94177010 -0.33625730 0.00000000 / 255 0 255 255 / 0.50000000 0.51277160 / 0.33625730 0.94177010 0.00000000 1.00000000
				2.86484300 -5.57168300 1.73775000 / 0.19609770 -0.98058430 0.00000000 / 255 0 255 255 / 0.53933720 0.48722840 / 0.98058440 0.19609770 0.00000000 1.00000000
				2.86484300 -5.57168300 1.73775000 / 0.19609770 -0.98058430 0.00000000 / 255 0 255 255 / 0.53933720 0.48722840 / 0.98058440 0.19609770 0.00000000 1.00000000
				2.85751800 -5.57314800 1.73775000 / 0.19609770 -0.98058430 0.00000000 / 255 0 255 255 / 0.46066280 0.48722840 / 0.98058440 0.19609770 0.00000000 1.00000000
				2.85751800 -5.57314800 1.73335500 / 0.19609770 -0.98058430 0.00000000 / 255 0 255 255 / 0.46066280 0.51277160 / 0.98058440 0.19609770 0.00000000 1.00000000
				2.85751800 -5.57314800 1.73335500 / 0.19609770 -0.98058430 0.00000000 / 255 0 255 255 / 0.46066280 0.51277160 / 0.98058440 0.19609770 0.00000000 1.00000000
				2.86484300 -5.57168300 1.73335500 / 0.19609770 -0.98058430 0.00000000 / 255 0 255 255 / 0.53933720 0.51277160 / 0.98058440 0.19609770 0.00000000 1.00000000
				2.85751800 -5.57314800 1.73775000 / -0.74004850 -0.67255340 0.00000000 / 255 0 255 255 / 0.57865910 0.48722840 / 0.67255340 -0.74004860 0.00000000 1.00000000
				2.85751800 -5.57314800 1.73775000 / -0.74004850 -0.67255340 0.00000000 / 255 0 255 255 / 0.57865910 0.48722840 / 0.67255340 -0.74004860 0.00000000 1.00000000
				2.85263600 -5.56777600 1.73775000 / -0.74004850 -0.67255340 0.00000000 / 255 0 255 255 / 0.50000000 0.48722840 / 0.67255340 -0.74004860 0.00000000 1.00000000
				2.85263600 -5.56777600 1.73335500 / -0.74004850 -0.67255340 0.00000000 / 255 0 255 255 / 0.50000000 0.51277160 / 0.67255340 -0.74004860 0.00000000 1.00000000
				2.85263600 -5.56777600 1.73335500 / -0.74004850 -0.67255340 0.00000000 / 255 0 255 255 / 0.50000000 0.51277160 / 0.67255340 -0.74004860 0.00000000 1.00000000
				2.85751800 -5.57314800 1.73335500 / -0.74004850 -0.67255340 0.00000000 / 255 0 255 255 / 0.57865910 0.51277160 / 0.67255340 -0.74004860 0.00000000 1.00000000
				2.85263600 -5.56777600 1.73775000 / -0.94174780 0.33631970 0.00000000 / 255 0 255 255 / 0.50000000 0.48722840 / -0.33631970 -0.94174780 0.00000000 1.00000000
				2.85263600 -5.56777600 1.73775000 / -0.94174780 0.33631970 0.00000000 / 255 0 255 255 / 0.50000000 0.48722840 / -0.33631970 -0.94174780 0.00000000 1.00000000
				2.85507700 -5.56094100 1.73775000 / -0.94174790 0.33631980 0.00000000 / 255 0 255 255 / 0.42134090 0.48722840 / -0.33631980 -0.94174780 0.00000000 1.00000000
				2.85507700 -5.56094100 1.73335500 / -0.94174780 0.33631970 0.00000000 / 255 0 255 255 / 0.42134090 0.51277160 / -0.33631970 -0.94174780 0.00000000 1.00000000
				2.85507700 -5.56094100 1.73335500 / -0.94174780 0.33631970 0.00000000 / 255 0 255 255 / 0.42134090 0.51277160 / -0.33631970 -0.94174780 0.00000000 1.00000000
				2.85263600 -5.56777600 1.73335500 / -0.94174790 0.33631980 0.00000000 / 255 0 255 255 / 0.50000000 0.51277160 / -0.33631980 -0.94174780 0.00000000 1.00000000
				2.85507700 -5.56094100 1.73775000 / -0.19611610 0.98058070 0.00000000 / 255 0 255 255 / 0.53933720 0.48722840 / -0.98058070 -0.19611610 0.00000000 1.00000000
				2.85507700 -5.56094100 1.73775000 / -0.19611610 0.98058070 0.00000000 / 255 0 255 255 / 0.53933720 0.48722840 / -0.98058070 -0.19611610 0.00000000 1.00000000
				2.86240100 -5.55947600 1.73775000 / -0.19611610 0.98058070 0.00000000 / 255 0 255 255 / 0.46067810 0.48722840 / -0.98058070 -0.19611610 0.00000000 1.00000000
				2.86240100 -5.55947600 1.73335500 / -0.19611610 0.98058070 0.00000000 / 255 0 255 255 / 0.46067810 0.51277160 / -0.98058070 -0.19611610 0.00000000 1.00000000
				2.86240100 -5.55947600 1.73335500 / -0.19611610 0.98058070 0.00000000 / 255 0 255 255 / 0.46067810 0.51277160 / -0.98058070 -0.19611610 0.00000000 1.00000000
				2.85507700 -5.56094100 1.73335500 / -0.19611610 0.98058070 0.00000000 / 255 0 255 255 / 0.53933720 0.51277160 / -0.98058070 -0.19611610 0.00000000 1.00000000
				2.86240100 -5.55947600 1.73775000 / 0.73991030 0.67270550 0.00000000 / 255 0 255 255 / 0.57865910 0.48722840 / -0.67270550 0.73991030 0.00000000 1.00000000
				2.86240100 -5.55947600 1.73775000 / 0.73991030 0.67270550 0.00000000 / 255 0 255 255 / 0.57865910 0.48722840 / -0.67270550 0.73991030 0.00000000 1.00000000
				2.86728400 -5.56484700 1.73775000 / 0.73991030 0.67270550 0.00000000 / 255 0 255 255 / 0.50000000 0.48722840 / -0.67270550 0.73991030 0.00000000 1.00000000
				2.86728400 -5.56484700 1.73335500 / 0.73991030 0.67270550 0.00000000 / 255 0 255 255 / 0.50000000 0.51277160 / -0.67270550 0.73991030 0.00000000 1.00000000
				2.86728400 -5.56484700 1.73335500 / 0.73991030 0.67270550 0.00000000 / 255 0 255 255 / 0.50000000 0.51277160 / -0.67270550 0.73991030 0.00000000 1.00000000
				2.86240100 -5.55947600 1.73335500 / 0.73991030 0.67270550 0.00000000 / 255 0 255 255 / 0.57865910 0.51277160 / -0.67270550 0.73991030 0.00000000 1.00000000
				2.93515500 -5.56484700 1.73775000 / 0.94177010 -0.33625730 0.00000000 / 255 0 255 255 / 0.50000000 0.48722840 / 0.33625730 0.94177010 0.00000000 1.00000000
				2.93515500 -5.56484700 1.73775000 / 0.94177010 -0.33625730 0.00000000 / 255 0 255 255 / 0.50000000 0.48722840 / 0.33625730 0.94177010 0.00000000 1.00000000
				2.93271400 -5.57168300 1.73775000 / 0.94177010 -0.33625730 0.00000000 / 255 0 255 255 / 0.42134090 0.48722840 / 0.33625730 0.94177010 0.00000000 1.00000000
				2.93271400 -5.57168300 1.73335500 / 0.94177010 -0.33625730 0.00000000 / 255 0 255 255 / 0.42134090 0.51277160 / 0.33625730 0.94177010 0.00000000 1.00000000
				2.93271400 -5.57168300 1.73335500 / 0.94177010 -0.33625730 0.00000000 / 255 0 255 255 / 0.42134090 0.51277160 / 0.33625730 0.94177010 0.00000000 1.00000000
				2.93515500 -5.56484700 1.73335500 / 0.94177010 -0.33625730 0.00000000 / 255 0 255 255 / 0.50000000 0.51277160 / 0.33625730 0.94177010 0.00000000 1.00000000
				2.93271400 -5.57168300 1.73775000 / 0.19612230 -0.98057950 0.00000000 / 255 0 255 255 / 0.53933720 0.48722840 / 0.98057940 0.19612230 0.00000000 1.00000000
				2.93271400 -5.57168300 1.73775000 / 0.19612230 -0.98057950 0.00000000 / 255 0 255 255 / 0.53933720 0.48722840 / 0.98057940 0.19612230 0.00000000 1.00000000
				2.92539000 -5.57314800 1.73775000 / 0.19612230 -0.98057940 0.00000000 / 255 0 255 255 / 0.46066280 0.48722840 / 0.98057940 0.19612230 0.00000000 1.00000000
				2.92539000 -5.57314800 1.73335500 / 0.19612230 -0.98057950 0.00000000 / 255 0 255 255 / 0.46066280 0.51277160 / 0.98057940 0.19612230 0.00000000 1.00000000
				2.92539000 -5.57314800 1.73335500 / 0.19612230 -0.98057950 0.00000000 / 255 0 255 255 / 0.46066280 0.51277160 / 0.98057940 0.19612230 0.00000000 1.00000000
				2.93271400 -5.57168300 1.73335500 / 0.19612230 -0.98057940 0.00000000 / 255 0 255 255 / 0.53933720 0.51277160 / 0.98057940 0.19612230 0.00000000 1.00000000
				2.92539000 -5.57314800 1.73775000 / -0.73998310 -0.67262530 0.00000000 / 255 0 255 255 / 0.57865910 0.48722840 / 0.67262540 -0.73998320 0.00000000 1.00000000
				2.92539000 -5.57314800 1.73775000 / -0.73998310 -0.67262530 0.00000000 / 255 0 255 255 / 0.57865910 0.48722840 / 0.67262540 -0.73998320 0.00000000 1.00000000
				2.92050700 -5.56777600 1.73775000 / -0.73998320 -0.67262550 0.00000000 / 255 0 255 255 / 0.50000000 0.48722840 / 0.67262540 -0.73998310 0.00000000 1.00000000
				2.92050700 -5.56777600 1.73335500 / -0.73998310 -0.67262530 0.00000000 / 255 0 255 255 / 0.50000000 0.51277160 / 0.67262540 -0.73998320 0.00000000 1.00000000
				2.92050700 -5.56777600 1.73335500 / -0.73998310 -0.67262530 0.00000000 / 255 0 255 255 / 0.50000000 0.51277160 / 0.67262540 -0.73998320 0.00000000 1.00000000
				2.92539000 -5.57314800 1.73335500 / -0.73998320 -0.67262550 0.00000000 / 255 0 255 255 / 0.57865910 0.51277160 / 0.67262540 -0.73998310 0.00000000 1.00000000
				2.92050700 -5.56777600 1.73775000 / -0.94174780 0.33631970 0.00000000 / 255 0 255 255 / 0.50000000 0.48722840 / -0.33631970 -0.94174780 0.00000000 1.00000000
				2.92050700 -5.56777600 1.73775000 / -0.94174780 0.33631970 0.00000000 / 255 0 255 255 / 0.50000000 0.48722840 / -0.33631970 -0.94174780 0.00000000 1.00000000
				2.92294800 -5.56094100 1.73775000 / -0.94174790 0.33631980 0.00000000 / 255 0 255 255 / 0.42134090 0.48722840 / -0.33631980 -0.94174780 0.00000000 1.00000000
				2.92294800 -5.56094100 1.73335500 / -0.94174780 0.33631970 0.00000000 / 255 0 255 255 / 0.42134090 0.51277160 / -0.33631970 -0.94174780 0.00000000 1.00000000
				2.92294800 -5.56094100 1.73335500 / -0.94174780 0.33631970 0.00000000 / 255 0 255 255 / 0.42134090 0.51277160 / -0.33631970 -0.94174780 0.00000000 1.00000000
				2.92050700 -5.56777600 1.73335500 / -0.94174790 0.33631980 0.00000000 / 255 0 255 255 / 0.50000000 0.51277160 / -0.33631980 -0.94174780 0.00000000 1.00000000
				2.92294800 -5.56094100 1.73775000 / -0.19612230 0.98057950 0.00000000 / 255 0 255 255 / 0.53933720 0.48722840 / -0.98057940 -0.19612230 0.00000000 1.00000000
				2.92294800 -5.56094100 1.73775000 / -0.19612230 0.98057950 0.00000000 / 255 0 255 255 / 0.53933720 0.48722840 / -0.98057940 -0.19612230 0.00000000 1.00000000
				2.93027200 -5.55947600 1.73775000 / -0.19612230 0.98057940 0.00000000 / 255 0 255 255 / 0.46067810 0.48722840 / -0.98057940 -0.19612230 0.00000000 1.00000000
				2.93027200 -5.55947600 1.73335500 / -0.19612230 0.98057950 0.00000000 / 255 0 255 255 / 0.46067810 0.51277160 / -0.98057940 -0.19612230 0.00000000 1.00000000
				2.93027200 -5.55947600 1.73335500 / -0.19612230 0.98057950 0.00000000 / 255 0 255 255 / 0.46067810 0.51277160 / -0.98057940 -0.19612230 0.00000000 1.00000000
				2.92294800 -5.56094100 1.73335500 / -0.19612230 0.98057940 0.00000000 / 255 0 255 255 / 0.53933720 0.51277160 / -0.98057940 -0.19612230 0.00000000 1.00000000
				2.93027200 -5.55947600 1.73775000 / 0.73989390 0.67272350 0.00000000 / 255 0 255 255 / 0.57865910 0.48722840 / -0.67272350 0.73989390 0.00000000 1.00000000
				2.93027200 -5.55947600 1.73775000 / 0.73989390 0.67272350 0.00000000 / 255 0 255 255 / 0.57865910 0.48722840 / -0.67272350 0.73989390 0.00000000 1.00000000
				2.93515500 -5.56484700 1.73775000 / 0.73989390 0.67272340 0.00000000 / 255 0 255 255 / 0.50000000 0.48722840 / -0.67272340 0.73989390 0.00000000 1.00000000
				2.93515500 -5.56484700 1.73335500 / 0.73989390 0.67272350 0.00000000 / 255 0 255 255 / 0.50000000 0.51277160 / -0.67272350 0.73989390 0.00000000 1.00000000
				2.93515500 -5.56484700 1.73335500 / 0.73989390 0.67272350 0.00000000 / 255 0 255 255 / 0.50000000 0.51277160 / -0.67272350 0.73989390 0.00000000 1.00000000
				2.93027200 -5.55947600 1.73335500 / 0.73989390 0.67272340 0.00000000 / 255 0 255 255 / 0.57865910 0.51277160 / -0.67272340 0.73989390 0.00000000 1.00000000
				4.40146400 -5.55556900 1.75191000 / 1.00000000 0.00000000 0.00000000 / 255 0 255 255 / 0.51956180 0.36059570 / 0.00000000 1.00000000 0.00000000 1.00000000
				4.40146400 -5.55556900 1.75191000 / 1.00000000 0.00000000 0.00000000 / 255 0 255 255 / 0.51956180 0.36059570 / 0.00000000 1.00000000 0.00000000 1.00000000
				4.40146400 -5.57705400 1.75191000 / 1.00000000 0.00000000 0.00000000 / 255 0 255 255 / 0.36059570 0.36059570 / 0.00000000 1.00000000 0.00000000 1.00000000
				4.40146400 -5.57705400 1.73726100 / 1.00000000 0.00000000 0.00000000 / 255 0 255 255 / 0.36059570 0.63940430 / 0.00000000 1.00000000 0.00000000 1.00000000
				4.40146400 -5.57705400 1.73726100 / 1.00000000 0.00000000 0.00000000 / 255 0 255 255 / 0.36059570 0.63940430 / 0.00000000 1.00000000 0.00000000 1.00000000
				4.40146400 -5.55556900 1.73726100 / 1.00000000 0.00000000 0.00000000 / 255 0 255 255 / 0.51956180 0.63940430 / 0.00000000 1.00000000 0.00000000 1.00000000
				4.40146400 -5.57705400 1.75191000 / 0.00000000 -1.00000000 0.00000000 / 255 0 255 255 / 0.62362670 0.36059570 / 1.00000000 0.00000000 0.00000000 1.00000000
				4.40146400 -5.57705400 1.75191000 / 0.00000000 -1.00000000 0.00000000 / 255 0 255 255 / 0.62362670 0.36059570 / 1.00000000 0.00000000 0.00000000 1.00000000
				4.30673700 -5.57705400 1.75191000 / 0.00000000 -1.00000000 0.00000000 / 255 0 255 255 / 0.36059570 0.36059570 / 1.00000000 0.00000000 0.00000000 1.00000000
				4.30673700 -5.57705400 1.73726100 / 0.00000000 -1.00000000 0.00000000 / 255 0 255 255 / 0.36059570 0.63940430 / 1.00000000 0.00000000 0.00000000 1.00000000
				4.30673700 -5.57705400 1.73726100 / 0.00000000 -1.00000000 0.00000000 / 255 0 255 255 / 0.36059570 0.63940430 / 1.00000000 0.00000000 0.00000000 1.00000000
				4.40146400 -5.57705400 1.73726100 / 0.00000000 -1.00000000 0.00000000 / 255 0 255 255 / 0.62362670 0.63940430 / 1.00000000 0.00000000 0.00000000 1.00000000
				4.30673700 -5.57705400 1.75191000 / -1.00000000 0.00000000 0.00000000 / 255 0 255 255 / 0.51956180 0.36059570 / 0.00000000 -1.00000000 0.00000000 1.00000000
				4.30673700 -5.57705400 1.75191000 / -1.00000000 0.00000000 0.00000000 / 255 0 255 255 / 0.51956180 0.36059570 / 0.00000000 -1.00000000 0.00000000 1.00000000
				4.30673700 -5.55556900 1.75191000 / -1.00000000 0.00000000 0.00000000 / 255 0 255 255 / 0.36059570 0.36059570 / 0.00000000 -1.00000000 0.00000000 1.00000000
				4.30673700 -5.55556900 1.73726100 / -1.00000000 0.00000000 0.00000000 / 255 0 255 255 / 0.36061100 0.63940430 / 0.00000000 -1.00000000 0.00000000 1.00000000
				4.30673700 -5.55556900 1.73726100 / -1.00000000 0.00000000 0.00000000 / 255 0 255 255 / 0.36061100 0.63940430 / 0.00000000 -1.00000000 0.00000000 1.00000000
				4.30673700 -5.57705400 1.73726100 / -1.00000000 0.00000000 0.00000000 / 255 0 255 255 / 0.51956180 0.63940430 / 0.00000000 -1.00000000 0.00000000 1.00000000
				4.30673700 -5.55556900 1.75191000 / 0.00000000 1.00000000 0.00000000 / 255 0 255 255 / 0.62362670 0.36059570 / -1.00000000 0.00000000 0.00000000 1.00000000
				4.30673700 -5.55556900 1.75191000 / 0.00000000 1.00000000 0.00000000 / 255 0 255 255 / 0.62362670 0.36059570 / -1.00000000 0.00000000 0.00000000 1.00000000
				4.40146400 -5.55556900 1.75191000 / 0.00000000 1.00000000 0.00000000 / 255 0 255 255 / 0.36059570 0.36059570 / -1.00000000 0.00000000 0.00000000 1.00000000
				4.40146400 -5.55556900 1.73726100 / 0.00000000 1.00000000 0.00000000 / 255 0 255 255 / 0.36059570 0.63940430 / -1.00000000 0.00000000 0.00000000 1.00000000
				4.40146400 -5.55556900 1.73726100 / 0.00000000 1.00000000 0.00000000 / 255 0 255 255 / 0.36059570 0.63940430 / -1.00000000 0.00000000 0.00000000 1.00000000
				4.30673700 -5.55556900 1.73726100 / 0.00000000 1.00000000 0.00000000 / 255 0 255 255 / 0.62362670 0.63940430 / -1.00000000 0.00000000 0.00000000 1.00000000
				4.30673700 -5.55556900 1.73726100 / 0.00000000 0.00000000 -1.00000000 / 255 0 255 255 / 0.37637330 0.63938900 / 0.98569500 0.16853900 0.00000000 1.00000000
				4.30673700 -5.55556900 1.73726100 / 0.00000000 0.00000000 -1.00000000 / 255 0 255 255 / 0.37637330 0.63938900 / 0.98569500 0.16853900 0.00000000 1.00000000
				4.40146400 -5.55556900 1.73726100 / 0.00000000 0.00000000 -1.00000000 / 255 0 255 255 / 0.63940430 0.51956180 / 0.98569810 0.16852060 0.00000000 1.00000000
				4.40146400 -5.57705400 1.73726100 / 0.00000000 0.00000000 -1.00000000 / 255 0 255 255 / 0.62362670 0.36059570 / 0.98569500 0.16853900 0.00000000 1.00000000
				4.40146400 -5.57705400 1.73726100 / 0.00000000 0.00000000 -1.00000000 / 255 0 255 255 / 0.62362670 0.36059570 / 0.98569500 0.16853900 0.00000000 1.00000000
				4.30673700 -5.57705400 1.73726100 / 0.00000000 0.00000000 -1.00000000 / 255 0 255 255 / 0.36059570 0.48043820 / 0.98569180 0.16855740 0.00000000 1.00000000
				4.32773200 -5.56484700 1.73775000 / 0.94177010 -0.33625730 0.00000000 / 255 0 255 255 / 0.50000000 0.48722840 / 0.33625730 0.94177010 0.00000000 1.00000000
				4.32773200 -5.56484700 1.73775000 / 0.94177010 -0.33625730 0.00000000 / 255 0 255 255 / 0.50000000 0.48722840 / 0.33625730 0.94177010 0.00000000 1.00000000
				4.32529100 -5.57168300 1.73775000 / 0.94177010 -0.33625730 0.00000000 / 255 0 255 255 / 0.42134090 0.48722840 / 0.33625730 0.94177010 0.00000000 1.00000000
				4.32529100 -5.57168300 1.73335500 / 0.94177010 -0.33625730 0.00000000 / 255 0 255 255 / 0.42134090 0.51277160 / 0.33625730 0.94177010 0.00000000 1.00000000
				4.32529100 -5.57168300 1.73335500 / 0.94177010 -0.33625730 0.00000000 / 255 0 255 255 / 0.42134090 0.51277160 / 0.33625730 0.94177010 0.00000000 1.00000000
				4.32773200 -5.56484700 1.73335500 / 0.94177010 -0.33625730 0.00000000 / 255 0 255 255 / 0.50000000 0.51277160 / 0.33625730 0.94177010 0.00000000 1.00000000
				4.32529100 -5.57168300 1.73775000 / 0.19612840 -0.98057830 0.00000000 / 255 0 255 255 / 0.53933720 0.48722840 / 0.98057820 0.19612840 0.00000000 1.00000000
				4.32529100 -5.57168300 1.73775000 / 0.19612840 -0.98057830 0.00000000 / 255 0 255 255 / 0.53933720 0.48722840 / 0.98057820 0.19612840 0.00000000 1.00000000
				4.31796800 -5.57314800 1.73775000 / 0.19612840 -0.98057820 0.00000000 / 255 0 255 255 / 0.46066280 0.48722840 / 0.98057820 0.19612840 0.00000000 1.00000000
				4.31796800 -5.57314800 1.73335500 / 0.19612840 -0.98057830 0.00000000 / 255 0 255 255 / 0.46066280 0.51277160 / 0.98057820 0.19612840 0.00000000 1.00000000
				4.31796800 -5.57314800 1.73335500 / 0.19612840 -0.98057830 0.00000000 / 255 0 255 255 / 0.46066280 0.51277160 / 0.98057820 0.19612840 0.00000000 1.00000000
				4.32529100 -5.57168300 1.73335500 / 0.19612840 -0.98057820 0.00000000 / 255 0 255 255 / 0.53933720 0.51277160 / 0.98057820 0.19612840 0.00000000 1.00000000
				4.31796800 -5.57314800 1.73775000 / -0.73996680 -0.67264340 0.00000000 / 255 0 255 255 / 0.57865910 0.48722840 / 0.67264340 -0.73996680 0.00000000 1.00000000
				4.31796800 -5.57314800 1.73775000 / -0.73996680 -0.67264340 0.00000000 / 255 0 255 255 / 0.57865910 0.48722840 / 0.67264340 -0.73996680 0.00000000 1.00000000
				4.31308400 -5.56777600 1.73775000 / -0.73996680 -0.67264340 0.00000000 / 255 0 255 255 / 0.50000000 0.48722840 / 0.67264340 -0.73996680 0.00000000 1.00000000
				4.31308400 -5.56777600 1.73335500 / -0.73996680 -0.67264340 0.00000000 / 255 0 255 255 / 0.50000000 0.51277160 / 0.67264340 -0.73996680 0.00000000 1.00000000
				4.31308400 -5.56777600 1.73335500 / -0.73996680 -0.67264340 0.00000000 / 255 0 255 255 / 0.50000000 0.51277160 / 0.67264340 -0.73996680 0.00000000 1.00000000
				4.31796800 -5.57314800 1.73335500 / -0.73996680 -0.67264340 0.00000000 / 255 0 255 255 / 0.57865910 0.51277160 / 0.67264340 -0.73996680 0.00000000 1.00000000
				4.31308400 -5.56777600 1.73775000 / -0.94174780 0.33631970 0.00000000 / 255 0 255 255 / 0.50000000 0.48722840 / -0.33631970 -0.94174780 0.00000000 1.00000000
				4.31308400 -5.56777600 1.73775000 / -0.94174780 0.33631970 0.00000000 / 255 0 255 255 / 0.50000000 0.48722840 / -0.33631970 -0.94174780 0.00000000 1.00000000
				4.31552500 -5.56094100 1.73775000 / -0.94174790 0.33631980 0.00000000 / 255 0 255 255 / 0.42134090 0.48722840 / -0.33631980 -0.94174780 0.00000000 1.00000000
				4.31552500 -5.56094100 1.73335500 / -0.94174780 0.33631970 0.00000000 / 255 0 255 255 / 0.42134090 0.51277160 / -0.33631970 -0.94174780 0.00000000 1.00000000
				4.31552500 -5.56094100 1.73335500 / -0.94174780 0.33631970 0.00000000 / 255 0 255 255 / 0.42134090 0.51277160 / -0.33631970 -0.94174780 0.00000000 1.00000000
				4.31308400 -5.56777600 1.73335500 / -0.94174790 0.33631980 0.00000000 / 255 0 255 255 / 0.50000000 0.51277160 / -0.33631980 -0.94174780 0.00000000 1.00000000
				4.31552500 -5.56094100 1.73775000 / -0.19609160 0.98058560 0.00000000 / 255 0 255 255 / 0.53933720 0.48722840 / -0.98058560 -0.19609160 0.00000000 1.00000000
				4.31552500 -5.56094100 1.73775000 / -0.19609160 0.98058560 0.00000000 / 255 0 255 255 / 0.53933720 0.48722840 / -0.98058560 -0.19609160 0.00000000 1.00000000
				4.32285100 -5.55947600 1.73775000 / -0.19609160 0.98058560 0.00000000 / 255 0 255 255 / 0.46067810 0.48722840 / -0.98058560 -0.19609160 0.00000000 1.00000000
				4.32285100 -5.55947600 1.73335500 / -0.19609160 0.98058560 0.00000000 / 255 0 255 255 / 0.46067810 0.51277160 / -0.98058560 -0.19609160 0.00000000 1.00000000
				4.32285100 -5.55947600 1.73335500 / -0.19609160 0.98058560 0.00000000 / 255 0 255 255 / 0.46067810 0.51277160 / -0.98058560 -0.19609160 0.00000000 1.00000000
				4.31552500 -5.56094100 1.73335500 / -0.19609160 0.98058560 0.00000000 / 255 0 255 255 / 0.53933720 0.51277160 / -0.98058560 -0.19609160 0.00000000 1.00000000
				4.32285100 -5.55947600 1.73775000 / 0.73997580 0.67263360 0.00000000 / 255 0 255 255 / 0.57865910 0.48722840 / -0.67263360 0.73997570 0.00000000 1.00000000
				4.32285100 -5.55947600 1.73775000 / 0.73997580 0.67263360 0.00000000 / 255 0 255 255 / 0.57865910 0.48722840 / -0.67263360 0.73997570 0.00000000 1.00000000
				4.32773200 -5.56484700 1.73775000 / 0.73997580 0.67263360 0.00000000 / 255 0 255 255 / 0.50000000 0.48722840 / -0.67263360 0.73997580 0.00000000 1.00000000
				4.32773200 -5.56484700 1.73335500 / 0.73997580 0.67263360 0.00000000 / 255 0 255 255 / 0.50000000 0.51277160 / -0.67263360 0.73997570 0.00000000 1.00000000
				4.32773200 -5.56484700 1.73335500 / 0.73997580 0.67263360 0.00000000 / 255 0 255 255 / 0.50000000 0.51277160 / -0.67263360 0.73997570 0.00000000 1.00000000
				4.32285100 -5.55947600 1.73335500 / 0.73997580 0.67263360 0.00000000 / 255 0 255 255 / 0.57865910 0.51277160 / -0.67263360 0.73997580 0.00000000 1.00000000
				4.39560500 -5.56484700 1.73775000 / 0.94172850 -0.33637380 0.00000000 / 255 0 255 255 / 0.50000000 0.48722840 / 0.33637380 0.94172850 0.00000000 1.00000000
				4.39560500 -5.56484700 1.73775000 / 0.94172850 -0.33637380 0.00000000 / 255 0 255 255 / 0.50000000 0.48722840 / 0.33637380 0.94172850 0.00000000 1.00000000
				4.39316300 -5.57168300 1.73775000 / 0.94172850 -0.33637380 0.00000000 / 255 0 255 255 / 0.42134090 0.48722840 / 0.33637380 0.94172850 0.00000000 1.00000000
				4.39316300 -5.57168300 1.73335500 / 0.94172850 -0.33637380 0.00000000 / 255 0 255 255 / 0.42134090 0.51277160 / 0.33637380 0.94172850 0.00000000 1.00000000
				4.39316300 -5.57168300 1.73335500 / 0.94172850 -0.33637380 0.00000000 / 255 0 255 255 / 0.42134090 0.51277160 / 0.33637380 0.94172850 0.00000000 1.00000000
				4.39560500 -5.56484700 1.73335500 / 0.94172850 -0.33637380 0.00000000 / 255 0 255 255 / 0.50000000 0.51277160 / 0.33637380 0.94172850 0.00000000 1.00000000
				4.39316300 -5.57168300 1.73775000 / 0.19611610 -0.98058070 0.00000000 / 255 0 255 255 / 0.53933720 0.48722840 / 0.98058070 0.19611610 0.00000000 1.00000000
				4.39316300 -5.57168300 1.73775000 / 0.19611610 -0.98058070 0.00000000 / 255 0 255 255 / 0.53933720 0.48722840 / 0.98058070 0.19611610 0.00000000 1.00000000
				4.38583800 -5.57314800 1.73775000 / 0.19611610 -0.98058070 0.00000000 / 255 0 255 255 / 0.46066280 0.48722840 / 0.98058070 0.19611610 0.00000000 1.00000000
				4.38583800 -5.57314800 1.73335500 / 0.19611610 -0.98058070 0.00000000 / 255 0 255 255 / 0.46066280 0.51277160 / 0.98058070 0.19611610 0.00000000 1.00000000
				4.38583800 -5.57314800 1.73335500 / 0.19611610 -0.98058070 0.00000000 / 255 0 255 255 / 0.46066280 0.51277160 / 0.98058070 0.19611610 0.00000000 1.00000000
				4.39316300 -5.57168300 1.73335500 / 0.19611610 -0.98058070 0.00000000 / 255 0 255 255 / 0.53933720 0.51277160 / 0.98058070 0.19611610 0.00000000 1.00000000
				4.38583800 -5.57314800 1.73775000 / -0.73999950 -0.67260740 0.00000000 / 255 0 255 255 / 0.57865910 0.48722840 / 0.67260740 -0.73999950 0.00000000 1.00000000
				4.38583800 -5.57314800 1.73775000 / -0.73999950 -0.67260740 0.00000000 / 255 0 255 255 / 0.57865910 0.48722840 / 0.67260740 -0.73999950 0.00000000 1.00000000
				4.38095600 -5.56777600 1.73775000 / -0.73999950 -0.67260740 0.00000000 / 255 0 255 255 / 0.50000000 0.48722840 / 0.67260740 -0.73999950 0.00000000 1.00000000
				4.38095600 -5.56777600 1.73335500 / -0.73999950 -0.67260740 0.00000000 / 255 0 255 255 / 0.50000000 0.51277160 / 0.67260740 -0.73999950 0.00000000 1.00000000
				4.38095600 -5.56777600 1.73335500 / -0.73999950 -0.67260740 0.00000000 / 255 0 255 255 / 0.50000000 0.51277160 / 0.67260740 -0.73999950 0.00000000 1.00000000
				4.38583800 -5.57314800 1.73335500 / -0.73999950 -0.67260740 0.00000000 / 255 0 255 255 / 0.57865910 0.51277160 / 0.67260740 -0.73999950 0.00000000 1.00000000
				4.38095600 -5.56777600 1.73775000 / -0.94170620 0.33643620 0.00000000 / 255 0 255 255 / 0.50000000 0.48722840 / -0.33643620 -0.94170620 0.00000000 1.00000000
				4.38095600 -5.56777600 1.73775000 / -0.94170620 0.33643620 0.00000000 / 255 0 255 255 / 0.50000000 0.48722840 / -0.33643620 -0.94170620 0.00000000 1.00000000
				4.38339800 -5.56094100 1.73775000 / -0.94170620 0.33643630 0.00000000 / 255 0 255 255 / 0.42134090 0.48722840 / -0.33643630 -0.94170620 0.00000000 1.00000000
				4.38339800 -5.56094100 1.73335500 / -0.94170620 0.33643620 0.00000000 / 255 0 255 255 / 0.42134090 0.51277160 / -0.33643620 -0.94170620 0.00000000 1.00000000
				4.38339800 -5.56094100 1.73335500 / -0.94170620 0.33643620 0.00000000 / 255 0 255 255 / 0.42134090 0.51277160 / -0.33643620 -0.94170620 0.00000000 1.00000000
				4.38095600 -5.56777600 1.73335500 / -0.94170620 0.33643630 0.00000000 / 255 0 255 255 / 0.50000000 0.51277160 / -0.33643630 -0.94170620 0.00000000 1.00000000
				4.38339800 -5.56094100 1.73775000 / -0.19611610 0.98058070 0.00000000 / 255 0 255 255 / 0.53933720 0.48722840 / -0.98058070 -0.19611610 0.00000000 1.00000000
				4.38339800 -5.56094100 1.73775000 / -0.19611610 0.98058070 0.00000000 / 255 0 255 255 / 0.53933720 0.48722840 / -0.98058070 -0.19611610 0.00000000 1.00000000
				4.39072200 -5.55947600 1.73775000 / -0.19611610 0.98058070 0.00000000 / 255 0 255 255 / 0.46067810 0.48722840 / -0.98058070 -0.19611610 0.00000000 1.00000000
				4.39072200 -5.55947600 1.73335500 / -0.19611610 0.98058070 0.00000000 / 255 0 255 255 / 0.46067810 0.51277160 / -0.98058070 -0.19611610 0.00000000 1.00000000
				4.39072200 -5.55947600 1.73335500 / -0.19611610 0.98058070 0.00000000 / 255 0 255 255 / 0.46067810 0.51277160 / -0.98058070 -0.19611610 0.00000000 1.00000000
				4.38339800 -5.56094100 1.73335500 / -0.19611610 0.98058070 0.00000000 / 255 0 255 255 / 0.53933720 0.51277160 / -0.98058070 -0.19611610 0.00000000 1.00000000
				4.39072200 -5.55947600 1.73775000 / 0.73991030 0.67270550 0.00000000 / 255 0 255 255 / 0.57865910 0.48722840 / -0.67270550 0.73991030 0.00000000 1.00000000
				4.39072200 -5.55947600 1.73775000 / 0.73991030 0.67270550 0.00000000 / 255 0 255 255 / 0.57865910 0.48722840 / -0.67270550 0.73991030 0.00000000 1.00000000
				4.39560500 -5.56484700 1.73775000 / 0.73991030 0.67270550 0.00000000 / 255 0 255 255 / 0.50000000 0.48722840 / -0.67270550 0.73991030 0.00000000 1.00000000
				4.39560500 -5.56484700 1.73335500 / 0.73991030 0.67270550 0.00000000 / 255 0 255 255 / 0.50000000 0.51277160 / -0.67270550 0.73991030 0.00000000 1.00000000
				4.39560500 -5.56484700 1.73335500 / 0.73991030 0.67270550 0.00000000 / 255 0 255 255 / 0.50000000 0.51277160 / -0.67270550 0.73991030 0.00000000 1.00000000
				4.39072200 -5.55947600 1.73335500 / 0.73991030 0.67270550 0.00000000 / 255 0 255 255 / 0.57865910 0.51277160 / -0.67270550 0.73991030 0.00000000 1.00000000
				4.36240100 -5.55947600 1.73775000 / 1.00000000 0.00000000 0.00000000 / 255 0 255 255 / -0.28169250 0.33567810 / 0.00000000 1.00000000 0.00000000 1.00000000
				4.36240100 -5.55947600 1.73775000 / 1.00000000 0.00000000 0.00000000 / 255 0 255 255 / -0.28169250 0.33567810 / 0.00000000 1.00000000 0.00000000 1.00000000
				4.36240100 -5.57314800 1.73775000 / 1.00000000 0.00000000 0.00000000 / 255 0 255 255 / -0.30404660 0.33567810 / 0.00000000 1.00000000 0.00000000 1.00000000
				4.36240100 -5.57314800 1.51753500 / 1.00000000 0.00000000 0.00000000 / 255 0 255 255 / -0.30404660 0.69075010 / 0.00000000 1.00000000 0.00000000 1.00000000
				4.36240100 -5.57314800 1.51753500 / 1.00000000 0.00000000 0.00000000 / 255 0 255 255 / -0.30404660 0.69075010 / 0.00000000 1.00000000 0.00000000 1.00000000
				4.36240100 -5.55947600 1.51753500 / 1.00000000 0.00000000 0.00000000 / 255 0 255 255 / -0.28169250 0.69075010 / 0.00000000 1.00000000 0.00000000 1.00000000
				4.36240100 -5.57314800 1.73775000 / 0.00000000 -1.00000000 0.00000000 / 255 0 255 255 / -3.19882200 0.33567810 / 1.00000000 0.00000000 0.00000000 1.00000000
				4.36240100 -5.57314800 1.73775000 / 0.00000000 -1.00000000 0.00000000 / 255 0 255 255 / -3.19882200 0.33567810 / 1.00000000 0.00000000 0.00000000 1.00000000
				4.34872900 -5.57314800 1.73775000 / 0.00000000 -1.00000000 0.00000000 / 255 0 255 255 / -3.20990000 0.33567810 / 1.00000000 0.00000000 0.00000000 1.00000000
				4.34872900 -5.57314800 1.51753500 / 0.00000000 -1.00000000 0.00000000 / 255 0 255 255 / -3.20990000 0.69075010 / 1.00000000 0.00000000 0.00000000 1.00000000
				4.34872900 -5.57314800 1.51753500 / 0.00000000 -1.00000000 0.00000000 / 255 0 255 255 / -3.20990000 0.69075010 / 1.00000000 0.00000000 0.00000000 1.00000000
				4.36240100 -5.57314800 1.51753500 / 0.00000000 -1.00000000 0.00000000 / 255 0 255 255 / -3.19882200 0.69075010 / 1.00000000 0.00000000 0.00000000 1.00000000
				4.34872900 -5.57314800 1.73775000 / -1.00000000 0.00000000 0.00000000 / 255 0 255 255 / 1.29933200 0.33567810 / 0.00000000 -1.00000000 0.00000000 1.00000000
				4.34872900 -5.57314800 1.73775000 / -1.00000000 0.00000000 0.00000000 / 255 0 255 255 / 1.29933200 0.33567810 / 0.00000000 -1.00000000 0.00000000 1.00000000
				4.34872900 -5.55947600 1.73775000 / -1.00000000 0.00000000 0.00000000 / 255 0 255 255 / 1.27697800 0.33567810 / 0.00000000 -1.00000000 0.00000000 1.00000000
				4.34872900 -5.55947600 1.51753500 / -1.00000000 0.00000000 0.00000000 / 255 0 255 255 / 1.27697800 0.69075010 / 0.00000000 -1.00000000 0.00000000 1.00000000
				4.34872900 -5.55947600 1.51753500 / -1.00000000 0.00000000 0.00000000 / 255 0 255 255 / 1.27697800 0.69075010 / 0.00000000 -1.00000000 0.00000000 1.00000000
				4.34872900 -5.57314800 1.51753500 / -1.00000000 0.00000000 0.00000000 / 255 0 255 255 / 1.29933200 0.69075010 / 0.00000000 -1.00000000 0.00000000 1.00000000
				4.34872900 -5.55947600 1.73775000 / 0.00000000 1.00000000 0.00000000 / 255 0 255 255 / 4.20753500 0.33567810 / -1.00000000 0.00000000 0.00000000 1.00000000
				4.34872900 -5.55947600 1.73775000 / 0.00000000 1.00000000 0.00000000 / 255 0 255 255 / 4.20753500 0.33567810 / -1.00000000 0.00000000 0.00000000 1.00000000
				4.36240100 -5.55947600 1.73775000 / 0.00000000 1.00000000 0.00000000 / 255 0 255 255 / 4.19645700 0.33567810 / -1.00000000 0.00000000 0.00000000 1.00000000
				4.36240100 -5.55947600 1.51753500 / 0.00000000 1.00000000 0.00000000 / 255 0 255 255 / 4.19645700 0.69075010 / -1.00000000 0.00000000 0.00000000 1.00000000
				4.36240100 -5.55947600 1.51753500 / 0.00000000 1.00000000 0.00000000 / 255 0 255 255 / 4.19645700 0.69075010 / -1.00000000 0.00000000 0.00000000 1.00000000
				4.34872900 -5.55947600 1.51753500 / 0.00000000 1.00000000 0.00000000 / 255 0 255 255 / 4.20753500 0.69075010 / -1.00000000 0.00000000 0.00000000 1.00000000
				4.51572200 2.52402000 1.44526900 / 0.00000000 0.00000000 -1.00000000 / 255 0 255 255 / 0.99949650 0.99949650 / 1.00000000 0.00000130 0.00000000 1.00000000
				4.51572200 2.52402000 1.44526900 / 0.00000000 0.00000000 -1.00000000 / 255 0 255 255 / 0.99949650 0.99949650 / 1.00000000 0.00000130 0.00000000 1.00000000
				4.51572200 2.27255600 1.44526900 / 0.00000000 0.00000000 -1.00000000 / 255 0 255 255 / 0.99949650 0.15357970 / 1.00000000 0.00000260 0.00000000 1.00000000
				2.74326100 2.27255600 1.44526900 / 0.00000000 0.00000000 -1.00000000 / 255 0 255 255 / 0.00050350 0.15359500 / 1.00000000 0.00000130 0.00000000 1.00000000
				2.74326100 2.27255600 1.44526900 / 0.00000000 0.00000000 -1.00000000 / 255 0 255 255 / 0.00050350 0.15359500 / 1.00000000 0.00000130 0.00000000 1.00000000
				2.74326100 2.52402000 1.44526900 / 0.00000000 0.00000000 -1.00000000 / 255 0 255 255 / 0.00050350 0.99949650 / 1.00000000 0.00000000 0.00000000 1.00000000
				4.51572200 2.49667700 1.51851100 / 0.00000000 0.00000000 1.00000000 / 255 0 255 255 / 0.00050350 0.90705870 / -1.00000000 0.00000000 0.00000000 1.00000000
				4.51572200 2.49667700 1.51851100 / 0.00000000 0.00000000 1.00000000 / 255 0 255 255 / 0.00050350 0.90705870 / -1.00000000 0.00000000 0.00000000 1.00000000
				2.74326100 2.49667700 1.51851100 / 0.00000000 0.00000000 1.00000000 / 255 0 255 255 / 0.99949650 0.90705870 / -1.00000000 0.00000000 0.00000000 1.00000000
				2.74326100 2.29989900 1.51851100 / 0.00000000 0.00000000 1.00000000 / 255 0 255 255 / 0.99949650 0.24601750 / -1.00000000 0.00000000 0.00000000 1.00000000
				2.74326100 2.29989900 1.51851100 / 0.00000000 0.00000000 1.00000000 / 255 0 255 255 / 0.99949650 0.24601750 / -1.00000000 0.00000000 0.00000000 1.00000000
				4.51572200 2.29989900 1.51851100 / 0.00000000 0.00000000 1.00000000 / 255 0 255 255 / 0.00050350 0.24601750 / -1.00000000 0.00000000 0.00000000 1.00000000
				2.78183500 2.32968500 1.39497600 / 0.00000000 0.00000000 -0.99999980 / 255 0 255 255 / 0.00000000 1.00000000 / -1.00000000 0.00000000 0.00000000 1.00000000
				2.78183500 2.32968500 1.39497600 / 0.00000000 0.00000000 -0.99999980 / 255 0 255 255 / 0.00000000 1.00000000 / -1.00000000 0.00000000 0.00000000 1.00000000
				2.75302600 2.32968500 1.39497600 / 0.00000000 0.00000000 -1.00000000 / 255 0 255 255 / 1.00000000 1.00000000 / -1.00000000 0.00000000 0.00000000 1.00000000
				2.75302600 2.46689200 1.39497600 / 0.00000000 0.00000000 -0.99999980 / 255 0 255 255 / 1.00000000 0.00000000 / -1.00000000 0.00000000 0.00000000 1.00000000
				2.75302600 2.46689200 1.39497600 / 0.00000000 0.00000000 -0.99999980 / 255 0 255 255 / 1.00000000 0.00000000 / -1.00000000 0.00000000 0.00000000 1.00000000
				2.78183500 2.46689200 1.39497600 / 0.00000000 0.00000000 -1.00000000 / 255 0 255 255 / 0.00000000 0.00000000 / -1.00000000 0.00000000 0.00000000 1.00000000
				2.78183500 2.31064100 1.44526900 / 0.00000000 -0.93519900 -0.35412270 / 255 0 255 255 / 0.00000000 1.00000000 / -1.00000000 0.00000000 0.00000000 1.00000000
				2.78183500 2.31064100 1.44526900 / 0.00000000 -0.93519900 -0.35412270 / 255 0 255 255 / 0.00000000 1.00000000 / -1.00000000 0.00000000 0.00000000 1.00000000
				2.75302600 2.31064100 1.44526900 / 0.00000000 -0.93519900 -0.35412280 / 255 0 255 255 / 1.00000000 1.00000000 / -1.00000000 0.00000000 0.00000000 1.00000000
				2.75302600 2.32968500 1.39497600 / 0.00000000 -0.93519900 -0.35412270 / 255 0 255 255 / 1.00000000 0.00000000 / -1.00000000 0.00000000 0.00000000 1.00000000
				2.75302600 2.32968500 1.39497600 / 0.00000000 -0.93519900 -0.35412270 / 255 0 255 255 / 1.00000000 0.00000000 / -1.00000000 0.00000000 0.00000000 1.00000000
				2.78183500 2.32968500 1.39497600 / 0.00000000 -0.93519900 -0.35412280 / 255 0 255 255 / 0.00000000 0.00000000 / -1.00000000 0.00000000 0.00000000 1.00000000
				2.75302600 2.31064100 1.44526900 / -1.00000000 0.00000000 0.00000000 / 255 0 255 255 / 0.00000000 1.00000000 / 0.00000000 1.00000000 0.00000000 1.00000000
				2.75302600 2.31064100 1.44526900 / -1.00000000 0.00000000 0.00000000 / 255 0 255 255 / 0.00000000 1.00000000 / 0.00000000 1.00000000 0.00000000 1.00000000
				2.75302600 2.48593400 1.44526900 / -1.00000000 0.00000000 0.00000000 / 255 0 255 255 / 1.00000000 1.00000000 / 0.00000000 1.00000000 0.00000000 1.00000000
				2.75302600 2.46689200 1.39497600 / -1.00000000 0.00000000 0.00000000 / 255 0 255 255 / 1.00000000 0.00000000 / 0.00000000 1.00000000 0.00000000 1.00000000
				2.75302600 2.46689200 1.39497600 / -1.00000000 0.00000000 0.00000000 / 255 0 255 255 / 1.00000000 0.00000000 / 0.00000000 1.00000000 0.00000000 1.00000000
				2.75302600 2.32968500 1.39497600 / -1.00000000 0.00000000 0.00000000 / 255 0 255 255 / 0.00000000 0.00000000 / 0.00000000 1.00000000 0.00000000 1.00000000
				2.75302600 2.48593400 1.44526900 / 0.00000000 0.93521080 -0.35409170 / 255 0 255 255 / 0.00000000 1.00000000 / 1.00000000 0.00000000 0.00000000 1.00000000
				2.75302600 2.48593400 1.44526900 / 0.00000000 0.93521080 -0.35409170 / 255 0 255 255 / 0.00000000 1.00000000 / 1.00000000 0.00000000 0.00000000 1.00000000
				2.78183500 2.48593400 1.44526900 / 0.00000000 0.93521070 -0.35409170 / 255 0 255 255 / 1.00000000 1.00000000 / 1.00000000 0.00000000 0.00000000 1.00000000
				2.78183500 2.46689200 1.39497600 / 0.00000000 0.93521080 -0.35409170 / 255 0 255 255 / 1.00000000 0.00000000 / 1.00000000 0.00000000 0.00000000 1.00000000
				2.78183500 2.46689200 1.39497600 / 0.00000000 0.93521080 -0.35409170 / 255 0 255 255 / 1.00000000 0.00000000 / 1.00000000 0.00000000 0.00000000 1.00000000
				2.75302600 2.46689200 1.39497600 / 0.00000000 0.93521070 -0.35409170 / 255 0 255 255 / 0.00000000 0.00000000 / 1.00000000 0.00000000 0.00000000 1.00000000
				2.78183500 2.48593400 1.44526900 / 1.00000000 0.00000000 0.00000000 / 255 0 255 255 / 0.00000000 1.00000000 / 0.00000000 -1.00000000 0.00000000 1.00000000
				2.78183500 2.48593400 1.44526900 / 1.00000000 0.00000000 0.00000000 / 255 0 255 255 / 0.00000000 1.00000000 / 0.00000000 -1.00000000 0.00000000 1.00000000
				2.78183500 2.31064100 1.44526900 / 1.00000000 0.00000000 0.00000000 / 255 0 255 255 / 1.00000000 1.00000000 / 0.00000000 -1.00000000 0.00000000 1.00000000
				2.78183500 2.32968500 1.39497600 / 0.99999980 0.00000000 0.00000000 / 255 0 255 255 / 1.00000000 0.00000000 / 0.00000000 -1.00000000 0.00000000 1.00000000
				2.78183500 2.32968500 1.39497600 / 0.99999980 0.00000000 0.00000000 / 255 0 255 255 / 1.00000000 0.00000000 / 0.00000000 -1.00000000 0.00000000 1.00000000
				2.78183500 2.46689200 1.39497600 / 1.00000000 0.00000000 0.00000000 / 255 0 255 255 / 0.00000000 0.00000000 / 0.00000000 -1.00000000 0.00000000 1.00000000
				4.49814400 2.32968500 1.39497600 / 0.00000000 0.00000000 -1.00000000 / 255 0 255 255 / 0.00000000 1.00000000 / -1.00000000 0.00000000 0.00000000 1.00000000
				4.49814400 2.32968500 1.39497600 / 0.00000000 0.00000000 -1.00000000 / 255 0 255 255 / 0.00000000 1.00000000 / -1.00000000 0.00000000 0.00000000 1.00000000
				4.46982300 2.32968500 1.39497600 / 0.00000000 0.00000000 -1.00000000 / 255 0 255 255 / 1.00000000 1.00000000 / -1.00000000 0.00000000 0.00000000 1.00000000
				4.46982300 2.46689200 1.39497600 / 0.00000000 0.00000000 -1.00000000 / 255 0 255 255 / 1.00000000 0.00000000 / -1.00000000 0.00000000 0.00000000 1.00000000
				4.46982300 2.46689200 1.39497600 / 0.00000000 0.00000000 -1.00000000 / 255 0 255 255 / 1.00000000 0.00000000 / -1.00000000 0.00000000 0.00000000 1.00000000
				4.49814400 2.46689200 1.39497600 / 0.00000000 0.00000000 -1.00000000 / 255 0 255 255 / 0.00000000 0.00000000 / -1.00000000 0.00000000 0.00000000 1.00000000
				4.49814400 2.31064100 1.44526900 / 0.00000000 -0.93519900 -0.35412270 / 255 0 255 255 / 0.00000000 1.00000000 / -1.00000000 0.00000000 0.00000000 1.00000000
				4.49814400 2.31064100 1.44526900 / 0.00000000 -0.93519900 -0.35412270 / 255 0 255 255 / 0.00000000 1.00000000 / -1.00000000 0.00000000 0.00000000 1.00000000
				4.46982300 2.31064100 1.44526900 / 0.00000000 -0.93519900 -0.35412270 / 255 0 255 255 / 1.00000000 1.00000000 / -1.00000000 0.00000000 0.00000000 1.00000000
				4.46982300 2.32968500 1.39497600 / 0.00000000 -0.93519900 -0.35412270 / 255 0 255 255 / 1.00000000 0.00000000 / -1.00000000 0.00000000 0.00000000 1.00000000
				4.46982300 2.32968500 1.39497600 / 0.00000000 -0.93519900 -0.35412270 / 255 0 255 255 / 1.00000000 0.00000000 / -1.00000000 0.00000000 0.00000000 1.00000000
				4.49814400 2.32968500 1.39497600 / 0.00000000 -0.93519900 -0.35412270 / 255 0 255 255 / 0.00000000 0.00000000 / -1.00000000 0.00000000 0.00000000 1.00000000
				4.46982300 2.31064100 1.44526900 / -1.00000000 0.00000000 0.00000000 / 255 0 255 255 / 0.00000000 1.00000000 / 0.00000000 1.00000000 0.00000000 1.00000000
				4.46982300 2.31064100 1.44526900 / -1.00000000 0.00000000 0.00000000 / 255 0 255 255 / 0.00000000 1.00000000 / 0.00000000 1.00000000 0.00000000 1.00000000
				4.46982300 2.48593400 1.44526900 / -1.00000000 0.00000000 0.00000000 / 255 0 255 255 / 1.00000000 1.00000000 / 0.00000000 1.00000000 0.00000000 1.00000000
				4.46982300 2.46689200 1.39497600 / -1.00000000 0.00000000 0.00000000 / 255 0 255 255 / 1.00000000 0.00000000 / 0.00000000 1.00000000 0.00000000 1.00000000
				4.46982300 2.46689200 1.39497600 / -1.00000000 0.00000000 0.00000000 / 255 0 255 255 / 1.00000000 0.00000000 / 0.00000000 1.00000000 0.00000000 1.00000000
				4.46982300 2.32968500 1.39497600 / -1.00000000 0.00000000 0.00000000 / 255 0 255 255 / 0.00000000 0.00000000 / 0.00000000 1.00000000 0.00000000 1.00000000
				4.46982300 2.48593400 1.44526900 / 0.00000000 0.93521070 -0.35409170 / 255 0 255 255 / 0.00000000 1.00000000 / 1.00000000 0.00000000 0.00000000 1.00000000
				4.46982300 2.48593400 1.44526900 / 0.00000000 0.93521070 -0.35409170 / 255 0 255 255 / 0.00000000 1.00000000 / 1.00000000 0.00000000 0.00000000 1.00000000
				4.49814400 2.48593400 1.44526900 / 0.00000000 0.93521070 -0.35409170 / 255 0 255 255 / 1.00000000 1.00000000 / 1.00000000 0.00000000 0.00000000 1.00000000
				4.49814400 2.46689200 1.39497600 / 0.00000000 0.93521070 -0.35409170 / 255 0 255 255 / 1.00000000 0.00000000 / 1.00000000 0.00000000 0.00000000 1.00000000
				4.49814400 2.46689200 1.39497600 / 0.00000000 0.93521070 -0.35409170 / 255 0 255 255 / 1.00000000 0.00000000 / 1.00000000 0.00000000 0.00000000 1.00000000
				4.46982300 2.46689200 1.39497600 / 0.00000000 0.93521070 -0.35409170 / 255 0 255 255 / 0.00000000 0.00000000 / 1.00000000 0.00000000 0.00000000 1.00000000
				4.49814400 2.48593400 1.44526900 / 1.00000000 0.00000000 0.00000000 / 255 0 255 255 / 0.00000000 1.00000000 / 0.00000000 -1.00000000 0.00000000 1.00000000
				4.49814400 2.48593400 1.44526900 / 1.00000000 0.00000000 0.00000000 / 255 0 255 255 / 0.00000000 1.00000000 / 0.00000000 -1.00000000 0.00000000 1.00000000
				4.49814400 2.31064100 1.44526900 / 1.00000000 0.00000000 0.00000000 / 255 0 255 255 / 1.00000000 1.00000000 / 0.00000000 -1.00000000 0.00000000 1.00000000
				4.49814400 2.32968500 1.39497600 / 0.99999980 0.00000000 0.00000000 / 255 0 255 255 / 1.00000000 0.00000000 / 0.00000000 -1.00000000 0.00000000 1.00000000
				4.49814400 2.32968500 1.39497600 / 0.99999980 0.00000000 0.00000000 / 255 0 255 255 / 1.00000000 0.00000000 / 0.00000000 -1.00000000 0.00000000 1.00000000
				4.49814400 2.46689200 1.39497600 / 1.00000000 0.00000000 0.00000000 / 255 0 255 255 / 0.00000000 0.00000000 / 0.00000000 -1.00000000 0.00000000 1.00000000
				2.90048700 2.39950900 1.73775000 / 1.00000000 0.00000000 0.00000000 / 255 0 255 255 / -0.28169250 0.33567810 / 0.00000000 1.00000000 0.00000000 1.00000000
				2.90048700 2.39950900 1.73775000 / 1.00000000 0.00000000 0.00000000 / 255 0 255 255 / -0.28169250 0.33567810 / 0.00000000 1.00000000 0.00000000 1.00000000
				2.90048700 2.38583700 1.73775000 / 1.00000000 0.00000000 0.00000000 / 255 0 255 255 / -0.30404660 0.33567810 / 0.00000000 1.00000000 0.00000000 1.00000000
				2.90048700 2.38583700 1.51753500 / 1.00000000 0.00000000 0.00000000 / 255 0 255 255 / -0.30404660 0.69075010 / 0.00000000 1.00000000 0.00000000 1.00000000
				2.90048700 2.38583700 1.51753500 / 1.00000000 0.00000000 0.00000000 / 255 0 255 255 / -0.30404660 0.69075010 / 0.00000000 1.00000000 0.00000000 1.00000000
				2.90048700 2.39950900 1.51753500 / 1.00000000 0.00000000 0.00000000 / 255 0 255 255 / -0.28169250 0.69075010 / 0.00000000 1.00000000 0.00000000 1.00000000
				2.90048700 2.38583700 1.73775000 / 0.00000000 -1.00000000 0.00000000 / 255 0 255 255 / -3.19882200 0.33567810 / 1.00000000 0.00000000 0.00000000 1.00000000
				2.90048700 2.38583700 1.73775000 / 0.00000000 -1.00000000 0.00000000 / 255 0 255 255 / -3.19882200 0.33567810 / 1.00000000 0.00000000 0.00000000 1.00000000
				2.88681600 2.38583700 1.73775000 / 0.00000000 -1.00000000 0.00000000 / 255 0 255 255 / -3.20990000 0.33567810 / 1.00000000 0.00000000 0.00000000 1.00000000
				2.88681600 2.38583700 1.51753500 / 0.00000000 -1.00000000 0.00000000 / 255 0 255 255 / -3.20990000 0.69075010 / 1.00000000 0.00000000 0.00000000 1.00000000
				2.88681600 2.38583700 1.51753500 / 0.00000000 -1.00000000 0.00000000 / 255 0 255 255 / -3.20990000 0.69075010 / 1.00000000 0.00000000 0.00000000 1.00000000
				2.90048700 2.38583700 1.51753500 / 0.00000000 -1.00000000 0.00000000 / 255 0 255 255 / -3.19882200 0.69075010 / 1.00000000 0.00000000 0.00000000 1.00000000
				2.88681600 2.38583700 1.73775000 / -1.00000000 0.00000000 0.00000000 / 255 0 255 255 / 1.29933200 0.33567810 / 0.00000000 -1.00000000 0.00000000 1.00000000
				2.88681600 2.38583700 1.73775000 / -1.00000000 0.00000000 0.00000000 / 255 0 255 255 / 1.29933200 0.33567810 / 0.00000000 -1.00000000 0.00000000 1.00000000
				2.88681600 2.39950900 1.73775000 / -1.00000000 0.00000000 0.00000000 / 255 0 255 255 / 1.27697800 0.33567810 / 0.00000000 -1.00000000 0.00000000 1.00000000
				2.88681600 2.39950900 1.51753500 / -1.00000000 0.00000000 0.00000000 / 255 0 255 255 / 1.27697800 0.69075010 / 0.00000000 -1.00000000 0.00000000 1.00000000
				2.88681600 2.39950900 1.51753500 / -1.00000000 0.00000000 0.00000000 / 255 0 255 255 / 1.27697800 0.69075010 / 0.00000000 -1.00000000 0.00000000 1.00000000
				2.88681600 2.38583700 1.51753500 / -1.00000000 0.00000000 0.00000000 / 255 0 255 255 / 1.29933200 0.69075010 / 0.00000000 -1.00000000 0.00000000 1.00000000
				2.88681600 2.39950900 1.73775000 / 0.00000000 1.00000000 0.00000000 / 255 0 255 255 / 4.20753500 0.33567810 / -1.00000000 0.00000000 0.00000000 1.00000000
				2.88681600 2.39950900 1.73775000 / 0.00000000 1.00000000 0.00000000 / 255 0 255 255 / 4.20753500 0.33567810 / -1.00000000 0.00000000 0.00000000 1.00000000
				2.90048700 2.39950900 1.73775000 / 0.00000000 1.00000000 0.00000000 / 255 0 255 255 / 4.19645700 0.33567810 / -1.00000000 0.00000000 0.00000000 1.00000000
				2.90048700 2.39950900 1.51753500 / 0.00000000 1.00000000 0.00000000 / 255 0 255 255 / 4.19645700 0.69075010 / -1.00000000 0.00000000 0.00000000 1.00000000
				2.90048700 2.39950900 1.51753500 / 0.00000000 1.00000000 0.00000000 / 255 0 255 255 / 4.19645700 0.69075010 / -1.00000000 0.00000000 0.00000000 1.00000000
				2.88681600 2.39950900 1.51753500 / 0.00000000 1.00000000 0.00000000 / 255 0 255 255 / 4.20753500 0.69075010 / -1.00000000 0.00000000 0.00000000 1.00000000
				2.94101500 2.40341500 1.75191000 / 0.99999980 0.00000000 0.00000000 / 255 0 255 255 / 0.51956180 0.36059570 / 0.00000000 1.00000000 0.00000000 1.00000000
				2.94101500 2.40341500 1.75191000 / 0.99999980 0.00000000 0.00000000 / 255 0 255 255 / 0.51956180 0.36059570 / 0.00000000 1.00000000 0.00000000 1.00000000
				2.94101500 2.38193100 1.75191000 / 1.00000000 0.00000000 0.00000000 / 255 0 255 255 / 0.36059570 0.36059570 / 0.00000000 1.00000000 0.00000000 1.00000000
				2.94101500 2.38193100 1.73726100 / 0.99999980 0.00000000 0.00000000 / 255 0 255 255 / 0.36059570 0.63940430 / 0.00000000 1.00000000 0.00000000 1.00000000
				2.94101500 2.38193100 1.73726100 / 0.99999980 0.00000000 0.00000000 / 255 0 255 255 / 0.36059570 0.63940430 / 0.00000000 1.00000000 0.00000000 1.00000000
				2.94101500 2.40341500 1.73726100 / 1.00000000 0.00000000 0.00000000 / 255 0 255 255 / 0.51956180 0.63940430 / 0.00000000 1.00000000 0.00000000 1.00000000
				2.94101500 2.38193100 1.75191000 / 0.00000000 -1.00000000 0.00000000 / 255 0 255 255 / 0.62362670 0.36059570 / 1.00000000 0.00000000 0.00000000 1.00000000
				2.94101500 2.38193100 1.75191000 / 0.00000000 -1.00000000 0.00000000 / 255 0 255 255 / 0.62362670 0.36059570 / 1.00000000 0.00000000 0.00000000 1.00000000
				2.84628800 2.38193100 1.75191000 / 0.00000000 -1.00000000 0.00000000 / 255 0 255 255 / 0.36059570 0.36059570 / 1.00000000 0.00000000 0.00000000 1.00000000
				2.84628800 2.38193100 1.73726100 / 0.00000000 -1.00000000 0.00000000 / 255 0 255 255 / 0.36059570 0.63940430 / 1.00000000 0.00000000 0.00000000 1.00000000
				2.84628800 2.38193100 1.73726100 / 0.00000000 -1.00000000 0.00000000 / 255 0 255 255 / 0.36059570 0.63940430 / 1.00000000 0.00000000 0.00000000 1.00000000
				2.94101500 2.38193100 1.73726100 / 0.00000000 -1.00000000 0.00000000 / 255 0 255 255 / 0.62362670 0.63940430 / 1.00000000 0.00000000 0.00000000 1.00000000
				2.84628800 2.38193100 1.75191000 / -0.99999980 0.00000000 0.00000000 / 255 0 255 255 / 0.51956180 0.36059570 / 0.00000000 -1.00000000 0.00000000 1.00000000
				2.84628800 2.38193100 1.75191000 / -0.99999980 0.00000000 0.00000000 / 255 0 255 255 / 0.51956180 0.36059570 / 0.00000000 -1.00000000 0.00000000 1.00000000
				2.84628800 2.40341500 1.75191000 / -1.00000000 0.00000000 0.00000000 / 255 0 255 255 / 0.36059570 0.36059570 / 0.00000000 -1.00000000 0.00000000 1.00000000
				2.84628800 2.40341500 1.73726100 / -0.99999980 0.00000000 0.00000000 / 255 0 255 255 / 0.36061100 0.63940430 / 0.00000000 -1.00000000 0.00000000 1.00000000
				2.84628800 2.40341500 1.73726100 / -0.99999980 0.00000000 0.00000000 / 255 0 255 255 / 0.36061100 0.63940430 / 0.00000000 -1.00000000 0.00000000 1.00000000
				2.84628800 2.38193100 1.73726100 / -1.00000000 0.00000000 0.00000000 / 255 0 255 255 / 0.51956180 0.63940430 / 0.00000000 -1.00000000 0.00000000 1.00000000
				2.84628800 2.40341500 1.75191000 / 0.00000000 1.00000000 0.00000000 / 255 0 255 255 / 0.62362670 0.36059570 / -1.00000000 0.00000000 0.00000000 1.00000000
				2.84628800 2.40341500 1.75191000 / 0.00000000 1.00000000 0.00000000 / 255 0 255 255 / 0.62362670 0.36059570 / -1.00000000 0.00000000 0.00000000 1.00000000
				2.94101500 2.40341500 1.75191000 / 0.00000000 1.00000000 0.00000000 / 255 0 255 255 / 0.36059570 0.36059570 / -1.00000000 0.00000000 0.00000000 1.00000000
				2.94101500 2.40341500 1.73726100 / 0.00000000 1.00000000 0.00000000 / 255 0 255 255 / 0.36059570 0.63940430 / -1.00000000 0.00000000 0.00000000 1.00000000
				2.94101500 2.40341500 1.73726100 / 0.00000000 1.00000000 0.00000000 / 255 0 255 255 / 0.36059570 0.63940430 / -1.00000000 0.00000000 0.00000000 1.00000000
				2.84628800 2.40341500 1.73726100 / 0.00000000 1.00000000 0.00000000 / 255 0 255 255 / 0.62362670 0.63940430 / -1.00000000 0.00000000 0.00000000 1.00000000
				2.84628800 2.40341500 1.73726100 / 0.00000000 0.00000000 -1.00000000 / 255 0 255 255 / 0.37637330 0.63938900 / 0.98569630 0.16853170 0.00000000 1.00000000
				2.84628800 2.40341500 1.73726100 / 0.00000000 0.00000000 -1.00000000 / 255 0 255 255 / 0.37637330 0.63938900 / 0.98569630 0.16853170 0.00000000 1.00000000
				2.94101500 2.40341500 1.73726100 / 0.00000000 0.00000000 -1.00000000 / 255 0 255 255 / 0.63940430 0.51956180 / 0.98569940 0.16851330 0.00000000 1.00000000
				2.94101500 2.38193100 1.73726100 / 0.00000000 0.00000000 -1.00000000 / 255 0 255 255 / 0.62362670 0.36059570 / 0.98569630 0.16853170 0.00000000 1.00000000
				2.94101500 2.38193100 1.73726100 / 0.00000000 0.00000000 -1.00000000 / 255 0 255 255 / 0.62362670 0.36059570 / 0.98569630 0.16853170 0.00000000 1.00000000
				2.84628800 2.38193100 1.73726100 / 0.00000000 0.00000000 -1.00000000 / 255 0 255 255 / 0.36059570 0.48043820 / 0.98569310 0.16855010 0.00000000 1.00000000
				2.86728400 2.39413800 1.73775000 / 0.94871420 -0.31613510 0.00000000 / 255 0 255 255 / 0.50000000 0.48722840 / 0.31613510 0.94871420 0.00000000 1.00000000
				2.86728400 2.39413800 1.73775000 / 0.94871420 -0.31613510 0.00000000 / 255 0 255 255 / 0.50000000 0.48722840 / 0.31613510 0.94871420 0.00000000 1.00000000
				2.86484300 2.38681300 1.73775000 / 0.94871410 -0.31613510 0.00000000 / 255 0 255 255 / 0.42134090 0.48722840 / 0.31613510 0.94871420 0.00000000 1.00000000
				2.86484300 2.38681300 1.73335500 / 0.94871420 -0.31613510 0.00000000 / 255 0 255 255 / 0.42134090 0.51277160 / 0.31613510 0.94871420 0.00000000 1.00000000
				2.86484300 2.38681300 1.73335500 / 0.94871420 -0.31613510 0.00000000 / 255 0 255 255 / 0.42134090 0.51277160 / 0.31613510 0.94871420 0.00000000 1.00000000
			}
		}
		Geometry
		{
			ShaderIndex 12
			Flags -
			VertexDeclaration N51263BB5
			Indices 432
			{
				0 2 3 4 5 1 6 8 9 10 11 7 12 14 15
				16 17 13 18 20 21 22 23 19 24 26 27 28 29 25
				30 32 33 34 35 31 36 38 39 40 41 37 42 44 45
				46 47 43 48 50 51 52 53 49 54 56 57 58 59 55
				60 62 63 64 65 61 66 68 69 70 71 67 72 74 75
				76 77 73 78 80 81 82 83 79 84 87 88 89 91 85
				92 90 97 99 86 93 98 102 94 95 105 100 106 96 103
				111 101 107 104 114 108 109 117 112 118 110 115 123 113 119
				116 126 120 121 129 124 130 122 127 135 125 131 128 138 132
				133 141 136 142 134 139 147 137 143 140 150 144 145 153 148
				154 146 151 159 149 155 152 162 156 157 165 160 166 158 163
				171 161 167 164 174 168 169 177 172 178 170 175 183 173 179
				176 186 180 181 189 184 190 182 187 195 185 191 188 198 192
				193 201 196 202 194 199 207 197 203 200 210 204 205 213 208
				214 206 211 219 209 215 212 221 216 217 224 220 225 218 222
				223 227 226 228 231 232 237 229 238 230 233 239 243 246 240
				234 247 248 251 244 241 235 252 242 236 249 253 254 256 245
				250 257 255 258 261 262 267 259 268 260 263 269 273 276 270
				264 277 278 281 274 271 265 282 272 266 279 283 284 286 275
				280 287 285 288 291 294 295 297 289 292 290 300 298 296 303
				301 306 293 304 309 299 307 302 312 310 305 315 313 318 308
				316 321 311 319 314 324 322 317 327 325 330 320 328 333 323
				331 326 336 334 329 339 337 342 332 340 345 335 343 338 348
				346 341 351 349 354 344 352 357 347 355 350 358 359 353 356
				360 363 366 367 369 361 364 362 372 370 368 375 373 378 365
				376 381 371 379 374 384 382 377 387 385 390 380 388 393 383
				391 386 396 394 389 399 397 402 392 400 405 395 403 398 408
				406 401 411 409 414 404 412 417 407 415 410 420 418 413 423
				421 426 416 424 429 419 427 422 430 431 425 428
			}
			Vertices 432
			{
				14.18304000 2.30557300 -1.76662900 / 1.00000000 0.00000000 0.00000000 / 255 0 255 255 / 0.94311520 0.99885560 / 0.00000000 1.00000000 0.00000000 1.00000000
				14.18304000 2.30557300 -1.76662900 / 1.00000000 0.00000000 0.00000000 / 255 0 255 255 / 0.94311520 0.99885560 / 0.00000000 1.00000000 0.00000000 1.00000000
				14.18304000 2.30557300 0.57169620 / 1.00000000 0.00000000 0.00000000 / 255 0 255 255 / 0.94311520 0.07051090 / 0.00000000 1.00000000 0.00000000 1.00000000
				14.18304000 0.98399760 0.57169620 / 1.00000000 0.00000000 0.00000000 / 255 0 255 255 / 0.00080870 0.07051090 / 0.00000000 1.00000000 0.00000000 1.00000000
				14.18304000 0.98399760 0.57169620 / 1.00000000 0.00000000 0.00000000 / 255 0 255 255 / 0.00080870 0.07051090 / 0.00000000 1.00000000 0.00000000 1.00000000
				14.18304000 0.98399760 -1.76662900 / 1.00000000 0.00000000 0.00000000 / 255 0 255 255 / 0.00080870 0.99885560 / 0.00000000 1.00000000 0.00000000 1.00000000
				14.08343000 2.30557300 -1.76662900 / 0.00000000 1.00000000 0.00000000 / 255 0 255 255 / 0.99674990 0.99676520 / -1.00000000 0.00000000 0.00000000 1.00000000
				14.08343000 2.30557300 -1.76662900 / 0.00000000 1.00000000 0.00000000 / 255 0 255 255 / 0.99674990 0.99676520 / -1.00000000 0.00000000 0.00000000 1.00000000
				14.08343000 2.30557300 0.57169620 / 0.00000000 1.00000000 0.00000000 / 255 0 255 255 / 0.99674990 0.07032780 / -1.00000000 0.00000000 0.00000000 1.00000000
				14.18304000 2.30557300 0.57169620 / 0.00000000 1.00000000 0.00000000 / 255 0 255 255 / 0.94412230 0.07032780 / -1.00000000 0.00000000 0.00000000 1.00000000
				14.18304000 2.30557300 0.57169620 / 0.00000000 1.00000000 0.00000000 / 255 0 255 255 / 0.94412230 0.07032780 / -1.00000000 0.00000000 0.00000000 1.00000000
				14.18304000 2.30557300 -1.76662900 / 0.00000000 1.00000000 0.00000000 / 255 0 255 255 / 0.94412230 0.99676520 / -1.00000000 0.00000000 0.00000000 1.00000000
				14.08343000 2.30557300 0.57169620 / 0.00000000 0.00000000 1.00000000 / 255 0 255 255 / 0.99674990 0.07032780 / -1.00000000 0.00000000 0.00000000 -1.00000000
				14.08343000 2.30557300 0.57169620 / 0.00000000 0.00000000 1.00000000 / 255 0 255 255 / 0.99674990 0.07032780 / -1.00000000 0.00000000 0.00000000 -1.00000000
				14.08343000 0.98399760 0.57169620 / 0.00000000 0.00000000 1.00000000 / 255 0 255 255 / 0.99674990 0.99676520 / -1.00000000 0.00000000 0.00000000 -1.00000000
				14.18304000 0.98399760 0.57169620 / 0.00000000 0.00000000 1.00000000 / 255 0 255 255 / 0.94412230 0.99676520 / -1.00000000 0.00000000 0.00000000 -1.00000000
				14.18304000 0.98399760 0.57169620 / 0.00000000 0.00000000 1.00000000 / 255 0 255 255 / 0.94412230 0.99676520 / -1.00000000 0.00000000 0.00000000 -1.00000000
				14.18304000 2.30557300 0.57169620 / 0.00000000 0.00000000 1.00000000 / 255 0 255 255 / 0.94412230 0.07032780 / -1.00000000 0.00000000 0.00000000 -1.00000000
				14.08343000 0.98399760 0.57169620 / 0.00000000 -1.00000000 0.00000000 / 255 0 255 255 / 0.99674990 0.99676520 / -1.00000000 0.00000000 0.00000000 1.00000000
				14.08343000 0.98399760 0.57169620 / 0.00000000 -1.00000000 0.00000000 / 255 0 255 255 / 0.99674990 0.99676520 / -1.00000000 0.00000000 0.00000000 1.00000000
				14.08343000 0.98399760 -1.76662900 / 0.00000000 -1.00000000 0.00000000 / 255 0 255 255 / 0.99674990 0.07032780 / -1.00000000 0.00000000 0.00000000 1.00000000
				14.18304000 0.98399760 -1.76662900 / 0.00000000 -1.00000000 0.00000000 / 255 0 255 255 / 0.94412230 0.07032780 / -1.00000000 0.00000000 0.00000000 1.00000000
				14.18304000 0.98399760 -1.76662900 / 0.00000000 -1.00000000 0.00000000 / 255 0 255 255 / 0.94412230 0.07032780 / -1.00000000 0.00000000 0.00000000 1.00000000
				14.18304000 0.98399760 0.57169620 / 0.00000000 -1.00000000 0.00000000 / 255 0 255 255 / 0.94412230 0.99676520 / -1.00000000 0.00000000 0.00000000 1.00000000
				14.08343000 0.98399760 -1.76662900 / 0.00000000 0.00000000 -1.00000000 / 255 0 255 255 / 0.99674990 0.07032780 / -1.00000000 0.00000000 0.00000000 -1.00000000
				14.08343000 0.98399760 -1.76662900 / 0.00000000 0.00000000 -1.00000000 / 255 0 255 255 / 0.99674990 0.07032780 / -1.00000000 0.00000000 0.00000000 -1.00000000
				14.08343000 2.30557300 -1.76662900 / 0.00000000 0.00000000 -1.00000000 / 255 0 255 255 / 0.99674990 0.99676520 / -1.00000000 0.00000000 0.00000000 -1.00000000
				14.18304000 2.30557300 -1.76662900 / 0.00000000 0.00000000 -1.00000000 / 255 0 255 255 / 0.94412230 0.99676520 / -1.00000000 0.00000000 0.00000000 -1.00000000
				14.18304000 2.30557300 -1.76662900 / 0.00000000 0.00000000 -1.00000000 / 255 0 255 255 / 0.94412230 0.99676520 / -1.00000000 0.00000000 0.00000000 -1.00000000
				14.18304000 0.98399760 -1.76662900 / 0.00000000 0.00000000 -1.00000000 / 255 0 255 255 / 0.94412230 0.07032780 / -1.00000000 0.00000000 0.00000000 -1.00000000
				14.08343000 2.30557300 0.57169620 / -1.00000000 0.00000000 0.00000000 / 255 0 255 255 / 0.94311520 0.07051090 / 0.00000000 1.00000000 0.00000000 -1.00000000
				14.08343000 2.30557300 0.57169620 / -1.00000000 0.00000000 0.00000000 / 255 0 255 255 / 0.94311520 0.07051090 / 0.00000000 1.00000000 0.00000000 -1.00000000
				14.08343000 2.30557300 -1.76662900 / -1.00000000 0.00000000 0.00000000 / 255 0 255 255 / 0.94311520 0.99885560 / 0.00000000 1.00000000 0.00000000 -1.00000000
				14.08343000 0.98399760 -1.76662900 / -1.00000000 0.00000000 0.00000000 / 255 0 255 255 / 0.00080870 0.99885560 / 0.00000000 1.00000000 0.00000000 -1.00000000
				14.08343000 0.98399760 -1.76662900 / -1.00000000 0.00000000 0.00000000 / 255 0 255 255 / 0.00080870 0.99885560 / 0.00000000 1.00000000 0.00000000 -1.00000000
				14.08343000 0.98399760 0.57169620 / -1.00000000 0.00000000 0.00000000 / 255 0 255 255 / 0.00080870 0.07051090 / 0.00000000 1.00000000 0.00000000 -1.00000000
				14.14935000 2.30706300 -0.61633180 / 0.00000000 1.00000000 0.00000000 / 255 0 255 255 / 0.00109860 0.00044250 / -1.00000000 0.00000000 0.00000000 1.00000000
				14.14935000 2.30706300 -0.61633180 / 0.00000000 1.00000000 0.00000000 / 255 0 255 255 / 0.00109860 0.00044250 / -1.00000000 0.00000000 0.00000000 1.00000000
				14.14935000 2.30706300 -0.69824770 / 0.00000000 1.00000000 0.00000000 / 255 0 255 255 / 0.00109860 0.06388850 / -1.00000000 0.00000000 0.00000000 1.00000000
				14.11712000 2.30706300 -0.69824770 / 0.00000000 1.00000000 0.00000000 / 255 0 255 255 / 0.05094910 0.06388850 / -1.00000000 0.00000000 0.00000000 1.00000000
				14.11712000 2.30706300 -0.69824770 / 0.00000000 1.00000000 0.00000000 / 255 0 255 255 / 0.05094910 0.06388850 / -1.00000000 0.00000000 0.00000000 1.00000000
				14.11712000 2.30706300 -0.61633180 / 0.00000000 1.00000000 0.00000000 / 255 0 255 255 / 0.05094910 0.00044250 / -1.00000000 0.00000000 0.00000000 1.00000000
				14.06634000 2.12883400 -0.57313970 / -1.00000000 0.00000000 0.00000000 / 255 0 255 255 / 0.05249020 0.00129700 / 0.00000000 0.00000000 -1.00000000 1.00000000
				14.06634000 2.12883400 -0.57313970 / -1.00000000 0.00000000 0.00000000 / 255 0 255 255 / 0.05249020 0.00129700 / 0.00000000 0.00000000 -1.00000000 1.00000000
				14.06634000 2.26089200 -0.57313970 / -1.00000000 0.00000000 0.00000000 / 255 0 255 255 / 0.05249020 0.06323240 / 0.00000000 0.00000000 -1.00000000 1.00000000
				14.06634000 2.26089200 -0.79356790 / -1.00000000 0.00000000 0.00000000 / 255 0 255 255 / 0.38668820 0.06323240 / 0.00000000 0.00000000 -1.00000000 1.00000000
				14.06634000 2.26089200 -0.79356790 / -1.00000000 0.00000000 0.00000000 / 255 0 255 255 / 0.38668820 0.06323240 / 0.00000000 0.00000000 -1.00000000 1.00000000
				14.06634000 2.12883400 -0.79356790 / -1.00000000 0.00000000 0.00000000 / 255 0 255 255 / 0.38668820 0.00129700 / 0.00000000 0.00000000 -1.00000000 1.00000000
				14.19964000 2.12883400 -0.57313970 / 1.00000000 0.00000000 0.00000000 / 255 0 255 255 / 0.05249020 0.06323240 / 0.00000000 0.00000000 -1.00000000 1.00000000
				14.19964000 2.12883400 -0.57313970 / 1.00000000 0.00000000 0.00000000 / 255 0 255 255 / 0.05249020 0.06323240 / 0.00000000 0.00000000 -1.00000000 1.00000000
				14.19964000 2.12883400 -0.79356790 / 1.00000000 0.00000000 0.00000000 / 255 0 255 255 / 0.38668820 0.06323240 / 0.00000000 0.00000000 -1.00000000 1.00000000
				14.19964000 2.26089200 -0.79356790 / 1.00000000 0.00000000 0.00000000 / 255 0 255 255 / 0.38668820 0.00129700 / 0.00000000 0.00000000 -1.00000000 1.00000000
				14.19964000 2.26089200 -0.79356790 / 1.00000000 0.00000000 0.00000000 / 255 0 255 255 / 0.38668820 0.00129700 / 0.00000000 0.00000000 -1.00000000 1.00000000
				14.19964000 2.26089200 -0.57313970 / 1.00000000 0.00000000 0.00000000 / 255 0 255 255 / 0.05249020 0.00129700 / 0.00000000 0.00000000 -1.00000000 1.00000000
				14.19964000 2.12883400 -0.79356790 / 0.00000000 0.00000000 -1.00000000 / 255 0 255 255 / 0.11387630 0.04190060 / 0.00000000 1.00000000 0.00000000 -1.00000000
				14.19964000 2.12883400 -0.79356790 / 0.00000000 0.00000000 -1.00000000 / 255 0 255 255 / 0.11387630 0.04190060 / 0.00000000 1.00000000 0.00000000 -1.00000000
				14.06634000 2.12883400 -0.79356790 / 0.00000000 0.00000000 -1.00000000 / 255 0 255 255 / 0.11387630 0.01710510 / 0.00000000 1.00000000 0.00000000 -1.00000000
				14.06634000 2.26089200 -0.79356790 / 0.00000000 0.00000000 -1.00000000 / 255 0 255 255 / 0.21328740 0.01710510 / 0.00000000 1.00000000 0.00000000 -1.00000000
				14.06634000 2.26089200 -0.79356790 / 0.00000000 0.00000000 -1.00000000 / 255 0 255 255 / 0.21328740 0.01710510 / 0.00000000 1.00000000 0.00000000 -1.00000000
				14.19964000 2.26089200 -0.79356790 / 0.00000000 0.00000000 -1.00000000 / 255 0 255 255 / 0.21328740 0.04190060 / 0.00000000 1.00000000 0.00000000 -1.00000000
				14.19964000 2.12883400 -0.57313970 / 0.00000000 -1.00000000 0.00000000 / 255 0 255 255 / 0.05209350 0.04667660 / -1.00000000 0.00000000 0.00000000 1.00000000
				14.19964000 2.12883400 -0.57313970 / 0.00000000 -1.00000000 0.00000000 / 255 0 255 255 / 0.05209350 0.04667660 / -1.00000000 0.00000000 0.00000000 1.00000000
				14.06634000 2.12883400 -0.57313970 / 0.00000000 -1.00000000 0.00000000 / 255 0 255 255 / 0.21463010 0.04667660 / -1.00000000 0.00000000 0.00000000 1.00000000
				14.06634000 2.12883400 -0.79356790 / 0.00000000 -1.00000000 0.00000000 / 255 0 255 255 / 0.21463010 0.01676940 / -1.00000000 0.00000000 0.00000000 1.00000000
				14.06634000 2.12883400 -0.79356790 / 0.00000000 -1.00000000 0.00000000 / 255 0 255 255 / 0.21463010 0.01676940 / -1.00000000 0.00000000 0.00000000 1.00000000
				14.19964000 2.12883400 -0.79356790 / 0.00000000 -1.00000000 0.00000000 / 255 0 255 255 / 0.05209350 0.01676940 / -1.00000000 0.00000000 0.00000000 1.00000000
				14.19964000 2.26089200 -0.57313970 / 0.00000000 0.00000000 1.00000000 / 255 0 255 255 / 0.21328740 0.04190060 / 0.00000000 1.00000000 0.00000000 1.00000000
				14.19964000 2.26089200 -0.57313970 / 0.00000000 0.00000000 1.00000000 / 255 0 255 255 / 0.21328740 0.04190060 / 0.00000000 1.00000000 0.00000000 1.00000000
				14.06634000 2.26089200 -0.57313970 / 0.00000000 0.00000000 1.00000000 / 255 0 255 255 / 0.21328740 0.01710510 / 0.00000000 1.00000000 0.00000000 1.00000000
				14.06634000 2.12883400 -0.57313970 / 0.00000000 0.00000000 1.00000000 / 255 0 255 255 / 0.11387630 0.01710510 / 0.00000000 1.00000000 0.00000000 1.00000000
				14.06634000 2.12883400 -0.57313970 / 0.00000000 0.00000000 1.00000000 / 255 0 255 255 / 0.11387630 0.01710510 / 0.00000000 1.00000000 0.00000000 1.00000000
				14.19964000 2.12883400 -0.57313970 / 0.00000000 0.00000000 1.00000000 / 255 0 255 255 / 0.11387630 0.04190060 / 0.00000000 1.00000000 0.00000000 1.00000000
				14.19964000 2.26089200 -0.79356790 / 0.00000000 1.00000000 0.00000000 / 255 0 255 255 / 0.21463010 0.01676940 / 1.00000000 0.00000000 0.00000000 1.00000000
				14.19964000 2.26089200 -0.79356790 / 0.00000000 1.00000000 0.00000000 / 255 0 255 255 / 0.21463010 0.01676940 / 1.00000000 0.00000000 0.00000000 1.00000000
				14.06634000 2.26089200 -0.79356790 / 0.00000000 1.00000000 0.00000000 / 255 0 255 255 / 0.05209350 0.01676940 / 1.00000000 0.00000000 0.00000000 1.00000000
				14.06634000 2.26089200 -0.57313970 / 0.00000000 1.00000000 0.00000000 / 255 0 255 255 / 0.05209350 0.04667660 / 1.00000000 0.00000000 0.00000000 1.00000000
				14.06634000 2.26089200 -0.57313970 / 0.00000000 1.00000000 0.00000000 / 255 0 255 255 / 0.05209350 0.04667660 / 1.00000000 0.00000000 0.00000000 1.00000000
				14.19964000 2.26089200 -0.57313970 / 0.00000000 1.00000000 0.00000000 / 255 0 255 255 / 0.21463010 0.04667660 / 1.00000000 0.00000000 0.00000000 1.00000000
				14.18451000 1.91734200 -0.07816930 / 1.00000000 0.00000000 0.00000000 / 255 0 255 255 / 0.88656630 0.06369020 / 0.00000000 0.99985610 0.01696270 1.00000000
				14.18451000 1.91734200 -0.07816930 / 1.00000000 0.00000000 0.00000000 / 255 0 255 255 / 0.88656630 0.06369020 / 0.00000000 0.99985610 0.01696270 1.00000000
				14.18451000 1.91585300 0.02410150 / 1.00000000 0.00000000 0.00000000 / 255 0 255 255 / 0.88656630 0.00233460 / 0.00000000 0.99985610 0.01696290 1.00000000
				14.18451000 1.38910900 0.01516510 / 1.00000000 0.00000000 0.00000000 / 255 0 255 255 / 0.39179990 0.00233460 / 0.00000000 0.99985610 0.01696270 1.00000000
				14.18451000 1.38910900 0.01516510 / 1.00000000 0.00000000 0.00000000 / 255 0 255 255 / 0.39179990 0.00233460 / 0.00000000 0.99985610 0.01696270 1.00000000
				14.18451000 1.39059800 -0.08710550 / 1.00000000 0.00000000 0.00000000 / 255 0 255 255 / 0.39179990 0.06369020 / 0.00000000 0.99985610 0.01696250 1.00000000
				14.02825000 2.19585600 -0.68335370 / 0.17580130 -0.00296450 -0.98442120 / 255 0 255 255 / 0.90083300 0.01086430 / -0.00975890 -0.99995160 0.00126850 -1.00000000
				14.02825000 2.19585600 -0.68335370 / 0.17580130 -0.00296450 -0.98442120 / 255 0 255 255 / 0.90083300 0.01086430 / -0.00975890 -0.99995160 0.00126850 -1.00000000
				14.02825000 2.19585600 -0.68335370 / 0.17580130 -0.00296450 -0.98442120 / 255 0 255 255 / 0.90083300 0.01086430 / -0.00975890 -0.99995160 0.00126850 -1.00000000
				14.02825000 2.21770000 -0.67789270 / 0.17010260 0.23900100 -0.95600410 / 255 0 255 255 / 0.89189150 0.01086430 / 0.00000000 -0.97014250 -0.24253560 -1.00000000
				14.13079000 2.20826800 -0.66200590 / 0.00090460 0.23398130 -0.97224070 / 255 0 255 255 / 0.89189150 0.00111390 / -0.00000340 -0.97224110 -0.23398140 -1.00000000
				14.13079000 2.20826800 -0.66200590 / 0.00090460 0.23398130 -0.97224070 / 255 0 255 255 / 0.89189150 0.00111390 / -0.00000340 -0.97224110 -0.23398140 -1.00000000
				14.13079000 2.20826800 -0.66200590 / 0.00090460 0.23398130 -0.97224070 / 255 0 255 255 / 0.89189150 0.00111390 / -0.00000340 -0.97224110 -0.23398140 -1.00000000
				14.13079000 2.19585600 -0.66498470 / -0.00025390 -0.00018380 -0.99999980 / 255 0 255 255 / 0.90083300 0.00111390 / 0.00000000 -1.00000000 0.00018380 -1.00000000
				14.13079000 2.19585600 -0.66498470 / -0.00025390 -0.00018380 -0.99999980 / 255 0 255 255 / 0.90083300 0.00111390 / 0.00000000 -1.00000000 0.00018380 -1.00000000
				14.13079000 2.19585600 -0.66498470 / -0.00025390 -0.00018380 -0.99999980 / 255 0 255 255 / 0.90083300 0.00111390 / 0.00000000 -1.00000000 0.00018380 -1.00000000
				14.13079000 2.19585600 -0.66498470 / -0.00025390 -0.00018380 -0.99999980 / 255 0 255 255 / 0.90083300 0.00111390 / 0.00000000 -1.00000000 0.00018380 -1.00000000
				14.13079000 2.19585600 -0.66498470 / -0.00025390 -0.00018380 -0.99999980 / 255 0 255 255 / 0.90083300 0.00111390 / 0.00000000 -1.00000000 0.00018380 -1.00000000
				14.13079000 2.19585600 -0.66498470 / -0.00025390 -0.00018380 -0.99999980 / 255 0 255 255 / 0.90083300 0.00111390 / 0.00000000 -1.00000000 0.00018380 -1.00000000
				14.23333000 2.21770000 -0.67789270 / -0.17109930 0.23824140 -0.95601570 / 255 0 255 255 / 0.89189150 0.01087950 / -0.00044870 -0.97034310 -0.24173150 1.00000000
				14.23333000 2.21770000 -0.67789270 / -0.17109930 0.23824140 -0.95601570 / 255 0 255 255 / 0.89189150 0.01087950 / -0.00044870 -0.97034310 -0.24173150 1.00000000
				14.02825000 2.17450900 -0.67789270 / 0.17586130 -0.48675090 -0.85565560 / 255 0 255 255 / 0.90975950 0.01086430 / -0.01071450 -0.87009700 0.49276400 -1.00000000
				14.02825000 2.17450900 -0.67789270 / 0.17586130 -0.48675090 -0.85565560 / 255 0 255 255 / 0.90975950 0.01086430 / -0.01071450 -0.87009700 0.49276400 -1.00000000
				14.02825000 2.17450900 -0.67789270 / 0.17586130 -0.48675090 -0.85565560 / 255 0 255 255 / 0.90975950 0.01086430 / -0.01071450 -0.87009700 0.49276400 -1.00000000
				14.23333000 2.19585600 -0.68335370 / -0.17549430 -0.00207140 -0.98447820 / 255 0 255 255 / 0.90083300 0.01087950 / -0.00892580 -0.99995330 0.00369510 1.00000000
				14.23333000 2.19585600 -0.68335370 / -0.17549430 -0.00207140 -0.98447820 / 255 0 255 255 / 0.90083300 0.01087950 / -0.00892580 -0.99995330 0.00369510 1.00000000
				14.23333000 2.19585600 -0.68335370 / -0.17549430 -0.00207140 -0.98447820 / 255 0 255 255 / 0.90083300 0.01087950 / -0.00892580 -0.99995330 0.00369510 1.00000000
				14.13079000 2.18344500 -0.66200590 / -0.00072600 -0.48899010 -0.87228910 / 255 0 255 255 / 0.90975950 0.00111390 / -0.00000240 -0.87228930 0.48899020 -1.00000000
				14.13079000 2.18344500 -0.66200590 / -0.00072600 -0.48899010 -0.87228910 / 255 0 255 255 / 0.90975950 0.00111390 / -0.00000240 -0.87228930 0.48899020 -1.00000000
				14.13079000 2.18344500 -0.66200590 / -0.00072600 -0.48899010 -0.87228910 / 255 0 255 255 / 0.90975950 0.00111390 / -0.00000240 -0.87228930 0.48899020 -1.00000000
				14.13079000 2.18344500 -0.66200590 / -0.00072600 -0.48899010 -0.87228910 / 255 0 255 255 / 0.90975950 0.00111390 / -0.00000240 -0.87228930 0.48899020 -1.00000000
				14.13079000 2.18344500 -0.66200590 / -0.00072600 -0.48899010 -0.87228910 / 255 0 255 255 / 0.90975950 0.00111390 / -0.00000240 -0.87228930 0.48899020 -1.00000000
				14.13079000 2.18344500 -0.66200590 / -0.00072600 -0.48899010 -0.87228910 / 255 0 255 255 / 0.90975950 0.00111390 / -0.00000240 -0.87228930 0.48899020 -1.00000000
				14.02825000 2.15862200 -0.66200590 / 0.17499700 -0.85031860 -0.49632080 / 255 0 255 255 / 0.91870120 0.01086430 / -0.01029290 -0.50565200 0.86267610 -1.00000000
				14.02825000 2.15862200 -0.66200590 / 0.17499700 -0.85031860 -0.49632080 / 255 0 255 255 / 0.91870120 0.01086430 / -0.01029290 -0.50565200 0.86267610 -1.00000000
				14.02825000 2.15862200 -0.66200590 / 0.17499700 -0.85031860 -0.49632080 / 255 0 255 255 / 0.91870120 0.01086430 / -0.01029290 -0.50565200 0.86267610 -1.00000000
				14.23333000 2.17450900 -0.67789270 / -0.17501620 -0.48729940 -0.85551660 / 255 0 255 255 / 0.90975950 0.01087950 / -0.01078970 -0.86792650 0.49657540 1.00000000
				14.23333000 2.17450900 -0.67789270 / -0.17501620 -0.48729940 -0.85551660 / 255 0 255 255 / 0.90975950 0.01087950 / -0.01078970 -0.86792650 0.49657540 1.00000000
				14.23333000 2.17450900 -0.67789270 / -0.17501620 -0.48729940 -0.85551660 / 255 0 255 255 / 0.90975950 0.01087950 / -0.01078970 -0.86792650 0.49657540 1.00000000
				14.13079000 2.17450900 -0.65306970 / 0.00179050 -0.87190740 -0.48966760 / 255 0 255 255 / 0.91870120 0.00111390 / -0.00001330 -0.48966840 0.87190870 -1.00000000
				14.13079000 2.17450900 -0.65306970 / 0.00179050 -0.87190740 -0.48966760 / 255 0 255 255 / 0.91870120 0.00111390 / -0.00001330 -0.48966840 0.87190870 -1.00000000
				14.13079000 2.17450900 -0.65306970 / 0.00179050 -0.87190740 -0.48966760 / 255 0 255 255 / 0.91870120 0.00111390 / -0.00001330 -0.48966840 0.87190870 -1.00000000
				14.13079000 2.17450900 -0.65306970 / 0.00179050 -0.87190740 -0.48966760 / 255 0 255 255 / 0.91870120 0.00111390 / -0.00001330 -0.48966840 0.87190870 -1.00000000
				14.13079000 2.17450900 -0.65306970 / 0.00179050 -0.87190740 -0.48966760 / 255 0 255 255 / 0.91870120 0.00111390 / -0.00001330 -0.48966840 0.87190870 -1.00000000
				14.13079000 2.17450900 -0.65306970 / 0.00179050 -0.87190740 -0.48966760 / 255 0 255 255 / 0.91870120 0.00111390 / -0.00001330 -0.48966840 0.87190870 -1.00000000
				14.02825000 2.15266400 -0.64065810 / 0.17887840 -0.98387010 -0.00147780 / 255 0 255 255 / 0.92764280 0.01086430 / -0.00912580 -0.00316120 0.99995340 -1.00000000
				14.02825000 2.15266400 -0.64065810 / 0.17887840 -0.98387010 -0.00147780 / 255 0 255 255 / 0.92764280 0.01086430 / -0.00912580 -0.00316120 0.99995340 -1.00000000
				14.02825000 2.15266400 -0.64065810 / 0.17887840 -0.98387010 -0.00147780 / 255 0 255 255 / 0.92764280 0.01086430 / -0.00912580 -0.00316120 0.99995340 -1.00000000
				14.23333000 2.15862200 -0.66200590 / -0.17707150 -0.85067330 -0.49497540 / 255 0 255 255 / 0.91870120 0.01087950 / -0.01104770 -0.50117300 0.86527650 1.00000000
				14.23333000 2.15862200 -0.66200590 / -0.17707150 -0.85067330 -0.49497540 / 255 0 255 255 / 0.91870120 0.01087950 / -0.01104770 -0.50117300 0.86527650 1.00000000
				14.23333000 2.15862200 -0.66200590 / -0.17707150 -0.85067330 -0.49497540 / 255 0 255 255 / 0.91870120 0.01087950 / -0.01104770 -0.50117300 0.86527650 1.00000000
				14.13079000 2.17152900 -0.64065810 / 0.00025780 -0.99999980 -0.00018020 / 255 0 255 255 / 0.92764280 0.00111390 / 0.00000000 -0.00018020 1.00000000 -1.00000000
				14.13079000 2.17152900 -0.64065810 / 0.00025780 -0.99999980 -0.00018020 / 255 0 255 255 / 0.92764280 0.00111390 / 0.00000000 -0.00018020 1.00000000 -1.00000000
				14.13079000 2.17152900 -0.64065810 / 0.00025780 -0.99999980 -0.00018020 / 255 0 255 255 / 0.92764280 0.00111390 / 0.00000000 -0.00018020 1.00000000 -1.00000000
				14.13079000 2.17152900 -0.64065810 / 0.00025780 -0.99999980 -0.00018020 / 255 0 255 255 / 0.92764280 0.00111390 / 0.00000000 -0.00018020 1.00000000 -1.00000000
				14.13079000 2.17152900 -0.64065810 / 0.00025780 -0.99999980 -0.00018020 / 255 0 255 255 / 0.92764280 0.00111390 / 0.00000000 -0.00018020 1.00000000 -1.00000000
				14.13079000 2.17152900 -0.64065810 / 0.00025780 -0.99999980 -0.00018020 / 255 0 255 255 / 0.92764280 0.00111390 / 0.00000000 -0.00018020 1.00000000 -1.00000000
				14.02825000 2.15862200 -0.61881400 / 0.17906630 -0.84751820 0.49964800 / 255 0 255 255 / 0.93656920 0.01086430 / -0.01221890 0.50590150 0.86250470 -1.00000000
				14.02825000 2.15862200 -0.61881400 / 0.17906630 -0.84751820 0.49964800 / 255 0 255 255 / 0.93656920 0.01086430 / -0.01221890 0.50590150 0.86250470 -1.00000000
				14.02825000 2.15862200 -0.61881400 / 0.17906630 -0.84751820 0.49964800 / 255 0 255 255 / 0.93656920 0.01086430 / -0.01221890 0.50590150 0.86250470 -1.00000000
				14.23333000 2.15266400 -0.64065810 / -0.17920950 -0.98380290 -0.00393480 / 255 0 255 255 / 0.92764280 0.01087950 / -0.01019200 -0.00214270 0.99994580 1.00000000
				14.23333000 2.15266400 -0.64065810 / -0.17920950 -0.98380290 -0.00393480 / 255 0 255 255 / 0.92764280 0.01087950 / -0.01019200 -0.00214270 0.99994580 1.00000000
				14.23333000 2.15266400 -0.64065810 / -0.17920950 -0.98380290 -0.00393480 / 255 0 255 255 / 0.92764280 0.01087950 / -0.01019200 -0.00214270 0.99994580 1.00000000
				14.13079000 2.17450900 -0.62824680 / -0.00231160 -0.87209530 0.48933060 / 255 0 255 255 / 0.93656920 0.00111390 / -0.00001760 0.48933190 0.87209760 -1.00000000
				14.13079000 2.17450900 -0.62824680 / -0.00231160 -0.87209530 0.48933060 / 255 0 255 255 / 0.93656920 0.00111390 / -0.00001760 0.48933190 0.87209760 -1.00000000
				14.13079000 2.17450900 -0.62824680 / -0.00231160 -0.87209530 0.48933060 / 255 0 255 255 / 0.93656920 0.00111390 / -0.00001760 0.48933190 0.87209760 -1.00000000
				14.13079000 2.17450900 -0.62824680 / -0.00231160 -0.87209530 0.48933060 / 255 0 255 255 / 0.93656920 0.00111390 / -0.00001760 0.48933190 0.87209760 -1.00000000
				14.13079000 2.17450900 -0.62824680 / -0.00231160 -0.87209530 0.48933060 / 255 0 255 255 / 0.93656920 0.00111390 / -0.00001760 0.48933190 0.87209760 -1.00000000
				14.13079000 2.17450900 -0.62824680 / -0.00231160 -0.87209530 0.48933060 / 255 0 255 255 / 0.93656920 0.00111390 / -0.00001760 0.48933190 0.87209760 -1.00000000
				14.02825000 2.17450900 -0.60342380 / 0.17589760 -0.49015860 0.85370050 / 255 0 255 255 / 0.94551090 0.01086430 / -0.01024770 0.86626310 0.49948290 -1.00000000
				14.02825000 2.17450900 -0.60342380 / 0.17589760 -0.49015860 0.85370050 / 255 0 255 255 / 0.94551090 0.01086430 / -0.01024770 0.86626310 0.49948290 -1.00000000
				14.02825000 2.17450900 -0.60342380 / 0.17589760 -0.49015860 0.85370050 / 255 0 255 255 / 0.94551090 0.01086430 / -0.01024770 0.86626310 0.49948290 -1.00000000
				14.23333000 2.15862200 -0.61881400 / -0.17643790 -0.84764980 0.50035940 / 255 0 255 255 / 0.93656920 0.01087950 / -0.00948100 0.50977410 0.86025600 1.00000000
				14.23333000 2.15862200 -0.61881400 / -0.17643790 -0.84764980 0.50035940 / 255 0 255 255 / 0.93656920 0.01087950 / -0.00948100 0.50977410 0.86025600 1.00000000
				14.23333000 2.15862200 -0.61881400 / -0.17643790 -0.84764980 0.50035940 / 255 0 255 255 / 0.93656920 0.01087950 / -0.00948100 0.50977410 0.86025600 1.00000000
				14.13079000 2.18344500 -0.61931040 / -0.00081560 -0.50477650 0.86324970 / 255 0 255 255 / 0.94551090 0.00111390 / -0.00000450 0.86325000 0.50477660 -1.00000000
				14.13079000 2.18344500 -0.61931040 / -0.00081560 -0.50477650 0.86324970 / 255 0 255 255 / 0.94551090 0.00111390 / -0.00000450 0.86325000 0.50477660 -1.00000000
				14.13079000 2.18344500 -0.61931040 / -0.00081560 -0.50477650 0.86324970 / 255 0 255 255 / 0.94551090 0.00111390 / -0.00000450 0.86325000 0.50477660 -1.00000000
				14.13079000 2.18344500 -0.61931040 / -0.00081560 -0.50477650 0.86324970 / 255 0 255 255 / 0.94551090 0.00111390 / -0.00000450 0.86325000 0.50477660 -1.00000000
				14.13079000 2.18344500 -0.61931040 / -0.00081560 -0.50477650 0.86324970 / 255 0 255 255 / 0.94551090 0.00111390 / -0.00000450 0.86325000 0.50477660 -1.00000000
				14.13079000 2.18344500 -0.61931040 / -0.00081560 -0.50477650 0.86324970 / 255 0 255 255 / 0.94551090 0.00111390 / -0.00000450 0.86325000 0.50477660 -1.00000000
				14.02825000 2.19585600 -0.59746620 / 0.17638230 -0.00284910 0.98431750 / 255 0 255 255 / 0.95443730 0.01086430 / -0.01038500 0.99993480 0.00475520 -1.00000000
				14.02825000 2.19585600 -0.59746620 / 0.17638230 -0.00284910 0.98431750 / 255 0 255 255 / 0.95443730 0.01086430 / -0.01038500 0.99993480 0.00475520 -1.00000000
				14.02825000 2.19585600 -0.59746620 / 0.17638230 -0.00284910 0.98431750 / 255 0 255 255 / 0.95443730 0.01086430 / -0.01038500 0.99993480 0.00475520 -1.00000000
				14.23333000 2.17450900 -0.60342380 / -0.17496210 -0.48976810 0.85411690 / 255 0 255 255 / 0.94551090 0.01087950 / -0.00986420 0.86832620 0.49589540 1.00000000
				14.23333000 2.17450900 -0.60342380 / -0.17496210 -0.48976810 0.85411690 / 255 0 255 255 / 0.94551090 0.01087950 / -0.00986420 0.86832620 0.49589540 1.00000000
				14.23333000 2.17450900 -0.60342380 / -0.17496210 -0.48976810 0.85411690 / 255 0 255 255 / 0.94551090 0.01087950 / -0.00986420 0.86832620 0.49589540 1.00000000
				14.13079000 2.19585600 -0.61583520 / 0.00029430 -0.00021330 0.99999980 / 255 0 255 255 / 0.95443730 0.00111390 / 0.00000000 1.00000000 0.00021330 -1.00000000
				14.13079000 2.19585600 -0.61583520 / 0.00029430 -0.00021330 0.99999980 / 255 0 255 255 / 0.95443730 0.00111390 / 0.00000000 1.00000000 0.00021330 -1.00000000
				14.13079000 2.19585600 -0.61583520 / 0.00029430 -0.00021330 0.99999980 / 255 0 255 255 / 0.95443730 0.00111390 / 0.00000000 1.00000000 0.00021330 -1.00000000
				14.13079000 2.19585600 -0.61583520 / 0.00029430 -0.00021330 0.99999980 / 255 0 255 255 / 0.95443730 0.00111390 / 0.00000000 1.00000000 0.00021330 -1.00000000
				14.13079000 2.19585600 -0.61583520 / 0.00029430 -0.00021330 0.99999980 / 255 0 255 255 / 0.95443730 0.00111390 / 0.00000000 1.00000000 0.00021330 -1.00000000
				14.13079000 2.19585600 -0.61583520 / 0.00029430 -0.00021330 0.99999980 / 255 0 255 255 / 0.95443730 0.00111390 / 0.00000000 1.00000000 0.00021330 -1.00000000
				14.02825000 2.21770000 -0.60342380 / 0.17693460 0.49445920 0.85100190 / 255 0 255 255 / 0.96337890 0.01086430 / -0.01089690 0.86557490 -0.50066100 -1.00000000
				14.02825000 2.21770000 -0.60342380 / 0.17693460 0.49445920 0.85100190 / 255 0 255 255 / 0.96337890 0.01086430 / -0.01089690 0.86557490 -0.50066100 -1.00000000
				14.02825000 2.21770000 -0.60342380 / 0.17693460 0.49445920 0.85100190 / 255 0 255 255 / 0.96337890 0.01086430 / -0.01089690 0.86557490 -0.50066100 -1.00000000
				14.23333000 2.19585600 -0.59746620 / -0.17671930 -0.00256820 0.98425790 / 255 0 255 255 / 0.95443730 0.01087950 / -0.01128720 0.99993610 0.00058250 1.00000000
				14.23333000 2.19585600 -0.59746620 / -0.17671930 -0.00256820 0.98425790 / 255 0 255 255 / 0.95443730 0.01087950 / -0.01128720 0.99993610 0.00058250 1.00000000
				14.23333000 2.19585600 -0.59746620 / -0.17671930 -0.00256820 0.98425790 / 255 0 255 255 / 0.95443730 0.01087950 / -0.01128720 0.99993610 0.00058250 1.00000000
				14.13079000 2.20826800 -0.61931040 / 0.00033570 0.50447210 0.86342790 / 255 0 255 255 / 0.96337890 0.00111390 / -0.00000160 0.86342800 -0.50447210 -1.00000000
				14.13079000 2.20826800 -0.61931040 / 0.00033570 0.50447210 0.86342790 / 255 0 255 255 / 0.96337890 0.00111390 / -0.00000160 0.86342800 -0.50447210 -1.00000000
				14.13079000 2.20826800 -0.61931040 / 0.00033570 0.50447210 0.86342790 / 255 0 255 255 / 0.96337890 0.00111390 / -0.00000160 0.86342800 -0.50447210 -1.00000000
				14.13079000 2.20826800 -0.61931040 / 0.00033570 0.50447210 0.86342790 / 255 0 255 255 / 0.96337890 0.00111390 / -0.00000160 0.86342800 -0.50447210 -1.00000000
				14.13079000 2.20826800 -0.61931040 / 0.00033570 0.50447210 0.86342790 / 255 0 255 255 / 0.96337890 0.00111390 / -0.00000160 0.86342800 -0.50447210 -1.00000000
				14.13079000 2.20826800 -0.61931040 / 0.00033570 0.50447210 0.86342790 / 255 0 255 255 / 0.96337890 0.00111390 / -0.00000160 0.86342800 -0.50447210 -1.00000000
				14.02825000 2.23309000 -0.61881400 / 0.17731940 0.85106670 0.49420970 / 255 0 255 255 / 0.97230530 0.01086430 / -0.00954290 0.50363060 -0.86386640 -1.00000000
				14.02825000 2.23309000 -0.61881400 / 0.17731940 0.85106670 0.49420970 / 255 0 255 255 / 0.97230530 0.01086430 / -0.00954290 0.50363060 -0.86386640 -1.00000000
				14.02825000 2.23309000 -0.61881400 / 0.17731940 0.85106670 0.49420970 / 255 0 255 255 / 0.97230530 0.01086430 / -0.00954290 0.50363060 -0.86386640 -1.00000000
				14.23333000 2.21770000 -0.60342380 / -0.17731950 0.49420930 0.85106690 / 255 0 255 255 / 0.96337890 0.01087950 / -0.00954410 0.86386640 -0.50363050 1.00000000
				14.23333000 2.21770000 -0.60342380 / -0.17731950 0.49420930 0.85106690 / 255 0 255 255 / 0.96337890 0.01087950 / -0.00954410 0.86386640 -0.50363050 1.00000000
				14.23333000 2.21770000 -0.60342380 / -0.17731950 0.49420930 0.85106690 / 255 0 255 255 / 0.96337890 0.01087950 / -0.00954410 0.86386640 -0.50363050 1.00000000
				14.13079000 2.21720400 -0.62824680 / -0.00033450 0.86343350 0.50446260 / 255 0 255 255 / 0.97230530 0.00111390 / -0.00000160 0.50446270 -0.86343350 -1.00000000
				14.13079000 2.21720400 -0.62824680 / -0.00033450 0.86343350 0.50446260 / 255 0 255 255 / 0.97230530 0.00111390 / -0.00000160 0.50446270 -0.86343350 -1.00000000
				14.13079000 2.21720400 -0.62824680 / -0.00033450 0.86343350 0.50446260 / 255 0 255 255 / 0.97230530 0.00111390 / -0.00000160 0.50446270 -0.86343350 -1.00000000
				14.13079000 2.21720400 -0.62824680 / -0.00033450 0.86343350 0.50446260 / 255 0 255 255 / 0.97230530 0.00111390 / -0.00000160 0.50446270 -0.86343350 -1.00000000
				14.13079000 2.21720400 -0.62824680 / -0.00033450 0.86343350 0.50446260 / 255 0 255 255 / 0.97230530 0.00111390 / -0.00000160 0.50446270 -0.86343350 -1.00000000
				14.13079000 2.21720400 -0.62824680 / -0.00033450 0.86343350 0.50446260 / 255 0 255 255 / 0.97230530 0.00111390 / -0.00000160 0.50446270 -0.86343350 -1.00000000
				14.02825000 2.23904800 -0.64065810 / 0.17671810 0.98425810 -0.00256730 / 255 0 255 255 / 0.98124690 0.01086430 / -0.01128730 -0.00058170 -0.99993610 -1.00000000
				14.02825000 2.23904800 -0.64065810 / 0.17671810 0.98425810 -0.00256730 / 255 0 255 255 / 0.98124690 0.01086430 / -0.01128730 -0.00058170 -0.99993610 -1.00000000
				14.02825000 2.23904800 -0.64065810 / 0.17671810 0.98425810 -0.00256730 / 255 0 255 255 / 0.98124690 0.01086430 / -0.01128730 -0.00058170 -0.99993610 -1.00000000
				14.23333000 2.23309000 -0.61881400 / -0.17693580 0.85100050 0.49446130 / 255 0 255 255 / 0.97230530 0.01087950 / -0.01089710 0.50066310 -0.86557360 1.00000000
				14.23333000 2.23309000 -0.61881400 / -0.17693580 0.85100050 0.49446130 / 255 0 255 255 / 0.97230530 0.01087950 / -0.01089710 0.50066310 -0.86557360 1.00000000
				14.23333000 2.23309000 -0.61881400 / -0.17693580 0.85100050 0.49446130 / 255 0 255 255 / 0.97230530 0.01087950 / -0.01089710 0.50066310 -0.86557360 1.00000000
				14.13079000 2.22067900 -0.64065810 / -0.00029480 0.99999980 -0.00020850 / 255 0 255 255 / 0.98124690 0.00111390 / 0.00000000 -0.00020850 -1.00000000 -1.00000000
				14.13079000 2.22067900 -0.64065810 / -0.00029480 0.99999980 -0.00020850 / 255 0 255 255 / 0.98124690 0.00111390 / 0.00000000 -0.00020850 -1.00000000 -1.00000000
				14.13079000 2.22067900 -0.64065810 / -0.00029480 0.99999980 -0.00020850 / 255 0 255 255 / 0.98124690 0.00111390 / 0.00000000 -0.00020850 -1.00000000 -1.00000000
				14.13079000 2.22067900 -0.64065810 / -0.00029480 0.99999980 -0.00020850 / 255 0 255 255 / 0.98124690 0.00111390 / 0.00000000 -0.00020850 -1.00000000 -1.00000000
				14.13079000 2.22067900 -0.64065810 / -0.00029480 0.99999980 -0.00020850 / 255 0 255 255 / 0.98124690 0.00111390 / 0.00000000 -0.00020850 -1.00000000 -1.00000000
				14.13079000 2.22067900 -0.64065810 / -0.00029480 0.99999980 -0.00020850 / 255 0 255 255 / 0.98124690 0.00111390 / 0.00000000 -0.00020850 -1.00000000 -1.00000000
				14.02825000 2.23309000 -0.66200590 / 0.17496170 0.85411800 -0.48976600 / 255 0 255 255 / 0.99017340 0.01086430 / -0.00986380 -0.49589330 -0.86832740 -1.00000000
				14.02825000 2.23309000 -0.66200590 / 0.17496170 0.85411800 -0.48976600 / 255 0 255 255 / 0.99017340 0.01086430 / -0.00986380 -0.49589330 -0.86832740 -1.00000000
				14.02825000 2.23309000 -0.66200590 / 0.17496170 0.85411800 -0.48976600 / 255 0 255 255 / 0.99017340 0.01086430 / -0.00986380 -0.49589330 -0.86832740 -1.00000000
				14.23333000 2.23904800 -0.64065810 / -0.17638050 0.98431800 -0.00284920 / 255 0 255 255 / 0.98124690 0.01087950 / -0.01038440 -0.00475520 -0.99993480 1.00000000
				14.23333000 2.23904800 -0.64065810 / -0.17638050 0.98431800 -0.00284920 / 255 0 255 255 / 0.98124690 0.01087950 / -0.01038440 -0.00475520 -0.99993480 1.00000000
				14.23333000 2.23904800 -0.64065810 / -0.17638050 0.98431800 -0.00284920 / 255 0 255 255 / 0.98124690 0.01087950 / -0.01038440 -0.00475520 -0.99993480 1.00000000
				14.13079000 2.21720400 -0.65306970 / 0.00081500 0.86325420 -0.50476870 / 255 0 255 255 / 0.99017340 0.00111390 / -0.00000450 -0.50476890 -0.86325450 -1.00000000
				14.13079000 2.21720400 -0.65306970 / 0.00081500 0.86325420 -0.50476870 / 255 0 255 255 / 0.99017340 0.00111390 / -0.00000450 -0.50476890 -0.86325450 -1.00000000
				14.13079000 2.21720400 -0.65306970 / 0.00081500 0.86325420 -0.50476870 / 255 0 255 255 / 0.99017340 0.00111390 / -0.00000450 -0.50476890 -0.86325450 -1.00000000
				14.13079000 2.21720400 -0.65306970 / 0.00081500 0.86325420 -0.50476870 / 255 0 255 255 / 0.99017340 0.00111390 / -0.00000450 -0.50476890 -0.86325450 -1.00000000
				14.13079000 2.21720400 -0.65306970 / 0.00081500 0.86325420 -0.50476870 / 255 0 255 255 / 0.99017340 0.00111390 / -0.00000450 -0.50476890 -0.86325450 -1.00000000
				14.13079000 2.21720400 -0.65306970 / 0.00081500 0.86325420 -0.50476870 / 255 0 255 255 / 0.99017340 0.00111390 / -0.00000450 -0.50476890 -0.86325450 -1.00000000
				14.02825000 2.21770000 -0.67789270 / 0.16963390 0.70697270 -0.68659590 / 255 0 255 255 / 0.99911500 0.01086430 / 0.00075590 -0.69678620 -0.71727850 -1.00000000
				14.02825000 2.21770000 -0.67789270 / 0.16963390 0.70697270 -0.68659590 / 255 0 255 255 / 0.99911500 0.01086430 / 0.00075590 -0.69678620 -0.71727850 -1.00000000
				14.23333000 2.23309000 -0.66200590 / -0.17589640 0.85370240 -0.49015570 / 255 0 255 255 / 0.99017340 0.01087950 / -0.01024770 -0.49947990 -0.86626490 1.00000000
				14.23333000 2.23309000 -0.66200590 / -0.17589640 0.85370240 -0.49015570 / 255 0 255 255 / 0.99017340 0.01087950 / -0.01024770 -0.49947990 -0.86626490 1.00000000
				14.23333000 2.23309000 -0.66200590 / -0.17589640 0.85370240 -0.49015570 / 255 0 255 255 / 0.99017340 0.01087950 / -0.01024770 -0.49947990 -0.86626490 1.00000000
				14.13079000 2.20826800 -0.66200590 / 0.00148960 0.70783870 -0.70637260 / 255 0 255 255 / 0.99911500 0.00111390 / -0.00000950 -0.70637330 -0.70783940 1.00000000
				14.13079000 2.20826800 -0.66200590 / 0.00148960 0.70783870 -0.70637260 / 255 0 255 255 / 0.99911500 0.00111390 / -0.00000950 -0.70637330 -0.70783940 1.00000000
				14.13079000 2.20826800 -0.66200590 / 0.00148960 0.70783870 -0.70637260 / 255 0 255 255 / 0.99911500 0.00111390 / -0.00000950 -0.70637330 -0.70783940 1.00000000
				14.23333000 2.21770000 -0.67789270 / -0.17130150 0.70762210 -0.68551220 / 255 0 255 255 / 0.99911500 0.01087950 / 0.00000000 -0.69579690 -0.71823860 1.00000000
				14.02288000 2.17550100 -0.60491320 / -0.99999980 0.00000000 0.00000000 / 255 0 255 255 / 0.96961970 0.05627440 / 0.00000000 -0.99988260 -0.01532140 -1.00000000
				14.02288000 2.17550100 -0.60491320 / -0.99999980 0.00000000 0.00000000 / 255 0 255 255 / 0.96961970 0.05627440 / 0.00000000 -0.99988260 -0.01532140 -1.00000000
				14.02288000 2.17550100 -0.60491320 / -0.99999980 0.00000000 0.00000000 / 255 0 255 255 / 0.96961970 0.05627440 / 0.00000000 -0.99988260 -0.01532140 -1.00000000
				14.02288000 2.19585600 -0.59945200 / -1.00000000 0.00000000 0.00000000 / 255 0 255 255 / 0.94966120 0.05931090 / 0.00000000 -1.00000000 0.00000000 -1.00000000
				14.02288000 2.21621000 -0.60491320 / -1.00000000 0.00000000 0.00000000 / 255 0 255 255 / 0.92970280 0.05627440 / 0.00000000 -0.99994390 0.01059470 -1.00000000
				14.02288000 2.21621000 -0.60491320 / -1.00000000 0.00000000 0.00000000 / 255 0 255 255 / 0.92970280 0.05627440 / 0.00000000 -0.99994390 0.01059470 -1.00000000
				14.02288000 2.21621000 -0.60491320 / -1.00000000 0.00000000 0.00000000 / 255 0 255 255 / 0.92970280 0.05627440 / 0.00000000 -0.99994390 0.01059470 -1.00000000
				14.02288000 2.21621000 -0.60491320 / -1.00000000 0.00000000 0.00000000 / 255 0 255 255 / 0.92970280 0.05627440 / 0.00000000 -0.99994390 0.01059470 -1.00000000
				14.02288000 2.21621000 -0.60491320 / -1.00000000 0.00000000 0.00000000 / 255 0 255 255 / 0.92970280 0.05627440 / 0.00000000 -0.99994390 0.01059470 -1.00000000
				14.02288000 2.16060700 -0.62030340 / -0.99999980 0.00000000 0.00000000 / 255 0 255 255 / 0.98423770 0.04800420 / 0.00000000 -0.99894180 -0.04599100 -1.00000000
				14.02288000 2.15514700 -0.64065810 / -1.00000000 0.00000000 0.00000000 / 255 0 255 255 / 0.98957830 0.03669740 / 0.00000000 -0.99994760 -0.01023520 -1.00000000
				14.02288000 2.15514700 -0.64065810 / -1.00000000 0.00000000 0.00000000 / 255 0 255 255 / 0.98957830 0.03669740 / 0.00000000 -0.99994760 -0.01023520 -1.00000000
				14.02288000 2.15514700 -0.64065810 / -1.00000000 0.00000000 0.00000000 / 255 0 255 255 / 0.98957830 0.03669740 / 0.00000000 -0.99994760 -0.01023520 -1.00000000
				14.02288000 2.15514700 -0.64065810 / -1.00000000 0.00000000 0.00000000 / 255 0 255 255 / 0.98957830 0.03669740 / 0.00000000 -0.99994760 -0.01023520 -1.00000000
				14.02288000 2.15514700 -0.64065810 / -1.00000000 0.00000000 0.00000000 / 255 0 255 255 / 0.98957830 0.03669740 / 0.00000000 -0.99994760 -0.01023520 -1.00000000
				14.02288000 2.17550100 -0.67590690 / -1.00000000 0.00000000 0.00000000 / 255 0 255 255 / 0.96961970 0.01713560 / 0.00000000 -0.99999980 -0.00045410 -1.00000000
				14.02288000 2.17550100 -0.67590690 / -1.00000000 0.00000000 0.00000000 / 255 0 255 255 / 0.96961970 0.01713560 / 0.00000000 -0.99999980 -0.00045410 -1.00000000
				14.02288000 2.17550100 -0.67590690 / -1.00000000 0.00000000 0.00000000 / 255 0 255 255 / 0.96961970 0.01713560 / 0.00000000 -0.99999980 -0.00045410 -1.00000000
				14.02288000 2.16060700 -0.66101310 / -1.00000000 0.00000000 0.00000000 / 255 0 255 255 / 0.98423770 0.02540590 / 0.00000000 -0.99999900 -0.00136450 -1.00000000
				14.02288000 2.23160100 -0.62030340 / -1.00000000 0.00000000 0.00000000 / 255 0 255 255 / 0.91510010 0.04800420 / 0.00000000 -0.99903200 0.04398970 -1.00000000
				14.02288000 2.23706200 -0.64065810 / -1.00000000 0.00000000 0.00000000 / 255 0 255 255 / 0.90974420 0.03669740 / 0.00000000 -0.99982120 0.01890590 -1.00000000
				14.02288000 2.23706200 -0.64065810 / -1.00000000 0.00000000 0.00000000 / 255 0 255 255 / 0.90974420 0.03669740 / 0.00000000 -0.99982120 0.01890590 -1.00000000
				14.02288000 2.23706200 -0.64065810 / -1.00000000 0.00000000 0.00000000 / 255 0 255 255 / 0.90974420 0.03669740 / 0.00000000 -0.99982120 0.01890590 -1.00000000
				14.02288000 2.21621000 -0.67590690 / -0.99999980 0.00000000 0.00000000 / 255 0 255 255 / 0.92970280 0.01713560 / 0.00000000 -0.99999840 0.00178230 -1.00000000
				14.02288000 2.21621000 -0.67590690 / -0.99999980 0.00000000 0.00000000 / 255 0 255 255 / 0.92970280 0.01713560 / 0.00000000 -0.99999840 0.00178230 -1.00000000
				14.02288000 2.21621000 -0.67590690 / -0.99999980 0.00000000 0.00000000 / 255 0 255 255 / 0.92970280 0.01713560 / 0.00000000 -0.99999840 0.00178230 -1.00000000
				14.02288000 2.21621000 -0.67590690 / -0.99999980 0.00000000 0.00000000 / 255 0 255 255 / 0.92970280 0.01713560 / 0.00000000 -0.99999840 0.00178230 -1.00000000
				14.02288000 2.21621000 -0.67590690 / -0.99999980 0.00000000 0.00000000 / 255 0 255 255 / 0.92970280 0.01713560 / 0.00000000 -0.99999840 0.00178230 -1.00000000
				14.02288000 2.19585600 -0.68136790 / -1.00000000 0.00000000 0.00000000 / 255 0 255 255 / 0.94966120 0.01409910 / 0.00000000 -1.00000000 0.00000000 -1.00000000
				14.02288000 2.23160100 -0.66101310 / -0.99999980 0.00000000 0.00000000 / 255 0 255 255 / 0.91510010 0.02540590 / 0.00000000 -0.99999920 0.00130490 -1.00000000
				14.23870000 2.16060700 -0.66101310 / 1.00000000 0.00000000 0.00000000 / 255 0 255 255 / 0.98423770 0.02540590 / 0.00000000 -0.99999980 0.00055060 1.00000000
				14.23870000 2.16060700 -0.66101310 / 1.00000000 0.00000000 0.00000000 / 255 0 255 255 / 0.98423770 0.02540590 / 0.00000000 -0.99999980 0.00055060 1.00000000
				14.23870000 2.16060700 -0.66101310 / 1.00000000 0.00000000 0.00000000 / 255 0 255 255 / 0.98423770 0.02540590 / 0.00000000 -0.99999980 0.00055060 1.00000000
				14.23870000 2.17550100 -0.67590690 / 1.00000000 0.00000000 0.00000000 / 255 0 255 255 / 0.96961970 0.01713560 / 0.00000000 -0.99999980 -0.00049720 1.00000000
				14.23870000 2.19585600 -0.68136790 / 1.00000000 0.00000000 0.00000000 / 255 0 255 255 / 0.94966120 0.01409910 / 0.00000000 -1.00000000 0.00000000 1.00000000
				14.23870000 2.19585600 -0.68136790 / 1.00000000 0.00000000 0.00000000 / 255 0 255 255 / 0.94966120 0.01409910 / 0.00000000 -1.00000000 0.00000000 1.00000000
				14.23870000 2.19585600 -0.68136790 / 1.00000000 0.00000000 0.00000000 / 255 0 255 255 / 0.94966120 0.01409910 / 0.00000000 -1.00000000 0.00000000 1.00000000
				14.23870000 2.19585600 -0.68136790 / 1.00000000 0.00000000 0.00000000 / 255 0 255 255 / 0.94966120 0.01409910 / 0.00000000 -1.00000000 0.00000000 1.00000000
				14.23870000 2.19585600 -0.68136790 / 1.00000000 0.00000000 0.00000000 / 255 0 255 255 / 0.94966120 0.01409910 / 0.00000000 -1.00000000 0.00000000 1.00000000
				14.23870000 2.15514700 -0.64065810 / 0.99999980 0.00000000 0.00000000 / 255 0 255 255 / 0.98957830 0.03669740 / 0.00000000 -0.99999680 0.00253700 1.00000000
				14.23870000 2.16060700 -0.62030340 / 1.00000000 0.00000000 0.00000000 / 255 0 255 255 / 0.98423770 0.04800420 / 0.00000000 -0.99999560 0.00296620 1.00000000
				14.23870000 2.16060700 -0.62030340 / 1.00000000 0.00000000 0.00000000 / 255 0 255 255 / 0.98423770 0.04800420 / 0.00000000 -0.99999560 0.00296620 1.00000000
				14.23870000 2.16060700 -0.62030340 / 1.00000000 0.00000000 0.00000000 / 255 0 255 255 / 0.98423770 0.04800420 / 0.00000000 -0.99999560 0.00296620 1.00000000
				14.23870000 2.16060700 -0.62030340 / 1.00000000 0.00000000 0.00000000 / 255 0 255 255 / 0.98423770 0.04800420 / 0.00000000 -0.99999560 0.00296620 1.00000000
				14.23870000 2.16060700 -0.62030340 / 1.00000000 0.00000000 0.00000000 / 255 0 255 255 / 0.98423770 0.04800420 / 0.00000000 -0.99999560 0.00296620 1.00000000
				14.23870000 2.19585600 -0.59945200 / 0.99999980 0.00000000 0.00000000 / 255 0 255 255 / 0.94966120 0.05931090 / 0.00000000 -1.00000000 0.00000160 1.00000000
				14.23870000 2.19585600 -0.59945200 / 0.99999980 0.00000000 0.00000000 / 255 0 255 255 / 0.94966120 0.05931090 / 0.00000000 -1.00000000 0.00000160 1.00000000
				14.23870000 2.19585600 -0.59945200 / 0.99999980 0.00000000 0.00000000 / 255 0 255 255 / 0.94966120 0.05931090 / 0.00000000 -1.00000000 0.00000160 1.00000000
				14.23870000 2.17550100 -0.60491320 / 1.00000000 0.00000000 0.00000000 / 255 0 255 255 / 0.96961970 0.05627440 / 0.00000000 -0.99991910 0.01272270 1.00000000
				14.23870000 2.21621000 -0.67590690 / 1.00000000 0.00000000 0.00000000 / 255 0 255 255 / 0.92970280 0.01713560 / 0.00000000 -0.99999980 0.00050360 1.00000000
				14.23870000 2.23160100 -0.66101310 / 1.00000000 0.00000000 0.00000000 / 255 0 255 255 / 0.91510010 0.02540590 / 0.00000000 -0.99999980 -0.00054820 1.00000000
				14.23870000 2.23160100 -0.66101310 / 1.00000000 0.00000000 0.00000000 / 255 0 255 255 / 0.91510010 0.02540590 / 0.00000000 -0.99999980 -0.00054820 1.00000000
				14.23870000 2.23160100 -0.66101310 / 1.00000000 0.00000000 0.00000000 / 255 0 255 255 / 0.91510010 0.02540590 / 0.00000000 -0.99999980 -0.00054820 1.00000000
				14.23870000 2.23160100 -0.62030340 / 1.00000000 0.00000000 0.00000000 / 255 0 255 255 / 0.91510010 0.04800420 / 0.00000000 -0.99999560 -0.00296430 1.00000000
				14.23870000 2.23160100 -0.62030340 / 1.00000000 0.00000000 0.00000000 / 255 0 255 255 / 0.91510010 0.04800420 / 0.00000000 -0.99999560 -0.00296430 1.00000000
				14.23870000 2.23160100 -0.62030340 / 1.00000000 0.00000000 0.00000000 / 255 0 255 255 / 0.91510010 0.04800420 / 0.00000000 -0.99999560 -0.00296430 1.00000000
				14.23870000 2.23160100 -0.62030340 / 1.00000000 0.00000000 0.00000000 / 255 0 255 255 / 0.91510010 0.04800420 / 0.00000000 -0.99999560 -0.00296430 1.00000000
				14.23870000 2.23160100 -0.62030340 / 1.00000000 0.00000000 0.00000000 / 255 0 255 255 / 0.91510010 0.04800420 / 0.00000000 -0.99999560 -0.00296430 1.00000000
				14.23870000 2.21621000 -0.60491320 / 0.99999980 0.00000000 0.00000000 / 255 0 255 255 / 0.92970280 0.05627440 / 0.00000000 -0.99991700 -0.01288140 1.00000000
				14.23870000 2.23706200 -0.64065810 / 1.00000000 0.00000000 0.00000000 / 255 0 255 255 / 0.90974420 0.03669740 / 0.00000000 -0.99999680 -0.00253660 1.00000000
				14.02825000 2.15266400 -0.64065810 / -0.41682920 -0.90898430 0.00095740 / 255 0 255 255 / 0.99317930 0.03669740 / 0.90785260 -0.41625720 0.05033530 -1.00000000
				14.02825000 2.15266400 -0.64065810 / -0.41682920 -0.90898430 0.00095740 / 255 0 255 255 / 0.99317930 0.03669740 / 0.90785260 -0.41625720 0.05033530 -1.00000000
				14.02825000 2.15266400 -0.64065810 / -0.41682920 -0.90898430 0.00095740 / 255 0 255 255 / 0.99317930 0.03669740 / 0.90785260 -0.41625720 0.05033530 -1.00000000
				14.02288000 2.15514700 -0.64065810 / -0.41854450 -0.90819470 0.00174500 / 255 0 255 255 / 0.98957830 0.03669740 / 0.90783680 -0.41843210 -0.02733010 -1.00000000
				14.02288000 2.15514700 -0.64065810 / -0.41854450 -0.90819470 0.00174500 / 255 0 255 255 / 0.98957830 0.03669740 / 0.90783680 -0.41843210 -0.02733010 -1.00000000
				14.02288000 2.15514700 -0.64065810 / -0.41854450 -0.90819470 0.00174500 / 255 0 255 255 / 0.98957830 0.03669740 / 0.90783680 -0.41843210 -0.02733010 -1.00000000
				14.02288000 2.16060700 -0.66101310 / -0.38383830 -0.79558970 -0.46872700 / 255 0 255 255 / 0.98423770 0.02540590 / 0.87421230 -0.47655600 0.09299000 -1.00000000
				14.02288000 2.16060700 -0.66101310 / -0.38383830 -0.79558970 -0.46872700 / 255 0 255 255 / 0.98423770 0.02540590 / 0.87421230 -0.47655600 0.09299000 -1.00000000
				14.02288000 2.16060700 -0.66101310 / -0.38383830 -0.79558970 -0.46872700 / 255 0 255 255 / 0.98423770 0.02540590 / 0.87421230 -0.47655600 0.09299000 -1.00000000
				14.02825000 2.15862200 -0.66200590 / -0.38135020 -0.79988760 -0.46341320 / 255 0 255 255 / 0.98735040 0.02430720 / 0.84321790 -0.50644560 0.18026740 -1.00000000
				14.02825000 2.15862200 -0.66200590 / -0.38135020 -0.79988760 -0.46341320 / 255 0 255 255 / 0.98735040 0.02430720 / 0.84321790 -0.50644560 0.18026740 -1.00000000
				14.02825000 2.15862200 -0.66200590 / -0.38135020 -0.79988760 -0.46341320 / 255 0 255 255 / 0.98735040 0.02430720 / 0.84321790 -0.50644560 0.18026740 -1.00000000
				14.02825000 2.15862200 -0.61881400 / -0.41874800 -0.77923300 0.46631090 / 255 0 255 255 / 0.98735040 0.04910280 / 0.87152370 -0.48912250 -0.03472270 -1.00000000
				14.02825000 2.15862200 -0.61881400 / -0.41874800 -0.77923300 0.46631090 / 255 0 255 255 / 0.98735040 0.04910280 / 0.87152370 -0.48912250 -0.03472270 -1.00000000
				14.02825000 2.15862200 -0.61881400 / -0.41874800 -0.77923300 0.46631090 / 255 0 255 255 / 0.98735040 0.04910280 / 0.87152370 -0.48912250 -0.03472270 -1.00000000
				14.02288000 2.17550100 -0.67590690 / -0.38129130 -0.46569550 -0.79858920 / 255 0 255 255 / 0.96961970 0.01713560 / 0.66514850 -0.73813270 0.11286120 -1.00000000
				14.02288000 2.17550100 -0.67590690 / -0.38129130 -0.46569550 -0.79858920 / 255 0 255 255 / 0.96961970 0.01713560 / 0.66514850 -0.73813270 0.11286120 -1.00000000
				14.02288000 2.17550100 -0.67590690 / -0.38129130 -0.46569550 -0.79858920 / 255 0 255 255 / 0.96961970 0.01713560 / 0.66514850 -0.73813270 0.11286120 -1.00000000
				14.02288000 2.16060700 -0.62030340 / -0.40870340 -0.79190890 0.45369790 / 255 0 255 255 / 0.98423770 0.04800420 / 0.84040150 -0.52041540 -0.15130490 -1.00000000
				14.02288000 2.16060700 -0.62030340 / -0.40870340 -0.79190890 0.45369790 / 255 0 255 255 / 0.98423770 0.04800420 / 0.84040150 -0.52041540 -0.15130490 -1.00000000
				14.02288000 2.16060700 -0.62030340 / -0.40870340 -0.79190890 0.45369790 / 255 0 255 255 / 0.98423770 0.04800420 / 0.84040150 -0.52041540 -0.15130490 -1.00000000
				14.02825000 2.17450900 -0.67789270 / -0.37811450 -0.45938780 -0.80373650 / 255 0 255 255 / 0.97142030 0.01522830 / 0.56167570 -0.80397930 0.19528860 -1.00000000
				14.02825000 2.17450900 -0.67789270 / -0.37811450 -0.45938780 -0.80373650 / 255 0 255 255 / 0.97142030 0.01522830 / 0.56167570 -0.80397930 0.19528860 -1.00000000
				14.02825000 2.17450900 -0.67789270 / -0.37811450 -0.45938780 -0.80373650 / 255 0 255 255 / 0.97142030 0.01522830 / 0.56167570 -0.80397930 0.19528860 -1.00000000
				14.02825000 2.17450900 -0.60342380 / -0.32539320 -0.48349130 0.81262250 / 255 0 255 255 / 0.97142030 0.05818180 / 0.68057630 -0.71637310 -0.15370630 -1.00000000
				14.02825000 2.17450900 -0.60342380 / -0.32539320 -0.48349130 0.81262250 / 255 0 255 255 / 0.97142030 0.05818180 / 0.68057630 -0.71637310 -0.15370630 -1.00000000
				14.02825000 2.17450900 -0.60342380 / -0.32539320 -0.48349130 0.81262250 / 255 0 255 255 / 0.97142030 0.05818180 / 0.68057630 -0.71637310 -0.15370630 -1.00000000
				14.02288000 2.19585600 -0.68136790 / -0.34995360 0.00494580 -0.93675400 / 255 0 255 255 / 0.94966120 0.01409910 / 0.10064780 -0.99399900 -0.04284820 -1.00000000
				14.02288000 2.19585600 -0.68136790 / -0.34995360 0.00494580 -0.93675400 / 255 0 255 255 / 0.94966120 0.01409910 / 0.10064780 -0.99399900 -0.04284820 -1.00000000
				14.02288000 2.19585600 -0.68136790 / -0.34995360 0.00494580 -0.93675400 / 255 0 255 255 / 0.94966120 0.01409910 / 0.10064780 -0.99399900 -0.04284820 -1.00000000
				14.02288000 2.17550100 -0.60491320 / -0.31852460 -0.48189760 0.81628220 / 255 0 255 255 / 0.96961970 0.05627440 / 0.55036620 -0.79514000 -0.25465560 -1.00000000
				14.02288000 2.17550100 -0.60491320 / -0.31852460 -0.48189760 0.81628220 / 255 0 255 255 / 0.96961970 0.05627440 / 0.55036620 -0.79514000 -0.25465560 -1.00000000
				14.02288000 2.17550100 -0.60491320 / -0.31852460 -0.48189760 0.81628220 / 255 0 255 255 / 0.96961970 0.05627440 / 0.55036620 -0.79514000 -0.25465560 -1.00000000
				14.02825000 2.19585600 -0.68335370 / -0.35175740 0.00379500 -0.93608360 / 255 0 255 255 / 0.94966120 0.01190190 / -0.09932810 -0.99449760 0.03329330 -1.00000000
				14.02825000 2.19585600 -0.68335370 / -0.35175740 0.00379500 -0.93608360 / 255 0 255 255 / 0.94966120 0.01190190 / -0.09932810 -0.99449760 0.03329330 -1.00000000
				14.02825000 2.19585600 -0.68335370 / -0.35175740 0.00379500 -0.93608360 / 255 0 255 255 / 0.94966120 0.01190190 / -0.09932810 -0.99449760 0.03329330 -1.00000000
				14.02825000 2.19585600 -0.59746620 / -0.34383580 0.00102460 0.93902920 / 255 0 255 255 / 0.94966120 0.06150820 / 0.09621170 -0.99469820 0.03631430 -1.00000000
				14.02825000 2.19585600 -0.59746620 / -0.34383580 0.00102460 0.93902920 / 255 0 255 255 / 0.94966120 0.06150820 / 0.09621170 -0.99469820 0.03631430 -1.00000000
				14.02825000 2.19585600 -0.59746620 / -0.34383580 0.00102460 0.93902920 / 255 0 255 255 / 0.94966120 0.06150820 / 0.09621170 -0.99469820 0.03631430 -1.00000000
				14.02288000 2.21621000 -0.67590690 / -0.41141860 0.43527010 -0.80079620 / 255 0 255 255 / 0.92970280 0.01713560 / -0.52923640 -0.82939650 -0.17891420 -1.00000000
				14.02288000 2.21621000 -0.67590690 / -0.41141860 0.43527010 -0.80079620 / 255 0 255 255 / 0.92970280 0.01713560 / -0.52923640 -0.82939650 -0.17891420 -1.00000000
				14.02288000 2.21621000 -0.67590690 / -0.41141860 0.43527010 -0.80079620 / 255 0 255 255 / 0.92970280 0.01713560 / -0.52923640 -0.82939650 -0.17891420 -1.00000000
				14.02288000 2.19585600 -0.59945200 / -0.34564610 0.00176700 0.93836330 / 255 0 255 255 / 0.94966120 0.05931090 / -0.09538880 -0.99488420 -0.03326300 -1.00000000
				14.02288000 2.19585600 -0.59945200 / -0.34564610 0.00176700 0.93836330 / 255 0 255 255 / 0.94966120 0.05931090 / -0.09538880 -0.99488420 -0.03326300 -1.00000000
				14.02288000 2.19585600 -0.59945200 / -0.34564610 0.00176700 0.93836330 / 255 0 255 255 / 0.94966120 0.05931090 / -0.09538880 -0.99488420 -0.03326300 -1.00000000
				14.02825000 2.21770000 -0.67789270 / -0.40774010 0.45245900 -0.79311340 / 255 0 255 255 / 0.92790220 0.01522830 / -0.65236680 -0.75209210 -0.09367480 -1.00000000
				14.02825000 2.21770000 -0.67789270 / -0.40774010 0.45245900 -0.79311340 / 255 0 255 255 / 0.92790220 0.01522830 / -0.65236680 -0.75209210 -0.09367480 -1.00000000
				14.02825000 2.21770000 -0.67789270 / -0.40774010 0.45245900 -0.79311340 / 255 0 255 255 / 0.92790220 0.01522830 / -0.65236680 -0.75209210 -0.09367480 -1.00000000
				14.02825000 2.21770000 -0.60342380 / -0.35662310 0.47909990 0.80204950 / 255 0 255 255 / 0.92790220 0.05818180 / -0.54455440 -0.80417780 0.23824070 -1.00000000
				14.02825000 2.21770000 -0.60342380 / -0.35662310 0.47909990 0.80204950 / 255 0 255 255 / 0.92790220 0.05818180 / -0.54455440 -0.80417780 0.23824070 -1.00000000
				14.02825000 2.21770000 -0.60342380 / -0.35662310 0.47909990 0.80204950 / 255 0 255 255 / 0.92790220 0.05818180 / -0.54455440 -0.80417780 0.23824070 -1.00000000
				14.02288000 2.23160100 -0.66101310 / -0.32436810 0.82352620 -0.46539240 / 255 0 255 255 / 0.91510010 0.02540590 / -0.86499290 -0.45735680 -0.20642630 -1.00000000
				14.02288000 2.23160100 -0.66101310 / -0.32436810 0.82352620 -0.46539240 / 255 0 255 255 / 0.91510010 0.02540590 / -0.86499290 -0.45735680 -0.20642630 -1.00000000
				14.02288000 2.23160100 -0.66101310 / -0.32436810 0.82352620 -0.46539240 / 255 0 255 255 / 0.91510010 0.02540590 / -0.86499290 -0.45735680 -0.20642630 -1.00000000
				14.02288000 2.21621000 -0.60491320 / -0.35280490 0.45410840 0.81811620 / 255 0 255 255 / 0.92970280 0.05627440 / -0.66417220 -0.73740940 0.12289290 -1.00000000
				14.02288000 2.21621000 -0.60491320 / -0.35280490 0.45410840 0.81811620 / 255 0 255 255 / 0.92970280 0.05627440 / -0.66417220 -0.73740940 0.12289290 -1.00000000
				14.02288000 2.21621000 -0.60491320 / -0.35280490 0.45410840 0.81811620 / 255 0 255 255 / 0.92970280 0.05627440 / -0.66417220 -0.73740940 0.12289290 -1.00000000
				14.02825000 2.23309000 -0.66200590 / -0.31846980 0.82260490 -0.47106070 / 255 0 255 255 / 0.91197210 0.02430720 / -0.90776330 -0.40778090 -0.09838930 -1.00000000
				14.02825000 2.23309000 -0.66200590 / -0.31846980 0.82260490 -0.47106070 / 255 0 255 255 / 0.91197210 0.02430720 / -0.90776330 -0.40778090 -0.09838930 -1.00000000
				14.02825000 2.23309000 -0.66200590 / -0.31846980 0.82260490 -0.47106070 / 255 0 255 255 / 0.91197210 0.02430720 / -0.90776330 -0.40778090 -0.09838930 -1.00000000
				14.02825000 2.23309000 -0.61881400 / -0.35555350 0.80167910 0.48051260 / 255 0 255 255 / 0.91197210 0.04910280 / -0.86441230 -0.47758470 0.15717560 -1.00000000
				14.02825000 2.23309000 -0.61881400 / -0.35555350 0.80167910 0.48051260 / 255 0 255 255 / 0.91197210 0.04910280 / -0.86441230 -0.47758470 0.15717560 -1.00000000
				14.02825000 2.23309000 -0.61881400 / -0.35555350 0.80167910 0.48051260 / 255 0 255 255 / 0.91197210 0.04910280 / -0.86441230 -0.47758470 0.15717560 -1.00000000
				14.02288000 2.23706200 -0.64065810 / -0.34402600 0.93895040 -0.00426910 / 255 0 255 255 / 0.90974420 0.03669740 / -0.93735550 -0.34370030 -0.05687470 -1.00000000
				14.02288000 2.23706200 -0.64065810 / -0.34402600 0.93895040 -0.00426910 / 255 0 255 255 / 0.90974420 0.03669740 / -0.93735550 -0.34370030 -0.05687470 -1.00000000
				14.02288000 2.23706200 -0.64065810 / -0.34402600 0.93895040 -0.00426910 / 255 0 255 255 / 0.90974420 0.03669740 / -0.93735550 -0.34370030 -0.05687470 -1.00000000
				14.02288000 2.23160100 -0.62030340 / -0.35411580 0.81676400 0.45552020 / 255 0 255 255 / 0.91510010 0.04800420 / -0.90679280 -0.41901730 0.04638330 -1.00000000
				14.02288000 2.23160100 -0.62030340 / -0.35411580 0.81676400 0.45552020 / 255 0 255 255 / 0.91510010 0.04800420 / -0.90679280 -0.41901730 0.04638330 -1.00000000
				14.02288000 2.23160100 -0.62030340 / -0.35411580 0.81676400 0.45552020 / 255 0 255 255 / 0.91510010 0.04800420 / -0.90679280 -0.41901730 0.04638330 -1.00000000
				14.02825000 2.23904800 -0.64065810 / -0.34556230 0.93838670 -0.00411430 / 255 0 255 255 / 0.90614320 0.03669740 / -0.93812190 -0.34535230 0.02566820 -1.00000000
				14.02825000 2.23904800 -0.64065810 / -0.34556230 0.93838670 -0.00411430 / 255 0 255 255 / 0.90614320 0.03669740 / -0.93812190 -0.34535230 0.02566820 -1.00000000
				14.02825000 2.23904800 -0.64065810 / -0.34556230 0.93838670 -0.00411430 / 255 0 255 255 / 0.90614320 0.03669740 / -0.93812190 -0.34535230 0.02566820 -1.00000000
				14.23333000 2.15862200 -0.66200590 / 0.38430280 -0.80063420 -0.45966950 / 255 0 255 255 / 0.98735040 0.02430720 / -0.87476910 -0.47495280 0.09591080 1.00000000
				14.23333000 2.15862200 -0.66200590 / 0.38430280 -0.80063420 -0.45966950 / 255 0 255 255 / 0.98735040 0.02430720 / -0.87476910 -0.47495280 0.09591080 1.00000000
				14.23333000 2.15862200 -0.66200590 / 0.38430280 -0.80063420 -0.45966950 / 255 0 255 255 / 0.98735040 0.02430720 / -0.87476910 -0.47495280 0.09591080 1.00000000
				14.23870000 2.16060700 -0.66101310 / 0.38129260 -0.79859900 -0.46567760 / 255 0 255 255 / 0.98423770 0.02540590 / -0.84014930 -0.50951250 0.18586580 1.00000000
				14.23870000 2.16060700 -0.66101310 / 0.38129260 -0.79859900 -0.46567760 / 255 0 255 255 / 0.98423770 0.02540590 / -0.84014930 -0.50951250 0.18586580 1.00000000
				14.23870000 2.16060700 -0.66101310 / 0.38129260 -0.79859900 -0.46567760 / 255 0 255 255 / 0.98423770 0.02540590 / -0.84014930 -0.50951250 0.18586580 1.00000000
				14.23870000 2.15514700 -0.64065810 / 0.41704030 -0.90887820 -0.00419940 / 255 0 255 255 / 0.98957830 0.03669740 / -0.90740330 -0.41661870 0.05520940 1.00000000
				14.23870000 2.15514700 -0.64065810 / 0.41704030 -0.90887820 -0.00419940 / 255 0 255 255 / 0.98957830 0.03669740 / -0.90740330 -0.41661870 0.05520940 1.00000000
				14.23870000 2.15514700 -0.64065810 / 0.41704030 -0.90887820 -0.00419940 / 255 0 255 255 / 0.98957830 0.03669740 / -0.90740330 -0.41661870 0.05520940 1.00000000
				14.23333000 2.15266400 -0.64065810 / 0.41845150 -0.90823060 -0.00393850 / 255 0 255 255 / 0.99317930 0.03669740 / -0.90799690 -0.41823580 -0.02490960 1.00000000
				14.23333000 2.15266400 -0.64065810 / 0.41845150 -0.90823060 -0.00393850 / 255 0 255 255 / 0.99317930 0.03669740 / -0.90799690 -0.41823580 -0.02490960 1.00000000
				14.23333000 2.15266400 -0.64065810 / 0.41845150 -0.90823060 -0.00393850 / 255 0 255 255 / 0.99317930 0.03669740 / -0.90799690 -0.41823580 -0.02490960 1.00000000
				14.23333000 2.17450900 -0.67789270 / 0.38154110 -0.45505170 -0.80458330 / 255 0 255 255 / 0.97142030 0.01522830 / -0.66599320 -0.73893710 0.10210350 1.00000000
				14.23333000 2.17450900 -0.67789270 / 0.38154110 -0.45505170 -0.80458330 / 255 0 255 255 / 0.97142030 0.01522830 / -0.66599320 -0.73893710 0.10210350 1.00000000
				14.23333000 2.17450900 -0.67789270 / 0.38154110 -0.45505170 -0.80458330 / 255 0 255 255 / 0.97142030 0.01522830 / -0.66599320 -0.73893710 0.10210350 1.00000000
				14.23870000 2.16060700 -0.62030340 / 0.41739060 -0.79394520 0.44208170 / 255 0 255 255 / 0.98423770 0.04800420 / -0.87390350 -0.48407900 -0.04427490 1.00000000
				14.23870000 2.16060700 -0.62030340 / 0.41739060 -0.79394520 0.44208170 / 255 0 255 255 / 0.98423770 0.04800420 / -0.87390350 -0.48407900 -0.04427490 1.00000000
				14.23870000 2.16060700 -0.62030340 / 0.41739060 -0.79394520 0.44208170 / 255 0 255 255 / 0.98423770 0.04800420 / -0.87390350 -0.48407900 -0.04427490 1.00000000
				14.23870000 2.17550100 -0.67590690 / 0.37831910 -0.46212810 -0.80206760 / 255 0 255 255 / 0.96961970 0.01713560 / -0.55772230 -0.80533650 0.20094520 1.00000000
				14.23870000 2.17550100 -0.67590690 / 0.37831910 -0.46212810 -0.80206760 / 255 0 255 255 / 0.96961970 0.01713560 / -0.55772230 -0.80533650 0.20094520 1.00000000
				14.23870000 2.17550100 -0.67590690 / 0.37831910 -0.46212810 -0.80206760 / 255 0 255 255 / 0.96961970 0.01713560 / -0.55772230 -0.80533650 0.20094520 1.00000000
				14.23333000 2.15862200 -0.61881400 / 0.40814940 -0.78853270 0.46003290 / 255 0 255 255 / 0.98735040 0.04910280 / -0.84225050 -0.51964790 -0.14345790 1.00000000
				14.23333000 2.15862200 -0.61881400 / 0.40814940 -0.78853270 0.46003290 / 255 0 255 255 / 0.98735040 0.04910280 / -0.84225050 -0.51964790 -0.14345790 1.00000000
				14.23333000 2.15862200 -0.61881400 / 0.40814940 -0.78853270 0.46003290 / 255 0 255 255 / 0.98735040 0.04910280 / -0.84225050 -0.51964790 -0.14345790 1.00000000
				14.23333000 2.19585600 -0.68335370 / 0.35015940 -0.00666780 -0.93666640 / 255 0 255 255 / 0.94966120 0.01190190 / -0.10153270 -0.99435290 -0.03087810 1.00000000
				14.23333000 2.19585600 -0.68335370 / 0.35015940 -0.00666780 -0.93666640 / 255 0 255 255 / 0.94966120 0.01190190 / -0.10153270 -0.99435290 -0.03087810 1.00000000
				14.23333000 2.19585600 -0.68335370 / 0.35015940 -0.00666780 -0.93666640 / 255 0 255 255 / 0.94966120 0.01190190 / -0.10153270 -0.99435290 -0.03087810 1.00000000
				14.23870000 2.17550100 -0.60491320 / 0.32433150 -0.46540920 0.82353110 / 255 0 255 255 / 0.96961970 0.05627440 / -0.67606260 -0.72296850 -0.14232360 1.00000000
				14.23870000 2.17550100 -0.60491320 / 0.32433150 -0.46540920 0.82353110 / 255 0 255 255 / 0.96961970 0.05627440 / -0.67606260 -0.72296850 -0.14232360 1.00000000
				14.23870000 2.17550100 -0.60491320 / 0.32433150 -0.46540920 0.82353110 / 255 0 255 255 / 0.96961970 0.05627440 / -0.67606260 -0.72296850 -0.14232360 1.00000000
				14.23870000 2.19585600 -0.68136790 / 0.35143830 -0.00726900 -0.93618280 / 255 0 255 255 / 0.94966120 0.01409910 / 0.09776020 -0.99421830 0.04441830 1.00000000
				14.23870000 2.19585600 -0.68136790 / 0.35143830 -0.00726900 -0.93618280 / 255 0 255 255 / 0.94966120 0.01409910 / 0.09776020 -0.99421830 0.04441830 1.00000000
				14.23870000 2.19585600 -0.68136790 / 0.35143830 -0.00726900 -0.93618280 / 255 0 255 255 / 0.94966120 0.01409910 / 0.09776020 -0.99421830 0.04441830 1.00000000
				14.23333000 2.17450900 -0.60342380 / 0.31843360 -0.47105820 0.82262020 / 255 0 255 255 / 0.97142030 0.05818180 / -0.55634670 -0.79548780 -0.24016130 1.00000000
				14.23333000 2.17450900 -0.60342380 / 0.31843360 -0.47105820 0.82262020 / 255 0 255 255 / 0.97142030 0.05818180 / -0.55634670 -0.79548780 -0.24016130 1.00000000
				14.23333000 2.17450900 -0.60342380 / 0.31843360 -0.47105820 0.82262020 / 255 0 255 255 / 0.97142030 0.05818180 / -0.55634670 -0.79548780 -0.24016130 1.00000000
				14.23333000 2.21770000 -0.67789270 / 0.41288920 0.46622000 -0.78240750 / 255 0 255 255 / 0.92790220 0.01522830 / 0.54939080 -0.81265540 -0.19432160 1.00000000
				14.23333000 2.21770000 -0.67789270 / 0.41288920 0.46622000 -0.78240750 / 255 0 255 255 / 0.92790220 0.01522830 / 0.54939080 -0.81265540 -0.19432160 1.00000000
				14.23333000 2.21770000 -0.67789270 / 0.41288920 0.46622000 -0.78240750 / 255 0 255 255 / 0.92790220 0.01522830 / 0.54939080 -0.81265540 -0.19432160 1.00000000
				14.23870000 2.19585600 -0.59945200 / 0.34402450 -0.00426700 0.93895100 / 255 0 255 255 / 0.94966120 0.05931090 / -0.09823970 -0.99466500 0.03147410 1.00000000
				14.23870000 2.19585600 -0.59945200 / 0.34402450 -0.00426700 0.93895100 / 255 0 255 255 / 0.94966120 0.05931090 / -0.09823970 -0.99466500 0.03147410 1.00000000
				14.23870000 2.19585600 -0.59945200 / 0.34402450 -0.00426700 0.93895100 / 255 0 255 255 / 0.94966120 0.05931090 / -0.09823970 -0.99466500 0.03147410 1.00000000
				14.23870000 2.21621000 -0.67590690 / 0.40874950 0.45368980 -0.79188980 / 255 0 255 255 / 0.92970280 0.01713560 / 0.65179210 -0.75246600 -0.09466770 1.00000000
				14.23870000 2.21621000 -0.67590690 / 0.40874950 0.45368980 -0.79188980 / 255 0 255 255 / 0.92970280 0.01713560 / 0.65179210 -0.75246600 -0.09466770 1.00000000
				14.23870000 2.21621000 -0.67590690 / 0.40874950 0.45368980 -0.79188980 / 255 0 255 255 / 0.92970280 0.01713560 / 0.65179210 -0.75246600 -0.09466770 1.00000000
				14.23333000 2.19585600 -0.59746620 / 0.34556340 -0.00411300 0.93838630 / 255 0 255 255 / 0.94966120 0.06150820 / 0.09394190 -0.99481530 -0.03895470 1.00000000
				14.23333000 2.19585600 -0.59746620 / 0.34556340 -0.00411300 0.93838630 / 255 0 255 255 / 0.94966120 0.06150820 / 0.09394190 -0.99481530 -0.03895470 1.00000000
				14.23333000 2.19585600 -0.59746620 / 0.34556340 -0.00411300 0.93838630 / 255 0 255 255 / 0.94966120 0.06150820 / 0.09394190 -0.99481530 -0.03895470 1.00000000
				14.23333000 2.23309000 -0.66200590 / 0.32543200 0.81260700 -0.48349140 / 255 0 255 255 / 0.91197210 0.02430720 / 0.86463260 -0.46271570 -0.19571580 1.00000000
				14.23333000 2.23309000 -0.66200590 / 0.32543200 0.81260700 -0.48349140 / 255 0 255 255 / 0.91197210 0.02430720 / 0.86463260 -0.46271570 -0.19571580 1.00000000
				14.23333000 2.23309000 -0.66200590 / 0.32543200 0.81260700 -0.48349140 / 255 0 255 255 / 0.91197210 0.02430720 / 0.86463260 -0.46271570 -0.19571580 1.00000000
				14.23870000 2.21621000 -0.60491320 / 0.35413120 0.45550590 0.81676520 / 255 0 255 255 / 0.92970280 0.05627440 / 0.52375120 -0.82014860 0.23030600 1.00000000
				14.23870000 2.21621000 -0.60491320 / 0.35413120 0.45550590 0.81676520 / 255 0 255 255 / 0.92970280 0.05627440 / 0.52375120 -0.82014860 0.23030600 1.00000000
				14.23870000 2.21621000 -0.60491320 / 0.35413120 0.45550590 0.81676520 / 255 0 255 255 / 0.92970280 0.05627440 / 0.52375120 -0.82014860 0.23030600 1.00000000
				14.23870000 2.23160100 -0.66101310 / 0.31856150 0.81627930 -0.48187840 / 255 0 255 255 / 0.91510010 0.02540590 / 0.90644490 -0.41102750 -0.09702610 1.00000000
				14.23870000 2.23160100 -0.66101310 / 0.31856150 0.81627930 -0.48187840 / 255 0 255 255 / 0.91510010 0.02540590 / 0.90644490 -0.41102750 -0.09702610 1.00000000
				14.23870000 2.23160100 -0.66101310 / 0.31856150 0.81627930 -0.48187840 / 255 0 255 255 / 0.91510010 0.02540590 / 0.90644490 -0.41102750 -0.09702610 1.00000000
				14.23333000 2.21770000 -0.60342380 / 0.35556730 0.48050740 0.80167600 / 255 0 255 255 / 0.92790220 0.05818180 / 0.66731450 -0.73107200 0.14221490 1.00000000
				14.23333000 2.21770000 -0.60342380 / 0.35556730 0.48050740 0.80167600 / 255 0 255 255 / 0.92790220 0.05818180 / 0.66731450 -0.73107200 0.14221490 1.00000000
				14.23333000 2.21770000 -0.60342380 / 0.35556730 0.48050740 0.80167600 / 255 0 255 255 / 0.92790220 0.05818180 / 0.66731450 -0.73107200 0.14221490 1.00000000
				14.23333000 2.23904800 -0.64065810 / 0.34383740 0.93902870 0.00102290 / 255 0 255 255 / 0.90614320 0.03669740 / 0.93778350 -0.34332500 -0.05186680 1.00000000
				14.23333000 2.23904800 -0.64065810 / 0.34383740 0.93902870 0.00102290 / 255 0 255 255 / 0.90614320 0.03669740 / 0.93778350 -0.34332500 -0.05186680 1.00000000
				14.23333000 2.23904800 -0.64065810 / 0.34383740 0.93902870 0.00102290 / 255 0 255 255 / 0.90614320 0.03669740 / 0.93778350 -0.34332500 -0.05186680 1.00000000
				14.23870000 2.23160100 -0.62030340 / 0.35279190 0.81811790 0.45411550 / 255 0 255 255 / 0.91510010 0.04800420 / 0.86668800 -0.46863750 0.17097040 1.00000000
				14.23870000 2.23160100 -0.62030340 / 0.35279190 0.81811790 0.45411550 / 255 0 255 255 / 0.91510010 0.04800420 / 0.86668800 -0.46863750 0.17097040 1.00000000
				14.23870000 2.23160100 -0.62030340 / 0.35279190 0.81811790 0.45411550 / 255 0 255 255 / 0.91510010 0.04800420 / 0.86668800 -0.46863750 0.17097040 1.00000000
				14.23870000 2.23706200 -0.64065810 / 0.34564510 0.93836370 0.00176430 / 255 0 255 255 / 0.90974420 0.03669740 / 0.93797590 -0.34555520 0.02815620 1.00000000
				14.23870000 2.23706200 -0.64065810 / 0.34564510 0.93836370 0.00176430 / 255 0 255 255 / 0.90974420 0.03669740 / 0.93797590 -0.34555520 0.02815620 1.00000000
				14.23870000 2.23706200 -0.64065810 / 0.34564510 0.93836370 0.00176430 / 255 0 255 255 / 0.90974420 0.03669740 / 0.93797590 -0.34555520 0.02815620 1.00000000
				14.23333000 2.23309000 -0.61881400 / 0.35660520 0.80205750 0.47909960 / 255 0 255 255 / 0.91197210 0.04910280 / 0.90541540 -0.42312790 0.03443350 1.00000000
				14.23333000 2.23309000 -0.61881400 / 0.35660520 0.80205750 0.47909960 / 255 0 255 255 / 0.91197210 0.04910280 / 0.90541540 -0.42312790 0.03443350 1.00000000
				14.23333000 2.23309000 -0.61881400 / 0.35660520 0.80205750 0.47909960 / 255 0 255 255 / 0.91197210 0.04910280 / 0.90541540 -0.42312790 0.03443350 1.00000000
			}
		}
	}
}
