Version 165 32
{
	Locked False
	Skinned False
	BoneCount 0
	Mask 255
	Bounds
	{
		Aabb
		{
			Min -9.00000000 -7.41796900 -1.75000000
			Max 14.22705000 7.56250000 1.75000000
		}
		Aabb
		{
			Min -9.00000000 -7.41796900 -1.75000000
			Max 9.00000000 7.56250000 -1.75000000
		}
		Aabb
		{
			Min -7.05224600 -7.41796900 -1.75000000
			Max 6.35107400 -7.41796900 0.93994140
		}
		Aabb
		{
			Min -9.00000000 -7.41796900 -1.75000000
			Max 9.00000000 7.56250000 1.75000000
		}
		Aabb
		{
			Min -9.00000000 -7.35498000 1.75000000
			Max 9.00000000 7.56250000 1.75000000
		}
		Aabb
		{
			Min -8.75000000 -0.39648440 1.65234400
			Max 8.75000000 0.60351560 1.75000000
		}
		Aabb
		{
			Min 8.98388700 -1.11816400 -1.75000000
			Max 14.22705000 2.40136700 0.61718750
		}
		Aabb
		{
			Min 9.00000000 -1.10205100 -1.75000000
			Max 14.22705000 2.39794900 -1.75000000
		}
		Aabb
		{
			Min 9.20751900 -1.10205100 1.24755900
			Max 13.97315000 2.39794900 1.25000000
		}
		Aabb
		{
			Min 9.20751900 -1.10205100 -1.75000000
			Max 14.22705000 2.39794900 1.25000000
		}
	}
	Geometries
	{
		Geometry
		{
			ShaderIndex 0
			Flags -
			VertexDeclaration N209731BE
			Indices 126
			{
				0 39 85 1 86 109 110 114 2 105 84 115 120 111 121
				124 116 3 117 125 4 8 122 112 113 106 9 15 123 10
				118 19 107 11 108 20 5 21 119 25 29 16 22 6 30
				31 7 36 37 38 32 33 40 23 24 41 12 13 45 17
				46 14 42 26 18 47 51 43 34 44 52 48 35 57 53
				49 64 27 65 50 54 70 28 66 73 55 58 56 74 67
				59 78 75 79 60 81 82 83 80 87 71 76 61 72 88
				77 92 89 93 94 90 91 95 62 63 96 68 100 69 97
				98 102 101 99 104 103
			}
			Vertices 126
			{
				-9.00000000 7.56250000 -1.75000000 / 0.00000000 0.00000000 1.00000000 / 255 0 255 255 / -1.86007700 -1.86007700
				-9.00000000 7.56250000 -1.75000000 / 0.00000000 0.00000000 1.00000000 / 255 0 255 255 / -1.86007700 -1.86007700
				-9.00000000 7.56250000 -1.75000000 / 0.00000000 0.00000000 1.00000000 / 255 0 255 255 / -1.86007700 -1.86007700
				-9.00000000 -0.39648440 -1.75000000 / 0.00000000 0.00000000 1.00000000 / 255 0 255 255 / -1.86007700 0.65820310
				-7.05224600 -7.35498000 -1.75000000 / 0.00000000 0.00000000 1.00000000 / 255 0 255 255 / -1.34931900 2.86007700
				-7.05224600 -7.35498000 -1.75000000 / 0.00000000 0.00000000 1.00000000 / 255 0 255 255 / -1.34931900 2.86007700
				-7.05224600 -7.35498000 -1.75000000 / 0.00000000 0.00000000 1.00000000 / 255 0 255 255 / -1.34931900 2.86007700
				-7.05224600 -7.35498000 -1.75000000 / 0.00000000 0.00000000 1.00000000 / 255 0 255 255 / -1.34931900 2.86007700
				-0.85058590 0.60351560 -1.75000000 / 0.00000000 0.00000000 1.00000000 / 255 0 255 255 / 0.27696230 0.34179690
				-0.85058590 0.60351560 -1.75000000 / 0.00000000 0.00000000 1.00000000 / 255 0 255 255 / 0.27696230 0.34179690
				-0.85058590 0.60351560 -1.75000000 / 0.00000000 0.00000000 1.00000000 / 255 0 255 255 / 0.27696230 0.34179690
				-0.85058590 0.60351560 -1.75000000 / 0.00000000 0.00000000 1.00000000 / 255 0 255 255 / 0.27696230 0.34179690
				-0.85058590 0.60351560 -1.75000000 / 0.00000000 0.00000000 1.00000000 / 255 0 255 255 / 0.27696230 0.34179690
				-0.85058590 0.60351560 -1.75000000 / 0.00000000 0.00000000 1.00000000 / 255 0 255 255 / 0.27696230 0.34179690
				-0.85058590 0.60351560 -1.75000000 / 0.00000000 0.00000000 1.00000000 / 255 0 255 255 / 0.27696230 0.34179690
				0.14941410 7.31250000 -1.75000000 / 0.00000000 0.00000000 1.00000000 / 255 0 255 255 / 0.53919980 -1.78097500
				0.14941410 7.31250000 -1.75000000 / 0.00000000 0.00000000 1.00000000 / 255 0 255 255 / 0.53919980 -1.78097500
				0.14941410 7.31250000 -1.75000000 / 0.00000000 0.00000000 1.00000000 / 255 0 255 255 / 0.53919980 -1.78097500
				0.14941410 7.31250000 -1.75000000 / 0.00000000 0.00000000 1.00000000 / 255 0 255 255 / 0.53919980 -1.78097500
				-7.05224600 -0.39648440 -1.75000000 / 0.00000000 0.00000000 1.00000000 / 255 0 255 255 / -1.34931900 0.65820310
				-7.05224600 -0.39648440 -1.75000000 / 0.00000000 0.00000000 1.00000000 / 255 0 255 255 / -1.34931900 0.65820310
				-7.05224600 -0.39648440 -1.75000000 / 0.00000000 0.00000000 1.00000000 / 255 0 255 255 / -1.34931900 0.65820310
				-7.05224600 -0.39648440 -1.75000000 / 0.00000000 0.00000000 1.00000000 / 255 0 255 255 / -1.34931900 0.65820310
				-7.05224600 -0.39648440 -1.75000000 / 0.00000000 0.00000000 1.00000000 / 255 0 255 255 / -1.34931900 0.65820310
				-7.05224600 -0.39648440 -1.75000000 / 0.00000000 0.00000000 1.00000000 / 255 0 255 255 / -1.34931900 0.65820310
				6.35107400 7.56250000 -1.75000000 / 0.00000000 0.00000000 1.00000000 / 255 0 255 255 / 2.16548200 -1.86007700
				6.35107400 7.56250000 -1.75000000 / 0.00000000 0.00000000 1.00000000 / 255 0 255 255 / 2.16548200 -1.86007700
				6.35107400 7.56250000 -1.75000000 / 0.00000000 0.00000000 1.00000000 / 255 0 255 255 / 2.16548200 -1.86007700
				6.35107400 7.56250000 -1.75000000 / 0.00000000 0.00000000 1.00000000 / 255 0 255 255 / 2.16548200 -1.86007700
				0.14941410 7.56250000 -1.75000000 / 0.00000000 0.00000000 1.00000000 / 255 0 255 255 / 0.53919980 -1.86007700
				-1.11718700 -7.35498000 -1.75000000 / 0.00000000 0.00000000 1.00000000 / 255 0 255 255 / 0.20706180 2.86007700
				-1.11718700 -7.35498000 -1.75000000 / 0.00000000 0.00000000 1.00000000 / 255 0 255 255 / 0.20706180 2.86007700
				-1.11718700 -7.35498000 -1.75000000 / 0.00000000 0.00000000 1.00000000 / 255 0 255 255 / 0.20706180 2.86007700
				-1.11718700 -7.35498000 -1.75000000 / 0.00000000 0.00000000 1.00000000 / 255 0 255 255 / 0.20706180 2.86007700
				-1.11718700 -7.35498000 -1.75000000 / 0.00000000 0.00000000 1.00000000 / 255 0 255 255 / 0.20706180 2.86007700
				-1.11718700 -7.35498000 -1.75000000 / 0.00000000 0.00000000 1.00000000 / 255 0 255 255 / 0.20706180 2.86007700
				-7.05224600 -7.41796900 -1.75000000 / 0.00000000 0.00000000 1.00000000 / 255 0 255 255 / -1.34931900 2.92569000
				-7.05224600 -7.41796900 -1.75000000 / 0.00000000 0.00000000 1.00000000 / 255 0 255 255 / -1.34931900 2.92569000
				-1.11718700 -7.41796900 -1.75000000 / 0.00000000 0.00000000 1.00000000 / 255 0 255 255 / 0.20706180 2.92570500
				-9.00000000 0.60351560 -1.75000000 / 0.00000000 0.00000000 1.00000000 / 255 0 255 255 / -1.86007700 0.34179690
				-0.85058590 -0.39648440 -1.75000000 / 0.00000000 0.00000000 1.00000000 / 255 0 255 255 / 0.27696230 0.65820310
				-0.85058590 -0.39648440 -1.75000000 / 0.00000000 0.00000000 1.00000000 / 255 0 255 255 / 0.27696230 0.65820310
				-0.85058590 -0.39648440 -1.75000000 / 0.00000000 0.00000000 1.00000000 / 255 0 255 255 / 0.27696230 0.65820310
				-0.85058590 -0.39648440 -1.75000000 / 0.00000000 0.00000000 1.00000000 / 255 0 255 255 / 0.27696230 0.65820310
				-0.85058590 -0.39648440 -1.75000000 / 0.00000000 0.00000000 1.00000000 / 255 0 255 255 / 0.27696230 0.65820310
				0.14941410 0.60351560 -1.75000000 / 0.00000000 0.00000000 1.00000000 / 255 0 255 255 / 0.53919980 0.34179690
				0.14941410 0.60351560 -1.75000000 / 0.00000000 0.00000000 1.00000000 / 255 0 255 255 / 0.53919980 0.34179690
				0.14941410 0.60351560 -1.75000000 / 0.00000000 0.00000000 1.00000000 / 255 0 255 255 / 0.53919980 0.34179690
				0.14941410 0.60351560 -1.75000000 / 0.00000000 0.00000000 1.00000000 / 255 0 255 255 / 0.53919980 0.34179690
				0.14941410 0.60351560 -1.75000000 / 0.00000000 0.00000000 1.00000000 / 255 0 255 255 / 0.53919980 0.34179690
				0.14941410 0.60351560 -1.75000000 / 0.00000000 0.00000000 1.00000000 / 255 0 255 255 / 0.53919980 0.34179690
				0.14941410 -0.39648440 -1.75000000 / 0.00000000 0.00000000 0.99999980 / 255 0 255 255 / 0.53919980 0.65820310
				0.14941410 -0.39648440 -1.75000000 / 0.00000000 0.00000000 0.99999980 / 255 0 255 255 / 0.53919980 0.65820310
				0.14941410 -0.39648440 -1.75000000 / 0.00000000 0.00000000 0.99999980 / 255 0 255 255 / 0.53919980 0.65820310
				0.14941410 -0.39648440 -1.75000000 / 0.00000000 0.00000000 0.99999980 / 255 0 255 255 / 0.53919980 0.65820310
				0.14941410 -0.39648440 -1.75000000 / 0.00000000 0.00000000 0.99999980 / 255 0 255 255 / 0.53919980 0.65820310
				0.14941410 -0.39648440 -1.75000000 / 0.00000000 0.00000000 0.99999980 / 255 0 255 255 / 0.53919980 0.65820310
				0.41601560 -7.35498000 -1.75000000 / 0.00000000 0.00000000 1.00000000 / 255 0 255 255 / 0.60911560 2.86007700
				0.41601560 -7.35498000 -1.75000000 / 0.00000000 0.00000000 1.00000000 / 255 0 255 255 / 0.60911560 2.86007700
				0.41601560 -7.35498000 -1.75000000 / 0.00000000 0.00000000 1.00000000 / 255 0 255 255 / 0.60911560 2.86007700
				0.41601560 -7.35498000 -1.75000000 / 0.00000000 0.00000000 1.00000000 / 255 0 255 255 / 0.60911560 2.86007700
				6.35107400 0.60351560 -1.75000000 / 0.00000000 0.00000000 1.00000000 / 255 0 255 255 / 2.16548200 0.34179690
				6.35107400 0.60351560 -1.75000000 / 0.00000000 0.00000000 1.00000000 / 255 0 255 255 / 2.16548200 0.34179690
				6.35107400 0.60351560 -1.75000000 / 0.00000000 0.00000000 1.00000000 / 255 0 255 255 / 2.16548200 0.34179690
				6.35107400 0.60351560 -1.75000000 / 0.00000000 0.00000000 1.00000000 / 255 0 255 255 / 2.16548200 0.34179690
				6.35107400 0.60351560 -1.75000000 / 0.00000000 0.00000000 1.00000000 / 255 0 255 255 / 2.16548200 0.34179690
				6.35107400 0.60351560 -1.75000000 / 0.00000000 0.00000000 1.00000000 / 255 0 255 255 / 2.16548200 0.34179690
				6.35107400 0.60351560 -1.75000000 / 0.00000000 0.00000000 1.00000000 / 255 0 255 255 / 2.16548200 0.34179690
				9.00000000 7.56250000 -1.75000000 / 0.00000000 0.00000000 1.00000000 / 255 0 255 255 / 2.86007700 -1.86007700
				9.00000000 7.56250000 -1.75000000 / 0.00000000 0.00000000 1.00000000 / 255 0 255 255 / 2.86007700 -1.86007700
				9.00000000 7.56250000 -1.75000000 / 0.00000000 0.00000000 1.00000000 / 255 0 255 255 / 2.86007700 -1.86007700
				6.35107400 -0.39648440 -1.75000000 / 0.00000000 0.00000000 1.00000000 / 255 0 255 255 / 2.16548200 0.65820310
				6.35107400 -0.39648440 -1.75000000 / 0.00000000 0.00000000 1.00000000 / 255 0 255 255 / 2.16548200 0.65820310
				6.35107400 -0.39648440 -1.75000000 / 0.00000000 0.00000000 1.00000000 / 255 0 255 255 / 2.16548200 0.65820310
				6.35107400 -0.39648440 -1.75000000 / 0.00000000 0.00000000 1.00000000 / 255 0 255 255 / 2.16548200 0.65820310
				6.35107400 -0.39648440 -1.75000000 / 0.00000000 0.00000000 1.00000000 / 255 0 255 255 / 2.16548200 0.65820310
				6.35107400 -7.35498000 -1.75000000 / 0.00000000 0.00000000 1.00000000 / 255 0 255 255 / 2.16548200 2.86007700
				6.35107400 -7.35498000 -1.75000000 / 0.00000000 0.00000000 1.00000000 / 255 0 255 255 / 2.16548200 2.86007700
				6.35107400 -7.35498000 -1.75000000 / 0.00000000 0.00000000 1.00000000 / 255 0 255 255 / 2.16548200 2.86007700
				6.35107400 -7.35498000 -1.75000000 / 0.00000000 0.00000000 1.00000000 / 255 0 255 255 / 2.16548200 2.86007700
				6.35107400 -7.35498000 -1.75000000 / 0.00000000 0.00000000 1.00000000 / 255 0 255 255 / 2.16548200 2.86007700
				0.41601560 -7.41796900 -1.75000000 / 0.00000000 0.00000000 1.00000000 / 255 0 255 255 / 0.60911560 2.92570500
				0.41601560 -7.41796900 -1.75000000 / 0.00000000 0.00000000 1.00000000 / 255 0 255 255 / 0.60911560 2.92570500
				6.35107400 -7.41796900 -1.75000000 / 0.00000000 0.00000000 1.00000000 / 255 0 255 255 / 2.16548200 2.92570500
				-8.75000000 0.60351560 -1.75000000 / 0.00000000 0.00000000 1.00000000 / 255 0 255 255 / -1.79452500 0.34179690
				-8.75000000 0.60351560 -1.75000000 / 0.00000000 0.00000000 1.00000000 / 255 0 255 255 / -1.79452500 0.34179690
				-8.75000000 0.60351560 -1.75000000 / 0.00000000 0.00000000 1.00000000 / 255 0 255 255 / -1.79452500 0.34179690
				8.75000000 -0.39648440 -1.75000000 / 0.00000000 0.00000000 1.00000000 / 255 0 255 255 / 2.79452500 0.65820310
				8.75000000 -0.39648440 -1.75000000 / 0.00000000 0.00000000 1.00000000 / 255 0 255 255 / 2.79452500 0.65820310
				8.75000000 -0.39648440 -1.75000000 / 0.00000000 0.00000000 1.00000000 / 255 0 255 255 / 2.79452500 0.65820310
				8.75000000 -0.39648440 -1.75000000 / 0.00000000 0.00000000 1.00000000 / 255 0 255 255 / 2.79452500 0.65820310
				8.75000000 -0.39648440 -1.75000000 / 0.00000000 0.00000000 1.00000000 / 255 0 255 255 / 2.79452500 0.65820310
				9.00000000 -7.35498000 -1.75000000 / 0.00000000 0.00000000 1.00000000 / 255 0 255 255 / 2.86007700 2.86007700
				9.00000000 -7.35498000 -1.75000000 / 0.00000000 0.00000000 1.00000000 / 255 0 255 255 / 2.86007700 2.86007700
				9.00000000 -0.39648440 -1.75000000 / 0.00000000 0.00000000 1.00000000 / 255 0 255 255 / 2.86007700 0.65820310
				8.75000000 0.60351560 -1.75000000 / 0.00000000 0.00000000 1.00000000 / 255 0 255 255 / 2.79452500 0.34179690
				8.75000000 0.60351560 -1.75000000 / 0.00000000 0.00000000 1.00000000 / 255 0 255 255 / 2.79452500 0.34179690
				8.75000000 0.60351560 -1.75000000 / 0.00000000 0.00000000 1.00000000 / 255 0 255 255 / 2.79452500 0.34179690
				8.75000000 0.60351560 -1.75000000 / 0.00000000 0.00000000 1.00000000 / 255 0 255 255 / 2.79452500 0.34179690
				8.75000000 0.60351560 -1.75000000 / 0.00000000 0.00000000 1.00000000 / 255 0 255 255 / 2.79452500 0.34179690
				9.00000000 2.28173800 -1.75000000 / 0.00000000 0.00000000 1.00000000 / 255 0 255 255 / 2.86007700 -0.18917850
				9.00000000 2.28173800 -1.75000000 / 0.00000000 0.00000000 1.00000000 / 255 0 255 255 / 2.86007700 -0.18917850
				9.00000000 0.98193360 -1.75000000 / 0.00000000 0.00000000 1.00000000 / 255 0 255 255 / 2.86007700 0.22215270
				9.00000000 0.98193360 -1.75000000 / 0.00000000 0.00000000 1.00000000 / 255 0 255 255 / 2.86007700 0.22215270
				9.00000000 0.60351560 -1.75000000 / 0.00000000 0.00000000 1.00000000 / 255 0 255 255 / 2.86007700 0.34179690
				-7.05224600 0.60351560 -1.75000000 / 0.00000000 0.00000000 1.00000000 / 255 0 255 255 / -1.34931900 0.34179690
				-7.05224600 0.60351560 -1.75000000 / 0.00000000 0.00000000 1.00000000 / 255 0 255 255 / -1.34931900 0.34179690
				-7.05224600 0.60351560 -1.75000000 / 0.00000000 0.00000000 1.00000000 / 255 0 255 255 / -1.34931900 0.34179690
				-7.05224600 0.60351560 -1.75000000 / 0.00000000 0.00000000 1.00000000 / 255 0 255 255 / -1.34931900 0.34179690
				-7.05224600 0.60351560 -1.75000000 / 0.00000000 0.00000000 1.00000000 / 255 0 255 255 / -1.34931900 0.34179690
				-7.05224600 0.60351560 -1.75000000 / 0.00000000 0.00000000 1.00000000 / 255 0 255 255 / -1.34931900 0.34179690
				-7.05224600 7.56250000 -1.75000000 / 0.00000000 0.00000000 1.00000000 / 255 0 255 255 / -1.34930400 -1.86007700
				-7.05224600 7.56250000 -1.75000000 / 0.00000000 0.00000000 1.00000000 / 255 0 255 255 / -1.34930400 -1.86007700
				-7.05224600 7.56250000 -1.75000000 / 0.00000000 0.00000000 1.00000000 / 255 0 255 255 / -1.34930400 -1.86007700
				-7.05224600 7.56250000 -1.75000000 / 0.00000000 0.00000000 1.00000000 / 255 0 255 255 / -1.34930400 -1.86007700
				-8.75000000 -0.39648440 -1.75000000 / 0.00000000 0.00000000 1.00000000 / 255 0 255 255 / -1.79452500 0.65820310
				-8.75000000 -0.39648440 -1.75000000 / 0.00000000 0.00000000 1.00000000 / 255 0 255 255 / -1.79452500 0.65820310
				-8.75000000 -0.39648440 -1.75000000 / 0.00000000 0.00000000 1.00000000 / 255 0 255 255 / -1.79452500 0.65820310
				-8.75000000 -0.39648440 -1.75000000 / 0.00000000 0.00000000 1.00000000 / 255 0 255 255 / -1.79452500 0.65820310
				-8.75000000 -0.39648440 -1.75000000 / 0.00000000 0.00000000 1.00000000 / 255 0 255 255 / -1.79452500 0.65820310
				-0.85058590 7.56250000 -1.75000000 / 0.00000000 0.00000000 1.00000000 / 255 0 255 255 / 0.27696230 -1.86007700
				-0.85058590 7.31250000 -1.75000000 / 0.00000000 0.00000000 1.00000000 / 255 0 255 255 / 0.27696230 -1.78097500
				-0.85058590 7.31250000 -1.75000000 / 0.00000000 0.00000000 1.00000000 / 255 0 255 255 / 0.27696230 -1.78097500
				-0.85058590 7.31250000 -1.75000000 / 0.00000000 0.00000000 1.00000000 / 255 0 255 255 / 0.27696230 -1.78097500
				-9.00000000 -7.35498000 -1.75000000 / 0.00000000 0.00000000 0.99999980 / 255 0 255 255 / -1.86007700 2.86007700
				-9.00000000 -7.35498000 -1.75000000 / 0.00000000 0.00000000 0.99999980 / 255 0 255 255 / -1.86007700 2.86007700
			}
		}
		Geometry
		{
			ShaderIndex 1
			Flags -
			VertexDeclaration N209731BE
			Indices 12
			{
				0 2 3 4 5 1 6 8 9 10 11 7
			}
			Vertices 12
			{
				0.41601560 -7.41796900 -1.75000000 / 0.00000000 1.00000000 0.00000000 / 255 0 255 255 / 0.99949650 0.99949650
				0.41601560 -7.41796900 -1.75000000 / 0.00000000 1.00000000 0.00000000 / 255 0 255 255 / 0.99949650 0.99949650
				0.41601560 -7.41796900 0.93994140 / 0.00000000 1.00000000 0.00000000 / 255 0 255 255 / 0.99949650 0.00050350
				6.35107400 -7.41796900 0.93994140 / 0.00000000 1.00000000 0.00000000 / 255 0 255 255 / 0.00050350 0.00050350
				6.35107400 -7.41796900 0.93994140 / 0.00000000 1.00000000 0.00000000 / 255 0 255 255 / 0.00050350 0.00050350
				6.35107400 -7.41796900 -1.75000000 / 0.00000000 1.00000000 0.00000000 / 255 0 255 255 / 0.00050350 0.99949650
				-7.05224600 -7.41796900 -1.75000000 / 0.00000000 1.00000000 0.00000000 / 255 0 255 255 / 0.99949650 0.99949650
				-7.05224600 -7.41796900 -1.75000000 / 0.00000000 1.00000000 0.00000000 / 255 0 255 255 / 0.99949650 0.99949650
				-7.05224600 -7.41796900 0.93994140 / 0.00000000 1.00000000 0.00000000 / 255 0 255 255 / 0.99949650 0.00050350
				-1.11718700 -7.41796900 0.93994140 / 0.00000000 1.00000000 0.00000000 / 255 0 255 255 / 0.00050350 0.00050350
				-1.11718700 -7.41796900 0.93994140 / 0.00000000 1.00000000 0.00000000 / 255 0 255 255 / 0.00050350 0.00050350
				-1.11718700 -7.41796900 -1.75000000 / 0.00000000 1.00000000 0.00000000 / 255 0 255 255 / 0.00050350 0.99949650
			}
		}
		Geometry
		{
			ShaderIndex 2
			Flags -
			VertexDeclaration N51263BB5
			Indices 450
			{
				367 369 370 371 372 368 373 375 376 377 378 374 379 381 382
				383 384 380 385 387 388 389 390 386 391 393 394 395 396 392
				397 399 400 401 402 398 403 405 406 407 408 404 409 411 412
				413 414 410 415 417 418 419 420 416 421 423 424 425 426 422
				427 429 430 431 432 428 433 435 436 437 438 434 439 441 442
				443 444 440 445 447 448 449 0 446 1 3 4 5 6 2
				7 9 10 11 12 8 13 15 16 17 19 14 20 18 22
				23 24 21 25 27 28 29 31 26 32 30 34 35 36 33
				37 39 40 41 43 38 44 42 46 47 48 45 49 51 52
				53 55 50 56 54 58 59 60 57 61 63 64 65 67 62
				68 66 70 71 72 69 73 75 76 77 79 74 78 81 80
				82 84 85 86 88 83 87 90 89 91 93 94 95 97 92
				96 99 98 100 102 103 104 106 101 107 105 108 109 112 113
				114 115 110 118 111 116 117 120 119 121 124 125 126 127 122
				130 123 128 129 132 131 133 136 137 138 139 134 142 135 140
				141 146 143 144 147 148 149 151 145 152 150 154 155 158 153
				160 159 156 157 162 161 163 166 167 168 169 164 173 165 170
				177 179 174 175 180 178 171 181 176 182 172 184 185 186 183
				187 189 190 191 194 188 195 192 197 198 201 196 199 193 202
				203 208 200 210 209 204 205 213 214 215 216 206 207 217 211
				220 212 218 219 223 221 228 222 224 225 230 229 232 231 226
				227 234 233 235 239 240 241 242 236 237 243 244 245 246 238
				247 251 252 253 254 248 249 255 256 257 258 250 259 263 264
				265 266 260 261 267 268 269 270 262 271 273 274 275 278 272
				280 279 276 277 282 281 283 287 288 289 290 284 285 291 292
				293 294 286 295 299 300 301 302 296 297 303 304 305 306 298
				307 311 312 313 314 308 309 315 316 317 318 310 319 322 323
				324 326 320 332 321 327 328 325 334 329 336 333 335 339 330
				337 331 340 341 342 338 343 347 348 351 354 344 349 355 345
				346 356 352 357 350 361 363 353 358 362 365 359 360 366 364
			}
			Vertices 450
			{
				0.14941410 7.56250000 1.44628900 / 1.00000000 0.00000000 0.00000000 / 255 0 255 255 / 2.65826400 -0.12403870 / 0.00000000 1.00000000 0.00000000 1.00000000
				-8.75000000 -0.39648440 1.44628900 / 1.00000000 0.00000000 0.00000000 / 255 0 255 255 / 0.38690190 -0.12403870 / 0.00000000 1.00000000 0.00000000 1.00000000
				-8.75000000 -0.39648440 1.44628900 / 1.00000000 0.00000000 0.00000000 / 255 0 255 255 / 0.38690190 -0.12403870 / 0.00000000 1.00000000 0.00000000 1.00000000
				-8.75000000 0.60351560 1.44628900 / 1.00000000 0.00000000 0.00000000 / 255 0 255 255 / 0.67228700 -0.12403870 / 0.00000000 1.00000000 0.00000000 1.00000000
				-8.75000000 0.60351560 1.65234400 / 1.00000000 0.00000000 0.00000000 / 255 0 255 255 / 0.67228700 -0.16706850 / 0.00000000 1.00000000 0.00000000 1.00000000
				-8.75000000 0.60351560 1.65234400 / 1.00000000 0.00000000 0.00000000 / 255 0 255 255 / 0.67228700 -0.16706850 / 0.00000000 1.00000000 0.00000000 1.00000000
				-8.75000000 -0.39648440 1.65234400 / 1.00000000 0.00000000 0.00000000 / 255 0 255 255 / 0.38690190 -0.16706850 / 0.00000000 1.00000000 0.00000000 1.00000000
				8.75000000 0.60351560 1.44628900 / -1.00000000 0.00000000 0.00000000 / 255 0 255 255 / 0.32771300 -0.12403870 / 0.00000000 -1.00000000 0.00000000 1.00000000
				8.75000000 0.60351560 1.44628900 / -1.00000000 0.00000000 0.00000000 / 255 0 255 255 / 0.32771300 -0.12403870 / 0.00000000 -1.00000000 0.00000000 1.00000000
				8.75000000 -0.39648440 1.44628900 / -1.00000000 0.00000000 0.00000000 / 255 0 255 255 / 0.61309810 -0.12403870 / 0.00000000 -1.00000000 0.00000000 1.00000000
				8.75000000 -0.39648440 1.65234400 / -1.00000000 0.00000000 0.00000000 / 255 0 255 255 / 0.61309810 -0.16706850 / 0.00000000 -1.00000000 0.00000000 1.00000000
				8.75000000 -0.39648440 1.65234400 / -1.00000000 0.00000000 0.00000000 / 255 0 255 255 / 0.61309810 -0.16706850 / 0.00000000 -1.00000000 0.00000000 1.00000000
				8.75000000 0.60351560 1.65234400 / -1.00000000 0.00000000 0.00000000 / 255 0 255 255 / 0.32771300 -0.16706850 / 0.00000000 -1.00000000 0.00000000 1.00000000
				9.00000000 -0.39648440 -1.75000000 / -1.00000000 0.00000000 0.00000000 / 255 0 255 255 / 0.61309810 0.95649720 / 0.00000000 -1.00000000 0.00000000 1.00000000
				9.00000000 -0.39648440 -1.75000000 / -1.00000000 0.00000000 0.00000000 / 255 0 255 255 / 0.61309810 0.95649720 / 0.00000000 -1.00000000 0.00000000 1.00000000
				9.00000000 -7.35498000 -1.75000000 / -1.00000000 0.00000000 0.00000000 / 255 0 255 255 / 2.59909100 0.95649720 / 0.00000000 -1.00000000 0.00000000 1.00000000
				9.00000000 -7.35498000 0.93994140 / -1.00000000 0.00000000 0.00000000 / 255 0 255 255 / 2.59909100 0.18865970 / 0.00000000 -1.00000000 0.00000000 1.00000000
				9.00000000 -7.35498000 0.93994140 / -1.00000000 0.00000000 0.00000000 / 255 0 255 255 / 2.59909100 0.18865970 / 0.00000000 -1.00000000 0.00000000 1.00000000
				9.00000000 -7.35498000 0.93994140 / -1.00000000 0.00000000 0.00000000 / 255 0 255 255 / 2.59909100 0.18865970 / 0.00000000 -1.00000000 0.00000000 1.00000000
				9.00000000 -0.39648440 0.93994140 / -1.00000000 0.00000000 0.00000000 / 255 0 255 255 / 0.61309810 0.18865970 / 0.00000000 -1.00000000 0.00000000 1.00000000
				9.00000000 -0.39648440 0.93994140 / -1.00000000 0.00000000 0.00000000 / 255 0 255 255 / 0.61309810 0.18865970 / 0.00000000 -1.00000000 0.00000000 1.00000000
				9.00000000 -0.39648440 0.93994140 / -1.00000000 0.00000000 0.00000000 / 255 0 255 255 / 0.61309810 0.18865970 / 0.00000000 -1.00000000 0.00000000 1.00000000
				9.00000000 -7.35498000 1.44628900 / -1.00000000 0.00000000 0.00000000 / 255 0 255 255 / 2.59909100 0.08296200 / 0.00000000 -1.00000000 0.00000000 1.00000000
				9.00000000 -7.35498000 1.44628900 / -1.00000000 0.00000000 0.00000000 / 255 0 255 255 / 2.59909100 0.08296200 / 0.00000000 -1.00000000 0.00000000 1.00000000
				9.00000000 -0.39648440 1.44628900 / -1.00000000 0.00000000 0.00000000 / 255 0 255 255 / 0.61309810 0.08296200 / 0.00000000 -1.00000000 0.00000000 1.00000000
				-9.00000000 0.60351560 -1.75000000 / 0.99999980 0.00000000 0.00000000 / 255 0 255 255 / 0.67228700 0.95649720 / 0.00000000 1.00000000 0.00000000 1.00000000
				-9.00000000 0.60351560 -1.75000000 / 0.99999980 0.00000000 0.00000000 / 255 0 255 255 / 0.67228700 0.95649720 / 0.00000000 1.00000000 0.00000000 1.00000000
				-9.00000000 7.56250000 -1.75000000 / 1.00000000 0.00000000 0.00000000 / 255 0 255 255 / 2.65826400 0.95649720 / 0.00000000 1.00000000 0.00000000 1.00000000
				-9.00000000 7.56250000 0.93994140 / 0.99999980 0.00000000 0.00000000 / 255 0 255 255 / 2.65826400 0.18865970 / 0.00000000 1.00000000 0.00000000 1.00000000
				-9.00000000 7.56250000 0.93994140 / 0.99999980 0.00000000 0.00000000 / 255 0 255 255 / 2.65826400 0.18865970 / 0.00000000 1.00000000 0.00000000 1.00000000
				-9.00000000 7.56250000 0.93994140 / 0.99999980 0.00000000 0.00000000 / 255 0 255 255 / 2.65826400 0.18865970 / 0.00000000 1.00000000 0.00000000 1.00000000
				-9.00000000 0.60351560 0.93994140 / 0.99999980 0.00000000 0.00000000 / 255 0 255 255 / 0.67228700 0.18865970 / 0.00000000 1.00000000 0.00000000 1.00000000
				-9.00000000 0.60351560 0.93994140 / 0.99999980 0.00000000 0.00000000 / 255 0 255 255 / 0.67228700 0.18865970 / 0.00000000 1.00000000 0.00000000 1.00000000
				-9.00000000 0.60351560 0.93994140 / 0.99999980 0.00000000 0.00000000 / 255 0 255 255 / 0.67228700 0.18865970 / 0.00000000 1.00000000 0.00000000 1.00000000
				-9.00000000 7.56250000 1.44628900 / 1.00000000 0.00000000 0.00000000 / 255 0 255 255 / 2.65826400 0.08296200 / 0.00000000 1.00000000 0.00000000 1.00000000
				-9.00000000 7.56250000 1.44628900 / 1.00000000 0.00000000 0.00000000 / 255 0 255 255 / 2.65826400 0.08296200 / 0.00000000 1.00000000 0.00000000 1.00000000
				-9.00000000 0.60351560 1.44628900 / 1.00000000 0.00000000 0.00000000 / 255 0 255 255 / 0.67228700 0.08296200 / 0.00000000 1.00000000 0.00000000 1.00000000
				8.75000000 0.60351560 -1.75000000 / -1.00000000 0.00000000 0.00000000 / 255 0 255 255 / 0.32771300 0.95649720 / 0.00000000 -1.00000000 0.00000000 1.00000000
				8.75000000 0.60351560 -1.75000000 / -1.00000000 0.00000000 0.00000000 / 255 0 255 255 / 0.32771300 0.95649720 / 0.00000000 -1.00000000 0.00000000 1.00000000
				8.75000000 -0.39648440 -1.75000000 / -1.00000000 0.00000000 0.00000000 / 255 0 255 255 / 0.61309810 0.95649720 / 0.00000000 -1.00000000 0.00000000 1.00000000
				8.75000000 -0.39648440 0.93994140 / -1.00000000 0.00000000 0.00000000 / 255 0 255 255 / 0.61309810 0.18865970 / 0.00000000 -1.00000000 0.00000000 1.00000000
				8.75000000 -0.39648440 0.93994140 / -1.00000000 0.00000000 0.00000000 / 255 0 255 255 / 0.61309810 0.18865970 / 0.00000000 -1.00000000 0.00000000 1.00000000
				8.75000000 -0.39648440 0.93994140 / -1.00000000 0.00000000 0.00000000 / 255 0 255 255 / 0.61309810 0.18865970 / 0.00000000 -1.00000000 0.00000000 1.00000000
				8.75000000 0.60351560 0.93994140 / -1.00000000 0.00000000 0.00000000 / 255 0 255 255 / 0.32771300 0.18865970 / 0.00000000 -1.00000000 0.00000000 1.00000000
				8.75000000 0.60351560 0.93994140 / -1.00000000 0.00000000 0.00000000 / 255 0 255 255 / 0.32771300 0.18865970 / 0.00000000 -1.00000000 0.00000000 1.00000000
				8.75000000 0.60351560 0.93994140 / -1.00000000 0.00000000 0.00000000 / 255 0 255 255 / 0.32771300 0.18865970 / 0.00000000 -1.00000000 0.00000000 1.00000000
				8.75000000 -0.39648440 1.44628900 / -1.00000000 0.00000000 0.00000000 / 255 0 255 255 / 0.61309810 0.08296200 / 0.00000000 -1.00000000 0.00000000 1.00000000
				8.75000000 -0.39648440 1.44628900 / -1.00000000 0.00000000 0.00000000 / 255 0 255 255 / 0.61309810 0.08296200 / 0.00000000 -1.00000000 0.00000000 1.00000000
				8.75000000 0.60351560 1.44628900 / -1.00000000 0.00000000 0.00000000 / 255 0 255 255 / 0.32771300 0.08296200 / 0.00000000 -1.00000000 0.00000000 1.00000000
				-8.75000000 -0.39648440 -1.75000000 / 1.00000000 0.00000000 0.00000000 / 255 0 255 255 / 0.38690190 0.95649720 / 0.00000000 1.00000000 0.00000000 1.00000000
				-8.75000000 -0.39648440 -1.75000000 / 1.00000000 0.00000000 0.00000000 / 255 0 255 255 / 0.38690190 0.95649720 / 0.00000000 1.00000000 0.00000000 1.00000000
				-8.75000000 0.60351560 -1.75000000 / 1.00000000 0.00000000 0.00000000 / 255 0 255 255 / 0.67228700 0.95649720 / 0.00000000 1.00000000 0.00000000 1.00000000
				-8.75000000 0.60351560 0.93994140 / 1.00000000 0.00000000 0.00000000 / 255 0 255 255 / 0.67228700 0.18865970 / 0.00000000 1.00000000 0.00000000 1.00000000
				-8.75000000 0.60351560 0.93994140 / 1.00000000 0.00000000 0.00000000 / 255 0 255 255 / 0.67228700 0.18865970 / 0.00000000 1.00000000 0.00000000 1.00000000
				-8.75000000 0.60351560 0.93994140 / 1.00000000 0.00000000 0.00000000 / 255 0 255 255 / 0.67228700 0.18865970 / 0.00000000 1.00000000 0.00000000 1.00000000
				-8.75000000 -0.39648440 0.93994140 / 1.00000000 0.00000000 0.00000000 / 255 0 255 255 / 0.38690190 0.18865970 / 0.00000000 1.00000000 0.00000000 1.00000000
				-8.75000000 -0.39648440 0.93994140 / 1.00000000 0.00000000 0.00000000 / 255 0 255 255 / 0.38690190 0.18865970 / 0.00000000 1.00000000 0.00000000 1.00000000
				-8.75000000 -0.39648440 0.93994140 / 1.00000000 0.00000000 0.00000000 / 255 0 255 255 / 0.38690190 0.18865970 / 0.00000000 1.00000000 0.00000000 1.00000000
				-8.75000000 0.60351560 1.44628900 / 1.00000000 0.00000000 0.00000000 / 255 0 255 255 / 0.67228700 0.08296200 / 0.00000000 1.00000000 0.00000000 1.00000000
				-8.75000000 0.60351560 1.44628900 / 1.00000000 0.00000000 0.00000000 / 255 0 255 255 / 0.67228700 0.08296200 / 0.00000000 1.00000000 0.00000000 1.00000000
				-8.75000000 -0.39648440 1.44628900 / 1.00000000 0.00000000 0.00000000 / 255 0 255 255 / 0.38690190 0.08296200 / 0.00000000 1.00000000 0.00000000 1.00000000
				-0.85058590 7.31250000 -1.75000000 / 0.00000000 -1.00000000 0.00000000 / 255 0 255 255 / 0.25727840 0.95649720 / 1.00000000 0.00000000 0.00000000 1.00000000
				-0.85058590 7.31250000 -1.75000000 / 0.00000000 -1.00000000 0.00000000 / 255 0 255 255 / 0.25727840 0.95649720 / 1.00000000 0.00000000 0.00000000 1.00000000
				0.14941410 7.31250000 -1.75000000 / 0.00000000 -1.00000000 0.00000000 / 255 0 255 255 / 0.54266360 0.95649720 / 1.00000000 0.00000000 0.00000000 1.00000000
				0.14941410 7.31250000 0.93994140 / 0.00000000 -1.00000000 0.00000000 / 255 0 255 255 / 0.54266360 0.18865970 / 1.00000000 0.00000000 0.00000000 1.00000000
				0.14941410 7.31250000 0.93994140 / 0.00000000 -1.00000000 0.00000000 / 255 0 255 255 / 0.54266360 0.18865970 / 1.00000000 0.00000000 0.00000000 1.00000000
				0.14941410 7.31250000 0.93994140 / 0.00000000 -1.00000000 0.00000000 / 255 0 255 255 / 0.54266360 0.18865970 / 1.00000000 0.00000000 0.00000000 1.00000000
				-0.85058590 7.31250000 0.93994140 / 0.00000000 -1.00000000 0.00000000 / 255 0 255 255 / 0.25727840 0.18865970 / 1.00000000 0.00000000 0.00000000 1.00000000
				-0.85058590 7.31250000 0.93994140 / 0.00000000 -1.00000000 0.00000000 / 255 0 255 255 / 0.25727840 0.18865970 / 1.00000000 0.00000000 0.00000000 1.00000000
				-0.85058590 7.31250000 0.93994140 / 0.00000000 -1.00000000 0.00000000 / 255 0 255 255 / 0.25727840 0.18865970 / 1.00000000 0.00000000 0.00000000 1.00000000
				0.14941410 7.31250000 1.44628900 / 0.00000000 -1.00000000 0.00000000 / 255 0 255 255 / 0.54266360 0.08296200 / 1.00000000 0.00000000 0.00000000 1.00000000
				0.14941410 7.31250000 1.44628900 / 0.00000000 -1.00000000 0.00000000 / 255 0 255 255 / 0.54266360 0.08296200 / 1.00000000 0.00000000 0.00000000 1.00000000
				-0.85058590 7.31250000 1.44628900 / 0.00000000 -1.00000000 0.00000000 / 255 0 255 255 / 0.25727840 0.08296200 / 1.00000000 0.00000000 0.00000000 1.00000000
				-9.00000000 -0.39648440 1.44628900 / 0.00000000 -1.00000000 0.00000000 / 255 0 255 255 / -2.06849700 -0.12403870 / 1.00000000 0.00000000 0.00014950 1.00000000
				-9.00000000 -0.39648440 1.44628900 / 0.00000000 -1.00000000 0.00000000 / 255 0 255 255 / -2.06849700 -0.12403870 / 1.00000000 0.00000000 0.00014950 1.00000000
				-8.75000000 -0.39648440 1.44628900 / 0.00000000 -1.00000000 0.00000000 / 255 0 255 255 / -1.99714700 -0.12403870 / 1.00000000 0.00000000 0.00000000 1.00000000
				-8.75000000 -0.39648440 1.65234400 / 0.00000000 -1.00000000 0.00000000 / 255 0 255 255 / -1.99714700 -0.16706850 / 1.00000000 0.00000000 0.00009970 1.00000000
				-8.75000000 -0.39648440 1.65234400 / 0.00000000 -1.00000000 0.00000000 / 255 0 255 255 / -1.99714700 -0.16706850 / 1.00000000 0.00000000 0.00009970 1.00000000
				-8.75000000 -0.39648440 1.65234400 / 0.00000000 -1.00000000 0.00000000 / 255 0 255 255 / -1.99714700 -0.16706850 / 1.00000000 0.00000000 0.00009970 1.00000000
				-9.00000000 -0.39648440 1.75000000 / 0.00000000 -1.00000000 0.00000000 / 255 0 255 255 / -2.06849700 -0.18748470 / 1.00000000 0.00000000 0.00014950 1.00000000
				-9.00000000 -0.39648440 1.75000000 / 0.00000000 -1.00000000 0.00000000 / 255 0 255 255 / -2.06849700 -0.18748470 / 1.00000000 0.00000000 0.00014950 1.00000000
				-8.75000000 -0.39648440 1.75000000 / 0.00000000 -1.00000000 0.00000000 / 255 0 255 255 / -1.99714700 -0.18748470 / 1.00000000 0.00000000 0.00000000 1.00000000
				8.75000000 -0.39648440 1.44628900 / 0.00000000 -1.00000000 0.00000000 / 255 0 255 255 / 2.99714700 -0.12403870 / 1.00000000 0.00000000 -0.00022040 1.00000000
				8.75000000 -0.39648440 1.44628900 / 0.00000000 -1.00000000 0.00000000 / 255 0 255 255 / 2.99714700 -0.12403870 / 1.00000000 0.00000000 -0.00022040 1.00000000
				9.00000000 -0.39648440 1.44628900 / 0.00000000 -1.00000000 0.00000000 / 255 0 255 255 / 3.06849700 -0.12403870 / 1.00000000 0.00000000 0.00000000 1.00000000
				9.00000000 -0.39648440 1.75000000 / 0.00000000 -1.00000000 0.00000000 / 255 0 255 255 / 3.06849700 -0.18748470 / 1.00000000 0.00000000 -0.00014690 1.00000000
				9.00000000 -0.39648440 1.75000000 / 0.00000000 -1.00000000 0.00000000 / 255 0 255 255 / 3.06849700 -0.18748470 / 1.00000000 0.00000000 -0.00014690 1.00000000
				9.00000000 -0.39648440 1.75000000 / 0.00000000 -1.00000000 0.00000000 / 255 0 255 255 / 3.06849700 -0.18748470 / 1.00000000 0.00000000 -0.00014690 1.00000000
				8.75000000 -0.39648440 1.65234400 / 0.00000000 -1.00000000 0.00000000 / 255 0 255 255 / 2.99714700 -0.16706850 / 1.00000000 0.00000000 -0.00022040 1.00000000
				8.75000000 -0.39648440 1.65234400 / 0.00000000 -1.00000000 0.00000000 / 255 0 255 255 / 2.99714700 -0.16706850 / 1.00000000 0.00000000 -0.00022040 1.00000000
				8.75000000 -0.39648440 1.75000000 / 0.00000000 -1.00000000 0.00000000 / 255 0 255 255 / 2.99714700 -0.18748470 / 1.00000000 0.00000000 0.00000000 1.00000000
				-8.75000000 0.60351560 1.44628900 / 0.00000000 1.00000000 0.00000000 / 255 0 255 255 / 2.99714700 -0.12403870 / -1.00000000 0.00000000 -0.00022040 1.00000000
				-8.75000000 0.60351560 1.44628900 / 0.00000000 1.00000000 0.00000000 / 255 0 255 255 / 2.99714700 -0.12403870 / -1.00000000 0.00000000 -0.00022040 1.00000000
				-9.00000000 0.60351560 1.44628900 / 0.00000000 1.00000000 0.00000000 / 255 0 255 255 / 3.06849700 -0.12403870 / -1.00000000 0.00000000 0.00000000 1.00000000
				-9.00000000 0.60351560 1.75000000 / 0.00000000 1.00000000 0.00000000 / 255 0 255 255 / 3.06849700 -0.18748470 / -1.00000000 0.00000000 -0.00014690 1.00000000
				-9.00000000 0.60351560 1.75000000 / 0.00000000 1.00000000 0.00000000 / 255 0 255 255 / 3.06849700 -0.18748470 / -1.00000000 0.00000000 -0.00014690 1.00000000
				-9.00000000 0.60351560 1.75000000 / 0.00000000 1.00000000 0.00000000 / 255 0 255 255 / 3.06849700 -0.18748470 / -1.00000000 0.00000000 -0.00014690 1.00000000
				-8.75000000 0.60351560 1.65234400 / 0.00000000 1.00000000 0.00000000 / 255 0 255 255 / 2.99714700 -0.16706850 / -1.00000000 0.00000000 -0.00022040 1.00000000
				-8.75000000 0.60351560 1.65234400 / 0.00000000 1.00000000 0.00000000 / 255 0 255 255 / 2.99714700 -0.16706850 / -1.00000000 0.00000000 -0.00022040 1.00000000
				-8.75000000 0.60351560 1.75000000 / 0.00000000 1.00000000 0.00000000 / 255 0 255 255 / 2.99714700 -0.18748470 / -1.00000000 0.00000000 0.00000000 1.00000000
				9.00000000 0.60351560 1.44628900 / 0.00000000 1.00000000 0.00000000 / 255 0 255 255 / -2.06849700 -0.12403870 / -1.00000000 0.00000000 0.00014950 1.00000000
				9.00000000 0.60351560 1.44628900 / 0.00000000 1.00000000 0.00000000 / 255 0 255 255 / -2.06849700 -0.12403870 / -1.00000000 0.00000000 0.00014950 1.00000000
				8.75000000 0.60351560 1.44628900 / 0.00000000 1.00000000 0.00000000 / 255 0 255 255 / -1.99714700 -0.12403870 / -1.00000000 0.00000000 0.00000000 1.00000000
				8.75000000 0.60351560 1.65234400 / 0.00000000 1.00000000 0.00000000 / 255 0 255 255 / -1.99714700 -0.16706850 / -1.00000000 0.00000000 0.00009970 1.00000000
				8.75000000 0.60351560 1.65234400 / 0.00000000 1.00000000 0.00000000 / 255 0 255 255 / -1.99714700 -0.16706850 / -1.00000000 0.00000000 0.00009970 1.00000000
				8.75000000 0.60351560 1.65234400 / 0.00000000 1.00000000 0.00000000 / 255 0 255 255 / -1.99714700 -0.16706850 / -1.00000000 0.00000000 0.00009970 1.00000000
				9.00000000 0.60351560 1.75000000 / 0.00000000 1.00000000 0.00000000 / 255 0 255 255 / -2.06849700 -0.18748470 / -1.00000000 0.00000000 0.00014950 1.00000000
				9.00000000 0.60351560 1.75000000 / 0.00000000 1.00000000 0.00000000 / 255 0 255 255 / -2.06849700 -0.18748470 / -1.00000000 0.00000000 0.00014950 1.00000000
				8.75000000 0.60351560 1.75000000 / 0.00000000 1.00000000 0.00000000 / 255 0 255 255 / -1.99714700 -0.18748470 / -1.00000000 0.00000000 0.00000000 1.00000000
				6.35107400 7.56250000 1.75000000 / 0.00000000 -1.00000000 0.00000000 / 255 0 255 255 / 2.31256100 -0.18748470 / 1.00000000 0.00000000 0.00000000 1.00000000
				6.35107400 7.56250000 1.75000000 / 0.00000000 -1.00000000 0.00000000 / 255 0 255 255 / 2.31256100 -0.18748470 / 1.00000000 0.00000000 0.00000000 1.00000000
				6.35107400 7.56250000 1.75000000 / 0.00000000 -1.00000000 0.00000000 / 255 0 255 255 / 2.31256100 -0.18748470 / 1.00000000 0.00000000 0.00000000 1.00000000
				0.14941410 7.56250000 1.75000000 / 0.00000000 -1.00000000 0.00000000 / 255 0 255 255 / 0.54266360 -0.18748470 / 1.00000000 0.00000000 0.00000000 1.00000000
				0.14941410 7.56250000 1.44628900 / 0.00000000 -0.99999980 0.00000000 / 255 0 255 255 / 0.54266360 -0.12403870 / 1.00000000 0.00000000 0.00000000 1.00000000
				0.14941410 7.56250000 1.44628900 / 0.00000000 -0.99999980 0.00000000 / 255 0 255 255 / 0.54266360 -0.12403870 / 1.00000000 0.00000000 0.00000000 1.00000000
				6.35107400 7.56250000 1.44628900 / 0.00000000 -1.00000000 0.00000000 / 255 0 255 255 / 2.31256100 -0.12403870 / 1.00000000 0.00000000 0.00000000 1.00000000
				6.35107400 7.56250000 1.44628900 / 0.00000000 -1.00000000 0.00000000 / 255 0 255 255 / 2.31256100 -0.12403870 / 1.00000000 0.00000000 0.00000000 1.00000000
				6.35107400 7.56250000 1.44628900 / 0.00000000 -1.00000000 0.00000000 / 255 0 255 255 / 2.31256100 -0.12403870 / 1.00000000 0.00000000 0.00000000 1.00000000
				9.00000000 7.56250000 1.75000000 / 0.00000000 -1.00000000 0.00000000 / 255 0 255 255 / 3.06849700 -0.18748470 / 1.00000000 0.00000000 0.00000000 1.00000000
				9.00000000 7.56250000 1.75000000 / 0.00000000 -1.00000000 0.00000000 / 255 0 255 255 / 3.06849700 -0.18748470 / 1.00000000 0.00000000 0.00000000 1.00000000
				9.00000000 7.56250000 1.44628900 / 0.00000000 -1.00000000 0.00000000 / 255 0 255 255 / 3.06849700 -0.12403870 / 1.00000000 0.00000000 0.00000000 1.00000000
				-7.05224600 7.56250000 1.75000000 / 0.00000000 -1.00000000 0.00000000 / 255 0 255 255 / -1.51261900 -0.18748470 / 1.00000000 0.00000000 0.00000000 1.00000000
				-7.05224600 7.56250000 1.75000000 / 0.00000000 -1.00000000 0.00000000 / 255 0 255 255 / -1.51261900 -0.18748470 / 1.00000000 0.00000000 0.00000000 1.00000000
				-7.05224600 7.56250000 1.75000000 / 0.00000000 -1.00000000 0.00000000 / 255 0 255 255 / -1.51261900 -0.18748470 / 1.00000000 0.00000000 0.00000000 1.00000000
				-9.00000000 7.56250000 1.75000000 / 0.00000000 -1.00000000 0.00000000 / 255 0 255 255 / -2.06849700 -0.18748470 / 1.00000000 0.00000000 0.00000000 1.00000000
				-9.00000000 7.56250000 1.44628900 / 0.00000000 -1.00000000 0.00000000 / 255 0 255 255 / -2.06849700 -0.12403870 / 1.00000000 0.00000000 0.00000000 1.00000000
				-9.00000000 7.56250000 1.44628900 / 0.00000000 -1.00000000 0.00000000 / 255 0 255 255 / -2.06849700 -0.12403870 / 1.00000000 0.00000000 0.00000000 1.00000000
				-7.05224600 7.56250000 1.44628900 / 0.00000000 -1.00000000 0.00000000 / 255 0 255 255 / -1.51261900 -0.12403870 / 1.00000000 0.00000000 0.00000000 1.00000000
				-7.05224600 7.56250000 1.44628900 / 0.00000000 -1.00000000 0.00000000 / 255 0 255 255 / -1.51261900 -0.12403870 / 1.00000000 0.00000000 0.00000000 1.00000000
				-7.05224600 7.56250000 1.44628900 / 0.00000000 -1.00000000 0.00000000 / 255 0 255 255 / -1.51261900 -0.12403870 / 1.00000000 0.00000000 0.00000000 1.00000000
				-0.85058590 7.56250000 1.75000000 / 0.00000000 -0.99999980 0.00000000 / 255 0 255 255 / 0.25727840 -0.18748470 / 1.00000000 0.00000000 0.00000000 1.00000000
				-0.85058590 7.56250000 1.75000000 / 0.00000000 -0.99999980 0.00000000 / 255 0 255 255 / 0.25727840 -0.18748470 / 1.00000000 0.00000000 0.00000000 1.00000000
				-0.85058590 7.56250000 1.44628900 / 0.00000000 -1.00000000 0.00000000 / 255 0 255 255 / 0.25727840 -0.12403870 / 1.00000000 0.00000000 0.00000000 1.00000000
				-7.05224600 -7.35498000 1.44628900 / 0.00000000 1.00000000 0.00000000 / 255 0 255 255 / 2.51261900 -0.12403870 / -1.00000000 0.00000000 0.00000000 1.00000000
				-7.05224600 -7.35498000 1.44628900 / 0.00000000 1.00000000 0.00000000 / 255 0 255 255 / 2.51261900 -0.12403870 / -1.00000000 0.00000000 0.00000000 1.00000000
				-7.05224600 -7.35498000 1.44628900 / 0.00000000 1.00000000 0.00000000 / 255 0 255 255 / 2.51261900 -0.12403870 / -1.00000000 0.00000000 0.00000000 1.00000000
				-9.00000000 -7.35498000 1.44628900 / 0.00000000 1.00000000 0.00000000 / 255 0 255 255 / 3.06849700 -0.12403870 / -1.00000000 0.00000000 0.00000000 1.00000000
				-9.00000000 -7.35498000 1.75000000 / 0.00000000 1.00000000 0.00000000 / 255 0 255 255 / 3.06849700 -0.18748470 / -1.00000000 0.00000000 0.00000000 1.00000000
				-9.00000000 -7.35498000 1.75000000 / 0.00000000 1.00000000 0.00000000 / 255 0 255 255 / 3.06849700 -0.18748470 / -1.00000000 0.00000000 0.00000000 1.00000000
				-7.05224600 -7.35498000 1.75000000 / 0.00000000 1.00000000 0.00000000 / 255 0 255 255 / 2.51261900 -0.18748470 / -1.00000000 0.00000000 0.00000000 1.00000000
				-7.05224600 -7.35498000 1.75000000 / 0.00000000 1.00000000 0.00000000 / 255 0 255 255 / 2.51261900 -0.18748470 / -1.00000000 0.00000000 0.00000000 1.00000000
				-7.05224600 -7.35498000 1.75000000 / 0.00000000 1.00000000 0.00000000 / 255 0 255 255 / 2.51261900 -0.18748470 / -1.00000000 0.00000000 0.00000000 1.00000000
				-0.95068360 -7.35498000 1.44628900 / 0.00000000 1.00000000 0.00000000 / 255 0 255 255 / 0.77127080 -0.12403870 / -0.99999960 0.00000000 0.00083520 1.00000000
				-0.95068360 -7.35498000 1.44628900 / 0.00000000 1.00000000 0.00000000 / 255 0 255 255 / 0.77127080 -0.12403870 / -0.99999960 0.00000000 0.00083520 1.00000000
				-0.95068360 -7.35498000 1.44628900 / 0.00000000 1.00000000 0.00000000 / 255 0 255 255 / 0.77127080 -0.12403870 / -0.99999960 0.00000000 0.00083520 1.00000000
				-0.95068360 -7.35498000 1.44628900 / 0.00000000 1.00000000 0.00000000 / 255 0 255 255 / 0.77127080 -0.12403870 / -0.99999960 0.00000000 0.00083520 1.00000000
				-0.85058590 -7.35498000 1.75000000 / 0.00000000 1.00000000 0.00000000 / 255 0 255 255 / 0.74272150 -0.18748470 / -0.99999940 0.00000000 0.00109470 1.00000000
				-0.85058590 -7.35498000 1.75000000 / 0.00000000 1.00000000 0.00000000 / 255 0 255 255 / 0.74272150 -0.18748470 / -0.99999940 0.00000000 0.00109470 1.00000000
				0.14941410 -7.35498000 1.75000000 / 0.00000000 0.99999980 0.00000000 / 255 0 255 255 / 0.45637510 -0.18794250 / -0.99999950 0.00000000 0.00099610 1.00000000
				0.14941410 -7.35498000 1.75000000 / 0.00000000 0.99999980 0.00000000 / 255 0 255 255 / 0.45637510 -0.18794250 / -0.99999950 0.00000000 0.00099610 1.00000000
				0.14941410 -7.35498000 1.75000000 / 0.00000000 0.99999980 0.00000000 / 255 0 255 255 / 0.45637510 -0.18794250 / -0.99999950 0.00000000 0.00099610 1.00000000
				0.24951170 -7.35498000 1.44628900 / 0.00000000 1.00000000 0.00000000 / 255 0 255 255 / 0.42820740 -0.12432860 / -1.00000000 0.00000000 0.00019030 1.00000000
				0.24951170 -7.35498000 1.44628900 / 0.00000000 1.00000000 0.00000000 / 255 0 255 255 / 0.42820740 -0.12432860 / -1.00000000 0.00000000 0.00019030 1.00000000
				0.24951170 -7.35498000 1.44628900 / 0.00000000 1.00000000 0.00000000 / 255 0 255 255 / 0.42820740 -0.12432860 / -1.00000000 0.00000000 0.00019030 1.00000000
				6.35107400 -7.35498000 1.75000000 / 0.00000000 0.99999980 0.00000000 / 255 0 255 255 / -1.31256100 -0.18748470 / -1.00000000 0.00000000 -0.00014500 1.00000000
				6.35107400 -7.35498000 1.75000000 / 0.00000000 0.99999980 0.00000000 / 255 0 255 255 / -1.31256100 -0.18748470 / -1.00000000 0.00000000 -0.00014500 1.00000000
				6.35107400 -7.35498000 1.75000000 / 0.00000000 0.99999980 0.00000000 / 255 0 255 255 / -1.31256100 -0.18748470 / -1.00000000 0.00000000 -0.00014500 1.00000000
				6.35107400 -7.35498000 1.75000000 / 0.00000000 0.99999980 0.00000000 / 255 0 255 255 / -1.31256100 -0.18748470 / -1.00000000 0.00000000 -0.00014500 1.00000000
				6.35107400 -7.35498000 1.44628900 / 0.00000000 1.00000000 0.00000000 / 255 0 255 255 / -1.31256100 -0.12403870 / -1.00000000 0.00000000 -0.00011370 1.00000000
				6.35107400 -7.35498000 1.44628900 / 0.00000000 1.00000000 0.00000000 / 255 0 255 255 / -1.31256100 -0.12403870 / -1.00000000 0.00000000 -0.00011370 1.00000000
				9.00000000 -7.35498000 1.44628900 / 0.00000000 1.00000000 0.00000000 / 255 0 255 255 / -2.06849700 -0.12403870 / -1.00000000 0.00000000 0.00000000 1.00000000
				9.00000000 -7.35498000 1.44628900 / 0.00000000 1.00000000 0.00000000 / 255 0 255 255 / -2.06849700 -0.12403870 / -1.00000000 0.00000000 0.00000000 1.00000000
				9.00000000 -7.35498000 1.75000000 / 0.00000000 1.00000000 0.00000000 / 255 0 255 255 / -2.06849700 -0.18748470 / -1.00000000 0.00000000 0.00000000 1.00000000
				9.00000000 0.98193360 0.54980470 / -1.00000000 0.00000000 0.00000000 / 255 0 255 255 / 0.21980290 0.30001830 / 0.00000000 -1.00000000 0.00001550 1.00000000
				9.00000000 0.98193360 0.54980470 / -1.00000000 0.00000000 0.00000000 / 255 0 255 255 / 0.21980290 0.30001830 / 0.00000000 -1.00000000 0.00001550 1.00000000
				9.00000000 0.98193360 0.54980470 / -1.00000000 0.00000000 0.00000000 / 255 0 255 255 / 0.21980290 0.30001830 / 0.00000000 -1.00000000 0.00001550 1.00000000
				9.00000000 0.98193360 -1.75000000 / -1.00000000 0.00000000 0.00000000 / 255 0 255 255 / 0.21980290 0.95649720 / 0.00000000 -1.00000000 0.00000000 1.00000000
				9.00000000 0.60351560 -1.75000000 / -1.00000000 0.00000000 0.00000000 / 255 0 255 255 / 0.32771300 0.95649720 / 0.00000000 -1.00000000 0.00002320 1.00000000
				9.00000000 0.60351560 -1.75000000 / -1.00000000 0.00000000 0.00000000 / 255 0 255 255 / 0.32771300 0.95649720 / 0.00000000 -1.00000000 0.00002320 1.00000000
				9.00000000 0.60351560 0.93994140 / -1.00000000 0.00000000 0.00000000 / 255 0 255 255 / 0.32771300 0.18865970 / 0.00000000 -1.00000000 0.00001160 1.00000000
				9.00000000 0.60351560 0.93994140 / -1.00000000 0.00000000 0.00000000 / 255 0 255 255 / 0.32771300 0.18865970 / 0.00000000 -1.00000000 0.00001160 1.00000000
				9.00000000 0.60351560 0.93994140 / -1.00000000 0.00000000 0.00000000 / 255 0 255 255 / 0.32771300 0.18865970 / 0.00000000 -1.00000000 0.00001160 1.00000000
				9.00000000 0.60351560 0.93994140 / -1.00000000 0.00000000 0.00000000 / 255 0 255 255 / 0.32771300 0.18865970 / 0.00000000 -1.00000000 0.00001160 1.00000000
				9.00000000 2.28173800 0.54980470 / -1.00000000 0.00000000 0.00000000 / 255 0 255 255 / -0.15119930 0.30001830 / 0.00000000 -1.00000000 -0.00000080 1.00000000
				9.00000000 2.28173800 0.54980470 / -1.00000000 0.00000000 0.00000000 / 255 0 255 255 / -0.15119930 0.30001830 / 0.00000000 -1.00000000 -0.00000080 1.00000000
				9.00000000 2.28173800 0.54980470 / -1.00000000 0.00000000 0.00000000 / 255 0 255 255 / -0.15119930 0.30001830 / 0.00000000 -1.00000000 -0.00000080 1.00000000
				9.00000000 2.28173800 0.54980470 / -1.00000000 0.00000000 0.00000000 / 255 0 255 255 / -0.15119930 0.30001830 / 0.00000000 -1.00000000 -0.00000080 1.00000000
				9.00000000 7.56250000 -1.75000000 / -1.00000000 0.00000000 0.00000000 / 255 0 255 255 / -1.65826400 0.95649720 / 0.00000000 -1.00000000 -0.00000170 1.00000000
				9.00000000 7.56250000 -1.75000000 / -1.00000000 0.00000000 0.00000000 / 255 0 255 255 / -1.65826400 0.95649720 / 0.00000000 -1.00000000 -0.00000170 1.00000000
				9.00000000 2.28173800 -1.75000000 / -1.00000000 0.00000000 0.00000000 / 255 0 255 255 / -0.15119930 0.95649720 / 0.00000000 -1.00000000 0.00000000 1.00000000
				9.00000000 7.56250000 0.93994140 / -1.00000000 0.00000000 0.00000000 / 255 0 255 255 / -1.65826400 0.18865970 / 0.00000000 -1.00000000 -0.00000080 1.00000000
				9.00000000 7.56250000 0.93994140 / -1.00000000 0.00000000 0.00000000 / 255 0 255 255 / -1.65826400 0.18865970 / 0.00000000 -1.00000000 -0.00000080 1.00000000
				9.00000000 7.56250000 0.93994140 / -1.00000000 0.00000000 0.00000000 / 255 0 255 255 / -1.65826400 0.18865970 / 0.00000000 -1.00000000 -0.00000080 1.00000000
				9.00000000 7.56250000 0.93994140 / -1.00000000 0.00000000 0.00000000 / 255 0 255 255 / -1.65826400 0.18865970 / 0.00000000 -1.00000000 -0.00000080 1.00000000
				9.00000000 0.60351560 1.44628900 / -1.00000000 0.00000000 0.00000000 / 255 0 255 255 / 0.32771300 0.08296200 / 0.00000000 -1.00000000 0.00000000 1.00000000
				9.00000000 0.60351560 1.44628900 / -1.00000000 0.00000000 0.00000000 / 255 0 255 255 / 0.32771300 0.08296200 / 0.00000000 -1.00000000 0.00000000 1.00000000
				9.00000000 7.56250000 1.44628900 / -1.00000000 0.00000000 0.00000000 / 255 0 255 255 / -1.65826400 0.08296200 / 0.00000000 -1.00000000 0.00000000 1.00000000
				9.00000000 -7.35498000 -1.75000000 / 0.00000000 1.00000000 0.00000000 / 255 0 255 255 / -2.06849700 0.95649720 / -1.00000000 0.00000000 0.00000000 1.00000000
				9.00000000 -7.35498000 -1.75000000 / 0.00000000 1.00000000 0.00000000 / 255 0 255 255 / -2.06849700 0.95649720 / -1.00000000 0.00000000 0.00000000 1.00000000
				6.35107400 -7.35498000 -1.75000000 / 0.00000000 1.00000000 0.00000000 / 255 0 255 255 / -1.31256100 0.95649720 / -1.00000000 0.00000000 0.00000000 1.00000000
				6.35107400 -7.35498000 0.93994140 / 0.00000000 1.00000000 0.00000000 / 255 0 255 255 / -1.31256100 0.18865970 / -1.00000000 0.00000000 0.00000000 1.00000000
				6.35107400 -7.35498000 0.93994140 / 0.00000000 1.00000000 0.00000000 / 255 0 255 255 / -1.31256100 0.18865970 / -1.00000000 0.00000000 0.00000000 1.00000000
				6.35107400 -7.35498000 0.93994140 / 0.00000000 1.00000000 0.00000000 / 255 0 255 255 / -1.31256100 0.18865970 / -1.00000000 0.00000000 0.00000000 1.00000000
				6.35107400 -7.35498000 0.93994140 / 0.00000000 1.00000000 0.00000000 / 255 0 255 255 / -1.31256100 0.18865970 / -1.00000000 0.00000000 0.00000000 1.00000000
				9.00000000 -7.35498000 0.93994140 / 0.00000000 1.00000000 0.00000000 / 255 0 255 255 / -2.06849700 0.18865970 / -1.00000000 0.00000000 0.00000000 1.00000000
				9.00000000 -7.35498000 0.93994140 / 0.00000000 1.00000000 0.00000000 / 255 0 255 255 / -2.06849700 0.18865970 / -1.00000000 0.00000000 0.00000000 1.00000000
				9.00000000 -7.35498000 0.93994140 / 0.00000000 1.00000000 0.00000000 / 255 0 255 255 / -2.06849700 0.18865970 / -1.00000000 0.00000000 0.00000000 1.00000000
				6.35107400 -7.35498000 1.44628900 / 0.00000000 1.00000000 0.00000000 / 255 0 255 255 / -1.31256100 0.08296200 / -1.00000000 0.00000000 -0.00005680 1.00000000
				6.35107400 -7.35498000 1.44628900 / 0.00000000 1.00000000 0.00000000 / 255 0 255 255 / -1.31256100 0.08296200 / -1.00000000 0.00000000 -0.00005680 1.00000000
				6.35107400 -7.35498000 1.44628900 / 0.00000000 1.00000000 0.00000000 / 255 0 255 255 / -1.31256100 0.08296200 / -1.00000000 0.00000000 -0.00005680 1.00000000
				6.35107400 -7.35498000 1.44628900 / 0.00000000 1.00000000 0.00000000 / 255 0 255 255 / -1.31256100 0.08296200 / -1.00000000 0.00000000 -0.00005680 1.00000000
				9.00000000 -7.35498000 1.44628900 / 0.00000000 1.00000000 0.00000000 / 255 0 255 255 / -2.06849700 0.08296200 / -1.00000000 0.00000000 0.00000000 1.00000000
				0.41601560 -7.35498000 0.93994140 / 0.00000000 1.00000000 0.00000000 / 255 0 255 255 / 0.38125610 0.18865970 / -1.00000000 0.00000000 0.00015410 1.00000000
				0.41601560 -7.35498000 0.93994140 / 0.00000000 1.00000000 0.00000000 / 255 0 255 255 / 0.38125610 0.18865970 / -1.00000000 0.00000000 0.00015410 1.00000000
				0.41601560 -7.35498000 0.93994140 / 0.00000000 1.00000000 0.00000000 / 255 0 255 255 / 0.38125610 0.18865970 / -1.00000000 0.00000000 0.00015410 1.00000000
				0.41601560 -7.35498000 0.93994140 / 0.00000000 1.00000000 0.00000000 / 255 0 255 255 / 0.38125610 0.18865970 / -1.00000000 0.00000000 0.00015410 1.00000000
				0.41601560 -7.35498000 0.93994140 / 0.00000000 1.00000000 0.00000000 / 255 0 255 255 / 0.38125610 0.18865970 / -1.00000000 0.00000000 0.00015410 1.00000000
				0.41601560 -7.35498000 0.93994140 / 0.00000000 1.00000000 0.00000000 / 255 0 255 255 / 0.38125610 0.18865970 / -1.00000000 0.00000000 0.00015410 1.00000000
				0.24951170 -7.35498000 1.44628900 / 0.00000000 1.00000000 0.00000000 / 255 0 255 255 / 0.42820740 0.08267209 / -0.99999980 0.00000000 0.00046260 1.00000000
				0.24951170 -7.35498000 1.44628900 / 0.00000000 1.00000000 0.00000000 / 255 0 255 255 / 0.42820740 0.08267209 / -0.99999980 0.00000000 0.00046260 1.00000000
				-0.95068360 -7.35498000 1.44628900 / 0.00000000 0.99999980 0.00000000 / 255 0 255 255 / 0.77127080 0.08296200 / -0.99999980 0.00000000 0.00038410 1.00000000
				-0.95068360 -7.35498000 1.44628900 / 0.00000000 0.99999980 0.00000000 / 255 0 255 255 / 0.77127080 0.08296200 / -0.99999980 0.00000000 0.00038410 1.00000000
				-0.95068360 -7.35498000 1.44628900 / 0.00000000 0.99999980 0.00000000 / 255 0 255 255 / 0.77127080 0.08296200 / -0.99999980 0.00000000 0.00038410 1.00000000
				0.41601560 -7.35498000 -1.75000000 / 0.00000000 1.00000000 0.00000000 / 255 0 255 255 / 0.38125610 0.95649720 / -1.00000000 0.00000000 0.00000000 1.00000000
				-1.11718700 -7.35498000 -1.75000000 / 0.00000000 1.00000000 0.00000000 / 255 0 255 255 / 0.81881720 0.95649720 / -1.00000000 0.00000000 0.00000000 1.00000000
				-1.11718700 -7.35498000 -1.75000000 / 0.00000000 1.00000000 0.00000000 / 255 0 255 255 / 0.81881720 0.95649720 / -1.00000000 0.00000000 0.00000000 1.00000000
				-1.11718700 -7.35498000 0.93994140 / 0.00000000 1.00000000 0.00000000 / 255 0 255 255 / 0.81881720 0.18865970 / -1.00000000 0.00000000 0.00000000 1.00000000
				-1.11718700 -7.35498000 0.93994140 / 0.00000000 1.00000000 0.00000000 / 255 0 255 255 / 0.81881720 0.18865970 / -1.00000000 0.00000000 0.00000000 1.00000000
				-1.11718700 -7.35498000 0.93994140 / 0.00000000 1.00000000 0.00000000 / 255 0 255 255 / 0.81881720 0.18865970 / -1.00000000 0.00000000 0.00000000 1.00000000
				-1.11718700 -7.35498000 0.93994140 / 0.00000000 1.00000000 0.00000000 / 255 0 255 255 / 0.81881720 0.18865970 / -1.00000000 0.00000000 0.00000000 1.00000000
				-7.05224600 -7.35498000 1.44628900 / 0.00000000 1.00000000 0.00000000 / 255 0 255 255 / 2.51261900 0.08296200 / -1.00000000 0.00000000 0.00000000 1.00000000
				-7.05224600 -7.35498000 1.44628900 / 0.00000000 1.00000000 0.00000000 / 255 0 255 255 / 2.51261900 0.08296200 / -1.00000000 0.00000000 0.00000000 1.00000000
				-7.05224600 -7.35498000 1.44628900 / 0.00000000 1.00000000 0.00000000 / 255 0 255 255 / 2.51261900 0.08296200 / -1.00000000 0.00000000 0.00000000 1.00000000
				-7.05224600 -7.35498000 0.93994140 / 0.00000000 1.00000000 0.00000000 / 255 0 255 255 / 2.51261900 0.18865970 / -1.00000000 0.00000000 0.00000000 1.00000000
				-7.05224600 -7.35498000 0.93994140 / 0.00000000 1.00000000 0.00000000 / 255 0 255 255 / 2.51261900 0.18865970 / -1.00000000 0.00000000 0.00000000 1.00000000
				-7.05224600 -7.35498000 0.93994140 / 0.00000000 1.00000000 0.00000000 / 255 0 255 255 / 2.51261900 0.18865970 / -1.00000000 0.00000000 0.00000000 1.00000000
				-7.05224600 -7.35498000 0.93994140 / 0.00000000 1.00000000 0.00000000 / 255 0 255 255 / 2.51261900 0.18865970 / -1.00000000 0.00000000 0.00000000 1.00000000
				-7.05224600 -7.35498000 0.93994140 / 0.00000000 1.00000000 0.00000000 / 255 0 255 255 / 2.51261900 0.18865970 / -1.00000000 0.00000000 0.00000000 1.00000000
				-9.00000000 -7.35498000 1.44628900 / 0.00000000 1.00000000 0.00000000 / 255 0 255 255 / 3.06849700 0.08296200 / -1.00000000 0.00000000 0.00000000 1.00000000
				-9.00000000 -7.35498000 1.44628900 / 0.00000000 1.00000000 0.00000000 / 255 0 255 255 / 3.06849700 0.08296200 / -1.00000000 0.00000000 0.00000000 1.00000000
				-9.00000000 -7.35498000 0.93994140 / 0.00000000 1.00000000 0.00000000 / 255 0 255 255 / 3.06849700 0.18865970 / -1.00000000 0.00000000 0.00000000 1.00000000
				-9.00000000 -7.35498000 0.93994140 / 0.00000000 1.00000000 0.00000000 / 255 0 255 255 / 3.06849700 0.18865970 / -1.00000000 0.00000000 0.00000000 1.00000000
				-9.00000000 -7.35498000 -1.75000000 / 0.00000000 1.00000000 0.00000000 / 255 0 255 255 / 3.06849700 0.95649720 / -1.00000000 0.00000000 0.00000000 1.00000000
				-9.00000000 -7.35498000 -1.75000000 / 0.00000000 1.00000000 0.00000000 / 255 0 255 255 / 3.06849700 0.95649720 / -1.00000000 0.00000000 0.00000000 1.00000000
				-7.05224600 -7.35498000 -1.75000000 / 0.00000000 1.00000000 0.00000000 / 255 0 255 255 / 2.51261900 0.95649720 / -1.00000000 0.00000000 0.00000000 1.00000000
				-9.00000000 -7.35498000 0.93994140 / 1.00000000 0.00000000 0.00000000 / 255 0 255 255 / -1.59909100 0.18865970 / 0.00000000 1.00000000 0.00000000 1.00000000
				-9.00000000 -7.35498000 0.93994140 / 1.00000000 0.00000000 0.00000000 / 255 0 255 255 / -1.59909100 0.18865970 / 0.00000000 1.00000000 0.00000000 1.00000000
				-9.00000000 -7.35498000 0.93994140 / 1.00000000 0.00000000 0.00000000 / 255 0 255 255 / -1.59909100 0.18865970 / 0.00000000 1.00000000 0.00000000 1.00000000
				-9.00000000 -7.35498000 0.93994140 / 1.00000000 0.00000000 0.00000000 / 255 0 255 255 / -1.59909100 0.18865970 / 0.00000000 1.00000000 0.00000000 1.00000000
				-9.00000000 -7.35498000 -1.75000000 / 1.00000000 0.00000000 0.00000000 / 255 0 255 255 / -1.59909100 0.95649720 / 0.00000000 1.00000000 0.00000000 1.00000000
				-9.00000000 -0.39648440 -1.75000000 / 1.00000000 0.00000000 0.00000000 / 255 0 255 255 / 0.38690190 0.95649720 / 0.00000000 1.00000000 0.00000000 1.00000000
				-9.00000000 -0.39648440 -1.75000000 / 1.00000000 0.00000000 0.00000000 / 255 0 255 255 / 0.38690190 0.95649720 / 0.00000000 1.00000000 0.00000000 1.00000000
				-9.00000000 -0.39648440 0.93994140 / 1.00000000 0.00000000 0.00000000 / 255 0 255 255 / 0.38690190 0.18865970 / 0.00000000 1.00000000 0.00000000 1.00000000
				-9.00000000 -0.39648440 0.93994140 / 1.00000000 0.00000000 0.00000000 / 255 0 255 255 / 0.38690190 0.18865970 / 0.00000000 1.00000000 0.00000000 1.00000000
				-9.00000000 -0.39648440 1.44628900 / 1.00000000 0.00000000 0.00000000 / 255 0 255 255 / 0.38690190 0.08296200 / 0.00000000 1.00000000 0.00000000 1.00000000
				-9.00000000 -0.39648440 1.44628900 / 1.00000000 0.00000000 0.00000000 / 255 0 255 255 / 0.38690190 0.08296200 / 0.00000000 1.00000000 0.00000000 1.00000000
				-9.00000000 -7.35498000 1.44628900 / 1.00000000 0.00000000 0.00000000 / 255 0 255 255 / -1.59909100 0.08296200 / 0.00000000 1.00000000 0.00000000 1.00000000
				8.75000000 -0.39648440 0.93994140 / 0.00000000 -1.00000000 0.00000000 / 255 0 255 255 / 2.99714700 0.18865970 / 1.00000000 0.00000000 0.00000000 1.00000000
				8.75000000 -0.39648440 0.93994140 / 0.00000000 -1.00000000 0.00000000 / 255 0 255 255 / 2.99714700 0.18865970 / 1.00000000 0.00000000 0.00000000 1.00000000
				8.75000000 -0.39648440 0.93994140 / 0.00000000 -1.00000000 0.00000000 / 255 0 255 255 / 2.99714700 0.18865970 / 1.00000000 0.00000000 0.00000000 1.00000000
				8.75000000 -0.39648440 0.93994140 / 0.00000000 -1.00000000 0.00000000 / 255 0 255 255 / 2.99714700 0.18865970 / 1.00000000 0.00000000 0.00000000 1.00000000
				8.75000000 -0.39648440 -1.75000000 / 0.00000000 -1.00000000 0.00000000 / 255 0 255 255 / 2.99714700 0.95649720 / 1.00000000 0.00000000 0.00000000 1.00000000
				9.00000000 -0.39648440 -1.75000000 / 0.00000000 -0.99999980 0.00000000 / 255 0 255 255 / 3.06849700 0.95649720 / 1.00000000 0.00000000 0.00000000 1.00000000
				9.00000000 -0.39648440 -1.75000000 / 0.00000000 -0.99999980 0.00000000 / 255 0 255 255 / 3.06849700 0.95649720 / 1.00000000 0.00000000 0.00000000 1.00000000
				9.00000000 -0.39648440 0.93994140 / 0.00000000 -1.00000000 0.00000000 / 255 0 255 255 / 3.06849700 0.18865970 / 1.00000000 0.00000000 0.00000000 1.00000000
				9.00000000 -0.39648440 0.93994140 / 0.00000000 -1.00000000 0.00000000 / 255 0 255 255 / 3.06849700 0.18865970 / 1.00000000 0.00000000 0.00000000 1.00000000
				9.00000000 -0.39648440 1.44628900 / 0.00000000 -0.99999980 0.00000000 / 255 0 255 255 / 3.06849700 0.08296200 / 1.00000000 0.00000000 0.00000000 1.00000000
				9.00000000 -0.39648440 1.44628900 / 0.00000000 -0.99999980 0.00000000 / 255 0 255 255 / 3.06849700 0.08296200 / 1.00000000 0.00000000 0.00000000 1.00000000
				8.75000000 -0.39648440 1.44628900 / 0.00000000 -1.00000000 0.00000000 / 255 0 255 255 / 2.99714700 0.08296200 / 1.00000000 0.00000000 0.00000000 1.00000000
				9.00000000 0.60351560 0.93994140 / 0.00000000 1.00000000 0.00000000 / 255 0 255 255 / -2.06849700 0.18865970 / -1.00000000 0.00000000 0.00000000 1.00000000
				9.00000000 0.60351560 0.93994140 / 0.00000000 1.00000000 0.00000000 / 255 0 255 255 / -2.06849700 0.18865970 / -1.00000000 0.00000000 0.00000000 1.00000000
				9.00000000 0.60351560 0.93994140 / 0.00000000 1.00000000 0.00000000 / 255 0 255 255 / -2.06849700 0.18865970 / -1.00000000 0.00000000 0.00000000 1.00000000
				9.00000000 0.60351560 0.93994140 / 0.00000000 1.00000000 0.00000000 / 255 0 255 255 / -2.06849700 0.18865970 / -1.00000000 0.00000000 0.00000000 1.00000000
				9.00000000 0.60351560 -1.75000000 / 0.00000000 1.00000000 0.00000000 / 255 0 255 255 / -2.06849700 0.95649720 / -1.00000000 0.00000000 0.00000000 1.00000000
				8.75000000 0.60351560 -1.75000000 / 0.00000000 0.99999980 0.00000000 / 255 0 255 255 / -1.99714700 0.95649720 / -1.00000000 0.00000000 0.00000000 1.00000000
				8.75000000 0.60351560 -1.75000000 / 0.00000000 0.99999980 0.00000000 / 255 0 255 255 / -1.99714700 0.95649720 / -1.00000000 0.00000000 0.00000000 1.00000000
				8.75000000 0.60351560 0.93994140 / 0.00000000 1.00000000 0.00000000 / 255 0 255 255 / -1.99714700 0.18865970 / -1.00000000 0.00000000 0.00000000 1.00000000
				8.75000000 0.60351560 0.93994140 / 0.00000000 1.00000000 0.00000000 / 255 0 255 255 / -1.99714700 0.18865970 / -1.00000000 0.00000000 0.00000000 1.00000000
				8.75000000 0.60351560 1.44628900 / 0.00000000 0.99999980 0.00000000 / 255 0 255 255 / -1.99714700 0.08296200 / -1.00000000 0.00000000 0.00000000 1.00000000
				8.75000000 0.60351560 1.44628900 / 0.00000000 0.99999980 0.00000000 / 255 0 255 255 / -1.99714700 0.08296200 / -1.00000000 0.00000000 0.00000000 1.00000000
				9.00000000 0.60351560 1.44628900 / 0.00000000 1.00000000 0.00000000 / 255 0 255 255 / -2.06849700 0.08296200 / -1.00000000 0.00000000 0.00000000 1.00000000
				0.14941410 7.56250000 1.44628900 / 0.99999980 0.00000000 0.00000000 / 255 0 255 255 / 2.65826400 0.08296200 / 0.00000000 1.00000000 0.00000000 1.00000000
				0.14941410 7.56250000 1.44628900 / 0.99999980 0.00000000 0.00000000 / 255 0 255 255 / 2.65826400 0.08296200 / 0.00000000 1.00000000 0.00000000 1.00000000
				0.14941410 7.31250000 1.44628900 / 1.00000000 0.00000000 0.00000000 / 255 0 255 255 / 2.58692900 0.08296200 / 0.00000000 1.00000000 0.00000000 1.00000000
				0.14941410 7.31250000 0.93994140 / 1.00000000 0.00000000 0.00000000 / 255 0 255 255 / 2.58692900 0.18865970 / 0.00000000 1.00000000 0.00000000 1.00000000
				0.14941410 7.31250000 0.93994140 / 1.00000000 0.00000000 0.00000000 / 255 0 255 255 / 2.58692900 0.18865970 / 0.00000000 1.00000000 0.00000000 1.00000000
				0.14941410 7.31250000 0.93994140 / 1.00000000 0.00000000 0.00000000 / 255 0 255 255 / 2.58692900 0.18865970 / 0.00000000 1.00000000 0.00000000 1.00000000
				0.14941410 7.31250000 0.93994140 / 1.00000000 0.00000000 0.00000000 / 255 0 255 255 / 2.58692900 0.18865970 / 0.00000000 1.00000000 0.00000000 1.00000000
				0.14941410 7.56250000 0.93994140 / 1.00000000 0.00000000 0.00000000 / 255 0 255 255 / 2.65826400 0.18865970 / 0.00000000 1.00000000 0.00000000 1.00000000
				0.14941410 7.56250000 0.93994140 / 1.00000000 0.00000000 0.00000000 / 255 0 255 255 / 2.65826400 0.18865970 / 0.00000000 1.00000000 0.00000000 1.00000000
				0.14941410 7.56250000 -1.75000000 / 0.99999980 0.00000000 0.00000000 / 255 0 255 255 / 2.65826400 0.95649720 / 0.00000000 1.00000000 0.00000000 1.00000000
				0.14941410 7.56250000 -1.75000000 / 0.99999980 0.00000000 0.00000000 / 255 0 255 255 / 2.65826400 0.95649720 / 0.00000000 1.00000000 0.00000000 1.00000000
				0.14941410 7.31250000 -1.75000000 / 1.00000000 0.00000000 0.00000000 / 255 0 255 255 / 2.58692900 0.95649720 / 0.00000000 1.00000000 0.00000000 1.00000000
				-0.85058590 7.56250000 0.93994140 / -1.00000000 0.00000000 0.00000000 / 255 0 255 255 / -1.65826400 0.18865970 / 0.00000000 -1.00000000 0.00000000 1.00000000
				-0.85058590 7.56250000 0.93994140 / -1.00000000 0.00000000 0.00000000 / 255 0 255 255 / -1.65826400 0.18865970 / 0.00000000 -1.00000000 0.00000000 1.00000000
				-0.85058590 7.56250000 0.93994140 / -1.00000000 0.00000000 0.00000000 / 255 0 255 255 / -1.65826400 0.18865970 / 0.00000000 -1.00000000 0.00000000 1.00000000
				-0.85058590 7.56250000 0.93994140 / -1.00000000 0.00000000 0.00000000 / 255 0 255 255 / -1.65826400 0.18865970 / 0.00000000 -1.00000000 0.00000000 1.00000000
				-0.85058590 7.56250000 -1.75000000 / -1.00000000 0.00000000 0.00000000 / 255 0 255 255 / -1.65826400 0.95649720 / 0.00000000 -1.00000000 0.00000000 1.00000000
				-0.85058590 7.31250000 -1.75000000 / -0.99999980 0.00000000 0.00000000 / 255 0 255 255 / -1.58692900 0.95649720 / 0.00000000 -1.00000000 0.00000000 1.00000000
				-0.85058590 7.31250000 -1.75000000 / -0.99999980 0.00000000 0.00000000 / 255 0 255 255 / -1.58692900 0.95649720 / 0.00000000 -1.00000000 0.00000000 1.00000000
				-0.85058590 7.31250000 0.93994140 / -1.00000000 0.00000000 0.00000000 / 255 0 255 255 / -1.58692900 0.18865970 / 0.00000000 -1.00000000 0.00000000 1.00000000
				-0.85058590 7.31250000 0.93994140 / -1.00000000 0.00000000 0.00000000 / 255 0 255 255 / -1.58692900 0.18865970 / 0.00000000 -1.00000000 0.00000000 1.00000000
				-0.85058590 7.31250000 1.44628900 / -0.99999980 0.00000000 0.00000000 / 255 0 255 255 / -1.58692900 0.08296200 / 0.00000000 -1.00000000 0.00000000 1.00000000
				-0.85058590 7.31250000 1.44628900 / -0.99999980 0.00000000 0.00000000 / 255 0 255 255 / -1.58692900 0.08296200 / 0.00000000 -1.00000000 0.00000000 1.00000000
				-0.85058590 7.56250000 1.44628900 / -1.00000000 0.00000000 0.00000000 / 255 0 255 255 / -1.65826400 0.08296200 / 0.00000000 -1.00000000 0.00000000 1.00000000
				-8.75000000 0.60351560 0.93994140 / 0.00000000 1.00000000 0.00000000 / 255 0 255 255 / 2.99714700 0.18865970 / -1.00000000 0.00000000 0.00000000 1.00000000
				-8.75000000 0.60351560 0.93994140 / 0.00000000 1.00000000 0.00000000 / 255 0 255 255 / 2.99714700 0.18865970 / -1.00000000 0.00000000 0.00000000 1.00000000
				-8.75000000 0.60351560 0.93994140 / 0.00000000 1.00000000 0.00000000 / 255 0 255 255 / 2.99714700 0.18865970 / -1.00000000 0.00000000 0.00000000 1.00000000
				-8.75000000 0.60351560 0.93994140 / 0.00000000 1.00000000 0.00000000 / 255 0 255 255 / 2.99714700 0.18865970 / -1.00000000 0.00000000 0.00000000 1.00000000
				-8.75000000 0.60351560 -1.75000000 / 0.00000000 1.00000000 0.00000000 / 255 0 255 255 / 2.99714700 0.95649720 / -1.00000000 0.00000000 0.00000000 1.00000000
				-9.00000000 0.60351560 -1.75000000 / 0.00000000 0.99999980 0.00000000 / 255 0 255 255 / 3.06849700 0.95649720 / -1.00000000 0.00000000 0.00000000 1.00000000
				-9.00000000 0.60351560 -1.75000000 / 0.00000000 0.99999980 0.00000000 / 255 0 255 255 / 3.06849700 0.95649720 / -1.00000000 0.00000000 0.00000000 1.00000000
				-9.00000000 0.60351560 0.93994140 / 0.00000000 1.00000000 0.00000000 / 255 0 255 255 / 3.06849700 0.18865970 / -1.00000000 0.00000000 0.00000000 1.00000000
				-9.00000000 0.60351560 0.93994140 / 0.00000000 1.00000000 0.00000000 / 255 0 255 255 / 3.06849700 0.18865970 / -1.00000000 0.00000000 0.00000000 1.00000000
				-9.00000000 0.60351560 1.44628900 / 0.00000000 0.99999980 0.00000000 / 255 0 255 255 / 3.06849700 0.08296200 / -1.00000000 0.00000000 0.00000000 1.00000000
				-9.00000000 0.60351560 1.44628900 / 0.00000000 0.99999980 0.00000000 / 255 0 255 255 / 3.06849700 0.08296200 / -1.00000000 0.00000000 0.00000000 1.00000000
				-8.75000000 0.60351560 1.44628900 / 0.00000000 1.00000000 0.00000000 / 255 0 255 255 / 2.99714700 0.08296200 / -1.00000000 0.00000000 0.00000000 1.00000000
				-9.00000000 -0.39648440 0.93994140 / 0.00000000 -1.00000000 0.00000000 / 255 0 255 255 / -2.06849700 0.18865970 / 1.00000000 0.00000000 0.00000000 1.00000000
				-9.00000000 -0.39648440 0.93994140 / 0.00000000 -1.00000000 0.00000000 / 255 0 255 255 / -2.06849700 0.18865970 / 1.00000000 0.00000000 0.00000000 1.00000000
				-9.00000000 -0.39648440 0.93994140 / 0.00000000 -1.00000000 0.00000000 / 255 0 255 255 / -2.06849700 0.18865970 / 1.00000000 0.00000000 0.00000000 1.00000000
				-9.00000000 -0.39648440 0.93994140 / 0.00000000 -1.00000000 0.00000000 / 255 0 255 255 / -2.06849700 0.18865970 / 1.00000000 0.00000000 0.00000000 1.00000000
				-9.00000000 -0.39648440 -1.75000000 / 0.00000000 -1.00000000 0.00000000 / 255 0 255 255 / -2.06849700 0.95649720 / 1.00000000 0.00000000 0.00000000 1.00000000
				-8.75000000 -0.39648440 -1.75000000 / 0.00000000 -0.99999980 0.00000000 / 255 0 255 255 / -1.99714700 0.95649720 / 1.00000000 0.00000000 0.00000000 1.00000000
				-8.75000000 -0.39648440 -1.75000000 / 0.00000000 -0.99999980 0.00000000 / 255 0 255 255 / -1.99714700 0.95649720 / 1.00000000 0.00000000 0.00000000 1.00000000
				-8.75000000 -0.39648440 0.93994140 / 0.00000000 -1.00000000 0.00000000 / 255 0 255 255 / -1.99714700 0.18865970 / 1.00000000 0.00000000 0.00000000 1.00000000
				-8.75000000 -0.39648440 0.93994140 / 0.00000000 -1.00000000 0.00000000 / 255 0 255 255 / -1.99714700 0.18865970 / 1.00000000 0.00000000 0.00000000 1.00000000
				-8.75000000 -0.39648440 1.44628900 / 0.00000000 -0.99999980 0.00000000 / 255 0 255 255 / -1.99714700 0.08296200 / 1.00000000 0.00000000 0.00000000 1.00000000
				-8.75000000 -0.39648440 1.44628900 / 0.00000000 -0.99999980 0.00000000 / 255 0 255 255 / -1.99714700 0.08296200 / 1.00000000 0.00000000 0.00000000 1.00000000
				-9.00000000 -0.39648440 1.44628900 / 0.00000000 -1.00000000 0.00000000 / 255 0 255 255 / -2.06849700 0.08296200 / 1.00000000 0.00000000 0.00000000 1.00000000
				-7.05224600 7.56250000 -1.75000000 / 0.00000000 -0.99999980 0.00000000 / 255 0 255 255 / -1.51261900 0.95649720 / 1.00000000 0.00000000 0.00000000 1.00000000
				-7.05224600 7.56250000 -1.75000000 / 0.00000000 -0.99999980 0.00000000 / 255 0 255 255 / -1.51261900 0.95649720 / 1.00000000 0.00000000 0.00000000 1.00000000
				-7.05224600 7.56250000 -1.75000000 / 0.00000000 -0.99999980 0.00000000 / 255 0 255 255 / -1.51261900 0.95649720 / 1.00000000 0.00000000 0.00000000 1.00000000
				-0.85058590 7.56250000 -1.75000000 / 0.00000000 -1.00000000 0.00000000 / 255 0 255 255 / 0.25727840 0.95649720 / 1.00000000 0.00000000 0.00000000 1.00000000
				-0.85058590 7.56250000 0.93994140 / 0.00000000 -0.99999980 0.00000000 / 255 0 255 255 / 0.25727840 0.18865970 / 1.00000000 0.00000000 0.00000000 1.00000000
				-0.85058590 7.56250000 0.93994140 / 0.00000000 -0.99999980 0.00000000 / 255 0 255 255 / 0.25727840 0.18865970 / 1.00000000 0.00000000 0.00000000 1.00000000
				-0.85058590 7.56250000 0.93994140 / 0.00000000 -0.99999980 0.00000000 / 255 0 255 255 / 0.25727840 0.18865970 / 1.00000000 0.00000000 0.00000000 1.00000000
				-7.05224600 7.56250000 0.93994140 / 0.00000000 -0.99999980 0.00000000 / 255 0 255 255 / -1.51261900 0.18865970 / 1.00000000 0.00000000 0.00000000 1.00000000
				-7.05224600 7.56250000 0.93994140 / 0.00000000 -0.99999980 0.00000000 / 255 0 255 255 / -1.51261900 0.18865970 / 1.00000000 0.00000000 0.00000000 1.00000000
				-7.05224600 7.56250000 0.93994140 / 0.00000000 -0.99999980 0.00000000 / 255 0 255 255 / -1.51261900 0.18865970 / 1.00000000 0.00000000 0.00000000 1.00000000
				-7.05224600 7.56250000 0.93994140 / 0.00000000 -0.99999980 0.00000000 / 255 0 255 255 / -1.51261900 0.18865970 / 1.00000000 0.00000000 0.00000000 1.00000000
				-7.05224600 7.56250000 0.93994140 / 0.00000000 -0.99999980 0.00000000 / 255 0 255 255 / -1.51261900 0.18865970 / 1.00000000 0.00000000 0.00000000 1.00000000
				-7.05224600 7.56250000 0.93994140 / 0.00000000 -0.99999980 0.00000000 / 255 0 255 255 / -1.51261900 0.18865970 / 1.00000000 0.00000000 0.00000000 1.00000000
				-9.00000000 7.56250000 -1.75000000 / 0.00000000 -1.00000000 0.00000000 / 255 0 255 255 / -2.06849700 0.95649720 / 1.00000000 0.00000000 0.00000000 1.00000000
				-9.00000000 7.56250000 -1.75000000 / 0.00000000 -1.00000000 0.00000000 / 255 0 255 255 / -2.06849700 0.95649720 / 1.00000000 0.00000000 0.00000000 1.00000000
				-0.85058590 7.56250000 1.44628900 / 0.00000000 -1.00000000 0.00000000 / 255 0 255 255 / 0.25727840 0.08296200 / 1.00000000 0.00000000 0.00000000 1.00000000
				-0.85058590 7.56250000 1.44628900 / 0.00000000 -1.00000000 0.00000000 / 255 0 255 255 / 0.25727840 0.08296200 / 1.00000000 0.00000000 0.00000000 1.00000000
				-9.00000000 7.56250000 0.93994140 / 0.00000000 -1.00000000 0.00000000 / 255 0 255 255 / -2.06849700 0.18865970 / 1.00000000 0.00000000 0.00000000 1.00000000
				-9.00000000 7.56250000 0.93994140 / 0.00000000 -1.00000000 0.00000000 / 255 0 255 255 / -2.06849700 0.18865970 / 1.00000000 0.00000000 0.00000000 1.00000000
				-9.00000000 7.56250000 0.93994140 / 0.00000000 -1.00000000 0.00000000 / 255 0 255 255 / -2.06849700 0.18865970 / 1.00000000 0.00000000 0.00000000 1.00000000
				-7.05224600 7.56250000 1.44628900 / 0.00000000 -1.00000000 0.00000000 / 255 0 255 255 / -1.51261900 0.08296200 / 1.00000000 0.00000000 0.00000000 1.00000000
				-7.05224600 7.56250000 1.44628900 / 0.00000000 -1.00000000 0.00000000 / 255 0 255 255 / -1.51261900 0.08296200 / 1.00000000 0.00000000 0.00000000 1.00000000
				-7.05224600 7.56250000 1.44628900 / 0.00000000 -1.00000000 0.00000000 / 255 0 255 255 / -1.51261900 0.08296200 / 1.00000000 0.00000000 0.00000000 1.00000000
				-9.00000000 7.56250000 1.44628900 / 0.00000000 -1.00000000 0.00000000 / 255 0 255 255 / -2.06849700 0.08296200 / 1.00000000 0.00000000 0.00000000 1.00000000
				0.14941410 7.56250000 0.93994140 / 0.00000000 -1.00000000 0.00000000 / 255 0 255 255 / 0.54266360 0.18865970 / 1.00000000 0.00000000 0.00000000 1.00000000
				0.14941410 7.56250000 0.93994140 / 0.00000000 -1.00000000 0.00000000 / 255 0 255 255 / 0.54266360 0.18865970 / 1.00000000 0.00000000 0.00000000 1.00000000
				0.14941410 7.56250000 0.93994140 / 0.00000000 -1.00000000 0.00000000 / 255 0 255 255 / 0.54266360 0.18865970 / 1.00000000 0.00000000 0.00000000 1.00000000
				0.14941410 7.56250000 0.93994140 / 0.00000000 -1.00000000 0.00000000 / 255 0 255 255 / 0.54266360 0.18865970 / 1.00000000 0.00000000 0.00000000 1.00000000
				0.14941410 7.56250000 -1.75000000 / 0.00000000 -1.00000000 0.00000000 / 255 0 255 255 / 0.54266360 0.95649720 / 1.00000000 0.00000000 0.00000000 1.00000000
				6.35107400 7.56250000 -1.75000000 / 0.00000000 -0.99999980 0.00000000 / 255 0 255 255 / 2.31256100 0.95649720 / 1.00000000 0.00000000 0.00000000 1.00000000
				6.35107400 7.56250000 -1.75000000 / 0.00000000 -0.99999980 0.00000000 / 255 0 255 255 / 2.31256100 0.95649720 / 1.00000000 0.00000000 0.00000000 1.00000000
				6.35107400 7.56250000 -1.75000000 / 0.00000000 -0.99999980 0.00000000 / 255 0 255 255 / 2.31256100 0.95649720 / 1.00000000 0.00000000 0.00000000 1.00000000
				6.35107400 7.56250000 1.44628900 / 0.00000000 -1.00000000 0.00000000 / 255 0 255 255 / 2.31256100 0.08296200 / 1.00000000 0.00000000 0.00000000 1.00000000
				6.35107400 7.56250000 1.44628900 / 0.00000000 -1.00000000 0.00000000 / 255 0 255 255 / 2.31256100 0.08296200 / 1.00000000 0.00000000 0.00000000 1.00000000
				6.35107400 7.56250000 1.44628900 / 0.00000000 -1.00000000 0.00000000 / 255 0 255 255 / 2.31256100 0.08296200 / 1.00000000 0.00000000 0.00000000 1.00000000
				0.14941410 7.56250000 1.44628900 / 0.00000000 -1.00000000 0.00000000 / 255 0 255 255 / 0.54266360 0.08296200 / 1.00000000 0.00000000 0.00000000 1.00000000
				6.35107400 7.56250000 0.93994140 / 0.00000000 -1.00000000 0.00000000 / 255 0 255 255 / 2.31256100 0.18865970 / 1.00000000 0.00000000 0.00000000 1.00000000
				6.35107400 7.56250000 0.93994140 / 0.00000000 -1.00000000 0.00000000 / 255 0 255 255 / 2.31256100 0.18865970 / 1.00000000 0.00000000 0.00000000 1.00000000
				6.35107400 7.56250000 0.93994140 / 0.00000000 -1.00000000 0.00000000 / 255 0 255 255 / 2.31256100 0.18865970 / 1.00000000 0.00000000 0.00000000 1.00000000
				6.35107400 7.56250000 0.93994140 / 0.00000000 -1.00000000 0.00000000 / 255 0 255 255 / 2.31256100 0.18865970 / 1.00000000 0.00000000 0.00000000 1.00000000
				6.35107400 7.56250000 0.93994140 / 0.00000000 -1.00000000 0.00000000 / 255 0 255 255 / 2.31256100 0.18865970 / 1.00000000 0.00000000 0.00000000 1.00000000
				6.35107400 7.56250000 0.93994140 / 0.00000000 -1.00000000 0.00000000 / 255 0 255 255 / 2.31256100 0.18865970 / 1.00000000 0.00000000 0.00000000 1.00000000
				9.00000000 7.56250000 -1.75000000 / 0.00000000 -1.00000000 0.00000000 / 255 0 255 255 / 3.06849700 0.95649720 / 1.00000000 0.00000000 0.00000000 1.00000000
				9.00000000 7.56250000 -1.75000000 / 0.00000000 -1.00000000 0.00000000 / 255 0 255 255 / 3.06849700 0.95649720 / 1.00000000 0.00000000 0.00000000 1.00000000
				9.00000000 7.56250000 1.44628900 / 0.00000000 -1.00000000 0.00000000 / 255 0 255 255 / 3.06849700 0.08296200 / 1.00000000 0.00000000 0.00000000 1.00000000
				9.00000000 7.56250000 1.44628900 / 0.00000000 -1.00000000 0.00000000 / 255 0 255 255 / 3.06849700 0.08296200 / 1.00000000 0.00000000 0.00000000 1.00000000
				9.00000000 7.56250000 0.93994140 / 0.00000000 -1.00000000 0.00000000 / 255 0 255 255 / 3.06849700 0.18865970 / 1.00000000 0.00000000 0.00000000 1.00000000
				9.00000000 7.56250000 0.93994140 / 0.00000000 -1.00000000 0.00000000 / 255 0 255 255 / 3.06849700 0.18865970 / 1.00000000 0.00000000 0.00000000 1.00000000
				0.41601560 -7.35498000 -1.75000000 / 1.00000000 0.00000000 0.00000000 / 255 0 255 255 / -1.59909100 0.95649720 / 0.00000000 1.00000000 0.00000000 1.00000000
				0.41601560 -7.35498000 -1.75000000 / 1.00000000 0.00000000 0.00000000 / 255 0 255 255 / -1.59909100 0.95649720 / 0.00000000 1.00000000 0.00000000 1.00000000
				0.41601560 -7.35498000 0.93994140 / 1.00000000 0.00000000 0.00000000 / 255 0 255 255 / -1.59909100 0.18865970 / 0.00000000 1.00000000 0.00000000 1.00000000
				0.41601560 -7.41796900 0.93994140 / 1.00000000 0.00000000 0.00000000 / 255 0 255 255 / -1.65826400 0.18865970 / 0.00000000 1.00000000 0.00000000 1.00000000
				0.41601560 -7.41796900 0.93994140 / 1.00000000 0.00000000 0.00000000 / 255 0 255 255 / -1.65826400 0.18865970 / 0.00000000 1.00000000 0.00000000 1.00000000
				0.41601560 -7.41796900 -1.75000000 / 1.00000000 0.00000000 0.00000000 / 255 0 255 255 / -1.65826400 0.95649720 / 0.00000000 1.00000000 0.00000000 1.00000000
				0.41601560 -7.35498000 0.93994140 / 0.00000000 0.00000000 -1.00000000 / 255 0 255 255 / 0.38125610 2.55609100 / -1.00000000 0.00000000 0.00000000 1.00000000
				0.41601560 -7.35498000 0.93994140 / 0.00000000 0.00000000 -1.00000000 / 255 0 255 255 / 0.38125610 2.55609100 / -1.00000000 0.00000000 0.00000000 1.00000000
				6.35107400 -7.35498000 0.93994140 / 0.00000000 0.00000000 -1.00000000 / 255 0 255 255 / -1.31256100 2.55609100 / -1.00000000 0.00000000 0.00000000 1.00000000
				6.35107400 -7.41796900 0.93994140 / 0.00000000 0.00000000 -1.00000000 / 255 0 255 255 / -1.31256100 2.61526500 / -1.00000000 0.00000000 0.00000000 1.00000000
				6.35107400 -7.41796900 0.93994140 / 0.00000000 0.00000000 -1.00000000 / 255 0 255 255 / -1.31256100 2.61526500 / -1.00000000 0.00000000 0.00000000 1.00000000
				0.41601560 -7.41796900 0.93994140 / 0.00000000 0.00000000 -1.00000000 / 255 0 255 255 / 0.38125610 2.61526500 / -1.00000000 0.00000000 0.00000000 1.00000000
				6.35107400 -7.35498000 0.93994140 / -1.00000000 0.00000000 0.00000000 / 255 0 255 255 / 2.59909100 0.18865970 / 0.00000000 -1.00000000 0.00000000 1.00000000
				6.35107400 -7.35498000 0.93994140 / -1.00000000 0.00000000 0.00000000 / 255 0 255 255 / 2.59909100 0.18865970 / 0.00000000 -1.00000000 0.00000000 1.00000000
				6.35107400 -7.35498000 -1.75000000 / -1.00000000 0.00000000 0.00000000 / 255 0 255 255 / 2.59909100 0.95649720 / 0.00000000 -1.00000000 0.00000000 1.00000000
				6.35107400 -7.41796900 -1.75000000 / -1.00000000 0.00000000 0.00000000 / 255 0 255 255 / 2.65826400 0.95649720 / 0.00000000 -1.00000000 0.00000000 1.00000000
				6.35107400 -7.41796900 -1.75000000 / -1.00000000 0.00000000 0.00000000 / 255 0 255 255 / 2.65826400 0.95649720 / 0.00000000 -1.00000000 0.00000000 1.00000000
				6.35107400 -7.41796900 0.93994140 / -1.00000000 0.00000000 0.00000000 / 255 0 255 255 / 2.65826400 0.18865970 / 0.00000000 -1.00000000 0.00000000 1.00000000
				-7.05224600 -7.35498000 -1.75000000 / 1.00000000 0.00000000 0.00000000 / 255 0 255 255 / -1.59909100 0.95649720 / 0.00000000 1.00000000 0.00000000 1.00000000
				-7.05224600 -7.35498000 -1.75000000 / 1.00000000 0.00000000 0.00000000 / 255 0 255 255 / -1.59909100 0.95649720 / 0.00000000 1.00000000 0.00000000 1.00000000
				-7.05224600 -7.35498000 0.93994140 / 1.00000000 0.00000000 0.00000000 / 255 0 255 255 / -1.59909100 0.18865970 / 0.00000000 1.00000000 0.00000000 1.00000000
				-7.05224600 -7.41796900 0.93994140 / 1.00000000 0.00000000 0.00000000 / 255 0 255 255 / -1.65826400 0.18865970 / 0.00000000 1.00000000 0.00000000 1.00000000
				-7.05224600 -7.41796900 0.93994140 / 1.00000000 0.00000000 0.00000000 / 255 0 255 255 / -1.65826400 0.18865970 / 0.00000000 1.00000000 0.00000000 1.00000000
				-7.05224600 -7.41796900 -1.75000000 / 1.00000000 0.00000000 0.00000000 / 255 0 255 255 / -1.65826400 0.95649720 / 0.00000000 1.00000000 0.00000000 1.00000000
				-7.05224600 -7.35498000 0.93994140 / 0.00000000 0.00000000 -1.00000000 / 255 0 255 255 / 2.51261900 2.55607600 / -1.00000000 -0.00000130 0.00000000 1.00000000
				-7.05224600 -7.35498000 0.93994140 / 0.00000000 0.00000000 -1.00000000 / 255 0 255 255 / 2.51261900 2.55607600 / -1.00000000 -0.00000130 0.00000000 1.00000000
				-1.11718700 -7.35498000 0.93994140 / 0.00000000 0.00000000 -1.00000000 / 255 0 255 255 / 0.81881720 2.55609100 / -1.00000000 -0.00000270 0.00000000 1.00000000
				-1.11718700 -7.41796900 0.93994140 / 0.00000000 0.00000000 -1.00000000 / 255 0 255 255 / 0.81881720 2.61526500 / -1.00000000 -0.00000130 0.00000000 1.00000000
				-1.11718700 -7.41796900 0.93994140 / 0.00000000 0.00000000 -1.00000000 / 255 0 255 255 / 0.81881720 2.61526500 / -1.00000000 -0.00000130 0.00000000 1.00000000
				-7.05224600 -7.41796900 0.93994140 / 0.00000000 0.00000000 -1.00000000 / 255 0 255 255 / 2.51261900 2.61526500 / -1.00000000 0.00000000 0.00000000 1.00000000
				-1.11718700 -7.35498000 0.93994140 / -1.00000000 0.00000000 0.00000000 / 255 0 255 255 / 2.59909100 0.18865970 / 0.00000000 -1.00000000 0.00000000 1.00000000
				-1.11718700 -7.35498000 0.93994140 / -1.00000000 0.00000000 0.00000000 / 255 0 255 255 / 2.59909100 0.18865970 / 0.00000000 -1.00000000 0.00000000 1.00000000
				-1.11718700 -7.35498000 -1.75000000 / -1.00000000 0.00000000 0.00000000 / 255 0 255 255 / 2.59909100 0.95649720 / 0.00000000 -1.00000000 0.00000000 1.00000000
				-1.11718700 -7.41796900 -1.75000000 / -1.00000000 0.00000000 0.00000000 / 255 0 255 255 / 2.65826400 0.95649720 / 0.00000000 -1.00000000 0.00000000 1.00000000
				-1.11718700 -7.41796900 -1.75000000 / -1.00000000 0.00000000 0.00000000 / 255 0 255 255 / 2.65826400 0.95649720 / 0.00000000 -1.00000000 0.00000000 1.00000000
				-1.11718700 -7.41796900 0.93994140 / -1.00000000 0.00000000 0.00000000 / 255 0 255 255 / 2.65826400 0.18865970 / 0.00000000 -1.00000000 0.00000000 1.00000000
				-0.85058590 7.56250000 -1.75000000 / 0.00000000 0.00000000 -1.00000000 / 255 0 255 255 / 0.74272150 -1.70126300 / -1.00000000 0.00000000 0.00000000 1.00000000
				-0.85058590 7.56250000 -1.75000000 / 0.00000000 0.00000000 -1.00000000 / 255 0 255 255 / 0.74272150 -1.70126300 / -1.00000000 0.00000000 0.00000000 1.00000000
				0.14941410 7.56250000 -1.75000000 / 0.00000000 0.00000000 -1.00000000 / 255 0 255 255 / 0.45733640 -1.70126300 / -1.00000000 0.00000000 0.00000000 1.00000000
				0.14941410 7.31250000 -1.75000000 / 0.00000000 0.00000000 -1.00000000 / 255 0 255 255 / 0.45733640 -1.62992900 / -1.00000000 0.00000000 0.00000000 1.00000000
				0.14941410 7.31250000 -1.75000000 / 0.00000000 0.00000000 -1.00000000 / 255 0 255 255 / 0.45733640 -1.62992900 / -1.00000000 0.00000000 0.00000000 1.00000000
				-0.85058590 7.31250000 -1.75000000 / 0.00000000 0.00000000 -1.00000000 / 255 0 255 255 / 0.74272150 -1.62992900 / -1.00000000 0.00000000 0.00000000 1.00000000
				9.00000000 7.56250000 1.44628900 / -1.00000000 0.00000000 0.00000000 / 255 0 255 255 / -1.65826400 -0.12403870 / 0.00000000 -1.00000000 0.00000000 1.00000000
				9.00000000 7.56250000 1.44628900 / -1.00000000 0.00000000 0.00000000 / 255 0 255 255 / -1.65826400 -0.12403870 / 0.00000000 -1.00000000 0.00000000 1.00000000
				9.00000000 0.60351560 1.44628900 / -1.00000000 0.00000000 0.00000000 / 255 0 255 255 / 0.32771300 -0.12403870 / 0.00000000 -1.00000000 0.00000000 1.00000000
				9.00000000 0.60351560 1.75000000 / -1.00000000 0.00000000 0.00000000 / 255 0 255 255 / 0.32771300 -0.18748470 / 0.00000000 -1.00000000 0.00000000 1.00000000
				9.00000000 0.60351560 1.75000000 / -1.00000000 0.00000000 0.00000000 / 255 0 255 255 / 0.32771300 -0.18748470 / 0.00000000 -1.00000000 0.00000000 1.00000000
				9.00000000 7.56250000 1.75000000 / -1.00000000 0.00000000 0.00000000 / 255 0 255 255 / -1.65826400 -0.18748470 / 0.00000000 -1.00000000 0.00000000 1.00000000
				-0.85058590 7.31250000 1.44628900 / 0.00000000 -1.00000000 0.00000000 / 255 0 255 255 / 0.25727840 -0.12403870 / 1.00000000 0.00000000 0.00000000 1.00000000
				-0.85058590 7.31250000 1.44628900 / 0.00000000 -1.00000000 0.00000000 / 255 0 255 255 / 0.25727840 -0.12403870 / 1.00000000 0.00000000 0.00000000 1.00000000
				0.14941410 7.31250000 1.44628900 / 0.00000000 -1.00000000 0.00000000 / 255 0 255 255 / 0.54266360 -0.12403870 / 1.00000000 0.00000000 0.00000000 1.00000000
				0.14941410 7.31250000 1.75000000 / 0.00000000 -1.00000000 0.00000000 / 255 0 255 255 / 0.54266360 -0.18748470 / 1.00000000 0.00000000 0.00000000 1.00000000
				0.14941410 7.31250000 1.75000000 / 0.00000000 -1.00000000 0.00000000 / 255 0 255 255 / 0.54266360 -0.18748470 / 1.00000000 0.00000000 0.00000000 1.00000000
				-0.85058590 7.31250000 1.75000000 / 0.00000000 -1.00000000 0.00000000 / 255 0 255 255 / 0.25727840 -0.18748470 / 1.00000000 0.00000000 0.00000000 1.00000000
				-0.85058590 7.56250000 1.44628900 / -1.00000000 0.00000000 0.00000000 / 255 0 255 255 / -1.65826400 -0.12403870 / 0.00000000 -1.00000000 0.00000000 1.00000000
				-0.85058590 7.56250000 1.44628900 / -1.00000000 0.00000000 0.00000000 / 255 0 255 255 / -1.65826400 -0.12403870 / 0.00000000 -1.00000000 0.00000000 1.00000000
				-0.85058590 7.31250000 1.44628900 / -1.00000000 0.00000000 0.00000000 / 255 0 255 255 / -1.58692900 -0.12403870 / 0.00000000 -1.00000000 0.00000000 1.00000000
				-0.85058590 7.31250000 1.75000000 / -1.00000000 0.00000000 0.00000000 / 255 0 255 255 / -1.58692900 -0.18748470 / 0.00000000 -1.00000000 0.00000000 1.00000000
				-0.85058590 7.31250000 1.75000000 / -1.00000000 0.00000000 0.00000000 / 255 0 255 255 / -1.58692900 -0.18748470 / 0.00000000 -1.00000000 0.00000000 1.00000000
				-0.85058590 7.56250000 1.75000000 / -1.00000000 0.00000000 0.00000000 / 255 0 255 255 / -1.65826400 -0.18748470 / 0.00000000 -1.00000000 0.00000000 1.00000000
				-9.00000000 -7.35498000 1.44628900 / 0.99999980 0.00000000 0.00000000 / 255 0 255 255 / -1.59909100 -0.12403870 / 0.00000000 1.00000000 0.00000000 1.00000000
				-9.00000000 -7.35498000 1.44628900 / 0.99999980 0.00000000 0.00000000 / 255 0 255 255 / -1.59909100 -0.12403870 / 0.00000000 1.00000000 0.00000000 1.00000000
				-9.00000000 -0.39648440 1.44628900 / 1.00000000 0.00000000 0.00000000 / 255 0 255 255 / 0.38690190 -0.12403870 / 0.00000000 1.00000000 0.00000000 1.00000000
				-9.00000000 -0.39648440 1.75000000 / 0.99999980 0.00000000 0.00000000 / 255 0 255 255 / 0.38690190 -0.18748470 / 0.00000000 1.00000000 0.00000000 1.00000000
				-9.00000000 -0.39648440 1.75000000 / 0.99999980 0.00000000 0.00000000 / 255 0 255 255 / 0.38690190 -0.18748470 / 0.00000000 1.00000000 0.00000000 1.00000000
				-9.00000000 -7.35498000 1.75000000 / 1.00000000 0.00000000 0.00000000 / 255 0 255 255 / -1.59909100 -0.18748470 / 0.00000000 1.00000000 0.00000000 1.00000000
				9.00000000 -7.35498000 1.75000000 / -0.99999980 0.00000000 0.00000000 / 255 0 255 255 / 2.59909100 -0.18748470 / 0.00000000 -1.00000000 0.00000000 1.00000000
				9.00000000 -7.35498000 1.75000000 / -0.99999980 0.00000000 0.00000000 / 255 0 255 255 / 2.59909100 -0.18748470 / 0.00000000 -1.00000000 0.00000000 1.00000000
				9.00000000 -0.39648440 1.75000000 / -1.00000000 0.00000000 0.00000000 / 255 0 255 255 / 0.61309810 -0.18748470 / 0.00000000 -1.00000000 0.00000000 1.00000000
				9.00000000 -0.39648440 1.44628900 / -0.99999980 0.00000000 0.00000000 / 255 0 255 255 / 0.61309810 -0.12403870 / 0.00000000 -1.00000000 0.00000000 1.00000000
				9.00000000 -0.39648440 1.44628900 / -0.99999980 0.00000000 0.00000000 / 255 0 255 255 / 0.61309810 -0.12403870 / 0.00000000 -1.00000000 0.00000000 1.00000000
				9.00000000 -7.35498000 1.44628900 / -1.00000000 0.00000000 0.00000000 / 255 0 255 255 / 2.59909100 -0.12403870 / 0.00000000 -1.00000000 0.00000000 1.00000000
				-9.00000000 7.56250000 1.75000000 / 1.00000000 0.00000000 0.00000000 / 255 0 255 255 / 2.65826400 -0.18748470 / 0.00000000 1.00000000 0.00000000 1.00000000
				-9.00000000 7.56250000 1.75000000 / 1.00000000 0.00000000 0.00000000 / 255 0 255 255 / 2.65826400 -0.18748470 / 0.00000000 1.00000000 0.00000000 1.00000000
				-9.00000000 0.60351560 1.75000000 / 1.00000000 0.00000000 0.00000000 / 255 0 255 255 / 0.67228700 -0.18748470 / 0.00000000 1.00000000 0.00000000 1.00000000
				-9.00000000 0.60351560 1.44628900 / 1.00000000 0.00000000 0.00000000 / 255 0 255 255 / 0.67228700 -0.12403870 / 0.00000000 1.00000000 0.00000000 1.00000000
				-9.00000000 0.60351560 1.44628900 / 1.00000000 0.00000000 0.00000000 / 255 0 255 255 / 0.67228700 -0.12403870 / 0.00000000 1.00000000 0.00000000 1.00000000
				-9.00000000 7.56250000 1.44628900 / 1.00000000 0.00000000 0.00000000 / 255 0 255 255 / 2.65826400 -0.12403870 / 0.00000000 1.00000000 0.00000000 1.00000000
				0.14941410 7.56250000 1.75000000 / 1.00000000 0.00000000 0.00000000 / 255 0 255 255 / 2.65826400 -0.18748470 / 0.00000000 1.00000000 0.00000000 1.00000000
				0.14941410 7.56250000 1.75000000 / 1.00000000 0.00000000 0.00000000 / 255 0 255 255 / 2.65826400 -0.18748470 / 0.00000000 1.00000000 0.00000000 1.00000000
				0.14941410 7.31250000 1.75000000 / 1.00000000 0.00000000 0.00000000 / 255 0 255 255 / 2.58692900 -0.18748470 / 0.00000000 1.00000000 0.00000000 1.00000000
				0.14941410 7.31250000 1.44628900 / 1.00000000 0.00000000 0.00000000 / 255 0 255 255 / 2.58692900 -0.12403870 / 0.00000000 1.00000000 0.00000000 1.00000000
				0.14941410 7.31250000 1.44628900 / 1.00000000 0.00000000 0.00000000 / 255 0 255 255 / 2.58692900 -0.12403870 / 0.00000000 1.00000000 0.00000000 1.00000000
			}
		}
		Geometry
		{
			ShaderIndex 3
			Flags -
			VertexDeclaration N209731BE
			Indices 78
			{
				0 1 3 4 2 6 7 10 5 12 11 8 9 15 13
				18 14 16 17 21 19 24 20 22 23 27 25 30 26 28
				29 33 31 34 35 32 36 38 39 42 37 40 41 47 43
				44 48 49 53 45 54 50 55 46 57 56 51 52 62 58
				59 63 64 68 71 60 65 69 61 72 70 66 67 75 73
				74 76 77
			}
			Vertices 78
			{
				9.00000000 -0.39648440 1.75000000 / 0.00000000 0.00000000 -1.00000000 / 255 0 255 255 / 9.00091600 -5.01866100
				9.00000000 -7.35498000 1.75000000 / 0.00000000 0.00000000 -1.00000000 / 255 0 255 255 / 9.00091600 1.00682100
				9.00000000 -7.35498000 1.75000000 / 0.00000000 0.00000000 -1.00000000 / 255 0 255 255 / 9.00091600 1.00682100
				8.75000000 -0.39648440 1.75000000 / 0.00000000 0.00000000 -1.00000000 / 255 0 255 255 / 8.77523800 -5.01866100
				8.75000000 -0.39648440 1.75000000 / 0.00000000 0.00000000 -1.00000000 / 255 0 255 255 / 8.77523800 -5.01866100
				8.75000000 -0.39648440 1.75000000 / 0.00000000 0.00000000 -1.00000000 / 255 0 255 255 / 8.77523800 -5.01866100
				6.35107400 -7.35498000 1.75000000 / 0.00000000 0.00000000 -1.00000000 / 255 0 255 255 / 6.37590000 1.00682100
				6.35107400 -7.35498000 1.75000000 / 0.00000000 0.00000000 -1.00000000 / 255 0 255 255 / 6.37590000 1.00682100
				6.35107400 -7.35498000 1.75000000 / 0.00000000 0.00000000 -1.00000000 / 255 0 255 255 / 6.37590000 1.00682100
				6.35107400 -7.35498000 1.75000000 / 0.00000000 0.00000000 -1.00000000 / 255 0 255 255 / 6.37590000 1.00682100
				6.35107400 -0.39648440 1.75000000 / 0.00000000 0.00000000 -1.00000000 / 255 0 255 255 / 6.37590000 -5.01866100
				6.35107400 -0.39648440 1.75000000 / 0.00000000 0.00000000 -1.00000000 / 255 0 255 255 / 6.37590000 -5.01866100
				0.14941410 -0.39648440 1.75000000 / 0.00000000 0.00000000 -1.00000000 / 255 0 255 255 / 1.00614900 -5.01866100
				0.14941410 -0.39648440 1.75000000 / 0.00000000 0.00000000 -1.00000000 / 255 0 255 255 / 1.00614900 -5.01866100
				0.14941410 -0.39648440 1.75000000 / 0.00000000 0.00000000 -1.00000000 / 255 0 255 255 / 1.00614900 -5.01866100
				0.14941410 -7.35498000 1.75000000 / 0.00000000 0.00000000 -1.00000000 / 255 0 255 255 / 1.00614900 1.00680500
				0.14941410 -7.35498000 1.75000000 / 0.00000000 0.00000000 -1.00000000 / 255 0 255 255 / 1.00614900 1.00680500
				0.14941410 -7.35498000 1.75000000 / 0.00000000 0.00000000 -1.00000000 / 255 0 255 255 / 1.00614900 1.00680500
				-0.85058590 -0.39648440 1.75000000 / 0.00000000 0.00000000 -1.00000000 / 255 0 255 255 / 0.14030460 -5.01866100
				-0.85058590 -0.39648440 1.75000000 / 0.00000000 0.00000000 -1.00000000 / 255 0 255 255 / 0.14030460 -5.01866100
				-0.85058590 -0.39648440 1.75000000 / 0.00000000 0.00000000 -1.00000000 / 255 0 255 255 / 0.14030460 -5.01866100
				-0.85058590 -7.35498000 1.75000000 / 0.00000000 0.00000000 -1.00000000 / 255 0 255 255 / 0.14030460 1.00680500
				-0.85058590 -7.35498000 1.75000000 / 0.00000000 0.00000000 -1.00000000 / 255 0 255 255 / 0.14030460 1.00680500
				-0.85058590 -7.35498000 1.75000000 / 0.00000000 0.00000000 -1.00000000 / 255 0 255 255 / 0.14030460 1.00680500
				-7.05224600 -0.39648440 1.75000000 / 0.00000000 0.00000000 -1.00000000 / 255 0 255 255 / -5.22944600 -5.01866100
				-7.05224600 -0.39648440 1.75000000 / 0.00000000 0.00000000 -1.00000000 / 255 0 255 255 / -5.22944600 -5.01866100
				-7.05224600 -0.39648440 1.75000000 / 0.00000000 0.00000000 -1.00000000 / 255 0 255 255 / -5.22944600 -5.01866100
				-7.05224600 -7.35498000 1.75000000 / 0.00000000 0.00000000 -1.00000000 / 255 0 255 255 / -5.22944600 1.00680500
				-7.05224600 -7.35498000 1.75000000 / 0.00000000 0.00000000 -1.00000000 / 255 0 255 255 / -5.22944600 1.00680500
				-7.05224600 -7.35498000 1.75000000 / 0.00000000 0.00000000 -1.00000000 / 255 0 255 255 / -5.22944600 1.00680500
				-8.75000000 -0.39648440 1.75000000 / 0.00000000 0.00000000 -1.00000000 / 255 0 255 255 / -7.02180500 -5.01867700
				-8.75000000 -0.39648440 1.75000000 / 0.00000000 0.00000000 -1.00000000 / 255 0 255 255 / -7.02180500 -5.01867700
				-8.75000000 -0.39648440 1.75000000 / 0.00000000 0.00000000 -1.00000000 / 255 0 255 255 / -7.02180500 -5.01867700
				-9.00000000 -7.35498000 1.75000000 / 0.00000000 0.00000000 -0.99999980 / 255 0 255 255 / -7.24746700 1.00680500
				-9.00000000 -7.35498000 1.75000000 / 0.00000000 0.00000000 -0.99999980 / 255 0 255 255 / -7.24746700 1.00680500
				-9.00000000 -0.39648440 1.75000000 / 0.00000000 0.00000000 -1.00000000 / 255 0 255 255 / -7.24746700 -5.01867700
				9.00000000 7.56250000 1.75000000 / 0.00000000 0.00000000 -1.00000000 / 255 0 255 255 / 9.00091600 -12.02293000
				9.00000000 7.56250000 1.75000000 / 0.00000000 0.00000000 -1.00000000 / 255 0 255 255 / 9.00091600 -12.02293000
				9.00000000 0.60351560 1.75000000 / 0.00000000 0.00000000 -1.00000000 / 255 0 255 255 / 9.00091600 -5.99745200
				8.75000000 0.60351560 1.75000000 / 0.00000000 0.00000000 -1.00000000 / 255 0 255 255 / 8.77525300 -5.99745200
				8.75000000 0.60351560 1.75000000 / 0.00000000 0.00000000 -1.00000000 / 255 0 255 255 / 8.77525300 -5.99745200
				8.75000000 0.60351560 1.75000000 / 0.00000000 0.00000000 -1.00000000 / 255 0 255 255 / 8.77525300 -5.99745200
				6.35107400 7.56250000 1.75000000 / 0.00000000 0.00000000 -1.00000000 / 255 0 255 255 / 6.37590000 -12.02293000
				6.35107400 7.56250000 1.75000000 / 0.00000000 0.00000000 -1.00000000 / 255 0 255 255 / 6.37590000 -12.02293000
				6.35107400 7.56250000 1.75000000 / 0.00000000 0.00000000 -1.00000000 / 255 0 255 255 / 6.37590000 -12.02293000
				6.35107400 7.56250000 1.75000000 / 0.00000000 0.00000000 -1.00000000 / 255 0 255 255 / 6.37590000 -12.02293000
				6.35107400 7.56250000 1.75000000 / 0.00000000 0.00000000 -1.00000000 / 255 0 255 255 / 6.37590000 -12.02293000
				6.35107400 0.60351560 1.75000000 / 0.00000000 0.00000000 -1.00000000 / 255 0 255 255 / 6.37590000 -5.99745200
				6.35107400 0.60351560 1.75000000 / 0.00000000 0.00000000 -1.00000000 / 255 0 255 255 / 6.37590000 -5.99745200
				0.14941410 0.60351560 1.75000000 / 0.00000000 0.00000000 -1.00000000 / 255 0 255 255 / 1.00614900 -5.99746700
				0.14941410 0.60351560 1.75000000 / 0.00000000 0.00000000 -1.00000000 / 255 0 255 255 / 1.00614900 -5.99746700
				0.14941410 0.60351560 1.75000000 / 0.00000000 0.00000000 -1.00000000 / 255 0 255 255 / 1.00614900 -5.99746700
				0.14941410 0.60351560 1.75000000 / 0.00000000 0.00000000 -1.00000000 / 255 0 255 255 / 1.00614900 -5.99746700
				0.14941410 7.56250000 1.75000000 / 0.00000000 0.00000000 -1.00000000 / 255 0 255 255 / 1.00614900 -12.02293000
				0.14941410 7.31250000 1.75000000 / 0.00000000 0.00000000 -1.00000000 / 255 0 255 255 / 1.00614900 -11.80647000
				0.14941410 7.31250000 1.75000000 / 0.00000000 0.00000000 -1.00000000 / 255 0 255 255 / 1.00614900 -11.80647000
				0.14941410 7.31250000 1.75000000 / 0.00000000 0.00000000 -1.00000000 / 255 0 255 255 / 1.00614900 -11.80647000
				-0.85058590 7.31250000 1.75000000 / 0.00000000 0.00000000 -1.00000000 / 255 0 255 255 / 0.14030460 -11.80647000
				-0.85058590 7.31250000 1.75000000 / 0.00000000 0.00000000 -1.00000000 / 255 0 255 255 / 0.14030460 -11.80647000
				-0.85058590 7.31250000 1.75000000 / 0.00000000 0.00000000 -1.00000000 / 255 0 255 255 / 0.14030460 -11.80647000
				-0.85058590 7.31250000 1.75000000 / 0.00000000 0.00000000 -1.00000000 / 255 0 255 255 / 0.14030460 -11.80647000
				-0.85058590 7.31250000 1.75000000 / 0.00000000 0.00000000 -1.00000000 / 255 0 255 255 / 0.14030460 -11.80647000
				-0.85058590 0.60351560 1.75000000 / 0.00000000 0.00000000 -1.00000000 / 255 0 255 255 / 0.14030460 -5.99746700
				-0.85058590 0.60351560 1.75000000 / 0.00000000 0.00000000 -1.00000000 / 255 0 255 255 / 0.14030460 -5.99746700
				-7.05224600 0.60351560 1.75000000 / 0.00000000 0.00000000 -0.99999980 / 255 0 255 255 / -5.22944600 -5.99746700
				-7.05224600 0.60351560 1.75000000 / 0.00000000 0.00000000 -0.99999980 / 255 0 255 255 / -5.22944600 -5.99746700
				-7.05224600 0.60351560 1.75000000 / 0.00000000 0.00000000 -0.99999980 / 255 0 255 255 / -5.22944600 -5.99746700
				-7.05224600 0.60351560 1.75000000 / 0.00000000 0.00000000 -0.99999980 / 255 0 255 255 / -5.22944600 -5.99746700
				-7.05224600 7.56250000 1.75000000 / 0.00000000 0.00000000 -1.00000000 / 255 0 255 255 / -5.22944600 -12.02293000
				-7.05224600 7.56250000 1.75000000 / 0.00000000 0.00000000 -1.00000000 / 255 0 255 255 / -5.22944600 -12.02293000
				-7.05224600 7.56250000 1.75000000 / 0.00000000 0.00000000 -1.00000000 / 255 0 255 255 / -5.22944600 -12.02293000
				-0.85058590 7.56250000 1.75000000 / 0.00000000 0.00000000 -1.00000000 / 255 0 255 255 / 0.14030460 -12.02293000
				-9.00000000 7.56250000 1.75000000 / 0.00000000 0.00000000 -1.00000000 / 255 0 255 255 / -7.24746700 -12.02295000
				-9.00000000 7.56250000 1.75000000 / 0.00000000 0.00000000 -1.00000000 / 255 0 255 255 / -7.24746700 -12.02295000
				-9.00000000 7.56250000 1.75000000 / 0.00000000 0.00000000 -1.00000000 / 255 0 255 255 / -7.24746700 -12.02295000
				-8.75000000 0.60351560 1.75000000 / 0.00000000 0.00000000 -1.00000000 / 255 0 255 255 / -7.02179000 -5.99746700
				-8.75000000 0.60351560 1.75000000 / 0.00000000 0.00000000 -1.00000000 / 255 0 255 255 / -7.02179000 -5.99746700
				-9.00000000 0.60351560 1.75000000 / 0.00000000 0.00000000 -1.00000000 / 255 0 255 255 / -7.24746700 -5.99746700
			}
		}
		Geometry
		{
			ShaderIndex 4
			Flags -
			VertexDeclaration N209731BE
			Indices 90
			{
				0 2 3 4 6 1 7 5 9 10 13 8 15 14 11
				12 19 16 17 20 21 22 24 18 25 23 27 28 29 26
				30 33 34 35 36 31 39 32 37 38 42 40 45 41 43
				44 48 46 51 47 49 50 54 52 57 53 55 56 59 58
				60 63 64 65 66 61 69 62 67 68 72 70 75 71 73
				74 78 76 81 77 79 80 84 82 87 83 85 86 89 88
			}
			Vertices 90
			{
				-8.75000000 -0.39648440 1.65234400 / 0.00000000 0.00000000 -1.00000000 / 255 0 255 255 / -9.11636400 0.94284060
				-8.75000000 -0.39648440 1.65234400 / 0.00000000 0.00000000 -1.00000000 / 255 0 255 255 / -9.11636400 0.94284060
				-8.75000000 0.60351560 1.65234400 / 0.00000000 0.00000000 -1.00000000 / 255 0 255 255 / -9.11636400 0.25483700
				-7.05224600 0.60351560 1.65234400 / 0.00000000 0.00000000 -1.00000000 / 255 0 255 255 / -7.94831900 0.25483700
				-7.05224600 0.60351560 1.65234400 / 0.00000000 0.00000000 -1.00000000 / 255 0 255 255 / -7.94831900 0.25483700
				-7.05224600 0.60351560 1.65234400 / 0.00000000 0.00000000 -1.00000000 / 255 0 255 255 / -7.94831900 0.25483700
				-7.05224600 -0.39648440 1.65234400 / 0.00000000 0.00000000 -1.00000000 / 255 0 255 255 / -7.94831900 0.94284060
				-7.05224600 -0.39648440 1.65234400 / 0.00000000 0.00000000 -1.00000000 / 255 0 255 255 / -7.94831900 0.94284060
				-7.05224600 -0.39648440 1.65234400 / 0.00000000 0.00000000 -1.00000000 / 255 0 255 255 / -7.94831900 0.94284060
				-0.85058590 0.60351560 1.65234400 / 0.00000000 0.00000000 -1.00000000 / 255 0 255 255 / -3.68161000 0.25483700
				-0.85058590 0.60351560 1.65234400 / 0.00000000 0.00000000 -1.00000000 / 255 0 255 255 / -3.68161000 0.25483700
				-0.85058590 0.60351560 1.65234400 / 0.00000000 0.00000000 -1.00000000 / 255 0 255 255 / -3.68161000 0.25483700
				-0.85058590 0.60351560 1.65234400 / 0.00000000 0.00000000 -1.00000000 / 255 0 255 255 / -3.68161000 0.25483700
				-0.85058590 -0.39648440 1.65234400 / 0.00000000 0.00000000 -1.00000000 / 255 0 255 255 / -3.68161000 0.94284060
				-0.85058590 -0.39648440 1.65234400 / 0.00000000 0.00000000 -1.00000000 / 255 0 255 255 / -3.68161000 0.94284060
				0.14941410 -0.39648440 1.65234400 / 0.00000000 0.00000000 -1.00000000 / 255 0 255 255 / -2.99362200 0.94284060
				0.14941410 -0.39648440 1.65234400 / 0.00000000 0.00000000 -1.00000000 / 255 0 255 255 / -2.99362200 0.94284060
				0.14941410 -0.39648440 1.65234400 / 0.00000000 0.00000000 -1.00000000 / 255 0 255 255 / -2.99362200 0.94284060
				0.14941410 -0.39648440 1.65234400 / 0.00000000 0.00000000 -1.00000000 / 255 0 255 255 / -2.99362200 0.94284060
				0.14941410 0.60351560 1.65234400 / 0.00000000 0.00000000 -1.00000000 / 255 0 255 255 / -2.99362200 0.25483700
				0.14941410 0.60351560 1.65234400 / 0.00000000 0.00000000 -1.00000000 / 255 0 255 255 / -2.99362200 0.25483700
				6.35107400 0.60351560 1.65234400 / 0.00000000 0.00000000 -1.00000000 / 255 0 255 255 / 1.27308700 0.25483700
				6.35107400 0.60351560 1.65234400 / 0.00000000 0.00000000 -1.00000000 / 255 0 255 255 / 1.27308700 0.25483700
				6.35107400 0.60351560 1.65234400 / 0.00000000 0.00000000 -1.00000000 / 255 0 255 255 / 1.27308700 0.25483700
				6.35107400 -0.39648440 1.65234400 / 0.00000000 0.00000000 -1.00000000 / 255 0 255 255 / 1.27308700 0.94284060
				6.35107400 -0.39648440 1.65234400 / 0.00000000 0.00000000 -1.00000000 / 255 0 255 255 / 1.27308700 0.94284060
				6.35107400 -0.39648440 1.65234400 / 0.00000000 0.00000000 -1.00000000 / 255 0 255 255 / 1.27308700 0.94284060
				8.75000000 0.60351560 1.65234400 / 0.00000000 0.00000000 -1.00000000 / 255 0 255 255 / 2.92344700 0.25483700
				8.75000000 0.60351560 1.65234400 / 0.00000000 0.00000000 -1.00000000 / 255 0 255 255 / 2.92344700 0.25483700
				8.75000000 -0.39648440 1.65234400 / 0.00000000 0.00000000 -1.00000000 / 255 0 255 255 / 2.92344700 0.94284060
				6.35107400 0.60351560 1.75000000 / 0.00000000 1.00000000 0.00000000 / 255 0 255 255 / 1.27308700 0.32208250
				6.35107400 0.60351560 1.75000000 / 0.00000000 1.00000000 0.00000000 / 255 0 255 255 / 1.27308700 0.32208250
				6.35107400 0.60351560 1.75000000 / 0.00000000 1.00000000 0.00000000 / 255 0 255 255 / 1.27308700 0.32208250
				8.75000000 0.60351560 1.75000000 / 0.00000000 1.00000000 0.00000000 / 255 0 255 255 / 2.92344700 0.32208250
				8.75000000 0.60351560 1.65234400 / 0.00000000 0.99999980 0.00000000 / 255 0 255 255 / 2.92344700 0.25483700
				8.75000000 0.60351560 1.65234400 / 0.00000000 0.99999980 0.00000000 / 255 0 255 255 / 2.92344700 0.25483700
				6.35107400 0.60351560 1.65234400 / 0.00000000 1.00000000 0.00000000 / 255 0 255 255 / 1.27308700 0.25483700
				6.35107400 0.60351560 1.65234400 / 0.00000000 1.00000000 0.00000000 / 255 0 255 255 / 1.27308700 0.25483700
				6.35107400 0.60351560 1.65234400 / 0.00000000 1.00000000 0.00000000 / 255 0 255 255 / 1.27308700 0.25483700
				0.14941410 0.60351560 1.75000000 / 0.00000000 1.00000000 0.00000000 / 255 0 255 255 / -2.99362200 0.32208250
				0.14941410 0.60351560 1.75000000 / 0.00000000 1.00000000 0.00000000 / 255 0 255 255 / -2.99362200 0.32208250
				0.14941410 0.60351560 1.75000000 / 0.00000000 1.00000000 0.00000000 / 255 0 255 255 / -2.99362200 0.32208250
				0.14941410 0.60351560 1.65234400 / 0.00000000 1.00000000 0.00000000 / 255 0 255 255 / -2.99362200 0.25483700
				0.14941410 0.60351560 1.65234400 / 0.00000000 1.00000000 0.00000000 / 255 0 255 255 / -2.99362200 0.25483700
				0.14941410 0.60351560 1.65234400 / 0.00000000 1.00000000 0.00000000 / 255 0 255 255 / -2.99362200 0.25483700
				-0.85058590 0.60351560 1.75000000 / 0.00000000 1.00000000 0.00000000 / 255 0 255 255 / -3.68161000 0.32208250
				-0.85058590 0.60351560 1.75000000 / 0.00000000 1.00000000 0.00000000 / 255 0 255 255 / -3.68161000 0.32208250
				-0.85058590 0.60351560 1.75000000 / 0.00000000 1.00000000 0.00000000 / 255 0 255 255 / -3.68161000 0.32208250
				-0.85058590 0.60351560 1.65234400 / 0.00000000 1.00000000 0.00000000 / 255 0 255 255 / -3.68161000 0.25483700
				-0.85058590 0.60351560 1.65234400 / 0.00000000 1.00000000 0.00000000 / 255 0 255 255 / -3.68161000 0.25483700
				-0.85058590 0.60351560 1.65234400 / 0.00000000 1.00000000 0.00000000 / 255 0 255 255 / -3.68161000 0.25483700
				-7.05224600 0.60351560 1.75000000 / 0.00000000 1.00000000 0.00000000 / 255 0 255 255 / -7.94831900 0.32208250
				-7.05224600 0.60351560 1.75000000 / 0.00000000 1.00000000 0.00000000 / 255 0 255 255 / -7.94831900 0.32208250
				-7.05224600 0.60351560 1.75000000 / 0.00000000 1.00000000 0.00000000 / 255 0 255 255 / -7.94831900 0.32208250
				-7.05224600 0.60351560 1.65234400 / 0.00000000 1.00000000 0.00000000 / 255 0 255 255 / -7.94831900 0.25483700
				-7.05224600 0.60351560 1.65234400 / 0.00000000 1.00000000 0.00000000 / 255 0 255 255 / -7.94831900 0.25483700
				-7.05224600 0.60351560 1.65234400 / 0.00000000 1.00000000 0.00000000 / 255 0 255 255 / -7.94831900 0.25483700
				-8.75000000 0.60351560 1.75000000 / 0.00000000 0.99999980 0.00000000 / 255 0 255 255 / -9.11636400 0.32208250
				-8.75000000 0.60351560 1.75000000 / 0.00000000 0.99999980 0.00000000 / 255 0 255 255 / -9.11636400 0.32208250
				-8.75000000 0.60351560 1.65234400 / 0.00000000 1.00000000 0.00000000 / 255 0 255 255 / -9.11636400 0.25483700
				6.35107400 -0.39648440 1.65234400 / 0.00000000 -1.00000000 0.00000000 / 255 0 255 255 / 1.27308700 0.94284060
				6.35107400 -0.39648440 1.65234400 / 0.00000000 -1.00000000 0.00000000 / 255 0 255 255 / 1.27308700 0.94284060
				6.35107400 -0.39648440 1.65234400 / 0.00000000 -1.00000000 0.00000000 / 255 0 255 255 / 1.27308700 0.94284060
				8.75000000 -0.39648440 1.65234400 / 0.00000000 -1.00000000 0.00000000 / 255 0 255 255 / 2.92344700 0.94284060
				8.75000000 -0.39648440 1.75000000 / 0.00000000 -0.99999980 0.00000000 / 255 0 255 255 / 2.92344700 0.87559510
				8.75000000 -0.39648440 1.75000000 / 0.00000000 -0.99999980 0.00000000 / 255 0 255 255 / 2.92344700 0.87559510
				6.35107400 -0.39648440 1.75000000 / 0.00000000 -1.00000000 0.00000000 / 255 0 255 255 / 1.27308700 0.87559510
				6.35107400 -0.39648440 1.75000000 / 0.00000000 -1.00000000 0.00000000 / 255 0 255 255 / 1.27308700 0.87559510
				6.35107400 -0.39648440 1.75000000 / 0.00000000 -1.00000000 0.00000000 / 255 0 255 255 / 1.27308700 0.87559510
				0.14941410 -0.39648440 1.65234400 / 0.00000000 -1.00000000 0.00000000 / 255 0 255 255 / -2.99362200 0.94284060
				0.14941410 -0.39648440 1.65234400 / 0.00000000 -1.00000000 0.00000000 / 255 0 255 255 / -2.99362200 0.94284060
				0.14941410 -0.39648440 1.65234400 / 0.00000000 -1.00000000 0.00000000 / 255 0 255 255 / -2.99362200 0.94284060
				0.14941410 -0.39648440 1.75000000 / 0.00000000 -1.00000000 0.00000000 / 255 0 255 255 / -2.99362200 0.87559510
				0.14941410 -0.39648440 1.75000000 / 0.00000000 -1.00000000 0.00000000 / 255 0 255 255 / -2.99362200 0.87559510
				0.14941410 -0.39648440 1.75000000 / 0.00000000 -1.00000000 0.00000000 / 255 0 255 255 / -2.99362200 0.87559510
				-0.85058590 -0.39648440 1.65234400 / 0.00000000 -1.00000000 0.00000000 / 255 0 255 255 / -3.68161000 0.94284060
				-0.85058590 -0.39648440 1.65234400 / 0.00000000 -1.00000000 0.00000000 / 255 0 255 255 / -3.68161000 0.94284060
				-0.85058590 -0.39648440 1.65234400 / 0.00000000 -1.00000000 0.00000000 / 255 0 255 255 / -3.68161000 0.94284060
				-0.85058590 -0.39648440 1.75000000 / 0.00000000 -1.00000000 0.00000000 / 255 0 255 255 / -3.68161000 0.87559510
				-0.85058590 -0.39648440 1.75000000 / 0.00000000 -1.00000000 0.00000000 / 255 0 255 255 / -3.68161000 0.87559510
				-0.85058590 -0.39648440 1.75000000 / 0.00000000 -1.00000000 0.00000000 / 255 0 255 255 / -3.68161000 0.87559510
				-7.05224600 -0.39648440 1.65234400 / 0.00000000 -1.00000000 0.00000000 / 255 0 255 255 / -7.94831900 0.94284060
				-7.05224600 -0.39648440 1.65234400 / 0.00000000 -1.00000000 0.00000000 / 255 0 255 255 / -7.94831900 0.94284060
				-7.05224600 -0.39648440 1.65234400 / 0.00000000 -1.00000000 0.00000000 / 255 0 255 255 / -7.94831900 0.94284060
				-7.05224600 -0.39648440 1.75000000 / 0.00000000 -1.00000000 0.00000000 / 255 0 255 255 / -7.94831900 0.87559510
				-7.05224600 -0.39648440 1.75000000 / 0.00000000 -1.00000000 0.00000000 / 255 0 255 255 / -7.94831900 0.87559510
				-7.05224600 -0.39648440 1.75000000 / 0.00000000 -1.00000000 0.00000000 / 255 0 255 255 / -7.94831900 0.87559510
				-8.75000000 -0.39648440 1.65234400 / 0.00000000 -0.99999980 0.00000000 / 255 0 255 255 / -9.11636400 0.94284060
				-8.75000000 -0.39648440 1.65234400 / 0.00000000 -0.99999980 0.00000000 / 255 0 255 255 / -9.11636400 0.94284060
				-8.75000000 -0.39648440 1.75000000 / 0.00000000 -1.00000000 0.00000000 / 255 0 255 255 / -9.11636400 0.87559510
			}
		}
		Geometry
		{
			ShaderIndex 5
			Flags -
			VertexDeclaration N209731BE
			Indices 312
			{
				0 2 3 4 5 1 6 8 9 10 11 7 12 14 15
				16 17 13 18 20 21 22 23 19 24 26 27 28 29 25
				30 32 33 34 35 31 36 38 39 40 41 37 42 44 45
				46 47 43 48 50 51 52 53 49 54 56 57 58 59 55
				60 62 63 64 65 61 66 68 69 70 71 67 72 74 75
				76 77 73 78 80 81 82 83 79 84 86 87 88 89 85
				90 92 93 94 95 91 96 98 99 100 101 97 102 104 105
				106 107 103 108 110 111 112 113 109 114 116 117 118 119 115
				120 122 123 124 125 121 126 128 129 130 131 127 132 134 135
				136 137 133 138 140 141 142 143 139 144 146 147 148 149 145
				150 152 153 154 155 151 156 158 159 160 161 157 162 164 165
				166 167 163 168 170 171 172 173 169 174 176 177 178 179 175
				180 182 183 184 185 181 186 188 189 190 191 187 192 194 195
				196 197 193 198 200 201 202 203 199 204 206 207 208 209 205
				210 212 213 214 215 211 216 218 219 220 221 217 222 224 225
				226 227 223 228 230 231 232 233 229 234 236 237 238 239 235
				241 242 244 243 245 240 246 248 249 250 251 247 252 254 255
				256 257 253 258 260 261 262 263 259 264 266 267 268 269 265
				270 272 273 274 275 271 276 278 279 280 282 277 283 281 285
				286 287 284 288 292 293 294 295 289 290 296 297 298 299 291
				300 304 305 306 307 301 302 308 309 310 311 303
			}
			Vertices 312
			{
				13.97315000 0.98193360 0.54980470 / 0.00000000 0.00000000 -1.00000000 / 255 0 255 255 / 1.87204000 -0.57130430
				13.97315000 0.98193360 0.54980470 / 0.00000000 0.00000000 -1.00000000 / 255 0 255 255 / 1.87204000 -0.57130430
				13.97315000 2.28173800 0.54980470 / 0.00000000 0.00000000 -1.00000000 / 255 0 255 255 / 1.87204000 1.57130400
				14.22705000 2.28173800 0.54980470 / 0.00000000 0.00000000 -1.00000000 / 255 0 255 255 / 4.07894900 1.57038900
				14.22705000 2.28173800 0.54980470 / 0.00000000 0.00000000 -1.00000000 / 255 0 255 255 / 4.07894900 1.57038900
				14.22705000 0.98193360 0.54980470 / 0.00000000 0.00000000 -1.00000000 / 255 0 255 255 / 4.07894900 -0.57130430
				13.97315000 2.28173800 0.54980470 / 0.00000000 -0.99999980 0.00000000 / 255 0 255 255 / 1.87204000 -0.57130430
				13.97315000 2.28173800 0.54980470 / 0.00000000 -0.99999980 0.00000000 / 255 0 255 255 / 1.87204000 -0.57130430
				13.97315000 2.28173800 -1.75000000 / 0.00000000 -1.00000000 0.00000000 / 255 0 255 255 / 1.87204000 1.57130400
				14.22705000 2.28173800 -1.75000000 / 0.00000000 -0.99999980 0.00000000 / 255 0 255 255 / 4.07894900 1.57038900
				14.22705000 2.28173800 -1.75000000 / 0.00000000 -0.99999980 0.00000000 / 255 0 255 255 / 4.07894900 1.57038900
				14.22705000 2.28173800 0.54980470 / 0.00000000 -1.00000000 0.00000000 / 255 0 255 255 / 4.07894900 -0.57130430
				13.97315000 0.98193360 -1.75000000 / 0.00000000 0.99999980 0.00000000 / 255 0 255 255 / 1.87204000 -0.57130430
				13.97315000 0.98193360 -1.75000000 / 0.00000000 0.99999980 0.00000000 / 255 0 255 255 / 1.87204000 -0.57130430
				13.97315000 0.98193360 0.54980470 / 0.00000000 1.00000000 0.00000000 / 255 0 255 255 / 1.87204000 1.57130400
				14.22705000 0.98193360 0.54980470 / 0.00000000 0.99999980 0.00000000 / 255 0 255 255 / 4.07894900 1.57038900
				14.22705000 0.98193360 0.54980470 / 0.00000000 0.99999980 0.00000000 / 255 0 255 255 / 4.07894900 1.57038900
				14.22705000 0.98193360 -1.75000000 / 0.00000000 1.00000000 0.00000000 / 255 0 255 255 / 4.07894900 -0.57130430
				8.98388700 0.98193360 0.54980470 / -1.00000000 0.00000000 0.00000000 / 255 0 255 255 / 0.51269530 -0.57130430
				8.98388700 0.98193360 0.54980470 / -1.00000000 0.00000000 0.00000000 / 255 0 255 255 / 0.51269530 -0.57130430
				8.98388700 0.98193360 -1.75000000 / -1.00000000 0.00000000 0.00000000 / 255 0 255 255 / 0.51264950 1.57130400
				8.98388700 0.93066410 -1.75000000 / -0.99999980 0.00000000 0.00000000 / 255 0 255 255 / 0.71311950 1.57130400
				8.98388700 0.93066410 -1.75000000 / -0.99999980 0.00000000 0.00000000 / 255 0 255 255 / 0.71311950 1.57130400
				8.98388700 0.93066410 0.60107420 / -1.00000000 0.00000000 0.00000000 / 255 0 255 255 / 0.71307370 -0.61897280
				8.98388700 0.98193360 0.54980470 / -1.00000000 0.00000000 0.00000000 / 255 0 255 255 / 0.51264950 1.57130400
				8.98388700 0.98193360 0.54980470 / -1.00000000 0.00000000 0.00000000 / 255 0 255 255 / 0.51264950 1.57130400
				8.98388700 0.93066410 0.60107420 / -1.00000000 0.00000000 0.00000000 / 255 0 255 255 / 0.71310430 1.65570100
				8.98388700 2.33300800 0.60107420 / -1.00000000 0.00000000 0.00000000 / 255 0 255 255 / 0.71307370 -0.65567030
				8.98388700 2.33300800 0.60107420 / -1.00000000 0.00000000 0.00000000 / 255 0 255 255 / 0.71307370 -0.65567030
				8.98388700 2.28173800 0.54980470 / -1.00000000 0.00000000 0.00000000 / 255 0 255 255 / 0.51269530 -0.57130430
				9.00000000 2.34912100 -1.75000000 / -0.70710160 0.70711200 0.00000000 / 255 0 255 255 / 0.51263430 1.57130400
				9.00000000 2.34912100 -1.75000000 / -0.70710160 0.70711200 0.00000000 / 255 0 255 255 / 0.51263430 1.57130400
				8.98388700 2.33300800 -1.75000000 / -0.70710160 0.70711200 0.00000000 / 255 0 255 255 / 0.57595820 1.57130400
				8.98388700 2.33300800 0.60107420 / -0.70710150 0.70711200 0.00000000 / 255 0 255 255 / 0.57597350 -0.61897280
				8.98388700 2.33300800 0.60107420 / -0.70710150 0.70711200 0.00000000 / 255 0 255 255 / 0.57597350 -0.61897280
				9.00000000 2.34912100 0.61718750 / -0.70710150 0.70711200 0.00000000 / 255 0 255 255 / 0.51269530 -0.63403320
				9.00000000 0.91455080 -1.75000000 / -0.70710810 -0.70710550 0.00000000 / 255 0 255 255 / 0.77642820 1.57130400
				9.00000000 0.91455080 -1.75000000 / -0.70710810 -0.70710550 0.00000000 / 255 0 255 255 / 0.77642820 1.57130400
				9.00000000 0.91455080 0.61718750 / -0.70710810 -0.70710550 0.00000000 / 255 0 255 255 / 0.77633660 -0.63403320
				8.98388700 0.93066410 0.60107420 / -0.70710810 -0.70710550 0.00000000 / 255 0 255 255 / 0.71307370 -0.61897280
				8.98388700 0.93066410 0.60107420 / -0.70710810 -0.70710550 0.00000000 / 255 0 255 255 / 0.71307370 -0.61897280
				8.98388700 0.93066410 -1.75000000 / -0.70710810 -0.70710550 0.00000000 / 255 0 255 255 / 0.71311950 1.57130400
				9.00000000 0.91455080 0.61718750 / -0.70710690 0.00000000 0.70710690 / 255 0 255 255 / 0.77642820 1.68235800
				9.00000000 0.91455080 0.61718750 / -0.70710690 0.00000000 0.70710690 / 255 0 255 255 / 0.77642820 1.68235800
				9.00000000 2.34912100 0.61718750 / -0.70710690 0.00000000 0.70710690 / 255 0 255 255 / 0.77635190 -0.68232730
				8.98388700 2.33300800 0.60107420 / -0.70710690 0.00000000 0.70710690 / 255 0 255 255 / 0.71307370 -0.65567030
				8.98388700 2.33300800 0.60107420 / -0.70710690 0.00000000 0.70710690 / 255 0 255 255 / 0.71307370 -0.65567030
				8.98388700 0.93066410 0.60107420 / -0.70710690 0.00000000 0.70710690 / 255 0 255 255 / 0.71310430 1.65570100
				8.98388700 2.33300800 -1.75000000 / -1.00000000 0.00000000 0.00000000 / 255 0 255 255 / 0.57595820 1.57130400
				8.98388700 2.33300800 -1.75000000 / -1.00000000 0.00000000 0.00000000 / 255 0 255 255 / 0.57595820 1.57130400
				8.98388700 2.28173800 -1.75000000 / -1.00000000 0.00000000 0.00000000 / 255 0 255 255 / 0.77641300 1.57130400
				8.98388700 2.28173800 0.54980470 / -1.00000000 0.00000000 0.00000000 / 255 0 255 255 / 0.77633660 -0.57130430
				8.98388700 2.28173800 0.54980470 / -1.00000000 0.00000000 0.00000000 / 255 0 255 255 / 0.77633660 -0.57130430
				8.98388700 2.33300800 0.60107420 / -1.00000000 0.00000000 0.00000000 / 255 0 255 255 / 0.57597350 -0.61897280
				8.98388700 0.98193360 -1.75000000 / 0.00000000 1.00000000 0.00000000 / 255 0 255 255 / 0.51269530 -0.57130430
				8.98388700 0.98193360 -1.75000000 / 0.00000000 1.00000000 0.00000000 / 255 0 255 255 / 0.51269530 -0.57130430
				8.98388700 0.98193360 0.54980470 / 0.00000000 1.00000000 0.00000000 / 255 0 255 255 / 0.51264950 1.57130400
				9.00000000 0.98193360 0.54980470 / 0.00000000 1.00000000 0.00000000 / 255 0 255 255 / 0.77641300 1.57130400
				9.00000000 0.98193360 0.54980470 / 0.00000000 1.00000000 0.00000000 / 255 0 255 255 / 0.77641300 1.57130400
				9.00000000 0.98193360 -1.75000000 / 0.00000000 1.00000000 0.00000000 / 255 0 255 255 / 0.77633660 -0.57130430
				8.98388700 0.98193360 0.54980470 / 0.00000000 0.00000000 -1.00000000 / 255 0 255 255 / 0.51269530 -0.57130430
				8.98388700 0.98193360 0.54980470 / 0.00000000 0.00000000 -1.00000000 / 255 0 255 255 / 0.51269530 -0.57130430
				8.98388700 2.28173800 0.54980470 / 0.00000000 0.00000000 -1.00000000 / 255 0 255 255 / 0.51264950 1.57130400
				9.00000000 2.28173800 0.54980470 / 0.00000000 0.00000000 -1.00000000 / 255 0 255 255 / 0.77641300 1.57130400
				9.00000000 2.28173800 0.54980470 / 0.00000000 0.00000000 -1.00000000 / 255 0 255 255 / 0.77641300 1.57130400
				9.00000000 0.98193360 0.54980470 / 0.00000000 0.00000000 -1.00000000 / 255 0 255 255 / 0.77633660 -0.57130430
				8.98388700 2.28173800 0.54980470 / 0.00000000 -1.00000000 0.00000000 / 255 0 255 255 / 0.51269530 -0.57130430
				8.98388700 2.28173800 0.54980470 / 0.00000000 -1.00000000 0.00000000 / 255 0 255 255 / 0.51269530 -0.57130430
				8.98388700 2.28173800 -1.75000000 / 0.00000000 -1.00000000 0.00000000 / 255 0 255 255 / 0.51264950 1.57130400
				9.00000000 2.28173800 -1.75000000 / 0.00000000 -1.00000000 0.00000000 / 255 0 255 255 / 0.77641300 1.57130400
				9.00000000 2.28173800 -1.75000000 / 0.00000000 -1.00000000 0.00000000 / 255 0 255 255 / 0.77641300 1.57130400
				9.00000000 2.28173800 0.54980470 / 0.00000000 -1.00000000 0.00000000 / 255 0 255 255 / 0.77633660 -0.57130430
				9.22363300 2.28173800 0.54980470 / 1.00000000 0.00000000 0.00000000 / 255 0 255 255 / 0.51269530 -0.57130430
				9.22363300 2.28173800 0.54980470 / 1.00000000 0.00000000 0.00000000 / 255 0 255 255 / 0.51269530 -0.57130430
				9.22363300 2.28173800 -1.75000000 / 1.00000000 0.00000000 0.00000000 / 255 0 255 255 / 0.51264950 1.57130400
				9.22363300 2.33300800 -1.75000000 / 1.00000000 0.00000000 0.00000000 / 255 0 255 255 / 0.71311950 1.57130400
				9.22363300 2.33300800 -1.75000000 / 1.00000000 0.00000000 0.00000000 / 255 0 255 255 / 0.71311950 1.57130400
				9.22363300 2.33300800 0.60107420 / 1.00000000 0.00000000 0.00000000 / 255 0 255 255 / 0.71307370 -0.61897280
				9.22363300 2.28173800 0.54980470 / 1.00000000 0.00000000 0.00000000 / 255 0 255 255 / 0.51264950 1.57130400
				9.22363300 2.28173800 0.54980470 / 1.00000000 0.00000000 0.00000000 / 255 0 255 255 / 0.51264950 1.57130400
				9.22363300 2.33300800 0.60107420 / 0.99999980 0.00000000 0.00000000 / 255 0 255 255 / 0.71310430 1.65570100
				9.22363300 0.93066410 0.60107420 / 0.99999980 0.00000000 0.00000000 / 255 0 255 255 / 0.71307370 -0.65567030
				9.22363300 0.93066410 0.60107420 / 0.99999980 0.00000000 0.00000000 / 255 0 255 255 / 0.71307370 -0.65567030
				9.22363300 0.98193360 0.54980470 / 1.00000000 0.00000000 0.00000000 / 255 0 255 255 / 0.51269530 -0.57130430
				9.20751900 0.91455080 -1.75000000 / 0.70708720 -0.70712640 0.00000000 / 255 0 255 255 / 0.51263430 1.57130400
				9.20751900 0.91455080 -1.75000000 / 0.70708720 -0.70712640 0.00000000 / 255 0 255 255 / 0.51263430 1.57130400
				9.22363300 0.93066410 -1.75000000 / 0.70708720 -0.70712630 0.00000000 / 255 0 255 255 / 0.57595820 1.57130400
				9.22363300 0.93066410 0.60107420 / 0.70708720 -0.70712630 0.00000000 / 255 0 255 255 / 0.57597350 -0.61897280
				9.22363300 0.93066410 0.60107420 / 0.70708720 -0.70712630 0.00000000 / 255 0 255 255 / 0.57597350 -0.61897280
				9.20751900 0.91455080 0.61718750 / 0.70708720 -0.70712640 0.00000000 / 255 0 255 255 / 0.51269530 -0.63403320
				9.20751900 2.34912100 -1.75000000 / 0.70708060 0.70713290 0.00000000 / 255 0 255 255 / 0.77642820 1.57130400
				9.20751900 2.34912100 -1.75000000 / 0.70708060 0.70713290 0.00000000 / 255 0 255 255 / 0.77642820 1.57130400
				9.20751900 2.34912100 0.61718750 / 0.70708070 0.70713300 0.00000000 / 255 0 255 255 / 0.77633660 -0.63403320
				9.22363300 2.33300800 0.60107420 / 0.70708070 0.70713290 0.00000000 / 255 0 255 255 / 0.71307370 -0.61897280
				9.22363300 2.33300800 0.60107420 / 0.70708070 0.70713290 0.00000000 / 255 0 255 255 / 0.71307370 -0.61897280
				9.22363300 2.33300800 -1.75000000 / 0.70708060 0.70713290 0.00000000 / 255 0 255 255 / 0.71311950 1.57130400
				9.20751900 2.34912100 0.61718750 / 0.70708580 0.00000000 0.70712770 / 255 0 255 255 / 0.77642820 1.68235800
				9.20751900 2.34912100 0.61718750 / 0.70708580 0.00000000 0.70712770 / 255 0 255 255 / 0.77642820 1.68235800
				9.20751900 0.91455080 0.61718750 / 0.70708590 0.00000000 0.70712770 / 255 0 255 255 / 0.77635190 -0.68232730
				9.22363300 0.93066410 0.60107420 / 0.70708580 0.00000000 0.70712770 / 255 0 255 255 / 0.71307370 -0.65567030
				9.22363300 0.93066410 0.60107420 / 0.70708580 0.00000000 0.70712770 / 255 0 255 255 / 0.71307370 -0.65567030
				9.22363300 2.33300800 0.60107420 / 0.70708580 0.00000000 0.70712770 / 255 0 255 255 / 0.71310430 1.65570100
				9.22363300 0.93066410 -1.75000000 / 0.99999980 0.00000000 0.00000000 / 255 0 255 255 / 0.57595820 1.57130400
				9.22363300 0.93066410 -1.75000000 / 0.99999980 0.00000000 0.00000000 / 255 0 255 255 / 0.57595820 1.57130400
				9.22363300 0.98193360 -1.75000000 / 1.00000000 0.00000000 0.00000000 / 255 0 255 255 / 0.77641300 1.57130400
				9.22363300 0.98193360 0.54980470 / 1.00000000 0.00000000 0.00000000 / 255 0 255 255 / 0.77633660 -0.57130430
				9.22363300 0.98193360 0.54980470 / 1.00000000 0.00000000 0.00000000 / 255 0 255 255 / 0.77633660 -0.57130430
				9.22363300 0.93066410 0.60107420 / 1.00000000 0.00000000 0.00000000 / 255 0 255 255 / 0.57597350 -0.61897280
				9.22363300 2.28173800 -1.75000000 / 0.00000000 -1.00000000 0.00000000 / 255 0 255 255 / 0.51269530 -0.57130430
				9.22363300 2.28173800 -1.75000000 / 0.00000000 -1.00000000 0.00000000 / 255 0 255 255 / 0.51269530 -0.57130430
				9.22363300 2.28173800 0.54980470 / 0.00000000 -1.00000000 0.00000000 / 255 0 255 255 / 0.51264950 1.57130400
				9.20751900 2.28173800 0.54980470 / 0.00000000 -1.00000000 0.00000000 / 255 0 255 255 / 0.77641300 1.57130400
				9.20751900 2.28173800 0.54980470 / 0.00000000 -1.00000000 0.00000000 / 255 0 255 255 / 0.77641300 1.57130400
				9.20751900 2.28173800 -1.75000000 / 0.00000000 -1.00000000 0.00000000 / 255 0 255 255 / 0.77633660 -0.57130430
				9.22363300 2.28173800 0.54980470 / 0.00000000 0.00000000 -1.00000000 / 255 0 255 255 / 0.51269530 -0.57130430
				9.22363300 2.28173800 0.54980470 / 0.00000000 0.00000000 -1.00000000 / 255 0 255 255 / 0.51269530 -0.57130430
				9.22363300 0.98193360 0.54980470 / 0.00000000 0.00000000 -1.00000000 / 255 0 255 255 / 0.51264950 1.57130400
				9.20751900 0.98193360 0.54980470 / 0.00000000 0.00000000 -1.00000000 / 255 0 255 255 / 0.77641300 1.57130400
				9.20751900 0.98193360 0.54980470 / 0.00000000 0.00000000 -1.00000000 / 255 0 255 255 / 0.77641300 1.57130400
				9.20751900 2.28173800 0.54980470 / 0.00000000 0.00000000 -1.00000000 / 255 0 255 255 / 0.77633660 -0.57130430
				9.22363300 0.98193360 0.54980470 / 0.00000000 1.00000000 0.00000000 / 255 0 255 255 / 0.51269530 -0.57130430
				9.22363300 0.98193360 0.54980470 / 0.00000000 1.00000000 0.00000000 / 255 0 255 255 / 0.51269530 -0.57130430
				9.22363300 0.98193360 -1.75000000 / 0.00000000 1.00000000 0.00000000 / 255 0 255 255 / 0.51264950 1.57130400
				9.20751900 0.98193360 -1.75000000 / 0.00000000 1.00000000 0.00000000 / 255 0 255 255 / 0.77641300 1.57130400
				9.20751900 0.98193360 -1.75000000 / 0.00000000 1.00000000 0.00000000 / 255 0 255 255 / 0.77641300 1.57130400
				9.20751900 0.98193360 0.54980470 / 0.00000000 1.00000000 0.00000000 / 255 0 255 255 / 0.77633660 -0.57130430
				13.95703000 0.98193360 0.54980470 / -1.00000000 0.00000000 0.00000000 / 255 0 255 255 / 0.51269530 -0.57130430
				13.95703000 0.98193360 0.54980470 / -1.00000000 0.00000000 0.00000000 / 255 0 255 255 / 0.51269530 -0.57130430
				13.95703000 0.98193360 -1.75000000 / -1.00000000 0.00000000 0.00000000 / 255 0 255 255 / 0.51264950 1.57130400
				13.95703000 0.93066410 -1.75000000 / -0.99999980 0.00000000 0.00000000 / 255 0 255 255 / 0.71311950 1.57130400
				13.95703000 0.93066410 -1.75000000 / -0.99999980 0.00000000 0.00000000 / 255 0 255 255 / 0.71311950 1.57130400
				13.95703000 0.93066410 0.60107420 / -1.00000000 0.00000000 0.00000000 / 255 0 255 255 / 0.71307370 -0.61897280
				13.95703000 0.98193360 0.54980470 / -1.00000000 0.00000000 0.00000000 / 255 0 255 255 / 0.51264950 1.57130400
				13.95703000 0.98193360 0.54980470 / -1.00000000 0.00000000 0.00000000 / 255 0 255 255 / 0.51264950 1.57130400
				13.95703000 0.93066410 0.60107420 / -1.00000000 0.00000000 0.00000000 / 255 0 255 255 / 0.71310430 1.65570100
				13.95703000 2.33300800 0.60107420 / -1.00000000 0.00000000 0.00000000 / 255 0 255 255 / 0.71307370 -0.65567030
				13.95703000 2.33300800 0.60107420 / -1.00000000 0.00000000 0.00000000 / 255 0 255 255 / 0.71307370 -0.65567030
				13.95703000 2.28173800 0.54980470 / -1.00000000 0.00000000 0.00000000 / 255 0 255 255 / 0.51269530 -0.57130430
				13.97315000 2.34912100 -1.75000000 / -0.70695510 0.70725840 0.00000000 / 255 0 255 255 / 0.51263430 1.57130400
				13.97315000 2.34912100 -1.75000000 / -0.70695510 0.70725840 0.00000000 / 255 0 255 255 / 0.51263430 1.57130400
				13.95703000 2.33300800 -1.75000000 / -0.70695510 0.70725850 0.00000000 / 255 0 255 255 / 0.57595820 1.57130400
				13.95703000 2.33300800 0.60107420 / -0.70695510 0.70725850 0.00000000 / 255 0 255 255 / 0.57597350 -0.61897280
				13.95703000 2.33300800 0.60107420 / -0.70695510 0.70725850 0.00000000 / 255 0 255 255 / 0.57597350 -0.61897280
				13.97315000 2.34912100 0.61718750 / -0.70695510 0.70725850 0.00000000 / 255 0 255 255 / 0.51269530 -0.63403320
				13.97315000 0.91455080 -1.75000000 / -0.70696160 -0.70725180 0.00000000 / 255 0 255 255 / 0.77642820 1.57130400
				13.97315000 0.91455080 -1.75000000 / -0.70696160 -0.70725180 0.00000000 / 255 0 255 255 / 0.77642820 1.57130400
				13.97315000 0.91455080 0.61718750 / -0.70696160 -0.70725180 0.00000000 / 255 0 255 255 / 0.77633660 -0.63403320
				13.95703000 0.93066410 0.60107420 / -0.70696170 -0.70725210 0.00000000 / 255 0 255 255 / 0.71307370 -0.61897280
				13.95703000 0.93066410 0.60107420 / -0.70696170 -0.70725210 0.00000000 / 255 0 255 255 / 0.71307370 -0.61897280
				13.95703000 0.93066410 -1.75000000 / -0.70696160 -0.70725190 0.00000000 / 255 0 255 255 / 0.71311950 1.57130400
				13.97315000 0.91455080 0.61718750 / -0.70696030 0.00000000 0.70725320 / 255 0 255 255 / 0.77642820 1.68235800
				13.97315000 0.91455080 0.61718750 / -0.70696030 0.00000000 0.70725320 / 255 0 255 255 / 0.77642820 1.68235800
				13.97315000 2.34912100 0.61718750 / -0.70696030 0.00000000 0.70725320 / 255 0 255 255 / 0.77635190 -0.68232730
				13.95703000 2.33300800 0.60107420 / -0.70696030 0.00000000 0.70725320 / 255 0 255 255 / 0.71307370 -0.65567030
				13.95703000 2.33300800 0.60107420 / -0.70696030 0.00000000 0.70725320 / 255 0 255 255 / 0.71307370 -0.65567030
				13.95703000 0.93066410 0.60107420 / -0.70696030 0.00000000 0.70725320 / 255 0 255 255 / 0.71310430 1.65570100
				13.95703000 2.33300800 -1.75000000 / -1.00000000 0.00000000 0.00000000 / 255 0 255 255 / 0.57595820 1.57130400
				13.95703000 2.33300800 -1.75000000 / -1.00000000 0.00000000 0.00000000 / 255 0 255 255 / 0.57595820 1.57130400
				13.95703000 2.28173800 -1.75000000 / -1.00000000 0.00000000 0.00000000 / 255 0 255 255 / 0.77641300 1.57130400
				13.95703000 2.28173800 0.54980470 / -1.00000000 0.00000000 0.00000000 / 255 0 255 255 / 0.77633660 -0.57130430
				13.95703000 2.28173800 0.54980470 / -1.00000000 0.00000000 0.00000000 / 255 0 255 255 / 0.77633660 -0.57130430
				13.95703000 2.33300800 0.60107420 / -1.00000000 0.00000000 0.00000000 / 255 0 255 255 / 0.57597350 -0.61897280
				13.95703000 0.98193360 -1.75000000 / 0.00000000 1.00000000 0.00000000 / 255 0 255 255 / 0.51269530 -0.57130430
				13.95703000 0.98193360 -1.75000000 / 0.00000000 1.00000000 0.00000000 / 255 0 255 255 / 0.51269530 -0.57130430
				13.95703000 0.98193360 0.54980470 / 0.00000000 1.00000000 0.00000000 / 255 0 255 255 / 0.51264950 1.57130400
				13.97315000 0.98193360 0.54980470 / 0.00000000 1.00000000 0.00000000 / 255 0 255 255 / 0.77641300 1.57130400
				13.97315000 0.98193360 0.54980470 / 0.00000000 1.00000000 0.00000000 / 255 0 255 255 / 0.77641300 1.57130400
				13.97315000 0.98193360 -1.75000000 / 0.00000000 1.00000000 0.00000000 / 255 0 255 255 / 0.77633660 -0.57130430
				13.95703000 0.98193360 0.54980470 / 0.00000000 0.00000000 -1.00000000 / 255 0 255 255 / 0.51269530 -0.57130430
				13.95703000 0.98193360 0.54980470 / 0.00000000 0.00000000 -1.00000000 / 255 0 255 255 / 0.51269530 -0.57130430
				13.95703000 2.28173800 0.54980470 / 0.00000000 0.00000000 -1.00000000 / 255 0 255 255 / 0.51264950 1.57130400
				13.97315000 2.28173800 0.54980470 / 0.00000000 0.00000000 -1.00000000 / 255 0 255 255 / 0.77641300 1.57130400
				13.97315000 2.28173800 0.54980470 / 0.00000000 0.00000000 -1.00000000 / 255 0 255 255 / 0.77641300 1.57130400
				13.97315000 0.98193360 0.54980470 / 0.00000000 0.00000000 -1.00000000 / 255 0 255 255 / 0.77633660 -0.57130430
				13.95703000 2.28173800 0.54980470 / 0.00000000 -1.00000000 0.00000000 / 255 0 255 255 / 0.51269530 -0.57130430
				13.95703000 2.28173800 0.54980470 / 0.00000000 -1.00000000 0.00000000 / 255 0 255 255 / 0.51269530 -0.57130430
				13.95703000 2.28173800 -1.75000000 / 0.00000000 -1.00000000 0.00000000 / 255 0 255 255 / 0.51264950 1.57130400
				13.97315000 2.28173800 -1.75000000 / 0.00000000 -1.00000000 0.00000000 / 255 0 255 255 / 0.77641300 1.57130400
				13.97315000 2.28173800 -1.75000000 / 0.00000000 -1.00000000 0.00000000 / 255 0 255 255 / 0.77641300 1.57130400
				13.97315000 2.28173800 0.54980470 / 0.00000000 -1.00000000 0.00000000 / 255 0 255 255 / 0.77633660 -0.57130430
				9.20751900 2.39794900 -1.68261700 / 0.00000000 -0.70712770 0.70708580 / 255 0 255 255 / 0.51263430 1.57130400
				9.20751900 2.39794900 -1.68261700 / 0.00000000 -0.70712770 0.70708580 / 255 0 255 255 / 0.51263430 1.57130400
				9.20751900 2.38183600 -1.69873100 / 0.00000000 -0.70712750 0.70708580 / 255 0 255 255 / 0.57595820 1.57130400
				13.95703000 2.38183600 -1.69873100 / 0.00000000 -0.70712770 0.70708580 / 255 0 255 255 / 0.57597350 -0.61897280
				13.95703000 2.38183600 -1.69873100 / 0.00000000 -0.70712770 0.70708580 / 255 0 255 255 / 0.57597350 -0.61897280
				13.97315000 2.39794900 -1.68261700 / 0.00000000 -0.70712770 0.70708590 / 255 0 255 255 / 0.51269530 -0.63403320
				9.20751900 2.38183600 -1.69873100 / 0.00000000 -1.00000000 0.00000000 / 255 0 255 255 / 0.57595820 1.57130400
				9.20751900 2.38183600 -1.69873100 / 0.00000000 -1.00000000 0.00000000 / 255 0 255 255 / 0.57595820 1.57130400
				9.20751900 2.38183600 -1.75000000 / 0.00000000 -1.00000000 0.00000000 / 255 0 255 255 / 0.77641300 1.57130400
				13.95703000 2.38183600 -1.75000000 / 0.00000000 -1.00000000 0.00000000 / 255 0 255 255 / 0.77633660 -0.57130430
				13.95703000 2.38183600 -1.75000000 / 0.00000000 -1.00000000 0.00000000 / 255 0 255 255 / 0.77633660 -0.57130430
				13.95703000 2.38183600 -1.69873100 / 0.00000000 -1.00000000 0.00000000 / 255 0 255 255 / 0.57597350 -0.61897280
				13.97315000 2.39794900 -1.68261700 / -0.70697610 0.00000000 0.70723750 / 255 0 255 255 / 0.51263430 0.97714230
				13.97315000 2.39794900 -1.68261700 / -0.70697610 0.00000000 0.70723750 / 255 0 255 255 / 0.51263430 0.97714230
				13.95703000 2.38183600 -1.69873100 / -0.70697600 0.00000000 0.70723750 / 255 0 255 255 / 0.57595820 0.97714230
				13.95703000 2.33300800 -1.69873100 / -0.70697600 0.00000000 0.70723750 / 255 0 255 255 / 0.57597350 1.06475800
				13.95703000 2.33300800 -1.69873100 / -0.70697600 0.00000000 0.70723750 / 255 0 255 255 / 0.57597350 1.06475800
				13.97315000 2.33300800 -1.68261700 / -0.70697600 0.00000000 0.70723750 / 255 0 255 255 / 0.51269530 1.06536900
				13.95703000 2.38183600 -1.69873100 / -0.99999980 0.00000000 0.00000000 / 255 0 255 255 / 0.57595820 0.97714230
				13.95703000 2.38183600 -1.69873100 / -0.99999980 0.00000000 0.00000000 / 255 0 255 255 / 0.57595820 0.97714230
				13.95703000 2.38183600 -1.75000000 / -1.00000000 0.00000000 0.00000000 / 255 0 255 255 / 0.77641300 0.97714230
				13.95703000 2.33300800 -1.75000000 / -0.99999980 0.00000000 0.00000000 / 255 0 255 255 / 0.77633660 1.06285100
				13.95703000 2.33300800 -1.75000000 / -0.99999980 0.00000000 0.00000000 / 255 0 255 255 / 0.77633660 1.06285100
				13.95703000 2.33300800 -1.69873100 / -1.00000000 0.00000000 0.00000000 / 255 0 255 255 / 0.57597350 1.06475800
				13.97315000 -1.11816400 -1.68261700 / -0.70697600 0.00000000 0.70723750 / 255 0 255 255 / 0.51263430 0.66316230
				13.97315000 -1.11816400 -1.68261700 / -0.70697600 0.00000000 0.70723750 / 255 0 255 255 / 0.51263430 0.66316230
				13.97315000 0.93066410 -1.68261700 / -0.70697600 0.00000000 0.70723750 / 255 0 255 255 / 0.51269530 1.96342500
				13.95703000 0.93066410 -1.69873100 / -0.70697600 0.00000000 0.70723750 / 255 0 255 255 / 0.57597350 1.95454400
				13.95703000 0.93066410 -1.69873100 / -0.70697600 0.00000000 0.70723750 / 255 0 255 255 / 0.57597350 1.95454400
				13.95703000 -1.10205100 -1.69873100 / -0.70697600 0.00000000 0.70723760 / 255 0 255 255 / 0.57595820 0.66316230
				13.95703000 -1.10205100 -1.69873100 / -1.00000000 0.00000000 0.00000000 / 255 0 255 255 / 0.57595820 0.66316230
				13.95703000 -1.10205100 -1.69873100 / -1.00000000 0.00000000 0.00000000 / 255 0 255 255 / 0.57595820 0.66316230
				13.95703000 0.93066410 -1.69873100 / -1.00000000 0.00000000 0.00000000 / 255 0 255 255 / 0.57597350 1.95454400
				13.95703000 0.93066410 -1.75000000 / -1.00000000 0.00000000 0.00000000 / 255 0 255 255 / 0.77633660 1.92643700
				13.95703000 0.93066410 -1.75000000 / -1.00000000 0.00000000 0.00000000 / 255 0 255 255 / 0.77633660 1.92643700
				13.95703000 -1.10205100 -1.75000000 / -1.00000000 0.00000000 0.00000000 / 255 0 255 255 / 0.77641300 0.66316230
				12.20605000 -1.10205100 -1.68261700 / 0.00000000 0.70710690 0.70710690 / 255 0 255 255 / 0.51263430 0.66316230
				12.20605000 -1.10205100 -1.68261700 / 0.00000000 0.70710690 0.70710690 / 255 0 255 255 / 0.51263430 0.66316230
				13.97315000 -1.10205100 -1.68261700 / 0.00000000 0.70710690 0.70710690 / 255 0 255 255 / 0.51269530 1.96342500
				13.97315000 -1.08593700 -1.69873100 / 0.00000000 0.70710690 0.70710690 / 255 0 255 255 / 0.57597350 1.95454400
				13.97315000 -1.08593700 -1.69873100 / 0.00000000 0.70710690 0.70710690 / 255 0 255 255 / 0.57597350 1.95454400
				12.22217000 -1.08593700 -1.69873100 / 0.00000000 0.70710690 0.70710690 / 255 0 255 255 / 0.57595820 0.66316230
				12.22217000 -1.08593700 -1.69873100 / 0.00000000 1.00000000 0.00000000 / 255 0 255 255 / 0.57595820 0.66316230
				12.22217000 -1.08593700 -1.69873100 / 0.00000000 1.00000000 0.00000000 / 255 0 255 255 / 0.57595820 0.66316230
				13.97315000 -1.08593700 -1.69873100 / 0.00000000 1.00000000 0.00000000 / 255 0 255 255 / 0.57597350 1.95454400
				13.97315000 -1.08593700 -1.75000000 / 0.00000000 1.00000000 0.00000000 / 255 0 255 255 / 0.77633660 1.92643700
				13.97315000 -1.08593700 -1.75000000 / 0.00000000 1.00000000 0.00000000 / 255 0 255 255 / 0.77633660 1.92643700
				12.22217000 -1.08593700 -1.75000000 / 0.00000000 1.00000000 0.00000000 / 255 0 255 255 / 0.77641300 0.66316230
				12.22217000 0.64794920 -1.68261700 / 0.70718530 0.00000000 0.70702830 / 255 0 255 255 / 0.51263430 0.66316230
				12.22217000 0.64794920 -1.68261700 / 0.70718530 0.00000000 0.70702830 / 255 0 255 255 / 0.51263430 0.66316230
				12.22217000 -1.10595700 -1.68261700 / 0.70718520 0.00000000 0.70702830 / 255 0 255 255 / 0.51269530 1.96342500
				12.23828000 -1.10595700 -1.69873100 / 0.70718530 0.00000000 0.70702830 / 255 0 255 255 / 0.57597350 1.95454400
				12.23828000 -1.10595700 -1.69873100 / 0.70718530 0.00000000 0.70702830 / 255 0 255 255 / 0.57597350 1.95454400
				12.23828000 0.66406250 -1.69873100 / 0.70718530 0.00000000 0.70702830 / 255 0 255 255 / 0.57595820 0.66316230
				12.23828000 0.66406250 -1.69873100 / 0.99999980 0.00000000 0.00000000 / 255 0 255 255 / 0.57595820 0.66316230
				12.23828000 0.66406250 -1.69873100 / 0.99999980 0.00000000 0.00000000 / 255 0 255 255 / 0.57595820 0.66316230
				12.23828000 -1.10595700 -1.69873100 / 1.00000000 0.00000000 0.00000000 / 255 0 255 255 / 0.57597350 1.95454400
				12.23828000 -1.10595700 -1.75000000 / 0.99999980 0.00000000 0.00000000 / 255 0 255 255 / 0.77633660 1.92643700
				12.23828000 -1.10595700 -1.75000000 / 0.99999980 0.00000000 0.00000000 / 255 0 255 255 / 0.77633660 1.92643700
				12.23828000 0.66406250 -1.75000000 / 1.00000000 0.00000000 0.00000000 / 255 0 255 255 / 0.77641300 0.66316230
				9.19140600 0.64794920 -1.68261700 / 0.00000000 0.70712240 0.70709120 / 255 0 255 255 / 0.51263430 0.66316230
				9.19140600 0.64794920 -1.68261700 / 0.00000000 0.70712240 0.70709120 / 255 0 255 255 / 0.51263430 0.66316230
				12.22217000 0.64794920 -1.68261700 / 0.00000000 0.70712240 0.70709100 / 255 0 255 255 / 0.51269530 1.96342500
				12.23828000 0.66406250 -1.69873100 / 0.00000000 0.70712250 0.70709120 / 255 0 255 255 / 0.57597350 1.95454400
				12.23828000 0.66406250 -1.69873100 / 0.00000000 0.70712250 0.70709120 / 255 0 255 255 / 0.57597350 1.95454400
				9.20751900 0.66406250 -1.69873100 / 0.00000000 0.70712240 0.70709110 / 255 0 255 255 / 0.57595820 0.66316230
				9.20751900 0.66406250 -1.69873100 / 0.00000000 1.00000000 0.00000000 / 255 0 255 255 / 0.57595820 0.66316230
				9.20751900 0.66406250 -1.69873100 / 0.00000000 1.00000000 0.00000000 / 255 0 255 255 / 0.57595820 0.66316230
				12.23828000 0.66406250 -1.69873100 / 0.00000000 1.00000000 0.00000000 / 255 0 255 255 / 0.57597350 1.95454400
				12.23828000 0.66406250 -1.75000000 / 0.00000000 1.00000000 0.00000000 / 255 0 255 255 / 0.77633660 1.92643700
				12.23828000 0.66406250 -1.75000000 / 0.00000000 1.00000000 0.00000000 / 255 0 255 255 / 0.77633660 1.92643700
				9.20751900 0.66406250 -1.75000000 / 0.00000000 1.00000000 0.00000000 / 255 0 255 255 / 0.77641300 0.66316230
				9.20751900 2.31494100 -1.68261700 / 0.70710160 0.00000000 0.70711200 / 255 0 255 255 / 0.51263430 0.97714230
				9.20751900 2.31494100 -1.68261700 / 0.70710160 0.00000000 0.70711200 / 255 0 255 255 / 0.51263430 0.97714230
				9.22363300 2.33056600 -1.69873100 / 0.70710160 0.00000000 0.70711200 / 255 0 255 255 / 0.57595820 0.97714230
				9.22363300 2.40136700 -1.69873100 / 0.70710160 0.00000000 0.70711210 / 255 0 255 255 / 0.57597350 1.06475800
				9.22363300 2.40136700 -1.69873100 / 0.70710160 0.00000000 0.70711210 / 255 0 255 255 / 0.57597350 1.06475800
				9.20751900 2.40136700 -1.68261700 / 0.70710160 0.00000000 0.70711210 / 255 0 255 255 / 0.51269530 1.06536900
				9.22363300 2.33056600 -1.69873100 / 0.99999980 0.00000000 0.00000000 / 255 0 255 255 / 0.57595820 0.97714230
				9.22363300 2.33056600 -1.69873100 / 0.99999980 0.00000000 0.00000000 / 255 0 255 255 / 0.57595820 0.97714230
				9.22363300 2.33056600 -1.75000000 / 1.00000000 0.00000000 0.00000000 / 255 0 255 255 / 0.77641300 0.97714230
				9.22363300 2.40136700 -1.75000000 / 0.99999980 0.00000000 0.00000000 / 255 0 255 255 / 0.77633660 1.06285100
				9.22363300 2.40136700 -1.75000000 / 0.99999980 0.00000000 0.00000000 / 255 0 255 255 / 0.77633660 1.06285100
				9.22363300 2.40136700 -1.69873100 / 1.00000000 0.00000000 0.00000000 / 255 0 255 255 / 0.57597350 1.06475800
				9.20751900 0.63476570 -1.68261700 / 0.70710150 0.00000000 0.70711200 / 255 0 255 255 / 0.51263430 0.97714230
				9.20751900 0.63476570 -1.68261700 / 0.70710150 0.00000000 0.70711200 / 255 0 255 255 / 0.51263430 0.97714230
				9.22363300 0.65039060 -1.69873100 / 0.70710150 0.00000000 0.70711200 / 255 0 255 255 / 0.57595820 0.97714230
				9.22363300 0.92236330 -1.69873100 / 0.70710160 0.00000000 0.70711200 / 255 0 255 255 / 0.57597350 1.06475800
				9.22363300 0.92236330 -1.69873100 / 0.70710160 0.00000000 0.70711200 / 255 0 255 255 / 0.57597350 1.06475800
				9.20751900 0.92236330 -1.68261700 / 0.70710160 0.00000000 0.70711200 / 255 0 255 255 / 0.51269530 1.06536900
				9.22363300 0.65039060 -1.69873100 / 1.00000000 0.00000000 0.00000000 / 255 0 255 255 / 0.57595820 0.97714230
				9.22363300 0.65039060 -1.69873100 / 1.00000000 0.00000000 0.00000000 / 255 0 255 255 / 0.57595820 0.97714230
				9.22363300 0.65039060 -1.75000000 / 1.00000000 0.00000000 0.00000000 / 255 0 255 255 / 0.77641300 0.97714230
				9.22363300 0.92236330 -1.75000000 / 1.00000000 0.00000000 0.00000000 / 255 0 255 255 / 0.77633660 1.06285100
				9.22363300 0.92236330 -1.75000000 / 1.00000000 0.00000000 0.00000000 / 255 0 255 255 / 0.77633660 1.06285100
				9.22363300 0.92236330 -1.69873100 / 1.00000000 0.00000000 0.00000000 / 255 0 255 255 / 0.57597350 1.06475800
				9.00000000 0.98193360 -1.75000000 / 0.00000000 0.99999980 0.00000000 / 255 0 255 255 / 0.77641300 1.57130400
				9.00000000 0.98193360 -1.75000000 / 0.00000000 0.99999980 0.00000000 / 255 0 255 255 / 0.77641300 1.57130400
				9.00000000 0.98193360 0.54980470 / 0.00000000 1.00000000 0.00000000 / 255 0 255 255 / 0.77633660 -0.57130430
				9.09912100 0.98193360 0.54980470 / 0.00000000 1.00000000 0.00000000 / 255 0 255 255 / 0.51269530 -0.57130430
				9.09912100 0.98193360 0.54980470 / 0.00000000 1.00000000 0.00000000 / 255 0 255 255 / 0.51269530 -0.57130430
				9.09912100 0.98193360 0.54980470 / 0.00000000 1.00000000 0.00000000 / 255 0 255 255 / 0.51269530 -0.57130430
				9.09912100 0.98193360 -1.75000000 / 0.00000000 0.99999980 0.00000000 / 255 0 255 255 / 0.51264950 1.57130400
				9.09912100 0.98193360 -1.75000000 / 0.00000000 0.99999980 0.00000000 / 255 0 255 255 / 0.51264950 1.57130400
				9.09912100 0.98193360 -1.75000000 / 0.00000000 0.99999980 0.00000000 / 255 0 255 255 / 0.51264950 1.57130400
				9.20751900 0.98193360 0.54980470 / 0.00000000 1.00000000 0.00000000 / 255 0 255 255 / 0.22361760 -0.57130430
				9.20751900 0.98193360 0.54980470 / 0.00000000 1.00000000 0.00000000 / 255 0 255 255 / 0.22361760 -0.57130430
				9.20751900 0.98193360 -1.75000000 / 0.00000000 1.00000000 0.00000000 / 255 0 255 255 / 0.22358700 1.57130400
				9.09912100 2.28173800 0.54980470 / 0.00000000 -1.00000000 0.00000000 / 255 0 255 255 / 0.48733520 -0.57130430
				9.09912100 2.28173800 0.54980470 / 0.00000000 -1.00000000 0.00000000 / 255 0 255 255 / 0.48733520 -0.57130430
				9.09912100 2.28173800 0.54980470 / 0.00000000 -1.00000000 0.00000000 / 255 0 255 255 / 0.48733520 -0.57130430
				9.09912100 2.28173800 0.54980470 / 0.00000000 -1.00000000 0.00000000 / 255 0 255 255 / 0.48733520 -0.57130430
				9.00000000 2.28173800 0.54980470 / 0.00000000 -1.00000000 0.00000000 / 255 0 255 255 / 0.22366330 -0.57130430
				9.00000000 2.28173800 -1.75000000 / 0.00000000 -0.99999980 0.00000000 / 255 0 255 255 / 0.22377010 1.57130400
				9.00000000 2.28173800 -1.75000000 / 0.00000000 -0.99999980 0.00000000 / 255 0 255 255 / 0.22377010 1.57130400
				9.09912100 2.28173800 -1.75000000 / 0.00000000 -1.00000000 0.00000000 / 255 0 255 255 / 0.48733520 1.57130400
				9.09912100 2.28173800 -1.75000000 / 0.00000000 -1.00000000 0.00000000 / 255 0 255 255 / 0.48733520 1.57130400
				9.20751900 2.28173800 -1.75000000 / 0.00000000 -1.00000000 0.00000000 / 255 0 255 255 / 0.77641300 1.57130400
				9.20751900 2.28173800 -1.75000000 / 0.00000000 -1.00000000 0.00000000 / 255 0 255 255 / 0.77641300 1.57130400
				9.20751900 2.28173800 0.54980470 / 0.00000000 -1.00000000 0.00000000 / 255 0 255 255 / 0.77641300 -0.57130430
				9.09912100 0.98193360 0.54980470 / 0.00000000 0.00000000 -1.00000000 / 255 0 255 255 / -1.13798500 0.51269530
				9.09912100 0.98193360 0.54980470 / 0.00000000 0.00000000 -1.00000000 / 255 0 255 255 / -1.13798500 0.51269530
				9.09912100 0.98193360 0.54980470 / 0.00000000 0.00000000 -1.00000000 / 255 0 255 255 / -1.13798500 0.51269530
				9.09912100 0.98193360 0.54980470 / 0.00000000 0.00000000 -1.00000000 / 255 0 255 255 / -1.13798500 0.51269530
				9.00000000 0.98193360 0.54980470 / 0.00000000 0.00000000 -1.00000000 / 255 0 255 255 / -1.13792400 0.77633660
				9.00000000 2.28173800 0.54980470 / 0.00000000 0.00000000 -1.00000000 / 255 0 255 255 / 2.13801600 0.77633660
				9.00000000 2.28173800 0.54980470 / 0.00000000 0.00000000 -1.00000000 / 255 0 255 255 / 2.13801600 0.77633660
				9.09912100 2.28173800 0.54980470 / 0.00000000 0.00000000 -1.00000000 / 255 0 255 255 / 2.13789400 0.51266480
				9.09912100 2.28173800 0.54980470 / 0.00000000 0.00000000 -1.00000000 / 255 0 255 255 / 2.13789400 0.51266480
				9.20751900 2.28173800 0.54980470 / 0.00000000 0.00000000 -1.00000000 / 255 0 255 255 / 2.13789400 0.22358700
				9.20751900 2.28173800 0.54980470 / 0.00000000 0.00000000 -1.00000000 / 255 0 255 255 / 2.13789400 0.22358700
				9.20751900 0.98193360 0.54980470 / 0.00000000 0.00000000 -1.00000000 / 255 0 255 255 / -1.13804600 0.22360230
			}
		}
		Geometry
		{
			ShaderIndex 6
			Flags -
			VertexDeclaration N51263BB5
			Indices 78
			{
				0 2 3 4 5 1 6 10 11 12 13 7 8 14 15
				16 17 9 18 20 21 22 26 19 23 29 30 27 24 34
				31 35 25 36 40 28 44 37 32 33 49 45 52 41 38
				39 46 53 59 62 42 43 54 60 63 61 55 56 65 64
				68 47 50 57 48 69 70 66 58 51 74 71 75 67 72
				73 77 76
			}
			Vertices 78
			{
				9.00000000 0.98193360 -1.75000000 / 0.00000000 0.00000000 1.00000000 / 255 0 255 255 / 6.91511500 -1.43566900 / 0.00019990 -1.00000000 0.00000000 1.00000000
				9.00000000 0.98193360 -1.75000000 / 0.00000000 0.00000000 1.00000000 / 255 0 255 255 / 6.91511500 -1.43566900 / 0.00019990 -1.00000000 0.00000000 1.00000000
				9.09912100 0.98193360 -1.75000000 / 0.00000000 0.00000000 1.00000000 / 255 0 255 255 / 6.91513000 -1.49380500 / 0.00033960 -0.99999980 0.00000000 1.00000000
				9.09912100 2.28173800 -1.75000000 / 0.00000000 0.00000000 1.00000000 / 255 0 255 255 / 6.13609300 -1.49406400 / 0.00019990 -1.00000000 0.00000000 1.00000000
				9.09912100 2.28173800 -1.75000000 / 0.00000000 0.00000000 1.00000000 / 255 0 255 255 / 6.13609300 -1.49406400 / 0.00019990 -1.00000000 0.00000000 1.00000000
				9.00000000 2.28173800 -1.75000000 / 0.00000000 0.00000000 1.00000000 / 255 0 255 255 / 6.13584900 -1.43571500 / 0.00006010 -1.00000000 0.00000000 1.00000000
				13.97315000 0.64794920 -1.75000000 / 0.00000000 0.00000000 1.00000000 / 255 0 255 255 / 7.13850400 -4.17489600 / 0.00501490 -0.99998740 0.00000000 1.00000000
				13.97315000 0.64794920 -1.75000000 / 0.00000000 0.00000000 1.00000000 / 255 0 255 255 / 7.13850400 -4.17489600 / 0.00501490 -0.99998740 0.00000000 1.00000000
				13.97315000 0.64794920 -1.75000000 / 0.00000000 0.00000000 1.00000000 / 255 0 255 255 / 7.13850400 -4.17489600 / 0.00501490 -0.99998740 0.00000000 1.00000000
				13.97315000 0.64794920 -1.75000000 / 0.00000000 0.00000000 1.00000000 / 255 0 255 255 / 7.13850400 -4.17489600 / 0.00501490 -0.99998740 0.00000000 1.00000000
				13.97315000 0.98193360 -1.75000000 / 0.00000000 0.00000000 1.00000000 / 255 0 255 255 / 6.91911300 -4.20581100 / 0.16989830 -0.98546160 0.00000000 1.00000000
				12.22217000 0.98193360 -1.75000000 / 0.00000000 0.00000000 1.00000000 / 255 0 255 255 / 6.91911300 -3.26570100 / 0.01019360 -0.99994800 0.00000000 1.00000000
				12.22217000 0.98193360 -1.75000000 / 0.00000000 0.00000000 1.00000000 / 255 0 255 255 / 6.91911300 -3.26570100 / 0.01019360 -0.99994800 0.00000000 1.00000000
				12.22217000 0.64794920 -1.75000000 / 0.00000000 0.00000000 1.00000000 / 255 0 255 255 / 7.13850400 -3.29132100 / -0.08346020 -0.99651110 0.00000000 1.00000000
				12.22217000 0.64794920 -1.75000000 / 0.00000000 0.00000000 1.00000000 / 255 0 255 255 / 7.13850400 -3.29132100 / -0.08346020 -0.99651110 0.00000000 1.00000000
				12.22217000 -1.10205100 -1.75000000 / 0.00000000 0.00000000 0.99999980 / 255 0 255 255 / 7.95965600 -3.32222000 / 0.00131530 -0.99999910 0.00000000 1.00000000
				12.22217000 -1.10205100 -1.75000000 / 0.00000000 0.00000000 0.99999980 / 255 0 255 255 / 7.95965600 -3.32222000 / 0.00131530 -0.99999910 0.00000000 1.00000000
				13.97315000 -1.10205100 -1.75000000 / 0.00000000 0.00000000 1.00000000 / 255 0 255 255 / 7.95965600 -4.14399700 / 0.03759420 -0.99929310 0.00000000 1.00000000
				14.22705000 0.98193360 -1.75000000 / 0.00000000 0.00000000 1.00000000 / 255 0 255 255 / 6.91513000 -4.36778200 / 0.00000000 -1.00000000 0.00000000 1.00000000
				14.22705000 0.98193360 -1.75000000 / 0.00000000 0.00000000 1.00000000 / 255 0 255 255 / 6.91513000 -4.36778200 / 0.00000000 -1.00000000 0.00000000 1.00000000
				14.22705000 2.28173800 -1.75000000 / 0.00000000 0.00000000 1.00000000 / 255 0 255 255 / 6.13209500 -4.36778200 / 0.00000000 -1.00000000 0.00000000 1.00000000
				13.97315000 2.28173800 -1.75000000 / 0.00000000 0.00000000 1.00000000 / 255 0 255 255 / 6.13208000 -4.20581100 / 0.00000000 -1.00000000 0.00000000 1.00000000
				13.97315000 2.28173800 -1.75000000 / 0.00000000 0.00000000 1.00000000 / 255 0 255 255 / 6.13208000 -4.20581100 / 0.00000000 -1.00000000 0.00000000 1.00000000
				13.97315000 2.28173800 -1.75000000 / 0.00000000 0.00000000 1.00000000 / 255 0 255 255 / 6.13208000 -4.20581100 / 0.00000000 -1.00000000 0.00000000 1.00000000
				13.97315000 2.28173800 -1.75000000 / 0.00000000 0.00000000 1.00000000 / 255 0 255 255 / 6.13208000 -4.20581100 / 0.00000000 -1.00000000 0.00000000 1.00000000
				13.97315000 2.28173800 -1.75000000 / 0.00000000 0.00000000 1.00000000 / 255 0 255 255 / 6.13208000 -4.20581100 / 0.00000000 -1.00000000 0.00000000 1.00000000
				13.97315000 0.98193360 -1.75000000 / 0.00000000 0.00000000 1.00000000 / 255 0 255 255 / 6.91513000 -4.20581100 / 0.00000000 -1.00000000 0.00000000 1.00000000
				13.97315000 0.98193360 -1.75000000 / 0.00000000 0.00000000 1.00000000 / 255 0 255 255 / 6.91513000 -4.20581100 / 0.00000000 -1.00000000 0.00000000 1.00000000
				13.97315000 0.98193360 -1.75000000 / 0.00000000 0.00000000 1.00000000 / 255 0 255 255 / 6.91513000 -4.20581100 / 0.00000000 -1.00000000 0.00000000 1.00000000
				13.97315000 2.39794900 -1.75000000 / 0.00000000 0.00000000 1.00000000 / 255 0 255 255 / 6.04582200 -4.20581100 / 0.00000000 -1.00000000 0.00000000 1.00000000
				12.22217000 2.39794900 -1.75000000 / 0.00000000 0.00000000 1.00000000 / 255 0 255 255 / 6.04582200 -3.26040700 / 0.00000000 -1.00000000 0.00000000 1.00000000
				12.22217000 2.39794900 -1.75000000 / 0.00000000 0.00000000 1.00000000 / 255 0 255 255 / 6.04582200 -3.26040700 / 0.00000000 -1.00000000 0.00000000 1.00000000
				12.22217000 2.39794900 -1.75000000 / 0.00000000 0.00000000 1.00000000 / 255 0 255 255 / 6.04582200 -3.26040700 / 0.00000000 -1.00000000 0.00000000 1.00000000
				12.22217000 2.39794900 -1.75000000 / 0.00000000 0.00000000 1.00000000 / 255 0 255 255 / 6.04582200 -3.26040700 / 0.00000000 -1.00000000 0.00000000 1.00000000
				12.22217000 2.28173800 -1.75000000 / 0.00000000 0.00000000 1.00000000 / 255 0 255 255 / 6.13205000 -3.26040700 / 0.00000000 -1.00000000 0.00000000 1.00000000
				12.22217000 2.28173800 -1.75000000 / 0.00000000 0.00000000 1.00000000 / 255 0 255 255 / 6.13205000 -3.26040700 / 0.00000000 -1.00000000 0.00000000 1.00000000
				12.22217000 2.28173800 -1.75000000 / 0.00000000 0.00000000 1.00000000 / 255 0 255 255 / 6.13205000 -3.26040700 / 0.00000000 -1.00000000 0.00000000 1.00000000
				12.22217000 2.28173800 -1.75000000 / 0.00000000 0.00000000 1.00000000 / 255 0 255 255 / 6.13205000 -3.26040700 / 0.00000000 -1.00000000 0.00000000 1.00000000
				12.22217000 2.28173800 -1.75000000 / 0.00000000 0.00000000 1.00000000 / 255 0 255 255 / 6.13205000 -3.26040700 / 0.00000000 -1.00000000 0.00000000 1.00000000
				12.22217000 2.28173800 -1.75000000 / 0.00000000 0.00000000 1.00000000 / 255 0 255 255 / 6.13205000 -3.26040700 / 0.00000000 -1.00000000 0.00000000 1.00000000
				12.22217000 0.98193360 -1.75000000 / 0.00000000 0.00000000 1.00000000 / 255 0 255 255 / 6.91645800 -3.26040700 / 0.00000000 -1.00000000 0.00000000 1.00000000
				12.22217000 0.98193360 -1.75000000 / 0.00000000 0.00000000 1.00000000 / 255 0 255 255 / 6.91645800 -3.26040700 / 0.00000000 -1.00000000 0.00000000 1.00000000
				12.22217000 0.98193360 -1.75000000 / 0.00000000 0.00000000 1.00000000 / 255 0 255 255 / 6.91645800 -3.26040700 / 0.00000000 -1.00000000 0.00000000 1.00000000
				12.22217000 0.98193360 -1.75000000 / 0.00000000 0.00000000 1.00000000 / 255 0 255 255 / 6.91645800 -3.26040700 / 0.00000000 -1.00000000 0.00000000 1.00000000
				10.47119000 2.28173800 -1.75000000 / 0.00000000 0.00000000 1.00000000 / 255 0 255 255 / 6.13201900 -2.31501800 / 0.00000000 -1.00000000 0.00000000 1.00000000
				10.47119000 2.28173800 -1.75000000 / 0.00000000 0.00000000 1.00000000 / 255 0 255 255 / 6.13201900 -2.31501800 / 0.00000000 -1.00000000 0.00000000 1.00000000
				10.47119000 2.28173800 -1.75000000 / 0.00000000 0.00000000 1.00000000 / 255 0 255 255 / 6.13201900 -2.31501800 / 0.00000000 -1.00000000 0.00000000 1.00000000
				10.47119000 2.28173800 -1.75000000 / 0.00000000 0.00000000 1.00000000 / 255 0 255 255 / 6.13201900 -2.31501800 / 0.00000000 -1.00000000 0.00000000 1.00000000
				10.47119000 2.28173800 -1.75000000 / 0.00000000 0.00000000 1.00000000 / 255 0 255 255 / 6.13201900 -2.31501800 / 0.00000000 -1.00000000 0.00000000 1.00000000
				10.47119000 2.39794900 -1.75000000 / 0.00000000 0.00000000 1.00000000 / 255 0 255 255 / 6.04582200 -2.31501800 / 0.00000000 -1.00000000 0.00000000 1.00000000
				10.47119000 2.39794900 -1.75000000 / 0.00000000 0.00000000 1.00000000 / 255 0 255 255 / 6.04582200 -2.31501800 / 0.00000000 -1.00000000 0.00000000 1.00000000
				10.47119000 2.39794900 -1.75000000 / 0.00000000 0.00000000 1.00000000 / 255 0 255 255 / 6.04582200 -2.31501800 / 0.00000000 -1.00000000 0.00000000 1.00000000
				10.47119000 0.98193360 -1.75000000 / 0.00000000 0.00000000 1.00000000 / 255 0 255 255 / 6.91711400 -2.31501800 / 0.00000000 -1.00000000 0.00000000 1.00000000
				10.47119000 0.98193360 -1.75000000 / 0.00000000 0.00000000 1.00000000 / 255 0 255 255 / 6.91711400 -2.31501800 / 0.00000000 -1.00000000 0.00000000 1.00000000
				10.47119000 0.98193360 -1.75000000 / 0.00000000 0.00000000 1.00000000 / 255 0 255 255 / 6.91711400 -2.31501800 / 0.00000000 -1.00000000 0.00000000 1.00000000
				10.47119000 0.98193360 -1.75000000 / 0.00000000 0.00000000 1.00000000 / 255 0 255 255 / 6.91711400 -2.31501800 / 0.00000000 -1.00000000 0.00000000 1.00000000
				10.47119000 0.98193360 -1.75000000 / 0.00000000 0.00000000 1.00000000 / 255 0 255 255 / 6.91711400 -2.31501800 / 0.00000000 -1.00000000 0.00000000 1.00000000
				10.47119000 0.98193360 -1.75000000 / 0.00000000 0.00000000 1.00000000 / 255 0 255 255 / 6.91711400 -2.31501800 / 0.00000000 -1.00000000 0.00000000 1.00000000
				10.47119000 0.98193360 -1.75000000 / 0.00000000 0.00000000 1.00000000 / 255 0 255 255 / 6.91711400 -2.31501800 / 0.00000000 -1.00000000 0.00000000 1.00000000
				10.47119000 0.64794920 -1.75000000 / 0.00000000 0.00000000 0.99999980 / 255 0 255 255 / 7.13850400 -2.31501800 / 0.00000000 -1.00000000 0.00000000 1.00000000
				10.47119000 0.64794920 -1.75000000 / 0.00000000 0.00000000 0.99999980 / 255 0 255 255 / 7.13850400 -2.31501800 / 0.00000000 -1.00000000 0.00000000 1.00000000
				10.47119000 0.64794920 -1.75000000 / 0.00000000 0.00000000 0.99999980 / 255 0 255 255 / 7.13850400 -2.31501800 / 0.00000000 -1.00000000 0.00000000 1.00000000
				12.22217000 0.64794920 -1.75000000 / 0.00000000 0.00000000 1.00000000 / 255 0 255 255 / 7.13850400 -3.26040700 / 0.00000000 -1.00000000 0.00000000 1.00000000
				9.20751900 0.64794920 -1.75000000 / 0.00000000 0.00000000 0.99999980 / 255 0 255 255 / 7.13850400 -1.55749500 / 0.00000000 -1.00000000 0.00000000 1.00000000
				9.20751900 0.64794920 -1.75000000 / 0.00000000 0.00000000 0.99999980 / 255 0 255 255 / 7.13850400 -1.55749500 / 0.00000000 -1.00000000 0.00000000 1.00000000
				9.20751900 0.98193360 -1.75000000 / 0.00000000 0.00000000 1.00000000 / 255 0 255 255 / 6.91645800 -1.55749500 / 0.00000000 -1.00000000 0.00000000 1.00000000
				9.20751900 0.98193360 -1.75000000 / 0.00000000 0.00000000 1.00000000 / 255 0 255 255 / 6.91645800 -1.55749500 / 0.00000000 -1.00000000 0.00000000 1.00000000
				9.20751900 0.98193360 -1.75000000 / 0.00000000 0.00000000 1.00000000 / 255 0 255 255 / 6.91645800 -1.55749500 / 0.00000000 -1.00000000 0.00000000 1.00000000
				9.20751900 2.28173800 -1.75000000 / 0.00000000 0.00000000 1.00000000 / 255 0 255 255 / 6.13330100 -1.55749500 / 0.00000000 -1.00000000 0.00000000 1.00000000
				9.20751900 2.28173800 -1.75000000 / 0.00000000 0.00000000 1.00000000 / 255 0 255 255 / 6.13330100 -1.55749500 / 0.00000000 -1.00000000 0.00000000 1.00000000
				9.20751900 2.28173800 -1.75000000 / 0.00000000 0.00000000 1.00000000 / 255 0 255 255 / 6.13330100 -1.55749500 / 0.00000000 -1.00000000 0.00000000 1.00000000
				9.20751900 2.28173800 -1.75000000 / 0.00000000 0.00000000 1.00000000 / 255 0 255 255 / 6.13330100 -1.55749500 / 0.00000000 -1.00000000 0.00000000 1.00000000
				9.20751900 2.28173800 -1.75000000 / 0.00000000 0.00000000 1.00000000 / 255 0 255 255 / 6.13330100 -1.55749500 / 0.00000000 -1.00000000 0.00000000 1.00000000
				9.20751900 2.28173800 -1.75000000 / 0.00000000 0.00000000 1.00000000 / 255 0 255 255 / 6.13330100 -1.55749500 / 0.00000000 -1.00000000 0.00000000 1.00000000
				9.20751900 2.39794900 -1.75000000 / 0.00000000 0.00000000 1.00000000 / 255 0 255 255 / 6.04582200 -1.55749500 / 0.00000000 -1.00000000 0.00000000 1.00000000
				9.09912100 0.98193360 -1.75000000 / 0.00000000 0.00000000 1.00000000 / 255 0 255 255 / 6.87373400 -1.49379000 / 0.00000000 -1.00000000 0.00000000 1.00000000
				9.09912100 0.98193360 -1.75000000 / 0.00000000 0.00000000 1.00000000 / 255 0 255 255 / 6.87373400 -1.49379000 / 0.00000000 -1.00000000 0.00000000 1.00000000
				9.09912100 2.28173800 -1.75000000 / 0.00000000 0.00000000 1.00000000 / 255 0 255 255 / 6.13821400 -1.49379000 / 0.00000000 -1.00000000 0.00000000 1.00000000
			}
		}
		Geometry
		{
			ShaderIndex 7
			Flags -
			VertexDeclaration N209731BE
			Indices 60
			{
				0 2 3 4 9 1 11 10 5 6 14 12 20 13 15
				23 16 7 8 29 24 25 30 31 32 33 26 36 27 34
				17 28 37 35 42 38 18 45 21 39 46 19 51 22 47
				48 53 52 55 54 49 50 40 56 57 41 43 44 59 58
			}
			Vertices 60
			{
				13.97315000 -1.10205100 1.24755900 / -0.00083610 0.00000000 -0.99999970 / 255 0 255 255 / 1.99900800 -0.99900820
				13.97315000 -1.10205100 1.24755900 / -0.00083610 0.00000000 -0.99999970 / 255 0 255 255 / 1.99900800 -0.99900820
				12.22217000 -1.10205100 1.24902300 / -0.00083610 0.00000000 -0.99999970 / 255 0 255 255 / 1.99900800 -0.26490780
				12.22217000 0.64794920 1.24902300 / -0.00074340 0.00000000 -0.99999970 / 255 0 255 255 / 1.00000000 -0.26490780
				12.22217000 0.64794920 1.24902300 / -0.00074340 0.00000000 -0.99999970 / 255 0 255 255 / 1.00000000 -0.26490780
				12.22217000 0.64794920 1.24902300 / -0.00074340 0.00000000 -0.99999970 / 255 0 255 255 / 1.00000000 -0.26490780
				12.22217000 0.64794920 1.24902300 / -0.00074340 0.00000000 -0.99999970 / 255 0 255 255 / 1.00000000 -0.26490780
				12.22217000 0.64794920 1.24902300 / -0.00074340 0.00000000 -0.99999970 / 255 0 255 255 / 1.00000000 -0.26490780
				12.22217000 0.64794920 1.24902300 / -0.00074340 0.00000000 -0.99999970 / 255 0 255 255 / 1.00000000 -0.26490780
				13.97315000 0.64794920 1.24755900 / -0.00083610 0.00000000 -0.99999970 / 255 0 255 255 / 1.00000000 -0.99900820
				13.97315000 0.64794920 1.24755900 / -0.00083610 0.00000000 -0.99999970 / 255 0 255 255 / 1.00000000 -0.99900820
				13.97315000 0.98193360 1.24755900 / -0.00083610 0.00000000 -0.99999970 / 255 0 255 255 / 0.80940250 -0.99900820
				13.97315000 0.98193360 1.24755900 / -0.00083610 0.00000000 -0.99999970 / 255 0 255 255 / 0.80940250 -0.99900820
				13.97315000 0.98193360 1.24755900 / -0.00083610 0.00000000 -0.99999970 / 255 0 255 255 / 0.80940250 -0.99900820
				12.22217000 0.98193360 1.24902300 / -0.00069710 0.00000000 -0.99999980 / 255 0 255 255 / 0.80940250 -0.26490780
				12.22217000 0.98193360 1.24902300 / -0.00069710 0.00000000 -0.99999980 / 255 0 255 255 / 0.80940250 -0.26490780
				12.22217000 0.98193360 1.24902300 / -0.00069710 0.00000000 -0.99999980 / 255 0 255 255 / 0.80940250 -0.26490780
				12.22217000 0.98193360 1.24902300 / -0.00069710 0.00000000 -0.99999980 / 255 0 255 255 / 0.80940250 -0.26490780
				12.22217000 0.98193360 1.24902300 / -0.00069710 0.00000000 -0.99999980 / 255 0 255 255 / 0.80940250 -0.26490780
				12.22217000 0.98193360 1.24902300 / -0.00069710 0.00000000 -0.99999980 / 255 0 255 255 / 0.80940250 -0.26490780
				13.97315000 2.28173800 1.24755900 / -0.00083610 0.00000000 -0.99999970 / 255 0 255 255 / 0.06729129 -0.99900820
				13.97315000 2.28173800 1.24755900 / -0.00083610 0.00000000 -0.99999970 / 255 0 255 255 / 0.06729129 -0.99900820
				13.97315000 2.28173800 1.24755900 / -0.00083610 0.00000000 -0.99999970 / 255 0 255 255 / 0.06729129 -0.99900820
				10.47119000 0.98193360 1.25000000 / -0.00027900 0.00000000 -1.00000000 / 255 0 255 255 / 0.80940250 0.46919250
				10.47119000 0.98193360 1.25000000 / -0.00027900 0.00000000 -1.00000000 / 255 0 255 255 / 0.80940250 0.46919250
				10.47119000 0.98193360 1.25000000 / -0.00027900 0.00000000 -1.00000000 / 255 0 255 255 / 0.80940250 0.46919250
				10.47119000 0.98193360 1.25000000 / -0.00027900 0.00000000 -1.00000000 / 255 0 255 255 / 0.80940250 0.46919250
				10.47119000 0.98193360 1.25000000 / -0.00027900 0.00000000 -1.00000000 / 255 0 255 255 / 0.80940250 0.46919250
				10.47119000 0.98193360 1.25000000 / -0.00027900 0.00000000 -1.00000000 / 255 0 255 255 / 0.80940250 0.46919250
				10.47119000 0.64794920 1.25000000 / -0.00027900 0.00000000 -1.00000000 / 255 0 255 255 / 1.00000000 0.46919250
				10.47119000 0.64794920 1.25000000 / -0.00027900 0.00000000 -1.00000000 / 255 0 255 255 / 1.00000000 0.46919250
				9.20751900 0.64794920 1.25000000 / 0.00000000 0.00000000 -0.99999980 / 255 0 255 255 / 1.00000000 0.99900820
				9.20751900 0.64794920 1.25000000 / 0.00000000 0.00000000 -0.99999980 / 255 0 255 255 / 1.00000000 0.99900820
				9.20751900 0.98193360 1.25000000 / 0.00000000 0.00000000 -1.00000000 / 255 0 255 255 / 0.80940250 0.99900820
				9.20751900 0.98193360 1.25000000 / 0.00000000 0.00000000 -1.00000000 / 255 0 255 255 / 0.80940250 0.99900820
				9.20751900 0.98193360 1.25000000 / 0.00000000 0.00000000 -1.00000000 / 255 0 255 255 / 0.80940250 0.99900820
				10.47119000 2.28173800 1.25000000 / -0.00027900 0.00000000 -1.00000000 / 255 0 255 255 / 0.06729129 0.46919250
				10.47119000 2.28173800 1.25000000 / -0.00027900 0.00000000 -1.00000000 / 255 0 255 255 / 0.06729129 0.46919250
				10.47119000 2.28173800 1.25000000 / -0.00027900 0.00000000 -1.00000000 / 255 0 255 255 / 0.06729129 0.46919250
				10.47119000 2.28173800 1.25000000 / -0.00027900 0.00000000 -1.00000000 / 255 0 255 255 / 0.06729129 0.46919250
				10.47119000 2.28173800 1.25000000 / -0.00027900 0.00000000 -1.00000000 / 255 0 255 255 / 0.06729129 0.46919250
				10.47119000 2.28173800 1.25000000 / -0.00027900 0.00000000 -1.00000000 / 255 0 255 255 / 0.06729129 0.46919250
				9.20751900 2.28173800 1.25000000 / 0.00000000 0.00000000 -1.00000000 / 255 0 255 255 / 0.06729129 0.99900820
				9.20751900 2.28173800 1.25000000 / 0.00000000 0.00000000 -1.00000000 / 255 0 255 255 / 0.06729129 0.99900820
				9.20751900 2.28173800 1.25000000 / 0.00000000 0.00000000 -1.00000000 / 255 0 255 255 / 0.06729129 0.99900820
				12.22217000 2.28173800 1.24902300 / -0.00069710 0.00000000 -0.99999980 / 255 0 255 255 / 0.06729129 -0.26490780
				12.22217000 2.28173800 1.24902300 / -0.00069710 0.00000000 -0.99999980 / 255 0 255 255 / 0.06729129 -0.26490780
				12.22217000 2.28173800 1.24902300 / -0.00069710 0.00000000 -0.99999980 / 255 0 255 255 / 0.06729129 -0.26490780
				12.22217000 2.28173800 1.24902300 / -0.00069710 0.00000000 -0.99999980 / 255 0 255 255 / 0.06729129 -0.26490780
				12.22217000 2.28173800 1.24902300 / -0.00069710 0.00000000 -0.99999980 / 255 0 255 255 / 0.06729129 -0.26490780
				12.22217000 2.28173800 1.24902300 / -0.00069710 0.00000000 -0.99999980 / 255 0 255 255 / 0.06729129 -0.26490780
				13.97315000 2.39794900 1.24755900 / -0.00083610 0.00000000 -0.99999960 / 255 0 255 255 / 0.00100710 -0.99900820
				13.97315000 2.39794900 1.24755900 / -0.00083610 0.00000000 -0.99999960 / 255 0 255 255 / 0.00100710 -0.99900820
				12.22217000 2.39794900 1.24902300 / -0.00069710 0.00000000 -0.99999980 / 255 0 255 255 / 0.00100710 -0.26490780
				12.22217000 2.39794900 1.24902300 / -0.00069710 0.00000000 -0.99999980 / 255 0 255 255 / 0.00100710 -0.26490780
				10.47119000 2.39794900 1.25000000 / -0.00027900 0.00000000 -0.99999980 / 255 0 255 255 / 0.00100710 0.46919250
				10.47119000 2.39794900 1.25000000 / -0.00027900 0.00000000 -0.99999980 / 255 0 255 255 / 0.00100710 0.46919250
				10.47119000 2.39794900 1.25000000 / -0.00027900 0.00000000 -0.99999980 / 255 0 255 255 / 0.00100710 0.46919250
				10.47119000 2.39794900 1.25000000 / -0.00027900 0.00000000 -0.99999980 / 255 0 255 255 / 0.00100710 0.46919250
				9.20751900 2.39794900 1.25000000 / 0.00000000 0.00000000 -1.00000000 / 255 0 255 255 / 0.00100710 0.99900820
			}
		}
		Geometry
		{
			ShaderIndex 8
			Flags -
			VertexDeclaration N51263BB5
			Indices 162
			{
				0 2 3 4 5 1 6 9 10 11 12 7 15 8 13
				14 17 16 18 21 22 23 24 19 27 20 25 26 29 28
				30 33 34 35 37 31 43 32 38 39 36 45 40 47 44
				46 50 41 48 42 51 52 53 49 54 57 58 59 61 55
				62 60 66 67 68 63 69 56 64 65 72 70 77 71 73
				74 79 78 81 80 75 76 83 82 84 87 88 89 91 85
				92 90 97 99 86 93 98 103 94 106 109 100 110 95 104
				96 111 101 102 112 107 105 116 113 118 108 114 115 117 119
				120 123 124 125 127 121 128 126 132 133 134 129 135 122 130
				131 138 136 142 137 139 146 149 143 140 150 144 145 151 147
				152 141 156 158 148 153 157 160 154 155 161 159
			}
			Vertices 162
			{
				14.22705000 2.28173800 -1.75000000 / -0.99999980 0.00000000 0.00000000 / 255 0 255 255 / -0.04408260 0.99949650 / 0.00000000 -1.00000000 0.00000000 1.00000000
				14.22705000 2.28173800 -1.75000000 / -0.99999980 0.00000000 0.00000000 / 255 0 255 255 / -0.04408260 0.99949650 / 0.00000000 -1.00000000 0.00000000 1.00000000
				14.22705000 0.98193360 -1.75000000 / -1.00000000 0.00000000 0.00000000 / 255 0 255 255 / 0.38882450 0.99949650 / 0.00000000 -1.00000000 0.00000000 1.00000000
				14.22705000 0.98193360 0.54980470 / -0.99999980 0.00000000 0.00000000 / 255 0 255 255 / 0.38882450 0.23359680 / 0.00000000 -1.00000000 0.00000000 1.00000000
				14.22705000 0.98193360 0.54980470 / -0.99999980 0.00000000 0.00000000 / 255 0 255 255 / 0.38882450 0.23359680 / 0.00000000 -1.00000000 0.00000000 1.00000000
				14.22705000 2.28173800 0.54980470 / -1.00000000 0.00000000 0.00000000 / 255 0 255 255 / -0.04408260 0.23359680 / 0.00000000 -1.00000000 0.00000000 1.00000000
				13.97315000 -1.10205100 0.54980470 / 0.00000000 1.00000000 0.00000000 / 255 0 255 255 / -0.29347230 0.23359680 / -1.00000000 0.00000000 0.00000000 1.00000000
				13.97315000 -1.10205100 0.54980470 / 0.00000000 1.00000000 0.00000000 / 255 0 255 255 / -0.29347230 0.23359680 / -1.00000000 0.00000000 0.00000000 1.00000000
				13.97315000 -1.10205100 0.54980470 / 0.00000000 1.00000000 0.00000000 / 255 0 255 255 / -0.29347230 0.23359680 / -1.00000000 0.00000000 0.00000000 1.00000000
				13.97315000 -1.10205100 -1.75000000 / 0.00000000 1.00000000 0.00000000 / 255 0 255 255 / -0.29347230 0.99949650 / -1.00000000 0.00000000 0.00000000 1.00000000
				12.22217000 -1.10205100 -1.75000000 / 0.00000000 1.00000000 0.00000000 / 255 0 255 255 / 0.28959660 0.99949650 / -1.00000000 0.00000000 0.00000000 1.00000000
				12.22217000 -1.10205100 -1.75000000 / 0.00000000 1.00000000 0.00000000 / 255 0 255 255 / 0.28959660 0.99949650 / -1.00000000 0.00000000 0.00000000 1.00000000
				12.22217000 -1.10205100 0.54980470 / 0.00000000 1.00000000 0.00000000 / 255 0 255 255 / 0.28959660 0.23359680 / -1.00000000 0.00000000 0.00006050 1.00000000
				12.22217000 -1.10205100 0.54980470 / 0.00000000 1.00000000 0.00000000 / 255 0 255 255 / 0.28959660 0.23359680 / -1.00000000 0.00000000 0.00006050 1.00000000
				12.22217000 -1.10205100 0.54980470 / 0.00000000 1.00000000 0.00000000 / 255 0 255 255 / 0.28959660 0.23359680 / -1.00000000 0.00000000 0.00006050 1.00000000
				13.97315000 -1.10205100 1.24755900 / 0.00000000 0.99999980 0.00000000 / 255 0 255 255 / -0.29347230 0.00125120 / -1.00000000 0.00000000 0.00009080 1.00000000
				13.97315000 -1.10205100 1.24755900 / 0.00000000 0.99999980 0.00000000 / 255 0 255 255 / -0.29347230 0.00125120 / -1.00000000 0.00000000 0.00009080 1.00000000
				12.22217000 -1.10205100 1.24902300 / 0.00000000 0.99999980 0.00000000 / 255 0 255 255 / 0.28959660 0.00086970 / -1.00000000 0.00000000 0.00018160 1.00000000
				12.22217000 -1.10205100 0.54980470 / 0.99999980 0.00000000 0.00000000 / 255 0 255 255 / -0.08274840 0.23359680 / 0.00000000 1.00000000 0.00000000 1.00000000
				12.22217000 -1.10205100 0.54980470 / 0.99999980 0.00000000 0.00000000 / 255 0 255 255 / -0.08274840 0.23359680 / 0.00000000 1.00000000 0.00000000 1.00000000
				12.22217000 -1.10205100 0.54980470 / 0.99999980 0.00000000 0.00000000 / 255 0 255 255 / -0.08274840 0.23359680 / 0.00000000 1.00000000 0.00000000 1.00000000
				12.22217000 -1.10205100 -1.75000000 / 1.00000000 0.00000000 0.00000000 / 255 0 255 255 / -0.08274840 0.99949650 / 0.00000000 1.00000000 0.00000000 1.00000000
				12.22217000 0.64794920 -1.75000000 / 1.00000000 0.00000000 0.00000000 / 255 0 255 255 / 0.50000000 0.99949650 / 0.00000000 1.00000000 0.00000000 1.00000000
				12.22217000 0.64794920 -1.75000000 / 1.00000000 0.00000000 0.00000000 / 255 0 255 255 / 0.50000000 0.99949650 / 0.00000000 1.00000000 0.00000000 1.00000000
				12.22217000 0.64794920 0.54980470 / 0.99999980 0.00000000 0.00000000 / 255 0 255 255 / 0.50000000 0.23359680 / 0.00000000 1.00000000 0.00000000 1.00000000
				12.22217000 0.64794920 0.54980470 / 0.99999980 0.00000000 0.00000000 / 255 0 255 255 / 0.50000000 0.23359680 / 0.00000000 1.00000000 0.00000000 1.00000000
				12.22217000 0.64794920 0.54980470 / 0.99999980 0.00000000 0.00000000 / 255 0 255 255 / 0.50000000 0.23359680 / 0.00000000 1.00000000 0.00000000 1.00000000
				12.22217000 -1.10205100 1.24902300 / 0.99999980 0.00000000 0.00000000 / 255 0 255 255 / -0.08274840 0.00086970 / 0.00000000 1.00000000 0.00000000 1.00000000
				12.22217000 -1.10205100 1.24902300 / 0.99999980 0.00000000 0.00000000 / 255 0 255 255 / -0.08274840 0.00086970 / 0.00000000 1.00000000 0.00000000 1.00000000
				12.22217000 0.64794920 1.24902300 / 1.00000000 0.00000000 0.00000000 / 255 0 255 255 / 0.50000000 0.00086970 / 0.00000000 1.00000000 0.00000000 1.00000000
				10.47119000 0.64794920 -1.75000000 / 0.00000000 0.99999980 0.00000000 / 255 0 255 255 / 0.87266540 0.99949650 / -1.00000000 0.00000000 0.00000000 1.00000000
				10.47119000 0.64794920 -1.75000000 / 0.00000000 0.99999980 0.00000000 / 255 0 255 255 / 0.87266540 0.99949650 / -1.00000000 0.00000000 0.00000000 1.00000000
				10.47119000 0.64794920 -1.75000000 / 0.00000000 0.99999980 0.00000000 / 255 0 255 255 / 0.87266540 0.99949650 / -1.00000000 0.00000000 0.00000000 1.00000000
				9.20751900 0.64794920 -1.75000000 / 0.00000000 1.00000000 0.00000000 / 255 0 255 255 / 1.29347200 0.99949650 / -1.00000000 0.00000000 0.00000000 1.00000000
				9.20751900 0.64794920 0.54980470 / 0.00000000 0.99999980 0.00000000 / 255 0 255 255 / 1.29347200 0.23359680 / -1.00000000 0.00000000 0.00000000 1.00000000
				9.20751900 0.64794920 0.54980470 / 0.00000000 0.99999980 0.00000000 / 255 0 255 255 / 1.29347200 0.23359680 / -1.00000000 0.00000000 0.00000000 1.00000000
				9.20751900 0.64794920 0.54980470 / 0.00000000 0.99999980 0.00000000 / 255 0 255 255 / 1.29347200 0.23359680 / -1.00000000 0.00000000 0.00000000 1.00000000
				10.47119000 0.64794920 0.54980470 / 0.00000000 0.99999980 0.00000000 / 255 0 255 255 / 0.87266540 0.23359680 / -1.00000000 0.00000000 0.00000000 1.00000000
				10.47119000 0.64794920 0.54980470 / 0.00000000 0.99999980 0.00000000 / 255 0 255 255 / 0.87266540 0.23359680 / -1.00000000 0.00000000 0.00000000 1.00000000
				10.47119000 0.64794920 0.54980470 / 0.00000000 0.99999980 0.00000000 / 255 0 255 255 / 0.87266540 0.23359680 / -1.00000000 0.00000000 0.00000000 1.00000000
				10.47119000 0.64794920 0.54980470 / 0.00000000 0.99999980 0.00000000 / 255 0 255 255 / 0.87266540 0.23359680 / -1.00000000 0.00000000 0.00000000 1.00000000
				10.47119000 0.64794920 0.54980470 / 0.00000000 0.99999980 0.00000000 / 255 0 255 255 / 0.87266540 0.23359680 / -1.00000000 0.00000000 0.00000000 1.00000000
				10.47119000 0.64794920 0.54980470 / 0.00000000 0.99999980 0.00000000 / 255 0 255 255 / 0.87266540 0.23359680 / -1.00000000 0.00000000 0.00000000 1.00000000
				12.22217000 0.64794920 -1.75000000 / 0.00000000 0.99999980 0.00000000 / 255 0 255 255 / 0.28959660 0.99949650 / -1.00000000 0.00000000 0.00000000 1.00000000
				12.22217000 0.64794920 -1.75000000 / 0.00000000 0.99999980 0.00000000 / 255 0 255 255 / 0.28959660 0.99949650 / -1.00000000 0.00000000 0.00000000 1.00000000
				9.20751900 0.64794920 1.25000000 / 0.00000000 0.99999980 0.00000000 / 255 0 255 255 / 1.29347200 0.00050350 / -1.00000000 0.00000000 0.00000000 1.00000000
				9.20751900 0.64794920 1.25000000 / 0.00000000 0.99999980 0.00000000 / 255 0 255 255 / 1.29347200 0.00050350 / -1.00000000 0.00000000 0.00000000 1.00000000
				12.22217000 0.64794920 0.54980470 / 0.00000000 1.00000000 0.00000000 / 255 0 255 255 / 0.28959660 0.23359680 / -1.00000000 0.00000000 -0.00002350 1.00000000
				12.22217000 0.64794920 0.54980470 / 0.00000000 1.00000000 0.00000000 / 255 0 255 255 / 0.28959660 0.23359680 / -1.00000000 0.00000000 -0.00002350 1.00000000
				12.22217000 0.64794920 0.54980470 / 0.00000000 1.00000000 0.00000000 / 255 0 255 255 / 0.28959660 0.23359680 / -1.00000000 0.00000000 -0.00002350 1.00000000
				10.47119000 0.64794920 1.25000000 / 0.00000000 1.00000000 0.00000000 / 255 0 255 255 / 0.87266540 0.00050350 / -1.00000000 0.00000000 -0.00002350 1.00000000
				10.47119000 0.64794920 1.25000000 / 0.00000000 1.00000000 0.00000000 / 255 0 255 255 / 0.87266540 0.00050350 / -1.00000000 0.00000000 -0.00002350 1.00000000
				10.47119000 0.64794920 1.25000000 / 0.00000000 1.00000000 0.00000000 / 255 0 255 255 / 0.87266540 0.00050350 / -1.00000000 0.00000000 -0.00002350 1.00000000
				12.22217000 0.64794920 1.24902300 / 0.00000000 1.00000000 0.00000000 / 255 0 255 255 / 0.28959660 0.00086970 / -1.00000000 0.00000000 -0.00007040 1.00000000
				9.20751900 0.98193360 1.25000000 / 1.00000000 0.00000000 0.00000000 / 255 0 255 255 / 0.61117560 0.00050350 / 0.00000000 1.00000000 0.00000000 1.00000000
				9.20751900 0.98193360 1.25000000 / 1.00000000 0.00000000 0.00000000 / 255 0 255 255 / 0.61117560 0.00050350 / 0.00000000 1.00000000 0.00000000 1.00000000
				9.20751900 0.98193360 1.25000000 / 1.00000000 0.00000000 0.00000000 / 255 0 255 255 / 0.61117560 0.00050350 / 0.00000000 1.00000000 0.00000000 1.00000000
				9.20751900 0.64794920 1.25000000 / 1.00000000 0.00000000 0.00000000 / 255 0 255 255 / 0.50000000 0.00050350 / 0.00000000 1.00000000 0.00000000 1.00000000
				9.20751900 0.64794920 0.54980470 / 1.00000000 0.00000000 0.00000000 / 255 0 255 255 / 0.50000000 0.23359680 / 0.00000000 1.00000000 0.00000000 1.00000000
				9.20751900 0.64794920 0.54980470 / 1.00000000 0.00000000 0.00000000 / 255 0 255 255 / 0.50000000 0.23359680 / 0.00000000 1.00000000 0.00000000 1.00000000
				9.20751900 0.64794920 0.54980470 / 1.00000000 0.00000000 0.00000000 / 255 0 255 255 / 0.50000000 0.23359680 / 0.00000000 1.00000000 0.00000000 1.00000000
				9.20751900 0.98193360 0.54980470 / 1.00000000 0.00000000 0.00000000 / 255 0 255 255 / 0.61119080 0.23359680 / 0.00000000 1.00000000 0.00000000 1.00000000
				9.20751900 0.98193360 0.54980470 / 1.00000000 0.00000000 0.00000000 / 255 0 255 255 / 0.61119080 0.23359680 / 0.00000000 1.00000000 0.00000000 1.00000000
				9.20751900 0.98193360 0.54980470 / 1.00000000 0.00000000 0.00000000 / 255 0 255 255 / 0.61119080 0.23359680 / 0.00000000 1.00000000 0.00000000 1.00000000
				9.20751900 0.98193360 0.54980470 / 1.00000000 0.00000000 0.00000000 / 255 0 255 255 / 0.61119080 0.23359680 / 0.00000000 1.00000000 0.00000000 1.00000000
				9.20751900 0.98193360 0.54980470 / 1.00000000 0.00000000 0.00000000 / 255 0 255 255 / 0.61119080 0.23359680 / 0.00000000 1.00000000 0.00000000 1.00000000
				9.20751900 0.64794920 -1.75000000 / 1.00000000 0.00000000 0.00000000 / 255 0 255 255 / 0.50000000 0.99949650 / 0.00000000 1.00000000 0.00000000 1.00000000
				9.20751900 0.64794920 -1.75000000 / 1.00000000 0.00000000 0.00000000 / 255 0 255 255 / 0.50000000 0.99949650 / 0.00000000 1.00000000 0.00000000 1.00000000
				9.20751900 0.98193360 -1.75000000 / 1.00000000 0.00000000 0.00000000 / 255 0 255 255 / 0.61117560 0.99949650 / 0.00000000 1.00000000 0.00000000 1.00000000
				9.20751900 2.28173800 1.25000000 / 1.00000000 0.00000000 0.00000000 / 255 0 255 255 / 1.04408300 0.00050350 / 0.00000000 1.00000000 0.00000000 1.00000000
				9.20751900 2.28173800 1.25000000 / 1.00000000 0.00000000 0.00000000 / 255 0 255 255 / 1.04408300 0.00050350 / 0.00000000 1.00000000 0.00000000 1.00000000
				9.20751900 2.28173800 1.25000000 / 1.00000000 0.00000000 0.00000000 / 255 0 255 255 / 1.04408300 0.00050350 / 0.00000000 1.00000000 0.00000000 1.00000000
				9.20751900 2.28173800 0.54980470 / 1.00000000 0.00000000 0.00000000 / 255 0 255 255 / 1.04408300 0.23359680 / 0.00000000 1.00000000 0.00000000 1.00000000
				9.20751900 2.28173800 0.54980470 / 1.00000000 0.00000000 0.00000000 / 255 0 255 255 / 1.04408300 0.23359680 / 0.00000000 1.00000000 0.00000000 1.00000000
				9.20751900 2.28173800 0.54980470 / 1.00000000 0.00000000 0.00000000 / 255 0 255 255 / 1.04408300 0.23359680 / 0.00000000 1.00000000 0.00000000 1.00000000
				9.20751900 2.28173800 0.54980470 / 1.00000000 0.00000000 0.00000000 / 255 0 255 255 / 1.04408300 0.23359680 / 0.00000000 1.00000000 0.00000000 1.00000000
				9.20751900 2.28173800 0.54980470 / 1.00000000 0.00000000 0.00000000 / 255 0 255 255 / 1.04408300 0.23359680 / 0.00000000 1.00000000 0.00000000 1.00000000
				9.20751900 2.39794900 1.25000000 / 1.00000000 0.00000000 0.00000000 / 255 0 255 255 / 1.08274800 0.00050350 / 0.00000000 1.00000000 0.00000000 1.00000000
				9.20751900 2.39794900 1.25000000 / 1.00000000 0.00000000 0.00000000 / 255 0 255 255 / 1.08274800 0.00050350 / 0.00000000 1.00000000 0.00000000 1.00000000
				9.20751900 2.39794900 0.54980470 / 1.00000000 0.00000000 0.00000000 / 255 0 255 255 / 1.08274800 0.23359680 / 0.00000000 1.00000000 0.00000000 1.00000000
				9.20751900 2.39794900 0.54980470 / 1.00000000 0.00000000 0.00000000 / 255 0 255 255 / 1.08274800 0.23359680 / 0.00000000 1.00000000 0.00000000 1.00000000
				9.20751900 2.39794900 -1.75000000 / 1.00000000 0.00000000 0.00000000 / 255 0 255 255 / 1.08274800 0.99949650 / 0.00000000 1.00000000 0.00000000 1.00000000
				9.20751900 2.39794900 -1.75000000 / 1.00000000 0.00000000 0.00000000 / 255 0 255 255 / 1.08274800 0.99949650 / 0.00000000 1.00000000 0.00000000 1.00000000
				9.20751900 2.28173800 -1.75000000 / 1.00000000 0.00000000 0.00000000 / 255 0 255 255 / 1.04408300 0.99949650 / 0.00000000 1.00000000 0.00000000 1.00000000
				10.47119000 2.39794900 1.25000000 / 0.00000000 -1.00000000 0.00000000 / 255 0 255 255 / 0.12733460 0.00050350 / 1.00000000 0.00000000 0.00002340 1.00000000
				10.47119000 2.39794900 1.25000000 / 0.00000000 -1.00000000 0.00000000 / 255 0 255 255 / 0.12733460 0.00050350 / 1.00000000 0.00000000 0.00002340 1.00000000
				10.47119000 2.39794900 1.25000000 / 0.00000000 -1.00000000 0.00000000 / 255 0 255 255 / 0.12733460 0.00050350 / 1.00000000 0.00000000 0.00002340 1.00000000
				9.20751900 2.39794900 1.25000000 / 0.00000000 -1.00000000 0.00000000 / 255 0 255 255 / -0.29347230 0.00050350 / 1.00000000 0.00000000 0.00000000 1.00000000
				9.20751900 2.39794900 0.54980470 / 0.00000000 -0.99999980 0.00000000 / 255 0 255 255 / -0.29347230 0.23359680 / 1.00000000 0.00000000 0.00000000 1.00000000
				9.20751900 2.39794900 0.54980470 / 0.00000000 -0.99999980 0.00000000 / 255 0 255 255 / -0.29347230 0.23359680 / 1.00000000 0.00000000 0.00000000 1.00000000
				9.20751900 2.39794900 0.54980470 / 0.00000000 -0.99999980 0.00000000 / 255 0 255 255 / -0.29347230 0.23359680 / 1.00000000 0.00000000 0.00000000 1.00000000
				10.47119000 2.39794900 0.54980470 / 0.00000000 -0.99999980 0.00000000 / 255 0 255 255 / 0.12733460 0.23359680 / 1.00000000 0.00000000 0.00001170 1.00000000
				10.47119000 2.39794900 0.54980470 / 0.00000000 -0.99999980 0.00000000 / 255 0 255 255 / 0.12733460 0.23359680 / 1.00000000 0.00000000 0.00001170 1.00000000
				10.47119000 2.39794900 0.54980470 / 0.00000000 -0.99999980 0.00000000 / 255 0 255 255 / 0.12733460 0.23359680 / 1.00000000 0.00000000 0.00001170 1.00000000
				10.47119000 2.39794900 0.54980470 / 0.00000000 -0.99999980 0.00000000 / 255 0 255 255 / 0.12733460 0.23359680 / 1.00000000 0.00000000 0.00001170 1.00000000
				10.47119000 2.39794900 0.54980470 / 0.00000000 -0.99999980 0.00000000 / 255 0 255 255 / 0.12733460 0.23359680 / 1.00000000 0.00000000 0.00001170 1.00000000
				10.47119000 2.39794900 0.54980470 / 0.00000000 -0.99999980 0.00000000 / 255 0 255 255 / 0.12733460 0.23359680 / 1.00000000 0.00000000 0.00001170 1.00000000
				9.20751900 2.39794900 -1.75000000 / 0.00000000 -0.99999980 0.00000000 / 255 0 255 255 / -0.29347230 0.99949650 / 1.00000000 0.00000000 0.00000000 1.00000000
				9.20751900 2.39794900 -1.75000000 / 0.00000000 -0.99999980 0.00000000 / 255 0 255 255 / -0.29347230 0.99949650 / 1.00000000 0.00000000 0.00000000 1.00000000
				12.22217000 2.39794900 1.24902300 / 0.00000000 -1.00000000 0.00000000 / 255 0 255 255 / 0.71040350 0.00086970 / 1.00000000 0.00000000 -0.00002790 1.00000000
				12.22217000 2.39794900 1.24902300 / 0.00000000 -1.00000000 0.00000000 / 255 0 255 255 / 0.71040350 0.00086970 / 1.00000000 0.00000000 -0.00002790 1.00000000
				12.22217000 2.39794900 1.24902300 / 0.00000000 -1.00000000 0.00000000 / 255 0 255 255 / 0.71040350 0.00086970 / 1.00000000 0.00000000 -0.00002790 1.00000000
				12.22217000 2.39794900 1.24902300 / 0.00000000 -1.00000000 0.00000000 / 255 0 255 255 / 0.71040350 0.00086970 / 1.00000000 0.00000000 -0.00002790 1.00000000
				10.47119000 2.39794900 -1.75000000 / 0.00000000 -0.99999980 0.00000000 / 255 0 255 255 / 0.12733460 0.99949650 / 1.00000000 0.00000000 0.00000000 1.00000000
				10.47119000 2.39794900 -1.75000000 / 0.00000000 -0.99999980 0.00000000 / 255 0 255 255 / 0.12733460 0.99949650 / 1.00000000 0.00000000 0.00000000 1.00000000
				10.47119000 2.39794900 -1.75000000 / 0.00000000 -0.99999980 0.00000000 / 255 0 255 255 / 0.12733460 0.99949650 / 1.00000000 0.00000000 0.00000000 1.00000000
				13.97315000 2.39794900 0.54980470 / 0.00000000 -1.00000000 0.00000000 / 255 0 255 255 / 1.29347200 0.23359680 / 1.00000000 0.00000000 -0.00006060 1.00000000
				13.97315000 2.39794900 0.54980470 / 0.00000000 -1.00000000 0.00000000 / 255 0 255 255 / 1.29347200 0.23359680 / 1.00000000 0.00000000 -0.00006060 1.00000000
				13.97315000 2.39794900 0.54980470 / 0.00000000 -1.00000000 0.00000000 / 255 0 255 255 / 1.29347200 0.23359680 / 1.00000000 0.00000000 -0.00006060 1.00000000
				13.97315000 2.39794900 1.24755900 / 0.00000000 -1.00000000 0.00000000 / 255 0 255 255 / 1.29347200 0.00125120 / 1.00000000 0.00000000 -0.00018190 1.00000000
				12.22217000 2.39794900 0.54980470 / 0.00000000 -1.00000000 0.00000000 / 255 0 255 255 / 0.71040350 0.23359680 / 1.00000000 0.00000000 0.00000000 1.00000000
				12.22217000 2.39794900 0.54980470 / 0.00000000 -1.00000000 0.00000000 / 255 0 255 255 / 0.71040350 0.23359680 / 1.00000000 0.00000000 0.00000000 1.00000000
				12.22217000 2.39794900 0.54980470 / 0.00000000 -1.00000000 0.00000000 / 255 0 255 255 / 0.71040350 0.23359680 / 1.00000000 0.00000000 0.00000000 1.00000000
				12.22217000 2.39794900 0.54980470 / 0.00000000 -1.00000000 0.00000000 / 255 0 255 255 / 0.71040350 0.23359680 / 1.00000000 0.00000000 0.00000000 1.00000000
				12.22217000 2.39794900 0.54980470 / 0.00000000 -1.00000000 0.00000000 / 255 0 255 255 / 0.71040350 0.23359680 / 1.00000000 0.00000000 0.00000000 1.00000000
				12.22217000 2.39794900 0.54980470 / 0.00000000 -1.00000000 0.00000000 / 255 0 255 255 / 0.71040350 0.23359680 / 1.00000000 0.00000000 0.00000000 1.00000000
				12.22217000 2.39794900 -1.75000000 / 0.00000000 -1.00000000 0.00000000 / 255 0 255 255 / 0.71040350 0.99949650 / 1.00000000 0.00000000 0.00000000 1.00000000
				12.22217000 2.39794900 -1.75000000 / 0.00000000 -1.00000000 0.00000000 / 255 0 255 255 / 0.71040350 0.99949650 / 1.00000000 0.00000000 0.00000000 1.00000000
				13.97315000 2.39794900 -1.75000000 / 0.00000000 -1.00000000 0.00000000 / 255 0 255 255 / 1.29347200 0.99949650 / 1.00000000 0.00000000 0.00000000 1.00000000
				13.97315000 2.39794900 -1.75000000 / 0.00000000 -1.00000000 0.00000000 / 255 0 255 255 / 1.29347200 0.99949650 / 1.00000000 0.00000000 0.00000000 1.00000000
				13.97315000 2.28173800 1.24755900 / -1.00000000 0.00000000 0.00000000 / 255 0 255 255 / -0.04408260 0.00125120 / 0.00000000 -1.00000000 0.00000000 1.00000000
				13.97315000 2.28173800 1.24755900 / -1.00000000 0.00000000 0.00000000 / 255 0 255 255 / -0.04408260 0.00125120 / 0.00000000 -1.00000000 0.00000000 1.00000000
				13.97315000 2.28173800 1.24755900 / -1.00000000 0.00000000 0.00000000 / 255 0 255 255 / -0.04408260 0.00125120 / 0.00000000 -1.00000000 0.00000000 1.00000000
				13.97315000 2.39794900 1.24755900 / -1.00000000 0.00000000 0.00000000 / 255 0 255 255 / -0.08274840 0.00125120 / 0.00000000 -1.00000000 0.00000000 1.00000000
				13.97315000 2.39794900 0.54980470 / -1.00000000 0.00000000 0.00000000 / 255 0 255 255 / -0.08274840 0.23359680 / 0.00000000 -1.00000000 0.00000000 1.00000000
				13.97315000 2.39794900 0.54980470 / -1.00000000 0.00000000 0.00000000 / 255 0 255 255 / -0.08274840 0.23359680 / 0.00000000 -1.00000000 0.00000000 1.00000000
				13.97315000 2.39794900 0.54980470 / -1.00000000 0.00000000 0.00000000 / 255 0 255 255 / -0.08274840 0.23359680 / 0.00000000 -1.00000000 0.00000000 1.00000000
				13.97315000 2.28173800 0.54980470 / -1.00000000 0.00000000 0.00000000 / 255 0 255 255 / -0.04408260 0.23359680 / 0.00000000 -1.00000000 0.00000000 1.00000000
				13.97315000 2.28173800 0.54980470 / -1.00000000 0.00000000 0.00000000 / 255 0 255 255 / -0.04408260 0.23359680 / 0.00000000 -1.00000000 0.00000000 1.00000000
				13.97315000 2.28173800 0.54980470 / -1.00000000 0.00000000 0.00000000 / 255 0 255 255 / -0.04408260 0.23359680 / 0.00000000 -1.00000000 0.00000000 1.00000000
				13.97315000 2.28173800 0.54980470 / -1.00000000 0.00000000 0.00000000 / 255 0 255 255 / -0.04408260 0.23359680 / 0.00000000 -1.00000000 0.00000000 1.00000000
				13.97315000 2.28173800 0.54980470 / -1.00000000 0.00000000 0.00000000 / 255 0 255 255 / -0.04408260 0.23359680 / 0.00000000 -1.00000000 0.00000000 1.00000000
				13.97315000 2.39794900 -1.75000000 / -1.00000000 0.00000000 0.00000000 / 255 0 255 255 / -0.08274840 0.99949650 / 0.00000000 -1.00000000 0.00000000 1.00000000
				13.97315000 2.39794900 -1.75000000 / -1.00000000 0.00000000 0.00000000 / 255 0 255 255 / -0.08274840 0.99949650 / 0.00000000 -1.00000000 0.00000000 1.00000000
				13.97315000 2.28173800 -1.75000000 / -1.00000000 0.00000000 0.00000000 / 255 0 255 255 / -0.04408260 0.99949650 / 0.00000000 -1.00000000 0.00000000 1.00000000
				13.97315000 0.98193360 1.24755900 / -1.00000000 0.00000000 0.00000000 / 255 0 255 255 / 0.38882450 0.00125120 / 0.00000000 -1.00000000 0.00000000 1.00000000
				13.97315000 0.98193360 1.24755900 / -1.00000000 0.00000000 0.00000000 / 255 0 255 255 / 0.38882450 0.00125120 / 0.00000000 -1.00000000 0.00000000 1.00000000
				13.97315000 0.98193360 1.24755900 / -1.00000000 0.00000000 0.00000000 / 255 0 255 255 / 0.38882450 0.00125120 / 0.00000000 -1.00000000 0.00000000 1.00000000
				13.97315000 0.98193360 0.54980470 / -1.00000000 0.00000000 0.00000000 / 255 0 255 255 / 0.38882450 0.23359680 / 0.00000000 -1.00000000 0.00000000 1.00000000
				13.97315000 0.98193360 0.54980470 / -1.00000000 0.00000000 0.00000000 / 255 0 255 255 / 0.38882450 0.23359680 / 0.00000000 -1.00000000 0.00000000 1.00000000
				13.97315000 0.98193360 0.54980470 / -1.00000000 0.00000000 0.00000000 / 255 0 255 255 / 0.38882450 0.23359680 / 0.00000000 -1.00000000 0.00000000 1.00000000
				13.97315000 0.98193360 0.54980470 / -1.00000000 0.00000000 0.00000000 / 255 0 255 255 / 0.38882450 0.23359680 / 0.00000000 -1.00000000 0.00000000 1.00000000
				13.97315000 0.64794920 1.24755900 / -0.99999980 0.00000000 0.00000000 / 255 0 255 255 / 0.50000000 0.00125120 / 0.00000000 -1.00000000 0.00000000 1.00000000
				13.97315000 0.64794920 1.24755900 / -0.99999980 0.00000000 0.00000000 / 255 0 255 255 / 0.50000000 0.00125120 / 0.00000000 -1.00000000 0.00000000 1.00000000
				13.97315000 0.64794920 1.24755900 / -0.99999980 0.00000000 0.00000000 / 255 0 255 255 / 0.50000000 0.00125120 / 0.00000000 -1.00000000 0.00000000 1.00000000
				13.97315000 0.64794920 1.24755900 / -0.99999980 0.00000000 0.00000000 / 255 0 255 255 / 0.50000000 0.00125120 / 0.00000000 -1.00000000 0.00000000 1.00000000
				13.97315000 -1.10205100 0.54980470 / -1.00000000 0.00000000 0.00000000 / 255 0 255 255 / 1.08274800 0.23359680 / 0.00000000 -1.00000000 0.00000000 1.00000000
				13.97315000 -1.10205100 0.54980470 / -1.00000000 0.00000000 0.00000000 / 255 0 255 255 / 1.08274800 0.23359680 / 0.00000000 -1.00000000 0.00000000 1.00000000
				13.97315000 -1.10205100 0.54980470 / -1.00000000 0.00000000 0.00000000 / 255 0 255 255 / 1.08274800 0.23359680 / 0.00000000 -1.00000000 0.00000000 1.00000000
				13.97315000 -1.10205100 1.24755900 / -1.00000000 0.00000000 0.00000000 / 255 0 255 255 / 1.08274800 0.00125120 / 0.00000000 -1.00000000 0.00000000 1.00000000
				13.97315000 0.64794920 0.54980470 / -1.00000000 0.00000000 0.00000000 / 255 0 255 255 / 0.50000000 0.23359680 / 0.00000000 -1.00000000 0.00000000 1.00000000
				13.97315000 0.64794920 0.54980470 / -1.00000000 0.00000000 0.00000000 / 255 0 255 255 / 0.50000000 0.23359680 / 0.00000000 -1.00000000 0.00000000 1.00000000
				13.97315000 0.64794920 0.54980470 / -1.00000000 0.00000000 0.00000000 / 255 0 255 255 / 0.50000000 0.23359680 / 0.00000000 -1.00000000 0.00000000 1.00000000
				13.97315000 0.64794920 0.54980470 / -1.00000000 0.00000000 0.00000000 / 255 0 255 255 / 0.50000000 0.23359680 / 0.00000000 -1.00000000 0.00000000 1.00000000
				13.97315000 0.64794920 0.54980470 / -1.00000000 0.00000000 0.00000000 / 255 0 255 255 / 0.50000000 0.23359680 / 0.00000000 -1.00000000 0.00000000 1.00000000
				13.97315000 0.64794920 0.54980470 / -1.00000000 0.00000000 0.00000000 / 255 0 255 255 / 0.50000000 0.23359680 / 0.00000000 -1.00000000 0.00000000 1.00000000
				13.97315000 0.98193360 -1.75000000 / -1.00000000 0.00000000 0.00000000 / 255 0 255 255 / 0.38882450 0.99949650 / 0.00000000 -1.00000000 0.00000000 1.00000000
				13.97315000 0.98193360 -1.75000000 / -1.00000000 0.00000000 0.00000000 / 255 0 255 255 / 0.38882450 0.99949650 / 0.00000000 -1.00000000 0.00000000 1.00000000
				13.97315000 -1.10205100 -1.75000000 / -1.00000000 0.00000000 0.00000000 / 255 0 255 255 / 1.08274800 0.99949650 / 0.00000000 -1.00000000 0.00000000 1.00000000
				13.97315000 -1.10205100 -1.75000000 / -1.00000000 0.00000000 0.00000000 / 255 0 255 255 / 1.08274800 0.99949650 / 0.00000000 -1.00000000 0.00000000 1.00000000
				13.97315000 0.64794920 -1.75000000 / -1.00000000 0.00000000 0.00000000 / 255 0 255 255 / 0.50000000 0.99949650 / 0.00000000 -1.00000000 0.00000000 1.00000000
				13.97315000 0.64794920 -1.75000000 / -1.00000000 0.00000000 0.00000000 / 255 0 255 255 / 0.50000000 0.99949650 / 0.00000000 -1.00000000 0.00000000 1.00000000
			}
		}
	}
}
