Version 165 32
{
	Locked False
	Skinned False
	BoneCount 0
	Mask 255
	Bounds
	{
		Aabb
		{
			Min -38.56404000 -3.51097900 -11.97295000
			Max -33.64806000 4.95202400 -9.30791500
		}
		Aabb
		{
			Min -38.56404000 -3.20943000 -11.96612000
			Max -33.95941000 4.87042000 -11.67022000
		}
		Aabb
		{
			Min -38.56404000 -3.51097900 -11.97295000
			Max -33.64806000 4.95202400 -9.30791500
		}
	}
	Geometries
	{
		Geometry
		{
			ShaderIndex 42
			Flags -
			VertexDeclaration N209731BE
			Indices 12
			{
				0 2 3 4 5 1 6 8 9 10 11 7
			}
			Vertices 12
			{
				-33.99127000 -3.15037700 -11.96612000 / -0.86865400 -0.49538940 -0.00543620 / 219 97 0 255 / 2.56710800 0.24957270
				-33.99127000 -3.15037700 -11.96612000 / -0.86865400 -0.49538940 -0.00543620 / 219 97 0 255 / 2.56710800 0.24957270
				-33.95941000 -3.20943000 -11.67023000 / -0.86864410 -0.49540760 -0.00534080 / 220 97 0 255 / 2.61814900 0.19396970
				-35.41009000 -0.66548260 -11.67022000 / -0.86868020 -0.49532680 -0.00677170 / 219 97 0 255 / 0.48645020 0.19396970
				-35.41009000 -0.66548260 -11.67022000 / -0.86868020 -0.49532680 -0.00677170 / 219 97 0 255 / 0.48645020 0.19396970
				-35.44164000 -0.60605390 -11.96610000 / -0.86868240 -0.49532200 -0.00686710 / 219 98 0 255 / 0.43540960 0.24957270
				-38.52284000 4.79446500 -11.67023000 / -0.86868050 -0.49533290 -0.00629480 / 221 112 0 255 / -1.40579200 0.19396970
				-38.52284000 4.79446500 -11.67023000 / -0.86868050 -0.49533290 -0.00629480 / 221 112 0 255 / -1.40579200 0.19396970
				-38.56404000 4.87042000 -11.95929000 / -0.86868050 -0.49533290 -0.00629480 / 221 112 0 255 / -1.47139000 0.24957270
				-35.78109000 -0.01136940 -11.95882000 / -0.86866880 -0.49536440 -0.00534100 / 221 112 0 255 / 2.60940500 0.24957270
				-35.78109000 -0.01136940 -11.95882000 / -0.86866880 -0.49536440 -0.00534100 / 221 112 0 255 / 2.60940500 0.24957270
				-35.75691000 -0.05685140 -11.67462000 / -0.86866840 -0.49536510 -0.00534100 / 221 111 0 255 / 2.64877300 0.19396970
			}
		}
		Geometry
		{
			ShaderIndex 43
			Flags -
			VertexDeclaration N209731BE
			Indices 5406
			{
				3024 5117 611 612 3139 3025 3610 3884 4183 4184 4472 3611 4787 5113 28
				29 363 4788 707 1049 1390 1391 1681 708 1699 1719 1740 1741 1759 1700
				1782 1803 1821 1822 1840 1783 1857 1875 1893 1894 1911 1858 1930 1950 1973
				1974 1993 1931 2012 2033 2052 2053 2071 2013 2092 2110 2128 2129 2151 2093
				2170 2189 2206 2207 2226 2171 2245 2263 2282 2283 2303 2246 2324 2347 2367
				2368 2387 2325 2407 2425 2444 2445 2463 2408 2481 2501 2519 2520 2537 2482
				2559 2582 2600 2601 2619 2560 2637 2655 2676 2677 2696 2638 2717 2738 2757
				2758 2778 2718 2799 2818 2835 2836 2855 2800 2879 2904 2932 2933 2959 2880
				2995 3026 3054 3055 3090 2996 3125 3154 3178 3179 3207 3126 3235 3273 3307
				3308 0 3236 2662 3558 3825 3826 4125 2663 4395 4714 5035 5036 5353 4396
				275 641 980 981 1323 276 1667 1866 2061 2062 2254 1668 2453 2646 2845
				2846 3162 2454 3352 3378 3401 3402 3434 3353 3466 3500 3532 3533 3559 3467
				3585 3612 3638 3639 3666 3586 3694 3718 3745 3746 3774 3695 3800 3828 3855
				3856 3885 3801 3919 3955 3988 3989 4017 3920 4045 4077 4105 4106 4129 4046
				4155 4185 4213 4214 4239 4156 4265 4293 4324 4325 4353 4266 4378 4403 4437
				4438 4473 4379 4507 4542 4565 4566 4599 4508 4632 4665 4699 4700 4723 4633
				4755 4789 4819 4820 4855 4756 4892 4917 4952 4953 4984 4893 5019 5051 5083
				5084 5114 5020 5137 5164 5198 5199 5238 5138 5274 5303 5339 5340 5371 5275
				5401 30 67 68 101 5402 133 159 193 194 233 134 267 296 334
				335 367 268 394 430 466 467 497 395 531 569 600 601 637 532
				670 709 742 743 772 671 809 842 875 876 911 810 947 979 1016
				1017 1050 948 1083 1117 1151 1152 1186 1084 1220 1257 1290 1291 1324 1221
				1357 1392 1426 1427 1463 1358 1496 1532 1567 1568 1600 1497 1639 1672 1679
				1680 1682 1640 1683 1685 1686 1687 1690 1684 1691 1693 1694 1695 1696 1692
				1697 1701 1702 1703 1704 1698 1708 1710 1711 1712 1713 1709 1714 1716 1717
				1718 1720 1715 1721 1728 1729 1730 1731 1722 1732 1734 1735 1736 1737 1733
				1738 1742 1745 1746 1747 1739 1748 1750 1751 1752 1753 1749 1754 1756 1757
				1758 1762 1755 1763 1765 1766 1767 1768 1764 1769 1771 1772 1773 1774 1770
				1775 1784 1785 1786 1787 1776 1788 1790 1791 1792 1793 1789 1794 1796 1801
				1802 1804 1795 1805 1807 1808 1809 1810 1806 1811 1813 1814 1815 1818 1812
				1819 1823 1824 1825 1826 1820 1827 1829 1830 1831 1832 1828 1835 1837 1838
				1839 1841 1836 1842 1844 1845 1846 1847 1843 1848 1851 1852 1853 1854 1849
				1855 1859 1860 1861 1862 1856 1863 1865 1867 1868 1869 1864 1870 1872 1873
				1874 1876 1871 1877 1879 1880 1881 1884 1878 1885 1887 1888 1889 1890 1886
				1891 1895 1896 1897 1898 1892 1900 1902 1903 1904 1905 1901 1906 1908 1909
				1910 1912 1907 1913 1918 1919 1920 1921 1914 1922 1924 1925 1926 1927 1923
				1928 1932 1936 1937 1938 1929 1939 1941 1942 1943 1944 1940 1945 1947 1948
				1949 1955 1946 1956 1958 1959 1960 1961 1957 1962 1964 1965 1966 1967 1963
				1968 1975 1976 1977 1978 1969 1979 1981 1982 1983 1984 1980 1985 1987 1991
				1992 1994 1986 1995 1997 1998 1999 2000 1996 2001 2003 2004 2005 2009 2002
				2010 2014 2015 2016 2017 2011 2018 2020 2021 2022 2023 2019 2028 2030 2031
				2032 2034 2029 2035 2037 2038 2039 2040 2036 2041 2046 2047 2048 2049 2042
				2050 2054 2055 2056 2057 2051 2058 2060 2063 2064 2065 2059 2066 2068 2069
				2070 2072 2067 2073 2075 2076 2077 2083 2074 2084 2086 2087 2088 2089 2085
				2090 2094 2095 2096 2097 2091 2099 2101 2102 2103 2104 2100 2105 2107 2108
				2109 2111 2106 2112 2116 2117 2118 2119 2113 2120 2122 2123 2124 2125 2121
				2126 2130 2137 2138 2139 2127 2140 2142 2143 2144 2145 2141 2146 2148 2149
				2150 2154 2147 2155 2157 2158 2159 2160 2156 2161 2163 2164 2165 2166 2162
				2167 2172 2173 2174 2175 2168 2176 2178 2179 2180 2181 2177 2182 2184 2187
				2188 2190 2183 2191 2193 2194 2195 2196 2192 2197 2199 2200 2201 2203 2198
				2204 2208 2209 2210 2211 2205 2212 2214 2215 2216 2217 2213 2221 2223 2224
				2225 2227 2222 2228 2230 2231 2232 2233 2229 2234 2239 2240 2241 2242 2235
				2243 2247 2248 2249 2250 2244 2251 2253 2255 2256 2257 2252 2258 2260 2261
				2262 2264 2259 2265 2267 2268 2269 2273 2266 2274 2276 2277 2278 2279 2275
				2280 2284 2285 2286 2287 2281 2292 2294 2295 2296 2297 2293 2298 2300 2301
				2302 2304 2299 2305 2312 2313 2314 2315 2306 2316 2318 2319 2320 2321 2317
				2322 2326 2333 2334 2335 2323 2336 2338 2339 2340 2341 2337 2342 2344 2345
				2346 2350 2343 2351 2353 2354 2355 2356 2352 2357 2359 2360 2361 2362 2358
				2363 2369 2370 2371 2372 2364 2373 2375 2376 2377 2378 2374 2379 2381 2385
				2386 2388 2380 2389 2391 2392 2393 2394 2390 2395 2397 2398 2399 2404 2396
				2405 2409 2410 2411 2412 2406 2413 2415 2416 2417 2418 2414 2420 2422 2423
				2424 2426 2421 2427 2429 2430 2431 2432 2428 2433 2438 2439 2440 2441 2434
				2442 2446 2447 2448 2449 2443 2450 2452 2455 2456 2457 2451 2458 2460 2461
				2462 2464 2459 2465 2467 2468 2469 2472 2466 2473 2475 2476 2477 2478 2474
				2479 2483 2484 2485 2486 2480 2490 2492 2493 2494 2495 2491 2496 2498 2499
				2500 2502 2497 2503 2507 2508 2509 2510 2504 2511 2513 2514 2515 2516 2512
				2517 2521 2523 2524 2525 2518 2526 2528 2529 2530 2531 2527 2532 2534 2535
				2536 2541 2533 2542 2544 2545 2546 2547 2543 2548 2550 2551 2552 2553 2549
				2554 2561 2562 2563 2564 2555 2565 2567 2568 2569 2570 2566 2571 2573 2580
				2581 2583 2572 2584 2586 2587 2588 2589 2585 2590 2592 2593 2594 2597 2591
				2598 2602 2603 2604 2605 2599 2606 2608 2609 2610 2611 2607 2614 2616 2617
				2618 2620 2615 2621 2623 2624 2625 2626 2622 2627 2631 2632 2633 2634 2628
				2635 2639 2640 2641 2642 2636 2643 2645 2647 2648 2649 2644 2650 2652 2653
				2654 2656 2651 2657 2659 2660 2661 2667 2658 2668 2670 2671 2672 2673 2669
				2674 2678 2679 2680 2681 2675 2685 2687 2688 2689 2690 2686 2691 2693 2694
				2695 2697 2692 2698 2705 2706 2707 2708 2699 2709 2711 2712 2713 2714 2710
				2715 2719 2724 2725 2726 2716 2727 2729 2730 2731 2732 2728 2733 2735 2736
				2737 2741 2734 2742 2744 2745 2746 2747 2743 2748 2750 2751 2752 2753 2749
				2754 2759 2760 2761 2762 2755 2763 2765 2766 2767 2768 2764 2769 2771 2776
				2777 2779 2770 2780 2782 2783 2784 2785 2781 2786 2788 2789 2790 2796 2787
				2797 2801 2802 2803 2804 2798 2805 2807 2808 2809 2810 2806 2813 2815 2816
				2817 2819 2814 2820 2822 2823 2824 2825 2821 2826 2829 2830 2831 2832 2827
				2833 2837 2838 2839 2840 2834 2841 2843 2847 2848 2849 2842 2850 2852 2853
				2854 2856 2851 2857 2859 2860 2861 2865 2858 2866 2862 2868 2869 2871 2867
				2872 2870 2874 2875 2876 2873 2877 2881 2882 2883 2885 2878 2886 2884 2889
				2890 2891 2887 2892 2894 2895 2896 2898 2893 2899 2897 2901 2902 2905 2900
				2906 2903 2908 2909 2914 2907 2915 2910 2917 2918 2919 2916 2920 2922 2923
				2924 2926 2921 2927 2925 2929 2930 2934 2928 2935 2931 2938 2939 2941 2936
				2942 2940 2944 2945 2947 2943 2948 2946 2950 2951 2952 2949 2953 2955 2956
				2957 2962 2954 2963 2958 2965 2966 2968 2964 2969 2967 2971 2972 2974 2970
				2975 2973 2977 2978 2980 2976 2981 2979 2983 2984 2986 2982 2987 2985 2989
				2990 2997 2988 2998 2991 3000 3001 3004 2999 3006 3005 3002 3003 3008 3007
				3009 3011 3012 3013 3015 3010 3016 3014 3021 3022 3027 3017 3028 3023 3030
				3031 3032 3029 3033 3035 3036 3037 3039 3034 3040 3038 3045 3046 3048 3041
				3049 3047 3051 3052 3056 3050 3057 3053 3059 3060 3062 3058 3063 3061 3065
				3066 3068 3064 3069 3067 3071 3072 3077 3070 3078 3073 3080 3081 3083 3079
				3084 3082 3086 3087 3091 3085 3093 3092 3088 3089 3096 3094 3099 3095 3097
				3098 3102 3100 3110 3101 3103 3104 3113 3111 3116 3112 3114 3115 3119 3117
				3122 3118 3120 3121 3127 3123 3130 3124 3128 3129 3133 3131 3136 3132 3134
				3135 3140 3137 3143 3138 3141 3142 3146 3144 3149 3145 3147 3148 3151 3150
				3152 3155 3156 3157 3159 3153 3160 3158 3163 3164 3166 3161 3167 3165 3169
				3170 3171 3168 3172 3174 3175 3176 3180 3173 3181 3177 3183 3184 3188 3182
				3189 3191 3192 3193 3195 3190 3196 3194 3198 3199 3201 3197 3202 3200 3204
				3205 3208 3203 3209 3206 3214 3215 3216 3210 3217 3219 3220 3221 3223 3218
				3224 3222 3226 3227 3229 3225 3230 3228 3232 3233 3240 3231 3241 3234 3243
				3244 3246 3242 3247 3245 3249 3250 3252 3248 3253 3251 3255 3256 3259 3254
				3261 3260 3257 3258 3264 3262 3267 3263 3265 3266 3274 3268 3277 3269 3275
				3276 3280 3278 3283 3279 3281 3282 3286 3284 3289 3285 3287 3288 3292 3290
				3295 3291 3293 3294 3298 3296 3304 3297 3299 3300 3309 3305 3312 3306 3310
				3311 3315 3313 3318 3314 3316 3317 3321 3319 3324 3320 3322 3323 3327 3325
				3330 3326 3328 3329 3336 3331 3339 3332 3337 3338 302 3340 608 3341 303
				304 919 609 1228 610 920 921 1539 1229 1777 1951 2131 2132 2307 1778
				2308 2133 2487 2488 2844 2309 3105 3346 3366 3367 3388 3106 3389 3368 3414
				3415 3444 3390 3474 3504 3534 3535 3581 3475 3582 3536 3604 3605 3628 3583
				3629 3606 3653 3654 3679 3630 3680 3655 3702 3703 3724 3681 3725 3704 3751
				3752 3775 3726 3776 3753 3797 3798 3847 3777 3848 3799 3872 3873 3902 3849
				3903 3874 3933 3934 3965 3901 3996 3966 3935 3936 4021 3997 4047 3998 4022
				4023 4074 4048 4099 4049 4075 4076 4147 4100 4171 4101 4148 4149 4198 4172
				4221 4173 4199 4200 4244 4222 4269 4223 4245 4246 4294 4270 4321 4271 4295
				4296 4347 4322 4372 4323 4348 4349 4422 4373 4454 4374 4423 4424 4483 4455
				4515 4456 4484 4485 4545 4516 4567 4517 4546 4547 4598 4568 4627 4658 4687
				4688 4738 4628 4739 4689 4770 4771 4794 4740 4825 4795 4772 4773 4856 4826
				4890 4827 4857 4858 4913 4891 4943 4973 5004 5064 4944 5005 5006 5090 5065
				5118 5139 5161 5162 5193 5119 5194 5163 5231 5232 5262 5195 5263 5233 5288
				5289 5318 5264 5319 5290 5379 5380 1 5320 2 5381 31 32 66 3
				97 123 149 150 177 98 178 151 213 214 245 179 246 215 305
				306 337 247 338 307 364 365 388 339 389 366 420 421 452 390
				453 422 482 483 513 454 514 484 547 548 577 515 672 578 549
				550 706 673 734 762 793 794 824 735 825 795 855 856 888 826
				889 857 922 923 952 890 1014 1046 1072 1073 1102 1015 1103 1074 1133
				1134 1165 1104 1166 1135 1196 1197 1230 1167 1231 1198 1261 1262 1292 1232
				1352 1383 1411 1443 1353 1412 1413 1476 1444 1445 1477 1507 1446 1540 1572
				1447 1508 1541 1601 1542 1509 1510 1635 1602 1688 1603 1636 1637 1705 1689
				1706 1638 1723 1724 1743 1707 1744 1725 1760 1779 1761 1726 1727 1797 1780
				1798 1816 1781 1833 1817 1799 1800 1850 1834 1882 1899 1915 1916 1933 1883
				1934 1917 1952 1953 1970 1935 1971 1954 1988 1989 2006 1972 2007 1990 2024
				2025 2043 2008 2078 2044 2026 2079 2027 2098 2080 2114 2045 2134 2115 2081
				2082 2152 2135 2153 2169 2136 2185 2202 2218 2219 2236 2186 2237 2220 2270
				2288 2238 2271 2272 2310 2289 2290 2311 2327 2328 2348 2291 2365 2349 2329
				2382 2366 2330 2331 2400 2383 2401 2332 2419 2435 2384 2402 2403 2470 2436
				2471 2489 2437 2505 2522 2538 2539 2556 2506 2557 2540 2574 2575 2595 2558
				2612 2596 2576 2629 2613 2577 2664 2630 2578 2579 2682 2665 2700 2666 2683
				2684 2720 2701 2739 2756 2702 2703 2772 2740 2773 2704 2721 2722 2791 2774
				2811 2775 2792 2793 2828 2812 2794 2723 2863 2864 2888 2795 2911 2937 2960
				2961 2992 2912 3018 2913 2993 2994 3042 3019 3074 3020 3043 3044 3107 3075
				3185 3076 3108 3109 3211 3186 3237 3187 3212 3213 3270 3238 3301 3239 3271
				3272 3333 3302 3342 3303 3334 3335 3347 3343 3344 3348 3349 3350 3351 3345
				3354 3357 3358 3359 3360 3355 3363 3356 3361 3362 3365 3364 3369 3372 3373
				3374 3375 3370 3379 3371 3376 3377 3381 3380 3382 3385 3386 3387 3391 3383
				3394 3384 3392 3393 3396 3395 3397 3400 3403 3404 3405 3398 3408 3399 3406
				3407 3412 3409 3410 3413 3416 3417 3419 3411 3420 3418 3422 3423 3425 3421
				3426 3424 3428 3429 3431 3427 3432 3430 3435 3436 3438 3433 3439 3437 3441
				3442 3445 3440 3446 3443 3448 3449 3451 3447 3452 3450 3454 3455 3457 3453
				3458 3456 3460 3461 3463 3459 3464 3462 3468 3469 3471 3465 3472 3470 3476
				3477 3480 3473 3482 3481 3478 3479 3485 3483 3488 3484 3486 3487 3491 3489
				3494 3490 3492 3493 3497 3495 3501 3496 3498 3499 3505 3502 3508 3503 3506
				3507 3511 3509 3514 3510 3512 3513 3517 3515 3520 3516 3518 3519 3523 3521
				3526 3522 3524 3525 3529 3527 3537 3528 3530 3531 3540 3538 3543 3539 3541
				3542 3545 3544 3546 3549 3550 3551 3552 3547 3555 3548 3553 3554 3557 3556
				3560 3563 3564 3565 3566 3561 3569 3562 3567 3568 3572 3570 3575 3571 3573
				3574 3577 3576 3578 3584 3587 3588 3589 3579 3592 3580 3590 3591 3594 3593
				3595 3598 3599 3600 3601 3596 3607 3597 3602 3603 3609 3608 3613 3616 3617
				3618 3619 3614 3622 3615 3620 3621 3625 3623 3631 3624 3626 3627 3633 3632
				3634 3637 3640 3641 3642 3635 3645 3636 3643 3644 3649 3646 3647 3650 3651
				3652 3656 3648 3657 3660 3661 3662 3663 3658 3667 3659 3664 3665 3670 3668
				3673 3669 3671 3672 3676 3674 3682 3675 3677 3678 3684 3683 3685 3688 3689
				3690 3691 3686 3696 3687 3692 3693 3698 3697 3699 3705 3706 3707 3708 3700
				3711 3701 3709 3710 3713 3712 3714 3717 3719 3720 3721 3715 3727 3716 3722
				3723 3731 3728 3729 3732 3733 3734 3735 3730 3736 3739 3740 3741 3742 3737
				3747 3738 3743 3744 3754 3748 3749 3755 3756 3757 3758 3750 3759 3762 3763
				3764 3765 3760 3768 3761 3766 3767 3771 3769 3778 3770 3772 3773 3780 3779
				3781 3784 3785 3786 3787 3782 3790 3783 3788 3789 3792 3791 3793 3796 3802
				3803 3804 3794 3807 3795 3805 3806 3810 3808 3813 3809 3811 3812 3816 3814
				3819 3815 3817 3818 3821 3820 3822 3827 3829 3830 3831 3823 3834 3824 3832
				3833 3837 3835 3840 3836 3838 3839 3842 3841 3843 3846 3850 3851 3852 3844
				3857 3845 3853 3854 3859 3858 3860 3863 3864 3865 3866 3861 3869 3862 3867
				3868 3875 3870 3878 3871 3876 3877 3881 3879 3886 3880 3882 3883 3889 3887
				3892 3888 3890 3891 3895 3893 3898 3894 3896 3897 3904 3899 3907 3900 3905
				3906 3910 3908 3913 3909 3911 3912 3916 3914 3921 3915 3917 3918 3925 3922
				3923 3926 3927 3928 3930 3924 3931 3929 3937 3938 3940 3932 3941 3939 3943
				3944 3946 3942 3947 3945 3949 3950 3952 3948 3953 3951 3956 3957 3959 3954
				3960 3958 3962 3963 3967 3961 3968 3964 3970 3971 3973 3969 3974 3972 3976
				3977 3979 3975 3980 3978 3982 3983 3985 3981 3986 3984 3990 3991 3994 3987
				3999 3995 3992 3993 4001 4000 4002 4005 4006 4007 4008 4003 4011 4004 4009
				4010 4014 4012 4018 4013 4015 4016 4024 4019 4027 4020 4025 4026 4031 4028
				4029 4032 4033 4034 4035 4030 4036 4039 4040 4041 4042 4037 4050 4038 4043
				4044 4054 4051 4052 4055 4056 4057 4060 4053 4062 4061 4058 4059 4064 4063
				4065 4068 4069 4070 4071 4066 4078 4067 4072 4073 4082 4079 4080 4083 4084
				4085 4088 4081 4090 4089 4086 4087 4092 4091 4093 4096 4097 4098 4102 4094
				4107 4095 4103 4104 4110 4108 4113 4109 4111 4112 4115 4114 4116 4119 4120
				4121 4122 4117 4126 4118 4123 4124 4128 4127 4130 4133 4134 4135 4136 4131
				4139 4132 4137 4138 4142 4140 4145 4141 4143 4144 4150 4146 4151 4154 4157
				4158 4159 4152 4162 4153 4160 4161 4166 4163 4164 4167 4168 4169 4170 4165
				4174 4177 4178 4179 4180 4175 4186 4176 4181 4182 4189 4187 4192 4188 4190
				4191 4195 4193 4201 4194 4196 4197 4203 4202 4204 4207 4208 4209 4210 4205
				4215 4206 4211 4212 4217 4216 4218 4224 4225 4226 4227 4219 4230 4220 4228
				4229 4234 4231 4232 4235 4236 4237 4238 4233 4240 4243 4247 4248 4249 4241
				4252 4242 4250 4251 4256 4253 4254 4257 4258 4259 4260 4255 4261 4264 4267
				4268 4272 4262 4275 4263 4273 4274 4279 4276 4277 4280 4281 4282 4283 4278
				4284 4287 4288 4289 4290 4285 4297 4286 4291 4292 4301 4298 4299 4302 4303
				4304 4305 4300 4306 4309 4310 4311 4312 4307 4315 4308 4313 4314 4318 4316
				4326 4317 4319 4320 4329 4327 4332 4328 4330 4331 4334 4333 4335 4338 4339
				4340 4341 4336 4344 4337 4342 4343 4350 4345 4354 4346 4351 4352 4356 4355
				4357 4360 4361 4362 4363 4358 4366 4359 4364 4365 4369 4367 4375 4368 4370
				4371 4377 4376 4380 4383 4384 4385 4386 4381 4389 4382 4387 4388 4391 4390
				4392 4397 4398 4399 4400 4393 4404 4394 4401 4402 4408 4405 4406 4409 4410
				4411 4413 4407 4414 4412 4416 4417 4419 4415 4420 4418 4425 4426 4428 4421
				4429 4427 4431 4432 4434 4430 4435 4433 4439 4440 4442 4436 4443 4441 4445
				4446 4448 4444 4449 4447 4451 4452 4457 4450 4458 4453 4460 4461 4463 4459
				4464 4462 4466 4467 4469 4465 4470 4468 4474 4475 4478 4471 4480 4479 4476
				4477 4486 4481 4489 4482 4487 4488 4492 4490 4495 4491 4493 4494 4498 4496
				4501 4497 4499 4500 4504 4502 4509 4503 4505 4506 4512 4510 4518 4511 4513
				4514 4521 4519 4524 4520 4522 4523 4527 4525 4530 4526 4528 4529 4533 4531
				4536 4532 4534 4535 4539 4537 4543 4538 4540 4541 4548 4544 4549 4552 4553
				4554 4555 4550 4558 4551 4556 4557 4560 4559 4561 4564 4569 4570 4571 4562
				4574 4563 4572 4573 4578 4575 4576 4579 4580 4581 4583 4577 4584 4582 4586
				4587 4589 4585 4590 4588 4592 4593 4595 4591 4596 4594 4600 4601 4603 4597
				4604 4602 4606 4607 4609 4605 4610 4608 4612 4613 4615 4611 4616 4614 4618
				4619 4621 4617 4622 4620 4624 4625 4629 4623 4630 4626 4634 4635 4637 4631
				4638 4636 4640 4641 4644 4639 4646 4645 4642 4643 4649 4647 4652 4648 4650
				4651 4655 4653 4659 4654 4656 4657 4662 4660 4666 4661 4663 4664 4669 4667
				4672 4668 4670 4671 4675 4673 4678 4674 4676 4677 4681 4679 4684 4680 4682
				4683 4690 4685 4693 4686 4691 4692 4696 4694 4701 4695 4697 4698 4704 4702
				4707 4703 4705 4706 4709 4708 4710 4713 4715 4716 4717 4711 4720 4712 4718
				4719 4722 4721 4724 4727 4728 4729 4730 4725 4734 4726 4731 4732 4741 4742
				4735 4733 4743 4746 4736 4744 4747 4745 4750 4748 4751 4737 4749 4757 4752
				4753 4758 4759 4760 4762 4754 4763 4761 4765 4774 4764 4766 4775 4767 4776
				4768 4779 4777 4769 4783 4780 4781 4784 4778 4782 4786 4785 4790 4793 4796
				4797 4798 4791 4802 4792 4799 4803 4800 4806 4801 4811 4807 4812 4813 4808
				4804 4809 4814 4810 4818 4815 4805 4816 4821 4822 4817 4828 4829 4830 4823
				4833 4824 4831 4832 4836 4834 4840 4835 4837 4838 4843 4841 4848 4842 4844
				4845 4850 4849 4846 4839 4851 4859 4847 4852 4865 4853 4868 4866 4860 4854
				4867 4869 4861 4862 4870 4871 4863 4872 4873 4864 4874 4876 4875 4879 4877
				4882 4878 4880 4881 4885 4883 4894 4884 4886 4887 4896 4895 4900 4902 4897
				4898 4903 4901 4904 4899 4888 4905 4889 4906 4907 4910 4911 4908 4912 4914
				4915 4918 4909 4919 4916 4922 4920 4923 4924 4925 4928 4921 4930 4929 4926
				4931 4927 4934 4932 4935 4936 4939 4933 4937 4938 4945 4940 4948 4941 4946
				4949 4947 4954 4950 4955 4942 4956 4951 4963 4957 4964 4965 4958 4966 4967
				4959 4968 4969 4960 4970 4971 4961 4972 4974 4977 4962 4975 4976 4981 4978
				4985 4979 4982 4986 4983 4990 4987 4991 4980 4993 4992 4988 4994 4989 4998
				4995 4999 5000 5007 5010 4996 5008 4997 5001 5009 5002 5011 5014 5012 5003
				5015 5021 5013 5016 5023 5022 5025 5024 5017 5018 5028 5026 5033 5027 5029
				5037 5034 5030 5039 5038 5031 5040 5032 5042 5041 5043 5046 5048 5047 5044
				5045 5052 5049 5050 5053 5055 5056 5054 5058 5059 5061 5057 5062 5060 5066
				5067 5070 5063 5068 5072 5071 5073 5069 5075 5076 5079 5074 5077 5081 5080
				5078 5085 5082 5086 5089 5091 5092 5093 5087 5097 5088 5094 5099 5098 5095
				5096 5104 5100 5101 5105 5106 5102 5107 5108 5109 5115 5103 5110 5120 5116
				5122 5121 5111 5112 5124 5123 5125 5127 5128 5129 5132 5126 5134 5133 5130
				5131 5136 5135 5140 5142 5143 5144 5147 5141 5149 5148 5145 5146 5151 5150
				5152 5156 5157 5153 5158 5159 5154 5160 5165 5155 5166 5168 5169 5167 5172
				5175 5170 5173 5176 5181 5171 5177 5174 5182 5178 5183 5184 5179 5189 5192
				5180 5185 5190 5186 5196 5191 5200 5197 5187 5188 5203 5201 5209 5202 5204
				5205 5212 5210 5213 5216 5211 5220 5217 5214 5222 5215 5206 5226 5218 5221
				5227 5234 5219 5228 5236 5235 5239 5237 5229 5243 5240 5230 5244 5246 5241
				5247 5250 5242 5245 5251 5248 5254 5249 5252 5255 5253 5260 5256 5261 5223
				5257 5265 5268 5258 5224 5269 5259 5270 5266 5225 5207 5271 5272 5276 5267
				5208 5277 5273 5278 5282 5283 5284 5285 5279 5291 5280 5286 5292 5287 5296
				5293 5297 5281 5294 5302 5304 5305 5298 5295 5306 5307 5299 5308 5309 5300
				5312 5301 5310 5311 5315 5313 5321 5314 5316 5317 5324 5322 5328 5323 5325
				5329 5326 5331 5332 5337 5330 5341 5338 5333 5334 5343 5342 5327 5344 5335
				5347 5336 5345 5346 5354 5348 5355 5357 5358 5359 5349 5356 5361 5350 5360
				5362 5364 5351 5363 5370 5365 5366 5372 5352 5367 5374 5373 5368 5376 5375
				5369 5382 5377 5383 5385 5378 5386 5384 5389 5392 5387 5390 5393 5391 5395
				5394 5396 5388 5397 5403 5404 5398 5405 4 5399 5 6 5400 7 9
				10 8 13 16 11 14 17 20 12 18 15 21 24 19 22
				23 33 25 37 40 26 27 34 38 41 39 35 36 44 42
				45 50 43 51 46 53 54 57 52 58 55 60 61 64 59
				62 69 65 70 63 72 73 75 71 76 74 78 79 82 77
				84 83 80 81 88 85 86 89 90 91 95 87 99 96 92
				93 102 100 103 94 105 106 110 104 107 112 111 47 108 56
				48 113 109 49 115 114 116 120 121 122 124 117 128 118 125
				135 119 129 130 137 136 126 138 131 143 132 139 140 145 144
				141 127 146 147 148 142 152 156 157 153 158 160 154 161 162
				155 163 165 166 164 168 169 171 167 172 170 174 175 180 173
				181 176 184 182 189 192 183 185 190 186 195 191 197 196 187
				188 200 198 201 206 199 202 209 207 216 208 210 211 219 217
				220 222 218 203 225 212 229 223 221 230 234 224 231 236 235
				237 232 239 240 243 238 248 244 241 242 251 249 252 254 250
				255 253 257 258 261 256 259 263 262 264 260 226 265 227 269
				266 270 273 204 271 228 205 274 272 277 279 280 281 284 278
				286 285 282 283 289 287 293 288 290 294 291 297 298 301 295
				299 292 308 311 300 309 310 315 312 319 313 316 324 314 320
				321 326 325 317 327 322 332 323 328 329 336 333 330 318 340
				341 342 331 343 346 347 344 348 350 345 351 358 349 359 352
				360 361 353 362 368 354 371 374 355 369 375 356 376 372 357
				377 380 373 370 381 378 382 383 379 384 387 391 392 396 385
				399 386 397 398 403 400 401 404 405 406 409 402 412 393 414
				417 413 415 416 423 418 426 419 424 427 425 431 435 410 407
				436 408 439 437 440 411 441 438 443 447 442 444 445 451 455
				448 446 456 449 457 458 464 450 459 432 465 460 468 461 471
				472 433 462 469 473 463 474 428 434 470 477 475 476 478 429
				479 485 486 487 489 480 494 481 490 491 488 498 492 501 495
				499 505 493 509 496 502 500 511 506 516 510 503 507 512 519
				504 522 517 520 526 508 529 518 523 521 533 527 536 530 524
				539 528 534 537 525 543 535 551 540 544 553 538 552 555 541
				558 554 545 561 542 556 559 546 565 557 570 562 566 572 560
				571 574 563 579 573 567 582 564 575 580 568 587 576 592 583
				588 594 581 593 596 584 598 595 589 585 597 602 605 599 590
				603 613 586 591 614 606 604 618 615 620 607 616 619 621 617
				622 625 626 627 629 623 634 624 630 638 631 628 632 642 635
				645 636 643 639 648 633 653 646 644 640 657 649 654 659 647
				658 661 650 655 663 660 651 662 666 664 656 674 667 678 652
				675 680 665 682 679 668 686 681 676 669 689 683 677 692 687
				696 688 693 698 697 694 695 701 699 710 700 702 712 711 703
				714 713 704 705 717 715 720 716 718 719 725 721 722 726 727
				731 736 723 724 728 732 737 733 729 730 744 738 739 745 684
				740 685 690 741 691 746 747 750 754 748 755 751 749 760 756
				757 761 763 758 767 752 764 770 759 768 773 753 778 771 765
				769 782 774 766 784 779 775 783 786 780 785 789 790 796 781
				799 776 787 800 804 777 801 788 805 811 797 791 806 798 812
				792 815 813 814 816 807 802 808 817 818 819 803 820 827 830
				821 831 828 835 829 832 822 838 833 839 823 843 834 845 836
				850 840 844 846 853 837 851 858 841 847 863 854 852 865 859
				848 867 864 860 866 870 849 872 868 861 871 877 873 880 869
				862 878 884 879 891 885 886 892 893 894 896 887 895 900 897
				901 902 898 905 899 903 904 909 906 907 910 912 913 915 908
				914 924 916 927 917 925 928 926 932 929 933 918 930 937 938
				939 934 931 941 935 940 942 944 936 943 949 945 953 946 950
				951 957 954 881 955 958 882 874 956 883 959 960 961 965 968
				962 969 966 970 974 967 976 975 971 963 982 972 973 986 977
				983 964 990 987 992 978 984 991 994 997 993 988 1001 985 995
				989 1005 998 996 1008 1002 1009 1010 1003 1018 999 1006 1019 1022 1000
				1020 1007 1023 1021 1024 1027 1029 1028 1025 1026 1032 1030 1035 1031 1033
				1038 1036 1034 1039 1044 1037 1040 1047 1045 1051 1048 1041 1053 1052 1042
				1054 1043 1056 1057 1060 1055 1062 1061 1058 1063 1059 1065 1064 1066 1068
				1069 1067 1075 1070 1079 1082 1071 1076 1080 1085 1081 1077 1086 1078 1088
				1089 1092 1087 1011 1093 1090 1012 1091 1004 1013 1095 1094 1096 1100 1105
				1108 1101 1097 1106 1111 1098 1099 1114 1109 1112 1107 1118 1121 1110 1115
				1119 1124 1113 1116 1127 1122 1125 1120 1130 1136 1123 1128 1131 1139 1126
				1129 1142 1137 1140 1132 1145 1148 1138 1143 1146 1153 1141 1144 1156 1149
				1154 1147 1159 1162 1150 1157 1160 1168 1155 1158 1171 1163 1169 1161 1174
				1177 1164 1172 1175 1180 1170 1173 1183 1178 1181 1176 1187 1190 1179 1184
				1188 1193 1182 1185 1199 1191 1194 1189 1202 1205 1192 1200 1203 1208 1195
				1201 1211 1206 1209 1204 1214 1217 1207 1212 1215 1222 1210 1213 1225 1218
				1223 1216 1233 1236 1219 1226 1234 1239 1224 1227 1242 1237 1240 1235 1245
				1249 1238 1243 1246 1252 1241 1244 1254 1250 1258 1253 1247 1263 1251 1255
				1248 1266 1259 1256 1269 1264 1272 1260 1267 1275 1265 1270 1268 1278 1273
				1271 1281 1276 1284 1274 1279 1287 1277 1282 1280 1288 1285 1283 1286 1289
				1293 1297 1299 1302 1298 1294 1300 1305 1295 1296 1308 1303 1306 1301 1311
				1314 1304 1309 1312 1317 1307 1310 1320 1315 1318 1313 1325 1328 1316 1321
				1326 1331 1319 1322 1334 1329 1332 1327 1337 1340 1330 1335 1338 1343 1333
				1336 1346 1341 1344 1339 1349 1354 1342 1347 1350 1359 1345 1348 1362 1355
				1360 1351 1365 1368 1356 1363 1366 1371 1361 1364 1374 1369 1372 1367 1377
				1380 1370 1375 1378 1384 1373 1376 1387 1381 1385 1379 1393 1396 1382 1388
				1394 1399 1386 1389 1402 1397 1400 1395 1405 1408 1398 1403 1406 1414 1401
				1404 1417 1409 1415 1407 1420 1423 1410 1418 1421 1428 1416 1419 1431 1424
				1429 1422 1434 1438 1425 1432 1435 1441 1430 1433 1448 1439 1451 1442 1436
				1454 1440 1449 1437 1457 1452 1450 1460 1455 1464 1453 1458 1467 1456 1461
				1459 1470 1465 1462 1473 1468 1478 1466 1471 1481 1469 1474 1472 1482 1479
				1475 1480 1483 1484 1488 1490 1493 1489 1485 1491 1498 1486 1487 1501 1494
				1499 1492 1504 1511 1495 1502 1505 1514 1500 1503 1517 1512 1515 1506 1520
				1523 1513 1518 1521 1526 1516 1519 1529 1524 1527 1522 1533 1536 1525 1530
				1534 1543 1528 1531 1546 1537 1544 1535 1549 1552 1538 1547 1550 1555 1545
				1548 1558 1553 1556 1551 1561 1564 1554 1559 1562 1569 1557 1560 1573 1565
				1570 1563 1576 1579 1566 1574 1577 1582 1571 1575 1585 1580 1583 1578 1588
				1591 1581 1586 1589 1594 1584 1587 1597 1592 1595 1590 1604 1607 1593 1598
				1605 1610 1596 1599 1613 1608 1611 1606 1616 1619 1609 1614 1617 1622 1612
				1615 1625 1620 1623 1618 1628 1632 1621 1626 1629 1641 1624 1627 1643 1633
				1646 1642 1630 1649 1634 1644 1631 1652 1647 1645 1655 1650 1658 1648 1653
				1661 1651 1656 1654 1664 1659 1657 1669 1662 1673 1660 1665 1676 1663 1670
				1666 1677 1674 1671 1675 1678
			}
			Vertices 5406
			{
				-37.56017000 3.11914900 -9.65656300 / -0.34980530 0.63576260 -0.68807130 / 91 27 251 255 / 0.67195130 0.00160220
				-36.03825000 0.45009950 -9.57645400 / -0.32043550 0.56941070 0.75702880 / 203 29 255 255 / 0.56370550 0.00160220
				-36.03825000 0.45009950 -9.57645400 / -0.32043550 0.56941070 0.75702880 / 203 29 255 255 / 0.56370550 0.00160220
				-36.03825000 0.45009950 -9.57645400 / -0.32043550 0.56941070 0.75702880 / 203 29 255 255 / 0.56370550 0.00160220
				-35.05292000 -1.27774600 -9.91390300 / -0.86859980 -0.49551340 0.00095370 / 218 98 185 255 / 0.43714910 0.14663700
				-35.05292000 -1.27774600 -9.91390300 / -0.86859980 -0.49551340 0.00095370 / 218 98 185 255 / 0.43714910 0.14663700
				-35.06585000 -1.25524700 -9.94757900 / -0.86966400 -0.49364400 0.00047680 / 220 99 176 255 / 0.42811580 0.15345760
				-35.06585000 -1.25524700 -9.94757900 / -0.86966400 -0.49364400 0.00047680 / 220 99 176 255 / 0.42811580 0.15345760
				-35.06585000 -1.25524700 -9.94757900 / -0.86966400 -0.49364400 0.00047680 / 220 99 176 255 / 0.42811580 0.15345760
				-35.03790000 -1.30457400 -10.08431000 / -0.86861540 -0.49548640 0.00085830 / 221 99 142 255 / 0.44076540 0.17646790
				-35.03790000 -1.30457400 -10.08431000 / -0.86861540 -0.49548640 0.00085830 / 221 99 142 255 / 0.44076540 0.17646790
				-35.03790000 -1.30457400 -10.08431000 / -0.86861540 -0.49548640 0.00085830 / 221 99 142 255 / 0.44076540 0.17646790
				-35.03790000 -1.30457400 -10.08431000 / -0.86861540 -0.49548640 0.00085830 / 221 99 142 255 / 0.44076540 0.17646790
				-35.08652000 -1.21849800 -9.96123500 / -0.86862040 -0.49547750 0.00085830 / 222 99 173 255 / 0.41030880 0.15684510
				-35.08652000 -1.21849800 -9.96123500 / -0.86862040 -0.49547750 0.00085830 / 222 99 173 255 / 0.41030880 0.15684510
				-35.08652000 -1.21849800 -9.96123500 / -0.86862040 -0.49547750 0.00085830 / 222 99 173 255 / 0.41030880 0.15684510
				-35.14147000 -1.12323800 -10.08721000 / -0.86859990 -0.49551340 0.00076290 / 222 99 142 255 / 0.37490850 0.17672730
				-35.14147000 -1.12323800 -10.08721000 / -0.86859990 -0.49551340 0.00076290 / 222 99 142 255 / 0.37490850 0.17672730
				-35.14147000 -1.12323800 -10.08721000 / -0.86859990 -0.49551340 0.00076290 / 222 99 142 255 / 0.37490850 0.17672730
				-35.14147000 -1.12323800 -10.08721000 / -0.86859990 -0.49551340 0.00076290 / 222 99 142 255 / 0.37490850 0.17672730
				-35.09255000 -1.20825200 -10.09602000 / -0.86776190 -0.49600700 -0.03108690 / 222 99 139 255 / 0.40591430 0.17871090
				-35.11923000 -1.16194300 -9.94952400 / -0.86748060 -0.49747090 -0.00019070 / 220 99 176 255 / 0.38500980 0.15383910
				-35.11923000 -1.16194300 -9.94952400 / -0.86748060 -0.49747090 -0.00019070 / 220 99 176 255 / 0.38500980 0.15383910
				-35.11923000 -1.16194300 -9.94952400 / -0.86748060 -0.49747090 -0.00019070 / 220 99 176 255 / 0.38500980 0.15383910
				-35.18073000 -1.05405400 -10.06329000 / -0.86966390 -0.49364390 0.00066750 / 218 99 148 255 / 0.34916690 0.17156980
				-35.18073000 -1.05405400 -10.06329000 / -0.86966390 -0.49364390 0.00066750 / 218 99 148 255 / 0.34916690 0.17156980
				-35.18073000 -1.05405400 -10.06329000 / -0.86966390 -0.49364390 0.00066750 / 218 99 148 255 / 0.34916690 0.17156980
				-35.18073000 -1.05405400 -10.06329000 / -0.86966390 -0.49364390 0.00066750 / 218 99 148 255 / 0.34916690 0.17156980
				-38.12384000 4.41564500 -10.08968000 / 0.43982880 -0.85882000 -0.26263840 / 129 18 140 255 / 0.75544740 0.02264400
				-38.12384000 4.41564500 -10.08968000 / 0.43982880 -0.85882000 -0.26263840 / 129 18 140 255 / 0.75544740 0.02264400
				-36.83380000 1.84535700 -9.52812900 / 0.00000000 0.00008340 1.00000000 / 146 20 255 255 / 0.50914000 0.00160220
				-35.92347000 0.55443640 -9.61308300 / -0.35552300 0.63248850 0.68815820 / 199 28 255 255 / 0.55961610 0.02264400
				-35.92347000 0.55443640 -9.61308300 / -0.35552300 0.63248850 0.68815820 / 199 28 255 255 / 0.55961610 0.02264400
				-35.13906000 -1.12718500 -9.90117600 / -0.86900590 -0.49480030 0.00114440 / 216 99 188 255 / 0.36738590 0.14089970
				-35.13906000 -1.12718500 -9.90117600 / -0.86900590 -0.49480030 0.00114440 / 216 99 188 255 / 0.36738590 0.14089970
				-35.13906000 -1.12718500 -9.90117600 / -0.86900590 -0.49480030 0.00114440 / 216 99 188 255 / 0.36738590 0.14089970
				-35.13906000 -1.12718500 -9.90117600 / -0.86900590 -0.49480030 0.00114440 / 216 99 188 255 / 0.36738590 0.14089970
				-35.22894000 -0.96897950 -9.95733700 / -0.86944520 -0.49402840 -0.00104910 / 217 99 171 255 / 0.32064820 0.15017700
				-35.22894000 -0.96897950 -9.95733700 / -0.86944520 -0.49402840 -0.00104910 / 217 99 171 255 / 0.32064820 0.15017700
				-35.22894000 -0.96897950 -9.95733700 / -0.86944520 -0.49402840 -0.00104910 / 217 99 171 255 / 0.32064820 0.15017700
				-35.20992000 -1.00240400 -10.02130000 / -0.87174390 -0.48995060 -0.00333820 / 217 99 158 255 / 0.33157350 0.16319270
				-35.23702000 -0.95508530 -9.88799300 / -0.86869870 -0.49533730 -0.00190760 / 215 99 185 255 / 0.31584170 0.13583370
				-35.23702000 -0.95508530 -9.88799300 / -0.86869870 -0.49533730 -0.00190760 / 215 99 185 255 / 0.31584170 0.13583370
				-35.23702000 -0.95508530 -9.88799300 / -0.86869870 -0.49533730 -0.00190760 / 215 99 185 255 / 0.31584170 0.13583370
				-35.14152000 -1.12254100 -9.85186000 / -0.86862080 -0.49547760 0.00019070 / 215 99 202 255 / 0.36904910 0.11474610
				-35.14152000 -1.12254100 -9.85186000 / -0.86862080 -0.49547760 0.00019070 / 215 99 202 255 / 0.36904910 0.11474610
				-35.14152000 -1.12254100 -9.85186000 / -0.86862080 -0.49547760 0.00019070 / 215 99 202 255 / 0.36904910 0.11474610
				-35.14152000 -1.12254100 -9.85186000 / -0.86862080 -0.49547760 0.00019070 / 215 99 202 255 / 0.36904910 0.11474610
				-35.14152000 -1.12254100 -9.85186000 / -0.86862080 -0.49547760 0.00019070 / 215 99 202 255 / 0.36904910 0.11474610
				-35.14152000 -1.12254100 -9.85186000 / -0.86862080 -0.49547760 0.00019070 / 215 99 202 255 / 0.36904910 0.11474610
				-35.23819000 -0.95345440 -9.81084500 / -0.86855390 -0.49559440 -0.00057220 / 215 99 211 255 / 0.31498720 0.12017820
				-35.23819000 -0.95345440 -9.81084500 / -0.86855390 -0.49559440 -0.00057220 / 215 99 211 255 / 0.31498720 0.12017820
				-35.23819000 -0.95345440 -9.81084500 / -0.86855390 -0.49559440 -0.00057220 / 215 99 211 255 / 0.31498720 0.12017820
				-35.13179000 -1.13976700 -9.74005100 / -0.86897930 -0.49484470 -0.00190730 / 215 99 224 255 / 0.36999510 0.10629270
				-35.13179000 -1.13976700 -9.74005100 / -0.86897930 -0.49484470 -0.00190730 / 215 99 224 255 / 0.36999510 0.10629270
				-35.13179000 -1.13976700 -9.74005100 / -0.86897930 -0.49484470 -0.00190730 / 215 99 224 255 / 0.36999510 0.10629270
				-35.13179000 -1.13976700 -9.74005100 / -0.86897930 -0.49484470 -0.00190730 / 215 99 224 255 / 0.36999510 0.10629270
				-35.22488000 -0.97627320 -9.70440600 / -0.86905460 -0.49471470 0.00123990 / 215 99 240 255 / 0.32307430 0.09814450
				-35.22488000 -0.97627320 -9.70440600 / -0.86905460 -0.49471470 0.00123990 / 215 99 240 255 / 0.32307430 0.09814450
				-35.22488000 -0.97627320 -9.70440600 / -0.86905460 -0.49471470 0.00123990 / 215 99 240 255 / 0.32307430 0.09814450
				-35.12730000 -1.14805100 -9.70537500 / -0.86815210 -0.49629810 -0.00038140 / 215 99 237 255 / 0.37593080 0.09494020
				-35.12730000 -1.14805100 -9.70537500 / -0.86815210 -0.49629810 -0.00038140 / 215 99 237 255 / 0.37593080 0.09494020
				-35.12730000 -1.14805100 -9.70537500 / -0.86815210 -0.49629810 -0.00038140 / 215 99 237 255 / 0.37593080 0.09494020
				-35.12730000 -1.14805100 -9.70537500 / -0.86815210 -0.49629810 -0.00038140 / 215 99 237 255 / 0.37593080 0.09494020
				-35.20303000 -1.01465400 -9.61992600 / -0.86974080 -0.49350870 -0.00038150 / 215 99 255 255 / 0.33699030 0.08059690
				-35.20303000 -1.01465400 -9.61992600 / -0.86974080 -0.49350870 -0.00038150 / 215 99 255 255 / 0.33699030 0.08059690
				-36.05560000 0.48019900 -9.61307600 / -0.35516030 0.63254880 0.68828990 / 196 37 255 255 / 0.55961610 0.00160220
				-36.72741000 1.65905400 -9.52811400 / 0.00000000 0.00009540 1.00000000 / 145 20 255 255 / 0.48107910 0.00160220
				-36.72741000 1.65905400 -9.52811400 / 0.00000000 0.00009540 1.00000000 / 145 20 255 255 / 0.48107910 0.00160220
				-35.17385000 -1.06630700 -9.55841800 / -0.86869190 -0.49535130 -0.00114450 / 215 99 255 255 / 0.35508730 0.06779480
				-35.17385000 -1.06630700 -9.55841800 / -0.86869190 -0.49535130 -0.00114450 / 215 99 255 255 / 0.35508730 0.06779480
				-35.17385000 -1.06630700 -9.55841800 / -0.86869190 -0.49535130 -0.00114450 / 215 99 255 255 / 0.35508730 0.06779480
				-35.11079000 -1.17615200 -9.66438300 / -0.86864620 -0.49543260 -0.00057220 / 215 99 247 255 / 0.38940430 0.08457950
				-35.11079000 -1.17615200 -9.66438300 / -0.86864620 -0.49543260 -0.00057220 / 215 99 247 255 / 0.38940430 0.08457950
				-35.11079000 -1.17615200 -9.66438300 / -0.86864620 -0.49543260 -0.00057220 / 215 99 247 255 / 0.38940430 0.08457950
				-35.13784000 -1.12952200 -9.52227000 / -0.86851750 -0.49565710 -0.00123960 / 215 99 255 255 / 0.37760930 0.06016540
				-35.13784000 -1.12952200 -9.52227000 / -0.86851750 -0.49565710 -0.00123960 / 215 99 255 255 / 0.37760930 0.06016540
				-35.13784000 -1.12952200 -9.52227000 / -0.86851750 -0.49565710 -0.00123960 / 215 99 255 255 / 0.37760930 0.06016540
				-35.09048000 -1.21258300 -9.64728500 / -0.86974500 -0.49349920 -0.00143050 / 215 99 252 255 / 0.40673830 0.08015440
				-35.09048000 -1.21258300 -9.64728500 / -0.86974500 -0.49349920 -0.00143050 / 215 99 252 255 / 0.40673830 0.08015440
				-35.09048000 -1.21258300 -9.64728500 / -0.86974500 -0.49349920 -0.00143050 / 215 99 252 255 / 0.40673830 0.08015440
				-35.09048000 -1.21258300 -9.64728500 / -0.86974500 -0.49349920 -0.00143050 / 215 99 252 255 / 0.40673830 0.08015440
				-35.09497000 -1.20428700 -9.50372300 / -0.86850710 -0.49567500 0.00143030 / 215 99 255 255 / 0.40509030 0.05630490
				-35.09497000 -1.20428700 -9.50372300 / -0.86850710 -0.49567500 0.00143030 / 215 99 255 255 / 0.40509030 0.05630490
				-35.05410000 -1.27611200 -9.50373900 / -0.86787830 -0.49677690 0.00009540 / 215 99 255 255 / 0.43147280 0.05630490
				-35.05410000 -1.27611200 -9.50373900 / -0.86787830 -0.49677690 0.00009540 / 215 99 255 255 / 0.43147280 0.05630490
				-35.05410000 -1.27611200 -9.50373900 / -0.86787830 -0.49677690 0.00009540 / 215 99 255 255 / 0.43147280 0.05630490
				-35.05410000 -1.27611200 -9.50373900 / -0.86787830 -0.49677690 0.00009540 / 215 99 255 255 / 0.43147280 0.05630490
				-35.06135000 -1.26354800 -9.65266400 / -0.86563920 -0.50066820 -0.00009540 / 215 98 250 255 / 0.43034360 0.08155820
				-35.06135000 -1.26354800 -9.65266400 / -0.86563920 -0.50066820 -0.00009540 / 215 98 250 255 / 0.43034360 0.08155820
				-35.04361000 -1.29395100 -9.68978100 / -0.86817040 -0.49626090 0.00228870 / 217 98 241 255 / 0.44593810 0.09143070
				-35.04361000 -1.29395100 -9.68978100 / -0.86817040 -0.49626090 0.00228870 / 217 98 241 255 / 0.44593810 0.09143070
				-35.04361000 -1.29395100 -9.68978100 / -0.86817040 -0.49626090 0.00228870 / 217 98 241 255 / 0.44593810 0.09143070
				-35.04361000 -1.29395100 -9.68978100 / -0.86817040 -0.49626090 0.00228870 / 217 98 241 255 / 0.44593810 0.09143070
				-35.04361000 -1.29395100 -9.68978100 / -0.86817040 -0.49626090 0.00228870 / 217 98 241 255 / 0.44593810 0.09143070
				-35.01326000 -1.34724000 -9.52717600 / -0.86794500 -0.49666000 -0.00066760 / 217 98 255 255 / 0.45733640 0.06126400
				-35.01326000 -1.34724000 -9.52717600 / -0.86794500 -0.49666000 -0.00066760 / 217 98 255 255 / 0.45733640 0.06126400
				-36.08949000 0.84636910 -9.60236400 / -0.30287800 0.54186770 0.78399250 / 168 26 255 255 / 0.60639960 0.02264400
				-36.08949000 0.84636910 -9.60236400 / -0.30287800 0.54186770 0.78399250 / 168 26 255 255 / 0.60639960 0.02264400
				-34.97645000 -1.41177500 -9.57600400 / -0.86870790 -0.49532470 0.00000000 / 217 98 255 255 / 0.47982790 0.07136540
				-34.97645000 -1.41177500 -9.57600400 / -0.86870790 -0.49532470 0.00000000 / 217 98 255 255 / 0.47982790 0.07136540
				-36.59564000 1.73359900 -9.52811400 / 0.00000000 0.00009540 1.00000000 / 144 20 255 255 / 0.48107910 0.02264400
				-34.95459000 -1.45016900 -9.63802300 / -0.86855370 -0.49559440 0.00085830 / 217 98 250 255 / 0.49282840 0.08401490
				-34.95459000 -1.45016900 -9.63802300 / -0.86855370 -0.49559440 0.00085830 / 217 98 250 255 / 0.49282840 0.08401490
				-34.95459000 -1.45016900 -9.63802300 / -0.86855370 -0.49559440 0.00085830 / 217 98 250 255 / 0.49282840 0.08401490
				-35.03586000 -1.30822000 -9.74055500 / -0.86863090 -0.49545960 -0.00009540 / 217 98 228 255 / 0.45387270 0.10827640
				-35.03586000 -1.30822000 -9.74055500 / -0.86863090 -0.49545960 -0.00009540 / 217 98 228 255 / 0.45387270 0.10827640
				-35.03586000 -1.30822000 -9.74055500 / -0.86863090 -0.49545960 -0.00009540 / 217 98 228 255 / 0.45387270 0.10827640
				-35.03586000 -1.30822000 -9.74055500 / -0.86863090 -0.49545960 -0.00009540 / 217 98 228 255 / 0.45387270 0.10827640
				-35.03586000 -1.30822000 -9.74055500 / -0.86863090 -0.49545960 -0.00009540 / 217 98 228 255 / 0.45387270 0.10827640
				-34.94044000 -1.47498600 -9.71907000 / -0.86789880 -0.49674090 -0.00019070 / 217 98 232 255 / 0.50183110 0.10063170
				-34.94044000 -1.47498600 -9.71907000 / -0.86789880 -0.49674090 -0.00019070 / 217 98 232 255 / 0.50183110 0.10063170
				-34.93962000 -1.47630600 -9.79426500 / -0.86829040 -0.49605520 0.00104910 / 217 98 215 255 / 0.50080870 0.11663820
				-34.93962000 -1.47630600 -9.79426500 / -0.86829040 -0.49605520 0.00104910 / 217 98 215 255 / 0.50080870 0.11663820
				-34.93962000 -1.47630600 -9.79426500 / -0.86829040 -0.49605520 0.00104910 / 217 98 215 255 / 0.50080870 0.11663820
				-34.94443000 -1.46839200 -9.85920700 / -0.86871090 -0.49530260 0.00410130 / 216 98 199 255 / 0.49620060 0.12763980
				-34.18692000 -2.79678900 -9.79914100 / -0.86867710 -0.49537860 0.00057230 / 221 94 215 255 / 0.24163820 0.11685180
				-34.18692000 -2.79678900 -9.79914100 / -0.86867710 -0.49537860 0.00057230 / 221 94 215 255 / 0.24163820 0.11685180
				-34.18692000 -2.79678900 -9.79914100 / -0.86867710 -0.49537860 0.00057230 / 221 94 215 255 / 0.24163820 0.11685180
				-34.18692000 -2.79678900 -9.79914100 / -0.86867710 -0.49537860 0.00057230 / 221 94 215 255 / 0.24163820 0.11685180
				-34.07887000 -2.98642600 -9.52082900 / -0.86827500 -0.49608220 -0.00095370 / 222 94 255 255 / 0.30699160 0.06185910
				-34.18890000 -2.79383300 -9.52082000 / -0.86888310 -0.49501640 -0.00095360 / 222 94 255 255 / 0.25216680 0.06083680
				-34.18890000 -2.79383300 -9.52082000 / -0.86888310 -0.49501640 -0.00095360 / 222 94 255 255 / 0.25216680 0.06083680
				-36.22160000 0.77211740 -9.60235600 / -0.30593930 0.54423920 0.78115620 / 162 34 255 255 / 0.60639960 0.00160220
				-34.23187000 -2.71768200 -9.65999600 / -0.86928430 -0.49431250 -0.00009540 / 220 95 249 255 / 0.21780400 0.09527590
				-34.23187000 -2.71768200 -9.65999600 / -0.86928430 -0.49431250 -0.00009540 / 220 95 249 255 / 0.21780400 0.09527590
				-34.23187000 -2.71768200 -9.65999600 / -0.86928430 -0.49431250 -0.00009540 / 220 95 249 255 / 0.21780400 0.09527590
				-34.23187000 -2.71768200 -9.65999600 / -0.86928430 -0.49431250 -0.00009540 / 220 95 249 255 / 0.21780400 0.09527590
				-34.25527000 -2.67733700 -9.94370300 / -0.86926370 -0.49434840 0.00047680 / 220 95 179 255 / 0.20463560 0.14175420
				-34.25527000 -2.67733700 -9.94370300 / -0.86926370 -0.49434840 0.00047680 / 220 95 179 255 / 0.20463560 0.14175420
				-34.25527000 -2.67733700 -9.94370300 / -0.86926370 -0.49434840 0.00047680 / 220 95 179 255 / 0.20463560 0.14175420
				-34.25527000 -2.67733700 -9.94370300 / -0.86926370 -0.49434840 0.00047680 / 220 95 179 255 / 0.20463560 0.14175420
				-34.25527000 -2.67733700 -9.94370300 / -0.86926370 -0.49434840 0.00047680 / 220 95 179 255 / 0.20463560 0.14175420
				-36.76195000 2.02515100 -10.08673000 / -0.47380000 0.85425620 0.21391570 / 139 61 141 255 / 0.39340210 0.02264400
				-36.76195000 2.02515100 -10.08673000 / -0.47380000 0.85425620 0.21391570 / 139 61 141 255 / 0.39340210 0.02264400
				-34.11889000 -2.91661100 -10.08430000 / -0.86903670 -0.49474630 -0.00114450 / 221 95 143 255 / 0.28320310 0.17491150
				-34.11889000 -2.91661100 -10.08430000 / -0.86903670 -0.49474630 -0.00114450 / 221 95 143 255 / 0.28320310 0.17491150
				-34.22177000 -2.73521400 -10.08432000 / -0.86979970 -0.49338720 -0.00419640 / 220 95 143 255 / 0.23036190 0.17532350
				-34.29701000 -2.60350400 -9.78060900 / -0.86892430 -0.49494450 0.00076290 / 217 95 219 255 / 0.18313600 0.11384580
				-34.29701000 -2.60350400 -9.78060900 / -0.86892430 -0.49494450 0.00076290 / 217 95 219 255 / 0.18313600 0.11384580
				-34.29701000 -2.60350400 -9.78060900 / -0.86892430 -0.49494450 0.00076290 / 217 95 219 255 / 0.18313600 0.11384580
				-34.29701000 -2.60350400 -9.78060900 / -0.86892430 -0.49494450 0.00076290 / 217 95 219 255 / 0.18313600 0.11384580
				-34.29701000 -2.60350400 -9.78060900 / -0.86892430 -0.49494450 0.00076290 / 217 95 219 255 / 0.18313600 0.11384580
				-34.30749000 -2.58566900 -10.08432000 / -0.86897540 -0.49485440 0.00095370 / 217 95 143 255 / 0.16481020 0.17535400
				-34.30749000 -2.58566900 -10.08432000 / -0.86897540 -0.49485440 0.00095370 / 217 95 143 255 / 0.16481020 0.17535400
				-34.42201000 -2.38478000 -10.08432000 / -0.86868710 -0.49536050 0.00085840 / 217 95 143 255 / 0.10719300 0.17414860
				-34.25816000 -2.67169300 -9.52085100 / -0.86818290 -0.49624420 -0.00047680 / 217 95 255 255 / 0.19639590 0.06091310
				-34.25816000 -2.67169300 -9.52085100 / -0.86818290 -0.49624420 -0.00047680 / 217 95 255 255 / 0.19639590 0.06091310
				-34.36493000 -2.48506800 -9.52084400 / -0.86792450 -0.49669600 -0.00057230 / 216 95 255 255 / 0.14224240 0.06126400
				-36.20250000 0.73800600 -9.57111300 / -0.28725310 0.51341000 0.80863830 / 176 28 255 255 / 0.60856630 0.00160220
				-36.20250000 0.73800600 -9.57111300 / -0.28725310 0.51341000 0.80863830 / 176 28 255 255 / 0.60856630 0.00160220
				-36.20250000 0.73800600 -9.57111300 / -0.28725310 0.51341000 0.80863830 / 176 28 255 255 / 0.60856630 0.00160220
				-33.83602000 -3.41270500 -10.03891000 / -0.86900640 -0.49480050 0.00057220 / 219 93 153 255 / 0.48457340 0.16700740
				-33.83602000 -3.41270500 -10.03891000 / -0.86900640 -0.49480050 0.00057220 / 219 93 153 255 / 0.48457340 0.16700740
				-33.83602000 -3.41270500 -10.03891000 / -0.86900640 -0.49480050 0.00057220 / 219 93 153 255 / 0.48457340 0.16700740
				-33.83602000 -3.41270500 -10.03891000 / -0.86900640 -0.49480050 0.00057220 / 219 93 153 255 / 0.48457340 0.16700740
				-33.80856000 -3.46032600 -9.97590600 / -0.86066230 -0.50908690 -0.00953750 / 220 93 172 255 / 0.50074770 0.15388490
				-33.79156000 -3.49011900 -9.91975400 / -0.86751140 -0.49741710 0.00057220 / 220 93 183 255 / 0.50604250 0.14727780
				-33.79156000 -3.49011900 -9.91975400 / -0.86751140 -0.49741710 0.00057220 / 220 93 183 255 / 0.50604250 0.14727780
				-36.89451000 1.95192100 -10.08772000 / -0.47341230 0.85442390 0.21410370 / 139 61 141 255 / 0.39340210 0.00160220
				-33.89311000 -3.31242000 -9.91391000 / -0.87059190 -0.49199700 -0.00295670 / 219 93 185 255 / 0.45442200 0.14663700
				-33.89311000 -3.31242000 -9.91391000 / -0.87059190 -0.49199700 -0.00295670 / 219 93 185 255 / 0.45442200 0.14663700
				-33.90572000 -3.28954800 -9.94807400 / -0.86861550 -0.49548660 0.00038150 / 219 93 176 255 / 0.44587710 0.15341190
				-33.90572000 -3.28954800 -9.94807400 / -0.86861550 -0.49548660 0.00038150 / 219 93 176 255 / 0.44587710 0.15341190
				-33.90572000 -3.28954800 -9.94807400 / -0.86861550 -0.49548660 0.00038150 / 219 93 176 255 / 0.44587710 0.15341190
				-33.87814000 -3.33855600 -10.08432000 / -0.86889310 -0.49499830 0.00123960 / 218 93 142 255 / 0.45864870 0.17637630
				-33.87814000 -3.33855600 -10.08432000 / -0.86889310 -0.49499830 0.00123960 / 218 93 142 255 / 0.45864870 0.17637630
				-33.87814000 -3.33855600 -10.08432000 / -0.86889310 -0.49499830 0.00123960 / 218 93 142 255 / 0.45864870 0.17637630
				-33.92709000 -3.25284400 -9.96125000 / -0.86823270 -0.49615340 0.00190740 / 218 93 173 255 / 0.42745970 0.15682980
				-33.92709000 -3.25284400 -9.96125000 / -0.86823270 -0.49615340 0.00190740 / 218 93 173 255 / 0.42745970 0.15682980
				-33.92709000 -3.25284400 -9.96125000 / -0.86823270 -0.49615340 0.00190740 / 218 93 173 255 / 0.42745970 0.15682980
				-33.93277000 -3.24291500 -10.09603000 / -0.86897560 -0.49485450 0.00057220 / 219 93 139 255 / 0.42335510 0.17872620
				-33.93277000 -3.24291500 -10.09603000 / -0.86897560 -0.49485450 0.00057220 / 219 93 139 255 / 0.42335510 0.17872620
				-33.93277000 -3.24291500 -10.09603000 / -0.86897560 -0.49485450 0.00057220 / 219 93 139 255 / 0.42335510 0.17872620
				-33.95910000 -3.19623300 -9.94952400 / -0.86895500 -0.49489050 0.00076290 / 220 94 176 255 / 0.40124510 0.15388490
				-33.95910000 -3.19623300 -9.94952400 / -0.86895500 -0.49489050 0.00076290 / 220 94 176 255 / 0.40124510 0.15388490
				-33.95910000 -3.19623300 -9.94952400 / -0.86895500 -0.49489050 0.00076290 / 220 94 176 255 / 0.40124510 0.15388490
				-36.07000000 0.81193220 -9.57110600 / -0.28572640 0.51200800 0.81006680 / 192 24 255 255 / 0.60856630 0.02264400
				-36.07000000 0.81193220 -9.57110600 / -0.28572640 0.51200800 0.81006680 / 192 24 255 255 / 0.60856630 0.02264400
				-36.07000000 0.81193220 -9.57110600 / -0.28572640 0.51200800 0.81006680 / 192 24 255 255 / 0.60856630 0.02264400
				-33.98134000 -3.15753600 -10.08721000 / -0.86890400 -0.49498060 0.00019070 / 222 94 142 255 / 0.39134220 0.17683410
				-33.98134000 -3.15753600 -10.08721000 / -0.86890400 -0.49498060 0.00019070 / 222 94 142 255 / 0.39134220 0.17683410
				-33.98134000 -3.15753600 -10.08721000 / -0.86890400 -0.49498060 0.00019070 / 222 94 142 255 / 0.39134220 0.17683410
				-33.98134000 -3.15753600 -10.08721000 / -0.86890400 -0.49498060 0.00019070 / 222 94 142 255 / 0.39134220 0.17683410
				-33.97893000 -3.16148600 -9.90118400 / -0.86795370 -0.49664120 0.00200300 / 224 94 188 255 / 0.38450620 0.14076230
				-33.97893000 -3.16148600 -9.90118400 / -0.86795370 -0.49664120 0.00200300 / 224 94 188 255 / 0.38450620 0.14076230
				-33.97893000 -3.16148600 -9.90118400 / -0.86795370 -0.49664120 0.00200300 / 224 94 188 255 / 0.38450620 0.14076230
				-33.97893000 -3.16148600 -9.90118400 / -0.86795370 -0.49664120 0.00200300 / 224 94 188 255 / 0.38450620 0.14076230
				-33.97893000 -3.16148600 -9.90118400 / -0.86795370 -0.49664120 0.00200300 / 224 94 188 255 / 0.38450620 0.14076230
				-34.05012000 -3.03706300 -10.02131000 / -0.86856430 -0.49557660 -0.00019070 / 224 94 158 255 / 0.34960940 0.16322330
				-34.05012000 -3.03706300 -10.02131000 / -0.86856430 -0.49557660 -0.00019070 / 224 94 158 255 / 0.34960940 0.16322330
				-34.05012000 -3.03706300 -10.02131000 / -0.86856430 -0.49557660 -0.00019070 / 224 94 158 255 / 0.34960940 0.16322330
				-34.02061000 -3.08834600 -10.06329000 / -0.87170800 -0.48981120 -0.01449670 / 223 94 148 255 / 0.36642460 0.17160040
				-36.83380000 1.84535900 -9.52812900 / -0.47568340 0.85330710 0.21352350 / 139 61 255 255 / 0.50914000 0.00160220
				-36.83380000 1.84535900 -9.52812900 / -0.47568340 0.85330710 0.21352350 / 139 61 255 255 / 0.50914000 0.00160220
				-34.06914000 -3.00364100 -9.95734400 / -0.86818290 -0.49624420 -0.00038150 / 225 94 171 255 / 0.33833310 0.15017700
				-34.06914000 -3.00364100 -9.95734400 / -0.86818290 -0.49624420 -0.00038150 / 225 94 171 255 / 0.33833310 0.15017700
				-34.07721000 -2.98974700 -9.88801600 / -0.86783120 -0.49685720 0.00143050 / 225 94 185 255 / 0.33309930 0.13583370
				-34.07721000 -2.98974700 -9.88801600 / -0.86783120 -0.49685720 0.00143050 / 225 94 185 255 / 0.33309930 0.13583370
				-34.07721000 -2.98974700 -9.88801600 / -0.86783120 -0.49685720 0.00143050 / 225 94 185 255 / 0.33309930 0.13583370
				-33.98058000 -3.15815300 -9.85333300 / -0.86827550 -0.49608250 0.00009540 / 225 93 202 255 / 0.38639830 0.11476140
				-33.98058000 -3.15815300 -9.85333300 / -0.86827550 -0.49608250 0.00009540 / 225 93 202 255 / 0.38639830 0.11476140
				-33.98058000 -3.15815300 -9.85333300 / -0.86827550 -0.49608250 0.00009540 / 225 93 202 255 / 0.38639830 0.11476140
				-33.98058000 -3.15815300 -9.85333300 / -0.86827550 -0.49608250 0.00009540 / 225 93 202 255 / 0.38639830 0.11476140
				-33.98058000 -3.15815300 -9.85333300 / -0.86827550 -0.49608250 0.00009540 / 225 93 202 255 / 0.38639830 0.11476140
				-33.98058000 -3.15815300 -9.85333300 / -0.86827550 -0.49608250 0.00009540 / 225 93 202 255 / 0.38639830 0.11476140
				-34.07804000 -2.98774000 -9.81086700 / -0.86823340 -0.49615380 0.00143050 / 225 94 211 255 / 0.33235170 0.12019350
				-34.07804000 -2.98774000 -9.81086700 / -0.86823340 -0.49615380 0.00143050 / 225 94 211 255 / 0.33235170 0.12019350
				-34.07804000 -2.98774000 -9.81086700 / -0.86823340 -0.49615380 0.00143050 / 225 94 211 255 / 0.33235170 0.12019350
				-33.97203000 -3.17373700 -9.74004400 / -0.86894360 -0.49490780 -0.00181190 / 225 94 224 255 / 0.38711550 0.10632320
				-33.97203000 -3.17373700 -9.74004400 / -0.86894360 -0.49490780 -0.00181190 / 225 94 224 255 / 0.38711550 0.10632320
				-33.97203000 -3.17373700 -9.74004400 / -0.86894360 -0.49490780 -0.00181190 / 225 94 224 255 / 0.38711550 0.10632320
				-33.97203000 -3.17373700 -9.74004400 / -0.86894360 -0.49490780 -0.00181190 / 225 94 224 255 / 0.38711550 0.10632320
				-36.17819000 0.69496520 -9.53839100 / -0.22239860 0.39894900 0.88959460 / 208 29 255 255 / 0.60974120 0.00160220
				-36.17819000 0.69496520 -9.53839100 / -0.22239860 0.39894900 0.88959460 / 208 29 255 255 / 0.60974120 0.00160220
				-36.17819000 0.69496520 -9.53839100 / -0.22239860 0.39894900 0.88959460 / 208 29 255 255 / 0.60974120 0.00160220
				-34.06512000 -3.01025100 -9.70442200 / -0.86900630 -0.49480040 -0.00085830 / 224 94 240 255 / 0.34057620 0.09806820
				-34.06512000 -3.01025100 -9.70442200 / -0.86900630 -0.49480040 -0.00085830 / 224 94 240 255 / 0.34057620 0.09806820
				-34.06512000 -3.01025100 -9.70442200 / -0.86900630 -0.49480040 -0.00085830 / 224 94 240 255 / 0.34057620 0.09806820
				-33.96718000 -3.18234800 -9.70537500 / -0.86889270 -0.49499800 -0.00152570 / 223 94 237 255 / 0.39266970 0.09498600
				-33.96718000 -3.18234800 -9.70537500 / -0.86889270 -0.49499800 -0.00152570 / 223 94 237 255 / 0.39266970 0.09498600
				-33.96718000 -3.18234800 -9.70537500 / -0.86889270 -0.49499800 -0.00152570 / 223 94 237 255 / 0.39266970 0.09498600
				-34.04321000 -3.04932200 -9.61992600 / -0.86865610 -0.49541430 -0.00104910 / 223 93 255 255 / 0.35458370 0.08049010
				-34.04321000 -3.04932200 -9.61992600 / -0.86865610 -0.49541430 -0.00104910 / 223 93 255 255 / 0.35458370 0.08049010
				-34.04321000 -3.04932200 -9.61992600 / -0.86865610 -0.49541430 -0.00104910 / 223 93 255 255 / 0.35458370 0.08049010
				-33.87611000 -3.34219800 -9.74057000 / -0.86900530 -0.49479990 -0.00171660 / 226 93 228 255 / 0.47061160 0.10806270
				-33.87611000 -3.34219800 -9.74057000 / -0.86900530 -0.49479990 -0.00171660 / 226 93 228 255 / 0.47061160 0.10806270
				-33.87611000 -3.34219800 -9.74057000 / -0.86900530 -0.49479990 -0.00171660 / 226 93 228 255 / 0.47061160 0.10806270
				-33.87611000 -3.34219800 -9.74057000 / -0.86900530 -0.49479990 -0.00171660 / 226 93 228 255 / 0.47061160 0.10806270
				-33.95098000 -3.21081200 -9.66438300 / -0.86830620 -0.49602850 -0.00028610 / 223 94 247 255 / 0.40646360 0.08461000
				-33.95098000 -3.21081200 -9.66438300 / -0.86830620 -0.49602850 -0.00028610 / 223 94 247 255 / 0.40646360 0.08461000
				-33.95098000 -3.21081200 -9.66438300 / -0.86830620 -0.49602850 -0.00028610 / 223 94 247 255 / 0.40646360 0.08461000
				-33.95098000 -3.21081200 -9.66438300 / -0.86830620 -0.49602850 -0.00028610 / 223 94 247 255 / 0.40646360 0.08461000
				-36.70129000 1.91927400 -9.52813700 / -0.47606070 0.85312100 0.21342630 / 139 60 255 255 / 0.50914000 0.02264400
				-34.01373000 -3.10059500 -9.55841800 / -0.86868720 -0.49536060 0.00076300 / 223 93 255 255 / 0.37252810 0.06779480
				-34.01373000 -3.10059500 -9.55841800 / -0.86868720 -0.49536060 0.00076300 / 223 93 255 255 / 0.37252810 0.06779480
				-33.97808000 -3.16349000 -9.52227800 / -0.86862560 -0.49546850 -0.00057220 / 223 94 255 255 / 0.39466860 0.06018070
				-33.97808000 -3.16349000 -9.52227800 / -0.86862560 -0.49546850 -0.00057220 / 223 94 255 255 / 0.39466860 0.06018070
				-33.97808000 -3.16349000 -9.52227800 / -0.86862560 -0.49546850 -0.00057220 / 223 94 255 255 / 0.39466860 0.06018070
				-33.93035000 -3.24687900 -9.64728500 / -0.86791430 -0.49671400 0.00019080 / 224 93 252 255 / 0.42401120 0.08015440
				-33.93035000 -3.24687900 -9.64728500 / -0.86791430 -0.49671400 0.00019080 / 224 93 252 255 / 0.42401120 0.08015440
				-33.93035000 -3.24687900 -9.64728500 / -0.86791430 -0.49671400 0.00019080 / 224 93 252 255 / 0.42401120 0.08015440
				-33.93035000 -3.24687900 -9.64728500 / -0.86791430 -0.49671400 0.00019080 / 224 93 252 255 / 0.42401120 0.08015440
				-33.93520000 -3.23826900 -9.50373000 / -0.86785260 -0.49682180 0.00047680 / 224 93 255 255 / 0.42236330 0.05630490
				-33.93520000 -3.23826900 -9.50373000 / -0.86785260 -0.49682180 0.00047680 / 224 93 255 255 / 0.42236330 0.05630490
				-36.04570000 0.76888720 -9.53839900 / -0.22201670 0.39810170 0.89006940 / 222 27 255 255 / 0.60974120 0.02264400
				-36.04570000 0.76888720 -9.53839900 / -0.22201670 0.39810170 0.89006940 / 222 27 255 255 / 0.60974120 0.02264400
				-36.04570000 0.76888720 -9.53839900 / -0.22201670 0.39810170 0.89006940 / 222 27 255 255 / 0.60974120 0.02264400
				-33.89397000 -3.31040200 -9.50375400 / -0.86900640 -0.49480050 0.00057220 / 224 93 255 255 / 0.44860840 0.05633540
				-33.89397000 -3.31040200 -9.50375400 / -0.86900640 -0.49480050 0.00057220 / 224 93 255 255 / 0.44860840 0.05633540
				-33.89397000 -3.31040200 -9.50375400 / -0.86900640 -0.49480050 0.00057220 / 224 93 255 255 / 0.44860840 0.05633540
				-33.90121000 -3.29784000 -9.65267200 / -0.86930460 -0.49427630 0.00066750 / 225 93 250 255 / 0.44798280 0.08146670
				-33.90121000 -3.29784000 -9.65267200 / -0.86930460 -0.49427630 0.00066750 / 225 93 250 255 / 0.44798280 0.08146670
				-33.90121000 -3.29784000 -9.65267200 / -0.86930460 -0.49427630 0.00066750 / 225 93 250 255 / 0.44798280 0.08146670
				-33.85345000 -3.38190800 -9.52718400 / -0.86932530 -0.49424040 0.00028610 / 226 93 255 255 / 0.47421260 0.06126400
				-33.85345000 -3.38190800 -9.52718400 / -0.86932530 -0.49424040 0.00028610 / 226 93 255 255 / 0.47421260 0.06126400
				-33.85345000 -3.38190800 -9.52718400 / -0.86932530 -0.49424040 0.00028610 / 226 93 255 255 / 0.47421260 0.06126400
				-33.88381000 -3.32862500 -9.68978900 / -0.86942750 -0.49406010 0.00066760 / 227 93 241 255 / 0.46347050 0.09123230
				-33.88381000 -3.32862500 -9.68978900 / -0.86942750 -0.49406010 0.00066760 / 227 93 241 255 / 0.46347050 0.09123230
				-33.88381000 -3.32862500 -9.68978900 / -0.86942750 -0.49406010 0.00066760 / 227 93 241 255 / 0.46347050 0.09123230
				-33.88381000 -3.32862500 -9.68978900 / -0.86942750 -0.49406010 0.00066760 / 227 93 241 255 / 0.46347050 0.09123230
				-33.81662000 -3.44644500 -9.57601200 / -0.86906750 -0.49469220 0.00114450 / 227 93 255 255 / 0.49699400 0.07145690
				-33.81662000 -3.44644500 -9.57601200 / -0.86906750 -0.49469220 0.00114450 / 227 93 255 255 / 0.49699400 0.07145690
				-33.79516000 -3.48452200 -9.63802300 / -0.86900650 -0.49480060 0.00038150 / 227 93 250 255 / 0.51033020 0.08406070
				-33.79516000 -3.48452200 -9.63802300 / -0.86900650 -0.49480060 0.00038150 / 227 93 250 255 / 0.51033020 0.08406070
				-33.79516000 -3.48452200 -9.63802300 / -0.86900650 -0.49480060 0.00038150 / 227 93 250 255 / 0.51033020 0.08406070
				-33.79516000 -3.48452200 -9.63802300 / -0.86900650 -0.49480060 0.00038150 / 227 93 250 255 / 0.51033020 0.08406070
				-36.66344000 1.54650900 -10.08720000 / -0.25406190 0.46666240 -0.84715920 / 122 23 141 255 / 0.33219910 0.00160220
				-36.66344000 1.54650900 -10.08720000 / -0.25406190 0.46666240 -0.84715920 / 122 23 141 255 / 0.33219910 0.00160220
				-33.77981000 -3.51097900 -9.79427400 / -0.86865400 -0.49541330 -0.00238430 / 226 93 215 255 / 0.51783750 0.11659240
				-33.77981000 -3.51097900 -9.79427400 / -0.86865400 -0.49541330 -0.00238430 / 226 93 215 255 / 0.51783750 0.11659240
				-33.77981000 -3.51097900 -9.79427400 / -0.86865400 -0.49541330 -0.00238430 / 226 93 215 255 / 0.51783750 0.11659240
				-33.77981000 -3.51097900 -9.79427400 / -0.86865400 -0.49541330 -0.00238430 / 226 93 215 255 / 0.51783750 0.11659240
				-33.78060000 -3.50965800 -9.71907800 / -0.86588450 -0.50024380 -0.00028610 / 227 92 232 255 / 0.51907350 0.10052490
				-33.78430000 -3.50268700 -9.85920700 / -0.86894050 -0.49490610 -0.00324230 / 225 93 199 255 / 0.51345830 0.12763980
				-37.31414000 2.68760500 -10.08575000 / 0.00572180 0.00314700 -0.99997870 / 125 6 141 255 / 0.50538640 0.00160220
				-37.31414000 2.68760500 -10.08575000 / 0.00572180 0.00314700 -0.99997870 / 125 6 141 255 / 0.50538640 0.00160220
				-33.95220000 -3.20848700 -11.44319000 / -0.86861490 -0.49548630 0.00104910 / 220 92 0 255 / 0.59333800 0.16705320
				-33.95220000 -3.20848700 -11.44319000 / -0.86861490 -0.49548630 0.00104910 / 220 92 0 255 / 0.59333800 0.16705320
				-33.92716000 -3.25215300 -11.21223000 / -0.86908830 -0.49465640 0.00076300 / 220 92 0 255 / 0.60374450 0.13414000
				-33.98421000 -3.15187400 -11.21270000 / -0.86789310 -0.49674960 -0.00114450 / 219 92 0 255 / 0.58039870 0.13417050
				-33.98421000 -3.15187400 -11.21270000 / -0.86789310 -0.49674960 -0.00114450 / 219 92 0 255 / 0.58039870 0.13417050
				-33.98421000 -3.15187400 -11.21270000 / -0.86789310 -0.49674960 -0.00114450 / 219 92 0 255 / 0.58039870 0.13417050
				-33.98421000 -3.15187400 -11.21270000 / -0.86789310 -0.49674960 -0.00114450 / 219 92 0 255 / 0.58039870 0.13417050
				-34.01249000 -3.10291900 -11.45930000 / -0.86904660 -0.49472810 0.00143060 / 219 92 0 255 / 0.56803890 0.16935730
				-34.01249000 -3.10291900 -11.45930000 / -0.86904660 -0.49472810 0.00143060 / 219 92 0 255 / 0.56803890 0.16935730
				-34.09105000 -2.96456200 -11.45245000 / -0.86824390 -0.49613600 -0.00133520 / 218 92 0 255 / 0.53170780 0.16781620
				-34.09105000 -2.96456200 -11.45245000 / -0.86824390 -0.49613600 -0.00133520 / 218 92 0 255 / 0.53170780 0.16781620
				-34.09105000 -2.96456200 -11.45245000 / -0.86824390 -0.49613600 -0.00133520 / 218 92 0 255 / 0.53170780 0.16781620
				-34.00924000 -3.10889000 -11.16827000 / -0.86830560 -0.49602820 0.00123990 / 217 92 0 255 / 0.56613160 0.12623600
				-34.00924000 -3.10889000 -11.16827000 / -0.86830560 -0.49602820 0.00123990 / 217 92 0 255 / 0.56613160 0.12623600
				-34.00924000 -3.10889000 -11.16827000 / -0.86830560 -0.49602820 0.00123990 / 217 92 0 255 / 0.56613160 0.12623600
				-34.00924000 -3.10889000 -11.16827000 / -0.86830560 -0.49602820 0.00123990 / 217 92 0 255 / 0.56613160 0.12623600
				-34.14401000 -2.87224800 -11.41389000 / -0.86862520 -0.49546830 -0.00123980 / 217 92 0 255 / 0.50856020 0.16181950
				-34.14401000 -2.87224800 -11.41389000 / -0.86862520 -0.49546830 -0.00123980 / 217 92 0 255 / 0.50856020 0.16181950
				-34.14401000 -2.87224800 -11.41389000 / -0.86862520 -0.49546830 -0.00123980 / 217 92 0 255 / 0.50856020 0.16181950
				-36.69295000 1.59779900 -10.05010000 / -0.25405130 0.46655940 -0.84721910 / 123 27 150 255 / 0.34864810 0.00160220
				-34.18003000 -2.80904000 -11.27668000 / -0.86899630 -0.49481860 0.00009540 / 217 93 0 255 / 0.49377440 0.14308170
				-34.18003000 -2.80904000 -11.27668000 / -0.86899630 -0.49481860 0.00009540 / 217 93 0 255 / 0.49377440 0.14308170
				-34.18003000 -2.80904000 -11.27668000 / -0.86899630 -0.49481860 0.00009540 / 217 93 0 255 / 0.49377440 0.14308170
				-34.18003000 -2.80904000 -11.27668000 / -0.86899630 -0.49481860 0.00009540 / 217 93 0 255 / 0.49377440 0.14308170
				-34.17277000 -2.82160800 -11.34552000 / -0.87081880 -0.49159970 -0.00209790 / 217 93 0 255 / 0.49662780 0.15200800
				-36.04953000 0.46925940 -11.32402000 / -0.41237810 0.74505700 -0.52424660 / 126 49 0 255 / 0.09893800 0.02192690
				-36.04953000 0.46925940 -11.32402000 / -0.41237810 0.74505700 -0.52424660 / 126 49 0 255 / 0.09893800 0.02192690
				-36.04953000 0.46925940 -11.32402000 / -0.41237810 0.74505700 -0.52424660 / 126 49 0 255 / 0.09893800 0.02192690
				-36.15271000 0.65029150 -9.51884500 / -0.10528190 0.18889820 0.97633670 / 231 26 255 255 / 0.60763550 0.00160220
				-36.15271000 0.65029150 -9.51884500 / -0.10528190 0.18889820 0.97633670 / 231 26 255 255 / 0.60763550 0.00160220
				-36.15271000 0.65029150 -9.51884500 / -0.10528190 0.18889820 0.97633670 / 231 26 255 255 / 0.60763550 0.00160220
				-34.00848000 -3.10952200 -11.11262000 / -0.86906670 -0.49469180 0.00181210 / 217 92 0 255 / 0.56607060 0.11737060
				-34.00848000 -3.10952200 -11.11262000 / -0.86906670 -0.49469180 0.00181210 / 217 92 0 255 / 0.56607060 0.11737060
				-34.00848000 -3.10952200 -11.11262000 / -0.86906670 -0.49469180 0.00181210 / 217 92 0 255 / 0.56607060 0.11737060
				-34.13390000 -2.88978300 -10.80696000 / -0.86865660 -0.49541460 0.00000000 / 217 93 0 255 / 0.51654050 0.06759640
				-34.13390000 -2.88978300 -10.80696000 / -0.86865660 -0.49541460 0.00000000 / 217 93 0 255 / 0.51654050 0.06759640
				-34.13390000 -2.88978300 -10.80696000 / -0.86865660 -0.49541460 0.00000000 / 217 93 0 255 / 0.51654050 0.06759640
				-34.13390000 -2.88978300 -10.80696000 / -0.86865660 -0.49541460 0.00000000 / 217 93 0 255 / 0.51654050 0.06759640
				-33.97402000 -3.17078700 -10.80889000 / -0.86856420 -0.49557650 0.00057220 / 217 93 0 255 / 0.58357240 0.06802370
				-33.97402000 -3.17078700 -10.80889000 / -0.86856420 -0.49557650 0.00057220 / 217 93 0 255 / 0.58357240 0.06802370
				-33.97402000 -3.17078700 -10.80889000 / -0.86856420 -0.49557650 0.00057220 / 217 93 0 255 / 0.58357240 0.06802370
				-33.97402000 -3.17078700 -10.80889000 / -0.86856420 -0.49557650 0.00057220 / 217 93 0 255 / 0.58357240 0.06802370
				-34.10966000 -2.93214200 -10.61603000 / -0.86859520 -0.49552260 0.00000000 / 218 93 3 255 / 0.52610780 0.04345700
				-34.10966000 -2.93214200 -10.61603000 / -0.86859520 -0.49552260 0.00000000 / 218 93 3 255 / 0.52610780 0.04345700
				-34.10966000 -2.93214200 -10.61603000 / -0.86859520 -0.49552260 0.00000000 / 218 93 3 255 / 0.52610780 0.04345700
				-34.10966000 -2.93214200 -10.61603000 / -0.86859520 -0.49552260 0.00000000 / 218 93 3 255 / 0.52610780 0.04345700
				-34.10966000 -2.93214200 -10.61603000 / -0.86859520 -0.49552260 0.00000000 / 218 93 3 255 / 0.52610780 0.04345700
				-34.20349000 -2.76801100 -10.80697000 / -0.86791420 -0.49671400 -0.00038150 / 219 94 0 255 / 0.48422240 0.06881710
				-34.20349000 -2.76801100 -10.80697000 / -0.86791420 -0.49671400 -0.00038150 / 219 94 0 255 / 0.48422240 0.06881710
				-34.18040000 -2.80872300 -10.61604000 / -0.86753150 -0.49738090 -0.00114450 / 219 94 3 255 / 0.49287420 0.04258730
				-33.95345000 -3.20616000 -10.61653000 / -0.86833700 -0.49597450 0.00047690 / 218 93 3 255 / 0.59115600 0.04347230
				-33.95345000 -3.20616000 -10.61653000 / -0.86833700 -0.49597450 0.00047690 / 218 93 3 255 / 0.59115600 0.04347230
				-33.95345000 -3.20616000 -10.61653000 / -0.86833700 -0.49597450 0.00047690 / 218 93 3 255 / 0.59115600 0.04347230
				-33.95345000 -3.20616000 -10.61653000 / -0.86833700 -0.49597450 0.00047690 / 218 93 3 255 / 0.59115600 0.04347230
				-33.95345000 -3.20616000 -10.61653000 / -0.86833700 -0.49597450 0.00047690 / 218 93 3 255 / 0.59115600 0.04347230
				-34.08330000 -2.97882400 -10.36506000 / -0.86861550 -0.49548660 -0.00057220 / 218 93 66 255 / 0.53875730 0.00408940
				-34.08330000 -2.97882400 -10.36506000 / -0.86861550 -0.49548660 -0.00057220 / 218 93 66 255 / 0.53875730 0.00408940
				-36.56045000 1.67170700 -10.04912000 / -0.25405630 0.46669970 -0.84714040 / 122 23 150 255 / 0.34864810 0.02264400
				-36.56045000 1.67170700 -10.04912000 / -0.25405630 0.46669970 -0.84714040 / 122 23 150 255 / 0.34864810 0.02264400
				-33.92593000 -3.25448600 -10.36311000 / -0.86851300 -0.49566650 -0.00019070 / 218 93 67 255 / 0.60400390 0.00387570
				-36.02021000 0.72420780 -9.51886700 / -0.10452590 0.18749810 0.97668770 / 236 20 255 255 / 0.60763550 0.02264400
				-36.02021000 0.72420780 -9.51886700 / -0.10452590 0.18749810 0.97668770 / 236 20 255 255 / 0.60763550 0.02264400
				-36.02021000 0.72420780 -9.51886700 / -0.10452590 0.18749810 0.97668770 / 236 20 255 255 / 0.60763550 0.02264400
				-33.89034000 -3.31668300 -10.80893000 / -0.86786260 -0.49680370 0.00066760 / 217 92 0 255 / 0.62280280 0.06889341
				-33.89034000 -3.31668300 -10.80893000 / -0.86786260 -0.49680370 0.00066760 / 217 92 0 255 / 0.62280280 0.06889341
				-33.86767000 -3.35640000 -10.61654000 / -0.86833700 -0.49597460 0.00000000 / 217 92 3 255 / 0.63121030 0.04237370
				-37.93410000 3.77508800 -9.51934100 / -0.86870790 -0.49532470 0.00009540 / 225 114 255 255 / 0.31013490 0.06013490
				-37.93410000 3.77508800 -9.51934100 / -0.86870790 -0.49532470 0.00009540 / 225 114 255 255 / 0.31013490 0.06013490
				-37.93410000 3.77508800 -9.51934100 / -0.86870790 -0.49532470 0.00009540 / 225 114 255 255 / 0.31013490 0.06013490
				-37.99154000 3.87568000 -10.08720000 / -0.86818300 -0.49624420 -0.00009540 / 226 114 143 255 / 0.27626040 0.17628480
				-37.88920000 3.69666600 -10.08722000 / -0.86812130 -0.49635200 -0.00028610 / 225 114 143 255 / 0.32940670 0.17628480
				-37.88920000 3.69666600 -10.08722000 / -0.86812130 -0.49635200 -0.00028610 / 225 114 143 255 / 0.32940670 0.17628480
				-37.88920000 3.69666600 -10.08722000 / -0.86812130 -0.49635200 -0.00028610 / 225 114 143 255 / 0.32940670 0.17628480
				-37.84666000 3.62151600 -9.63264500 / -0.86902710 -0.49476450 0.00038150 / 224 113 255 255 / 0.35282900 0.09318540
				-37.84666000 3.62151600 -9.63264500 / -0.86902710 -0.49476450 0.00038150 / 224 113 255 255 / 0.35282900 0.09318540
				-37.84666000 3.62151600 -9.63264500 / -0.86902710 -0.49476450 0.00038150 / 224 113 255 255 / 0.35282900 0.09318540
				-37.84666000 3.62151600 -9.63264500 / -0.86902710 -0.49476450 0.00038150 / 224 113 255 255 / 0.35282900 0.09318540
				-37.84666000 3.62151600 -9.63264500 / -0.86902710 -0.49476450 0.00038150 / 224 113 255 255 / 0.35282900 0.09318540
				-37.84666000 3.62151600 -9.63264500 / -0.86902710 -0.49476450 0.00038150 / 224 113 255 255 / 0.35282900 0.09318540
				-37.84666000 3.62151600 -9.63264500 / -0.86902710 -0.49476450 0.00038150 / 224 113 255 255 / 0.35282900 0.09318540
				-37.84666000 3.62151600 -9.63264500 / -0.86902710 -0.49476450 0.00038150 / 224 113 255 255 / 0.35282900 0.09318540
				-37.83576000 3.60265900 -9.52132400 / -0.86862520 -0.49546830 0.00114440 / 224 114 255 255 / 0.36112970 0.06040950
				-37.86131000 3.64803000 -9.82258600 / -0.84462110 -0.53527960 -0.00953730 / 225 113 209 255 / 0.34605410 0.12118530
				-37.86131000 3.64803000 -9.82258600 / -0.84462110 -0.53527960 -0.00953730 / 225 113 209 255 / 0.34605410 0.12118530
				-37.84671000 3.62221200 -9.75373800 / -0.86817010 -0.49626060 -0.00247940 / 224 113 227 255 / 0.35610960 0.10516360
				-37.84671000 3.62221200 -9.75373800 / -0.86817010 -0.49626060 -0.00247940 / 224 113 227 255 / 0.35610960 0.10516360
				-38.09144000 4.35873000 -9.85042600 / 0.43792280 -0.85944270 -0.26378370 / 128 18 201 255 / 0.80337520 0.02264400
				-36.12198000 0.59669620 -9.51445800 / 0.03127950 -0.05513850 0.99798860 / 238 14 255 255 / 0.60055550 0.00160220
				-36.12198000 0.59669620 -9.51445800 / 0.03127950 -0.05513850 0.99798860 / 238 14 255 255 / 0.60055550 0.00160220
				-36.12198000 0.59669620 -9.51445800 / 0.03127950 -0.05513850 0.99798860 / 238 14 255 255 / 0.60055550 0.00160220
				-36.53093000 1.62043600 -10.08623000 / -0.25406690 0.46680270 -0.84708050 / 122 20 141 255 / 0.33219910 0.02264400
				-37.81753000 3.57055700 -9.70197300 / -0.86907780 -0.49467430 -0.00104920 / 223 113 240 255 / 0.37701420 0.09260560
				-37.81753000 3.57055700 -9.70197300 / -0.86907780 -0.49467430 -0.00104920 / 223 113 240 255 / 0.37701420 0.09260560
				-37.81753000 3.57055700 -9.70197300 / -0.86907780 -0.49467430 -0.00104920 / 223 113 240 255 / 0.37701420 0.09260560
				-37.79291000 3.52789000 -9.52668800 / -0.87043490 -0.49224200 0.00638900 / 221 113 255 255 / 0.39698790 0.06143190
				-37.79291000 3.52789000 -9.52668800 / -0.87043490 -0.49224200 0.00638900 / 221 113 255 255 / 0.39698790 0.06143190
				-37.79291000 3.52789000 -9.52668800 / -0.87043490 -0.49224200 0.00638900 / 221 113 255 255 / 0.39698790 0.06143190
				-37.82448000 3.58350600 -9.57306700 / -0.87624530 -0.48149140 0.01897830 / 222 113 255 255 / 0.37866210 0.07075500
				-37.72362000 3.40574300 -9.51399200 / -0.86850220 -0.49568420 0.00104890 / 222 113 255 255 / 0.43193050 0.05863950
				-37.72362000 3.40574300 -9.51399200 / -0.86850220 -0.49568420 0.00104890 / 222 113 255 255 / 0.43193050 0.05863950
				-37.72362000 3.40574300 -9.51399200 / -0.86850220 -0.49568420 0.00104890 / 222 113 255 255 / 0.43193050 0.05863950
				-37.72362000 3.40574300 -9.51399200 / -0.86850220 -0.49568420 0.00104890 / 222 113 255 255 / 0.43193050 0.05863950
				-37.72362000 3.40574300 -9.51399200 / -0.86850220 -0.49568420 0.00104890 / 222 113 255 255 / 0.43193050 0.05863950
				-37.75362000 3.45870500 -9.51008600 / -0.87004600 -0.49295290 0.00419570 / 221 113 255 255 / 0.42001340 0.05805970
				-37.77462000 3.49509300 -9.69270400 / -0.86782150 -0.49687550 -0.00076290 / 222 113 242 255 / 0.40669250 0.09045410
				-37.77462000 3.49509300 -9.69270400 / -0.86782150 -0.49687550 -0.00076290 / 222 113 242 255 / 0.40669250 0.09045410
				-37.74234000 3.43954700 -9.70343800 / -0.86488690 -0.50195010 -0.00410130 / 222 113 239 255 / 0.42216490 0.09231570
				-35.47781000 -0.53245560 -9.89678200 / -0.86871310 -0.49531570 0.00000000 / 223 101 190 255 / 0.14450070 0.14265440
				-35.47781000 -0.53245560 -9.89678200 / -0.86871310 -0.49531570 0.00000000 / 223 101 190 255 / 0.14450070 0.14265440
				-35.47781000 -0.53245560 -9.89678200 / -0.86871310 -0.49531570 0.00000000 / 223 101 190 255 / 0.14450070 0.14265440
				-35.53317000 -0.43619610 -9.89825400 / -0.86678980 -0.49867180 -0.00133530 / 227 101 184 255 / 0.10350040 0.14195250
				-35.98986000 0.67093480 -9.51446500 / 0.03166210 -0.05602250 0.99792730 / 236 11 255 255 / 0.60055550 0.02264400
				-35.98986000 0.67093480 -9.51446500 / 0.03166210 -0.05602250 0.99792730 / 236 11 255 255 / 0.60055550 0.02264400
				-35.98986000 0.67093480 -9.51446500 / 0.03166210 -0.05602250 0.99792730 / 236 11 255 255 / 0.60055550 0.02264400
				-35.51102000 -0.47420650 -10.08428000 / -0.86866000 -0.49540770 -0.00095370 / 225 101 147 255 / 0.11859130 0.17617800
				-35.51102000 -0.47420650 -10.08428000 / -0.86866000 -0.49540770 -0.00095370 / 225 101 147 255 / 0.11859130 0.17617800
				-35.51102000 -0.47420650 -10.08428000 / -0.86866000 -0.49540770 -0.00095370 / 225 101 147 255 / 0.11859130 0.17617800
				-36.53716000 1.32477900 -10.08430000 / -0.47569740 0.85701580 0.19808010 / 91 53 142 255 / 0.29920960 0.00160220
				-36.53716000 1.32477900 -10.08430000 / -0.47569740 0.85701580 0.19808010 / 91 53 142 255 / 0.29920960 0.00160220
				-35.45430000 -0.57418180 -10.07596000 / -0.86929450 -0.49429440 0.00047680 / 222 101 145 255 / 0.15779110 0.17434690
				-35.45430000 -0.57418180 -10.07596000 / -0.86929450 -0.49429440 0.00047680 / 222 101 145 255 / 0.15779110 0.17434690
				-35.45430000 -0.57418180 -10.07596000 / -0.86929450 -0.49429440 0.00047680 / 222 101 145 255 / 0.15779110 0.17434690
				-35.43368000 -0.61024680 -9.87234500 / -0.86904700 -0.49472830 0.00104910 / 221 100 196 255 / 0.17727660 0.13700870
				-35.43368000 -0.61024680 -9.87234500 / -0.86904700 -0.49472830 0.00104910 / 221 100 196 255 / 0.17727660 0.13700870
				-35.43368000 -0.61024680 -9.87234500 / -0.86904700 -0.49472830 0.00104910 / 221 100 196 255 / 0.17727660 0.13700870
				-35.43368000 -0.61024680 -9.87234500 / -0.86904700 -0.49472830 0.00104910 / 221 100 196 255 / 0.17727660 0.13700870
				-35.39039000 -0.68602960 -10.04520000 / -0.86907030 -0.49468790 -0.00085840 / 220 100 153 255 / 0.19985960 0.16767880
				-35.39039000 -0.68602960 -10.04520000 / -0.86907030 -0.49468790 -0.00085840 / 220 100 153 255 / 0.19985960 0.16767880
				-35.34094000 -0.77342670 -9.98905200 / -0.86939380 -0.49411850 0.00114440 / 220 100 167 255 / 0.23199460 0.15570070
				-35.34094000 -0.77342670 -9.98905200 / -0.86939380 -0.49411850 0.00114440 / 220 100 167 255 / 0.23199460 0.15570070
				-35.34094000 -0.77342670 -9.98905200 / -0.86939380 -0.49411850 0.00114440 / 220 100 167 255 / 0.23199460 0.15570070
				-35.34094000 -0.77342670 -9.98905200 / -0.86939380 -0.49411850 0.00114440 / 220 100 167 255 / 0.23199460 0.15570070
				-35.41144000 -0.64896380 -9.82743100 / -0.86867890 -0.49537380 0.00133530 / 220 100 207 255 / 0.19503780 0.12594600
				-35.41144000 -0.64896380 -9.82743100 / -0.86867890 -0.49537380 0.00133530 / 220 100 207 255 / 0.19503780 0.12594600
				-35.41144000 -0.64896380 -9.82743100 / -0.86867890 -0.49537380 0.00133530 / 220 100 207 255 / 0.19503780 0.12594600
				-35.67041000 -0.19491220 -10.08282000 / -0.86899800 -0.49481510 -0.00066760 / 227 102 145 255 / 0.02116390 0.17678830
				-35.67041000 -0.19491220 -10.08282000 / -0.86899800 -0.49481510 -0.00066760 / 227 102 145 255 / 0.02116390 0.17678830
				-35.53317000 -0.43619610 -9.89825400 / -0.86898460 -0.49483880 -0.00038150 / 227 101 185 255 / 0.10350040 0.14195250
				-35.53317000 -0.43619610 -9.89825400 / -0.86898460 -0.49483880 -0.00038150 / 227 101 185 255 / 0.10350040 0.14195250
				-35.53317000 -0.43619610 -9.89825400 / -0.86898460 -0.49483880 -0.00038150 / 227 101 185 255 / 0.10350040 0.14195250
				-35.59236000 -0.33157340 -9.31475800 / -0.86903350 -0.49475340 -0.00009540 / 228 102 255 255 / 0.07206730 0.01411440
				-35.59236000 -0.33157340 -9.31475800 / -0.86903350 -0.49475340 -0.00009540 / 228 102 255 255 / 0.07206730 0.01411440
				-35.59236000 -0.33157340 -9.31475800 / -0.86903350 -0.49475340 -0.00009540 / 228 102 255 255 / 0.07206730 0.01411440
				-36.09084000 0.54209030 -9.52714500 / 0.18920590 -0.33625410 0.92256940 / 232 9 255 255 / 0.58926390 0.00160220
				-36.09084000 0.54209030 -9.52714500 / 0.18920590 -0.33625410 0.92256940 / 232 9 255 255 / 0.58926390 0.00160220
				-36.09084000 0.54209030 -9.52714500 / 0.18920590 -0.33625410 0.92256940 / 232 9 255 255 / 0.58926390 0.00160220
				-35.49278000 -0.50632450 -9.50076300 / -0.86896550 -0.49487260 -0.00028610 / 227 101 255 255 / 0.13215640 0.04914860
				-35.49278000 -0.50632450 -9.50076300 / -0.86896550 -0.49487260 -0.00028610 / 227 101 255 255 / 0.13215640 0.04914860
				-35.49278000 -0.50632450 -9.50076300 / -0.86896550 -0.49487260 -0.00028610 / 227 101 255 255 / 0.13215640 0.04914860
				-35.47008000 -0.54672500 -9.31474300 / -0.86928360 -0.49431200 -0.00133500 / 227 101 255 255 / 0.14889530 0.01480100
				-35.47008000 -0.54672500 -9.31474300 / -0.86928360 -0.49431200 -0.00133500 / 227 101 255 255 / 0.14889530 0.01480100
				-35.47008000 -0.54672500 -9.31474300 / -0.86928360 -0.49431200 -0.00133500 / 227 101 255 255 / 0.14889530 0.01480100
				-35.47008000 -0.54672500 -9.31474300 / -0.86928360 -0.49431200 -0.00133500 / 227 101 255 255 / 0.14889530 0.01480100
				-36.52911000 1.31088000 -10.00470000 / -0.47569030 0.85708650 0.19779100 / 91 56 162 255 / 0.31604000 0.00160220
				-35.44987000 -0.58178310 -9.50515800 / -0.86903150 -0.49475520 -0.00123980 / 227 101 255 255 / 0.16642760 0.04914860
				-35.44987000 -0.58178310 -9.50515800 / -0.86903150 -0.49475520 -0.00123980 / 227 101 255 255 / 0.16642760 0.04914860
				-35.44987000 -0.58178310 -9.50515800 / -0.86903150 -0.49475520 -0.00123980 / 227 101 255 255 / 0.16642760 0.04914860
				-35.44987000 -0.58178310 -9.50515800 / -0.86903150 -0.49475520 -0.00123980 / 227 101 255 255 / 0.16642760 0.04914860
				-35.28436000 -0.87202980 -9.83427500 / -0.86926640 -0.49434400 -0.00009540 / 220 100 206 255 / 0.26762390 0.12303160
				-35.28436000 -0.87202980 -9.83427500 / -0.86926640 -0.49434400 -0.00009540 / 220 100 206 255 / 0.26762390 0.12303160
				-35.28436000 -0.87202980 -9.83427500 / -0.86926640 -0.49434400 -0.00009540 / 220 100 206 255 / 0.26762390 0.12303160
				-35.28436000 -0.87202980 -9.83427500 / -0.86926640 -0.49434400 -0.00009540 / 220 100 206 255 / 0.26762390 0.12303160
				-35.30696000 -0.83300350 -9.91140700 / -0.87474460 -0.48445590 0.01115840 / 219 99 186 255 / 0.25340270 0.13934330
				-35.39120000 -0.68470780 -9.73953200 / -0.86898280 -0.49484070 -0.00123980 / 223 100 229 255 / 0.21063230 0.10552980
				-35.39120000 -0.68470780 -9.73953200 / -0.86898280 -0.49484070 -0.00123980 / 223 100 229 255 / 0.21063230 0.10552980
				-35.39120000 -0.68470780 -9.73953200 / -0.86898280 -0.49484070 -0.00123980 / 223 100 229 255 / 0.21063230 0.10552980
				-35.27059000 -0.89652360 -9.76004000 / -0.86894970 -0.49489950 -0.00085830 / 225 100 224 255 / 0.27662660 0.10757450
				-35.27059000 -0.89652360 -9.76004000 / -0.86894970 -0.49489950 -0.00085830 / 225 100 224 255 / 0.27662660 0.10757450
				-35.27059000 -0.89652360 -9.76004000 / -0.86894970 -0.49489950 -0.00085830 / 225 100 224 255 / 0.27662660 0.10757450
				-35.27059000 -0.89652360 -9.76004000 / -0.86894970 -0.49489950 -0.00085830 / 225 100 224 255 / 0.27662660 0.10757450
				-35.38024000 -0.70425670 -9.60233300 / -0.86888580 -0.49501200 0.00085820 / 226 100 255 255 / 0.21699520 0.07304380
				-35.38024000 -0.70425670 -9.60233300 / -0.86888580 -0.49501200 0.00085820 / 226 100 255 255 / 0.21699520 0.07304380
				-35.38024000 -0.70425670 -9.60233300 / -0.86888580 -0.49501200 0.00085820 / 226 100 255 255 / 0.21699520 0.07304380
				-35.38024000 -0.70425670 -9.60233300 / -0.86888580 -0.49501200 0.00085820 / 226 100 255 255 / 0.21699520 0.07304380
				-35.26491000 -0.90645310 -9.67606400 / -0.87086640 -0.49151930 0.00076290 / 227 100 245 255 / 0.28027340 0.09010309
				-35.95870000 0.61632690 -9.52716900 / 0.19035310 -0.33817840 0.92162960 / 224 8 255 255 / 0.58926390 0.02264400
				-35.95870000 0.61632690 -9.52716900 / 0.19035310 -0.33817840 0.92162960 / 224 8 255 255 / 0.58926390 0.02264400
				-35.95870000 0.61632690 -9.52716900 / 0.19035310 -0.33817840 0.92162960 / 224 8 255 255 / 0.58926390 0.02264400
				-35.26616000 -0.90413650 -9.60086800 / -0.86857960 -0.49554960 0.00038150 / 227 100 255 255 / 0.27955630 0.07447810
				-35.26616000 -0.90413650 -9.60086800 / -0.86857960 -0.49554960 0.00038150 / 227 100 255 255 / 0.27955630 0.07447810
				-35.26616000 -0.90413650 -9.60086800 / -0.86857960 -0.49554960 0.00038150 / 227 100 255 255 / 0.27955630 0.07447810
				-35.27464000 -0.88923350 -9.52811400 / -0.86896550 -0.49487260 -0.00038150 / 227 100 255 255 / 0.27270510 0.05917360
				-35.27464000 -0.88923350 -9.52811400 / -0.86896550 -0.49487260 -0.00038150 / 227 100 255 255 / 0.27270510 0.05917360
				-35.27464000 -0.88923350 -9.52811400 / -0.86896550 -0.49487260 -0.00038150 / 227 100 255 255 / 0.27270510 0.05917360
				-35.27464000 -0.88923350 -9.52811400 / -0.86896550 -0.49487260 -0.00038150 / 227 100 255 255 / 0.27270510 0.05917360
				-35.27464000 -0.88923350 -9.52811400 / -0.86896550 -0.49487260 -0.00038150 / 227 100 255 255 / 0.27270510 0.05917360
				-35.27464000 -0.88923350 -9.52811400 / -0.86896550 -0.49487260 -0.00038150 / 227 100 255 255 / 0.27270510 0.05917360
				-35.40251000 -0.66485270 -9.53056300 / -0.86889120 -0.49500310 0.00000000 / 227 100 255 255 / 0.19897460 0.05511470
				-35.40251000 -0.66485270 -9.53056300 / -0.86889120 -0.49500310 0.00000000 / 227 100 255 255 / 0.19897460 0.05511470
				-36.39654000 1.38410700 -10.00322000 / -0.47606350 0.85672590 0.19845510 / 91 53 162 255 / 0.31604000 0.02264400
				-36.39654000 1.38410700 -10.00322000 / -0.47606350 0.85672590 0.19845510 / 91 53 162 255 / 0.31604000 0.02264400
				-35.31227000 -0.82338360 -9.39431700 / -0.86827020 -0.49609140 0.00038150 / 227 100 255 255 / 0.24851990 0.03129580
				-35.31227000 -0.82338360 -9.39431700 / -0.86827020 -0.49609140 0.00038150 / 227 100 255 255 / 0.24851990 0.03129580
				-35.31227000 -0.82338360 -9.39431700 / -0.86827020 -0.49609140 0.00038150 / 227 100 255 255 / 0.24851990 0.03129580
				-35.28998000 -0.86277710 -9.45829000 / -0.87885730 -0.47692380 -0.01239710 / 227 100 255 255 / 0.26182560 0.04443360
				-35.37413000 -0.71518060 -9.32986500 / -0.86862560 -0.49546850 -0.00076300 / 227 100 255 255 / 0.21237180 0.01821900
				-35.37413000 -0.71518060 -9.32986500 / -0.86862560 -0.49546850 -0.00076300 / 227 100 255 255 / 0.21237180 0.01821900
				-35.37413000 -0.71518060 -9.32986500 / -0.86862560 -0.49546850 -0.00076300 / 227 100 255 255 / 0.21237180 0.01821900
				-35.37413000 -0.71518060 -9.32986500 / -0.86862560 -0.49546850 -0.00076300 / 227 100 255 255 / 0.21237180 0.01821900
				-35.37413000 -0.71518060 -9.32986500 / -0.86862560 -0.49546850 -0.00076300 / 227 100 255 255 / 0.21237180 0.01821900
				-35.33898000 -0.77638440 -9.35331700 / -0.86547970 -0.50083820 0.01029880 / 227 100 255 255 / 0.23295590 0.02310180
				-35.41096000 -0.65065170 -9.32108300 / -0.86966390 -0.49311350 -0.02288590 / 227 100 255 255 / 0.18983460 0.01631160
				-36.49471000 1.25099200 -10.74397000 / -0.86812650 -0.49634300 0.00000000 / 220 105 0 255 / 0.96202090 0.07705690
				-36.49471000 1.25099200 -10.74397000 / -0.86812650 -0.49634300 0.00000000 / 220 105 0 255 / 0.96202090 0.07705690
				-36.49471000 1.25099200 -10.74397000 / -0.86812650 -0.49634300 0.00000000 / 220 105 0 255 / 0.96202090 0.07705690
				-36.06977000 0.50501860 -9.55595400 / 0.34942530 -0.62078070 0.70180710 / 213 8 255 255 / 0.57690430 0.00160220
				-36.06977000 0.50501860 -9.55595400 / 0.34942530 -0.62078070 0.70180710 / 213 8 255 255 / 0.57690430 0.00160220
				-36.06977000 0.50501860 -9.55595400 / 0.34942530 -0.62078070 0.70180710 / 213 8 255 255 / 0.57690430 0.00160220
				-36.52589000 1.30560100 -10.67560000 / -0.86597930 -0.50006020 0.00438710 / 220 105 0 255 / 0.94818120 0.06674190
				-36.56105000 1.36680500 -10.63897000 / -0.86853350 -0.49563050 0.00019070 / 220 105 0 255 / 0.93284610 0.06112670
				-36.56105000 1.36680500 -10.63897000 / -0.86853350 -0.49563050 0.00019070 / 220 105 0 255 / 0.93284610 0.06112670
				-36.56105000 1.36680500 -10.63897000 / -0.86853350 -0.49563050 0.00019070 / 220 105 0 255 / 0.93284610 0.06112670
				-36.63672000 1.49950000 -10.87578000 / -0.86866690 -0.49539670 0.00028610 / 219 105 0 255 / 0.90191650 0.09489440
				-36.63672000 1.49950000 -10.87578000 / -0.86866690 -0.49539670 0.00028610 / 219 105 0 255 / 0.90191650 0.09489440
				-36.63672000 1.49950000 -10.87578000 / -0.86866690 -0.49539670 0.00028610 / 219 105 0 255 / 0.90191650 0.09489440
				-36.63672000 1.49950000 -10.87578000 / -0.86866690 -0.49539670 0.00028610 / 219 105 0 255 / 0.90191650 0.09489440
				-36.63672000 1.49950000 -10.87578000 / -0.86866690 -0.49539670 0.00028610 / 219 105 0 255 / 0.90191650 0.09489440
				-36.47694000 1.21988000 -10.81867000 / -0.86858380 -0.49554000 0.00152580 / 219 105 0 255 / 0.96989440 0.08781430
				-36.47694000 1.21988000 -10.81867000 / -0.86858380 -0.49554000 0.00152580 / 219 105 0 255 / 0.96989440 0.08781430
				-36.47694000 1.21988000 -10.81867000 / -0.86858380 -0.49554000 0.00152580 / 219 105 0 255 / 0.96989440 0.08781430
				-36.40429000 1.39837600 -10.08331000 / -0.47607040 0.85665490 0.19874410 / 91 51 142 255 / 0.29920960 0.02264400
				-36.60600000 1.44591000 -10.61112000 / -0.86934550 -0.49420420 0.00076290 / 220 106 4 255 / 0.91229250 0.05673220
				-36.60600000 1.44591000 -10.61112000 / -0.86934550 -0.49420420 0.00076290 / 220 106 4 255 / 0.91229250 0.05673220
				-36.60600000 1.44591000 -10.61112000 / -0.86934550 -0.49420420 0.00076290 / 220 106 4 255 / 0.91229250 0.05673220
				-36.62539000 1.47965000 -10.94511000 / -0.86855860 -0.49558520 0.00104900 / 219 105 0 255 / 0.90824890 0.10595700
				-36.62539000 1.47965000 -10.94511000 / -0.86855860 -0.49558520 0.00104900 / 219 105 0 255 / 0.90824890 0.10595700
				-36.62539000 1.47965000 -10.94511000 / -0.86855860 -0.49558520 0.00104900 / 219 105 0 255 / 0.90824890 0.10595700
				-36.62539000 1.47965000 -10.94511000 / -0.86855860 -0.49558520 0.00104900 / 219 105 0 255 / 0.90824890 0.10595700
				-36.65980000 1.54022500 -10.83330000 / -0.86902680 -0.49476450 0.00066760 / 220 106 0 255 / 0.88847350 0.08764650
				-36.65980000 1.54022500 -10.83330000 / -0.86902680 -0.49476450 0.00066760 / 220 106 0 255 / 0.88847350 0.08764650
				-36.65980000 1.54022500 -10.83330000 / -0.86902680 -0.49476450 0.00066760 / 220 106 0 255 / 0.88847350 0.08764650
				-36.65980000 1.54022500 -10.83330000 / -0.86902680 -0.49476450 0.00066760 / 220 106 0 255 / 0.88847350 0.08764650
				-36.46839000 1.20431100 -10.90509000 / -0.86889200 -0.49499760 0.00200250 / 219 105 0 255 / 0.97377020 0.10052490
				-36.46839000 1.20431100 -10.90509000 / -0.86889200 -0.49499760 0.00200250 / 219 105 0 255 / 0.97377020 0.10052490
				-36.65661000 1.53494400 -10.59892000 / -0.86866150 -0.49540550 0.00066760 / 220 106 7 255 / 0.88850400 0.05471800
				-36.65661000 1.53494400 -10.59892000 / -0.86866150 -0.49540550 0.00066760 / 220 106 7 255 / 0.88850400 0.05471800
				-35.93732000 0.57962290 -9.55594600 / 0.35018270 -0.62165890 0.70065140 / 200 7 255 255 / 0.57690430 0.02264400
				-35.93732000 0.57962290 -9.55594600 / 0.35018270 -0.62165890 0.70065140 / 200 7 255 255 / 0.57690430 0.02264400
				-35.93732000 0.57962290 -9.55594600 / 0.35018270 -0.62165890 0.70065140 / 200 7 255 255 / 0.57690430 0.02264400
				-36.46716000 1.20197800 -11.00665000 / -0.86863600 -0.49545060 0.00057220 / 217 105 0 255 / 0.97430420 0.11555480
				-36.46716000 1.20197800 -11.00665000 / -0.86863600 -0.49545060 0.00057220 / 217 105 0 255 / 0.97430420 0.11555480
				-36.46716000 1.20197800 -11.00665000 / -0.86863600 -0.49545060 0.00057220 / 217 105 0 255 / 0.97430420 0.11555480
				-36.71564000 1.63817600 -10.60429000 / -0.86857970 -0.49554960 0.00028610 / 219 106 6 255 / 0.86099240 0.05557250
				-36.71564000 1.63817600 -10.60429000 / -0.86857970 -0.49554960 0.00028610 / 219 106 6 255 / 0.86099240 0.05557250
				-36.71564000 1.63817600 -10.60429000 / -0.86857970 -0.49554960 0.00028610 / 219 106 6 255 / 0.86099240 0.05557250
				-36.62577000 1.47997100 -11.04668000 / -0.86890890 -0.49497150 -0.00085820 / 216 105 0 255 / 0.90798950 0.12226870
				-36.62577000 1.47997100 -11.04668000 / -0.86890890 -0.49497150 -0.00085820 / 216 105 0 255 / 0.90798950 0.12226870
				-36.62577000 1.47997100 -11.04668000 / -0.86890890 -0.49497150 -0.00085820 / 216 105 0 255 / 0.90798950 0.12226870
				-36.62577000 1.47997100 -11.04668000 / -0.86890890 -0.49497150 -0.00085820 / 216 105 0 255 / 0.90798950 0.12226870
				-36.69945000 1.60971500 -10.83965000 / -0.86898090 -0.49484560 -0.00019070 / 219 106 0 255 / 0.86697390 0.08863830
				-36.69945000 1.60971500 -10.83965000 / -0.86898090 -0.49484560 -0.00019070 / 219 106 0 255 / 0.86697390 0.08863830
				-36.69945000 1.60971500 -10.83965000 / -0.86898090 -0.49484560 -0.00019070 / 219 106 0 255 / 0.86697390 0.08863830
				-36.47566000 1.21687900 -11.11994000 / -0.86866610 -0.49539630 -0.00123990 / 216 105 0 255 / 0.97042860 0.13252260
				-36.47566000 1.21687900 -11.11994000 / -0.86866610 -0.49539630 -0.00123990 / 216 105 0 255 / 0.97042860 0.13252260
				-36.44124000 1.15631200 -10.08430000 / 0.00572180 0.00324230 -0.99997840 / 124 4 142 255 / 0.27381900 0.00160220
				-36.44124000 1.15631200 -10.08430000 / 0.00572180 0.00324230 -0.99997840 / 124 4 142 255 / 0.27381900 0.00160220
				-36.77070000 1.73482800 -10.63065000 / -0.86891940 -0.49495360 -0.00009540 / 219 106 0 255 / 0.83544920 0.05981450
				-36.77070000 1.73482800 -10.63065000 / -0.86891940 -0.49495360 -0.00009540 / 219 106 0 255 / 0.83544920 0.05981450
				-36.77070000 1.73482800 -10.63065000 / -0.86891940 -0.49495360 -0.00009540 / 219 106 0 255 / 0.83544920 0.05981450
				-36.49554000 1.25231400 -11.22102000 / -0.86888300 -0.49501630 -0.00104890 / 215 105 0 255 / 0.96156310 0.14761350
				-36.49554000 1.25231400 -11.22102000 / -0.86888300 -0.49501630 -0.00104890 / 215 105 0 255 / 0.96156310 0.14761350
				-36.49554000 1.25231400 -11.22102000 / -0.86888300 -0.49501630 -0.00104890 / 215 105 0 255 / 0.96156310 0.14761350
				-36.72820000 1.66036300 -10.88358000 / -0.86857440 -0.49555850 0.00057220 / 218 106 0 255 / 0.85116580 0.09555050
				-36.72820000 1.66036300 -10.88358000 / -0.86857440 -0.49555850 0.00057220 / 218 106 0 255 / 0.85116580 0.09555050
				-36.72820000 1.66036300 -10.88358000 / -0.86857440 -0.49555850 0.00057220 / 218 106 0 255 / 0.85116580 0.09555050
				-36.72820000 1.66036300 -10.88358000 / -0.86857440 -0.49555850 0.00057220 / 218 106 0 255 / 0.85116580 0.09555050
				-36.64607000 1.51640300 -11.16190000 / -0.86858480 -0.49554060 0.00009540 / 215 105 0 255 / 0.89721680 0.14068600
				-36.64607000 1.51640300 -11.16190000 / -0.86858480 -0.49554060 0.00009540 / 215 105 0 255 / 0.89721680 0.14068600
				-36.64607000 1.51640300 -11.16190000 / -0.86858480 -0.49554060 0.00009540 / 215 105 0 255 / 0.89721680 0.14068600
				-36.64607000 1.51640300 -11.16190000 / -0.86858480 -0.49554060 0.00009540 / 215 105 0 255 / 0.89721680 0.14068600
				-36.05929000 0.48717110 -9.58768400 / 0.44365390 -0.78862520 0.42572460 / 184 6 255 255 / 0.56681820 0.00160220
				-36.05929000 0.48717110 -9.58768400 / 0.44365390 -0.78862520 0.42572460 / 184 6 255 255 / 0.56681820 0.00160220
				-36.05929000 0.48717110 -9.58768400 / 0.44365390 -0.78862520 0.42572460 / 184 6 255 255 / 0.56681820 0.00160220
				-36.05929000 0.48717110 -9.58768400 / 0.44365390 -0.78862520 0.42572460 / 184 6 255 255 / 0.56681820 0.00160220
				-36.81805000 1.81789100 -10.67950000 / -0.86829580 -0.49604640 0.00047690 / 218 106 0 255 / 0.81384280 0.06736760
				-36.81805000 1.81789100 -10.67950000 / -0.86829580 -0.49604640 0.00047690 / 218 106 0 255 / 0.81384280 0.06736760
				-36.52705000 1.30723300 -11.30988000 / -0.86862980 -0.49545900 0.00162130 / 214 105 0 255 / 0.94735720 0.16091920
				-36.52705000 1.30723300 -11.30988000 / -0.86862980 -0.49545900 0.00162130 / 214 105 0 255 / 0.94735720 0.16091920
				-36.85807000 1.88770500 -10.75080000 / -0.86859520 -0.49552260 0.00019070 / 218 106 0 255 / 0.79582210 0.07821660
				-36.85807000 1.88770500 -10.75080000 / -0.86859520 -0.49552260 0.00019070 / 218 106 0 255 / 0.79582210 0.07821660
				-36.85807000 1.88770500 -10.75080000 / -0.86859520 -0.49552260 0.00019070 / 218 106 0 255 / 0.79582210 0.07821660
				-36.56832000 1.37937300 -11.38311000 / -0.86899630 -0.49481860 0.00028610 / 214 105 0 255 / 0.92863470 0.17210390
				-36.56832000 1.37937300 -11.38311000 / -0.86899630 -0.49481860 0.00028610 / 214 105 0 255 / 0.92863470 0.17210390
				-36.56832000 1.37937300 -11.38311000 / -0.86899630 -0.49481860 0.00028610 / 214 105 0 255 / 0.92863470 0.17210390
				-36.75204000 1.70170300 -10.97979000 / -0.86867180 -0.49538760 0.00047690 / 218 106 0 255 / 0.83885190 0.11096190
				-36.75204000 1.70170300 -10.97979000 / -0.86867180 -0.49538760 0.00047690 / 218 106 0 255 / 0.83885190 0.11096190
				-36.75204000 1.70170300 -10.97979000 / -0.86867180 -0.49538760 0.00047690 / 218 106 0 255 / 0.83885190 0.11096190
				-36.75204000 1.70170300 -10.97979000 / -0.86867180 -0.49538760 0.00047690 / 218 106 0 255 / 0.83885190 0.11096190
				-36.67841000 1.57264900 -11.21806000 / -0.86895520 -0.49489060 0.00028610 / 215 105 0 255 / 0.88005070 0.14967350
				-36.67841000 1.57264900 -11.21806000 / -0.86895520 -0.49489060 0.00028610 / 215 105 0 255 / 0.88005070 0.14967350
				-36.67841000 1.57264900 -11.21806000 / -0.86895520 -0.49489060 0.00028610 / 215 105 0 255 / 0.88005070 0.14967350
				-36.67841000 1.57264900 -11.21806000 / -0.86895520 -0.49489060 0.00028610 / 215 105 0 255 / 0.88005070 0.14967350
				-36.53716000 1.32477500 -10.08430000 / 0.00572180 0.00323040 -0.99997850 / 124 6 142 255 / 0.29920960 0.00160220
				-36.88886000 1.94198800 -10.83917000 / -0.86927880 -0.49432130 -0.00085820 / 218 106 0 255 / 0.78190610 0.09136960
				-36.88886000 1.94198800 -10.83917000 / -0.86927880 -0.49432130 -0.00085820 / 218 106 0 255 / 0.78190610 0.09136960
				-36.61572000 1.46312000 -11.43437000 / -0.86909270 -0.49464700 -0.00152610 / 215 105 0 255 / 0.90687560 0.18000790
				-36.61572000 1.46312000 -11.43437000 / -0.86909270 -0.49464700 -0.00152610 / 215 105 0 255 / 0.90687560 0.18000790
				-36.90911000 1.97774700 -10.94172000 / -0.86891900 -0.49495340 0.00095360 / 219 106 0 255 / 0.77275090 0.10656740
				-36.90911000 1.97774700 -10.94172000 / -0.86891900 -0.49495340 0.00095360 / 219 106 0 255 / 0.77275090 0.10656740
				-36.90911000 1.97774700 -10.94172000 / -0.86891900 -0.49495340 0.00095360 / 219 106 0 255 / 0.77275090 0.10656740
				-35.92755000 0.56172530 -9.58720400 / 0.44326670 -0.78599260 0.43096440 / 182 5 255 255 / 0.56681820 0.02264400
				-35.92755000 0.56172530 -9.58720400 / 0.44326670 -0.78599260 0.43096440 / 182 5 255 255 / 0.56681820 0.02264400
				-36.66953000 1.55743300 -11.46269000 / -0.86828570 -0.49606450 0.00000000 / 217 105 0 255 / 0.88192750 0.18446350
				-36.66953000 1.55743300 -11.46269000 / -0.86828570 -0.49606450 0.00000000 / 217 105 0 255 / 0.88192750 0.18446350
				-36.66953000 1.55743300 -11.46269000 / -0.86828570 -0.49606450 0.00000000 / 217 105 0 255 / 0.88192750 0.18446350
				-36.76055000 1.71660600 -11.09941000 / -0.86862520 -0.49546830 -0.00114440 / 220 106 0 255 / 0.83438110 0.13032530
				-36.76055000 1.71660600 -11.09941000 / -0.86862520 -0.49546830 -0.00114440 / 220 106 0 255 / 0.83438110 0.13032530
				-36.76055000 1.71660600 -11.09941000 / -0.86862520 -0.49546830 -0.00114440 / 220 106 0 255 / 0.83438110 0.13032530
				-36.76055000 1.71660600 -11.09941000 / -0.86862520 -0.49546830 -0.00114440 / 220 106 0 255 / 0.83438110 0.13032530
				-36.76055000 1.71660600 -11.09941000 / -0.86862520 -0.49546830 -0.00114440 / 220 106 0 255 / 0.83438110 0.13032530
				-36.72254000 1.65044400 -11.23417000 / -0.86895020 -0.49489960 0.00047680 / 219 106 0 255 / 0.85610960 0.15246580
				-36.72254000 1.65044400 -11.23417000 / -0.86895020 -0.49489960 0.00047680 / 219 106 0 255 / 0.85610960 0.15246580
				-36.72254000 1.65044400 -11.23417000 / -0.86895020 -0.49489960 0.00047680 / 219 106 0 255 / 0.85610960 0.15246580
				-36.72254000 1.65044400 -11.23417000 / -0.86895020 -0.49489960 0.00047680 / 219 106 0 255 / 0.85610960 0.15246580
				-36.72254000 1.65044400 -11.23417000 / -0.86895020 -0.49489960 0.00047680 / 219 106 0 255 / 0.85610960 0.15246580
				-36.91836000 1.99326000 -11.05989000 / -0.86855270 -0.49559380 0.00171650 / 220 106 0 255 / 0.76866150 0.12422180
				-36.91836000 1.99326000 -11.05989000 / -0.86855270 -0.49559380 0.00171650 / 220 106 0 255 / 0.76866150 0.12422180
				-36.72734000 1.65835100 -11.46903000 / -0.86815680 -0.49628880 0.00104900 / 219 106 0 255 / 0.85508730 0.18537900
				-36.72734000 1.65835100 -11.46903000 / -0.86815680 -0.49628880 0.00104900 / 219 106 0 255 / 0.85508730 0.18537900
				-36.91633000 1.98963100 -11.15803000 / -0.86832020 -0.49600070 -0.00181220 / 221 107 0 255 / 0.76966860 0.13868710
				-36.91633000 1.98963100 -11.15803000 / -0.86832020 -0.49600070 -0.00181220 / 221 107 0 255 / 0.76966860 0.13868710
				-36.77833000 1.74771600 -11.45635000 / -0.86868660 -0.49536030 0.00133530 / 219 106 0 255 / 0.83129880 0.18327330
				-36.77833000 1.74771600 -11.45635000 / -0.86868660 -0.49536030 0.00133530 / 219 106 0 255 / 0.83129880 0.18327330
				-36.40429000 1.39837600 -10.08331000 / 0.00572180 0.00324230 -0.99997840 / 124 4 142 255 / 0.29920960 0.02264400
				-36.40429000 1.39837600 -10.08331000 / 0.00572180 0.00324230 -0.99997840 / 124 4 142 255 / 0.29920960 0.02264400
				-36.90424000 1.96913300 -11.24299000 / -0.86856920 -0.49556740 -0.00066750 / 221 107 0 255 / 0.77490230 0.15106200
				-36.90424000 1.96913300 -11.24299000 / -0.86856920 -0.49556740 -0.00066750 / 221 107 0 255 / 0.77490230 0.15106200
				-36.90424000 1.96913300 -11.24299000 / -0.86856920 -0.49556740 -0.00066750 / 221 107 0 255 / 0.77490230 0.15106200
				-36.82126000 1.82316700 -11.42705000 / -0.86891350 -0.49496220 0.00133500 / 220 106 0 255 / 0.81163030 0.17866520
				-36.82126000 1.82316700 -11.42705000 / -0.86891350 -0.49496220 0.00133500 / 220 106 0 255 / 0.81163030 0.17866520
				-36.82126000 1.82316700 -11.42705000 / -0.86891350 -0.49496220 0.00133500 / 220 106 0 255 / 0.81163030 0.17866520
				-35.93044000 0.56737500 -11.25565000 / -0.47111390 0.84985270 -0.23622450 / 128 53 0 255 / 0.11901860 0.00000000
				-35.93044000 0.56737500 -11.25565000 / -0.47111390 0.84985270 -0.23622450 / 128 53 0 255 / 0.11901860 0.00000000
				-35.93044000 0.56737500 -11.25565000 / -0.47111390 0.84985270 -0.23622450 / 128 53 0 255 / 0.11901860 0.00000000
				-38.28775000 4.39527600 -9.31234000 / -0.43907360 0.87256820 0.21410080 / 178 68 255 255 / 0.94627380 0.00219730
				-38.28775000 4.39527600 -9.31234000 / -0.43907360 0.87256820 0.21410080 / 178 68 255 255 / 0.94627380 0.00219730
				-36.74927000 1.69743800 -11.18632000 / -0.86856930 -0.49556750 -0.00057220 / 221 106 0 255 / 0.84065240 0.14453130
				-36.74927000 1.69743800 -11.18632000 / -0.86856930 -0.49556750 -0.00057220 / 221 106 0 255 / 0.84065240 0.14453130
				-36.74927000 1.69743800 -11.18632000 / -0.86856930 -0.49556750 -0.00057220 / 221 106 0 255 / 0.84065240 0.14453130
				-36.74927000 1.69743800 -11.18632000 / -0.86856930 -0.49556750 -0.00057220 / 221 106 0 255 / 0.84065240 0.14453130
				-36.74927000 1.69743800 -11.18632000 / -0.86856930 -0.49556750 -0.00057220 / 221 106 0 255 / 0.84065240 0.14453130
				-36.88437000 1.93370300 -11.31868000 / -0.86853240 -0.49562990 0.00162110 / 221 107 0 255 / 0.78379820 0.16220090
				-36.88437000 1.93370300 -11.31868000 / -0.86853240 -0.49562990 0.00162110 / 221 107 0 255 / 0.78379820 0.16220090
				-36.85646000 1.88505900 -11.38118000 / -0.86827550 -0.49608250 0.00009540 / 221 106 0 255 / 0.79599000 0.17152410
				-36.85646000 1.88505900 -11.38118000 / -0.86827550 -0.49608250 0.00009540 / 221 106 0 255 / 0.79599000 0.17152410
				-35.16011000 -1.09012600 -10.77277000 / -0.86862580 -0.49546860 -0.00028610 / 224 98 0 255 / 0.67965700 0.02873230
				-35.16011000 -1.09012600 -10.77277000 / -0.86862580 -0.49546860 -0.00028610 / 224 98 0 255 / 0.67965700 0.02873230
				-35.16011000 -1.09012600 -10.77277000 / -0.86862580 -0.49546860 -0.00028610 / 224 98 0 255 / 0.67965700 0.02873230
				-35.18241000 -1.05072100 -10.68927000 / -0.86479570 -0.50208800 0.00600820 / 225 98 0 255 / 0.67053220 0.01795960
				-35.22038000 -0.98455230 -10.62482000 / -0.86860010 -0.49551360 -0.00038150 / 224 98 1 255 / 0.65597540 0.00958250
				-35.22038000 -0.98455230 -10.62482000 / -0.86860010 -0.49551360 -0.00038150 / 224 98 1 255 / 0.65597540 0.00958250
				-35.22038000 -0.98455230 -10.62482000 / -0.86860010 -0.49551360 -0.00038150 / 224 98 1 255 / 0.65597540 0.00958250
				-35.31029000 -0.82634030 -10.87527000 / -0.86819060 -0.49623070 -0.00019070 / 222 99 0 255 / 0.62078860 0.04461670
				-35.31029000 -0.82634030 -10.87527000 / -0.86819060 -0.49623070 -0.00019070 / 222 99 0 255 / 0.62078860 0.04461670
				-35.31029000 -0.82634030 -10.87527000 / -0.86819060 -0.49623070 -0.00019070 / 222 99 0 255 / 0.62078860 0.04461670
				-35.31029000 -0.82634030 -10.87527000 / -0.86819060 -0.49623070 -0.00019070 / 222 99 0 255 / 0.62078860 0.04461670
				-35.31029000 -0.82634030 -10.87527000 / -0.86819060 -0.49623070 -0.00019070 / 222 99 0 255 / 0.62078860 0.04461670
				-35.14797000 -1.11130100 -10.86798000 / -0.86870790 -0.49532470 0.00000000 / 221 99 0 255 / 0.68455500 0.04071040
				-35.14797000 -1.11130100 -10.86798000 / -0.86870790 -0.49532470 0.00000000 / 221 99 0 255 / 0.68455500 0.04071040
				-35.14797000 -1.11130100 -10.86798000 / -0.86870790 -0.49532470 0.00000000 / 221 99 0 255 / 0.68455500 0.04071040
				-36.30878000 1.23091800 -10.08332000 / 0.00572180 0.00325430 -0.99997830 / 124 3 142 255 / 0.27381900 0.02264400
				-35.25925000 -0.91638900 -10.60136000 / -0.86867200 -0.49538770 -0.00038150 / 221 99 7 255 / 0.64097600 0.00657650
				-35.25925000 -0.91638900 -10.60136000 / -0.86867200 -0.49538770 -0.00038150 / 221 99 7 255 / 0.64097600 0.00657650
				-35.25925000 -0.91638900 -10.60136000 / -0.86867200 -0.49538770 -0.00038150 / 221 99 7 255 / 0.64097600 0.00657650
				-37.41529000 2.86498300 -10.08575000 / 0.00572180 0.00314700 -0.99997870 / 125 5 141 255 / 0.53215030 0.00160220
				-35.30013000 -0.84455740 -10.94950000 / -0.86888080 -0.49502110 0.00047680 / 219 99 0 255 / 0.62707520 0.05101010
				-35.30013000 -0.84455740 -10.94950000 / -0.86888080 -0.49502110 0.00047680 / 219 99 0 255 / 0.62707520 0.05101010
				-35.30013000 -0.84455740 -10.94950000 / -0.86888080 -0.49502110 0.00047680 / 219 99 0 255 / 0.62707520 0.05101010
				-35.14516000 -1.11626300 -10.96709000 / -0.86865140 -0.49542360 -0.00047690 / 218 98 0 255 / 0.68565370 0.05322270
				-35.14516000 -1.11626300 -10.96709000 / -0.86865140 -0.49542360 -0.00047690 / 218 98 0 255 / 0.68565370 0.05322270
				-35.14516000 -1.11626300 -10.96709000 / -0.86865140 -0.49542360 -0.00047690 / 218 98 0 255 / 0.68565370 0.05322270
				-35.33652000 -0.78102590 -10.82841000 / -0.86779840 -0.49691590 -0.00066750 / 220 99 0 255 / 0.60954290 0.03457640
				-35.33652000 -0.78102590 -10.82841000 / -0.86779840 -0.49691590 -0.00066750 / 220 99 0 255 / 0.60954290 0.03457640
				-35.33652000 -0.78102590 -10.82841000 / -0.86779840 -0.49691590 -0.00066750 / 220 99 0 255 / 0.60954290 0.03457640
				-35.33652000 -0.78102590 -10.82841000 / -0.86779840 -0.49691590 -0.00066750 / 220 99 0 255 / 0.60954290 0.03457640
				-35.33652000 -0.78102590 -10.82841000 / -0.86779840 -0.49691590 -0.00066750 / 220 99 0 255 / 0.60954290 0.03457640
				-35.30338000 -0.83859150 -11.03983000 / -0.86850240 -0.49568430 0.00076280 / 216 98 0 255 / 0.62554930 0.06307980
				-35.30338000 -0.83859150 -11.03983000 / -0.86850240 -0.49568430 0.00076280 / 216 98 0 255 / 0.62554930 0.06307980
				-35.30338000 -0.83859150 -11.03983000 / -0.86850240 -0.49568430 0.00076280 / 216 98 0 255 / 0.62554930 0.06307980
				-35.30338000 -0.83859150 -11.03983000 / -0.86850240 -0.49568430 0.00076280 / 216 98 0 255 / 0.62554930 0.06307980
				-35.30013000 -0.84455870 -10.59794000 / -0.86908560 -0.49466080 0.00095380 / 219 99 8 255 / 0.62449650 0.00588990
				-35.30013000 -0.84455870 -10.59794000 / -0.86908560 -0.49466080 0.00095380 / 219 99 8 255 / 0.62449650 0.00588990
				-35.14920000 -1.10897600 -11.07306000 / -0.86866180 -0.49540570 0.00000000 / 216 98 0 255 / 0.68405150 0.06732180
				-35.14920000 -1.10897600 -11.07306000 / -0.86866180 -0.49540570 0.00000000 / 216 98 0 255 / 0.68405150 0.06732180
				-35.34306000 -0.76910020 -10.61845000 / -0.86888810 -0.49500730 0.00114430 / 219 99 1 255 / 0.60713200 0.00837710
				-35.34306000 -0.76910020 -10.61845000 / -0.86888810 -0.49500730 0.00114430 / 219 99 1 255 / 0.60713200 0.00837710
				-35.16577000 -1.08018900 -11.19708000 / -0.86856940 -0.49556760 -0.00009540 / 216 98 0 255 / 0.67747490 0.08387760
				-35.16577000 -1.08018900 -11.19708000 / -0.86856940 -0.49556760 -0.00009540 / 216 98 0 255 / 0.67747490 0.08387760
				-35.16577000 -1.08018900 -11.19708000 / -0.86856940 -0.49556760 -0.00009540 / 216 98 0 255 / 0.67747490 0.08387760
				-35.38306000 -0.69928710 -10.66385000 / -0.86851300 -0.49566640 0.00047680 / 220 99 0 255 / 0.59013370 0.01409910
				-35.38306000 -0.69928710 -10.66385000 / -0.86851300 -0.49566640 0.00047680 / 220 99 0 255 / 0.59013370 0.01409910
				-35.38306000 -0.69928710 -10.66385000 / -0.86851300 -0.49566640 0.00047680 / 220 99 0 255 / 0.59013370 0.01409910
				-35.38306000 -0.69928710 -10.66385000 / -0.86851300 -0.49566640 0.00047680 / 220 99 0 255 / 0.59013370 0.01409910
				-36.38014000 1.04942200 -9.52765700 / 0.48178540 -0.84934710 -0.21562090 / 161 24 255 255 / 0.38883970 0.00160220
				-36.38014000 1.04942200 -9.52765700 / 0.48178540 -0.84934710 -0.21562090 / 161 24 255 255 / 0.38883970 0.00160220
				-35.92348000 0.55444120 -9.61308300 / 0.46805120 -0.82912680 0.30574010 / 174 6 255 255 / 0.55961610 0.02264400
				-35.92348000 0.55444120 -9.61308300 / 0.46805120 -0.82912680 0.30574010 / 174 6 255 255 / 0.55961610 0.02264400
				-35.31830000 -0.81313430 -11.13847000 / -0.86826980 -0.49609120 0.00095370 / 217 98 0 255 / 0.61900330 0.07681270
				-35.31830000 -0.81313430 -11.13847000 / -0.86826980 -0.49609120 0.00095370 / 217 98 0 255 / 0.61900330 0.07681270
				-35.31830000 -0.81313430 -11.13847000 / -0.86826980 -0.49609120 0.00095370 / 217 98 0 255 / 0.61900330 0.07681270
				-35.31830000 -0.81313430 -11.13847000 / -0.86826980 -0.49609120 0.00095370 / 217 98 0 255 / 0.61900330 0.07681270
				-35.38466000 -0.69664820 -10.83182000 / -0.87043970 -0.49227450 0.00057220 / 220 99 0 255 / 0.58651740 0.03445430
				-35.38466000 -0.69664820 -10.83182000 / -0.87043970 -0.49227450 0.00057220 / 220 99 0 255 / 0.58651740 0.03445430
				-35.19009000 -1.03714800 -11.29620000 / -0.86814690 -0.49630700 -0.00066750 / 217 98 0 255 / 0.66773990 0.09599300
				-35.19009000 -1.03714800 -11.29620000 / -0.86814690 -0.49630700 -0.00066750 / 217 98 0 255 / 0.66773990 0.09599300
				-35.41713000 -0.63902260 -10.89825000 / -0.86858460 -0.49554050 0.00066760 / 220 99 0 255 / 0.57092290 0.04530330
				-35.41713000 -0.63902260 -10.89825000 / -0.86858460 -0.49554050 0.00066760 / 220 99 0 255 / 0.57092290 0.04530330
				-35.41713000 -0.63902260 -10.89825000 / -0.86858460 -0.49554050 0.00066760 / 220 99 0 255 / 0.57092290 0.04530330
				-35.41713000 -0.63902260 -10.89825000 / -0.86858460 -0.49554050 0.00066760 / 220 99 0 255 / 0.57092290 0.04530330
				-35.23171000 -0.96470750 -11.38361000 / -0.86854860 -0.49560340 -0.00076290 / 217 99 0 255 / 0.65092470 0.10736080
				-35.23171000 -0.96470750 -11.38361000 / -0.86854860 -0.49560340 -0.00076290 / 217 99 0 255 / 0.65092470 0.10736080
				-35.23171000 -0.96470750 -11.38361000 / -0.86854860 -0.49560340 -0.00076290 / 217 99 0 255 / 0.65092470 0.10736080
				-35.40854000 -0.65460530 -10.70487000 / -0.86854630 -0.49560810 -0.00009540 / 220 99 0 255 / 0.57182310 0.02392580
				-35.40854000 -0.65460530 -10.70487000 / -0.86854630 -0.49560810 -0.00009540 / 220 99 0 255 / 0.57182310 0.02392580
				-35.40854000 -0.65460530 -10.70487000 / -0.86854630 -0.49560810 -0.00009540 / 220 99 0 255 / 0.57182310 0.02392580
				-35.34786000 -0.76118060 -11.21854000 / -0.86905470 -0.49471480 -0.00104910 / 218 98 0 255 / 0.60520930 0.08799740
				-35.34786000 -0.76118060 -11.21854000 / -0.86905470 -0.49471480 -0.00104910 / 218 98 0 255 / 0.60520930 0.08799740
				-35.34786000 -0.76118060 -11.21854000 / -0.86905470 -0.49471480 -0.00104910 / 218 98 0 255 / 0.60520930 0.08799740
				-35.34786000 -0.76118060 -11.21854000 / -0.86905470 -0.49471480 -0.00104910 / 218 98 0 255 / 0.60520930 0.08799740
				-35.27629000 -0.88591560 -11.43925000 / -0.86867310 -0.49538240 -0.00181210 / 218 98 0 255 / 0.63281250 0.11471560
				-35.27629000 -0.88591560 -11.43925000 / -0.86867310 -0.49538240 -0.00181210 / 218 98 0 255 / 0.63281250 0.11471560
				-35.32403000 -0.80252270 -11.46805000 / -0.86888830 -0.49500740 -0.00095360 / 218 98 0 255 / 0.61343380 0.11862180
				-35.32403000 -0.80252270 -11.46805000 / -0.86888830 -0.49500740 -0.00095360 / 218 98 0 255 / 0.61343380 0.11862180
				-35.32403000 -0.80252270 -11.46805000 / -0.86888830 -0.49500740 -0.00095360 / 218 98 0 255 / 0.61343380 0.11862180
				-35.38633000 -0.69332080 -11.24149000 / -0.86855080 -0.49559870 -0.00114430 / 219 99 0 255 / 0.58677660 0.09074400
				-35.38633000 -0.69332080 -11.24149000 / -0.86855080 -0.49559870 -0.00114430 / 219 99 0 255 / 0.58677660 0.09074400
				-35.38633000 -0.69332080 -11.24149000 / -0.86855080 -0.49559870 -0.00114430 / 219 99 0 255 / 0.58677660 0.09074400
				-35.38633000 -0.69332080 -11.24149000 / -0.86855080 -0.49559870 -0.00114430 / 219 99 0 255 / 0.58677660 0.09074400
				-35.38633000 -0.69332080 -11.24149000 / -0.86855080 -0.49559870 -0.00114430 / 219 99 0 255 / 0.58677660 0.09074400
				-36.05561000 0.48020220 -9.61307600 / 0.46769100 -0.83271100 0.29640770 / 172 8 255 255 / 0.55961610 0.00160220
				-38.10451000 4.07462500 -9.55694600 / -0.30632150 0.56062000 -0.76933250 / 99 23 255 255 / 0.84013370 0.00160220
				-38.10451000 4.07462500 -9.55694600 / -0.30632150 0.56062000 -0.76933250 / 99 23 255 255 / 0.84013370 0.00160220
				-36.44124000 1.15631100 -10.08430000 / 0.48027580 -0.85010300 -0.21600970 / 162 23 142 255 / 0.27381900 0.00160220
				-35.37019000 -0.72109220 -11.47488000 / -0.86926820 -0.49433900 -0.00133500 / 219 99 0 255 / 0.59422300 0.11944580
				-35.37019000 -0.72109220 -11.47488000 / -0.86926820 -0.49433900 -0.00133500 / 219 99 0 255 / 0.59422300 0.11944580
				-35.41066000 -0.65027840 -11.46610000 / -0.86751850 -0.49740320 -0.00133520 / 219 99 0 255 / 0.57794190 0.11866760
				-35.41066000 -0.65027840 -11.46610000 / -0.86751850 -0.49740320 -0.00133520 / 219 99 0 255 / 0.57794190 0.11866760
				-35.44538000 -0.59008150 -11.42557000 / -0.86824180 -0.49614070 -0.00066760 / 220 99 0 255 / 0.56399530 0.11373900
				-35.44538000 -0.59008150 -11.42557000 / -0.86824180 -0.49614070 -0.00066760 / 220 99 0 255 / 0.56399530 0.11373900
				-35.44538000 -0.59008150 -11.42557000 / -0.86824180 -0.49614070 -0.00066760 / 220 99 0 255 / 0.56399530 0.11373900
				-35.41785000 -0.63840260 -11.21465000 / -0.86942770 -0.49406020 0.00009540 / 221 99 0 255 / 0.57173160 0.08676149
				-35.41785000 -0.63840260 -11.21465000 / -0.86942770 -0.49406020 0.00009540 / 221 99 0 255 / 0.57173160 0.08676149
				-35.41785000 -0.63840260 -11.21465000 / -0.86942770 -0.49406020 0.00009540 / 221 99 0 255 / 0.57173160 0.08676149
				-35.47012000 -0.54602590 -11.35722000 / -0.86969210 -0.49359430 0.00057220 / 222 100 0 255 / 0.54928590 0.09939580
				-35.47012000 -0.54602590 -11.35722000 / -0.86969210 -0.49359430 0.00057220 / 222 100 0 255 / 0.54928590 0.09939580
				-35.47012000 -0.54602590 -11.35722000 / -0.86969210 -0.49359430 0.00057220 / 222 100 0 255 / 0.54928590 0.09939580
				-35.47012000 -0.54602590 -11.35722000 / -0.86969210 -0.49359430 0.00057220 / 222 100 0 255 / 0.54928590 0.09939580
				-35.47012000 -0.54602590 -11.35722000 / -0.86969210 -0.49359430 0.00057220 / 222 100 0 255 / 0.54928590 0.09939580
				-35.43448000 -0.60893460 -11.16190000 / -0.87207820 -0.48936380 0.00162130 / 222 100 0 255 / 0.56358340 0.07891850
				-35.43448000 -0.60893460 -11.16190000 / -0.87207820 -0.48936380 0.00162130 / 222 100 0 255 / 0.56358340 0.07891850
				-35.44100000 -0.59699250 -11.09110000 / -0.86937390 -0.49415480 -0.00028610 / 221 100 0 255 / 0.56130980 0.06735230
				-35.44100000 -0.59699250 -11.09110000 / -0.86937390 -0.49415480 -0.00028610 / 221 100 0 255 / 0.56130980 0.06735230
				-35.44100000 -0.59699250 -11.09110000 / -0.86937390 -0.49415480 -0.00028610 / 221 100 0 255 / 0.56130980 0.06735230
				-35.44100000 -0.59699250 -11.09110000 / -0.86937390 -0.49415480 -0.00028610 / 221 100 0 255 / 0.56130980 0.06735230
				-35.69265000 -0.15620050 -11.97295000 / -0.86855790 -0.49558780 0.00009540 / 222 100 0 255 / 0.45928950 0.19032290
				-35.69265000 -0.15620050 -11.97295000 / -0.86855790 -0.49558780 0.00009540 / 222 100 0 255 / 0.45928950 0.19032290
				-35.69265000 -0.15620050 -11.97295000 / -0.86855790 -0.49558780 0.00009540 / 222 100 0 255 / 0.45928950 0.19032290
				-34.50008000 -2.24811000 -9.52768700 / -0.47186580 0.85077460 0.23135540 / 152 59 255 255 / 0.41560360 0.00160220
				-34.50008000 -2.24811000 -9.52768700 / -0.47186580 0.85077460 0.23135540 / 152 59 255 255 / 0.41560360 0.00160220
				-35.53688000 -0.42921760 -11.97053000 / -0.86858480 -0.49554060 0.00019070 / 222 100 0 255 / 0.51860050 0.18836980
				-35.55387000 -0.39943400 -10.61163000 / -0.86865790 -0.49541240 0.00019070 / 220 100 4 255 / 0.52005000 0.00405880
				-35.55387000 -0.39943400 -10.61163000 / -0.86865790 -0.49541240 0.00019070 / 220 100 4 255 / 0.52005000 0.00405880
				-35.55387000 -0.39943400 -10.61163000 / -0.86865790 -0.49541240 0.00019070 / 220 100 4 255 / 0.52005000 0.00405880
				-35.55387000 -0.39943400 -10.61163000 / -0.86865790 -0.49541240 0.00019070 / 220 100 4 255 / 0.52005000 0.00405880
				-35.55387000 -0.39943400 -10.61163000 / -0.86865790 -0.49541240 0.00019070 / 220 100 4 255 / 0.52005000 0.00405880
				-36.30878000 1.23091800 -10.08332000 / 0.48064730 -0.84991840 -0.21590980 / 161 24 142 255 / 0.27381900 0.02264400
				-36.30878000 1.23091800 -10.08332000 / 0.48064730 -0.84991840 -0.21590980 / 161 24 142 255 / 0.27381900 0.02264400
				-35.43608000 -0.60629060 -10.99784000 / -0.87043100 -0.49228750 -0.00171650 / 220 100 0 255 / 0.56254580 0.05801390
				-35.43608000 -0.60629060 -10.99784000 / -0.87043100 -0.49228750 -0.00171650 / 220 100 0 255 / 0.56254580 0.05801390
				-35.39932000 -0.67013450 -10.61405000 / -0.86833200 -0.49597170 0.00343370 / 220 99 3 255 / 0.57704160 0.00755310
				-38.25949000 4.34632000 -10.09066000 / -0.86855400 -0.49559460 -0.00028610 / 229 117 142 255 / 0.07383730 0.17597960
				-38.25949000 4.34632000 -10.09066000 / -0.86855400 -0.49559460 -0.00028610 / 229 117 142 255 / 0.07383730 0.17597960
				-38.25949000 4.34632000 -10.09066000 / -0.86855400 -0.49559460 -0.00028610 / 229 117 142 255 / 0.07383730 0.17597960
				-38.28775000 4.39527700 -9.31234000 / -0.86851300 -0.49566650 -0.00038140 / 229 117 255 255 / 0.06956480 0.01403810
				-38.28775000 4.39527700 -9.31234000 / -0.86851300 -0.49566650 -0.00038140 / 229 117 255 255 / 0.06956480 0.01403810
				-38.28775000 4.39527700 -9.31234000 / -0.86851300 -0.49566650 -0.00038140 / 229 117 255 255 / 0.06956480 0.01403810
				-38.28775000 4.39527700 -9.31234000 / -0.86851300 -0.49566650 -0.00038140 / 229 117 255 255 / 0.06956480 0.01403810
				-38.37236000 4.54387700 -10.09065000 / -0.86825490 -0.49611840 -0.00028610 / 230 118 142 255 / 0.01402280 0.17465210
				-38.20888000 4.25728800 -9.66878500 / -0.86893480 -0.49492670 0.00000000 / 227 116 243 255 / 0.11221310 0.09230040
				-38.20888000 4.25728800 -9.66878500 / -0.86893480 -0.49492670 0.00000000 / 227 116 243 255 / 0.11221310 0.09230040
				-38.20888000 4.25728800 -9.66878500 / -0.86893480 -0.49492670 0.00000000 / 227 116 243 255 / 0.11221310 0.09230040
				-38.20888000 4.25728800 -9.66878500 / -0.86893480 -0.49492670 0.00000000 / 227 116 243 255 / 0.11221310 0.09230040
				-38.20888000 4.25728800 -9.66878500 / -0.86893480 -0.49492670 0.00000000 / 227 116 243 255 / 0.11221310 0.09230040
				-38.22747000 4.28971400 -9.85140200 / -0.87614570 -0.48203270 0.00362360 / 227 115 206 255 / 0.10212710 0.12477110
				-38.22747000 4.28971400 -9.85140200 / -0.87614570 -0.48203270 0.00362360 / 227 115 206 255 / 0.10212710 0.12477110
				-34.36720000 -2.17449500 -9.52764900 / -0.47149100 0.85092960 0.23154940 / 152 56 255 255 / 0.41560360 0.02264400
				-38.16756000 4.18446400 -9.85090600 / -0.86903720 -0.49474650 0.00038150 / 224 116 202 255 / 0.14129640 0.12486270
				-38.16756000 4.18446400 -9.85090600 / -0.86903720 -0.49474650 0.00038150 / 224 116 202 255 / 0.14129640 0.12486270
				-38.16756000 4.18446400 -9.85090600 / -0.86903720 -0.49474650 0.00038150 / 224 116 202 255 / 0.14129640 0.12486270
				-38.16756000 4.18446400 -9.85090600 / -0.86903720 -0.49474650 0.00038150 / 224 116 202 255 / 0.14129640 0.12486270
				-38.19186000 4.22750600 -9.50960500 / -0.86861560 -0.49548660 0.00019070 / 229 116 255 255 / 0.11990360 0.05061340
				-38.19186000 4.22750600 -9.50960500 / -0.86861560 -0.49548660 0.00019070 / 229 116 255 255 / 0.11990360 0.05061340
				-38.19186000 4.22750600 -9.50960500 / -0.86861560 -0.49548660 0.00019070 / 229 116 255 255 / 0.11990360 0.05061340
				-38.16677000 4.18314200 -9.67170700 / -0.86927410 -0.49433050 0.00019070 / 224 115 247 255 / 0.14230350 0.09313960
				-38.16677000 4.18314200 -9.67170700 / -0.86927410 -0.49433050 0.00019070 / 224 115 247 255 / 0.14230350 0.09313960
				-36.24807000 1.12435200 -9.52765700 / 0.48180020 -0.84936110 -0.21553210 / 161 26 255 255 / 0.38883970 0.02264400
				-38.09435000 4.05640700 -9.31232500 / -0.86889370 -0.49499860 0.00028610 / 227 116 255 255 / 0.18914800 0.01533510
				-38.09435000 4.05640700 -9.31232500 / -0.86889370 -0.49499860 0.00028610 / 227 116 255 255 / 0.18914800 0.01533510
				-38.09435000 4.05640700 -9.31232500 / -0.86889370 -0.49499860 0.00028610 / 227 116 255 255 / 0.18914800 0.01533510
				-38.09435000 4.05640700 -9.31232500 / -0.86889370 -0.49499860 0.00028610 / 227 116 255 255 / 0.18914800 0.01533510
				-38.09435000 4.05640700 -9.31232500 / -0.86889370 -0.49499860 0.00028610 / 227 116 255 255 / 0.18914800 0.01533510
				-38.13924000 4.13482800 -9.66291000 / -0.86863600 -0.49545060 -0.00038150 / 223 116 249 255 / 0.16365050 0.09112550
				-38.13924000 4.13482800 -9.66291000 / -0.86863600 -0.49545060 -0.00038150 / 223 116 249 255 / 0.16365050 0.09112550
				-38.13924000 4.13482800 -9.66291000 / -0.86863600 -0.49545060 -0.00038150 / 223 116 249 255 / 0.16365050 0.09112550
				-38.13924000 4.13482800 -9.66291000 / -0.86863600 -0.49545060 -0.00038150 / 223 116 249 255 / 0.16365050 0.09112550
				-38.15340000 4.15963800 -9.50961300 / -0.86863580 -0.49545050 0.00076300 / 228 116 255 255 / 0.15194700 0.05026250
				-38.15340000 4.15963800 -9.50961300 / -0.86863580 -0.49545050 0.00076300 / 228 116 255 255 / 0.15194700 0.05026250
				-38.11534000 4.09278500 -9.84307900 / -0.86819300 -0.49622610 0.00066750 / 223 116 204 255 / 0.17591860 0.12313840
				-38.11534000 4.09278500 -9.84307900 / -0.86819300 -0.49622610 0.00066750 / 223 116 204 255 / 0.17591860 0.12313840
				-38.12877000 4.11698000 -9.51641100 / -0.86755130 -0.49734460 -0.00181220 / 225 116 255 255 / 0.17208860 0.05119320
				-38.12877000 4.11698000 -9.51641100 / -0.86755130 -0.49734460 -0.00181220 / 225 116 255 255 / 0.17208860 0.05119320
				-38.12877000 4.11698000 -9.51641100 / -0.86755130 -0.49734460 -0.00181220 / 225 116 255 255 / 0.17208860 0.05119320
				-38.06523000 4.00544300 -9.81864900 / -0.86791420 -0.49671400 -0.00038150 / 221 115 210 255 / 0.20822140 0.11782840
				-38.06523000 4.00544300 -9.81864900 / -0.86791420 -0.49671400 -0.00038150 / 221 115 210 255 / 0.20822140 0.11782840
				-38.06523000 4.00544300 -9.81864900 / -0.86791420 -0.49671400 -0.00038150 / 221 115 210 255 / 0.20822140 0.11782840
				-38.06523000 4.00544300 -9.81864900 / -0.86791420 -0.49671400 -0.00038150 / 221 115 210 255 / 0.20822140 0.11782840
				-34.39633000 -2.12353700 -9.77423100 / -0.46958120 0.84591860 0.25281480 / 151 57 221 255 / 0.36511230 0.02264400
				-34.39633000 -2.12353700 -9.77423100 / -0.46958120 0.84591860 0.25281480 / 151 57 221 255 / 0.36511230 0.02264400
				-34.39633000 -2.12353700 -9.77423100 / -0.46958120 0.84591860 0.25281480 / 151 57 221 255 / 0.36511230 0.02264400
				-38.11252000 4.08782100 -9.62676200 / -0.86815130 -0.49629760 0.00143040 / 221 115 255 255 / 0.18627930 0.08181759
				-38.11252000 4.08782100 -9.62676200 / -0.86815130 -0.49629760 0.00143040 / 221 115 255 255 / 0.18627930 0.08181759
				-38.11252000 4.08782100 -9.62676200 / -0.86815130 -0.49629760 0.00143040 / 221 115 255 255 / 0.18627930 0.08181759
				-38.00852000 3.90547100 -9.38163700 / -0.86857450 -0.49555860 -0.00009540 / 223 115 255 255 / 0.24307250 0.02874760
				-38.00852000 3.90547100 -9.38163700 / -0.86857450 -0.49555860 -0.00009540 / 223 115 255 255 / 0.24307250 0.02874760
				-38.00852000 3.90547100 -9.38163700 / -0.86857450 -0.49555860 -0.00009540 / 223 115 255 255 / 0.24307250 0.02874760
				-38.00852000 3.90547100 -9.38163700 / -0.86857450 -0.49555860 -0.00009540 / 223 115 255 255 / 0.24307250 0.02874760
				-38.00852000 3.90547100 -9.38163700 / -0.86857450 -0.49555860 -0.00009540 / 223 115 255 255 / 0.24307250 0.02874760
				-38.04902000 3.97698500 -9.32695000 / -0.86791650 -0.49666760 0.00648550 / 225 115 255 255 / 0.21862790 0.01779170
				-38.10451000 4.07462300 -9.55694600 / -0.86851300 -0.49566650 0.00038140 / 221 115 255 255 / 0.19273380 0.06259160
				-38.10451000 4.07462300 -9.55694600 / -0.86851300 -0.49566650 0.00038140 / 221 115 255 255 / 0.19273380 0.06259160
				-38.10451000 4.07462300 -9.55694600 / -0.86851300 -0.49566650 0.00038140 / 221 115 255 255 / 0.19273380 0.06259160
				-38.10451000 4.07462300 -9.55694600 / -0.86851300 -0.49566650 0.00038140 / 221 115 255 255 / 0.19273380 0.06259160
				-36.34882000 1.30072500 -9.52764100 / 0.00000000 -0.00005960 1.00000000 / 246 12 255 255 / 0.41560360 0.02264400
				-36.34882000 1.30072500 -9.52764100 / 0.00000000 -0.00005960 1.00000000 / 246 12 255 255 / 0.41560360 0.02264400
				-37.99804000 3.88762500 -9.68877400 / -0.86854370 -0.49561250 -0.00009540 / 221 115 243 255 / 0.24909970 0.09115600
				-37.99804000 3.88762500 -9.68877400 / -0.86854370 -0.49561250 -0.00009540 / 221 115 243 255 / 0.24909970 0.09115600
				-37.99804000 3.88762500 -9.68877400 / -0.86854370 -0.49561250 -0.00009540 / 221 115 243 255 / 0.24909970 0.09115600
				-37.99804000 3.88762500 -9.68877400 / -0.86854370 -0.49561250 -0.00009540 / 221 115 243 255 / 0.24909970 0.09115600
				-38.02761000 3.93959400 -9.76885200 / -0.86746750 -0.49748730 -0.00257490 / 221 115 223 255 / 0.23144530 0.10752870
				-37.98470000 3.86413000 -9.58183300 / -0.86867710 -0.49537860 -0.00057230 / 221 115 255 255 / 0.25761410 0.06907650
				-37.98470000 3.86413000 -9.58183300 / -0.86867710 -0.49537860 -0.00057230 / 221 115 255 255 / 0.25761410 0.06907650
				-37.98470000 3.86413000 -9.58183300 / -0.86867710 -0.49537860 -0.00057230 / 221 115 255 255 / 0.25761410 0.06907650
				-37.98794000 3.87008500 -9.47001700 / -0.86246360 -0.50611560 0.00190730 / 221 115 255 255 / 0.25604250 0.04612730
				-35.06215000 -1.26222000 -11.31867000 / -0.86869230 -0.49535150 -0.00076300 / 217 97 0 255 / 0.73284910 0.11428830
				-35.06215000 -1.26222000 -11.31867000 / -0.86869230 -0.49535150 -0.00076300 / 217 97 0 255 / 0.73284910 0.11428830
				-35.06215000 -1.26222000 -11.31867000 / -0.86869230 -0.49535150 -0.00076300 / 217 97 0 255 / 0.73284910 0.11428830
				-35.06215000 -1.26222000 -11.31867000 / -0.86869230 -0.49535150 -0.00076300 / 217 97 0 255 / 0.73284910 0.11428830
				-34.52920000 -2.19714800 -9.77474200 / -0.47034560 0.84577810 0.25186190 / 151 59 221 255 / 0.36511230 0.00160220
				-34.52920000 -2.19714800 -9.77474200 / -0.47034560 0.84577810 0.25186190 / 151 59 221 255 / 0.36511230 0.00160220
				-34.52920000 -2.19714800 -9.77474200 / -0.47034560 0.84577810 0.25186190 / 151 59 221 255 / 0.36511230 0.00160220
				-35.09376000 -1.20661000 -11.15802000 / -0.86926860 -0.49433930 -0.00076290 / 217 97 0 255 / 0.71881090 0.09031681
				-35.09376000 -1.20661000 -11.15802000 / -0.86926860 -0.49433930 -0.00076290 / 217 97 0 255 / 0.71881090 0.09031681
				-35.09376000 -1.20661000 -11.15802000 / -0.86926860 -0.49433930 -0.00076290 / 217 97 0 255 / 0.71881090 0.09031681
				-35.08204000 -1.22678400 -11.24297000 / -0.87959870 -0.47564270 -0.00839170 / 217 97 0 255 / 0.72393800 0.10298160
				-34.93834000 -1.47932100 -11.09945000 / -0.86827000 -0.49609130 -0.00085840 / 217 97 0 255 / 0.78355410 0.08197020
				-34.93834000 -1.47932100 -11.09945000 / -0.86827000 -0.49609130 -0.00085840 / 217 97 0 255 / 0.78355410 0.08197020
				-34.93834000 -1.47932100 -11.09945000 / -0.86827000 -0.49609130 -0.00085840 / 217 97 0 255 / 0.78355410 0.08197020
				-34.93834000 -1.47932100 -11.09945000 / -0.86827000 -0.49609130 -0.00085840 / 217 97 0 255 / 0.78355410 0.08197020
				-35.09615000 -1.20265000 -11.05988000 / -0.86888340 -0.49501660 0.00057210 / 217 97 0 255 / 0.71780390 0.07609561
				-35.09615000 -1.20265000 -11.05988000 / -0.86888340 -0.49501660 0.00057210 / 217 97 0 255 / 0.71780390 0.07609561
				-35.09615000 -1.20265000 -11.05988000 / -0.86888340 -0.49501660 0.00057210 / 217 97 0 255 / 0.71780390 0.07609561
				-34.92707000 -1.49848700 -11.18638000 / -0.86816210 -0.49628000 -0.00085820 / 218 96 0 255 / 0.78976440 0.09629820
				-34.92707000 -1.49848700 -11.18638000 / -0.86816210 -0.49628000 -0.00085820 / 218 96 0 255 / 0.78976440 0.09629820
				-34.92707000 -1.49848700 -11.18638000 / -0.86816210 -0.49628000 -0.00085820 / 218 96 0 255 / 0.78976440 0.09629820
				-34.92707000 -1.49848700 -11.18638000 / -0.86816210 -0.49628000 -0.00085820 / 218 96 0 255 / 0.78976440 0.09629820
				-36.48099000 1.22718500 -9.52764900 / 0.00000000 -0.00005960 1.00000000 / 246 12 255 255 / 0.41560360 0.00160220
				-35.03427000 -1.31085800 -11.38118000 / -0.86829600 -0.49604650 0.00009540 / 217 96 0 255 / 0.74525450 0.12326050
				-35.03427000 -1.31085800 -11.38118000 / -0.86829600 -0.49604650 0.00009540 / 217 96 0 255 / 0.74525450 0.12326050
				-34.92984000 -1.49421400 -10.97983000 / -0.86861000 -0.49549540 0.00095370 / 217 97 0 255 / 0.78784180 0.06262210
				-34.92984000 -1.49421400 -10.97983000 / -0.86861000 -0.49549540 0.00095370 / 217 97 0 255 / 0.78784180 0.06262210
				-34.92984000 -1.49421400 -10.97983000 / -0.86861000 -0.49549540 0.00095370 / 217 97 0 255 / 0.78784180 0.06262210
				-34.92984000 -1.49421400 -10.97983000 / -0.86861000 -0.49549540 0.00095370 / 217 97 0 255 / 0.78784180 0.06262210
				-34.92984000 -1.49421400 -10.97983000 / -0.86861000 -0.49549540 0.00095370 / 217 97 0 255 / 0.78784180 0.06262210
				-34.99905000 -1.37275300 -11.42708000 / -0.86891860 -0.49495320 0.00133500 / 219 96 0 255 / 0.76094050 0.13041690
				-34.99905000 -1.37275300 -11.42708000 / -0.86891860 -0.49495320 0.00133500 / 219 96 0 255 / 0.76094050 0.13041690
				-34.99905000 -1.37275300 -11.42708000 / -0.86891860 -0.49495320 0.00133500 / 219 96 0 255 / 0.76094050 0.13041690
				-35.08691000 -1.21817800 -10.94171000 / -0.86903660 -0.49474620 0.00133520 / 217 97 0 255 / 0.72206120 0.05868530
				-35.08691000 -1.21817800 -10.94171000 / -0.86903660 -0.49474620 0.00133520 / 217 97 0 255 / 0.72206120 0.05868530
				-34.40844000 -2.10237100 -9.85966500 / -0.43256950 0.77630770 0.45850840 / 151 53 199 255 / 0.34825130 0.02264400
				-34.40844000 -2.10237100 -9.85966500 / -0.43256950 0.77630770 0.45850840 / 151 53 199 255 / 0.34825130 0.02264400
				-34.40844000 -2.10237100 -9.85966500 / -0.43256950 0.77630770 0.45850840 / 151 53 199 255 / 0.34825130 0.02264400
				-34.90035000 -1.54548400 -11.23421000 / -0.86896030 -0.49488160 0.00057220 / 219 96 0 255 / 0.80526730 0.10432430
				-34.90035000 -1.54548400 -11.23421000 / -0.86896030 -0.49488160 0.00057220 / 219 96 0 255 / 0.80526730 0.10432430
				-34.90035000 -1.54548400 -11.23421000 / -0.86896030 -0.49488160 0.00057220 / 219 96 0 255 / 0.80526730 0.10432430
				-34.90035000 -1.54548400 -11.23421000 / -0.86896030 -0.49488160 0.00057220 / 219 96 0 255 / 0.80526730 0.10432430
				-34.90035000 -1.54548400 -11.23421000 / -0.86896030 -0.49488160 0.00057220 / 219 96 0 255 / 0.80526730 0.10432430
				-35.06666000 -1.25392700 -10.83918000 / -0.86898610 -0.49483660 0.00009540 / 217 97 0 255 / 0.73110960 0.04312130
				-35.06666000 -1.25392700 -10.83918000 / -0.86898610 -0.49483660 0.00009540 / 217 97 0 255 / 0.73110960 0.04312130
				-34.95613000 -1.44821700 -11.45638000 / -0.86871230 -0.49531530 0.00133530 / 220 96 0 255 / 0.78060910 0.13513180
				-34.95613000 -1.44821700 -11.45638000 / -0.86871230 -0.49531530 0.00133530 / 220 96 0 255 / 0.78060910 0.13513180
				-35.03468000 -1.30985000 -10.75081000 / -0.86867710 -0.49537860 0.00057230 / 216 97 0 255 / 0.74505620 0.02975460
				-35.03468000 -1.30985000 -10.75081000 / -0.86867710 -0.49537860 0.00057230 / 216 97 0 255 / 0.74505620 0.02975460
				-35.03468000 -1.30985000 -10.75081000 / -0.86867710 -0.49537860 0.00057230 / 216 97 0 255 / 0.74505620 0.02975460
				-34.90517000 -1.53755900 -11.46908000 / -0.86817230 -0.49626190 0.00104900 / 220 96 0 255 / 0.80415350 0.13703920
				-34.90517000 -1.53755900 -11.46908000 / -0.86817230 -0.49626190 0.00104900 / 220 96 0 255 / 0.80415350 0.13703920
				-34.90601000 -1.53555900 -10.88412000 / -0.86870270 -0.49533370 0.00038150 / 215 97 0 255 / 0.80026240 0.04762270
				-34.90601000 -1.53555900 -10.88412000 / -0.86870270 -0.49533370 0.00038150 / 215 97 0 255 / 0.80026240 0.04762270
				-34.90601000 -1.53555900 -10.88412000 / -0.86870270 -0.49533370 0.00038150 / 215 97 0 255 / 0.80026240 0.04762270
				-36.38014000 1.04942300 -9.52765700 / 0.00000000 -0.00005960 1.00000000 / 246 12 255 255 / 0.38883970 0.00160220
				-36.38014000 1.04942300 -9.52765700 / 0.00000000 -0.00005960 1.00000000 / 246 12 255 255 / 0.38883970 0.00160220
				-34.84734000 -1.63848300 -11.46271000 / -0.86824980 -0.49612740 0.00000000 / 218 96 0 255 / 0.83085630 0.13619990
				-34.84734000 -1.63848300 -11.46271000 / -0.86824980 -0.49612740 0.00000000 / 218 96 0 255 / 0.83085630 0.13619990
				-34.84734000 -1.63848300 -11.46271000 / -0.86824980 -0.49612740 0.00000000 / 218 96 0 255 / 0.83085630 0.13619990
				-34.99583000 -1.37803200 -10.67952000 / -0.86892960 -0.49493560 -0.00009540 / 216 98 0 255 / 0.76325990 0.01922610
				-34.99583000 -1.37803200 -10.67952000 / -0.86892960 -0.49493560 -0.00009540 / 216 98 0 255 / 0.76325990 0.01922610
				-34.99583000 -1.37803200 -10.67952000 / -0.86892960 -0.49493560 -0.00009540 / 216 98 0 255 / 0.76325990 0.01922610
				-34.99583000 -1.37803200 -10.67952000 / -0.86892960 -0.49493560 -0.00009540 / 216 98 0 255 / 0.76325990 0.01922610
				-34.85620000 -1.62328200 -11.21809000 / -0.86893980 -0.49491760 0.00028610 / 218 95 0 255 / 0.82923890 0.10140990
				-34.85620000 -1.62328200 -11.21809000 / -0.86893980 -0.49491760 0.00028610 / 218 95 0 255 / 0.82923890 0.10140990
				-34.85620000 -1.62328200 -11.21809000 / -0.86893980 -0.49491760 0.00028610 / 218 95 0 255 / 0.82923890 0.10140990
				-34.85620000 -1.62328200 -11.21809000 / -0.86893980 -0.49491760 0.00028610 / 218 95 0 255 / 0.82923890 0.10140990
				-34.54096000 -2.17628200 -9.85971000 / -0.43298430 0.77622460 0.45825760 / 151 52 199 255 / 0.34825130 0.00160220
				-34.54096000 -2.17628200 -9.85971000 / -0.43298430 0.77622460 0.45825760 / 151 52 199 255 / 0.34825130 0.00160220
				-34.54096000 -2.17628200 -9.85971000 / -0.43298430 0.77622460 0.45825760 / 151 52 199 255 / 0.34825130 0.00160220
				-34.79351000 -1.73279500 -11.43439000 / -0.86908760 -0.49465600 -0.00152610 / 217 95 0 255 / 0.85598750 0.13180540
				-34.79351000 -1.73279500 -11.43439000 / -0.86908760 -0.49465600 -0.00152610 / 217 95 0 255 / 0.85598750 0.13180540
				-34.74612000 -1.81655800 -11.38313000 / -0.86902710 -0.49476460 0.00019070 / 218 95 0 255 / 0.87774660 0.12390140
				-34.74612000 -1.81655800 -11.38313000 / -0.86902710 -0.49476460 0.00019070 / 218 95 0 255 / 0.87774660 0.12390140
				-34.74612000 -1.81655800 -11.38313000 / -0.86902710 -0.49476460 0.00019070 / 218 95 0 255 / 0.87774660 0.12390140
				-34.82387000 -1.67952300 -11.16192000 / -0.86858480 -0.49554060 0.00009540 / 218 95 0 255 / 0.84646600 0.09271240
				-34.82387000 -1.67952300 -11.16192000 / -0.86858480 -0.49554060 0.00009540 / 218 95 0 255 / 0.84646600 0.09271240
				-34.82387000 -1.67952300 -11.16192000 / -0.86858480 -0.49554060 0.00009540 / 218 95 0 255 / 0.84646600 0.09271240
				-34.82387000 -1.67952300 -11.16192000 / -0.86858480 -0.49554060 0.00009540 / 218 95 0 255 / 0.84646600 0.09271240
				-34.70486000 -1.88869200 -11.30987000 / -0.86862960 -0.49545890 0.00171670 / 219 95 0 255 / 0.89630130 0.11254880
				-34.70486000 -1.88869200 -11.30987000 / -0.86862960 -0.49545890 0.00171670 / 219 95 0 255 / 0.89630130 0.11254880
				-34.67334000 -1.94361100 -11.22101000 / -0.86870750 -0.49532450 -0.00085840 / 219 95 0 255 / 0.91044610 0.09921260
				-34.67334000 -1.94361100 -11.22101000 / -0.86870750 -0.49532450 -0.00085840 / 219 95 0 255 / 0.91044610 0.09921260
				-34.67334000 -1.94361100 -11.22101000 / -0.86870750 -0.49532450 -0.00085840 / 219 95 0 255 / 0.91044610 0.09921260
				-34.80356000 -1.71596500 -11.04670000 / -0.86892960 -0.49493560 -0.00009540 / 220 96 0 255 / 0.85725400 0.07415770
				-34.80356000 -1.71596500 -11.04670000 / -0.86892960 -0.49493560 -0.00009540 / 220 96 0 255 / 0.85725400 0.07415770
				-34.80356000 -1.71596500 -11.04670000 / -0.86892960 -0.49493560 -0.00009540 / 220 96 0 255 / 0.85725400 0.07415770
				-34.80356000 -1.71596500 -11.04670000 / -0.86892960 -0.49493560 -0.00009540 / 220 96 0 255 / 0.85725400 0.07415770
				-34.65345000 -1.97904400 -11.11993000 / -0.86866610 -0.49539630 -0.00123990 / 220 96 0 255 / 0.91957090 0.08432010
				-34.65345000 -1.97904400 -11.11993000 / -0.86866610 -0.49539630 -0.00123990 / 220 96 0 255 / 0.91957090 0.08432010
				-36.24807000 1.12434300 -9.52765700 / 0.00000000 -0.00005960 1.00000000 / 245 11 255 255 / 0.38883970 0.02264400
				-34.64496000 -1.99394200 -11.00666000 / -0.86871280 -0.49531560 0.00066770 / 221 96 0 255 / 0.92343140 0.06741330
				-34.64496000 -1.99394200 -11.00666000 / -0.86871280 -0.49531560 0.00066770 / 221 96 0 255 / 0.92343140 0.06741330
				-34.64496000 -1.99394200 -11.00666000 / -0.86871280 -0.49531560 0.00066770 / 221 96 0 255 / 0.92343140 0.06741330
				-34.80281000 -1.71658500 -10.94513000 / -0.86870160 -0.49533300 0.00162140 / 222 96 0 255 / 0.85742180 0.05764770
				-34.80281000 -1.71658500 -10.94513000 / -0.86870160 -0.49533300 0.00162140 / 222 96 0 255 / 0.85742180 0.05764770
				-34.80281000 -1.71658500 -10.94513000 / -0.86870160 -0.49533300 0.00162140 / 222 96 0 255 / 0.85742180 0.05764770
				-34.80281000 -1.71658500 -10.94513000 / -0.86870160 -0.49533300 0.00162140 / 222 96 0 255 / 0.85742180 0.05764770
				-36.06330000 0.49376950 -11.25615000 / -0.47111790 0.84974380 -0.23660800 / 129 57 0 255 / 0.11901860 0.02192690
				-36.06330000 0.49376950 -11.25615000 / -0.47111790 0.84974380 -0.23660800 / 129 57 0 255 / 0.11901860 0.02192690
				-36.06330000 0.49376950 -11.25615000 / -0.47111790 0.84974380 -0.23660800 / 129 57 0 255 / 0.11901860 0.02192690
				-34.43357000 -2.05800000 -9.92314900 / -0.37994600 0.68083190 0.62618610 / 152 46 183 255 / 0.33988950 0.02264400
				-34.43357000 -2.05800000 -9.92314900 / -0.37994600 0.68083190 0.62618610 / 152 46 183 255 / 0.33988950 0.02264400
				-34.64619000 -1.99161300 -10.90510000 / -0.86868670 -0.49536030 0.00123990 / 222 96 0 255 / 0.92276000 0.05258180
				-34.64619000 -1.99161300 -10.90510000 / -0.86868670 -0.49536030 0.00123990 / 222 96 0 255 / 0.92276000 0.05258180
				-34.64619000 -1.99161300 -10.90510000 / -0.86868670 -0.49536030 0.00123990 / 222 96 0 255 / 0.92276000 0.05258180
				-34.67254000 -1.94492900 -10.74396000 / -0.86823420 -0.49615420 0.00057220 / 224 96 0 255 / 0.91108690 0.02862550
				-34.67254000 -1.94492900 -10.74396000 / -0.86823420 -0.49615420 0.00057220 / 224 96 0 255 / 0.91108690 0.02862550
				-34.67254000 -1.94492900 -10.74396000 / -0.86823420 -0.49615420 0.00057220 / 224 96 0 255 / 0.91108690 0.02862550
				-34.67254000 -1.94492900 -10.74396000 / -0.86823420 -0.49615420 0.00057220 / 224 96 0 255 / 0.91108690 0.02862550
				-34.67254000 -1.94492900 -10.74396000 / -0.86823420 -0.49615420 0.00057220 / 224 96 0 255 / 0.91108690 0.02862550
				-34.65475000 -1.97602900 -10.81866000 / -0.86178500 -0.50723810 0.00600850 / 223 95 0 255 / 0.91894530 0.03959660
				-34.81414000 -1.69673100 -10.87579000 / -0.86855400 -0.49559460 -0.00028610 / 224 96 0 255 / 0.85115050 0.04690550
				-34.81414000 -1.69673100 -10.87579000 / -0.86855400 -0.49559460 -0.00028610 / 224 96 0 255 / 0.85115050 0.04690550
				-34.81414000 -1.69673100 -10.87579000 / -0.86855400 -0.49559460 -0.00028610 / 224 96 0 255 / 0.85115050 0.04690550
				-34.81414000 -1.69673100 -10.87579000 / -0.86855400 -0.49559460 -0.00028610 / 224 96 0 255 / 0.85115050 0.04690550
				-34.70370000 -1.89032200 -10.67559000 / -0.86599430 -0.50003300 0.00457790 / 225 96 0 255 / 0.89727780 0.01853940
				-34.73885000 -1.82911100 -10.63898000 / -0.86862590 -0.49546860 -0.00019070 / 225 96 0 255 / 0.88171380 0.01292420
				-34.73885000 -1.82911100 -10.63898000 / -0.86862590 -0.49546860 -0.00019070 / 225 96 0 255 / 0.88171380 0.01292420
				-34.73885000 -1.82911100 -10.63898000 / -0.86862590 -0.49546860 -0.00019070 / 225 96 0 255 / 0.88171380 0.01292420
				-34.78380000 -1.75001200 -10.61114000 / -0.86930470 -0.49427640 0.00038140 / 223 96 4 255 / 0.86128240 0.00849920
				-34.78380000 -1.75001200 -10.61114000 / -0.86930470 -0.49427640 0.00038140 / 223 96 4 255 / 0.86128240 0.00849920
				-34.78380000 -1.75001200 -10.61114000 / -0.86930470 -0.49427640 0.00038140 / 223 96 4 255 / 0.86128240 0.00849920
				-34.83760000 -1.65569400 -10.83331000 / -0.86853860 -0.49562150 0.00019070 / 221 96 0 255 / 0.83795170 0.03948970
				-34.83760000 -1.65569400 -10.83331000 / -0.86853860 -0.49562150 0.00019070 / 221 96 0 255 / 0.83795170 0.03948970
				-34.83760000 -1.65569400 -10.83331000 / -0.86853860 -0.49562150 0.00019070 / 221 96 0 255 / 0.83795170 0.03948970
				-36.44272000 1.46554800 -9.93045800 / -0.06370470 0.11407000 0.99142810 / 162 19 181 255 / 0.34547430 0.02264400
				-36.44272000 1.46554800 -9.93045800 / -0.06370470 0.11407000 0.99142810 / 162 19 181 255 / 0.34547430 0.02264400
				-34.83441000 -1.66098200 -10.59893000 / -0.86867180 -0.49538760 0.00057220 / 219 96 7 255 / 0.83776860 0.00628660
				-34.83441000 -1.66098200 -10.59893000 / -0.86867180 -0.49538760 0.00057220 / 219 96 7 255 / 0.83776860 0.00628660
				-34.83441000 -1.66098200 -10.59893000 / -0.86867180 -0.49538760 0.00057220 / 219 96 7 255 / 0.83776860 0.00628660
				-34.56608000 -2.13192600 -9.92319500 / -0.37995630 0.68089820 0.62610780 / 152 50 183 255 / 0.33988950 0.00160220
				-34.87726000 -1.58620400 -10.83920000 / -0.86888350 -0.49501660 -0.00009540 / 217 97 0 255 / 0.82128910 0.04212950
				-34.87726000 -1.58620400 -10.83920000 / -0.86888350 -0.49501660 -0.00009540 / 217 97 0 255 / 0.82128910 0.04212950
				-34.87726000 -1.58620400 -10.83920000 / -0.86888350 -0.49501660 -0.00009540 / 217 97 0 255 / 0.82128910 0.04212950
				-34.87726000 -1.58620400 -10.83920000 / -0.86888350 -0.49501660 -0.00009540 / 217 97 0 255 / 0.82128910 0.04212950
				-34.89346000 -1.55773900 -10.60433000 / -0.86853860 -0.49562150 0.00019070 / 216 98 6 255 / 0.80996710 0.00729370
				-34.89346000 -1.55773900 -10.60433000 / -0.86853860 -0.49562150 0.00019070 / 216 98 6 255 / 0.80996710 0.00729370
				-34.89346000 -1.55773900 -10.60433000 / -0.86853860 -0.49562150 0.00019070 / 216 98 6 255 / 0.80996710 0.00729370
				-34.94851000 -1.46109200 -10.63069000 / -0.86901150 -0.49479150 0.00066760 / 216 97 0 255 / 0.78486620 0.01161190
				-37.71027000 3.38224500 -11.31868000 / -0.86868720 -0.49536060 -0.00066760 / 221 111 0 255 / 0.38952640 0.16249080
				-37.71027000 3.38224500 -11.31868000 / -0.86868720 -0.49536060 -0.00066760 / 221 111 0 255 / 0.38952640 0.16249080
				-37.71027000 3.38224500 -11.31868000 / -0.86868720 -0.49536060 -0.00066760 / 221 111 0 255 / 0.38952640 0.16249080
				-37.71027000 3.38224500 -11.31868000 / -0.86868720 -0.49536060 -0.00066760 / 221 111 0 255 / 0.38952640 0.16249080
				-37.74186000 3.43785400 -11.15803000 / -0.86928400 -0.49431230 -0.00076290 / 221 111 0 255 / 0.37553410 0.13848880
				-37.74186000 3.43785400 -11.15803000 / -0.86928400 -0.49431230 -0.00076290 / 221 111 0 255 / 0.37553410 0.13848880
				-37.74186000 3.43785400 -11.15803000 / -0.86928400 -0.49431230 -0.00076290 / 221 111 0 255 / 0.37553410 0.13848880
				-37.73016000 3.41768000 -11.24300000 / -0.87926040 -0.47627400 -0.00801060 / 221 111 0 255 / 0.38061520 0.15118410
				-37.58646000 3.16514400 -11.09944000 / -0.86829600 -0.49604650 -0.00009540 / 222 111 0 255 / 0.44023130 0.13024900
				-37.58646000 3.16514400 -11.09944000 / -0.86829600 -0.49604650 -0.00009540 / 222 111 0 255 / 0.44023130 0.13024900
				-37.58646000 3.16514400 -11.09944000 / -0.86829600 -0.49604650 -0.00009540 / 222 111 0 255 / 0.44023130 0.13024900
				-37.58646000 3.16514400 -11.09944000 / -0.86829600 -0.49604650 -0.00009540 / 222 111 0 255 / 0.44023130 0.13024900
				-37.58646000 3.16514400 -11.09944000 / -0.86829600 -0.49604650 -0.00009540 / 222 111 0 255 / 0.44023130 0.13024900
				-37.74428000 3.44181800 -11.05988000 / -0.86859480 -0.49552240 0.00076290 / 222 111 0 255 / 0.37446590 0.12422180
				-37.74428000 3.44181800 -11.05988000 / -0.86859480 -0.49552240 0.00076290 / 222 111 0 255 / 0.37446590 0.12422180
				-37.73504000 3.42628500 -10.94173000 / -0.86865610 -0.49541430 0.00104910 / 223 111 0 255 / 0.37855530 0.10656740
				-37.73504000 3.42628500 -10.94173000 / -0.86865610 -0.49541430 0.00104910 / 223 111 0 255 / 0.37855530 0.10656740
				-37.73504000 3.42628500 -10.94173000 / -0.86865610 -0.49541430 0.00104910 / 223 111 0 255 / 0.37855530 0.10656740
				-36.57485000 1.39130400 -9.93047400 / -0.06446560 0.11473410 0.99130230 / 163 22 181 255 / 0.34547430 0.00160220
				-37.28241000 2.93859800 -10.08478000 / 0.00572180 0.00314700 -0.99997870 / 125 6 141 255 / 0.53215030 0.02264400
				-37.28241000 2.93859800 -10.08478000 / 0.00572180 0.00314700 -0.99997870 / 125 6 141 255 / 0.53215030 0.02264400
				-37.57518000 3.14596900 -11.18635000 / -0.86776960 -0.49696500 -0.00133500 / 221 111 0 255 / 0.44656370 0.14436340
				-37.57518000 3.14596900 -11.18635000 / -0.86776960 -0.49696500 -0.00133500 / 221 111 0 255 / 0.44656370 0.14436340
				-37.57518000 3.14596900 -11.18635000 / -0.86776960 -0.49696500 -0.00133500 / 221 111 0 255 / 0.44656370 0.14436340
				-37.57518000 3.14596900 -11.18635000 / -0.86776960 -0.49696500 -0.00133500 / 221 111 0 255 / 0.44656370 0.14436340
				-37.57759000 3.14993900 -10.97980000 / -0.86861550 -0.49548660 0.00057220 / 224 111 0 255 / 0.44465640 0.11096190
				-37.57759000 3.14993900 -10.97980000 / -0.86861550 -0.49548660 0.00057220 / 224 111 0 255 / 0.44465640 0.11096190
				-37.57759000 3.14993900 -10.97980000 / -0.86861550 -0.49548660 0.00057220 / 224 111 0 255 / 0.44465640 0.11096190
				-37.57759000 3.14993900 -10.97980000 / -0.86861550 -0.49548660 0.00057220 / 224 111 0 255 / 0.44465640 0.11096190
				-37.68239000 3.33360600 -11.38117000 / -0.86827550 -0.49608250 0.00009540 / 220 111 0 255 / 0.40177920 0.17152410
				-37.68239000 3.33360600 -11.38117000 / -0.86827550 -0.49608250 0.00009540 / 220 111 0 255 / 0.40177920 0.17152410
				-37.71477000 3.39053400 -10.83919000 / -0.86897520 -0.49485430 -0.00104900 / 224 111 0 255 / 0.38771060 0.09136960
				-37.71477000 3.39053400 -10.83919000 / -0.86897520 -0.49485430 -0.00104900 / 224 111 0 255 / 0.38771060 0.09136960
				-37.64716000 3.27170900 -11.42708000 / -0.86852290 -0.49564830 0.00085820 / 221 111 0 255 / 0.41743470 0.17866520
				-37.64716000 3.27170900 -11.42708000 / -0.86852290 -0.49564830 0.00085820 / 221 111 0 255 / 0.41743470 0.17866520
				-37.64716000 3.27170900 -11.42708000 / -0.86852290 -0.49564830 0.00085820 / 221 111 0 255 / 0.41743470 0.17866520
				-37.68399000 3.33625700 -10.75080000 / -0.86857450 -0.49555860 -0.00009540 / 225 112 0 255 / 0.40191650 0.07833860
				-37.68399000 3.33625700 -10.75080000 / -0.86857450 -0.49555860 -0.00009540 / 225 112 0 255 / 0.40191650 0.07833860
				-37.68399000 3.33625700 -10.75080000 / -0.86857450 -0.49555860 -0.00009540 / 225 112 0 255 / 0.40191650 0.07833860
				-37.68399000 3.33625700 -10.75080000 / -0.86857450 -0.49555860 -0.00009540 / 225 112 0 255 / 0.40191650 0.07833860
				-37.54809000 3.09866300 -11.23421000 / -0.86934520 -0.49420410 0.00114440 / 221 110 0 255 / 0.46186830 0.15243530
				-37.54809000 3.09866300 -11.23421000 / -0.86934520 -0.49420410 0.00114440 / 221 110 0 255 / 0.46186830 0.15243530
				-37.54809000 3.09866300 -11.23421000 / -0.86934520 -0.49420410 0.00114440 / 221 110 0 255 / 0.46186830 0.15243530
				-37.54809000 3.09866300 -11.23421000 / -0.86934520 -0.49420410 0.00114440 / 221 110 0 255 / 0.46186830 0.15243530
				-37.55410000 3.10890600 -10.88411000 / -0.86863600 -0.49545060 0.00028610 / 226 111 0 255 / 0.45678710 0.09580990
				-37.55410000 3.10890600 -10.88411000 / -0.86863600 -0.49545060 0.00028610 / 226 111 0 255 / 0.45678710 0.09580990
				-37.55410000 3.10890600 -10.88411000 / -0.86863600 -0.49545060 0.00028610 / 226 111 0 255 / 0.45678710 0.09580990
				-37.60388000 3.19593100 -11.45638000 / -0.86862520 -0.49546830 0.00123980 / 221 110 0 255 / 0.43708800 0.18327330
				-37.60388000 3.19593100 -11.45638000 / -0.86862520 -0.49546830 0.00123980 / 221 110 0 255 / 0.43708800 0.18327330
				-37.55327000 3.10689800 -11.46907000 / -0.86870780 -0.49532460 0.00047690 / 220 110 0 255 / 0.46104430 0.18531800
				-37.55327000 3.10689800 -11.46907000 / -0.86870780 -0.49532460 0.00047690 / 220 110 0 255 / 0.46104430 0.18531800
				-37.55327000 3.10689800 -11.46907000 / -0.86870780 -0.49532460 0.00047690 / 220 110 0 255 / 0.46104430 0.18531800
				-37.55327000 3.10689800 -11.46907000 / -0.86870780 -0.49532460 0.00047690 / 220 110 0 255 / 0.46104430 0.18531800
				-34.22089000 -2.73722000 -10.60971000 / 0.09193670 -0.16313050 0.98231170 / 194 12 7 255 / 0.34165950 0.00158690
				-34.22089000 -2.73722000 -10.60971000 / 0.09193670 -0.16313050 0.98231170 / 194 12 7 255 / 0.34165950 0.00158690
				-36.54770000 1.34330300 -9.92314900 / -0.06446710 0.11453410 0.99132540 / 162 19 183 255 / 0.33988950 0.00160220
				-36.54770000 1.34330300 -9.92314900 / -0.06446710 0.11453410 0.99132540 / 162 19 183 255 / 0.33988950 0.00160220
				-37.59624000 3.18305400 -10.63069000 / -0.86894490 -0.49490860 0.00038150 / 226 111 0 255 / 0.44145200 0.05966190
				-37.59624000 3.18305400 -10.63069000 / -0.86894490 -0.49490860 0.00038150 / 226 111 0 255 / 0.44145200 0.05966190
				-37.59624000 3.18305400 -10.63069000 / -0.86894490 -0.49490860 0.00038150 / 226 111 0 255 / 0.44145200 0.05966190
				-37.59624000 3.18305400 -10.63069000 / -0.86894490 -0.49490860 0.00038150 / 226 111 0 255 / 0.44145200 0.05966190
				-37.64394000 3.26642500 -10.67953000 / -0.86861270 -0.49548500 0.00257490 / 226 111 0 255 / 0.42028810 0.06755070
				-37.51970000 3.04832600 -10.83967000 / -0.86898600 -0.49483660 0.00047680 / 227 111 0 255 / 0.47814940 0.09034730
				-37.51970000 3.04832600 -10.83967000 / -0.86898600 -0.49483660 0.00047680 / 227 111 0 255 / 0.47814940 0.09034730
				-37.51970000 3.04832600 -10.83967000 / -0.86898600 -0.49483660 0.00047680 / 227 111 0 255 / 0.47814940 0.09034730
				-37.51970000 3.04832600 -10.83967000 / -0.86898600 -0.49483660 0.00047680 / 227 111 0 255 / 0.47814940 0.09034730
				-37.54158000 3.08673300 -10.60432000 / -0.86856430 -0.49557660 0.00009540 / 227 111 6 255 / 0.46659850 0.05545040
				-37.54158000 3.08673300 -10.60432000 / -0.86856430 -0.49557660 0.00009540 / 227 111 6 255 / 0.46659850 0.05545040
				-37.48213000 2.98316400 -10.59894000 / -0.86851250 -0.49566620 0.00114430 / 226 110 7 255 / 0.49424750 0.05471800
				-37.48213000 2.98316400 -10.59894000 / -0.86851250 -0.49566620 0.00114430 / 226 110 7 255 / 0.49424750 0.05471800
				-37.48213000 2.98316400 -10.59894000 / -0.86851250 -0.49566620 0.00114430 / 226 110 7 255 / 0.49424750 0.05471800
				-37.48573000 2.98877200 -10.83333000 / -0.86850230 -0.49568430 0.00085820 / 225 110 0 255 / 0.49444580 0.08766180
				-37.48573000 2.98877200 -10.83333000 / -0.86850230 -0.49568430 0.00085820 / 225 110 0 255 / 0.49444580 0.08766180
				-37.48573000 2.98877200 -10.83333000 / -0.86850230 -0.49568430 0.00085820 / 225 110 0 255 / 0.49444580 0.08766180
				-37.43154000 2.89413200 -10.61114000 / -0.86970430 -0.49357150 0.00123970 / 223 110 4 255 / 0.51805120 0.05673220
				-37.43154000 2.89413200 -10.61114000 / -0.86970430 -0.49357150 0.00123970 / 223 110 4 255 / 0.51805120 0.05673220
				-37.43154000 2.89413200 -10.61114000 / -0.86970430 -0.49357150 0.00123970 / 223 110 4 255 / 0.51805120 0.05673220
				-37.46226000 2.94773700 -10.87579000 / -0.86851300 -0.49566650 0.00000000 / 221 110 0 255 / 0.50782780 0.09440610
				-37.46226000 2.94773700 -10.87579000 / -0.86851300 -0.49566650 0.00000000 / 221 110 0 255 / 0.50782780 0.09440610
				-37.46226000 2.94773700 -10.87579000 / -0.86851300 -0.49566650 0.00000000 / 221 110 0 255 / 0.50782780 0.09440610
				-37.46226000 2.94773700 -10.87579000 / -0.86851300 -0.49566650 0.00000000 / 221 110 0 255 / 0.50782780 0.09440610
				-37.46226000 2.94773700 -10.87579000 / -0.86851300 -0.49566650 0.00000000 / 221 110 0 255 / 0.50782780 0.09440610
				-37.46226000 2.94773700 -10.87579000 / -0.86851300 -0.49566650 0.00000000 / 221 110 0 255 / 0.50782780 0.09440610
				-37.38697000 2.81534400 -10.63897000 / -0.86868720 -0.49536060 -0.00066760 / 221 110 0 255 / 0.53857420 0.06127930
				-37.38697000 2.81534400 -10.63897000 / -0.86868720 -0.49536060 -0.00066760 / 221 110 0 255 / 0.53857420 0.06127930
				-34.08915000 -2.66266600 -10.60971000 / 0.09269530 -0.16355200 0.98217020 / 194 11 7 255 / 0.34165950 0.02261350
				-37.35180000 2.75413900 -10.67559000 / -0.86818260 -0.49624400 -0.00095360 / 221 109 0 255 / 0.55409240 0.06690980
				-37.35180000 2.75413900 -10.67559000 / -0.86818260 -0.49624400 -0.00095360 / 221 109 0 255 / 0.55409240 0.06690980
				-38.12877000 4.11698500 -9.51641800 / -0.30632150 0.56062000 -0.76933250 / 100 26 255 255 / 0.85617070 0.00160220
				-36.41518000 1.41722200 -9.92314100 / -0.06370610 0.11388180 0.99144970 / 162 15 183 255 / 0.33988950 0.02264400
				-37.32065000 2.69953400 -10.74394000 / -0.86856430 -0.49557660 -0.00019070 / 220 109 0 255 / 0.56779480 0.07710270
				-37.32065000 2.69953400 -10.74394000 / -0.86856430 -0.49557660 -0.00019070 / 220 109 0 255 / 0.56779480 0.07710270
				-37.30285000 2.66842200 -10.81866000 / -0.86888270 -0.49501620 0.00133500 / 219 110 0 255 / 0.57554630 0.08789060
				-37.30285000 2.66842200 -10.81866000 / -0.86888270 -0.49501620 0.00133500 / 219 110 0 255 / 0.57554630 0.08789060
				-37.30285000 2.66842200 -10.81866000 / -0.86888270 -0.49501620 0.00133500 / 219 110 0 255 / 0.57554630 0.08789060
				-37.45092000 2.92786800 -10.94512000 / -0.86870740 -0.49532440 0.00104920 / 219 109 0 255 / 0.51416020 0.10577390
				-37.45092000 2.92786800 -10.94512000 / -0.86870740 -0.49532440 0.00104920 / 219 109 0 255 / 0.51416020 0.10577390
				-37.45092000 2.92786800 -10.94512000 / -0.86870740 -0.49532440 0.00104920 / 219 109 0 255 / 0.51416020 0.10577390
				-37.45092000 2.92786800 -10.94512000 / -0.86870740 -0.49532440 0.00104920 / 219 109 0 255 / 0.51416020 0.10577390
				-37.29431000 2.65285600 -10.90508000 / -0.86904590 -0.49472760 0.00200280 / 219 109 0 255 / 0.57948300 0.10026550
				-37.29431000 2.65285600 -10.90508000 / -0.86904590 -0.49472760 0.00200280 / 219 109 0 255 / 0.57948300 0.10026550
				-37.29307000 2.65052600 -11.00665000 / -0.86895510 -0.49489050 0.00057220 / 218 109 0 255 / 0.58013920 0.11558530
				-37.29307000 2.65052600 -11.00665000 / -0.86895510 -0.49489050 0.00057220 / 218 109 0 255 / 0.58013920 0.11558530
				-37.29307000 2.65052600 -11.00665000 / -0.86895510 -0.49489050 0.00057220 / 218 109 0 255 / 0.58013920 0.11558530
				-37.45131000 2.92818900 -11.04668000 / -0.86902680 -0.49476440 -0.00076300 / 218 109 0 255 / 0.51383970 0.12219240
				-37.45131000 2.92818900 -11.04668000 / -0.86902680 -0.49476440 -0.00076300 / 218 109 0 255 / 0.51383970 0.12219240
				-37.45131000 2.92818900 -11.04668000 / -0.86902680 -0.49476440 -0.00076300 / 218 109 0 255 / 0.51383970 0.12219240
				-37.30157000 2.66541400 -11.11993000 / -0.86862540 -0.49546840 -0.00104910 / 218 109 0 255 / 0.57609560 0.13259890
				-37.30157000 2.66541400 -11.11993000 / -0.86862540 -0.49546840 -0.00104910 / 218 109 0 255 / 0.57609560 0.13259890
				-37.30157000 2.66541400 -11.11993000 / -0.86862540 -0.49546840 -0.00104910 / 218 109 0 255 / 0.57609560 0.13259890
				-37.30157000 2.66541400 -11.11993000 / -0.86862540 -0.49546840 -0.00104910 / 218 109 0 255 / 0.57609560 0.13259890
				-34.13206000 -2.58720300 -10.59310000 / -0.00228870 0.00472050 0.99998640 / 193 15 11 255 / 0.33284000 0.02261350
				-34.13206000 -2.58720300 -10.59310000 / -0.00228870 0.00472050 0.99998640 / 193 15 11 255 / 0.33284000 0.02261350
				-34.13206000 -2.58720300 -10.59310000 / -0.00228870 0.00472050 0.99998640 / 193 15 11 255 / 0.33284000 0.02261350
				-37.47162000 2.96463300 -11.16192000 / -0.86833700 -0.49597450 0.00047690 / 218 109 0 255 / 0.50303650 0.14067080
				-37.47162000 2.96463300 -11.16192000 / -0.86833700 -0.49597450 0.00047690 / 218 109 0 255 / 0.50303650 0.14067080
				-37.47162000 2.96463300 -11.16192000 / -0.86833700 -0.49597450 0.00047690 / 218 109 0 255 / 0.50303650 0.14067080
				-37.47162000 2.96463300 -11.16192000 / -0.86833700 -0.49597450 0.00047690 / 218 109 0 255 / 0.50303650 0.14067080
				-37.35261000 2.75546500 -11.30987000 / -0.86862590 -0.49546860 -0.00019070 / 218 109 0 255 / 0.55308530 0.16113280
				-37.35261000 2.75546500 -11.30987000 / -0.86862590 -0.49546860 -0.00019070 / 218 109 0 255 / 0.55308530 0.16113280
				-37.35261000 2.75546500 -11.30987000 / -0.86862590 -0.49546860 -0.00019070 / 218 109 0 255 / 0.55308530 0.16113280
				-37.32110000 2.70054400 -11.22099000 / -0.85862050 -0.51246410 -0.01230140 / 218 109 0 255 / 0.56721500 0.14764400
				-36.46419000 1.50362700 -9.90508200 / 0.24491170 -0.43697620 0.86548830 / 160 11 187 255 / 0.35719300 0.02264400
				-36.46419000 1.50362700 -9.90508200 / 0.24491170 -0.43697620 0.86548830 / 160 11 187 255 / 0.35719300 0.02264400
				-37.39387000 2.82759900 -11.38310000 / -0.86894500 -0.49490860 0.00000000 / 218 110 0 255 / 0.53442380 0.17210390
				-37.39387000 2.82759900 -11.38310000 / -0.86894500 -0.49490860 0.00000000 / 218 110 0 255 / 0.53442380 0.17210390
				-37.39387000 2.82759900 -11.38310000 / -0.86894500 -0.49490860 0.00000000 / 218 110 0 255 / 0.53442380 0.17210390
				-37.50431000 3.02119300 -11.21809000 / -0.86861470 -0.49548610 0.00143050 / 219 109 0 255 / 0.48577880 0.14981080
				-37.50431000 3.02119300 -11.21809000 / -0.86861470 -0.49548610 0.00143050 / 219 109 0 255 / 0.48577880 0.14981080
				-37.50431000 3.02119300 -11.21809000 / -0.86861470 -0.49548610 0.00143050 / 219 109 0 255 / 0.48577880 0.14981080
				-37.50431000 3.02119300 -11.21809000 / -0.86861470 -0.49548610 0.00143050 / 219 109 0 255 / 0.48577880 0.14981080
				-37.44125000 2.91134700 -11.43437000 / -0.86866440 -0.49539530 -0.00238430 / 219 110 0 255 / 0.51251220 0.18000790
				-37.44125000 2.91134700 -11.43437000 / -0.86866440 -0.49539530 -0.00238430 / 219 110 0 255 / 0.51251220 0.18000790
				-37.44125000 2.91134700 -11.43437000 / -0.86866440 -0.49539530 -0.00238430 / 219 110 0 255 / 0.51251220 0.18000790
				-37.49507000 3.00567100 -11.46272000 / -0.86635760 -0.49917610 -0.01573640 / 219 110 0 255 / 0.48773200 0.18432620
				-37.30285000 2.66842200 -10.81866000 / 0.46387000 -0.82636390 0.31929210 / 149 17 0 255 / 0.25047300 0.00160220
				-37.30285000 2.66842200 -10.81866000 / 0.46387000 -0.82636390 0.31929210 / 149 17 0 255 / 0.25047300 0.00160220
				-37.30285000 2.66842200 -10.81866000 / 0.46387000 -0.82636390 0.31929210 / 149 17 0 255 / 0.25047300 0.00160220
				-37.30285000 2.66842200 -10.81866000 / 0.46387000 -0.82636390 0.31929210 / 149 17 0 255 / 0.25047300 0.00160220
				-37.17073000 2.74267300 -10.81815000 / 0.46310220 -0.82642670 0.32024240 / 149 16 0 255 / 0.25047300 0.02276610
				-37.17073000 2.74267300 -10.81815000 / 0.46310220 -0.82642670 0.32024240 / 149 16 0 255 / 0.25047300 0.02276610
				-34.26420000 -2.66143500 -10.59311000 / -0.00381490 0.00629450 0.99997290 / 189 21 11 255 / 0.33284000 0.00158690
				-34.26420000 -2.66143500 -10.59311000 / -0.00381490 0.00629450 0.99997290 / 189 21 11 255 / 0.33284000 0.00158690
				-34.26420000 -2.66143500 -10.59311000 / -0.00381490 0.00629450 0.99997290 / 189 21 11 255 / 0.33284000 0.00158690
				-37.18851000 2.77377600 -10.74393000 / 0.40320500 -0.71855460 0.56666130 / 161 18 0 255 / 0.23359680 0.02276610
				-37.18851000 2.77377600 -10.74393000 / 0.40320500 -0.71855460 0.56666130 / 161 18 0 255 / 0.23359680 0.02276610
				-37.18851000 2.77377600 -10.74393000 / 0.40320500 -0.71855460 0.56666130 / 161 18 0 255 / 0.23359680 0.02276610
				-37.16218000 2.72709100 -10.90506000 / 0.48637850 -0.86642130 0.11291610 / 139 15 0 255 / 0.26391600 0.02276610
				-37.16218000 2.72709100 -10.90506000 / 0.48637850 -0.86642130 0.11291610 / 139 15 0 255 / 0.26391600 0.02276610
				-37.16218000 2.72709100 -10.90506000 / 0.48637850 -0.86642130 0.11291610 / 139 15 0 255 / 0.26391600 0.02276610
				-37.32064000 2.69954300 -10.74394000 / 0.40359460 -0.71840210 0.56657740 / 171 16 0 255 / 0.23359680 0.00160220
				-37.32064000 2.69954300 -10.74394000 / 0.40359460 -0.71840210 0.56657740 / 171 16 0 255 / 0.23359680 0.00160220
				-37.32064000 2.69954300 -10.74394000 / 0.40359460 -0.71840210 0.56657740 / 171 16 0 255 / 0.23359680 0.00160220
				-37.29431000 2.65285600 -10.90508000 / 0.48676830 -0.86610230 0.11368100 / 134 16 0 255 / 0.26391600 0.00160220
				-37.29431000 2.65285600 -10.90508000 / 0.48676830 -0.86610230 0.11368100 / 134 16 0 255 / 0.26391600 0.00160220
				-37.29431000 2.65285600 -10.90508000 / 0.48676830 -0.86610230 0.11368100 / 134 16 0 255 / 0.26391600 0.00160220
				-36.59663000 1.42901400 -9.90556300 / 0.24147950 -0.43395010 0.86797180 / 160 14 187 255 / 0.35719300 0.00160220
				-37.21685000 2.82341800 -10.68339000 / 0.30517530 -0.54316430 0.78220240 / 180 13 0 255 / 0.21269230 0.02276610
				-37.21685000 2.82341800 -10.68339000 / 0.30517530 -0.54316430 0.78220240 / 180 13 0 255 / 0.21269230 0.02276610
				-37.21685000 2.82341800 -10.68339000 / 0.30517530 -0.54316430 0.78220240 / 180 13 0 255 / 0.21269230 0.02276610
				-37.16061000 2.72513600 -11.00614000 / 0.48979800 -0.86956790 -0.06284600 / 130 14 0 255 / 0.27490230 0.02276610
				-37.16061000 2.72513600 -11.00614000 / 0.48979800 -0.86956790 -0.06284600 / 130 14 0 255 / 0.27490230 0.02276610
				-37.16061000 2.72513600 -11.00614000 / 0.48979800 -0.86956790 -0.06284600 / 130 14 0 255 / 0.27490230 0.02276610
				-37.34897000 2.74916800 -10.68340000 / 0.30401880 -0.54206990 0.78341100 / 187 13 0 255 / 0.21269230 0.00160220
				-37.34897000 2.74916800 -10.68340000 / 0.30401880 -0.54206990 0.78341100 / 187 13 0 255 / 0.21269230 0.00160220
				-37.34897000 2.74916800 -10.68340000 / 0.30401880 -0.54206990 0.78341100 / 187 13 0 255 / 0.21269230 0.00160220
				-37.29307000 2.65052500 -11.00665000 / 0.49019100 -0.86937380 -0.06246600 / 126 12 0 255 / 0.27490230 0.00160220
				-37.29307000 2.65052500 -11.00665000 / 0.49019100 -0.86937380 -0.06246600 / 126 12 0 255 / 0.27490230 0.00160220
				-37.29307000 2.65052500 -11.00665000 / 0.49019100 -0.86937380 -0.06246600 / 126 12 0 255 / 0.27490230 0.00160220
				-37.25446000 2.88926600 -10.63896000 / 0.19608180 -0.35065360 0.91574780 / 192 12 0 255 / 0.18843080 0.02276610
				-37.25446000 2.88926600 -10.63896000 / 0.19608180 -0.35065360 0.91574780 / 192 12 0 255 / 0.18843080 0.02276610
				-37.25446000 2.88926600 -10.63896000 / 0.19608180 -0.35065360 0.91574780 / 192 12 0 255 / 0.18843080 0.02276610
				-34.18792000 -2.48924900 -10.61604000 / -0.18920540 0.33678370 0.92237630 / 182 24 5 255 / 0.31132510 0.02261350
				-34.18792000 -2.48924900 -10.61604000 / -0.18920540 0.33678370 0.92237630 / 182 24 5 255 / 0.31132510 0.02261350
				-34.18792000 -2.48924900 -10.61604000 / -0.18920540 0.33678370 0.92237630 / 182 24 5 255 / 0.31132510 0.02261350
				-37.16913000 2.74003300 -11.11893000 / 0.47494340 -0.84011570 -0.26198180 / 122 11 0 255 / 0.28198240 0.02276610
				-37.16913000 2.74003300 -11.11893000 / 0.47494340 -0.84011570 -0.26198180 / 122 11 0 255 / 0.28198240 0.02276610
				-37.16913000 2.74003300 -11.11893000 / 0.47494340 -0.84011570 -0.26198180 / 122 11 0 255 / 0.28198240 0.02276610
				-37.38697000 2.81534400 -10.63897000 / 0.19530680 -0.34948760 0.91635890 / 196 12 0 255 / 0.18843080 0.00160220
				-37.38697000 2.81534400 -10.63897000 / 0.19530680 -0.34948760 0.91635890 / 196 12 0 255 / 0.18843080 0.00160220
				-37.38697000 2.81534400 -10.63897000 / 0.19530680 -0.34948760 0.91635890 / 196 12 0 255 / 0.18843080 0.00160220
				-37.30157000 2.66541100 -11.11993000 / 0.47569340 -0.83966360 -0.26207000 / 119 11 0 255 / 0.28198240 0.00160220
				-37.30157000 2.66541100 -11.11993000 / 0.47569340 -0.83966360 -0.26207000 / 119 11 0 255 / 0.28198240 0.00160220
				-37.30157000 2.66541100 -11.11993000 / 0.47569340 -0.83966360 -0.26207000 / 119 11 0 255 / 0.28198240 0.00160220
				-37.29940000 2.96837200 -10.61115000 / 0.10109120 -0.18036670 0.97839080 / 199 12 7 255 / 0.16201780 0.02276610
				-37.29940000 2.96837200 -10.61115000 / 0.10109120 -0.18036670 0.97839080 / 199 12 7 255 / 0.16201780 0.02276610
				-37.29940000 2.96837200 -10.61115000 / 0.10109120 -0.18036670 0.97839080 / 199 12 7 255 / 0.16201780 0.02276610
				-37.18932000 2.77509100 -11.22001000 / 0.43486230 -0.76294000 -0.47834850 / 116 10 0 255 / 0.28184510 0.02276610
				-37.18932000 2.77509100 -11.22001000 / 0.43486230 -0.76294000 -0.47834850 / 116 10 0 255 / 0.28184510 0.02276610
				-37.18932000 2.77509100 -11.22001000 / 0.43486230 -0.76294000 -0.47834850 / 116 10 0 255 / 0.28184510 0.02276610
				-36.57485000 1.39130400 -9.93047400 / 0.24223520 -0.43472400 0.86737360 / 160 11 181 255 / 0.34547430 0.00160220
				-36.57485000 1.39130400 -9.93047400 / 0.24223520 -0.43472400 0.86737360 / 160 11 181 255 / 0.34547430 0.00160220
				-37.43154000 2.89413200 -10.61114000 / 0.10147180 -0.18019820 0.97838240 / 200 12 7 255 / 0.16201780 0.00160220
				-37.43154000 2.89413200 -10.61114000 / 0.10147180 -0.18019820 0.97838240 / 200 12 7 255 / 0.16201780 0.00160220
				-37.43154000 2.89413200 -10.61114000 / 0.10147180 -0.18019820 0.97838240 / 200 12 7 255 / 0.16201780 0.00160220
				-37.32109000 2.70053800 -11.22099000 / 0.43489360 -0.76266120 -0.47876440 / 114 11 0 255 / 0.28184510 0.00160220
				-37.32109000 2.70053800 -11.22099000 / 0.43489360 -0.76266120 -0.47876440 / 114 11 0 255 / 0.28184510 0.00160220
				-37.32109000 2.70053800 -11.22099000 / 0.43489360 -0.76266120 -0.47876440 / 114 11 0 255 / 0.28184510 0.00160220
				-37.35001000 3.05740800 -10.59894000 / 0.01830970 -0.03230430 0.99931040 / 200 15 10 255 / 0.13430790 0.02276610
				-37.35001000 3.05740800 -10.59894000 / 0.01830970 -0.03230430 0.99931040 / 200 15 10 255 / 0.13430790 0.02276610
				-37.35001000 3.05740800 -10.59894000 / 0.01830970 -0.03230430 0.99931040 / 200 15 10 255 / 0.13430790 0.02276610
				-37.22084000 2.83001300 -11.30888000 / 0.37001940 -0.64541200 -0.66822830 / 113 10 0 255 / 0.27450560 0.02276610
				-37.22084000 2.83001300 -11.30888000 / 0.37001940 -0.64541200 -0.66822830 / 113 10 0 255 / 0.27450560 0.02276610
				-37.22084000 2.83001300 -11.30888000 / 0.37001940 -0.64541200 -0.66822830 / 113 10 0 255 / 0.27450560 0.02276610
				-34.32006000 -2.56349300 -10.61607000 / -0.18921110 0.33774750 0.92202260 / 170 27 5 255 / 0.31132510 0.00158690
				-34.32006000 -2.56349300 -10.61607000 / -0.18921110 0.33774750 0.92202260 / 170 27 5 255 / 0.31132510 0.00158690
				-34.32006000 -2.56349300 -10.61607000 / -0.18921110 0.33774750 0.92202260 / 170 27 5 255 / 0.31132510 0.00158690
				-37.48213000 2.98317500 -10.59894000 / 0.01792870 -0.03168530 0.99933700 / 199 18 10 255 / 0.13430790 0.00160220
				-37.48213000 2.98317500 -10.59894000 / 0.01792870 -0.03168530 0.99933700 / 199 18 10 255 / 0.13430790 0.00160220
				-37.48213000 2.98317500 -10.59894000 / 0.01792870 -0.03168530 0.99933700 / 199 18 10 255 / 0.13430790 0.00160220
				-37.35261000 2.75546500 -11.30987000 / 0.36888780 -0.64455240 -0.66968210 / 113 10 0 255 / 0.27450560 0.00160220
				-37.35261000 2.75546500 -11.30987000 / 0.36888780 -0.64455240 -0.66968210 / 113 10 0 255 / 0.27450560 0.00160220
				-37.35261000 2.75546500 -11.30987000 / 0.36888780 -0.64455240 -0.66968210 / 113 10 0 255 / 0.27450560 0.00160220
				-37.40907000 3.16066000 -10.60431000 / -0.06752200 0.12047610 0.99041730 / 198 22 8 255 / 0.10398860 0.02276610
				-37.40907000 3.16066000 -10.60431000 / -0.06752200 0.12047610 0.99041730 / 198 22 8 255 / 0.10398860 0.02276610
				-37.40907000 3.16066000 -10.60431000 / -0.06752200 0.12047610 0.99041730 / 198 22 8 255 / 0.10398860 0.02276610
				-37.26173000 2.90183200 -11.38213000 / 0.28458240 -0.49472900 -0.82113090 / 113 10 0 255 / 0.26046750 0.02276610
				-37.26173000 2.90183200 -11.38213000 / 0.28458240 -0.49472900 -0.82113090 / 113 10 0 255 / 0.26046750 0.02276610
				-37.26173000 2.90183200 -11.38213000 / 0.28458240 -0.49472900 -0.82113090 / 113 10 0 255 / 0.26046750 0.02276610
				-37.54156000 3.08672800 -10.60432000 / -0.06828540 0.12154990 0.99023370 / 196 26 8 255 / 0.10398860 0.00160220
				-37.54156000 3.08672800 -10.60432000 / -0.06828540 0.12154990 0.99023370 / 196 26 8 255 / 0.10398860 0.00160220
				-37.54156000 3.08672800 -10.60432000 / -0.06828540 0.12154990 0.99023370 / 196 26 8 255 / 0.10398860 0.00160220
				-37.39387000 2.82759900 -11.38310000 / 0.28342720 -0.49354200 -0.82224400 / 113 9 0 255 / 0.26046750 0.00160220
				-37.39387000 2.82759900 -11.38310000 / 0.28342720 -0.49354200 -0.82224400 / 113 9 0 255 / 0.26046750 0.00160220
				-37.39387000 2.82759900 -11.38310000 / 0.28342720 -0.49354200 -0.82224400 / 113 9 0 255 / 0.26046750 0.00160220
				-36.44272000 1.46554600 -9.93045800 / 0.24566960 -0.43771830 0.86489830 / 160 9 181 255 / 0.34547430 0.02264400
				-37.46411000 3.25729200 -10.63069000 / -0.16898510 0.30087360 0.93857290 / 193 31 2 255 / 0.07797240 0.02276610
				-37.46411000 3.25729200 -10.63069000 / -0.16898510 0.30087360 0.93857290 / 193 31 2 255 / 0.07797240 0.02276610
				-37.46411000 3.25729200 -10.63069000 / -0.16898510 0.30087360 0.93857290 / 193 31 2 255 / 0.07797240 0.02276610
				-37.30912000 2.98558800 -11.43342000 / 0.18349180 -0.31469700 -0.93128750 / 114 8 0 255 / 0.24081420 0.02276610
				-37.30912000 2.98558800 -11.43342000 / 0.18349180 -0.31469700 -0.93128750 / 114 8 0 255 / 0.24081420 0.02276610
				-37.30912000 2.98558800 -11.43342000 / 0.18349180 -0.31469700 -0.93128750 / 114 8 0 255 / 0.24081420 0.02276610
				-37.59623000 3.18306100 -10.63069000 / -0.16898620 0.30144770 0.93838850 / 188 37 2 255 / 0.07797240 0.00160220
				-37.59623000 3.18306100 -10.63069000 / -0.16898620 0.30144770 0.93838850 / 188 37 2 255 / 0.07797240 0.00160220
				-37.59623000 3.18306100 -10.63069000 / -0.16898620 0.30144770 0.93838850 / 188 37 2 255 / 0.07797240 0.00160220
				-34.23728000 -2.40253600 -10.68343000 / -0.32462750 0.58066270 0.74662430 / 157 25 0 255 / 0.28169250 0.02261350
				-34.23728000 -2.40253600 -10.68343000 / -0.32462750 0.58066270 0.74662430 / 157 25 0 255 / 0.28169250 0.02261350
				-34.23728000 -2.40253600 -10.68343000 / -0.32462750 0.58066270 0.74662430 / 157 25 0 255 / 0.28169250 0.02261350
				-37.44127000 2.91134500 -11.43437000 / 0.18310610 -0.31385530 -0.93164750 / 115 7 0 255 / 0.24081420 0.00160220
				-37.44127000 2.91134500 -11.43437000 / 0.18310610 -0.31385530 -0.93164750 / 115 7 0 255 / 0.24081420 0.00160220
				-37.44127000 2.91134500 -11.43437000 / 0.18310610 -0.31385530 -0.93164750 / 115 7 0 255 / 0.24081420 0.00160220
				-37.51145000 3.34036100 -10.67952000 / -0.27464630 0.49104930 0.82670430 / 182 40 0 255 / 0.05812070 0.02276610
				-37.51145000 3.34036100 -10.67952000 / -0.27464630 0.49104930 0.82670430 / 182 40 0 255 / 0.05812070 0.02276610
				-37.51145000 3.34036100 -10.67952000 / -0.27464630 0.49104930 0.82670430 / 182 40 0 255 / 0.05812070 0.02276610
				-37.36294000 3.07990800 -11.46174000 / 0.08125540 -0.13180170 -0.98794030 / 116 6 0 255 / 0.21565250 0.02276610
				-37.36294000 3.07990800 -11.46174000 / 0.08125540 -0.13180170 -0.98794030 / 116 6 0 255 / 0.21565250 0.02276610
				-37.36294000 3.07990800 -11.46174000 / 0.08125540 -0.13180170 -0.98794030 / 116 6 0 255 / 0.21565250 0.02276610
				-37.64394000 3.26642500 -10.67953000 / -0.27464830 0.49183980 0.82623360 / 175 46 0 255 / 0.05812070 0.00160220
				-37.64394000 3.26642500 -10.67953000 / -0.27464830 0.49183980 0.82623360 / 175 46 0 255 / 0.05812070 0.00160220
				-37.64394000 3.26642500 -10.67953000 / -0.27464830 0.49183980 0.82623360 / 175 46 0 255 / 0.05812070 0.00160220
				-37.49507000 3.00567100 -11.46272000 / 0.08087130 -0.13084370 -0.98809900 / 117 6 0 255 / 0.21565250 0.00160220
				-37.49507000 3.00567100 -11.46272000 / 0.08087130 -0.13084370 -0.98809900 / 117 6 0 255 / 0.21565250 0.00160220
				-37.49507000 3.00567100 -11.46272000 / 0.08087130 -0.13084370 -0.98809900 / 117 6 0 255 / 0.21565250 0.00160220
				-37.55148000 3.41017400 -10.75081000 / -0.36277290 0.65058790 0.66718170 / 167 46 0 255 / 0.04455570 0.02276610
				-37.55148000 3.41017400 -10.75081000 / -0.36277290 0.65058790 0.66718170 / 167 46 0 255 / 0.04455570 0.02276610
				-37.55148000 3.41017400 -10.75081000 / -0.36277290 0.65058790 0.66718170 / 167 46 0 255 / 0.04455570 0.02276610
				-37.42077000 3.18082400 -11.46809000 / -0.01068070 0.03256670 -0.99941250 / 118 5 0 255 / 0.18605040 0.02276610
				-37.42077000 3.18082400 -11.46809000 / -0.01068070 0.03256670 -0.99941250 / 118 5 0 255 / 0.18605040 0.02276610
				-37.42077000 3.18082400 -11.46809000 / -0.01068070 0.03256670 -0.99941250 / 118 5 0 255 / 0.18605040 0.02276610
				-36.53537000 1.62803600 -9.52763400 / 0.00000000 -0.00003580 1.00000000 / 219 12 255 255 / 0.46513370 0.02264400
				-36.53537000 1.62803600 -9.52763400 / 0.00000000 -0.00003580 1.00000000 / 219 12 255 255 / 0.46513370 0.02264400
				-37.68399000 3.33625700 -10.75080000 / -0.36278690 0.65104220 0.66673050 / 160 51 0 255 / 0.04455570 0.00160220
				-37.68399000 3.33625700 -10.75080000 / -0.36278690 0.65104220 0.66673050 / 160 51 0 255 / 0.04455570 0.00160220
				-37.68399000 3.33625700 -10.75080000 / -0.36278690 0.65104220 0.66673050 / 160 51 0 255 / 0.04455570 0.00160220
				-37.55327000 3.10689800 -11.46907000 / -0.01144420 0.03368890 -0.99936690 / 118 6 0 255 / 0.18605040 0.00160220
				-37.55327000 3.10689800 -11.46907000 / -0.01144420 0.03368890 -0.99936690 / 118 6 0 255 / 0.18605040 0.00160220
				-37.55327000 3.10689800 -11.46907000 / -0.01144420 0.03368890 -0.99936690 / 118 6 0 255 / 0.18605040 0.00160220
				-35.93407000 0.57366060 -11.17411000 / -0.48332820 0.87112690 -0.08678550 / 129 58 0 255 / 0.14198300 0.00000000
				-35.93407000 0.57366060 -11.17411000 / -0.48332820 0.87112690 -0.08678550 / 129 58 0 255 / 0.14198300 0.00000000
				-34.36980000 -2.47645900 -10.68344000 / -0.32463960 0.58123280 0.74617530 / 144 29 0 255 / 0.28169250 0.00158690
				-34.36980000 -2.47645900 -10.68344000 / -0.32463960 0.58123280 0.74617530 / 144 29 0 255 / 0.28169250 0.00158690
				-34.36980000 -2.47645900 -10.68344000 / -0.32463960 0.58123280 0.74617530 / 144 29 0 255 / 0.28169250 0.00158690
				-37.58190000 3.46414100 -10.83870000 / -0.42725400 0.76786510 0.47732280 / 152 50 0 255 / 0.03744510 0.02276610
				-37.58190000 3.46414100 -10.83870000 / -0.42725400 0.76786510 0.47732280 / 152 50 0 255 / 0.03744510 0.02276610
				-37.58190000 3.46414100 -10.83870000 / -0.42725400 0.76786510 0.47732280 / 152 50 0 255 / 0.03744510 0.02276610
				-37.47174000 3.27017100 -11.45539000 / -0.10299520 0.19678760 -0.97502140 / 118 8 0 255 / 0.15818790 0.02276610
				-37.47174000 3.27017100 -11.45539000 / -0.10299520 0.19678760 -0.97502140 / 118 8 0 255 / 0.15818790 0.02276610
				-37.47174000 3.27017100 -11.45539000 / -0.10299520 0.19678760 -0.97502140 / 118 8 0 255 / 0.15818790 0.02276610
				-37.71477000 3.39053400 -10.83919000 / -0.42687510 0.76837030 0.47684880 / 145 55 0 255 / 0.03744510 0.00160220
				-37.71477000 3.39053400 -10.83919000 / -0.42687510 0.76837030 0.47684880 / 145 55 0 255 / 0.03744510 0.00160220
				-37.71477000 3.39053400 -10.83919000 / -0.42687510 0.76837030 0.47684880 / 145 55 0 255 / 0.03744510 0.00160220
				-37.60388000 3.19593100 -11.45638000 / -0.10299900 0.19708090 -0.97496170 / 118 10 0 255 / 0.15818790 0.00160220
				-37.60388000 3.19593100 -11.45638000 / -0.10299900 0.19708090 -0.97496170 / 118 10 0 255 / 0.15818790 0.00160220
				-37.60388000 3.19593100 -11.45638000 / -0.10299900 0.19708090 -0.97496170 / 118 10 0 255 / 0.15818790 0.00160220
				-37.60247000 3.49952400 -10.94124000 / -0.46769020 0.84361140 0.26379100 / 137 55 0 255 / 0.03726200 0.02276610
				-37.60247000 3.49952400 -10.94124000 / -0.46769020 0.84361140 0.26379100 / 137 55 0 255 / 0.03726200 0.02276610
				-37.60247000 3.49952400 -10.94124000 / -0.46769020 0.84361140 0.26379100 / 137 55 0 255 / 0.03726200 0.02276610
				-37.60247000 3.49952400 -10.94124000 / -0.46769020 0.84361140 0.26379100 / 137 55 0 255 / 0.03726200 0.02276610
				-37.51467000 3.34563900 -11.42609000 / -0.20637950 0.38123940 -0.90114580 / 118 14 0 255 / 0.13269040 0.02276610
				-37.51467000 3.34563900 -11.42609000 / -0.20637950 0.38123940 -0.90114580 / 118 14 0 255 / 0.13269040 0.02276610
				-37.51467000 3.34563900 -11.42609000 / -0.20637950 0.38123940 -0.90114580 / 118 14 0 255 / 0.13269040 0.02276610
				-37.73504000 3.42629200 -10.94173000 / -0.46730480 0.84415280 0.26273970 / 136 61 0 255 / 0.03726200 0.00160220
				-37.73504000 3.42629200 -10.94173000 / -0.46730480 0.84415280 0.26273970 / 136 61 0 255 / 0.03726200 0.00160220
				-37.64717000 3.27171300 -11.42708000 / -0.20638310 0.38165130 -0.90097080 / 119 19 0 255 / 0.13269040 0.00160220
				-37.64717000 3.27171300 -11.42708000 / -0.20638310 0.38165130 -0.90097080 / 119 19 0 255 / 0.13269040 0.00160220
				-37.64717000 3.27171300 -11.42708000 / -0.20638310 0.38165130 -0.90097080 / 119 19 0 255 / 0.13269040 0.00160220
				-36.66786000 1.55411700 -9.52762600 / 0.00000000 -0.00003580 1.00000000 / 219 13 255 255 / 0.46513370 0.00160220
				-37.74427000 3.44182000 -11.05988000 / -0.48370750 0.87366800 0.05226180 / 130 56 0 255 / 0.04460140 0.00160220
				-37.74427000 3.44182000 -11.05988000 / -0.48370750 0.87366800 0.05226180 / 130 56 0 255 / 0.04460140 0.00160220
				-37.74427000 3.44182000 -11.05988000 / -0.48370750 0.87366800 0.05226180 / 130 56 0 255 / 0.04460140 0.00160220
				-34.26765000 -2.34924500 -10.75520000 / -0.37077600 0.66390170 0.64943020 / 137 28 0 255 / 0.25665280 0.02261350
				-34.26765000 -2.34924500 -10.75520000 / -0.37077600 0.66390170 0.64943020 / 137 28 0 255 / 0.25665280 0.02261350
				-37.54989000 3.40753300 -11.38020000 / -0.31279260 0.57027430 -0.75957100 / 119 25 0 255 / 0.10957340 0.02276610
				-37.54989000 3.40753300 -11.38020000 / -0.31279260 0.57027430 -0.75957100 / 119 25 0 255 / 0.10957340 0.02276610
				-37.54989000 3.40753300 -11.38020000 / -0.31279260 0.57027430 -0.75957100 / 119 25 0 255 / 0.10957340 0.02276610
				-37.61140000 3.51542800 -11.05940000 / -0.48484440 0.87289170 0.05464510 / 126 51 0 255 / 0.04460140 0.02276610
				-37.61140000 3.51542800 -11.05940000 / -0.48484440 0.87289170 0.05464510 / 126 51 0 255 / 0.04460140 0.02276610
				-37.61140000 3.51542800 -11.05940000 / -0.48484440 0.87289170 0.05464510 / 126 51 0 255 / 0.04460140 0.02276610
				-37.68238000 3.33360700 -11.38117000 / -0.31167070 0.57005310 -0.76019800 / 119 31 0 255 / 0.10957340 0.00160220
				-37.68238000 3.33360700 -11.38117000 / -0.31167070 0.57005310 -0.76019800 / 119 31 0 255 / 0.10957340 0.00160220
				-37.68238000 3.33360700 -11.38117000 / -0.31167070 0.57005310 -0.76019800 / 119 31 0 255 / 0.10957340 0.00160220
				-37.74186000 3.43785400 -11.15803000 / -0.47989190 0.86334290 -0.15602210 / 123 51 0 255 / 0.05578610 0.00160220
				-37.74186000 3.43785400 -11.15803000 / -0.47989190 0.86334290 -0.15602210 / 123 51 0 255 / 0.05578610 0.00160220
				-37.74186000 3.43785400 -11.15803000 / -0.47989190 0.86334290 -0.15602210 / 123 51 0 255 / 0.05578610 0.00160220
				-37.57738000 3.45584200 -11.31770000 / -0.39444680 0.71855880 -0.57278700 / 119 35 0 255 / 0.08874510 0.02276610
				-37.57738000 3.45584200 -11.31770000 / -0.39444680 0.71855880 -0.57278700 / 119 35 0 255 / 0.08874510 0.02276610
				-37.57738000 3.45584200 -11.31770000 / -0.39444680 0.71855880 -0.57278700 / 119 35 0 255 / 0.08874510 0.02276610
				-37.60936000 3.51178000 -11.15755000 / -0.47913950 0.86355260 -0.15717000 / 121 45 0 255 / 0.05578610 0.02276610
				-37.60936000 3.51178000 -11.15755000 / -0.47913950 0.86355260 -0.15717000 / 121 45 0 255 / 0.05578610 0.02276610
				-37.60936000 3.51178000 -11.15755000 / -0.47913950 0.86355260 -0.15717000 / 121 45 0 255 / 0.05578610 0.02276610
				-37.71028000 3.38224900 -11.31868000 / -0.39292200 0.71825100 -0.57421930 / 120 39 0 255 / 0.08874510 0.00160220
				-37.71028000 3.38224900 -11.31868000 / -0.39292200 0.71825100 -0.57421930 / 120 39 0 255 / 0.08874510 0.00160220
				-37.71028000 3.38224900 -11.31868000 / -0.39292200 0.71825100 -0.57421930 / 120 39 0 255 / 0.08874510 0.00160220
				-37.73016000 3.41768000 -11.24300000 / -0.44821330 0.81257740 -0.37258920 / 120 45 0 255 / 0.07052610 0.00160220
				-37.73016000 3.41768000 -11.24300000 / -0.44821330 0.81257740 -0.37258920 / 120 45 0 255 / 0.07052610 0.00160220
				-37.73016000 3.41768000 -11.24300000 / -0.44821330 0.81257740 -0.37258920 / 120 45 0 255 / 0.07052610 0.00160220
				-37.59759000 3.49091600 -11.24201000 / -0.44633420 0.81272410 -0.37452020 / 120 41 0 255 / 0.07052610 0.02276610
				-37.59759000 3.49091600 -11.24201000 / -0.44633420 0.81272410 -0.37452020 / 120 41 0 255 / 0.07052610 0.02276610
				-37.59759000 3.49091600 -11.24201000 / -0.44633420 0.81272410 -0.37452020 / 120 41 0 255 / 0.07052610 0.02276610
				-36.56430000 1.37277000 -9.52764100 / 0.00000000 -0.00002380 1.00000000 / 219 12 255 255 / 0.43778990 0.00160220
				-36.56430000 1.37277000 -9.52764100 / 0.00000000 -0.00002380 1.00000000 / 219 12 255 255 / 0.43778990 0.00160220
				-34.39940000 -2.42380200 -10.75423000 / -0.37116160 0.66405220 0.64905600 / 132 36 0 255 / 0.25665280 0.00158690
				-36.47694000 1.21988800 -10.81867000 / 0.46652560 -0.82487140 0.31928200 / 154 16 0 255 / 0.35461420 0.06930540
				-36.47694000 1.21988800 -10.81867000 / 0.46652560 -0.82487140 0.31928200 / 154 16 0 255 / 0.35461420 0.06930540
				-36.47694000 1.21988800 -10.81867000 / 0.46652560 -0.82487140 0.31928200 / 154 16 0 255 / 0.35461420 0.06930540
				-36.47694000 1.21988800 -10.81867000 / 0.46652560 -0.82487140 0.31928200 / 154 16 0 255 / 0.35461420 0.06930540
				-36.34518000 1.29443600 -10.81818000 / 0.46540050 -0.82513220 0.32024890 / 154 14 0 255 / 0.42329410 0.05636600
				-36.34518000 1.29443600 -10.81818000 / 0.46540050 -0.82513220 0.32024890 / 154 14 0 255 / 0.42329410 0.05636600
				-36.36296000 1.32555100 -10.74394000 / 0.40587760 -0.71824890 0.56513880 / 163 14 0 255 / 0.40266420 0.04013060
				-36.36296000 1.32555100 -10.74394000 / 0.40587760 -0.71824890 0.56513880 / 163 14 0 255 / 0.40266420 0.04013060
				-36.36296000 1.32555100 -10.74394000 / 0.40587760 -0.71824890 0.56513880 / 163 14 0 255 / 0.40266420 0.04013060
				-36.33663000 1.27886800 -10.90508000 / 0.48904780 -0.86491750 0.11291590 / 144 16 0 255 / 0.43516540 0.07499690
				-36.33663000 1.27886800 -10.90508000 / 0.48904780 -0.86491750 0.11291590 / 144 16 0 255 / 0.43516540 0.07499690
				-36.33663000 1.27886800 -10.90508000 / 0.48904780 -0.86491750 0.11291590 / 144 16 0 255 / 0.43516540 0.07499690
				-36.49473000 1.25099700 -10.74397000 / 0.40434510 -0.71761720 0.56703670 / 170 14 0 255 / 0.34259030 0.05982970
				-36.49473000 1.25099700 -10.74397000 / 0.40434510 -0.71761720 0.56703670 / 170 14 0 255 / 0.34259030 0.05982970
				-36.49473000 1.25099700 -10.74397000 / 0.40434510 -0.71761720 0.56703670 / 170 14 0 255 / 0.34259030 0.05982970
				-36.46839000 1.20431100 -10.90509000 / 0.48943660 -0.86458470 0.11377590 / 136 18 0 255 / 0.36149600 0.08064270
				-36.46839000 1.20431100 -10.90509000 / 0.48943660 -0.86458470 0.11377590 / 136 18 0 255 / 0.36149600 0.08064270
				-36.46839000 1.20431100 -10.90509000 / 0.48943660 -0.86458470 0.11377590 / 136 18 0 255 / 0.36149600 0.08064270
				-36.39093000 1.37487300 -10.68340000 / 0.30478770 -0.54312960 0.78237750 / 177 12 0 255 / 0.37388610 0.02664180
				-36.39093000 1.37487300 -10.68340000 / 0.30478770 -0.54312960 0.78237750 / 177 12 0 255 / 0.37388610 0.02664180
				-36.39093000 1.37487300 -10.68340000 / 0.30478770 -0.54312960 0.78237750 / 177 12 0 255 / 0.37388610 0.02664180
				-36.33508000 1.27691400 -11.00616000 / 0.49247310 -0.86806260 -0.06275120 / 128 16 0 255 / 0.43763730 0.09594730
				-36.33508000 1.27691400 -11.00616000 / 0.49247310 -0.86806260 -0.06275120 / 128 16 0 255 / 0.43763730 0.09594730
				-36.33508000 1.27691400 -11.00616000 / 0.49247310 -0.86806260 -0.06275120 / 128 16 0 255 / 0.43763730 0.09594730
				-36.52343000 1.30094600 -10.68341000 / 0.30250140 -0.54136970 0.78448180 / 184 11 0 255 / 0.32531740 0.05218510
				-36.52343000 1.30094600 -10.68341000 / 0.30250140 -0.54136970 0.78448180 / 184 11 0 255 / 0.32531740 0.05218510
				-36.52343000 1.30094600 -10.68341000 / 0.30250140 -0.54136970 0.78448180 / 184 11 0 255 / 0.32531740 0.05218510
				-36.46715000 1.20197700 -11.00665000 / 0.49285750 -0.86786500 -0.06246550 / 121 17 0 255 / 0.36291500 0.09411620
				-36.46715000 1.20197700 -11.00665000 / 0.49285750 -0.86786500 -0.06246550 / 121 17 0 255 / 0.36291500 0.09411620
				-36.46715000 1.20197700 -11.00665000 / 0.49285750 -0.86786500 -0.06246550 / 121 17 0 255 / 0.36291500 0.09411620
				-37.18199000 2.76184000 -10.08476000 / 0.00572180 0.00312310 -0.99997870 / 126 7 141 255 / 0.50538640 0.02264400
				-36.43255000 1.44732900 -9.52762600 / 0.00000000 -0.00002380 1.00000000 / 219 11 255 255 / 0.43778990 0.02264400
				-36.42890000 1.44103700 -10.63896000 / 0.19607620 -0.35022640 0.91591240 / 190 11 0 255 / 0.33795170 0.01625060
				-36.42890000 1.44103700 -10.63896000 / 0.19607620 -0.35022640 0.91591240 / 190 11 0 255 / 0.33795170 0.01625060
				-36.42890000 1.44103700 -10.63896000 / 0.19607620 -0.35022640 0.91591240 / 190 11 0 255 / 0.33795170 0.01625060
				-36.34358000 1.29179900 -11.11897000 / 0.47761240 -0.83913580 -0.26026440 / 115 14 0 255 / 0.42922970 0.11834720
				-36.34358000 1.29179900 -11.11897000 / 0.47761240 -0.83913580 -0.26026440 / 115 14 0 255 / 0.42922970 0.11834720
				-36.34358000 1.29179900 -11.11897000 / 0.47761240 -0.83913580 -0.26026440 / 115 14 0 255 / 0.42922970 0.11834720
				-36.56105000 1.36680500 -10.63897000 / 0.19645860 -0.35000140 0.91591650 / 195 11 0 255 / 0.30332950 0.04606630
				-36.56105000 1.36680500 -10.63897000 / 0.19645860 -0.35000140 0.91591650 / 195 11 0 255 / 0.30332950 0.04606630
				-36.56105000 1.36680500 -10.63897000 / 0.19645860 -0.35000140 0.91591650 / 195 11 0 255 / 0.30332950 0.04606630
				-36.47566000 1.21687900 -11.11994000 / 0.47646200 -0.83907770 -0.26255010 / 111 14 0 255 / 0.35737610 0.10917660
				-36.47566000 1.21687900 -11.11994000 / 0.47646200 -0.83907770 -0.26255010 / 111 14 0 255 / 0.35737610 0.10917660
				-36.47566000 1.21687900 -11.11994000 / 0.47646200 -0.83907770 -0.26255010 / 111 14 0 255 / 0.35737610 0.10917660
				-36.47386000 1.52015200 -10.61113000 / 0.10108760 -0.18003840 0.97845160 / 199 12 7 255 / 0.29634100 0.00942990
				-36.47386000 1.52015200 -10.61113000 / 0.10108760 -0.18003840 0.97845160 / 199 12 7 255 / 0.29634100 0.00942990
				-36.47386000 1.52015200 -10.61113000 / 0.10108760 -0.18003840 0.97845160 / 199 12 7 255 / 0.29634100 0.00942990
				-36.36340000 1.32655100 -11.22002000 / 0.43410130 -0.76361100 -0.47796910 / 109 11 0 255 / 0.41049190 0.13865660
				-36.36340000 1.32655100 -11.22002000 / 0.43410130 -0.76361100 -0.47796910 / 109 11 0 255 / 0.41049190 0.13865660
				-36.36340000 1.32655100 -11.22002000 / 0.43410130 -0.76361100 -0.47796910 / 109 11 0 255 / 0.41049190 0.13865660
				-36.60600000 1.44591000 -10.61112000 / 0.10108620 -0.17959480 0.97853330 / 201 13 7 255 / 0.27658080 0.04197690
				-36.60600000 1.44591000 -10.61112000 / 0.10108620 -0.17959480 0.97853330 / 201 13 7 255 / 0.27658080 0.04197690
				-36.60600000 1.44591000 -10.61112000 / 0.10108620 -0.17959480 0.97853330 / 201 13 7 255 / 0.27658080 0.04197690
				-36.49554000 1.25231400 -11.22102000 / 0.43221430 -0.76305090 -0.48056660 / 108 11 0 255 / 0.34506220 0.12255860
				-36.49554000 1.25231400 -11.22102000 / 0.43221430 -0.76305090 -0.48056660 / 108 11 0 255 / 0.34506220 0.12255860
				-36.49554000 1.25231400 -11.22102000 / 0.43221430 -0.76305090 -0.48056660 / 108 11 0 255 / 0.34506220 0.12255860
				-36.52446000 1.60917400 -10.59893000 / 0.01830970 -0.03230430 0.99931040 / 202 14 10 255 / 0.25070190 0.00642400
				-36.52446000 1.60917400 -10.59893000 / 0.01830970 -0.03230430 0.99931040 / 202 14 10 255 / 0.25070190 0.00642400
				-36.52446000 1.60917400 -10.59893000 / 0.01830970 -0.03230430 0.99931040 / 202 14 10 255 / 0.25070190 0.00642400
				-34.39854000 -2.42581500 -9.52767200 / -0.86824460 -0.49613630 0.00009540 / 219 95 255 255 / 0.86869810 0.06248470
				-34.39854000 -2.42581500 -9.52767200 / -0.86824460 -0.49613630 0.00009540 / 219 95 255 255 / 0.86869810 0.06248470
				-36.39493000 1.38147200 -11.30888000 / 0.36774510 -0.64579520 -0.66911300 / 108 10 0 255 / 0.38188170 0.15653990
				-36.39493000 1.38147200 -11.30888000 / 0.36774510 -0.64579520 -0.66911300 / 108 10 0 255 / 0.38188170 0.15653990
				-36.39493000 1.38147200 -11.30888000 / 0.36774510 -0.64579520 -0.66911300 / 108 10 0 255 / 0.38188170 0.15653990
				-35.67041000 -0.19491220 -10.08282000 / -0.46614770 0.86165310 0.20064950 / 172 67 142 255 / 0.58364870 0.00256350
				-35.67041000 -0.19491220 -10.08282000 / -0.46614770 0.86165310 0.20064950 / 172 67 142 255 / 0.58364870 0.00256350
				-36.65661000 1.53494400 -10.59892000 / 0.01792870 -0.03170910 0.99933630 / 202 17 10 255 / 0.24601750 0.04014590
				-36.65661000 1.53494400 -10.59892000 / 0.01792870 -0.03170910 0.99933630 / 202 17 10 255 / 0.24601750 0.04014590
				-36.65661000 1.53494400 -10.59892000 / 0.01792870 -0.03170910 0.99933630 / 202 17 10 255 / 0.24601750 0.04014590
				-36.52705000 1.30723500 -11.30988000 / 0.36735120 -0.64485540 -0.67023480 / 109 9 0 255 / 0.32606510 0.13427730
				-36.52705000 1.30723500 -11.30988000 / 0.36735120 -0.64485540 -0.67023480 / 109 9 0 255 / 0.32606510 0.13427730
				-36.52705000 1.30723500 -11.30988000 / 0.36735120 -0.64485540 -0.67023480 / 109 9 0 255 / 0.32606510 0.13427730
				-36.58353000 1.71242300 -10.60429000 / -0.06790460 0.12090730 0.99033850 / 201 21 8 255 / 0.19976810 0.00761410
				-36.58353000 1.71242300 -10.60429000 / -0.06790460 0.12090730 0.99033850 / 201 21 8 255 / 0.19976810 0.00761410
				-36.58353000 1.71242300 -10.60429000 / -0.06790460 0.12090730 0.99033850 / 201 21 8 255 / 0.19976810 0.00761410
				-36.43617000 1.45360100 -11.38212000 / 0.28382510 -0.49434540 -0.82162400 / 110 9 0 255 / 0.34461980 0.17114260
				-36.43617000 1.45360100 -11.38212000 / 0.28382510 -0.49434540 -0.82162400 / 110 9 0 255 / 0.34461980 0.17114260
				-36.43617000 1.45360100 -11.38212000 / 0.28382510 -0.49434540 -0.82162400 / 110 9 0 255 / 0.34461980 0.17114260
				-36.71564000 1.63817600 -10.60429000 / -0.06790070 0.12137720 0.99028130 / 198 25 8 255 / 0.21049500 0.04096980
				-36.71564000 1.63817600 -10.60429000 / -0.06790070 0.12137720 0.99028130 / 198 25 8 255 / 0.21049500 0.04096980
				-36.71564000 1.63817600 -10.60429000 / -0.06790070 0.12137720 0.99028130 / 198 25 8 255 / 0.21049500 0.04096980
				-36.56832000 1.37936300 -11.38311000 / 0.28342500 -0.49339510 -0.82233300 / 111 9 0 255 / 0.30117800 0.14385990
				-36.56832000 1.37936300 -11.38311000 / 0.28342500 -0.49339510 -0.82233300 / 111 9 0 255 / 0.30117800 0.14385990
				-36.56832000 1.37936300 -11.38311000 / 0.28342500 -0.49339510 -0.82233300 / 111 9 0 255 / 0.30117800 0.14385990
				-36.63819000 1.80874800 -10.63068000 / -0.16822750 0.30120490 0.93860270 / 194 30 2 255 / 0.15151980 0.01330570
				-36.63819000 1.80874800 -10.63068000 / -0.16822750 0.30120490 0.93860270 / 194 30 2 255 / 0.15151980 0.01330570
				-36.63819000 1.80874800 -10.63068000 / -0.16822750 0.30120490 0.93860270 / 194 30 2 255 / 0.15151980 0.01330570
				-36.48359000 1.53736200 -11.43339000 / 0.18386360 -0.31490690 -0.93114320 / 112 7 0 255 / 0.30163580 0.18142700
				-36.48359000 1.53736200 -11.43339000 / 0.18386360 -0.31490690 -0.93114320 / 112 7 0 255 / 0.30163580 0.18142700
				-36.48359000 1.53736200 -11.43339000 / 0.18386360 -0.31490690 -0.93114320 / 112 7 0 255 / 0.30163580 0.18142700
				-34.50006000 -2.24811500 -9.52768700 / -0.86825490 -0.49611840 0.00009540 / 220 95 255 255 / 0.81637570 0.06208800
				-36.77071000 1.73483400 -10.63065000 / -0.16822730 0.30209870 0.93831550 / 187 35 2 255 / 0.17773440 0.04473880
				-36.77071000 1.73483400 -10.63065000 / -0.16822730 0.30209870 0.93831550 / 187 35 2 255 / 0.17773440 0.04473880
				-36.77071000 1.73483400 -10.63065000 / -0.16822730 0.30209870 0.93831550 / 187 35 2 255 / 0.17773440 0.04473880
				-36.61572000 1.46312000 -11.43437000 / 0.18309850 -0.31397350 -0.93160910 / 113 7 0 255 / 0.27252200 0.15049740
				-36.61572000 1.46312000 -11.43437000 / 0.18309850 -0.31397350 -0.93160910 / 113 7 0 255 / 0.27252200 0.15049740
				-36.61572000 1.46312000 -11.43437000 / 0.18309850 -0.31397350 -0.93160910 / 113 7 0 255 / 0.27252200 0.15049740
				-37.99658000 4.19052900 -9.51546500 / -0.30632760 0.56072640 -0.76925240 / 99 23 255 255 / 0.85617070 0.02264400
				-37.99658000 4.19052900 -9.51546500 / -0.30632760 0.56072640 -0.76925240 / 99 23 255 255 / 0.85617070 0.02264400
				-35.59236000 -0.33157340 -9.31475800 / -0.46578440 0.86184780 0.20065730 / 172 69 255 255 / 0.74427800 0.00256350
				-36.68554000 1.89182500 -10.67951000 / -0.27426450 0.49158520 0.82651250 / 179 38 0 255 / 0.10842900 0.02331540
				-36.68554000 1.89182500 -10.67951000 / -0.27426450 0.49158520 0.82651250 / 179 38 0 255 / 0.10842900 0.02331540
				-36.68554000 1.89182500 -10.67951000 / -0.27426450 0.49158520 0.82651250 / 179 38 0 255 / 0.10842900 0.02331540
				-36.53704000 1.63137300 -11.46172000 / 0.08125110 -0.13219990 -0.98788740 / 114 6 0 255 / 0.25402830 0.18728640
				-36.53704000 1.63137300 -11.46172000 / 0.08125110 -0.13219990 -0.98788740 / 114 6 0 255 / 0.25402830 0.18728640
				-36.53704000 1.63137300 -11.46172000 / 0.08125110 -0.13219990 -0.98788740 / 114 6 0 255 / 0.25402830 0.18728640
				-36.81805000 1.81789100 -10.67950000 / -0.27504930 0.49263760 0.82562460 / 170 43 0 255 / 0.14955140 0.05122380
				-36.81805000 1.81789100 -10.67950000 / -0.27504930 0.49263760 0.82562460 / 170 43 0 255 / 0.14955140 0.05122380
				-36.81805000 1.81789100 -10.67950000 / -0.27504930 0.49263760 0.82562460 / 170 43 0 255 / 0.14955140 0.05122380
				-36.66953000 1.55743300 -11.46269000 / 0.08010600 -0.13081600 -0.98816500 / 115 6 0 255 / 0.24032590 0.15419010
				-36.66953000 1.55743300 -11.46269000 / 0.08010600 -0.13081600 -0.98816500 / 115 6 0 255 / 0.24032590 0.15419010
				-36.66953000 1.55743300 -11.46269000 / 0.08010600 -0.13081600 -0.98816500 / 115 6 0 255 / 0.24032590 0.15419010
				-36.72556000 1.96163200 -10.75079000 / -0.36239420 0.64952000 0.66842660 / 160 44 0 255 / 0.07130430 0.03762820
				-36.72556000 1.96163200 -10.75079000 / -0.36239420 0.64952000 0.66842660 / 160 44 0 255 / 0.07130430 0.03762820
				-36.72556000 1.96163200 -10.75079000 / -0.36239420 0.64952000 0.66842660 / 160 44 0 255 / 0.07130430 0.03762820
				-36.59523000 1.73259400 -11.46806000 / -0.01106310 0.03273640 -0.99940280 / 115 6 0 255 / 0.20361330 0.18853760
				-36.59523000 1.73259400 -11.46806000 / -0.01106310 0.03273640 -0.99940280 / 115 6 0 255 / 0.20361330 0.18853760
				-36.59523000 1.73259400 -11.46806000 / -0.01106310 0.03273640 -0.99940280 / 115 6 0 255 / 0.20361330 0.18853760
				-34.52920000 -2.19714500 -9.77474200 / -0.86856430 -0.49557660 -0.00019070 / 219 96 220 255 / 0.79830940 0.11296080
				-34.52920000 -2.19714500 -9.77474200 / -0.86856430 -0.49557660 -0.00019070 / 219 96 220 255 / 0.79830940 0.11296080
				-34.52920000 -2.19714500 -9.77474200 / -0.86856430 -0.49557660 -0.00019070 / 219 96 220 255 / 0.79830940 0.11296080
				-36.85807000 1.88770500 -10.75080000 / -0.36353990 0.65024960 0.66709380 / 151 50 0 255 / 0.12564090 0.06050110
				-36.85807000 1.88770500 -10.75080000 / -0.36353990 0.65024960 0.66709380 / 151 50 0 255 / 0.12564090 0.06050110
				-36.85807000 1.88770500 -10.75080000 / -0.36353990 0.65024960 0.66709380 / 151 50 0 255 / 0.12564090 0.06050110
				-36.72738000 1.65835800 -11.46903000 / -0.01144430 0.03336740 -0.99937760 / 115 6 0 255 / 0.20571900 0.15480040
				-36.72738000 1.65835800 -11.46903000 / -0.01144430 0.03336740 -0.99937760 / 115 6 0 255 / 0.20571900 0.15480040
				-36.72738000 1.65835800 -11.46903000 / -0.01144430 0.03336740 -0.99937760 / 115 6 0 255 / 0.20571900 0.15480040
				-36.75635000 2.01591200 -10.83868000 / -0.42876720 0.76643570 0.47826240 / 142 52 0 255 / 0.04252620 0.05552670
				-36.75635000 2.01591200 -10.83868000 / -0.42876720 0.76643570 0.47826240 / 142 52 0 255 / 0.04252620 0.05552670
				-36.75635000 2.01591200 -10.83868000 / -0.42876720 0.76643570 0.47826240 / 142 52 0 255 / 0.04252620 0.05552670
				-36.64583000 1.82163000 -11.45539000 / -0.10299420 0.19683340 -0.97501220 / 115 8 0 255 / 0.15754700 0.18539430
				-36.64583000 1.82163000 -11.45539000 / -0.10299420 0.19683340 -0.97501220 / 115 8 0 255 / 0.15754700 0.18539430
				-36.64583000 1.82163000 -11.45539000 / -0.10299420 0.19683340 -0.97501220 / 115 8 0 255 / 0.15754700 0.18539430
				-35.45867000 -0.25928800 -9.31477400 / -0.46578440 0.86184780 0.20065730 / 172 67 255 255 / 0.74427800 0.02264400
				-35.45867000 -0.25928800 -9.31477400 / -0.46578440 0.86184780 0.20065730 / 172 67 255 255 / 0.74427800 0.02264400
				-36.88885000 1.94199000 -10.83917000 / -0.42916400 0.76697560 0.47703960 / 137 58 0 255 / 0.10723880 0.07203670
				-36.88885000 1.94199000 -10.83917000 / -0.42916400 0.76697560 0.47703960 / 137 58 0 255 / 0.10723880 0.07203670
				-36.88885000 1.94199000 -10.83917000 / -0.42916400 0.76697560 0.47703960 / 137 58 0 255 / 0.10723880 0.07203670
				-36.77833000 1.74771600 -11.45635000 / -0.10299940 0.19753470 -0.97486990 / 115 11 0 255 / 0.17546080 0.15269470
				-36.77833000 1.74771600 -11.45635000 / -0.10299940 0.19753470 -0.97486990 / 115 11 0 255 / 0.17546080 0.15269470
				-36.77833000 1.74771600 -11.45635000 / -0.10299940 0.19753470 -0.97486990 / 115 11 0 255 / 0.17546080 0.15269470
				-36.77693000 2.05129100 -10.94122000 / -0.47034800 0.84213470 0.26378400 / 133 60 0 255 / 0.02366640 0.07626340
				-36.77693000 2.05129100 -10.94122000 / -0.47034800 0.84213470 0.26378400 / 133 60 0 255 / 0.02366640 0.07626340
				-36.77693000 2.05129100 -10.94122000 / -0.47034800 0.84213470 0.26378400 / 133 60 0 255 / 0.02366640 0.07626340
				-36.77693000 2.05129100 -10.94122000 / -0.47034800 0.84213470 0.26378400 / 133 60 0 255 / 0.02366640 0.07626340
				-36.68875000 1.89709400 -11.42609000 / -0.20638020 0.38168190 -0.90095850 / 116 16 0 255 / 0.11695860 0.17851260
				-36.68875000 1.89709400 -11.42609000 / -0.20638020 0.38168190 -0.90095850 / 116 16 0 255 / 0.11695860 0.17851260
				-36.68875000 1.89709400 -11.42609000 / -0.20638020 0.38168190 -0.90095850 / 116 16 0 255 / 0.11695860 0.17851260
				-36.90911000 1.97774300 -10.94172000 / -0.46996830 0.84267420 0.26273590 / 132 64 0 255 / 0.09523010 0.08546450
				-36.90911000 1.97774300 -10.94172000 / -0.46996830 0.84267420 0.26273590 / 132 64 0 255 / 0.09523010 0.08546450
				-34.45963000 -2.31893100 -10.08431000 / -0.86867710 -0.49537860 -0.00038150 / 218 96 143 255 / 0.83103940 0.17582700
				-34.45963000 -2.31893100 -10.08431000 / -0.86867710 -0.49537860 -0.00038150 / 218 96 143 255 / 0.83103940 0.17582700
				-34.45963000 -2.31893100 -10.08431000 / -0.86867710 -0.49537860 -0.00038150 / 218 96 143 255 / 0.83103940 0.17582700
				-34.45963000 -2.31893100 -10.08431000 / -0.86867710 -0.49537860 -0.00038150 / 218 96 143 255 / 0.83103940 0.17582700
				-34.45963000 -2.31893100 -10.08431000 / -0.86867710 -0.49537860 -0.00038150 / 218 96 143 255 / 0.83103940 0.17582700
				-36.82126000 1.82316700 -11.42705000 / -0.20676200 0.38214730 -0.90067360 / 117 21 0 255 / 0.15020750 0.14843750
				-36.82126000 1.82316700 -11.42705000 / -0.20676200 0.38214730 -0.90067360 / 117 21 0 255 / 0.15020750 0.14843750
				-36.82126000 1.82316700 -11.42705000 / -0.20676200 0.38214730 -0.90067360 / 117 21 0 255 / 0.15020750 0.14843750
				-36.91836000 1.99325700 -11.05989000 / -0.48637660 0.87204470 0.05455050 / 131 62 0 255 / 0.09022520 0.10095210
				-36.91836000 1.99325700 -11.05989000 / -0.48637660 0.87204470 0.05455050 / 131 62 0 255 / 0.09022520 0.10095210
				-36.91836000 1.99325700 -11.05989000 / -0.48637660 0.87204470 0.05455050 / 131 62 0 255 / 0.09022520 0.10095210
				-36.72395000 1.95898800 -11.38018000 / -0.31165820 0.56882640 -0.76112130 / 119 26 0 255 / 0.08226010 0.16822810
				-36.72395000 1.95898800 -11.38018000 / -0.31165820 0.56882640 -0.76112130 / 119 26 0 255 / 0.08226010 0.16822810
				-36.72395000 1.95898800 -11.38018000 / -0.31165820 0.56882640 -0.76112130 / 119 26 0 255 / 0.08226010 0.16822810
				-36.78586000 2.06719200 -11.05938000 / -0.48598920 0.87229620 0.05397760 / 130 60 0 255 / 0.01573180 0.09953310
				-36.78586000 2.06719200 -11.05938000 / -0.48598920 0.87229620 0.05397760 / 130 60 0 255 / 0.01573180 0.09953310
				-36.78586000 2.06719200 -11.05938000 / -0.48598920 0.87229620 0.05397760 / 130 60 0 255 / 0.01573180 0.09953310
				-36.85646000 1.88505900 -11.38118000 / -0.31166690 0.56917600 -0.76085640 / 121 32 0 255 / 0.12963870 0.14230350
				-36.85646000 1.88505900 -11.38118000 / -0.31166690 0.56917600 -0.76085640 / 121 32 0 255 / 0.12963870 0.14230350
				-36.85646000 1.88505900 -11.38118000 / -0.31166690 0.56917600 -0.76085640 / 121 32 0 255 / 0.12963870 0.14230350
				-35.53674000 -0.12262510 -10.08283000 / -0.46614830 0.86165280 0.20064970 / 171 66 142 255 / 0.58364870 0.02264400
				-36.91631000 1.98963000 -11.15803000 / -0.47875080 0.86364680 -0.15783520 / 130 60 0 255 / 0.09260560 0.11378480
				-36.91631000 1.98963000 -11.15803000 / -0.47875080 0.86364680 -0.15783520 / 130 60 0 255 / 0.09260560 0.11378480
				-36.91631000 1.98963000 -11.15803000 / -0.47875080 0.86364680 -0.15783520 / 130 60 0 255 / 0.09260560 0.11378480
				-36.75186000 2.00762800 -11.31769000 / -0.39559420 0.71708600 -0.57384050 / 124 37 0 255 / 0.05378720 0.15475460
				-36.75186000 2.00762800 -11.31769000 / -0.39559420 0.71708600 -0.57384050 / 124 37 0 255 / 0.05378720 0.15475460
				-36.75186000 2.00762800 -11.31769000 / -0.39559420 0.71708600 -0.57384050 / 124 37 0 255 / 0.05378720 0.15475460
				-36.78342000 2.06323200 -11.15752000 / -0.47835710 0.86370830 -0.15868940 / 129 57 0 255 / 0.01939390 0.12014770
				-36.78342000 2.06323200 -11.15752000 / -0.47835710 0.86370830 -0.15868940 / 129 57 0 255 / 0.01939390 0.12014770
				-36.78342000 2.06323200 -11.15752000 / -0.47835710 0.86370830 -0.15868940 / 129 57 0 255 / 0.01939390 0.12014770
				-36.88436000 1.93370500 -11.31868000 / -0.39521280 0.71699080 -0.57422210 / 125 45 0 255 / 0.11309810 0.13433840
				-36.88436000 1.93370500 -11.31868000 / -0.39521280 0.71699080 -0.57422210 / 125 45 0 255 / 0.11309810 0.13433840
				-36.88436000 1.93370500 -11.31868000 / -0.39521280 0.71699080 -0.57422210 / 125 45 0 255 / 0.11309810 0.13433840
				-34.54095000 -2.17628600 -9.85971000 / -0.86942710 -0.49405990 -0.00104910 / 218 96 199 255 / 0.78900140 0.13238530
				-34.54095000 -2.17628600 -9.85971000 / -0.86942710 -0.49405990 -0.00104910 / 218 96 199 255 / 0.78900140 0.13238530
				-36.90425000 1.96913400 -11.24299000 / -0.44860760 0.81200460 -0.37336280 / 128 55 0 255 / 0.10049440 0.12469480
				-36.90425000 1.96913400 -11.24299000 / -0.44860760 0.81200460 -0.37336280 / 128 55 0 255 / 0.10049440 0.12469480
				-36.90425000 1.96913400 -11.24299000 / -0.44860760 0.81200460 -0.37336280 / 128 55 0 255 / 0.10049440 0.12469480
				-36.77205000 2.04268300 -11.24200000 / -0.44937790 0.81223240 -0.37193840 / 127 48 0 255 / 0.03237920 0.13847350
				-36.77205000 2.04268300 -11.24200000 / -0.44937790 0.81223240 -0.37193840 / 127 48 0 255 / 0.03237920 0.13847350
				-36.77205000 2.04268300 -11.24200000 / -0.44937790 0.81223240 -0.37193840 / 127 48 0 255 / 0.03237920 0.13847350
				-34.65475000 -1.97603200 -10.81866000 / 0.46539180 -0.82517640 0.32014760 / 148 15 0 255 / 0.25047300 0.00160220
				-34.65475000 -1.97603200 -10.81866000 / 0.46539180 -0.82517640 0.32014760 / 148 15 0 255 / 0.25047300 0.00160220
				-34.65475000 -1.97603200 -10.81866000 / 0.46539180 -0.82517640 0.32014760 / 148 15 0 255 / 0.25047300 0.00160220
				-34.65475000 -1.97603200 -10.81866000 / 0.46539180 -0.82517640 0.32014760 / 148 15 0 255 / 0.25047300 0.00160220
				-34.52299000 -1.90148200 -10.81818000 / 0.46502410 -0.82441390 0.32263670 / 148 15 0 255 / 0.25047300 0.02276610
				-34.52299000 -1.90148200 -10.81818000 / 0.46502410 -0.82441390 0.32263670 / 148 15 0 255 / 0.25047300 0.02276610
				-34.54077000 -1.87037500 -10.74396000 / 0.40587760 -0.71824890 0.56513880 / 159 14 0 255 / 0.23359680 0.02276610
				-34.54077000 -1.87037500 -10.74396000 / 0.40587760 -0.71824890 0.56513880 / 159 14 0 255 / 0.23359680 0.02276610
				-34.54077000 -1.87037500 -10.74396000 / 0.40587760 -0.71824890 0.56513880 / 159 14 0 255 / 0.23359680 0.02276610
				-34.51405000 -1.91737900 -10.90510000 / 0.48750920 -0.86586050 0.11234070 / 137 16 0 255 / 0.26391600 0.02276610
				-34.51405000 -1.91737900 -10.90510000 / 0.48750920 -0.86586050 0.11234070 / 137 16 0 255 / 0.26391600 0.02276610
				-34.51405000 -1.91737900 -10.90510000 / 0.48750920 -0.86586050 0.11234070 / 137 16 0 255 / 0.26391600 0.02276610
				-35.38024000 -0.70425670 -9.60233300 / -0.40778500 0.73992090 -0.53500320 / 114 47 255 255 / 0.61952210 0.00160220
				-35.38024000 -0.70425670 -9.60233300 / -0.40778500 0.73992090 -0.53500320 / 114 47 255 255 / 0.61952210 0.00160220
				-34.67254000 -1.94492900 -10.74396000 / 0.40436000 -0.71766750 0.56696240 / 167 13 0 255 / 0.23359680 0.00160220
				-34.67254000 -1.94492900 -10.74396000 / 0.40436000 -0.71766750 0.56696240 / 167 13 0 255 / 0.23359680 0.00160220
				-34.67254000 -1.94492900 -10.74396000 / 0.40436000 -0.71766750 0.56696240 / 167 13 0 255 / 0.23359680 0.00160220
				-34.64619000 -1.99161300 -10.90510000 / 0.48789440 -0.86556900 0.11291380 / 130 17 0 255 / 0.26391600 0.00160220
				-34.64619000 -1.99161300 -10.90510000 / 0.48789440 -0.86556900 0.11291380 / 130 17 0 255 / 0.26391600 0.00160220
				-34.64619000 -1.99161300 -10.90510000 / 0.48789440 -0.86556900 0.11291380 / 130 17 0 255 / 0.26391600 0.00160220
				-34.56872000 -1.82106300 -10.68341000 / 0.30478970 -0.54312130 0.78238270 / 175 12 0 255 / 0.21269230 0.02276610
				-34.56872000 -1.82106300 -10.68341000 / 0.30478970 -0.54312130 0.78238270 / 175 12 0 255 / 0.21269230 0.02276610
				-34.56872000 -1.82106300 -10.68341000 / 0.30478970 -0.54312130 0.78238270 / 175 12 0 255 / 0.21269230 0.02276610
				-34.56608000 -2.13192600 -9.92319500 / -0.86975620 -0.49348170 0.00019070 / 218 96 183 255 / 0.76753240 0.14706420
				-34.56608000 -2.13192600 -9.92319500 / -0.86975620 -0.49348170 0.00019070 / 218 96 183 255 / 0.76753240 0.14706420
				-34.56608000 -2.13192600 -9.92319500 / -0.86975620 -0.49348170 0.00019070 / 218 96 183 255 / 0.76753240 0.14706420
				-34.56608000 -2.13192600 -9.92319500 / -0.86975620 -0.49348170 0.00019070 / 218 96 183 255 / 0.76753240 0.14706420
				-34.51288000 -1.91900900 -11.00616000 / 0.49134200 -0.86859860 -0.06418350 / 123 16 0 255 / 0.27490230 0.02276610
				-34.51288000 -1.91900900 -11.00616000 / 0.49134200 -0.86859860 -0.06418350 / 123 16 0 255 / 0.27490230 0.02276610
				-34.51288000 -1.91900900 -11.00616000 / 0.49134200 -0.86859860 -0.06418350 / 123 16 0 255 / 0.27490230 0.02276610
				-34.70123000 -1.89497600 -10.68340000 / 0.30250730 -0.54134450 0.78449700 / 181 10 0 255 / 0.21269230 0.00160220
				-34.70123000 -1.89497600 -10.68340000 / 0.30250730 -0.54134450 0.78449700 / 181 10 0 255 / 0.21269230 0.00160220
				-34.70123000 -1.89497600 -10.68340000 / 0.30250730 -0.54134450 0.78449700 / 181 10 0 255 / 0.21269230 0.00160220
				-34.64495000 -1.99394800 -11.00666000 / 0.49285750 -0.86786500 -0.06246550 / 117 17 0 255 / 0.27490230 0.00160220
				-34.64495000 -1.99394800 -11.00666000 / 0.49285750 -0.86786500 -0.06246550 / 117 17 0 255 / 0.27490230 0.00160220
				-34.64495000 -1.99394800 -11.00666000 / 0.49285750 -0.86786500 -0.06246550 / 117 17 0 255 / 0.27490230 0.00160220
				-34.60671000 -1.75488300 -10.63897000 / 0.19606890 -0.35007020 0.91597370 / 186 9 0 255 / 0.18843080 0.02276610
				-34.60671000 -1.75488300 -10.63897000 / 0.19606890 -0.35007020 0.91597370 / 186 9 0 255 / 0.18843080 0.02276610
				-34.60671000 -1.75488300 -10.63897000 / 0.19606890 -0.35007020 0.91597370 / 186 9 0 255 / 0.18843080 0.02276610
				-34.52137000 -1.90412200 -11.11896000 / 0.47760760 -0.83913930 -0.26026180 / 113 16 0 255 / 0.28198240 0.02276610
				-34.52137000 -1.90412200 -11.11896000 / 0.47760760 -0.83913930 -0.26026180 / 113 16 0 255 / 0.28198240 0.02276610
				-34.52137000 -1.90412200 -11.11896000 / 0.47760760 -0.83913930 -0.26026180 / 113 16 0 255 / 0.28198240 0.02276610
				-34.73884000 -1.82912400 -10.63898000 / 0.19646590 -0.34990720 0.91595090 / 190 8 0 255 / 0.18843080 0.00160220
				-34.73884000 -1.82912400 -10.63898000 / 0.19646590 -0.34990720 0.91595090 / 190 8 0 255 / 0.18843080 0.00160220
				-34.73884000 -1.82912400 -10.63898000 / 0.19646590 -0.34990720 0.91595090 / 190 8 0 255 / 0.18843080 0.00160220
				-34.65345000 -1.97904500 -11.11993000 / 0.47646200 -0.83907770 -0.26255010 / 110 15 0 255 / 0.28198240 0.00160220
				-34.65345000 -1.97904500 -11.11993000 / 0.47646200 -0.83907770 -0.26255010 / 110 15 0 255 / 0.28198240 0.00160220
				-34.65345000 -1.97904500 -11.11993000 / 0.47646200 -0.83907770 -0.26255010 / 110 15 0 255 / 0.28198240 0.00160220
				-35.40252000 -0.66485710 -9.53055600 / -0.40930370 0.74025950 -0.53337260 / 114 49 255 255 / 0.64299010 0.00160220
				-34.65165000 -1.67577500 -10.61116000 / 0.10108670 -0.18008460 0.97844320 / 192 8 7 255 / 0.16201780 0.02276610
				-34.65165000 -1.67577500 -10.61116000 / 0.10108670 -0.18008460 0.97844320 / 192 8 7 255 / 0.16201780 0.02276610
				-34.65165000 -1.67577500 -10.61116000 / 0.10108670 -0.18008460 0.97844320 / 192 8 7 255 / 0.16201780 0.02276610
				-34.54120000 -1.86938000 -11.22003000 / 0.43409730 -0.76361590 -0.47796480 / 109 13 0 255 / 0.28184510 0.02276610
				-34.54120000 -1.86938000 -11.22003000 / 0.43409730 -0.76361590 -0.47796480 / 109 13 0 255 / 0.28184510 0.02276610
				-34.54120000 -1.86938000 -11.22003000 / 0.43409730 -0.76361590 -0.47796480 / 109 13 0 255 / 0.28184510 0.02276610
				-36.06657000 0.49973350 -11.17412000 / -0.48560900 0.87026610 -0.08258790 / 129 61 0 255 / 0.14198300 0.02192690
				-34.54743000 -2.16504200 -10.00327000 / -0.86903670 -0.49474630 0.00114450 / 218 96 163 255 / 0.77735900 0.16146850
				-34.54743000 -2.16504200 -10.00327000 / -0.86903670 -0.49474630 0.00114450 / 218 96 163 255 / 0.77735900 0.16146850
				-34.54743000 -2.16504200 -10.00327000 / -0.86903670 -0.49474630 0.00114450 / 218 96 163 255 / 0.77735900 0.16146850
				-34.78380000 -1.75001800 -10.61114000 / 0.10108570 -0.17961790 0.97852910 / 194 8 7 255 / 0.16201780 0.00160220
				-34.78380000 -1.75001800 -10.61114000 / 0.10108570 -0.17961790 0.97852910 / 194 8 7 255 / 0.16201780 0.00160220
				-34.78380000 -1.75001800 -10.61114000 / 0.10108570 -0.17961790 0.97852910 / 194 8 7 255 / 0.16201780 0.00160220
				-34.67334000 -1.94361100 -11.22101000 / 0.43220640 -0.76306080 -0.48055790 / 108 12 0 255 / 0.28184510 0.00160220
				-34.67334000 -1.94361100 -11.22101000 / 0.43220640 -0.76306080 -0.48055790 / 108 12 0 255 / 0.28184510 0.00160220
				-34.67334000 -1.94361100 -11.22101000 / 0.43220640 -0.76306080 -0.48055790 / 108 12 0 255 / 0.28184510 0.00160220
				-34.70190000 -1.58706600 -10.59897000 / 0.01869270 -0.03253340 0.99929570 / 194 10 10 255 / 0.13430790 0.02276610
				-34.70190000 -1.58706600 -10.59897000 / 0.01869270 -0.03253340 0.99929570 / 194 10 10 255 / 0.13430790 0.02276610
				-34.70190000 -1.58706600 -10.59897000 / 0.01869270 -0.03253340 0.99929570 / 194 10 10 255 / 0.13430790 0.02276610
				-34.57272000 -1.81445600 -11.30890000 / 0.36773380 -0.64582290 -0.66909240 / 108 11 0 255 / 0.27450560 0.02276610
				-34.57272000 -1.81445600 -11.30890000 / 0.36773380 -0.64582290 -0.66909240 / 108 11 0 255 / 0.27450560 0.02276610
				-34.57272000 -1.81445600 -11.30890000 / 0.36773380 -0.64582290 -0.66909240 / 108 11 0 255 / 0.27450560 0.02276610
				-34.83441000 -1.66098100 -10.59893000 / 0.01792880 -0.03155430 0.99934120 / 194 13 10 255 / 0.13430790 0.00160220
				-34.83441000 -1.66098100 -10.59893000 / 0.01792880 -0.03155430 0.99934120 / 194 13 10 255 / 0.13430790 0.00160220
				-34.83441000 -1.66098100 -10.59893000 / 0.01792880 -0.03155430 0.99934120 / 194 13 10 255 / 0.13430790 0.00160220
				-34.70486000 -1.88869600 -11.30987000 / 0.36735490 -0.64494530 -0.67014610 / 108 10 0 255 / 0.27450560 0.00160220
				-34.70486000 -1.88869600 -11.30987000 / 0.36735490 -0.64494530 -0.67014610 / 108 10 0 255 / 0.27450560 0.00160220
				-34.70486000 -1.88869600 -11.30987000 / 0.36735490 -0.64494530 -0.67014610 / 108 10 0 255 / 0.27450560 0.00160220
				-34.76132000 -1.48350100 -10.60434000 / -0.06790480 0.12088380 0.99034140 / 194 18 8 255 / 0.10398860 0.02276610
				-34.76132000 -1.48350100 -10.60434000 / -0.06790480 0.12088380 0.99034140 / 194 18 8 255 / 0.10398860 0.02276610
				-34.76132000 -1.48350100 -10.60434000 / -0.06790480 0.12088380 0.99034140 / 194 18 8 255 / 0.10398860 0.02276610
				-34.61398000 -1.74232500 -11.38214000 / 0.28381340 -0.49440840 -0.82159010 / 108 9 0 255 / 0.26046750 0.02276610
				-34.61398000 -1.74232500 -11.38214000 / 0.28381340 -0.49440840 -0.82159010 / 108 9 0 255 / 0.26046750 0.02276610
				-34.61398000 -1.74232500 -11.38214000 / 0.28381340 -0.49440840 -0.82159010 / 108 9 0 255 / 0.26046750 0.02276610
				-35.27000000 -0.59092760 -9.52960200 / -0.40625770 0.73951900 -0.53671800 / 114 47 255 255 / 0.64299010 0.02264400
				-35.27000000 -0.59092760 -9.52960200 / -0.40625770 0.73951900 -0.53671800 / 114 47 255 255 / 0.64299010 0.02264400
				-34.89345000 -1.55773700 -10.60433000 / -0.06789980 0.12148290 0.99026840 / 193 23 8 255 / 0.10398860 0.00160220
				-34.89345000 -1.55773700 -10.60433000 / -0.06789980 0.12148290 0.99026840 / 193 23 8 255 / 0.10398860 0.00160220
				-34.89345000 -1.55773700 -10.60433000 / -0.06789980 0.12148290 0.99026840 / 193 23 8 255 / 0.10398860 0.00160220
				-34.55555000 -2.15046300 -10.08432000 / -0.86899490 -0.49481780 -0.00181200 / 218 96 143 255 / 0.78085330 0.17605590
				-34.74612000 -1.81656000 -11.38313000 / 0.28342890 -0.49353300 -0.82224890 / 108 8 0 255 / 0.26046750 0.00160220
				-34.74612000 -1.81656000 -11.38313000 / 0.28342890 -0.49353300 -0.82224890 / 108 8 0 255 / 0.26046750 0.00160220
				-34.74612000 -1.81656000 -11.38313000 / 0.28342890 -0.49353300 -0.82224890 / 108 8 0 255 / 0.26046750 0.00160220
				-34.81598000 -1.38718300 -10.63070000 / -0.16823110 0.30114000 0.93862300 / 193 29 2 255 / 0.07797240 0.02276610
				-34.81598000 -1.38718300 -10.63070000 / -0.16823110 0.30114000 0.93862300 / 193 29 2 255 / 0.07797240 0.02276610
				-34.81598000 -1.38718300 -10.63070000 / -0.16823110 0.30114000 0.93862300 / 193 29 2 255 / 0.07797240 0.02276610
				-34.66140000 -1.65855200 -11.43343000 / 0.18386020 -0.31496060 -0.93112580 / 108 7 0 255 / 0.24081420 0.02276610
				-34.66140000 -1.65855200 -11.43343000 / 0.18386020 -0.31496060 -0.93112580 / 108 7 0 255 / 0.24081420 0.02276610
				-34.66140000 -1.65855200 -11.43343000 / 0.18386020 -0.31496060 -0.93112580 / 108 7 0 255 / 0.24081420 0.02276610
				-34.94850000 -1.46109600 -10.63069000 / -0.16823100 0.30203370 0.93833580 / 192 35 2 255 / 0.07797240 0.00160220
				-34.94850000 -1.46109600 -10.63069000 / -0.16823100 0.30203370 0.93833580 / 192 35 2 255 / 0.07797240 0.00160220
				-34.94850000 -1.46109600 -10.63069000 / -0.16823100 0.30203370 0.93833580 / 192 35 2 255 / 0.07797240 0.00160220
				-34.79351000 -1.73279500 -11.43439000 / 0.18311210 -0.31404430 -0.93158260 / 108 6 0 255 / 0.24081420 0.00160220
				-34.79351000 -1.73279500 -11.43439000 / 0.18311210 -0.31404430 -0.93158260 / 108 6 0 255 / 0.24081420 0.00160220
				-34.79351000 -1.73279500 -11.43439000 / 0.18311210 -0.31404430 -0.93158260 / 108 6 0 255 / 0.24081420 0.00160220
				-34.86333000 -1.30411200 -10.67953000 / -0.27426770 0.49156710 0.82652220 / 191 40 0 255 / 0.05812070 0.02276610
				-34.86333000 -1.30411200 -10.67953000 / -0.27426770 0.49156710 0.82652220 / 191 40 0 255 / 0.05812070 0.02276610
				-34.86333000 -1.30411200 -10.67953000 / -0.27426770 0.49156710 0.82652220 / 191 40 0 255 / 0.05812070 0.02276610
				-34.71483000 -1.56456300 -11.46175000 / 0.08125070 -0.13223510 -0.98788270 / 109 5 0 255 / 0.21565250 0.02276610
				-34.71483000 -1.56456300 -11.46175000 / 0.08125070 -0.13223510 -0.98788270 / 109 5 0 255 / 0.21565250 0.02276610
				-34.71483000 -1.56456300 -11.46175000 / 0.08125070 -0.13223510 -0.98788270 / 109 5 0 255 / 0.21565250 0.02276610
				-34.99583000 -1.37803200 -10.67952000 / -0.27884800 0.49393240 0.82357430 / 189 45 0 255 / 0.05812070 0.00160220
				-34.99583000 -1.37803200 -10.67952000 / -0.27884800 0.49393240 0.82357430 / 189 45 0 255 / 0.05812070 0.00160220
				-34.99583000 -1.37803200 -10.67952000 / -0.27884800 0.49393240 0.82357430 / 189 45 0 255 / 0.05812070 0.00160220
				-34.84733000 -1.63848700 -11.46271000 / 0.08049170 -0.13090630 -0.98812180 / 109 5 0 255 / 0.21565250 0.00160220
				-34.84733000 -1.63848700 -11.46271000 / 0.08049170 -0.13090630 -0.98812180 / 109 5 0 255 / 0.21565250 0.00160220
				-34.84733000 -1.63848700 -11.46271000 / 0.08049170 -0.13090630 -0.98812180 / 109 5 0 255 / 0.21565250 0.00160220
				-35.24694000 -0.63165260 -9.60285200 / -0.40473840 0.73916740 -0.53834790 / 114 45 255 255 / 0.61952210 0.02264400
				-34.57175000 -2.12200800 -10.04379000 / -0.86984780 -0.49331920 0.00095380 / 218 96 153 255 / 0.75711060 0.16799930
				-34.57175000 -2.12200800 -10.04379000 / -0.86984780 -0.49331920 0.00095380 / 218 96 153 255 / 0.75711060 0.16799930
				-34.57175000 -2.12200800 -10.04379000 / -0.86984780 -0.49331920 0.00095380 / 218 96 153 255 / 0.75711060 0.16799930
				-34.90336000 -1.23429500 -10.75082000 / -0.36964340 0.64778180 0.66614000 / 186 48 0 255 / 0.04455570 0.02276610
				-34.90336000 -1.23429500 -10.75082000 / -0.36964340 0.64778180 0.66614000 / 186 48 0 255 / 0.04455570 0.02276610
				-34.90336000 -1.23429500 -10.75082000 / -0.36964340 0.64778180 0.66614000 / 186 48 0 255 / 0.04455570 0.02276610
				-34.77303000 -1.46333000 -11.46809000 / -0.01106310 0.03277210 -0.99940160 / 108 5 0 255 / 0.18605040 0.02276610
				-34.77303000 -1.46333000 -11.46809000 / -0.01106310 0.03277210 -0.99940160 / 108 5 0 255 / 0.18605040 0.02276610
				-34.77303000 -1.46333000 -11.46809000 / -0.01106310 0.03277210 -0.99940160 / 108 5 0 255 / 0.18605040 0.02276610
				-35.03467000 -1.30986000 -10.75082000 / -0.36963920 0.64759570 0.66632320 / 181 52 0 255 / 0.04455570 0.00160220
				-35.03467000 -1.30986000 -10.75082000 / -0.36963920 0.64759570 0.66632320 / 181 52 0 255 / 0.04455570 0.00160220
				-35.03467000 -1.30986000 -10.75082000 / -0.36963920 0.64759570 0.66632320 / 181 52 0 255 / 0.04455570 0.00160220
				-34.90515000 -1.53757200 -11.46908000 / -0.01106290 0.03336760 -0.99938180 / 108 6 0 255 / 0.18605040 0.00160220
				-34.90515000 -1.53757200 -11.46908000 / -0.01106290 0.03336760 -0.99938180 / 108 6 0 255 / 0.18605040 0.00160220
				-34.90515000 -1.53757200 -11.46908000 / -0.01106290 0.03336760 -0.99938180 / 108 6 0 255 / 0.18605040 0.00160220
				-34.93415000 -1.18001000 -10.83871000 / -0.43069310 0.76366720 0.48095330 / 172 51 0 255 / 0.03744510 0.02276610
				-34.93415000 -1.18001000 -10.83871000 / -0.43069310 0.76366720 0.48095330 / 172 51 0 255 / 0.03744510 0.02276610
				-34.93415000 -1.18001000 -10.83871000 / -0.43069310 0.76366720 0.48095330 / 172 51 0 255 / 0.03744510 0.02276610
				-34.82362000 -1.37429800 -11.45541000 / -0.10299330 0.19687930 -0.97500310 / 108 8 0 255 / 0.15818790 0.02276610
				-34.82362000 -1.37429800 -11.45541000 / -0.10299330 0.19687930 -0.97500310 / 108 8 0 255 / 0.15818790 0.02276610
				-34.82362000 -1.37429800 -11.45541000 / -0.10299330 0.19687930 -0.97500310 / 108 8 0 255 / 0.15818790 0.02276610
				-35.06666000 -1.25393100 -10.83918000 / -0.42761160 0.76373350 0.48359020 / 161 54 0 255 / 0.03744510 0.00160220
				-35.06666000 -1.25393100 -10.83918000 / -0.42761160 0.76373350 0.48359020 / 161 54 0 255 / 0.03744510 0.00160220
				-35.06666000 -1.25393100 -10.83918000 / -0.42761160 0.76373350 0.48359020 / 161 54 0 255 / 0.03744510 0.00160220
				-34.95613000 -1.44821700 -11.45638000 / -0.10299810 0.19759190 -0.97485840 / 107 11 0 255 / 0.15818790 0.00160220
				-34.95613000 -1.44821700 -11.45638000 / -0.10299810 0.19759190 -0.97485840 / 107 11 0 255 / 0.15818790 0.00160220
				-34.95613000 -1.44821700 -11.45638000 / -0.10299810 0.19759190 -0.97485840 / 107 11 0 255 / 0.15818790 0.00160220
				-34.95472000 -1.14462800 -10.94124000 / -0.47035040 0.84216280 0.26368990 / 143 50 0 255 / 0.03726200 0.02276610
				-34.95472000 -1.14462800 -10.94124000 / -0.47035040 0.84216280 0.26368990 / 143 50 0 255 / 0.03726200 0.02276610
				-34.95472000 -1.14462800 -10.94124000 / -0.47035040 0.84216280 0.26368990 / 143 50 0 255 / 0.03726200 0.02276610
				-34.95472000 -1.14462800 -10.94124000 / -0.47035040 0.84216280 0.26368990 / 143 50 0 255 / 0.03726200 0.02276610
				-34.86655000 -1.29883000 -11.42611000 / -0.20638120 0.38167170 -0.90096260 / 107 15 0 255 / 0.13269040 0.02276610
				-34.86655000 -1.29883000 -11.42611000 / -0.20638120 0.38167170 -0.90096260 / 107 15 0 255 / 0.13269040 0.02276610
				-34.86655000 -1.29883000 -11.42611000 / -0.20638120 0.38167170 -0.90096260 / 107 15 0 255 / 0.13269040 0.02276610
				-34.59323000 -2.08391700 -9.93049600 / -0.86859480 -0.49552250 -0.00066760 / 217 96 181 255 / 0.74499510 0.15036010
				-34.59323000 -2.08391700 -9.93049600 / -0.86859480 -0.49552250 -0.00066760 / 217 96 181 255 / 0.74499510 0.15036010
				-34.59323000 -2.08391700 -9.93049600 / -0.86859480 -0.49552250 -0.00066760 / 217 96 181 255 / 0.74499510 0.15036010
				-34.59323000 -2.08391700 -9.93049600 / -0.86859480 -0.49552250 -0.00066760 / 217 96 181 255 / 0.74499510 0.15036010
				-35.49278000 -0.50632130 -9.50076300 / 0.47989400 -0.85434030 -0.19951080 / 118 16 255 255 / 0.67385870 0.00160220
				-35.49278000 -0.50632130 -9.50076300 / 0.47989400 -0.85434030 -0.19951080 / 118 16 255 255 / 0.67385870 0.00160220
				-35.08691000 -1.21818300 -10.94171000 / -0.46996830 0.84267420 0.26273590 / 142 56 0 255 / 0.03726200 0.00160220
				-35.08691000 -1.21818300 -10.94171000 / -0.46996830 0.84267420 0.26273590 / 142 56 0 255 / 0.03726200 0.00160220
				-34.99905000 -1.37275300 -11.42708000 / -0.20675540 0.38221860 -0.90064490 / 108 20 0 255 / 0.13269040 0.00160220
				-34.99905000 -1.37275300 -11.42708000 / -0.20675540 0.38221860 -0.90064490 / 108 20 0 255 / 0.13269040 0.00160220
				-34.99905000 -1.37275300 -11.42708000 / -0.20675540 0.38221860 -0.90064490 / 108 20 0 255 / 0.13269040 0.00160220
				-35.09613000 -1.20265400 -11.05988000 / -0.48637540 0.87218560 0.05226150 / 126 50 0 255 / 0.04460140 0.00160220
				-35.09613000 -1.20265400 -11.05988000 / -0.48637540 0.87218560 0.05226150 / 126 50 0 255 / 0.04460140 0.00160220
				-35.09613000 -1.20265400 -11.05988000 / -0.48637540 0.87218560 0.05226150 / 126 50 0 255 / 0.04460140 0.00160220
				-34.90176000 -1.23693400 -11.38020000 / -0.31166820 0.56891610 -0.76105030 / 108 27 0 255 / 0.10957340 0.02276610
				-34.90176000 -1.23693400 -11.38020000 / -0.31166820 0.56891610 -0.76105030 / 108 27 0 255 / 0.10957340 0.02276610
				-34.90176000 -1.23693400 -11.38020000 / -0.31166820 0.56891610 -0.76105030 / 108 27 0 255 / 0.10957340 0.02276610
				-34.96365000 -1.12873000 -11.05941000 / -0.48675330 0.87192870 0.05302410 / 118 45 0 255 / 0.04460140 0.02276610
				-34.96365000 -1.12873000 -11.05941000 / -0.48675330 0.87192870 0.05302410 / 118 45 0 255 / 0.04460140 0.02276610
				-34.96365000 -1.12873000 -11.05941000 / -0.48675330 0.87192870 0.05302410 / 118 45 0 255 / 0.04460140 0.02276610
				-35.03426000 -1.31086500 -11.38118000 / -0.31204380 0.56923920 -0.76065450 / 109 33 0 255 / 0.10957340 0.00160220
				-35.03426000 -1.31086500 -11.38118000 / -0.31204380 0.56923920 -0.76065450 / 109 33 0 255 / 0.10957340 0.00160220
				-35.03426000 -1.31086500 -11.38118000 / -0.31204380 0.56923920 -0.76065450 / 109 33 0 255 / 0.10957340 0.00160220
				-35.09374000 -1.20662100 -11.15802000 / -0.48066150 0.86275870 -0.15688260 / 112 48 0 255 / 0.05578610 0.00160220
				-35.09374000 -1.20662100 -11.15802000 / -0.48066150 0.86275870 -0.15688260 / 112 48 0 255 / 0.05578610 0.00160220
				-35.09374000 -1.20662100 -11.15802000 / -0.48066150 0.86275870 -0.15688260 / 112 48 0 255 / 0.05578610 0.00160220
				-34.92964000 -1.18830100 -11.31771000 / -0.39557930 0.71703520 -0.57391430 / 110 37 0 255 / 0.08874510 0.02276610
				-34.92964000 -1.18830100 -11.31771000 / -0.39557930 0.71703520 -0.57391430 / 110 37 0 255 / 0.08874510 0.02276610
				-34.92964000 -1.18830100 -11.31771000 / -0.39557930 0.71703520 -0.57391430 / 110 37 0 255 / 0.08874510 0.02276610
				-34.96123000 -1.13269100 -11.15755000 / -0.48026130 0.86280860 -0.15783010 / 110 43 0 255 / 0.05578610 0.02276610
				-34.96123000 -1.13269100 -11.15755000 / -0.48026130 0.86280860 -0.15783010 / 110 43 0 255 / 0.05578610 0.02276610
				-34.96123000 -1.13269100 -11.15755000 / -0.48026130 0.86280860 -0.15783010 / 110 43 0 255 / 0.05578610 0.02276610
				-37.18200000 2.76183500 -10.08476000 / 0.47569040 -0.84399770 -0.24776340 / 135 16 141 255 / 0.50538640 0.02264400
				-37.18200000 2.76183500 -10.08476000 / 0.47569040 -0.84399770 -0.24776340 / 135 16 141 255 / 0.50538640 0.02264400
				-35.06217000 -1.26222300 -11.31867000 / -0.39521620 0.71698500 -0.57422700 / 110 42 0 255 / 0.08874510 0.00160220
				-35.06217000 -1.26222300 -11.31867000 / -0.39521620 0.71698500 -0.57422700 / 110 42 0 255 / 0.08874510 0.00160220
				-35.06217000 -1.26222300 -11.31867000 / -0.39521620 0.71698500 -0.57422700 / 110 42 0 255 / 0.08874510 0.00160220
				-35.53317000 -0.43619610 -9.89825400 / 0.47989640 -0.85433860 -0.19951180 / 118 23 189 255 / 0.59068300 0.00160220
				-35.08204000 -1.22679400 -11.24297000 / -0.44976640 0.81210200 -0.37175350 / 109 45 0 255 / 0.07052610 0.00160220
				-35.08204000 -1.22679400 -11.24297000 / -0.44976640 0.81210200 -0.37175350 / 109 45 0 255 / 0.07052610 0.00160220
				-35.08204000 -1.22679400 -11.24297000 / -0.44976640 0.81210200 -0.37175350 / 109 45 0 255 / 0.07052610 0.00160220
				-34.94984000 -1.15323600 -11.24203000 / -0.44938360 0.81218320 -0.37203850 / 110 42 0 255 / 0.07052610 0.02276610
				-34.94984000 -1.15323600 -11.24203000 / -0.44938360 0.81218320 -0.37203850 / 110 42 0 255 / 0.07052610 0.02276610
				-34.94984000 -1.15323600 -11.24203000 / -0.44938360 0.81218320 -0.37203850 / 110 42 0 255 / 0.07052610 0.02276610
				-35.40105000 -0.36194960 -9.89827700 / 0.47989520 -0.85433940 -0.19951130 / 118 16 189 255 / 0.59068300 0.02264400
				-35.40105000 -0.36194960 -9.89827700 / 0.47989520 -0.85433940 -0.19951130 / 118 16 189 255 / 0.59068300 0.02264400
				-37.97233000 4.14817200 -9.55600000 / -0.30632760 0.56072640 -0.76925240 / 99 21 255 255 / 0.84013370 0.02264400
				-35.36066000 -0.43208000 -9.50082400 / 0.47989270 -0.85434090 -0.19951020 / 118 9 255 255 / 0.67385870 0.02264400
				-34.72709000 -1.84998400 -9.30792300 / 0.44059970 -0.87413010 -0.20437340 / 137 15 255 255 / 0.51603700 0.00227360
				-34.72709000 -1.84998400 -9.30792300 / 0.44059970 -0.87413010 -0.20437340 / 137 15 255 255 / 0.51603700 0.00227360
				-34.80688000 -1.70929700 -10.08137000 / 0.44021470 -0.87430210 -0.20446710 / 137 15 142 255 / 0.35488890 0.00227360
				-34.67179000 -1.64140100 -10.08089000 / 0.44021470 -0.87430210 -0.20446710 / 137 15 142 255 / 0.35488890 0.02264400
				-34.67179000 -1.64140100 -10.08089000 / 0.44021470 -0.87430210 -0.20446710 / 137 15 142 255 / 0.35488890 0.02264400
				-34.61264000 -2.05017300 -10.08527000 / -0.86971440 -0.49355340 0.00143050 / 217 96 142 255 / 0.73126220 0.17610170
				-34.61264000 -2.05017300 -10.08527000 / -0.86971440 -0.49355340 0.00143050 / 217 96 142 255 / 0.73126220 0.17610170
				-34.59170000 -1.78171400 -9.30791500 / 0.44060420 -0.87412730 -0.20437550 / 137 15 255 255 / 0.51603700 0.02264400
				-34.69290000 -1.60363400 -9.30794500 / 0.00000000 0.00008340 1.00000000 / 255 11 255 255 / 0.54298400 0.02264400
				-34.69290000 -1.60363400 -9.30794500 / 0.00000000 0.00008340 1.00000000 / 255 11 255 255 / 0.54298400 0.02264400
				-34.82869000 -1.67159600 -9.30792300 / 0.00000000 0.00007150 1.00000000 / 255 11 255 255 / 0.54298400 0.00227360
				-34.72709000 -1.84998800 -9.30792300 / 0.00000000 0.00009540 1.00000000 / 255 11 255 255 / 0.51603700 0.00227360
				-34.72709000 -1.84998800 -9.30792300 / 0.00000000 0.00009540 1.00000000 / 255 11 255 255 / 0.51603700 0.00227360
				-34.59169000 -1.78171400 -9.30791500 / 0.00000000 0.00010730 1.00000000 / 255 10 255 255 / 0.51603700 0.02264400
				-34.77302000 -1.46332400 -10.08089000 / -0.43526250 0.87668830 0.20485190 / 156 58 142 255 / 0.38183590 0.02264400
				-34.77302000 -1.46332400 -10.08089000 / -0.43526250 0.87668830 0.20485190 / 156 58 142 255 / 0.38183590 0.02264400
				-38.11252000 4.08782700 -9.62676200 / -0.47532040 0.85341180 0.21391320 / 114 55 255 255 / 0.82547000 0.00160220
				-38.11252000 4.08782700 -9.62676200 / -0.47532040 0.85341180 0.21391320 / 114 55 255 255 / 0.82547000 0.00160220
				-34.90885000 -1.53059000 -10.08138000 / -0.43488110 0.87685530 0.20494720 / 156 60 142 255 / 0.38183590 0.00227360
				-34.82868000 -1.67159300 -9.30792300 / -0.43791780 0.87547800 0.20436800 / 156 58 255 255 / 0.54298400 0.00227360
				-34.82868000 -1.67159300 -9.30792300 / -0.43791780 0.87547800 0.20436800 / 156 58 255 255 / 0.54298400 0.00227360
				-34.69291000 -1.60363800 -9.30794500 / -0.43793550 0.87548950 0.20428090 / 156 57 255 255 / 0.54298400 0.02264400
				-34.64420000 -1.99456900 -10.09650000 / -0.86856910 -0.49556740 -0.00085830 / 218 96 139 255 / 0.71205140 0.17825320
				-34.64420000 -1.99456900 -10.09650000 / -0.86856910 -0.49556740 -0.00085830 / 218 96 139 255 / 0.71205140 0.17825320
				-34.64420000 -1.99456900 -10.09650000 / -0.86856910 -0.49556740 -0.00085830 / 218 96 139 255 / 0.71205140 0.17825320
				-34.80687000 -1.70930400 -10.08137000 / 0.00267020 0.00156160 -0.99999530 / 117 3 142 255 / 0.35488890 0.00227360
				-34.80687000 -1.70930400 -10.08137000 / 0.00267020 0.00156160 -0.99999530 / 117 3 142 255 / 0.35488890 0.00227360
				-34.90884000 -1.53059900 -10.08138000 / 0.00305170 0.00156160 -0.99999410 / 117 4 142 255 / 0.38183590 0.00227360
				-34.77302000 -1.46333200 -10.08089000 / 0.00267020 0.00156160 -0.99999530 / 117 3 142 255 / 0.38183590 0.02264400
				-34.77302000 -1.46333200 -10.08089000 / 0.00267020 0.00156160 -0.99999530 / 117 3 142 255 / 0.38183590 0.02264400
				-34.67180000 -1.64140700 -10.08089000 / 0.00267020 0.00157350 -0.99999530 / 117 2 142 255 / 0.35488890 0.02264400
				-34.11888000 -2.91660900 -10.08430000 / 0.00572180 0.00309930 -0.99997870 / 117 2 142 255 / 0.17146300 0.00160220
				-34.11888000 -2.91660900 -10.08430000 / 0.00572180 0.00309930 -0.99997870 / 117 2 142 255 / 0.17146300 0.00160220
				-34.22177000 -2.73521400 -10.08432000 / 0.00572180 0.00309930 -0.99997870 / 117 2 142 255 / 0.19877620 0.00160220
				-34.08996000 -2.66135400 -10.08334000 / 0.00572180 0.00309930 -0.99997870 / 117 2 142 255 / 0.19877620 0.02264400
				-34.08996000 -2.66135400 -10.08334000 / 0.00572180 0.00309930 -0.99997870 / 117 2 142 255 / 0.19877620 0.02264400
				-38.10451000 4.07462500 -9.55694600 / -0.47606400 0.85251880 0.21581180 / 115 60 255 255 / 0.84013370 0.00160220
				-33.98681000 -2.84169700 -10.08332000 / 0.00572180 0.00309930 -0.99997870 / 117 2 142 255 / 0.17146300 0.02264400
				-34.05480000 -2.72254900 -9.79818000 / 0.43982690 -0.78593320 0.43458180 / 154 11 215 255 / 0.25677490 0.02264400
				-34.05480000 -2.72254900 -9.79818000 / 0.43982690 -0.78593320 0.43458180 / 154 11 215 255 / 0.25677490 0.02264400
				-34.61504000 -2.04622000 -9.90558600 / -0.86713330 -0.49806280 -0.00362420 / 218 96 187 255 / 0.72525020 0.14367680
				-34.61504000 -2.04622000 -9.90558600 / -0.86713330 -0.49806280 -0.00362420 / 218 96 187 255 / 0.72525020 0.14367680
				-34.61504000 -2.04622000 -9.90558600 / -0.86713330 -0.49806280 -0.00362420 / 218 96 187 255 / 0.72525020 0.14367680
				-34.61504000 -2.04622000 -9.90558600 / -0.86713330 -0.49806280 -0.00362420 / 218 96 187 255 / 0.72525020 0.14367680
				-34.61504000 -2.04622000 -9.90558600 / -0.86713330 -0.49806280 -0.00362420 / 218 96 187 255 / 0.72525020 0.14367680
				-34.18692000 -2.79678900 -9.79914100 / 0.43868880 -0.78630200 0.43506480 / 154 11 215 255 / 0.25677490 0.00160220
				-34.11888000 -2.91660900 -10.08430000 / 0.44134930 -0.78545020 0.43391080 / 154 11 142 255 / 0.17146300 0.00160220
				-34.11888000 -2.91660900 -10.08430000 / 0.44134930 -0.78545020 0.43391080 / 154 11 142 255 / 0.17146300 0.00160220
				-33.98681000 -2.84168900 -10.08332000 / 0.44212750 -0.78521500 0.43354430 / 154 11 142 255 / 0.17146300 0.02264400
				-34.07887000 -2.98643000 -9.52082900 / 0.38795830 -0.68431540 -0.61741450 / 108 8 255 255 / 0.29357910 0.00160220
				-34.07887000 -2.98643000 -9.52082900 / 0.38795830 -0.68431540 -0.61741450 / 108 8 255 255 / 0.29357910 0.00160220
				-34.18691000 -2.79679200 -9.79914100 / 0.38872550 -0.68413210 -0.61713510 / 108 8 215 255 / 0.25677490 0.00160220
				-34.05480000 -2.72254900 -9.79818000 / 0.38835340 -0.68424390 -0.61724530 / 108 8 215 255 / 0.25677490 0.02264400
				-34.05480000 -2.72254900 -9.79818000 / 0.38835340 -0.68424390 -0.61724530 / 108 8 215 255 / 0.25677490 0.02264400
				-33.94711000 -2.91187500 -9.52080500 / 0.38756330 -0.68438670 -0.61758360 / 108 9 255 255 / 0.29357910 0.02264400
				-34.05640000 -2.71991000 -9.52083600 / 0.00000000 0.00002380 1.00000000 / 235 10 255 255 / 0.32263180 0.02264400
				-34.05640000 -2.71991000 -9.52083600 / 0.00000000 0.00002380 1.00000000 / 235 10 255 255 / 0.32263180 0.02264400
				-37.97233000 4.14817200 -9.55600000 / -0.47453470 0.85456310 0.21104210 / 114 55 255 255 / 0.84013370 0.02264400
				-37.97233000 4.14817200 -9.55600000 / -0.47453470 0.85456310 0.21104210 / 114 55 255 255 / 0.84013370 0.02264400
				-34.18890000 -2.79383300 -9.52082000 / 0.00000000 0.00002380 1.00000000 / 235 10 255 255 / 0.32263180 0.00160220
				-34.68184000 -1.92872100 -10.08723000 / -0.86785570 -0.49681160 -0.00219350 / 218 96 142 255 / 0.68899540 0.17626950
				-34.68184000 -1.92872100 -10.08723000 / -0.86785570 -0.49681160 -0.00219350 / 218 96 142 255 / 0.68899540 0.17626950
				-34.07887000 -2.98642600 -9.52082900 / 0.00000000 0.00002380 1.00000000 / 235 10 255 255 / 0.29357910 0.00160220
				-34.07887000 -2.98642600 -9.52082900 / 0.00000000 0.00002380 1.00000000 / 235 10 255 255 / 0.29357910 0.00160220
				-33.94711000 -2.91187500 -9.52080500 / -0.00038150 0.00004770 0.99999980 / 235 10 255 255 / 0.29357910 0.02264400
				-34.09973000 -2.64344600 -9.66048400 / -0.41275440 0.73908130 0.53234640 / 175 45 250 255 / 0.30125430 0.02264400
				-34.09973000 -2.64344600 -9.66048400 / -0.41275440 0.73908130 0.53234640 / 175 45 250 255 / 0.30125430 0.02264400
				-34.23186000 -2.71768100 -9.65999600 / -0.41314740 0.73912570 0.53197970 / 175 45 250 255 / 0.30125430 0.00160220
				-34.18889000 -2.79383800 -9.52082000 / -0.41275440 0.73908130 0.53234640 / 175 45 255 255 / 0.32263180 0.00160220
				-34.18889000 -2.79383800 -9.52082000 / -0.41275440 0.73908130 0.53234640 / 175 45 255 255 / 0.32263180 0.00160220
				-34.05640000 -2.71991000 -9.52083600 / -0.41236780 0.73909590 0.53262590 / 175 44 255 255 / 0.32263180 0.02264400
				-34.12603000 -2.59745300 -9.52082900 / 0.45851190 -0.81460240 0.35523220 / 184 28 255 255 / 0.34120180 0.02264400
				-34.12603000 -2.59745300 -9.52082900 / 0.45851190 -0.81460240 0.35523220 / 184 28 255 255 / 0.34120180 0.02264400
				-34.25816000 -2.67169300 -9.52085100 / 0.45776240 -0.81476940 0.35581490 / 185 33 255 255 / 0.34120180 0.00160220
				-34.23185000 -2.71767700 -9.65999600 / 0.45851190 -0.81460240 0.35523220 / 184 28 250 255 / 0.30125430 0.00160220
				-34.23185000 -2.71767700 -9.65999600 / 0.45851190 -0.81460240 0.35523220 / 184 28 250 255 / 0.30125430 0.00160220
				-37.97964000 4.16143400 -9.62679300 / -0.47379530 0.85541600 0.20924050 / 114 50 255 255 / 0.82547000 0.02264400
				-34.71133000 -1.87744400 -10.05011000 / -0.86789760 -0.49674020 -0.00171670 / 219 96 151 255 / 0.67219540 0.16902160
				-34.71133000 -1.87744400 -10.05011000 / -0.86789760 -0.49674020 -0.00171670 / 219 96 151 255 / 0.67219540 0.16902160
				-34.09973000 -2.64344600 -9.66048400 / 0.45891510 -0.81461720 0.35467690 / 184 24 250 255 / 0.30125430 0.02264400
				-34.23205000 -2.41145600 -9.52082000 / 0.00000000 -0.00009540 1.00000000 / 244 10 255 255 / 0.36933900 0.02264400
				-34.23205000 -2.41145600 -9.52082000 / 0.00000000 -0.00009540 1.00000000 / 244 10 255 255 / 0.36933900 0.02264400
				-34.36493000 -2.48506800 -9.52084400 / 0.00000000 -0.00009540 1.00000000 / 244 10 255 255 / 0.36933900 0.00160220
				-34.25816000 -2.67169300 -9.52085100 / 0.00000000 -0.00009540 1.00000000 / 244 10 255 255 / 0.34120180 0.00160220
				-34.25816000 -2.67169300 -9.52085100 / 0.00000000 -0.00009540 1.00000000 / 244 10 255 255 / 0.34120180 0.00160220
				-34.12603000 -2.59745300 -9.52082900 / 0.00000000 -0.00009540 1.00000000 / 244 10 255 255 / 0.34120180 0.02264400
				-34.29701000 -2.60350400 -9.78060900 / -0.42878730 0.77441130 -0.46521900 / 108 52 219 255 / 0.29023740 0.00160220
				-34.29701000 -2.60350400 -9.78060900 / -0.42878730 0.77441130 -0.46521900 / 108 52 219 255 / 0.29023740 0.00160220
				-34.36494000 -2.48506300 -9.52084400 / -0.42877940 0.77442070 -0.46521030 / 109 54 255 255 / 0.36933900 0.00160220
				-34.23205000 -2.41145600 -9.52082000 / -0.42877940 0.77442070 -0.46521030 / 108 52 255 255 / 0.36933900 0.02264400
				-34.23205000 -2.41145600 -9.52082000 / -0.42877940 0.77442070 -0.46521030 / 108 52 255 255 / 0.36933900 0.02264400
				-34.16482000 -2.52996500 -9.78010600 / -0.42913820 0.77423680 -0.46518580 / 108 49 219 255 / 0.29023740 0.02264400
				-34.28943000 -2.31154800 -10.08332000 / -0.37613420 0.67163420 0.63830290 / 143 39 142 255 / 0.25177000 0.02264400
				-34.28943000 -2.31154800 -10.08332000 / -0.37613420 0.67163420 0.63830290 / 143 39 142 255 / 0.25177000 0.02264400
				-35.84034000 0.10293420 -11.27034000 / -0.06561000 0.11654080 0.99101640 / 129 14 0 255 / 0.09750370 0.02192690
				-35.84034000 0.10293420 -11.27034000 / -0.06561000 0.11654080 0.99101640 / 129 14 0 255 / 0.09750370 0.02192690
				-34.72710000 -1.84998800 -9.99346900 / -0.86850230 -0.49568430 -0.00085820 / 219 96 165 255 / 0.66325380 0.15827940
				-34.72710000 -1.84998800 -9.99346900 / -0.86850230 -0.49568430 -0.00085820 / 219 96 165 255 / 0.66325380 0.15827940
				-34.72710000 -1.84998800 -9.99346900 / -0.86850230 -0.49568430 -0.00085820 / 219 96 165 255 / 0.66325380 0.15827940
				-38.00676000 4.20875200 -9.66291800 / -0.26816200 0.48377870 0.83309500 / 128 38 249 255 / 0.82406620 0.02264400
				-38.00676000 4.20875200 -9.66291800 / -0.26816200 0.48377870 0.83309500 / 128 38 249 255 / 0.82406620 0.02264400
				-34.42200000 -2.38478800 -10.08432000 / -0.37575970 0.67174200 0.63841000 / 143 42 142 255 / 0.25177000 0.00160220
				-34.29702000 -2.60351100 -9.78060900 / -0.37611730 0.67158030 0.63836960 / 143 39 219 255 / 0.29023740 0.00160220
				-34.29702000 -2.60351100 -9.78060900 / -0.37611730 0.67158030 0.63836960 / 143 39 219 255 / 0.29023740 0.00160220
				-34.16483000 -2.52996400 -9.78010600 / -0.37611730 0.67158030 0.63836960 / 143 36 219 255 / 0.29023740 0.02264400
				-34.30749000 -2.58566900 -10.08432000 / 0.00572180 0.00326620 -0.99997830 / 113 2 142 255 / 0.22148130 0.00160220
				-34.30749000 -2.58566900 -10.08432000 / 0.00572180 0.00326620 -0.99997830 / 113 2 142 255 / 0.22148130 0.00160220
				-34.42201000 -2.38478000 -10.08432000 / 0.00572180 0.00326620 -0.99997830 / 113 2 142 255 / 0.25177000 0.00160220
				-34.28943000 -2.31154800 -10.08332000 / 0.00572180 0.00326620 -0.99997830 / 113 2 142 255 / 0.25177000 0.02264400
				-34.28943000 -2.31154800 -10.08332000 / 0.00572180 0.00326620 -0.99997830 / 113 2 142 255 / 0.25177000 0.02264400
				-34.17534000 -2.51142200 -10.08334000 / 0.00572180 0.00326620 -0.99997830 / 114 1 142 255 / 0.22148130 0.02264400
				-34.25527000 -2.67733200 -9.94370300 / 0.39482180 -0.69549190 -0.60033880 / 103 6 178 255 / 0.24089050 0.00160220
				-34.25527000 -2.67733200 -9.94370300 / 0.39482180 -0.69549190 -0.60033880 / 103 6 178 255 / 0.24089050 0.00160220
				-34.30749000 -2.58566900 -10.08432000 / 0.39520200 -0.69544210 -0.60014640 / 104 7 142 255 / 0.22148130 0.00160220
				-34.61904000 -2.03962300 -9.87091900 / -0.86829500 -0.49604590 -0.00152600 / 218 97 196 255 / 0.72103880 0.13365170
				-34.61904000 -2.03962300 -9.87091900 / -0.86829500 -0.49604590 -0.00152600 / 218 97 196 255 / 0.72103880 0.13365170
				-34.61904000 -2.03962300 -9.87091900 / -0.86829500 -0.49604590 -0.00152600 / 218 97 196 255 / 0.72103880 0.13365170
				-34.61904000 -2.03962300 -9.87091900 / -0.86829500 -0.49604590 -0.00152600 / 218 97 196 255 / 0.72103880 0.13365170
				-34.17535000 -2.51142000 -10.08334000 / 0.39483780 -0.69554400 -0.60026790 / 103 6 142 255 / 0.22148130 0.02264400
				-34.17535000 -2.51142000 -10.08334000 / 0.39483780 -0.69554400 -0.60026790 / 103 6 142 255 / 0.22148130 0.02264400
				-38.13924000 4.13483000 -9.66291000 / -0.27083920 0.48536470 0.83130450 / 129 42 249 255 / 0.82406620 0.00160220
				-34.12275000 -2.60342200 -9.94221500 / 0.39482530 -0.69540290 -0.60043970 / 103 4 178 255 / 0.24089050 0.02264400
				-34.22177000 -2.73521400 -10.08432000 / -0.43793240 0.79058150 -0.42801410 / 93 34 142 255 / 0.19877620 0.00160220
				-34.22177000 -2.73521400 -10.08432000 / -0.43793240 0.79058150 -0.42801410 / 93 34 142 255 / 0.19877620 0.00160220
				-34.25527000 -2.67733700 -9.94370300 / -0.43638890 0.79066870 -0.42942720 / 93 38 178 255 / 0.24089050 0.00160220
				-34.12275000 -2.60342200 -9.94221500 / -0.43793240 0.79058150 -0.42801410 / 93 34 178 255 / 0.24089050 0.02264400
				-34.12275000 -2.60342200 -9.94221500 / -0.43793240 0.79058150 -0.42801410 / 93 34 178 255 / 0.24089050 0.02264400
				-34.08996000 -2.66135400 -10.08334000 / -0.43982340 0.79031350 -0.42656760 / 93 29 142 255 / 0.19877620 0.02264400
				-38.00773000 3.90415200 -11.45195000 / -0.47530080 0.85385340 0.21218780 / 121 54 0 255 / 0.33108520 0.00154110
				-38.00773000 3.90415200 -11.45195000 / -0.47530080 0.85385340 0.21218780 / 121 54 0 255 / 0.33108520 0.00154110
				-37.92115000 3.75258800 -10.65118000 / -0.47873850 0.85173980 0.21295280 / 122 61 0 255 / 0.38352970 0.00154110
				-37.78904000 3.82683500 -10.65118000 / -0.47835690 0.85197790 0.21285740 / 121 54 0 255 / 0.38352970 0.02175900
				-37.78904000 3.82683500 -10.65118000 / -0.47835690 0.85197790 0.21285740 / 121 54 0 255 / 0.38352970 0.02175900
				-34.72993000 -1.84501300 -9.94415300 / -0.86892960 -0.49493560 0.00028610 / 218 97 178 255 / 0.66198730 0.14901730
				-34.72993000 -1.84501300 -9.94415300 / -0.86892960 -0.49493560 0.00028610 / 218 97 178 255 / 0.66198730 0.14901730
				-37.87484000 3.97776000 -11.45099000 / -0.47455510 0.85428970 0.21210020 / 121 48 0 255 / 0.33108520 0.02175900
				-37.84710000 3.62253000 -11.44270000 / 0.01983680 -0.02176810 -0.99956630 / 116 5 0 255 / 0.41720580 0.00154110
				-37.84710000 3.62253000 -11.44270000 / 0.01983680 -0.02176810 -0.99956630 / 116 5 0 255 / 0.41720580 0.00154110
				-38.11252000 4.08782100 -9.62676200 / -0.27007840 0.48479650 0.83188340 / 128 38 255 255 / 0.82547000 0.00160220
				-38.11252000 4.08782100 -9.62676200 / -0.27007840 0.48479650 0.83188340 / 128 38 255 255 / 0.82547000 0.00160220
				-38.00773000 3.90415200 -11.45195000 / 0.01945550 -0.02181590 -0.99957270 / 116 5 0 255 / 0.33108520 0.00154110
				-37.87484000 3.97776000 -11.45099000 / 0.01945550 -0.02179210 -0.99957320 / 116 5 0 255 / 0.33108520 0.02175900
				-37.87484000 3.97776000 -11.45099000 / 0.01945550 -0.02179210 -0.99957320 / 116 5 0 255 / 0.33108520 0.02175900
				-37.71532000 3.69707500 -11.44170000 / 0.01983680 -0.02176810 -0.99956630 / 116 6 0 255 / 0.41720580 0.02175900
				-37.72653000 3.41139600 -10.30550000 / 0.47913670 -0.85234170 -0.20962230 / 125 15 85 255 / 0.49076840 0.00154110
				-37.72653000 3.41139600 -10.30550000 / 0.47913670 -0.85234170 -0.20962230 / 125 15 85 255 / 0.49076840 0.00154110
				-37.84710000 3.62253000 -11.44270000 / 0.48257570 -0.85053970 -0.20905260 / 126 15 0 255 / 0.41720580 0.00154110
				-37.71533000 3.69707900 -11.44170000 / 0.48254650 -0.85053590 -0.20913530 / 125 15 0 255 / 0.41720580 0.02175900
				-37.71533000 3.69707900 -11.44170000 / 0.48254650 -0.85053590 -0.20913530 / 125 15 0 255 / 0.41720580 0.02175900
				-37.59440000 3.48563600 -10.30549000 / 0.47911730 -0.85235480 -0.20961380 / 125 14 85 255 / 0.49078370 0.02175900
				-34.68626000 -1.92111300 -9.52765700 / -0.86889360 -0.49499850 0.00076290 / 218 97 255 255 / 0.68948370 0.06214910
				-34.68626000 -1.92111300 -9.52765700 / -0.86889360 -0.49499850 0.00076290 / 218 97 255 255 / 0.68948370 0.06214910
				-37.84567000 3.92611000 -10.30548000 / 0.00000000 -0.00002380 1.00000000 / 187 19 85 255 / 0.35575870 0.02175900
				-37.84567000 3.92611000 -10.30548000 / 0.00000000 -0.00002380 1.00000000 / 187 19 85 255 / 0.35575870 0.02175900
				-37.97817000 3.85219000 -10.30547000 / 0.00000000 -0.00002380 1.00000000 / 187 21 85 255 / 0.35575870 0.00154110
				-37.72653000 3.41138900 -10.30550000 / 0.00000000 -0.00004770 1.00000000 / 187 19 85 255 / 0.49076840 0.00154110
				-37.72653000 3.41138900 -10.30550000 / 0.00000000 -0.00004770 1.00000000 / 187 19 85 255 / 0.49076840 0.00154110
				-37.97964000 4.16144000 -9.62679300 / -0.26740020 0.48320850 0.83367060 / 127 35 255 255 / 0.82547000 0.02264400
				-37.59437000 3.48563700 -10.30549000 / 0.00000000 -0.00007150 1.00000000 / 186 17 85 255 / 0.49078370 0.02175900
				-38.00188000 4.20013600 -10.92464000 / -0.43374550 0.77831950 0.45396410 / 153 54 0 255 / 0.26696780 0.02175900
				-38.00188000 4.20013600 -10.92464000 / -0.43374550 0.77831950 0.45396410 / 153 54 0 255 / 0.26696780 0.02175900
				-38.13401000 4.12589700 -10.92365000 / -0.43374550 0.77831950 0.45396410 / 153 54 0 255 / 0.26696780 0.00154110
				-37.97818000 3.85219400 -10.30547000 / -0.43410350 0.77813430 0.45393950 / 153 54 85 255 / 0.35575870 0.00154110
				-37.97818000 3.85219400 -10.30547000 / -0.43410350 0.77813430 0.45393950 / 153 54 85 255 / 0.35575870 0.00154110
				-37.84567000 3.92611100 -10.30547000 / -0.43411160 0.77812490 0.45394790 / 153 53 85 255 / 0.35575870 0.02175900
				-38.14534000 4.14575900 -10.30550000 / 0.48942000 -0.87126680 0.03690680 / 140 17 85 255 / 0.26559450 0.00154110
				-38.14534000 4.14575900 -10.30550000 / 0.48942000 -0.87126680 0.03690680 / 140 17 85 255 / 0.26559450 0.00154110
				-34.58307000 -2.10213200 -9.52766400 / -0.86868710 -0.49536050 0.00085840 / 218 96 255 255 / 0.74334720 0.06253050
				-38.13401000 4.12589700 -10.92365000 / 0.48981000 -0.87104360 0.03700280 / 140 16 0 255 / 0.26696780 0.00154110
				-38.00188000 4.20013600 -10.92464000 / 0.48978970 -0.87105510 0.03700120 / 140 17 0 255 / 0.26696780 0.02175900
				-38.00188000 4.20013600 -10.92464000 / 0.48978970 -0.87105510 0.03700120 / 140 17 0 255 / 0.26696780 0.02175900
				-38.01319000 4.21999600 -10.30550000 / 0.48942000 -0.87126680 0.03690680 / 140 18 85 255 / 0.26559450 0.02175900
				-38.24754000 4.63137600 -10.30550000 / 0.00000000 0.00000000 1.00000000 / 200 21 85 255 / 0.13957210 0.02175900
				-38.24754000 4.63137600 -10.30550000 / 0.00000000 0.00000000 1.00000000 / 200 21 85 255 / 0.13957210 0.02175900
				-38.19186000 4.22750600 -9.50960500 / 0.48065430 -0.85106330 -0.21133530 / 92 9 255 255 / 0.87461860 0.00160220
				-38.19186000 4.22750600 -9.50960500 / 0.48065430 -0.85106330 -0.21133530 / 92 9 255 255 / 0.87461860 0.00160220
				-38.38005000 4.55745300 -10.30550000 / 0.00000000 0.00000000 1.00000000 / 201 21 85 255 / 0.13957210 0.00154110
				-38.14534000 4.14575900 -10.30550000 / 0.00000000 0.00000000 1.00000000 / 200 21 85 255 / 0.26559450 0.00154110
				-38.14534000 4.14575900 -10.30550000 / 0.00000000 0.00000000 1.00000000 / 200 21 85 255 / 0.26559450 0.00154110
				-38.01320000 4.21998500 -10.30550000 / 0.00000000 0.00000000 1.00000000 / 199 20 85 255 / 0.26559450 0.02175900
				-38.49979000 4.76725400 -11.44711000 / -0.47722200 0.85402140 0.20713950 / 185 69 0 255 / 0.06645200 0.00154110
				-38.49979000 4.76725400 -11.44711000 / -0.47722200 0.85402140 0.20713950 / 185 69 0 255 / 0.06645200 0.00154110
				-38.38005000 4.55745300 -10.30550000 / -0.47646710 0.85446490 0.20704770 / 185 69 85 255 / 0.13957210 0.00154110
				-37.13544000 2.68009100 -9.71757500 / 0.47454900 -0.84452740 -0.24814640 / 135 13 235 255 / 0.57968140 0.02264400
				-38.24754000 4.63137600 -10.30550000 / -0.47682020 0.85427100 0.20703530 / 185 69 85 255 / 0.13957210 0.02175900
				-38.24754000 4.63137600 -10.30550000 / -0.47682020 0.85427100 0.20703530 / 185 69 85 255 / 0.13957210 0.02175900
				-38.36729000 4.84117400 -11.44659000 / -0.47722200 0.85402140 0.20713950 / 184 69 0 255 / 0.06645200 0.02175900
				-38.34397000 4.49354200 -11.44711000 / 0.00267020 0.00166890 -0.99999510 / 127 5 0 255 / 0.15016170 0.00154110
				-38.34397000 4.49354200 -11.44711000 / 0.00267020 0.00166890 -0.99999510 / 127 5 0 255 / 0.15016170 0.00154110
				-38.49980000 4.76724800 -11.44711000 / 0.00305170 0.00171660 -0.99999400 / 127 5 0 255 / 0.06645200 0.00154110
				-38.36729000 4.84117400 -11.44659000 / 0.00305170 0.00166890 -0.99999400 / 127 5 0 255 / 0.06645200 0.02175900
				-38.36729000 4.84117400 -11.44659000 / 0.00305170 0.00166890 -0.99999400 / 127 5 0 255 / 0.06645200 0.02175900
				-38.20888000 4.25728800 -9.66878500 / 0.48142560 -0.85079190 -0.21067140 / 93 10 248 255 / 0.84138490 0.00160220
				-38.21152000 4.56816100 -11.44662000 / 0.00267020 0.00166890 -0.99999510 / 127 5 0 255 / 0.15016170 0.02175900
				-38.26190000 4.35028200 -10.65365000 / 0.47988250 -0.85328870 -0.20398820 / 107 15 0 255 / 0.20028690 0.00154110
				-38.26190000 4.35028200 -10.65365000 / 0.47988250 -0.85328870 -0.20398820 / 107 15 0 255 / 0.20028690 0.00154110
				-38.34397000 4.49354200 -11.44711000 / 0.48104480 -0.85270060 -0.20370970 / 108 17 0 255 / 0.15016170 0.00154110
				-38.21153000 4.56816800 -11.44662000 / 0.48103550 -0.85268400 -0.20380110 / 107 15 0 255 / 0.15016170 0.02175900
				-38.21153000 4.56816800 -11.44662000 / 0.48103550 -0.85268400 -0.20380110 / 107 15 0 255 / 0.15016170 0.02175900
				-34.25243000 -2.68231000 -10.88608000 / -0.86906790 -0.49469250 0.00038150 / 220 94 0 255 / 0.45025630 0.08096310
				-34.25243000 -2.68231000 -10.88608000 / -0.86906790 -0.49469250 0.00038150 / 220 94 0 255 / 0.45025630 0.08096310
				-38.12976000 4.42452100 -10.65365000 / 0.47950140 -0.85348000 -0.20408370 / 106 12 0 255 / 0.20028690 0.02175900
				-38.23603000 4.30529000 -11.45198000 / -0.48524000 0.87191570 -0.06561420 / 115 42 0 255 / 0.20806880 0.00154110
				-38.23603000 4.30529000 -11.45198000 / -0.48524000 0.87191570 -0.06561420 / 115 42 0 255 / 0.20806880 0.00154110
				-38.26189000 4.35028000 -10.65366000 / -0.48867220 0.87005390 -0.06485110 / 115 46 0 255 / 0.20028690 0.00154110
				-38.12976000 4.42452100 -10.65365000 / -0.48827730 0.87026850 -0.06494470 / 115 42 0 255 / 0.20028690 0.02175900
				-38.12976000 4.42452100 -10.65365000 / -0.48827730 0.87026850 -0.06494470 / 115 42 0 255 / 0.20028690 0.02175900
				-38.10384000 4.37884000 -11.45101000 / -0.48484440 0.87212870 -0.06570770 / 116 39 0 255 / 0.20806880 0.02175900
				-38.11461000 4.09214900 -11.45391000 / -0.00076300 0.01015680 -0.99994810 / 115 5 0 255 / 0.27320860 0.00154110
				-38.11461000 4.09214900 -11.45391000 / -0.00076300 0.01015680 -0.99994810 / 115 5 0 255 / 0.27320860 0.00154110
				-38.07712000 4.33184300 -9.66877700 / 0.48065430 -0.85106330 -0.21133530 / 92 9 248 255 / 0.84138490 0.02264400
				-38.07712000 4.33184300 -9.66877700 / 0.48065430 -0.85106330 -0.21133530 / 92 9 248 255 / 0.84138490 0.02264400
				-38.23603000 4.30529000 -11.45198000 / 0.00190740 0.01006150 -0.99994760 / 115 5 0 255 / 0.20806880 0.00154110
				-38.10385000 4.37884400 -11.45101000 / 0.00038150 0.01010920 -0.99994880 / 115 5 0 255 / 0.20806880 0.02175900
				-38.10385000 4.37884400 -11.45101000 / 0.00038150 0.01010920 -0.99994880 / 115 5 0 255 / 0.20806880 0.02175900
				-37.98248000 4.16639300 -11.45345000 / -0.00228890 0.01020450 -0.99994530 / 115 5 0 255 / 0.27320860 0.02175900
				-34.22089000 -2.73722000 -10.60971000 / -0.86823420 -0.49615430 0.00047680 / 220 94 6 255 / 0.46418760 0.04086300
				-37.92116000 3.75259000 -10.65118000 / 0.44058350 -0.78365700 -0.43791330 / 97 16 0 255 / 0.38352970 0.00154110
				-37.92116000 3.75259000 -10.65118000 / 0.44058350 -0.78365700 -0.43791330 / 97 16 0 255 / 0.38352970 0.00154110
				-38.11461000 4.09214900 -11.45391000 / 0.44172330 -0.78312430 -0.43771800 / 97 14 0 255 / 0.27320860 0.00154110
				-37.98247000 4.16639500 -11.45345000 / 0.44136670 -0.78331140 -0.43774270 / 97 16 0 255 / 0.27320860 0.02175900
				-37.98247000 4.16639500 -11.45345000 / 0.44136670 -0.78331140 -0.43774270 / 97 16 0 255 / 0.27320860 0.02175900
				-37.78903000 3.82683000 -10.65118000 / 0.44022660 -0.78384380 -0.43793780 / 96 19 0 255 / 0.38352970 0.02175900
				-37.37180000 3.09511100 -11.21809000 / -0.31661110 0.56904170 0.75891300 / 154 52 0 255 / 0.18618770 0.02276610
				-37.37180000 3.09511100 -11.21809000 / -0.31661110 0.56904170 0.75891300 / 154 52 0 255 / 0.18618770 0.02276610
				-37.50431000 3.02119300 -11.21809000 / -0.31777230 0.56935790 0.75819020 / 154 54 0 255 / 0.18618770 0.00160220
				-37.47162000 2.96463300 -11.16192000 / -0.31736760 0.56914940 0.75851620 / 154 52 0 255 / 0.19737240 0.00160220
				-37.47162000 2.96463300 -11.16192000 / -0.31736760 0.56914940 0.75851620 / 154 52 0 255 / 0.19737240 0.00160220
				-38.05975000 4.30174500 -9.50862900 / 0.47990200 -0.85132070 -0.21200760 / 92 7 255 255 / 0.87461860 0.02264400
				-37.33942000 3.03817400 -11.16193000 / -0.31624200 0.56882550 0.75922890 / 154 50 0 255 / 0.19737240 0.02276610
				-37.41594000 3.17289600 -11.23421000 / -0.08659370 0.15509150 0.98409770 / 163 25 0 255 / 0.16464230 0.02276610
				-37.41594000 3.17289600 -11.23421000 / -0.08659370 0.15509150 0.98409770 / 163 25 0 255 / 0.16464230 0.02276610
				-34.26419000 -2.66144400 -10.59311000 / -0.86856420 -0.49557650 0.00028610 / 220 94 10 255 / 0.44877630 0.03854370
				-34.26419000 -2.66144400 -10.59311000 / -0.86856420 -0.49557650 0.00028610 / 220 94 10 255 / 0.44877630 0.03854370
				-34.26419000 -2.66144400 -10.59311000 / -0.86856420 -0.49557650 0.00028610 / 220 94 10 255 / 0.44877630 0.03854370
				-37.54808000 3.09866200 -11.23421000 / -0.08735390 0.15546800 0.98397110 / 163 25 0 255 / 0.16464230 0.00160220
				-37.50431000 3.02118000 -11.21809000 / -0.08697790 0.15528700 0.98403290 / 163 25 0 255 / 0.18618770 0.00160220
				-37.50431000 3.02118000 -11.21809000 / -0.08697790 0.15528700 0.98403290 / 163 25 0 255 / 0.18618770 0.00160220
				-37.37180000 3.09510800 -11.21809000 / -0.08659600 0.15492860 0.98412310 / 162 24 0 255 / 0.18618770 0.02276610
				-37.44305000 3.22021300 -11.18636000 / 0.32310270 -0.57508560 0.75158570 / 157 15 0 255 / 0.14561460 0.02276610
				-37.44305000 3.22021300 -11.18636000 / 0.32310270 -0.57508560 0.75158570 / 157 15 0 255 / 0.14561460 0.02276610
				-37.57518000 3.14596900 -11.18635000 / 0.32310810 -0.57519070 0.75150300 / 157 17 0 255 / 0.14561460 0.00160220
				-37.54809000 3.09866100 -11.23421000 / 0.32311260 -0.57517470 0.75151340 / 157 15 0 255 / 0.16464230 0.00160220
				-37.54809000 3.09866100 -11.23421000 / 0.32311260 -0.57517470 0.75151340 / 157 15 0 255 / 0.16464230 0.00160220
				-37.41594000 3.17289600 -11.23421000 / 0.32311600 -0.57503780 0.75161670 / 157 14 0 255 / 0.16464230 0.02276610
				-37.52536000 3.05826700 -10.83919000 / 0.30137100 -0.52859130 -0.79357840 / 98 9 0 255 / 0.13638310 0.00160220
				-37.52536000 3.05826700 -10.83919000 / 0.30137100 -0.52859130 -0.79357840 / 98 9 0 255 / 0.13638310 0.00160220
				-37.88920000 3.69667400 -10.08722000 / 0.00267020 0.00159740 -0.99999520 / 123 3 141 255 / 0.65777590 0.00160220
				-37.88920000 3.69667400 -10.08722000 / 0.00267020 0.00159740 -0.99999520 / 123 3 141 255 / 0.65777590 0.00160220
				-37.55410000 3.10890600 -10.88411000 / 0.30365590 -0.53001490 -0.79175590 / 98 9 0 255 / 0.12573240 0.00160220
				-34.28969000 -2.61676300 -10.87337000 / -0.86907820 -0.49467460 0.00009540 / 220 94 0 255 / 0.43641660 0.07920840
				-34.28969000 -2.61676300 -10.87337000 / -0.86907820 -0.49467460 0.00009540 / 220 94 0 255 / 0.43641660 0.07920840
				-34.28969000 -2.61676300 -10.87337000 / -0.86907820 -0.49467460 0.00009540 / 220 94 0 255 / 0.43641660 0.07920840
				-37.42200000 3.18314900 -10.88313000 / 0.29755630 -0.52658880 -0.79634450 / 98 9 0 255 / 0.12573240 0.02276610
				-37.42200000 3.18314900 -10.88313000 / 0.29755630 -0.52658880 -0.79634450 / 98 9 0 255 / 0.12573240 0.02276610
				-37.39324000 3.13249700 -10.83917000 / 0.29526700 -0.52513360 -0.79815540 / 98 10 0 255 / 0.13638310 0.02276610
				-37.48573000 2.98877200 -10.83333000 / 0.03929100 -0.06582681 -0.99705720 / 97 5 0 255 / 0.15650940 0.00160220
				-37.48573000 2.98877200 -10.83333000 / 0.03929100 -0.06582681 -0.99705720 / 97 5 0 255 / 0.15650940 0.00160220
				-37.52536000 3.05826300 -10.83919000 / 0.03585730 -0.06363240 -0.99732900 / 98 5 0 255 / 0.13638310 0.00160220
				-37.39324000 3.13249700 -10.83917000 / 0.04348830 -0.06852260 -0.99670130 / 97 5 0 255 / 0.13638310 0.02276610
				-37.39324000 3.13249700 -10.83917000 / 0.04348830 -0.06852260 -0.99670130 / 97 5 0 255 / 0.13638310 0.02276610
				-37.35321000 3.06269000 -10.83234000 / 0.04692050 -0.07069080 -0.99639420 / 97 5 0 255 / 0.15650940 0.02276610
				-37.46226000 2.94774100 -10.87579000 / -0.32157220 0.58602050 -0.74375500 / 101 30 0 255 / 0.17311100 0.00160220
				-37.46226000 2.94774100 -10.87579000 / -0.32157220 0.58602050 -0.74375500 / 101 30 0 255 / 0.17311100 0.00160220
				-37.48573000 2.98877300 -10.83333000 / -0.32120730 0.58605080 -0.74388870 / 102 32 0 255 / 0.15650940 0.00160220
				-37.35322000 3.06268900 -10.83234000 / -0.32157700 0.58612470 -0.74367070 / 101 30 0 255 / 0.15650940 0.02276610
				-37.35322000 3.06268900 -10.83234000 / -0.32157700 0.58612470 -0.74367070 / 101 30 0 255 / 0.15650940 0.02276610
				-37.99154000 3.87569000 -10.08720000 / 0.00267020 0.00162120 -0.99999520 / 123 3 141 255 / 0.68478400 0.00160220
				-35.70784000 0.17684860 -11.27031000 / -0.06523290 0.11619160 0.99108240 / 127 13 0 255 / 0.09750370 0.00000000
				-34.32005000 -2.56349000 -10.61607000 / -0.86856430 -0.49557660 -0.00009540 / 220 94 4 255 / 0.42391970 0.04199220
				-34.32005000 -2.56349000 -10.61607000 / -0.86856430 -0.49557660 -0.00009540 / 220 94 4 255 / 0.42391970 0.04199220
				-34.32005000 -2.56349000 -10.61607000 / -0.86856430 -0.49557660 -0.00009540 / 220 94 4 255 / 0.42391970 0.04199220
				-37.32977000 3.02166400 -10.87482000 / -0.32158640 0.58621310 -0.74359690 / 101 28 0 255 / 0.17311100 0.02276610
				-37.18747000 2.46553700 -11.41389000 / -0.36810680 0.66547700 -0.64933650 / 121 37 0 255 / 0.03987120 0.00161740
				-37.18747000 2.46553700 -11.41389000 / -0.36810680 0.66547700 -0.64933650 / 121 37 0 255 / 0.03987120 0.00161740
				-37.21623000 2.51617800 -11.34552000 / -0.36889470 0.66592740 -0.64842690 / 121 37 0 255 / 0.03201290 0.00161740
				-37.08372000 2.59010300 -11.34501000 / -0.36697610 0.66523960 -0.65021910 / 121 37 0 255 / 0.03201290 0.02293400
				-37.08372000 2.59010300 -11.34501000 / -0.36697610 0.66523960 -0.65021910 / 121 37 0 255 / 0.03201290 0.02293400
				-37.05496000 2.53945900 -11.41288000 / -0.36583930 0.66491960 -0.65118630 / 121 36 0 255 / 0.03987120 0.02293400
				-36.97061000 2.08563500 -11.21223000 / 0.48065480 -0.85080190 -0.21238460 / 122 15 0 255 / 0.17474360 0.00161740
				-36.97061000 2.08563500 -11.21223000 / 0.48065480 -0.85080190 -0.21238460 / 122 15 0 255 / 0.17474360 0.00161740
				-36.99567000 2.12931100 -11.44321000 / 0.47988270 -0.85109560 -0.21295270 / 122 16 0 255 / 0.13728330 0.00161740
				-36.86353000 2.20355500 -11.44219000 / 0.48027360 -0.85094540 -0.21267080 / 122 15 0 255 / 0.13728330 0.02293400
				-36.86353000 2.20355500 -11.44219000 / 0.48027360 -0.85094540 -0.21267080 / 122 15 0 255 / 0.13728330 0.02293400
				-36.83885000 2.16019500 -11.21222000 / 0.48140700 -0.85047290 -0.21199840 / 122 14 0 255 / 0.17474360 0.02293400
				-36.89557000 2.26016300 -11.21271000 / -0.00228870 0.00364770 0.99999080 / 176 15 0 255 / 0.14479060 0.02293400
				-36.89557000 2.26016300 -11.21271000 / -0.00228870 0.00364770 0.99999080 / 176 15 0 255 / 0.14479060 0.02293400
				-34.33622000 -2.53502500 -10.86898000 / -0.86870780 -0.49532460 -0.00047690 / 220 94 0 255 / 0.41372680 0.07838440
				-34.33622000 -2.53502500 -10.86898000 / -0.86870780 -0.49532460 -0.00047690 / 220 94 0 255 / 0.41372680 0.07838440
				-34.33622000 -2.53502500 -10.86898000 / -0.86870780 -0.49532460 -0.00047690 / 220 94 0 255 / 0.41372680 0.07838440
				-37.85866000 3.94930000 -10.08673000 / 0.00267020 0.00159740 -0.99999520 / 123 3 141 255 / 0.68478400 0.02264400
				-37.85866000 3.94930000 -10.08673000 / 0.00267020 0.00159740 -0.99999520 / 123 3 141 255 / 0.68478400 0.02264400
				-37.02801000 2.18554300 -11.21272000 / -0.00228870 0.00364770 0.99999080 / 176 16 0 255 / 0.14479060 0.00161740
				-36.97061000 2.08563500 -11.21223000 / -0.00228870 0.00364770 0.99999080 / 176 15 0 255 / 0.17474360 0.00161740
				-36.97061000 2.08563500 -11.21223000 / -0.00228870 0.00364770 0.99999080 / 176 15 0 255 / 0.17474360 0.00161740
				-36.83885000 2.16019700 -11.21222000 / -0.00228870 0.00364770 0.99999080 / 175 14 0 255 / 0.17474360 0.02293400
				-36.92023000 2.30351500 -11.16827000 / 0.32653530 -0.57959060 0.74662530 / 148 12 0 255 / 0.13650510 0.02293400
				-36.92023000 2.30351500 -11.16827000 / 0.32653530 -0.57959060 0.74662530 / 148 12 0 255 / 0.13650510 0.02293400
				-37.05269000 2.22890400 -11.16829000 / 0.32616150 -0.57953270 0.74683370 / 148 12 0 255 / 0.13650510 0.00161740
				-37.02801000 2.18554300 -11.21272000 / 0.32652560 -0.57950190 0.74669840 / 148 12 0 255 / 0.14479060 0.00161740
				-37.02801000 2.18554300 -11.21272000 / 0.32652560 -0.57950190 0.74669840 / 148 12 0 255 / 0.14479060 0.00161740
				-36.89556000 2.26017000 -11.21271000 / 0.32653080 -0.57960650 0.74661480 / 148 12 0 255 / 0.14479060 0.02293400
				-36.93411000 2.02073700 -10.80891000 / 0.00572180 0.00321850 -0.99997850 / 105 4 0 255 / 0.23699950 0.00161740
				-36.93411000 2.02073700 -10.80891000 / 0.00572180 0.00321850 -0.99997850 / 105 4 0 255 / 0.23699950 0.00161740
				-37.01749000 2.16701200 -10.80891000 / 0.00572180 0.00321850 -0.99997850 / 105 4 0 255 / 0.19322200 0.00161740
				-34.36980000 -2.47645900 -10.68344000 / -0.86893480 -0.49492660 -0.00047680 / 219 94 0 255 / 0.40039060 0.05218510
				-34.36980000 -2.47645900 -10.68344000 / -0.86893480 -0.49492660 -0.00047680 / 219 94 0 255 / 0.40039060 0.05218510
				-34.36980000 -2.47645900 -10.68344000 / -0.86893480 -0.49492660 -0.00047680 / 219 94 0 255 / 0.40039060 0.05218510
				-36.88503000 2.24163100 -10.80792000 / 0.00572180 0.00321850 -0.99997850 / 105 4 0 255 / 0.19322200 0.02293400
				-36.88503000 2.24163100 -10.80792000 / 0.00572180 0.00321850 -0.99997850 / 105 4 0 255 / 0.19322200 0.02293400
				-37.75706000 3.77091000 -10.08672000 / 0.00305170 0.00159740 -0.99999410 / 123 3 141 255 / 0.65777590 0.02264400
				-36.80165000 2.09533800 -10.80791000 / 0.00572180 0.00321850 -0.99997850 / 105 4 0 255 / 0.23699950 0.02293400
				-36.91145000 1.98101600 -10.61653000 / 0.47797730 -0.84722470 -0.23183610 / 149 16 5 255 / 0.26913450 0.00161740
				-36.91145000 1.98101600 -10.61653000 / 0.47797730 -0.84722470 -0.23183610 / 149 16 5 255 / 0.26913450 0.00161740
				-36.93411000 2.02073300 -10.80891000 / 0.47874010 -0.84695040 -0.23126390 / 149 17 0 255 / 0.23699950 0.00161740
				-36.80164000 2.09533200 -10.80791000 / 0.47799360 -0.84726540 -0.23165330 / 149 16 0 255 / 0.23699950 0.02293400
				-36.80164000 2.09533200 -10.80791000 / 0.47799360 -0.84726540 -0.23165330 / 149 16 0 255 / 0.23699950 0.02293400
				-36.77901000 2.05562200 -10.61652000 / 0.47722460 -0.84751710 -0.23231800 / 148 15 5 255 / 0.26913450 0.02293400
				-36.86480000 2.20586700 -10.61651000 / 0.00000000 -0.00007150 1.00000000 / 174 11 5 255 / 0.22413640 0.02293400
				-36.86480000 2.20586700 -10.61651000 / 0.00000000 -0.00007150 1.00000000 / 174 11 5 255 / 0.22413640 0.02293400
				-36.99691000 2.13163500 -10.61655000 / -0.00038150 -0.00004770 0.99999980 / 174 12 5 255 / 0.22413640 0.00161740
				-36.91147000 1.98101800 -10.61653000 / 0.00000000 -0.00007150 1.00000000 / 174 11 5 255 / 0.26913450 0.00161740
				-36.91147000 1.98101800 -10.61653000 / 0.00000000 -0.00007150 1.00000000 / 174 11 5 255 / 0.26913450 0.00161740
				-34.37508000 -2.46684400 -10.88608000 / -0.87014540 -0.49279470 -0.00047680 / 218 94 0 255 / 0.39355470 0.08114621
				-34.37508000 -2.46684400 -10.88608000 / -0.87014540 -0.49279470 -0.00047680 / 218 94 0 255 / 0.39355470 0.08114621
				-34.37508000 -2.46684400 -10.88608000 / -0.87014540 -0.49279470 -0.00047680 / 218 94 0 255 / 0.39355470 0.08114621
				-36.77901000 2.05562200 -10.61652000 / 0.00000000 -0.00009540 1.00000000 / 173 10 5 255 / 0.26913450 0.02293400
				-36.96937000 2.08331100 -10.36311000 / 0.47837590 -0.85160650 -0.21429640 / 133 12 70 255 / 0.26542660 0.00161740
				-36.96937000 2.08331100 -10.36311000 / 0.47837590 -0.85160650 -0.21429640 / 133 12 70 255 / 0.26542660 0.00161740
				-37.71458000 3.69644700 -9.75273900 / 0.32423600 -0.56958250 -0.75527920 / 113 11 226 255 / 0.72526550 0.02264400
				-37.71458000 3.69644700 -9.75273900 / 0.32423600 -0.56958250 -0.75527920 / 113 11 226 255 / 0.72526550 0.02264400
				-36.99691000 2.13163500 -10.61655000 / 0.47836620 -0.85158910 -0.21438740 / 133 12 5 255 / 0.22413640 0.00161740
				-36.86478000 2.20586100 -10.61652000 / 0.47836620 -0.85161300 -0.21429200 / 133 12 5 255 / 0.22413640 0.02293400
				-36.86478000 2.20586100 -10.61652000 / 0.47836620 -0.85161300 -0.21429200 / 133 12 5 255 / 0.22413640 0.02293400
				-36.83725000 2.15755500 -10.36310000 / 0.47837590 -0.85160650 -0.21429640 / 133 13 70 255 / 0.26542660 0.02293400
				-36.99426000 2.43290000 -10.36504000 / -0.00305160 0.00526880 0.99998150 / 186 20 70 255 / 0.18292240 0.02293400
				-36.99426000 2.43290000 -10.36504000 / -0.00305160 0.00526880 0.99998150 / 186 20 70 255 / 0.18292240 0.02293400
				-37.12675000 2.35896400 -10.36507000 / -0.00305160 0.00526880 0.99998150 / 186 20 70 255 / 0.18292240 0.00161740
				-36.96937000 2.08331100 -10.36311000 / -0.00305160 0.00526880 0.99998150 / 186 20 70 255 / 0.26542660 0.00161740
				-36.96937000 2.08331100 -10.36311000 / -0.00305160 0.00526880 0.99998150 / 186 20 70 255 / 0.26542660 0.00161740
				-36.83725000 2.15755700 -10.36310000 / -0.00305160 0.00526880 0.99998150 / 185 20 70 255 / 0.26542660 0.02293400
				-34.39940000 -2.42380200 -10.75423000 / -0.86978680 -0.49342760 -0.00019070 / 217 94 0 255 / 0.37756350 0.07115171
				-34.39940000 -2.42380200 -10.75423000 / -0.86978680 -0.49342760 -0.00019070 / 217 94 0 255 / 0.37756350 0.07115171
				-34.39940000 -2.42380200 -10.75423000 / -0.86978680 -0.49342760 -0.00019070 / 217 94 0 255 / 0.37756350 0.07115171
				-34.39940000 -2.42380200 -10.75423000 / -0.86978680 -0.49342760 -0.00019070 / 217 94 0 255 / 0.37756350 0.07115171
				-37.02061000 2.47957600 -10.61601000 / -0.47646220 0.85402710 0.20885750 / 153 68 5 255 / 0.14233400 0.02293400
				-37.02061000 2.47957600 -10.61601000 / -0.47646220 0.85402710 0.20885750 / 153 68 5 255 / 0.14233400 0.02293400
				-37.15311000 2.40565300 -10.61604000 / -0.47645270 0.85401000 0.20894870 / 153 73 5 255 / 0.14233400 0.00161740
				-37.12675000 2.35896400 -10.36507000 / -0.47646220 0.85402710 0.20885750 / 153 68 70 255 / 0.18292240 0.00161740
				-37.12675000 2.35896400 -10.36507000 / -0.47646220 0.85402710 0.20885750 / 153 68 70 255 / 0.18292240 0.00161740
				-37.68503000 3.64447700 -9.70098900 / 0.32310840 -0.56915900 -0.75608120 / 113 11 240 255 / 0.72967530 0.02264400
				-36.99426000 2.43290000 -10.36504000 / -0.47646220 0.85402710 0.20885750 / 153 63 70 255 / 0.18292240 0.02293400
				-37.09137000 2.60298700 -10.61600000 / 0.00000000 -0.00016690 1.00000000 / 183 25 5 255 / 0.10531620 0.02293400
				-37.09137000 2.60298700 -10.61600000 / 0.00000000 -0.00016690 1.00000000 / 183 25 5 255 / 0.10531620 0.02293400
				-37.22354000 2.52943800 -10.61603000 / 0.00000000 -0.00014300 1.00000000 / 184 22 5 255 / 0.10531620 0.00161740
				-37.15311000 2.40565600 -10.61604000 / 0.00000000 -0.00016690 1.00000000 / 183 25 5 255 / 0.14233400 0.00161740
				-37.15311000 2.40565600 -10.61604000 / 0.00000000 -0.00016690 1.00000000 / 183 25 5 255 / 0.14233400 0.00161740
				-37.02062000 2.47957600 -10.61601000 / 0.00000000 -0.00016690 1.00000000 / 183 29 5 255 / 0.14233400 0.02293400
				-37.11407000 2.64339200 -10.80595000 / -0.47225540 0.84895350 0.23717680 / 151 61 0 255 / 0.07312010 0.02293400
				-37.11407000 2.64339200 -10.80595000 / -0.47225540 0.84895350 0.23717680 / 151 61 0 255 / 0.07312010 0.02293400
				-34.39656000 -2.42876100 -10.93294000 / -0.86900650 -0.49480060 0.00028610 / 217 95 0 255 / 0.38182070 0.08959960
				-34.39656000 -2.42876100 -10.93294000 / -0.86900650 -0.49480060 0.00028610 / 217 95 0 255 / 0.38182070 0.08959960
				-34.39656000 -2.42876100 -10.93294000 / -0.86900650 -0.49480060 0.00028610 / 217 95 0 255 / 0.38182070 0.08959960
				-37.24696000 2.56978600 -10.80694000 / -0.47189090 0.84912710 0.23728070 / 151 64 0 255 / 0.07312010 0.00161740
				-37.22356000 2.52943100 -10.61603000 / -0.47225540 0.84895350 0.23717680 / 151 61 5 255 / 0.10531620 0.00161740
				-37.22356000 2.52943100 -10.61603000 / -0.47225540 0.84895350 0.23717680 / 151 61 5 255 / 0.10531620 0.00161740
				-37.09137000 2.60298600 -10.61600000 / -0.47226610 0.84897260 0.23708670 / 151 59 5 255 / 0.10531620 0.02293400
				-37.17737000 2.44801700 -10.80696000 / 0.00572180 0.00333770 -0.99997810 / 103 8 0 255 / 0.10957340 0.00161740
				-37.17737000 2.44801700 -10.80696000 / 0.00572180 0.00333770 -0.99997810 / 103 8 0 255 / 0.10957340 0.00161740
				-37.81753000 3.57055700 -9.70197300 / 0.32539770 -0.57025660 -0.75427030 / 113 11 240 255 / 0.72967530 0.00160220
				-37.81753000 3.57055700 -9.70197300 / 0.32539770 -0.57025660 -0.75427030 / 113 11 240 255 / 0.72967530 0.00160220
				-37.24696000 2.56978400 -10.80694000 / 0.00572180 0.00338540 -0.99997790 / 103 8 0 255 / 0.07312010 0.00161740
				-37.11406000 2.64339900 -10.80595000 / 0.00572180 0.00333770 -0.99997810 / 103 8 0 255 / 0.07312010 0.02293400
				-37.11406000 2.64339900 -10.80595000 / 0.00572180 0.00333770 -0.99997810 / 103 8 0 255 / 0.07312010 0.02293400
				-37.04449000 2.52160700 -10.80594000 / 0.00572180 0.00329000 -0.99997820 / 103 8 0 255 / 0.10957340 0.02293400
				-36.28108000 0.87637030 -11.44952000 / 0.00572180 0.00318870 -0.99997850 / 112 6 0 255 / 0.08033750 0.00158690
				-36.28108000 0.87637030 -11.44952000 / 0.00572180 0.00318870 -0.99997850 / 112 6 0 255 / 0.08033750 0.00158690
				-36.42952000 1.13612600 -11.44953000 / 0.00572180 0.00319470 -0.99997850 / 112 6 0 255 / 0.03715520 0.00158690
				-37.26756000 2.60585400 -9.71758300 / 0.47493220 -0.84433970 -0.24805190 / 135 16 235 255 / 0.57968140 0.00160220
				-37.26756000 2.60585400 -9.71758300 / 0.47493220 -0.84433970 -0.24805190 / 135 16 235 255 / 0.57968140 0.00160220
				-36.29664000 1.20974100 -11.44855000 / 0.00572180 0.00319470 -0.99997850 / 112 6 0 255 / 0.03715520 0.02261350
				-36.29664000 1.20974100 -11.44855000 / 0.00572180 0.00319470 -0.99997850 / 112 6 0 255 / 0.03715520 0.02261350
				-36.14933000 0.95092830 -11.44855000 / 0.00572180 0.00318870 -0.99997850 / 112 6 0 255 / 0.08033750 0.02261350
				-36.03294000 0.44048150 -10.60966000 / 0.47837200 -0.84910200 -0.22402230 / 129 16 7 255 / 0.34165950 0.00158690
				-36.03294000 0.44048150 -10.60966000 / 0.47837200 -0.84910200 -0.22402230 / 129 16 7 255 / 0.34165950 0.00158690
				-36.06417000 0.49576750 -10.88603000 / 0.47874180 -0.84892030 -0.22392140 / 129 19 0 255 / 0.27058410 0.00158690
				-35.93204000 0.57000910 -10.88505000 / 0.47873400 -0.84890040 -0.22401320 / 129 16 0 255 / 0.27058410 0.02261350
				-35.93204000 0.57000910 -10.88505000 / 0.47873400 -0.84890040 -0.22401320 / 129 16 0 255 / 0.27058410 0.02261350
				-37.84671000 3.62221200 -9.75373800 / 0.32654720 -0.57071850 -0.75342380 / 113 12 226 255 / 0.72526550 0.00160220
				-35.90051000 0.51509600 -10.60966000 / 0.47836420 -0.84908220 -0.22411400 / 129 14 7 255 / 0.34165950 0.02261350
				-36.20295000 0.73901370 -10.61896000 / 0.48676400 -0.86471780 -0.12378910 / 115 8 4 255 / 0.28973390 0.00158690
				-36.20295000 0.73901370 -10.61896000 / 0.48676400 -0.86471780 -0.12378910 / 115 8 4 255 / 0.28973390 0.00158690
				-36.21145000 0.75391160 -10.75422000 / 0.48522900 -0.86529180 -0.12578950 / 114 8 0 255 / 0.25665280 0.00158690
				-36.07931000 0.82814470 -10.75520000 / 0.48713430 -0.86453710 -0.12359560 / 115 8 0 255 / 0.25665280 0.02261350
				-36.07931000 0.82814470 -10.75520000 / 0.48713430 -0.86453710 -0.12359560 / 115 8 0 255 / 0.25665280 0.02261350
				-34.53941000 -2.17823900 -10.61655000 / -0.86865660 -0.49541460 0.00019070 / 217 95 4 255 / 0.32063290 0.04206850
				-34.53941000 -2.17823900 -10.61655000 / -0.86865660 -0.49541460 0.00019070 / 217 95 4 255 / 0.32063290 0.04206850
				-34.53941000 -2.17823900 -10.61655000 / -0.86865660 -0.49541460 0.00019070 / 217 95 4 255 / 0.32063290 0.04206850
				-34.53941000 -2.17823900 -10.61655000 / -0.86865660 -0.49541460 0.00019070 / 217 95 4 255 / 0.32063290 0.04206850
				-34.53941000 -2.17823900 -10.61655000 / -0.86865660 -0.49541460 0.00019070 / 217 95 4 255 / 0.32063290 0.04206850
				-36.07119000 0.81356610 -10.61896000 / 0.48867060 -0.86395340 -0.12159540 / 115 8 4 255 / 0.28973390 0.02261350
				-36.21894000 1.07337400 -10.61653000 / 0.00381490 -0.00709320 0.99996750 / 216 15 5 255 / 0.24700930 0.02261350
				-36.21894000 1.07337400 -10.61653000 / 0.00381490 -0.00709320 0.99996750 / 216 15 5 255 / 0.24700930 0.02261350
				-36.35147000 0.99946310 -10.61652000 / 0.00419630 -0.00708730 0.99996610 / 217 15 5 255 / 0.24700930 0.00158690
				-36.20295000 0.73900260 -10.61896000 / 0.00381490 -0.00708730 0.99996750 / 216 15 4 255 / 0.28973390 0.00158690
				-36.20295000 0.73900260 -10.61896000 / 0.00381490 -0.00708730 0.99996750 / 216 15 4 255 / 0.28973390 0.00158690
				-36.07119000 0.81356270 -10.61896000 / 0.00381490 -0.00708730 0.99996750 / 216 14 4 255 / 0.28973390 0.02261350
				-36.42953000 1.13612100 -11.44953000 / -0.47722670 0.85900090 0.18539740 / 145 69 0 255 / 0.03715520 0.00158690
				-36.42953000 1.13612100 -11.44953000 / -0.47722670 0.85900090 0.18539740 / 145 69 0 255 / 0.03715520 0.00158690
				-37.72362000 3.40574300 -9.51399200 / 0.48216550 -0.85265860 -0.20122020 / 123 9 255 255 / 0.74891660 0.00160220
				-37.72362000 3.40574300 -9.51399200 / 0.48216550 -0.85265860 -0.20122020 / 123 9 255 255 / 0.74891660 0.00160220
				-36.35146000 0.99946340 -10.61652000 / -0.47874300 0.85809560 0.18567980 / 145 71 5 255 / 0.24700930 0.00158690
				-36.21895000 1.07338600 -10.61653000 / -0.47837660 0.85831930 0.18559030 / 145 69 5 255 / 0.24700930 0.02261350
				-36.21895000 1.07338600 -10.61653000 / -0.47837660 0.85831930 0.18559030 / 145 69 5 255 / 0.24700930 0.02261350
				-36.29664000 1.20973400 -11.44855000 / -0.47722040 0.85902540 0.18529960 / 145 67 0 255 / 0.03715520 0.02261350
				-34.39090000 -2.43869300 -10.61899000 / -0.86865660 -0.49541460 0.00009540 / 217 95 3 255 / 0.38249210 0.04454040
				-35.87106000 0.15652330 -10.83380000 / 0.45393950 -0.80515860 0.38165250 / 121 13 0 255 / 0.22195430 0.02192690
				-35.87106000 0.15652330 -10.83380000 / 0.45393950 -0.80515860 0.38165250 / 121 13 0 255 / 0.22195430 0.02192690
				-35.86221000 0.14131700 -10.87629000 / 0.45394560 -0.80470000 0.38261130 / 122 14 0 255 / 0.20935060 0.02192690
				-35.73045000 0.21588130 -10.87578000 / 0.45356840 -0.80689210 0.37841870 / 121 13 0 255 / 0.20935060 0.00000000
				-35.73045000 0.21588130 -10.87578000 / 0.45356840 -0.80689210 0.37841870 / 121 13 0 255 / 0.20935060 0.00000000
				-35.73864000 0.23114290 -10.83330000 / 0.45356230 -0.80734460 0.37745990 / 120 12 0 255 / 0.22195430 0.00000000
				-35.86339000 0.14295750 -10.79914000 / 0.44936220 -0.79401620 -0.40940410 / 108 11 0 255 / 0.23114010 0.02192690
				-35.86339000 0.14295750 -10.79914000 / 0.44936220 -0.79401620 -0.40940410 / 108 11 0 255 / 0.23114010 0.02192690
				-35.87106000 0.15652330 -10.83380000 / 0.44898060 -0.79383850 -0.41016680 / 108 13 0 255 / 0.22195430 0.02192690
				-35.73864000 0.23114290 -10.83330000 / 0.45052040 -0.79487190 -0.40646020 / 108 11 0 255 / 0.22195430 0.00000000
				-35.73864000 0.23114290 -10.83330000 / 0.45052040 -0.79487190 -0.40646020 / 108 11 0 255 / 0.22195430 0.00000000
				-37.74234000 3.43954700 -9.70343800 / 0.48370040 -0.85210230 -0.19988880 / 123 9 239 255 / 0.70947270 0.00160220
				-35.73094000 0.21756250 -10.79814000 / 0.45089530 -0.79500340 -0.40578670 / 108 9 0 255 / 0.23114010 0.00000000
				-35.78413000 0.00465570 -10.80305000 / -0.28037110 0.51156030 -0.81221800 / 102 22 0 255 / 0.22384640 0.02192690
				-35.78413000 0.00465570 -10.80305000 / -0.28037110 0.51156030 -0.81221800 / 102 22 0 255 / 0.22384640 0.02192690
				-34.41436000 -2.39766900 -11.00521000 / -0.86829580 -0.49604640 0.00057230 / 217 95 0 255 / 0.37290950 0.10005190
				-34.41436000 -2.39766900 -11.00521000 / -0.86829580 -0.49604640 0.00057230 / 217 95 0 255 / 0.37290950 0.10005190
				-35.80723000 0.04537420 -10.76936000 / -0.28114820 0.51212810 -0.81159130 / 102 22 0 255 / 0.23501590 0.02192690
				-35.67541000 0.11924410 -10.76838000 / -0.27846980 0.51029650 -0.81366600 / 102 22 0 255 / 0.23501590 0.00000000
				-35.67541000 0.11924410 -10.76838000 / -0.27846980 0.51029650 -0.81366600 / 102 22 0 255 / 0.23501590 0.00000000
				-35.65194000 0.07820370 -10.80207000 / -0.27771890 0.50973670 -0.81427320 / 102 23 0 255 / 0.22384640 0.00000000
				-35.77558000 -0.01092700 -10.85725000 / -0.46044050 0.83142950 -0.31099760 / 110 53 0 255 / 0.20803830 0.02192690
				-35.77558000 -0.01092700 -10.85725000 / -0.46044050 0.83142950 -0.31099760 / 110 53 0 255 / 0.20803830 0.02192690
				-35.78413000 0.00465570 -10.80305000 / -0.46006550 0.83142110 -0.31157420 / 110 58 0 255 / 0.22384640 0.02192690
				-35.65194000 0.07820370 -10.80207000 / -0.46120480 0.83157500 -0.30947260 / 110 53 0 255 / 0.22384640 0.00000000
				-35.65194000 0.07820370 -10.80207000 / -0.46120480 0.83157500 -0.30947260 / 110 53 0 255 / 0.22384640 0.00000000
				-35.64308000 0.06299440 -10.85626000 / -0.46158360 0.83161350 -0.30880330 / 109 48 0 255 / 0.20803830 0.00000000
				-35.63476000 -0.25780440 -10.85186000 / 0.01487680 -0.01333610 -0.99980040 / 108 4 0 255 / 0.19865420 0.02192690
				-35.63476000 -0.25780440 -10.85186000 / 0.01487680 -0.01333610 -0.99980040 / 108 4 0 255 / 0.19865420 0.02192690
				-37.61059000 3.51410500 -9.70246900 / 0.48255400 -0.85252800 -0.20084170 / 123 9 239 255 / 0.70947270 0.02264400
				-37.61059000 3.51410500 -9.70246900 / 0.48255400 -0.85252800 -0.20084170 / 123 9 239 255 / 0.70947270 0.02264400
				-35.77559000 -0.01093080 -10.85725000 / 0.01487680 -0.01333300 -0.99980040 / 108 4 0 255 / 0.20803830 0.02192690
				-35.73856000 0.23045510 -11.27861000 / 0.01297010 -0.02297930 0.99965180 / 130 11 0 255 / 0.09756470 0.00000000
				-35.73856000 0.23045510 -11.27861000 / 0.01297010 -0.02297930 0.99965180 / 130 11 0 255 / 0.09756470 0.00000000
				-35.73856000 0.23045510 -11.27861000 / 0.01297010 -0.02297930 0.99965180 / 130 11 0 255 / 0.09756470 0.00000000
				-34.43658000 -2.35895900 -11.15659000 / -0.86891420 -0.49496260 0.00047680 / 218 94 0 255 / 0.36186220 0.12287900
				-34.43658000 -2.35895900 -11.15659000 / -0.86891420 -0.49496260 0.00047680 / 218 94 0 255 / 0.36186220 0.12287900
				-34.43658000 -2.35895900 -11.15659000 / -0.86891420 -0.49496260 0.00047680 / 218 94 0 255 / 0.36186220 0.12287900
				-35.64308000 0.06299440 -10.85626000 / 0.01487680 -0.01333390 -0.99980040 / 108 4 0 255 / 0.20803830 0.00000000
				-35.64308000 0.06299440 -10.85626000 / 0.01487680 -0.01333390 -0.99980040 / 108 4 0 255 / 0.20803830 0.00000000
				-35.50264000 -0.18356150 -10.85091000 / 0.01487680 -0.01333760 -0.99980040 / 108 5 0 255 / 0.19865420 0.00000000
				-35.81854000 0.06522500 -11.20246000 / -0.41427010 0.75051810 -0.51488130 / 98 44 0 255 / 0.11491390 0.02192690
				-35.81854000 0.06522500 -11.20246000 / -0.41427010 0.75051810 -0.51488130 / 98 44 0 255 / 0.11491390 0.02192690
				-35.83067000 0.08639730 -11.16193000 / -0.41352520 0.75032420 -0.51576200 / 99 46 0 255 / 0.12725830 0.02192690
				-35.69849000 0.15995810 -11.16094000 / -0.41581020 0.75154600 -0.51213320 / 98 44 0 255 / 0.12725830 0.00000000
				-35.69849000 0.15995810 -11.16094000 / -0.41581020 0.75154600 -0.51213320 / 98 44 0 255 / 0.12725830 0.00000000
				-35.68636000 0.13878310 -11.20196000 / -0.41655530 0.75173270 -0.51125290 / 98 42 0 255 / 0.11491390 0.00000000
				-35.82256000 0.07182980 -11.24104000 / -0.47758920 0.85629430 0.19664320 / 104 59 0 255 / 0.10432430 0.02192690
				-35.82256000 0.07182980 -11.24104000 / -0.47758920 0.85629430 0.19664320 / 104 59 0 255 / 0.10432430 0.02192690
				-35.81854000 0.06522500 -11.20246000 / -0.47722950 0.85655840 0.19636600 / 104 63 0 255 / 0.11491390 0.02192690
				-35.68637000 0.13878080 -11.20196000 / -0.47759970 0.85606800 0.19760110 / 104 59 0 255 / 0.11491390 0.00000000
				-35.68637000 0.13878080 -11.20196000 / -0.47759970 0.85606800 0.19760110 / 104 59 0 255 / 0.11491390 0.00000000
				-37.59121000 3.48036100 -9.51398500 / 0.48066570 -0.85327710 -0.20218480 / 123 9 255 255 / 0.74891660 0.02264400
				-34.61747000 -2.04156700 -11.44953000 / -0.86903710 -0.49474650 0.00066760 / 218 94 0 255 / 0.28567500 0.16857910
				-34.61747000 -2.04156700 -11.44953000 / -0.86903710 -0.49474650 0.00066760 / 218 94 0 255 / 0.28567500 0.16857910
				-35.69005000 0.14575720 -11.24102000 / -0.47760070 0.85600130 0.19788770 / 104 56 0 255 / 0.10432430 0.00000000
				-35.70786000 0.17685320 -11.27031000 / -0.30860020 0.55265330 0.77417060 / 117 41 0 255 / 0.09750370 0.00000000
				-35.70786000 0.17685320 -11.27031000 / -0.30860020 0.55265330 0.77417060 / 117 41 0 255 / 0.09750370 0.00000000
				-35.84035000 0.10293700 -11.27034000 / -0.30860690 0.55275930 0.77409230 / 117 43 0 255 / 0.09750370 0.02192690
				-35.82256000 0.07182980 -11.24104000 / -0.30860900 0.55275110 0.77409730 / 117 41 0 255 / 0.10432430 0.02192690
				-35.82256000 0.07182980 -11.24104000 / -0.30860900 0.55275110 0.77409730 / 117 41 0 255 / 0.10432430 0.02192690
				-35.69006000 0.14575260 -11.24102000 / -0.30860190 0.55264610 0.77417510 / 116 38 0 255 / 0.10432430 0.00000000
				-35.93407000 0.57366350 -11.17411000 / 0.00343310 -0.00598400 0.99997630 / 149 16 0 255 / 0.14198300 0.00000000
				-35.93407000 0.57366350 -11.17411000 / 0.00343310 -0.00598400 0.99997630 / 149 16 0 255 / 0.14198300 0.00000000
				-36.06656000 0.49973640 -11.17412000 / 0.00343310 -0.00598400 0.99997630 / 150 15 0 255 / 0.14198300 0.02192690
				-35.92415000 0.25022410 -11.17608000 / 0.00343310 -0.00598400 0.99997630 / 149 16 0 255 / 0.13031010 0.02192690
				-35.92415000 0.25022410 -11.17608000 / 0.00343310 -0.00598400 0.99997630 / 149 16 0 255 / 0.13031010 0.02192690
				-35.79203000 0.32445510 -11.17608000 / 0.00343310 -0.00598100 0.99997630 / 148 16 0 255 / 0.13031010 0.00000000
				-35.53688000 -0.42921760 -11.97053000 / 0.00686670 -0.00377020 -0.99996930 / 113 1 0 255 / 0.91078180 0.02156070
				-35.53688000 -0.42921760 -11.97053000 / 0.00686670 -0.00377020 -0.99996930 / 113 1 0 255 / 0.91078180 0.02156070
				-34.46972000 -2.30139600 -11.44955000 / -0.86932460 -0.49424000 0.00123970 / 219 94 0 255 / 0.34674070 0.16729740
				-37.83576000 3.60266300 -9.52131600 / 0.47949990 -0.85664840 -0.19035040 / 118 13 255 255 / 0.77700800 0.00160220
				-37.83576000 3.60266300 -9.52131600 / 0.47949990 -0.85664840 -0.19035040 / 118 13 255 255 / 0.77700800 0.00160220
				-35.69264000 -0.15620510 -11.97295000 / 0.00915550 -0.00360170 -0.99995150 / 113 1 0 255 / 0.95500190 0.02156070
				-35.56013000 -0.08228610 -11.97199000 / 0.00839260 -0.00366880 -0.99995810 / 113 1 0 255 / 0.95500190 0.00000000
				-35.56013000 -0.08228610 -11.97199000 / 0.00839260 -0.00366880 -0.99995810 / 113 1 0 255 / 0.95500190 0.00000000
				-35.40474000 -0.35498450 -11.97005000 / 0.00572180 -0.00383840 -0.99997630 / 113 1 0 255 / 0.91078180 0.00000000
				-35.47011000 -0.54603340 -11.35722000 / 0.48025860 -0.85062100 -0.21399930 / 119 14 0 255 / 0.75024410 0.02156070
				-35.47011000 -0.54603340 -11.35722000 / 0.48025860 -0.85062100 -0.21399930 / 119 14 0 255 / 0.75024410 0.02156070
				-35.53688000 -0.42921760 -11.97053000 / 0.47911830 -0.85119130 -0.21428720 / 120 17 0 255 / 0.91078180 0.02156070
				-35.40474000 -0.35498450 -11.97005000 / 0.47913170 -0.85120620 -0.21419780 / 119 14 0 255 / 0.91078180 0.00000000
				-35.40474000 -0.35498450 -11.97005000 / 0.47913170 -0.85120620 -0.21419780 / 119 14 0 255 / 0.91078180 0.00000000
				-35.33799000 -0.47178490 -11.35580000 / 0.48027210 -0.85063580 -0.21390990 / 119 11 0 255 / 0.75024410 0.00000000
				-35.39932000 -0.67013440 -10.61405000 / 0.48331700 -0.85338050 -0.19531040 / 113 8 6 255 / 0.55915830 0.02156070
				-35.39932000 -0.67013440 -10.61405000 / 0.48331700 -0.85338050 -0.19531040 / 113 8 6 255 / 0.55915830 0.02156070
				-35.40854000 -0.65460530 -10.70487000 / 0.48332930 -0.85343790 -0.19502930 / 113 7 0 255 / 0.58285520 0.02156070
				-36.06416000 0.49576970 -10.88603000 / -0.86776610 -0.49697190 -0.00095360 / 211 102 0 255 / 0.24671940 0.04760740
				-36.06416000 0.49576970 -10.88603000 / -0.86776610 -0.49697190 -0.00095360 / 211 102 0 255 / 0.24671940 0.04760740
				-35.27648000 -0.57967470 -10.70538000 / 0.48294850 -0.85352260 -0.19560180 / 113 8 0 255 / 0.58285520 0.00000000
				-35.27648000 -0.57967470 -10.70538000 / 0.48294850 -0.85352260 -0.19560180 / 113 8 0 255 / 0.58285520 0.00000000
				-37.84666000 3.62151400 -9.63264500 / 0.47798960 -0.85712920 -0.19197790 / 117 10 255 255 / 0.75352480 0.00160220
				-35.26755000 -0.59558300 -10.61407000 / 0.48293860 -0.85346340 -0.19588390 / 113 10 6 255 / 0.55915830 0.00000000
				-35.42137000 -0.32551180 -10.61166000 / 0.00381490 -0.00669980 0.99997030 / 204 13 6 255 / 0.60183710 0.00000000
				-35.42137000 -0.32551180 -10.61166000 / 0.00381490 -0.00669980 0.99997030 / 204 13 6 255 / 0.60183710 0.00000000
				-35.55386000 -0.39943290 -10.61163000 / 0.00381490 -0.00669690 0.99997030 / 205 14 6 255 / 0.60183710 0.02156070
				-35.39933000 -0.67012980 -10.61405000 / 0.00381490 -0.00669980 0.99997030 / 204 13 6 255 / 0.55915830 0.02156070
				-35.39933000 -0.67012980 -10.61405000 / 0.00381490 -0.00669980 0.99997030 / 204 13 6 255 / 0.55915830 0.02156070
				-35.26755000 -0.59557530 -10.61407000 / 0.00381490 -0.00669980 0.99997030 / 204 12 6 255 / 0.55915830 0.00000000
				-35.69265000 -0.15620470 -11.97295000 / -0.47835270 0.85471360 0.20160240 / 133 65 0 255 / 0.95500190 0.02156070
				-35.69265000 -0.15620470 -11.97295000 / -0.47835270 0.85471360 0.20160240 / 133 65 0 255 / 0.95500190 0.02156070
				-35.55386000 -0.39944390 -10.61163000 / -0.47722120 0.85536700 0.20151250 / 134 70 6 255 / 0.60183710 0.02156070
				-35.42137000 -0.32551180 -10.61166000 / -0.47722480 0.85536460 0.20151400 / 133 65 6 255 / 0.60183710 0.00000000
				-35.42137000 -0.32551180 -10.61166000 / -0.47722480 0.85536460 0.20151400 / 133 65 6 255 / 0.60183710 0.00000000
				-36.03294000 0.44048150 -10.60966000 / -0.86830560 -0.49602820 -0.00114450 / 211 103 6 255 / 0.26063540 0.00749210
				-35.56013000 -0.08228610 -11.97199000 / -0.47835690 0.85471070 0.20160420 / 133 59 0 255 / 0.95500190 0.00000000
				-35.33652000 -0.78102590 -10.82841000 / 0.02250700 -0.02749000 -0.99936870 / 105 2 0 255 / 0.59066770 0.02156070
				-35.33652000 -0.78102590 -10.82841000 / 0.02250700 -0.02749000 -0.99936870 / 105 2 0 255 / 0.59066770 0.02156070
				-37.71415000 3.69544100 -9.63262200 / 0.47989260 -0.85659680 -0.18959190 / 118 13 255 255 / 0.75352480 0.02264400
				-37.71415000 3.69544100 -9.63262200 / 0.47989260 -0.85659680 -0.18959190 / 118 13 255 255 / 0.75352480 0.02264400
				-35.38466000 -0.69664820 -10.83182000 / 0.02250700 -0.02749600 -0.99936850 / 106 3 0 255 / 0.60493470 0.02156070
				-35.25254000 -0.62240370 -10.83087000 / 0.02250700 -0.02748410 -0.99936880 / 105 2 0 255 / 0.60493470 0.00000000
				-35.25254000 -0.62240370 -10.83087000 / 0.02250700 -0.02748410 -0.99936880 / 105 2 0 255 / 0.60493470 0.00000000
				-35.20400000 -0.70711540 -10.82745000 / 0.02250700 -0.02747810 -0.99936900 / 105 1 0 255 / 0.59066770 0.00000000
				-35.31029000 -0.82632770 -10.87527000 / -0.32082240 0.58481660 -0.74502520 / 109 23 0 255 / 0.59457400 0.02156070
				-35.31029000 -0.82632770 -10.87527000 / -0.32082240 0.58481660 -0.74502520 / 109 23 0 255 / 0.59457400 0.02156070
				-35.33652000 -0.78101800 -10.82841000 / -0.32080790 0.58486760 -0.74499140 / 109 25 0 255 / 0.59066770 0.02156070
				-35.20400000 -0.70711540 -10.82745000 / -0.32044130 0.58478150 -0.74521680 / 109 23 0 255 / 0.59066770 0.00000000
				-35.20400000 -0.70711540 -10.82745000 / -0.32044130 0.58478150 -0.74521680 / 109 23 0 255 / 0.59066770 0.00000000
				-35.17772000 -0.75309650 -10.87482000 / -0.32043300 0.58468900 -0.74529290 / 109 22 0 255 / 0.59457400 0.00000000
				-36.07624000 0.51626500 -10.59306000 / -0.86833160 -0.49598340 -0.00085840 / 211 103 10 255 / 0.24510190 0.00537110
				-36.07624000 0.51626500 -10.59306000 / -0.86833160 -0.49598340 -0.00085840 / 211 103 10 255 / 0.24510190 0.00537110
				-36.07624000 0.51626500 -10.59306000 / -0.86833160 -0.49598340 -0.00085840 / 211 103 10 255 / 0.24510190 0.00537110
				-35.25382000 -0.61939440 -11.24152000 / -0.13733510 0.24657730 0.95934280 / 163 20 0 255 / 0.70030210 0.00000000
				-35.25382000 -0.61939440 -11.24152000 / -0.13733510 0.24657730 0.95934280 / 163 20 0 255 / 0.70030210 0.00000000
				-35.38632000 -0.69332300 -11.24149000 / -0.13732620 0.24645400 0.95937590 / 163 23 0 255 / 0.70030210 0.02156070
				-35.34784000 -0.76118790 -11.21854000 / -0.13732480 0.24649320 0.95936600 / 163 20 0 255 / 0.68405150 0.02156070
				-35.34784000 -0.76118790 -11.21854000 / -0.13732480 0.24649320 0.95936600 / 163 20 0 255 / 0.68405150 0.02156070
				-37.70362000 3.67691100 -9.52130100 / 0.48103870 -0.85629000 -0.18806670 / 118 15 255 255 / 0.77700800 0.02264400
				-35.21535000 -0.68725400 -11.21856000 / -0.13733390 0.24661090 0.95933430 / 163 17 0 255 / 0.68405150 0.00000000
				-35.28542000 -0.56378630 -11.21467000 / 0.18958300 -0.33844580 0.92169020 / 172 6 0 255 / 0.70288090 0.00000000
				-35.28542000 -0.56378630 -11.21467000 / 0.18958300 -0.33844580 0.92169020 / 172 6 0 255 / 0.70288090 0.00000000
				-35.41786000 -0.63840560 -11.21465000 / 0.19149220 -0.33993910 0.92074540 / 172 7 0 255 / 0.70288090 0.02156070
				-35.38632000 -0.69332390 -11.24149000 / 0.19074230 -0.33941410 0.92109470 / 172 6 0 255 / 0.70030210 0.02156070
				-35.38632000 -0.69332390 -11.24149000 / 0.19074230 -0.33941410 0.92109470 / 172 6 0 255 / 0.70030210 0.02156070
				-35.25381000 -0.61938750 -11.24152000 / 0.18883070 -0.33794610 0.92202790 / 172 5 0 255 / 0.70030210 0.00000000
				-36.27253000 0.86078760 -10.08820000 / 0.00572180 0.00321850 -0.99997850 / 119 3 141 255 / 0.50538640 0.00160220
				-36.27253000 0.86078760 -10.08820000 / 0.00572180 0.00321850 -0.99997850 / 119 3 141 255 / 0.50538640 0.00160220
				-36.10136000 0.56063010 -10.87333000 / -0.86790110 -0.49673630 -0.00066760 / 211 103 0 255 / 0.23326110 0.04592900
				-36.10136000 0.56063010 -10.87333000 / -0.86790110 -0.49673630 -0.00066760 / 211 103 0 255 / 0.23326110 0.04592900
				-36.10136000 0.56063010 -10.87333000 / -0.86790110 -0.49673630 -0.00066760 / 211 103 0 255 / 0.23326110 0.04592900
				-36.37370000 1.03817300 -10.08820000 / 0.00572180 0.00321850 -0.99997850 / 119 2 141 255 / 0.53215030 0.00160220
				-36.24118000 1.11209100 -10.08722000 / 0.00572180 0.00321850 -0.99997850 / 119 3 141 255 / 0.53215030 0.02264400
				-36.24118000 1.11209100 -10.08722000 / 0.00572180 0.00321850 -0.99997850 / 119 3 141 255 / 0.53215030 0.02264400
				-36.14040000 0.93502940 -10.08723000 / 0.00572180 0.00321850 -0.99997850 / 119 4 141 255 / 0.50538640 0.02264400
				-36.14040000 0.93503360 -10.08723000 / 0.47568960 -0.84402610 -0.24766760 / 125 15 141 255 / 0.50538640 0.02264400
				-36.14040000 0.93503360 -10.08723000 / 0.47568960 -0.84402610 -0.24766760 / 125 15 141 255 / 0.50538640 0.02264400
				-37.80159000 3.84901500 -9.51935600 / 0.00495920 -0.00863100 0.99995050 / 249 12 255 255 / 0.80345160 0.02264400
				-37.80159000 3.84901500 -9.51935600 / 0.00495920 -0.00863100 0.99995050 / 249 12 255 255 / 0.80345160 0.02264400
				-36.09385000 0.85327680 -9.72003900 / 0.47454430 -0.84453090 -0.24814390 / 125 16 235 255 / 0.57968140 0.02264400
				-36.22599000 0.77904370 -9.72003200 / 0.47492260 -0.84434660 -0.24804690 / 125 15 235 255 / 0.57968140 0.00160220
				-36.22599000 0.77904370 -9.72003200 / 0.47492260 -0.84434660 -0.24804690 / 125 15 235 255 / 0.57968140 0.00160220
				-36.27253000 0.86078760 -10.08820000 / 0.47606780 -0.84384140 -0.24757050 / 126 13 141 255 / 0.50538640 0.00160220
				-36.16324000 0.66882910 -9.69706000 / -0.19798930 0.36516790 -0.90964430 / 107 19 241 255 / 0.56851200 0.00160220
				-36.16324000 0.66882910 -9.69706000 / -0.19798930 0.36516790 -0.90964430 / 107 19 241 255 / 0.56851200 0.00160220
				-36.18430000 0.70589720 -9.67755900 / -0.19874570 0.36554340 -0.90932860 / 107 19 246 255 / 0.57887270 0.00160220
				-37.31413000 2.68759500 -10.08575000 / 0.47606540 -0.84384310 -0.24756930 / 136 18 141 255 / 0.50538640 0.00160220
				-36.05216000 0.78014330 -9.67657400 / -0.19683050 0.36381810 -0.91043620 / 107 19 246 255 / 0.57887270 0.02264400
				-36.05216000 0.78014330 -9.67657400 / -0.19683050 0.36381810 -0.91043620 / 107 19 246 255 / 0.57887270 0.02264400
				-36.03073000 0.74275860 -9.69611300 / -0.19645690 0.36345120 -0.91066350 / 107 18 241 255 / 0.56851200 0.02264400
				-36.15758000 0.65890600 -9.72685200 / -0.45243420 0.81635940 -0.35897190 / 104 47 234 255 / 0.55989070 0.00160220
				-36.15758000 0.65890600 -9.72685200 / -0.45243420 0.81635940 -0.35897190 / 104 47 234 255 / 0.55989070 0.00160220
				-36.16324000 0.66882910 -9.69706000 / -0.45317350 0.81641810 -0.35790410 / 104 51 241 255 / 0.56851200 0.00160220
				-36.03073000 0.74275860 -9.69611300 / -0.45051310 0.81501730 -0.36439680 / 104 47 241 255 / 0.56851200 0.02264400
				-36.03073000 0.74275860 -9.69611300 / -0.45051310 0.81501730 -0.36439680 / 104 47 241 255 / 0.56851200 0.02264400
				-37.93410000 3.77508800 -9.51934100 / 0.00495920 -0.00865480 0.99995020 / 249 13 255 255 / 0.80345160 0.00160220
				-36.02471000 0.73250840 -9.72638700 / -0.45012840 0.81476100 -0.36544320 / 104 42 234 255 / 0.55989070 0.02264400
				-36.15758000 0.65890280 -9.72685200 / -0.47568740 0.85750460 0.19597790 / 127 60 234 255 / 0.55989070 0.00160220
				-36.15758000 0.65890280 -9.72685200 / -0.47568740 0.85750460 0.19597790 / 127 60 234 255 / 0.55989070 0.00160220
				-36.02470000 0.73250800 -9.72638700 / -0.47568990 0.85750300 0.19597890 / 127 54 234 255 / 0.55989070 0.02264400
				-36.06066000 0.79502550 -10.08723000 / -0.47531530 0.85768820 0.19607710 / 127 60 141 255 / 0.48419190 0.02264400
				-36.06066000 0.79502550 -10.08723000 / -0.47531530 0.85768820 0.19607710 / 127 60 141 255 / 0.48419190 0.02264400
				-36.13209000 0.61421700 -10.61601000 / -0.86850010 -0.49568890 -0.00047680 / 211 103 4 255 / 0.22009280 0.00886540
				-36.13209000 0.61421700 -10.61601000 / -0.86850010 -0.49568890 -0.00047680 / 211 103 4 255 / 0.22009280 0.00886540
				-36.13209000 0.61421700 -10.61601000 / -0.86850010 -0.49568890 -0.00047680 / 211 103 4 255 / 0.22009280 0.00886540
				-36.19323000 0.72179030 -10.08820000 / -0.47530640 0.85767220 0.19616880 / 128 66 141 255 / 0.48419190 0.00160220
				-36.09206000 0.54441500 -10.08818000 / 0.00572180 0.00311120 -0.99997870 / 124 4 141 255 / 0.45745850 0.00160220
				-36.09206000 0.54441500 -10.08818000 / 0.00572180 0.00311120 -0.99997870 / 124 4 141 255 / 0.45745850 0.00160220
				-36.19323000 0.72179880 -10.08820000 / 0.00572180 0.00309930 -0.99997870 / 124 3 141 255 / 0.48419190 0.00160220
				-36.06067000 0.79502860 -10.08723000 / 0.00572180 0.00310530 -0.99997870 / 124 4 141 255 / 0.48419190 0.02264400
				-36.06067000 0.79502860 -10.08723000 / 0.00572180 0.00310530 -0.99997870 / 124 4 141 255 / 0.48419190 0.02264400
				-35.95993000 0.61865040 -10.08723000 / 0.00534040 0.00312320 -0.99998090 / 124 5 141 255 / 0.45745850 0.02264400
				-35.98690000 0.36043420 -9.70243800 / -0.21019210 0.38590240 -0.89827540 / 94 13 240 255 / 0.52047730 0.00160220
				-35.98690000 0.36043420 -9.70243800 / -0.21019210 0.38590240 -0.89827540 / 94 13 240 255 / 0.52047730 0.00160220
				-37.83577000 3.60266400 -9.52131600 / 0.00495920 -0.00863100 0.99995050 / 249 12 255 255 / 0.77700800 0.00160220
				-37.83577000 3.60266400 -9.52131600 / 0.00495920 -0.00863100 0.99995050 / 249 12 255 255 / 0.77700800 0.00160220
				-36.00672000 0.39517680 -9.68290700 / -0.20981130 0.38543590 -0.89856460 / 94 15 245 255 / 0.53050230 0.00160220
				-35.87458000 0.46941350 -9.68192300 / -0.21209990 0.38751270 -0.89713300 / 94 13 245 255 / 0.53050230 0.02264400
				-35.87458000 0.46941350 -9.68192300 / -0.21209990 0.38751270 -0.89713300 / 94 13 245 255 / 0.53050230 0.02264400
				-35.85470000 0.43398020 -9.70196600 / -0.21248060 0.38797330 -0.89684380 / 94 11 240 255 / 0.52047730 0.02264400
				-36.14827000 0.64269650 -10.86895000 / -0.86864890 -0.49542810 -0.00009540 / 212 103 0 255 / 0.21047970 0.04470820
				-36.14827000 0.64269650 -10.86895000 / -0.86864890 -0.49542810 -0.00009540 / 212 103 0 255 / 0.21047970 0.04470820
				-36.14827000 0.64269650 -10.86895000 / -0.86864890 -0.49542810 -0.00009540 / 212 103 0 255 / 0.21047970 0.04470820
				-36.14827000 0.64269650 -10.86895000 / -0.86864890 -0.49542810 -0.00009540 / 212 103 0 255 / 0.21047970 0.04470820
				-35.98234000 0.35145160 -9.73075100 / -0.45698990 0.82361840 -0.33587620 / 99 43 233 255 / 0.51240540 0.00160220
				-35.98234000 0.35145160 -9.73075100 / -0.45698990 0.82361840 -0.33587620 / 99 43 233 255 / 0.51240540 0.00160220
				-35.98690000 0.36042760 -9.70243800 / -0.45737510 0.82386940 -0.33473450 / 99 49 240 255 / 0.52047730 0.00160220
				-35.85471000 0.43397900 -9.70196600 / -0.45434140 0.82240600 -0.34237730 / 99 43 240 255 / 0.52047730 0.02264400
				-35.85471000 0.43397900 -9.70196600 / -0.45434140 0.82240600 -0.34237730 / 99 43 240 255 / 0.52047730 0.02264400
				-35.84946000 0.42505510 -9.73027000 / -0.45395990 0.82217930 -0.34342630 / 98 37 233 255 / 0.51240540 0.02264400
				-35.98234000 0.35145020 -9.73075100 / -0.47608230 0.85715320 0.19655560 / 124 57 233 255 / 0.51240540 0.00160220
				-35.98234000 0.35145020 -9.73075100 / -0.47608230 0.85715320 0.19655560 / 124 57 233 255 / 0.51240540 0.00160220
				-35.84946000 0.42505510 -9.73027000 / -0.47568870 0.85730710 0.19683670 / 124 49 233 255 / 0.51240540 0.02264400
				-35.88505000 0.48725580 -10.08720000 / -0.47722430 0.85662730 0.19607780 / 124 57 141 255 / 0.43756100 0.02264400
				-35.88505000 0.48725580 -10.08720000 / -0.47722430 0.85662730 0.19607780 / 124 57 141 255 / 0.43756100 0.02264400
				-37.70362000 3.67691100 -9.52130100 / 0.00457780 -0.00860710 0.99995250 / 249 11 255 255 / 0.77700800 0.02264400
				-36.01724000 0.41371030 -10.08818000 / -0.47797650 0.85627430 0.19578730 / 125 64 141 255 / 0.43756100 0.00160220
				-35.91646000 0.23664770 -10.08818000 / 0.00572180 0.00322450 -0.99997850 / 129 3 141 255 / 0.41084290 0.00160220
				-35.91646000 0.23664770 -10.08818000 / 0.00572180 0.00322450 -0.99997850 / 129 3 141 255 / 0.41084290 0.00160220
				-35.87071000 0.15621810 -11.27863000 / 0.01373250 -0.02418840 0.99961310 / 132 10 0 255 / 0.09756470 0.02192690
				-35.87071000 0.15621810 -11.27863000 / 0.01373250 -0.02418840 0.99961310 / 132 10 0 255 / 0.09756470 0.02192690
				-35.87071000 0.15621810 -11.27863000 / 0.01373250 -0.02418840 0.99961310 / 132 10 0 255 / 0.09756470 0.02192690
				-36.18183000 0.70125110 -10.68341000 / -0.86896510 -0.49487240 -0.00095360 / 211 103 0 255 / 0.19711300 0.01910400
				-36.18183000 0.70125110 -10.68341000 / -0.86896510 -0.49487240 -0.00095360 / 211 103 0 255 / 0.19711300 0.01910400
				-36.01726000 0.41371570 -10.08818000 / 0.00572180 0.00321850 -0.99997850 / 129 2 141 255 / 0.43756100 0.00160220
				-35.88505000 0.48725580 -10.08720000 / 0.00572180 0.00322150 -0.99997850 / 129 3 141 255 / 0.43756100 0.02264400
				-35.88505000 0.48725580 -10.08720000 / 0.00572180 0.00322150 -0.99997850 / 129 3 141 255 / 0.43756100 0.02264400
				-35.78433000 0.31088590 -10.08720000 / 0.00572180 0.00322740 -0.99997850 / 129 3 141 255 / 0.41084290 0.02264400
				-35.77183000 0.28939810 -9.53446200 / 0.33569790 -0.59631370 0.72918920 / 219 10 255 255 / 0.53804020 0.02264400
				-35.77183000 0.28939810 -9.53446200 / 0.33569790 -0.59631370 0.72918920 / 219 10 255 255 / 0.53804020 0.02264400
				-35.90425000 0.21477940 -9.53449300 / 0.33570660 -0.59640230 0.72911270 / 219 10 255 255 / 0.53804020 0.00160220
				-35.88198000 0.17538460 -9.57697300 / 0.33568530 -0.59635410 0.72916200 / 219 10 255 255 / 0.52207950 0.00160220
				-35.88198000 0.17538460 -9.57697300 / 0.33568530 -0.59635410 0.72916200 / 219 10 255 255 / 0.52207950 0.00160220
				-35.74954000 0.24999880 -9.57694200 / 0.33569960 -0.59630800 0.72919310 / 219 10 255 255 / 0.52207950 0.02264400
				-36.21872000 0.76647860 -9.52716000 / 0.48331890 -0.87035910 -0.09422239 / 128 8 255 255 / 0.62294010 0.00160220
				-36.21872000 0.76647860 -9.52716000 / 0.48331890 -0.87035910 -0.09422239 / 128 8 255 255 / 0.62294010 0.00160220
				-37.85867000 3.94929800 -10.08673000 / -0.47569530 0.85661870 0.19979580 / 142 66 141 255 / 0.68478400 0.02264400
				-37.85867000 3.94929800 -10.08673000 / -0.47569530 0.85661870 0.19979580 / 142 66 141 255 / 0.68478400 0.02264400
				-36.22161000 0.77212780 -9.60235600 / 0.48827450 -0.86863650 -0.08401760 / 128 8 255 255 / 0.60639960 0.00160220
				-36.21145000 0.75390900 -10.75422000 / -0.86931760 -0.49425390 -0.00038140 / 213 103 0 255 / 0.17379760 0.03738400
				-36.21145000 0.75390900 -10.75422000 / -0.86931760 -0.49425390 -0.00038140 / 213 103 0 255 / 0.17379760 0.03738400
				-36.21145000 0.75390900 -10.75422000 / -0.86931760 -0.49425390 -0.00038140 / 213 103 0 255 / 0.17379760 0.03738400
				-36.21145000 0.75390900 -10.75422000 / -0.86931760 -0.49425390 -0.00038140 / 213 103 0 255 / 0.17379760 0.03738400
				-36.21145000 0.75390900 -10.75422000 / -0.86931760 -0.49425390 -0.00038140 / 213 103 0 255 / 0.17379760 0.03738400
				-36.21145000 0.75390900 -10.75422000 / -0.86931760 -0.49425390 -0.00038140 / 213 103 0 255 / 0.17379760 0.03738400
				-36.08949000 0.84636910 -9.60236400 / 0.47644800 -0.87249060 -0.10843100 / 128 8 255 255 / 0.60639960 0.02264400
				-36.08949000 0.84636910 -9.60236400 / 0.47644800 -0.87249060 -0.10843100 / 128 8 255 255 / 0.60639960 0.02264400
				-36.08535000 0.83839800 -9.52716900 / 0.47112640 -0.87406350 -0.11854460 / 128 8 255 255 / 0.62294010 0.02264400
				-36.17929000 1.00389600 -9.52862500 / -0.00381490 0.00678330 0.99996970 / 243 13 255 255 / 0.64759830 0.02264400
				-36.17929000 1.00389600 -9.52862500 / -0.00381490 0.00678330 0.99996970 / 243 13 255 255 / 0.64759830 0.02264400
				-36.31179000 0.92997570 -9.52863300 / -0.00381490 0.00681310 0.99996950 / 244 13 255 255 / 0.64759830 0.00160220
				-36.21872000 0.76647860 -9.52716000 / -0.00381490 0.00677730 0.99996970 / 243 13 255 255 / 0.62294010 0.00160220
				-36.21872000 0.76647860 -9.52716000 / -0.00381490 0.00677730 0.99996970 / 243 13 255 255 / 0.62294010 0.00160220
				-36.08534000 0.83839570 -9.52717600 / -0.00343340 0.00675350 0.99997130 / 243 12 255 255 / 0.62294010 0.02264400
				-36.24118000 1.11209500 -10.08722000 / -0.47645760 0.85186110 0.21753400 / 156 69 141 255 / 0.53215030 0.02264400
				-36.24118000 1.11209500 -10.08722000 / -0.47645760 0.85186110 0.21753400 / 156 69 141 255 / 0.53215030 0.02264400
				-36.37370000 1.03817400 -10.08820000 / -0.47683000 0.85167800 0.21743450 / 157 72 141 255 / 0.53215030 0.00160220
				-36.31179000 0.92997570 -9.52863300 / -0.47569300 0.85223970 0.21772400 / 156 69 255 255 / 0.64759830 0.00160220
				-36.31179000 0.92997570 -9.52863300 / -0.47569300 0.85223970 0.21772400 / 156 69 255 255 / 0.64759830 0.00160220
				-37.99154000 3.87568400 -10.08720000 / -0.47531330 0.85680850 0.19989100 / 142 71 141 255 / 0.68478400 0.00160220
				-36.18713000 0.71085660 -10.88606000 / -0.87004320 -0.49297520 0.00057210 / 213 103 0 255 / 0.18989560 0.04747010
				-36.18713000 0.71085660 -10.88606000 / -0.87004320 -0.49297520 0.00057210 / 213 103 0 255 / 0.18989560 0.04747010
				-36.17929000 1.00389600 -9.52862500 / -0.47532030 0.85242220 0.21782330 / 156 66 255 255 / 0.64759830 0.02264400
				-34.68184000 -1.92872100 -10.08723000 / -0.25482230 0.46730140 -0.84657840 / 124 25 141 255 / 0.33219910 0.00160220
				-34.68184000 -1.92872100 -10.08723000 / -0.25482230 0.46730140 -0.84657840 / 124 25 141 255 / 0.33219910 0.00160220
				-34.71133000 -1.87744400 -10.05011000 / -0.25443720 0.46684170 -0.84694780 / 124 26 150 255 / 0.34864810 0.00160220
				-34.57883000 -1.80352300 -10.04914000 / -0.25596870 0.46804400 -0.84582190 / 124 25 150 255 / 0.34864810 0.02264400
				-34.57883000 -1.80352300 -10.04914000 / -0.25596870 0.46804400 -0.84582190 / 124 25 150 255 / 0.34864810 0.02264400
				-34.54969000 -1.85448500 -10.08624000 / -0.25673190 0.46848570 -0.84534610 / 124 24 141 255 / 0.33219910 0.02264400
				-34.55555000 -2.15046300 -10.08432000 / -0.47683920 0.85575940 0.20074930 / 84 37 142 255 / 0.29920960 0.00160220
				-34.55555000 -2.15046300 -10.08432000 / -0.47683920 0.85575940 0.20074930 / 84 37 142 255 / 0.29920960 0.00160220
				-34.54743000 -2.16504300 -10.00327000 / -0.47721740 0.85532450 0.20170160 / 84 46 162 255 / 0.31604000 0.00160220
				-34.41492000 -2.09112600 -10.00322000 / -0.47644930 0.85624500 0.19960130 / 84 37 162 255 / 0.31604000 0.02264400
				-34.41492000 -2.09112600 -10.00322000 / -0.47644930 0.85624500 0.19960130 / 84 37 162 255 / 0.31604000 0.02264400
				-34.42267000 -2.07686000 -10.08330000 / -0.47606970 0.85667750 0.19864850 / 84 29 142 255 / 0.29920960 0.02264400
				-34.45963000 -2.31893100 -10.08431000 / 0.00572180 0.00331390 -0.99997810 / 115 1 142 255 / 0.27381900 0.00160220
				-34.45963000 -2.31893100 -10.08431000 / 0.00572180 0.00331390 -0.99997810 / 115 1 142 255 / 0.27381900 0.00160220
				-36.20861000 0.74893900 -10.93294000 / -0.86864890 -0.49542810 0.00000000 / 214 103 0 255 / 0.17829900 0.05613710
				-36.20861000 0.74893900 -10.93294000 / -0.86864890 -0.49542810 0.00000000 / 214 103 0 255 / 0.17829900 0.05613710
				-37.93410000 3.77508800 -9.51934100 / -0.47721260 0.85586420 0.19941080 / 142 66 255 255 / 0.80345160 0.00160220
				-37.93410000 3.77508800 -9.51934100 / -0.47721260 0.85586420 0.19941080 / 142 66 255 255 / 0.80345160 0.00160220
				-34.55555000 -2.15046300 -10.08432000 / 0.00572180 0.00329000 -0.99997820 / 115 1 142 255 / 0.29920960 0.00160220
				-34.42266000 -2.07685400 -10.08330000 / 0.00572180 0.00331390 -0.99997810 / 115 1 142 255 / 0.29920960 0.02264400
				-34.42266000 -2.07685400 -10.08330000 / 0.00572180 0.00331390 -0.99997810 / 115 1 142 255 / 0.29920960 0.02264400
				-34.32751000 -2.24468800 -10.08333000 / 0.00572180 0.00333770 -0.99997810 / 115 2 142 255 / 0.27381900 0.02264400
				-34.39854000 -2.42580600 -9.52767200 / 0.48065260 -0.84998740 -0.21562610 / 121 8 255 255 / 0.38883970 0.00160220
				-34.39854000 -2.42580600 -9.52767200 / 0.48065260 -0.84998740 -0.21562610 / 121 8 255 255 / 0.38883970 0.00160220
				-34.45963000 -2.31893100 -10.08431000 / 0.47950870 -0.85056050 -0.21591240 / 121 8 142 255 / 0.27381900 0.00160220
				-34.32750000 -2.24468500 -10.08333000 / 0.47988040 -0.85037620 -0.21581260 / 121 8 142 255 / 0.27381900 0.02264400
				-34.32750000 -2.24468500 -10.08333000 / 0.47988040 -0.85037620 -0.21581260 / 121 8 142 255 / 0.27381900 0.02264400
				-34.26677000 -2.35125700 -9.52766400 / 0.48066250 -0.85000490 -0.21553520 / 120 8 255 255 / 0.38883970 0.02264400
				-34.36718000 -2.17450600 -9.52764900 / 0.00000000 -0.00007150 1.00000000 / 237 10 255 255 / 0.41560360 0.02264400
				-34.36718000 -2.17450600 -9.52764900 / 0.00000000 -0.00007150 1.00000000 / 237 10 255 255 / 0.41560360 0.02264400
				-34.50006000 -2.24811500 -9.52768700 / -0.00038150 -0.00004770 0.99999980 / 237 10 255 255 / 0.41560360 0.00160220
				-36.22641000 0.78004270 -11.00519000 / -0.86868740 -0.49536070 -0.00009540 / 214 103 0 255 / 0.16893000 0.06730650
				-36.22641000 0.78004270 -11.00519000 / -0.86868740 -0.49536070 -0.00009540 / 214 103 0 255 / 0.16893000 0.06730650
				-36.22641000 0.78004270 -11.00519000 / -0.86868740 -0.49536070 -0.00009540 / 214 103 0 255 / 0.16893000 0.06730650
				-34.39854000 -2.42580600 -9.52767200 / 0.00000000 -0.00007150 1.00000000 / 237 10 255 255 / 0.38883970 0.00160220
				-34.39854000 -2.42580600 -9.52767200 / 0.00000000 -0.00007150 1.00000000 / 237 10 255 255 / 0.38883970 0.00160220
				-37.80159000 3.84901500 -9.51935600 / -0.47723140 0.85587410 0.19932330 / 142 61 255 255 / 0.80345160 0.02264400
				-34.26677000 -2.35125700 -9.52766400 / 0.00000000 -0.00009540 1.00000000 / 236 9 255 255 / 0.38883970 0.02264400
				-34.46109000 -2.00968800 -9.93048100 / -0.06408430 0.11410250 0.99139990 / 171 17 181 255 / 0.34547430 0.02264400
				-34.46109000 -2.00968800 -9.93048100 / -0.06408430 0.11410250 0.99139990 / 171 17 181 255 / 0.34547430 0.02264400
				-34.59323000 -2.08391700 -9.93049600 / -0.06446840 0.11436940 0.99134430 / 172 20 181 255 / 0.34547430 0.00160220
				-34.56608000 -2.13192600 -9.92319500 / -0.06408900 0.11430160 0.99137670 / 171 17 183 255 / 0.33988950 0.00160220
				-34.56608000 -2.13192600 -9.92319500 / -0.06408900 0.11430160 0.99137670 / 171 17 183 255 / 0.33988950 0.00160220
				-34.43357000 -2.05800000 -9.92314900 / -0.06408490 0.11403190 0.99140800 / 170 14 183 255 / 0.33988950 0.02264400
				-34.48289000 -1.97198100 -9.90507500 / 0.24565860 -0.43836610 0.86457330 / 165 11 187 255 / 0.35719300 0.02264400
				-34.48289000 -1.97198100 -9.90507500 / 0.24565860 -0.43836610 0.86457330 / 165 11 187 255 / 0.35719300 0.02264400
				-34.61503000 -2.04622400 -9.90558600 / 0.24070970 -0.43442660 0.86794720 / 166 13 187 255 / 0.35719300 0.00160220
				-34.59324000 -2.08391700 -9.93049600 / 0.24185710 -0.43548100 0.86709950 / 165 11 181 255 / 0.34547430 0.00160220
				-34.59324000 -2.08391700 -9.93049600 / 0.24185710 -0.43548100 0.86709950 / 165 11 181 255 / 0.34547430 0.00160220
				-36.35147000 0.99946310 -10.61652000 / -0.86864120 -0.49544160 0.00009540 / 214 104 4 255 / 0.11737060 0.00830080
				-36.35147000 0.99946310 -10.61652000 / -0.86864120 -0.49544160 0.00009540 / 214 104 4 255 / 0.11737060 0.00830080
				-36.35147000 0.99946310 -10.61652000 / -0.86864120 -0.49544160 0.00009540 / 214 104 4 255 / 0.11737060 0.00830080
				-36.35147000 0.99946310 -10.61652000 / -0.86864120 -0.49544160 0.00009540 / 214 104 4 255 / 0.11737060 0.00830080
				-34.46111000 -2.00968600 -9.93048100 / 0.24680540 -0.43939570 0.86372360 / 164 10 181 255 / 0.34547430 0.02264400
				-34.55374000 -1.84719700 -9.52764100 / 0.00000000 -0.00008340 1.00000000 / 234 9 255 255 / 0.46513370 0.02264400
				-34.55374000 -1.84719700 -9.52764100 / 0.00000000 -0.00008340 1.00000000 / 234 9 255 255 / 0.46513370 0.02264400
				-37.41953000 3.17850100 -9.91779300 / 0.01411500 -0.02489200 0.99959050 / 120 29 184 255 / 0.60792540 0.02264400
				-37.41953000 3.17850100 -9.91779300 / 0.01411500 -0.02489200 0.99959050 / 120 29 184 255 / 0.60792540 0.02264400
				-34.68626000 -1.92111300 -9.52765700 / 0.00000000 -0.00008340 1.00000000 / 234 10 255 255 / 0.46513370 0.00160220
				-34.58308000 -2.10213600 -9.52766400 / 0.00000000 -0.00007150 1.00000000 / 234 9 255 255 / 0.43778990 0.00160220
				-34.58308000 -2.10213600 -9.52766400 / 0.00000000 -0.00007150 1.00000000 / 234 9 255 255 / 0.43778990 0.00160220
				-34.45093000 -2.02791400 -9.52764100 / 0.00000000 -0.00007150 1.00000000 / 234 8 255 255 / 0.43778990 0.02264400
				-36.54590000 1.64657000 -11.21806000 / -0.31814110 0.57121880 0.75663410 / 162 47 0 255 / 0.21936040 0.09469600
				-36.54590000 1.64657000 -11.21806000 / -0.31814110 0.57121880 0.75663410 / 162 47 0 255 / 0.21936040 0.09469600
				-36.67841000 1.57264900 -11.21806000 / -0.31890160 0.57156000 0.75605610 / 162 49 0 255 / 0.23799130 0.12496950
				-36.64608000 1.51640600 -11.16190000 / -0.31852030 0.57139350 0.75634270 / 162 47 0 255 / 0.26145930 0.11711120
				-36.64608000 1.51640600 -11.16190000 / -0.31852030 0.57139350 0.75634270 / 162 47 0 255 / 0.26145930 0.11711120
				-36.51389000 1.58995900 -11.16191000 / -0.31776190 0.57104390 0.75692550 / 161 45 0 255 / 0.21073910 0.09550480
				-36.20295000 0.73901370 -10.61896000 / -0.86864890 -0.49542810 0.00000000 / 214 103 3 255 / 0.17895510 0.01115420
				-36.59040000 1.72467800 -11.23418000 / -0.08620990 0.15426470 0.98426130 / 168 23 0 255 / 0.22750850 0.09539790
				-36.59040000 1.72467800 -11.23418000 / -0.08620990 0.15426470 0.98426130 / 168 23 0 255 / 0.22750850 0.09539790
				-36.72254000 1.65044100 -11.23417000 / -0.08659310 0.15453010 0.98418580 / 168 25 0 255 / 0.20773320 0.12577820
				-36.67841000 1.57264900 -11.21806000 / -0.08659500 0.15439040 0.98420770 / 168 23 0 255 / 0.23799130 0.12496950
				-36.67841000 1.57264900 -11.21806000 / -0.08659500 0.15439040 0.98420770 / 168 23 0 255 / 0.23799130 0.12496950
				-37.55172000 3.10494300 -9.91780100 / 0.01373230 -0.02486590 0.99959650 / 120 25 184 255 / 0.60792540 0.00160220
				-36.54590000 1.64656500 -11.21806000 / -0.08621180 0.15412500 0.98428290 / 167 21 0 255 / 0.21936040 0.09469600
				-36.61752000 1.77198900 -11.18633000 / 0.32387490 -0.57549540 0.75093950 / 159 11 0 255 / 0.23892210 0.09812930
				-36.61752000 1.77198900 -11.18633000 / 0.32387490 -0.57549540 0.75093950 / 159 11 0 255 / 0.23892210 0.09812930
				-36.74927000 1.69744300 -11.18632000 / 0.32654660 -0.57671390 0.74884470 / 159 14 0 255 / 0.18722530 0.11912540
				-36.72254000 1.65044400 -11.23417000 / 0.32539930 -0.57625570 0.74969630 / 159 11 0 255 / 0.20773320 0.12577820
				-36.72254000 1.65044400 -11.23417000 / 0.32539930 -0.57625570 0.74969630 / 159 11 0 255 / 0.20773320 0.12577820
				-36.59040000 1.72467700 -11.23418000 / 0.32310170 -0.57496460 0.75167890 / 159 8 0 255 / 0.22750850 0.09539790
				-36.69945000 1.60971500 -10.83965000 / 0.29793470 -0.52247060 -0.79891140 / 95 7 0 255 / 0.21842960 0.06933590
				-36.69945000 1.60971500 -10.83965000 / 0.29793470 -0.52247060 -0.79891140 / 95 7 0 255 / 0.21842960 0.06933590
				-36.24826000 0.81844600 -11.15656000 / -0.86858990 -0.49553160 -0.00019070 / 214 104 0 255 / 0.15832520 0.08950810
				-36.24826000 0.81844600 -11.15656000 / -0.86858990 -0.49553160 -0.00019070 / 214 104 0 255 / 0.15832520 0.08950810
				-36.24826000 0.81844600 -11.15656000 / -0.86858990 -0.49553160 -0.00019070 / 214 104 0 255 / 0.15832520 0.08950810
				-36.72820000 1.66036300 -10.88358000 / 0.29869360 -0.52292840 -0.79832820 / 95 8 0 255 / 0.19667050 0.07531740
				-36.59645000 1.73491800 -10.88310000 / 0.29677950 -0.52171260 -0.79983620 / 95 7 0 255 / 0.24586490 0.09783940
				-36.59645000 1.73491800 -10.88310000 / 0.29677950 -0.52171260 -0.79983620 / 95 7 0 255 / 0.24586490 0.09783940
				-36.56733000 1.68395700 -10.83916000 / 0.29602530 -0.52122730 -0.80043190 / 94 5 0 255 / 0.23706050 0.09988401
				-36.65980000 1.54022500 -10.83330000 / 0.04310760 -0.06848820 -0.99672010 / 101 5 0 255 / 0.24618530 0.06925970
				-36.65980000 1.54022500 -10.83330000 / 0.04310760 -0.06848820 -0.99672010 / 101 5 0 255 / 0.24618530 0.06925970
				-37.45013000 2.92655600 -9.92363700 / 0.01411500 -0.02491580 0.99958990 / 120 29 182 255 / 0.57966610 0.00160220
				-37.45013000 2.92655600 -9.92363700 / 0.01411500 -0.02491580 0.99958990 / 120 29 182 255 / 0.57966610 0.00160220
				-36.69945000 1.60971500 -10.83965000 / 0.04157960 -0.06736420 -0.99686170 / 101 5 0 255 / 0.21842960 0.06933590
				-36.56732000 1.68394600 -10.83916000 / 0.04539620 -0.06987060 -0.99652270 / 101 5 0 255 / 0.23706050 0.09988401
				-36.56732000 1.68394600 -10.83916000 / 0.04539620 -0.06987060 -0.99652270 / 101 5 0 255 / 0.23706050 0.09988401
				-36.52768000 1.61446400 -10.83233000 / 0.04730020 -0.07098600 -0.99635510 / 100 4 0 255 / 0.22840880 0.10002140
				-36.63672000 1.49950500 -10.87578000 / -0.32311590 0.58717350 -0.74217470 / 107 25 0 255 / 0.26533510 0.07505800
				-36.63672000 1.49950500 -10.87578000 / -0.32311590 0.58717350 -0.74217470 / 107 25 0 255 / 0.26533510 0.07505800
				-36.65981000 1.54022900 -10.83330000 / -0.32501490 0.58819560 -0.74053440 / 107 31 0 255 / 0.24618530 0.06925970
				-37.20484000 2.49564800 -9.69464900 / -0.19912260 0.36799050 -0.90825830 / 125 16 241 255 / 0.56851200 0.00160220
				-37.20484000 2.49564800 -9.69464900 / -0.19912260 0.36799050 -0.90825830 / 125 16 241 255 / 0.56851200 0.00160220
				-36.52768000 1.61446500 -10.83233000 / -0.31968240 0.58506320 -0.74532150 / 107 25 0 255 / 0.22840880 0.10002140
				-36.52768000 1.61446500 -10.83233000 / -0.31968240 0.58506320 -0.74532150 / 107 25 0 255 / 0.22840880 0.10002140
				-36.50384000 1.57312000 -10.87480000 / -0.31813480 0.58390280 -0.74689210 / 107 19 0 255 / 0.21604920 0.09738160
				-34.72370000 -1.54935500 -11.21810000 / -0.31814460 0.57133220 0.75654690 / 152 40 0 255 / 0.18618770 0.02276610
				-34.72370000 -1.54935500 -11.21810000 / -0.31814460 0.57133220 0.75654690 / 152 40 0 255 / 0.18618770 0.02276610
				-34.85621000 -1.62328200 -11.21809000 / -0.31891710 0.57175480 0.75590230 / 153 44 0 255 / 0.18618770 0.00160220
				-34.82387000 -1.67951800 -11.16192000 / -0.31852160 0.57151500 0.75625040 / 152 40 0 255 / 0.19737240 0.00160220
				-34.82387000 -1.67951800 -11.16192000 / -0.31852160 0.57151500 0.75625040 / 152 40 0 255 / 0.19737240 0.00160220
				-37.31843000 3.00180000 -9.92366000 / 0.01449640 -0.02493950 0.99958390 / 119 33 182 255 / 0.57966610 0.02264400
				-34.69168000 -1.60595900 -11.16195000 / -0.31777180 0.57113330 0.75685380 / 152 37 0 255 / 0.19737240 0.02276610
				-34.76784000 -1.47156600 -11.23421000 / -0.08621000 0.15486100 0.98416760 / 171 16 0 255 / 0.16464230 0.02276610
				-34.76784000 -1.47156600 -11.23421000 / -0.08621000 0.15486100 0.98416760 / 171 16 0 255 / 0.16464230 0.02276610
				-34.90034000 -1.54548300 -11.23421000 / -0.08621000 0.15486100 0.98416760 / 172 17 0 255 / 0.16464230 0.00160220
				-34.85621000 -1.62327500 -11.21809000 / -0.08621000 0.15486100 0.98416760 / 171 16 0 255 / 0.18618770 0.00160220
				-34.85621000 -1.62327500 -11.21809000 / -0.08621000 0.15486100 0.98416760 / 171 16 0 255 / 0.18618770 0.00160220
				-36.42952000 1.13612600 -11.44953000 / -0.86833180 -0.49598360 -0.00038150 / 214 104 0 255 / 0.08212281 0.13520810
				-36.42952000 1.13612600 -11.44953000 / -0.86833180 -0.49598360 -0.00038150 / 214 104 0 255 / 0.08212281 0.13520810
				-34.72369000 -1.54936000 -11.21810000 / -0.08621000 0.15486100 0.98416760 / 171 15 0 255 / 0.18618770 0.02276610
				-34.79531000 -1.42393400 -11.18636000 / 0.32159040 -0.57439460 0.75276200 / 155 10 0 255 / 0.14561460 0.02276610
				-34.79531000 -1.42393400 -11.18636000 / 0.32159040 -0.57439460 0.75276200 / 155 10 0 255 / 0.14561460 0.02276610
				-34.92707000 -1.49848700 -11.18637000 / 0.32616450 -0.57680820 0.74893860 / 156 14 0 255 / 0.14561460 0.00160220
				-34.90034000 -1.54548300 -11.23421000 / 0.32461800 -0.57575830 0.75041690 / 155 10 0 255 / 0.16464230 0.00160220
				-34.90034000 -1.54548300 -11.23421000 / 0.32461800 -0.57575830 0.75041690 / 155 10 0 255 / 0.16464230 0.00160220
				-34.76784000 -1.47156600 -11.23421000 / 0.32004140 -0.57332810 0.75423350 / 155 7 0 255 / 0.16464230 0.02276610
				-34.87726000 -1.58620400 -10.83920000 / 0.30135380 -0.52852550 -0.79362870 / 107 8 0 255 / 0.13638310 0.00160220
				-34.87726000 -1.58620400 -10.83920000 / 0.30135380 -0.52852550 -0.79362870 / 107 8 0 255 / 0.13638310 0.00160220
				-37.55172000 3.10494300 -9.91780100 / -0.38567240 0.69164010 0.61064790 / 124 51 184 255 / 0.60792540 0.00160220
				-37.55172000 3.10494300 -9.91780100 / -0.38567240 0.69164010 0.61064790 / 124 51 184 255 / 0.60792540 0.00160220
				-34.90601000 -1.53555900 -10.88412000 / 0.30364630 -0.52991490 -0.79182650 / 107 9 0 255 / 0.12573240 0.00160220
				-34.77388000 -1.46132100 -10.88313000 / 0.29754860 -0.52647980 -0.79641940 / 107 8 0 255 / 0.12573240 0.02276610
				-34.77388000 -1.46132100 -10.88313000 / 0.29754860 -0.52647980 -0.79641940 / 107 8 0 255 / 0.12573240 0.02276610
				-34.74512000 -1.51196700 -10.83920000 / 0.29487930 -0.52508690 -0.79832950 / 107 7 0 255 / 0.13638310 0.02276610
				-35.76129000 0.27085170 -11.26982000 / 0.09117100 -0.16259200 0.98247230 / 133 8 0 255 / 0.10177610 0.00000000
				-35.76129000 0.27085170 -11.26982000 / 0.09117100 -0.16259200 0.98247230 / 133 8 0 255 / 0.10177610 0.00000000
				-36.28107000 0.87636860 -11.44952000 / -0.86822110 -0.49617660 -0.00085830 / 214 103 0 255 / 0.14318850 0.13392640
				-34.83761000 -1.65569400 -10.83331000 / 0.03929020 -0.06612350 -0.99703760 / 108 5 0 255 / 0.15650940 0.00160220
				-34.83761000 -1.65569400 -10.83331000 / 0.03929020 -0.06612350 -0.99703760 / 108 5 0 255 / 0.15650940 0.00160220
				-34.87726000 -1.58620400 -10.83920000 / 0.03585650 -0.06400040 -0.99730550 / 108 5 0 255 / 0.13638310 0.00160220
				-34.74514000 -1.51195700 -10.83920000 / 0.04348770 -0.06871250 -0.99668820 / 108 5 0 255 / 0.13638310 0.02276610
				-34.74514000 -1.51195700 -10.83920000 / 0.04348770 -0.06871250 -0.99668820 / 108 5 0 255 / 0.13638310 0.02276610
				-34.70509000 -1.58177700 -10.83236000 / 0.04653950 -0.07082250 -0.99640260 / 109 5 0 255 / 0.15650940 0.02276610
				-34.81416000 -1.69673500 -10.87579000 / -0.32158600 0.58609340 -0.74369140 / 124 22 0 255 / 0.17311100 0.00160220
				-34.81416000 -1.69673500 -10.87579000 / -0.32158600 0.58609340 -0.74369140 / 124 22 0 255 / 0.17311100 0.00160220
				-34.83761000 -1.65569400 -10.83331000 / -0.32158370 0.58610120 -0.74368630 / 124 25 0 255 / 0.15650940 0.00160220
				-34.70511000 -1.58177300 -10.83236000 / -0.32158600 0.58609340 -0.74369140 / 124 22 0 255 / 0.15650940 0.02276610
				-34.70511000 -1.58177300 -10.83236000 / -0.32158600 0.58609340 -0.74369140 / 124 22 0 255 / 0.15650940 0.02276610
				-37.41953000 3.17850100 -9.91779300 / -0.38450860 0.69062790 0.61252460 / 123 49 184 255 / 0.60792540 0.02264400
				-34.68164000 -1.62280700 -10.87484000 / -0.32157220 0.58602050 -0.74375500 / 123 19 0 255 / 0.17311100 0.02276610
				-34.46972000 -2.30139600 -11.44955000 / 0.00572180 0.00331390 -0.99997810 / 110 4 0 255 / 0.08033750 0.00158690
				-34.46972000 -2.30139600 -11.44955000 / 0.00572180 0.00331390 -0.99997810 / 110 4 0 255 / 0.08033750 0.00158690
				-36.99567000 2.12931100 -11.44321000 / -0.86792440 -0.49669600 -0.00066760 / 218 107 0 255 / 0.72264100 0.18188480
				-36.99567000 2.12931100 -11.44321000 / -0.86792440 -0.49669600 -0.00066760 / 218 107 0 255 / 0.72264100 0.18188480
				-34.61749000 -2.04157000 -11.44953000 / 0.00572180 0.00331390 -0.99997810 / 110 4 0 255 / 0.03715520 0.00158690
				-34.48529000 -1.96802900 -11.44853000 / 0.00572180 0.00330190 -0.99997820 / 110 4 0 255 / 0.03715520 0.02261350
				-34.48529000 -1.96802900 -11.44853000 / 0.00572180 0.00330190 -0.99997820 / 110 4 0 255 / 0.03715520 0.02261350
				-34.33726000 -2.22678100 -11.44857000 / 0.00534030 0.00329000 -0.99998030 / 110 4 0 255 / 0.08033750 0.02261350
				-34.22089000 -2.73722000 -10.60971000 / 0.47989410 -0.84846930 -0.22316220 / 114 13 7 255 / 0.34165950 0.00158690
				-34.22089000 -2.73722000 -10.60971000 / 0.47989410 -0.84846930 -0.22316220 / 114 13 7 255 / 0.34165950 0.00158690
				-34.25243000 -2.68231000 -10.88608000 / 0.47952180 -0.84862860 -0.22335720 / 114 15 0 255 / 0.27058410 0.00158690
				-34.11998000 -2.60769500 -10.88509000 / 0.47988380 -0.84845130 -0.22325280 / 114 13 0 255 / 0.27058410 0.02261350
				-34.11998000 -2.60769500 -10.88509000 / 0.47988380 -0.84845130 -0.22325280 / 114 13 0 255 / 0.27058410 0.02261350
				-34.08914000 -2.66266700 -10.60971000 / 0.47989410 -0.84846930 -0.22316220 / 113 11 7 255 / 0.34165950 0.02261350
				-34.39090000 -2.43869300 -10.61899000 / 0.48827910 -0.86364370 -0.12531230 / 110 7 4 255 / 0.28973390 0.00158690
				-34.39090000 -2.43869300 -10.61899000 / 0.48827910 -0.86364370 -0.12531230 / 110 7 4 255 / 0.28973390 0.00158690
				-37.43214000 3.20136500 -9.95149200 / -0.38452880 0.69092630 0.61217520 / 124 51 175 255 / 0.60334780 0.02264400
				-37.43214000 3.20136500 -9.95149200 / -0.38452880 0.69092630 0.61217520 / 124 51 175 255 / 0.60334780 0.02264400
				-34.39940000 -2.42380500 -10.75423000 / 0.48789480 -0.86380550 -0.12569300 / 110 7 0 255 / 0.25665280 0.00158690
				-36.97061000 2.08563500 -11.21223000 / -0.86709790 -0.49813780 -0.00019070 / 218 107 0 255 / 0.73303220 0.14897160
				-34.26764000 -2.34924600 -10.75520000 / 0.48827910 -0.86364370 -0.12531230 / 110 7 0 255 / 0.25665280 0.02261350
				-34.26764000 -2.34924600 -10.75520000 / 0.48827910 -0.86364370 -0.12531230 / 110 7 0 255 / 0.25665280 0.02261350
				-34.25914000 -2.36413900 -10.61897000 / 0.48865320 -0.86348760 -0.12492890 / 110 8 4 255 / 0.28973390 0.02261350
				-34.40723000 -2.10468900 -10.61650000 / 0.00381480 -0.00727200 0.99996630 / 196 13 5 255 / 0.24700930 0.02261350
				-34.40723000 -2.10468900 -10.61650000 / 0.00381480 -0.00727200 0.99996630 / 196 13 5 255 / 0.24700930 0.02261350
				-34.53943000 -2.17823500 -10.61655000 / 0.00381480 -0.00727200 0.99996630 / 197 12 5 255 / 0.24700930 0.00158690
				-34.39090000 -2.43869300 -10.61899000 / 0.00381480 -0.00724820 0.99996650 / 196 13 4 255 / 0.28973390 0.00158690
				-34.39090000 -2.43869300 -10.61899000 / 0.00381480 -0.00724820 0.99996650 / 196 13 4 255 / 0.28973390 0.00158690
				-34.25914000 -2.36413900 -10.61897000 / 0.00381480 -0.00724820 0.99996650 / 195 13 4 255 / 0.28973390 0.02261350
				-34.61748000 -2.04156700 -11.44953000 / -0.47873830 0.85805740 0.18586870 / 139 63 0 255 / 0.03715520 0.00158690
				-34.61748000 -2.04156700 -11.44953000 / -0.47873830 0.85805740 0.18586870 / 139 63 0 255 / 0.03715520 0.00158690
				-34.53943000 -2.17823500 -10.61655000 / -0.47760830 0.85872690 0.18568360 / 140 66 5 255 / 0.24700930 0.00158690
				-34.40723000 -2.10468900 -10.61650000 / -0.47797120 0.85852660 0.18567640 / 139 63 5 255 / 0.24700930 0.02261350
				-34.40723000 -2.10468900 -10.61650000 / -0.47797120 0.85852660 0.18567640 / 139 63 5 255 / 0.24700930 0.02261350
				-37.56465000 3.12744300 -9.95148500 / -0.38604230 0.69178630 0.61024820 / 125 54 175 255 / 0.60334780 0.00160220
				-37.02801000 2.18554300 -11.21272000 / -0.86831650 -0.49601050 -0.00038150 / 218 107 0 255 / 0.70970160 0.14900210
				-37.02801000 2.18554300 -11.21272000 / -0.86831650 -0.49601050 -0.00038150 / 218 107 0 255 / 0.70970160 0.14900210
				-37.02801000 2.18554300 -11.21272000 / -0.86831650 -0.49601050 -0.00038150 / 218 107 0 255 / 0.70970160 0.14900210
				-34.48529000 -1.96802900 -11.44853000 / -0.47874320 0.85805430 0.18587060 / 139 59 0 255 / 0.03715520 0.02261350
				-34.14401000 -2.87224800 -11.41389000 / -0.36811840 0.66545030 -0.64935710 / 121 42 0 255 / 0.03987120 0.00161740
				-34.14401000 -2.87224800 -11.41389000 / -0.36811840 0.66545030 -0.64935710 / 121 42 0 255 / 0.03987120 0.00161740
				-34.17277000 -2.82160800 -11.34553000 / -0.36924830 0.66568640 -0.64847320 / 121 42 0 255 / 0.03201290 0.00161740
				-34.04026000 -2.74768500 -11.34505000 / -0.36734690 0.66505340 -0.65020020 / 121 42 0 255 / 0.03201290 0.02293400
				-34.04026000 -2.74768500 -11.34505000 / -0.36734690 0.66505340 -0.65020020 / 121 42 0 255 / 0.03201290 0.02293400
				-34.01152000 -2.79832800 -11.41293000 / -0.36620440 0.66474690 -0.65115730 / 120 41 0 255 / 0.03987120 0.02293400
				-33.92716000 -3.25215600 -11.21223000 / 0.48142630 -0.85007800 -0.21353280 / 148 11 0 255 / 0.17474360 0.00161740
				-33.92716000 -3.25215600 -11.21223000 / 0.48142630 -0.85007800 -0.21353280 / 148 11 0 255 / 0.17474360 0.00161740
				-33.95220000 -3.20848700 -11.44319000 / 0.48254920 -0.84958700 -0.21295110 / 148 11 0 255 / 0.13728330 0.00161740
				-33.82044000 -3.13393500 -11.44219000 / 0.48180730 -0.84993390 -0.21324640 / 148 11 0 255 / 0.13728330 0.02293400
				-33.82044000 -3.13393500 -11.44219000 / 0.48180730 -0.84993390 -0.21324640 / 148 11 0 255 / 0.13728330 0.02293400
				-33.79538000 -3.17760100 -11.21222000 / 0.48103550 -0.85022830 -0.21381480 / 148 11 0 255 / 0.17474360 0.02293400
				-33.85207000 -3.07764600 -11.21271000 / -0.00190730 0.00364770 0.99999150 / 186 9 0 255 / 0.14479060 0.02293400
				-33.85207000 -3.07764600 -11.21271000 / -0.00190730 0.00364770 0.99999150 / 186 9 0 255 / 0.14479060 0.02293400
				-37.05596000 2.23487400 -11.45930000 / -0.86825480 -0.49611830 -0.00057220 / 217 107 0 255 / 0.69732660 0.18418880
				-37.05596000 2.23487400 -11.45930000 / -0.86825480 -0.49611830 -0.00057220 / 217 107 0 255 / 0.69732660 0.18418880
				-37.05596000 2.23487400 -11.45930000 / -0.86825480 -0.49611830 -0.00057220 / 217 107 0 255 / 0.69732660 0.18418880
				-37.56464000 3.12743900 -9.95148500 / -0.15106740 0.26930340 0.95113330 / 130 25 175 255 / 0.60334780 0.00160220
				-37.56464000 3.12743900 -9.95148500 / -0.15106740 0.26930340 0.95113330 / 130 25 175 255 / 0.60334780 0.00160220
				-33.98421000 -3.15187400 -11.21270000 / -0.00190730 0.00360000 0.99999170 / 186 10 0 255 / 0.14479060 0.00161740
				-33.92715000 -3.25215600 -11.21223000 / -0.00190730 0.00362380 0.99999160 / 186 9 0 255 / 0.17474360 0.00161740
				-33.92715000 -3.25215600 -11.21223000 / -0.00190730 0.00362380 0.99999160 / 186 9 0 255 / 0.17474360 0.00161740
				-33.79538000 -3.17760800 -11.21222000 / -0.00228870 0.00367150 0.99999070 / 186 8 0 255 / 0.17474360 0.02293400
				-33.87677000 -3.03428700 -11.16827000 / 0.32615970 -0.58003030 0.74644800 / 179 9 0 255 / 0.13650510 0.02293400
				-33.87677000 -3.03428700 -11.16827000 / 0.32615970 -0.58003030 0.74644800 / 179 9 0 255 / 0.13650510 0.02293400
				-34.00923000 -3.10889200 -11.16827000 / 0.32692270 -0.58045940 0.74578040 / 179 9 0 255 / 0.13650510 0.00161740
				-33.98421000 -3.15188300 -11.21270000 / 0.32654380 -0.58029720 0.74607260 / 179 9 0 255 / 0.14479060 0.00161740
				-33.98421000 -3.15188300 -11.21270000 / 0.32654380 -0.58029720 0.74607260 / 179 9 0 255 / 0.14479060 0.00161740
				-33.85208000 -3.07764200 -11.21271000 / 0.32578070 -0.57986780 0.74673980 / 178 9 0 255 / 0.14479060 0.02293400
				-33.89033000 -3.31669500 -10.80893000 / 0.00572180 0.00331390 -0.99997810 / 110 1 0 255 / 0.23699950 0.00161740
				-33.89033000 -3.31669500 -10.80893000 / 0.00572180 0.00331390 -0.99997810 / 110 1 0 255 / 0.23699950 0.00161740
				-33.97402000 -3.17078400 -10.80889000 / 0.00534030 0.00336160 -0.99998020 / 110 1 0 255 / 0.19322200 0.00161740
				-37.05269000 2.22890400 -11.16829000 / -0.86906790 -0.49469250 0.00038150 / 217 108 0 255 / 0.69555660 0.14112850
				-37.05269000 2.22890400 -11.16829000 / -0.86906790 -0.49469250 0.00038150 / 217 108 0 255 / 0.69555660 0.14112850
				-37.05269000 2.22890400 -11.16829000 / -0.86906790 -0.49469250 0.00038150 / 217 108 0 255 / 0.69555660 0.14112850
				-37.05269000 2.22890400 -11.16829000 / -0.86906790 -0.49469250 0.00038150 / 217 108 0 255 / 0.69555660 0.14112850
				-37.05269000 2.22890400 -11.16829000 / -0.86906790 -0.49469250 0.00038150 / 217 108 0 255 / 0.69555660 0.14112850
				-37.05269000 2.22890400 -11.16829000 / -0.86906790 -0.49469250 0.00038150 / 217 108 0 255 / 0.69555660 0.14112850
				-33.84155000 -3.09617800 -10.80792000 / 0.00572180 0.00331390 -0.99997810 / 110 1 0 255 / 0.19322200 0.02293400
				-33.84155000 -3.09617800 -10.80792000 / 0.00572180 0.00331390 -0.99997810 / 110 1 0 255 / 0.19322200 0.02293400
				-37.43214000 3.20136500 -9.95150000 / -0.14916000 0.26732460 0.95199200 / 130 25 175 255 / 0.60334780 0.02264400
				-33.75819000 -3.24245400 -10.80791000 / 0.00572180 0.00326620 -0.99997830 / 110 1 0 255 / 0.23699950 0.02293400
				-33.86768000 -3.35640300 -10.61654000 / 0.47874630 -0.84712820 -0.23059930 / 153 12 5 255 / 0.26913450 0.00161740
				-33.86768000 -3.35640300 -10.61654000 / 0.47874630 -0.84712820 -0.23059930 / 153 12 5 255 / 0.26913450 0.00161740
				-33.89031000 -3.31668700 -10.80893000 / 0.47797870 -0.84740610 -0.23116930 / 153 11 0 255 / 0.23699950 0.00161740
				-33.75820000 -3.24244600 -10.80791000 / 0.47837390 -0.84731120 -0.23069910 / 153 12 0 255 / 0.23699950 0.02293400
				-33.75820000 -3.24244600 -10.80791000 / 0.47837390 -0.84731120 -0.23069910 / 153 12 0 255 / 0.23699950 0.02293400
				-33.73592000 -3.28184900 -10.61652000 / 0.47913150 -0.84703950 -0.23012430 / 153 12 5 255 / 0.26913450 0.02293400
				-33.82168000 -3.13160800 -10.61652000 / 0.00000000 -0.00007150 1.00000000 / 190 11 5 255 / 0.22413640 0.02293400
				-33.82168000 -3.13160800 -10.61652000 / 0.00000000 -0.00007150 1.00000000 / 190 11 5 255 / 0.22413640 0.02293400
				-33.95345000 -3.20616000 -10.61653000 / 0.00000000 -0.00009540 1.00000000 / 190 10 5 255 / 0.22413640 0.00161740
				-33.86767000 -3.35640000 -10.61654000 / 0.00000000 -0.00007150 1.00000000 / 190 11 5 255 / 0.26913450 0.00161740
				-33.86767000 -3.35640000 -10.61654000 / 0.00000000 -0.00007150 1.00000000 / 190 11 5 255 / 0.26913450 0.00161740
				-37.13485000 2.37286500 -11.45246000 / -0.86896540 -0.49487260 0.00047680 / 217 108 0 255 / 0.66099550 0.18264770
				-37.13485000 2.37286500 -11.45246000 / -0.86896540 -0.49487260 0.00047680 / 217 108 0 255 / 0.66099550 0.18264770
				-33.73592000 -3.28184800 -10.61652000 / 0.00000000 -0.00007150 1.00000000 / 190 13 5 255 / 0.26913450 0.02293400
				-33.92593000 -3.25448600 -10.36311000 / 0.48103510 -0.85010840 -0.21429140 / 137 11 70 255 / 0.26542660 0.00161740
				-33.92593000 -3.25448600 -10.36311000 / 0.48103510 -0.85010840 -0.21429140 / 137 11 70 255 / 0.26542660 0.00161740
				-37.45354000 3.23806700 -9.96515600 / -0.14954200 0.26777850 0.95180460 / 130 25 172 255 / 0.60574340 0.02264400
				-37.45354000 3.23806700 -9.96515600 / -0.14954200 0.26777850 0.95180460 / 130 25 172 255 / 0.60574340 0.02264400
				-33.95345000 -3.20616000 -10.61653000 / 0.48103510 -0.85008450 -0.21438680 / 137 11 5 255 / 0.22413640 0.00161740
				-33.82169000 -3.13161100 -10.61652000 / 0.48103510 -0.85008450 -0.21438680 / 137 11 5 255 / 0.22413640 0.02293400
				-33.82169000 -3.13161100 -10.61652000 / 0.48103510 -0.85008450 -0.21438680 / 137 11 5 255 / 0.22413640 0.02293400
				-33.79416000 -3.17992000 -10.36310000 / 0.48103510 -0.85010840 -0.21429140 / 138 12 70 255 / 0.26542660 0.02293400
				-33.95080000 -2.90490400 -10.36505000 / -0.00305160 0.00534040 0.99998110 / 194 15 70 255 / 0.18292240 0.02293400
				-33.95080000 -2.90490400 -10.36505000 / -0.00305160 0.00534040 0.99998110 / 194 15 70 255 / 0.18292240 0.02293400
				-34.08330000 -2.97883100 -10.36506000 / -0.00305160 0.00534040 0.99998110 / 194 17 70 255 / 0.18292240 0.00161740
				-33.92591000 -3.25448300 -10.36311000 / -0.00305160 0.00534040 0.99998110 / 194 15 70 255 / 0.26542660 0.00161740
				-33.92591000 -3.25448300 -10.36311000 / -0.00305160 0.00534040 0.99998110 / 194 15 70 255 / 0.26542660 0.00161740
				-33.79416000 -3.17992200 -10.36310000 / -0.00305160 0.00534040 0.99998110 / 194 12 70 255 / 0.26542660 0.02293400
				-37.18747000 2.46553700 -11.41389000 / -0.86932500 -0.49424030 0.00076290 / 217 108 0 255 / 0.63774110 0.17640690
				-37.18747000 2.46553700 -11.41389000 / -0.86932500 -0.49424030 0.00076290 / 217 108 0 255 / 0.63774110 0.17640690
				-33.97745000 -2.85859300 -10.61604000 / -0.47569720 0.85450030 0.20866590 / 155 63 5 255 / 0.14233400 0.02293400
				-33.97745000 -2.85859300 -10.61604000 / -0.47569720 0.85450030 0.20866590 / 155 63 5 255 / 0.14233400 0.02293400
				-34.10966000 -2.93214200 -10.61603000 / -0.47531550 0.85464280 0.20895190 / 156 64 5 255 / 0.14233400 0.00161740
				-34.08329000 -2.97882000 -10.36506000 / -0.47607910 0.85433410 0.20847540 / 155 63 70 255 / 0.18292240 0.00161740
				-34.08329000 -2.97882000 -10.36506000 / -0.47607910 0.85433410 0.20847540 / 155 63 70 255 / 0.18292240 0.00161740
				-37.58565000 3.16382900 -9.96515600 / -0.15145010 0.26973470 0.95095000 / 131 26 172 255 / 0.60574340 0.00160220
				-33.95080000 -2.90490400 -10.36505000 / -0.47646070 0.85419120 0.20818930 / 155 62 70 255 / 0.18292240 0.02293400
				-34.04790000 -2.73480900 -10.61604000 / 0.00000000 0.00007150 1.00000000 / 194 13 5 255 / 0.10531620 0.02293400
				-34.04790000 -2.73480900 -10.61604000 / 0.00000000 0.00007150 1.00000000 / 194 13 5 255 / 0.10531620 0.02293400
				-34.18040000 -2.80872700 -10.61604000 / 0.00000000 0.00007150 1.00000000 / 195 13 5 255 / 0.10531620 0.00161740
				-34.10966000 -2.93214300 -10.61603000 / 0.00000000 0.00007150 1.00000000 / 194 13 5 255 / 0.14233400 0.00161740
				-34.10966000 -2.93214300 -10.61603000 / 0.00000000 0.00007150 1.00000000 / 194 13 5 255 / 0.14233400 0.00161740
				-33.97745000 -2.85859300 -10.61604000 / 0.00000000 0.00004770 1.00000000 / 193 13 5 255 / 0.14233400 0.02293400
				-34.07060000 -2.69440400 -10.80599000 / -0.47263210 0.84861120 0.23765120 / 110 46 0 255 / 0.07312010 0.02293400
				-34.07060000 -2.69440400 -10.80599000 / -0.47263210 0.84861120 0.23765120 / 110 46 0 255 / 0.07312010 0.02293400
				-37.21623000 2.51618200 -11.34552000 / -0.86930450 -0.49427630 0.00076290 / 217 108 0 255 / 0.62573240 0.16674810
				-37.21623000 2.51618200 -11.34552000 / -0.86930450 -0.49427630 0.00076290 / 217 108 0 255 / 0.62573240 0.16674810
				-34.20348000 -2.76800700 -10.80697000 / -0.47188180 0.84891990 0.23803900 / 110 51 0 255 / 0.07312010 0.00161740
				-34.18040000 -2.80872700 -10.61604000 / -0.47264390 0.84865620 0.23746640 / 110 46 5 255 / 0.10531620 0.00161740
				-34.18040000 -2.80872700 -10.61604000 / -0.47264390 0.84865620 0.23746640 / 110 46 5 255 / 0.10531620 0.00161740
				-34.04790000 -2.73480900 -10.61604000 / -0.47339390 0.84834680 0.23707840 / 110 40 5 255 / 0.10531620 0.02293400
				-34.13390000 -2.88978300 -10.80696000 / 0.00572180 0.00314700 -0.99997870 / 107 9 0 255 / 0.10957340 0.00161740
				-34.13390000 -2.88978300 -10.80696000 / 0.00572180 0.00314700 -0.99997870 / 107 9 0 255 / 0.10957340 0.00161740
				-37.58566000 3.16382900 -9.96515600 / 0.08621270 -0.15344720 0.98438880 / 124 11 172 255 / 0.60574340 0.00160220
				-37.58566000 3.16382900 -9.96515600 / 0.08621270 -0.15344720 0.98438880 / 124 11 172 255 / 0.60574340 0.00160220
				-34.20349000 -2.76801100 -10.80697000 / 0.00572180 0.00314700 -0.99997870 / 107 10 0 255 / 0.07312010 0.00161740
				-34.07059000 -2.69440100 -10.80599000 / 0.00572180 0.00314700 -0.99997870 / 107 9 0 255 / 0.07312010 0.02293400
				-34.07059000 -2.69440100 -10.80599000 / 0.00572180 0.00314700 -0.99997870 / 107 9 0 255 / 0.07312010 0.02293400
				-34.00140000 -2.81585900 -10.80598000 / 0.00572180 0.00314700 -0.99997870 / 107 7 0 255 / 0.10957340 0.02293400
				-34.92074000 -1.20420500 -9.91391000 / 0.01411500 -0.02497540 0.99958840 / 145 18 184 255 / 0.60792540 0.02264400
				-34.92074000 -1.20420500 -9.91391000 / 0.01411500 -0.02497540 0.99958840 / 145 18 184 255 / 0.60792540 0.02264400
				-35.05292000 -1.27774600 -9.91390300 / 0.01411500 -0.02496350 0.99958870 / 145 16 184 255 / 0.60792540 0.00160220
				-37.22589000 2.53271900 -9.67511000 / -0.19760440 0.36683650 -0.90905640 / 125 17 246 255 / 0.57887270 0.00160220
				-34.95170000 -1.45582000 -9.91976200 / 0.01411500 -0.02498730 0.99958810 / 145 18 182 255 / 0.57966610 0.00160220
				-34.95170000 -1.45582000 -9.91976200 / 0.01411500 -0.02498730 0.99958810 / 145 18 182 255 / 0.57966610 0.00160220
				-34.81962000 -1.38089800 -9.91976900 / 0.01411500 -0.02499920 0.99958780 / 145 20 182 255 / 0.57966610 0.02264400
				-35.05293000 -1.27774600 -9.91390300 / -0.38567250 0.69172380 0.61055280 / 118 47 184 255 / 0.60792540 0.00160220
				-35.05293000 -1.27774600 -9.91390300 / -0.38567250 0.69172380 0.61055280 / 118 47 184 255 / 0.60792540 0.00160220
				-34.92074000 -1.20420500 -9.91391000 / -0.38413830 0.69056450 0.61282840 / 117 43 184 255 / 0.60792540 0.02264400
				-34.93335000 -1.18133200 -9.94759400 / -0.38451560 0.69078330 0.61234490 / 118 47 175 255 / 0.60334780 0.02264400
				-34.93335000 -1.18133200 -9.94759400 / -0.38451560 0.69078330 0.61234490 / 118 47 175 255 / 0.60334780 0.02264400
				-37.45354000 3.23806700 -9.96515600 / 0.08621240 -0.15347040 0.98438520 / 123 14 172 255 / 0.60574340 0.02264400
				-35.06583000 -1.25525500 -9.94757900 / -0.38604910 0.69194140 0.61006810 / 119 50 175 255 / 0.60334780 0.00160220
				-35.06585000 -1.25524700 -9.94757900 / -0.15029510 0.26859530 0.95145580 / 124 21 175 255 / 0.60334780 0.00160220
				-35.06585000 -1.25524700 -9.94757900 / -0.15029510 0.26859530 0.95145580 / 124 21 175 255 / 0.60334780 0.00160220
				-34.93335000 -1.18133200 -9.94759400 / -0.14915200 0.26751270 0.95194040 / 123 19 175 255 / 0.60334780 0.02264400
				-34.95472000 -1.14462100 -9.96125800 / -0.14952940 0.26773200 0.95181950 / 124 21 172 255 / 0.60574340 0.02264400
				-34.95472000 -1.14462100 -9.96125800 / -0.14952940 0.26773200 0.95181950 / 124 21 172 255 / 0.60574340 0.02264400
				-37.41024000 3.16229200 -9.69269500 / -0.46500490 0.83333240 -0.29887720 / 83 49 242 255 / 0.65852360 0.02264400
				-37.41024000 3.16229200 -9.69269500 / -0.46500490 0.83333240 -0.29887720 / 83 49 242 255 / 0.65852360 0.02264400
				-37.22311000 2.52843000 -11.27667000 / -0.86930460 -0.49427630 0.00066750 / 218 108 0 255 / 0.62304690 0.15832520
				-37.22311000 2.52843000 -11.27667000 / -0.86930460 -0.49427630 0.00066750 / 218 108 0 255 / 0.62304690 0.15832520
				-37.22311000 2.52843000 -11.27667000 / -0.86930460 -0.49427630 0.00066750 / 218 108 0 255 / 0.62304690 0.15832520
				-35.08652000 -1.21849800 -9.96123500 / -0.15068560 0.26884980 0.95132210 / 125 23 172 255 / 0.60574340 0.00160220
				-35.08653000 -1.21849400 -9.96123500 / 0.08659600 -0.15371260 0.98431380 / 128 8 172 255 / 0.60574340 0.00160220
				-35.08653000 -1.21849400 -9.96123500 / 0.08659600 -0.15371260 0.98431380 / 128 8 172 255 / 0.60574340 0.00160220
				-34.95472000 -1.14462100 -9.96125800 / 0.08621221 -0.15348210 0.98438340 / 128 8 172 255 / 0.60574340 0.02264400
				-34.98711000 -1.08769900 -9.94954700 / 0.08621110 -0.15356360 0.98437080 / 128 8 175 255 / 0.61708070 0.02264400
				-34.98711000 -1.08769900 -9.94954700 / 0.08621110 -0.15356360 0.98437080 / 128 8 175 255 / 0.61708070 0.02264400
				-35.11923000 -1.16194300 -9.94952400 / 0.08659500 -0.15378240 0.98430290 / 129 8 175 255 / 0.61708070 0.00160220
				-35.11924000 -1.16193400 -9.94952400 / 0.37803840 -0.67084170 0.63801130 / 114 12 175 255 / 0.61708070 0.00160220
				-35.11924000 -1.16193400 -9.94952400 / 0.37803840 -0.67084170 0.63801130 / 114 12 175 255 / 0.61708070 0.00160220
				-37.48592000 3.29499500 -9.95344500 / 0.08621240 -0.15347040 0.98438520 / 124 11 175 255 / 0.61708070 0.02264400
				-37.48592000 3.29499500 -9.95344500 / 0.08621240 -0.15347040 0.98438520 / 124 11 175 255 / 0.61708070 0.02264400
				-34.98710000 -1.08769800 -9.94954700 / 0.37651980 -0.67013950 0.63964500 / 113 13 175 255 / 0.61708070 0.02264400
				-35.00698000 -1.05226000 -9.90071900 / 0.37690190 -0.67037890 0.63916910 / 114 12 187 255 / 0.63398740 0.02264400
				-35.00698000 -1.05226000 -9.90071900 / 0.37690190 -0.67037890 0.63916910 / 114 12 187 255 / 0.63398740 0.02264400
				-35.13906000 -1.12719200 -9.90117600 / 0.37843070 -0.67114700 0.63745740 / 114 12 187 255 / 0.63398740 0.00160220
				-37.05190000 2.22758200 -11.11262000 / -0.86909880 -0.49463850 0.00019080 / 219 108 0 255 / 0.69548030 0.13215640
				-37.05190000 2.22758200 -11.11262000 / -0.86909880 -0.49463850 0.00019080 / 219 108 0 255 / 0.69548030 0.13215640
				-37.05190000 2.22758200 -11.11262000 / -0.86909880 -0.49463850 0.00019080 / 219 108 0 255 / 0.69548030 0.13215640
				-35.14150000 -1.12253800 -9.85186000 / 0.48980990 -0.86566700 0.10347420 / 85 12 200 255 / 0.64617920 0.00160220
				-35.14150000 -1.12253800 -9.85186000 / 0.48980990 -0.86566700 0.10347420 / 85 12 200 255 / 0.64617920 0.00160220
				-35.13907000 -1.12718700 -9.90117600 / 0.49019990 -0.86516930 0.10576490 / 85 15 187 255 / 0.63398740 0.00160220
				-35.00698000 -1.05225400 -9.90071900 / 0.48827770 -0.86732470 0.09660650 / 85 12 187 255 / 0.63398740 0.02264400
				-35.00698000 -1.05225400 -9.90071900 / 0.48827770 -0.86732470 0.09660650 / 85 12 187 255 / 0.63398740 0.02264400
				-35.00939000 -1.04830400 -9.85189100 / 0.48753040 -0.86799630 0.09432070 / 85 10 200 255 / 0.64617920 0.02264400
				-34.94442000 -1.46838600 -9.85920700 / -0.00381480 0.01680880 -0.99985160 / 96 4 198 255 / 0.59230040 0.00160220
				-34.94442000 -1.46838600 -9.85920700 / -0.00381480 0.01680880 -0.99985160 / 96 4 198 255 / 0.59230040 0.00160220
				-35.14152000 -1.12254100 -9.85186000 / -0.00915530 0.01598590 -0.99983030 / 96 4 200 255 / 0.64617920 0.00160220
				-35.00938000 -1.04830500 -9.85189100 / -0.00762940 0.01623640 -0.99983910 / 96 4 200 255 / 0.64617920 0.02264400
				-35.00938000 -1.04830500 -9.85189100 / -0.00762940 0.01623640 -0.99983910 / 96 4 200 255 / 0.64617920 0.02264400
				-37.61804000 3.22075900 -9.95344500 / 0.08621270 -0.15344720 0.98438880 / 124 9 175 255 / 0.61708070 0.00160220
				-34.81229000 -1.39414500 -9.85824600 / -0.00228890 0.01705920 -0.99985180 / 96 4 198 255 / 0.59230040 0.02264400
				-34.97867000 -1.10189800 -9.66341400 / 0.18882100 -0.32559700 -0.92646270 / 89 2 248 255 / 0.68244930 0.02264400
				-34.97867000 -1.10189800 -9.66341400 / 0.18882100 -0.32559700 -0.92646270 / 89 2 248 255 / 0.68244930 0.02264400
				-37.17737000 2.44801700 -10.80696000 / -0.86895510 -0.49489050 0.00057220 / 220 108 0 255 / 0.64582830 0.08244320
				-37.17737000 2.44801700 -10.80696000 / -0.86895510 -0.49489050 0.00057220 / 220 108 0 255 / 0.64582830 0.08244320
				-37.17737000 2.44801700 -10.80696000 / -0.86895510 -0.49489050 0.00057220 / 220 108 0 255 / 0.64582830 0.08244320
				-37.17737000 2.44801700 -10.80696000 / -0.86895510 -0.49489050 0.00057220 / 220 108 0 255 / 0.64582830 0.08244320
				-37.17737000 2.44801700 -10.80696000 / -0.86895510 -0.49489050 0.00057220 / 220 108 0 255 / 0.64582830 0.08244320
				-34.95799000 -1.13865700 -9.64631700 / 0.18806300 -0.32515250 -0.92677300 / 89 2 252 255 / 0.68096930 0.02264400
				-35.09048000 -1.21258300 -9.64728500 / 0.19036060 -0.32721810 -0.92557610 / 89 2 252 255 / 0.68096930 0.00160220
				-35.09048000 -1.21258300 -9.64728500 / 0.19036060 -0.32721810 -0.92557610 / 89 2 252 255 / 0.68096930 0.00160220
				-35.11079000 -1.17615200 -9.66437500 / 0.19073360 -0.32765650 -0.92534420 / 89 3 248 255 / 0.68244930 0.00160220
				-34.95799000 -1.13865700 -9.64631700 / -0.03890900 0.08283660 -0.99580310 / 87 2 252 255 / 0.68096930 0.02264400
				-34.95799000 -1.13865700 -9.64631700 / -0.03890900 0.08283660 -0.99580310 / 87 2 252 255 / 0.68096930 0.02264400
				-34.92885000 -1.18961800 -9.65169500 / -0.03890900 0.08283660 -0.99580310 / 87 2 251 255 / 0.67195130 0.02264400
				-35.06135000 -1.26354100 -9.65266400 / -0.03890900 0.08284840 -0.99580230 / 87 2 251 255 / 0.67195130 0.00160220
				-35.06135000 -1.26354100 -9.65266400 / -0.03890900 0.08284840 -0.99580230 / 87 2 251 255 / 0.67195130 0.00160220
				-35.09048000 -1.21258300 -9.64728500 / -0.03890900 0.08284840 -0.99580230 / 87 2 252 255 / 0.68096930 0.00160220
				-34.92884000 -1.18961500 -9.65169500 / -0.34829150 0.63491430 -0.68962100 / 91 26 251 255 / 0.67195130 0.02264400
				-34.92884000 -1.18961500 -9.65169500 / -0.34829150 0.63491430 -0.68962100 / 91 26 251 255 / 0.67195130 0.02264400
				-37.61804000 3.22075900 -9.95344500 / 0.37767020 -0.67093690 0.63812920 / 111 13 175 255 / 0.61708070 0.00160220
				-37.61804000 3.22075900 -9.95344500 / 0.37767020 -0.67093690 0.63812920 / 111 13 175 255 / 0.61708070 0.00160220
				-34.91143000 -1.22040700 -9.68879700 / -0.34790230 0.63462590 -0.69008250 / 91 22 242 255 / 0.65852360 0.02264400
				-37.01750000 2.16701200 -10.80891000 / -0.86895480 -0.49489040 0.00104900 / 220 108 0 255 / 0.71286010 0.08285520
				-37.01750000 2.16701200 -10.80891000 / -0.86895480 -0.49489040 0.00104900 / 220 108 0 255 / 0.71286010 0.08285520
				-37.01750000 2.16701200 -10.80891000 / -0.86895480 -0.49489040 0.00104900 / 220 108 0 255 / 0.71286010 0.08285520
				-37.01750000 2.16701200 -10.80891000 / -0.86895480 -0.49489040 0.00104900 / 220 108 0 255 / 0.71286010 0.08285520
				-35.04362000 -1.29396100 -9.68977300 / -0.34942900 0.63554560 -0.68846300 / 91 26 242 255 / 0.65852360 0.00160220
				-35.04362000 -1.29396100 -9.68977300 / -0.34942900 0.63554560 -0.68846300 / 91 26 242 255 / 0.65852360 0.00160220
				-35.06135000 -1.26354800 -9.65266400 / -0.34980530 0.63576260 -0.68807130 / 91 29 251 255 / 0.67195130 0.00160220
				-34.91143000 -1.22040700 -9.68879700 / -0.46462170 0.83385380 -0.29801780 / 87 48 242 255 / 0.65852360 0.02264400
				-34.91143000 -1.22040700 -9.68879700 / -0.46462170 0.83385380 -0.29801780 / 87 48 242 255 / 0.65852360 0.02264400
				-34.90336000 -1.23429400 -9.74056300 / -0.46539210 0.83403410 -0.29630600 / 87 43 228 255 / 0.64425660 0.02264400
				-35.03587000 -1.30822200 -9.74055500 / -0.46233520 0.83344080 -0.30269230 / 87 48 228 255 / 0.64425660 0.00160220
				-35.03587000 -1.30822200 -9.74055500 / -0.46233520 0.83344080 -0.30269230 / 87 48 228 255 / 0.64425660 0.00160220
				-35.04362000 -1.29396100 -9.68977300 / -0.46156360 0.83321050 -0.30449850 / 88 52 242 255 / 0.65852360 0.00160220
				-35.00009000 -1.06452100 -9.74056300 / 0.00228880 -0.00035760 0.99999730 / 102 8 228 255 / 0.66999820 0.02264400
				-35.00009000 -1.06452100 -9.74056300 / 0.00228880 -0.00035760 0.99999730 / 102 8 228 255 / 0.66999820 0.02264400
				-35.13179000 -1.13976600 -9.74005100 / 0.00419600 -0.00061990 0.99999110 / 103 9 228 255 / 0.66999820 0.00160220
				-35.03587000 -1.30822200 -9.74056300 / 0.00190730 -0.00026230 0.99999820 / 102 8 228 255 / 0.64425660 0.00160220
				-35.03587000 -1.30822200 -9.74056300 / 0.00190730 -0.00026230 0.99999820 / 102 8 228 255 / 0.64425660 0.00160220
				-37.48591000 3.29499100 -9.95344500 / 0.37650780 -0.67016580 0.63962470 / 111 14 175 255 / 0.61708070 0.02264400
				-37.22356000 2.52943100 -10.61603000 / -0.86870750 -0.49532450 0.00095380 / 221 108 3 255 / 0.62216200 0.05741880
				-37.22356000 2.52943100 -10.61603000 / -0.86870750 -0.49532450 0.00095380 / 221 108 3 255 / 0.62216200 0.05741880
				-34.90336000 -1.23429400 -9.74056300 / 0.00000000 0.00000000 1.00000000 / 101 6 228 255 / 0.64425660 0.02264400
				-33.76060000 -3.23849700 -9.91388700 / 0.01411500 -0.02503500 0.99958690 / 120 8 184 255 / 0.60792540 0.02264400
				-33.76060000 -3.23849700 -9.91388700 / 0.01411500 -0.02503500 0.99958690 / 120 8 184 255 / 0.60792540 0.02264400
				-33.89311000 -3.31242000 -9.91391000 / 0.01373360 -0.02501130 0.99959280 / 120 8 184 255 / 0.60792540 0.00160220
				-33.79156000 -3.49011900 -9.91975400 / 0.01411500 -0.02503500 0.99958690 / 120 8 182 255 / 0.57966610 0.00160220
				-33.79156000 -3.49011900 -9.91975400 / 0.01411500 -0.02503500 0.99958690 / 120 8 182 255 / 0.57966610 0.00160220
				-33.65982000 -3.41555600 -9.91976200 / 0.01411490 -0.02505880 0.99958630 / 119 7 182 255 / 0.57966610 0.02264400
				-33.89310000 -3.31241900 -9.91391000 / -0.38757910 0.69292640 0.60797660 / 118 42 184 255 / 0.60792540 0.00160220
				-33.89310000 -3.31241900 -9.91391000 / -0.38757910 0.69292640 0.60797660 / 118 42 184 255 / 0.60792540 0.00160220
				-33.76060000 -3.23849700 -9.91388700 / -0.38604200 0.69161880 0.61043840 / 117 37 184 255 / 0.60792540 0.02264400
				-33.77355000 -3.21599200 -9.94757100 / -0.38642490 0.69190750 0.60986850 / 118 42 175 255 / 0.60334780 0.02264400
				-33.77355000 -3.21599200 -9.94757100 / -0.38642490 0.69190750 0.60986850 / 118 42 175 255 / 0.60334780 0.02264400
				-33.90572000 -3.28954500 -9.94807400 / -0.38796760 0.69320120 0.60741530 / 119 46 175 255 / 0.60334780 0.00160220
				-33.90571000 -3.28954600 -9.94807400 / -0.14572490 0.25997780 0.95455520 / 125 17 175 255 / 0.60334780 0.00160220
				-33.90571000 -3.28954600 -9.94807400 / -0.14572490 0.25997780 0.95455520 / 125 17 175 255 / 0.60334780 0.00160220
				-37.24696000 2.56978400 -10.80694000 / -0.86824360 -0.49613580 0.00152590 / 222 108 0 255 / 0.61352540 0.08364869
				-37.50577000 3.33043200 -9.90461700 / 0.37688980 -0.67040510 0.63914870 / 111 13 187 255 / 0.63398740 0.02264400
				-37.50577000 3.33043200 -9.90461700 / 0.37688980 -0.67040510 0.63914870 / 111 13 187 255 / 0.63398740 0.02264400
				-33.77354000 -3.21599500 -9.94757100 / -0.15145010 0.26532380 0.95219020 / 124 14 175 255 / 0.60334780 0.02264400
				-33.79458000 -3.17892700 -9.96124300 / -0.14992330 0.26415400 0.95275690 / 125 17 172 255 / 0.60574340 0.02264400
				-33.79458000 -3.17892700 -9.96124300 / -0.14992330 0.26415400 0.95275690 / 125 17 172 255 / 0.60574340 0.02264400
				-33.92709000 -3.25285100 -9.96125000 / -0.14457110 0.25874500 0.95506550 / 126 20 172 255 / 0.60574340 0.00160220
				-33.92709000 -3.25285100 -9.96125000 / 0.08659330 -0.15451840 0.98418780 / 117 4 172 255 / 0.60574340 0.00160220
				-33.92709000 -3.25285100 -9.96125000 / 0.08659330 -0.15451840 0.98418780 / 117 4 172 255 / 0.60574340 0.00160220
				-33.79458000 -3.17892700 -9.96124300 / 0.08582780 -0.15391780 0.98434900 / 117 4 172 255 / 0.60574340 0.02264400
				-33.82697000 -3.12199300 -9.94951600 / 0.08621160 -0.15413670 0.98428120 / 117 4 175 255 / 0.61708070 0.02264400
				-33.82697000 -3.12199300 -9.94951600 / 0.08621160 -0.15413670 0.98428120 / 117 4 175 255 / 0.61708070 0.02264400
				-33.95910000 -3.19623300 -9.94952400 / 0.08697750 -0.15471400 0.98412320 / 118 5 175 255 / 0.61708070 0.00160220
				-33.95911000 -3.19623000 -9.94952400 / 0.37765210 -0.67142930 0.63762180 / 106 9 175 255 / 0.61708070 0.00160220
				-33.95911000 -3.19623000 -9.94952400 / 0.37765210 -0.67142930 0.63762180 / 106 9 175 255 / 0.61708070 0.00160220
				-33.82697000 -3.12199300 -9.94952400 / 0.37726460 -0.67120390 0.63808830 / 106 8 175 255 / 0.61708070 0.02264400
				-37.15312000 2.40565300 -10.61604000 / -0.86897580 -0.49485460 0.00038150 / 220 108 3 255 / 0.65539550 0.05828860
				-37.15312000 2.40565300 -10.61604000 / -0.86897580 -0.49485460 0.00038150 / 220 108 3 255 / 0.65539550 0.05828860
				-37.15312000 2.40565300 -10.61604000 / -0.86897580 -0.49485460 0.00038150 / 220 108 3 255 / 0.65539550 0.05828860
				-37.15312000 2.40565300 -10.61604000 / -0.86897580 -0.49485460 0.00038150 / 220 108 3 255 / 0.65539550 0.05828860
				-33.84716000 -3.08692400 -9.90070400 / 0.37727430 -0.67136420 0.63791400 / 106 9 187 255 / 0.63398740 0.02264400
				-33.84716000 -3.08692400 -9.90070400 / 0.37727430 -0.67136420 0.63791400 / 106 9 187 255 / 0.63398740 0.02264400
				-37.63788000 3.25550700 -9.90509800 / 0.37840290 -0.67102620 0.63760120 / 112 12 187 255 / 0.63398740 0.00160220
				-33.97893000 -3.16148900 -9.90118400 / 0.37765090 -0.67152240 0.63752430 / 107 10 187 255 / 0.63398740 0.00160220
				-33.98058000 -3.15815100 -9.85333300 / 0.49171900 -0.86694560 0.08134920 / 93 10 200 255 / 0.64617920 0.00160220
				-33.98058000 -3.15815100 -9.85333300 / 0.49171900 -0.86694560 0.08134920 / 93 10 200 255 / 0.64617920 0.00160220
				-33.97893000 -3.16148600 -9.90118400 / 0.49094080 -0.86775310 0.07734130 / 93 11 187 255 / 0.63398740 0.00160220
				-33.84718000 -3.08693000 -9.90070400 / 0.49474920 -0.86397530 0.09364760 / 93 10 187 255 / 0.63398740 0.02264400
				-33.84718000 -3.08693000 -9.90070400 / 0.49474920 -0.86397530 0.09364760 / 93 10 187 255 / 0.63398740 0.02264400
				-33.84926000 -3.08260200 -9.85187500 / 0.49552730 -0.86309590 0.09756051 / 92 8 200 255 / 0.64617920 0.02264400
				-33.78431000 -3.50267800 -9.85920700 / -0.00152590 0.01721410 -0.99985060 / 92 1 198 255 / 0.59230040 0.00160220
				-33.78431000 -3.50267800 -9.85920700 / -0.00152590 0.01721410 -0.99985060 / 92 1 198 255 / 0.59230040 0.00160220
				-33.98058000 -3.15815100 -9.85333300 / 0.00114440 0.01759550 -0.99984460 / 92 0 200 255 / 0.64617920 0.00160220
				-33.84926000 -3.08260100 -9.85187500 / 0.00038150 0.01747630 -0.99984720 / 92 1 200 255 / 0.64617920 0.02264400
				-33.84926000 -3.08260100 -9.85187500 / 0.00038150 0.01747630 -0.99984720 / 92 1 200 255 / 0.64617920 0.02264400
				-36.99691000 2.13163500 -10.61655000 / -0.86893450 -0.49492650 0.00076290 / 219 108 3 255 / 0.72044370 0.05830380
				-36.99691000 2.13163500 -10.61655000 / -0.86893450 -0.49492650 0.00076290 / 219 108 3 255 / 0.72044370 0.05830380
				-36.99691000 2.13163500 -10.61655000 / -0.86893450 -0.49492650 0.00076290 / 219 108 3 255 / 0.72044370 0.05830380
				-36.99691000 2.13163500 -10.61655000 / -0.86893450 -0.49492650 0.00076290 / 219 108 3 255 / 0.72044370 0.05830380
				-36.99691000 2.13163500 -10.61655000 / -0.86893450 -0.49492650 0.00076290 / 219 108 3 255 / 0.72044370 0.05830380
				-33.65216000 -3.42844100 -9.85823800 / -0.00228890 0.01709490 -0.99985130 / 92 1 198 255 / 0.59230040 0.02264400
				-33.81884000 -3.13658400 -9.66338400 / 0.19150260 -0.32873970 -0.92480100 / 96 2 248 255 / 0.68244930 0.02264400
				-33.81884000 -3.13658400 -9.66338400 / 0.19150260 -0.32873970 -0.92480100 / 96 2 248 255 / 0.68244930 0.02264400
				-37.63916000 3.25851900 -9.85627000 / 0.49361490 -0.86668710 0.07209681 / 92 13 200 255 / 0.64617920 0.00160220
				-37.63916000 3.25851900 -9.85627000 / 0.49361490 -0.86668710 0.07209681 / 92 13 200 255 / 0.64617920 0.00160220
				-33.79821000 -3.17264100 -9.64629400 / 0.19150260 -0.32873970 -0.92480100 / 96 2 252 255 / 0.68096930 0.02264400
				-33.93034000 -3.24687300 -9.64728500 / 0.19150110 -0.32876100 -0.92479380 / 96 2 252 255 / 0.68096930 0.00160220
				-33.93034000 -3.24687300 -9.64728500 / 0.19150110 -0.32876100 -0.92479380 / 96 2 252 255 / 0.68096930 0.00160220
				-33.95097000 -3.21081000 -9.66438300 / 0.19149960 -0.32878230 -0.92478650 / 96 3 248 255 / 0.68244930 0.00160220
				-33.79823000 -3.17264000 -9.64629400 / -0.03852930 0.08247079 -0.99584850 / 89 2 252 255 / 0.68096930 0.02264400
				-33.79823000 -3.17264000 -9.64629400 / -0.03852930 0.08247079 -0.99584850 / 89 2 252 255 / 0.68096930 0.02264400
				-33.76871000 -3.22390700 -9.65167200 / -0.03852970 0.08235240 -0.99585820 / 89 2 251 255 / 0.67195130 0.02264400
				-33.90122000 -3.29783600 -9.65267200 / -0.03890920 0.08277741 -0.99580820 / 89 2 251 255 / 0.67195130 0.00160220
				-33.90122000 -3.29783600 -9.65267200 / -0.03890920 0.08277741 -0.99580820 / 89 2 251 255 / 0.67195130 0.00160220
				-33.93035000 -3.24687400 -9.64728500 / -0.03928970 0.08289450 -0.99578350 / 89 2 252 255 / 0.68096930 0.00160220
				-37.12676000 2.35896900 -10.36507000 / -0.86861550 -0.49548660 -0.00057220 / 219 108 66 255 / 0.66806030 0.01892090
				-37.12676000 2.35896900 -10.36507000 / -0.86861550 -0.49548660 -0.00057220 / 219 108 66 255 / 0.66806030 0.01892090
				-33.76871000 -3.22390700 -9.65167200 / -0.34865360 0.63434250 -0.68996400 / 94 26 251 255 / 0.67195130 0.02264400
				-33.76871000 -3.22390700 -9.65167200 / -0.34865360 0.63434250 -0.68996400 / 94 26 251 255 / 0.67195130 0.02264400
				-33.75129000 -3.25470400 -9.68878200 / -0.34865880 0.63432820 -0.68997440 / 94 23 242 255 / 0.65852360 0.02264400
				-33.88381000 -3.32861800 -9.68978900 / -0.34866780 0.63451150 -0.68980150 / 94 26 242 255 / 0.65852360 0.00160220
				-33.88381000 -3.32861800 -9.68978900 / -0.34866780 0.63451150 -0.68980150 / 94 26 242 255 / 0.65852360 0.00160220
				-37.63787000 3.25550700 -9.90509800 / 0.49209830 -0.86799090 0.06656680 / 92 14 187 255 / 0.63398740 0.00160220
				-33.90121000 -3.29784000 -9.65267200 / -0.34867490 0.63459580 -0.68972020 / 94 29 251 255 / 0.67195130 0.00160220
				-33.75129000 -3.25470400 -9.68878200 / -0.46310240 0.83551060 -0.29573320 / 86 47 242 255 / 0.65852360 0.02264400
				-33.75129000 -3.25470400 -9.68878200 / -0.46310240 0.83551060 -0.29573320 / 86 47 242 255 / 0.65852360 0.02264400
				-33.74323000 -3.26858600 -9.74053200 / -0.46272810 0.83554740 -0.29621460 / 86 43 228 255 / 0.64425660 0.02264400
				-33.87611000 -3.34220100 -9.74056300 / -0.46385630 0.83556600 -0.29439240 / 86 47 228 255 / 0.64425660 0.00160220
				-33.87611000 -3.34220100 -9.74056300 / -0.46385630 0.83556600 -0.29439240 / 86 47 228 255 / 0.64425660 0.00160220
				-33.88381000 -3.32862500 -9.68978900 / -0.46386970 0.83575700 -0.29382860 / 86 51 242 255 / 0.65852360 0.00160220
				-33.84033000 -3.09849200 -9.74054700 / 0.00228880 -0.00042910 0.99999730 / 104 7 228 255 / 0.66999820 0.02264400
				-33.84033000 -3.09849200 -9.74054700 / 0.00228880 -0.00042910 0.99999730 / 104 7 228 255 / 0.66999820 0.02264400
				-36.96937000 2.08331100 -10.36311000 / -0.86850270 -0.49568440 -0.00019070 / 219 108 67 255 / 0.73329170 0.01870730
				-33.97204000 -3.17373300 -9.74004400 / 0.00419600 -0.00071520 0.99999100 / 105 8 228 255 / 0.66999820 0.00160220
				-33.87611000 -3.34219800 -9.74057000 / 0.00152580 -0.00033380 0.99999880 / 104 7 228 255 / 0.64425660 0.00160220
				-33.87611000 -3.34219800 -9.74057000 / 0.00152580 -0.00033380 0.99999880 / 104 7 228 255 / 0.64425660 0.00160220
				-33.74323000 -3.26858600 -9.74053200 / -0.00038150 -0.00004770 0.99999980 / 104 6 228 255 / 0.64425660 0.02264400
				-36.72409000 1.65238500 -9.45780200 / -0.86900040 -0.49480910 0.00152590 / 208 108 255 255 / 0.34579470 0.03843690
				-36.72409000 1.65238500 -9.45780200 / -0.86900040 -0.49480910 0.00152590 / 208 108 255 255 / 0.34579470 0.03843690
				-37.50580000 3.33043400 -9.90461700 / 0.49744970 -0.86290740 0.08907550 / 92 13 187 255 / 0.63398740 0.02264400
				-37.50580000 3.33043400 -9.90461700 / 0.49744970 -0.86290740 0.08907550 / 92 13 187 255 / 0.63398740 0.02264400
				-36.70839000 1.62561100 -9.31180600 / -0.86859220 -0.49552100 0.00257490 / 208 107 255 255 / 0.35299680 0.01393130
				-36.81035000 1.80432400 -9.31181300 / -0.86929930 -0.49428520 0.00095360 / 208 108 255 255 / 0.30000310 0.01411440
				-36.81035000 1.80432400 -9.31181300 / -0.86929930 -0.49428520 0.00095360 / 208 108 255 255 / 0.30000310 0.01411440
				-36.82574000 1.83146800 -9.45781700 / -0.86971010 -0.49356290 -0.00009540 / 208 108 255 255 / 0.29280090 0.03862000
				-36.78813000 1.76561200 -10.08768000 / -0.86833200 -0.49598360 -0.00019080 / 217 108 142 255 / 0.30198670 0.17654420
				-36.78813000 1.76561200 -10.08768000 / -0.86833200 -0.49598360 -0.00019080 / 217 108 142 255 / 0.30198670 0.17654420
				-36.72742000 1.65904500 -9.52812200 / -0.86832680 -0.49599260 -0.00019080 / 217 109 255 255 / 0.33955380 0.06262210
				-35.89374000 0.19623810 -11.26983000 / 0.09193730 -0.16309420 0.98231760 / 134 9 0 255 / 0.10177610 0.02192690
				-37.09340000 2.60663700 -9.67410300 / -0.20331910 0.37178220 -0.90578110 / 125 16 246 255 / 0.57887270 0.02264400
				-37.09340000 2.60663700 -9.67410300 / -0.20331910 0.37178220 -0.90578110 / 125 16 246 255 / 0.57887270 0.02264400
				-36.83380000 1.84535700 -9.52812900 / -0.86832680 -0.49599260 -0.00019080 / 217 108 255 255 / 0.28395080 0.06198120
				-36.83380000 1.84535700 -9.52812900 / -0.86832680 -0.49599260 -0.00019080 / 217 108 255 255 / 0.28395080 0.06198120
				-36.89451000 1.95192100 -10.08772000 / -0.86833200 -0.49598360 -0.00019080 / 217 108 142 255 / 0.24638370 0.17590330
				-34.82869000 -1.67159600 -9.30792300 / -0.86893480 -0.49492660 -0.00038140 / 218 98 255 255 / 0.59230040 0.01391600
				-34.82869000 -1.67159600 -9.30792300 / -0.86893480 -0.49492660 -0.00038140 / 218 98 255 255 / 0.59230040 0.01391600
				-34.90885000 -1.53059700 -10.08138000 / -0.86856940 -0.49556760 -0.00028610 / 218 98 144 255 / 0.54129030 0.17414860
				-34.80688000 -1.70929700 -10.08137000 / -0.86860530 -0.49550460 -0.00038150 / 218 98 144 255 / 0.59425350 0.17486570
				-34.80688000 -1.70929700 -10.08137000 / -0.86860530 -0.49550460 -0.00038150 / 218 98 144 255 / 0.59425350 0.17486570
				-37.50821000 3.33440300 -9.85578900 / 0.49895380 -0.86143910 0.09469820 / 91 11 200 255 / 0.64617920 0.02264400
				-34.72709000 -1.84998800 -9.30792300 / -0.86896550 -0.49487260 -0.00038150 / 218 97 255 255 / 0.64521790 0.01463320
				-38.00851000 3.90546700 -9.38163700 / 0.25214720 -0.49485330 0.83159000 / 244 11 255 255 / 0.85591130 0.00219730
				-38.00851000 3.90546700 -9.38163700 / 0.25214720 -0.49485330 0.83159000 / 244 11 255 255 / 0.85591130 0.00219730
				-37.87255000 3.97517800 -9.38165300 / 0.25443050 -0.49579610 0.83033210 / 243 11 255 255 / 0.85591130 0.02264400
				-37.91301000 4.04600400 -9.32696500 / 0.16899380 -0.33088260 0.92841680 / 245 11 255 255 / 0.87953190 0.02264400
				-37.91301000 4.04600400 -9.32696500 / 0.16899380 -0.33088260 0.92841680 / 245 11 255 255 / 0.87953190 0.02264400
				-37.91301000 4.04600400 -9.32696500 / 0.16899380 -0.33088260 0.92841680 / 245 11 255 255 / 0.87953190 0.02264400
				-36.93411000 2.02073300 -10.80891000 / -0.86929400 -0.49429410 0.00123970 / 219 107 0 255 / 0.75210570 0.08372500
				-36.93411000 2.02073300 -10.80891000 / -0.86929400 -0.49429410 0.00123970 / 219 107 0 255 / 0.75210570 0.08372500
				-38.04902000 3.97698500 -9.32695000 / 0.16250320 -0.32009510 0.93334450 / 248 11 255 255 / 0.87953190 0.00219730
				-38.04902000 3.97698500 -9.32695000 / 0.16250320 -0.32009510 0.93334450 / 248 11 255 255 / 0.87953190 0.00219730
				-38.04902000 3.97698500 -9.32695000 / 0.16250320 -0.32009510 0.93334450 / 248 11 255 255 / 0.87953190 0.00219730
				-37.95833000 4.12542300 -9.31233200 / 0.03700130 -0.07290600 0.99665220 / 251 12 255 255 / 0.89501940 0.02264400
				-37.95833000 4.12542300 -9.31233200 / 0.03700130 -0.07290600 0.99665220 / 251 12 255 255 / 0.89501940 0.02264400
				-37.95833000 4.12542300 -9.31233200 / 0.03700130 -0.07290600 0.99665220 / 251 12 255 255 / 0.89501940 0.02264400
				-38.09435000 4.05640700 -9.31232500 / 0.03471310 -0.06847260 0.99704890 / 255 13 255 255 / 0.89501940 0.00219730
				-38.09435000 4.05640700 -9.31232500 / 0.03471310 -0.06847260 0.99704890 / 255 13 255 255 / 0.89501940 0.00219730
				-38.09435000 4.05640700 -9.31232500 / 0.03471310 -0.06847260 0.99704890 / 255 13 255 255 / 0.89501940 0.00219730
				-38.15136000 4.46397700 -9.31234000 / 0.00000000 0.00004770 1.00000000 / 255 14 255 255 / 0.94627380 0.02264400
				-38.15136000 4.46397700 -9.31234000 / 0.00000000 0.00004770 1.00000000 / 255 14 255 255 / 0.94627380 0.02264400
				-38.28775000 4.39527600 -9.31234000 / 0.00000000 0.00004770 1.00000000 / 255 15 255 255 / 0.94627380 0.00219730
				-38.13925000 4.13482500 -9.66291000 / -0.07629650 0.13609390 0.98775360 / 132 16 249 255 / 0.82406620 0.00160220
				-38.13925000 4.13482500 -9.66291000 / -0.07629650 0.13609390 0.98775360 / 132 16 249 255 / 0.82406620 0.00160220
				-37.44325000 2.91430900 -9.86308300 / -0.00305180 0.01688040 -0.99985280 / 92 3 198 255 / 0.59230040 0.00160220
				-37.44325000 2.91430900 -9.86308300 / -0.00305180 0.01688040 -0.99985280 / 92 3 198 255 / 0.59230040 0.00160220
				-38.00674000 4.20875600 -9.66291800 / -0.07553050 0.13542090 0.98790500 / 131 14 249 255 / 0.82406620 0.02264400
				-38.03463000 4.25738500 -9.67171500 / -0.02975480 0.05354910 0.99812180 / 133 14 247 255 / 0.82943730 0.02264400
				-38.03463000 4.25738500 -9.67171500 / -0.02975480 0.05354910 0.99812180 / 133 14 247 255 / 0.82943730 0.02264400
				-38.03463000 4.25738500 -9.67171500 / -0.02975480 0.05354910 0.99812180 / 133 14 247 255 / 0.82943730 0.02264400
				-38.16676000 4.18314200 -9.67170700 / -0.02975540 0.05321630 0.99813960 / 135 13 247 255 / 0.82943730 0.00160220
				-38.16676000 4.18314200 -9.67170700 / -0.02975540 0.05321630 0.99813960 / 135 13 247 255 / 0.82943730 0.00160220
				-38.16676000 4.18314200 -9.67170700 / -0.02975540 0.05321630 0.99813960 / 135 13 247 255 / 0.82943730 0.00160220
				-36.91147000 1.98101800 -10.61653000 / -0.86977140 -0.49345460 0.00047680 / 219 107 3 255 / 0.76051330 0.05720520
				-38.07712000 4.33184300 -9.66877700 / 0.01678410 -0.02980130 0.99941500 / 136 11 248 255 / 0.84138490 0.02264400
				-38.07712000 4.33184300 -9.66877700 / 0.01678410 -0.02980130 0.99941500 / 136 11 248 255 / 0.84138490 0.02264400
				-38.20888000 4.25728800 -9.66879300 / 0.01678410 -0.02980130 0.99941500 / 137 12 248 255 / 0.84138490 0.00160220
				-37.72362000 3.40574300 -9.51399200 / 0.03128140 -0.05579150 0.99795230 / 238 15 255 255 / 0.74891660 0.00160220
				-37.72362000 3.40574300 -9.51399200 / 0.03128140 -0.05579150 0.99795230 / 238 15 255 255 / 0.74891660 0.00160220
				-37.59119000 3.48035600 -9.51398500 / 0.03128140 -0.05576770 0.99795370 / 238 13 255 255 / 0.74891660 0.02264400
				-37.62148000 3.53295500 -9.51009400 / -0.03433220 0.06110650 0.99754070 / 237 17 255 255 / 0.75782770 0.02264400
				-37.62148000 3.53295500 -9.51009400 / -0.03433220 0.06110650 0.99754070 / 237 17 255 255 / 0.75782770 0.02264400
				-37.62148000 3.53295500 -9.51009400 / -0.03433220 0.06110650 0.99754070 / 237 17 255 255 / 0.75782770 0.02264400
				-37.75361000 3.45870900 -9.51008600 / -0.03471470 0.06196660 0.99747430 / 233 23 255 255 / 0.75782770 0.00160220
				-37.75361000 3.45870900 -9.51008600 / -0.03471470 0.06196660 0.99747430 / 233 23 255 255 / 0.75782770 0.00160220
				-37.75361000 3.45870900 -9.51008600 / -0.03471470 0.06196660 0.99747430 / 233 23 255 255 / 0.75782770 0.00160220
				-37.66076000 3.60212800 -9.52668000 / -0.19874820 0.35391290 0.91391730 / 225 28 255 255 / 0.76434320 0.02264400
				-37.66076000 3.60212800 -9.52668000 / -0.19874820 0.35391290 0.91391730 / 225 28 255 255 / 0.76434320 0.02264400
				-37.66076000 3.60212800 -9.52668000 / -0.19874820 0.35391290 0.91391730 / 225 28 255 255 / 0.76434320 0.02264400
				-37.63916000 3.25851900 -9.85627000 / -0.00572210 0.01645110 -0.99984820 / 92 2 200 255 / 0.64617920 0.00160220
				-37.79292000 3.52789800 -9.52668800 / -0.19797450 0.35422750 0.91396330 / 212 37 255 255 / 0.76434320 0.00160220
				-37.79292000 3.52789800 -9.52668800 / -0.19797450 0.35422750 0.91396330 / 212 37 255 255 / 0.76434320 0.00160220
				-37.79292000 3.52789800 -9.52668800 / -0.19797450 0.35422750 0.91396330 / 212 37 255 255 / 0.76434320 0.00160220
				-37.69229000 3.65705600 -9.57305900 / -0.34294560 0.61469850 0.71030550 / 195 44 255 255 / 0.76177980 0.02264400
				-37.69229000 3.65705600 -9.57305900 / -0.34294560 0.61469850 0.71030550 / 195 44 255 255 / 0.76177980 0.02264400
				-37.69229000 3.65705600 -9.57305900 / -0.34294560 0.61469850 0.71030550 / 195 44 255 255 / 0.76177980 0.02264400
				-38.16756000 4.18447200 -9.85090600 / 0.02288830 -0.03075610 -0.99926480 / 118 5 201 255 / 0.78750610 0.00219730
				-38.16756000 4.18447200 -9.85090600 / 0.02288830 -0.03075610 -0.99926480 / 118 5 201 255 / 0.78750610 0.00219730
				-38.16756000 4.18447200 -9.85090600 / 0.02288830 -0.03075610 -0.99926480 / 118 5 201 255 / 0.78750610 0.00219730
				-37.82447000 3.58350600 -9.57306700 / -0.34294720 0.61546430 0.70964130 / 177 47 255 255 / 0.76177980 0.00160220
				-37.82447000 3.58350600 -9.57306700 / -0.34294720 0.61546430 0.70964130 / 177 47 255 255 / 0.76177980 0.00160220
				-37.82447000 3.58350600 -9.57306700 / -0.34294720 0.61546430 0.70964130 / 177 47 255 255 / 0.76177980 0.00160220
				-37.71415000 3.69544100 -9.63262200 / -0.39100540 0.70204550 0.59518650 / 168 46 255 255 / 0.75352480 0.02264400
				-37.71415000 3.69544100 -9.63262200 / -0.39100540 0.70204550 0.59518650 / 168 46 255 255 / 0.75352480 0.02264400
				-37.84666000 3.62151400 -9.63264500 / -0.39214240 0.70238970 0.59403090 / 161 42 255 255 / 0.75352480 0.00160220
				-36.94586000 2.04159800 -9.53205900 / 0.12702820 -0.22613790 0.96577700 / 242 10 255 255 / 0.53804020 0.00160220
				-36.94586000 2.04159800 -9.53205900 / 0.12702820 -0.22613790 0.96577700 / 242 10 255 255 / 0.53804020 0.00160220
				-36.81373000 2.11582600 -9.53204400 / 0.12702690 -0.22618320 0.96576680 / 242 10 255 255 / 0.53804020 0.02264400
				-36.84975000 2.17903600 -9.51250500 / 0.05225980 -0.09324270 0.99427100 / 243 12 255 255 / 0.55221560 0.02264400
				-36.84975000 2.17903600 -9.51250500 / 0.05225980 -0.09324270 0.99427100 / 243 12 255 255 / 0.55221560 0.02264400
				-36.84975000 2.17903600 -9.51250500 / 0.05225980 -0.09324270 0.99427100 / 243 12 255 255 / 0.55221560 0.02264400
				-36.98189000 2.10480200 -9.51252700 / 0.05187850 -0.09240850 0.99436890 / 244 15 255 255 / 0.55221560 0.00160220
				-36.98189000 2.10480200 -9.51252700 / 0.05187850 -0.09240850 0.99436890 / 244 15 255 255 / 0.55221560 0.00160220
				-36.98189000 2.10480200 -9.51252700 / 0.05187850 -0.09240850 0.99436890 / 244 15 255 255 / 0.55221560 0.00160220
				-36.88909000 2.24890900 -9.51642600 / -0.08697310 0.15442020 0.98416970 / 243 22 255 255 / 0.56187440 0.02264400
				-36.88909000 2.24890900 -9.51642600 / -0.08697310 0.15442020 0.98416970 / 243 22 255 255 / 0.56187440 0.02264400
				-36.88909000 2.24890900 -9.51642600 / -0.08697310 0.15442020 0.98416970 / 243 22 255 255 / 0.56187440 0.02264400
				-37.50819000 3.33439600 -9.85578900 / -0.00495920 0.01659420 -0.99985010 / 92 3 200 255 / 0.64617920 0.02264400
				-37.50819000 3.33439600 -9.85578900 / -0.00495920 0.01659420 -0.99985010 / 92 3 200 255 / 0.64617920 0.02264400
				-37.02155000 2.17429800 -9.51643400 / -0.08850070 0.15585380 0.98380750 / 241 29 255 255 / 0.56187440 0.00160220
				-37.02155000 2.17429800 -9.51643400 / -0.08850070 0.15585380 0.98380750 / 241 29 255 255 / 0.56187440 0.00160220
				-37.02155000 2.17429800 -9.51643400 / -0.08850070 0.15585380 0.98380750 / 241 29 255 255 / 0.56187440 0.00160220
				-38.22747000 4.28971600 -9.85140200 / 0.00724830 -0.00047690 -0.99997370 / 117 5 201 255 / 0.80337520 0.00219730
				-36.92104000 2.30483000 -9.53691900 / -0.21782560 0.38584400 0.89648000 / 235 32 255 255 / 0.56541440 0.02264400
				-36.92104000 2.30483000 -9.53691900 / -0.21782560 0.38584400 0.89648000 / 235 32 255 255 / 0.56541440 0.02264400
				-36.92104000 2.30483000 -9.53691900 / -0.21782560 0.38584400 0.89648000 / 235 32 255 255 / 0.56541440 0.02264400
				-37.05355000 2.23091400 -9.53743000 / -0.21819970 0.38680870 0.89597320 / 226 34 255 255 / 0.56541440 0.00160220
				-37.05355000 2.23091400 -9.53743000 / -0.21819970 0.38680870 0.89597320 / 226 34 255 255 / 0.56541440 0.00160220
				-37.05355000 2.23091400 -9.53743000 / -0.21819970 0.38680870 0.89597320 / 226 34 255 255 / 0.56541440 0.00160220
				-36.94735000 2.35083600 -9.57403600 / -0.31852420 0.56871830 0.75835470 / 216 29 255 255 / 0.56370550 0.02264400
				-36.94735000 2.35083600 -9.57403600 / -0.31852420 0.56871830 0.75835470 / 216 29 255 255 / 0.56370550 0.02264400
				-36.94735000 2.35083600 -9.57403600 / -0.31852420 0.56871830 0.75835470 / 216 29 255 255 / 0.56370550 0.02264400
				-37.07984000 2.27690500 -9.57404400 / -0.31737180 0.56837020 0.75909850 / 207 32 255 255 / 0.56370550 0.00160220
				-37.07984000 2.27690500 -9.57404400 / -0.31737180 0.56837020 0.75909850 / 207 32 255 255 / 0.56370550 0.00160220
				-37.07984000 2.27690500 -9.57404400 / -0.31737180 0.56837020 0.75909850 / 207 32 255 255 / 0.56370550 0.00160220
				-36.96469000 2.38093200 -9.61064900 / -0.35362000 0.63354530 0.68816660 / 202 30 255 255 / 0.55961610 0.02264400
				-36.96469000 2.38093200 -9.61064900 / -0.35362000 0.63354530 0.68816660 / 202 30 255 255 / 0.55961610 0.02264400
				-37.09720000 2.30701200 -9.61066400 / -0.35362880 0.63341800 0.68827920 / 199 38 255 255 / 0.55961610 0.00160220
				-37.13108000 2.67317300 -9.59989200 / -0.30365170 0.54042660 0.78468780 / 165 27 255 255 / 0.60639960 0.02264400
				-37.13108000 2.67317300 -9.59989200 / -0.30365170 0.54042660 0.78468780 / 165 27 255 255 / 0.60639960 0.02264400
				-37.26322000 2.59894400 -9.59990700 / -0.30365560 0.54040960 0.78469770 / 159 35 255 255 / 0.60639960 0.00160220
				-37.24374000 2.56451500 -9.56866500 / -0.28763350 0.51184650 0.80949380 / 172 29 255 255 / 0.60856630 0.00160220
				-37.24374000 2.56451500 -9.56866500 / -0.28763350 0.51184650 0.80949380 / 172 29 255 255 / 0.60856630 0.00160220
				-37.24374000 2.56451500 -9.56866500 / -0.28763350 0.51184650 0.80949380 / 172 29 255 255 / 0.60856630 0.00160220
				-37.31111000 2.98854900 -9.86212200 / -0.00228890 0.01699960 -0.99985280 / 92 4 198 255 / 0.59230040 0.02264400
				-38.09143000 4.35872400 -9.85042600 / 0.00724830 -0.00047690 -0.99997370 / 118 5 201 255 / 0.80337520 0.02264400
				-38.09143000 4.35872400 -9.85042600 / 0.00724830 -0.00047690 -0.99997370 / 118 5 201 255 / 0.80337520 0.02264400
				-37.11161000 2.63874900 -9.56864200 / -0.28725090 0.51146290 0.80987200 / 187 27 255 255 / 0.60856630 0.02264400
				-37.11161000 2.63874900 -9.56864200 / -0.28725090 0.51146290 0.80987200 / 187 27 255 255 / 0.60856630 0.02264400
				-37.11161000 2.63874900 -9.56864200 / -0.28725090 0.51146290 0.80987200 / 187 27 255 255 / 0.60856630 0.02264400
				-37.21910000 2.52184200 -9.53595000 / -0.22392830 0.39912270 0.88913290 / 202 32 255 255 / 0.60974120 0.00160220
				-37.21910000 2.52184200 -9.53595000 / -0.22392830 0.39912270 0.88913290 / 202 32 255 255 / 0.60974120 0.00160220
				-37.21910000 2.52184200 -9.53595000 / -0.22392830 0.39912270 0.88913290 / 202 32 255 255 / 0.60974120 0.00160220
				-37.08730000 2.59570300 -9.53591900 / -0.22277870 0.39789740 0.88997040 / 216 32 255 255 / 0.60974120 0.02264400
				-37.08730000 2.59570300 -9.53591900 / -0.22277870 0.39789740 0.88997040 / 216 32 255 255 / 0.60974120 0.02264400
				-37.08730000 2.59570300 -9.53591900 / -0.22277870 0.39789740 0.88997040 / 216 32 255 255 / 0.60974120 0.02264400
				-37.19431000 2.47710000 -9.51642600 / -0.10566580 0.18856300 0.97636000 / 226 30 255 255 / 0.60763550 0.00160220
				-37.19431000 2.47710000 -9.51642600 / -0.10566580 0.18856300 0.97636000 / 226 30 255 255 / 0.60763550 0.00160220
				-37.19431000 2.47710000 -9.51642600 / -0.10566580 0.18856300 0.97636000 / 226 30 255 255 / 0.60763550 0.00160220
				-37.06180000 2.55102400 -9.51639500 / -0.10490830 0.18723750 0.97669660 / 232 24 255 255 / 0.60763550 0.02264400
				-37.06180000 2.55102400 -9.51639500 / -0.10490830 0.18723750 0.97669660 / 232 24 255 255 / 0.60763550 0.02264400
				-37.06180000 2.55102400 -9.51639500 / -0.10490830 0.18723750 0.97669660 / 232 24 255 255 / 0.60763550 0.02264400
				-37.16359000 2.42350000 -9.51204700 / 0.03051820 -0.05464660 0.99803930 / 234 17 255 255 / 0.60055550 0.00160220
				-37.16359000 2.42350000 -9.51204700 / 0.03051820 -0.05464660 0.99803930 / 234 17 255 255 / 0.60055550 0.00160220
				-37.16359000 2.42350000 -9.51204700 / 0.03051820 -0.05464660 0.99803930 / 234 17 255 255 / 0.60055550 0.00160220
				-37.03146000 2.49774100 -9.51199300 / 0.03090040 -0.05572080 0.99796810 / 233 13 255 255 / 0.60055550 0.02264400
				-37.03146000 2.49774100 -9.51199300 / 0.03090040 -0.05572080 0.99796810 / 233 13 255 255 / 0.60055550 0.02264400
				-37.03146000 2.49774100 -9.51199300 / 0.03090040 -0.05572080 0.99796810 / 233 13 255 255 / 0.60055550 0.02264400
				-37.13208000 2.36859100 -9.52472700 / 0.19149180 -0.34097560 0.92036220 / 229 11 255 255 / 0.58926390 0.00160220
				-37.13208000 2.36859100 -9.52472700 / 0.19149180 -0.34097560 0.92036220 / 229 11 255 255 / 0.58926390 0.00160220
				-37.13208000 2.36859100 -9.52472700 / 0.19149180 -0.34097560 0.92036220 / 229 11 255 255 / 0.58926390 0.00160220
				-36.99993000 2.44283000 -9.52470400 / 0.19072750 -0.34116390 0.92045100 / 222 10 255 255 / 0.58926390 0.02264400
				-36.99993000 2.44283000 -9.52470400 / 0.19072750 -0.34116390 0.92045100 / 222 10 255 255 / 0.58926390 0.02264400
				-36.99993000 2.44283000 -9.52470400 / 0.19072750 -0.34116390 0.92045100 / 222 10 255 255 / 0.58926390 0.02264400
				-37.11137000 2.33182800 -9.55403100 / 0.34943140 -0.62302060 0.69981640 / 211 10 255 255 / 0.57690430 0.00160220
				-37.11137000 2.33182800 -9.55403100 / 0.34943140 -0.62302060 0.69981640 / 211 10 255 255 / 0.57690430 0.00160220
				-37.11137000 2.33182800 -9.55403100 / 0.34943140 -0.62302060 0.69981640 / 211 10 255 255 / 0.57690430 0.00160220
				-38.03154000 4.25348100 -9.84993700 / 0.02365160 -0.03266410 -0.99918650 / 118 6 201 255 / 0.78750610 0.02264400
				-38.03154000 4.25348100 -9.84993700 / 0.02365160 -0.03266410 -0.99918650 / 118 6 201 255 / 0.78750610 0.02264400
				-38.03154000 4.25348100 -9.84993700 / 0.02365160 -0.03266410 -0.99918650 / 118 6 201 255 / 0.78750610 0.02264400
				-37.47746000 3.28078700 -9.66731200 / 0.18881950 -0.32561840 -0.92645550 / 95 3 248 255 / 0.68244930 0.02264400
				-37.47746000 3.28078700 -9.66731200 / 0.18881950 -0.32561840 -0.92645550 / 95 3 248 255 / 0.68244930 0.02264400
				-36.97892000 2.40644100 -9.55352800 / 0.34942080 -0.62347870 0.69941380 / 200 8 255 255 / 0.57690430 0.02264400
				-36.97892000 2.40644100 -9.55352800 / 0.34942080 -0.62347870 0.69941380 / 200 8 255 255 / 0.57690430 0.02264400
				-36.97892000 2.40644100 -9.55352800 / 0.34942080 -0.62347870 0.69941380 / 200 8 255 255 / 0.57690430 0.02264400
				-37.10089000 2.31398100 -9.58528100 / 0.44098840 -0.78820480 0.42925800 / 184 7 255 255 / 0.56681820 0.00160220
				-37.10089000 2.31398100 -9.58528100 / 0.44098840 -0.78820480 0.42925800 / 184 7 255 255 / 0.56681820 0.00160220
				-37.10089000 2.31398100 -9.58528100 / 0.44098840 -0.78820480 0.42925800 / 184 7 255 255 / 0.56681820 0.00160220
				-37.10089000 2.31398100 -9.58528100 / 0.44098840 -0.78820480 0.42925800 / 184 7 255 255 / 0.56681820 0.00160220
				-36.96916000 2.38854000 -9.58477000 / 0.44137140 -0.78298610 0.43831960 / 182 6 255 255 / 0.56681820 0.02264400
				-36.96916000 2.38854000 -9.58477000 / 0.44137140 -0.78298610 0.43831960 / 182 6 255 255 / 0.56681820 0.02264400
				-36.96469000 2.38093200 -9.61064900 / 0.46538490 -0.82536690 0.31966610 / 175 6 255 255 / 0.55961610 0.02264400
				-36.96469000 2.38093200 -9.61064900 / 0.46538490 -0.82536690 0.31966610 / 175 6 255 255 / 0.55961610 0.02264400
				-37.09720000 2.30701600 -9.61067200 / 0.46537890 -0.83401050 0.29639300 / 173 8 255 255 / 0.55961610 0.00160220
				-36.48099000 1.22718500 -9.52764900 / -0.47226240 0.85039660 0.23193500 / 156 62 255 255 / 0.41560360 0.00160220
				-36.48099000 1.22718500 -9.52764900 / -0.47226240 0.85039660 0.23193500 / 156 62 255 255 / 0.41560360 0.00160220
				-36.34882000 1.30072500 -9.52764100 / -0.47302130 0.85007930 0.23155150 / 157 58 255 255 / 0.41560360 0.02264400
				-36.37792000 1.35168800 -9.77420800 / -0.46882840 0.84616330 0.25339240 / 155 61 221 255 / 0.36511230 0.02264400
				-36.37792000 1.35168800 -9.77420800 / -0.46882840 0.84616330 0.25339240 / 155 61 221 255 / 0.36511230 0.02264400
				-36.37792000 1.35168800 -9.77420800 / -0.46882840 0.84616330 0.25339240 / 155 61 221 255 / 0.36511230 0.02264400
				-36.51048000 1.27845300 -9.77473500 / -0.46920520 0.84615480 0.25272230 / 153 63 221 255 / 0.36511230 0.00160220
				-36.51048000 1.27845300 -9.77473500 / -0.46920520 0.84615480 0.25272230 / 153 63 221 255 / 0.36511230 0.00160220
				-36.51048000 1.27845300 -9.77473500 / -0.46920520 0.84615480 0.25272230 / 153 63 221 255 / 0.36511230 0.00160220
				-38.11534000 4.09278500 -9.84307900 / 0.07476480 -0.13331780 -0.98824920 / 118 6 203 255 / 0.77549740 0.00219730
				-38.11534000 4.09278500 -9.84307900 / 0.07476480 -0.13331780 -0.98824920 / 118 6 203 255 / 0.77549740 0.00219730
				-38.11534000 4.09278500 -9.84307900 / 0.07476480 -0.13331780 -0.98824920 / 118 6 203 255 / 0.77549740 0.00219730
				-36.39005000 1.37286300 -9.85967300 / -0.43144270 0.77692350 0.45852710 / 151 56 199 255 / 0.34825130 0.02264400
				-36.39005000 1.37286300 -9.85967300 / -0.43144270 0.77692350 0.45852710 / 151 56 199 255 / 0.34825130 0.02264400
				-36.39005000 1.37286300 -9.85967300 / -0.43144270 0.77692350 0.45852710 / 151 56 199 255 / 0.34825130 0.02264400
				-38.23559000 4.61225500 -10.08968000 / -0.43829350 0.87291560 0.21428320 / 178 68 140 255 / 0.78523250 0.02264400
				-38.23559000 4.61225500 -10.08968000 / -0.43829350 0.87291560 0.21428320 / 178 68 140 255 / 0.78523250 0.02264400
				-37.45679000 3.24403600 -9.65021500 / 0.18844470 -0.32520060 -0.92667850 / 95 2 252 255 / 0.68096930 0.02264400
				-36.52224000 1.29932300 -9.85968800 / -0.43257020 0.77647580 0.45822300 / 150 56 199 255 / 0.34825130 0.00160220
				-36.52224000 1.29932300 -9.85968800 / -0.43257020 0.77647580 0.45822300 / 150 56 199 255 / 0.34825130 0.00160220
				-36.52224000 1.29932300 -9.85968800 / -0.43257020 0.77647580 0.45822300 / 150 56 199 255 / 0.34825130 0.00160220
				-36.41517000 1.41721800 -9.92314100 / -0.37955600 0.68141280 0.62579070 / 149 51 183 255 / 0.33988950 0.02264400
				-36.41517000 1.41721800 -9.92314100 / -0.37955600 0.68141280 0.62579070 / 149 51 183 255 / 0.33988950 0.02264400
				-36.54770000 1.34330300 -9.92314900 / -0.38031600 0.68169360 0.62502280 / 149 55 183 255 / 0.33988950 0.00160220
				-35.45868000 -0.25928760 -9.31477400 / 0.00152580 0.00005070 0.99999900 / 253 11 255 255 / 0.74427800 0.02264400
				-35.45868000 -0.25928760 -9.31477400 / 0.00152580 0.00005070 0.99999900 / 253 11 255 255 / 0.74427800 0.02264400
				-35.59236000 -0.33157340 -9.31475800 / 0.00000000 0.00010430 1.00000000 / 253 11 255 255 / 0.74427800 0.00256350
				-35.47008000 -0.54672500 -9.31474300 / 0.01487740 -0.02210740 0.99964480 / 253 10 255 255 / 0.71124270 0.00256350
				-35.47008000 -0.54672500 -9.31474300 / 0.01487740 -0.02210740 0.99964480 / 253 10 255 255 / 0.71124270 0.00256350
				-35.47008000 -0.54672500 -9.31474300 / 0.01487740 -0.02210740 0.99964480 / 253 10 255 255 / 0.71124270 0.00256350
				-35.33485000 -0.47639300 -9.31527700 / 0.01487720 -0.02273300 0.99963100 / 252 10 255 255 / 0.71124270 0.02264400
				-35.33485000 -0.47639300 -9.31527700 / 0.01487720 -0.02273300 0.99963100 / 252 10 255 255 / 0.71124270 0.02264400
				-35.33485000 -0.47639300 -9.31527700 / 0.01487720 -0.02273300 0.99963100 / 252 10 255 255 / 0.71124270 0.02264400
				-37.97901000 4.16216800 -9.84213300 / 0.07552760 -0.13708450 -0.98767580 / 117 6 203 255 / 0.77549740 0.02264400
				-37.97901000 4.16216800 -9.84213300 / 0.07552760 -0.13708450 -0.98767580 / 117 6 203 255 / 0.77549740 0.02264400
				-37.97901000 4.16216800 -9.84213300 / 0.07552760 -0.13708450 -0.98767580 / 117 6 203 255 / 0.77549740 0.02264400
				-35.41096000 -0.65064980 -9.32108300 / 0.04043490 -0.07353860 0.99647230 / 251 9 255 255 / 0.69450380 0.00256350
				-35.41096000 -0.65064980 -9.32108300 / 0.04043490 -0.07353860 0.99647230 / 251 9 255 255 / 0.69450380 0.00256350
				-35.41096000 -0.65064980 -9.32108300 / 0.04043490 -0.07353860 0.99647230 / 251 9 255 255 / 0.69450380 0.00256350
				-35.27661000 -0.57831180 -9.32109800 / 0.04005270 -0.07400800 0.99645300 / 249 8 255 255 / 0.69450380 0.02264400
				-35.27661000 -0.57831180 -9.32109800 / 0.04005270 -0.07400800 0.99645300 / 249 8 255 255 / 0.69450380 0.02264400
				-35.27661000 -0.57831180 -9.32109800 / 0.04005270 -0.07400800 0.99645300 / 249 8 255 255 / 0.69450380 0.02264400
				-35.37413000 -0.71518060 -9.32986500 / 0.10261690 -0.19010580 0.97638600 / 247 8 255 255 / 0.68261720 0.00256350
				-35.37413000 -0.71518060 -9.32986500 / 0.10261690 -0.19010580 0.97638600 / 247 8 255 255 / 0.68261720 0.00256350
				-35.37413000 -0.71518060 -9.32986500 / 0.10261690 -0.19010580 0.97638600 / 247 8 255 255 / 0.68261720 0.00256350
				-37.58929000 3.17011900 -9.65119900 / 0.19036060 -0.32721810 -0.92557610 / 95 3 252 255 / 0.68096930 0.00160220
				-37.58929000 3.17011900 -9.65119900 / 0.19036060 -0.32721810 -0.92557610 / 95 3 252 255 / 0.68096930 0.00160220
				-35.23976000 -0.64283680 -9.32989500 / 0.10452750 -0.19328880 0.97555800 / 244 8 255 255 / 0.68261720 0.02264400
				-35.23976000 -0.64283680 -9.32989500 / 0.10452750 -0.19328880 0.97555800 / 244 8 255 255 / 0.68261720 0.02264400
				-35.23976000 -0.64283680 -9.32989500 / 0.10452750 -0.19328880 0.97555800 / 244 8 255 255 / 0.68261720 0.02264400
				-35.33899000 -0.77637600 -9.35331700 / 0.22124780 -0.40844430 0.88556360 / 241 8 255 255 / 0.66780090 0.00256350
				-35.33899000 -0.77637600 -9.35331700 / 0.22124780 -0.40844430 0.88556360 / 241 8 255 255 / 0.66780090 0.00256350
				-35.33899000 -0.77637600 -9.35331700 / 0.22124780 -0.40844430 0.88556360 / 241 8 255 255 / 0.66780090 0.00256350
				-35.20498000 -0.70372550 -9.35332500 / 0.22164050 -0.41081340 0.88436860 / 236 9 255 255 / 0.66780090 0.02264400
				-35.20498000 -0.70372550 -9.35332500 / 0.22164050 -0.41081340 0.88436860 / 236 9 255 255 / 0.66780090 0.02264400
				-35.20498000 -0.70372550 -9.35332500 / 0.22164050 -0.41081340 0.88436860 / 236 9 255 255 / 0.66780090 0.02264400
				-35.31227000 -0.82338360 -9.39431700 / 0.34102700 -0.63128380 0.69654960 / 229 10 255 255 / 0.65107730 0.00256350
				-35.31227000 -0.82338360 -9.39431700 / 0.34102700 -0.63128380 0.69654960 / 229 10 255 255 / 0.65107730 0.00256350
				-35.31227000 -0.82338360 -9.39431700 / 0.34102700 -0.63128380 0.69654960 / 229 10 255 255 / 0.65107730 0.00256350
				-35.17827000 -0.75072240 -9.39386000 / 0.34026120 -0.63180880 0.69644820 / 220 11 255 255 / 0.65107730 0.02264400
				-35.17827000 -0.75072240 -9.39386000 / 0.34026120 -0.63180880 0.69644820 / 220 11 255 255 / 0.65107730 0.02264400
				-35.17827000 -0.75072240 -9.39386000 / 0.34026120 -0.63180880 0.69644820 / 220 11 255 255 / 0.65107730 0.02264400
				-35.28999000 -0.86278070 -9.45829000 / 0.41351890 -0.76593030 0.49229350 / 210 11 255 255 / 0.63006590 0.00256350
				-35.28999000 -0.86278070 -9.45829000 / 0.41351890 -0.76593030 0.49229350 / 210 11 255 255 / 0.63006590 0.00256350
				-35.28999000 -0.86278070 -9.45829000 / 0.41351890 -0.76593030 0.49229350 / 210 11 255 255 / 0.63006590 0.00256350
				-38.06523000 4.00544000 -9.81864900 / 0.18233820 -0.34846440 -0.91941570 / 116 8 210 255 / 0.76800540 0.00219730
				-38.06523000 4.00544000 -9.81864900 / 0.18233820 -0.34846440 -0.91941570 / 116 8 210 255 / 0.76800540 0.00219730
				-38.06523000 4.00544000 -9.81864900 / 0.18233820 -0.34846440 -0.91941570 / 116 8 210 255 / 0.76800540 0.00219730
				-35.15597000 -0.79012140 -9.45781700 / 0.41388690 -0.76629290 0.49141920 / 198 12 255 255 / 0.63006590 0.02264400
				-35.15597000 -0.79012140 -9.45781700 / 0.41388690 -0.76629290 0.49141920 / 198 12 255 255 / 0.63006590 0.02264400
				-35.15597000 -0.79012140 -9.45781700 / 0.41388690 -0.76629290 0.49141920 / 198 12 255 255 / 0.63006590 0.02264400
				-35.27464000 -0.88923350 -9.52811400 / 0.45127520 -0.83425600 0.31680820 / 185 12 255 255 / 0.60664370 0.00256350
				-35.27464000 -0.88923350 -9.52811400 / 0.45127520 -0.83425600 0.31680820 / 185 12 255 255 / 0.60664370 0.00256350
				-35.27464000 -0.88923350 -9.52811400 / 0.45127520 -0.83425600 0.31680820 / 185 12 255 255 / 0.60664370 0.00256350
				-35.14063000 -0.81657640 -9.52764100 / 0.45166160 -0.83447960 0.31566720 / 172 11 255 255 / 0.60664370 0.02264400
				-35.14063000 -0.81657640 -9.52764100 / 0.45166160 -0.83447960 0.31566720 / 172 11 255 255 / 0.60664370 0.02264400
				-35.14063000 -0.81657640 -9.52764100 / 0.45166160 -0.83447960 0.31566720 / 172 11 255 255 / 0.60664370 0.02264400
				-35.26614000 -0.90413110 -9.60086800 / 0.47225610 -0.87140770 0.13275050 / 155 10 255 255 / 0.59010310 0.00256350
				-35.26614000 -0.90413110 -9.60086800 / 0.47225610 -0.87140770 0.13275050 / 155 10 255 255 / 0.59010310 0.00256350
				-35.26614000 -0.90413110 -9.60086800 / 0.47225610 -0.87140770 0.13275050 / 155 10 255 255 / 0.59010310 0.00256350
				-35.26614000 -0.90413110 -9.60086800 / 0.47225610 -0.87140770 0.13275050 / 155 10 255 255 / 0.59010310 0.00256350
				-37.60959000 3.20655400 -9.66828900 / 0.19073510 -0.32763520 -0.92535140 / 96 3 248 255 / 0.68244930 0.00160220
				-35.13215000 -0.83147420 -9.60089100 / 0.47263450 -0.87131860 0.13198670 / 155 9 255 255 / 0.59010310 0.02264400
				-35.13215000 -0.83147420 -9.60089100 / 0.47263450 -0.87131860 0.13198670 / 155 9 255 255 / 0.59010310 0.02264400
				-35.13091000 -0.83379010 -9.67559800 / 0.47608450 -0.87798940 -0.04978290 / 140 8 246 255 / 0.57211300 0.02264400
				-35.13091000 -0.83379010 -9.67559800 / 0.47608450 -0.87798940 -0.04978290 / 140 8 246 255 / 0.57211300 0.02264400
				-35.13091000 -0.83379010 -9.67559800 / 0.47608450 -0.87798940 -0.04978290 / 140 8 246 255 / 0.57211300 0.02264400
				-35.26491000 -0.90645310 -9.67606400 / 0.47608100 -0.87795310 -0.05045010 / 130 8 246 255 / 0.57211300 0.00256350
				-35.26491000 -0.90645310 -9.67606400 / 0.47608100 -0.87795310 -0.05045010 / 130 8 246 255 / 0.57211300 0.00256350
				-35.26491000 -0.90645310 -9.67606400 / 0.47608100 -0.87795310 -0.05045010 / 130 8 246 255 / 0.57211300 0.00256350
				-35.13657000 -0.82386530 -9.75958300 / 0.46272240 -0.85183900 -0.24547550 / 121 8 225 255 / 0.55381780 0.02264400
				-35.13657000 -0.82386530 -9.75958300 / 0.46272240 -0.85183900 -0.24547550 / 121 8 225 255 / 0.55381780 0.02264400
				-35.13657000 -0.82386530 -9.75958300 / 0.46272240 -0.85183900 -0.24547550 / 121 8 225 255 / 0.55381780 0.02264400
				-35.27059000 -0.89652450 -9.76004000 / 0.46271660 -0.85151250 -0.24661690 / 116 8 225 255 / 0.55381780 0.00256350
				-35.27059000 -0.89652450 -9.76004000 / 0.46271660 -0.85151250 -0.24661690 / 116 8 225 255 / 0.55381780 0.00256350
				-35.27059000 -0.89652450 -9.76004000 / 0.46271660 -0.85151250 -0.24661690 / 116 8 225 255 / 0.55381780 0.00256350
				-35.89374000 0.19625000 -11.26983000 / 0.36734830 -0.65308610 0.66221880 / 112 9 0 255 / 0.10177610 0.02192690
				-35.89374000 0.19625000 -11.26983000 / 0.36734830 -0.65308610 0.66221880 / 112 9 0 255 / 0.10177610 0.02192690
				-37.92957000 4.07477300 -9.81819100 / 0.18539110 -0.35604810 -0.91589300 / 115 10 210 255 / 0.76800540 0.02264400
				-37.92957000 4.07477300 -9.81819100 / 0.18539110 -0.35604810 -0.91589300 / 115 10 210 255 / 0.76800540 0.02264400
				-37.92957000 4.07477300 -9.81819100 / 0.18539110 -0.35604810 -0.91589300 / 115 10 210 255 / 0.76800540 0.02264400
				-35.15068000 -0.79973190 -9.83331300 / 0.43145150 -0.79258600 -0.43087930 / 113 7 206 255 / 0.53999330 0.02264400
				-35.15068000 -0.79973190 -9.83331300 / 0.43145150 -0.79258600 -0.43087930 / 113 7 206 255 / 0.53999330 0.02264400
				-35.15068000 -0.79973190 -9.83331300 / 0.43145150 -0.79258600 -0.43087930 / 113 7 206 255 / 0.53999330 0.02264400
				-35.28436000 -0.87202530 -9.83427500 / 0.43181680 -0.79187660 -0.43181680 / 113 9 206 255 / 0.53999330 0.00256350
				-35.28436000 -0.87202530 -9.83427500 / 0.43181680 -0.79187660 -0.43181680 / 113 9 206 255 / 0.53999330 0.00256350
				-35.28436000 -0.87202530 -9.83427500 / 0.43181680 -0.79187660 -0.43181680 / 113 9 206 255 / 0.53999330 0.00256350
				-35.17296000 -0.76033650 -9.91046900 / 0.38985540 -0.71167930 -0.58440170 / 114 8 186 255 / 0.52774050 0.02264400
				-35.17296000 -0.76033650 -9.91046900 / 0.38985540 -0.71167930 -0.58440170 / 114 8 186 255 / 0.52774050 0.02264400
				-35.17296000 -0.76033650 -9.91046900 / 0.38985540 -0.71167930 -0.58440170 / 114 8 186 255 / 0.52774050 0.02264400
				-35.30696000 -0.83300130 -9.91140700 / 0.38871120 -0.71049950 -0.58659540 / 116 8 186 255 / 0.52774050 0.00256350
				-35.30696000 -0.83300130 -9.91140700 / 0.38871120 -0.71049950 -0.58659540 / 116 8 186 255 / 0.52774050 0.00256350
				-35.30696000 -0.83300130 -9.91140700 / 0.38871120 -0.71049950 -0.58659540 / 116 8 186 255 / 0.52774050 0.00256350
				-35.20696000 -0.70076780 -9.98858600 / 0.30287470 -0.55195240 -0.77692690 / 117 6 166 255 / 0.51837160 0.02264400
				-35.20696000 -0.70076780 -9.98858600 / 0.30287470 -0.55195240 -0.77692690 / 117 6 166 255 / 0.51837160 0.02264400
				-35.20696000 -0.70076780 -9.98858600 / 0.30287470 -0.55195240 -0.77692690 / 117 6 166 255 / 0.51837160 0.02264400
				-37.45679000 3.24403600 -9.65021500 / -0.03890890 0.08287210 -0.99580040 / 88 2 252 255 / 0.68096930 0.02264400
				-37.45679000 3.24403600 -9.65021500 / -0.03890890 0.08287210 -0.99580040 / 88 2 252 255 / 0.68096930 0.02264400
				-35.34094000 -0.77342670 -9.98905200 / 0.30098730 -0.54913970 -0.77964870 / 117 7 166 255 / 0.51837160 0.00256350
				-35.34094000 -0.77342670 -9.98905200 / 0.30098730 -0.54913970 -0.77964870 / 117 7 166 255 / 0.51837160 0.00256350
				-35.34094000 -0.77342670 -9.98905200 / 0.30098730 -0.54913970 -0.77964870 / 117 7 166 255 / 0.51837160 0.00256350
				-35.25635000 -0.61405940 -10.04425000 / 0.17738150 -0.31883970 -0.93106230 / 117 6 152 255 / 0.51838690 0.02264400
				-35.25635000 -0.61405940 -10.04425000 / 0.17738150 -0.31883970 -0.93106230 / 117 6 152 255 / 0.51838690 0.02264400
				-35.25635000 -0.61405940 -10.04425000 / 0.17738150 -0.31883970 -0.93106230 / 117 6 152 255 / 0.51838690 0.02264400
				-35.39039000 -0.68602960 -10.04520000 / 0.17624210 -0.31547510 -0.93242380 / 116 5 152 255 / 0.51838690 0.00256350
				-35.39039000 -0.68602960 -10.04520000 / 0.17624210 -0.31547510 -0.93242380 / 116 5 152 255 / 0.51838690 0.00256350
				-35.39039000 -0.68602960 -10.04520000 / 0.17624210 -0.31547510 -0.93242380 / 116 5 152 255 / 0.51838690 0.00256350
				-35.32031000 -0.50151810 -10.07504000 / 0.07743750 -0.13082470 -0.98837660 / 116 3 144 255 / 0.52804560 0.02264400
				-35.32031000 -0.50151810 -10.07504000 / 0.07743750 -0.13082470 -0.98837660 / 116 3 144 255 / 0.52804560 0.02264400
				-35.32031000 -0.50151810 -10.07504000 / 0.07743750 -0.13082470 -0.98837660 / 116 3 144 255 / 0.52804560 0.02264400
				-38.15135000 4.46398100 -9.31234000 / -0.43944530 0.87240560 0.21400070 / 178 67 255 255 / 0.94627380 0.02264400
				-35.45430000 -0.57417810 -10.07596000 / 0.07782340 -0.12943740 -0.98852890 / 116 3 144 255 / 0.52804560 0.00256350
				-35.45430000 -0.57417810 -10.07596000 / 0.07782340 -0.12943740 -0.98852890 / 116 3 144 255 / 0.52804560 0.00256350
				-35.45430000 -0.57417810 -10.07596000 / 0.07782340 -0.12943740 -0.98852890 / 116 3 144 255 / 0.52804560 0.00256350
				-35.37615000 -0.40356190 -10.08285000 / 0.02403200 -0.02761710 -0.99932960 / 117 3 142 255 / 0.54107660 0.02264400
				-35.37615000 -0.40356190 -10.08285000 / 0.02403200 -0.02761710 -0.99932960 / 117 3 142 255 / 0.54107660 0.02264400
				-35.37615000 -0.40356190 -10.08285000 / 0.02403200 -0.02761710 -0.99932960 / 117 3 142 255 / 0.54107660 0.02264400
				-35.51102000 -0.47420650 -10.08427000 / 0.02288880 -0.02673040 -0.99938050 / 118 3 142 255 / 0.54107660 0.00256350
				-35.51102000 -0.47420650 -10.08427000 / 0.02288880 -0.02673040 -0.99938050 / 118 3 142 255 / 0.54107660 0.00256350
				-35.51102000 -0.47420650 -10.08427000 / 0.02288880 -0.02673040 -0.99938050 / 118 3 142 255 / 0.54107660 0.00256350
				-35.53674000 -0.12261650 -10.08283000 / 0.00076290 0.00412750 -0.99999120 / 118 2 142 255 / 0.58364870 0.02264400
				-35.53674000 -0.12261650 -10.08283000 / 0.00076290 0.00412750 -0.99999120 / 118 2 142 255 / 0.58364870 0.02264400
				-35.67041000 -0.19491050 -10.08282000 / -0.00228870 0.00391590 -0.99998970 / 118 2 142 255 / 0.58364870 0.00256350
				-35.38024000 -0.70425670 -9.60233300 / -0.47608280 0.86343660 0.16680060 / 131 62 255 255 / 0.61952210 0.00160220
				-35.38024000 -0.70425670 -9.60233300 / -0.47608280 0.86343660 0.16680060 / 131 62 255 255 / 0.61952210 0.00160220
				-37.42767000 3.19306700 -9.65560100 / -0.03890870 0.08291950 -0.99579640 / 88 2 251 255 / 0.67195130 0.02264400
				-35.24694000 -0.63164830 -9.60285200 / -0.47072550 0.86513450 0.17308890 / 129 57 255 255 / 0.61952210 0.02264400
				-35.25868000 -0.61078660 -9.73906700 / -0.46348010 0.83489600 0.29687520 / 133 60 230 255 / 0.59051510 0.02264400
				-35.25868000 -0.61078660 -9.73906700 / -0.46348010 0.83489600 0.29687520 / 133 60 230 255 / 0.59051510 0.02264400
				-35.25868000 -0.61078660 -9.73906700 / -0.46348010 0.83489600 0.29687520 / 133 60 230 255 / 0.59051510 0.02264400
				-35.39120000 -0.68470780 -9.73953200 / -0.46578450 0.83418480 0.29526390 / 139 61 230 255 / 0.59051510 0.00160220
				-35.39120000 -0.68470780 -9.73953200 / -0.46578450 0.83418480 0.29526390 / 139 61 230 255 / 0.59051510 0.00160220
				-35.39120000 -0.68470780 -9.73953200 / -0.46578450 0.83418480 0.29526390 / 139 61 230 255 / 0.59051510 0.00160220
				-37.07233000 2.56957400 -9.69413800 / -0.20446810 0.37295880 -0.90503840 / 125 15 241 255 / 0.56851200 0.02264400
				-35.27925000 -0.57540540 -9.82696600 / -0.40130440 0.71696930 0.57000860 / 145 55 207 255 / 0.57511900 0.02264400
				-35.27925000 -0.57540540 -9.82696600 / -0.40130440 0.71696930 0.57000860 / 145 55 207 255 / 0.57511900 0.02264400
				-35.27925000 -0.57540540 -9.82696600 / -0.40130440 0.71696930 0.57000860 / 145 55 207 255 / 0.57511900 0.02264400
				-35.41144000 -0.64895780 -9.82743100 / -0.39940440 0.71558770 0.57307100 / 150 54 207 255 / 0.57511900 0.00160220
				-35.41144000 -0.64895780 -9.82743100 / -0.39940440 0.71558770 0.57307100 / 150 54 207 255 / 0.57511900 0.00160220
				-35.41144000 -0.64895780 -9.82743100 / -0.39940440 0.71558770 0.57307100 / 150 54 207 255 / 0.57511900 0.00160220
				-35.30116000 -0.53632800 -9.87239800 / -0.34750710 0.62069570 0.70283420 / 152 51 196 255 / 0.57032770 0.02264400
				-35.30116000 -0.53632800 -9.87239800 / -0.34750710 0.62069570 0.70283420 / 152 51 196 255 / 0.57032770 0.02264400
				-35.43368000 -0.61024680 -9.87234500 / -0.34523360 0.61954890 0.70496310 / 154 54 196 255 / 0.57032770 0.00160220
				-35.43368000 -0.61024680 -9.87234500 / -0.12817080 0.22959760 0.96480940 / 155 24 196 255 / 0.57032770 0.00160220
				-35.43368000 -0.61024680 -9.87234500 / -0.12817080 0.22959760 0.96480940 / 155 24 196 255 / 0.57032770 0.00160220
				-35.30116000 -0.53632800 -9.87239800 / -0.12741090 0.22912040 0.96502350 / 154 25 196 255 / 0.57032770 0.02264400
				-35.34568000 -0.45822230 -9.89682000 / -0.06790180 0.12201110 0.99020330 / 155 22 189 255 / 0.57635500 0.02264400
				-35.34568000 -0.45822230 -9.89682000 / -0.06790180 0.12201110 0.99020330 / 155 22 189 255 / 0.57635500 0.02264400
				-35.34568000 -0.45822230 -9.89682000 / -0.06790180 0.12201110 0.99020330 / 155 22 189 255 / 0.57635500 0.02264400
				-37.56015000 3.11915000 -9.65656300 / -0.03890940 0.08270640 -0.99581410 / 88 2 251 255 / 0.67195130 0.00160220
				-37.56015000 3.11915000 -9.65656300 / -0.03890940 0.08270640 -0.99581410 / 88 2 251 255 / 0.67195130 0.00160220
				-35.47782000 -0.53246170 -9.89677400 / -0.06790170 0.12124800 0.99029710 / 155 20 189 255 / 0.57635500 0.00160220
				-35.47782000 -0.53246170 -9.89677400 / -0.06790170 0.12124800 0.99029710 / 155 20 189 255 / 0.57635500 0.00160220
				-35.47782000 -0.53246170 -9.89677400 / -0.06790170 0.12124800 0.99029710 / 155 20 189 255 / 0.57635500 0.00160220
				-35.40105000 -0.36194960 -9.89827700 / -0.00610340 0.01163170 0.99991360 / 156 18 189 255 / 0.59068300 0.02264400
				-35.40105000 -0.36194960 -9.89827700 / -0.00610340 0.01163170 0.99991360 / 156 18 189 255 / 0.59068300 0.02264400
				-38.02761000 3.93959400 -9.76885200 / 0.31279350 -0.60696730 -0.73058270 / 116 12 222 255 / 0.76979060 0.00219730
				-38.02761000 3.93959400 -9.76885200 / 0.31279350 -0.60696730 -0.73058270 / 116 12 222 255 / 0.76979060 0.00219730
				-38.02761000 3.93959400 -9.76885200 / 0.31279350 -0.60696730 -0.73058270 / 116 12 222 255 / 0.76979060 0.00219730
				-35.53317000 -0.43619610 -9.89825400 / -0.00648490 0.01169420 0.99991060 / 156 17 189 255 / 0.59068300 0.00160220
				-36.03294000 0.44048150 -10.60966000 / 0.09155330 -0.16347270 0.98229060 / 197 11 7 255 / 0.34165950 0.00158690
				-36.03294000 0.44048150 -10.60966000 / 0.09155330 -0.16347270 0.98229060 / 197 11 7 255 / 0.34165950 0.00158690
				-35.90053000 0.51510060 -10.60967000 / 0.09231840 -0.16404870 0.98212270 / 197 9 7 255 / 0.34165950 0.02261350
				-35.94373000 0.59017900 -10.59306000 / -0.00190730 0.00416620 0.99998940 / 196 15 11 255 / 0.33284000 0.02261350
				-35.94373000 0.59017900 -10.59306000 / -0.00190730 0.00416620 0.99998940 / 196 15 11 255 / 0.33284000 0.02261350
				-35.94373000 0.59017900 -10.59306000 / -0.00190730 0.00416620 0.99998940 / 196 15 11 255 / 0.33284000 0.02261350
				-36.07624000 0.51627170 -10.59306000 / -0.00381490 0.00671770 0.99997010 / 192 21 11 255 / 0.33284000 0.00158690
				-36.07624000 0.51627170 -10.59306000 / -0.00381490 0.00671770 0.99997010 / 192 21 11 255 / 0.33284000 0.00158690
				-36.07624000 0.51627170 -10.59306000 / -0.00381490 0.00671770 0.99997010 / 192 21 11 255 / 0.33284000 0.00158690
				-35.99958000 0.68814950 -10.61604000 / -0.18768290 0.33628320 0.92286990 / 185 25 5 255 / 0.31132510 0.02261350
				-35.99958000 0.68814950 -10.61604000 / -0.18768290 0.33628320 0.92286990 / 185 25 5 255 / 0.31132510 0.02261350
				-35.99958000 0.68814950 -10.61604000 / -0.18768290 0.33628320 0.92286990 / 185 25 5 255 / 0.31132510 0.02261350
				-36.13208000 0.61422220 -10.61601000 / -0.18845330 0.33810240 0.92204770 / 173 29 5 255 / 0.31132510 0.00158690
				-36.13208000 0.61422220 -10.61601000 / -0.18845330 0.33810240 0.92204770 / 173 29 5 255 / 0.31132510 0.00158690
				-36.13208000 0.61422220 -10.61601000 / -0.18845330 0.33810240 0.92204770 / 173 29 5 255 / 0.31132510 0.00158690
				-36.04935000 0.77517780 -10.68342000 / -0.32463590 0.58185780 0.74568970 / 160 27 0 255 / 0.28169250 0.02261350
				-36.04935000 0.77517780 -10.68342000 / -0.32463590 0.58185780 0.74568970 / 160 27 0 255 / 0.28169250 0.02261350
				-36.04935000 0.77517780 -10.68342000 / -0.32463590 0.58185780 0.74568970 / 160 27 0 255 / 0.28169250 0.02261350
				-37.58930000 3.17011900 -9.65119900 / -0.03852870 0.08266020 -0.99583280 / 88 1 252 255 / 0.68096930 0.00160220
				-36.18183000 0.70125110 -10.68341000 / -0.32424050 0.58211900 0.74565780 / 147 31 0 255 / 0.28169250 0.00158690
				-36.18183000 0.70125110 -10.68341000 / -0.32424050 0.58211900 0.74565780 / 147 31 0 255 / 0.28169250 0.00158690
				-36.18183000 0.70125110 -10.68341000 / -0.32424050 0.58211900 0.74565780 / 147 31 0 255 / 0.28169250 0.00158690
				-37.89158000 4.00860500 -9.76788300 / 0.31623500 -0.61301530 -0.72402180 / 118 14 222 255 / 0.76979060 0.02264400
				-37.89158000 4.00860500 -9.76788300 / 0.31623500 -0.61301530 -0.72402180 / 118 14 222 255 / 0.76979060 0.02264400
				-37.89158000 4.00860500 -9.76788300 / 0.31623500 -0.61301530 -0.72402180 / 118 14 222 255 / 0.76979060 0.02264400
				-36.07931000 0.82814470 -10.75520000 / -0.37077920 0.66575500 0.64752840 / 140 30 0 255 / 0.25665280 0.02261350
				-36.07931000 0.82814470 -10.75520000 / -0.37077920 0.66575500 0.64752840 / 140 30 0 255 / 0.25665280 0.02261350
				-36.21145000 0.75391160 -10.75422000 / -0.36888710 0.66529390 0.64908110 / 135 38 0 255 / 0.25665280 0.00158690
				-35.73045000 0.21588130 -10.87578000 / 0.20752850 -0.37070770 0.90526660 / 147 15 0 255 / 0.20935060 0.00000000
				-35.73045000 0.21588130 -10.87578000 / 0.20752850 -0.37070770 0.90526660 / 147 15 0 255 / 0.20935060 0.00000000
				-35.86221000 0.14132640 -10.87629000 / 0.20523120 -0.36904310 0.90646970 / 147 13 0 255 / 0.20935060 0.02192690
				-35.83308000 0.09036810 -10.90363000 / 0.15144460 -0.27086490 0.95062970 / 147 14 0 255 / 0.19934080 0.02192690
				-35.83308000 0.09036810 -10.90363000 / 0.15144460 -0.27086490 0.95062970 / 147 14 0 255 / 0.19934080 0.02192690
				-35.83308000 0.09036810 -10.90363000 / 0.15144460 -0.27086490 0.95062970 / 147 14 0 255 / 0.19934080 0.02192690
				-35.70095000 0.16460810 -10.90361000 / 0.15182700 -0.27063100 0.95063530 / 148 13 0 255 / 0.19934080 0.00000000
				-35.70095000 0.16460810 -10.90361000 / 0.15182700 -0.27063100 0.95063530 / 148 13 0 255 / 0.19934080 0.00000000
				-35.70095000 0.16460810 -10.90361000 / 0.15182700 -0.27063100 0.95063530 / 148 13 0 255 / 0.19934080 0.00000000
				-35.80231000 0.03607450 -10.91584000 / 0.07744030 -0.13825650 0.98736420 / 148 13 0 255 / 0.19352720 0.02192690
				-35.80231000 0.03607450 -10.91584000 / 0.07744030 -0.13825650 0.98736420 / 148 13 0 255 / 0.19352720 0.02192690
				-35.80231000 0.03607450 -10.91584000 / 0.07744030 -0.13825650 0.98736420 / 148 13 0 255 / 0.19352720 0.02192690
				-35.66980000 0.11000140 -10.91583000 / 0.07705910 -0.13776880 0.98746230 / 149 13 0 255 / 0.19352720 0.00000000
				-35.66980000 0.11000140 -10.91583000 / 0.07705910 -0.13776880 0.98746230 / 149 13 0 255 / 0.19352720 0.00000000
				-35.66980000 0.11000140 -10.91583000 / 0.07705910 -0.13776880 0.98746230 / 149 13 0 255 / 0.19352720 0.00000000
				-35.76351000 -0.03141470 -10.92561000 / 0.10299290 -0.18368600 0.97757460 / 150 14 0 255 / 0.18778990 0.02192690
				-35.76351000 -0.03141470 -10.92561000 / 0.10299290 -0.18368600 0.97757460 / 150 14 0 255 / 0.18778990 0.02192690
				-35.76351000 -0.03141470 -10.92561000 / 0.10299290 -0.18368600 0.97757460 / 150 14 0 255 / 0.18778990 0.02192690
				-37.42766000 3.19308000 -9.65559400 / -0.34828880 0.63492140 -0.68961580 / 91 24 251 255 / 0.67195130 0.02264400
				-37.42766000 3.19308000 -9.65559400 / -0.34828880 0.63492140 -0.68961580 / 91 24 251 255 / 0.67195130 0.02264400
				-37.99805000 3.88762700 -9.68877400 / 0.41159530 -0.80247270 -0.43200350 / 122 17 243 255 / 0.78077700 0.00219730
				-37.99805000 3.88762700 -9.68877400 / 0.41159530 -0.80247270 -0.43200350 / 122 17 243 255 / 0.78077700 0.00219730
				-37.99805000 3.88762700 -9.68877400 / 0.41159530 -0.80247270 -0.43200350 / 122 17 243 255 / 0.78077700 0.00219730
				-35.63137000 0.04282720 -10.92560000 / 0.10337710 -0.18434580 0.97740970 / 149 14 0 255 / 0.18778990 0.00000000
				-35.63137000 0.04282720 -10.92560000 / 0.10337710 -0.18434580 0.97740970 / 149 14 0 255 / 0.18778990 0.00000000
				-35.63137000 0.04282720 -10.92560000 / 0.10337710 -0.18434580 0.97740970 / 149 14 0 255 / 0.18778990 0.00000000
				-35.71771000 -0.11252240 -10.95442000 / 0.22887950 -0.40731610 0.88414240 / 148 14 0 255 / 0.17613220 0.02192690
				-35.71771000 -0.11252240 -10.95442000 / 0.22887950 -0.40731610 0.88414240 / 148 14 0 255 / 0.17613220 0.02192690
				-35.71771000 -0.11252240 -10.95442000 / 0.22887950 -0.40731610 0.88414240 / 148 14 0 255 / 0.17613220 0.02192690
				-35.58558000 -0.03828450 -10.95441000 / 0.22925580 -0.40797490 0.88374110 / 145 13 0 255 / 0.17613220 0.00000000
				-35.58558000 -0.03828450 -10.95441000 / 0.22925580 -0.40797490 0.88374110 / 145 13 0 255 / 0.17613220 0.00000000
				-35.58558000 -0.03828450 -10.95441000 / 0.22925580 -0.40797490 0.88374110 / 145 13 0 255 / 0.17613220 0.00000000
				-35.68373000 -0.17209420 -11.00909000 / 0.37689870 -0.67102150 0.63849620 / 141 13 0 255 / 0.15827940 0.02192690
				-35.68373000 -0.17209420 -11.00909000 / 0.37689870 -0.67102150 0.63849620 / 141 13 0 255 / 0.15827940 0.02192690
				-35.68373000 -0.17209420 -11.00909000 / 0.37689870 -0.67102150 0.63849620 / 141 13 0 255 / 0.15827940 0.02192690
				-35.55160000 -0.09785500 -11.00911000 / 0.37652440 -0.67149240 0.63822210 / 135 13 0 255 / 0.15827940 0.00000000
				-35.55160000 -0.09785500 -11.00911000 / 0.37652440 -0.67149240 0.63822210 / 135 13 0 255 / 0.15827940 0.00000000
				-35.55160000 -0.09785500 -11.00911000 / 0.37652440 -0.67149240 0.63822210 / 135 13 0 255 / 0.15827940 0.00000000
				-35.66311000 -0.20815990 -11.08771000 / 0.46957890 -0.83363610 0.29076890 / 126 15 0 255 / 0.13479610 0.02192690
				-35.66311000 -0.20815990 -11.08771000 / 0.46957890 -0.83363610 0.29076890 / 126 15 0 255 / 0.13479610 0.02192690
				-35.66311000 -0.20815990 -11.08771000 / 0.46957890 -0.83363610 0.29076890 / 126 15 0 255 / 0.13479610 0.02192690
				-35.66311000 -0.20815990 -11.08771000 / 0.46957890 -0.83363610 0.29076890 / 126 15 0 255 / 0.13479610 0.02192690
				-35.53096000 -0.13393060 -11.08723000 / 0.46805630 -0.83488910 0.28962650 / 126 15 0 255 / 0.13479610 0.00000000
				-35.53096000 -0.13393060 -11.08723000 / 0.46805630 -0.83488910 0.28962650 / 126 15 0 255 / 0.13479610 0.00000000
				-35.52614000 -0.14184560 -11.18048000 / 0.49095990 -0.86819360 -0.07209900 / 117 16 0 255 / 0.10844420 0.00000000
				-35.52614000 -0.14184560 -11.18048000 / 0.49095990 -0.86819360 -0.07209900 / 117 16 0 255 / 0.10844420 0.00000000
				-35.52614000 -0.14184560 -11.18048000 / 0.49095990 -0.86819360 -0.07209900 / 117 16 0 255 / 0.10844420 0.00000000
				-35.65824000 -0.21676800 -11.18098000 / 0.49209000 -0.86762460 -0.07123860 / 113 17 0 255 / 0.10844420 0.02192690
				-35.65824000 -0.21676800 -11.18098000 / 0.49209000 -0.86762460 -0.07123860 / 113 17 0 255 / 0.10844420 0.02192690
				-35.65824000 -0.21676800 -11.18098000 / 0.49209000 -0.86762460 -0.07123860 / 113 17 0 255 / 0.10844420 0.02192690
				-35.53742000 -0.12267100 -11.26887000 / 0.45471720 -0.80063300 -0.39015270 / 108 16 0 255 / 0.08468630 0.00000000
				-35.53742000 -0.12267100 -11.26887000 / 0.45471720 -0.80063300 -0.39015270 / 108 16 0 255 / 0.08468630 0.00000000
				-35.53742000 -0.12267100 -11.26887000 / 0.45471720 -0.80063300 -0.39015270 / 108 16 0 255 / 0.08468630 0.00000000
				-37.86240000 3.95695800 -9.68830900 / 0.41274520 -0.80458130 -0.42695470 / 130 18 243 255 / 0.78077700 0.02264400
				-37.86240000 3.95695800 -9.68830900 / 0.41274520 -0.80458130 -0.42695470 / 130 18 243 255 / 0.78077700 0.02264400
				-37.86240000 3.95695800 -9.68830900 / 0.41274520 -0.80458130 -0.42695470 / 130 18 243 255 / 0.78077700 0.02264400
				-37.41023000 3.16230000 -9.69269500 / -0.34791460 0.63469620 -0.69001160 / 90 21 242 255 / 0.65852360 0.02264400
				-35.66919000 -0.19723220 -11.26935000 / 0.45432610 -0.80034710 -0.39119350 / 106 16 0 255 / 0.08468630 0.02192690
				-35.66919000 -0.19723220 -11.26935000 / 0.45432610 -0.80034710 -0.39119350 / 106 16 0 255 / 0.08468630 0.02192690
				-35.66919000 -0.19723220 -11.26935000 / 0.45432610 -0.80034710 -0.39119350 / 106 16 0 255 / 0.08468630 0.02192690
				-35.56015000 -0.08228150 -11.34357000 / 0.37956710 -0.66696200 -0.64116330 / 104 14 0 255 / 0.06559750 0.00000000
				-35.56015000 -0.08228150 -11.34357000 / 0.37956710 -0.66696200 -0.64116330 / 104 14 0 255 / 0.06559750 0.00000000
				-35.56015000 -0.08228150 -11.34357000 / 0.37956710 -0.66696200 -0.64116330 / 104 14 0 255 / 0.06559750 0.00000000
				-35.69191000 -0.15683450 -11.34405000 / 0.37841550 -0.66606720 -0.64277230 / 103 13 0 255 / 0.06559750 0.02192690
				-35.69191000 -0.15683450 -11.34405000 / 0.37841550 -0.66606720 -0.64277230 / 103 13 0 255 / 0.06559750 0.02192690
				-35.69191000 -0.15683450 -11.34405000 / 0.37841550 -0.66606720 -0.64277230 / 103 13 0 255 / 0.06559750 0.02192690
				-35.59044000 -0.02968030 -11.39826000 / 0.28458390 -0.49975160 -0.81808340 / 103 11 0 255 / 0.05267330 0.00000000
				-35.59044000 -0.02968030 -11.39826000 / 0.28458390 -0.49975160 -0.81808340 / 103 11 0 255 / 0.05267330 0.00000000
				-35.59044000 -0.02968030 -11.39826000 / 0.28458390 -0.49975160 -0.81808340 / 103 11 0 255 / 0.05267330 0.00000000
				-35.72257000 -0.10391720 -11.39876000 / 0.28458460 -0.49927920 -0.81837140 / 104 10 0 255 / 0.05267330 0.02192690
				-35.72257000 -0.10391720 -11.39876000 / 0.28458460 -0.49927920 -0.81837140 / 104 10 0 255 / 0.05267330 0.02192690
				-35.72257000 -0.10391720 -11.39876000 / 0.28458460 -0.49927920 -0.81837140 / 104 10 0 255 / 0.05267330 0.02192690
				-35.62448000 0.03057350 -11.43536000 / 0.19226220 -0.33207700 -0.92345010 / 105 9 0 255 / 0.04490660 0.00000000
				-35.62448000 0.03057350 -11.43536000 / 0.19226220 -0.33207700 -0.92345010 / 105 9 0 255 / 0.04490660 0.00000000
				-35.62448000 0.03057350 -11.43536000 / 0.19226220 -0.33207700 -0.92345010 / 105 9 0 255 / 0.04490660 0.00000000
				-35.75661000 -0.04366220 -11.43634000 / 0.19340720 -0.33220070 -0.92316650 / 106 7 0 255 / 0.04490660 0.02192690
				-35.75661000 -0.04366220 -11.43634000 / 0.19340720 -0.33220070 -0.92316650 / 106 7 0 255 / 0.04490660 0.02192690
				-35.75661000 -0.04366220 -11.43634000 / 0.19340720 -0.33220070 -0.92316650 / 106 7 0 255 / 0.04490660 0.02192690
				-35.66408000 0.09938730 -11.45930000 / 0.10452590 -0.17301140 -0.97935780 / 108 7 0 255 / 0.04136660 0.00000000
				-35.66408000 0.09938730 -11.45930000 / 0.10452590 -0.17301140 -0.97935780 / 108 7 0 255 / 0.04136660 0.00000000
				-35.66408000 0.09938730 -11.45930000 / 0.10452590 -0.17301140 -0.97935780 / 108 7 0 255 / 0.04136660 0.00000000
				-35.79621000 0.02513880 -11.46027000 / 0.10375510 -0.17227160 -0.97956990 / 109 7 0 255 / 0.04136660 0.02192690
				-35.79621000 0.02513880 -11.46027000 / 0.10375510 -0.17227160 -0.97956990 / 109 7 0 255 / 0.04136660 0.02192690
				-35.79621000 0.02513880 -11.46027000 / 0.10375510 -0.17227160 -0.97956990 / 109 7 0 255 / 0.04136660 0.02192690
				-37.98470000 3.86412300 -9.58183300 / 0.45319100 -0.88644980 -0.09393790 / 140 18 255 255 / 0.80252080 0.00219730
				-37.98470000 3.86412300 -9.58183300 / 0.45319100 -0.88644980 -0.09393790 / 140 18 255 255 / 0.80252080 0.00219730
				-37.98470000 3.86412300 -9.58183300 / 0.45319100 -0.88644980 -0.09393790 / 140 18 255 255 / 0.80252080 0.00219730
				-35.71031000 0.18149920 -11.47002000 / 0.02708560 -0.03504170 -0.99901870 / 111 7 0 255 / 0.04199220 0.00000000
				-35.71031000 0.18149920 -11.47002000 / 0.02708560 -0.03504170 -0.99901870 / 111 7 0 255 / 0.04199220 0.00000000
				-35.71031000 0.18149920 -11.47002000 / 0.02708560 -0.03504170 -0.99901870 / 111 7 0 255 / 0.04199220 0.00000000
				-37.54243000 3.08873700 -9.69368000 / -0.34942640 0.63555260 -0.68845770 / 91 24 242 255 / 0.65852360 0.00160220
				-37.54243000 3.08873700 -9.69368000 / -0.34942640 0.63555260 -0.68845770 / 91 24 242 255 / 0.65852360 0.00160220
				-35.84281000 0.10757930 -11.47102000 / 0.02670250 -0.03431760 -0.99905420 / 112 7 0 255 / 0.04199220 0.02192690
				-35.84281000 0.10757930 -11.47102000 / 0.02670250 -0.03431760 -0.99905420 / 112 7 0 255 / 0.04199220 0.02192690
				-35.84281000 0.10757930 -11.47102000 / 0.02670250 -0.03431760 -0.99905420 / 112 7 0 255 / 0.04199220 0.02192690
				-35.77541000 0.29499820 -11.46660000 / -0.04310470 0.09080170 -0.99493570 / 114 7 0 255 / 0.04794310 0.00000000
				-35.77541000 0.29499820 -11.46660000 / -0.04310470 0.09080170 -0.99493570 / 114 7 0 255 / 0.04794310 0.00000000
				-35.77541000 0.29499820 -11.46660000 / -0.04310470 0.09080170 -0.99493570 / 114 7 0 255 / 0.04794310 0.00000000
				-35.90791000 0.22106550 -11.46758000 / -0.04386730 0.09154620 -0.99483420 / 114 8 0 255 / 0.04794310 0.02192690
				-35.90791000 0.22106550 -11.46758000 / -0.04386730 0.09154620 -0.99483420 / 114 8 0 255 / 0.04794310 0.02192690
				-35.90791000 0.22106550 -11.46758000 / -0.04386730 0.09154620 -0.99483420 / 114 8 0 255 / 0.04794310 0.02192690
				-35.82157000 0.37641320 -11.45000000 / -0.12130660 0.23004860 -0.96558910 / 115 10 0 255 / 0.05624390 0.00000000
				-35.82157000 0.37641320 -11.45000000 / -0.12130660 0.23004860 -0.96558910 / 115 10 0 255 / 0.05624390 0.00000000
				-35.82157000 0.37641320 -11.45000000 / -0.12130660 0.23004860 -0.96558910 / 115 10 0 255 / 0.05624390 0.00000000
				-35.95407000 0.30248730 -11.45097000 / -0.12168760 0.23066170 -0.96539490 / 116 13 0 255 / 0.05624390 0.02192690
				-35.95407000 0.30248730 -11.45097000 / -0.12168760 0.23066170 -0.96539490 / 116 13 0 255 / 0.05624390 0.02192690
				-35.95407000 0.30248730 -11.45097000 / -0.12168760 0.23066170 -0.96539490 / 116 13 0 255 / 0.05624390 0.02192690
				-35.86122000 0.44591340 -11.42070000 / -0.21286690 0.39361780 -0.89428890 / 118 18 0 255 / 0.06752010 0.00000000
				-35.86122000 0.44591340 -11.42070000 / -0.21286690 0.39361780 -0.89428890 / 118 18 0 255 / 0.06752010 0.00000000
				-35.86122000 0.44591340 -11.42070000 / -0.21286690 0.39361780 -0.89428890 / 118 18 0 255 / 0.06752010 0.00000000
				-35.99373000 0.37199000 -11.42167000 / -0.21514970 0.39524570 -0.89302380 / 119 22 0 255 / 0.06752010 0.02192690
				-35.99373000 0.37199000 -11.42167000 / -0.21514970 0.39524570 -0.89302380 / 119 22 0 255 / 0.06752010 0.02192690
				-35.99373000 0.37199000 -11.42167000 / -0.21514970 0.39524570 -0.89302380 / 119 22 0 255 / 0.06752010 0.02192690
				-35.89319000 0.50184350 -11.37871000 / -0.31737700 0.57616360 -0.75319810 / 121 28 0 255 / 0.08175660 0.00000000
				-35.89319000 0.50184350 -11.37871000 / -0.31737700 0.57616360 -0.75319810 / 121 28 0 255 / 0.08175660 0.00000000
				-35.89319000 0.50184350 -11.37871000 / -0.31737700 0.57616360 -0.75319810 / 121 28 0 255 / 0.08175660 0.00000000
				-37.84906000 3.93345500 -9.58136000 / 0.45355850 -0.88642270 -0.09240920 / 153 16 255 255 / 0.80252080 0.02264400
				-37.84906000 3.93345500 -9.58136000 / 0.45355850 -0.88642270 -0.09240920 / 153 16 255 255 / 0.80252080 0.02264400
				-37.84906000 3.93345500 -9.58136000 / 0.45355850 -0.88642270 -0.09240920 / 153 16 255 255 / 0.80252080 0.02264400
				-36.02569000 0.42791420 -11.37920000 / -0.31967550 0.57759990 -0.75112310 / 123 35 0 255 / 0.08175660 0.02192690
				-36.02569000 0.42791420 -11.37920000 / -0.31967550 0.57759990 -0.75112310 / 123 35 0 255 / 0.08175660 0.02192690
				-36.02569000 0.42791420 -11.37920000 / -0.31967550 0.57759990 -0.75112310 / 123 35 0 255 / 0.08175660 0.02192690
				-35.91701000 0.54317870 -11.32354000 / -0.41389050 0.74523530 -0.52279900 / 125 42 0 255 / 0.09893800 0.00000000
				-35.91701000 0.54317870 -11.32354000 / -0.41389050 0.74523530 -0.52279900 / 125 42 0 255 / 0.09893800 0.00000000
				-35.91701000 0.54317870 -11.32354000 / -0.41389050 0.74523530 -0.52279900 / 125 42 0 255 / 0.09893800 0.00000000
				-37.98795000 3.87009000 -9.47001700 / 0.44099050 -0.86309780 0.24614980 / 168 16 255 255 / 0.82978820 0.00219730
				-37.98795000 3.87009000 -9.47001700 / 0.44099050 -0.86309780 0.24614980 / 168 16 255 255 / 0.82978820 0.00219730
				-37.98795000 3.87009000 -9.47001700 / 0.44099050 -0.86309780 0.24614980 / 168 16 255 255 / 0.82978820 0.00219730
				-37.98795000 3.87009000 -9.47001700 / 0.44099050 -0.86309780 0.24614980 / 168 16 255 255 / 0.82978820 0.00219730
				-35.76128000 0.27086040 -11.26982000 / 0.36812050 -0.65369700 0.66118650 / 112 8 0 255 / 0.10177610 0.00000000
				-37.85229000 3.93942200 -9.46954300 / 0.44059220 -0.86349390 0.24547280 / 169 16 255 255 / 0.82978820 0.02264400
				-37.85229000 3.93942200 -9.46954300 / 0.44059220 -0.86349390 0.24547280 / 169 16 255 255 / 0.82978820 0.02264400
				-37.87255000 3.97518200 -9.38165300 / 0.41236160 -0.80739050 0.42199360 / 176 16 255 255 / 0.85591130 0.02264400
				-37.87255000 3.97518200 -9.38165300 / 0.41236160 -0.80739050 0.42199360 / 176 16 255 255 / 0.85591130 0.02264400
				-38.00851000 3.90547200 -9.38163700 / 0.41426960 -0.80760630 0.41970550 / 178 14 255 255 / 0.85591130 0.00219730
				-37.19881000 2.48539500 -9.72443400 / -0.45128880 0.81173810 -0.37070150 / 128 47 234 255 / 0.55989070 0.00160220
				-37.19881000 2.48539500 -9.72443400 / -0.45128880 0.81173810 -0.37070150 / 128 47 234 255 / 0.55989070 0.00160220
				-38.15339000 4.15963500 -9.50962000 / -0.02746620 0.06275260 -0.99765110 / 96 2 255 255 / 0.86422730 0.00160220
				-38.15339000 4.15963500 -9.50962000 / -0.02746620 0.06275260 -0.99765110 / 96 2 255 255 / 0.86422730 0.00160220
				-38.15339000 4.15963500 -9.50962000 / -0.02746620 0.06275260 -0.99765110 / 96 2 255 255 / 0.86422730 0.00160220
				-38.19188000 4.22750100 -9.50960500 / 0.00534030 0.00333770 -0.99998020 / 95 1 255 255 / 0.87461860 0.00160220
				-38.05975000 4.30173900 -9.50862900 / 0.00572180 0.00324230 -0.99997840 / 95 2 255 255 / 0.87461860 0.02264400
				-38.05975000 4.30173900 -9.50862900 / 0.00572180 0.00324230 -0.99997840 / 95 2 255 255 / 0.87461860 0.02264400
				-38.02089000 4.23355600 -9.50862100 / -0.02784620 0.06341680 -0.99759860 / 96 2 255 255 / 0.86422730 0.02264400
				-38.02089000 4.23355600 -9.50862100 / -0.02784620 0.06341680 -0.99759860 / 96 2 255 255 / 0.86422730 0.02264400
				-38.02089000 4.23355600 -9.50862100 / -0.02784620 0.06341680 -0.99759860 / 96 2 255 255 / 0.86422730 0.02264400
				-38.12877000 4.11697100 -9.51641800 / -0.06103390 0.12273530 -0.99056090 / 96 3 255 255 / 0.85617070 0.00160220
				-38.12877000 4.11697100 -9.51641800 / -0.06103390 0.12273530 -0.99056090 / 96 3 255 255 / 0.85617070 0.00160220
				-37.99658000 4.19052400 -9.51546500 / -0.06141830 0.12293190 -0.99051280 / 96 3 255 255 / 0.85617070 0.02264400
				-35.78064000 0.30391400 -11.22636000 / 0.41047580 -0.72890990 0.54790510 / 112 9 0 255 / 0.11537170 0.00000000
				-35.78064000 0.30391400 -11.22636000 / 0.41047580 -0.72890990 0.54790510 / 112 9 0 255 / 0.11537170 0.00000000
				-35.78064000 0.30391400 -11.22636000 / 0.41047580 -0.72890990 0.54790510 / 112 9 0 255 / 0.11537170 0.00000000
				-37.86131000 3.64803000 -9.82258600 / 0.47072780 -0.82904260 -0.30183420 / 123 18 209 255 / 0.71295170 0.00160220
				-37.86131000 3.64803000 -9.82258600 / 0.47072780 -0.82904260 -0.30183420 / 123 18 209 255 / 0.71295170 0.00160220
				-37.86131000 3.64803000 -9.82258600 / 0.47072780 -0.82904260 -0.30183420 / 123 18 209 255 / 0.71295170 0.00160220
				-37.88920000 3.69667000 -10.08722000 / 0.47988460 -0.85250570 -0.20723160 / 123 16 141 255 / 0.65777590 0.00160220
				-37.75706000 3.77091000 -10.08672000 / 0.48101700 -0.85200750 -0.20665420 / 123 17 141 255 / 0.65777590 0.02264400
				-37.75706000 3.77091000 -10.08672000 / 0.48101700 -0.85200750 -0.20665420 / 123 17 141 255 / 0.65777590 0.02264400
				-37.72954000 3.72258300 -9.82160200 / 0.46996610 -0.82856790 -0.30431450 / 122 17 209 255 / 0.71295170 0.02264400
				-37.72954000 3.72258300 -9.82160200 / 0.46996610 -0.82856790 -0.30431450 / 122 17 209 255 / 0.71295170 0.02264400
				-37.72954000 3.72258300 -9.82160200 / 0.46996610 -0.82856790 -0.30431450 / 122 17 209 255 / 0.71295170 0.02264400
				-37.20484000 2.49564700 -9.69464900 / -0.45128880 0.81173810 -0.37070150 / 128 52 241 255 / 0.56851200 0.00160220
				-37.84672000 3.62221800 -9.75373800 / 0.45355600 -0.79787140 -0.39709990 / 122 17 226 255 / 0.72526550 0.00160220
				-37.84672000 3.62221800 -9.75373800 / 0.45355600 -0.79787140 -0.39709990 / 122 17 226 255 / 0.72526550 0.00160220
				-37.71457000 3.69645100 -9.75273900 / 0.45090710 -0.79759910 -0.40064730 / 122 13 226 255 / 0.72526550 0.02264400
				-37.77461000 3.49509900 -9.69270400 / -0.00839250 0.02813400 -0.99956900 / 109 8 242 255 / 0.72039800 0.00160220
				-37.77461000 3.49509900 -9.69270400 / -0.00839250 0.02813400 -0.99956900 / 109 8 242 255 / 0.72039800 0.00160220
				-37.77461000 3.49509900 -9.69270400 / -0.00839250 0.02813400 -0.99956900 / 109 8 242 255 / 0.72039800 0.00160220
				-37.81753000 3.57056600 -9.70197300 / 0.05722270 -0.08952960 -0.99433900 / 110 6 240 255 / 0.72967530 0.00160220
				-37.68502000 3.64449100 -9.70098900 / 0.05722240 -0.08957690 -0.99433480 / 110 8 240 255 / 0.72967530 0.02264400
				-37.68502000 3.64449100 -9.70098900 / 0.05722240 -0.08957690 -0.99433480 / 110 8 240 255 / 0.72967530 0.02264400
				-35.91240000 0.22936580 -11.22686000 / 0.40931650 -0.72806820 0.54988780 / 112 10 0 255 / 0.11537170 0.02192690
				-35.91240000 0.22936580 -11.22686000 / 0.40931650 -0.72806820 0.54988780 / 112 10 0 255 / 0.11537170 0.02192690
				-35.91240000 0.22936580 -11.22686000 / 0.40931650 -0.72806820 0.54988780 / 112 10 0 255 / 0.11537170 0.02192690
				-37.64210000 3.56902200 -9.69171100 / -0.00991860 0.03049480 -0.99948570 / 108 8 242 255 / 0.72039800 0.02264400
				-37.64210000 3.56902200 -9.69171100 / -0.00991860 0.03049480 -0.99948570 / 108 8 242 255 / 0.72039800 0.02264400
				-37.64210000 3.56902200 -9.69171100 / -0.00991860 0.03049480 -0.99948570 / 108 8 242 255 / 0.72039800 0.02264400
				-37.74234000 3.43955200 -9.70343800 / -0.07514850 0.14765050 -0.98618050 / 108 7 239 255 / 0.70947270 0.00160220
				-37.74234000 3.43955200 -9.70343800 / -0.07514850 0.14765050 -0.98618050 / 108 7 239 255 / 0.70947270 0.00160220
				-37.61059000 3.51410300 -9.70247700 / -0.07705830 0.14899050 -0.98583150 / 107 6 239 255 / 0.70947270 0.02264400
				-37.43843000 2.90638300 -9.79814100 / 0.48905230 -0.87012310 -0.06094080 / 132 15 215 255 / 0.60626220 0.00160220
				-37.43843000 2.90638300 -9.79814100 / 0.48905230 -0.87012310 -0.06094080 / 132 15 215 255 / 0.60626220 0.00160220
				-37.43843000 2.90638300 -9.79814100 / 0.48905230 -0.87012310 -0.06094080 / 132 15 215 255 / 0.60626220 0.00160220
				-37.44325000 2.91430200 -9.86308300 / 0.48561920 -0.86268470 -0.14124160 / 127 17 198 255 / 0.59230040 0.00160220
				-37.07233000 2.56956200 -9.69413800 / -0.45128580 0.81182810 -0.37050830 / 128 47 241 255 / 0.56851200 0.02264400
				-37.07233000 2.56956200 -9.69413800 / -0.45128580 0.81182810 -0.37050830 / 128 47 241 255 / 0.56851200 0.02264400
				-37.31111000 2.98854900 -9.86212200 / 0.48523870 -0.86275780 -0.14210020 / 129 15 198 255 / 0.59230040 0.02264400
				-37.31111000 2.98854900 -9.86212200 / 0.48523870 -0.86275780 -0.14210020 / 129 15 198 255 / 0.59230040 0.02264400
				-37.30629000 2.98061900 -9.79767600 / 0.49017960 -0.86963950 -0.05874530 / 138 13 215 255 / 0.60626220 0.02264400
				-37.30629000 2.98061900 -9.79767600 / 0.49017960 -0.86963950 -0.05874530 / 138 13 215 255 / 0.60626220 0.02264400
				-37.30629000 2.98061900 -9.79767600 / 0.49017960 -0.86963950 -0.05874530 / 138 13 215 255 / 0.60626220 0.02264400
				-37.43924000 2.90770300 -9.72294600 / 0.48331620 -0.85677040 0.17986080 / 153 12 232 255 / 0.62217710 0.00160220
				-37.43924000 2.90770300 -9.72294600 / 0.48331620 -0.85677040 0.17986080 / 153 12 232 255 / 0.62217710 0.00160220
				-37.43924000 2.90770300 -9.72294600 / 0.48331620 -0.85677040 0.17986080 / 153 12 232 255 / 0.62217710 0.00160220
				-37.43924000 2.90770300 -9.72294600 / 0.48331620 -0.85677040 0.17986080 / 153 12 232 255 / 0.62217710 0.00160220
				-37.30746000 2.98225200 -9.72248100 / 0.48369620 -0.85590960 0.18291190 / 152 10 232 255 / 0.62217710 0.02264400
				-37.30746000 2.98225200 -9.72248100 / 0.48369620 -0.85590960 0.18291190 / 152 10 232 255 / 0.62217710 0.02264400
				-35.79201000 0.32445910 -11.17608000 / 0.44442360 -0.78921550 0.42382370 / 112 10 0 255 / 0.13031010 0.00000000
				-35.79201000 0.32445910 -11.17608000 / 0.44442360 -0.78921550 0.42382370 / 112 10 0 255 / 0.13031010 0.00000000
				-37.32165000 3.00708500 -9.64191400 / 0.43755190 -0.77406050 0.45757930 / 172 11 251 255 / 0.64247130 0.02264400
				-37.32165000 3.00708500 -9.64191400 / 0.43755190 -0.77406050 0.45757930 / 172 11 251 255 / 0.64247130 0.02264400
				-37.32165000 3.00708500 -9.64191400 / 0.43755190 -0.77406050 0.45757930 / 172 11 251 255 / 0.64247130 0.02264400
				-37.45340000 2.93252600 -9.64189200 / 0.43601960 -0.77357240 0.45986150 / 186 11 251 255 / 0.64247130 0.00160220
				-37.45340000 2.93252600 -9.64189200 / 0.43601960 -0.77357240 0.45986150 / 186 11 251 255 / 0.64247130 0.00160220
				-37.45340000 2.93252600 -9.64189200 / 0.43601960 -0.77357240 0.45986150 / 186 11 251 255 / 0.64247130 0.00160220
				-37.34312000 3.04516000 -9.57941500 / 0.34026620 -0.60707660 0.71810660 / 201 10 255 255 / 0.67047120 0.02264400
				-37.34312000 3.04516000 -9.57941500 / 0.34026620 -0.60707660 0.71810660 / 201 10 255 255 / 0.67047120 0.02264400
				-37.34312000 3.04516000 -9.57941500 / 0.34026620 -0.60707660 0.71810660 / 201 10 255 255 / 0.67047120 0.02264400
				-37.47525000 2.97092500 -9.57988700 / 0.33760550 -0.60571110 0.72051130 / 214 11 255 255 / 0.67047120 0.00160220
				-37.47525000 2.97092500 -9.57988700 / 0.33760550 -0.60571110 0.72051130 / 214 11 255 255 / 0.67047120 0.00160220
				-37.47525000 2.97092500 -9.57988700 / 0.33760550 -0.60571110 0.72051130 / 214 11 255 255 / 0.67047120 0.00160220
				-37.37993000 3.10969100 -9.53059400 / 0.20065350 -0.36306450 0.90990240 / 225 10 255 255 / 0.69235230 0.02264400
				-37.37993000 3.10969100 -9.53059400 / 0.20065350 -0.36306450 0.90990240 / 225 10 255 255 / 0.69235230 0.02264400
				-37.37993000 3.10969100 -9.53059400 / 0.20065350 -0.36306450 0.90990240 / 225 10 255 255 / 0.69235230 0.02264400
				-37.51207000 3.03546400 -9.53108200 / 0.20180390 -0.36307540 0.90964360 / 233 10 255 255 / 0.69235230 0.00160220
				-37.51207000 3.03546400 -9.53108200 / 0.20180390 -0.36307540 0.90964360 / 233 10 255 255 / 0.69235230 0.00160220
				-37.51207000 3.03546400 -9.53108200 / 0.20180390 -0.36307540 0.90964360 / 233 10 255 255 / 0.69235230 0.00160220
				-37.06631000 2.55932300 -9.72391500 / -0.45129300 0.81186480 -0.37041880 / 127 42 234 255 / 0.55989070 0.02264400
				-37.42076000 3.18082200 -9.50763700 / 0.06637670 -0.12042700 0.99050060 / 238 12 255 255 / 0.70504760 0.02264400
				-37.42076000 3.18082200 -9.50763700 / 0.06637670 -0.12042700 0.99050060 / 238 12 255 255 / 0.70504760 0.02264400
				-37.42076000 3.18082200 -9.50763700 / 0.06637670 -0.12042700 0.99050060 / 238 12 255 255 / 0.70504760 0.02264400
				-37.55290000 3.10658300 -9.50764500 / 0.06752250 -0.12040560 0.99042580 / 241 14 255 255 / 0.70504760 0.00160220
				-37.55290000 3.10658300 -9.50764500 / 0.06752250 -0.12040560 0.99042580 / 241 14 255 255 / 0.70504760 0.00160220
				-37.55290000 3.10658300 -9.50764500 / 0.06752250 -0.12040560 0.99042580 / 241 14 255 255 / 0.70504760 0.00160220
				-37.46163000 3.25264000 -9.50764500 / -0.05073350 0.09004730 0.99464450 / 242 19 255 255 / 0.71586610 0.02264400
				-37.46163000 3.25264000 -9.50764500 / -0.05073350 0.09004730 0.99464450 / 242 19 255 255 / 0.71586610 0.02264400
				-37.46163000 3.25264000 -9.50764500 / -0.05073350 0.09004730 0.99464450 / 242 19 255 255 / 0.71586610 0.02264400
				-35.92414000 0.25021570 -11.17608000 / 0.44325440 -0.78855010 0.42627950 / 112 10 0 255 / 0.13031010 0.02192690
				-37.59378000 3.17839700 -9.50764500 / -0.05226280 0.09160290 0.99442320 / 239 24 255 255 / 0.71586610 0.00160220
				-37.59378000 3.17839700 -9.50764500 / -0.05226280 0.09160290 0.99442320 / 239 24 255 255 / 0.71586610 0.00160220
				-37.59378000 3.17839700 -9.50764500 / -0.05226280 0.09160290 0.99442320 / 239 24 255 255 / 0.71586610 0.00160220
				-37.50411000 3.32710300 -9.52571100 / -0.16289150 0.28765900 0.94377900 / 233 29 255 255 / 0.72293090 0.02264400
				-37.50411000 3.32710300 -9.52571100 / -0.16289150 0.28765900 0.94377900 / 233 29 255 255 / 0.72293090 0.02264400
				-37.50411000 3.32710300 -9.52571100 / -0.16289150 0.28765900 0.94377900 / 233 29 255 255 / 0.72293090 0.02264400
				-37.63665000 3.25318300 -9.52619100 / -0.16326780 0.28879420 0.94336720 / 223 34 255 255 / 0.72293090 0.00160220
				-37.63665000 3.25318300 -9.52619100 / -0.16326780 0.28879420 0.94336720 / 223 34 255 255 / 0.72293090 0.00160220
				-37.63665000 3.25318300 -9.52619100 / -0.16326780 0.28879420 0.94336720 / 223 34 255 255 / 0.72293090 0.00160220
				-37.54014000 3.39030900 -9.56233200 / -0.29028990 0.51818750 0.80449580 / 209 34 255 255 / 0.72392270 0.02264400
				-37.54014000 3.39030900 -9.56233200 / -0.29028990 0.51818750 0.80449580 / 209 34 255 255 / 0.72392270 0.02264400
				-37.54014000 3.39030900 -9.56233200 / -0.29028990 0.51818750 0.80449580 / 209 34 255 255 / 0.72392270 0.02264400
				-37.67266000 3.31639200 -9.56233200 / -0.28877370 0.51825240 0.80499950 / 191 38 255 255 / 0.72392270 0.00160220
				-37.67266000 3.31639200 -9.56233200 / -0.28877370 0.51825240 0.80499950 / 191 38 255 255 / 0.72392270 0.00160220
				-37.67266000 3.31639200 -9.56233200 / -0.28877370 0.51825240 0.80499950 / 191 38 255 255 / 0.72392270 0.00160220
				-37.56927000 3.44126600 -9.62385600 / -0.39443430 0.70828430 0.58545270 / 173 37 255 255 / 0.71836850 0.02264400
				-37.56927000 3.44126600 -9.62385600 / -0.39443430 0.70828430 0.58545270 / 173 37 255 255 / 0.71836850 0.02264400
				-37.56927000 3.44126600 -9.62385600 / -0.39443430 0.70828430 0.58545270 / 173 37 255 255 / 0.71836850 0.02264400
				-37.70147000 3.36771600 -9.62384800 / -0.39480390 0.70864440 0.58476750 / 157 46 255 255 / 0.71836850 0.00160220
				-37.70147000 3.36771600 -9.62384800 / -0.39480390 0.70864440 0.58476750 / 157 46 255 255 / 0.71836850 0.00160220
				-37.70147000 3.36771600 -9.62384800 / -0.39480390 0.70864440 0.58476750 / 157 46 255 255 / 0.71836850 0.00160220
				-37.19881000 2.48538700 -9.72443400 / -0.47836480 0.85592590 0.19636230 / 148 59 234 255 / 0.55989070 0.00160220
				-37.19881000 2.48538700 -9.72443400 / -0.47836480 0.85592590 0.19636230 / 148 59 234 255 / 0.55989070 0.00160220
				-37.59119000 3.48035000 -9.70832100 / -0.45508940 0.81626650 0.35581270 / 145 48 241 255 / 0.70536800 0.02264400
				-37.59119000 3.48035000 -9.70832100 / -0.45508940 0.81626650 0.35581270 / 145 48 241 255 / 0.70536800 0.02264400
				-37.59119000 3.48035000 -9.70832100 / -0.45508940 0.81626650 0.35581270 / 145 48 241 255 / 0.70536800 0.02264400
				-37.72369000 3.40642800 -9.70832800 / -0.45472030 0.81655100 0.35563170 / 138 58 241 255 / 0.70536800 0.00160220
				-37.72369000 3.40642800 -9.70832800 / -0.45472030 0.81655100 0.35563170 / 138 58 241 255 / 0.70536800 0.00160220
				-37.72369000 3.40642800 -9.70832800 / -0.45472030 0.81655100 0.35563170 / 138 58 241 255 / 0.70536800 0.00160220
				-35.27645000 -0.57967460 -10.70538000 / -0.30287620 0.54201350 0.78389250 / 140 25 0 255 / 0.58285520 0.00000000
				-35.27645000 -0.57967460 -10.70538000 / -0.30287620 0.54201350 0.78389250 / 140 25 0 255 / 0.58285520 0.00000000
				-37.60411000 3.50285000 -9.81428500 / -0.48218870 0.86946090 0.10738620 / 135 60 211 255 / 0.68148800 0.02264400
				-37.60411000 3.50285000 -9.81428500 / -0.48218870 0.86946090 0.10738620 / 135 60 211 255 / 0.68148800 0.02264400
				-37.60411000 3.50285000 -9.81428500 / -0.48218870 0.86946090 0.10738620 / 135 60 211 255 / 0.68148800 0.02264400
				-37.60411000 3.50285000 -9.81428500 / -0.48218870 0.86946090 0.10738620 / 135 60 211 255 / 0.68148800 0.02264400
				-37.73699000 3.42924100 -9.81477300 / -0.48217410 0.86938670 0.10805050 / 135 66 211 255 / 0.68148800 0.00160220
				-37.73699000 3.42924100 -9.81477300 / -0.48217410 0.86938670 0.10805050 / 135 66 211 255 / 0.68148800 0.00160220
				-37.73582000 3.42760900 -9.89192200 / -0.47951420 0.86833280 -0.12674510 / 135 63 185 255 / 0.65736390 0.00160220
				-37.73582000 3.42760900 -9.89192200 / -0.47951420 0.86833280 -0.12674510 / 135 63 185 255 / 0.65736390 0.00160220
				-37.73582000 3.42760900 -9.89192200 / -0.47951420 0.86833280 -0.12674510 / 135 63 185 255 / 0.65736390 0.00160220
				-37.60327000 3.50084500 -9.89143300 / -0.47914000 0.86844130 -0.12741460 / 136 58 185 255 / 0.65736390 0.02264400
				-37.60327000 3.50084500 -9.89143300 / -0.47914000 0.86844130 -0.12741460 / 136 58 185 255 / 0.65736390 0.02264400
				-37.60327000 3.50084500 -9.89143300 / -0.47914000 0.86844130 -0.12741460 / 136 58 185 255 / 0.65736390 0.02264400
				-37.72774000 3.41371400 -9.96126500 / -0.44744580 0.81194920 -0.37487410 / 136 55 170 255 / 0.64093020 0.00160220
				-37.72774000 3.41371400 -9.96126500 / -0.44744580 0.81194920 -0.37487410 / 136 55 170 255 / 0.64093020 0.00160220
				-37.72774000 3.41371400 -9.96126500 / -0.44744580 0.81194920 -0.37487410 / 136 55 170 255 / 0.64093020 0.00160220
				-37.59520000 3.48695300 -9.96076200 / -0.44747650 0.81205250 -0.37461380 / 135 47 170 255 / 0.64093020 0.02264400
				-37.59520000 3.48695300 -9.96076200 / -0.44747650 0.81205250 -0.37461380 / 135 47 170 255 / 0.64093020 0.02264400
				-37.59520000 3.48695300 -9.96076200 / -0.44747650 0.81205250 -0.37461380 / 135 47 170 255 / 0.64093020 0.02264400
				-37.70873000 3.38029100 -10.02522000 / -0.35246600 0.64299310 -0.67994670 / 134 39 157 255 / 0.62443540 0.00160220
				-37.70873000 3.38029100 -10.02522000 / -0.35246600 0.64299310 -0.67994670 / 134 39 157 255 / 0.62443540 0.00160220
				-37.70873000 3.38029100 -10.02522000 / -0.35246600 0.64299310 -0.67994670 / 134 39 157 255 / 0.62443540 0.00160220
				-37.57656000 3.45384700 -10.02424000 / -0.35322790 0.64318190 -0.67937250 / 132 31 157 255 / 0.62443540 0.02264400
				-37.57656000 3.45384700 -10.02424000 / -0.35322790 0.64318190 -0.67937250 / 132 31 157 255 / 0.62443540 0.02264400
				-37.57656000 3.45384700 -10.02424000 / -0.35322790 0.64318190 -0.67937250 / 132 31 157 255 / 0.62443540 0.02264400
				-37.06631000 2.55931700 -9.72391500 / -0.47835590 0.85590980 0.19645400 / 147 54 234 255 / 0.55989070 0.02264400
				-37.67956000 3.32864400 -10.06722000 / -0.20828190 0.38585560 -0.89874030 / 131 22 147 255 / 0.60815430 0.00160220
				-37.67956000 3.32864400 -10.06722000 / -0.20828190 0.38585560 -0.89874030 / 131 22 147 255 / 0.60815430 0.00160220
				-37.67956000 3.32864400 -10.06722000 / -0.20828190 0.38585560 -0.89874030 / 131 22 147 255 / 0.60815430 0.00160220
				-35.40854000 -0.65460530 -10.70487000 / -0.30556090 0.54361870 0.78173610 / 134 32 0 255 / 0.58285520 0.02156070
				-37.54704000 3.40256100 -10.06624000 / -0.20866980 0.38558140 -0.89876790 / 130 15 147 255 / 0.60815430 0.02264400
				-37.54704000 3.40256100 -10.06624000 / -0.20866980 0.38558140 -0.89876790 / 130 15 147 255 / 0.60815430 0.02264400
				-37.54704000 3.40256100 -10.06624000 / -0.20866980 0.38558140 -0.89876790 / 130 15 147 255 / 0.60815430 0.02264400
				-37.63989000 3.25914500 -10.09113000 / -0.08735590 0.16863220 -0.98180050 / 128 9 140 255 / 0.59410100 0.00160220
				-37.63989000 3.25914500 -10.09113000 / -0.08735590 0.16863220 -0.98180050 / 128 9 140 255 / 0.59410100 0.00160220
				-37.63989000 3.25914500 -10.09113000 / -0.08735590 0.16863220 -0.98180050 / 128 9 140 255 / 0.59410100 0.00160220
				-37.50777000 3.33338600 -10.09016000 / -0.08736050 0.16833110 -0.98185170 / 126 6 140 255 / 0.59410100 0.02264400
				-37.50777000 3.33338600 -10.09016000 / -0.08736050 0.16833110 -0.98185170 / 126 6 140 255 / 0.59410100 0.02264400
				-37.50777000 3.33338600 -10.09016000 / -0.08736050 0.16833110 -0.98185170 / 126 6 140 255 / 0.59410100 0.02264400
				-37.59138000 3.17444300 -10.09993000 / 0.00915550 -0.00326640 -0.99995280 / 125 5 137 255 / 0.57739260 0.00160220
				-37.59138000 3.17444300 -10.09993000 / 0.00915550 -0.00326640 -0.99995280 / 125 5 137 255 / 0.57739260 0.00160220
				-37.59138000 3.17444300 -10.09993000 / 0.00915550 -0.00326640 -0.99995280 / 125 5 137 255 / 0.57739260 0.00160220
				-37.45924000 3.24868300 -10.09895000 / 0.00953690 -0.00398170 -0.99994670 / 123 5 137 255 / 0.57739260 0.02264400
				-37.45924000 3.24868300 -10.09895000 / 0.00953690 -0.00398170 -0.99994670 / 123 5 137 255 / 0.57739260 0.02264400
				-37.45924000 3.24868300 -10.09895000 / 0.00953690 -0.00398170 -0.99994670 / 123 5 137 255 / 0.57739260 0.02264400
				-37.53671000 3.07810900 -10.08821000 / 0.14914970 -0.25288220 -0.95593150 / 121 7 141 255 / 0.56336980 0.00160220
				-37.53671000 3.07810900 -10.08821000 / 0.14914970 -0.25288220 -0.95593150 / 121 7 141 255 / 0.56336980 0.00160220
				-37.53671000 3.07810900 -10.08821000 / 0.14914970 -0.25288220 -0.95593150 / 121 7 141 255 / 0.56336980 0.00160220
				-37.40457000 3.15235500 -10.08723000 / 0.14838580 -0.25371490 -0.95582960 / 120 9 141 255 / 0.56336980 0.02264400
				-37.40457000 3.15235500 -10.08723000 / 0.14838580 -0.25371490 -0.95582960 / 120 9 141 255 / 0.56336980 0.02264400
				-37.40457000 3.15235500 -10.08723000 / 0.14838580 -0.25371490 -0.95582960 / 120 9 141 255 / 0.56336980 0.02264400
				-37.49464000 3.00465700 -10.04279000 / 0.30669860 -0.53858220 -0.78477080 / 118 11 152 255 / 0.56344600 0.00160220
				-37.49464000 3.00465700 -10.04279000 / 0.30669860 -0.53858220 -0.78477080 / 118 11 152 255 / 0.56344600 0.00160220
				-37.49464000 3.00465700 -10.04279000 / 0.30669860 -0.53858220 -0.78477080 / 118 11 152 255 / 0.56344600 0.00160220
				-37.36252000 3.07890500 -10.04231000 / 0.30708040 -0.53975100 -0.78381790 / 115 11 152 255 / 0.56344600 0.02264400
				-37.36252000 3.07890500 -10.04231000 / 0.30708040 -0.53975100 -0.78381790 / 115 11 152 255 / 0.56344600 0.02264400
				-37.36252000 3.07890500 -10.04231000 / 0.30708040 -0.53975100 -0.78381790 / 115 11 152 255 / 0.56344600 0.02264400
				-37.10193000 2.62221100 -10.08475000 / -0.47874590 0.85573450 0.19626680 / 148 59 141 255 / 0.48419190 0.02264400
				-37.10193000 2.62221100 -10.08475000 / -0.47874590 0.85573450 0.19626680 / 148 59 141 255 / 0.48419190 0.02264400
				-35.38306000 -0.69928120 -10.66385000 / -0.27274970 0.48802280 0.82912090 / 147 26 0 255 / 0.56584170 0.02156070
				-35.38306000 -0.69928120 -10.66385000 / -0.27274970 0.48802280 0.82912090 / 147 26 0 255 / 0.56584170 0.02156070
				-35.38306000 -0.69928120 -10.66385000 / -0.27274970 0.48802280 0.82912090 / 147 26 0 255 / 0.56584170 0.02156070
				-37.46713000 2.95634700 -9.97978900 / 0.39672370 -0.70013150 -0.59365500 / 113 11 171 255 / 0.57218930 0.00160220
				-37.46713000 2.95634700 -9.97978900 / 0.39672370 -0.70013150 -0.59365500 / 113 11 171 255 / 0.57218930 0.00160220
				-37.46713000 2.95634700 -9.97978900 / 0.39672370 -0.70013150 -0.59365500 / 113 11 171 255 / 0.57218930 0.00160220
				-37.33500000 3.03058900 -9.97882100 / 0.39977780 -0.70161380 -0.58984390 / 111 12 171 255 / 0.57218930 0.02264400
				-37.33500000 3.03058900 -9.97882100 / 0.39977780 -0.70161380 -0.58984390 / 111 12 171 255 / 0.57218930 0.02264400
				-37.33500000 3.03058900 -9.97882100 / 0.39977780 -0.70161380 -0.58984390 / 111 12 171 255 / 0.57218930 0.02264400
				-37.45014000 2.92655500 -9.92363700 / 0.42190810 -0.74279770 -0.51985110 / 110 13 182 255 / 0.57966610 0.00160220
				-37.45014000 2.92655500 -9.92363700 / 0.42190810 -0.74279770 -0.51985110 / 110 13 182 255 / 0.57966610 0.00160220
				-37.31843000 3.00180300 -9.92366000 / 0.42495330 -0.74385910 -0.51583760 / 109 13 182 255 / 0.57966610 0.02264400
				-37.62612000 3.23465100 -9.70929700 / 0.44022740 -0.77461800 -0.45405600 / 92 9 238 255 / 0.67709350 0.00160220
				-37.62612000 3.23465100 -9.70929700 / 0.44022740 -0.77461800 -0.45405600 / 92 9 238 255 / 0.67709350 0.00160220
				-37.62612000 3.23465100 -9.70929700 / 0.44022740 -0.77461800 -0.45405600 / 92 9 238 255 / 0.67709350 0.00160220
				-37.63059000 3.24293200 -9.74299700 / 0.47568210 -0.83749810 -0.26893010 / 92 9 228 255 / 0.66999820 0.00160220
				-37.49888000 3.31818600 -9.74446900 / 0.47377490 -0.83687830 -0.27417530 / 92 9 228 255 / 0.66999820 0.02264400
				-37.49888000 3.31818600 -9.74446900 / 0.47377490 -0.83687830 -0.27417530 / 92 9 228 255 / 0.66999820 0.02264400
				-37.49366000 3.30925900 -9.70832800 / 0.43830020 -0.77262810 -0.45928060 / 93 8 238 255 / 0.67709350 0.02264400
				-37.49366000 3.30925900 -9.70832800 / 0.43830020 -0.77262810 -0.45928060 / 93 8 238 255 / 0.67709350 0.02264400
				-37.49366000 3.30925900 -9.70832800 / 0.43830020 -0.77262810 -0.45928060 / 93 8 238 255 / 0.67709350 0.02264400
				-37.60959000 3.20655400 -9.66828900 / 0.38718420 -0.68000410 -0.62264170 / 93 7 248 255 / 0.68244930 0.00160220
				-37.60959000 3.20655400 -9.66828900 / 0.38718420 -0.68000410 -0.62264170 / 93 7 248 255 / 0.68244930 0.00160220
				-37.47747000 3.28079500 -9.66732000 / 0.38642030 -0.67921580 -0.62397540 / 93 6 248 255 / 0.68244930 0.02264400
				-37.40216000 3.14839200 -9.74445300 / -0.46614980 0.83347640 -0.29668410 / 83 45 228 255 / 0.64425660 0.02264400
				-37.23445000 2.54828800 -10.08575000 / -0.47874510 0.85575690 0.19617110 / 148 64 141 255 / 0.48419190 0.00160220
				-37.25790000 2.58932400 -9.69609100 / 0.30135570 -0.52966120 -0.79287050 / 109 9 241 255 / 0.58248900 0.00160220
				-37.25790000 2.58932400 -9.69609100 / 0.30135570 -0.52966120 -0.79287050 / 109 9 241 255 / 0.58248900 0.00160220
				-37.25790000 2.58932400 -9.69609100 / 0.30135570 -0.52966120 -0.79287050 / 109 9 241 255 / 0.58248900 0.00160220
				-37.26757000 2.60585300 -9.71758300 / 0.36583210 -0.65091130 -0.66519270 / 108 11 235 255 / 0.57968140 0.00160220
				-37.13545000 2.68010000 -9.71757500 / 0.37535790 -0.66009490 -0.65067760 / 108 10 235 255 / 0.57968140 0.02264400
				-37.13545000 2.68010000 -9.71757500 / 0.37535790 -0.66009490 -0.65067760 / 108 10 235 255 / 0.57968140 0.02264400
				-37.12577000 2.66356900 -9.69510700 / 0.30518940 -0.53293690 -0.78920070 / 109 7 241 255 / 0.58248900 0.02264400
				-37.12577000 2.66356900 -9.69510700 / 0.30518940 -0.53293690 -0.78920070 / 109 7 241 255 / 0.58248900 0.02264400
				-37.12577000 2.66356900 -9.69510700 / 0.30518940 -0.53293690 -0.78920070 / 109 7 241 255 / 0.58248900 0.02264400
				-37.24419000 2.56550800 -9.68242700 / 0.16289160 -0.27712080 -0.94692680 / 109 7 245 255 / 0.58206170 0.00160220
				-37.24419000 2.56550800 -9.68242700 / 0.16289160 -0.27712080 -0.94692680 / 109 7 245 255 / 0.58206170 0.00160220
				-37.24419000 2.56550800 -9.68242700 / 0.16289160 -0.27712080 -0.94692680 / 109 7 245 255 / 0.58206170 0.00160220
				-37.11206000 2.63975500 -9.68143500 / 0.16211860 -0.27581620 -0.94744020 / 108 6 245 255 / 0.58206170 0.02264400
				-37.11206000 2.63975500 -9.68143500 / 0.16211860 -0.27581620 -0.94744020 / 108 6 245 255 / 0.58206170 0.02264400
				-37.11206000 2.63975500 -9.68143500 / 0.16211860 -0.27581620 -0.94744020 / 108 6 245 255 / 0.58206170 0.02264400
				-37.22588000 2.53270300 -9.67512500 / 0.09880500 -0.16303780 -0.98165990 / 108 5 246 255 / 0.57887270 0.00160220
				-37.22588000 2.53270300 -9.67512500 / 0.09880500 -0.16303780 -0.98165990 / 108 5 246 255 / 0.57887270 0.00160220
				-37.09340000 2.60663600 -9.67410300 / 0.09803590 -0.16214550 -0.98188480 / 107 4 246 255 / 0.57887270 0.02264400
				-37.09277000 2.29941100 -9.73175800 / 0.44823340 -0.79513750 -0.40846460 / 120 22 232 255 / 0.53005980 0.00160220
				-37.09277000 2.29941100 -9.73175800 / 0.44823340 -0.79513750 -0.40846460 / 120 22 232 255 / 0.53005980 0.00160220
				-37.09277000 2.29941100 -9.73175800 / 0.44823340 -0.79513750 -0.40846460 / 120 22 232 255 / 0.53005980 0.00160220
				-35.25055000 -0.62535860 -10.66389000 / -0.27274640 0.48723030 0.82958780 / 162 24 0 255 / 0.56584170 0.00000000
				-35.25055000 -0.62535860 -10.66389000 / -0.27274640 0.48723030 0.82958780 / 162 24 0 255 / 0.56584170 0.00000000
				-35.25055000 -0.62535860 -10.66389000 / -0.27274640 0.48723030 0.82958780 / 162 24 0 255 / 0.56584170 0.00000000
				-37.13367000 2.37122400 -10.08576000 / 0.47836260 -0.84822090 -0.22735570 / 123 20 141 255 / 0.45745850 0.00160220
				-37.13367000 2.37121900 -10.08576000 / 0.00572180 0.00331390 -0.99997810 / 117 8 141 255 / 0.45745850 0.00160220
				-37.13367000 2.37121900 -10.08576000 / 0.00572180 0.00331390 -0.99997810 / 117 8 141 255 / 0.45745850 0.00160220
				-37.00154000 2.44546400 -10.08476000 / 0.47799020 -0.84840400 -0.22745540 / 122 19 141 255 / 0.45745850 0.02264400
				-37.00154000 2.44546400 -10.08476000 / 0.47799020 -0.84840400 -0.22745540 / 122 19 141 255 / 0.45745850 0.02264400
				-36.96064000 2.37365100 -9.73126200 / 0.45624540 -0.79850100 -0.39272960 / 118 21 232 255 / 0.53005980 0.02264400
				-36.96064000 2.37365100 -9.73126200 / 0.45624540 -0.79850100 -0.39272960 / 118 21 232 255 / 0.53005980 0.02264400
				-36.96064000 2.37365100 -9.73126200 / 0.45624540 -0.79850100 -0.39272960 / 118 21 232 255 / 0.53005980 0.02264400
				-37.08064000 2.27823700 -9.69709700 / 0.40626580 -0.71485130 -0.56915350 / 117 22 241 255 / 0.53553770 0.00160220
				-37.08064000 2.27823700 -9.69709700 / 0.40626580 -0.71485130 -0.56915350 / 117 22 241 255 / 0.53553770 0.00160220
				-36.94899000 2.35416800 -9.69562500 / 0.42573490 -0.72810780 -0.53722330 / 115 16 241 255 / 0.53553770 0.02264400
				-37.06809000 2.25605000 -9.68342600 / 0.14076340 -0.23794350 -0.96102480 / 110 13 244 255 / 0.53471370 0.00160220
				-37.06809000 2.25605000 -9.68342600 / 0.14076340 -0.23794350 -0.96102480 / 110 13 244 255 / 0.53471370 0.00160220
				-37.06809000 2.25605000 -9.68342600 / 0.14076340 -0.23794350 -0.96102480 / 110 13 244 255 / 0.53471370 0.00160220
				-37.08065000 2.27823000 -9.69709700 / 0.24376460 -0.40522520 -0.88111930 / 110 12 241 255 / 0.53553770 0.00160220
				-36.94899000 2.35416800 -9.69562500 / 0.20255610 -0.35917000 -0.91102590 / 110 13 241 255 / 0.53553770 0.02264400
				-36.94899000 2.35416800 -9.69562500 / 0.20255610 -0.35917000 -0.91102590 / 110 13 241 255 / 0.53553770 0.02264400
				-36.93560000 2.32996800 -9.68341100 / 0.12550330 -0.21910620 -0.96759580 / 110 13 244 255 / 0.53471370 0.02264400
				-36.93560000 2.32996800 -9.68341100 / 0.12550330 -0.21910620 -0.96759580 / 110 13 244 255 / 0.53471370 0.02264400
				-36.93560000 2.32996800 -9.68341100 / 0.12550330 -0.21910620 -0.96759580 / 110 13 244 255 / 0.53471370 0.02264400
				-35.34306000 -0.76910020 -10.61845000 / -0.18005950 0.31861490 0.93062510 / 176 28 4 255 / 0.54753110 0.02156070
				-35.34306000 -0.76910020 -10.61845000 / -0.18005950 0.31861490 0.93062510 / 176 28 4 255 / 0.54753110 0.02156070
				-35.34306000 -0.76910020 -10.61845000 / -0.18005950 0.31861490 0.93062510 / 176 28 4 255 / 0.54753110 0.02156070
				-37.04833000 2.22199100 -9.68049600 / 0.03928960 -0.06780310 -0.99692480 / 109 12 245 255 / 0.53050230 0.00160220
				-37.04833000 2.22199100 -9.68049600 / 0.03928960 -0.06780310 -0.99692480 / 109 12 245 255 / 0.53050230 0.00160220
				-36.91619000 2.29622100 -9.67950500 / 0.05455120 -0.08380580 -0.99498780 / 109 13 245 255 / 0.53050230 0.02264400
				-38.25949000 4.34631200 -10.09066000 / 0.00572180 0.00314700 -0.99997870 / 130 2 140 255 / 0.75544740 0.00219730
				-38.25949000 4.34631200 -10.09066000 / 0.00572180 0.00314700 -0.99997870 / 130 2 140 255 / 0.75544740 0.00219730
				-37.23446000 2.54829400 -10.08575000 / 0.00572180 0.00331390 -0.99997810 / 117 5 141 255 / 0.48419190 0.00160220
				-36.91632000 1.98963400 -9.71711700 / 0.48865460 -0.86089130 -0.14171360 / 121 13 236 255 / 0.48669430 0.00160220
				-36.91632000 1.98963400 -9.71711700 / 0.48865460 -0.86089130 -0.14171360 / 121 13 236 255 / 0.48669430 0.00160220
				-36.91632000 1.98963400 -9.71711700 / 0.48865460 -0.86089130 -0.14171360 / 121 13 236 255 / 0.48669430 0.00160220
				-36.95806000 2.06345200 -10.08576000 / 0.47873530 -0.84884920 -0.22420450 / 119 12 141 255 / 0.41084290 0.00160220
				-36.82594000 2.13769300 -10.08478000 / 0.47949970 -0.84851810 -0.22382380 / 120 12 141 255 / 0.41084290 0.02264400
				-36.82594000 2.13769300 -10.08478000 / 0.47949970 -0.84851810 -0.22382380 / 120 12 141 255 / 0.41084290 0.02264400
				-36.78425000 2.06455800 -9.71660600 / 0.48751970 -0.86117040 -0.14390990 / 124 14 236 255 / 0.48669430 0.02264400
				-36.78425000 2.06455800 -9.71660600 / 0.48751970 -0.86117040 -0.14390990 / 124 14 236 255 / 0.48669430 0.02264400
				-36.78425000 2.06455800 -9.71660600 / 0.48751970 -0.86117040 -0.14390990 / 124 14 236 255 / 0.48669430 0.02264400
				-36.91392000 1.98566700 -9.63849600 / 0.48789290 -0.86582870 0.11091080 / 127 14 255 255 / 0.50454710 0.00160220
				-36.91392000 1.98566700 -9.63849600 / 0.48789290 -0.86582870 0.11091080 / 127 14 255 255 / 0.50454710 0.00160220
				-36.91392000 1.98566700 -9.63849600 / 0.48789290 -0.86582870 0.11091080 / 127 14 255 255 / 0.50454710 0.00160220
				-36.78178000 2.05991000 -9.63799300 / 0.48790440 -0.86556300 0.11291610 / 130 14 255 255 / 0.50454710 0.02264400
				-36.78178000 2.05991000 -9.63799300 / 0.48790440 -0.86556300 0.11291610 / 130 14 255 255 / 0.50454710 0.02264400
				-36.78178000 2.05991000 -9.63799300 / 0.48790440 -0.86556300 0.11291610 / 130 14 255 255 / 0.50454710 0.02264400
				-35.21054000 -0.69516960 -10.61798000 / -0.17928680 0.31724460 0.93124230 / 188 26 4 255 / 0.54753110 0.00000000
				-35.21054000 -0.69516960 -10.61798000 / -0.17928680 0.31724460 0.93124230 / 188 26 4 255 / 0.54753110 0.00000000
				-35.21054000 -0.69516960 -10.61798000 / -0.17928680 0.31724460 0.93124230 / 188 26 4 255 / 0.54753110 0.00000000
				-36.92321000 2.00188100 -9.57454700 / 0.46997570 -0.83599980 0.28324430 / 132 13 255 255 / 0.52207950 0.00160220
				-36.92321000 2.00188100 -9.57454700 / 0.46997570 -0.83599980 0.28324430 / 132 13 255 255 / 0.52207950 0.00160220
				-36.79113000 2.07680500 -9.57452400 / 0.47188220 -0.83223130 0.29106400 / 133 13 255 255 / 0.52207950 0.02264400
				-36.57621000 1.69916800 -9.99296600 / -0.46196920 0.83297990 -0.30451440 / 120 47 165 255 / 0.36613470 0.02264400
				-36.57621000 1.69916800 -9.99296600 / -0.46196920 0.83297990 -0.30451440 / 120 47 165 255 / 0.36613470 0.02264400
				-36.57621000 1.69916800 -9.99296600 / -0.46196920 0.83297990 -0.30451440 / 120 47 165 255 / 0.36613470 0.02264400
				-36.56045000 1.67170700 -10.04912000 / -0.42152830 0.76229150 -0.49114720 / 119 41 150 255 / 0.34864810 0.02264400
				-37.10195000 2.62221700 -10.08475000 / 0.00572180 0.00331390 -0.99997810 / 117 8 141 255 / 0.48419190 0.02264400
				-37.10195000 2.62221700 -10.08475000 / 0.00572180 0.00331390 -0.99997810 / 117 8 141 255 / 0.48419190 0.02264400
				-36.69295000 1.59778900 -10.05010000 / -0.42228820 0.76254840 -0.49009470 / 119 49 150 255 / 0.34864810 0.00160220
				-36.69295000 1.59778900 -10.05010000 / -0.42228820 0.76254840 -0.49009470 / 119 49 150 255 / 0.34864810 0.00160220
				-36.70838000 1.62561500 -9.99344600 / -0.46081210 0.83239670 -0.30784390 / 121 54 165 255 / 0.36613470 0.00160220
				-36.70838000 1.62561500 -9.99344600 / -0.46081210 0.83239670 -0.30784390 / 121 54 165 255 / 0.36613470 0.00160220
				-36.70838000 1.62561500 -9.99344600 / -0.46081210 0.83239670 -0.30784390 / 121 54 165 255 / 0.36613470 0.00160220
				-36.57865000 1.70381900 -9.94364900 / -0.48446770 0.87335310 0.05044950 / 122 57 177 255 / 0.37850950 0.02264400
				-36.57865000 1.70381900 -9.94364900 / -0.48446770 0.87335310 0.05044950 / 122 57 177 255 / 0.37850950 0.02264400
				-36.57865000 1.70381900 -9.94364900 / -0.48446770 0.87335310 0.05044950 / 122 57 177 255 / 0.37850950 0.02264400
				-36.57865000 1.70381900 -9.94364900 / -0.48446770 0.87335310 0.05044950 / 122 57 177 255 / 0.37850950 0.02264400
				-36.71121000 1.63058200 -9.94413000 / -0.48331780 0.87423730 0.04596670 / 122 62 177 255 / 0.37850950 0.00160220
				-36.71121000 1.63058200 -9.94413000 / -0.48331780 0.87423730 0.04596670 / 122 62 177 255 / 0.37850950 0.00160220
				-36.66786000 1.55411700 -9.52762600 / -0.47607940 0.85504990 0.20551910 / 122 63 255 255 / 0.46513370 0.00160220
				-36.66786000 1.55411700 -9.52762600 / -0.47607940 0.85504990 0.20551910 / 122 63 255 255 / 0.46513370 0.00160220
				-35.30013000 -0.84455870 -10.59794000 / -0.04692300 0.08241930 0.99549250 / 195 22 10 255 / 0.52903750 0.02156070
				-35.30013000 -0.84455870 -10.59794000 / -0.04692300 0.08241930 0.99549250 / 195 22 10 255 / 0.52903750 0.02156070
				-35.30013000 -0.84455870 -10.59794000 / -0.04692300 0.08241930 0.99549250 / 195 22 10 255 / 0.52903750 0.02156070
				-36.53537000 1.62803600 -9.52763400 / -0.47683840 0.85467310 0.20532660 / 122 60 255 255 / 0.46513370 0.02264400
				-36.62580000 1.48066000 -10.09648000 / 0.01831080 -0.01887110 -0.99965430 / 117 5 138 255 / 0.32000730 0.00160220
				-36.62580000 1.48066000 -10.09648000 / 0.01831080 -0.01887110 -0.99965430 / 117 5 138 255 / 0.32000730 0.00160220
				-36.62580000 1.48066000 -10.09648000 / 0.01831080 -0.01887110 -0.99965430 / 117 5 138 255 / 0.32000730 0.00160220
				-36.66345000 1.54650200 -10.08720000 / -0.05378570 0.10926420 -0.99255650 / 118 3 141 255 / 0.33219910 0.00160220
				-36.53094000 1.62043100 -10.08623000 / -0.05416990 0.10949610 -0.99251010 / 118 5 141 255 / 0.33219910 0.02264400
				-36.53094000 1.62043100 -10.08623000 / -0.05416990 0.10949610 -0.99251010 / 118 5 141 255 / 0.33219910 0.02264400
				-36.49368000 1.55489600 -10.09550000 / 0.01831050 -0.01958610 -0.99964050 / 115 6 138 255 / 0.32000730 0.02264400
				-36.49368000 1.55489600 -10.09550000 / 0.01831050 -0.01958610 -0.99964050 / 115 6 138 255 / 0.32000730 0.02264400
				-36.49368000 1.55489600 -10.09550000 / 0.01831050 -0.01958610 -0.99964050 / 115 6 138 255 / 0.32000730 0.02264400
				-37.00154000 2.44546400 -10.08476000 / 0.00572180 0.00331390 -0.99997810 / 117 11 141 255 / 0.45745850 0.02264400
				-36.59424000 1.42505000 -10.08525000 / 0.15906710 -0.27032110 -0.94953890 / 112 5 141 255 / 0.31431580 0.00160220
				-36.59424000 1.42505000 -10.08525000 / 0.15906710 -0.27032110 -0.94953890 / 112 5 141 255 / 0.31431580 0.00160220
				-36.59424000 1.42505000 -10.08525000 / 0.15906710 -0.27032110 -0.94953890 / 112 5 141 255 / 0.31431580 0.00160220
				-36.46210000 1.49928600 -10.08428000 / 0.15945180 -0.27136370 -0.94917710 / 107 5 141 255 / 0.31431580 0.02264400
				-36.46210000 1.49928600 -10.08428000 / 0.15945180 -0.27136370 -0.94917710 / 107 5 141 255 / 0.31431580 0.02264400
				-36.46210000 1.49928600 -10.08428000 / 0.15945180 -0.27136370 -0.94917710 / 107 5 141 255 / 0.31431580 0.02264400
				-36.55335000 1.35322800 -10.04376000 / 0.26892540 -0.46738900 -0.84215600 / 100 5 152 255 / 0.31326290 0.00160220
				-36.55335000 1.35322800 -10.04376000 / 0.26892540 -0.46738900 -0.84215600 / 100 5 152 255 / 0.31326290 0.00160220
				-36.55335000 1.35322800 -10.04376000 / 0.26892540 -0.46738900 -0.84215600 / 100 5 152 255 / 0.31326290 0.00160220
				-36.42122000 1.42746200 -10.04276000 / 0.26818180 -0.46736300 -0.84240750 / 94 5 152 255 / 0.31326290 0.02264400
				-36.42122000 1.42746200 -10.04276000 / 0.26818180 -0.46736300 -0.84240750 / 94 5 152 255 / 0.31326290 0.02264400
				-36.42122000 1.42746200 -10.04276000 / 0.26818180 -0.46736300 -0.84240750 / 94 5 152 255 / 0.31326290 0.02264400
				-35.16799000 -0.77032100 -10.59796000 / -0.04539310 0.08086240 0.99569120 / 199 16 10 255 / 0.52903750 0.00000000
				-35.16799000 -0.77032100 -10.59796000 / -0.04539310 0.08086240 0.99569120 / 199 16 10 255 / 0.52903750 0.00000000
				-35.16799000 -0.77032100 -10.59796000 / -0.04539310 0.08086240 0.99569120 / 199 16 10 255 / 0.52903750 0.00000000
				-36.52910000 1.31087900 -10.00470000 / 0.30976010 -0.54163910 -0.78145750 / 91 5 162 255 / 0.31604000 0.00160220
				-36.52910000 1.31087900 -10.00470000 / 0.30976010 -0.54163910 -0.78145750 / 91 5 162 255 / 0.31604000 0.00160220
				-36.39653000 1.38411000 -10.00322000 / 0.30708680 -0.54000060 -0.78364340 / 88 3 162 255 / 0.31604000 0.02264400
				-36.60033000 1.43598000 -9.87088800 / 0.49019140 -0.87157980 0.00782020 / 138 13 196 255 / 0.36639400 0.00160220
				-36.60033000 1.43598000 -9.87088800 / 0.49019140 -0.87157980 0.00782020 / 138 13 196 255 / 0.36639400 0.00160220
				-36.60033000 1.43598000 -9.87088800 / 0.49019140 -0.87157980 0.00782020 / 138 13 196 255 / 0.36639400 0.00160220
				-36.59665000 1.42901100 -9.90556300 / 0.47798110 -0.84997340 0.22153830 / 137 13 187 255 / 0.35719300 0.00160220
				-36.46420000 1.50362200 -9.90508200 / 0.47760260 -0.85117070 0.21772500 / 138 11 187 255 / 0.35719300 0.02264400
				-36.46420000 1.50362200 -9.90508200 / 0.47760260 -0.85117070 0.21772500 / 138 11 187 255 / 0.35719300 0.02264400
				-36.46820000 1.51022000 -9.87040700 / 0.49018450 -0.87160350 0.00514980 / 139 14 196 255 / 0.36639400 0.02264400
				-36.46820000 1.51022000 -9.87040700 / 0.49018450 -0.87160350 0.00514980 / 139 14 196 255 / 0.36639400 0.02264400
				-36.46820000 1.51022000 -9.87040700 / 0.49018450 -0.87160350 0.00514980 / 139 14 196 255 / 0.36639400 0.02264400
				-37.02881000 2.18686200 -9.70002800 / -0.20980510 0.38461090 -0.89891960 / 108 26 240 255 / 0.52047730 0.00160220
				-37.02881000 2.18686200 -9.70002800 / -0.20980510 0.38461090 -0.89891960 / 108 26 240 255 / 0.52047730 0.00160220
				-36.56430000 1.37277300 -9.52764100 / 0.48141240 -0.85180570 -0.20656480 / 139 17 255 255 / 0.43778990 0.00160220
				-36.56430000 1.37277300 -9.52764100 / 0.48141240 -0.85180570 -0.20656480 / 139 17 255 255 / 0.43778990 0.00160220
				-36.43255000 1.44732900 -9.52762600 / 0.48180260 -0.85163040 -0.20637780 / 139 17 255 255 / 0.43778990 0.02264400
				-35.44987000 -0.58178310 -9.50515800 / -0.07324340 0.13442260 -0.98821350 / 106 14 255 255 / 0.66151430 0.00160220
				-35.44987000 -0.58178310 -9.50515800 / -0.07324340 0.13442260 -0.98821350 / 106 14 255 255 / 0.66151430 0.00160220
				-35.44987000 -0.58178310 -9.50515800 / -0.07324340 0.13442260 -0.98821350 / 106 14 255 255 / 0.66151430 0.00160220
				-35.25924000 -0.91638210 -10.60136000 / 0.08087530 -0.14353460 0.98633520 / 199 11 9 255 / 0.51533510 0.02156070
				-35.25924000 -0.91638210 -10.60136000 / 0.08087530 -0.14353460 0.98633520 / 199 11 9 255 / 0.51533510 0.02156070
				-35.25924000 -0.91638210 -10.60136000 / 0.08087530 -0.14353460 0.98633520 / 199 11 9 255 / 0.51533510 0.02156070
				-35.49278000 -0.50632550 -9.50076300 / -0.02517780 0.04385850 -0.99872040 / 106 14 255 255 / 0.67385870 0.00160220
				-35.36066000 -0.43208000 -9.50083200 / -0.02136300 0.04152480 -0.99890910 / 106 14 255 255 / 0.67385870 0.02264400
				-35.36066000 -0.43208000 -9.50083200 / -0.02136300 0.04152480 -0.99890910 / 106 14 255 255 / 0.67385870 0.02264400
				-35.31738000 -0.50785330 -9.50473000 / -0.06981050 0.13339820 -0.98860070 / 105 12 255 255 / 0.66151430 0.02264400
				-35.31738000 -0.50785330 -9.50473000 / -0.06981050 0.13339820 -0.98860070 / 105 12 255 255 / 0.66151430 0.02264400
				-35.31738000 -0.50785330 -9.50473000 / -0.06981050 0.13339820 -0.98860070 / 105 12 255 255 / 0.66151430 0.02264400
				-35.40251000 -0.66485270 -9.53056300 / -0.12092510 0.22457690 -0.96692410 / 104 11 255 255 / 0.64299010 0.00160220
				-35.40251000 -0.66485270 -9.53056300 / -0.12092510 0.22457690 -0.96692410 / 104 11 255 255 / 0.64299010 0.00160220
				-35.27000000 -0.59092760 -9.52960200 / -0.11748820 0.22282940 -0.96775190 / 104 8 255 255 / 0.64299010 0.02264400
				-37.44583000 3.22449800 -10.97932000 / 0.47072780 -0.83059240 -0.29754270 / 108 13 0 255 / 0.12321470 0.02276610
				-37.44583000 3.22449800 -10.97932000 / 0.47072780 -0.83059240 -0.29754270 / 108 13 0 255 / 0.12321470 0.02276610
				-37.44583000 3.22449800 -10.97932000 / 0.47072780 -0.83059240 -0.29754270 / 108 13 0 255 / 0.12321470 0.02276610
				-37.42200000 3.18314900 -10.88313000 / 0.44136630 -0.77954380 -0.44441810 / 103 13 0 255 / 0.12573240 0.02276610
				-37.04833000 2.22199100 -9.68049600 / -0.20903960 0.38393860 -0.89938520 / 108 32 245 255 / 0.53050230 0.00160220
				-37.55410000 3.10890600 -10.88411000 / 0.44213230 -0.77959670 -0.44356290 / 105 13 0 255 / 0.12573240 0.00160220
				-37.55410000 3.10890600 -10.88411000 / 0.44213230 -0.77959670 -0.44356290 / 105 13 0 255 / 0.12573240 0.00160220
				-37.57760000 3.14993800 -10.97980000 / 0.47072400 -0.83080020 -0.29696810 / 113 16 0 255 / 0.12321470 0.00160220
				-37.57760000 3.14993800 -10.97980000 / 0.47072400 -0.83080020 -0.29696810 / 113 16 0 255 / 0.12321470 0.00160220
				-37.57760000 3.14993800 -10.97980000 / 0.47072400 -0.83080020 -0.29696810 / 113 16 0 255 / 0.12321470 0.00160220
				-35.12713000 -0.84213410 -10.60139000 / 0.08125350 -0.14424410 0.98620050 / 198 9 9 255 / 0.51533510 0.00000000
				-35.12713000 -0.84213410 -10.60139000 / 0.08125350 -0.14424410 0.98620050 / 198 9 9 255 / 0.51533510 0.00000000
				-35.12713000 -0.84213410 -10.60139000 / 0.08125350 -0.14424410 0.98620050 / 198 9 9 255 / 0.51533510 0.00000000
				-37.45401000 3.23975400 -11.09895000 / 0.49020140 -0.87001210 0.05273960 / 118 17 0 255 / 0.13090510 0.02276610
				-37.45401000 3.23975400 -11.09895000 / 0.49020140 -0.87001210 0.05273960 / 118 17 0 255 / 0.13090510 0.02276610
				-37.45401000 3.23975400 -11.09895000 / 0.49020140 -0.87001210 0.05273960 / 118 17 0 255 / 0.13090510 0.02276610
				-37.45401000 3.23975400 -11.09895000 / 0.49020140 -0.87001210 0.05273960 / 118 17 0 255 / 0.13090510 0.02276610
				-37.58648000 3.16515100 -11.09944000 / 0.48980710 -0.87025160 0.05245210 / 119 17 0 255 / 0.13090510 0.00160220
				-37.58648000 3.16515100 -11.09944000 / 0.48980710 -0.87025160 0.05245210 / 119 17 0 255 / 0.13090510 0.00160220
				-37.57519000 3.14598100 -11.18635000 / 0.47455230 -0.84458110 0.24795740 / 121 18 0 255 / 0.14561460 0.00160220
				-37.57519000 3.14598100 -11.18635000 / 0.47455230 -0.84458110 0.24795740 / 121 18 0 255 / 0.14561460 0.00160220
				-37.44306000 3.22022300 -11.18636000 / 0.47454900 -0.84452740 0.24814640 / 122 21 0 255 / 0.14561460 0.02276610
				-37.45093000 2.92788600 -10.94512000 / -0.48064410 0.86294220 -0.15592320 / 115 61 0 255 / 0.18615720 0.00160220
				-37.45093000 2.92788600 -10.94512000 / -0.48064410 0.86294220 -0.15592320 / 115 61 0 255 / 0.18615720 0.00160220
				-37.45093000 2.92788600 -10.94512000 / -0.48064410 0.86294220 -0.15592320 / 115 61 0 255 / 0.18615720 0.00160220
				-37.46227000 2.94774200 -10.87579000 / -0.46082890 0.83038850 -0.31319580 / 113 56 0 255 / 0.17311100 0.00160220
				-37.32978000 3.02166500 -10.87482000 / -0.46194960 0.83027430 -0.31184460 / 114 58 0 255 / 0.17311100 0.02276610
				-37.32978000 3.02166500 -10.87482000 / -0.46194960 0.83027430 -0.31184460 / 114 58 0 255 / 0.17311100 0.02276610
				-37.31842000 3.00180900 -10.94466000 / -0.48066550 0.86298060 -0.15564410 / 118 64 0 255 / 0.18615720 0.02276610
				-37.31842000 3.00180900 -10.94466000 / -0.48066550 0.86298060 -0.15564410 / 118 64 0 255 / 0.18615720 0.02276610
				-37.31842000 3.00180900 -10.94466000 / -0.48066550 0.86298060 -0.15564410 / 118 64 0 255 / 0.18615720 0.02276610
				-36.91619000 2.29622100 -9.67950500 / -0.21208850 0.38674680 -0.89746610 / 108 26 245 255 / 0.53050230 0.02264400
				-36.91619000 2.29622100 -9.67950500 / -0.21208850 0.38674680 -0.89746610 / 108 26 245 255 / 0.53050230 0.02264400
				-37.45130000 2.92819600 -11.04668000 / -0.47951660 0.85994460 0.17481190 / 122 68 0 255 / 0.19636540 0.00160220
				-37.45130000 2.92819600 -11.04668000 / -0.47951660 0.85994460 0.17481190 / 122 68 0 255 / 0.19636540 0.00160220
				-37.45130000 2.92819600 -11.04668000 / -0.47951660 0.85994460 0.17481190 / 122 68 0 255 / 0.19636540 0.00160220
				-37.45130000 2.92819600 -11.04668000 / -0.47951660 0.85994460 0.17481190 / 122 68 0 255 / 0.19636540 0.00160220
				-35.22038000 -0.98454820 -10.62482000 / 0.23269940 -0.41413820 0.87996630 / 194 9 3 255 / 0.51120000 0.02156070
				-35.22038000 -0.98454820 -10.62482000 / 0.23269940 -0.41413820 0.87996630 / 194 9 3 255 / 0.51120000 0.02156070
				-35.22038000 -0.98454820 -10.62482000 / 0.23269940 -0.41413820 0.87996630 / 194 9 3 255 / 0.51120000 0.02156070
				-37.31881000 3.00211300 -11.04621000 / -0.48027660 0.85986780 0.17309420 / 122 65 0 255 / 0.19636540 0.02276610
				-37.31881000 3.00211300 -11.04621000 / -0.48027660 0.85986780 0.17309420 / 122 65 0 255 / 0.19636540 0.02276610
				-37.33943000 3.03818500 -11.16193000 / -0.45851670 0.82147740 0.33902390 / 125 70 0 255 / 0.19737240 0.02276610
				-37.33943000 3.03818500 -11.16193000 / -0.45851670 0.82147740 0.33902390 / 125 70 0 255 / 0.19737240 0.02276610
				-37.47162000 2.96463800 -11.16193000 / -0.45700740 0.82172170 0.34046670 / 126 75 0 255 / 0.19737240 0.00160220
				-37.13485000 2.37286500 -11.45246000 / -0.08964360 0.17299320 -0.98083500 / 115 8 0 255 / 0.06341549 0.00161740
				-37.13485000 2.37286500 -11.45246000 / -0.08964360 0.17299320 -0.98083500 / 115 8 0 255 / 0.06341549 0.00161740
				-37.13485000 2.37286500 -11.45246000 / -0.08964360 0.17299320 -0.98083500 / 115 8 0 255 / 0.06341549 0.00161740
				-37.18747000 2.46553700 -11.41389000 / -0.16021330 0.30028070 -0.94029950 / 115 10 0 255 / 0.03987120 0.00161740
				-37.05496000 2.53945500 -11.41288000 / -0.16174640 0.30081880 -0.93986500 / 115 10 0 255 / 0.03987120 0.02293400
				-37.05496000 2.53945500 -11.41288000 / -0.16174640 0.30081880 -0.93986500 / 115 10 0 255 / 0.03987120 0.02293400
				-37.00237000 2.44746600 -11.45146000 / -0.08964960 0.17262310 -0.98089980 / 115 7 0 255 / 0.06341549 0.02293400
				-37.00237000 2.44746600 -11.45146000 / -0.08964960 0.17262310 -0.98089980 / 115 7 0 255 / 0.06341549 0.02293400
				-37.00237000 2.44746600 -11.45146000 / -0.08964960 0.17262310 -0.98089980 / 115 7 0 255 / 0.06341549 0.02293400
				-37.05596000 2.23487400 -11.45930000 / 0.02708560 -0.03497770 -0.99902110 / 115 6 0 255 / 0.10406490 0.00161740
				-37.05596000 2.23487400 -11.45930000 / 0.02708560 -0.03497770 -0.99902110 / 115 6 0 255 / 0.10406490 0.00161740
				-37.05596000 2.23487400 -11.45930000 / 0.02708560 -0.03497770 -0.99902110 / 115 6 0 255 / 0.10406490 0.00161740
				-36.92345000 2.30879500 -11.45831000 / 0.02784700 -0.03602470 -0.99896290 / 115 6 0 255 / 0.10406490 0.02293400
				-36.92345000 2.30879500 -11.45831000 / 0.02784700 -0.03602470 -0.99896290 / 115 6 0 255 / 0.10406490 0.02293400
				-36.92345000 2.30879500 -11.45831000 / 0.02784700 -0.03602470 -0.99896290 / 115 6 0 255 / 0.10406490 0.02293400
				-36.89630000 2.26078700 -9.69952400 / -0.21285490 0.38739690 -0.89700420 / 108 20 240 255 / 0.52047730 0.02264400
				-35.08825000 -0.91031420 -10.62482000 / 0.23307320 -0.41520340 0.87936510 / 189 10 3 255 / 0.51120000 0.00000000
				-35.08825000 -0.91031420 -10.62482000 / 0.23307320 -0.41520340 0.87936510 / 189 10 3 255 / 0.51120000 0.00000000
				-35.08825000 -0.91031420 -10.62482000 / 0.23307320 -0.41520340 0.87936510 / 189 10 3 255 / 0.51120000 0.00000000
				-36.99567000 2.12931100 -11.44321000 / 0.06980630 -0.11152790 -0.99130650 / 115 6 0 255 / 0.13728330 0.00161740
				-36.99567000 2.12931100 -11.44321000 / 0.06980630 -0.11152790 -0.99130650 / 115 6 0 255 / 0.13728330 0.00161740
				-36.86354000 2.20354600 -11.44219000 / 0.07019119 -0.11170030 -0.99125990 / 116 6 0 255 / 0.13728330 0.02293400
				-37.05190000 2.22758200 -11.11262000 / 0.48903240 -0.86324520 -0.12511910 / 120 12 0 255 / 0.14274600 0.00161740
				-37.05190000 2.22758200 -11.11262000 / 0.48903240 -0.86324520 -0.12511910 / 120 12 0 255 / 0.14274600 0.00161740
				-37.05190000 2.22758200 -11.11262000 / 0.48903240 -0.86324520 -0.12511910 / 120 12 0 255 / 0.14274600 0.00161740
				-37.05269000 2.22890400 -11.16829000 / 0.49057720 -0.87095570 -0.02775230 / 122 12 0 255 / 0.13650510 0.00161740
				-36.92026000 2.30351600 -11.16827000 / 0.49284890 -0.86985260 -0.02136190 / 121 12 0 255 / 0.13650510 0.02293400
				-36.92026000 2.30351600 -11.16827000 / 0.49284890 -0.86985260 -0.02136190 / 121 12 0 255 / 0.13650510 0.02293400
				-36.91981000 2.30251100 -11.11211000 / 0.48980900 -0.86317390 -0.12254760 / 117 11 0 255 / 0.14274600 0.02293400
				-36.91981000 2.30251100 -11.11211000 / 0.48980900 -0.86317390 -0.12254760 / 117 11 0 255 / 0.14274600 0.02293400
				-36.91981000 2.30251100 -11.11211000 / 0.48980900 -0.86317390 -0.12254760 / 117 11 0 255 / 0.14274600 0.02293400
				-37.01749000 2.16701200 -10.80891000 / 0.48025890 -0.84796310 -0.22429880 / 116 11 0 255 / 0.19322200 0.00161740
				-37.01749000 2.16701200 -10.80891000 / 0.48025890 -0.84796310 -0.22429880 / 116 11 0 255 / 0.19322200 0.00161740
				-36.88503000 2.24163100 -10.80792000 / 0.47950500 -0.84831280 -0.22458920 / 115 10 0 255 / 0.19322200 0.02293400
				-36.24826000 0.81844600 -11.15656000 / 0.47758900 -0.84193780 -0.25109660 / 127 13 0 255 / 0.15573120 0.00158690
				-36.24826000 0.81844600 -11.15656000 / 0.47758900 -0.84193780 -0.25109660 / 127 13 0 255 / 0.15573120 0.00158690
				-36.24826000 0.81844600 -11.15656000 / 0.47758900 -0.84193780 -0.25109660 / 127 13 0 255 / 0.15573120 0.00158690
				-36.28108000 0.87636610 -11.44952000 / 0.48141530 -0.84800800 -0.22163410 / 129 15 0 255 / 0.08033750 0.00158690
				-35.18239000 -1.05072300 -10.68927000 / 0.38032780 -0.67593300 0.63124110 / 182 11 0 255 / 0.51544190 0.02156070
				-35.18239000 -1.05072300 -10.68927000 / 0.38032780 -0.67593300 0.63124110 / 182 11 0 255 / 0.51544190 0.02156070
				-35.18239000 -1.05072300 -10.68927000 / 0.38032780 -0.67593300 0.63124110 / 182 11 0 255 / 0.51544190 0.02156070
				-37.02357000 2.17794200 -9.72834800 / -0.45662270 0.82090510 -0.34294380 / 105 60 233 255 / 0.51240540 0.00160220
				-37.02357000 2.17794200 -9.72834800 / -0.45662270 0.82090510 -0.34294380 / 105 60 233 255 / 0.51240540 0.00160220
				-36.14931000 0.95091940 -11.44855000 / 0.48104380 -0.84819270 -0.22173410 / 128 14 0 255 / 0.08033750 0.02261350
				-36.14931000 0.95091940 -11.44855000 / 0.48104380 -0.84819270 -0.22173410 / 128 14 0 255 / 0.08033750 0.02261350
				-36.11649000 0.89298830 -11.15607000 / 0.47683780 -0.84219090 -0.25167500 / 123 13 0 255 / 0.15573120 0.02261350
				-36.11649000 0.89298830 -11.15607000 / 0.47683780 -0.84219090 -0.25167500 / 123 13 0 255 / 0.15573120 0.02261350
				-36.11649000 0.89298830 -11.15607000 / 0.47683780 -0.84219090 -0.25167500 / 123 13 0 255 / 0.15573120 0.02261350
				-36.22641000 0.78004270 -11.00519000 / 0.45854130 -0.81086380 -0.36364770 / 120 13 0 255 / 0.19630430 0.00158690
				-36.22641000 0.78004270 -11.00519000 / 0.45854130 -0.81086380 -0.36364770 / 120 13 0 255 / 0.19630430 0.00158690
				-36.22641000 0.78004270 -11.00519000 / 0.45854130 -0.81086380 -0.36364770 / 120 13 0 255 / 0.19630430 0.00158690
				-36.09427000 0.85428210 -11.00422000 / 0.45738780 -0.81053180 -0.36583400 / 116 14 0 255 / 0.19630430 0.02261350
				-36.09427000 0.85428210 -11.00422000 / 0.45738780 -0.81053180 -0.36583400 / 116 14 0 255 / 0.19630430 0.02261350
				-36.09427000 0.85428210 -11.00422000 / 0.45738780 -0.81053180 -0.36583400 / 116 14 0 255 / 0.19630430 0.02261350
				-36.20862000 0.74894150 -10.93294000 / 0.40474010 -0.71571590 -0.56915380 / 114 12 0 255 / 0.21768190 0.00158690
				-36.20862000 0.74894150 -10.93294000 / 0.40474010 -0.71571590 -0.56915380 / 114 12 0 255 / 0.21768190 0.00158690
				-36.20862000 0.74894150 -10.93294000 / 0.40474010 -0.71571590 -0.56915380 / 114 12 0 255 / 0.21768190 0.00158690
				-36.07648000 0.82317980 -10.93244000 / 0.40397050 -0.71501880 -0.57057510 / 112 10 0 255 / 0.21768190 0.02261350
				-36.07648000 0.82317980 -10.93244000 / 0.40397050 -0.71501880 -0.57057510 / 112 10 0 255 / 0.21768190 0.02261350
				-36.07648000 0.82317980 -10.93244000 / 0.40397050 -0.71501880 -0.57057510 / 112 10 0 255 / 0.21768190 0.02261350
				-36.18712000 0.71085760 -10.88606000 / 0.36011220 -0.63646690 -0.68207700 / 112 8 0 255 / 0.23457340 0.00158690
				-36.18712000 0.71085760 -10.88606000 / 0.36011220 -0.63646690 -0.68207700 / 112 8 0 255 / 0.23457340 0.00158690
				-36.05499000 0.78510520 -10.88556000 / 0.36010810 -0.63647750 -0.68206920 / 111 7 0 255 / 0.23457340 0.02261350
				-36.14827000 0.64269650 -10.86895000 / 0.04653980 -0.07204500 -0.99631490 / 109 3 0 255 / 0.24987790 0.00158690
				-36.14827000 0.64269650 -10.86895000 / 0.04653980 -0.07204500 -0.99631490 / 109 3 0 255 / 0.24987790 0.00158690
				-36.14827000 0.64269650 -10.86895000 / 0.04653980 -0.07204500 -0.99631490 / 109 3 0 255 / 0.24987790 0.00158690
				-37.53468000 3.07447600 -9.74397300 / -0.46196560 0.83287810 -0.30479810 / 83 49 228 255 / 0.64425660 0.00160220
				-37.53468000 3.07447600 -9.74397300 / -0.46196560 0.83287810 -0.30479810 / 83 49 228 255 / 0.64425660 0.00160220
				-36.18712000 0.71085760 -10.88606000 / 0.10719320 -0.18411910 -0.97704140 / 108 3 0 255 / 0.23457340 0.00158690
				-37.02881000 2.18686200 -9.70002800 / -0.45662560 0.82086270 -0.34304140 / 105 65 240 255 / 0.52047730 0.00160220
				-36.05500000 0.78510220 -10.88556000 / 0.10986710 -0.18590730 -0.97640550 / 109 3 0 255 / 0.23457340 0.02261350
				-36.05500000 0.78510220 -10.88556000 / 0.10986710 -0.18590730 -0.97640550 / 109 3 0 255 / 0.23457340 0.02261350
				-36.01577000 0.71661200 -10.86799000 / 0.04692280 -0.07136771 -0.99634580 / 111 3 0 255 / 0.24987790 0.02261350
				-36.01577000 0.71661200 -10.86799000 / 0.04692280 -0.07136771 -0.99634580 / 111 3 0 255 / 0.24987790 0.02261350
				-36.01577000 0.71661200 -10.86799000 / 0.04692280 -0.07136771 -0.99634580 / 111 3 0 255 / 0.24987790 0.02261350
				-36.10136000 0.56062920 -10.87333000 / -0.04692260 0.09631300 -0.99424450 / 112 3 0 255 / 0.26255800 0.00158690
				-36.10136000 0.56062920 -10.87333000 / -0.04692260 0.09631300 -0.99424450 / 112 3 0 255 / 0.26255800 0.00158690
				-36.10136000 0.56062920 -10.87333000 / -0.04692260 0.09631300 -0.99424450 / 112 3 0 255 / 0.26255800 0.00158690
				-35.96922000 0.63485750 -10.87238000 / -0.04730130 0.09673050 -0.99418600 / 113 3 0 255 / 0.26255800 0.02261350
				-35.96922000 0.63485750 -10.87238000 / -0.04730130 0.09673050 -0.99418600 / 113 3 0 255 / 0.26255800 0.02261350
				-35.96922000 0.63485750 -10.87238000 / -0.04730130 0.09673050 -0.99418600 / 113 3 0 255 / 0.26255800 0.02261350
				-36.06417000 0.49577620 -10.88603000 / -0.07667880 0.14902410 -0.98585600 / 114 3 0 255 / 0.27058410 0.00158690
				-36.06417000 0.49577620 -10.88603000 / -0.07667880 0.14902410 -0.98585600 / 114 3 0 255 / 0.27058410 0.00158690
				-35.93204000 0.57000910 -10.88505000 / -0.07629449 0.14882790 -0.98591550 / 114 3 0 255 / 0.27058410 0.02261350
				-35.83991000 0.10191290 -10.77425000 / 0.14113920 -0.23864550 -0.96079560 / 100 19 0 255 / 0.23625180 0.02192690
				-35.83991000 0.10191290 -10.77425000 / 0.14113920 -0.23864550 -0.96079560 / 100 19 0 255 / 0.23625180 0.02192690
				-35.83991000 0.10191290 -10.77425000 / 0.14113920 -0.23864550 -0.96079560 / 100 19 0 255 / 0.23625180 0.02192690
				-35.86340000 0.14295480 -10.79914000 / 0.23383850 -0.40302750 -0.88480990 / 100 28 0 255 / 0.23114010 0.02192690
				-35.05065000 -0.97616170 -10.68878000 / 0.37881450 -0.67560390 0.63250200 / 173 10 0 255 / 0.51544190 0.00000000
				-35.05065000 -0.97616170 -10.68878000 / 0.37881450 -0.67560390 0.63250200 / 173 10 0 255 / 0.51544190 0.00000000
				-35.05065000 -0.97616170 -10.68878000 / 0.37881450 -0.67560390 0.63250200 / 173 10 0 255 / 0.51544190 0.00000000
				-35.73094000 0.21755910 -10.79814000 / 0.23079490 -0.40072450 -0.88665300 / 100 23 0 255 / 0.23114010 0.00000000
				-35.73094000 0.21755910 -10.79814000 / 0.23079490 -0.40072450 -0.88665300 / 100 23 0 255 / 0.23114010 0.00000000
				-35.70742000 0.17584380 -10.77323000 / 0.13847500 -0.23501620 -0.96207700 / 99 11 0 255 / 0.23625180 0.00000000
				-35.70742000 0.17584380 -10.77323000 / 0.13847500 -0.23501620 -0.96207700 / 99 11 0 255 / 0.23625180 0.00000000
				-35.70742000 0.17584380 -10.77323000 / 0.13847500 -0.23501620 -0.96207700 / 99 11 0 255 / 0.23625180 0.00000000
				-36.89630000 2.26078900 -9.69952400 / -0.45662570 0.82098220 -0.34275540 / 105 60 240 255 / 0.52047730 0.02264400
				-36.89630000 2.26078900 -9.69952400 / -0.45662570 0.82098220 -0.34275540 / 105 60 240 255 / 0.52047730 0.02264400
				-35.80721000 0.04536450 -10.76936000 / 0.04196340 -0.06183500 -0.99720390 / 98 8 0 255 / 0.23501590 0.02192690
				-35.80721000 0.04536450 -10.76936000 / 0.04196340 -0.06183500 -0.99720390 / 98 8 0 255 / 0.23501590 0.02192690
				-35.67541000 0.11923800 -10.76838000 / 0.04195970 -0.06173850 -0.99721000 / 98 4 0 255 / 0.23501590 0.00000000
				-35.72362000 0.20430940 -11.13799000 / -0.15602270 0.29240990 -0.94347950 / 94 10 0 255 / 0.13568120 0.00000000
				-35.72362000 0.20430940 -11.13799000 / -0.15602270 0.29240990 -0.94347950 / 94 10 0 255 / 0.13568120 0.00000000
				-35.72362000 0.20430940 -11.13799000 / -0.15602270 0.29240990 -0.94347950 / 94 10 0 255 / 0.13568120 0.00000000
				-35.69849000 0.15995810 -11.16094000 / -0.19455710 0.36175010 -0.91174800 / 94 11 0 255 / 0.12725830 0.00000000
				-35.83067000 0.08639730 -11.16193000 / -0.19531950 0.36230650 -0.91136400 / 94 11 0 255 / 0.12725830 0.02192690
				-35.83067000 0.08639730 -11.16193000 / -0.19531950 0.36230650 -0.91136400 / 94 11 0 255 / 0.12725830 0.02192690
				-35.85612000 0.13039540 -11.13898000 / -0.15602000 0.29215460 -0.94355890 / 95 8 0 255 / 0.13568120 0.02192690
				-35.85612000 0.13039540 -11.13898000 / -0.15602000 0.29215460 -0.94355890 / 95 8 0 255 / 0.13568120 0.02192690
				-35.85612000 0.13039540 -11.13898000 / -0.15602000 0.29215460 -0.94355890 / 95 8 0 255 / 0.13568120 0.02192690
				-35.74794000 0.24736100 -11.12528000 / -0.09880440 0.19053790 -0.97669490 / 96 6 0 255 / 0.14108280 0.00000000
				-35.74794000 0.24736100 -11.12528000 / -0.09880440 0.19053790 -0.97669490 / 96 6 0 255 / 0.14108280 0.00000000
				-35.74794000 0.24736100 -11.12528000 / -0.09880440 0.19053790 -0.97669490 / 96 6 0 255 / 0.14108280 0.00000000
				-35.16011000 -1.09011900 -10.77277000 / 0.45584240 -0.81140910 0.36581830 / 162 12 0 255 / 0.53018190 0.02156070
				-35.16011000 -1.09011900 -10.77277000 / 0.45584240 -0.81140910 0.36581830 / 162 12 0 255 / 0.53018190 0.02156070
				-35.16011000 -1.09011900 -10.77277000 / 0.45584240 -0.81140910 0.36581830 / 162 12 0 255 / 0.53018190 0.02156070
				-35.88042000 0.17342550 -11.12629000 / -0.09918470 0.19040300 -0.97668280 / 97 5 0 255 / 0.14108280 0.02192690
				-35.88042000 0.17342550 -11.12629000 / -0.09918470 0.19040300 -0.97668280 / 97 5 0 255 / 0.14108280 0.02192690
				-35.88042000 0.17342550 -11.12629000 / -0.09918470 0.19040300 -0.97668280 / 97 5 0 255 / 0.14108280 0.02192690
				-35.79073000 0.32144320 -11.10966000 / -0.10223140 0.19533160 -0.97539440 / 99 5 0 255 / 0.14875790 0.00000000
				-35.79073000 0.32144320 -11.10966000 / -0.10223140 0.19533160 -0.97539440 / 99 5 0 255 / 0.14875790 0.00000000
				-35.79073000 0.32144320 -11.10966000 / -0.10223140 0.19533160 -0.97539440 / 99 5 0 255 / 0.14875790 0.00000000
				-35.92254000 0.24757180 -11.11064000 / -0.10223700 0.19553900 -0.97535230 / 101 8 0 255 / 0.14875790 0.02192690
				-35.92254000 0.24757180 -11.11064000 / -0.10223700 0.19553900 -0.97535230 / 101 8 0 255 / 0.14875790 0.02192690
				-35.92254000 0.24757180 -11.11064000 / -0.10223700 0.19553900 -0.97535230 / 101 8 0 255 / 0.14875790 0.02192690
				-38.37236000 4.54388100 -10.09065000 / 0.00534040 0.00319470 -0.99998060 / 130 3 140 255 / 0.78523250 0.00219730
				-36.89108000 2.25186600 -9.72785200 / -0.45662570 0.82098220 -0.34275540 / 105 56 233 255 / 0.51240540 0.02264400
				-35.83365000 0.39690450 -11.08623000 / -0.20333020 0.37672900 -0.90373220 / 104 13 0 255 / 0.15866090 0.00000000
				-35.83365000 0.39690450 -11.08623000 / -0.20333020 0.37672900 -0.90373220 / 104 13 0 255 / 0.15866090 0.00000000
				-35.83365000 0.39690450 -11.08623000 / -0.20333020 0.37672900 -0.90373220 / 104 13 0 255 / 0.15866090 0.00000000
				-35.96584000 0.32335490 -11.08721000 / -0.20371100 0.37790190 -0.90315680 / 107 20 0 255 / 0.15866090 0.02192690
				-35.96584000 0.32335490 -11.08721000 / -0.20371100 0.37790190 -0.90315680 / 107 20 0 255 / 0.15866090 0.02192690
				-35.96584000 0.32335490 -11.08721000 / -0.20371100 0.37790190 -0.90315680 / 107 20 0 255 / 0.15866090 0.02192690
				-35.86405000 0.45087930 -11.04179000 / -0.33416410 0.60887910 -0.71944450 / 110 28 0 255 / 0.17596440 0.00000000
				-35.86405000 0.45087930 -11.04179000 / -0.33416410 0.60887910 -0.71944450 / 110 28 0 255 / 0.17596440 0.00000000
				-35.86405000 0.45087930 -11.04179000 / -0.33416410 0.60887910 -0.71944450 / 110 28 0 255 / 0.17596440 0.00000000
				-35.99656000 0.37695670 -11.04276000 / -0.33454310 0.60912790 -0.71905780 / 113 37 0 255 / 0.17596440 0.02192690
				-35.99656000 0.37695670 -11.04276000 / -0.33454310 0.60912790 -0.71905780 / 113 37 0 255 / 0.17596440 0.02192690
				-35.99656000 0.37695670 -11.04276000 / -0.33454310 0.60912790 -0.71905780 / 113 37 0 255 / 0.17596440 0.02192690
				-35.88715000 0.49159300 -10.98124000 / -0.43410670 0.78603460 -0.44011480 / 116 42 0 255 / 0.19216920 0.00000000
				-35.88715000 0.49159300 -10.98124000 / -0.43410670 0.78603460 -0.44011480 / 116 42 0 255 / 0.19216920 0.00000000
				-35.88715000 0.49159300 -10.98124000 / -0.43410670 0.78603460 -0.44011480 / 116 42 0 255 / 0.19216920 0.00000000
				-35.02799000 -1.01587200 -10.77228000 / 0.45584860 -0.81136040 0.36591860 / 151 11 0 255 / 0.53018190 0.00000000
				-35.02799000 -1.01587200 -10.77228000 / 0.45584860 -0.81136040 0.36591860 / 151 11 0 255 / 0.53018190 0.00000000
				-35.02799000 -1.01587200 -10.77228000 / 0.45584860 -0.81136040 0.36591860 / 151 11 0 255 / 0.53018190 0.00000000
				-36.02003000 0.41798370 -10.98173000 / -0.43525420 0.78678230 -0.43763840 / 119 49 0 255 / 0.19216920 0.02192690
				-36.02003000 0.41798370 -10.98173000 / -0.43525420 0.78678230 -0.43763840 / 119 49 0 255 / 0.19216920 0.02192690
				-36.02003000 0.41798370 -10.98173000 / -0.43525420 0.78678230 -0.43763840 / 119 49 0 255 / 0.19216920 0.02192690
				-35.89479000 0.50447790 -10.92314000 / -0.48255940 0.86808820 -0.11644370 / 121 48 0 255 / 0.20892330 0.00000000
				-35.89479000 0.50447790 -10.92314000 / -0.48255940 0.86808820 -0.11644370 / 121 48 0 255 / 0.20892330 0.00000000
				-35.89479000 0.50447790 -10.92314000 / -0.48255940 0.86808820 -0.11644370 / 121 48 0 255 / 0.20892330 0.00000000
				-36.02728000 0.43054630 -10.92413000 / -0.48293600 0.86789180 -0.11634710 / 123 50 0 255 / 0.20892330 0.02192690
				-36.02728000 0.43054630 -10.92413000 / -0.48293600 0.86789180 -0.11634710 / 123 50 0 255 / 0.20892330 0.02192690
				-36.02728000 0.43054630 -10.92413000 / -0.48293600 0.86789180 -0.11634710 / 123 50 0 255 / 0.20892330 0.02192690
				-35.89435000 0.50346400 -10.85869000 / -0.48407520 0.86796900 0.11091010 / 125 43 0 255 / 0.22692870 0.00000000
				-35.89435000 0.50346400 -10.85869000 / -0.48407520 0.86796900 0.11091010 / 125 43 0 255 / 0.22692870 0.00000000
				-35.89435000 0.50346400 -10.85869000 / -0.48407520 0.86796900 0.11091010 / 125 43 0 255 / 0.22692870 0.00000000
				-36.02655000 0.42991880 -10.85918000 / -0.48332690 0.86866270 0.10871990 / 127 46 0 255 / 0.22692870 0.02192690
				-36.02655000 0.42991880 -10.85918000 / -0.48332690 0.86866270 0.10871990 / 127 46 0 255 / 0.22692870 0.02192690
				-36.02655000 0.42991880 -10.85918000 / -0.48332690 0.86866270 0.10871990 / 127 46 0 255 / 0.22692870 0.02192690
				-37.02357000 2.17794900 -9.72834800 / -0.47799640 0.85602080 0.19684450 / 137 71 233 255 / 0.51240540 0.00160220
				-37.02357000 2.17794900 -9.72834800 / -0.47799640 0.85602080 0.19684450 / 137 71 233 255 / 0.51240540 0.00160220
				-35.88666000 0.48990790 -10.78397000 / -0.45700330 0.82097220 0.34227560 / 133 42 0 255 / 0.24723820 0.00000000
				-35.88666000 0.48990790 -10.78397000 / -0.45700330 0.82097220 0.34227560 / 133 42 0 255 / 0.24723820 0.00000000
				-35.88666000 0.48990790 -10.78397000 / -0.45700330 0.82097220 0.34227560 / 133 42 0 255 / 0.24723820 0.00000000
				-35.88666000 0.48990790 -10.78397000 / -0.45700330 0.82097220 0.34227560 / 133 42 0 255 / 0.24723820 0.00000000
				-36.01885000 0.41635650 -10.78398000 / -0.45700210 0.82133060 0.34141640 / 131 51 0 255 / 0.24723820 0.02192690
				-36.01885000 0.41635650 -10.78398000 / -0.45700210 0.82133060 0.34141640 / 131 51 0 255 / 0.24723820 0.02192690
				-36.00345000 0.38920730 -10.72588000 / -0.38832160 0.69743760 0.60231810 / 142 42 0 255 / 0.26219180 0.02192690
				-36.00345000 0.38920730 -10.72588000 / -0.38832160 0.69743760 0.60231810 / 142 42 0 255 / 0.26219180 0.02192690
				-36.00345000 0.38920730 -10.72588000 / -0.38832160 0.69743760 0.60231810 / 142 42 0 255 / 0.26219180 0.02192690
				-35.87127000 0.46275930 -10.72587000 / -0.38833990 0.69723810 0.60253730 / 153 35 0 255 / 0.26219180 0.00000000
				-35.87127000 0.46275930 -10.72587000 / -0.38833990 0.69723810 0.60253730 / 153 35 0 255 / 0.26219180 0.00000000
				-35.87127000 0.46275930 -10.72587000 / -0.38833990 0.69723810 0.60253730 / 153 35 0 255 / 0.26219180 0.00000000
				-35.14797000 -1.11130100 -10.86797000 / 0.48447260 -0.86122630 0.15354350 / 138 10 0 255 / 0.54699710 0.02156070
				-35.14797000 -1.11130100 -10.86797000 / 0.48447260 -0.86122630 0.15354350 / 138 10 0 255 / 0.54699710 0.02156070
				-35.14797000 -1.11130100 -10.86797000 / 0.48447260 -0.86122630 0.15354350 / 138 10 0 255 / 0.54699710 0.02156070
				-35.14797000 -1.11130100 -10.86797000 / 0.48447260 -0.86122630 0.15354350 / 138 10 0 255 / 0.54699710 0.02156070
				-35.98154000 0.35012990 -10.68241000 / -0.30707160 0.55070230 0.77616630 / 165 38 0 255 / 0.27262880 0.02192690
				-35.98154000 0.35012990 -10.68241000 / -0.30707160 0.55070230 0.77616630 / 165 38 0 255 / 0.27262880 0.02192690
				-35.98154000 0.35012990 -10.68241000 / -0.30707160 0.55070230 0.77616630 / 165 38 0 255 / 0.27262880 0.02192690
				-35.84904000 0.42405380 -10.68242000 / -0.30708550 0.55037580 0.77639230 / 176 34 0 255 / 0.27262880 0.00000000
				-35.84904000 0.42405380 -10.68242000 / -0.30708550 0.55037580 0.77639230 / 176 34 0 255 / 0.27262880 0.00000000
				-35.84904000 0.42405380 -10.68242000 / -0.30708550 0.55037580 0.77639230 / 176 34 0 255 / 0.27262880 0.00000000
				-35.95328000 0.30118670 -10.64433000 / -0.22965090 0.41195350 0.88179070 / 187 35 0 255 / 0.28106690 0.02192690
				-35.95328000 0.30118670 -10.64433000 / -0.22965090 0.41195350 0.88179070 / 187 35 0 255 / 0.28106690 0.02192690
				-35.95328000 0.30118670 -10.64433000 / -0.22965090 0.41195350 0.88179070 / 187 35 0 255 / 0.28106690 0.02192690
				-35.82076000 0.37509160 -10.64433000 / -0.22925870 0.41103420 0.88232160 / 195 32 0 255 / 0.28106690 0.00000000
				-35.82076000 0.37509160 -10.64433000 / -0.22925870 0.41103420 0.88232160 / 195 32 0 255 / 0.28106690 0.00000000
				-35.82076000 0.37509160 -10.64433000 / -0.22925870 0.41103420 0.88232160 / 195 32 0 255 / 0.28106690 0.00000000
				-35.91922000 0.24091270 -10.61601000 / -0.13808580 0.24723180 0.95906660 / 200 31 5 255 / 0.28631590 0.02192690
				-35.91922000 0.24091270 -10.61601000 / -0.13808580 0.24723180 0.95906660 / 200 31 5 255 / 0.28631590 0.02192690
				-35.91922000 0.24091270 -10.61601000 / -0.13808580 0.24723180 0.95906660 / 200 31 5 255 / 0.28631590 0.02192690
				-35.78673000 0.31483830 -10.61601000 / -0.13770560 0.24666790 0.95926640 / 204 26 5 255 / 0.28631590 0.00000000
				-35.78673000 0.31483830 -10.61601000 / -0.13770560 0.24666790 0.95926640 / 204 26 5 255 / 0.28631590 0.00000000
				-35.78673000 0.31483830 -10.61601000 / -0.13770560 0.24666790 0.95926640 / 204 26 5 255 / 0.28631590 0.00000000
				-36.89108000 2.25186600 -9.72785200 / -0.47835900 0.85582010 0.19683670 / 136 73 233 255 / 0.51240540 0.02264400
				-35.87637000 0.16614360 -10.59991000 / -0.05150060 0.09185920 0.99443930 / 206 22 9 255 / 0.28747560 0.02192690
				-35.87637000 0.16614360 -10.59991000 / -0.05150060 0.09185920 0.99443930 / 206 22 9 255 / 0.28747560 0.02192690
				-35.87637000 0.16614360 -10.59991000 / -0.05150060 0.09185920 0.99443930 / 206 22 9 255 / 0.28747560 0.02192690
				-35.74425000 0.24038050 -10.59990000 / -0.05149800 0.09138800 0.99448280 / 207 18 9 255 / 0.28747560 0.00000000
				-35.74425000 0.24038050 -10.59990000 / -0.05149800 0.09138800 0.99448280 / 207 18 9 255 / 0.28747560 0.00000000
				-35.74425000 0.24038050 -10.59990000 / -0.05149800 0.09138800 0.99448280 / 207 18 9 255 / 0.28747560 0.00000000
				-35.80883000 0.04801030 -10.59650000 / 0.01373240 -0.02463920 0.99960210 / 207 15 11 255 / 0.28506470 0.02192690
				-35.80883000 0.04801030 -10.59650000 / 0.01373240 -0.02463920 0.99960210 / 207 15 11 255 / 0.28506470 0.02192690
				-35.80883000 0.04801030 -10.59650000 / 0.01373240 -0.02463920 0.99960210 / 207 15 11 255 / 0.28506470 0.02192690
				-35.01623000 -1.03673300 -10.86750000 / 0.48637010 -0.86008840 0.15392180 / 137 9 0 255 / 0.54699710 0.00000000
				-35.01623000 -1.03673300 -10.86750000 / 0.48637010 -0.86008840 0.15392180 / 137 9 0 255 / 0.54699710 0.00000000
				-35.67669000 0.12224710 -10.59650000 / 0.01411500 -0.02501190 0.99958750 / 207 12 11 255 / 0.28506470 0.00000000
				-35.67669000 0.12224710 -10.59650000 / 0.01411500 -0.02501190 0.99958750 / 207 12 11 255 / 0.28506470 0.00000000
				-35.67669000 0.12224710 -10.59650000 / 0.01411500 -0.02501190 0.99958750 / 207 12 11 255 / 0.28506470 0.00000000
				-35.74726000 -0.06056430 -10.60675000 / 0.11176590 -0.19873170 0.97366020 / 205 10 8 255 / 0.27554320 0.02192690
				-35.74726000 -0.06056430 -10.60675000 / 0.11176590 -0.19873170 0.97366020 / 205 10 8 255 / 0.27554320 0.02192690
				-35.74726000 -0.06056430 -10.60675000 / 0.11176590 -0.19873170 0.97366020 / 205 10 8 255 / 0.27554320 0.02192690
				-35.61513000 0.01367150 -10.60677000 / 0.11215260 -0.19969110 0.97341940 / 202 9 8 255 / 0.27554320 0.00000000
				-35.61513000 0.01367150 -10.60677000 / 0.11215260 -0.19969110 0.97341940 / 202 9 8 255 / 0.27554320 0.00000000
				-35.61513000 0.01367150 -10.60677000 / 0.11215260 -0.19969110 0.97341940 / 202 9 8 255 / 0.27554320 0.00000000
				-35.70158000 -0.14030390 -10.64337000 / 0.23612640 -0.41989240 0.87631890 / 197 10 0 255 / 0.25567630 0.02192690
				-35.70158000 -0.14030390 -10.64337000 / 0.23612640 -0.41989240 0.87631890 / 197 10 0 255 / 0.25567630 0.02192690
				-35.70158000 -0.14030390 -10.64337000 / 0.23612640 -0.41989240 0.87631890 / 197 10 0 255 / 0.25567630 0.02192690
				-35.56943000 -0.06606540 -10.64337000 / 0.23613570 -0.42061010 0.87597200 / 190 10 0 255 / 0.25567630 0.00000000
				-35.56943000 -0.06606540 -10.64337000 / 0.23613570 -0.42061010 0.87597200 / 190 10 0 255 / 0.25567630 0.00000000
				-35.56943000 -0.06606540 -10.64337000 / 0.23613570 -0.42061010 0.87597200 / 190 10 0 255 / 0.25567630 0.00000000
				-35.66230000 -0.20948130 -10.70099000 / 0.36276570 -0.64558040 0.67203210 / 181 11 0 255 / 0.24098210 0.02192690
				-35.66230000 -0.20948130 -10.70099000 / 0.36276570 -0.64558040 0.67203210 / 181 11 0 255 / 0.24098210 0.02192690
				-35.66230000 -0.20948130 -10.70099000 / 0.36276570 -0.64558040 0.67203210 / 181 11 0 255 / 0.24098210 0.02192690
				-35.53014000 -0.13524920 -10.70100000 / 0.36353560 -0.64671930 0.67051910 / 172 12 0 255 / 0.24098210 0.00000000
				-35.53014000 -0.13524920 -10.70100000 / 0.36353560 -0.64671930 0.67051910 / 172 12 0 255 / 0.24098210 0.00000000
				-35.53014000 -0.13524920 -10.70100000 / 0.36353560 -0.64671930 0.67051910 / 172 12 0 255 / 0.24098210 0.00000000
				-36.92666000 2.31406600 -10.08477000 / -0.47797770 0.85601120 0.19693220 / 137 71 141 255 / 0.43756100 0.02264400
				-36.92666000 2.31406600 -10.08477000 / -0.47797770 0.85601120 0.19693220 / 137 71 141 255 / 0.43756100 0.02264400
				-35.64093000 -0.24618070 -10.77374000 / 0.46044610 -0.81956020 0.34104300 / 161 14 0 255 / 0.22627260 0.02192690
				-35.64093000 -0.24618070 -10.77374000 / 0.46044610 -0.81956020 0.34104300 / 161 14 0 255 / 0.22627260 0.02192690
				-35.64093000 -0.24618070 -10.77374000 / 0.46044610 -0.81956020 0.34104300 / 161 14 0 255 / 0.22627260 0.02192690
				-35.64093000 -0.24618070 -10.77374000 / 0.46044610 -0.81956020 0.34104300 / 161 14 0 255 / 0.22627260 0.02192690
				-35.50915000 -0.17163150 -10.77327000 / 0.46157770 -0.81809050 0.34303620 / 159 13 0 255 / 0.22627260 0.00000000
				-35.50915000 -0.17163150 -10.77327000 / 0.46157770 -0.81809050 0.34303620 / 159 13 0 255 / 0.22627260 0.00000000
				-35.01302000 -1.04202100 -10.96662000 / 0.49057250 -0.87132890 -0.01115800 / 126 8 0 255 / 0.56909180 0.00000000
				-35.01302000 -1.04202100 -10.96662000 / 0.49057250 -0.87132890 -0.01115800 / 126 8 0 255 / 0.56909180 0.00000000
				-35.01302000 -1.04202100 -10.96662000 / 0.49057250 -0.87132890 -0.01115800 / 126 8 0 255 / 0.56909180 0.00000000
				-35.50264000 -0.18356150 -10.85091000 / 0.48371120 -0.85845590 0.17051960 / 156 15 0 255 / 0.19865420 0.00000000
				-35.50264000 -0.18356150 -10.85091000 / 0.48371120 -0.85845590 0.17051960 / 156 15 0 255 / 0.19865420 0.00000000
				-35.63476000 -0.25780440 -10.85187000 / 0.48217760 -0.86019600 0.16603460 / 155 15 0 255 / 0.19865420 0.02192690
				-35.28499000 -0.56478930 -10.89729000 / 0.41427420 -0.73034430 -0.54311500 / 108 11 0 255 / 0.62956240 0.00000000
				-35.28499000 -0.56478930 -10.89729000 / 0.41427420 -0.73034430 -0.54311500 / 108 11 0 255 / 0.62956240 0.00000000
				-35.28499000 -0.56478930 -10.89729000 / 0.41427420 -0.73034430 -0.54311500 / 108 11 0 255 / 0.62956240 0.00000000
				-35.25254000 -0.62239350 -10.83087000 / 0.35095480 -0.61567290 -0.70553360 / 105 11 0 255 / 0.60493470 0.00000000
				-35.38466000 -0.69663910 -10.83182000 / 0.35095610 -0.61566930 -0.70553620 / 107 10 0 255 / 0.60493470 0.02156070
				-35.38466000 -0.69663910 -10.83182000 / 0.35095610 -0.61566930 -0.70553620 / 107 10 0 255 / 0.60493470 0.02156070
				-35.41712000 -0.63902210 -10.89824000 / 0.41467060 -0.73144940 -0.54132250 / 111 12 0 255 / 0.62956240 0.02156070
				-35.41712000 -0.63902210 -10.89824000 / 0.41467060 -0.73144940 -0.54132250 / 111 12 0 255 / 0.62956240 0.02156070
				-35.41712000 -0.63902210 -10.89824000 / 0.41467060 -0.73144940 -0.54132250 / 111 12 0 255 / 0.62956240 0.02156070
				-35.30395000 -0.53204390 -10.99692000 / 0.47720970 -0.84596490 -0.23793730 / 115 13 0 255 / 0.65785220 0.00000000
				-35.30395000 -0.53204390 -10.99692000 / 0.47720970 -0.84596490 -0.23793730 / 115 13 0 255 / 0.65785220 0.00000000
				-35.30395000 -0.53204390 -10.99692000 / 0.47720970 -0.84596490 -0.23793730 / 115 13 0 255 / 0.65785220 0.00000000
				-35.43608000 -0.60628950 -10.99784000 / 0.47798630 -0.84619180 -0.23555990 / 120 12 0 255 / 0.65785220 0.02156070
				-35.43608000 -0.60628950 -10.99784000 / 0.47798630 -0.84619180 -0.23555990 / 120 12 0 255 / 0.65785220 0.02156070
				-35.43608000 -0.60628950 -10.99784000 / 0.47798630 -0.84619180 -0.23555990 / 120 12 0 255 / 0.65785220 0.02156070
				-37.05885000 2.24052200 -10.08578000 / -0.47796870 0.85599510 0.19702380 / 138 69 141 255 / 0.43756100 0.00160220
				-35.30923000 -0.52244000 -11.09068000 / 0.49132840 -0.87018390 0.03709760 / 126 11 0 255 / 0.68087770 0.00000000
				-35.30923000 -0.52244000 -11.09068000 / 0.49132840 -0.87018390 0.03709760 / 126 11 0 255 / 0.68087770 0.00000000
				-35.30923000 -0.52244000 -11.09068000 / 0.49132840 -0.87018390 0.03709760 / 126 11 0 255 / 0.68087770 0.00000000
				-35.14517000 -1.11625800 -10.96709000 / 0.49057040 -0.87132510 -0.01153950 / 121 9 0 255 / 0.56909180 0.02156070
				-35.14517000 -1.11625800 -10.96709000 / 0.49057040 -0.87132510 -0.01153950 / 121 9 0 255 / 0.56909180 0.02156070
				-35.14517000 -1.11625800 -10.96709000 / 0.49057040 -0.87132510 -0.01153950 / 121 9 0 255 / 0.56909180 0.02156070
				-35.44099000 -0.59698810 -11.09110000 / 0.49208800 -0.86967130 0.03900460 / 132 13 0 255 / 0.68087770 0.02156070
				-35.44099000 -0.59698810 -11.09110000 / 0.49208800 -0.86967130 0.03900460 / 132 13 0 255 / 0.68087770 0.02156070
				-35.44099000 -0.59698810 -11.09110000 / 0.49208800 -0.86967130 0.03900460 / 132 13 0 255 / 0.68087770 0.02156070
				-35.30271000 -0.53437560 -11.16147000 / 0.45625050 -0.80882770 0.37098960 / 138 13 0 255 / 0.69541930 0.00000000
				-35.30271000 -0.53437560 -11.16147000 / 0.45625050 -0.80882770 0.37098960 / 138 13 0 255 / 0.69541930 0.00000000
				-35.30271000 -0.53437560 -11.16147000 / 0.45625050 -0.80882770 0.37098960 / 138 13 0 255 / 0.69541930 0.00000000
				-35.30271000 -0.53437560 -11.16147000 / 0.45625050 -0.80882770 0.37098960 / 138 13 0 255 / 0.69541930 0.00000000
				-35.43448000 -0.60892710 -11.16190000 / 0.45623930 -0.80857550 0.37155270 / 139 14 0 255 / 0.69541930 0.02156070
				-35.43448000 -0.60892710 -11.16190000 / 0.45623930 -0.80857550 0.37155270 / 139 14 0 255 / 0.69541930 0.02156070
				-35.41785000 -0.63840260 -11.21465000 / 0.41314070 -0.73337360 0.53988680 / 141 12 0 255 / 0.70288090 0.02156070
				-35.41785000 -0.63840260 -11.21465000 / 0.41314070 -0.73337360 0.53988680 / 141 12 0 255 / 0.70288090 0.02156070
				-35.28542000 -0.56378630 -11.21467000 / 0.41314580 -0.73343620 0.53979800 / 141 11 0 255 / 0.70288090 0.00000000
				-35.44163000 -0.60605900 -11.96610000 / -0.40624980 0.66252210 -0.62930570 / 137 37 0 255 / 0.13262940 0.12402340
				-35.44163000 -0.60605900 -11.96610000 / -0.40624980 0.66252210 -0.62930570 / 137 37 0 255 / 0.13262940 0.12402340
				-35.44163000 -0.60605900 -11.96610000 / -0.40624980 0.66252210 -0.62930570 / 137 37 0 255 / 0.13262940 0.12402340
				-35.41009000 -0.66548260 -11.67022000 / -0.50927040 0.83165340 0.22135140 / 146 38 0 255 / 0.01509090 0.12402340
				-35.27685000 -0.58386470 -11.67024000 / -0.50926780 0.83165510 0.22135030 / 141 39 0 255 / 0.01266480 0.18656920
				-35.27685000 -0.58386470 -11.67024000 / -0.50926780 0.83165510 0.22135030 / 141 39 0 255 / 0.01266480 0.18656920
				-35.30838000 -0.52444920 -11.96616000 / -0.41046800 0.66999670 -0.61856310 / 134 27 0 255 / 0.13035580 0.18656920
				-35.30838000 -0.52444920 -11.96616000 / -0.41046800 0.66999670 -0.61856310 / 134 27 0 255 / 0.13035580 0.18656920
				-35.30838000 -0.52444920 -11.96616000 / -0.41046800 0.66999670 -0.61856310 / 134 27 0 255 / 0.13035580 0.18656920
				-36.95806000 2.06345200 -10.08576000 / 0.00572180 0.00324230 -0.99997840 / 130 8 141 255 / 0.41084290 0.00160220
				-36.95806000 2.06345200 -10.08576000 / 0.00572180 0.00324230 -0.99997840 / 130 8 141 255 / 0.41084290 0.00160220
				-35.01746000 -1.03441100 -11.07258000 / 0.48485540 -0.85786700 -0.17023350 / 116 8 0 255 / 0.59474190 0.00000000
				-35.01746000 -1.03441100 -11.07258000 / 0.48485540 -0.85786700 -0.17023350 / 116 8 0 255 / 0.59474190 0.00000000
				-35.01746000 -1.03441100 -11.07258000 / 0.48485540 -0.85786700 -0.17023350 / 116 8 0 255 / 0.59474190 0.00000000
				-33.99127000 -3.15038100 -11.96612000 / 0.33303330 -0.53917630 -0.77354890 / 137 15 0 255 / 0.90931700 0.12402340
				-33.99127000 -3.15038100 -11.96612000 / 0.33303330 -0.53917630 -0.77354890 / 137 15 0 255 / 0.90931700 0.12402340
				-33.99127000 -3.15038100 -11.96612000 / 0.33303330 -0.53917630 -0.77354890 / 137 15 0 255 / 0.90931700 0.12402340
				-33.99127000 -3.15038100 -11.96612000 / 0.33303330 -0.53917630 -0.77354890 / 137 15 0 255 / 0.90931700 0.12402340
				-33.85806000 -3.06808200 -11.96613000 / 0.32273020 -0.52252920 -0.78918210 / 135 11 0 255 / 0.91174310 0.18656920
				-33.85806000 -3.06808200 -11.96613000 / 0.32273020 -0.52252920 -0.78918210 / 135 11 0 255 / 0.91174310 0.18656920
				-33.82653000 -3.12750600 -11.67023000 / 0.40779240 -0.66073150 0.63019000 / 144 21 0 255 / 0.98123170 0.18640140
				-33.82653000 -3.12750600 -11.67023000 / 0.40779240 -0.66073150 0.63019000 / 144 21 0 255 / 0.98123170 0.18640140
				-33.82653000 -3.12750600 -11.67023000 / 0.40779240 -0.66073150 0.63019000 / 144 21 0 255 / 0.98123170 0.18640140
				-33.82653000 -3.12750600 -11.67023000 / 0.40779240 -0.66073150 0.63019000 / 144 21 0 255 / 0.98123170 0.18640140
				-33.95941000 -3.20943000 -11.67023000 / 0.41276500 -0.66971780 0.61733540 / 147 22 0 255 / 0.98350520 0.12384030
				-33.95941000 -3.20943000 -11.67023000 / 0.41276500 -0.66971780 0.61733540 / 147 22 0 255 / 0.98350520 0.12384030
				-35.41009000 -0.66548260 -11.67022000 / 0.00000000 0.00007150 1.00000000 / 146 38 0 255 / 0.15055850 0.12384030
				-35.41009000 -0.66548260 -11.67022000 / 0.00000000 0.00007150 1.00000000 / 146 38 0 255 / 0.15055850 0.12384030
				-35.27685000 -0.58386470 -11.67024000 / 0.00000000 0.00007750 1.00000000 / 141 39 0 255 / 0.15298460 0.18640140
				-38.56404000 4.87041300 -11.95929000 / -0.41695820 0.67965510 -0.60350210 / 152 47 0 255 / 0.11877440 0.12402340
				-38.56404000 4.87041300 -11.95929000 / -0.41695820 0.67965510 -0.60350210 / 152 47 0 255 / 0.11877440 0.12402340
				-38.56404000 4.87041300 -11.95929000 / -0.41695820 0.67965510 -0.60350210 / 152 47 0 255 / 0.11877440 0.12402340
				-38.52284000 4.79446500 -11.67023000 / -0.50277900 0.81572840 0.28600800 / 157 47 0 255 / 0.02864080 0.12402340
				-38.38994000 4.87639300 -11.67023000 / -0.50237270 0.81611720 0.28561240 / 156 51 0 255 / 0.02737430 0.18656920
				-38.38994000 4.87639300 -11.67023000 / -0.50237270 0.81611720 0.28561240 / 156 51 0 255 / 0.02737430 0.18656920
				-38.43078000 4.95202400 -11.95928000 / -0.42075270 0.68687020 -0.59260140 / 144 36 0 255 / 0.11756900 0.18656920
				-38.43078000 4.95202400 -11.95928000 / -0.42075270 0.68687020 -0.59260140 / 144 36 0 255 / 0.11756900 0.18656920
				-38.43078000 4.95202400 -11.95928000 / -0.42075270 0.68687020 -0.59260140 / 144 36 0 255 / 0.11756900 0.18656920
				-35.14920000 -1.10896700 -11.07306000 / 0.48598460 -0.85739900 -0.16936980 / 113 9 0 255 / 0.59474190 0.02156070
				-35.14920000 -1.10896700 -11.07306000 / 0.48598460 -0.85739900 -0.16936980 / 113 9 0 255 / 0.59474190 0.02156070
				-35.14920000 -1.10896700 -11.07306000 / 0.48598460 -0.85739900 -0.16936980 / 113 9 0 255 / 0.59474190 0.02156070
				-37.05885000 2.24052200 -10.08578000 / 0.00572180 0.00321850 -0.99997850 / 130 8 141 255 / 0.43756100 0.00160220
				-35.78109000 -0.01136940 -11.95882000 / 0.34180480 -0.55356840 -0.75942840 / 142 20 0 255 / 0.92425540 0.12402340
				-35.78109000 -0.01136940 -11.95882000 / 0.34180480 -0.55356840 -0.75942840 / 142 20 0 255 / 0.92425540 0.12402340
				-35.78109000 -0.01136940 -11.95882000 / 0.34180480 -0.55356840 -0.75942840 / 142 20 0 255 / 0.92425540 0.12402340
				-35.78109000 -0.01136940 -11.95882000 / 0.34180480 -0.55356840 -0.75942840 / 142 20 0 255 / 0.92425540 0.12402340
				-35.64788000 0.07092879 -11.95880000 / 0.33186570 -0.53681720 -0.77568840 / 138 16 0 255 / 0.92550660 0.18656920
				-35.64788000 0.07092879 -11.95880000 / 0.33186570 -0.53681720 -0.77568840 / 138 16 0 255 / 0.92550660 0.18656920
				-35.62402000 0.02507380 -11.67464000 / 0.40053760 -0.64904110 0.64677290 / 149 27 0 255 / 0.99552920 0.18640140
				-35.62402000 0.02507380 -11.67464000 / 0.40053760 -0.64904110 0.64677290 / 149 27 0 255 / 0.99552920 0.18640140
				-35.62402000 0.02507380 -11.67464000 / 0.40053760 -0.64904110 0.64677290 / 149 27 0 255 / 0.99552920 0.18640140
				-35.62402000 0.02507380 -11.67464000 / 0.40053760 -0.64904110 0.64677290 / 149 27 0 255 / 0.99552920 0.18640140
				-35.75693000 -0.05684500 -11.67462000 / 0.40587310 -0.65818520 0.63408140 / 150 25 0 255 / 0.99674990 0.12384030
				-35.75693000 -0.05684500 -11.67462000 / 0.40587310 -0.65818520 0.63408140 / 150 25 0 255 / 0.99674990 0.12384030
				-38.52284000 4.79446500 -11.67023000 / 0.00038150 -0.00071520 0.99999970 / 157 47 0 255 / 0.13618470 0.12384030
				-38.52284000 4.79446500 -11.67023000 / 0.00038150 -0.00071520 0.99999970 / 157 47 0 255 / 0.13618470 0.12384030
				-38.38994000 4.87639300 -11.67023000 / 0.00038150 -0.00071520 0.99999970 / 156 51 0 255 / 0.13745120 0.18640140
				-36.21668000 0.76283100 -9.69855500 / 0.30249730 -0.53356630 -0.78981160 / 109 12 241 255 / 0.58248900 0.00160220
				-36.21668000 0.76283100 -9.69855500 / 0.30249730 -0.53356630 -0.78981160 / 109 12 241 255 / 0.58248900 0.00160220
				-36.21668000 0.76283100 -9.69855500 / 0.30249730 -0.53356630 -0.78981160 / 109 12 241 255 / 0.58248900 0.00160220
				-36.22599000 0.77904370 -9.72003200 / 0.36927690 -0.65772090 -0.65653470 / 110 12 235 255 / 0.57968140 0.00160220
				-36.09383000 0.85327880 -9.72003900 / 0.37384360 -0.66205850 -0.64955330 / 109 13 235 255 / 0.57968140 0.02264400
				-36.09383000 0.85327880 -9.72003900 / 0.37384360 -0.66205850 -0.64955330 / 109 13 235 255 / 0.57968140 0.02264400
				-35.03402000 -1.00563800 -11.19660000 / 0.45853270 -0.80823780 -0.36945830 / 111 9 0 255 / 0.62803650 0.00000000
				-35.03402000 -1.00563800 -11.19660000 / 0.45853270 -0.80823780 -0.36945830 / 111 9 0 255 / 0.62803650 0.00000000
				-35.03402000 -1.00563800 -11.19660000 / 0.45853270 -0.80823780 -0.36945830 / 111 9 0 255 / 0.62803650 0.00000000
				-36.08417000 0.83674740 -9.69757800 / 0.30364360 -0.53375440 -0.78924440 / 109 12 241 255 / 0.58248900 0.02264400
				-36.08417000 0.83674740 -9.69757800 / 0.30364360 -0.53375440 -0.78924440 / 109 12 241 255 / 0.58248900 0.02264400
				-36.08417000 0.83674740 -9.69757800 / 0.30364360 -0.53375440 -0.78924440 / 109 12 241 255 / 0.58248900 0.02264400
				-36.92666000 2.31406600 -10.08477000 / 0.00572180 0.00324230 -0.99997840 / 130 8 141 255 / 0.43756100 0.02264400
				-36.92666000 2.31406600 -10.08477000 / 0.00572180 0.00324230 -0.99997840 / 130 8 141 255 / 0.43756100 0.02264400
				-36.20295000 0.73900270 -9.68489100 / 0.16174210 -0.27724330 -0.94708790 / 108 11 245 255 / 0.58206170 0.00160220
				-36.20295000 0.73900270 -9.68489100 / 0.16174210 -0.27724330 -0.94708790 / 108 11 245 255 / 0.58206170 0.00160220
				-36.20295000 0.73900270 -9.68489100 / 0.16174210 -0.27724330 -0.94708790 / 108 11 245 255 / 0.58206170 0.00160220
				-36.07045000 0.81294020 -9.68389900 / 0.16174600 -0.27683850 -0.94720570 / 107 12 245 255 / 0.58206170 0.02264400
				-36.07045000 0.81294020 -9.68389900 / 0.16174600 -0.27683850 -0.94720570 / 107 12 245 255 / 0.58206170 0.02264400
				-36.07045000 0.81294020 -9.68389900 / 0.16174600 -0.27683850 -0.94720570 / 107 12 245 255 / 0.58206170 0.02264400
				-36.18430000 0.70590080 -9.67756700 / 0.09804110 -0.16240440 -0.98184150 / 107 12 246 255 / 0.57887270 0.00160220
				-36.18430000 0.70590080 -9.67756700 / 0.09804110 -0.16240440 -0.98184150 / 107 12 246 255 / 0.57887270 0.00160220
				-36.05216000 0.78014180 -9.67657400 / 0.09918040 -0.16374310 -0.98150470 / 107 13 246 255 / 0.57887270 0.02264400
				-36.05118000 0.47259730 -9.73417600 / 0.45471740 -0.80686880 -0.37708740 / 102 10 232 255 / 0.53005980 0.00160220
				-36.05118000 0.47259730 -9.73417600 / 0.45471740 -0.80686880 -0.37708740 / 102 10 232 255 / 0.53005980 0.00160220
				-36.05118000 0.47259730 -9.73417600 / 0.45471740 -0.80686880 -0.37708740 / 102 10 232 255 / 0.53005980 0.00160220
				-36.09207000 0.54440780 -10.08818000 / 0.47835530 -0.84822600 -0.22735230 / 104 11 141 255 / 0.45745850 0.00160220
				-35.95993000 0.61865040 -10.08723000 / 0.47798850 -0.84843080 -0.22735930 / 103 10 141 255 / 0.45745850 0.02264400
				-35.95993000 0.61865040 -10.08723000 / 0.47798850 -0.84843080 -0.22735930 / 103 10 141 255 / 0.45745850 0.02264400
				-35.91903000 0.54683430 -9.73369600 / 0.45280150 -0.80570620 -0.38184860 / 101 8 232 255 / 0.53005980 0.02264400
				-35.91903000 0.54683430 -9.73369600 / 0.45280150 -0.80570620 -0.38184860 / 101 8 232 255 / 0.53005980 0.02264400
				-35.91903000 0.54683430 -9.73369600 / 0.45280150 -0.80570620 -0.38184860 / 101 8 232 255 / 0.53005980 0.02264400
				-37.54242000 3.08873800 -9.69368000 / -0.46118380 0.83251030 -0.30697910 / 84 53 242 255 / 0.65852360 0.00160220
				-36.03990000 0.45343090 -9.69754800 / 0.41923870 -0.74397350 -0.52032910 / 100 8 242 255 / 0.53512570 0.00160220
				-36.03990000 0.45343090 -9.69754800 / 0.41923870 -0.74397350 -0.52032910 / 100 8 242 255 / 0.53512570 0.00160220
				-35.90808000 0.52729120 -9.69755600 / 0.41542700 -0.74154110 -0.52681790 / 99 6 241 255 / 0.53553770 0.02264400
				-36.82593000 2.13769700 -10.08478000 / 0.00572180 0.00324230 -0.99997840 / 130 8 141 255 / 0.41084290 0.02264400
				-35.87440000 0.16318960 -9.71954300 / 0.48751970 -0.86139240 -0.14257470 / 149 13 236 255 / 0.48669430 0.00160220
				-35.87440000 0.16318960 -9.71954300 / 0.48751970 -0.86139240 -0.14257470 / 149 13 236 255 / 0.48669430 0.00160220
				-35.87440000 0.16318960 -9.71954300 / 0.48751970 -0.86139240 -0.14257470 / 149 13 236 255 / 0.48669430 0.00160220
				-35.91646000 0.23664270 -10.08818000 / 0.47874040 -0.84897140 -0.22373010 / 146 12 141 255 / 0.41084290 0.00160220
				-35.78433000 0.31087740 -10.08720000 / 0.47912870 -0.84880170 -0.22354250 / 148 13 141 255 / 0.41084290 0.02264400
				-35.78433000 0.31087740 -10.08720000 / 0.47912870 -0.84880170 -0.22354250 / 148 13 141 255 / 0.41084290 0.02264400
				-35.74263000 0.23773740 -9.71904000 / 0.48675520 -0.86155500 -0.14419550 / 153 13 236 255 / 0.48669430 0.02264400
				-35.74263000 0.23773740 -9.71904000 / 0.48675520 -0.86155500 -0.14419550 / 153 13 236 255 / 0.48669430 0.02264400
				-35.74263000 0.23773740 -9.71904000 / 0.48675520 -0.86155500 -0.14419550 / 153 13 236 255 / 0.48669430 0.02264400
				-35.87233000 0.15885730 -9.64093000 / 0.48713900 -0.86585660 0.11396460 / 158 12 255 255 / 0.50454710 0.00160220
				-35.87233000 0.15885730 -9.64093000 / 0.48713900 -0.86585660 0.11396460 / 158 12 255 255 / 0.50454710 0.00160220
				-35.87233000 0.15885730 -9.64093000 / 0.48713900 -0.86585660 0.11396460 / 158 12 255 255 / 0.50454710 0.00160220
				-35.74018000 0.23309450 -9.64042700 / 0.48676520 -0.86607900 0.11387100 / 162 12 255 255 / 0.50454710 0.02264400
				-35.74018000 0.23309450 -9.64042700 / 0.48676520 -0.86607900 0.11387100 / 162 12 255 255 / 0.50454710 0.02264400
				-35.74018000 0.23309450 -9.64042700 / 0.48676520 -0.86607900 0.11387100 / 162 12 255 255 / 0.50454710 0.02264400
				-35.88198000 0.17538880 -9.57697300 / 0.46881410 -0.83505870 0.28790680 / 164 13 255 255 / 0.52207950 0.00160220
				-35.88198000 0.17538880 -9.57697300 / 0.46881410 -0.83505870 0.28790680 / 164 13 255 255 / 0.52207950 0.00160220
				-35.16577000 -1.08018900 -11.19708000 / 0.45736790 -0.80798730 -0.37144460 / 110 10 0 255 / 0.62803650 0.02156070
				-35.16577000 -1.08018900 -11.19708000 / 0.45736790 -0.80798730 -0.37144460 / 110 10 0 255 / 0.62803650 0.02156070
				-35.16577000 -1.08018900 -11.19708000 / 0.45736790 -0.80798730 -0.37144460 / 110 10 0 255 / 0.62803650 0.02156070
				-35.74953000 0.24999640 -9.57694200 / 0.46958360 -0.83353250 0.29105790 / 165 12 255 255 / 0.52207950 0.02264400
				-34.59458000 -1.77606900 -9.99297300 / -0.46271990 0.83263590 -0.30431550 / 128 46 165 255 / 0.36613470 0.02264400
				-34.59458000 -1.77606900 -9.99297300 / -0.46271990 0.83263590 -0.30431550 / 128 46 165 255 / 0.36613470 0.02264400
				-34.59458000 -1.77606900 -9.99297300 / -0.46271990 0.83263590 -0.30431550 / 128 46 165 255 / 0.36613470 0.02264400
				-34.57885000 -1.80352100 -10.04914000 / -0.42190170 0.76233660 -0.49075640 / 126 41 150 255 / 0.34864810 0.02264400
				-36.81373000 2.11582600 -9.53204400 / 0.33685040 -0.59575880 0.72911130 / 193 11 255 255 / 0.53804020 0.02264400
				-36.81373000 2.11582600 -9.53204400 / 0.33685040 -0.59575880 0.72911130 / 193 11 255 255 / 0.53804020 0.02264400
				-34.71132000 -1.87744800 -10.05011000 / -0.42342410 0.76284270 -0.48865430 / 127 47 150 255 / 0.34864810 0.00160220
				-34.71132000 -1.87744800 -10.05011000 / -0.42342410 0.76284270 -0.48865430 / 127 47 150 255 / 0.34864810 0.00160220
				-34.72710000 -1.84998800 -9.99346900 / -0.46194810 0.83222660 -0.30659850 / 131 52 165 255 / 0.36613470 0.00160220
				-34.72710000 -1.84998800 -9.99346900 / -0.46194810 0.83222660 -0.30659850 / 131 52 165 255 / 0.36613470 0.00160220
				-34.72710000 -1.84998800 -9.99346900 / -0.46194810 0.83222660 -0.30659850 / 131 52 165 255 / 0.36613470 0.00160220
				-34.59706000 -1.77141000 -9.94365700 / -0.48523730 0.87294780 0.05006870 / 135 53 177 255 / 0.37850950 0.02264400
				-34.59706000 -1.77141000 -9.94365700 / -0.48523730 0.87294780 0.05006870 / 135 53 177 255 / 0.37850950 0.02264400
				-34.59706000 -1.77141000 -9.94365700 / -0.48523730 0.87294780 0.05006870 / 135 53 177 255 / 0.37850950 0.02264400
				-34.59706000 -1.77141000 -9.94365700 / -0.48523730 0.87294780 0.05006870 / 135 53 177 255 / 0.37850950 0.02264400
				-34.72992000 -1.84501800 -9.94415300 / -0.48409510 0.87382210 0.04568190 / 136 59 177 255 / 0.37850950 0.00160220
				-34.72992000 -1.84501800 -9.94415300 / -0.48409510 0.87382210 0.04568190 / 136 59 177 255 / 0.37850950 0.00160220
				-34.68626000 -1.92111300 -9.52765700 / -0.47644720 0.85484640 0.20551310 / 136 54 255 255 / 0.46513370 0.00160220
				-34.68626000 -1.92111300 -9.52765700 / -0.47644720 0.85484640 0.20551310 / 136 54 255 255 / 0.46513370 0.00160220
				-34.55374000 -1.84719700 -9.52765700 / -0.47683350 0.85467640 0.20532450 / 136 48 255 255 / 0.46513370 0.02264400
				-35.06162000 -0.95662630 -11.30061000 / 0.39901300 -0.70807750 -0.58259330 / 110 10 0 255 / 0.65980530 0.00000000
				-35.06162000 -0.95662630 -11.30061000 / 0.39901300 -0.70807750 -0.58259330 / 110 10 0 255 / 0.65980530 0.00000000
				-35.06162000 -0.95662630 -11.30061000 / 0.39901300 -0.70807750 -0.58259330 / 110 10 0 255 / 0.65980530 0.00000000
				-34.64420000 -1.99457000 -10.09650000 / 0.01792940 -0.01900230 -0.99965860 / 117 3 138 255 / 0.32000730 0.00160220
				-34.64420000 -1.99457000 -10.09650000 / 0.01792940 -0.01900230 -0.99965860 / 117 3 138 255 / 0.32000730 0.00160220
				-34.64420000 -1.99457000 -10.09650000 / 0.01792940 -0.01900230 -0.99965860 / 117 3 138 255 / 0.32000730 0.00160220
				-34.68183000 -1.92871800 -10.08723000 / -0.05378730 0.10899330 -0.99258620 / 119 2 141 255 / 0.33219910 0.00160220
				-34.54969000 -1.85448500 -10.08624000 / -0.05378680 0.10908750 -0.99257590 / 118 3 141 255 / 0.33219910 0.02264400
				-34.54969000 -1.85448500 -10.08624000 / -0.05378680 0.10908750 -0.99257590 / 118 3 141 255 / 0.33219910 0.02264400
				-34.51208000 -1.92033500 -10.09552000 / 0.01869170 -0.01995530 -0.99962620 / 114 3 138 255 / 0.32000730 0.02264400
				-34.51208000 -1.92033500 -10.09552000 / 0.01869170 -0.01995530 -0.99962620 / 114 3 138 255 / 0.32000730 0.02264400
				-34.51208000 -1.92033500 -10.09552000 / 0.01869170 -0.01995530 -0.99962620 / 114 3 138 255 / 0.32000730 0.02264400
				-38.23559000 4.61226000 -10.08968000 / 0.00572180 0.00319470 -0.99997850 / 130 2 140 255 / 0.78523250 0.02264400
				-38.23559000 4.61226000 -10.08968000 / 0.00572180 0.00319470 -0.99997850 / 130 2 140 255 / 0.78523250 0.02264400
				-36.94586000 2.04159800 -9.53205900 / 0.33339460 -0.59342990 0.73259060 / 193 12 255 255 / 0.53804020 0.00160220
				-34.61264000 -2.05017300 -10.08527000 / 0.15869780 -0.27028220 -0.94961180 / 109 4 141 255 / 0.31431580 0.00160220
				-34.61264000 -2.05017300 -10.08527000 / 0.15869780 -0.27028220 -0.94961180 / 109 4 141 255 / 0.31431580 0.00160220
				-34.61264000 -2.05017300 -10.08527000 / 0.15869780 -0.27028220 -0.94961180 / 109 4 141 255 / 0.31431580 0.00160220
				-34.48050000 -1.97594600 -10.08429000 / 0.15945130 -0.27137480 -0.94917400 / 102 3 141 255 / 0.31431580 0.02264400
				-34.48050000 -1.97594600 -10.08429000 / 0.15945130 -0.27137480 -0.94917400 / 102 3 141 255 / 0.31431580 0.02264400
				-34.48050000 -1.97594600 -10.08429000 / 0.15945130 -0.27137480 -0.94917400 / 102 3 141 255 / 0.31431580 0.02264400
				-34.57174000 -2.12200000 -10.04379000 / 0.27161270 -0.47172200 -0.83887120 / 95 4 152 255 / 0.31326290 0.00160220
				-34.57174000 -2.12200000 -10.04379000 / 0.27161270 -0.47172200 -0.83887120 / 95 4 152 255 / 0.31326290 0.00160220
				-34.57174000 -2.12200000 -10.04379000 / 0.27161270 -0.47172200 -0.83887120 / 95 4 152 255 / 0.31326290 0.00160220
				-34.43961000 -2.04775900 -10.04278000 / 0.26703720 -0.46938940 -0.84164400 / 89 3 152 255 / 0.31326290 0.02264400
				-34.43961000 -2.04775900 -10.04278000 / 0.26703720 -0.46938940 -0.84164400 / 89 3 152 255 / 0.31326290 0.02264400
				-34.43961000 -2.04775900 -10.04278000 / 0.26703720 -0.46938940 -0.84164400 / 89 3 152 255 / 0.31326290 0.02264400
				-35.19375000 -1.03086700 -11.30060000 / 0.39825890 -0.70770590 -0.58355990 / 109 10 0 255 / 0.65980530 0.02156070
				-35.19375000 -1.03086700 -11.30060000 / 0.39825890 -0.70770590 -0.58355990 / 109 10 0 255 / 0.65980530 0.02156070
				-35.19375000 -1.03086700 -11.30060000 / 0.39825890 -0.70770590 -0.58355990 / 109 10 0 255 / 0.65980530 0.02156070
				-34.54743000 -2.16504300 -10.00327000 / 0.31203090 -0.54817600 -0.77597670 / 86 3 162 255 / 0.31604000 0.00160220
				-34.54743000 -2.16504300 -10.00327000 / 0.31203090 -0.54817600 -0.77597670 / 86 3 162 255 / 0.31604000 0.00160220
				-34.41492000 -2.09112600 -10.00322000 / 0.30288340 -0.54239590 -0.78362510 / 84 2 162 255 / 0.31604000 0.02264400
				-34.61903000 -2.03962600 -9.87091900 / 0.49020170 -0.87158630 0.00629440 / 134 11 196 255 / 0.36639400 0.00160220
				-34.61903000 -2.03962600 -9.87091900 / 0.49020170 -0.87158630 0.00629440 / 134 11 196 255 / 0.36639400 0.00160220
				-34.61903000 -2.03962600 -9.87091900 / 0.49020170 -0.87158630 0.00629440 / 134 11 196 255 / 0.36639400 0.00160220
				-34.61503000 -2.04622200 -9.90559400 / 0.47759920 -0.85134350 0.21705590 / 133 10 187 255 / 0.35719300 0.00160220
				-34.48289000 -1.97198000 -9.90507500 / 0.47797750 -0.85005040 0.22125060 / 133 10 187 255 / 0.35719300 0.02264400
				-34.48289000 -1.97198000 -9.90507500 / 0.47797750 -0.85005040 0.22125060 / 133 10 187 255 / 0.35719300 0.02264400
				-34.48659000 -1.96501100 -9.87041500 / 0.49056910 -0.87137060 0.00743860 / 134 12 196 255 / 0.36639400 0.02264400
				-34.48659000 -1.96501100 -9.87041500 / 0.49056910 -0.87137060 0.00743860 / 134 12 196 255 / 0.36639400 0.02264400
				-34.48659000 -1.96501100 -9.87041500 / 0.49056910 -0.87137060 0.00743860 / 134 12 196 255 / 0.36639400 0.02264400
				-36.92321000 2.00188100 -9.57453900 / 0.33454210 -0.59418660 0.73145330 / 193 11 255 255 / 0.52207950 0.00160220
				-36.92321000 2.00188100 -9.57453900 / 0.33454210 -0.59418660 0.73145330 / 193 11 255 255 / 0.52207950 0.00160220
				-34.58308000 -2.10214000 -9.52766400 / 0.47951940 -0.85296370 -0.20618950 / 135 14 255 255 / 0.43778990 0.00160220
				-34.58308000 -2.10214000 -9.52766400 / 0.47951940 -0.85296370 -0.20618950 / 135 14 255 255 / 0.43778990 0.00160220
				-34.45093000 -2.02791400 -9.52764900 / 0.47912870 -0.85313810 -0.20637630 / 135 15 255 255 / 0.43778990 0.02264400
				-36.61990000 1.77594200 -10.97930000 / 0.46919660 -0.83108350 -0.29858830 / 113 11 0 255 / 0.24531550 0.09815980
				-36.61990000 1.77594200 -10.97930000 / 0.46919660 -0.83108350 -0.29858830 / 113 11 0 255 / 0.24531550 0.09815980
				-36.61990000 1.77594200 -10.97930000 / 0.46919660 -0.83108350 -0.29858830 / 113 11 0 255 / 0.24531550 0.09815980
				-35.09958000 -0.89047010 -11.38311000 / 0.31241950 -0.55209260 -0.77303810 / 109 9 0 255 / 0.68946840 0.00000000
				-35.09958000 -0.89047010 -11.38311000 / 0.31241950 -0.55209260 -0.77303810 / 109 9 0 255 / 0.68946840 0.00000000
				-35.09958000 -0.89047010 -11.38311000 / 0.31241950 -0.55209260 -0.77303810 / 109 9 0 255 / 0.68946840 0.00000000
				-36.59645000 1.73491800 -10.88310000 / 0.44327060 -0.78046810 -0.44088640 / 109 11 0 255 / 0.24586490 0.09783940
				-36.72820000 1.66036300 -10.88358000 / 0.44135920 -0.78036560 -0.44298040 / 111 12 0 255 / 0.19667050 0.07531740
				-36.72820000 1.66036300 -10.88358000 / 0.44135920 -0.78036560 -0.44298040 / 111 12 0 255 / 0.19667050 0.07531740
				-36.75204000 1.70170300 -10.97979000 / 0.46958830 -0.83130430 -0.29735500 / 117 12 0 255 / 0.17863460 0.08897400
				-36.75204000 1.70170300 -10.97979000 / 0.46958830 -0.83130430 -0.29735500 / 117 12 0 255 / 0.17863460 0.08897400
				-36.75204000 1.70170300 -10.97979000 / 0.46958830 -0.83130430 -0.29735500 / 117 12 0 255 / 0.17863460 0.08897400
				-36.62846000 1.79153000 -11.09894000 / 0.49133950 -0.86939300 0.05235740 / 123 13 0 255 / 0.24349980 0.10014340
				-36.62846000 1.79153000 -11.09894000 / 0.49133950 -0.86939300 0.05235740 / 123 13 0 255 / 0.24349980 0.10014340
				-36.62846000 1.79153000 -11.09894000 / 0.49133950 -0.86939300 0.05235740 / 123 13 0 255 / 0.24349980 0.10014340
				-36.62846000 1.79153000 -11.09894000 / 0.49133950 -0.86939300 0.05235740 / 123 13 0 255 / 0.24349980 0.10014340
				-36.76055000 1.71660600 -11.09941000 / 0.49248060 -0.86863600 0.05416910 / 123 14 0 255 / 0.17521670 0.10653690
				-36.76055000 1.71660600 -11.09941000 / 0.49248060 -0.86863600 0.05416910 / 123 14 0 255 / 0.17521670 0.10653690
				-36.74927000 1.69743800 -11.18632000 / 0.47721940 -0.84304950 0.24805110 / 126 13 0 255 / 0.18722530 0.11912540
				-36.74927000 1.69743800 -11.18632000 / 0.47721940 -0.84304950 0.24805110 / 126 13 0 255 / 0.18722530 0.11912540
				-36.61752000 1.77198200 -11.18633000 / 0.47684770 -0.84317400 0.24834230 / 127 12 0 255 / 0.23892210 0.09812930
				-36.79113000 2.07680000 -9.57452400 / 0.33837290 -0.59642050 0.72786420 / 192 11 255 255 / 0.52207950 0.02264400
				-36.62539000 1.47965500 -10.94511000 / -0.47797750 0.86443890 -0.15582910 / 125 57 0 255 / 0.27734380 0.08546450
				-36.62539000 1.47965500 -10.94511000 / -0.47797750 0.86443890 -0.15582910 / 125 57 0 255 / 0.27734380 0.08546450
				-36.62539000 1.47965500 -10.94511000 / -0.47797750 0.86443890 -0.15582910 / 125 57 0 255 / 0.27734380 0.08546450
				-36.63672000 1.49951700 -10.87578000 / -0.45851820 0.83167230 -0.31318090 / 122 60 0 255 / 0.26533510 0.07505800
				-35.23172000 -0.96470510 -11.38361000 / 0.31395280 -0.55199830 -0.77248410 / 108 8 0 255 / 0.68946840 0.02156070
				-35.23172000 -0.96470510 -11.38361000 / 0.31395280 -0.55199830 -0.77248410 / 108 8 0 255 / 0.68946840 0.02156070
				-35.23172000 -0.96470510 -11.38361000 / 0.31395280 -0.55199830 -0.77248410 / 108 8 0 255 / 0.68946840 0.02156070
				-36.50384000 1.57312000 -10.87480000 / -0.45929380 0.83181430 -0.31166360 / 123 54 0 255 / 0.21604920 0.09738160
				-36.50384000 1.57312000 -10.87480000 / -0.45929380 0.83181430 -0.31166360 / 123 54 0 255 / 0.21604920 0.09738160
				-36.49252000 1.55326900 -10.94462000 / -0.47835720 0.86428060 -0.15554240 / 128 57 0 255 / 0.21017460 0.09362790
				-36.49252000 1.55326900 -10.94462000 / -0.47835720 0.86428060 -0.15554240 / 128 57 0 255 / 0.21017460 0.09362790
				-36.49252000 1.55326900 -10.94462000 / -0.47835720 0.86428060 -0.15554240 / 128 57 0 255 / 0.21017460 0.09362790
				-36.62577000 1.47997100 -11.04668000 / -0.47760590 0.86083270 0.17566900 / 133 62 0 255 / 0.27775570 0.10072330
				-36.62577000 1.47997100 -11.04668000 / -0.47760590 0.86083270 0.17566900 / 133 62 0 255 / 0.27775570 0.10072330
				-36.62577000 1.47997100 -11.04668000 / -0.47760590 0.86083270 0.17566900 / 133 62 0 255 / 0.27775570 0.10072330
				-36.62577000 1.47997100 -11.04668000 / -0.47760590 0.86083270 0.17566900 / 133 62 0 255 / 0.27775570 0.10072330
				-36.49288000 1.55357300 -11.04618000 / -0.47759570 0.86105260 0.17461610 / 133 59 0 255 / 0.21026610 0.09313960
				-36.49288000 1.55357300 -11.04618000 / -0.47759570 0.86105260 0.17461610 / 133 59 0 255 / 0.21026610 0.09313960
				-36.51389000 1.58996600 -11.16191000 / -0.45662830 0.82177360 0.34085000 / 137 63 0 255 / 0.21073910 0.09550480
				-36.51389000 1.58996600 -11.16191000 / -0.45662830 0.82177360 0.34085000 / 137 63 0 255 / 0.21073910 0.09550480
				-36.64608000 1.51640600 -11.16190000 / -0.45736880 0.82156630 0.34035640 / 138 68 0 255 / 0.26145930 0.11711120
				-34.79773000 -1.41997300 -10.97933000 / 0.46845220 -0.83094950 -0.30012600 / 122 12 0 255 / 0.12321470 0.02276610
				-34.79773000 -1.41997300 -10.97933000 / 0.46845220 -0.83094950 -0.30012600 / 122 12 0 255 / 0.12321470 0.02276610
				-34.79773000 -1.41997300 -10.97933000 / 0.46845220 -0.83094950 -0.30012600 / 122 12 0 255 / 0.12321470 0.02276610
				-34.77388000 -1.46131800 -10.88313000 / 0.44135810 -0.77955300 -0.44440980 / 116 10 0 255 / 0.12573240 0.02276610
				-37.26033000 2.59328400 -9.52470400 / 0.48331210 -0.87035270 -0.09431640 / 138 8 255 255 / 0.62294010 0.00160220
				-37.26033000 2.59328400 -9.52470400 / 0.48331210 -0.87035270 -0.09431640 / 138 8 255 255 / 0.62294010 0.00160220
				-34.90601000 -1.53555900 -10.88412000 / 0.44022620 -0.77958710 -0.44547150 / 119 12 0 255 / 0.12573240 0.00160220
				-34.90601000 -1.53555900 -10.88412000 / 0.44022620 -0.77958710 -0.44547150 / 119 12 0 255 / 0.12573240 0.00160220
				-35.14416000 -0.81166990 -11.43829000 / 0.20561180 -0.35543370 -0.91180630 / 108 7 0 255 / 0.71488950 0.00000000
				-35.14416000 -0.81166990 -11.43829000 / 0.20561180 -0.35543370 -0.91180630 / 108 7 0 255 / 0.71488950 0.00000000
				-35.14416000 -0.81166990 -11.43829000 / 0.20561180 -0.35543370 -0.91180630 / 108 7 0 255 / 0.71488950 0.00000000
				-34.92984000 -1.49422200 -10.97983000 / 0.46958520 -0.83096500 -0.29830680 / 127 14 0 255 / 0.12321470 0.00160220
				-34.92984000 -1.49422200 -10.97983000 / 0.46958520 -0.83096500 -0.29830680 / 127 14 0 255 / 0.12321470 0.00160220
				-34.92984000 -1.49422200 -10.97983000 / 0.46958520 -0.83096500 -0.29830680 / 127 14 0 255 / 0.12321470 0.00160220
				-34.80627000 -1.40438600 -11.09896000 / 0.49170520 -0.86918630 0.05235570 / 134 13 0 255 / 0.13090510 0.02276610
				-34.80627000 -1.40438600 -11.09896000 / 0.49170520 -0.86918630 0.05235570 / 134 13 0 255 / 0.13090510 0.02276610
				-34.80627000 -1.40438600 -11.09896000 / 0.49170520 -0.86918630 0.05235570 / 134 13 0 255 / 0.13090510 0.02276610
				-34.80627000 -1.40438600 -11.09896000 / 0.49170520 -0.86918630 0.05235570 / 134 13 0 255 / 0.13090510 0.02276610
				-34.93833000 -1.47932200 -11.09945000 / 0.49248820 -0.86863760 0.05407450 / 135 16 0 255 / 0.13090510 0.00160220
				-34.93833000 -1.47932200 -11.09945000 / 0.49248820 -0.86863760 0.05407450 / 135 16 0 255 / 0.13090510 0.00160220
				-34.92708000 -1.49848800 -11.18638000 / 0.47722110 -0.84307620 0.24795660 / 137 12 0 255 / 0.14561460 0.00160220
				-34.92708000 -1.49848800 -11.18638000 / 0.47722110 -0.84307620 0.24795660 / 137 12 0 255 / 0.14561460 0.00160220
				-34.79531000 -1.42393400 -11.18636000 / 0.47684590 -0.84314710 0.24843670 / 137 10 0 255 / 0.14561460 0.02276610
				-34.80283000 -1.71659200 -10.94513000 / -0.48065330 0.86336390 -0.15354200 / 133 51 0 255 / 0.18615720 0.00160220
				-34.80283000 -1.71659200 -10.94513000 / -0.48065330 0.86336390 -0.15354200 / 133 51 0 255 / 0.18615720 0.00160220
				-34.80283000 -1.71659200 -10.94513000 / -0.48065330 0.86336390 -0.15354200 / 133 51 0 255 / 0.18615720 0.00160220
				-34.81416000 -1.69673500 -10.87579000 / -0.46082440 0.83042810 -0.31309740 / 131 52 0 255 / 0.17311100 0.00160220
				-34.68163000 -1.62281100 -10.87484000 / -0.46194960 0.83034600 -0.31165390 / 132 48 0 255 / 0.17311100 0.02276610
				-34.68163000 -1.62281100 -10.87484000 / -0.46194960 0.83034600 -0.31165390 / 132 48 0 255 / 0.17311100 0.02276610
				-34.67031000 -1.64266500 -10.94466000 / -0.48025810 0.86336320 -0.15477740 / 136 51 0 255 / 0.18615720 0.02276610
				-34.67031000 -1.64266500 -10.94466000 / -0.48025810 0.86336320 -0.15477740 / 136 51 0 255 / 0.18615720 0.02276610
				-34.67031000 -1.64266500 -10.94466000 / -0.48025810 0.86336320 -0.15477740 / 136 51 0 255 / 0.18615720 0.02276610
				-37.26321000 2.59894000 -9.59990700 / 0.48827200 -0.86863770 -0.08401710 / 138 8 255 255 / 0.60639960 0.00160220
				-35.27628000 -0.88591290 -11.43925000 / 0.20447560 -0.35427980 -0.91251060 / 107 6 0 255 / 0.71488950 0.02156070
				-35.27628000 -0.88591290 -11.43925000 / 0.20447560 -0.35427980 -0.91251060 / 107 6 0 255 / 0.71488950 0.02156070
				-35.27628000 -0.88591290 -11.43925000 / 0.20447560 -0.35427980 -0.91251060 / 107 6 0 255 / 0.71488950 0.02156070
				-34.80355000 -1.71596800 -11.04671000 / -0.47836320 0.86011930 0.17709740 / 139 55 0 255 / 0.19636540 0.00160220
				-34.80355000 -1.71596800 -11.04671000 / -0.47836320 0.86011930 0.17709740 / 139 55 0 255 / 0.19636540 0.00160220
				-34.80355000 -1.71596800 -11.04671000 / -0.47836320 0.86011930 0.17709740 / 139 55 0 255 / 0.19636540 0.00160220
				-34.80355000 -1.71596800 -11.04671000 / -0.47836320 0.86011930 0.17709740 / 139 55 0 255 / 0.19636540 0.00160220
				-34.67068000 -1.64235600 -11.04622000 / -0.47760550 0.86104640 0.17461970 / 140 52 0 255 / 0.19636540 0.02276610
				-34.67068000 -1.64235600 -11.04622000 / -0.47760550 0.86104640 0.17461970 / 140 52 0 255 / 0.19636540 0.02276610
				-34.69168000 -1.60596700 -11.16195000 / -0.45662690 0.82173530 0.34094430 / 142 56 0 255 / 0.19737240 0.02276610
				-34.69168000 -1.60596700 -11.16195000 / -0.45662690 0.82173530 0.34094430 / 142 56 0 255 / 0.19737240 0.02276610
				-34.82387000 -1.67951800 -11.16192000 / -0.45700610 0.82168350 0.34056110 / 142 59 0 255 / 0.19737240 0.00160220
				-34.43658000 -2.35895900 -11.15659000 / 0.47493040 -0.84309690 -0.25224720 / 120 16 0 255 / 0.15573120 0.00158690
				-34.43658000 -2.35895900 -11.15659000 / 0.47493040 -0.84309690 -0.25224720 / 120 16 0 255 / 0.15573120 0.00158690
				-34.43658000 -2.35895900 -11.15659000 / 0.47493040 -0.84309690 -0.25224720 / 120 16 0 255 / 0.15573120 0.00158690
				-34.46972000 -2.30139600 -11.44955000 / 0.47988470 -0.84902490 -0.22105980 / 123 14 0 255 / 0.08033750 0.00158690
				-34.33726000 -2.22678800 -11.44857000 / 0.47950240 -0.84916650 -0.22134550 / 122 15 0 255 / 0.08033750 0.02261350
				-34.33726000 -2.22678800 -11.44857000 / 0.47950240 -0.84916650 -0.22134550 / 122 15 0 255 / 0.08033750 0.02261350
				-34.30446000 -2.28472300 -11.15607000 / 0.47492850 -0.84306960 -0.25234150 / 118 16 0 255 / 0.15573120 0.02261350
				-34.30446000 -2.28472300 -11.15607000 / 0.47492850 -0.84306960 -0.25234150 / 118 16 0 255 / 0.15573120 0.02261350
				-34.30446000 -2.28472300 -11.15607000 / 0.47492850 -0.84306960 -0.25234150 / 118 16 0 255 / 0.15573120 0.02261350
				-34.41436000 -2.39766900 -11.00521000 / 0.45814460 -0.81083670 -0.36420780 / 115 16 0 255 / 0.19630430 0.00158690
				-34.41436000 -2.39766900 -11.00521000 / 0.45814460 -0.81083670 -0.36420780 / 115 16 0 255 / 0.19630430 0.00158690
				-34.41436000 -2.39766900 -11.00521000 / 0.45814460 -0.81083670 -0.36420780 / 115 16 0 255 / 0.19630430 0.00158690
				-34.28223000 -2.32342000 -11.00423000 / 0.45853450 -0.81061330 -0.36421450 / 111 15 0 255 / 0.19630430 0.02261350
				-34.28223000 -2.32342000 -11.00423000 / 0.45853450 -0.81061330 -0.36421450 / 111 15 0 255 / 0.19630430 0.02261350
				-34.28223000 -2.32342000 -11.00423000 / 0.45853450 -0.81061330 -0.36421450 / 111 15 0 255 / 0.19630430 0.02261350
				-35.19188000 -0.72828530 -11.46759000 / 0.09193591 -0.15554110 -0.98354200 / 107 5 0 255 / 0.73497010 0.00000000
				-35.19188000 -0.72828530 -11.46759000 / 0.09193591 -0.15554110 -0.98354200 / 107 5 0 255 / 0.73497010 0.00000000
				-35.19188000 -0.72828530 -11.46759000 / 0.09193591 -0.15554110 -0.98354200 / 107 5 0 255 / 0.73497010 0.00000000
				-37.13108000 2.67318100 -9.59989900 / 0.47608380 -0.87267720 -0.10853030 / 138 8 255 255 / 0.60639960 0.02264400
				-37.13108000 2.67318100 -9.59989900 / 0.47608380 -0.87267720 -0.10853030 / 138 8 255 255 / 0.60639960 0.02264400
				-34.39656000 -2.42877200 -10.93294000 / 0.40627330 -0.71529380 -0.56859190 / 108 15 0 255 / 0.21768190 0.00158690
				-34.39656000 -2.42877200 -10.93294000 / 0.40627330 -0.71529380 -0.56859190 / 108 15 0 255 / 0.21768190 0.00158690
				-34.39656000 -2.42877200 -10.93294000 / 0.40627330 -0.71529380 -0.56859190 / 108 15 0 255 / 0.21768190 0.00158690
				-34.26480000 -2.35421700 -10.93245000 / 0.40550620 -0.71459490 -0.57001650 / 105 12 0 255 / 0.21768190 0.02261350
				-34.26480000 -2.35421700 -10.93245000 / 0.40550620 -0.71459490 -0.57001650 / 105 12 0 255 / 0.21768190 0.02261350
				-34.26480000 -2.35421700 -10.93245000 / 0.40550620 -0.71459490 -0.57001650 / 105 12 0 255 / 0.21768190 0.02261350
				-34.37508000 -2.46684400 -10.88608000 / 0.36125020 -0.63481030 -0.68301840 / 104 11 0 255 / 0.23457340 0.00158690
				-34.37508000 -2.46684400 -10.88608000 / 0.36125020 -0.63481030 -0.68301840 / 104 11 0 255 / 0.23457340 0.00158690
				-34.24295000 -2.39260600 -10.88557000 / 0.35857110 -0.63336430 -0.68576710 / 103 8 0 255 / 0.23457340 0.02261350
				-34.33622000 -2.53502500 -10.86898000 / 0.04654120 -0.07164770 -0.99634360 / 105 4 0 255 / 0.24987790 0.00158690
				-34.33622000 -2.53502500 -10.86898000 / 0.04654120 -0.07164770 -0.99634360 / 105 4 0 255 / 0.24987790 0.00158690
				-34.33622000 -2.53502500 -10.86898000 / 0.04654120 -0.07164770 -0.99634360 / 105 4 0 255 / 0.24987790 0.00158690
				-34.37508000 -2.46684400 -10.88608000 / 0.10719630 -0.18396940 -0.97706920 / 105 4 0 255 / 0.23457340 0.00158690
				-34.24294000 -2.39260700 -10.88557000 / 0.11101090 -0.18625800 -0.97620930 / 105 3 0 255 / 0.23457340 0.02261350
				-34.24294000 -2.39260700 -10.88557000 / 0.11101090 -0.18625800 -0.97620930 / 105 3 0 255 / 0.23457340 0.02261350
				-34.20409000 -2.46077700 -10.86800000 / 0.04768230 -0.07185730 -0.99627450 / 105 4 0 255 / 0.24987790 0.02261350
				-34.20409000 -2.46077700 -10.86800000 / 0.04768230 -0.07185730 -0.99627450 / 105 4 0 255 / 0.24987790 0.02261350
				-34.20409000 -2.46077700 -10.86800000 / 0.04768230 -0.07185730 -0.99627450 / 105 4 0 255 / 0.24987790 0.02261350
				-34.28969000 -2.61676300 -10.87337000 / -0.04615860 0.09594110 -0.99431620 / 106 6 0 255 / 0.26255800 0.00158690
				-34.28969000 -2.61676300 -10.87337000 / -0.04615860 0.09594110 -0.99431620 / 106 6 0 255 / 0.26255800 0.00158690
				-34.28969000 -2.61676300 -10.87337000 / -0.04615860 0.09594110 -0.99431620 / 106 6 0 255 / 0.26255800 0.00158690
				-35.32403000 -0.80253110 -11.46805000 / 0.09155200 -0.15472050 -0.98370720 / 107 4 0 255 / 0.73497010 0.02156070
				-35.32403000 -0.80253110 -11.46805000 / 0.09155200 -0.15472050 -0.98370720 / 107 4 0 255 / 0.73497010 0.02156070
				-35.32403000 -0.80253110 -11.46805000 / 0.09155200 -0.15472050 -0.98370720 / 107 4 0 255 / 0.73497010 0.02156070
				-34.15717000 -2.54284200 -10.87240000 / -0.04692050 0.09677361 -0.99419990 / 106 7 0 255 / 0.26255800 0.02261350
				-34.15717000 -2.54284200 -10.87240000 / -0.04692050 0.09677361 -0.99419990 / 106 7 0 255 / 0.26255800 0.02261350
				-34.15717000 -2.54284200 -10.87240000 / -0.04692050 0.09677361 -0.99419990 / 106 7 0 255 / 0.26255800 0.02261350
				-37.12695000 2.66519200 -9.52469600 / 0.47111580 -0.87404380 -0.11873260 / 138 8 255 255 / 0.62294010 0.02264400
				-34.25243000 -2.68231000 -10.88608000 / -0.07591220 0.14846270 -0.98600010 / 106 8 0 255 / 0.27058410 0.00158690
				-34.25243000 -2.68231000 -10.88608000 / -0.07591220 0.14846270 -0.98600010 / 106 8 0 255 / 0.27058410 0.00158690
				-34.11999000 -2.60769500 -10.88509000 / -0.07667190 0.14898090 -0.98586310 / 106 8 0 255 / 0.27058410 0.02261350
				-34.09105000 -2.96456200 -11.45245000 / -0.08964911 0.17319440 -0.98079910 / 110 10 0 255 / 0.06341549 0.00161740
				-34.09105000 -2.96456200 -11.45245000 / -0.08964911 0.17319440 -0.98079910 / 110 10 0 255 / 0.06341549 0.00161740
				-34.09105000 -2.96456200 -11.45245000 / -0.08964911 0.17319440 -0.98079910 / 110 10 0 255 / 0.06341549 0.00161740
				-34.14400000 -2.87224800 -11.41389000 / -0.16097500 0.30049300 -0.94010160 / 111 13 0 255 / 0.03987120 0.00161740
				-34.01152000 -2.79832800 -11.41293000 / -0.16136620 0.30070190 -0.93996780 / 110 11 0 255 / 0.03987120 0.02293400
				-34.01152000 -2.79832800 -11.41293000 / -0.16136620 0.30070190 -0.93996780 / 110 11 0 255 / 0.03987120 0.02293400
				-33.95924000 -2.89069000 -11.45148000 / -0.08926721 0.17233530 -0.98098520 / 110 7 0 255 / 0.06341549 0.02293400
				-33.95924000 -2.89069000 -11.45148000 / -0.08926721 0.17233530 -0.98098520 / 110 7 0 255 / 0.06341549 0.02293400
				-33.95924000 -2.89069000 -11.45148000 / -0.08926721 0.17233530 -0.98098520 / 110 7 0 255 / 0.06341549 0.02293400
				-34.01249000 -3.10291900 -11.45930000 / 0.02708550 -0.03514440 -0.99901520 / 109 6 0 255 / 0.10406490 0.00161740
				-34.01249000 -3.10291900 -11.45930000 / 0.02708550 -0.03514440 -0.99901520 / 109 6 0 255 / 0.10406490 0.00161740
				-34.01249000 -3.10291900 -11.45930000 / 0.02708550 -0.03514440 -0.99901520 / 109 6 0 255 / 0.10406490 0.00161740
				-33.88035000 -3.02867900 -11.45831000 / 0.02784720 -0.03585800 -0.99896880 / 109 5 0 255 / 0.10406490 0.02293400
				-33.88035000 -3.02867900 -11.45831000 / 0.02784720 -0.03585800 -0.99896880 / 109 5 0 255 / 0.10406490 0.02293400
				-33.88035000 -3.02867900 -11.45831000 / 0.02784720 -0.03585800 -0.99896880 / 109 5 0 255 / 0.10406490 0.02293400
				-35.23837000 -0.64722500 -11.47394000 / -0.00457750 0.01891210 -0.99981060 / 106 4 0 255 / 0.74951170 0.00000000
				-35.23837000 -0.64722500 -11.47394000 / -0.00457750 0.01891210 -0.99981060 / 106 4 0 255 / 0.74951170 0.00000000
				-35.23837000 -0.64722500 -11.47394000 / -0.00457750 0.01891210 -0.99981060 / 106 4 0 255 / 0.74951170 0.00000000
				-33.95221000 -3.20848800 -11.44319000 / 0.07019361 -0.11139420 -0.99129420 / 109 4 0 255 / 0.13728330 0.00161740
				-33.95221000 -3.20848800 -11.44319000 / 0.07019361 -0.11139420 -0.99129420 / 109 4 0 255 / 0.13728330 0.00161740
				-33.82045000 -3.13393600 -11.44219000 / 0.07057190 -0.11155610 -0.99124930 / 109 4 0 255 / 0.13728330 0.02293400
				-37.22089000 2.83070300 -9.52616100 / -0.00381490 0.00677140 0.99996970 / 254 16 255 255 / 0.64759830 0.02264400
				-37.22089000 2.83070300 -9.52616100 / -0.00381490 0.00677140 0.99996970 / 254 16 255 255 / 0.64759830 0.02264400
				-34.00848000 -3.10952200 -11.11262000 / 0.48675700 -0.86503340 -0.12159390 / 140 11 0 255 / 0.14274600 0.00161740
				-34.00848000 -3.10952200 -11.11262000 / 0.48675700 -0.86503340 -0.12159390 / 140 11 0 255 / 0.14274600 0.00161740
				-34.00848000 -3.10952200 -11.11262000 / 0.48675700 -0.86503340 -0.12159390 / 140 11 0 255 / 0.14274600 0.00161740
				-34.00924000 -3.10889000 -11.16827000 / 0.49057630 -0.87124020 -0.01659410 / 142 11 0 255 / 0.13650510 0.00161740
				-33.87677000 -3.03428700 -11.16827000 / 0.48981470 -0.87162410 -0.01878770 / 141 10 0 255 / 0.13650510 0.02293400
				-33.87677000 -3.03428700 -11.16827000 / 0.48981470 -0.87162410 -0.01878770 / 141 10 0 255 / 0.13650510 0.02293400
				-33.87633000 -3.03529100 -11.11211000 / 0.48675080 -0.86480750 -0.12321360 / 138 10 0 255 / 0.14274600 0.02293400
				-33.87633000 -3.03529100 -11.11211000 / 0.48675080 -0.86480750 -0.12321360 / 138 10 0 255 / 0.14274600 0.02293400
				-33.87633000 -3.03529100 -11.11211000 / 0.48675080 -0.86480750 -0.12321360 / 138 10 0 255 / 0.14274600 0.02293400
				-33.97402000 -3.17078700 -10.80889000 / 0.47911250 -0.84846020 -0.22487010 / 137 9 0 255 / 0.19322200 0.00161740
				-33.97402000 -3.17078700 -10.80889000 / 0.47911250 -0.84846020 -0.22487010 / 137 9 0 255 / 0.19322200 0.00161740
				-33.84155000 -3.09617800 -10.80792000 / 0.47950500 -0.84831280 -0.22458920 / 136 7 0 255 / 0.19322200 0.02293400
				-34.93962000 -1.47630600 -9.79426500 / 0.49094930 -0.86912710 -0.05989050 / 130 9 215 255 / 0.60626220 0.00160220
				-34.93962000 -1.47630600 -9.79426500 / 0.49094930 -0.86912710 -0.05989050 / 130 9 215 255 / 0.60626220 0.00160220
				-34.93962000 -1.47630600 -9.79426500 / 0.49094930 -0.86912710 -0.05989050 / 130 9 215 255 / 0.60626220 0.00160220
				-37.49888000 3.31818600 -9.74446900 / 0.00762970 0.00092990 0.99997050 / 108 10 228 255 / 0.66999820 0.02264400
				-37.49888000 3.31818600 -9.74446900 / 0.00762970 0.00092990 0.99997050 / 108 10 228 255 / 0.66999820 0.02264400
				-34.94443000 -1.46838600 -9.85920700 / 0.48561920 -0.86268470 -0.14124160 / 127 9 198 255 / 0.59230040 0.00160220
				-34.81230000 -1.39414200 -9.85824600 / 0.48752560 -0.86230130 -0.13694970 / 128 9 198 255 / 0.59230040 0.02264400
				-34.81230000 -1.39414200 -9.85824600 / 0.48752560 -0.86230130 -0.13694970 / 128 9 198 255 / 0.59230040 0.02264400
				-34.80785000 -1.40175000 -9.79378500 / 0.49171660 -0.86886060 -0.05741140 / 134 9 215 255 / 0.60626220 0.02264400
				-34.80785000 -1.40175000 -9.79378500 / 0.49171660 -0.86886060 -0.05741140 / 134 9 215 255 / 0.60626220 0.02264400
				-34.80785000 -1.40175000 -9.79378500 / 0.49171660 -0.86886060 -0.05741140 / 134 9 215 255 / 0.60626220 0.02264400
				-37.35341000 2.75679100 -9.52617600 / -0.00381490 0.00679520 0.99996970 / 254 16 255 255 / 0.64759830 0.00160220
				-34.94045000 -1.47498300 -9.71907000 / 0.48445820 -0.85632510 0.17890620 / 145 10 232 255 / 0.62217710 0.00160220
				-34.94045000 -1.47498300 -9.71907000 / 0.48445820 -0.85632510 0.17890620 / 145 10 232 255 / 0.62217710 0.00160220
				-34.94045000 -1.47498300 -9.71907000 / 0.48445820 -0.85632510 0.17890620 / 145 10 232 255 / 0.62217710 0.00160220
				-34.94045000 -1.47498300 -9.71907000 / 0.48445820 -0.85632510 0.17890620 / 145 10 232 255 / 0.62217710 0.00160220
				-34.80866000 -1.40043200 -9.71858900 / 0.48371380 -0.85652480 0.17996210 / 143 10 232 255 / 0.62217710 0.02264400
				-34.80866000 -1.40043200 -9.71858900 / 0.48371380 -0.85652480 0.17996210 / 143 10 232 255 / 0.62217710 0.02264400
				-34.82284000 -1.37561300 -9.63803100 / 0.43755070 -0.77411810 0.45748270 / 161 10 251 255 / 0.64247130 0.02264400
				-34.82284000 -1.37561300 -9.63803100 / 0.43755070 -0.77411810 0.45748270 / 161 10 251 255 / 0.64247130 0.02264400
				-34.82284000 -1.37561300 -9.63803100 / 0.43755070 -0.77411810 0.45748270 / 161 10 251 255 / 0.64247130 0.02264400
				-34.95457000 -1.45016700 -9.63802300 / 0.43601860 -0.77363030 0.45976500 / 175 10 251 255 / 0.64247130 0.00160220
				-34.95457000 -1.45016700 -9.63802300 / 0.43601860 -0.77363030 0.45976500 / 175 10 251 255 / 0.64247130 0.00160220
				-34.95457000 -1.45016700 -9.63802300 / 0.43601860 -0.77363030 0.45976500 / 175 10 251 255 / 0.64247130 0.00160220
				-34.84429000 -1.33753600 -9.57552300 / 0.34026620 -0.60707660 0.71810660 / 190 9 255 255 / 0.67047120 0.02264400
				-34.84429000 -1.33753600 -9.57552300 / 0.34026620 -0.60707660 0.71810660 / 190 9 255 255 / 0.67047120 0.02264400
				-34.84429000 -1.33753600 -9.57552300 / 0.34026620 -0.60707660 0.71810660 / 190 9 255 255 / 0.67047120 0.02264400
				-34.97644000 -1.41177100 -9.57600400 / 0.33760310 -0.60571870 0.72050610 / 205 9 255 255 / 0.67047120 0.00160220
				-34.97644000 -1.41177100 -9.57600400 / 0.33760310 -0.60571870 0.72050610 / 205 9 255 255 / 0.67047120 0.00160220
				-34.97644000 -1.41177100 -9.57600400 / 0.33760310 -0.60571870 0.72050610 / 205 9 255 255 / 0.67047120 0.00160220
				-35.37019000 -0.72109220 -11.47488000 / -0.00305170 0.01856070 -0.99982310 / 105 5 0 255 / 0.74951170 0.02156070
				-35.37019000 -0.72109220 -11.47488000 / -0.00305170 0.01856070 -0.99982310 / 105 5 0 255 / 0.74951170 0.02156070
				-35.37019000 -0.72109220 -11.47488000 / -0.00305170 0.01856070 -0.99982310 / 105 5 0 255 / 0.74951170 0.02156070
				-34.88112000 -1.27299700 -9.52671000 / 0.20065430 -0.36305420 0.90990640 / 217 8 255 255 / 0.69235230 0.02264400
				-34.88112000 -1.27299700 -9.52671000 / 0.20065430 -0.36305420 0.90990640 / 217 8 255 255 / 0.69235230 0.02264400
				-34.88112000 -1.27299700 -9.52671000 / 0.20065430 -0.36305420 0.90990640 / 217 8 255 255 / 0.69235230 0.02264400
				-35.01326000 -1.34724800 -9.52717600 / 0.20217070 -0.36303710 0.90957750 / 227 7 255 255 / 0.69235230 0.00160220
				-35.01326000 -1.34724800 -9.52717600 / 0.20217070 -0.36303710 0.90957750 / 227 7 255 255 / 0.69235230 0.00160220
				-35.01326000 -1.34724800 -9.52717600 / 0.20217070 -0.36303710 0.90957750 / 227 7 255 255 / 0.69235230 0.00160220
				-34.92196000 -1.20186700 -9.50374600 / 0.06675620 -0.12045920 0.99047120 / 234 7 255 255 / 0.70504760 0.02264400
				-34.92196000 -1.20186700 -9.50374600 / 0.06675620 -0.12045920 0.99047120 / 234 7 255 255 / 0.70504760 0.02264400
				-34.92196000 -1.20186700 -9.50374600 / 0.06675620 -0.12045920 0.99047120 / 234 7 255 255 / 0.70504760 0.02264400
				-35.05410000 -1.27611200 -9.50373900 / 0.06790220 -0.12041430 0.99039870 / 238 9 255 255 / 0.70504760 0.00160220
				-35.05410000 -1.27611200 -9.50373900 / 0.06790220 -0.12041430 0.99039870 / 238 9 255 255 / 0.70504760 0.00160220
				-35.05410000 -1.27611200 -9.50373900 / 0.06790220 -0.12041430 0.99039870 / 238 9 255 255 / 0.70504760 0.00160220
				-37.26033000 2.59328400 -9.52470400 / -0.00381490 0.00677140 0.99996970 / 254 16 255 255 / 0.62294010 0.00160220
				-37.26033000 2.59328400 -9.52470400 / -0.00381490 0.00677140 0.99996970 / 254 16 255 255 / 0.62294010 0.00160220
				-34.96283000 -1.13005800 -9.50373900 / -0.05035540 0.08952870 0.99471040 / 239 13 255 255 / 0.71586610 0.02264400
				-34.96283000 -1.13005800 -9.50373900 / -0.05035540 0.08952870 0.99471040 / 239 13 255 255 / 0.71586610 0.02264400
				-34.96283000 -1.13005800 -9.50373900 / -0.05035540 0.08952870 0.99471040 / 239 13 255 255 / 0.71586610 0.02264400
				-35.09497000 -1.20428700 -9.50372300 / -0.05225910 0.09133420 0.99444810 / 238 18 255 255 / 0.71586610 0.00160220
				-35.09497000 -1.20428700 -9.50372300 / -0.05225910 0.09133420 0.99444810 / 238 18 255 255 / 0.71586610 0.00160220
				-35.09497000 -1.20428700 -9.50372300 / -0.05225910 0.09133420 0.99444810 / 238 18 255 255 / 0.71586610 0.00160220
				-35.00570000 -1.05527400 -9.52181300 / -0.16403500 0.28827720 0.94339210 / 233 24 255 255 / 0.72293090 0.02264400
				-35.00570000 -1.05527400 -9.52181300 / -0.16403500 0.28827720 0.94339210 / 233 24 255 255 / 0.72293090 0.02264400
				-35.00570000 -1.05527400 -9.52181300 / -0.16403500 0.28827720 0.94339210 / 233 24 255 255 / 0.72293090 0.02264400
				-35.13784000 -1.12952200 -9.52227000 / -0.16402890 0.28870760 0.94326160 / 224 30 255 255 / 0.72293090 0.00160220
				-35.13784000 -1.12952200 -9.52227000 / -0.16402890 0.28870760 0.94326160 / 224 30 255 255 / 0.72293090 0.00160220
				-35.13784000 -1.12952200 -9.52227000 / -0.16402890 0.28870760 0.94326160 / 224 30 255 255 / 0.72293090 0.00160220
				-35.04135000 -0.99239030 -9.55842600 / -0.29105290 0.51864660 0.80392400 / 213 33 255 255 / 0.72392270 0.02264400
				-35.04135000 -0.99239030 -9.55842600 / -0.29105290 0.51864660 0.80392400 / 213 33 255 255 / 0.72392270 0.02264400
				-35.04135000 -0.99239030 -9.55842600 / -0.29105290 0.51864660 0.80392400 / 213 33 255 255 / 0.72392270 0.02264400
				-35.27846000 -0.57671790 -11.46515000 / -0.14610740 0.27469640 -0.95036550 / 103 7 0 255 / 0.75880430 0.00000000
				-35.27846000 -0.57671790 -11.46515000 / -0.14610740 0.27469640 -0.95036550 / 103 7 0 255 / 0.75880430 0.00000000
				-35.27846000 -0.57671790 -11.46515000 / -0.14610740 0.27469640 -0.95036550 / 103 7 0 255 / 0.75880430 0.00000000
				-35.17385000 -1.06630700 -9.55841800 / -0.28762550 0.51772120 0.80575190 / 198 39 255 255 / 0.72392270 0.00160220
				-35.17385000 -1.06630700 -9.55841800 / -0.28762550 0.51772120 0.80575190 / 198 39 255 255 / 0.72392270 0.00160220
				-35.17385000 -1.06630700 -9.55841800 / -0.28762550 0.51772120 0.80575190 / 198 39 255 255 / 0.72392270 0.00160220
				-35.07047000 -0.94143120 -9.61993400 / -0.39254210 0.70876460 0.58614280 / 182 39 255 255 / 0.71836850 0.02264400
				-35.07047000 -0.94143120 -9.61993400 / -0.39254210 0.70876460 0.58614280 / 182 39 255 255 / 0.71836850 0.02264400
				-35.07047000 -0.94143120 -9.61993400 / -0.39254210 0.70876460 0.58614280 / 182 39 255 255 / 0.71836850 0.02264400
				-35.20303000 -1.01465200 -9.61992600 / -0.39328920 0.70923660 0.58507010 / 166 43 255 255 / 0.71836850 0.00160220
				-35.20303000 -1.01465200 -9.61992600 / -0.39328920 0.70923660 0.58507010 / 166 43 255 255 / 0.71836850 0.00160220
				-35.20303000 -1.01465200 -9.61992600 / -0.39328920 0.70923660 0.58507010 / 166 43 255 255 / 0.71836850 0.00160220
				-35.09238000 -0.90233980 -9.70439900 / -0.45433960 0.81701140 0.35506010 / 151 39 241 255 / 0.70536800 0.02264400
				-35.09238000 -0.90233980 -9.70439900 / -0.45433960 0.81701140 0.35506010 / 151 39 241 255 / 0.70536800 0.02264400
				-35.09238000 -0.90233980 -9.70439900 / -0.45433960 0.81701140 0.35506010 / 151 39 241 255 / 0.70536800 0.02264400
				-35.22488000 -0.97626470 -9.70440600 / -0.45509580 0.81717210 0.35371970 / 139 45 241 255 / 0.70536800 0.00160220
				-35.22488000 -0.97626470 -9.70440600 / -0.45509580 0.81717210 0.35371970 / 139 45 241 255 / 0.70536800 0.00160220
				-35.22488000 -0.97626470 -9.70440600 / -0.45509580 0.81717210 0.35371970 / 139 45 241 255 / 0.70536800 0.00160220
				-38.12384000 4.41565200 -10.08968000 / 0.00572180 0.00314700 -0.99997870 / 130 2 140 255 / 0.75544740 0.02264400
				-37.12695000 2.66519200 -9.52469600 / -0.00381490 0.00674750 0.99997000 / 254 16 255 255 / 0.62294010 0.02264400
				-35.10531000 -0.87984680 -9.81036400 / -0.48331170 0.86857580 0.10947940 / 128 44 211 255 / 0.68148800 0.02264400
				-35.10531000 -0.87984680 -9.81036400 / -0.48331170 0.86857580 0.10947940 / 128 44 211 255 / 0.68148800 0.02264400
				-35.10531000 -0.87984680 -9.81036400 / -0.48331170 0.86857580 0.10947940 / 128 44 211 255 / 0.68148800 0.02264400
				-35.10531000 -0.87984680 -9.81036400 / -0.48331170 0.86857580 0.10947940 / 128 44 211 255 / 0.68148800 0.02264400
				-35.23819000 -0.95345440 -9.81084500 / -0.48216910 0.86938970 0.10804940 / 126 52 211 255 / 0.68148800 0.00160220
				-35.23819000 -0.95345440 -9.81084500 / -0.48216910 0.86938970 0.10804940 / 126 52 211 255 / 0.68148800 0.00160220
				-35.23701000 -0.95508920 -9.88799300 / -0.48141700 0.86741840 -0.12579020 / 121 47 185 255 / 0.65736390 0.00160220
				-35.23701000 -0.95508920 -9.88799300 / -0.48141700 0.86741840 -0.12579020 / 121 47 185 255 / 0.65736390 0.00160220
				-35.23701000 -0.95508920 -9.88799300 / -0.48141700 0.86741840 -0.12579020 / 121 47 185 255 / 0.65736390 0.00160220
				-35.41066000 -0.65027840 -11.46610000 / -0.14762370 0.27672900 -0.94954100 / 101 11 0 255 / 0.75880430 0.02156070
				-35.41066000 -0.65027840 -11.46610000 / -0.14762370 0.27672900 -0.94954100 / 101 11 0 255 / 0.75880430 0.02156070
				-35.41066000 -0.65027840 -11.46610000 / -0.14762370 0.27672900 -0.94954100 / 101 11 0 255 / 0.75880430 0.02156070
				-35.10484000 -0.88153730 -9.88751200 / -0.48217370 0.86720450 -0.12435810 / 119 44 185 255 / 0.65736390 0.02264400
				-35.10484000 -0.88153730 -9.88751200 / -0.48217370 0.86720450 -0.12435810 / 119 44 185 255 / 0.65736390 0.02264400
				-35.10484000 -0.88153730 -9.88751200 / -0.48217370 0.86720450 -0.12435810 / 119 44 185 255 / 0.65736390 0.02264400
				-35.22894000 -0.96897690 -9.95733700 / -0.44975130 0.81066810 -0.37488810 / 119 47 170 255 / 0.64093020 0.00160220
				-35.22894000 -0.96897690 -9.95733700 / -0.44975130 0.81066810 -0.37488810 / 119 47 170 255 / 0.64093020 0.00160220
				-35.22894000 -0.96897690 -9.95733700 / -0.44975130 0.81066810 -0.37488810 / 119 47 170 255 / 0.64093020 0.00160220
				-35.09677000 -0.89542750 -9.95684100 / -0.44898560 0.81043070 -0.37631630 / 119 42 170 255 / 0.64093020 0.02264400
				-35.09677000 -0.89542750 -9.95684100 / -0.44898560 0.81043070 -0.37631630 / 119 42 170 255 / 0.64093020 0.02264400
				-35.09677000 -0.89542750 -9.95684100 / -0.44898560 0.81043070 -0.37631630 / 119 42 170 255 / 0.64093020 0.02264400
				-35.20992000 -1.00240400 -10.02130000 / -0.35286410 0.64213510 -0.68055080 / 120 38 157 255 / 0.62443540 0.00160220
				-35.20992000 -1.00240400 -10.02130000 / -0.35286410 0.64213510 -0.68055080 / 120 38 157 255 / 0.62443540 0.00160220
				-35.20992000 -1.00240400 -10.02130000 / -0.35286410 0.64213510 -0.68055080 / 120 38 157 255 / 0.62443540 0.00160220
				-35.07773000 -0.92884210 -10.02032000 / -0.35210720 0.64162770 -0.68142090 / 121 31 157 255 / 0.62443540 0.02264400
				-35.07773000 -0.92884210 -10.02032000 / -0.35210720 0.64162770 -0.68142090 / 121 31 157 255 / 0.62443540 0.02264400
				-35.07773000 -0.92884210 -10.02032000 / -0.35210720 0.64162770 -0.68142090 / 121 31 157 255 / 0.62443540 0.02264400
				-35.18073000 -1.05405400 -10.06329000 / -0.20866010 0.38635020 -0.89844020 / 121 23 147 255 / 0.60815430 0.00160220
				-35.18073000 -1.05405400 -10.06329000 / -0.20866010 0.38635020 -0.89844020 / 121 23 147 255 / 0.60815430 0.00160220
				-35.18073000 -1.05405400 -10.06329000 / -0.20866010 0.38635020 -0.89844020 / 121 23 147 255 / 0.60815430 0.00160220
				-35.04824000 -0.98012640 -10.06232000 / -0.20867100 0.38601280 -0.89858250 / 121 16 147 255 / 0.60815430 0.02264400
				-35.04824000 -0.98012640 -10.06232000 / -0.20867100 0.38601280 -0.89858250 / 121 16 147 255 / 0.60815430 0.02264400
				-35.04824000 -0.98012640 -10.06232000 / -0.20867100 0.38601280 -0.89858250 / 121 16 147 255 / 0.60815430 0.02264400
				-37.28241000 2.93858700 -10.08478000 / -0.47454210 0.85297900 0.21733950 / 154 65 141 255 / 0.53215030 0.02264400
				-37.28241000 2.93858700 -10.08478000 / -0.47454210 0.85297900 0.21733950 / 154 65 141 255 / 0.53215030 0.02264400
				-35.14147000 -1.12323200 -10.08721000 / -0.08735580 0.16919230 -0.98170410 / 120 9 140 255 / 0.59410100 0.00160220
				-35.14147000 -1.12323200 -10.08721000 / -0.08735580 0.16919230 -0.98170410 / 120 9 140 255 / 0.59410100 0.00160220
				-35.14147000 -1.12323200 -10.08721000 / -0.08735580 0.16919230 -0.98170410 / 120 9 140 255 / 0.59410100 0.00160220
				-35.00896000 -1.04931000 -10.08627000 / -0.08697320 0.16835560 -0.98188190 / 120 5 140 255 / 0.59410100 0.02264400
				-35.00896000 -1.04931000 -10.08627000 / -0.08697320 0.16835560 -0.98188190 / 120 5 140 255 / 0.59410100 0.02264400
				-35.00896000 -1.04931000 -10.08627000 / -0.08697320 0.16835560 -0.98188190 / 120 5 140 255 / 0.59410100 0.02264400
				-35.31288000 -0.51615160 -11.42465000 / -0.32080970 0.58473970 -0.74509100 / 98 14 0 255 / 0.75912470 0.00000000
				-35.31288000 -0.51615160 -11.42465000 / -0.32080970 0.58473970 -0.74509100 / 98 14 0 255 / 0.75912470 0.00000000
				-35.31288000 -0.51615160 -11.42465000 / -0.32080970 0.58473970 -0.74509100 / 98 14 0 255 / 0.75912470 0.00000000
				-35.09255000 -1.20825200 -10.09601000 / 0.00915550 -0.00330220 -0.99995260 / 119 4 137 255 / 0.57739260 0.00160220
				-35.09255000 -1.20825200 -10.09601000 / 0.00915550 -0.00330220 -0.99995260 / 119 4 137 255 / 0.57739260 0.00160220
				-35.09255000 -1.20825200 -10.09601000 / 0.00915550 -0.00330220 -0.99995260 / 119 4 137 255 / 0.57739260 0.00160220
				-34.96043000 -1.13401100 -10.09505000 / 0.00953690 -0.00399360 -0.99994650 / 118 4 137 255 / 0.57739260 0.02264400
				-34.96043000 -1.13401100 -10.09505000 / 0.00953690 -0.00399360 -0.99994650 / 118 4 137 255 / 0.57739260 0.02264400
				-34.96043000 -1.13401100 -10.09505000 / 0.00953690 -0.00399360 -0.99994650 / 118 4 137 255 / 0.57739260 0.02264400
				-35.03790000 -1.30457100 -10.08430000 / 0.14915110 -0.25284870 -0.95594010 / 117 5 141 255 / 0.56336980 0.00160220
				-35.03790000 -1.30457100 -10.08430000 / 0.14915110 -0.25284870 -0.95594010 / 117 5 141 255 / 0.56336980 0.00160220
				-35.03790000 -1.30457100 -10.08430000 / 0.14915110 -0.25284870 -0.95594010 / 117 5 141 255 / 0.56336980 0.00160220
				-34.90577000 -1.23033500 -10.08334000 / 0.14838580 -0.25371490 -0.95582960 / 116 6 141 255 / 0.56336980 0.02264400
				-34.90577000 -1.23033500 -10.08334000 / 0.14838580 -0.25371490 -0.95582960 / 116 6 141 255 / 0.56336980 0.02264400
				-34.90577000 -1.23033500 -10.08334000 / 0.14838580 -0.25371490 -0.95582960 / 116 6 141 255 / 0.56336980 0.02264400
				-34.99583000 -1.37803600 -10.03889000 / 0.30633000 -0.53860490 -0.78489920 / 114 6 152 255 / 0.56344600 0.00160220
				-34.99583000 -1.37803600 -10.03889000 / 0.30633000 -0.53860490 -0.78489920 / 114 6 152 255 / 0.56344600 0.00160220
				-34.99583000 -1.37803600 -10.03889000 / 0.30633000 -0.53860490 -0.78489920 / 114 6 152 255 / 0.56344600 0.00160220
				-34.86370000 -1.30379700 -10.03841000 / 0.30822110 -0.54022140 -0.78304560 / 112 7 152 255 / 0.56344600 0.02264400
				-34.86370000 -1.30379700 -10.03841000 / 0.30822110 -0.54022140 -0.78304560 / 112 7 152 255 / 0.56344600 0.02264400
				-34.86370000 -1.30379700 -10.03841000 / 0.30822110 -0.54022140 -0.78304560 / 112 7 152 255 / 0.56344600 0.02264400
				-34.96830000 -1.42634700 -9.97589900 / 0.39939760 -0.70118680 -0.59060870 / 109 7 171 255 / 0.57218930 0.00160220
				-34.96830000 -1.42634700 -9.97589900 / 0.39939760 -0.70118680 -0.59060870 / 109 7 171 255 / 0.57218930 0.00160220
				-34.96830000 -1.42634700 -9.97589900 / 0.39939760 -0.70118680 -0.59060870 / 109 7 171 255 / 0.57218930 0.00160220
				-34.83655000 -1.35179100 -9.97493000 / 0.40017480 -0.70168880 -0.58948530 / 108 7 171 255 / 0.57218930 0.02264400
				-34.83655000 -1.35179100 -9.97493000 / 0.40017480 -0.70168880 -0.58948530 / 108 7 171 255 / 0.57218930 0.02264400
				-34.83655000 -1.35179100 -9.97493000 / 0.40017480 -0.70168880 -0.58948530 / 108 7 171 255 / 0.57218930 0.02264400
				-37.41529000 2.86498000 -10.08575000 / -0.47416920 0.85316120 0.21743880 / 153 66 141 255 / 0.53215030 0.00160220
				-34.95170000 -1.45582000 -9.91976200 / 0.42381220 -0.74344750 -0.51736740 / 107 7 182 255 / 0.57966610 0.00160220
				-34.95170000 -1.45582000 -9.91976200 / 0.42381220 -0.74344750 -0.51736740 / 107 7 182 255 / 0.57966610 0.00160220
				-35.44538000 -0.59008150 -11.42557000 / -0.32158870 0.58547840 -0.74417460 / 95 21 0 255 / 0.75912470 0.02156070
				-35.44538000 -0.59008150 -11.42557000 / -0.32158870 0.58547840 -0.74417460 / 95 21 0 255 / 0.75912470 0.02156070
				-35.44538000 -0.59008150 -11.42557000 / -0.32158870 0.58547840 -0.74417460 / 95 21 0 255 / 0.75912470 0.02156070
				-34.81962000 -1.38089800 -9.91976900 / 0.42114170 -0.74243380 -0.52099110 / 106 6 182 255 / 0.57966610 0.02264400
				-35.12730000 -1.14805100 -9.70537500 / 0.44174110 -0.77532390 -0.45137320 / 91 8 238 255 / 0.67709350 0.00160220
				-35.12730000 -1.14805100 -9.70537500 / 0.44174110 -0.77532390 -0.45137320 / 91 8 238 255 / 0.67709350 0.00160220
				-35.12730000 -1.14805100 -9.70537500 / 0.44174110 -0.77532390 -0.45137320 / 91 8 238 255 / 0.67709350 0.00160220
				-35.13179000 -1.13976600 -9.74005100 / 0.47798400 -0.83833170 -0.26216640 / 92 9 228 255 / 0.66999820 0.00160220
				-35.00010000 -1.06451600 -9.74056300 / 0.47415840 -0.83694140 -0.27331820 / 91 8 228 255 / 0.66999820 0.02264400
				-35.00010000 -1.06451600 -9.74056300 / 0.47415840 -0.83694140 -0.27331820 / 91 8 228 255 / 0.66999820 0.02264400
				-34.99486000 -1.07344300 -9.70443000 / 0.43830430 -0.77262330 -0.45928490 / 90 7 238 255 / 0.67709350 0.02264400
				-34.99486000 -1.07344300 -9.70443000 / 0.43830430 -0.77262330 -0.45928490 / 90 7 238 255 / 0.67709350 0.02264400
				-34.99486000 -1.07344300 -9.70443000 / 0.43830430 -0.77262330 -0.45928490 / 90 7 238 255 / 0.67709350 0.02264400
				-35.11079000 -1.17615200 -9.66437500 / 0.38720720 -0.68004450 -0.62258340 / 89 7 248 255 / 0.68244930 0.00160220
				-35.11079000 -1.17615200 -9.66437500 / 0.38720720 -0.68004450 -0.62258340 / 89 7 248 255 / 0.68244930 0.00160220
				-34.97867000 -1.10189800 -9.66341400 / 0.38641830 -0.67930760 -0.62387680 / 89 5 248 255 / 0.68244930 0.02264400
				-33.77981000 -3.51097800 -9.79427400 / 0.49094580 -0.86904950 -0.06103440 / 170 12 215 255 / 0.60626220 0.00160220
				-33.77981000 -3.51097800 -9.79427400 / 0.49094580 -0.86904950 -0.06103440 / 170 12 215 255 / 0.60626220 0.00160220
				-33.77981000 -3.51097800 -9.79427400 / 0.49094580 -0.86904950 -0.06103440 / 170 12 215 255 / 0.60626220 0.00160220
				-33.78430000 -3.50268700 -9.85920700 / 0.48561410 -0.86229410 -0.14362430 / 167 12 198 255 / 0.59230040 0.00160220
				-37.35341000 2.75678700 -9.52617600 / -0.47531700 0.85261910 0.21705890 / 154 65 255 255 / 0.64759830 0.00160220
				-37.35341000 2.75678700 -9.52617600 / -0.47531700 0.85261910 0.21705890 / 154 65 255 255 / 0.64759830 0.00160220
				-35.33798000 -0.47178220 -11.35580000 / -0.38871450 0.70364200 -0.59480180 / 94 23 0 255 / 0.75024410 0.00000000
				-35.33798000 -0.47178220 -11.35580000 / -0.38871450 0.70364200 -0.59480180 / 94 23 0 255 / 0.75024410 0.00000000
				-33.65216000 -3.42844100 -9.85824600 / 0.48751530 -0.86192560 -0.13933100 / 168 12 198 255 / 0.59230040 0.02264400
				-33.65216000 -3.42844100 -9.85824600 / 0.48751530 -0.86192560 -0.13933100 / 168 12 198 255 / 0.59230040 0.02264400
				-33.64806000 -3.43642200 -9.79379300 / 0.49209920 -0.86861230 -0.05788840 / 174 12 215 255 / 0.60626220 0.02264400
				-33.64806000 -3.43642200 -9.79379300 / 0.49209920 -0.86861230 -0.05788840 / 174 12 215 255 / 0.60626220 0.02264400
				-33.64806000 -3.43642200 -9.79379300 / 0.49209920 -0.86861230 -0.05788840 / 174 12 215 255 / 0.60626220 0.02264400
				-33.78061000 -3.50965300 -9.71907800 / 0.48407580 -0.85612080 0.18090850 / 183 12 232 255 / 0.62217710 0.00160220
				-33.78061000 -3.50965300 -9.71907800 / 0.48407580 -0.85612080 0.18090850 / 183 12 232 255 / 0.62217710 0.00160220
				-33.78061000 -3.50965300 -9.71907800 / 0.48407580 -0.85612080 0.18090850 / 183 12 232 255 / 0.62217710 0.00160220
				-33.78061000 -3.50965300 -9.71907800 / 0.48407580 -0.85612080 0.18090850 / 183 12 232 255 / 0.62217710 0.00160220
				-33.64855000 -3.43473300 -9.71858900 / 0.48484370 -0.85560510 0.18129180 / 182 12 232 255 / 0.62217710 0.02264400
				-33.64855000 -3.43473300 -9.71858900 / 0.48484370 -0.85560510 0.18129180 / 182 12 232 255 / 0.62217710 0.02264400
				-33.66269000 -3.40991400 -9.63803100 / 0.43715010 -0.77452520 0.45717660 / 196 11 251 255 / 0.64247130 0.02264400
				-33.66269000 -3.40991400 -9.63803100 / 0.43715010 -0.77452520 0.45717660 / 196 11 251 255 / 0.64247130 0.02264400
				-33.66269000 -3.40991400 -9.63803100 / 0.43715010 -0.77452520 0.45717660 / 196 11 251 255 / 0.64247130 0.02264400
				-33.79515000 -3.48451800 -9.63802300 / 0.43487620 -0.77393180 0.46033930 / 207 11 251 255 / 0.64247130 0.00160220
				-33.79515000 -3.48451800 -9.63802300 / 0.43487620 -0.77393180 0.46033930 / 207 11 251 255 / 0.64247130 0.00160220
				-33.79515000 -3.48451800 -9.63802300 / 0.43487620 -0.77393180 0.46033930 / 207 11 251 255 / 0.64247130 0.00160220
				-33.68450000 -3.37220400 -9.57551600 / 0.34027300 -0.60851930 0.71688120 / 218 10 255 255 / 0.67047120 0.02264400
				-33.68450000 -3.37220400 -9.57551600 / 0.34027300 -0.60851930 0.71688120 / 218 10 255 255 / 0.67047120 0.02264400
				-33.68450000 -3.37220400 -9.57551600 / 0.34027300 -0.60851930 0.71688120 / 218 10 255 255 / 0.67047120 0.02264400
				-33.81663000 -3.44644600 -9.57601200 / 0.33874090 -0.60736380 0.71858470 / 228 9 255 255 / 0.67047120 0.00160220
				-33.81663000 -3.44644600 -9.57601200 / 0.33874090 -0.60736380 0.71858470 / 228 9 255 255 / 0.67047120 0.00160220
				-33.81663000 -3.44644600 -9.57601200 / 0.33874090 -0.60736380 0.71858470 / 228 9 255 255 / 0.67047120 0.00160220
				-33.72132000 -3.30767000 -9.52669500 / 0.20027680 -0.36273940 0.91011500 / 237 8 255 255 / 0.69235230 0.02264400
				-33.72132000 -3.30767000 -9.52669500 / 0.20027680 -0.36273940 0.91011500 / 237 8 255 255 / 0.69235230 0.02264400
				-33.72132000 -3.30767000 -9.52669500 / 0.20027680 -0.36273940 0.91011500 / 237 8 255 255 / 0.69235230 0.02264400
				-33.85345000 -3.38190800 -9.52718400 / 0.20179870 -0.36313750 0.90962000 / 243 8 255 255 / 0.69235230 0.00160220
				-33.85345000 -3.38190800 -9.52718400 / 0.20179870 -0.36313750 0.90962000 / 243 8 255 255 / 0.69235230 0.00160220
				-33.85345000 -3.38190800 -9.52718400 / 0.20179870 -0.36313750 0.90962000 / 243 8 255 255 / 0.69235230 0.00160220
				-35.47011000 -0.54603340 -11.35722000 / -0.38910530 0.70381680 -0.59433920 / 93 29 0 255 / 0.75024410 0.02156070
				-37.22089000 2.83070300 -9.52616100 / -0.47567990 0.85241880 0.21705040 / 154 63 255 255 / 0.64759830 0.02264400
				-33.76183000 -3.23616600 -9.50372300 / 0.06599290 -0.12013670 0.99056150 / 246 8 255 255 / 0.70504760 0.02264400
				-33.76183000 -3.23616600 -9.50372300 / 0.06599290 -0.12013670 0.99056150 / 246 8 255 255 / 0.70504760 0.02264400
				-33.76183000 -3.23616600 -9.50372300 / 0.06599290 -0.12013670 0.99056150 / 246 8 255 255 / 0.70504760 0.02264400
				-33.89397000 -3.31040200 -9.50375400 / 0.06752230 -0.12042910 0.99042290 / 247 10 255 255 / 0.70504760 0.00160220
				-33.89397000 -3.31040200 -9.50375400 / 0.06752230 -0.12042910 0.99042290 / 247 10 255 255 / 0.70504760 0.00160220
				-33.89397000 -3.31040200 -9.50375400 / 0.06752230 -0.12042910 0.99042290 / 247 10 255 255 / 0.70504760 0.00160220
				-33.80269000 -3.16434900 -9.50371500 / -0.04997060 0.08942730 0.99473900 / 245 15 255 255 / 0.71586610 0.02264400
				-33.80269000 -3.16434900 -9.50371500 / -0.04997060 0.08942730 0.99473900 / 245 15 255 255 / 0.71586610 0.02264400
				-33.80269000 -3.16434900 -9.50371500 / -0.04997060 0.08942730 0.99473900 / 245 15 255 255 / 0.71586610 0.02264400
				-33.93520000 -3.23826900 -9.50373000 / -0.05226280 0.09160290 0.99442320 / 241 20 255 255 / 0.71586610 0.00160220
				-33.93520000 -3.23826900 -9.50373000 / -0.05226280 0.09160290 0.99442320 / 241 20 255 255 / 0.71586610 0.00160220
				-33.93520000 -3.23826900 -9.50373000 / -0.05226280 0.09160290 0.99442320 / 241 20 255 255 / 0.71586610 0.00160220
				-33.84557000 -3.08957100 -9.52179700 / -0.16326990 0.28844030 0.94347510 / 235 25 255 255 / 0.72293090 0.02264400
				-33.84557000 -3.08957100 -9.52179700 / -0.16326990 0.28844030 0.94347510 / 235 25 255 255 / 0.72293090 0.02264400
				-33.84557000 -3.08957100 -9.52179700 / -0.16326990 0.28844030 0.94347510 / 235 25 255 255 / 0.72293090 0.02264400
				-33.97810000 -3.16349300 -9.52227800 / -0.16402620 0.28969230 0.94296010 / 226 31 255 255 / 0.72293090 0.00160220
				-33.97810000 -3.16349300 -9.52227800 / -0.16402620 0.28969230 0.94296010 / 226 31 255 255 / 0.72293090 0.00160220
				-33.97810000 -3.16349300 -9.52227800 / -0.16402620 0.28969230 0.94296010 / 226 31 255 255 / 0.72293090 0.00160220
				-33.88122000 -3.02667800 -9.55840300 / -0.28991950 0.51775430 0.80490820 / 216 34 255 255 / 0.72392270 0.02264400
				-33.88122000 -3.02667800 -9.55840300 / -0.28991950 0.51775430 0.80490820 / 216 34 255 255 / 0.72392270 0.02264400
				-33.88122000 -3.02667800 -9.55840300 / -0.28991950 0.51775430 0.80490820 / 216 34 255 255 / 0.72392270 0.02264400
				-34.01373000 -3.10059800 -9.55841800 / -0.28914830 0.51807320 0.80498040 / 203 41 255 255 / 0.72392270 0.00160220
				-34.01373000 -3.10059800 -9.55841800 / -0.28914830 0.51807320 0.80498040 / 203 41 255 255 / 0.72392270 0.00160220
				-34.01373000 -3.10059800 -9.55841800 / -0.28914830 0.51807320 0.80498040 / 203 41 255 255 / 0.72392270 0.00160220
				-33.91072000 -2.97539800 -9.61994200 / -0.39520330 0.70855730 0.58460330 / 188 45 255 255 / 0.71836850 0.02264400
				-33.91072000 -2.97539800 -9.61994200 / -0.39520330 0.70855730 0.58460330 / 188 45 255 255 / 0.71836850 0.02264400
				-33.91072000 -2.97539800 -9.61994200 / -0.39520330 0.70855730 0.58460330 / 188 45 255 255 / 0.71836850 0.02264400
				-35.21535000 -0.68725400 -11.21856000 / -0.39178040 0.70021920 0.59682600 / 148 51 0 255 / 0.68405150 0.00000000
				-35.21535000 -0.68725400 -11.21856000 / -0.39178040 0.70021920 0.59682600 / 148 51 0 255 / 0.68405150 0.00000000
				-34.04321000 -3.04932200 -9.61992600 / -0.39404960 0.70865990 0.58525720 / 173 52 255 255 / 0.71836850 0.00160220
				-34.04321000 -3.04932200 -9.61992600 / -0.39404960 0.70865990 0.58525720 / 173 52 255 255 / 0.71836850 0.00160220
				-34.04321000 -3.04932200 -9.61992600 / -0.39404960 0.70865990 0.58525720 / 173 52 255 255 / 0.71836850 0.00160220
				-36.72409000 1.65238900 -9.45780200 / 0.00572180 0.00309930 -0.99997870 / 125 21 255 255 / 0.49687200 0.00238040
				-36.72409000 1.65238900 -9.45780200 / 0.00572180 0.00309930 -0.99997870 / 125 21 255 255 / 0.49687200 0.00238040
				-33.93256000 -2.93701000 -9.70440600 / -0.45281070 0.81723840 0.35648830 / 160 53 241 255 / 0.70536800 0.02264400
				-33.93256000 -2.93701000 -9.70440600 / -0.45281070 0.81723840 0.35648830 / 160 53 241 255 / 0.70536800 0.02264400
				-33.93256000 -2.93701000 -9.70440600 / -0.45281070 0.81723840 0.35648830 / 160 53 241 255 / 0.70536800 0.02264400
				-34.06512000 -3.01024800 -9.70441500 / -0.45281040 0.81740490 0.35610660 / 149 58 241 255 / 0.70536800 0.00160220
				-34.06512000 -3.01024800 -9.70441500 / -0.45281040 0.81740490 0.35610660 / 149 58 241 255 / 0.70536800 0.00160220
				-34.06512000 -3.01024800 -9.70441500 / -0.45281040 0.81740490 0.35610660 / 149 58 241 255 / 0.70536800 0.00160220
				-33.94588000 -2.91419300 -9.81035600 / -0.48294430 0.86897070 0.10795670 / 138 56 211 255 / 0.68148800 0.02264400
				-33.94588000 -2.91419300 -9.81035600 / -0.48294430 0.86897070 0.10795670 / 138 56 211 255 / 0.68148800 0.02264400
				-33.94588000 -2.91419300 -9.81035600 / -0.48294430 0.86897070 0.10795670 / 138 56 211 255 / 0.68148800 0.02264400
				-33.94588000 -2.91419300 -9.81035600 / -0.48294430 0.86897070 0.10795670 / 138 56 211 255 / 0.68148800 0.02264400
				-34.07804000 -2.98774000 -9.81086700 / -0.48407320 0.86872830 0.10480620 / 138 61 211 255 / 0.68148800 0.00160220
				-34.07804000 -2.98774000 -9.81086700 / -0.48407320 0.86872830 0.10480620 / 138 61 211 255 / 0.68148800 0.00160220
				-34.07721000 -2.98974700 -9.88801600 / -0.48255520 0.86654900 -0.12740980 / 130 55 185 255 / 0.65736390 0.00160220
				-34.07721000 -2.98974700 -9.88801600 / -0.48255520 0.86654900 -0.12740980 / 130 55 185 255 / 0.65736390 0.00160220
				-34.07721000 -2.98974700 -9.88801600 / -0.48255520 0.86654900 -0.12740980 / 130 55 185 255 / 0.65736390 0.00160220
				-33.94471000 -2.91583400 -9.88752000 / -0.48294030 0.86646010 -0.12655250 / 125 50 185 255 / 0.65736390 0.02264400
				-33.94471000 -2.91583400 -9.88752000 / -0.48294030 0.86646010 -0.12655250 / 125 50 185 255 / 0.65736390 0.02264400
				-33.94471000 -2.91583400 -9.88752000 / -0.48294030 0.86646010 -0.12655250 / 125 50 185 255 / 0.65736390 0.02264400
				-34.06913000 -3.00364300 -9.95734400 / -0.45051750 0.81019710 -0.37498620 / 120 49 170 255 / 0.64093020 0.00160220
				-34.06913000 -3.00364300 -9.95734400 / -0.45051750 0.81019710 -0.37498620 / 120 49 170 255 / 0.64093020 0.00160220
				-34.06913000 -3.00364300 -9.95734400 / -0.45051750 0.81019710 -0.37498620 / 120 49 170 255 / 0.64093020 0.00160220
				-33.93663000 -2.92971600 -9.95684100 / -0.44975290 0.81000360 -0.37632000 / 118 41 170 255 / 0.64093020 0.02264400
				-33.93663000 -2.92971600 -9.95684100 / -0.44975290 0.81000360 -0.37632000 / 118 41 170 255 / 0.64093020 0.02264400
				-33.93663000 -2.92971600 -9.95684100 / -0.44975290 0.81000360 -0.37632000 / 118 41 170 255 / 0.64093020 0.02264400
				-35.34786000 -0.76117210 -11.21854000 / -0.39025140 0.69985600 0.59825190 / 150 53 0 255 / 0.68405150 0.02156070
				-34.05012000 -3.03706300 -10.02131000 / -0.35399890 0.64233820 -0.67976940 / 117 37 157 255 / 0.62443540 0.00160220
				-34.05012000 -3.03706300 -10.02131000 / -0.35399890 0.64233820 -0.67976940 / 117 37 157 255 / 0.62443540 0.00160220
				-34.05012000 -3.03706300 -10.02131000 / -0.35399890 0.64233820 -0.67976940 / 117 37 157 255 / 0.62443540 0.00160220
				-33.91759000 -2.96315900 -10.02033000 / -0.35284680 0.64137050 -0.68128040 / 118 28 157 255 / 0.62443540 0.02264400
				-33.91759000 -2.96315900 -10.02033000 / -0.35284680 0.64137050 -0.68128040 / 118 28 157 255 / 0.62443540 0.02264400
				-33.91759000 -2.96315900 -10.02033000 / -0.35284680 0.64137050 -0.68128040 / 118 28 157 255 / 0.62443540 0.02264400
				-36.82575000 1.83146800 -9.45781700 / 0.00572180 0.00311120 -0.99997870 / 125 20 255 255 / 0.52383420 0.00238040
				-34.02061000 -3.08834700 -10.06329000 / -0.20905030 0.38693850 -0.89809600 / 119 22 147 255 / 0.60815430 0.00160220
				-34.02061000 -3.08834700 -10.06329000 / -0.20905030 0.38693850 -0.89809600 / 119 22 147 255 / 0.60815430 0.00160220
				-34.02061000 -3.08834700 -10.06329000 / -0.20905030 0.38693850 -0.89809600 / 119 22 147 255 / 0.60815430 0.00160220
				-33.88810000 -3.01442700 -10.06232000 / -0.20867100 0.38601280 -0.89858250 / 120 15 147 255 / 0.60815430 0.02264400
				-33.88810000 -3.01442700 -10.06232000 / -0.20867100 0.38601280 -0.89858250 / 120 15 147 255 / 0.60815430 0.02264400
				-33.88810000 -3.01442700 -10.06232000 / -0.20867100 0.38601280 -0.89858250 / 120 15 147 255 / 0.60815430 0.02264400
				-33.98134000 -3.15752700 -10.08721000 / -0.08697140 0.16903160 -0.98176580 / 121 9 140 255 / 0.59410100 0.00160220
				-33.98134000 -3.15752700 -10.08721000 / -0.08697140 0.16903160 -0.98176580 / 121 9 140 255 / 0.59410100 0.00160220
				-33.98134000 -3.15752700 -10.08721000 / -0.08697140 0.16903160 -0.98176580 / 121 9 140 255 / 0.59410100 0.00160220
				-33.84884000 -3.08361200 -10.08625000 / -0.08697270 0.16839040 -0.98187600 / 121 5 140 255 / 0.59410100 0.02264400
				-33.84884000 -3.08361200 -10.08625000 / -0.08697270 0.16839040 -0.98187600 / 121 5 140 255 / 0.59410100 0.02264400
				-33.84884000 -3.08361200 -10.08625000 / -0.08697270 0.16839040 -0.98187600 / 121 5 140 255 / 0.59410100 0.02264400
				-33.93275000 -3.24291500 -10.09602000 / 0.00953690 -0.00357640 -0.99994810 / 122 3 137 255 / 0.57739260 0.00160220
				-33.93275000 -3.24291500 -10.09602000 / 0.00953690 -0.00357640 -0.99994810 / 122 3 137 255 / 0.57739260 0.00160220
				-33.93275000 -3.24291500 -10.09602000 / 0.00953690 -0.00357640 -0.99994810 / 122 3 137 255 / 0.57739260 0.00160220
				-33.80063000 -3.16868500 -10.09502000 / 0.00991840 -0.00422010 -0.99994190 / 123 3 137 255 / 0.57739260 0.02264400
				-33.80063000 -3.16868500 -10.09502000 / 0.00991840 -0.00422010 -0.99994190 / 123 3 137 255 / 0.57739260 0.02264400
				-33.80063000 -3.16868500 -10.09502000 / 0.00991840 -0.00422010 -0.99994190 / 123 3 137 255 / 0.57739260 0.02264400
				-33.87814000 -3.33855400 -10.08431000 / 0.14877900 -0.25175600 -0.95628640 / 125 3 141 255 / 0.56336980 0.00160220
				-33.87814000 -3.33855400 -10.08431000 / 0.14877900 -0.25175600 -0.95628640 / 125 3 141 255 / 0.56336980 0.00160220
				-33.87814000 -3.33855400 -10.08431000 / 0.14877900 -0.25175600 -0.95628640 / 125 3 141 255 / 0.56336980 0.00160220
				-35.31830000 -0.81314440 -11.13847000 / -0.43565550 0.77979640 0.44957970 / 146 53 0 255 / 0.65713500 0.02156070
				-35.31830000 -0.81314440 -11.13847000 / -0.43565550 0.77979640 0.44957970 / 146 53 0 255 / 0.65713500 0.02156070
				-35.31830000 -0.81314440 -11.13847000 / -0.43565550 0.77979640 0.44957970 / 146 53 0 255 / 0.65713500 0.02156070
				-33.74600000 -3.26430800 -10.08331000 / 0.14838830 -0.25293250 -0.95603660 / 128 5 141 255 / 0.56336980 0.02264400
				-33.74600000 -3.26430800 -10.08331000 / 0.14838830 -0.25293250 -0.95603660 / 128 5 141 255 / 0.56336980 0.02264400
				-33.74600000 -3.26430800 -10.08331000 / 0.14838830 -0.25293250 -0.95603660 / 128 5 141 255 / 0.56336980 0.02264400
				-33.83604000 -3.41269700 -10.03891000 / 0.30746690 -0.53923520 -0.78402140 / 131 6 152 255 / 0.56344600 0.00160220
				-33.83604000 -3.41269700 -10.03891000 / 0.30746690 -0.53923520 -0.78402140 / 131 6 152 255 / 0.56344600 0.00160220
				-33.83604000 -3.41269700 -10.03891000 / 0.30746690 -0.53923520 -0.78402140 / 131 6 152 255 / 0.56344600 0.00160220
				-33.70357000 -3.33809700 -10.03840000 / 0.30783780 -0.54017050 -0.78323170 / 133 8 152 255 / 0.56344600 0.02264400
				-33.70357000 -3.33809700 -10.03840000 / 0.30783780 -0.54017050 -0.78323170 / 133 8 152 255 / 0.56344600 0.02264400
				-33.70357000 -3.33809700 -10.03840000 / 0.30783780 -0.54017050 -0.78323170 / 133 8 152 255 / 0.56344600 0.02264400
				-36.69388000 1.90464900 -9.45684800 / 0.00572180 0.00311120 -0.99997870 / 125 21 255 255 / 0.52383420 0.02264400
				-36.69388000 1.90464900 -9.45684800 / 0.00572180 0.00311120 -0.99997870 / 125 21 255 255 / 0.52383420 0.02264400
				-33.80856000 -3.46032900 -9.97590600 / 0.39787360 -0.70116640 -0.59166060 / 136 9 171 255 / 0.57218930 0.00160220
				-33.80856000 -3.46032900 -9.97590600 / 0.39787360 -0.70116640 -0.59166060 / 136 9 171 255 / 0.57218930 0.00160220
				-33.80856000 -3.46032900 -9.97590600 / 0.39787360 -0.70116640 -0.59166060 / 136 9 171 255 / 0.57218930 0.00160220
				-33.67642000 -3.38609100 -9.97493000 / 0.39825690 -0.70167030 -0.59080480 / 138 9 171 255 / 0.57218930 0.02264400
				-33.67642000 -3.38609100 -9.97493000 / 0.39825690 -0.70167030 -0.59080480 / 138 9 171 255 / 0.57218930 0.02264400
				-33.67642000 -3.38609100 -9.97493000 / 0.39825690 -0.70167030 -0.59080480 / 138 9 171 255 / 0.57218930 0.02264400
				-33.79156000 -3.49011700 -9.91975400 / 0.42075440 -0.74225660 -0.52155610 / 139 9 182 255 / 0.57966610 0.00160220
				-33.79156000 -3.49011700 -9.91975400 / 0.42075440 -0.74225660 -0.52155610 / 139 9 182 255 / 0.57966610 0.00160220
				-33.65981000 -3.41555600 -9.91976200 / 0.41998660 -0.74189050 -0.52269450 / 139 9 182 255 / 0.57966610 0.02264400
				-33.96718000 -3.18234100 -9.70537500 / 0.44097240 -0.77201160 -0.45775680 / 94 8 238 255 / 0.67709350 0.00160220
				-33.96718000 -3.18234100 -9.70537500 / 0.44097240 -0.77201160 -0.45775680 / 94 8 238 255 / 0.67709350 0.00160220
				-33.96718000 -3.18234100 -9.70537500 / 0.44097240 -0.77201160 -0.45775680 / 94 8 238 255 / 0.67709350 0.00160220
				-33.97203000 -3.17373700 -9.74004400 / 0.47644490 -0.83542360 -0.27398440 / 94 9 228 255 / 0.66999820 0.00160220
				-37.63059000 3.24293200 -9.74299700 / 0.01106270 0.00042920 0.99993880 / 109 11 228 255 / 0.66999820 0.00160220
				-33.84033000 -3.09849200 -9.74054700 / 0.47455370 -0.83495130 -0.27866680 / 94 8 228 255 / 0.66999820 0.02264400
				-33.84033000 -3.09849200 -9.74054700 / 0.47455370 -0.83495130 -0.27866680 / 94 8 228 255 / 0.66999820 0.02264400
				-33.83542000 -3.10779700 -9.70440600 / 0.43829330 -0.77018410 -0.46337400 / 94 7 238 255 / 0.67709350 0.02264400
				-33.83542000 -3.10779700 -9.70440600 / 0.43829330 -0.77018410 -0.46337400 / 94 7 238 255 / 0.67709350 0.02264400
				-33.83542000 -3.10779700 -9.70440600 / 0.43829330 -0.77018410 -0.46337400 / 94 7 238 255 / 0.67709350 0.02264400
				-33.95097000 -3.21081000 -9.66438300 / 0.38720320 -0.67751030 -0.62534270 / 94 6 248 255 / 0.68244930 0.00160220
				-33.95097000 -3.21081000 -9.66438300 / 0.38720320 -0.67751030 -0.62534270 / 94 6 248 255 / 0.68244930 0.00160220
				-33.81884000 -3.13658400 -9.66338400 / 0.38414630 -0.67554630 -0.62934000 / 93 5 248 255 / 0.68244930 0.02264400
				-36.59232000 1.72694000 -9.45682500 / 0.00572180 0.00309930 -0.99997870 / 124 21 255 255 / 0.49687200 0.02264400
				-36.60033000 1.43597900 -9.87088800 / -0.86909140 -0.49464630 0.00228910 / 220 107 196 255 / 0.42903140 0.13339230
				-36.60033000 1.43597900 -9.87088800 / -0.86909140 -0.49464630 0.00228910 / 220 107 196 255 / 0.42903140 0.13339230
				-36.60033000 1.43597900 -9.87088800 / -0.86909140 -0.49464630 0.00228910 / 220 107 196 255 / 0.42903140 0.13339230
				-36.56430000 1.37277300 -9.52764100 / -0.86831140 -0.49601950 -0.00019080 / 220 107 255 255 / 0.45085140 0.06251530
				-36.66786000 1.55411700 -9.52762600 / -0.86855400 -0.49559460 -0.00028610 / 220 107 255 255 / 0.39698790 0.06214910
				-36.66786000 1.55411700 -9.52762600 / -0.86855400 -0.49559460 -0.00028610 / 220 107 255 255 / 0.39698790 0.06214910
				-36.71121000 1.63058200 -9.94413000 / -0.86979090 -0.49341800 0.00152590 / 219 107 178 255 / 0.37019350 0.14901730
				-36.71121000 1.63058200 -9.94413000 / -0.86979090 -0.49341800 0.00152590 / 219 107 178 255 / 0.37019350 0.14901730
				-36.71121000 1.63058200 -9.94413000 / -0.86979090 -0.49341800 0.00152590 / 219 107 178 255 / 0.37019350 0.14901730
				-36.71121000 1.63058200 -9.94413000 / -0.86979090 -0.49341800 0.00152590 / 219 107 178 255 / 0.37019350 0.14901730
				-36.59663000 1.42901400 -9.90556300 / -0.86833090 -0.49598300 0.00152610 / 220 107 187 255 / 0.43243410 0.14320370
				-36.59663000 1.42901400 -9.90556300 / -0.86833090 -0.49598300 0.00152610 / 220 107 187 255 / 0.43243410 0.14320370
				-36.59663000 1.42901400 -9.90556300 / -0.86833090 -0.49598300 0.00152610 / 220 107 187 255 / 0.43243410 0.14320370
				-36.59663000 1.42901400 -9.90556300 / -0.86833090 -0.49598300 0.00152610 / 220 107 187 255 / 0.43243410 0.14320370
				-35.18578000 -0.73922180 -11.13801000 / -0.43527040 0.78039800 0.44890840 / 142 53 0 255 / 0.65713500 0.00000000
				-35.18578000 -0.73922180 -11.13801000 / -0.43527040 0.78039800 0.44890840 / 142 53 0 255 / 0.65713500 0.00000000
				-35.18578000 -0.73922180 -11.13801000 / -0.43527040 0.78039800 0.44890840 / 142 53 0 255 / 0.65713500 0.00000000
				-36.70838000 1.62561900 -9.99344600 / -0.87587020 -0.48254400 -0.00162130 / 219 107 165 255 / 0.37187190 0.15849300
				-36.69295000 1.59778900 -10.05010000 / -0.86931510 -0.49425840 0.00019070 / 220 107 151 255 / 0.38050840 0.16938780
				-36.69295000 1.59778900 -10.05010000 / -0.86931510 -0.49425840 0.00019070 / 220 107 151 255 / 0.38050840 0.16938780
				-36.69295000 1.59778900 -10.05010000 / -0.86931510 -0.49425840 0.00019070 / 220 107 151 255 / 0.38050840 0.16938780
				-36.69295000 1.59778900 -10.05010000 / -0.86931510 -0.49425840 0.00019070 / 220 107 151 255 / 0.38050840 0.16938780
				-36.62579000 1.48065600 -10.09648000 / -0.86831590 -0.49601020 -0.00114450 / 220 107 140 255 / 0.41831970 0.17863460
				-36.62579000 1.48065600 -10.09648000 / -0.86831590 -0.49601020 -0.00114450 / 220 107 140 255 / 0.41831970 0.17863460
				-36.62579000 1.48065600 -10.09648000 / -0.86831590 -0.49601020 -0.00114450 / 220 107 140 255 / 0.41831970 0.17863460
				-36.62579000 1.48065600 -10.09648000 / -0.86831590 -0.49601020 -0.00114450 / 220 107 140 255 / 0.41831970 0.17863460
				-36.66345000 1.54650300 -10.08720000 / -0.86850100 -0.49565960 -0.00524460 / 220 106 142 255 / 0.39663700 0.17662050
				-36.57485000 1.39130400 -9.93047400 / -0.86863600 -0.49545060 -0.00057220 / 221 106 181 255 / 0.45146180 0.15014650
				-36.57485000 1.39130400 -9.93047400 / -0.86863600 -0.49545060 -0.00057220 / 221 106 181 255 / 0.45146180 0.15014650
				-36.57485000 1.39130400 -9.93047400 / -0.86863600 -0.49545060 -0.00057220 / 221 106 181 255 / 0.45146180 0.15014650
				-36.57485000 1.39130400 -9.93047400 / -0.86863600 -0.49545060 -0.00057220 / 221 106 181 255 / 0.45146180 0.15014650
				-36.70839000 1.62561100 -9.31180600 / 0.48179470 -0.85096090 -0.20914010 / 140 13 255 255 / 0.52708440 0.00238040
				-36.70839000 1.62561100 -9.31180600 / 0.48179470 -0.85096090 -0.20914010 / 140 13 255 255 / 0.52708440 0.00238040
				-36.59424000 1.42505000 -10.08525000 / -0.86974500 -0.49349920 0.00143050 / 221 106 142 255 / 0.43833920 0.17640690
				-36.59424000 1.42505000 -10.08525000 / -0.86974500 -0.49349920 0.00143050 / 221 106 142 255 / 0.43833920 0.17640690
				-36.55336000 1.35322300 -10.04376000 / -0.86903690 -0.49474640 0.00076300 / 221 106 153 255 / 0.46595760 0.16761780
				-36.55336000 1.35322300 -10.04376000 / -0.86903690 -0.49474640 0.00076300 / 221 106 153 255 / 0.46595760 0.16761780
				-36.55336000 1.35322300 -10.04376000 / -0.86903690 -0.49474640 0.00076300 / 221 106 153 255 / 0.46595760 0.16761780
				-36.54768000 1.34329800 -9.92314900 / -0.86788830 -0.49675880 0.00076300 / 221 106 183 255 / 0.47644040 0.14787290
				-36.54768000 1.34329800 -9.92314900 / -0.86788830 -0.49675880 0.00076300 / 221 106 183 255 / 0.47644040 0.14787290
				-36.54768000 1.34329800 -9.92314900 / -0.86788830 -0.49675880 0.00076300 / 221 106 183 255 / 0.47644040 0.14787290
				-36.52911000 1.31088000 -10.00470000 / -0.86854860 -0.49560340 0.00066750 / 221 106 163 255 / 0.49485780 0.15275570
				-36.52911000 1.31088000 -10.00470000 / -0.86854860 -0.49560340 0.00066750 / 221 106 163 255 / 0.49485780 0.15275570
				-36.52911000 1.31088000 -10.00470000 / -0.86854860 -0.49560340 0.00066750 / 221 106 163 255 / 0.49485780 0.15275570
				-36.52911000 1.31088000 -10.00470000 / -0.86854860 -0.49560340 0.00066750 / 221 106 163 255 / 0.49485780 0.15275570
				-36.52911000 1.31088000 -10.00470000 / -0.86854860 -0.49560340 0.00066750 / 221 106 163 255 / 0.49485780 0.15275570
				-35.30338000 -0.83859000 -11.03983000 / -0.47835540 0.85906800 0.18214890 / 133 56 0 255 / 0.62873840 0.02156070
				-35.30338000 -0.83859000 -11.03983000 / -0.47835540 0.85906800 0.18214890 / 133 56 0 255 / 0.62873840 0.02156070
				-35.30338000 -0.83859000 -11.03983000 / -0.47835540 0.85906800 0.18214890 / 133 56 0 255 / 0.62873840 0.02156070
				-35.30338000 -0.83859000 -11.03983000 / -0.47835540 0.85906800 0.18214890 / 133 56 0 255 / 0.62873840 0.02156070
				-36.52224000 1.29932300 -9.85968800 / -0.87498370 -0.48414460 0.00276530 / 221 106 199 255 / 0.49687200 0.13214110
				-36.52224000 1.29932300 -9.85968800 / -0.87498370 -0.48414460 0.00276530 / 221 106 199 255 / 0.49687200 0.13214110
				-36.51048000 1.27845300 -9.77474200 / -0.86926850 -0.49433920 0.00104890 / 220 106 220 255 / 0.50500490 0.11293030
				-36.51048000 1.27845300 -9.77474200 / -0.86926850 -0.49433920 0.00104890 / 220 106 220 255 / 0.50500490 0.11293030
				-36.51048000 1.27845300 -9.77474200 / -0.86926850 -0.49433920 0.00104890 / 220 106 220 255 / 0.50500490 0.11293030
				-36.44124000 1.15631200 -10.08430000 / -0.86928390 -0.49431230 0.00095360 / 220 106 143 255 / 0.53842160 0.17593380
				-36.44124000 1.15631200 -10.08430000 / -0.86928390 -0.49431230 0.00095360 / 220 106 143 255 / 0.53842160 0.17593380
				-36.44124000 1.15631200 -10.08430000 / -0.86928390 -0.49431230 0.00095360 / 220 106 143 255 / 0.53842160 0.17593380
				-36.44124000 1.15631200 -10.08430000 / -0.86928390 -0.49431230 0.00095360 / 220 106 143 255 / 0.53842160 0.17593380
				-36.53716000 1.32477900 -10.08430000 / -0.86900560 -0.49480000 0.00152590 / 221 106 143 255 / 0.48905940 0.17556760
				-36.48099000 1.22718500 -9.52764900 / -0.86965890 -0.49365290 0.00076290 / 219 106 255 255 / 0.52285770 0.06208800
				-36.48099000 1.22718500 -9.52764900 / -0.86965890 -0.49365290 0.00076290 / 219 106 255 255 / 0.52285770 0.06208800
				-36.38014000 1.04942400 -9.52765700 / -0.86977120 -0.49345450 0.00076300 / 219 106 255 255 / 0.57542420 0.06246950
				-38.22747000 4.28971600 -9.85140200 / 0.43905700 -0.85904120 -0.26320530 / 129 18 201 255 / 0.80337520 0.00219730
				-38.22747000 4.28971600 -9.85140200 / 0.43905700 -0.85904120 -0.26320530 / 129 18 201 255 / 0.80337520 0.00219730
				-36.72409000 1.65238500 -9.45780200 / 0.48293940 -0.85061560 -0.20790040 / 140 12 255 255 / 0.49687200 0.00238040
				-35.98234000 0.35145160 -9.73075100 / -0.86790790 -0.49664770 0.00877450 / 221 103 233 255 / 0.86614990 0.10180660
				-35.98234000 0.35145160 -9.73075100 / -0.86790790 -0.49664770 0.00877450 / 221 103 233 255 / 0.86614990 0.10180660
				-35.98234000 0.35145160 -9.73075100 / -0.86790790 -0.49664770 0.00877450 / 221 103 233 255 / 0.86614990 0.10180660
				-36.01726000 0.41371570 -10.08818000 / -0.86903270 -0.49475290 -0.00133520 / 219 103 143 255 / 0.84425350 0.17602540
				-35.17083000 -0.76535950 -11.03937000 / -0.47607580 0.86063430 0.18072190 / 133 54 0 255 / 0.62873840 0.00000000
				-35.17083000 -0.76535950 -11.03937000 / -0.47607580 0.86063430 0.18072190 / 133 54 0 255 / 0.62873840 0.00000000
				-35.91646000 0.23664770 -10.08818000 / -0.86858570 -0.49553810 -0.00095370 / 220 103 143 255 / 0.89680480 0.17642210
				-35.91646000 0.23664770 -10.08818000 / -0.86858570 -0.49553810 -0.00095370 / 220 103 143 255 / 0.89680480 0.17642210
				-35.87440000 0.16318960 -9.71954300 / -0.86856610 -0.49557310 -0.00057220 / 223 103 236 255 / 0.92268370 0.09950260
				-35.87440000 0.16318960 -9.71954300 / -0.86856610 -0.49557310 -0.00057220 / 223 103 236 255 / 0.92268370 0.09950260
				-35.87440000 0.16318960 -9.71954300 / -0.86856610 -0.49557310 -0.00057220 / 223 103 236 255 / 0.92268370 0.09950260
				-35.87440000 0.16318960 -9.71954300 / -0.86856610 -0.49557310 -0.00057220 / 223 103 236 255 / 0.92268370 0.09950260
				-35.98690000 0.36042590 -9.70243800 / -0.86864230 -0.49541850 0.00457780 / 224 103 240 255 / 0.86160280 0.09327700
				-35.98690000 0.36042590 -9.70243800 / -0.86864230 -0.49541850 0.00457780 / 224 103 240 255 / 0.86160280 0.09327700
				-35.98690000 0.36042590 -9.70243800 / -0.86864230 -0.49541850 0.00457780 / 224 103 240 255 / 0.86160280 0.09327700
				-35.98690000 0.36042590 -9.70243800 / -0.86864230 -0.49541850 0.00457780 / 224 103 240 255 / 0.86160280 0.09327700
				-35.90425000 0.21478360 -9.53449300 / -0.86975120 -0.49348940 -0.00104900 / 225 103 255 255 / 0.90693660 0.06295780
				-35.90425000 0.21478360 -9.53449300 / -0.86975120 -0.49348940 -0.00104900 / 225 103 255 255 / 0.90693660 0.06295780
				-35.90425000 0.21478360 -9.53449300 / -0.86975120 -0.49348940 -0.00104900 / 225 103 255 255 / 0.90693660 0.06295780
				-35.90425000 0.21478360 -9.53449300 / -0.86975120 -0.49348940 -0.00104900 / 225 103 255 255 / 0.90693660 0.06295780
				-35.90425000 0.21478360 -9.53449300 / -0.86975120 -0.49348940 -0.00104900 / 225 103 255 255 / 0.90693660 0.06295780
				-35.87232000 0.15885930 -9.64093000 / -0.87170510 -0.49001370 -0.00410100 / 226 103 255 255 / 0.92413330 0.08332820
				-35.87232000 0.15885930 -9.64093000 / -0.87170510 -0.49001370 -0.00410100 / 226 103 255 255 / 0.92413330 0.08332820
				-35.88198000 0.17538880 -9.57698100 / -0.87324200 -0.48724960 -0.00600850 / 226 103 255 255 / 0.91899110 0.07098390
				-35.98000000 0.34817760 -9.51834800 / -0.86899750 -0.49481630 0.00028610 / 225 103 255 255 / 0.86135860 0.05970760
				-35.98000000 0.34817760 -9.51834800 / -0.86899750 -0.49481630 0.00028610 / 225 103 255 255 / 0.86135860 0.05970760
				-35.98000000 0.34817760 -9.51834800 / -0.86899750 -0.49481630 0.00028610 / 225 103 255 255 / 0.86135860 0.05970760
				-35.98000000 0.34817760 -9.51834800 / -0.86899750 -0.49481630 0.00028610 / 225 103 255 255 / 0.86135860 0.05970760
				-35.94034000 0.27867800 -9.51493900 / -0.86869310 -0.49514940 0.01411580 / 226 103 255 255 / 0.88632200 0.05896000
				-36.59234000 1.72695100 -9.45682500 / 0.48179000 -0.85094060 -0.20923340 / 140 13 255 255 / 0.49687200 0.02264400
				-36.59234000 1.72695100 -9.45682500 / 0.48179000 -0.85094060 -0.20923340 / 140 13 255 255 / 0.49687200 0.02264400
				-36.00672000 0.39518200 -9.68291400 / -0.86859850 -0.49551560 -0.00095370 / 223 103 245 255 / 0.84312440 0.08790590
				-36.00672000 0.39518200 -9.68291400 / -0.86859850 -0.49551560 -0.00095370 / 223 103 245 255 / 0.84312440 0.08790590
				-36.00672000 0.39518200 -9.68291400 / -0.86859850 -0.49551560 -0.00095370 / 223 103 245 255 / 0.84312440 0.08790590
				-36.00672000 0.39518200 -9.68291400 / -0.86859850 -0.49551560 -0.00095370 / 223 103 245 255 / 0.84312440 0.08790590
				-35.16762000 -0.77063120 -10.94904000 / -0.48332420 0.86994530 -0.09794280 / 125 53 0 255 / 0.60844420 0.00000000
				-35.16762000 -0.77063120 -10.94904000 / -0.48332420 0.86994530 -0.09794280 / 125 53 0 255 / 0.60844420 0.00000000
				-35.16762000 -0.77063120 -10.94904000 / -0.48332420 0.86994530 -0.09794280 / 125 53 0 255 / 0.60844420 0.00000000
				-36.01196000 0.40410510 -9.53935300 / -0.86812620 -0.49634280 -0.00085820 / 223 103 255 255 / 0.84111020 0.06402590
				-36.01196000 0.40410510 -9.53935300 / -0.86812620 -0.49634280 -0.00085820 / 223 103 255 255 / 0.84111020 0.06402590
				-36.03825000 0.45009950 -9.57645400 / -0.86741690 -0.49758040 -0.00133510 / 222 103 255 255 / 0.82481380 0.07130430
				-36.03825000 0.45009950 -9.57645400 / -0.86741690 -0.49758040 -0.00133510 / 222 103 255 255 / 0.82481380 0.07130430
				-36.03825000 0.45009950 -9.57645400 / -0.86741690 -0.49758040 -0.00133510 / 222 103 255 255 / 0.82481380 0.07130430
				-36.03990000 0.45343090 -9.69754800 / -0.86450760 -0.50261910 -0.00066760 / 222 103 242 255 / 0.81742860 0.09219360
				-36.03990000 0.45343090 -9.69754800 / -0.86450760 -0.50261910 -0.00066760 / 222 103 242 255 / 0.81742860 0.09219360
				-36.03990000 0.45343090 -9.69754800 / -0.86450760 -0.50261910 -0.00066760 / 222 103 242 255 / 0.81742860 0.09219360
				-36.05561000 0.48019540 -9.61307600 / -0.86755470 -0.49733760 0.00200290 / 222 104 255 255 / 0.80813600 0.07774350
				-36.05561000 0.48019540 -9.61307600 / -0.86755470 -0.49733760 0.00200290 / 222 104 255 255 / 0.80813600 0.07774350
				-36.05561000 0.48019540 -9.61307600 / -0.86755470 -0.49733760 0.00200290 / 222 104 255 255 / 0.80813600 0.07774350
				-36.05561000 0.48019540 -9.61307600 / -0.86755470 -0.49733760 0.00200290 / 222 104 255 255 / 0.80813600 0.07774350
				-36.05118000 0.47259730 -9.73417600 / -0.86716480 -0.49802120 -0.00038150 / 223 104 232 255 / 0.80381780 0.10165410
				-36.05118000 0.47259730 -9.73417600 / -0.86716480 -0.49802120 -0.00038150 / 223 104 232 255 / 0.80381780 0.10165410
				-36.05118000 0.47259730 -9.73417600 / -0.86716480 -0.49802120 -0.00038150 / 223 104 232 255 / 0.80381780 0.10165410
				-36.15758000 0.65890600 -9.72685200 / -0.86831650 -0.49601050 0.00019080 / 223 104 234 255 / 0.74752810 0.10076900
				-36.15758000 0.65890600 -9.72685200 / -0.86831650 -0.49601050 0.00019080 / 223 104 234 255 / 0.74752810 0.10076900
				-36.15758000 0.65890600 -9.72685200 / -0.86831650 -0.49601050 0.00019080 / 223 104 234 255 / 0.74752810 0.10076900
				-36.15758000 0.65890600 -9.72685200 / -0.86831650 -0.49601050 0.00019080 / 223 104 234 255 / 0.74752810 0.10076900
				-36.15758000 0.65890600 -9.72685200 / -0.86831650 -0.49601050 0.00019080 / 223 104 234 255 / 0.74752810 0.10076900
				-36.09206000 0.54441500 -10.08818000 / -0.86857440 -0.49555850 -0.00047680 / 224 104 143 255 / 0.77717590 0.17637630
				-36.09206000 0.54441500 -10.08818000 / -0.86857440 -0.49555850 -0.00047680 / 224 104 143 255 / 0.77717590 0.17637630
				-36.19323000 0.72179030 -10.08820000 / -0.86862810 -0.49546400 -0.00057220 / 224 104 143 255 / 0.72456360 0.17596440
				-36.05929000 0.48717090 -9.58768400 / -0.86972120 -0.49353940 0.00200260 / 220 104 255 255 / 0.79826360 0.07295230
				-36.05929000 0.48717090 -9.58768400 / -0.86972120 -0.49353940 0.00200260 / 220 104 255 255 / 0.79826360 0.07295230
				-36.05929000 0.48717090 -9.58768400 / -0.86972120 -0.49353940 0.00200260 / 220 104 255 255 / 0.79826360 0.07295230
				-36.05929000 0.48717090 -9.58768400 / -0.86972120 -0.49353940 0.00200260 / 220 104 255 255 / 0.79826360 0.07295230
				-36.57694000 1.69979500 -9.31181300 / 0.48063900 -0.85128640 -0.21047030 / 141 13 255 255 / 0.52708440 0.02264400
				-35.30013000 -0.84455740 -10.94950000 / -0.48332370 0.86995630 -0.09784730 / 120 53 0 255 / 0.60844420 0.02156070
				-35.30013000 -0.84455740 -10.94950000 / -0.48332370 0.86995630 -0.09784730 / 120 53 0 255 / 0.60844420 0.02156070
				-35.30013000 -0.84455740 -10.94950000 / -0.48332370 0.86995630 -0.09784730 / 120 53 0 255 / 0.60844420 0.02156070
				-36.16324000 0.66882910 -9.69706000 / -0.86852060 -0.49565300 0.00000000 / 219 104 241 255 / 0.74079900 0.09211730
				-36.16324000 0.66882910 -9.69706000 / -0.86852060 -0.49565300 0.00000000 / 219 104 241 255 / 0.74079900 0.09211730
				-36.16324000 0.66882910 -9.69706000 / -0.86852060 -0.49565300 0.00000000 / 219 104 241 255 / 0.74079900 0.09211730
				-36.16324000 0.66882910 -9.69706000 / -0.86852060 -0.49565300 0.00000000 / 219 104 241 255 / 0.74079900 0.09211730
				-36.16324000 0.66882910 -9.69706000 / -0.86852060 -0.49565300 0.00000000 / 219 104 241 255 / 0.74079900 0.09211730
				-36.16324000 0.66882910 -9.69706000 / -0.86852060 -0.49565300 0.00000000 / 219 104 241 255 / 0.74079900 0.09211730
				-36.09084000 0.54209030 -9.52714500 / -0.86853000 -0.49563450 -0.00143040 / 219 104 255 255 / 0.78153990 0.06155400
				-36.09084000 0.54209030 -9.52714500 / -0.86853000 -0.49563450 -0.00143040 / 219 104 255 255 / 0.78153990 0.06155400
				-36.09084000 0.54209030 -9.52714500 / -0.86853000 -0.49563450 -0.00143040 / 219 104 255 255 / 0.78153990 0.06155400
				-36.06977000 0.50501860 -9.55596100 / -0.87472430 -0.48434330 -0.01640350 / 219 104 255 255 / 0.79290770 0.06709290
				-36.12198000 0.59669620 -9.51445800 / -0.86818300 -0.49624420 0.00009540 / 219 104 255 255 / 0.76242070 0.05900570
				-36.12198000 0.59669620 -9.51445800 / -0.86818300 -0.49624420 0.00009540 / 219 104 255 255 / 0.76242070 0.05900570
				-36.15273000 0.65029610 -9.51884500 / -0.86786530 -0.49679930 -0.00047680 / 219 104 255 255 / 0.74356080 0.05972290
				-36.15273000 0.65029610 -9.51884500 / -0.86786530 -0.49679930 -0.00047680 / 219 104 255 255 / 0.74356080 0.05972290
				-36.17820000 0.69496740 -9.53839100 / -0.86935850 -0.49418180 -0.00038150 / 220 104 255 255 / 0.72802730 0.06358340
				-36.17820000 0.69496740 -9.53839100 / -0.86935850 -0.49418180 -0.00038150 / 220 104 255 255 / 0.72802730 0.06358340
				-36.17820000 0.69496740 -9.53839100 / -0.86935850 -0.49418180 -0.00038150 / 220 104 255 255 / 0.72802730 0.06358340
				-36.18430000 0.70589720 -9.67756700 / -0.87021950 -0.49266380 -0.00066760 / 220 104 246 255 / 0.72149660 0.08662410
				-36.18430000 0.70589720 -9.67756700 / -0.87021950 -0.49266380 -0.00066760 / 220 104 246 255 / 0.72149660 0.08662410
				-36.18430000 0.70589720 -9.67756700 / -0.87021950 -0.49266380 -0.00066760 / 220 104 246 255 / 0.72149660 0.08662410
				-36.20250000 0.73800600 -9.57111300 / -0.87122120 -0.49089040 -0.00057220 / 220 104 255 255 / 0.71182250 0.07037350
				-36.20250000 0.73800600 -9.57111300 / -0.87122120 -0.49089040 -0.00057220 / 220 104 255 255 / 0.71182250 0.07037350
				-36.20250000 0.73800600 -9.57111300 / -0.87122120 -0.49089040 -0.00057220 / 220 104 255 255 / 0.71182250 0.07037350
				-36.20296000 0.73901080 -9.68488300 / -0.86965050 -0.49366610 0.00133500 / 221 104 245 255 / 0.70552060 0.08853150
				-36.20296000 0.73901080 -9.68488300 / -0.86965050 -0.49366610 0.00133500 / 221 104 245 255 / 0.70552060 0.08853150
				-36.20296000 0.73901080 -9.68488300 / -0.86965050 -0.49366610 0.00133500 / 221 104 245 255 / 0.70552060 0.08853150
				-36.22160000 0.77212570 -9.60235600 / -0.86947380 -0.49397910 0.00028610 / 221 105 255 255 / 0.69400030 0.07783509
				-36.22160000 0.77212570 -9.60235600 / -0.86947380 -0.49397910 0.00028610 / 221 105 255 255 / 0.69400030 0.07783509
				-36.22160000 0.77212570 -9.60235600 / -0.86947380 -0.49397910 0.00028610 / 221 105 255 255 / 0.69400030 0.07783509
				-36.22160000 0.77212570 -9.60235600 / -0.86947380 -0.49397910 0.00028610 / 221 105 255 255 / 0.69400030 0.07783509
				-36.22160000 0.77212570 -9.60235600 / -0.86947380 -0.49397910 0.00028610 / 221 105 255 255 / 0.69400030 0.07783509
				-35.17772000 -0.75309650 -10.87482000 / -0.46805800 0.84293110 -0.26530910 / 117 51 0 255 / 0.59457400 0.00000000
				-35.17772000 -0.75309650 -10.87482000 / -0.46805800 0.84293110 -0.26530910 / 117 51 0 255 / 0.59457400 0.00000000
				-36.67853000 1.87818600 -9.31182100 / 0.00000000 0.00005960 1.00000000 / 255 14 255 255 / 0.55404660 0.02264400
				-36.67853000 1.87818600 -9.31182100 / 0.00000000 0.00005960 1.00000000 / 255 14 255 255 / 0.55404660 0.02264400
				-36.21668000 0.76283100 -9.69855500 / -0.86862590 -0.49545670 0.00343330 / 221 104 241 255 / 0.69459530 0.09182740
				-36.21668000 0.76283100 -9.69855500 / -0.86862590 -0.49545670 0.00343330 / 221 104 241 255 / 0.69459530 0.09182740
				-36.22598000 0.77903810 -9.72003200 / -0.86867360 -0.49538260 0.00152600 / 223 105 240 255 / 0.69131470 0.09635930
				-36.22598000 0.77903810 -9.72003200 / -0.86867360 -0.49538260 0.00152600 / 223 105 240 255 / 0.69131470 0.09635930
				-36.22598000 0.77903810 -9.72003200 / -0.86867360 -0.49538260 0.00152600 / 223 105 240 255 / 0.69131470 0.09635930
				-36.22598000 0.77903810 -9.72003200 / -0.86867360 -0.49538260 0.00152600 / 223 105 240 255 / 0.69131470 0.09635930
				-36.37370000 1.03817400 -10.08820000 / -0.86887840 -0.49502560 0.00009540 / 223 105 143 255 / 0.60183710 0.17567440
				-36.37370000 1.03817400 -10.08820000 / -0.86887840 -0.49502560 0.00009540 / 223 105 143 255 / 0.60183710 0.17567440
				-36.27253000 0.86078760 -10.08820000 / -0.86863600 -0.49545060 -0.00019070 / 224 105 143 255 / 0.65444950 0.17637630
				-36.31179000 0.92997160 -9.52863300 / -0.86866180 -0.49540570 0.00019070 / 222 105 255 255 / 0.64062500 0.06236270
				-36.31179000 0.92997160 -9.52863300 / -0.86866180 -0.49540570 0.00019070 / 222 105 255 255 / 0.64062500 0.06236270
				-36.31179000 0.92997160 -9.52863300 / -0.86866180 -0.49540570 0.00019070 / 222 105 255 255 / 0.64062500 0.06236270
				-36.21872000 0.76647860 -9.52716000 / -0.86901300 -0.49477450 -0.00381480 / 221 105 255 255 / 0.68966670 0.06196590
				-35.77560000 -0.01091560 -10.85725000 / -0.86938300 -0.49412830 0.00324250 / 219 101 0 255 / 0.39179990 0.04174810
				-35.77560000 -0.01091560 -10.85725000 / -0.86938300 -0.49412830 0.00324250 / 219 101 0 255 / 0.39179990 0.04174810
				-35.77560000 -0.01091560 -10.85725000 / -0.86938300 -0.49412830 0.00324250 / 219 101 0 255 / 0.39179990 0.04174810
				-35.63477000 -0.25779860 -10.85186000 / -0.86863220 -0.49543060 0.00515000 / 220 101 0 255 / 0.45008850 0.04151920
				-35.64093000 -0.24617330 -10.77374000 / -0.86793770 -0.49667230 0.00085840 / 220 101 0 255 / 0.44805910 0.03273010
				-35.64093000 -0.24617330 -10.77374000 / -0.86793770 -0.49667230 0.00085840 / 220 101 0 255 / 0.44805910 0.03273010
				-35.31029000 -0.82634030 -10.87527000 / -0.46500080 0.84295700 -0.27055110 / 116 54 0 255 / 0.59457400 0.02156070
				-35.66230000 -0.20947050 -10.70099000 / -0.86824760 -0.49612920 -0.00143050 / 219 101 0 255 / 0.43916320 0.02253720
				-35.66230000 -0.20947050 -10.70099000 / -0.86824760 -0.49612920 -0.00143050 / 219 101 0 255 / 0.43916320 0.02253720
				-35.66230000 -0.20947050 -10.70099000 / -0.86824760 -0.49612920 -0.00143050 / 219 101 0 255 / 0.43916320 0.02253720
				-36.81035000 1.80432400 -9.31181300 / 0.00000000 0.00005960 1.00000000 / 255 14 255 255 / 0.55404660 0.00238040
				-35.78415000 0.00466170 -10.80305000 / -0.86974470 -0.49349910 0.00162120 / 219 101 0 255 / 0.38787840 0.03477480
				-35.78415000 0.00466170 -10.80305000 / -0.86974470 -0.49349910 0.00162120 / 219 101 0 255 / 0.38787840 0.03477480
				-35.78415000 0.00466170 -10.80305000 / -0.86974470 -0.49349910 0.00162120 / 219 101 0 255 / 0.38787840 0.03477480
				-35.78415000 0.00466170 -10.80305000 / -0.86974470 -0.49349910 0.00162120 / 219 101 0 255 / 0.38787840 0.03477480
				-35.70158000 -0.14029400 -10.64337000 / -0.86888530 -0.49501320 -0.00028610 / 219 101 0 255 / 0.42189030 0.01396180
				-35.70158000 -0.14029400 -10.64337000 / -0.86888530 -0.49501320 -0.00028610 / 219 101 0 255 / 0.42189030 0.01396180
				-35.74727000 -0.06055930 -10.60675000 / -0.86858240 -0.49554400 -0.00085830 / 218 101 6 255 / 0.40107730 0.00810240
				-35.74727000 -0.06055930 -10.60675000 / -0.86858240 -0.49554400 -0.00085830 / 218 101 6 255 / 0.40107730 0.00810240
				-35.74727000 -0.06055930 -10.60675000 / -0.86858240 -0.49554400 -0.00085830 / 218 101 6 255 / 0.40107730 0.00810240
				-35.74727000 -0.06055930 -10.60675000 / -0.86858240 -0.49554400 -0.00085830 / 218 101 6 255 / 0.40107730 0.00810240
				-35.80723000 0.04537420 -10.76936000 / -0.86736340 -0.49765520 -0.00448180 / 218 101 0 255 / 0.37437440 0.02912900
				-35.80723000 0.04537420 -10.76936000 / -0.86736340 -0.49765520 -0.00448180 / 218 101 0 255 / 0.37437440 0.02912900
				-35.83993000 0.10192860 -10.77425000 / -0.86792840 -0.49668930 -0.00019080 / 219 101 0 255 / 0.35672000 0.03013610
				-35.83993000 0.10192860 -10.77425000 / -0.86792840 -0.49668930 -0.00019080 / 219 101 0 255 / 0.35672000 0.03013610
				-35.83993000 0.10192860 -10.77425000 / -0.86792840 -0.49668930 -0.00019080 / 219 101 0 255 / 0.35672000 0.03013610
				-35.83993000 0.10192860 -10.77425000 / -0.86792840 -0.49668930 -0.00019080 / 219 101 0 255 / 0.35672000 0.03013610
				-35.80883000 0.04801990 -10.59650000 / -0.86906870 -0.49468700 0.00209830 / 219 102 9 255 / 0.37249760 0.00645450
				-35.80883000 0.04801990 -10.59650000 / -0.86906870 -0.49468700 0.00209830 / 219 102 9 255 / 0.37249760 0.00645450
				-35.87638000 0.16615500 -10.59991000 / -0.86788970 -0.49675510 0.00133520 / 220 102 7 255 / 0.34086610 0.00674440
				-35.87638000 0.16615500 -10.59991000 / -0.86788970 -0.49675510 0.00133520 / 220 102 7 255 / 0.34086610 0.00674440
				-35.87638000 0.16615500 -10.59991000 / -0.86788970 -0.49675510 0.00133520 / 220 102 7 255 / 0.34086610 0.00674440
				-35.86339000 0.14296160 -10.79914000 / -0.86858420 -0.49554170 0.00009540 / 221 102 0 255 / 0.34353640 0.03457640
				-35.86339000 0.14296160 -10.79914000 / -0.86858420 -0.49554170 0.00009540 / 221 102 0 255 / 0.34353640 0.03457640
				-35.86339000 0.14296160 -10.79914000 / -0.86858420 -0.49554170 0.00009540 / 221 102 0 255 / 0.34353640 0.03457640
				-35.86339000 0.14296160 -10.79914000 / -0.86858420 -0.49554170 0.00009540 / 221 102 0 255 / 0.34353640 0.03457640
				-36.03990000 0.45342890 -9.69754800 / 0.14342790 -0.18982270 -0.97128560 / 95 2 242 255 / 0.53512570 0.00160220
				-36.03990000 0.45342890 -9.69754800 / 0.14342790 -0.18982270 -0.97128560 / 95 2 242 255 / 0.53512570 0.00160220
				-35.91924000 0.24092150 -10.61601000 / -0.86857350 -0.49555650 0.00190730 / 221 102 3 255 / 0.32087710 0.00944520
				-35.91924000 0.24092150 -10.61601000 / -0.86857350 -0.49555650 0.00190730 / 221 102 3 255 / 0.32087710 0.00944520
				-35.91924000 0.24092150 -10.61601000 / -0.86857350 -0.49555650 0.00190730 / 221 102 3 255 / 0.32087710 0.00944520
				-35.98156000 0.35013430 -10.68241000 / -0.86981670 -0.49337300 -0.00143060 / 222 102 0 255 / 0.29306030 0.01995850
				-35.98156000 0.35013430 -10.68241000 / -0.86981670 -0.49337300 -0.00143060 / 222 102 0 255 / 0.29306030 0.01995850
				-35.98156000 0.35013430 -10.68241000 / -0.86981670 -0.49337300 -0.00143060 / 222 102 0 255 / 0.29306030 0.01995850
				-35.98156000 0.35013430 -10.68241000 / -0.86981670 -0.49337300 -0.00143060 / 222 102 0 255 / 0.29306030 0.01995850
				-36.70839000 1.62562000 -9.31180600 / 0.00000000 0.00005960 1.00000000 / 255 14 255 255 / 0.52708440 0.00238040
				-36.70839000 1.62562000 -9.31180600 / 0.00000000 0.00005960 1.00000000 / 255 14 255 255 / 0.52708440 0.00238040
				-35.95327000 0.30118260 -10.64433000 / -0.87745180 -0.47822020 0.03719630 / 222 102 0 255 / 0.30549620 0.01402280
				-35.87108000 0.15652550 -10.83380000 / -0.86862340 -0.49547020 -0.00162130 / 224 102 0 255 / 0.33828740 0.04098510
				-35.87108000 0.15652550 -10.83380000 / -0.86862340 -0.49547020 -0.00162130 / 224 102 0 255 / 0.33828740 0.04098510
				-35.87108000 0.15652550 -10.83380000 / -0.86862340 -0.49547020 -0.00162130 / 224 102 0 255 / 0.33828740 0.04098510
				-35.87108000 0.15652550 -10.83380000 / -0.86862340 -0.49547020 -0.00162130 / 224 102 0 255 / 0.33828740 0.04098510
				-35.87108000 0.15652550 -10.83380000 / -0.86862340 -0.49547020 -0.00162130 / 224 102 0 255 / 0.33828740 0.04098510
				-35.87108000 0.15652550 -10.83380000 / -0.86862340 -0.49547020 -0.00162130 / 224 102 0 255 / 0.33828740 0.04098510
				-35.87108000 0.15652550 -10.83380000 / -0.86862340 -0.49547020 -0.00162130 / 224 102 0 255 / 0.33828740 0.04098510
				-35.87108000 0.15652550 -10.83380000 / -0.86862340 -0.49547020 -0.00162130 / 224 102 0 255 / 0.33828740 0.04098510
				-36.00346000 0.38921480 -10.72588000 / -0.86968360 -0.49360440 -0.00228860 / 224 102 0 255 / 0.28340150 0.02627560
				-36.00346000 0.38921480 -10.72588000 / -0.86968360 -0.49360440 -0.00228860 / 224 102 0 255 / 0.28340150 0.02627560
				-36.01885000 0.41635650 -10.78398000 / -0.86932000 -0.49424930 -0.00038140 / 225 102 0 255 / 0.27682500 0.03445430
				-36.01885000 0.41635650 -10.78398000 / -0.86932000 -0.49424930 -0.00038140 / 225 102 0 255 / 0.27682500 0.03445430
				-36.02655000 0.42992320 -10.85918000 / -0.86937560 -0.49414390 0.00276570 / 225 102 0 255 / 0.27339170 0.04534910
				-36.02655000 0.42992320 -10.85918000 / -0.86937560 -0.49414390 0.00276570 / 225 102 0 255 / 0.27339170 0.04534910
				-36.02728000 0.43055500 -10.92413000 / -0.86897870 -0.49484740 0.00143050 / 224 102 0 255 / 0.27310180 0.05459600
				-36.02728000 0.43055500 -10.92413000 / -0.86897870 -0.49484740 0.00143050 / 224 102 0 255 / 0.27310180 0.05459600
				-36.02002000 0.41799180 -10.98173000 / -0.86861880 -0.49547960 -0.00114440 / 224 102 0 255 / 0.27609250 0.06254580
				-36.02002000 0.41799180 -10.98173000 / -0.86861880 -0.49547960 -0.00114440 / 224 102 0 255 / 0.27609250 0.06254580
				-35.90809000 0.52729240 -9.69755600 / 0.19149120 -0.34201150 -0.91997780 / 95 3 241 255 / 0.53553770 0.02264400
				-35.99656000 0.37696360 -11.04276000 / -0.86851730 -0.49565710 -0.00133500 / 223 102 0 255 / 0.28588870 0.07127380
				-35.99656000 0.37696360 -11.04276000 / -0.86851730 -0.49565710 -0.00133500 / 223 102 0 255 / 0.28588870 0.07127380
				-35.99656000 0.37696360 -11.04276000 / -0.86851730 -0.49565710 -0.00133500 / 223 102 0 255 / 0.28588870 0.07127380
				-35.86221000 0.14132640 -10.87629000 / -0.86818870 -0.49623110 -0.00171650 / 223 102 0 255 / 0.34402460 0.04875180
				-35.86221000 0.14132640 -10.87629000 / -0.86818870 -0.49623110 -0.00171650 / 223 102 0 255 / 0.34402460 0.04875180
				-35.86221000 0.14132640 -10.87629000 / -0.86818870 -0.49623110 -0.00171650 / 223 102 0 255 / 0.34402460 0.04875180
				-35.86221000 0.14132640 -10.87629000 / -0.86818870 -0.49623110 -0.00171650 / 223 102 0 255 / 0.34402460 0.04875180
				-35.96584000 0.32335380 -11.08721000 / -0.86856710 -0.49556930 -0.00152580 / 223 102 0 255 / 0.29936220 0.07785030
				-35.96584000 0.32335380 -11.08721000 / -0.86856710 -0.49556930 -0.00152580 / 223 102 0 255 / 0.29936220 0.07785030
				-35.96584000 0.32335380 -11.08721000 / -0.86856710 -0.49556930 -0.00152580 / 223 102 0 255 / 0.29936220 0.07785030
				-36.57694000 1.69979500 -9.31181300 / 0.00000000 0.00005960 1.00000000 / 255 14 255 255 / 0.52708440 0.02264400
				-35.88043000 0.17342960 -11.12629000 / -0.86946990 -0.49398580 0.00019080 / 222 101 0 255 / 0.33912660 0.08427430
				-35.88043000 0.17342960 -11.12629000 / -0.86946990 -0.49398580 0.00019080 / 222 101 0 255 / 0.33912660 0.08427430
				-35.88043000 0.17342960 -11.12629000 / -0.86946990 -0.49398580 0.00019080 / 222 101 0 255 / 0.33912660 0.08427430
				-35.88043000 0.17342960 -11.12629000 / -0.86946990 -0.49398580 0.00019080 / 222 101 0 255 / 0.33912660 0.08427430
				-35.88043000 0.17342960 -11.12629000 / -0.86946990 -0.49398580 0.00019080 / 222 101 0 255 / 0.33912660 0.08427430
				-35.92254000 0.24758720 -11.11064000 / -0.87204100 -0.48835780 -0.03242500 / 223 102 0 255 / 0.31900020 0.08163450
				-35.83309000 0.09037090 -10.90363000 / -0.86906380 -0.49469980 0.00028610 / 222 101 0 255 / 0.35995480 0.05311580
				-35.83309000 0.09037090 -10.90363000 / -0.86906380 -0.49469980 0.00028610 / 222 101 0 255 / 0.35995480 0.05311580
				-35.80231000 0.03607450 -10.91584000 / -0.86905240 -0.49471890 0.00104910 / 220 101 0 255 / 0.37544250 0.05534360
				-35.80231000 0.03607450 -10.91584000 / -0.86905240 -0.49471890 0.00104910 / 220 101 0 255 / 0.37544250 0.05534360
				-35.80231000 0.03607450 -10.91584000 / -0.86905240 -0.49471890 0.00104910 / 220 101 0 255 / 0.37544250 0.05534360
				-35.80231000 0.03607450 -10.91584000 / -0.86905240 -0.49471890 0.00104910 / 220 101 0 255 / 0.37544250 0.05534360
				-35.80231000 0.03607450 -10.91584000 / -0.86905240 -0.49471890 0.00104910 / 220 101 0 255 / 0.37544250 0.05534360
				-35.85612000 0.13040130 -11.13898000 / -0.86853090 -0.49563500 -0.00009540 / 220 101 0 255 / 0.35144040 0.08627320
				-35.85612000 0.13040130 -11.13898000 / -0.86853090 -0.49563500 -0.00009540 / 220 101 0 255 / 0.35144040 0.08627320
				-35.83068000 0.08640489 -11.16193000 / -0.86792330 -0.49669530 -0.00171680 / 217 101 0 255 / 0.36521910 0.09045410
				-35.83068000 0.08640489 -11.16193000 / -0.86792330 -0.49669530 -0.00171680 / 217 101 0 255 / 0.36521910 0.09045410
				-35.83068000 0.08640489 -11.16193000 / -0.86792330 -0.49669530 -0.00171680 / 217 101 0 255 / 0.36521910 0.09045410
				-35.83068000 0.08640489 -11.16193000 / -0.86792330 -0.49669530 -0.00171680 / 217 101 0 255 / 0.36521910 0.09045410
				-35.89435000 0.50347250 -9.68583700 / 0.12665070 -0.20971150 -0.96952600 / 95 2 244 255 / 0.53471370 0.02264400
				-35.89435000 0.50347250 -9.68583700 / 0.12665070 -0.20971150 -0.96952600 / 95 2 244 255 / 0.53471370 0.02264400
				-35.89435000 0.50347250 -9.68583700 / 0.12665070 -0.20971150 -0.96952600 / 95 2 244 255 / 0.53471370 0.02264400
				-35.71771000 -0.11252240 -10.95442000 / -0.86897030 -0.49486420 0.00009540 / 217 101 0 255 / 0.41371160 0.06184390
				-35.71771000 -0.11252240 -10.95442000 / -0.86897030 -0.49486420 0.00009540 / 217 101 0 255 / 0.41371160 0.06184390
				-35.71771000 -0.11252240 -10.95442000 / -0.86897030 -0.49486420 0.00009540 / 217 101 0 255 / 0.41371160 0.06184390
				-35.76351000 -0.03141470 -10.92561000 / -0.86362870 -0.50241860 0.04148390 / 218 101 0 255 / 0.39323430 0.05728150
				-35.68373000 -0.17209420 -11.00909000 / -0.86904250 -0.49473620 -0.00114450 / 215 101 0 255 / 0.42869570 0.06948850
				-35.68373000 -0.17209420 -11.00909000 / -0.86904250 -0.49473620 -0.00114450 / 215 101 0 255 / 0.42869570 0.06948850
				-35.68373000 -0.17209420 -11.00909000 / -0.86904250 -0.49473620 -0.00114450 / 215 101 0 255 / 0.42869570 0.06948850
				-35.81855000 0.06522580 -11.20246000 / -0.86891370 -0.49496160 0.00143040 / 214 101 0 255 / 0.37274170 0.09733580
				-35.81855000 0.06522580 -11.20246000 / -0.86891370 -0.49496160 0.00143040 / 214 101 0 255 / 0.37274170 0.09733580
				-35.81855000 0.06522580 -11.20246000 / -0.86891370 -0.49496160 0.00143040 / 214 101 0 255 / 0.37274170 0.09733580
				-35.81855000 0.06522580 -11.20246000 / -0.86891370 -0.49496160 0.00143040 / 214 101 0 255 / 0.37274170 0.09733580
				-35.81855000 0.06522580 -11.20246000 / -0.86891370 -0.49496160 0.00143040 / 214 101 0 255 / 0.37274170 0.09733580
				-36.69388000 1.90464900 -9.45685600 / -0.47684640 0.85409150 0.20771430 / 182 72 255 255 / 0.52383420 0.02264400
				-36.69388000 1.90464900 -9.45685600 / -0.47684640 0.85409150 0.20771430 / 182 72 255 255 / 0.52383420 0.02264400
				-35.66311000 -0.20815990 -11.08771000 / -0.86929450 -0.49429440 -0.00038140 / 214 101 0 255 / 0.43760680 0.08088680
				-35.66311000 -0.20815990 -11.08771000 / -0.86929450 -0.49429440 -0.00038140 / 214 101 0 255 / 0.43760680 0.08088680
				-35.65825000 -0.21676320 -11.18098000 / -0.86935390 -0.49418960 -0.00057220 / 214 101 0 255 / 0.43949890 0.09446720
				-35.65825000 -0.21676320 -11.18098000 / -0.86935390 -0.49418960 -0.00057220 / 214 101 0 255 / 0.43949890 0.09446720
				-35.66919000 -0.19722800 -11.26935000 / -0.86906500 -0.49469380 -0.00200290 / 215 100 0 255 / 0.43472290 0.10682680
				-35.66919000 -0.19722800 -11.26935000 / -0.86906500 -0.49469380 -0.00200290 / 215 100 0 255 / 0.43472290 0.10682680
				-35.66919000 -0.19722800 -11.26935000 / -0.86906500 -0.49469380 -0.00200290 / 215 100 0 255 / 0.43472290 0.10682680
				-35.82256000 0.07183570 -11.24104000 / -0.86851860 -0.49565180 0.00219320 / 216 100 0 255 / 0.37002560 0.10498050
				-35.82256000 0.07183570 -11.24104000 / -0.86851860 -0.49565180 0.00219320 / 216 100 0 255 / 0.37002560 0.10498050
				-35.82256000 0.07183570 -11.24104000 / -0.86851860 -0.49565180 0.00219320 / 216 100 0 255 / 0.37002560 0.10498050
				-35.82256000 0.07183570 -11.24104000 / -0.86851860 -0.49565180 0.00219320 / 216 100 0 255 / 0.37002560 0.10498050
				-35.82256000 0.07183570 -11.24104000 / -0.86851860 -0.49565180 0.00219320 / 216 100 0 255 / 0.37002560 0.10498050
				-35.69192000 -0.15682980 -11.34405000 / -0.86827920 -0.49607570 -0.00019070 / 215 100 0 255 / 0.42472840 0.11767580
				-35.69192000 -0.15682980 -11.34405000 / -0.86827920 -0.49607570 -0.00019070 / 215 100 0 255 / 0.42472840 0.11767580
				-37.53468000 3.07448100 -9.74397300 / 0.00610330 0.00112050 0.99998090 / 108 10 228 255 / 0.64425660 0.00160220
				-37.53468000 3.07448100 -9.74397300 / 0.00610330 0.00112050 0.99998090 / 108 10 228 255 / 0.64425660 0.00160220
				-35.72258000 -0.10391290 -11.39876000 / -0.86851160 -0.49566490 0.00200250 / 216 100 0 255 / 0.41136170 0.12580870
				-35.72258000 -0.10391290 -11.39876000 / -0.86851160 -0.49566490 0.00200250 / 216 100 0 255 / 0.41136170 0.12580870
				-35.75662000 -0.04366330 -11.43634000 / -0.86892240 -0.49494820 -0.00038140 / 217 100 0 255 / 0.39604190 0.13168340
				-35.75662000 -0.04366330 -11.43634000 / -0.86892240 -0.49494820 -0.00038140 / 217 100 0 255 / 0.39604190 0.13168340
				-35.75662000 -0.04366330 -11.43634000 / -0.86892240 -0.49494820 -0.00038140 / 217 100 0 255 / 0.39604190 0.13168340
				-35.84035000 0.10293700 -11.27034000 / -0.86859540 -0.49552210 0.00000000 / 218 100 0 255 / 0.35920720 0.10987850
				-35.84035000 0.10293700 -11.27034000 / -0.86859540 -0.49552210 0.00000000 / 218 100 0 255 / 0.35920720 0.10987850
				-35.84035000 0.10293700 -11.27034000 / -0.86859540 -0.49552210 0.00000000 / 218 100 0 255 / 0.35920720 0.10987850
				-35.84035000 0.10293700 -11.27034000 / -0.86859540 -0.49552210 0.00000000 / 218 100 0 255 / 0.35920720 0.10987850
				-35.79622000 0.02515210 -11.46027000 / -0.86857270 -0.49556020 0.00114440 / 218 100 0 255 / 0.37817380 0.13562010
				-35.79622000 0.02515210 -11.46027000 / -0.86857270 -0.49556020 0.00114440 / 218 100 0 255 / 0.37817380 0.13562010
				-35.84281000 0.10758370 -11.47102000 / -0.86901610 -0.49478370 -0.00047690 / 219 101 0 255 / 0.35629270 0.13728330
				-35.84281000 0.10758370 -11.47102000 / -0.86901610 -0.49478370 -0.00047690 / 219 101 0 255 / 0.35629270 0.13728330
				-35.84281000 0.10758370 -11.47102000 / -0.86901610 -0.49478370 -0.00047690 / 219 101 0 255 / 0.35629270 0.13728330
				-36.82574000 1.83146800 -9.45781700 / -0.47569330 0.85440960 0.20904560 / 183 71 255 255 / 0.52383420 0.00238040
				-35.87071000 0.15621780 -11.27863000 / -0.86779400 -0.49692380 -0.00047680 / 220 102 0 255 / 0.34303290 0.11122130
				-35.87071000 0.15621780 -11.27863000 / -0.86779400 -0.49692380 -0.00047680 / 220 102 0 255 / 0.34303290 0.11122130
				-35.87071000 0.15621780 -11.27863000 / -0.86779400 -0.49692380 -0.00047680 / 220 102 0 255 / 0.34303290 0.11122130
				-35.90791000 0.22106570 -11.46758000 / -0.86861750 -0.49548320 0.00019070 / 219 102 0 255 / 0.32571410 0.13670350
				-35.90791000 0.22106570 -11.46758000 / -0.86861750 -0.49548320 0.00019070 / 219 102 0 255 / 0.32571410 0.13670350
				-35.90791000 0.22106570 -11.46758000 / -0.86861750 -0.49548320 0.00019070 / 219 102 0 255 / 0.32571410 0.13670350
				-35.89374000 0.19625000 -11.26983000 / -0.86897500 -0.49485570 0.00047680 / 219 101 0 255 / 0.33020020 0.11004640
				-35.89374000 0.19625000 -11.26983000 / -0.86897500 -0.49485570 0.00047680 / 219 101 0 255 / 0.33020020 0.11004640
				-35.89374000 0.19625000 -11.26983000 / -0.86897500 -0.49485570 0.00047680 / 219 101 0 255 / 0.33020020 0.11004640
				-35.95408000 0.30249300 -11.45097000 / -0.86929570 -0.49429220 0.00019070 / 218 101 0 255 / 0.30401610 0.13398740
				-35.95408000 0.30249300 -11.45097000 / -0.86929570 -0.49429220 0.00019070 / 218 101 0 255 / 0.30401610 0.13398740
				-35.95408000 0.30249300 -11.45097000 / -0.86929570 -0.49429220 0.00019070 / 218 101 0 255 / 0.30401610 0.13398740
				-36.00673000 0.39517480 -9.68290700 / 0.12320900 -0.15417510 -0.98033140 / 94 2 245 255 / 0.53050230 0.00160220
				-36.00673000 0.39517480 -9.68290700 / 0.12320900 -0.15417510 -0.98033140 / 94 2 245 255 / 0.53050230 0.00160220
				-35.91240000 0.22936580 -11.22686000 / -0.86942950 -0.49405520 0.00133520 / 218 101 0 255 / 0.31979370 0.10264590
				-35.91240000 0.22936580 -11.22686000 / -0.86942950 -0.49405520 0.00133520 / 218 101 0 255 / 0.31979370 0.10264590
				-35.91240000 0.22936580 -11.22686000 / -0.86942950 -0.49405520 0.00133520 / 218 101 0 255 / 0.31979370 0.10264590
				-35.91240000 0.22936580 -11.22686000 / -0.86942950 -0.49405520 0.00133520 / 218 101 0 255 / 0.31979370 0.10264590
				-35.99374000 0.37200010 -11.42167000 / -0.86853720 -0.49562370 -0.00038140 / 218 102 0 255 / 0.28602600 0.12930300
				-35.99374000 0.37200010 -11.42167000 / -0.86853720 -0.49562370 -0.00038140 / 218 102 0 255 / 0.28602600 0.12930300
				-36.02569000 0.42791660 -11.37920000 / -0.86788170 -0.49676990 -0.00104910 / 218 102 0 255 / 0.27182010 0.12295530
				-36.02569000 0.42791660 -11.37920000 / -0.86788170 -0.49676990 -0.00104910 / 218 102 0 255 / 0.27182010 0.12295530
				-36.02569000 0.42791660 -11.37920000 / -0.86788170 -0.49676990 -0.00104910 / 218 102 0 255 / 0.27182010 0.12295530
				-35.92416000 0.25022710 -11.17608000 / -0.86871200 -0.49531510 0.00152610 / 218 102 0 255 / 0.31481940 0.09652710
				-35.92416000 0.25022710 -11.17608000 / -0.86871200 -0.49531510 0.00152610 / 218 102 0 255 / 0.31481940 0.09652710
				-35.92416000 0.25022710 -11.17608000 / -0.86871200 -0.49531510 0.00152610 / 218 102 0 255 / 0.31481940 0.09652710
				-35.92416000 0.25022710 -11.17608000 / -0.86871200 -0.49531510 0.00152610 / 218 102 0 255 / 0.31481940 0.09652710
				-36.04953000 0.46925940 -11.32402000 / -0.86793220 -0.49668260 0.00038150 / 218 101 0 255 / 0.26171870 0.11502080
				-36.04953000 0.46925940 -11.32402000 / -0.86793220 -0.49668260 0.00038150 / 218 101 0 255 / 0.26171870 0.11502080
				-36.06331000 0.49376980 -11.25615000 / -0.86857650 -0.49555080 0.00209800 / 218 102 0 255 / 0.25596620 0.10546870
				-36.06331000 0.49376980 -11.25615000 / -0.86857650 -0.49555080 0.00209800 / 218 102 0 255 / 0.25596620 0.10546870
				-36.81034000 1.80432400 -9.31181300 / -0.47684640 0.85409150 0.20771430 / 182 72 255 255 / 0.55404660 0.00238040
				-36.81034000 1.80432400 -9.31181300 / -0.47684640 0.85409150 0.20771430 / 182 72 255 255 / 0.55404660 0.00238040
				-36.06656000 0.49973640 -11.17412000 / -0.86854760 -0.49560280 0.00171650 / 218 102 0 255 / 0.25491330 0.09579470
				-38.38005000 4.55745300 -10.30550000 / -0.86863600 -0.49545070 0.00000000 / 225 116 80 255 / 0.07077030 0.00556950
				-38.38005000 4.55745300 -10.30550000 / -0.86863600 -0.49545070 0.00000000 / 225 116 80 255 / 0.07077030 0.00556950
				-38.38005000 4.55745300 -10.30550000 / -0.86863600 -0.49545070 0.00000000 / 225 116 80 255 / 0.07077030 0.00556950
				-38.49979000 4.76724400 -11.44711000 / -0.86901680 -0.49478260 0.00019070 / 225 115 0 255 / 0.01431270 0.18418880
				-35.87458000 0.46941460 -9.68192300 / 0.05416940 -0.08298870 -0.99507710 / 94 3 245 255 / 0.53050230 0.02264400
				-38.34397000 4.49354200 -11.44711000 / -0.86895520 -0.49489060 0.00028610 / 225 115 0 255 / 0.07907100 0.18495180
				-38.34397000 4.49354200 -11.44711000 / -0.86895520 -0.49489060 0.00028610 / 225 115 0 255 / 0.07907100 0.18495180
				-38.26187000 4.35028100 -10.65366000 / -0.86863600 -0.49545070 0.00009540 / 224 115 0 255 / 0.12484740 0.04144290
				-38.26187000 4.35028100 -10.65366000 / -0.86863600 -0.49545070 0.00009540 / 224 115 0 255 / 0.12484740 0.04144290
				-38.26187000 4.35028100 -10.65366000 / -0.86863600 -0.49545070 0.00009540 / 224 115 0 255 / 0.12484740 0.04144290
				-38.26187000 4.35028100 -10.65366000 / -0.86863600 -0.49545070 0.00009540 / 224 115 0 255 / 0.12484740 0.04144290
				-38.14534000 4.14575900 -10.30550000 / -0.86869770 -0.49534270 -0.00009540 / 224 116 82 255 / 0.17420960 0.00646970
				-38.14534000 4.14575900 -10.30550000 / -0.86869770 -0.49534270 -0.00009540 / 224 116 82 255 / 0.17420960 0.00646970
				-38.13401000 4.12588700 -10.92365000 / -0.86869760 -0.49534270 -0.00028610 / 224 114 0 255 / 0.18006900 0.11215210
				-38.13401000 4.12588700 -10.92365000 / -0.86869760 -0.49534270 -0.00028610 / 224 114 0 255 / 0.18006900 0.11215210
				-38.13401000 4.12588700 -10.92365000 / -0.86869760 -0.49534270 -0.00028610 / 224 114 0 255 / 0.18006900 0.11215210
				-38.13401000 4.12588700 -10.92365000 / -0.86869760 -0.49534270 -0.00028610 / 224 114 0 255 / 0.18006900 0.11215210
				-38.13401000 4.12588700 -10.92365000 / -0.86869760 -0.49534270 -0.00028610 / 224 114 0 255 / 0.18006900 0.11215210
				-38.23603000 4.30528100 -11.45198000 / -0.86895520 -0.49489060 -0.00028610 / 223 114 0 255 / 0.13757320 0.18556210
				-38.23603000 4.30528100 -11.45198000 / -0.86895520 -0.49489060 -0.00028610 / 223 114 0 255 / 0.13757320 0.18556210
				-38.11461000 4.09214500 -11.45391000 / -0.86889370 -0.49499860 -0.00028610 / 224 114 0 255 / 0.18954470 0.18591310
				-38.11461000 4.09214500 -11.45391000 / -0.86889370 -0.49499860 -0.00028610 / 224 114 0 255 / 0.18954470 0.18591310
				-37.92116000 3.75258300 -10.65118000 / -0.86859520 -0.49552260 -0.00019070 / 226 113 0 255 / 0.29635620 0.03967290
				-37.92116000 3.75258300 -10.65118000 / -0.86859520 -0.49552260 -0.00019070 / 226 113 0 255 / 0.29635620 0.03967290
				-37.92116000 3.75258300 -10.65118000 / -0.86859520 -0.49552260 -0.00019070 / 226 113 0 255 / 0.29635620 0.03967290
				-37.92116000 3.75258300 -10.65118000 / -0.86859520 -0.49552260 -0.00019070 / 226 113 0 255 / 0.29635620 0.03967290
				-37.92116000 3.75258300 -10.65118000 / -0.86859520 -0.49552260 -0.00019070 / 226 113 0 255 / 0.29635620 0.03967290
				-38.25949000 4.34631200 -10.09066000 / 0.44060010 -0.85859780 -0.26207120 / 129 18 140 255 / 0.75544740 0.00219730
				-36.67853000 1.87818200 -9.31182100 / -0.47836040 0.85356960 0.20637400 / 182 72 255 255 / 0.55404660 0.02264400
				-37.97817000 3.85218600 -10.30547000 / -0.86854370 -0.49561250 -0.00038140 / 226 113 82 255 / 0.26184080 0.00633240
				-37.97817000 3.85218600 -10.30547000 / -0.86854370 -0.49561250 -0.00038140 / 226 113 82 255 / 0.26184080 0.00633240
				-38.37236000 4.54387700 -10.09066000 / -0.43793060 0.87309550 0.21429220 / 178 69 140 255 / 0.78523250 0.00219730
				-35.90425000 0.21478360 -9.53449300 / 0.12588630 -0.22547470 0.96608170 / 242 8 255 255 / 0.53804020 0.00160220
				-35.90425000 0.21478360 -9.53449300 / 0.12588630 -0.22547470 0.96608170 / 242 8 255 255 / 0.53804020 0.00160220
				-37.72653000 3.41138900 -10.30550000 / -0.86857450 -0.49555860 -0.00019070 / 226 113 80 255 / 0.37347410 0.00634770
				-37.72653000 3.41138900 -10.30550000 / -0.86857450 -0.49555860 -0.00019070 / 226 113 80 255 / 0.37347410 0.00634770
				-37.84708000 3.62252400 -11.44270000 / -0.86862590 -0.49546860 0.00009540 / 227 113 0 255 / 0.31507870 0.18421940
				-37.84708000 3.62252400 -11.44270000 / -0.86862590 -0.49546860 0.00009540 / 227 113 0 255 / 0.31507870 0.18421940
				-38.00773000 3.90415200 -11.45195000 / -0.86862590 -0.49546860 0.00009540 / 227 112 0 255 / 0.24838260 0.18411260
				-37.17737000 2.44801700 -10.80696000 / -0.47683270 0.85734530 0.19388020 / 140 63 0 255 / 0.10957340 0.00161740
				-37.17737000 2.44801700 -10.80696000 / -0.47683270 0.85734530 0.19388020 / 140 63 0 255 / 0.10957340 0.00161740
				-37.04449000 2.52160700 -10.80594000 / -0.47645120 0.85753590 0.19397550 / 140 60 0 255 / 0.10957340 0.02293400
				-37.09062000 2.60235200 -11.27615000 / -0.48712400 0.87332810 -0.00286090 / 140 60 0 255 / 0.03559880 0.02293400
				-37.09062000 2.60235200 -11.27615000 / -0.48712400 0.87332810 -0.00286090 / 140 60 0 255 / 0.03559880 0.02293400
				-37.09062000 2.60235200 -11.27615000 / -0.48712400 0.87332810 -0.00286090 / 140 60 0 255 / 0.03559880 0.02293400
				-37.09062000 2.60235200 -11.27615000 / -0.48712400 0.87332810 -0.00286090 / 140 60 0 255 / 0.03559880 0.02293400
				-37.22311000 2.52843400 -11.27667000 / -0.48714260 0.87331370 -0.00391010 / 140 64 0 255 / 0.03559880 0.00161740
				-37.22311000 2.52843400 -11.27667000 / -0.48714260 0.87331370 -0.00391010 / 140 64 0 255 / 0.03559880 0.00161740
				-37.21623000 2.51617800 -11.34552000 / -0.47683420 0.85594110 -0.19998430 / 139 58 0 255 / 0.03201290 0.00161740
				-37.21623000 2.51617800 -11.34552000 / -0.47683420 0.85594110 -0.19998430 / 139 58 0 255 / 0.03201290 0.00161740
				-37.08372000 2.59010300 -11.34501000 / -0.47683420 0.85594110 -0.19998430 / 139 54 0 255 / 0.03201290 0.02293400
				-36.78813000 1.76561500 -10.08768000 / 0.00572180 0.00311120 -0.99997870 / 122 3 141 255 / 0.36532590 0.00160220
				-36.78813000 1.76561500 -10.08768000 / 0.00572180 0.00311120 -0.99997870 / 122 3 141 255 / 0.36532590 0.00160220
				-35.77183000 0.28939810 -9.53446200 / 0.12741580 -0.22653620 0.96563270 / 242 8 255 255 / 0.53804020 0.02264400
				-34.13390000 -2.88978300 -10.80696000 / -0.47836600 0.85661940 0.19331100 / 136 64 0 255 / 0.10957340 0.00161740
				-34.13390000 -2.88978300 -10.80696000 / -0.47836600 0.85661940 0.19331100 / 136 64 0 255 / 0.10957340 0.00161740
				-34.00139000 -2.81586500 -10.80598000 / -0.47912810 0.85623650 0.19311990 / 135 58 0 255 / 0.10957340 0.02293400
				-34.04715000 -2.73543300 -11.27620000 / -0.48562370 0.87416090 -0.00352870 / 136 62 0 255 / 0.03559880 0.02293400
				-34.04715000 -2.73543300 -11.27620000 / -0.48562370 0.87416090 -0.00352870 / 136 62 0 255 / 0.03559880 0.02293400
				-34.04715000 -2.73543300 -11.27620000 / -0.48562370 0.87416090 -0.00352870 / 136 62 0 255 / 0.03559880 0.02293400
				-34.04715000 -2.73543300 -11.27620000 / -0.48562370 0.87416090 -0.00352870 / 136 62 0 255 / 0.03559880 0.02293400
				-34.18003000 -2.80904000 -11.27668000 / -0.48446830 0.87478490 -0.00648500 / 137 66 0 255 / 0.03559880 0.00161740
				-34.18003000 -2.80904000 -11.27668000 / -0.48446830 0.87478490 -0.00648500 / 137 66 0 255 / 0.03559880 0.00161740
				-34.17277000 -2.82160800 -11.34552000 / -0.47453590 0.85611490 -0.20465320 / 137 61 0 255 / 0.03201290 0.00161740
				-34.17277000 -2.82160800 -11.34552000 / -0.47453590 0.85611490 -0.20465320 / 137 61 0 255 / 0.03201290 0.00161740
				-34.04025000 -2.74769600 -11.34505000 / -0.47682580 0.85590230 -0.20017150 / 137 59 0 255 / 0.03201290 0.02293400
				-37.49464000 3.00466500 -10.04279000 / -0.86861540 -0.49548640 0.00085830 / 223 111 153 255 / 0.59577940 0.16787720
				-37.49464000 3.00466500 -10.04279000 / -0.86861540 -0.49548640 0.00085830 / 223 111 153 255 / 0.59577940 0.16787720
				-37.49464000 3.00466500 -10.04279000 / -0.86861540 -0.49548640 0.00085830 / 223 111 153 255 / 0.59577940 0.16787720
				-37.49464000 3.00466500 -10.04279000 / -0.86861540 -0.49548640 0.00085830 / 223 111 153 255 / 0.59577940 0.16787720
				-37.46713000 2.95635000 -9.97978900 / -0.86933540 -0.49422230 0.00057220 / 223 111 172 255 / 0.61195370 0.15475460
				-37.45015000 2.92655700 -9.92363700 / -0.86902710 -0.49476460 0.00019070 / 223 111 183 255 / 0.61724840 0.14813230
				-37.45015000 2.92655700 -9.92363700 / -0.86902710 -0.49476460 0.00019070 / 223 111 183 255 / 0.61724840 0.14813230
				-37.55172000 3.10494300 -9.91780100 / -0.86852260 -0.49564810 0.00114430 / 223 111 185 255 / 0.56562810 0.14749150
				-37.55172000 3.10494300 -9.91780100 / -0.86852260 -0.49564810 0.00114430 / 223 111 185 255 / 0.56562810 0.14749150
				-35.80815000 0.35222880 -9.51493100 / 0.05417000 -0.09660060 0.99384810 / 242 10 255 255 / 0.55221560 0.02264400
				-35.80815000 0.35222880 -9.51493100 / 0.05417000 -0.09660060 0.99384810 / 242 10 255 255 / 0.55221560 0.02264400
				-35.80815000 0.35222880 -9.51493100 / 0.05417000 -0.09660060 0.99384810 / 242 10 255 255 / 0.55221560 0.02264400
				-36.89451000 1.95192100 -10.08772000 / 0.00572180 0.00309930 -0.99997870 / 122 3 141 255 / 0.39340210 0.00160220
				-37.56465000 3.12744300 -9.95148500 / -0.86743710 -0.49754130 0.00238410 / 222 112 176 255 / 0.55659480 0.15431210
				-37.56465000 3.12744300 -9.95148500 / -0.86743710 -0.49754130 0.00238410 / 222 112 176 255 / 0.55659480 0.15431210
				-37.56465000 3.12744300 -9.95148500 / -0.86743710 -0.49754130 0.00238410 / 222 112 176 255 / 0.55659480 0.15431210
				-37.53672000 3.07812100 -10.08821000 / -0.86822400 -0.49617230 0.00028610 / 222 112 142 255 / 0.56924440 0.17732240
				-37.53672000 3.07812100 -10.08821000 / -0.86822400 -0.49617230 0.00028610 / 222 112 142 255 / 0.56924440 0.17732240
				-37.53672000 3.07812100 -10.08821000 / -0.86822400 -0.49617230 0.00028610 / 222 112 142 255 / 0.56924440 0.17732240
				-37.53672000 3.07812100 -10.08821000 / -0.86822400 -0.49617230 0.00028610 / 222 112 142 255 / 0.56924440 0.17732240
				-37.58566000 3.16382900 -9.96515600 / -0.86817250 -0.49626200 0.00076290 / 223 112 173 255 / 0.53878780 0.15771480
				-37.58566000 3.16382900 -9.96515600 / -0.86817250 -0.49626200 0.00076290 / 223 112 173 255 / 0.53878780 0.15771480
				-37.58566000 3.16382900 -9.96515600 / -0.86817250 -0.49626200 0.00076290 / 223 112 173 255 / 0.53878780 0.15771480
				-37.63989000 3.25914500 -10.09113000 / -0.86900640 -0.49480050 -0.00057220 / 223 112 142 255 / 0.50302120 0.17755130
				-37.63989000 3.25914500 -10.09113000 / -0.86900640 -0.49480050 -0.00057220 / 223 112 142 255 / 0.50302120 0.17755130
				-37.63989000 3.25914500 -10.09113000 / -0.86900640 -0.49480050 -0.00057220 / 223 112 142 255 / 0.50302120 0.17755130
				-37.63989000 3.25914500 -10.09113000 / -0.86900640 -0.49480050 -0.00057220 / 223 112 142 255 / 0.50302120 0.17755130
				-37.63989000 3.25914500 -10.09113000 / -0.86900640 -0.49480050 -0.00057220 / 223 112 142 255 / 0.50302120 0.17755130
				-37.63989000 3.25914500 -10.09113000 / -0.86900640 -0.49480050 -0.00057220 / 223 112 142 255 / 0.50302120 0.17755130
				-37.59137000 3.17445200 -10.09993000 / -0.86852840 -0.49517470 -0.02145570 / 222 112 139 255 / 0.53439330 0.17958070
				-37.61806000 3.22076100 -9.95344500 / -0.86898610 -0.49483660 -0.00019070 / 223 112 176 255 / 0.51309200 0.15466310
				-37.61806000 3.22076100 -9.95344500 / -0.86898610 -0.49483660 -0.00019070 / 223 112 176 255 / 0.51309200 0.15466310
				-37.63787000 3.25550700 -9.90509800 / -0.86903450 -0.49474500 0.00257510 / 223 113 188 255 / 0.49574280 0.14163210
				-37.63787000 3.25550700 -9.90509800 / -0.86903450 -0.49474500 0.00257510 / 223 113 188 255 / 0.49574280 0.14163210
				-37.63787000 3.25550700 -9.90509800 / -0.86903450 -0.49474500 0.00257510 / 223 113 188 255 / 0.49574280 0.14163210
				-37.63787000 3.25550700 -9.90509800 / -0.86903450 -0.49474500 0.00257510 / 223 113 188 255 / 0.49574280 0.14163210
				-37.63787000 3.25550700 -9.90509800 / -0.86903450 -0.49474500 0.00257510 / 223 113 188 255 / 0.49574280 0.14163210
				-37.70874000 3.38028800 -10.02522000 / -0.86932520 -0.49424030 0.00047680 / 223 112 158 255 / 0.46084590 0.16409300
				-37.70874000 3.38028800 -10.02522000 / -0.86932520 -0.49424030 0.00047680 / 223 112 158 255 / 0.46084590 0.16409300
				-37.70874000 3.38028800 -10.02522000 / -0.86932520 -0.49424030 0.00047680 / 223 112 158 255 / 0.46084590 0.16409300
				-37.67956000 3.32865100 -10.06722000 / -0.86701150 -0.49818360 0.01020350 / 223 112 148 255 / 0.47764590 0.17247010
				-35.94034000 0.27868000 -9.51493900 / 0.05225980 -0.09424710 0.99417640 / 241 13 255 255 / 0.55221560 0.00160220
				-35.94034000 0.27868000 -9.51493900 / 0.05225980 -0.09424710 0.99417640 / 241 13 255 255 / 0.55221560 0.00160220
				-35.94034000 0.27868000 -9.51493900 / 0.05225980 -0.09424710 0.99417640 / 241 13 255 255 / 0.55221560 0.00160220
				-37.72775000 3.41371700 -9.96126500 / -0.86932460 -0.49424000 -0.00123970 / 223 113 171 255 / 0.44955440 0.15104670
				-37.72775000 3.41371700 -9.96126500 / -0.86932460 -0.49424000 -0.00123970 / 223 113 171 255 / 0.44955440 0.15104670
				-36.76197000 2.02516300 -10.08673000 / 0.00572180 0.00309930 -0.99997870 / 122 3 141 255 / 0.39340210 0.02264400
				-36.76197000 2.02516300 -10.08673000 / 0.00572180 0.00309930 -0.99997870 / 122 3 141 255 / 0.39340210 0.02264400
				-37.73582000 3.42761300 -9.89192200 / -0.86856320 -0.49557600 -0.00152580 / 224 113 185 255 / 0.44436650 0.13677980
				-37.73582000 3.42761300 -9.89192200 / -0.86856320 -0.49557600 -0.00152580 / 224 113 185 255 / 0.44436650 0.13677980
				-37.73582000 3.42761300 -9.89192200 / -0.86856320 -0.49557600 -0.00152580 / 224 113 185 255 / 0.44436650 0.13677980
				-37.63916000 3.25851900 -9.85627000 / -0.86853330 -0.49563040 0.00057220 / 223 112 202 255 / 0.49862670 0.11647030
				-37.63916000 3.25851900 -9.85627000 / -0.86853330 -0.49563040 0.00057220 / 223 112 202 255 / 0.49862670 0.11647030
				-37.63916000 3.25851900 -9.85627000 / -0.86853330 -0.49563040 0.00057220 / 223 112 202 255 / 0.49862670 0.11647030
				-37.63916000 3.25851900 -9.85627000 / -0.86853330 -0.49563040 0.00057220 / 223 112 202 255 / 0.49862670 0.11647030
				-37.63916000 3.25851900 -9.85627000 / -0.86853330 -0.49563040 0.00057220 / 223 112 202 255 / 0.49862670 0.11647030
				-37.63916000 3.25851900 -9.85627000 / -0.86853330 -0.49563040 0.00057220 / 223 112 202 255 / 0.49862670 0.11647030
				-37.73699000 3.42924500 -9.81477300 / -0.86822370 -0.49617210 -0.00095370 / 224 113 211 255 / 0.44328310 0.12107850
				-37.73699000 3.42924500 -9.81477300 / -0.86822370 -0.49617210 -0.00095370 / 224 113 211 255 / 0.44328310 0.12107850
				-37.73699000 3.42924500 -9.81477300 / -0.86822370 -0.49617210 -0.00095370 / 224 113 211 255 / 0.44328310 0.12107850
				-37.63060000 3.24293500 -9.74299700 / -0.86894070 -0.49490620 -0.00314700 / 224 113 224 255 / 0.49781800 0.10798650
				-37.63060000 3.24293500 -9.74299700 / -0.86894070 -0.49490620 -0.00314700 / 224 113 224 255 / 0.49781800 0.10798650
				-37.63060000 3.24293500 -9.74299700 / -0.86894070 -0.49490620 -0.00314700 / 224 113 224 255 / 0.49781800 0.10798650
				-37.63060000 3.24293500 -9.74299700 / -0.86894070 -0.49490620 -0.00314700 / 224 113 224 255 / 0.49781800 0.10798650
				-37.72370000 3.40643100 -9.70832800 / -0.86888140 -0.49501540 0.00219320 / 223 113 240 255 / 0.45196530 0.09896850
				-37.72370000 3.40643100 -9.70832800 / -0.86888140 -0.49501540 0.00219320 / 223 113 240 255 / 0.45196530 0.09896850
				-37.72370000 3.40643100 -9.70832800 / -0.86888140 -0.49501540 0.00219320 / 223 113 240 255 / 0.45196530 0.09896850
				-37.72370000 3.40643100 -9.70832800 / -0.86888140 -0.49501540 0.00219320 / 223 113 240 255 / 0.45196530 0.09896850
				-37.62612000 3.23465100 -9.70929700 / -0.86943550 -0.49401690 0.00543640 / 223 113 237 255 / 0.50392150 0.09585570
				-37.62612000 3.23465100 -9.70929700 / -0.86943550 -0.49401690 0.00543640 / 223 113 237 255 / 0.50392150 0.09585570
				-37.53468000 3.07448100 -9.74397300 / -0.86870660 -0.49532390 -0.00171680 / 219 112 228 255 / 0.58108520 0.10874940
				-37.53468000 3.07448100 -9.74397300 / -0.86870660 -0.49532390 -0.00171680 / 219 112 228 255 / 0.58108520 0.10874940
				-37.53468000 3.07448100 -9.74397300 / -0.86870660 -0.49532390 -0.00171680 / 219 112 228 255 / 0.58108520 0.10874940
				-37.53468000 3.07448100 -9.74397300 / -0.86870660 -0.49532390 -0.00171680 / 219 112 228 255 / 0.58108520 0.10874940
				-37.60959000 3.20655400 -9.66828900 / -0.87046270 -0.49223380 -0.00076290 / 223 113 247 255 / 0.51756290 0.08543400
				-37.60959000 3.20655400 -9.66828900 / -0.87046270 -0.49223380 -0.00076290 / 223 113 247 255 / 0.51756290 0.08543400
				-37.60959000 3.20655400 -9.66828900 / -0.87046270 -0.49223380 -0.00076290 / 223 113 247 255 / 0.51756290 0.08543400
				-37.60959000 3.20655400 -9.66828900 / -0.87046270 -0.49223380 -0.00076290 / 223 113 247 255 / 0.51756290 0.08543400
				-37.60959000 3.20655400 -9.66828900 / -0.87046270 -0.49223380 -0.00076290 / 223 113 247 255 / 0.51756290 0.08543400
				-35.84780000 0.42172190 -9.51835600 / -0.08583460 0.15462750 0.98423700 / 238 20 255 255 / 0.56187440 0.02264400
				-35.84780000 0.42172190 -9.51835600 / -0.08583460 0.15462750 0.98423700 / 238 20 255 255 / 0.56187440 0.02264400
				-35.84780000 0.42172190 -9.51835600 / -0.08583460 0.15462750 0.98423700 / 238 20 255 255 / 0.56187440 0.02264400
				-37.70147000 3.36772300 -9.62384800 / -0.86891380 -0.49496240 -0.00095360 / 222 112 255 255 / 0.46580500 0.08131410
				-37.70147000 3.36772300 -9.62384800 / -0.86891380 -0.49496240 -0.00095360 / 222 112 255 255 / 0.46580500 0.08131410
				-37.67266000 3.31639200 -9.56233200 / -0.86890730 -0.49495870 -0.00400510 / 223 112 255 255 / 0.48458860 0.06854250
				-37.67266000 3.31639200 -9.56233200 / -0.86890730 -0.49495870 -0.00400510 / 223 112 255 255 / 0.48458860 0.06854250
				-36.65636000 1.84016900 -10.08673000 / 0.00534040 0.00312320 -0.99998090 / 122 3 141 255 / 0.36532590 0.02264400
				-37.63663000 3.25318900 -9.52619100 / -0.86865630 -0.49541450 -0.00095370 / 224 113 255 255 / 0.50740050 0.06108090
				-37.63663000 3.25318900 -9.52619100 / -0.86865630 -0.49541450 -0.00095370 / 224 113 255 255 / 0.50740050 0.06108090
				-37.63663000 3.25318900 -9.52619100 / -0.86865630 -0.49541450 -0.00095370 / 224 113 255 255 / 0.50740050 0.06108090
				-37.63663000 3.25318900 -9.52619100 / -0.86865630 -0.49541450 -0.00095370 / 224 113 255 255 / 0.50740050 0.06108090
				-37.58929000 3.17011900 -9.65120700 / -0.86978570 -0.49342700 -0.00162130 / 223 114 252 255 / 0.53479010 0.08108520
				-37.58929000 3.17011900 -9.65120700 / -0.86978570 -0.49342700 -0.00162130 / 223 114 252 255 / 0.53479010 0.08108520
				-37.58929000 3.17011900 -9.65120700 / -0.86978570 -0.49342700 -0.00162130 / 223 114 252 255 / 0.53479010 0.08108520
				-37.55290000 3.10658300 -9.50764500 / -0.86783160 -0.49685740 0.00104900 / 223 113 255 255 / 0.55940250 0.05723570
				-37.55290000 3.10658300 -9.50764500 / -0.86783160 -0.49685740 0.00104900 / 223 113 255 255 / 0.55940250 0.05723570
				-37.55290000 3.10658300 -9.50764500 / -0.86783160 -0.49685740 0.00104900 / 223 113 255 255 / 0.55940250 0.05723570
				-37.55290000 3.10658300 -9.50764500 / -0.86783160 -0.49685740 0.00104900 / 223 113 255 255 / 0.55940250 0.05723570
				-37.59377000 3.17840600 -9.50765200 / -0.86900770 -0.49461050 0.01363790 / 225 113 255 255 / 0.53311160 0.05725100
				-37.56017000 3.11914900 -9.65656300 / -0.86670390 -0.49882200 -0.00104900 / 220 112 250 255 / 0.55833430 0.08248900
				-37.56017000 3.11914900 -9.65656300 / -0.86670390 -0.49882200 -0.00104900 / 220 112 250 255 / 0.55833430 0.08248900
				-37.56017000 3.11914900 -9.65656300 / -0.86670390 -0.49882200 -0.00104900 / 220 112 250 255 / 0.55833430 0.08248900
				-37.51207000 3.03546400 -9.53108200 / -0.86777030 -0.49696540 0.00038140 / 217 111 255 255 / 0.58531190 0.06205750
				-37.51207000 3.03546400 -9.53108200 / -0.86777030 -0.49696540 0.00038140 / 217 111 255 255 / 0.58531190 0.06205750
				-37.51207000 3.03546400 -9.53108200 / -0.86777030 -0.49696540 0.00038140 / 217 111 255 255 / 0.58531190 0.06205750
				-37.51207000 3.03546400 -9.53108200 / -0.86777030 -0.49696540 0.00038140 / 217 111 255 255 / 0.58531190 0.06205750
				-37.51207000 3.03546400 -9.53108200 / -0.86777030 -0.49696540 0.00038140 / 217 111 255 255 / 0.58531190 0.06205750
				-37.51207000 3.03546400 -9.53108200 / -0.86777030 -0.49696540 0.00038140 / 217 111 255 255 / 0.58531190 0.06205750
				-37.54242000 3.08873800 -9.69368000 / -0.87094210 -0.49138320 0.00152600 / 217 111 241 255 / 0.57347110 0.09216310
				-37.54242000 3.08873800 -9.69368000 / -0.87094210 -0.49138320 0.00152600 / 217 111 241 255 / 0.57347110 0.09216310
				-35.98000000 0.34817780 -9.51834800 / -0.08697400 0.15617110 0.98389330 / 234 27 255 255 / 0.56187440 0.00160220
				-35.98000000 0.34817780 -9.51834800 / -0.08697400 0.15617110 0.98389330 / 234 27 255 255 / 0.56187440 0.00160220
				-35.98000000 0.34817780 -9.51834800 / -0.08697400 0.15617110 0.98389330 / 234 27 255 255 / 0.56187440 0.00160220
				-37.45342000 2.93253500 -9.64189200 / -0.86903720 -0.49474650 -0.00047690 / 217 111 250 255 / 0.61967470 0.08456420
				-37.45342000 2.93253500 -9.64189200 / -0.86903720 -0.49474650 -0.00047690 / 217 111 250 255 / 0.61967470 0.08456420
				-37.45342000 2.93253500 -9.64189200 / -0.86903720 -0.49474650 -0.00047690 / 217 111 250 255 / 0.61967470 0.08456420
				-37.47525000 2.97092500 -9.57988700 / -0.86814060 -0.49631540 0.00171640 / 216 111 255 255 / 0.60697930 0.07199100
				-37.43844000 2.90639700 -9.79814100 / -0.86862520 -0.49546830 0.00123980 / 219 111 215 255 / 0.62858580 0.11660770
				-37.43844000 2.90639700 -9.79814100 / -0.86862520 -0.49546830 0.00123980 / 219 111 215 255 / 0.62858580 0.11660770
				-37.43844000 2.90639700 -9.79814100 / -0.86862520 -0.49546830 0.00123980 / 219 111 215 255 / 0.62858580 0.11660770
				-37.43844000 2.90639700 -9.79814100 / -0.86862520 -0.49546830 0.00123980 / 219 111 215 255 / 0.62858580 0.11660770
				-37.43844000 2.90639700 -9.79814100 / -0.86862520 -0.49546830 0.00123980 / 219 111 215 255 / 0.62858580 0.11660770
				-36.72741000 1.65904900 -9.52812200 / 0.48104480 -0.85007790 -0.21439110 / 123 17 255 255 / 0.48107910 0.00160220
				-36.72741000 1.65904900 -9.52812200 / 0.48104480 -0.85007790 -0.21439110 / 123 17 255 255 / 0.48107910 0.00160220
				-37.43924000 2.90770300 -9.72294600 / -0.86939670 -0.49411410 -0.00076300 / 217 111 232 255 / 0.62809750 0.10112000
				-37.44325000 2.91431900 -9.86308300 / -0.86902010 -0.49476070 0.00400560 / 221 111 199 255 / 0.62648010 0.12719730
				-37.02357000 2.17794900 -9.72834800 / -0.86832570 -0.49599190 -0.00162140 / 220 109 233 255 / 0.93003850 0.10115050
				-37.02357000 2.17794900 -9.72834800 / -0.86832570 -0.49599190 -0.00162140 / 220 109 233 255 / 0.93003850 0.10115050
				-37.02357000 2.17794900 -9.72834800 / -0.86832570 -0.49599190 -0.00162140 / 220 109 233 255 / 0.93003850 0.10115050
				-37.02357000 2.17794900 -9.72834800 / -0.86832570 -0.49599190 -0.00162140 / 220 109 233 255 / 0.93003850 0.10115050
				-37.05885000 2.24052200 -10.08578000 / -0.86903690 -0.49474640 -0.00085840 / 221 109 143 255 / 0.90773010 0.17549130
				-36.95805000 2.06344600 -10.08576000 / -0.86900630 -0.49480040 -0.00076300 / 220 109 143 255 / 0.96028140 0.17590330
				-36.95805000 2.06344600 -10.08576000 / -0.86900630 -0.49480040 -0.00076300 / 220 109 143 255 / 0.96028140 0.17590330
				-36.91632000 1.98963400 -9.71712500 / -0.86888350 -0.49501660 0.00009540 / 219 109 236 255 / 0.98657230 0.09895320
				-36.91632000 1.98963400 -9.71712500 / -0.86888350 -0.49501660 0.00009540 / 219 109 236 255 / 0.98657230 0.09895320
				-36.91632000 1.98963400 -9.71712500 / -0.86888350 -0.49501660 0.00009540 / 219 109 236 255 / 0.98657230 0.09895320
				-35.87945000 0.47802770 -9.53935300 / -0.21590280 0.38707120 0.89641620 / 228 30 255 255 / 0.56541440 0.02264400
				-35.87945000 0.47802770 -9.53935300 / -0.21590280 0.38707120 0.89641620 / 228 30 255 255 / 0.56541440 0.02264400
				-35.87945000 0.47802770 -9.53935300 / -0.21590280 0.38707120 0.89641620 / 228 30 255 255 / 0.56541440 0.02264400
				-36.92320000 2.00188600 -9.57453900 / -0.86856940 -0.49556760 0.00028610 / 219 109 255 255 / 0.98309330 0.07052610
				-36.92320000 2.00188600 -9.57453900 / -0.86856940 -0.49556760 0.00028610 / 219 109 255 255 / 0.98309330 0.07052610
				-36.92320000 2.00188600 -9.57453900 / -0.86856940 -0.49556760 0.00028610 / 219 109 255 255 / 0.98309330 0.07052610
				-36.92320000 2.00188600 -9.57453900 / -0.86856940 -0.49556760 0.00028610 / 219 109 255 255 / 0.98309330 0.07052610
				-36.92320000 2.00188600 -9.57453900 / -0.86856940 -0.49556760 0.00028610 / 219 109 255 255 / 0.98309330 0.07052610
				-36.91392000 1.98566700 -9.63849600 / -0.86603370 -0.49998430 0.00114450 / 218 109 255 255 / 0.98849490 0.08276370
				-37.02881000 2.18686600 -9.70002800 / -0.86942600 -0.49405930 -0.00190750 / 220 109 240 255 / 0.92442320 0.09271240
				-37.02881000 2.18686600 -9.70002800 / -0.86942600 -0.49405930 -0.00190750 / 220 109 240 255 / 0.92442320 0.09271240
				-37.02881000 2.18686600 -9.70002800 / -0.86942600 -0.49405930 -0.00190750 / 220 109 240 255 / 0.92442320 0.09271240
				-37.02881000 2.18686600 -9.70002800 / -0.86942600 -0.49405930 -0.00190750 / 220 109 240 255 / 0.92442320 0.09271240
				-37.02881000 2.18686600 -9.70002800 / -0.86942600 -0.49405930 -0.00190750 / 220 109 240 255 / 0.92442320 0.09271240
				-36.94586000 2.04159800 -9.53205900 / -0.86896510 -0.49487240 -0.00095360 / 218 108 255 255 / 0.97076420 0.06256100
				-36.78813000 1.76561500 -10.08768000 / 0.48217770 -0.84950920 -0.21409990 / 123 17 141 255 / 0.36532590 0.00160220
				-36.98188000 2.10480600 -9.51253500 / -0.86859520 -0.49552260 0.00038150 / 219 109 255 255 / 0.94937130 0.05851750
				-36.98188000 2.10480600 -9.51253500 / -0.86859520 -0.49552260 0.00038150 / 219 109 255 255 / 0.94937130 0.05851750
				-36.98188000 2.10480600 -9.51253500 / -0.86859520 -0.49552260 0.00038150 / 219 109 255 255 / 0.94937130 0.05851750
				-37.02154000 2.17429700 -9.51643400 / -0.86938660 -0.49413220 0.00057220 / 220 109 255 255 / 0.92446900 0.05921940
				-37.02154000 2.17429700 -9.51643400 / -0.86938660 -0.49413220 0.00057220 / 220 109 255 255 / 0.92446900 0.05921940
				-37.05355000 2.23091300 -9.53743000 / -0.86985850 -0.49330130 0.00000000 / 221 109 255 255 / 0.90467840 0.06352230
				-37.05355000 2.23091300 -9.53743000 / -0.86985850 -0.49330130 0.00000000 / 221 109 255 255 / 0.90467840 0.06352230
				-37.05355000 2.23091300 -9.53743000 / -0.86985850 -0.49330130 0.00000000 / 221 109 255 255 / 0.90467840 0.06352230
				-37.04833000 2.22199800 -9.68049600 / -0.87132040 -0.49071380 -0.00085830 / 221 109 245 255 / 0.90592950 0.08706670
				-37.04833000 2.22199800 -9.68049600 / -0.87132040 -0.49071380 -0.00085830 / 221 109 245 255 / 0.90592950 0.08706670
				-37.04833000 2.22199800 -9.68049600 / -0.87132040 -0.49071380 -0.00085830 / 221 109 245 255 / 0.90592950 0.08706670
				-37.07985000 2.27690900 -9.57404400 / -0.86738800 -0.49763240 -0.00019070 / 221 109 255 255 / 0.88813780 0.07092290
				-37.07985000 2.27690900 -9.57404400 / -0.86738800 -0.49763240 -0.00019070 / 221 109 255 255 / 0.88813780 0.07092290
				-37.07985000 2.27690900 -9.57404400 / -0.86738800 -0.49763240 -0.00019070 / 221 109 255 255 / 0.88813780 0.07092290
				-36.01195000 0.40409790 -9.53935300 / -0.21858150 0.38967010 0.89463910 / 220 31 255 255 / 0.56541440 0.00160220
				-36.01195000 0.40409790 -9.53935300 / -0.21858150 0.38967010 0.89463910 / 220 31 255 255 / 0.56541440 0.00160220
				-36.01195000 0.40409790 -9.53935300 / -0.21858150 0.38967010 0.89463910 / 220 31 255 255 / 0.56541440 0.00160220
				-37.06127000 2.24448900 -9.68392200 / -0.86680730 -0.49864310 0.00028610 / 221 109 244 255 / 0.89425660 0.08775330
				-37.06127000 2.24448900 -9.68392200 / -0.86680730 -0.49864310 0.00028610 / 221 109 244 255 / 0.89425660 0.08775330
				-37.06127000 2.24448900 -9.68392200 / -0.86680730 -0.49864310 0.00028610 / 221 109 244 255 / 0.89425660 0.08775330
				-37.09721000 2.30701700 -9.61066400 / -0.86868480 -0.49535920 0.00247980 / 222 109 255 255 / 0.87277220 0.07714840
				-37.09721000 2.30701700 -9.61066400 / -0.86868480 -0.49535920 0.00247980 / 222 109 255 255 / 0.87277220 0.07714840
				-37.09721000 2.30701700 -9.61066400 / -0.86868480 -0.49535920 0.00247980 / 222 109 255 255 / 0.87277220 0.07714840
				-37.09721000 2.30701700 -9.61066400 / -0.86868480 -0.49535920 0.00247980 / 222 109 255 255 / 0.87277220 0.07714840
				-37.08064000 2.27822600 -9.69709700 / -0.86792450 -0.49669610 -0.00028610 / 222 109 243 255 / 0.87928770 0.09127810
				-37.08064000 2.27822600 -9.69709700 / -0.86792450 -0.49669610 -0.00028610 / 222 109 243 255 / 0.87928770 0.09127810
				-37.08064000 2.27822600 -9.69709700 / -0.86792450 -0.49669610 -0.00028610 / 222 109 243 255 / 0.87928770 0.09127810
				-37.19881000 2.48539500 -9.72443400 / -0.86820270 -0.49620780 -0.00133510 / 222 109 234 255 / 0.81086730 0.10002140
				-37.19881000 2.48539500 -9.72443400 / -0.86820270 -0.49620780 -0.00133510 / 222 109 234 255 / 0.81086730 0.10002140
				-37.19881000 2.48539500 -9.72443400 / -0.86820270 -0.49620780 -0.00133510 / 222 109 234 255 / 0.81086730 0.10002140
				-37.19881000 2.48539500 -9.72443400 / -0.86820270 -0.49620780 -0.00133510 / 222 109 234 255 / 0.81086730 0.10002140
				-37.19881000 2.48539500 -9.72443400 / -0.86820270 -0.49620780 -0.00133510 / 222 109 234 255 / 0.81086730 0.10002140
				-37.19881000 2.48539500 -9.72443400 / -0.86820270 -0.49620780 -0.00133510 / 222 109 234 255 / 0.81086730 0.10002140
				-37.09277000 2.29940700 -9.73175800 / -0.86865630 -0.49541450 0.00076300 / 222 109 232 255 / 0.86724850 0.10110470
				-37.09277000 2.29940700 -9.73175800 / -0.86865630 -0.49541450 0.00076300 / 222 109 232 255 / 0.86724850 0.10110470
				-36.65636000 1.84016900 -10.08673000 / 0.48216790 -0.84949190 -0.21419090 / 123 17 141 255 / 0.36532590 0.02264400
				-36.65636000 1.84016900 -10.08673000 / 0.48216790 -0.84949190 -0.21419090 / 123 17 141 255 / 0.36532590 0.02264400
				-37.13367000 2.37121900 -10.08576000 / -0.86897580 -0.49485460 -0.00028610 / 222 109 143 255 / 0.84065240 0.17584230
				-37.13367000 2.37121900 -10.08576000 / -0.86897580 -0.49485460 -0.00028610 / 222 109 143 255 / 0.84065240 0.17584230
				-37.23445000 2.54828800 -10.08575000 / -0.86904750 -0.49472850 -0.00038150 / 222 109 143 255 / 0.78804020 0.17543030
				-37.10090000 2.31398300 -9.58528900 / -0.86860500 -0.49550450 0.00066760 / 224 110 255 255 / 0.86216730 0.07266240
				-37.10090000 2.31398300 -9.58528900 / -0.86860500 -0.49550450 0.00066760 / 224 110 255 255 / 0.86216730 0.07266240
				-37.10090000 2.31398300 -9.58528900 / -0.86860500 -0.49550450 0.00066760 / 224 110 255 255 / 0.86216730 0.07266240
				-37.20484000 2.49564700 -9.69464900 / -0.86819220 -0.49622560 -0.00152580 / 224 110 241 255 / 0.80421450 0.09140010
				-37.20484000 2.49564700 -9.69464900 / -0.86819220 -0.49622560 -0.00152580 / 224 110 241 255 / 0.80421450 0.09140010
				-37.20484000 2.49564700 -9.69464900 / -0.86819220 -0.49622560 -0.00152580 / 224 110 241 255 / 0.80421450 0.09140010
				-37.20484000 2.49564700 -9.69464900 / -0.86819220 -0.49622560 -0.00152580 / 224 110 241 255 / 0.80421450 0.09140010
				-37.20484000 2.49564700 -9.69464900 / -0.86819220 -0.49622560 -0.00152580 / 224 110 241 255 / 0.80421450 0.09140010
				-37.20484000 2.49564700 -9.69464900 / -0.86819220 -0.49622560 -0.00152580 / 224 110 241 255 / 0.80421450 0.09140010
				-37.40216000 3.14839200 -9.74445300 / 0.00267020 0.00164500 0.99999510 / 107 8 228 255 / 0.64425660 0.02264400
				-37.11137000 2.33182800 -9.55403900 / -0.86738740 -0.49763200 -0.00123970 / 225 110 255 255 / 0.85609440 0.06681820
				-37.11137000 2.33182800 -9.55403900 / -0.86738740 -0.49763200 -0.00123970 / 225 110 255 255 / 0.85609440 0.06681820
				-37.11137000 2.33182800 -9.55403900 / -0.86738740 -0.49763200 -0.00123970 / 225 110 255 255 / 0.85609440 0.06681820
				-37.13206000 2.36858600 -9.52472700 / -0.86554450 -0.50055380 0.01668910 / 225 110 255 255 / 0.84445190 0.06115720
				-37.16358000 2.42350500 -9.51203200 / -0.86817210 -0.49626180 0.00123970 / 225 110 255 255 / 0.82542420 0.05848690
				-37.16358000 2.42350500 -9.51203200 / -0.86817210 -0.49626180 0.00123970 / 225 110 255 255 / 0.82542420 0.05848690
				-37.16358000 2.42350500 -9.51203200 / -0.86817210 -0.49626180 0.00123970 / 225 110 255 255 / 0.82542420 0.05848690
				-37.19431000 2.47710000 -9.51642600 / -0.86932300 -0.49423910 0.00228870 / 224 110 255 255 / 0.80662540 0.05928040
				-37.19431000 2.47710000 -9.51642600 / -0.86932300 -0.49423910 0.00228870 / 224 110 255 255 / 0.80662540 0.05928040
				-37.19431000 2.47710000 -9.51642600 / -0.86932300 -0.49423910 0.00228870 / 224 110 255 255 / 0.80662540 0.05928040
				-37.24374000 2.56451500 -9.56866500 / -0.87092030 -0.49141860 0.00238430 / 223 110 255 255 / 0.77561950 0.06982420
				-37.24374000 2.56451500 -9.56866500 / -0.87092030 -0.49141860 0.00238430 / 223 110 255 255 / 0.77561950 0.06982420
				-37.24374000 2.56451500 -9.56866500 / -0.87092030 -0.49141860 0.00238430 / 223 110 255 255 / 0.77561950 0.06982420
				-37.24374000 2.56451500 -9.56866500 / -0.87092030 -0.49141860 0.00238430 / 223 110 255 255 / 0.77561950 0.06982420
				-37.24374000 2.56451500 -9.56866500 / -0.87092030 -0.49141860 0.00238430 / 223 110 255 255 / 0.77561950 0.06982420
				-37.24374000 2.56451500 -9.56866500 / -0.87092030 -0.49141860 0.00238430 / 223 110 255 255 / 0.77561950 0.06982420
				-37.21910000 2.52184200 -9.53595000 / -0.88419260 -0.46300440 0.06188970 / 223 110 255 255 / 0.79187010 0.06314090
				-36.59564000 1.73359900 -9.52811400 / 0.48103000 -0.85006370 -0.21447990 / 122 17 255 255 / 0.48107910 0.02264400
				-37.22589000 2.53271900 -9.67511000 / -0.87060550 -0.49198080 0.00095380 / 223 110 246 255 / 0.78463750 0.08613590
				-37.22589000 2.53271900 -9.67511000 / -0.87060550 -0.49198080 0.00095380 / 223 110 246 255 / 0.78463750 0.08613590
				-37.24419000 2.56550800 -9.68242700 / -0.86926340 -0.49434830 -0.00095360 / 223 110 245 255 / 0.76918030 0.08807370
				-37.24419000 2.56550800 -9.68242700 / -0.86926340 -0.49434830 -0.00095360 / 223 110 245 255 / 0.76918030 0.08807370
				-37.25790000 2.58932800 -9.69609100 / -0.87317020 -0.48741510 0.00057220 / 223 110 241 255 / 0.75837710 0.09165950
				-37.25790000 2.58932800 -9.69609100 / -0.87317020 -0.48741510 0.00057220 / 223 110 241 255 / 0.75837710 0.09165950
				-37.25790000 2.58932800 -9.69609100 / -0.87317020 -0.48741510 0.00057220 / 223 110 241 255 / 0.75837710 0.09165950
				-35.90575000 0.52401840 -9.57597300 / -0.31814630 0.56738960 0.75950770 / 211 26 255 255 / 0.56370550 0.02264400
				-35.90575000 0.52401840 -9.57597300 / -0.31814630 0.56738960 0.75950770 / 211 26 255 255 / 0.56370550 0.02264400
				-35.90575000 0.52401840 -9.57597300 / -0.31814630 0.56738960 0.75950770 / 211 26 255 255 / 0.56370550 0.02264400
				-37.25630000 2.58667900 -9.58525100 / -0.86563380 -0.50067700 -0.00085840 / 223 110 255 255 / 0.75772090 0.07704160
				-37.25630000 2.58667900 -9.58525100 / -0.86563380 -0.50067700 -0.00085840 / 223 110 255 255 / 0.75772090 0.07704160
				-37.25630000 2.58667900 -9.58525100 / -0.86563380 -0.50067700 -0.00085840 / 223 110 255 255 / 0.75772090 0.07704160
				-37.26321000 2.59893900 -9.70879400 / -0.86862550 -0.49546840 -0.00095370 / 224 110 240 255 / 0.75497440 0.09590150
				-37.26321000 2.59893900 -9.70879400 / -0.86862550 -0.49546840 -0.00095370 / 224 110 240 255 / 0.75497440 0.09590150
				-37.26321000 2.59893900 -9.70879400 / -0.86862550 -0.49546840 -0.00095370 / 224 110 240 255 / 0.75497440 0.09590150
				-37.26321000 2.59893900 -9.70879400 / -0.86862550 -0.49546840 -0.00095370 / 224 110 240 255 / 0.75497440 0.09590150
				-37.26033000 2.59328400 -9.52470400 / -0.86783220 -0.49685770 -0.00038150 / 224 110 255 255 / 0.75309750 0.06184390
				-37.26033000 2.59328400 -9.52470400 / -0.86783220 -0.49685770 -0.00038150 / 224 110 255 255 / 0.75309750 0.06184390
				-37.26033000 2.59328400 -9.52470400 / -0.86783220 -0.49685770 -0.00038150 / 224 110 255 255 / 0.75309750 0.06184390
				-37.41529000 2.86498300 -10.08575000 / -0.86859490 -0.49552260 0.00047680 / 224 111 143 255 / 0.66560370 0.17520140
				-37.41529000 2.86498300 -10.08575000 / -0.86859490 -0.49552260 0.00047680 / 224 111 143 255 / 0.66560370 0.17520140
				-37.41529000 2.86498300 -10.08575000 / -0.86859490 -0.49552260 0.00047680 / 224 111 143 255 / 0.66560370 0.17520140
				-37.35341000 2.75679100 -9.52618400 / -0.86901670 -0.49478250 0.00047690 / 224 111 255 255 / 0.70420840 0.06140140
				-37.31415000 2.68759800 -10.08575000 / -0.86867680 -0.49537850 0.00085840 / 224 110 143 255 / 0.71820070 0.17597960
				-34.99585000 -1.37803500 -10.03889000 / -0.86864640 -0.49543270 0.00019070 / 218 98 153 255 / 0.46728520 0.16700740
				-34.99585000 -1.37803500 -10.03889000 / -0.86864640 -0.49543270 0.00019070 / 218 98 153 255 / 0.46728520 0.16700740
				-34.99585000 -1.37803500 -10.03889000 / -0.86864640 -0.49543270 0.00019070 / 218 98 153 255 / 0.46728520 0.16700740
				-34.99585000 -1.37803500 -10.03889000 / -0.86864640 -0.49543270 0.00019070 / 218 98 153 255 / 0.46728520 0.16700740
				-36.70131000 1.91928100 -9.52813700 / 0.00000000 0.00009540 1.00000000 / 145 20 255 255 / 0.50914000 0.02264400
				-36.70131000 1.91928100 -9.52813700 / 0.00000000 0.00009540 1.00000000 / 145 20 255 255 / 0.50914000 0.02264400
				-34.96830000 -1.42634700 -9.97590600 / -0.86325930 -0.50466870 -0.00963200 / 217 98 172 255 / 0.48345950 0.15388490
				-34.95170000 -1.45582000 -9.91976200 / -0.86888270 -0.49501620 -0.00133500 / 217 98 183 255 / 0.48875430 0.14727780
				-34.95170000 -1.45582000 -9.91976200 / -0.86888270 -0.49501620 -0.00133500 / 217 98 183 255 / 0.48875430 0.14727780
			}
		}
	}
}
